feature,importance
macd,0.16931634658135197
stochastic_oscillator,0.1613626002700106
rsi,0.15020691422179525
ma7,0.14900007608578716
bollinger_upper,0.1322406688224007
bollinger_lower,0.1206048830977132
ma21,0.11726851092094111
mean_sentiment_score,0.0
positive,0.0
negative,0.0
neutral,0.0
