,Open,Close,sma200,rsi,atr,prob_up,cash,holdings,borrowed_margin,total,signal,stop_loss,benchmark
2016-09-12 00:00:00+00:00,67.99,69.42,,,,0.99,10000.0,0.0,0.0,10000.0,0,0.0,10000.0
2016-09-13 00:00:00+00:00,69.25,68.31,,,,0.8986191776499745,10000.0,0.0,0.0,10000.0,0,0.0,9840.104
2016-09-14 00:00:00+00:00,68.6,67.75,,,,0.99,10000.0,0.0,0.0,10000.0,0,0.0,9759.435
2016-09-15 00:00:00+00:00,67.44,68.15,,,,0.99,10000.0,0.0,0.0,10000.0,0,0.0,9817.056
2016-09-16 00:00:00+00:00,68.4,68.94,,,,0.8165976361481693,10000.0,0.0,0.0,10000.0,0,0.0,9930.855
2016-09-19 00:00:00+00:00,69.16,69.4,,,,0.5621621621621622,10000.0,0.0,0.0,10000.0,0,0.0,9997.119
2016-09-20 00:00:00+00:00,69.84,69.62,,,,0.5621621621621622,10000.0,0.0,0.0,10000.0,0,0.0,10028.81
2016-09-21 00:00:00+00:00,69.59,69.74,,,,0.5621621621621622,10000.0,0.0,0.0,10000.0,0,0.0,10046.095
2016-09-22 00:00:00+00:00,69.98,69.41,,,,0.5621621621621622,10000.0,0.0,0.0,10000.0,0,0.0,9998.559
2016-09-23 00:00:00+00:00,69.56,70.3,,,,0.99,10000.0,0.0,0.0,10000.0,0,0.0,10126.764
2016-09-26 00:00:00+00:00,69.16,66.59,,,,0.5621621621621622,10000.0,0.0,0.0,10000.0,0,0.0,9592.335
2016-09-27 00:00:00+00:00,67.13,66.91,,,,0.99,10000.0,0.0,0.0,10000.0,0,0.0,9638.433
2016-09-28 00:00:00+00:00,67.2,66.31,,,,0.5621621621621622,10000.0,0.0,0.0,10000.0,0,0.0,9552.001
2016-09-29 00:00:00+00:00,66.29,65.27,,33.648804,,0.99,10000.0,0.0,0.0,10000.0,0,0.0,9402.188
2016-09-30 00:00:00+00:00,65.5,64.85,,30.331766,1.5792863,0.99,-5015.0,14992.503748125939,5000.0,4977.503748125939,1,,9341.687
2016-10-03 00:00:00+00:00,64.91,65.76,,29.170483,1.504286,0.99,-5015.992063492064,15202.885803611563,5000.0,5186.8937401195,0,,9472.774
2016-10-04 00:00:00+00:00,66.76,66.84,,38.161594,1.500715,0.5621621621621622,-5016.984126984127,15452.56622393779,5000.0,5435.5820969536635,0,,9628.348
2016-10-05 00:00:00+00:00,66.99,67.41,,45.96987,1.5392865,0.5621621621621622,-5017.976190476191,15584.34561838894,5000.0,5566.3694279127485,0,,9710.459
2016-10-06 00:00:00+00:00,67.05,67.56,,46.771393,1.509286,0.5621621621621622,-5018.968253968254,15619.021432417587,5000.0,5600.053178449332,0,,9732.064
2016-10-07 00:00:00+00:00,67.23,67.85,,43.622902,1.471429,0.5621621621621622,-5019.960317460318,15686.065896020904,5000.0,5666.105578560586,0,,9773.839
2016-10-10 00:00:00+00:00,68.01,66.89,,42.722996,1.4821428,0.5621621621621622,-5020.952380952382,15464.126394838726,5000.0,5443.174013886344,0,,9635.551
2016-10-11 00:00:00+00:00,67.35,67.1,,38.015797,1.5699997,0.99,-5021.944444444445,15512.675955473156,5000.0,5490.731511028711,0,,9665.802
2016-10-12 00:00:00+00:00,66.85,66.81,,38.501755,1.6050001,0.5621621621621622,-5022.936507936509,15445.631212559232,5000.0,5422.694704622723,0,,9624.026
2016-10-13 00:00:00+00:00,66.22,65.89,,38.636356,1.6457144,0.99,-5023.9285714285725,15232.939590315402,5000.0,5209.011018886829,0,,9491.5
2016-10-14 00:00:00+00:00,66.19,66.09,,30.77595,1.5035712,0.99,-5024.920634920636,15279.176237426414,5000.0,5254.255602505778,0,,9520.311
2016-10-17 00:00:00+00:00,65.94,64.58,,46.8593,1.2514284,0.5621621621621622,-5025.9126984127,14930.084750675704,5000.0,4904.172052263004,0,,9302.794
2016-10-18 00:00:00+00:00,65.21,65.01,,37.267742,1.2949998,0.5621621621621622,-5026.904761904763,15029.495747559691,5000.0,5002.590985654928,0,,9364.736
2016-10-19 00:00:00+00:00,64.97,64.85,,42.761707,1.2378567,0.5621621621621622,-5027.896825396827,14992.505227892529,5000.0,4964.608402495702,0,,9341.688
2016-10-20 00:00:00+00:00,65.2,63.78,,47.407417,1.1514282,0.8105620413767803,-5028.8888888888905,14745.134310561862,5000.0,4716.245421672971,0,,9187.554
2016-10-21 00:00:00+00:00,63.68,63.92,,43.88571,1.1828567,0.5621621621621622,-5029.880952380954,14777.499889935743,5000.0,4747.618937554789,0,,9207.72
2016-10-24 00:00:00+00:00,64.15,64.33,,38.471134,1.1728567,0.5621621621621622,-5030.873015873018,14872.287122403606,5000.0,4841.4141065305885,0,,9266.781
2016-10-25 00:00:00+00:00,64.52,63.92,,32.831768,1.098571,0.5621621621621622,-5031.865079365081,14777.499120049015,5000.0,4745.634040683934,0,,9207.72
2016-10-26 00:00:00+00:00,63.77,63.51,,25.594347,1.0814283,0.5621621621621622,-5032.857142857145,14682.711892519432,5000.0,4649.854749662287,0,,9148.658
2016-10-27 00:00:00+00:00,62.67,62.16,,22.67207,1.0685709,0.5621621621621622,-5033.8492063492085,14370.609607732858,5000.0,4336.76040138365,0,,8954.19
2016-10-28 00:00:00+00:00,62.07,63.24,,16.41086,1.1249992,0.5621621621621622,-5034.841269841272,14620.29198758752,5000.0,4585.450717746247,0,,9109.766
2016-10-31 00:00:00+00:00,62.98,63.21,,28.75438,1.1214278,0.5621621621621622,-5035.833333333336,14613.355346596476,5000.0,4577.52201326314,0,,9105.443
2016-11-01 00:00:00+00:00,63.01,63.11,,26.872784,1.0985705,0.5621621621621622,-5036.825396825399,14590.236631452713,5000.0,4553.411234627314,0,,9091.038
2016-11-02 00:00:00+00:00,62.8,62.9,,27.493938,1.0621417,0.5621621621621622,-5037.817460317463,14541.687781024402,5000.0,4503.870320706939,0,,9060.787
2016-11-03 00:00:00+00:00,62.74,62.99,,30.09323,1.0292848,0.5621621621621622,-5038.809523809527,14562.495032768153,5000.0,4523.685508958626,0,,9073.752
2016-11-04 00:00:00+00:00,63.22,63.4,,29.054106,1.027856,0.5621621621621622,-5039.80158730159,14657.281532659932,5000.0,4617.479945358342,0,,9132.8125
2016-11-07 00:00:00+00:00,63.92,63.7,,40.634933,1.0164272,0.5621621621621622,-5040.793650793654,14726.638228449914,5000.0,4685.84457765626,0,,9176.028
2016-11-08 00:00:00+00:00,63.4,63.59,,39.38412,1.0549986,0.5621621621621622,-5041.785714285717,14701.207301009114,5000.0,4659.421586723396,0,,9160.183
2016-11-09 00:00:00+00:00,63.86,66.19,,39.705906,1.0821416,0.5621621621621622,-5042.777777777781,15302.29553711892,5000.0,5259.517759341139,0,,9534.715
2016-11-10 00:00:00+00:00,66.51,67.64,,65.75164,1.1678562,0.5621621621621622,-5043.769841269845,15637.517023410113,5000.0,5593.747182140269,0,,9743.588
2016-11-11 00:00:00+00:00,67.4,67.94,,70.75892,1.3078562,0.5621621621621622,-5044.761904761908,15706.874115596684,5000.0,5662.112210834775,0,,9786.804
2016-11-14 00:00:00+00:00,68.09,68.77,,70.39547,1.3542849,0.5621621621621622,-5045.753968253972,15898.75821118994,5000.0,5853.004242935967,0,,9906.364
2016-11-15 00:00:00+00:00,68.43,68.53,,76.15965,1.3757131,0.99,-5046.746031746035,15843.273898818616,5000.0,5796.52786707258,0,,9871.793
2016-11-16 00:00:00+00:00,68.2,68.6,,77.582436,1.38357,0.5621621621621622,-5047.738095238099,15859.457872850895,5000.0,5811.719777612796,0,,9881.877
2016-11-17 00:00:00+00:00,68.46,68.87,,91.17648,1.2985706,0.5621621621621622,-5048.730158730163,15921.879638248434,5000.0,5873.149479518272,0,,9920.771
2016-11-18 00:00:00+00:00,68.75,68.68,,90.15694,1.2171423,0.5621621621621622,-5049.722222222226,15877.953392026417,5000.0,5828.23116980419,0,,9893.401
2016-11-21 00:00:00+00:00,68.83,68.46,,88.145065,1.2128571,0.5621621621621622,-5050.71428571429,15827.091975496149,5000.0,5776.377689781859,0,,9861.71
2016-11-22 00:00:00+00:00,68.71,68.26,,86.694084,1.1971427,0.5621621621621622,-5051.7063492063535,15780.855613521491,5000.0,5729.149264315138,0,,9832.9
2016-11-23 00:00:00+00:00,68.09,67.94,,86.813194,1.1914285,0.5621621621621622,-5052.698412698417,15706.875516057224,5000.0,5654.177103358807,0,,9786.805
2016-11-25 00:00:00+00:00,68.23,68.43,,82.95607,1.1850003,0.5621621621621622,-5053.690476190481,15820.156047072795,5000.0,5766.465570882314,0,,9857.388
2016-11-28 00:00:00+00:00,68.4,68.63,,83.13571,1.1407149,0.5621621621621622,-5054.682539682544,15866.39289182774,5000.0,5811.710352145195,0,,9886.198
2016-11-29 00:00:00+00:00,68.58,68.8,,82.91055,1.105715,0.5621621621621622,-5055.674603174608,15905.696629026113,5000.0,5850.0220258515055,0,,9910.6875
2016-11-30 00:00:00+00:00,68.83,68.9,,84.503334,1.1078581,0.5621621621621622,-5056.6666666666715,15928.815859177017,5000.0,5872.1491925103455,0,,9925.093
2016-12-01 00:00:00+00:00,69.22,69.48,,76.831696,1.0078577,0.5621621621621622,-5057.658730158735,16062.90405734956,5000.0,6005.245327190825,0,,10008.643
2016-12-02 00:00:00+00:00,70.16,72.06,,72.00961,0.8642861,0.99,-5058.650793650799,16659.365612536785,5000.0,6600.7148188859865,0,,10380.292
2016-12-05 00:00:00+00:00,71.92,72.64,,81.88855,0.97285736,0.5621621621621622,-5059.642857142862,16793.45504749344,5000.0,6733.812190350578,0,,10463.842
2016-12-06 00:00:00+00:00,73.01,73.55,,81.15945,0.976429,0.5621621621621622,-5060.634920634926,17003.836483541712,5000.0,6943.201562906786,0,,10594.929
2016-12-07 00:00:00+00:00,73.71,74.84,,86.48257,0.99785775,0.5621621621621622,-5061.62698412699,17302.067185721444,5000.0,7240.440201594454,0,,10780.753
2016-12-08 00:00:00+00:00,74.7,75.28,,88.51851,1.0600003,0.5621621621621622,-5062.619047619053,17403.790934349654,5000.0,7341.171886730601,0,,10844.137
2016-12-09 00:00:00+00:00,75.57,76.68,,88.754524,1.115,0.5621621621621622,-5063.611111111117,17727.453502050186,5000.0,7663.842390939069,0,,11045.808
2016-12-12 00:00:00+00:00,76.85,76.66,,92.194115,1.1492854,0.5621621621621622,-5064.60317460318,17722.830708311853,5000.0,7658.227533708672,0,,11042.928
2016-12-13 00:00:00+00:00,77.13,76.59,,94.1811,1.1707143,0.5621621621621622,-5065.595238095244,17706.646170347864,5000.0,7641.0509322526195,0,,11032.844
2016-12-14 00:00:00+00:00,76.31,76.27,,95.51909,1.1849997,0.5621621621621622,-5066.587301587308,17632.665911847118,5000.0,7566.07861025981,0,,10986.748
2016-12-15 00:00:00+00:00,76.15,75.57,,95.51909,1.1928564,0.5621621621621622,-5067.579365079371,17470.835709241375,5000.0,7403.256344162004,0,,10885.913
2016-12-16 00:00:00+00:00,75.71,75.72,,88.14102,1.2114279,0.5621621621621622,-5068.571428571435,17505.514512374695,5000.0,7436.94308380326,0,,10907.521
2016-12-19 00:00:00+00:00,75.96,75.42,,88.07734,1.2114279,0.5621621621621622,-5069.563492063498,17436.15800798493,5000.0,7366.594515921432,0,,10864.306
2016-12-20 00:00:00+00:00,74.9,74.9,,85.06352,1.2528566,0.5621621621621622,-5070.555555555562,17315.940795461967,5000.0,7245.385239906405,0,,10789.399
2016-12-21 00:00:00+00:00,74.89,74.13,,80.425964,1.2549994,0.9005161440853089,-5071.547619047626,17137.92547274222,5000.0,7066.377853694594,0,,10678.4795
2016-12-22 00:00:00+00:00,74.22,73.7,,73.13429,1.255,0.99,-5072.539682539689,17038.51513963592,5000.0,6965.975457096232,0,,10616.538
2016-12-23 00:00:00+00:00,73.56,73.4,,60.37973,1.154286,0.99,-5073.531746031753,16969.15951615727,5000.0,6895.627770125517,0,,10573.324
2016-12-27 00:00:00+00:00,73.52,73.74,,54.98689,1.1357144,0.99,-5074.523809523816,17047.762620667498,5000.0,6973.238811143681,0,,10622.301
2016-12-28 00:00:00+00:00,74.02,73.31,,51.34748,1.1185716,0.8735226084681859,-5075.51587301588,16948.351981830412,5000.0,6872.836108814532,0,,10560.358
2016-12-29 00:00:00+00:00,73.54,73.67,,37.641373,1.0671431,0.99,-5076.507936507944,17031.580380575415,5000.0,6955.072444067471,0,,10612.217
2016-12-30 00:00:00+00:00,73.76,73.89,,36.824875,0.9978572,0.5621621621621622,-5077.500000000007,17082.441991955253,5000.0,7004.941991955246,0,,10643.909
2017-01-03 00:00:00+00:00,73.68,73.01,,21.703846,0.937857,0.5621621621621622,-5078.492063492071,16878.997889431295,5000.0,6800.505825939224,0,,10517.1455
2017-01-04 00:00:00+00:00,74.47,75.88,,18.48013,0.9928567,0.6361780944115996,-5079.4841269841345,17542.504896914972,5000.0,7463.020769930838,0,,10930.57
2017-01-05 00:00:00+00:00,75.65,75.09,,45.867287,1.1442854,0.5621621621621622,-5080.476190476198,17359.866318926284,5000.0,7279.390128450086,0,,10816.77
2017-01-06 00:00:00+00:00,75.94,75.5,,43.48785,1.1878575,0.99,-5081.468253968262,17454.653673038643,5000.0,7373.185419070382,0,,10875.831
2017-01-09 00:00:00+00:00,75.25,74.53,,49.600914,1.1842859,0.5621621621621622,-5082.460317460325,17230.40114242988,5000.0,7147.940824969555,0,,10736.101
2017-01-10 00:00:00+00:00,74.61,73.68,,43.795605,1.2242857,0.99,-5083.452380952389,17033.89165092702,5000.0,6950.439269974631,0,,10613.657
2017-01-11 00:00:00+00:00,73.69,73.94,,41.42012,1.2099997,0.99,-5084.4444444444525,17094.00141653423,5000.0,7009.5569720897765,0,,10651.111
2017-01-12 00:00:00+00:00,73.69,73.83,,45.141705,1.1871425,0.99,-5085.436507936516,17068.571143635836,5000.0,6983.13463569932,0,,10635.267
2017-01-13 00:00:00+00:00,74.52,75.02,,48.373127,1.201428,0.99,-5086.42857142858,17343.683220298462,5000.0,7257.254648869883,0,,10806.686
2017-01-17 00:00:00+00:00,75.51,74.76,,56.61323,1.2164279,0.99,-5087.420634920643,17283.57604177963,5000.0,7196.155406858987,0,,10769.233
2017-01-18 00:00:00+00:00,75.07,75.29,,56.841057,1.2185713,0.9800380727752114,-5088.412698412707,17406.10581873483,5000.0,7317.693120322125,0,,10845.581
2017-01-19 00:00:00+00:00,75.19,75.75,,57.650566,1.2235712,0.5621621621621622,-5089.404761904771,17512.452155984323,5000.0,7423.047394079553,0,,10911.845
2017-01-20 00:00:00+00:00,75.89,76.64,,62.0079,1.2157141,0.5621621621621622,-5090.396825396834,17718.208554667115,5000.0,7627.811729270281,0,,11040.05
2017-01-23 00:00:00+00:00,76.64,76.05,,63.89151,1.26,0.99,-5091.388888888898,17581.808514035427,5000.0,7490.419625146529,0,,10955.061
2017-01-24 00:00:00+00:00,76.37,76.79,,59.76495,1.2935715,0.99,-5092.380952380961,17752.88756790922,5000.0,7660.506615528258,0,,11061.659
2017-01-25 00:00:00+00:00,77.0,77.95,,67.30772,1.2614282,0.99,-5093.373015873025,18021.06414258262,5000.0,7927.691126709597,0,,11228.757
2017-01-26 00:00:00+00:00,77.99,77.97,,61.237804,1.1557138,0.99,-5094.365079365089,18025.68938566216,5000.0,7931.324306297072,0,,11231.64
2017-01-27 00:00:00+00:00,78.07,77.83,,67.06167,1.1028563,0.5621621621621622,-5095.357142857152,17993.32371384547,5000.0,7897.966570988319,0,,11211.473
2017-01-30 00:00:00+00:00,77.46,77.87,,64.25953,1.1057135,0.99,-5096.349206349216,18002.57068527749,5000.0,7906.221478928273,0,,11217.234
2017-01-31 00:00:00+00:00,78.7,79.62,,73.06638,1.0835707,0.5621621621621622,-5097.341269841279,18407.14849193963,5000.0,8309.807222098352,0,,11469.322
2017-02-01 00:00:00+00:00,79.76,78.45,,86.48657,1.124285,0.5621621621621622,-5098.333333333343,18136.657846646973,5000.0,8038.32451331363,0,,11300.782
2017-02-02 00:00:00+00:00,77.98,77.94,,74.91713,1.1714281,0.99,-5099.325396825407,18018.753251429254,5000.0,7919.427854603848,0,,11227.316
2017-02-03 00:00:00+00:00,78.56,78.14,,71.74608,1.1592854,0.99,-5100.31746031747,18064.98901113301,5000.0,7964.671550815539,0,,11256.126
2017-02-06 00:00:00+00:00,78.05,77.79,,68.439766,1.1328566,0.5621621621621622,-5101.309523809534,17984.073933850843,5000.0,7882.764410041309,0,,11205.709
2017-02-07 00:00:00+00:00,78.54,79.19,,67.719315,1.1228567,0.99,-5102.3015873015975,18307.73593186856,5000.0,8205.434344566962,0,,11407.38
2017-02-08 00:00:00+00:00,78.79,76.97,,70.70067,1.2399995,0.5621621621621622,-5103.293650793661,17794.499561732075,5000.0,7691.205910938414,0,,11087.587
2017-02-09 00:00:00+00:00,77.06,78.13,,55.45618,1.3571423,0.99,-5104.285714285725,18062.676834778194,5000.0,7958.39112049247,0,,11254.687
2017-02-10 00:00:00+00:00,78.37,77.67,,56.506546,1.3849994,0.5621621621621622,-5105.277777777788,17956.330520086547,5000.0,7851.052742308759,0,,11188.423
2017-02-13 00:00:00+00:00,77.71,79.1,,57.15546,1.3671428,0.99,-5106.269841269852,18286.929526164167,5000.0,8180.659684894315,0,,11394.416
2017-02-14 00:00:00+00:00,79.14,79.62,,59.61698,1.3921432,0.8810762329381275,-5107.2619047619155,18407.148435258427,5000.0,8299.886530496511,0,,11469.323
2017-02-15 00:00:00+00:00,79.56,80.16,,57.34391,1.3642862,0.8815784382519345,-5108.253968253979,18531.988920822558,5000.0,8423.734952568579,0,,11547.11
2017-02-16 00:00:00+00:00,80.1,80.4,,59.20943,1.3828577,0.99,-5109.246031746043,18587.472607954733,5000.0,8478.22657620869,0,,11581.682
2017-02-17 00:00:00+00:00,80.33,80.94,,60.717266,1.3692862,0.99,-5110.238095238106,18712.31296218332,5000.0,8602.074866945215,0,,11659.469
2017-02-21 00:00:00+00:00,81.18,80.54,,62.289833,1.3907149,0.5621621621621622,-5111.23015873017,18619.83782850676,5000.0,8508.60766977659,0,,11601.849
2017-02-22 00:00:00+00:00,79.94,80.54,,54.129257,1.3207152,0.99,-5112.2222222222335,18619.83782850676,5000.0,8507.615606284526,0,,11601.849
2017-02-23 00:00:00+00:00,80.57,80.26,,60.481472,1.2792865,0.99,-5113.214285714297,18555.105952778064,5000.0,8441.891667063766,0,,11561.516
2017-02-24 00:00:00+00:00,79.29,79.7,,61.909653,1.2571433,0.99,-5114.206349206361,18425.639940184665,5000.0,8311.433590978304,0,,11480.847
2017-02-27 00:00:00+00:00,79.84,78.96,,57.722755,1.2521433,0.99,-5115.198412698424,18254.561662930417,5000.0,8139.363250231992,0,,11374.249
2017-02-28 00:00:00+00:00,78.62,78.05,,55.57673,1.3114287,0.99,-5116.190476190488,18044.181554825816,5000.0,7927.991078635328,0,,11243.163
2017-03-01 00:00:00+00:00,78.67,79.3,,44.300003,1.2442856,0.8476019660214685,-5117.182539682552,18333.16652817851,5000.0,8215.983988495958,0,,11423.228
2017-03-02 00:00:00+00:00,79.1,78.25,,62.90145,1.2557138,0.5621621621621622,-5118.174603174615,18090.41938357465,5000.0,7972.244780400033,0,,11271.974
2017-03-03 00:00:00+00:00,78.62,78.27,,50.67266,1.2621428,0.99,-5119.166666666679,18095.043018289536,5000.0,7975.876351622857,0,,11274.855
2017-03-06 00:00:00+00:00,78.06,77.99,,53.537724,1.288571,0.99,-5120.158730158742,18030.3106877365,5000.0,7910.151957577757,0,,11234.5205
2017-03-07 00:00:00+00:00,78.16,77.97,,42.428375,1.235714,0.99,-5121.150793650806,18025.687370221924,5000.0,7904.536576571118,0,,11231.64
2017-03-08 00:00:00+00:00,78.17,78.39,,37.920918,1.2107141,0.5621621621621622,-5122.14285714287,18122.78652364502,5000.0,8000.64366650215,0,,11292.141
2017-03-09 00:00:00+00:00,78.53,78.58,,36.81068,1.2135713,0.5668714783548154,-5123.134920634933,18166.71186806435,5000.0,8043.5769474294175,0,,11319.51
2017-03-10 00:00:00+00:00,79.12,79.63,,36.33633,1.2049997,0.8294426784244948,-5124.126984126997,18409.45854704748,5000.0,8285.331562920484,0,,11470.763
2017-03-13 00:00:00+00:00,79.71,80.25,,40.864666,1.1849992,0.99,-5125.11904761906,18552.795245524972,5000.0,8427.676197905912,0,,11560.074
2017-03-14 00:00:00+00:00,79.89,80.38,,48.03788,1.1914275,0.99,-5126.111111111124,18582.84956855347,5000.0,8456.738457442345,0,,11578.801
2017-03-15 00:00:00+00:00,80.75,80.26,,48.936146,1.1714276,0.93677536774217,-5127.103174603188,18555.10801415648,5000.0,8428.004839553294,0,,11561.516
2017-03-16 00:00:00+00:00,80.42,80.45,,50.0,1.1735704,0.99,-5128.095238095251,18599.03274337796,5000.0,8470.937505282709,0,,11588.885
2017-03-17 00:00:00+00:00,80.29,80.57,,55.364826,1.1385705,0.99,-5129.087301587315,18626.77628518107,5000.0,8497.688983593755,0,,11606.171
2017-03-20 00:00:00+00:00,80.38,80.51,,62.63741,1.0792847,0.99,-5130.0793650793785,18612.906027080397,5000.0,8482.826662001018,0,,11597.528
2017-03-21 00:00:00+00:00,80.94,79.64,,72.28268,1.0264276,0.99,-5131.071428571442,18411.772297623043,5000.0,8280.700869051601,0,,11472.204
2017-03-22 00:00:00+00:00,79.55,79.73,,53.30737,0.951428,0.99,-5132.063492063506,18432.579516339363,5000.0,8300.516024275857,0,,11485.169
2017-03-23 00:00:00+00:00,79.9,79.85,,67.70345,0.9057132,0.99,-5133.055555555569,18460.320867037095,5000.0,8327.265311481526,0,,11502.454
2017-03-24 00:00:00+00:00,80.09,79.44,,68.45804,0.884285,0.99,-5134.047619047633,18365.53482620827,5000.0,8231.487207160637,0,,11443.395
2017-03-27 00:00:00+00:00,78.83,79.18,,66.44003,0.912856,0.99,-5135.0396825396965,18305.425337074797,5000.0,8170.385654535101,0,,11405.941
2017-03-28 00:00:00+00:00,78.92,79.14,,63.01078,0.94428474,0.99,-5136.03174603176,18296.17727201102,5000.0,8160.14552597926,0,,11400.179
2017-03-29 00:00:00+00:00,79.12,79.21,,58.782223,0.94714135,0.99,-5137.023809523824,18312.360843273178,5000.0,8175.337033749354,0,,11410.263
2017-03-30 00:00:00+00:00,79.13,80.0,,57.590355,0.9599991,0.99,-5138.015873015887,18494.99965028283,5000.0,8356.983777266942,0,,11524.063
2017-03-31 00:00:00+00:00,80.4,81.07,,54.75583,0.9728562,0.99,-5139.007936507951,18742.371081962843,5000.0,8603.363145454892,0,,11678.198
2017-04-03 00:00:00+00:00,81.03,80.67,,59.447025,1.0385704,0.99,-5140.000000000015,18649.89598145786,5000.0,8509.895981457845,0,,11620.579
2017-04-04 00:00:00+00:00,80.63,80.89,,53.14535,1.0842851,0.99,-5140.992063492078,18700.757062386638,5000.0,8559.76499889456,0,,11652.27
2017-04-05 00:00:00+00:00,81.06,80.42,,56.68787,1.0735708,0.5621621621621622,-5141.984126984142,18592.098557903202,5000.0,8450.11443091906,0,,11584.565
2017-04-06 00:00:00+00:00,80.43,80.32,,49.69941,1.1235712,0.8845323185976899,-5142.976190476205,18568.979802078935,5000.0,8426.00361160273,0,,11570.16
2017-04-07 00:00:00+00:00,80.35,81.08,,47.48491,1.12,0.99,-5143.968253968269,18744.683896463845,5000.0,8600.715642495576,0,,11679.64
2017-04-10 00:00:00+00:00,81.29,81.11,,55.026447,1.1407144,0.5621621621621622,-5144.960317460333,18751.619910021116,5000.0,8606.659592560783,0,,11683.961
2017-04-11 00:00:00+00:00,80.62,80.59,,65.2174,1.0878574,0.5621621621621622,-5145.952380952396,18631.40185730475,5000.0,8485.449476352354,0,,11609.055
2017-04-12 00:00:00+00:00,80.59,81.53,,58.174835,1.1035718,0.5621621621621622,-5146.94444444446,18848.719142214,5000.0,8701.774697769539,0,,11744.464
2017-04-13 00:00:00+00:00,81.36,81.29,,63.81577,1.1464282,0.5621621621621622,-5147.936507936523,18793.23426961794,5000.0,8645.297761681417,0,,11709.892
2017-04-17 00:00:00+00:00,81.26,82.16,,65.6514,1.1714287,0.99,-5148.928571428587,18994.368686614423,5000.0,8845.440115185836,0,,11835.216
2017-04-18 00:00:00+00:00,81.75,81.93,,72.852745,1.1857141,0.99,-5149.920634920651,18941.19487553014,5000.0,8791.274240609488,0,,11802.084
2017-04-19 00:00:00+00:00,81.94,82.22,,70.789825,1.1807147,0.99,-5150.912698412714,19008.2384134144,5000.0,8857.325715001687,0,,11843.859
2017-04-20 00:00:00+00:00,82.72,83.0,,71.71714,1.1564287,0.5621621621621622,-5151.904761904778,19188.563398553713,5000.0,9036.658636648935,0,,11956.218
2017-04-21 00:00:00+00:00,82.97,82.99,,71.67626,1.1435716,0.5621621621621622,-5152.896825396841,19186.250781538358,5000.0,9033.353956141516,0,,11954.776
2017-04-24 00:00:00+00:00,83.82,83.84,,66.382195,1.0628575,0.5621621621621622,-5153.888888888905,19382.76065476741,5000.0,9228.871765878506,0,,12077.22
2017-04-25 00:00:00+00:00,84.1,84.16,,75.11879,1.0471431,0.5621621621621622,-5154.880952380969,19456.741609729706,5000.0,9301.860657348738,0,,12123.316
2017-04-26 00:00:00+00:00,82.4,83.63,,75.50698,1.0535719,0.5621621621621622,-5155.873015873032,19334.211060470665,5000.0,9178.338044597633,0,,12046.969
2017-04-27 00:00:00+00:00,83.8,82.4,,74.8067,1.0885718,0.99,-5156.865079365096,19049.851888627538,5000.0,8892.986809262442,0,,11869.787
2017-04-28 00:00:00+00:00,82.48,82.41,,63.684185,1.1450005,0.99,-5157.8571428571595,19052.163684484804,5000.0,8894.306541627644,0,,11871.227
2017-05-01 00:00:00+00:00,82.62,82.66,,59.70801,1.1228578,0.5621621621621622,-5158.849206349223,19109.96105222958,5000.0,8951.111845880358,0,,11907.24
2017-05-02 00:00:00+00:00,82.77,82.98,,60.961796,1.1228578,0.99,-5159.841269841287,19183.9418587199,5000.0,9024.100588878613,0,,11953.337
2017-05-03 00:00:00+00:00,82.49,83.03,,67.39448,1.1164294,0.99,-5160.83333333335,19195.499871939013,5000.0,9034.666538605663,0,,11960.539
2017-05-04 00:00:00+00:00,83.16,82.98,,62.541782,1.0707158,0.9218598699221039,-5161.825396825414,19183.941760050468,5000.0,9022.116363225054,0,,11953.337
2017-05-05 00:00:00+00:00,83.25,83.76,,64.594124,1.0478586,0.99,-5162.8174603174775,19364.26871962034,5000.0,9201.451259302863,0,,12065.696
2017-05-08 00:00:00+00:00,83.57,82.26,,64.035065,1.0178583,0.99,-5163.809523809541,19017.486913547906,5000.0,8853.677389738365,0,,11849.62
2017-05-09 00:00:00+00:00,83.0,84.99,,52.367302,1.0950006,0.99,-5164.801587301605,19648.627656658573,5000.0,9483.826069356968,0,,12242.879
2017-05-10 00:00:00+00:00,85.38,84.84,,64.718376,1.2750005,0.5621621621621622,-5165.793650793668,19613.94874964913,5000.0,9448.155098855463,0,,12221.2705
2017-05-11 00:00:00+00:00,84.45,84.36,,60.47834,1.3800005,0.99,-5166.785714285732,19502.97944369773,5000.0,9336.193729412,0,,12152.127
2017-05-12 00:00:00+00:00,84.27,84.07,,57.405426,1.4035715,0.7979886465201956,-5167.777777777796,19435.935254933884,5000.0,9268.157477156088,0,,12110.353
2017-05-15 00:00:00+00:00,84.41,85.0,,51.32338,1.3821428,0.99,-5168.769841269859,19650.94071041018,5000.0,9482.170869140322,0,,12244.32
2017-05-16 00:00:00+00:00,84.82,83.93,,54.516117,1.4007143,0.5621621621621622,-5169.761904761923,19403.570680523513,5000.0,9233.80877576159,0,,12090.186
2017-05-17 00:00:00+00:00,83.17,84.15,,51.52441,1.4114287,0.99,-5170.753968253986,19454.4331258415,5000.0,9283.679157587514,0,,12121.878
2017-05-18 00:00:00+00:00,84.1,84.41,,59.909416,1.4578569,0.5621621621621622,-5171.74603174605,19514.54315270039,5000.0,9342.79712095434,0,,12159.332
2017-05-19 00:00:00+00:00,84.57,85.04,,61.013233,1.4692851,0.5621621621621622,-5172.738095238114,19660.19139758767,5000.0,9487.453302349557,0,,12250.084
2017-05-22 00:00:00+00:00,85.0,85.05,,62.57929,1.5007133,0.5621621621621622,-5173.730158730177,19662.504607229774,5000.0,9488.774448499596,0,,12251.525
2017-05-23 00:00:00+00:00,85.12,85.73,,61.31149,1.4857129,0.5712634920991998,-5174.722222222241,19819.711204737047,5000.0,9644.988982514806,0,,12349.4795
2017-05-24 00:00:00+00:00,85.84,86.03,,63.80372,1.4878557,0.773435372177889,-5175.714285714304,19889.065715366683,5000.0,9713.351429652379,0,,12392.693
2017-05-25 00:00:00+00:00,86.29,86.28,,65.20438,1.454998,0.99,-5176.706349206368,19946.862641262313,5000.0,9770.156292055945,0,,12428.707
2017-05-26 00:00:00+00:00,86.3,86.63,,63.26315,1.4485697,0.99,-5177.698412698432,20027.7785439746,5000.0,9850.080131276169,0,,12479.125
2017-05-30 00:00:00+00:00,86.58,86.65,,76.16766,1.3649985,0.99,-5178.690476190495,20032.40312615077,5000.0,9853.712649960275,0,,12482.007
2017-05-31 00:00:00+00:00,86.74,86.37,,64.71635,1.2171413,0.7167751990233343,-5179.682539682559,19967.670294250584,5000.0,9787.987754568025,0,,12441.672
2017-06-01 00:00:00+00:00,86.78,86.82,,63.258297,1.094284,0.99,-5180.6746031746225,20071.705075453916,5000.0,9891.030472279293,0,,12506.496
2017-06-02 00:00:00+00:00,86.89,86.75,,71.42857,1.0649986,0.99,-5181.666666666686,20055.521821059643,5000.0,9873.855154392957,0,,12496.412
2017-06-05 00:00:00+00:00,86.66,86.9,,74.27538,1.055713,0.99,-5182.65873015875,20090.200440446133,5000.0,9907.541710287383,0,,12518.02
2017-06-06 00:00:00+00:00,86.29,86.77,,70.04222,1.042856,0.99,-5183.650793650813,20060.145159471344,5000.0,9876.49436582053,0,,12499.293
2017-06-07 00:00:00+00:00,87.0,88.88,,87.36834,0.9807129,0.5621621621621622,-5184.642857142877,20547.950625008067,5000.0,10363.30776786519,0,,12803.24
2017-06-08 00:00:00+00:00,88.69,88.98,,91.564095,1.0107133,0.5621621621621622,-5185.6349206349405,20571.07151776518,5000.0,10385.43659713024,0,,12817.646
2017-06-09 00:00:00+00:00,88.81,89.75,,91.32002,1.0185705,0.5621621621621622,-5186.626984127004,20749.08618046221,5000.0,10562.459196335207,0,,12928.565
2017-06-12 00:00:00+00:00,89.21,89.76,,91.53434,1.0221422,0.99,-5187.619047619068,20751.398887836156,5000.0,10563.779840217088,0,,12930.007
2017-06-13 00:00:00+00:00,89.94,89.93,,91.53434,1.0171422,0.5621621621621622,-5188.611111111131,20790.699505308214,5000.0,10602.088394197082,0,,12954.495
2017-06-14 00:00:00+00:00,89.33,90.0,,90.69762,1.0157133,0.5621621621621622,-5189.603174603195,20806.883748006127,5000.0,10617.280573402932,0,,12964.579
2017-06-15 00:00:00+00:00,89.48,89.54,,90.26364,1.0271422,0.5621621621621622,-5190.5952380952585,20700.53772007208,5000.0,10509.942481976821,0,,12898.315
2017-06-16 00:00:00+00:00,88.84,88.57,,81.712036,1.0414282,0.5621621621621622,-5191.587301587322,20476.28581018291,5000.0,10284.69850859559,0,,12758.586
2017-06-19 00:00:00+00:00,88.96,89.62,,66.84027,1.1128567,0.99,-5192.579365079386,20719.032305783287,5000.0,10526.4529407039,0,,12909.839
2017-06-20 00:00:00+00:00,89.59,88.96,,71.87038,1.1214284,0.5621621621621622,-5193.571428571449,20566.447989258955,5000.0,10372.876560687506,0,,12814.765
2017-06-21 00:00:00+00:00,89.07,88.82,,68.06131,1.1478571,0.99,-5194.563492063513,20534.081717866826,5000.0,10339.518225803313,0,,12794.599
2017-06-22 00:00:00+00:00,88.82,88.57,,64.577225,1.1314288,0.99,-5195.555555555577,20476.28422983527,5000.0,10280.728674279693,0,,12758.585
2017-06-23 00:00:00+00:00,88.71,88.77,,62.926105,1.115,0.99,-5196.54761904764,20522.52095658201,5000.0,10325.973337534371,0,,12787.395
2017-06-26 00:00:00+00:00,88.8,89.62,,63.18753,1.1021429,0.6955364797521535,-5197.539682539704,20719.031625970365,5000.0,10521.491943430661,0,,12909.838
2017-06-27 00:00:00+00:00,89.62,90.01,,68.24585,1.0907146,0.5621621621621622,-5198.531746031767,20809.195363446957,5000.0,10610.66361741519,0,,12966.018
2017-06-28 00:00:00+00:00,90.06,90.55,76.549904,59.277527,0.95428574,0.5621621621621622,-5199.523809523831,20934.036524919855,5000.0,10734.512715396024,0,,13043.806
2017-06-29 00:00:00+00:00,91.24,91.0,76.65555,62.021427,0.94857186,0.5621621621621622,-5200.515873015895,21038.07024715969,5000.0,10837.554374143794,0,,13108.628
2017-06-30 00:00:00+00:00,91.11,91.4,76.769,60.0644,0.94642913,0.5621621621621622,-5201.507936507958,21130.545275701195,5000.0,10929.037339193237,0,,13166.248
2017-07-03 00:00:00+00:00,91.83,91.91,76.88725,62.424225,0.9507152,0.5621621621621622,-5202.500000000022,21248.452628537925,5000.0,11045.952628537903,0,,13239.715
2017-07-05 00:00:00+00:00,92.21,93.03,77.00605,64.26514,0.95142967,0.5621621621621622,-5203.492063492085,21507.382277484972,5000.0,11303.890213992887,0,,13401.052
2017-07-06 00:00:00+00:00,92.96,92.18,77.1265,68.96118,1.0000011,0.5621621621621622,-5204.484126984149,21310.873713172772,5000.0,11106.389586188623,0,,13278.609
2017-07-07 00:00:00+00:00,92.32,92.98,77.2404,65.75178,1.0192871,0.5621621621621622,-5205.476190476213,21495.823853656915,5000.0,11290.347663180703,0,,13393.851
2017-07-10 00:00:00+00:00,93.01,92.69,77.3572,76.85749,1.0271443,0.5621621621621622,-5206.468253968276,21428.779835460435,5000.0,11222.311581492158,0,,13352.076
2017-07-11 00:00:00+00:00,92.58,92.79,77.47195,70.60401,0.98714393,0.5621621621621622,-5207.46031746034,21451.89814752257,5000.0,11244.43783006223,0,,13366.481
2017-07-12 00:00:00+00:00,92.52,91.94,77.58885,77.79392,0.9714295,0.5621621621621622,-5208.4523809524035,21255.38891317771,5000.0,11046.936532225307,0,,13244.038
2017-07-13 00:00:00+00:00,92.35,92.54,77.69705,70.52634,1.0192865,0.5621621621621622,-5209.444444444467,21394.101439816575,5000.0,11184.656995372108,0,,13330.468
2017-07-14 00:00:00+00:00,92.41,91.98,77.8268,74.96857,1.0950006,0.5621621621621622,-5210.436507936531,21264.636721547537,5000.0,11054.200213611006,0,,13249.8
2017-07-17 00:00:00+00:00,91.99,92.02,77.95215,69.314125,1.096429,0.5621621621621622,-5211.428571428594,21273.881655882706,5000.0,11062.453084454111,0,,13255.561
2017-07-18 00:00:00+00:00,91.94,93.12,78.0807,65.99999,1.0750002,0.5621621621621622,-5212.420634920658,21528.18857197736,5000.0,11315.767937056702,0,,13414.017
2017-07-19 00:00:00+00:00,93.14,92.91,78.21995,68.94034,1.124286,0.5621621621621622,-5213.4126984127215,21479.639455448087,5000.0,11266.226757035365,0,,13383.767
2017-07-20 00:00:00+00:00,92.86,93.15,78.36025,64.97464,1.1207144,0.5621621621621622,-5214.404761904785,21535.12450223536,5000.0,11320.719740330576,0,,13418.338
2017-07-21 00:00:00+00:00,93.27,93.94,78.4972,64.01567,1.082143,0.5621621621621622,-5215.396825396849,21717.761879314196,5000.0,11502.365053917347,0,,13532.138
2017-07-24 00:00:00+00:00,93.81,93.85,78.6327,65.75685,1.1121428,0.5621621621621622,-5216.388888888912,21696.954416118388,5000.0,11480.565527229475,0,,13519.173
2017-07-25 00:00:00+00:00,94.29,93.4,78.7649,62.696316,1.100714,0.5621621621621622,-5217.380952380976,21592.9210770322,5000.0,11375.540124651223,0,,13454.351
2017-07-26 00:00:00+00:00,93.6,94.04,78.894104,52.654255,1.0557142,0.5621621621621622,-5218.37301587304,21740.88158447621,5000.0,11522.50856860317,0,,13546.543
2017-07-27 00:00:00+00:00,94.04,93.29,79.02505,63.757412,1.0499992,0.5621621621621622,-5219.365079365103,21567.49066434207,5000.0,11348.125584976966,0,,13438.505
2017-07-28 00:00:00+00:00,93.22,93.49,79.15705,52.30997,1.0207132,0.5621621621621622,-5220.357142857167,21613.728341929043,5000.0,11393.371199071877,0,,13467.315
2017-07-31 00:00:00+00:00,93.78,94.53,79.289,56.042274,1.0528564,0.5621621621621622,-5221.34920634923,21854.164930178704,5000.0,11632.815723829473,0,,13617.129
2017-08-01 00:00:00+00:00,94.81,95.21,79.4276,61.50794,1.0685709,0.5621621621621622,-5222.341269841294,22011.37168896178,5000.0,11789.030419120485,0,,13715.084
2017-08-02 00:00:00+00:00,94.93,94.79,79.5742,72.1245,1.0664281,0.5621621621621622,-5223.333333333358,21914.27336184193,5000.0,11690.940028508572,0,,13654.582
2017-08-03 00:00:00+00:00,94.79,94.99,79.7177,65.60335,1.0378565,0.5621621621621622,-5224.325396825421,21960.509963222186,5000.0,11736.184566396765,0,,13683.392
2017-08-04 00:00:00+00:00,95.77,93.5,79.86975,71.970795,1.0514281,0.5621621621621622,-5225.317460317485,21616.04055873509,5000.0,11390.723098417606,0,,13468.757
2017-08-07 00:00:00+00:00,93.6,94.64,80.0122,58.915688,1.2778566,0.5621621621621622,-5226.309523809548,21879.59386773061,5000.0,11653.284343921063,0,,13632.975
2017-08-08 00:00:00+00:00,94.27,95.46,80.16115,59.1127,1.394285,0.5621621621621622,-5227.301587301612,22069.16675532941,5000.0,11841.865168027798,0,,13751.096
2017-08-09 00:00:00+00:00,95.51,96.8,80.31955,64.245804,1.432142,0.5621621621621622,-5228.293650793676,22378.959829711603,5000.0,12150.666178917927,0,,13944.125
2017-08-10 00:00:00+00:00,96.65,96.67,80.48395,68.15922,1.5271416,0.5621621621621622,-5229.285714285739,22348.904621333582,5000.0,12119.618907047843,0,,13925.398
2017-08-11 00:00:00+00:00,96.98,96.23,80.64565,64.53672,1.50357,0.5621621621621622,-5230.277777777803,22247.182914067354,5000.0,12016.905136289552,0,,13862.017
2017-08-14 00:00:00+00:00,96.46,97.07,80.8072,62.217697,1.555713,0.5621621621621622,-5231.269841269866,22441.380803500568,5000.0,12210.110962230701,0,,13983.02
2017-08-15 00:00:00+00:00,97.28,97.54,80.975,68.11452,1.6114267,0.5621621621621622,-5232.26190476193,22550.040257380853,5000.0,12317.778352618923,0,,14050.725
2017-08-16 00:00:00+00:00,97.79,97.83,81.1519,67.5703,1.6114267,0.5621621621621622,-5233.253968253994,22617.086012059022,5000.0,12383.832043805029,0,,14092.5
2017-08-17 00:00:00+00:00,97.87,97.19,81.32485,73.89476,1.580713,0.5621621621621622,-5234.246031746057,22469.125772866802,5000.0,12234.879741120745,0,,14000.308
2017-08-18 00:00:00+00:00,96.93,96.3,81.49475,68.6117,1.5721419,0.5621621621621622,-5235.238095238121,22263.369247529783,5000.0,12028.131152291662,0,,13872.103
2017-08-21 00:00:00+00:00,96.21,97.09,81.6607,59.039864,1.5628564,0.5621621621621622,-5236.2301587301845,22446.006941189804,5000.0,12209.77678245962,0,,13985.902
2017-08-22 00:00:00+00:00,97.2,99.11,81.83165,59.49495,1.6028563,0.5621621621621622,-5237.222222222248,22913.006846947577,5000.0,12675.78462472533,0,,14276.886
2017-08-23 00:00:00+00:00,98.81,98.4,82.01225,68.78262,1.6778564,0.5621621621621622,-5238.214285714312,22748.863495218604,5000.0,12510.649209504292,0,,14174.609
2017-08-24 00:00:00+00:00,99.0,98.46,82.18725,64.196526,1.687142,0.5621621621621622,-5239.206349206375,22762.734740218733,5000.0,12523.528391012358,0,,14183.252
2017-08-25 00:00:00+00:00,98.9,99.77,82.36105,73.44046,1.479999,0.5621621621621622,-5240.198412698439,23065.589047109825,5000.0,12825.390634411386,0,,14371.958
2017-08-28 00:00:00+00:00,100.0,100.15,82.541954,73.860466,1.3757133,0.99,-5241.1904761905025,23153.442554586178,5000.0,12912.252078395675,0,,14426.698
2017-08-29 00:00:00+00:00,100.0,100.34,82.711754,72.74493,1.3564279,0.5621621621621622,-5242.182539682566,23197.36687251994,5000.0,12955.184332837372,0,,14454.068
2017-08-30 00:00:00+00:00,100.41,100.27,82.87525,69.323135,1.2621422,0.5621621621621622,-5243.17460317463,23181.184093334406,5000.0,12938.009490159777,0,,14443.984
2017-08-31 00:00:00+00:00,100.64,100.89,83.0369,69.78025,1.2649994,0.5621621621621622,-5244.166666666693,23324.522299020173,5000.0,13080.35563235348,0,,14533.297
2017-09-01 00:00:00+00:00,100.61,100.94,83.1975,75.10776,1.2378567,0.5621621621621622,-5245.158730158757,23336.0836169074,5000.0,13090.924886748642,0,,14540.501
2017-09-05 00:00:00+00:00,100.53,102.2,83.35955,72.79154,1.1557149,0.5621621621621622,-5246.150793650821,23627.379620689386,5000.0,13381.228827038565,0,,14722.004
2017-09-06 00:00:00+00:00,102.57,103.73,83.52755,75.10776,1.197858,0.5621621621621622,-5247.142857142884,23981.09709263527,5000.0,13733.954235492387,0,,14942.401
2017-09-07 00:00:00+00:00,104.01,103.68,83.70185,78.04184,1.2585722,0.5621621621621622,-5248.134920634948,23969.537657971727,5000.0,13721.402737336779,0,,14935.199
2017-09-08 00:00:00+00:00,103.76,104.74,83.876854,82.67874,1.274286,0.5621621621621622,-5249.126984127011,24214.59612990898,5000.0,13965.469145781968,0,,15087.893
2017-09-11 00:00:00+00:00,105.36,104.38,84.05825,91.78216,1.356429,0.527027027027027,-5250.119047619075,24131.368096972456,5000.0,13881.24904935338,0,,15036.034
2017-09-12 00:00:00+00:00,104.73,104.73,84.23885,87.69388,1.3821433,0.527027027027027,-5251.111111111139,24212.28632001968,5000.0,13961.175208908542,0,,15086.454
2017-09-13 00:00:00+00:00,104.73,105.37,84.4228,85.124985,1.3107147,0.4827586206896552,-5252.103174603202,24360.245340316833,5000.0,14108.14216571363,0,,15178.6455
2017-09-14 00:00:00+00:00,105.0,105.85,84.6075,93.947,1.3500006,0.527027027027027,-5253.095238095266,24471.214651934388,5000.0,14218.119413839122,0,,15247.79
2017-09-15 00:00:00+00:00,105.85,104.67,84.7936,94.25146,1.3985721,0.527027027027027,-5254.087301587329,24198.413057417674,5000.0,13944.325755830345,0,,15077.81
2017-09-18 00:00:00+00:00,104.65,105.49,84.97295,79.80533,1.4157153,0.5621621621621622,-5255.079365079393,24387.988170393197,5000.0,14132.908805313804,0,,15195.932
2017-09-19 00:00:00+00:00,105.54,105.43,85.1559,80.831375,1.4078577,0.5621621621621622,-5256.071428571457,24374.1175625926,5000.0,14118.046134021144,0,,15187.288
2017-09-20 00:00:00+00:00,105.66,106.4,85.33565,79.83588,1.4278581,0.5621621621621622,-5257.06349206352,24598.370504125134,5000.0,14341.307012061614,0,,15327.019
2017-09-21 00:00:00+00:00,106.6,106.26,85.50735,82.50265,1.4778578,0.5621621621621622,-5258.055555555584,24566.004643849,5000.0,14307.949088293415,0,,15306.852
2017-09-22 00:00:00+00:00,106.2,106.6,85.67545,80.0,1.5021439,0.5621621621621622,-5259.0476190476475,24644.608403929997,5000.0,14385.56078488235,0,,15355.829
2017-09-25 00:00:00+00:00,106.72,106.31,85.8407,80.62769,1.5214293,0.5621621621621622,-5260.039682539711,24577.56335803131,5000.0,14317.5236754916,0,,15314.054
2017-09-26 00:00:00+00:00,106.31,104.71,85.99805,74.84884,1.4942862,0.5621621621621622,-5261.031746031775,24207.663852473917,5000.0,13946.632106442143,0,,15083.573
2017-09-27 00:00:00+00:00,105.35,106.7,86.1452,55.87528,1.5035716,0.5621621621621622,-5262.023809523838,24667.726189636032,5000.0,14405.702380112194,0,,15370.233
2017-09-28 00:00:00+00:00,106.54,107.32,86.2953,64.68871,1.591429,0.5621621621621622,-5263.015873015902,24811.063873955958,5000.0,14548.048000940056,0,,15459.546
2017-09-29 00:00:00+00:00,107.37,107.63,86.4486,63.10977,1.5185716,0.5621621621621622,-5264.0079365079655,24882.73212794158,5000.0,14618.724191433615,0,,15504.201
2017-10-02 00:00:00+00:00,107.92,108.18,86.6038,66.59858,1.462143,0.5621621621621622,-5265.000000000029,25009.886487535983,5000.0,14744.886487535954,0,,15583.431
2017-10-03 00:00:00+00:00,108.71,109.07,86.76335,67.267265,1.4421431,0.5621621621621622,-5265.992063492093,25215.642591071195,5000.0,14949.650527579102,0,,15711.636
2017-10-04 00:00:00+00:00,109.2,109.34,86.93085,68.06641,1.4407141,0.5621621621621622,-5266.984126984156,25278.06391699871,5000.0,15011.079790014555,0,,15750.529
2017-10-05 00:00:00+00:00,110.21,108.43,87.09895,67.39781,1.4264287,0.5621621621621622,-5267.97619047622,25067.683282762708,5000.0,14799.707092286488,0,,15619.443
2017-10-06 00:00:00+00:00,108.8,108.17,87.264,69.26233,1.4299997,0.5621621621621622,-5268.9682539682835,25007.573613884062,5000.0,14738.605359915779,0,,15581.989
2017-10-09 00:00:00+00:00,107.85,109.22,87.43035,64.56524,1.452143,0.5621621621621622,-5269.960317460347,25250.32148149587,5000.0,14980.361164035523,0,,15733.243
2017-10-10 00:00:00+00:00,109.23,108.43,87.6058,68.59668,1.4871428,0.5621621621621622,-5270.952380952411,25067.68229914151,5000.0,14796.7299181891,0,,15619.442
2017-10-11 00:00:00+00:00,108.64,109.1,87.77945,60.13986,1.4392859,0.5621621621621622,-5271.944444444474,25222.577872315713,5000.0,14950.633427871238,0,,15715.957
2017-10-12 00:00:00+00:00,108.82,110.02,87.95795,63.472477,1.4214281,0.5621621621621622,-5272.936507936538,25435.270456536105,5000.0,15162.333948599568,0,,15848.484
2017-10-13 00:00:00+00:00,110.2,110.5,88.13935,65.37769,1.470714,0.5621621621621622,-5273.928571428602,25546.24000335106,5000.0,15272.311431922459,0,,15917.628
2017-10-16 00:00:00+00:00,110.15,109.7,88.3253,68.523445,1.4235715,0.6275812525397954,-5274.920634920665,25361.289860504534,5000.0,15086.369225583869,0,,15802.387
2017-10-17 00:00:00+00:00,110.11,109.53,88.50545,73.73928,1.3635718,0.5621621621621622,-5275.912698412729,25321.9884546525,5000.0,15046.07575623977,0,,15777.899
2017-10-18 00:00:00+00:00,109.58,109.59,88.68365,66.28309,1.2735716,0.5621621621621622,-5276.904761904792,25335.858996338215,5000.0,15058.954234433422,0,,15786.542
2017-10-19 00:00:00+00:00,109.56,108.93,88.86655,63.960625,1.2535716,0.5621621621621622,-5277.896825396856,25183.276478646898,5000.0,14905.379653250042,0,,15691.469
2017-10-20 00:00:00+00:00,109.29,109.99,89.0318,57.665115,1.2692854,0.5621621621621622,-5278.88888888892,25428.336309664384,5000.0,15149.447420775465,0,,15844.163
2017-10-23 00:00:00+00:00,109.93,110.69,89.2063,60.06674,1.2857138,0.5621621621621622,-5279.880952380983,25590.167997420453,5000.0,15310.28704503947,0,,15944.998
2017-10-24 00:00:00+00:00,111.0,110.25,89.38225,59.204567,1.288571,0.5621621621621622,-5280.873015873047,25488.44469041195,5000.0,15207.571674538904,0,,15881.616
2017-10-25 00:00:00+00:00,110.15,109.73,89.56085,55.072483,1.282142,0.5621621621621622,-5281.86507936511,25368.22804491175,5000.0,15086.36296554664,0,,15806.71
2017-10-26 00:00:00+00:00,110.0,111.49,89.7411,57.575775,1.2978565,0.5621621621621622,-5282.857142857174,25775.118478579265,5000.0,15492.26133572209,0,,16060.239
2017-10-27 00:00:00+00:00,111.33,111.95,89.92885,66.46826,1.3371423,0.5621621621621622,-5283.849206349238,25881.46539879083,5000.0,15597.616192441594,0,,16126.503
2017-10-30 00:00:00+00:00,111.82,111.86,90.11945,64.38355,1.3535712,0.5621621621621622,-5284.841269841301,25860.65960336962,5000.0,15575.818333528317,0,,16113.539
2017-10-31 00:00:00+00:00,111.6,113.06,90.30365,69.51084,1.3542856,0.5621621621621622,-5285.833333333365,26138.08355233794,5000.0,15852.250219004574,0,,16286.399
2017-11-01 00:00:00+00:00,113.69,112.63,90.49515,71.24467,1.4085715,0.5621621621621622,-5286.8253968254285,26038.67224515854,5000.0,15751.846848333113,0,,16224.457
2017-11-02 00:00:00+00:00,113.48,115.57,90.68185,64.77919,1.3807138,0.5621621621621622,-5287.817460317492,26718.363324161175,5000.0,16430.545863843683,0,,16647.967
2017-11-03 00:00:00+00:00,115.55,115.02,90.88095,72.45353,1.5492853,0.5621621621621622,-5288.809523809556,26591.208675782425,5000.0,16302.39915197287,0,,16568.736
2017-11-06 00:00:00+00:00,115.07,114.44,91.07285,74.09423,1.5371426,0.5621621621621622,-5289.801587301619,26457.121098083528,5000.0,16167.319510781908,0,,16485.188
2017-11-07 00:00:00+00:00,113.29,113.42,91.2648,71.4411,1.5807141,0.5621621621621622,-5290.793650793683,26221.30929215566,5000.0,15930.515641361977,0,,16338.256
2017-11-08 00:00:00+00:00,113.31,113.42,91.44795,65.43113,1.8149997,0.5621621621621622,-5291.7857142857465,26221.30929215566,5000.0,15929.523577869913,0,,16338.256
2017-11-09 00:00:00+00:00,113.06,114.13,91.6253,69.106384,1.7921426,0.5621621621621622,-5292.77777777781,26385.452543759464,5000.0,16092.674765981654,0,,16440.531
2017-11-10 00:00:00+00:00,114.33,114.45,91.8061,68.157906,2.0357149,0.5501014154224666,-5293.769841269874,26459.432141307618,5000.0,16165.662300037744,0,,16486.627
2017-11-13 00:00:00+00:00,114.68,115.74,91.9892,67.05988,2.0228577,0.5621621621621622,-5294.761904761937,26757.665861180187,5000.0,16462.90395641825,0,,16672.453
2017-11-14 00:00:00+00:00,115.68,116.6,92.17855,73.12554,2.0542865,0.527027027027027,-5295.753968254001,26956.486937429454,5000.0,16660.732969175453,0,,16796.338
2017-11-15 00:00:00+00:00,116.79,115.51,92.36345,78.132675,2.008572,0.5621621621621622,-5296.746031746065,26704.49354440652,5000.0,16407.747512660455,0,,16639.322
2017-11-16 00:00:00+00:00,115.75,116.02,92.54875,67.41771,1.966429,0.5621621621621622,-5297.738095238128,26822.398008103497,5000.0,16524.65991286537,0,,16712.787
2017-11-17 00:00:00+00:00,115.95,116.48,92.73915,67.55826,1.922857,0.5621621621621622,-5298.730158730192,26928.746159995862,5000.0,16630.01600126567,0,,16779.053
2017-11-20 00:00:00+00:00,116.73,119.23,92.93085,69.31439,1.9221426,0.5621621621621622,-5299.722222222255,27564.511273766213,5000.0,17264.789051543958,0,,17175.191
2017-11-21 00:00:00+00:00,120.14,119.63,93.13805,72.83495,1.9849995,0.5621621621621622,-5300.714285714319,27656.984360631915,5000.0,17356.270074917597,0,,17232.81
2017-11-22 00:00:00+00:00,119.76,119.35,93.34025,75.9644,2.0621426,0.5621621621621622,-5301.706349206383,27592.251662318125,5000.0,17290.545313111743,0,,17192.477
2017-11-24 00:00:00+00:00,119.63,120.13,93.55215,67.46766,1.9664285,0.5621621621621622,-5302.698412698446,27772.578364064502,5000.0,17469.879951366056,0,,17304.836
2017-11-27 00:00:00+00:00,120.58,120.5,93.76215,73.1222,1.9999994,0.5621621621621622,-5303.69047619051,27858.11819465288,5000.0,17554.42771846237,0,,17358.135
2017-11-28 00:00:00+00:00,121.0,122.72,93.9763,77.95203,1.9414281,0.5621621621621622,-5304.682539682573,28371.35386812727,5000.0,18066.671328444696,0,,17677.928
2017-11-29 00:00:00+00:00,123.32,120.93,94.1944,88.6213,1.8049997,0.5621621621621622,-5305.674603174637,27957.528408698778,5000.0,17651.85380552414,0,,17420.076
2017-11-30 00:00:00+00:00,121.18,123.43,94.40095,77.15114,2.0985718,0.5621621621621622,-5306.666666666701,28535.49874884438,5000.0,18228.83208217768,0,,17780.203
2017-12-01 00:00:00+00:00,124.42,124.25,94.6173,79.76955,2.0185711,0.527027027027027,-5307.658730158764,28725.071894922294,5000.0,18417.41316476353,0,,17898.324
2017-12-04 00:00:00+00:00,126.0,123.11,94.83655,80.39704,2.110714,0.4827586206896552,-5308.650793650828,28461.517574173893,5000.0,18152.866780523065,0,,17734.107
2017-12-05 00:00:00+00:00,123.02,123.77,95.0474,73.07453,2.378571,0.527027027027027,-5309.642857142891,28614.10205163973,5000.0,18304.459194496838,0,,17829.182
2017-12-06 00:00:00+00:00,123.69,123.41,95.26355,72.73305,2.472143,0.4827586206896552,-5310.634920634955,28530.875433354795,5000.0,18220.24051271984,0,,17777.324
2017-12-07 00:00:00+00:00,123.76,124.19,95.4779,76.26333,2.4778574,0.527027027027027,-5311.626984127019,28711.200760822838,5000.0,18399.57377669582,0,,17889.684
2017-12-08 00:00:00+00:00,125.0,125.27,95.69755,76.681946,2.5692863,0.527027027027027,-5312.619047619082,28960.882483404464,5000.0,18648.263435785382,0,,18045.258
2017-12-11 00:00:00+00:00,126.76,126.35,95.9254,77.58947,2.6071434,0.4827586206896552,-5313.611111111146,29210.56395404683,5000.0,18896.952842935683,0,,18200.832
2017-12-12 00:00:00+00:00,126.82,127.62,96.16235,74.96496,2.5650008,0.4827586206896552,-5314.6031746032095,29504.17361270263,5000.0,19189.57043809942,0,,18383.777
2017-12-13 00:00:00+00:00,127.82,126.28,96.4102,76.40453,2.5485725,0.527027027027027,-5315.595238095273,29194.381140363137,5000.0,18878.785902267864,0,,18190.748
2017-12-14 00:00:00+00:00,126.87,126.06,96.6451,71.40211,2.577858,0.5621621621621622,-5316.587301587337,29143.51915191692,5000.0,18826.931850329584,0,,18159.057
2017-12-15 00:00:00+00:00,126.39,126.37,96.88415,68.96993,2.6457155,0.5621621621621622,-5317.5793650794,29215.18797427516,5000.0,18897.60860919576,0,,18203.713
2017-12-18 00:00:00+00:00,126.58,125.79,97.12465,68.850365,2.7192867,0.5621621621621622,-5318.571428571464,29081.097960795978,5000.0,18762.526532224514,0,,18120.162
2017-12-19 00:00:00+00:00,126.32,124.65,97.36365,61.019382,2.6564293,0.5621621621621622,-5319.5634920635275,28817.544478403837,5000.0,18497.98098634031,0,,17955.945
2017-12-20 00:00:00+00:00,124.7,124.23,97.59705,64.00603,2.4735723,0.5621621621621622,-5320.555555555591,28720.446904418994,5000.0,18399.891348863403,0,,17895.443
2017-12-21 00:00:00+00:00,124.5,124.63,97.82625,53.57144,2.3878582,0.5621621621621622,-5321.547619047655,28812.922231778237,5000.0,18491.374612730582,0,,17953.064
2017-12-22 00:00:00+00:00,124.65,124.47,98.0565,51.762512,2.2828581,0.527027027027027,-5322.539682539718,28775.933215303274,5000.0,18453.393532763555,0,,17930.016
2017-12-26 00:00:00+00:00,124.19,124.04,98.2807,56.938786,1.9592863,0.5621621621621622,-5323.531746031782,28676.523139565692,5000.0,18352.99139353391,0,,17868.076
2017-12-27 00:00:00+00:00,123.87,124.76,98.49965,51.410683,1.8535718,0.5621621621621622,-5324.523809523846,28842.977128679468,5000.0,18518.453319155622,0,,17971.791
2017-12-28 00:00:00+00:00,125.1,124.85,98.72155,56.797577,1.8757144,0.5621621621621622,-5325.515873015909,28863.78258944312,5000.0,18538.26671642721,0,,17984.756
2017-12-29 00:00:00+00:00,125.07,124.59,98.9445,53.571407,1.8035715,0.5621621621621622,-5326.507936507973,28803.672992004987,5000.0,18477.165055497015,0,,17947.303
2018-01-02 00:00:00+00:00,124.88,122.75,99.1652,45.961998,1.8028575,0.5621621621621622,-5327.500000000036,28378.288204192275,5000.0,18050.78820419224,0,,17682.248
2018-01-03 00:00:00+00:00,122.35,123.56,99.3761,30.392166,1.8550006,0.5621621621621622,-5328.4920634921,28565.548327117896,5000.0,18237.056263625796,0,,17798.928
2018-01-04 00:00:00+00:00,123.75,124.04,99.59135,26.720137,1.9757146,0.5621621621621622,-5329.484126984164,28676.519550100795,5000.0,18347.03542311663,0,,17868.072
2018-01-05 00:00:00+00:00,124.05,127.6,99.81335,35.750637,1.9207147,0.5621621621621622,-5330.476190476227,29499.545747153283,5000.0,19169.069556677056,0,,18380.893
2018-01-08 00:00:00+00:00,127.47,129.53,100.0527,56.87501,2.0171432,0.5621621621621622,-5331.468253968291,29945.737995491094,5000.0,19614.269741522803,0,,18658.912
2018-01-09 00:00:00+00:00,129.7,130.79,100.3011,62.324493,2.087143,0.5621621621621622,-5332.460317460354,30237.034503854826,5000.0,19904.57418639447,0,,18840.416
2018-01-10 00:00:00+00:00,130.48,132.33,100.55785,68.518524,2.1314294,0.5621621621621622,-5333.452380952418,30593.065279050097,5000.0,20259.61289809768,0,,19062.256
2018-01-11 00:00:00+00:00,132.41,132.19,100.8236,77.62593,2.092144,0.5621621621621622,-5334.444444444482,30560.69835305337,5000.0,20226.253908608887,0,,19042.088
2018-01-12 00:00:00+00:00,132.19,131.51,101.08885,79.221756,2.035001,0.5621621621621622,-5335.436507936545,30403.488654414436,5000.0,20068.05214647789,0,,18944.133
2018-01-16 00:00:00+00:00,132.22,130.79,101.35035,74.74819,2.0321438,0.5621621621621622,-5336.428571428609,30237.033645229723,5000.0,19900.605073801114,0,,18840.416
2018-01-17 00:00:00+00:00,130.86,131.52,101.6043,71.85335,2.1985724,0.527027027027027,-5337.4206349206725,30405.80159246284,5000.0,20068.38095754217,0,,18945.574
2018-01-18 00:00:00+00:00,131.07,132.91,101.85655,75.33874,2.2035713,0.527027027027027,-5338.412698412736,30727.15254267806,5000.0,20388.739844265325,0,,19145.805
2018-01-19 00:00:00+00:00,133.06,133.88,102.11775,76.40957,2.2328568,0.5621621621621622,-5339.4047619048,30951.406403743906,5000.0,20612.001641839106,0,,19285.535
2018-01-22 00:00:00+00:00,133.81,134.56,102.3827,77.68239,2.2414284,0.5621621621621622,-5340.396825396863,31108.613245766363,5000.0,20768.2164203695,0,,19383.488
2018-01-23 00:00:00+00:00,134.34,134.81,102.6534,79.79675,2.2264285,0.5621621621621622,-5341.388888888927,31166.409215900534,5000.0,20825.020327011607,0,,19419.5
2018-01-24 00:00:00+00:00,135.0,135.57,102.92585,89.828224,2.0892863,0.5621621621621622,-5342.3809523809905,31342.114389469065,5000.0,20999.733437088074,0,,19528.982
2018-01-25 00:00:00+00:00,136.38,137.16,103.1983,89.794525,1.9835722,0.527027027027027,-5343.373015873054,31709.703694165808,5000.0,21366.330678292754,0,,19758.023
2018-01-26 00:00:00+00:00,137.5,137.02,103.47855,90.49379,2.0378575,0.527027027027027,-5344.365079365118,31677.33666284413,5000.0,21332.97158347901,0,,19737.855
2018-01-29 00:00:00+00:00,137.2,135.11,103.7607,86.85442,1.884286,0.4827586206896552,-5345.357142857181,31235.766656791515,5000.0,20890.409513934334,0,,19462.717
2018-01-30 00:00:00+00:00,134.53,133.29,104.0286,71.865166,1.9492863,0.5621621621621622,-5346.349206349245,30815.004309039567,5000.0,20468.65510269032,0,,19200.543
2018-01-31 00:00:00+00:00,133.57,134.39,104.2886,59.384357,1.9985712,0.5621621621621622,-5347.3412698413085,31069.312524813922,5000.0,20721.971254972614,0,,19359.0
2018-02-01 00:00:00+00:00,134.17,136.56,104.54975,57.996864,1.9971422,0.5621621621621622,-5348.333333333372,31570.989257210833,5000.0,21222.65592387746,0,,19671.59
2018-02-02 00:00:00+00:00,136.19,134.65,104.8229,64.65454,2.125,0.527027027027027,-5349.325396825436,31129.420734510117,5000.0,20780.09533768468,0,,19396.453
2018-02-05 00:00:00+00:00,133.17,130.53,105.08505,59.727364,2.211429,0.5621621621621622,-5350.317460317499,30176.928758703296,5000.0,19826.611298385797,0,,18802.963
2018-02-06 00:00:00+00:00,125.57,116.94,105.3227,49.334713,2.4464297,0.5621621621621622,-5351.309523809563,27035.08811775526,5000.0,16683.778593945695,0,,16845.312
2018-02-07 00:00:00+00:00,111.01,114.57,105.49245,27.500004,3.962859,0.5621621621621622,-5352.301587301627,26487.172557933696,5000.0,16134.87097063207,0,,16503.91
2018-02-08 00:00:00+00:00,114.41,111.15,105.6461,22.528465,4.227145,0.5621621621621622,-5353.29365079369,25696.51135031237,5000.0,15343.217699518678,0,,16011.257
2018-02-09 00:00:00+00:00,104.35,107.11,105.78105,18.280773,4.3921447,0.527027027027027,-5354.285714285754,24762.513313898664,5000.0,14408.22759961291,0,,15429.292
2018-02-12 00:00:00+00:00,108.58,110.68,105.89845,14.978331,5.3257165,0.5621621621621622,-5355.277777777817,25587.852887220743,5000.0,15232.575109442925,0,,15943.554
2018-02-13 00:00:00+00:00,110.73,112.22,106.03985,21.618458,5.6957154,0.5621621621621622,-5356.269841269881,25943.881992543524,5000.0,15587.612151273643,0,,16165.393
2018-02-14 00:00:00+00:00,111.59,115.0,106.1889,23.030722,5.814286,0.5621621621621622,-5357.261904761945,26586.58363898933,5000.0,16229.321734227386,0,,16565.854
2018-02-15 00:00:00+00:00,116.47,117.45,106.3506,25.08993,5.9664297,0.5621621621621622,-5358.253968254008,27152.99402655999,5000.0,16794.740058305983,0,,16918.78
2018-02-16 00:00:00+00:00,116.84,111.45,106.52295,29.087408,6.060715,0.5621621621621622,-5359.246031746072,25765.8672707073,5000.0,15406.621238961226,0,,16054.473
2018-02-20 00:00:00+00:00,110.96,110.78,106.66505,26.749212,6.2607155,0.5621621621621622,-5360.238095238135,25610.971511657866,5000.0,15250.733416419731,0,,15957.959
2018-02-21 00:00:00+00:00,111.24,111.3,106.80405,27.36779,6.2800016,0.5621621621621622,-5361.230158730199,25731.189027393855,5000.0,15369.958868663656,0,,16032.865
2018-02-22 00:00:00+00:00,111.34,109.96,106.94175,26.510683,6.2957153,0.5621621621621622,-5362.222222222263,25421.39729128917,5000.0,15059.175069066907,0,,15839.837
2018-02-23 00:00:00+00:00,110.11,108.75,107.08025,22.475166,6.2414293,0.5621621621621622,-5363.214285714326,25141.66097017793,5000.0,14778.446684463604,0,,15665.536
2018-02-26 00:00:00+00:00,108.94,111.33,107.19905,22.805548,6.20143,0.5621621621621622,-5364.20634920639,25738.126721665903,5000.0,15373.920372459514,0,,16037.188
2018-02-27 00:00:00+00:00,110.94,110.19,107.3315,29.166672,5.9650006,0.5621621621621622,-5365.1984126984535,25474.572433619822,5000.0,15109.374020921368,0,,15872.971
2018-02-28 00:00:00+00:00,110.99,112.01,107.46065,39.964317,4.4821434,0.527027027027027,-5366.190476190517,25895.33400800353,5000.0,15529.143531813013,0,,16135.143
2018-03-01 00:00:00+00:00,111.63,111.36,107.60035,46.130596,4.294286,0.5621621621621622,-5367.182539682581,25745.0621259651,5000.0,15377.87958628252,0,,16041.51
2018-03-02 00:00:00+00:00,111.03,115.0,107.73215,50.34642,4.140715,0.527027027027027,-5368.174603174644,26586.586583867207,5000.0,16218.411980692563,0,,16565.855
2018-03-05 00:00:00+00:00,114.51,115.35,107.8875,63.189568,3.5214293,0.5621621621621622,-5369.166666666708,26667.500551415356,5000.0,16298.333884748648,0,,16616.273
2018-03-06 00:00:00+00:00,115.35,118.17,108.0435,58.748592,3.3242862,0.5621621621621622,-5370.1587301587715,27319.449521445153,5000.0,16949.29079128638,0,,17022.496
2018-03-07 00:00:00+00:00,117.6,118.79,108.2123,60.63639,3.332143,0.5621621621621622,-5371.150793650835,27462.788074371616,5000.0,17091.63728072078,0,,17111.809
2018-03-08 00:00:00+00:00,119.39,119.89,108.38105,57.342117,3.1592853,0.5621621621621622,-5372.142857142899,27717.095095849923,5000.0,17344.952238707025,0,,17270.266
2018-03-09 00:00:00+00:00,120.22,124.54,108.55525,54.98774,3.080714,0.5621621621621622,-5373.134920634962,28792.118616927608,5000.0,18418.983696292646,0,,17940.104
2018-03-12 00:00:00+00:00,124.17,123.82,108.7493,78.32107,2.9414287,0.5621621621621622,-5374.126984127026,28625.662945549815,5000.0,18251.53596142279,0,,17836.387
2018-03-13 00:00:00+00:00,124.56,119.92,108.93825,78.15198,2.8328574,0.5621621621621622,-5375.1190476190895,27724.030155245364,5000.0,17348.911107626274,0,,17274.588
2018-03-14 00:00:00+00:00,120.55,119.29,109.10645,66.239624,3.029286,0.5621621621621622,-5376.111111111153,27578.38213510584,5000.0,17202.271023994686,0,,17183.836
2018-03-15 00:00:00+00:00,119.29,118.61,109.26975,68.060394,2.966429,0.5621621621621622,-5377.103174603217,27421.174066004558,5000.0,17044.07089140134,0,,17085.88
2018-03-16 00:00:00+00:00,118.95,119.22,109.42955,69.48617,2.9614284,0.5621621621621622,-5378.09523809528,27562.199167136423,5000.0,17184.103929041143,0,,17173.752
2018-03-19 00:00:00+00:00,119.2,118.53,109.5938,66.90955,2.871429,0.5621621621621622,-5379.087301587344,27402.679879840547,5000.0,17023.592578253203,0,,17074.355
2018-03-20 00:00:00+00:00,118.6,119.9,109.75235,68.22551,2.9757144,0.5621621621621622,-5380.079365079408,27719.408118398074,5000.0,17339.328753318667,0,,17271.707
2018-03-21 00:00:00+00:00,116.22,117.33,109.9181,67.58804,2.9942868,0.527027027027027,-5381.071428571471,27125.255203380864,5000.0,16744.183774809393,0,,16901.496
2018-03-22 00:00:00+00:00,116.52,112.62,110.07025,62.258728,3.1542866,0.5621621621621622,-5382.063492063535,26036.36088073638,5000.0,15654.297388672847,0,,16223.016
2018-03-23 00:00:00+00:00,112.64,111.71,110.1995,45.318653,3.1007144,0.5621621621621622,-5383.055555555598,25825.97917838499,5000.0,15442.923622829392,0,,16091.929
2018-03-26 00:00:00+00:00,112.94,114.59,110.31365,42.994614,3.0314288,0.5621621621621622,-5384.047619047662,26491.799662423797,5000.0,16107.752043376135,0,,16506.795
2018-03-27 00:00:00+00:00,114.54,112.06,110.441696,43.125957,2.998572,0.5172762962248558,-5385.039682539726,25906.895352962958,5000.0,15521.855670423232,0,,16142.346
2018-03-28 00:00:00+00:00,112.06,111.91,110.55325,37.96064,3.1357155,0.5621621621621622,-5386.031746031789,25872.217898196835,5000.0,15486.186152165046,0,,16120.739
2018-03-29 00:00:00+00:00,112.46,114.1,110.664,35.22223,3.1492865,0.527027027027027,-5387.023809523853,26378.518516600998,5000.0,15991.494707077145,0,,16436.209
2018-04-02 00:00:00+00:00,114.08,112.48,110.78485,28.728596,3.0628574,0.4827586206896552,-5388.015873015916,26003.996173548974,5000.0,15615.980300533058,0,,16202.848
2018-04-03 00:00:00+00:00,112.15,110.99,110.89725,27.71226,3.230714,0.527027027027027,-5389.00793650798,25659.52554566945,5000.0,15270.51760916147,0,,15988.212
2018-04-04 00:00:00+00:00,109.66,111.21,111.0045,30.612236,3.105714,0.527027027027027,-5390.000000000044,25710.3881668306,5000.0,15320.388166830555,0,,16019.903
2018-04-05 00:00:00+00:00,112.39,111.6,111.1177,32.13969,3.1907136,0.527027027027027,-5390.992063492107,25800.551898297348,5000.0,15409.55983480524,0,,16076.083
2018-04-06 00:00:00+00:00,110.26,109.34,111.2276,34.30362,3.186428,0.527027027027027,-5391.984126984171,25278.067076640757,5000.0,14886.082949656586,0,,15750.527
2018-04-09 00:00:00+00:00,109.87,110.03,111.3295,29.399487,3.2707133,0.5621621621621622,-5392.9761904762345,25437.586395797895,5000.0,15044.61020532166,0,,15849.923
2018-04-10 00:00:00+00:00,110.62,110.28,111.43555,32.276894,3.2335713,0.527027027027027,-5393.968253968298,25495.383875034488,5000.0,15101.41562106619,0,,15885.936
2018-04-11 00:00:00+00:00,109.67,108.45,111.5441,28.958868,3.1035712,0.527027027027027,-5394.960317460362,25072.31062158402,5000.0,14677.350304123658,0,,15622.322
2018-04-12 00:00:00+00:00,108.92,109.67,111.6425,29.927652,2.985714,0.5621621621621622,-5395.952380952425,25354.359650031533,5000.0,14958.407269079107,0,,15798.064
2018-04-13 00:00:00+00:00,109.95,108.35,111.74275,42.08265,2.807857,0.527027027027027,-5396.944444444489,25049.192418897943,5000.0,14652.247974453454,0,,15607.917
2018-04-16 00:00:00+00:00,109.08,108.81,111.83445,41.176464,2.7728572,0.5621621621621622,-5397.9365079365525,25155.539257229957,5000.0,14757.602749293404,0,,15674.181
2018-04-17 00:00:00+00:00,109.63,110.09,111.92575,32.61131,2.6164284,0.5621621621621622,-5398.928571428616,25451.458271910753,5000.0,15052.529700482137,0,,15858.565
2018-04-18 00:00:00+00:00,110.25,109.33,112.0212,43.591404,2.4528568,0.5621621621621622,-5399.92063492068,25275.756421433733,5000.0,14875.835786513053,0,,15749.087
2018-04-19 00:00:00+00:00,108.99,109.88,112.11085,41.927402,2.4042854,0.527027027027027,-5400.912698412743,25402.909450992927,5000.0,15001.996752580184,0,,15828.315
2018-04-20 00:00:00+00:00,110.19,110.16,112.2007,35.285904,2.2721426,0.527027027027027,-5401.904761904807,25467.644624615757,5000.0,15065.73986271095,0,,15868.65
2018-04-23 00:00:00+00:00,110.74,107.94,112.28635,41.07693,2.0878575,0.527027027027027,-5402.896825396871,24954.407681697667,5000.0,14551.510856300796,0,,15548.857
2018-04-24 00:00:00+00:00,108.49,105.55,112.36515,38.892956,2.0657146,0.5621621621621622,-5403.888888888934,24401.868847745893,5000.0,13997.979958856959,0,,15204.576
2018-04-25 00:00:00+00:00,105.26,106.27,112.428,32.20127,2.1092856,0.5621621621621622,-5404.880952380998,24568.323608679497,5000.0,14163.442656298499,0,,15308.293
2018-04-26 00:00:00+00:00,106.44,106.87,112.4959,33.57978,2.1478565,0.527027027027027,-5405.873015873061,24707.039055995414,5000.0,14301.166040122353,0,,15394.726
2018-04-27 00:00:00+00:00,106.67,106.19,112.5663,41.5237,2.130714,0.5621621621621622,-5406.865079365125,24549.831738269604,5000.0,14142.96665890448,0,,15296.771
2018-04-30 00:00:00+00:00,106.61,106.78,112.63755,36.813198,2.100713,0.5621621621621622,-5407.857142857189,24686.230293050747,5000.0,14278.373150193558,0,,15381.761
2018-05-01 00:00:00+00:00,106.39,107.29,112.70875,38.255028,2.127855,0.5621621621621622,-5408.849206349252,24804.137638693952,5000.0,14395.2884323447,0,,15455.229
2018-05-02 00:00:00+00:00,106.85,106.79,112.7853,45.729027,2.0749981,0.5621621621621622,-5409.841269841316,24688.544187109437,5000.0,14278.702917268121,0,,15383.203
2018-05-03 00:00:00+00:00,106.68,105.45,112.859146,38.802494,2.0714264,0.5621621621621622,-5410.833333333379,24378.751608244478,5000.0,13967.918274911099,0,,15190.175
2018-05-04 00:00:00+00:00,108.5,102.49,112.9208,38.74223,2.1049979,0.5621621621621622,-5411.825396825443,23694.43634976327,5000.0,13282.610952937826,0,,14763.784
2018-05-07 00:00:00+00:00,102.42,103.16,112.9687,29.453833,2.4778552,0.5621621621621622,-5412.817460317507,23849.33442045446,5000.0,13436.516960136953,0,,14860.3
2018-05-08 00:00:00+00:00,102.1,102.37,113.01875,26.540316,2.5307121,0.5621621621621622,-5413.80952380957,23666.696103922088,5000.0,13252.886580112518,0,,14746.499
2018-05-09 00:00:00+00:00,102.57,103.91,113.0609,26.486507,2.5414264,0.5621621621621622,-5414.801587301634,24022.72597778654,5000.0,13607.924390484906,0,,14968.338
2018-05-10 00:00:00+00:00,104.27,105.41,113.1112,31.09567,2.624284,0.527027027027027,-5415.793650793697,24369.506752326735,5000.0,13953.713101533038,0,,15184.414
2018-05-11 00:00:00+00:00,105.25,106.82,113.17125,36.037632,2.674998,0.5621621621621622,-5416.785714285761,24695.481929992904,5000.0,14278.696215707143,0,,15387.526
2018-05-14 00:00:00+00:00,107.05,108.11,113.23515,46.5432,2.6378555,0.5621621621621622,-5417.777777777825,24993.713901427975,5000.0,14575.93612365015,0,,15573.353
2018-05-15 00:00:00+00:00,107.94,108.11,113.30925,58.47681,2.5064273,0.5621621621621622,-5418.769841269888,24993.713901427975,5000.0,14574.944060158086,0,,15573.353
2018-05-16 00:00:00+00:00,107.95,108.45,113.38235,56.39778,2.481428,0.5621621621621622,-5419.761904761952,25072.315639217315,5000.0,14652.553734455363,0,,15622.328
2018-05-17 00:00:00+00:00,108.44,108.38,113.45195,55.59488,2.4135704,0.5621621621621622,-5420.7539682540155,25056.132495002144,5000.0,14635.378526748129,0,,15612.244
2018-05-18 00:00:00+00:00,108.01,106.56,113.5178,58.105087,2.3585713,0.5621621621621622,-5421.746031746079,24635.37051967728,5000.0,14213.6244879312,0,,15350.071
2018-05-21 00:00:00+00:00,106.76,106.49,113.57665,49.253727,2.345714,0.5621621621621622,-5422.738095238143,24619.187476048504,5000.0,14196.449380810362,0,,15339.987
2018-05-22 00:00:00+00:00,106.99,104.44,113.63415,47.202785,2.316428,0.5621621621621622,-5423.730158730206,24145.254041661843,5000.0,13721.523882931637,0,,15044.684
2018-05-23 00:00:00+00:00,104.22,103.84,113.68885,42.586754,2.3635712,0.5621621621621622,-5424.72222222227,24006.539709629305,5000.0,13581.817487407036,0,,14958.252
2018-05-24 00:00:00+00:00,103.47,102.78,113.73485,44.6724,2.2728565,0.5621621621621622,-5425.7142857143335,23761.480696039056,5000.0,13335.766410324723,0,,14805.558
2018-05-25 00:00:00+00:00,102.77,103.09,113.77145,51.097656,1.9792851,0.5621621621621622,-5426.706349206397,23833.14803620926,5000.0,13406.441687002862,0,,14850.214
2018-05-29 00:00:00+00:00,102.98,101.99,113.8029,49.727596,1.9092854,0.5621621621621622,-5427.698412698461,23578.842514840395,5000.0,13151.144102141934,0,,14691.758
2018-05-30 00:00:00+00:00,101.28,99.02,113.8295,48.55621,1.952143,0.5621621621621622,-5428.690476190524,22892.21471688554,5000.0,12463.524240695016,0,,14263.927
2018-05-31 00:00:00+00:00,98.68,97.56,113.84345,33.24191,2.0949996,0.5621621621621622,-5429.682539682588,22554.681359340957,5000.0,12124.998819658369,0,,14053.613
2018-06-01 00:00:00+00:00,98.85,98.42,113.8459,23.024012,2.0785708,0.5621621621621622,-5430.674603174652,22753.502006079703,5000.0,12322.827402905052,0,,14177.496
2018-06-04 00:00:00+00:00,98.32,98.07,113.850296,19.999979,2.0071416,0.5621621621621622,-5431.666666666715,22672.5861860659,5000.0,12240.919519399184,0,,14127.078
2018-06-05 00:00:00+00:00,98.08,99.3,113.8515,11.561988,1.9892851,0.5621621621621622,-5432.658730158779,22956.948676865584,5000.0,12524.289946706805,0,,14304.261
2018-06-06 00:00:00+00:00,99.3,100.32,113.86205,19.174242,1.9785707,0.5621621621621622,-5433.650793650842,23192.76031529707,5000.0,12759.109521646227,0,,14451.193
2018-06-07 00:00:00+00:00,101.01,102.91,113.88215,22.84569,1.9371425,0.5621621621621622,-5434.642857142906,23791.53695225573,5000.0,13356.894095112824,0,,14824.285
2018-06-08 00:00:00+00:00,102.45,103.95,113.91125,34.36251,2.0357137,0.527027027027027,-5435.63492063497,24031.97061581356,5000.0,13596.33569517859,0,,14974.097
2018-06-11 00:00:00+00:00,104.29,104.92,113.93545,42.1903,2.0892856,0.5621621621621622,-5436.626984127033,24256.224102907563,5000.0,13819.59711878053,0,,15113.827
2018-06-12 00:00:00+00:00,104.77,105.6,113.96805,45.542305,2.154286,0.5621621621621622,-5437.619047619097,24413.432830747377,5000.0,13975.81378312828,0,,15211.782
2018-06-13 00:00:00+00:00,105.79,104.5,114.003746,53.571415,2.0828574,0.5621621621621622,-5438.61111111116,24159.127208863087,5000.0,13720.516097751926,0,,15053.327
2018-06-14 00:00:00+00:00,104.68,103.81,114.0274,51.971336,2.1178577,0.5621621621621622,-5439.603174603224,23999.607310332638,5000.0,13560.004135729414,0,,14953.932
2018-06-15 00:00:00+00:00,103.4,102.82,114.0457,53.145996,2.1264293,0.5621621621621622,-5440.595238095288,23770.732080351776,5000.0,13330.136842256488,0,,14811.321
2018-06-18 00:00:00+00:00,102.62,103.54,114.0581,49.20822,2.168572,0.5621621621621622,-5441.587301587351,23937.1888207149,5000.0,13495.601519127547,0,,14915.039
2018-06-19 00:00:00+00:00,102.71,105.2,114.07445,54.64908,2.1607149,0.5621621621621622,-5442.579365079415,24320.960779602232,5000.0,13878.381414522817,0,,15154.164
2018-06-20 00:00:00+00:00,105.04,104.22,114.096,70.117195,2.1507154,0.5621621621621622,-5443.5714285714785,24094.397645451532,5000.0,13650.826216880054,0,,15012.995
2018-06-21 00:00:00+00:00,104.21,103.95,114.1124,72.37906,2.2000012,0.5621621621621622,-5444.563492063542,24031.975906728043,5000.0,13587.4124146645,0,,14974.101
2018-06-22 00:00:00+00:00,104.58,104.98,114.12115,69.3492,2.2057157,0.5621621621621622,-5445.555555555606,24270.100973171397,5000.0,13824.545417615791,0,,15122.475
2018-06-25 00:00:00+00:00,104.68,104.15,114.1274,73.079506,2.2292867,0.5621621621621622,-5446.547619047669,24078.2152906132,5000.0,13631.66767156553,0,,15002.912
2018-06-26 00:00:00+00:00,104.68,105.77,114.12975,66.64378,2.2907147,0.5621621621621622,-5447.539682539733,24452.73815914147,5000.0,14005.198476601738,0,,15236.274
2018-06-27 00:00:00+00:00,105.94,103.95,114.1349,67.96307,2.4450002,0.527027027027027,-5448.5317460317965,24031.976331095255,5000.0,13583.444585063458,0,,14974.102
2018-06-28 00:00:00+00:00,103.94,103.81,114.13275,53.611088,2.4100003,0.5621621621621622,-5449.52380952386,23999.610859660595,5000.0,13550.087050136735,0,,14953.936
2018-06-29 00:00:00+00:00,103.91,104.07,114.12815,49.481483,2.322143,0.5621621621621622,-5450.515873015924,24059.71997718778,5000.0,13609.204104171855,0,,14991.389
2018-07-02 00:00:00+00:00,103.38,103.75,114.12165,46.677097,2.4085715,0.5621621621621622,-5451.507936507987,23985.740553279593,5000.0,13534.232616771606,0,,14945.292
2018-07-03 00:00:00+00:00,104.28,102.42,114.11115,42.558334,2.3314285,0.5621621621621622,-5452.500000000051,23678.26038539745,5000.0,13225.7603853974,0,,14753.704
2018-07-05 00:00:00+00:00,102.66,102.94,114.0999,41.785145,2.3714283,0.5621621621621622,-5453.4920634921145,23798.477841000822,5000.0,13344.985777508708,0,,14828.61
2018-07-06 00:00:00+00:00,102.54,100.79,114.08715,46.517235,2.273571,0.5621621621621622,-5454.484126984178,23301.424156807367,5000.0,12846.940029823189,0,,14518.901
2018-07-09 00:00:00+00:00,100.51,103.21,114.06395,42.564114,2.3371425,0.5621621621621622,-5455.476190476242,23860.898356066056,5000.0,13405.422165589815,0,,14867.505
2018-07-10 00:00:00+00:00,103.5,102.9,114.048,48.925076,2.3978565,0.5621621621621622,-5456.468253968305,23789.231249374425,5000.0,13332.76299540612,0,,14822.851
2018-07-11 00:00:00+00:00,101.91,102.15,114.0312,41.785736,2.1678565,0.5621621621621622,-5457.460317460369,23615.840231170496,5000.0,13158.379913710127,0,,14714.8125
2018-07-12 00:00:00+00:00,102.51,103.13,114.00895,42.48367,2.0949996,0.5621621621621622,-5458.452380952433,23842.40411282096,5000.0,13383.951731868528,0,,14855.982
2018-07-13 00:00:00+00:00,103.24,102.9,113.99305,47.16851,2.085714,0.5621621621621622,-5459.444444444496,23789.23156069519,5000.0,13329.787116250693,0,,14822.851
2018-07-16 00:00:00+00:00,102.83,103.73,113.984,42.39765,2.047857,0.5621621621621622,-5460.43650793656,23981.116886018688,5000.0,13520.680378082128,0,,14942.412
2018-07-17 00:00:00+00:00,103.95,104.88,113.96915,48.46492,1.9885718,0.5621621621621622,-5461.428571428623,24246.982673334027,5000.0,13785.554101905404,0,,15108.07
2018-07-18 00:00:00+00:00,105.0,106.02,113.95695,46.63134,1.880715,0.5621621621621622,-5462.420634920687,24510.53532475779,5000.0,14048.114689837104,0,,15272.287
2018-07-19 00:00:00+00:00,105.61,104.76,113.9489,58.26018,1.8185719,0.99,-5463.412698412751,24219.23960991046,5000.0,13755.826911497708,0,,15090.784
2018-07-20 00:00:00+00:00,104.39,104.62,113.9318,53.479874,1.8321435,0.5621621621621622,-5464.404761904814,24186.873121257406,5000.0,13722.468359352592,0,,15070.616
2018-07-23 00:00:00+00:00,104.84,104.29,113.909546,52.032536,1.7014291,0.5621621621621622,-5465.396825396878,24110.581004282994,5000.0,13645.184178886117,0,,15023.079
2018-07-24 00:00:00+00:00,104.4,104.13,113.8843,51.9941,1.7435716,0.5621621621621622,-5466.388888888941,24073.589982944875,5000.0,13607.201094055934,0,,15000.03
2018-07-25 00:00:00+00:00,104.07,105.33,113.8628,56.91189,1.7078574,0.5621621621621622,-5467.380952381005,24351.015989409985,5000.0,13883.63503702898,0,,15172.892
2018-07-26 00:00:00+00:00,105.31,103.92,113.8486,59.157093,1.741429,0.5621621621621622,-5468.373015873069,24025.039955600467,5000.0,13556.666939727398,0,,14969.779
2018-07-27 00:00:00+00:00,104.14,102.17,113.8221,62.71324,1.6821431,0.5621621621621622,-5469.365079365132,23620.46160133144,5000.0,13151.096521966309,0,,14717.689
2018-07-30 00:00:00+00:00,102.08,96.68,113.7908,45.53264,1.6307144,0.5621621621621622,-5470.357142857196,22351.241019301033,5000.0,11880.883876443837,0,,13926.851
2018-07-31 00:00:00+00:00,97.24,97.13,113.7287,31.510096,1.9449997,0.5621621621621622,-5471.3492063492595,22455.27546763842,5000.0,11983.926261289162,0,,13991.673
2018-08-01 00:00:00+00:00,97.07,96.36,113.66425,34.80627,2.0892851,0.5621621621621622,-5472.341269841323,22277.26177976128,5000.0,11804.920509919957,0,,13880.755
2018-08-02 00:00:00+00:00,96.34,95.8,113.59355,29.24586,2.1414282,0.5621621621621622,-5473.333333333387,22147.797195125277,5000.0,11674.46386179189,0,,13800.087
2018-08-03 00:00:00+00:00,94.18,94.63,113.52405,28.66586,2.1785715,0.5621621621621622,-5474.32539682545,21877.30633148728,5000.0,11402.980934661831,0,,13631.547
2018-08-06 00:00:00+00:00,94.21,92.96,113.44955,23.203745,2.3621428,0.5621621621621622,-5475.317460317514,21491.222550881463,5000.0,11015.905090563949,0,,13390.981
2018-08-07 00:00:00+00:00,93.18,93.62,113.3664,15.9428625,2.3692856,0.5621621621621622,-5476.3095238095775,21643.807369803195,5000.0,11167.497845993617,0,,13486.055
2018-08-08 00:00:00+00:00,93.67,92.7,113.28985,13.572295,2.3592856,0.5621621621621622,-5477.301587301641,21431.1132898641,5000.0,10953.81170256246,0,,13353.527
2018-08-09 00:00:00+00:00,92.8,92.1,113.2034,13.848939,2.3621428,0.5621621621621622,-5478.293650793705,21292.40108682956,5000.0,10814.107436035854,0,,13267.098
2018-08-10 00:00:00+00:00,91.95,92.49,113.11045,13.477265,2.3621433,0.5621621621621622,-5479.285714285768,21382.56487460059,5000.0,10903.279160314822,0,,13323.277
2018-08-13 00:00:00+00:00,92.5,92.78,113.02165,15.69769,2.3607152,0.527027027027027,-5480.277777777832,21449.60868226591,5000.0,10969.330904488077,0,,13365.052
2018-08-14 00:00:00+00:00,93.18,93.46,112.9369,17.25334,2.3392868,0.5621621621621622,-5481.269841269896,21606.817702046435,5000.0,11125.54786077654,0,,13463.007
2018-08-15 00:00:00+00:00,93.28,94.65,112.84675,14.693638,2.2964299,0.5621621621621622,-5482.261904761959,21881.93178518819,5000.0,11399.66988042623,0,,13634.428
2018-08-16 00:00:00+00:00,94.78,95.11,112.76025,22.0615,2.2950015,0.527027027027027,-5483.253968254023,21988.278926090512,5000.0,11505.02495783649,0,,13700.691
2018-08-17 00:00:00+00:00,94.96,95.77,112.6765,26.928118,2.235001,0.5621621621621622,-5484.246031746086,22140.86201312553,5000.0,11656.615981379444,0,,13795.765
2018-08-20 00:00:00+00:00,97.21,98.78,112.59005,45.654232,1.9400014,0.5621621621621622,-5485.23809523815,22836.73888206023,5000.0,12351.500786822078,0,,14229.358
2018-08-21 00:00:00+00:00,98.9,97.84,112.5208,56.331547,1.9414302,0.527027027027027,-5486.230158730214,22619.421735432537,5000.0,12133.191576702324,0,,14093.95
2018-08-22 00:00:00+00:00,97.6,99.12,112.43215,55.60604,1.9092871,0.5621621621621622,-5487.222222222277,22915.343113372124,5000.0,12428.120891149847,0,,14278.336
2018-08-23 00:00:00+00:00,98.82,100.08,112.352646,61.92527,1.9664296,0.5621621621621622,-5488.214285714341,23137.28458048908,5000.0,12649.070294774738,0,,14416.626
2018-08-24 00:00:00+00:00,100.18,102.61,112.28085,69.876,1.8078581,0.5621621621621622,-5489.206349206404,23722.189590081573,5000.0,13232.983240875168,0,,14781.074
2018-08-27 00:00:00+00:00,103.07,101.14,112.2268,83.11597,1.870715,0.5621621621621622,-5490.198412698468,23382.343234622163,5000.0,12892.144821923695,0,,14569.319
2018-08-28 00:00:00+00:00,101.54,100.23,112.1654,74.4473,1.995715,0.5621621621621622,-5491.190476190532,23171.963390099125,5000.0,12680.772913908593,0,,14438.233
2018-08-29 00:00:00+00:00,100.17,100.77,112.0959,74.49579,2.0028577,0.5621621621621622,-5492.182539682595,23296.803377073382,5000.0,12804.620837390787,0,,14516.02
2018-08-30 00:00:00+00:00,100.05,100.64,112.0275,78.31483,1.9871428,0.5621621621621622,-5493.174603174659,23266.749957275366,5000.0,12773.575354100707,0,,14497.293
2018-08-31 00:00:00+00:00,100.64,100.8,111.952,77.07642,1.9699996,0.5621621621621622,-5494.166666666722,23303.74163028955,5000.0,12809.574963622828,0,,14520.343
2018-09-04 00:00:00+00:00,100.66,104.01,111.873,76.87669,1.9378564,0.5621621621621622,-5495.158730158786,24045.854222496822,5000.0,13550.695492338036,0,,14982.746
2018-09-05 00:00:00+00:00,104.24,103.31,111.8155,80.22924,2.104999,0.527027027027027,-5496.15079365085,23884.022275061398,5000.0,13387.871481410548,0,,14881.91
2018-09-06 00:00:00+00:00,103.38,102.9,111.75195,75.53065,2.104999,0.5621621621621622,-5497.142857142913,23789.236228847403,5000.0,13292.09337170449,0,,14822.851
2018-09-07 00:00:00+00:00,103.12,104.33,111.68405,73.033714,2.1414278,0.5621621621621622,-5498.134920634977,24119.83386824289,5000.0,13621.698947607914,0,,15028.843
2018-09-10 00:00:00+00:00,104.61,103.41,111.60955,74.20816,2.1707137,0.5340314136125655,-5499.1269841270405,23907.141565669965,5000.0,13408.014581542924,0,,14896.316
2018-09-11 00:00:00+00:00,103.37,104.04,111.52845,64.84928,2.057142,0.5542857142857144,-5500.119047619104,24052.7884321958,5000.0,13552.669384576697,0,,14987.068
2018-09-12 00:00:00+00:00,103.78,103.5,111.4519,70.28799,2.0778563,0.5542857142857144,-5501.111111111168,23927.946935019678,5000.0,13426.83582390851,0,,14909.28
2018-09-13 00:00:00+00:00,103.93,104.07,111.36875,65.061905,2.0599992,0.5542857142857144,-5502.103174603231,24059.72366037197,5000.0,13557.620485768737,0,,14991.39
2018-09-14 00:00:00+00:00,104.06,104.2,111.2866,64.098946,1.9885706,0.5542857142857144,-5503.095238095295,24089.776058161133,5000.0,13586.680820065838,0,,15010.115
2018-09-17 00:00:00+00:00,104.7,104.78,111.194,56.76595,1.8871422,0.5340314136125655,-5504.0873015873585,24223.865517757255,5000.0,13719.778216169896,0,,15093.665
2018-09-18 00:00:00+00:00,104.78,106.19,111.11325,66.758766,1.7657133,0.5542857142857144,-5505.079365079422,24549.841750656266,5000.0,14044.762385576843,0,,15296.777
2018-09-19 00:00:00+00:00,105.88,106.94,111.02705,76.23241,1.8535701,0.5542857142857144,-5506.071428571486,24723.232195674216,5000.0,14217.16076710273,0,,15404.815
2018-09-20 00:00:00+00:00,106.39,107.18,110.9405,76.66381,1.9464275,0.5542857142857144,-5507.063492063549,24778.71691606117,5000.0,14271.65342399762,0,,15439.388
2018-09-21 00:00:00+00:00,108.15,107.15,110.86085,77.99658,2.0107133,0.5340314136125655,-5508.055555555613,24771.781268654722,5000.0,14263.72571309911,0,,15435.066
2018-09-24 00:00:00+00:00,107.26,105.29,110.77775,77.48918,2.109285,0.5340314136125655,-5509.047619047677,24341.771893188965,5000.0,13832.724274141288,0,,15167.132
2018-09-25 00:00:00+00:00,102.22,101.99,110.68715,56.274506,2.0192854,0.5542857142857144,-5510.03968253974,23578.85135868912,5000.0,13068.81167614938,0,,14691.763
2018-09-26 00:00:00+00:00,101.98,98.87,110.57615,44.84375,2.2899997,0.5340314136125655,-5511.031746031804,22857.546240064148,5000.0,12346.514494032344,0,,14242.325
2018-09-27 00:00:00+00:00,98.57,97.76,110.44415,37.00838,2.450714,0.5542857142857144,-5512.023809523867,22600.927026268873,5000.0,12088.903216745006,0,,14082.428
2018-09-28 00:00:00+00:00,96.97,95.96,110.3012,28.373924,2.4292853,0.5542857142857144,-5513.015873015931,22184.788116947762,5000.0,11671.772243931831,0,,13823.136
2018-10-01 00:00:00+00:00,95.5,97.03,110.1429,26.820147,2.4692857,0.5542857142857144,-5514.007936507995,22432.159137991413,5000.0,11918.151201483419,0,,13977.2705
2018-10-02 00:00:00+00:00,97.02,96.62,109.99665,28.77044,2.460714,0.5542857142857144,-5515.000000000058,22337.373555362487,5000.0,11822.373555362428,0,,13918.21
2018-10-03 00:00:00+00:00,97.36,95.64,109.84945,28.998783,2.4021428,0.5542857142857144,-5515.992063492122,22110.808640149946,5000.0,11594.816576657824,0,,13777.04
2018-10-04 00:00:00+00:00,95.62,95.43,109.6958,24.895771,2.462143,0.5542857142857144,-5516.984126984185,22062.259585963253,5000.0,11545.275458979067,0,,13746.79
2018-10-05 00:00:00+00:00,94.18,97.21,109.544,24.007128,2.51,0.5542857142857144,-5517.976190476249,22473.774539683403,5000.0,11955.798349207154,0,,14003.2
2018-10-08 00:00:00+00:00,97.52,99.92,109.4068,29.05368,2.7150002,0.5542857142857144,-5518.968253968313,23100.294102732743,5000.0,12581.32584876443,0,,14393.579
2018-10-09 00:00:00+00:00,98.77,101.4,109.28525,33.815163,2.72,0.5340314136125655,-5519.960317460376,23442.4527353162,5000.0,12922.492417855825,0,,14606.775
2018-10-10 00:00:00+00:00,100.74,101.96,109.1691,36.218903,2.7721431,0.5542857142857144,-5520.95238095244,23571.916230078263,5000.0,13050.963849125823,0,,14687.442
2018-10-11 00:00:00+00:00,102.31,100.8,109.05655,37.21841,2.833572,0.5542857142857144,-5521.9444444445035,23303.73908206396,5000.0,12781.794637619456,0,,14520.344
2018-10-12 00:00:00+00:00,100.45,100.11,108.94035,35.266823,2.8128574,0.5542857142857144,-5522.936507936567,23144.219492452634,5000.0,12621.282984516067,0,,14420.948
2018-10-15 00:00:00+00:00,97.73,99.26,108.8171,37.29146,2.8621428,0.5542857142857144,-5523.928571428631,22947.710672247875,5000.0,12423.782100819244,0,,14298.506
2018-10-16 00:00:00+00:00,99.27,102.79,108.68915,42.38707,2.8492856,0.5542857142857144,-5524.920634920694,23763.802661085396,5000.0,13238.882026164702,0,,14807.005
2018-10-17 00:00:00+00:00,100.69,102.64,108.58015,60.68702,2.830714,0.5542857142857144,-5525.912698412758,23729.124131551573,5000.0,13203.211433138815,0,,14785.397
2018-10-18 00:00:00+00:00,103.39,103.3,108.4796,64.03912,2.982143,0.5542857142857144,-5526.9047619048215,23881.708765948606,5000.0,13354.804004043785,0,,14880.472
2018-10-19 00:00:00+00:00,102.35,104.91,108.3783,72.59853,3.0071428,0.5542857142857144,-5527.896825396885,24253.920981309922,5000.0,13726.024155913037,0,,15112.393
2018-10-22 00:00:00+00:00,104.07,104.43,108.282646,73.48035,3.0664287,0.5542857142857144,-5528.888888888949,24142.95027661331,5000.0,13614.06138772436,0,,15043.248
2018-10-23 00:00:00+00:00,105.34,106.78,108.1668,73.17506,3.1000001,0.5542857142857144,-5529.880952381012,24686.242408480277,5000.0,14156.361456099265,0,,15381.768
2018-10-24 00:00:00+00:00,106.32,105.8,108.05305,80.5708,3.2250001,0.5542857142857144,-5530.873015873076,24459.679857155425,5000.0,13928.806841282349,0,,15240.599
2018-10-25 00:00:00+00:00,105.8,106.7,107.9281,77.303856,3.1835713,0.5542857142857144,-5531.8650793651395,24667.74701624152,5000.0,14135.88193687638,0,,15370.244
2018-10-26 00:00:00+00:00,106.7,106.93,107.79995,76.201,2.9828568,0.5542857142857144,-5532.857142857203,24720.922330822283,5000.0,14188.06518796508,0,,15403.377
2018-10-29 00:00:00+00:00,109.0,108.91,107.67365,72.424835,2.8964283,0.5340314136125655,-5533.849206349267,25178.67418496145,5000.0,14644.824978612181,0,,15688.599
2018-10-30 00:00:00+00:00,109.59,111.95,107.56065,73.27962,2.8871422,0.5340314136125655,-5534.84126984133,25881.482870312906,5000.0,15346.641600471576,0,,16126.513
2018-10-31 00:00:00+00:00,112.49,112.85,107.46645,76.840416,2.9199994,0.5542857142857144,-5535.833333333394,26089.553306229216,5000.0,15553.719972895822,0,,16256.159
2018-11-01 00:00:00+00:00,113.67,110.5,107.3731,82.83378,3.0071416,0.5542857142857144,-5536.825396825458,25546.262498111988,5000.0,15009.43710128653,0,,15917.64
2018-11-02 00:00:00+00:00,114.5,112.25,107.26105,75.96202,3.104999,0.5542857142857144,-5537.817460317521,25950.840530502664,5000.0,15413.023070185143,0,,16169.729
2018-11-05 00:00:00+00:00,114.14,112.14,107.1529,81.06169,3.282856,0.5340314136125655,-5538.809523809585,25925.409745731104,5000.0,15386.600221921519,0,,16153.883
2018-11-06 00:00:00+00:00,111.14,112.44,107.0408,76.72956,3.2449994,0.5340314136125655,-5539.801587301648,25994.767861584616,5000.0,15454.966274282968,0,,16197.1
2018-11-07 00:00:00+00:00,112.44,111.23,106.92895,77.77779,3.2178562,0.5340314136125655,-5540.793650793712,25715.03138034709,5000.0,15174.237729553377,0,,16022.799
2018-11-08 00:00:00+00:00,110.23,109.8,106.80725,71.7977,3.209999,0.5542857142857144,-5541.785714285776,25384.43263568708,5000.0,14842.646921401305,0,,15816.807
2018-11-09 00:00:00+00:00,108.02,108.9,106.67045,63.575794,3.307142,0.5542857142857144,-5542.777777777839,25176.363763760153,5000.0,14633.585985982314,0,,15687.16
2018-11-12 00:00:00+00:00,108.46,107.6,106.52985,62.126976,3.303571,0.5542857142857144,-5543.769841269903,24875.8194447121,5000.0,14332.049603442196,0,,15499.895
2018-11-13 00:00:00+00:00,108.0,109.49,106.3923,52.35903,3.1992848,0.5542857142857144,-5544.761904761966,25312.763511224748,5000.0,14768.001606462782,0,,15772.15
2018-11-14 00:00:00+00:00,109.07,109.6,106.2733,60.087463,3.2978566,0.5542857142857144,-5545.75396825403,25338.195140748096,5000.0,14792.441172494066,0,,15787.997
2018-11-15 00:00:00+00:00,108.56,109.71,106.14935,58.285713,3.342857,0.5340314136125655,-5546.746031746094,25363.62513639099,5000.0,14816.879104644897,0,,15803.843
2018-11-16 00:00:00+00:00,109.98,110.11,106.0151,57.997692,3.3799999,0.5542857142857144,-5547.738095238157,25456.101322523005,5000.0,14908.363227284848,0,,15861.464
2018-11-19 00:00:00+00:00,110.55,110.92,105.8924,53.79746,3.2899997,0.5542857142857144,-5548.730158730221,25643.36368554099,5000.0,15094.633526810769,0,,15978.1455
2018-11-20 00:00:00+00:00,111.74,110.0,105.79435,46.20487,3.2621427,0.5340314136125655,-5549.7222222222845,25430.671864067284,5000.0,14880.949641845,0,,15845.619
2018-11-21 00:00:00+00:00,110.44,107.97,105.75965,39.51436,3.317143,0.5542857142857144,-5550.714285714348,24961.360215468074,5000.0,14410.645929753726,0,,15553.195
2018-11-23 00:00:00+00:00,106.55,107.39,105.72665,40.467228,3.281428,0.5542857142857144,-5551.706349206412,24827.27106805416,5000.0,14275.564718847749,0,,15469.6455
2018-11-26 00:00:00+00:00,107.39,107.27,105.70785,29.917362,2.8307135,0.5542857142857144,-5552.698412698475,24799.527390081374,5000.0,14246.828977382898,0,,15452.358
2018-11-27 00:00:00+00:00,106.1,107.93,105.70865,29.892653,2.7464278,0.5542857142857144,-5553.690476190539,24952.112658958435,5000.0,14398.422182767896,0,,15547.433
2018-11-28 00:00:00+00:00,107.52,106.24,105.6949,31.916605,2.654285,0.5340314136125655,-5554.6825396826025,24561.404519309617,5000.0,14006.721979627015,0,,15303.986
2018-11-29 00:00:00+00:00,105.65,106.83,105.665,30.733587,2.6707132,0.5542857142857144,-5555.674603174666,24697.80588541667,5000.0,14142.131282242004,0,,15388.977
2018-11-30 00:00:00+00:00,106.07,107.62,105.62415,37.73742,2.6249988,0.5542857142857144,-5556.66666666673,24880.443933647086,5000.0,14323.777266980356,0,,15502.776
2018-12-03 00:00:00+00:00,107.72,105.13,105.575,44.66668,2.6378555,0.5542857142857144,-5557.658730158793,24304.78428165575,5000.0,13747.125551496956,0,,15144.087
2018-12-04 00:00:00+00:00,107.24,103.9,105.5434,40.636852,3.0028555,0.5542857142857144,-5558.650793650857,24020.424719147766,5000.0,13461.77392549691,0,,14966.905
2018-12-06 00:00:00+00:00,103.58,103.62,105.509,27.693575,3.107855,0.5542857142857144,-5559.642857142921,23955.691961172495,5000.0,13396.049104029575,0,,14926.57
2018-12-07 00:00:00+00:00,104.44,104.34,105.4706,26.456732,3.0842836,0.5542857142857144,-5560.634920634984,24122.144537969605,5000.0,13561.509617334621,0,,15030.286
2018-12-10 00:00:00+00:00,104.32,105.46,105.4425,29.827194,3.0492833,0.5542857142857144,-5561.626984127048,24381.076473389818,5000.0,13819.44948926277,0,,15191.624
2018-12-11 00:00:00+00:00,106.05,103.38,105.42605,33.42837,3.060712,0.5542857142857144,-5562.619047619111,23900.205640948476,5000.0,13337.586593329364,0,,14891.998
2018-12-12 00:00:00+00:00,104.31,104.49,105.3863,25.359491,3.0749981,0.5542857142857144,-5563.611111111175,24156.823618791117,5000.0,13593.212507679942,0,,15051.895
2018-12-13 00:00:00+00:00,104.31,102.86,105.3578,32.21434,2.9807124,0.5542857142857144,-5564.603174603239,23779.988069493833,5000.0,13215.384894890594,0,,14817.091
2018-12-14 00:00:00+00:00,103.16,100.89,105.31205,33.068268,2.9478552,0.6666666666666666,-5565.595238095302,23324.546992352913,5000.0,12758.95175425761,0,,14533.31
2018-12-17 00:00:00+00:00,101.49,100.27,105.2597,30.279139,3.0614269,0.5542857142857144,-5566.587301587366,23181.209298899746,5000.0,12614.62199731238,0,,14443.997
2018-12-18 00:00:00+00:00,100.38,99.15,105.18605,29.387527,3.094284,0.5542857142857144,-5567.579365079429,22922.280030766393,5000.0,12354.700665686963,0,,14282.66
2018-12-19 00:00:00+00:00,99.76,98.08,105.10505,24.82799,3.1942842,0.5542857142857144,-5568.571428571493,22674.909226756336,5000.0,12106.337798184843,0,,14128.526
2018-12-20 00:00:00+00:00,98.6,96.75,105.0046,25.743174,3.187856,0.6666666666666666,-5569.563492063557,22367.429414632967,5000.0,11797.86592256941,0,,13936.938
2018-12-21 00:00:00+00:00,96.41,96.08,104.8944,21.298397,3.1292844,0.6666666666666666,-5570.55555555562,22212.5339271051,5000.0,11641.978371549481,0,,13840.424
2018-12-24 00:00:00+00:00,95.74,91.23,104.77535,16.915125,3.33857,0.6666666666666666,-5571.547619047684,21091.2728373553,5000.0,10519.725218307616,0,,13141.776
2018-12-26 00:00:00+00:00,91.55,94.12,104.6088,14.898984,3.1985703,0.6666666666666666,-5572.539682539747,21759.406391659835,5000.0,11186.866709120088,0,,13558.084
2018-12-27 00:00:00+00:00,93.21,95.62,104.4603,27.213413,3.3314273,0.5542857142857144,-5573.531746031811,22106.188007930497,5000.0,11532.656261898686,0,,13774.16
2018-12-28 00:00:00+00:00,95.67,96.21,104.3388,32.36331,3.4778562,0.5542857142857144,-5574.523809523875,22242.589219107667,5000.0,11668.065409583793,0,,13859.15
2018-12-31 00:00:00+00:00,95.98,97.83,104.2234,31.973394,3.464999,0.6666666666666666,-5575.515873015938,22617.11422785879,5000.0,12041.598354842852,0,,14092.514
2019-01-02 00:00:00+00:00,95.94,95.89,104.1195,33.449028,3.4871418,0.5542857142857144,-5576.507936508002,22168.609024767873,5000.0,11592.101088259871,0,,13813.054
2019-01-03 00:00:00+00:00,95.0,95.59,104.00285,33.653427,3.4585707,0.6666666666666666,-5577.5000000000655,22099.252576171097,5000.0,11521.752576171031,0,,13769.838
2019-01-04 00:00:00+00:00,98.3,98.36,103.88815,29.864248,3.4485707,0.6666666666666666,-5578.492063492129,22739.644499655726,5000.0,12161.152436163597,0,,14168.859
2019-01-07 00:00:00+00:00,95.5,96.55,103.78045,40.31842,3.49,0.5542857142857144,-5579.484126984193,22321.19542882188,5000.0,11741.711301837688,0,,13908.128
2019-01-08 00:00:00+00:00,97.31,93.52,103.67655,40.597927,3.5500004,0.5542857142857144,-5580.476190476256,21620.69516637034,5000.0,11040.218975894084,0,,13471.652
2019-01-09 00:00:00+00:00,94.1,92.8,103.58105,36.759518,3.7821426,0.5542857142857144,-5581.46825396832,21454.241024564915,5000.0,10872.772770596595,0,,13367.937
2019-01-10 00:00:00+00:00,92.12,91.55,103.4865,37.345562,3.76,0.5542857142857144,-5582.4603174603835,21165.256361544703,5000.0,10582.79604408432,0,,13187.873
2019-01-11 00:00:00+00:00,92.0,91.39,103.3713,37.079544,3.7964282,0.5542857142857144,-5583.452380952447,21128.2652631984,5000.0,10544.812882245951,0,,13164.824
2019-01-14 00:00:00+00:00,91.0,92.2,103.26795,38.87967,3.7421422,0.6666666666666666,-5584.444444444511,21315.527010803427,5000.0,10731.082566358917,0,,13281.505
2019-01-15 00:00:00+00:00,92.51,92.72,103.1694,41.996693,3.5228572,0.5542857142857144,-5585.436507936574,21435.744679623822,5000.0,10850.308171687248,0,,13356.411
2019-01-16 00:00:00+00:00,92.61,92.97,103.0625,53.74183,3.2485716,0.5542857142857144,-5586.428571428638,21493.541357351965,5000.0,10907.112785923327,0,,13392.425
2019-01-17 00:00:00+00:00,92.51,93.53,102.96495,46.670525,3.0578575,0.5542857142857144,-5587.420634920702,21623.005704440813,5000.0,11035.585069520112,0,,13473.093
2019-01-18 00:00:00+00:00,95.38,95.09,102.87765,43.600727,2.9350002,0.5542857142857144,-5588.412698412765,21983.65944379028,5000.0,11395.246745377513,0,,13697.8125
2019-01-22 00:00:00+00:00,95.27,97.26,102.79705,46.763,2.995715,0.5542857142857144,-5589.404761904829,22485.339565009806,5000.0,11895.934803104978,0,,14010.404
2019-01-23 00:00:00+00:00,97.27,98.21,102.72535,48.403362,3.020001,0.5542857142857144,-5590.396825396892,22704.968527042387,5000.0,12114.571701645495,0,,14147.253
2019-01-24 00:00:00+00:00,98.0,96.09,102.6697,56.880184,2.9421437,0.5340314136125655,-5591.388888888956,22214.849582292933,5000.0,11623.460693403977,0,,13841.865
2019-01-25 00:00:00+00:00,96.97,96.03,102.6,51.33833,2.9335725,0.5542857142857144,-5592.38095238102,22200.978224600207,5000.0,11608.597272219187,0,,13833.223
2019-01-28 00:00:00+00:00,95.69,96.73,102.52875,42.705067,2.7878582,0.5542857142857144,-5593.373015873083,22362.81024923145,5000.0,11769.437233358367,0,,13934.058
2019-01-29 00:00:00+00:00,96.54,95.54,102.470146,50.60565,2.6200006,0.5542857142857144,-5594.365079365147,22087.695374830888,5000.0,11493.330295465741,0,,13762.636
2019-01-30 00:00:00+00:00,95.06,93.52,102.3995,57.75731,2.3607152,0.5542857142857144,-5595.35714285721,21620.694807450975,5000.0,11025.337664593764,0,,13471.652
2019-01-31 00:00:00+00:00,93.56,93.27,102.32535,52.513943,2.3421435,0.5542857142857144,-5596.349206349274,21562.89817769909,5000.0,10966.548971349817,0,,13435.639
2019-02-01 00:00:00+00:00,92.9,94.05,102.24765,56.456425,2.2450006,0.5542857142857144,-5597.341269841338,21743.226307927627,5000.0,11145.88503808629,0,,13548.0
2019-02-04 00:00:00+00:00,94.06,93.71,102.16745,59.54089,2.2071435,0.5542857142857144,-5598.333333333401,21664.621480879538,5000.0,11066.288147546136,0,,13499.021
2019-02-05 00:00:00+00:00,94.04,95.1,102.08935,55.605045,2.2464283,0.5542857142857144,-5599.325396825465,21985.97223676453,5000.0,11386.646839939065,0,,13699.253
2019-02-06 00:00:00+00:00,95.21,95.04,102.01545,58.298447,2.2999997,0.5542857142857144,-5600.3174603175285,21972.10095346424,5000.0,11371.783493146711,0,,13690.61
2019-02-07 00:00:00+00:00,94.54,95.0,101.93985,57.314476,2.1992857,0.5542857142857144,-5601.309523809592,21962.85359056253,5000.0,11361.544066752936,0,,13684.849
2019-02-08 00:00:00+00:00,94.9,94.65,101.87515,55.392513,2.1907141,0.5542857142857144,-5602.301587301656,21881.93754684668,5000.0,11279.635959545023,0,,13634.43
2019-02-11 00:00:00+00:00,95.05,94.12,101.82065,48.228687,2.3492856,0.5542857142857144,-5603.293650793719,21759.40836066713,5000.0,11156.11470987341,0,,13558.084
2019-02-12 00:00:00+00:00,94.29,94.0,101.7599,35.436016,2.2842853,0.5542857142857144,-5604.285714285783,21731.665050677973,5000.0,11127.37933639219,0,,13540.797
2019-02-13 00:00:00+00:00,94.04,95.0,101.69555,28.844269,2.291428,0.5542857142857144,-5605.2777777778465,21962.854244497445,5000.0,11357.576466719598,0,,13684.849
2019-02-14 00:00:00+00:00,95.34,92.64,101.6396,43.827892,2.2764277,0.5542857142857144,-5606.26984126991,21417.2511864647,5000.0,10810.981345194788,0,,13344.889
2019-02-15 00:00:00+00:00,93.86,93.54,101.5689,34.77092,2.3607135,0.5542857142857144,-5607.261904761974,21625.321500716138,5000.0,11018.059595954164,0,,13474.536
2019-02-19 00:00:00+00:00,94.01,94.16,101.50015,35.92234,2.344999,0.5542857142857144,-5608.253968254037,21768.657498865214,5000.0,11160.403530611176,0,,13563.848
2019-02-20 00:00:00+00:00,93.74,95.15,101.437,43.587383,2.3514278,0.5542857142857144,-5609.246031746101,21997.533619204238,5000.0,11388.287587458137,0,,13706.458
2019-02-21 00:00:00+00:00,95.32,94.84,101.3855,58.37617,2.2764282,0.5542857142857144,-5610.2380952381645,21925.86456605744,5000.0,11315.626470819276,0,,13661.802
2019-02-22 00:00:00+00:00,94.68,96.6,101.34725,58.01837,2.284286,0.5542857142857144,-5611.230158730228,22332.754861649664,5000.0,11721.524702919436,0,,13915.331
2019-02-25 00:00:00+00:00,99.0,95.4,101.31445,61.838406,2.3292859,0.5542857142857144,-5612.222222222292,22055.33016221049,5000.0,11443.107939988196,0,,13742.471
2019-02-26 00:00:00+00:00,95.82,94.9,101.2796,57.2657,2.448572,0.5542857142857144,-5613.214285714355,21939.736059083167,5000.0,11326.521773368811,0,,13670.445
2019-02-27 00:00:00+00:00,94.39,94.15,101.23455,49.068916,2.361429,0.5542857142857144,-5614.206349206419,21766.34545936687,5000.0,11152.13911016045,0,,13562.407
2019-02-28 00:00:00+00:00,93.7,95.91,101.17825,46.106743,2.2914288,0.5542857142857144,-5615.198412698483,22173.236081806215,5000.0,11558.037669107733,0,,13815.9375
2019-03-01 00:00:00+00:00,96.15,96.2,101.1237,53.460087,2.322858,0.5542857142857144,-5616.190476190546,22240.279619897272,5000.0,11624.089143706726,0,,13857.712
2019-03-04 00:00:00+00:00,96.19,97.54,101.06415,55.920532,2.125715,0.5542857142857144,-5617.18253968261,22550.072638360616,5000.0,11932.890098678006,0,,14050.741
2019-03-05 00:00:00+00:00,98.02,96.91,101.0113,62.302143,2.1450005,0.5542857142857144,-5618.174603174673,22404.424458636517,5000.0,11786.249855461843,0,,13959.989
2019-03-06 00:00:00+00:00,96.5,94.8,100.9536,60.097164,2.1450005,0.5542857142857144,-5619.166666666737,21916.617363751287,5000.0,11297.45069708455,0,,13656.042
2019-03-07 00:00:00+00:00,94.96,92.73,100.8857,49.35568,2.1514294,0.5542857142857144,-5620.158730158801,21438.058240962266,5000.0,10817.899510803465,0,,13357.856
2019-03-08 00:00:00+00:00,92.89,92.33,100.81655,50.295483,2.1471431,0.5542857142857144,-5621.150793650864,21345.583287138077,5000.0,10724.432493487213,0,,13300.236
2019-03-11 00:00:00+00:00,93.16,94.5,100.74575,45.89274,2.2764294,0.5542857142857144,-5622.142857142928,21847.25974256339,5000.0,11225.116885420462,0,,13612.826
2019-03-12 00:00:00+00:00,94.76,95.66,100.69605,51.044216,2.303572,0.5542857142857144,-5623.134920634991,22115.439639658503,5000.0,11492.304719023512,0,,13779.927
2019-03-13 00:00:00+00:00,95.94,95.83,100.65515,51.55016,2.2578578,0.5542857142857144,-5624.126984127055,22154.739945347887,5000.0,11530.612961220831,0,,13804.414
2019-03-14 00:00:00+00:00,95.97,95.27,100.6204,53.034966,2.2428577,0.5340314136125655,-5625.119047619119,22025.2729936366,5000.0,11400.153946017483,0,,13723.744
2019-03-15 00:00:00+00:00,95.58,97.06,100.5813,45.598934,2.2150006,0.5542857142857144,-5626.111111111182,22439.09913759279,5000.0,11812.98802648161,0,,13981.595
2019-03-18 00:00:00+00:00,96.83,95.83,100.55665,55.28661,2.1792858,0.5340314136125655,-5627.103174603246,22154.738677094243,5000.0,11527.635502490997,0,,13804.413
2019-03-19 00:00:00+00:00,96.0,95.51,100.5407,52.83019,2.2592854,0.5542857142857144,-5628.0952380953095,22080.758886591047,5000.0,11452.663648495738,0,,13758.317
2019-03-20 00:00:00+00:00,95.79,94.69,100.53045,54.25,2.2835715,0.5542857142857144,-5629.087301587373,21891.184252111558,5000.0,11262.096950524185,0,,13640.195
2019-03-21 00:00:00+00:00,94.88,94.71,100.5118,45.94953,2.288571,0.5542857142857144,-5630.079365079437,21895.808520940755,5000.0,11265.729155861318,0,,13643.076
2019-03-22 00:00:00+00:00,94.31,95.44,100.495,44.962822,2.273571,0.5340314136125655,-5631.0714285715,22064.57778365359,5000.0,11433.506355082089,0,,13748.234
2019-03-25 00:00:00+00:00,95.43,95.25,100.4757,42.59521,2.3171425,0.5542857142857144,-5632.063492063564,22020.65172953507,5000.0,11388.588237471507,0,,13720.864
2019-03-26 00:00:00+00:00,94.99,94.77,100.45035,43.959232,2.2728572,0.5542857142857144,-5633.0555555556275,21909.680991495043,5000.0,11276.625435939415,0,,13651.719
2019-03-27 00:00:00+00:00,94.52,94.28,100.40965,49.87611,2.26,0.5542857142857144,-5634.047619047691,21796.39906929727,5000.0,11162.351450249578,0,,13581.134
2019-03-28 00:00:00+00:00,94.66,94.16,100.3613,57.359898,2.1414282,0.5542857142857144,-5635.039682539755,21768.65796437696,5000.0,11133.618281837204,0,,13563.849
2019-03-29 00:00:00+00:00,94.38,95.44,100.3075,58.926838,1.9992856,0.5542857142857144,-5636.031746031818,22064.579187815907,5000.0,11428.547441784089,0,,13748.234
2019-04-01 00:00:00+00:00,95.45,96.83,100.2567,55.02138,1.9064282,0.5542857142857144,-5637.023809523882,22385.931172926314,5000.0,11748.907363402432,0,,13948.466
2019-04-02 00:00:00+00:00,96.35,96.5,100.21835,56.100098,1.9392853,0.5542857142857144,-5638.0158730159455,22309.638254446538,5000.0,11671.622381430592,0,,13900.929
2019-04-03 00:00:00+00:00,96.62,95.7,100.1818,53.435886,1.8942854,0.5542857142857144,-5639.007936508009,22124.687524465,5000.0,11485.67958795699,0,,13785.6875
2019-04-04 00:00:00+00:00,95.52,95.75,100.1462,52.152153,1.8964288,0.5542857142857144,-5640.000000000073,22136.247547942046,5000.0,11496.247547941974,0,,13792.891
2019-04-05 00:00:00+00:00,95.65,95.85,100.10725,42.06062,1.7885721,0.5542857142857144,-5640.992063492136,22159.36648075754,5000.0,11518.374417265404,0,,13807.296
2019-04-08 00:00:00+00:00,96.19,95.59,100.0605,50.140427,1.7057152,0.5542857142857144,-5641.9841269842,22099.256819623104,5000.0,11457.272692638904,0,,13769.841
2019-04-09 00:00:00+00:00,95.74,94.91,100.01735,50.566532,1.6685725,0.5542857142857144,-5642.976190476264,21942.050760903257,5000.0,11299.074570426994,0,,13671.888
2019-04-10 00:00:00+00:00,94.64,96.14,99.97215,51.589603,1.6242867,0.5542857142857144,-5643.968253968327,22226.41095086208,5000.0,11582.442696893751,0,,13849.07
2019-04-11 00:00:00+00:00,96.39,95.91,99.92795,58.794594,1.6578581,0.5542857142857144,-5644.960317460391,22173.238885250965,5000.0,11528.278567790574,0,,13815.939
2019-04-12 00:00:00+00:00,96.01,96.15,99.88675,53.07996,1.5650014,0.5542857142857144,-5645.952380952454,22228.723473092035,5000.0,11582.771092139581,0,,13850.512
2019-04-15 00:00:00+00:00,96.55,97.69,99.83865,55.859398,1.587858,0.5542857142857144,-5646.944444444518,22584.752101402504,5000.0,11937.807656957986,0,,14072.349
2019-04-16 00:00:00+00:00,97.53,98.93,99.80735,66.70487,1.5878574,0.5542857142857144,-5647.936507936582,22871.424125444293,5000.0,12223.487617507712,0,,14250.973
2019-04-17 00:00:00+00:00,98.08,100.8,99.78295,74.49953,1.620715,0.5542857142857144,-5648.928571428645,23303.746686592334,5000.0,12654.818115163689,0,,14520.349
2019-04-18 00:00:00+00:00,101.15,101.26,99.7666,79.53739,1.7435716,0.5542857142857144,-5649.920634920709,23410.09218836205,5000.0,12760.171553441342,0,,14586.61
2019-04-22 00:00:00+00:00,100.97,101.07,99.75415,77.927086,1.745715,0.5542857142857144,-5650.912698412772,23366.166563151666,5000.0,12715.253864738894,0,,14559.241
2019-04-23 00:00:00+00:00,101.66,101.12,99.7474,72.9935,1.7035719,0.5542857142857144,-5651.904761904836,23377.72623923107,5000.0,12725.821477326233,0,,14566.444
2019-04-24 00:00:00+00:00,100.8,101.35,99.7383,75.83896,1.7107141,0.5542857142857144,-5652.8968253969,23430.89918719151,5000.0,12778.00236179461,0,,14599.576
2019-04-25 00:00:00+00:00,100.72,101.74,99.7411,83.75156,1.6528566,0.5542857142857144,-5653.888888888963,23521.063064888804,5000.0,12867.17417599984,0,,14655.756
2019-04-26 00:00:00+00:00,101.35,101.55,99.73375,84.38582,1.6092856,0.5542857142857144,-5654.880952381027,23477.138111732926,5000.0,12822.257159351899,0,,14628.387
2019-04-29 00:00:00+00:00,101.21,101.0,99.727,82.38646,1.6414288,0.5542857142857144,-5655.8730158730905,23349.983695362604,5000.0,12694.110679489513,0,,14549.157
2019-04-30 00:00:00+00:00,101.43,101.61,99.72125,79.75806,1.6699998,0.5542857142857144,-5656.865079365154,23491.00871094825,5000.0,12834.143631583094,0,,14637.029
2019-05-01 00:00:00+00:00,101.23,101.04,99.71365,87.13972,1.6035712,0.5340314136125655,-5657.857142857218,23359.231407441464,5000.0,12701.374264584247,0,,14554.92
2019-05-02 00:00:00+00:00,100.64,99.9,99.70435,79.30625,1.5271426,0.5542857142857144,-5658.849206349281,23095.676617923502,5000.0,12436.82741157422,0,,14390.702
2019-05-03 00:00:00+00:00,100.79,100.98,99.6852,71.521034,1.5228571,0.5542857142857144,-5659.841269841345,23345.36056085256,5000.0,12685.519291011216,0,,14546.277
2019-05-06 00:00:00+00:00,100.2,103.07,99.6657,73.887245,1.5792857,0.5542857142857144,-5660.8333333334085,23828.542216328085,5000.0,13167.708882994677,0,,14847.343
2019-05-07 00:00:00+00:00,102.97,101.78,99.65095,75.23452,1.7021435,0.5542857142857144,-5661.825396825472,23530.309345356847,5000.0,12868.483948531375,0,,14661.518
2019-05-08 00:00:00+00:00,101.56,102.63,99.63605,63.305317,1.7592866,0.5542857142857144,-5662.817460317536,23726.818629316513,5000.0,13064.001168998977,0,,14783.961
2019-05-09 00:00:00+00:00,101.89,103.6,99.6261,59.4427,1.6435727,0.5542857142857144,-5663.809523809599,23951.070029335053,5000.0,13287.260505525453,0,,14923.689
2019-05-10 00:00:00+00:00,103.39,103.42,99.62265,61.470573,1.7300012,0.5542857142857144,-5664.801587301663,23909.45563447031,5000.0,13244.654047168646,0,,14897.76
2019-05-13 00:00:00+00:00,102.03,103.14,99.6191,61.53091,1.7785727,0.5542857142857144,-5665.793650793727,23844.722653546385,5000.0,13178.929002752659,0,,14857.426
2019-05-14 00:00:00+00:00,103.0,105.07,99.60815,59.69289,1.7857159,0.5542857142857144,-5666.78571428579,24290.914674874577,5000.0,13624.128960588787,0,,15135.443
2019-05-15 00:00:00+00:00,104.52,103.88,99.6139,65.34654,1.9142876,0.5542857142857144,-5667.777777777854,24015.801202416078,5000.0,13348.023424638224,0,,14964.022
2019-05-16 00:00:00+00:00,103.78,105.25,99.62245,58.28173,1.9614302,0.5542857142857144,-5668.769841269917,24332.530285313467,5000.0,13663.76044404355,0,,15161.374
2019-05-17 00:00:00+00:00,104.3,105.79,99.6653,63.120552,1.9685729,0.5542857142857144,-5669.761904761981,24457.37194807201,5000.0,13787.61004331003,0,,15239.161
2019-05-20 00:00:00+00:00,106.25,107.64,99.7086,66.99787,2.0214298,0.5542857142857144,-5670.753968254045,24885.06795889078,5000.0,14214.313990636736,0,,15505.655
2019-05-21 00:00:00+00:00,107.25,107.34,99.765,69.66731,2.098573,0.5542857142857144,-5671.746031746108,24815.710457756042,5000.0,14143.964426009934,0,,15462.439
2019-05-22 00:00:00+00:00,106.71,107.79,99.8227,70.91631,2.1535726,0.5542857142857144,-5672.738095238172,24919.74665844373,5000.0,14247.00856320556,0,,15527.263
2019-05-23 00:00:00+00:00,107.79,106.21,99.888504,77.453,2.197144,0.5542857142857144,-5673.730158730235,24554.46919778015,5000.0,13880.739039049913,0,,15299.661
2019-05-24 00:00:00+00:00,106.08,106.95,99.95475,67.58572,2.2100012,0.5542857142857144,-5674.722222222299,24725.547701714706,5000.0,14050.825479492407,0,,15406.258
2019-05-28 00:00:00+00:00,106.95,105.5,100.0214,64.34909,2.097144,0.5542857142857144,-5675.714285714363,24390.32534981915,5000.0,13714.611064104789,0,,15197.385
2019-05-29 00:00:00+00:00,104.93,107.27,100.0854,63.59649,2.0828578,0.5542857142857144,-5676.706349206426,24799.528594157528,5000.0,14122.822244951101,0,,15452.355
2019-05-30 00:00:00+00:00,108.27,106.6,100.16125,65.8904,2.3050008,0.5340314136125655,-5677.69841269849,24644.632942706587,5000.0,13966.934530008097,0,,15355.841
2019-05-31 00:00:00+00:00,106.64,108.54,100.231804,60.48951,2.418572,0.5542857142857144,-5678.690476190553,25093.136865995457,5000.0,14414.446389804903,0,,15635.3
2019-06-03 00:00:00+00:00,108.25,109.14,100.3106,65.94023,2.5500004,0.5340314136125655,-5679.682539682617,25231.84806213349,5000.0,14552.165522450872,0,,15721.729
2019-06-04 00:00:00+00:00,109.5,109.94,100.389,68.31501,2.6042857,0.5340314136125655,-5680.674603174681,25416.799022470714,5000.0,14736.124419296033,0,,15836.97
2019-06-05 00:00:00+00:00,110.06,110.92,100.46545,65.96722,2.5742857,0.5542857142857144,-5681.666666666744,25643.361182355315,5000.0,14961.69451568857,0,,15978.139
2019-06-06 00:00:00+00:00,112.25,111.07,100.5445,73.40426,2.5714285,0.5542857142857144,-5682.658730158808,25678.038960748658,5000.0,14995.38023058985,0,,15999.746
2019-06-07 00:00:00+00:00,112.01,111.31,100.621,71.05644,2.5571425,0.5542857142857144,-5683.6507936508715,25733.523748475363,5000.0,15049.872954824492,0,,16034.318
2019-06-10 00:00:00+00:00,111.04,111.13,100.68365,70.41419,2.53,0.5340314136125655,-5684.642857142935,25691.909202127514,5000.0,15007.266344984579,0,,16008.389
2019-06-11 00:00:00+00:00,111.04,108.03,100.7501,64.72573,2.5528576,0.5542857142857144,-5685.634920634999,24975.226412435728,5000.0,14289.59149180073,0,,15561.831
2019-06-12 00:00:00+00:00,107.57,107.7,100.79465,52.354958,2.774286,0.5542857142857144,-5686.626984127062,24898.933638137696,5000.0,14212.306654010634,0,,15514.294
2019-06-13 00:00:00+00:00,107.71,107.26,100.83275,49.69028,2.8542857,0.5542857142857144,-5687.619047619126,24797.212481868886,5000.0,14109.59343424976,0,,15450.913
2019-06-14 00:00:00+00:00,107.8,107.74,100.856,53.920853,2.8528574,0.5542857142857144,-5688.6111111111895,24908.182902297325,5000.0,14219.571791186136,0,,15520.058
2019-06-17 00:00:00+00:00,107.4,106.7,100.889,53.008385,2.8685718,0.5542857142857144,-5689.603174603253,24667.74787394332,5000.0,13978.144699340068,0,,15370.245
2019-06-18 00:00:00+00:00,106.29,106.34,100.92135,54.716976,2.8521435,0.5542857142857144,-5690.595238095317,24584.519373091185,5000.0,13893.924134995868,0,,15318.387
2019-06-19 00:00:00+00:00,107.19,106.24,100.9492,45.888588,2.6542866,0.5542857142857144,-5691.58730158738,24561.400521778236,5000.0,13869.813220190856,0,,15303.981
2019-06-20 00:00:00+00:00,106.19,107.08,100.9772,48.324017,2.4914296,0.5542857142857144,-5692.579365079444,24755.599541568823,5000.0,14063.020176489379,0,,15424.984
2019-06-21 00:00:00+00:00,107.36,106.44,101.0086,42.427383,2.3685727,0.5340314136125655,-5693.571428571508,24607.638893983978,5000.0,13914.06746541247,0,,15332.792
2019-06-24 00:00:00+00:00,106.22,107.35,101.02075,36.053722,2.3350012,0.5542857142857144,-5694.563492063571,24818.017783849835,5000.0,14123.454291786264,0,,15463.877
2019-06-25 00:00:00+00:00,107.62,107.5,101.04095,36.77218,2.3107152,0.5542857142857144,-5695.555555555635,24852.697769428167,5000.0,14157.142213872532,0,,15485.485
2019-06-26 00:00:00+00:00,107.18,105.85,101.06395,30.91517,2.3007152,0.5340314136125655,-5696.547619047698,24471.237397498568,5000.0,13774.68977845087,0,,15247.802
2019-06-27 00:00:00+00:00,105.84,106.06,101.07155,25.047775,2.338573,0.5542857142857144,-5697.539682539762,24519.7854203373,5000.0,13822.245737797537,0,,15278.051
2019-06-28 00:00:00+00:00,106.52,103.63,101.0848,24.832197,2.3757155,0.5542857142857144,-5698.531746031826,23957.999164662084,5000.0,13259.467418630258,0,,14928.007
2019-07-01 00:00:00+00:00,104.68,106.7,101.08275,20.42585,2.4914296,0.5542857142857144,-5699.523809523889,24667.744859586797,5000.0,13968.221050062908,0,,15370.242
2019-07-02 00:00:00+00:00,106.7,108.47,101.09875,44.743073,2.3492868,0.5542857142857144,-5700.515873015953,25076.94743955427,5000.0,14376.431566538318,0,,15625.214
2019-07-03 00:00:00+00:00,108.48,110.0,101.12075,52.73245,2.4035726,0.5542857142857144,-5701.507936508016,25430.665807230747,5000.0,14729.15787072273,0,,15845.612
2019-07-05 00:00:00+00:00,109.97,110.4,101.14975,59.025024,2.3707156,0.5542857142857144,-5702.50000000008,25523.1408674295,5000.0,14820.640867429422,0,,15903.232
2019-07-08 00:00:00+00:00,109.93,110.62,101.17785,58.807957,2.285001,0.5340314136125655,-5703.492063492144,25574.00393623434,5000.0,14870.511872742198,0,,15934.924
2019-07-09 00:00:00+00:00,109.51,110.98,101.2,63.725506,2.298572,0.5542857142857144,-5704.484126984207,25657.232322572003,5000.0,14952.748195587796,0,,15986.782
2019-07-10 00:00:00+00:00,111.69,111.7,101.2202,66.24651,2.3578572,0.5340314136125655,-5705.476190476271,25823.686387115133,5000.0,15118.210196638862,0,,16090.498
2019-07-11 00:00:00+00:00,112.07,113.0,101.2428,68.32214,2.3278575,0.5542857142857144,-5706.4682539683345,26124.23285465469,5000.0,15417.764600686354,0,,16277.767
2019-07-12 00:00:00+00:00,112.88,114.06,101.27205,69.27083,2.3700001,0.5542857142857144,-5707.460317460398,26369.290170373806,5000.0,15661.829852913408,0,,16430.459
2019-07-15 00:00:00+00:00,113.96,114.07,101.3159,74.14447,2.4407146,0.5542857142857144,-5708.452380952462,26371.603760133323,5000.0,15663.151379180861,0,,16431.9
2019-07-16 00:00:00+00:00,114.44,114.08,101.3763,72.58064,2.4735718,0.5542857142857144,-5709.444444444525,26373.917552882664,5000.0,15664.473108438138,0,,16433.342
2019-07-17 00:00:00+00:00,113.55,114.2,101.45235,72.32021,2.427143,0.5340314136125655,-5710.436507936589,26401.660349838563,5000.0,15691.223841901974,0,,16450.629
2019-07-18 00:00:00+00:00,114.35,114.53,101.53455,81.60484,2.3542857,0.5340314136125655,-5711.4285714286525,26477.951463558515,5000.0,15766.522892129862,0,,16498.164
2019-07-19 00:00:00+00:00,115.18,114.91,101.6274,81.77044,2.2850003,0.5542857142857144,-5712.420634920716,26565.804039705265,5000.0,15853.383404784548,0,,16552.904
2019-07-22 00:00:00+00:00,114.48,114.52,101.7168,100.0,2.119286,0.5340314136125655,-5713.41269841278,26475.639496694737,5000.0,15762.226798281958,0,,16496.723
2019-07-23 00:00:00+00:00,114.69,114.77,101.8063,95.46504,2.1414287,0.5542857142857144,-5714.404761904843,26533.437928341915,5000.0,15819.033166437071,0,,16532.736
2019-07-24 00:00:00+00:00,114.84,111.65,101.90195,94.49143,1.9371431,0.5542857142857144,-5715.396825396907,25812.132138540564,5000.0,15096.735313143658,0,,16083.297
2019-07-25 00:00:00+00:00,113.85,111.21,101.98305,59.51557,2.1921425,0.5542857142857144,-5716.3888888889705,25710.409615530556,5000.0,14994.020726641585,0,,16019.914
2019-07-26 00:00:00+00:00,111.7,111.15,102.05305,54.64981,2.3378568,0.5542857142857144,-5717.380952381034,25696.539321589644,5000.0,14979.15836920861,0,,16011.271
2019-07-29 00:00:00+00:00,110.56,110.45,102.1092,53.099407,2.3092854,0.5542857142857144,-5718.373015873098,25534.706968431696,5000.0,14816.333952558598,0,,15910.435
2019-07-30 00:00:00+00:00,110.44,110.56,102.15445,47.01909,2.2214284,0.5542857142857144,-5719.365079365161,25560.136329538363,5000.0,14840.771250173202,0,,15926.28
2019-07-31 00:00:00+00:00,111.17,109.31,102.19745,43.11596,2.2442856,0.5340314136125655,-5720.357142857225,25271.15069213175,5000.0,14550.793549274524,0,,15746.216
2019-08-01 00:00:00+00:00,109.11,115.07,102.24,27.582031,2.2164285,0.5542857142857144,-5721.349206349289,26602.793798067047,5000.0,15881.444591717758,0,,16575.951
2019-08-02 00:00:00+00:00,116.07,116.48,102.3148,53.90565,2.5221426,0.5340314136125655,-5722.341269841352,26928.768569055213,5000.0,16206.427299213861,0,,16779.062
2019-08-05 00:00:00+00:00,117.07,114.77,102.4009,58.408936,2.5592854,0.5542857142857144,-5723.333333333416,26533.43583760997,5000.0,15810.102504276554,0,,16532.734
2019-08-06 00:00:00+00:00,115.75,118.48,102.4608,52.152195,2.8221424,0.5542857142857144,-5724.325396825479,27391.145745591984,5000.0,16666.820348766505,0,,17067.166
2019-08-07 00:00:00+00:00,119.0,118.01,102.54,60.907234,3.138571,0.5340314136125655,-5725.317460317543,27282.48705549989,5000.0,16557.169595182346,0,,16999.46
2019-08-08 00:00:00+00:00,117.85,118.86,102.61355,58.80566,3.2778566,0.5542857142857144,-5726.309523809607,27478.995838647268,5000.0,16752.68631483766,0,,17121.904
2019-08-09 00:00:00+00:00,119.07,119.01,102.6833,59.762707,3.302142,0.5542857142857144,-5727.30158730167,27513.672944783102,5000.0,16786.371357481432,0,,17143.51
2019-08-12 00:00:00+00:00,119.01,119.38,102.7562,61.230618,3.2007136,0.5340314136125655,-5728.293650793734,27599.21235613716,5000.0,16870.918705343425,0,,17196.809
2019-08-13 00:00:00+00:00,120.64,120.72,102.8192,61.461952,3.3399997,0.5542857142857144,-5729.285714285797,27909.00652406751,5000.0,17179.720809781713,0,,17389.838
2019-08-14 00:00:00+00:00,120.13,119.41,102.8938,74.74083,3.1785715,0.5340314136125655,-5730.277777777861,27606.150208766736,5000.0,16875.872430988875,0,,17201.13
2019-08-15 00:00:00+00:00,119.31,121.87,102.95735,71.35416,3.162857,0.5542857142857144,-5731.269841269925,28174.872034185,5000.0,17443.602192915074,0,,17555.496
2019-08-16 00:00:00+00:00,122.12,121.37,103.03205,74.8148,3.2192857,0.5542857142857144,-5732.261904761988,28059.278792025096,5000.0,17327.016887263107,0,,17483.47
2019-08-19 00:00:00+00:00,121.51,120.33,103.09435,75.514015,3.3242853,0.5542857142857144,-5733.253968254052,27818.84378907703,5000.0,17085.589820822977,0,,17333.658
2019-08-20 00:00:00+00:00,119.47,119.45,103.13625,71.87639,3.3807132,0.5542857142857144,-5734.2460317461155,27615.397588137337,5000.0,16881.15155639122,0,,17206.893
2019-08-21 00:00:00+00:00,120.25,119.17,103.16925,73.08741,3.4171422,0.5542857142857144,-5735.238095238179,27550.665111607937,5000.0,16815.42701636976,0,,17166.559
2019-08-22 00:00:00+00:00,119.68,119.89,103.2126,62.4393,3.0978563,0.5542857142857144,-5736.230158730243,27717.119761674614,5000.0,16980.88960294437,0,,17270.275
2019-08-23 00:00:00+00:00,120.53,119.85,103.2508,60.79795,3.0221422,0.5340314136125655,-5737.222222222306,27707.871478978257,5000.0,16970.64925675595,0,,17264.514
2019-08-26 00:00:00+00:00,119.95,120.7,103.28935,67.98866,2.8757138,0.5542857142857144,-5738.21428571437,27904.382283365627,5000.0,17166.167997651257,0,,17386.957
2019-08-27 00:00:00+00:00,120.7,120.06,103.33065,59.857872,2.6442854,0.5340314136125655,-5739.2063492064335,27756.42293519094,5000.0,17017.216585984508,0,,17294.764
2019-08-28 00:00:00+00:00,119.8,119.96,103.3748,58.96761,2.604285,0.5340314136125655,-5740.198412698497,27733.304185685876,5000.0,16993.10577298738,0,,17280.36
2019-08-29 00:00:00+00:00,120.0,118.94,103.4256,55.149807,2.624285,0.5340314136125655,-5741.190476190561,27497.493962940895,5000.0,16756.303486750334,0,,17133.428
2019-08-30 00:00:00+00:00,120.07,119.16,103.4758,49.69697,2.6321423,0.5340314136125655,-5742.182539682624,27548.35473940452,5000.0,16806.172199721896,0,,17165.12
2019-09-03 00:00:00+00:00,117.12,119.09,103.5336,49.035114,2.6242845,0.5542857142857144,-5743.174603174688,27532.169447836102,5000.0,16788.994844661414,0,,17155.033
2019-09-04 00:00:00+00:00,119.82,119.18,103.5816,41.95457,2.5771413,0.5340314136125655,-5744.166666666752,27552.9779007164,5000.0,16808.81123404965,0,,17167.998
2019-09-05 00:00:00+00:00,120.28,119.21,103.6295,48.709297,2.439284,0.5542857142857144,-5745.158730158815,27559.911629929687,5000.0,16814.752899770872,0,,17172.318
2019-09-06 00:00:00+00:00,120.35,118.7,103.677,29.475315,2.3671412,0.5542857142857144,-5746.150793650879,27442.005284970557,5000.0,16695.85449131968,0,,17098.852
2019-09-09 00:00:00+00:00,119.89,118.7,103.71995,29.42989,2.2899983,0.5542857142857144,-5747.142857142942,27442.005284970557,5000.0,16694.862427827615,0,,17098.852
2019-09-10 00:00:00+00:00,119.17,115.23,103.75885,35.04586,2.2128558,0.5340314136125655,-5748.134920635006,26639.783911648847,5000.0,15891.64899101384,0,,16598.996
2019-09-11 00:00:00+00:00,115.45,114.99,103.785,23.756262,2.3392842,0.5542857142857144,-5749.12698412707,26584.29791152769,5000.0,15835.17092740062,0,,16564.422
2019-09-12 00:00:00+00:00,115.79,115.06,103.8201,23.875023,2.340713,0.5542857142857144,-5750.119047619133,26600.482481057483,5000.0,15850.36343343835,0,,16574.506
2019-09-13 00:00:00+00:00,114.1,111.06,103.85845,17.142872,2.3499985,0.5340314136125655,-5751.111111111197,25675.730841240766,5000.0,14924.619730129569,0,,15998.303
2019-09-16 00:00:00+00:00,111.72,111.0,103.8774,11.140597,2.5628552,0.5542857142857144,-5752.10317460326,25661.860891148084,5000.0,14909.757716544824,0,,15989.66
2019-09-17 00:00:00+00:00,111.6,113.48,103.89275,3.8973715,2.6164262,0.5542857142857144,-5753.095238095324,26235.206508213498,5000.0,15482.111270118174,0,,16346.906
2019-09-18 00:00:00+00:00,114.5,115.66,103.92895,23.381918,2.6778553,0.5340314136125655,-5754.087301587388,26739.196835761537,5000.0,15985.10953417415,0,,16660.938
2019-09-19 00:00:00+00:00,114.56,116.44,103.9731,35.11083,2.77857,0.5542857142857144,-5755.079365079451,26919.523517303063,5000.0,16164.444152223612,0,,16773.297
2019-09-20 00:00:00+00:00,118.05,115.56,104.0172,41.19719,2.8292842,0.5340314136125655,-5756.071428571515,26716.077308803604,5000.0,15960.00588023209,0,,16646.531
2019-09-23 00:00:00+00:00,114.82,115.92,104.06935,37.886936,2.827142,0.5542857142857144,-5757.063492063578,26799.305807299537,5000.0,16042.242315235959,0,,16698.39
2019-09-24 00:00:00+00:00,116.47,118.23,104.12945,39.537968,2.8549995,0.5542857142857144,-5758.055555555642,27333.35221348245,5000.0,16575.296657926807,0,,17031.15
2019-09-25 00:00:00+00:00,118.41,117.93,104.2025,47.26541,2.9614284,0.5542857142857144,-5759.047619047706,27263.995763814033,5000.0,16504.948144766327,0,,16987.934
2019-09-26 00:00:00+00:00,117.88,117.77,104.27045,46.371887,3.0135715,0.5542857142857144,-5760.039682539769,27227.004505218345,5000.0,16466.964822678576,0,,16964.885
2019-09-27 00:00:00+00:00,117.52,115.44,104.332,47.310585,3.0135722,0.5340314136125655,-5761.031746031833,26688.338050045175,5000.0,15927.306304013342,0,,16629.248
2019-09-30 00:00:00+00:00,115.18,114.91,104.3923,41.69217,3.1892865,0.5542857142857144,-5762.0238095238965,26565.809024571416,5000.0,15803.78521504752,0,,16552.9
2019-10-01 00:00:00+00:00,115.28,115.58,104.4444,49.040768,3.005001,0.5542857142857144,-5763.01587301596,26720.704841040704,5000.0,15957.688968024744,0,,16649.416
2019-10-02 00:00:00+00:00,115.18,112.8,104.508,51.724148,2.995715,0.5542857142857144,-5764.007936508024,26078.001883128367,5000.0,15313.993946620343,0,,16248.953
2019-10-03 00:00:00+00:00,112.8,116.16,104.56755,44.298706,3.1128578,0.5542857142857144,-5765.000000000087,26854.792092486456,5000.0,16089.792092486368,0,,16732.963
2019-10-04 00:00:00+00:00,115.77,116.28,104.647,63.29511,2.9507146,0.5542857142857144,-5765.992063492151,26882.53491087462,5000.0,16116.542847382469,0,,16750.25
2019-10-07 00:00:00+00:00,115.41,118.25,104.73265,63.721405,2.9207149,0.5542857142857144,-5766.9841269842145,27337.97626407632,5000.0,16570.992137092104,0,,17034.031
2019-10-08 00:00:00+00:00,117.04,116.48,104.8335,62.73357,2.8742855,0.5542857142857144,-5767.976190476278,26928.773889421762,5000.0,16160.797698945484,0,,16779.062
2019-10-09 00:00:00+00:00,117.29,117.15,104.93215,52.23799,2.875,0.5542857142857144,-5768.968253968342,27083.670529926643,5000.0,16314.702275958301,0,,16875.576
2019-10-10 00:00:00+00:00,116.27,117.08,105.0375,51.949474,2.7728572,0.5340314136125655,-5769.960317460405,27067.487046501115,5000.0,16297.52672904071,0,,16865.492
2019-10-11 00:00:00+00:00,117.97,115.6,105.16675,54.36783,2.732143,0.5340314136125655,-5770.952380952469,26725.328213186818,5000.0,15954.37583223435,0,,16652.295
2019-10-14 00:00:00+00:00,115.63,115.18,105.27415,49.13607,2.7485712,0.5542857142857144,-5771.944444444533,26628.22972072926,5000.0,15856.285276284729,0,,16591.795
2019-10-15 00:00:00+00:00,115.03,115.05,105.37195,40.82981,2.7121425,0.5542857142857144,-5772.936507936596,26598.175142067837,5000.0,15825.238634131241,0,,16573.068
2019-10-16 00:00:00+00:00,115.23,115.48,105.46615,41.25152,2.6614282,0.5542857142857144,-5773.92857142866,26697.5844823367,5000.0,15923.65591090804,0,,16635.01
2019-10-17 00:00:00+00:00,115.44,116.45,105.5544,43.15602,2.6585705,0.5340314136125655,-5774.920634920723,26921.836849093426,5000.0,16146.916214172703,0,,16774.738
2019-10-18 00:00:00+00:00,115.75,116.77,105.6572,53.285606,2.554999,0.5340314136125655,-5775.912698412787,26995.81839442792,5000.0,16219.905696015132,0,,16820.836
2019-10-21 00:00:00+00:00,117.56,115.27,105.7631,56.13455,2.5214276,0.5340314136125655,-5776.904761904851,26649.036735474878,5000.0,15872.131973570027,0,,16604.76
2019-10-22 00:00:00+00:00,115.97,114.68,105.84765,49.03063,2.532856,0.5542857142857144,-5777.896825396914,26512.63710382272,5000.0,15734.740278425805,0,,16519.771
2019-10-23 00:00:00+00:00,114.0,114.03,105.9383,56.811596,2.4457135,0.5542857142857144,-5778.888888888978,26362.363888045213,5000.0,15583.474999156235,0,,16426.137
2019-10-24 00:00:00+00:00,114.68,115.7,106.04085,40.396717,2.3007138,0.5542857142857144,-5779.880952381041,26748.44647656741,5000.0,15968.565524186368,0,,16666.701
2019-10-25 00:00:00+00:00,116.0,114.1,106.15535,47.705685,2.301428,0.5542857142857144,-5780.873015873105,26378.545590328096,5000.0,15597.672574454991,0,,16436.219
2019-10-28 00:00:00+00:00,114.55,113.22,106.2681,33.088802,2.2585716,0.5542857142857144,-5781.865079365169,26175.10149518651,5000.0,15393.236415821342,0,,16309.456
2019-10-29 00:00:00+00:00,113.54,113.84,106.37725,35.676594,2.169286,0.5542857142857144,-5782.857142857232,26318.436296655706,5000.0,15535.579153798473,0,,16398.766
2019-10-30 00:00:00+00:00,113.63,116.64,106.48545,35.39271,2.1978574,0.5340314136125655,-5783.849206349296,26965.763920898462,5000.0,16181.914714549166,0,,16802.11
2019-10-31 00:00:00+00:00,117.27,115.15,106.60505,48.43527,2.3142858,0.5542857142857144,-5784.8412698413595,26621.293861503676,5000.0,15836.452591662317,0,,16587.473
2019-11-01 00:00:00+00:00,119.47,114.85,106.71595,48.40086,2.287857,0.5542857142857144,-5785.833333333423,26551.936898185904,5000.0,15766.103564852481,0,,16544.258
2019-11-04 00:00:00+00:00,115.25,113.52,106.82255,48.817196,2.6307144,0.5542857142857144,-5786.825396825487,26244.456228437066,5000.0,15457.63083161158,0,,16352.669
2019-11-05 00:00:00+00:00,113.25,115.26,106.9147,44.95047,2.7407138,0.5542857142857144,-5787.81746031755,26646.723171050187,5000.0,15858.905710732637,0,,16603.316
2019-11-06 00:00:00+00:00,114.77,114.45,107.0047,49.33171,2.794286,0.5340314136125655,-5788.809523809614,26459.459965476657,5000.0,15670.650441667043,0,,16486.635
2019-11-07 00:00:00+00:00,114.66,115.4,107.0859,43.865032,2.7035718,0.5542857142857144,-5789.8015873016775,26679.091000429788,5000.0,15889.28941312811,0,,16623.484
2019-11-08 00:00:00+00:00,115.86,114.88,107.18245,45.953945,2.7314289,0.5340314136125655,-5790.793650793741,26558.87205113376,5000.0,15768.078400340019,0,,16548.578
2019-11-11 00:00:00+00:00,114.97,115.1,107.2767,48.77743,2.673572,0.5542857142857144,-5791.785714285805,26609.734873606983,5000.0,15817.949159321179,0,,16580.27
2019-11-12 00:00:00+00:00,115.01,115.88,107.36855,51.347874,2.6442866,0.5340314136125655,-5792.777777777868,26790.06081068259,5000.0,15997.283032904721,0,,16692.629
2019-11-13 00:00:00+00:00,116.28,117.4,107.47025,55.88796,2.6957152,0.5542857142857144,-5793.769841269932,27141.46804669155,5000.0,16347.698205421617,0,,16911.588
2019-11-14 00:00:00+00:00,117.88,117.52,107.58965,55.462734,2.6371439,0.5542857142857144,-5794.7619047619955,27169.20935335796,5000.0,16374.447448595965,0,,16928.873
2019-11-15 00:00:00+00:00,118.46,119.49,107.7109,62.144867,2.5464292,0.5340314136125655,-5795.753968254059,27624.649284519346,5000.0,16828.895316265287,0,,17212.652
2019-11-18 00:00:00+00:00,120.0,120.47,107.8381,70.66575,2.5214293,0.5542857142857144,-5796.746031746123,27851.215583811783,5000.0,17054.46955206566,0,,17353.824
2019-11-19 00:00:00+00:00,122.0,122.5,107.9719,71.34576,2.5164294,0.5542857142857144,-5797.738095238186,28320.52833839921,5000.0,17522.790243161024,0,,17646.248
2019-11-20 00:00:00+00:00,121.29,123.32,108.1089,69.850914,2.4100003,0.5542857142857144,-5798.73015873025,28510.10142457248,5000.0,17711.37126584223,0,,17764.37
2019-11-21 00:00:00+00:00,123.42,123.15,108.2503,78.992134,2.361429,0.5542857142857144,-5799.722222222314,28470.79921699838,5000.0,17671.076994776067,0,,17739.88
2019-11-22 00:00:00+00:00,122.56,123.77,108.39105,79.72776,1.9628569,0.5542857142857144,-5800.714285714377,28614.13393862708,5000.0,17813.419652912704,0,,17829.191
2019-11-25 00:00:00+00:00,124.47,123.76,108.53665,88.6792,1.8557146,0.5340314136125655,-5801.706349206441,28611.82293831053,5000.0,17810.11658910409,0,,17827.75
2019-11-26 00:00:00+00:00,123.62,119.52,108.68485,86.89235,1.8235713,0.5340314136125655,-5802.698412698504,27631.584306381388,5000.0,16828.885893682884,0,,17216.973
2019-11-27 00:00:00+00:00,119.56,118.44,108.81245,66.95651,2.138571,0.5340314136125655,-5803.690476190568,27381.901891108693,5000.0,16578.211414918125,0,,17061.398
2019-11-29 00:00:00+00:00,118.03,118.9,108.92965,60.079582,2.2185707,0.5542857142857144,-5804.682539682632,27488.248780081492,5000.0,16683.56624039886,0,,17127.662
2019-12-02 00:00:00+00:00,118.04,119.28,109.06095,63.38218,2.4092848,0.5340314136125655,-5805.674603174695,27576.097975269204,5000.0,16770.42337209451,0,,17182.4
2019-12-03 00:00:00+00:00,119.38,120.07,109.18965,63.76813,2.4471414,0.5542857142857144,-5806.666666666759,27758.73529141391,5000.0,16952.06862474715,0,,17296.2
2019-12-04 00:00:00+00:00,119.36,120.24,109.3192,63.79199,2.4178555,0.5340314136125655,-5807.658730158822,27798.03746157803,5000.0,16990.37873141921,0,,17320.69
2019-12-05 00:00:00+00:00,120.67,119.87,109.44465,60.260117,2.4149983,0.5542857142857144,-5808.650793650886,27712.498747527294,5000.0,16903.847953876408,0,,17267.39
2019-12-06 00:00:00+00:00,120.59,120.59,109.5698,58.33928,2.4778557,0.5542857142857144,-5809.64285714295,27878.9532965887,5000.0,17069.31043944575,0,,17371.105
2019-12-09 00:00:00+00:00,119.98,119.66,109.68975,54.283493,2.4457126,0.5542857142857144,-5810.634920635013,27663.95062563111,5000.0,16853.315704996097,0,,17237.14
2019-12-10 00:00:00+00:00,118.93,115.66,109.81105,46.833466,2.5307121,0.5542857142857144,-5811.626984127077,26739.198066602683,5000.0,15927.571082475606,0,,16660.936
2019-12-11 00:00:00+00:00,115.5,115.7,109.91485,26.829224,2.6621404,0.5542857142857144,-5812.6190476191405,26748.445180497052,5000.0,15935.826132877912,0,,16666.697
2019-12-12 00:00:00+00:00,115.27,115.42,110.0226,22.746689,2.599998,0.5542857142857144,-5813.611111111204,26683.712129958836,5000.0,15870.101018847632,0,,16626.363
2019-12-13 00:00:00+00:00,116.05,115.5,110.12015,22.569105,2.62857,0.5542857142857144,-5814.603174603268,26702.206152128376,5000.0,15887.602977525108,0,,16637.887
2019-12-16 00:00:00+00:00,115.27,117.09,110.21665,19.483328,2.6585698,0.5542857142857144,-5815.595238095331,27069.79324932515,5000.0,16254.198011229819,0,,16866.928
2019-12-17 00:00:00+00:00,117.49,116.71,110.3144,27.957632,2.689284,0.5542857142857144,-5816.587301587395,26981.942195679585,5000.0,16165.35489409219,0,,16812.188
2019-12-18 00:00:00+00:00,116.58,116.43,110.4134,37.533237,2.4278553,0.5542857142857144,-5817.5793650794585,26917.21017021266,5000.0,16099.630805133202,0,,16771.854
2019-12-19 00:00:00+00:00,116.47,117.56,110.52155,40.401104,2.302856,0.5542857142857144,-5818.571428571522,27178.4531161231,5000.0,16359.881687551577,0,,16934.63
2019-12-20 00:00:00+00:00,121.5,119.02,110.6457,43.9856,2.1435704,0.5542857142857144,-5819.563492063586,27515.988407513243,5000.0,16696.424915449657,0,,17144.945
2019-12-23 00:00:00+00:00,118.79,118.3,110.77915,48.936157,2.2499995,0.5340314136125655,-5820.555555555649,27349.534975700306,5000.0,16528.979420144657,0,,17041.23
2019-12-24 00:00:00+00:00,118.16,118.97,110.89815,42.716038,2.2742856,0.5542857142857144,-5821.547619047713,27504.429453682893,5000.0,16682.88183463518,0,,17137.744
2019-12-26 00:00:00+00:00,119.0,119.05,111.0147,44.980232,2.265714,0.5542857142857144,-5822.539682539777,27522.925071376343,5000.0,16700.385388836567,0,,17149.268
2019-12-27 00:00:00+00:00,119.09,118.84,111.1308,46.68284,2.1714282,0.5542857142857144,-5823.53174603184,27474.374646354256,5000.0,16650.842900322416,0,,17119.016
2019-12-30 00:00:00+00:00,119.07,119.25,111.24865,42.61602,2.1128566,0.5542857142857144,-5824.523809523904,27569.162229304864,5000.0,16744.63841978096,0,,17178.076
2019-12-31 00:00:00+00:00,118.59,120.0,111.3596,48.190624,2.029286,0.5542857142857144,-5825.515873015967,27742.554695618215,5000.0,16917.038822602248,0,,17286.115
2020-01-02 00:00:00+00:00,119.7,119.52,111.48045,76.85646,1.850715,0.5542857142857144,-5826.507936508031,27631.584251948167,5000.0,16805.076315440136,0,,17216.97
2020-01-03 00:00:00+00:00,119.03,121.33,111.6005,72.41785,1.8814294,0.5542857142857144,-5827.500000000095,28050.036701820034,5000.0,17222.53670181994,0,,17477.705
2020-01-06 00:00:00+00:00,120.49,120.19,111.733696,79.40299,1.9707152,0.5542857142857144,-5828.492063492158,27786.48310713972,5000.0,16957.991043647562,0,,17313.486
2020-01-07 00:00:00+00:00,119.99,118.22,111.8611,71.107124,1.9607152,0.5542857142857144,-5829.484126984222,27331.04206280224,5000.0,16501.55793581802,0,,17029.705
2020-01-08 00:00:00+00:00,117.75,117.01,111.975,54.91734,1.934287,0.5542857142857144,-5830.476190476285,27051.30527274731,5000.0,16220.829082271026,0,,16855.404
2020-01-09 00:00:00+00:00,117.31,116.01,112.0838,51.217545,1.9950017,0.5340314136125655,-5831.468253968349,26820.116897755757,5000.0,15988.648643787408,0,,16711.354
2020-01-10 00:00:00+00:00,116.6,115.85,112.19,48.38958,2.0142872,0.5542857142857144,-5832.460317460413,26783.125211828006,5000.0,15950.664894367594,0,,16688.305
2020-01-13 00:00:00+00:00,115.77,115.09,112.29785,42.916332,1.9150015,0.5542857142857144,-5833.452380952476,26607.422382045985,5000.0,15773.970001093508,0,,16578.826
2020-01-14 00:00:00+00:00,114.99,115.49,112.4025,32.717705,1.7335728,0.5542857142857144,-5834.44444444454,26699.897724742717,5000.0,15865.453280298178,0,,16636.447
2020-01-15 00:00:00+00:00,115.74,116.87,112.50275,37.285076,1.6857158,0.5542857142857144,-5835.436507936603,27018.939650201035,5000.0,16183.503142264432,0,,16835.238
2020-01-16 00:00:00+00:00,116.76,117.53,112.60295,41.07146,1.722859,0.5542857142857144,-5836.428571428667,27171.523753314326,5000.0,16335.09518188566,0,,16930.312
2020-01-17 00:00:00+00:00,117.33,116.53,112.7081,43.841164,1.7750021,0.5542857142857144,-5837.420634920731,26940.3363696186,5000.0,16102.915734697868,0,,16786.264
2020-01-21 00:00:00+00:00,116.4,117.39,112.81225,41.203373,1.838574,0.5542857142857144,-5838.412698412794,27139.159497878583,5000.0,16300.746799465789,0,,16910.148
2020-01-22 00:00:00+00:00,119.49,118.72,112.92045,43.1517,1.8228596,0.5542857142857144,-5839.404761904858,27446.639935376425,5000.0,16607.235173471567,0,,17101.736
2020-01-23 00:00:00+00:00,118.39,119.62,113.0348,45.480236,1.8942882,0.5542857142857144,-5840.3968253969215,27654.709518960542,5000.0,16814.31269356362,0,,17231.383
2020-01-24 00:00:00+00:00,120.0,119.81,113.15495,50.342957,1.9135742,0.5542857142857144,-5841.388888888985,27698.634726769826,5000.0,16857.24583788084,0,,17258.752
2020-01-27 00:00:00+00:00,119.25,119.73,113.27945,44.135788,1.794288,0.5542857142857144,-5842.380952381049,27680.14059125835,5000.0,16837.7596388773,0,,17247.227
2020-01-28 00:00:00+00:00,120.1,121.2,113.3974,48.06723,1.8314307,0.5542857142857144,-5843.373015873112,28019.986372557807,5000.0,17176.613356684695,0,,17458.982
2020-01-29 00:00:00+00:00,120.95,121.5,113.52385,63.070164,1.8550017,0.5542857142857144,-5844.365079365176,28089.343171330594,5000.0,17244.97809196542,0,,17502.197
2020-01-30 00:00:00+00:00,121.2,123.18,113.6506,71.40133,1.8192874,0.5340314136125655,-5845.3571428572395,28477.740269369482,5000.0,17632.383126512243,0,,17744.205
2020-01-31 00:00:00+00:00,122.47,123.22,113.77805,82.094894,1.8642877,0.5542857142857144,-5846.349206349303,28486.98773503885,5000.0,17640.638528689546,0,,17749.967
2020-02-03 00:00:00+00:00,124.0,123.86,113.8995,83.34844,1.9457163,0.5542857142857144,-5847.341269841367,28634.94768925481,5000.0,17787.60641941344,0,,17842.16
2020-02-04 00:00:00+00:00,123.01,122.47,114.0148,90.11899,2.0364304,0.5542857142857144,-5848.33333333343,28313.59592559313,5000.0,17465.2625922597,0,,17641.93
2020-02-05 00:00:00+00:00,122.95,123.77,114.12085,79.278564,2.1192873,0.5542857142857144,-5849.325396825494,28614.13774635798,5000.0,17764.812349532487,0,,17829.193
2020-02-06 00:00:00+00:00,123.95,127.93,114.23435,79.138535,2.1007156,0.5542857142857144,-5850.317460317558,29575.878990575424,5000.0,18725.561530257866,0,,18428.445
2020-02-07 00:00:00+00:00,125.0,122.54,114.3684,83.89834,2.3664296,0.5542857142857144,-5851.309523809621,28329.775125507877,5000.0,17478.465601698255,0,,17652.012
2020-02-10 00:00:00+00:00,122.01,123.69,114.47435,65.23063,2.6657147,0.5542857142857144,-5852.301587301685,28595.64302000904,5000.0,17743.341432707355,0,,17817.67
2020-02-11 00:00:00+00:00,123.39,123.31,114.5841,65.73428,2.7350001,0.5340314136125655,-5853.293650793748,28507.789718017615,5000.0,17654.496067223867,0,,17762.93
2020-02-12 00:00:00+00:00,122.93,123.53,114.6929,62.034603,2.6985714,0.5542857142857144,-5854.285714285812,28558.65007302763,5000.0,17704.36435874182,0,,17794.62
2020-02-13 00:00:00+00:00,122.86,124.27,114.80555,60.63077,2.691428,0.5542857142857144,-5855.277777777876,28729.7274108672,5000.0,17874.449633089323,0,,17901.217
2020-02-14 00:00:00+00:00,124.4,125.63,114.918846,61.774025,2.7171428,0.5340314136125655,-5856.269841269939,29044.14237640466,5000.0,18187.87253513472,0,,18097.125
2020-02-18 00:00:00+00:00,123.0,123.54,115.0418,64.5895,2.688572,0.5542857142857144,-5857.261904762003,28560.96015532617,5000.0,17703.698250564168,0,,17796.059
2020-02-19 00:00:00+00:00,124.17,120.44,115.159996,55.614212,2.7950003,0.5542857142857144,-5858.253968254066,27844.27773687778,5000.0,16986.023768623712,0,,17349.5
2020-02-20 00:00:00+00:00,120.06,122.83,115.2573,47.75804,2.962143,0.5542857142857144,-5859.24603174613,28396.81780132159,5000.0,17537.57176957546,0,,17693.783
2020-02-21 00:00:00+00:00,122.21,122.61,115.3561,49.28132,3.0207143,0.5340314136125655,-5860.238095238194,28345.955705075725,5000.0,17485.71760983753,0,,17662.092
2020-02-24 00:00:00+00:00,120.68,121.99,115.46025,48.756622,3.1750004,0.5340314136125655,-5861.230158730257,28202.619299074187,5000.0,17341.38914034393,0,,17572.78
2020-02-25 00:00:00+00:00,122.59,122.1,115.55705,46.185226,3.2935715,0.5542857142857144,-5862.222222222321,28228.04957455949,5000.0,17365.827352337168,0,,17588.625
2020-02-26 00:00:00+00:00,123.93,123.81,115.64955,49.20361,3.2757144,0.5340314136125655,-5863.2142857143845,28623.381877620785,5000.0,17760.1675919064,0,,17834.953
2020-02-27 00:00:00+00:00,120.35,121.23,115.7515,50.084606,3.3707144,0.5340314136125655,-5864.206349206448,28026.918679265757,5000.0,17162.71233005931,0,,17463.303
2020-02-28 00:00:00+00:00,122.74,114.0,115.84195,34.814148,3.465714,0.5542857142857144,-5865.198412698512,26355.42860148704,5000.0,15490.23018878853,0,,16421.812
2020-03-02 00:00:00+00:00,112.42,118.18,115.8866,32.133892,3.8192852,0.5542857142857144,-5866.190476190575,27321.793395276738,5000.0,16455.602919086163,0,,17023.945
2020-03-03 00:00:00+00:00,117.99,117.21,115.9581,39.769768,4.052857,0.4090909090909091,-5867.182539682639,27097.540005471386,5000.0,16230.357465788748,0,,16884.215
2020-03-04 00:00:00+00:00,117.52,118.59,116.0179,38.917152,4.14,0.5542857142857144,-5868.1746031747025,27416.578460795605,5000.0,16548.403857620902,0,,17083.004
2020-03-05 00:00:00+00:00,115.92,115.95,116.0819,41.387722,4.3292856,0.5340314136125655,-5869.166666666766,26806.242655404105,5000.0,15937.075988737339,0,,16702.71
2020-03-06 00:00:00+00:00,115.0,116.77,116.12345,36.396336,4.586428,0.5542857142857144,-5870.15873015883,26995.815650028384,5000.0,16125.656919869554,0,,16820.832
2020-03-09 00:00:00+00:00,112.04,111.77,116.1706,35.25299,4.7907133,0.5542857142857144,-5871.150793650893,25839.87636800585,5000.0,14968.725574354958,0,,16100.577
2020-03-10 00:00:00+00:00,111.81,110.9,116.1905,32.1396,4.9835706,0.99,-5872.142857142957,25638.744699027047,5000.0,14766.60184188409,0,,15975.254
2020-03-11 00:00:00+00:00,112.0,106.35,116.21395,34.472652,5.049999,0.6666666666666666,-5873.1349206350205,24586.83922600907,5000.0,13713.704305374049,0,,15319.822
2020-03-12 00:00:00+00:00,98.97,93.47,116.21095,24.939165,5.302856,0.905097986513042,-5874.126984127084,21609.138308682708,5000.0,10735.011324555624,0,,13464.445
2020-03-13 00:00:00+00:00,95.39,94.8,116.1508,18.006144,6.1628556,0.99,-5875.119047619148,21916.61859336633,5000.0,11041.499545747181,0,,13656.033
2020-03-16 00:00:00+00:00,92.0,82.7,116.08845,20.605406,6.444285,0.5542857142857144,-5876.111111111211,19119.24259808923,5000.0,8243.131486978018,0,,11913.016
2020-03-17 00:00:00+00:00,84.47,88.54,115.96895,16.174448,7.1828566,0.6666666666666666,-5877.103174603275,20469.380839533544,5000.0,9592.277664930269,0,,12754.273
2020-03-18 00:00:00+00:00,86.57,75.85,115.86895,21.725193,7.743571,0.5542857142857144,-5878.095238095339,17535.60498010496,5000.0,6657.509742009621,0,,10926.266
2020-03-19 00:00:00+00:00,75.9,82.91,115.7025,18.694815,8.308571,0.6666666666666666,-5879.087301587402,19167.792684293898,5000.0,8288.705382706496,0,,11943.267
2020-03-20 00:00:00+00:00,83.25,79.69,115.56735,28.502289,8.812142,0.5542857142857144,-5880.079365079466,18423.367107796726,5000.0,7543.287742717261,0,,11479.422
2020-03-23 00:00:00+00:00,80.2,76.54,115.4112,23.027336,8.795,0.6666666666666666,-5881.071428571529,17695.12473224533,5000.0,6814.053303673802,0,,11025.661
2020-03-24 00:00:00+00:00,78.76,78.15,115.23855,22.344627,9.082143,0.99,-5882.063492063593,18067.3366831738,5000.0,7185.2731911102055,0,,11257.583
2020-03-25 00:00:00+00:00,77.81,80.0,115.07275,22.586779,9.205714,0.5542857142857144,-5883.055555555657,18495.035015389105,5000.0,7611.979459833448,0,,11524.078
2020-03-26 00:00:00+00:00,79.06,90.82,114.9171,25.366596,9.301429,0.5542857142857144,-5884.04761904772,20996.487989711524,5000.0,10112.440370663804,0,,13082.709
2020-03-27 00:00:00+00:00,87.12,90.89,114.83105,34.361824,9.805,0.5542857142857144,-5885.039682539784,21012.672235219416,5000.0,10127.632552679632,0,,13092.793
2020-03-30 00:00:00+00:00,92.15,93.03,114.747,36.62225,9.893572,0.5542857142857144,-5886.031746031847,21507.41366079395,5000.0,10621.381914762103,0,,13401.062
2020-03-31 00:00:00+00:00,90.81,89.25,114.67585,38.73408,9.963572,0.5542857142857144,-5887.023809523911,20633.522942532494,5000.0,9746.499133008583,0,,12856.549
2020-04-01 00:00:00+00:00,86.4,88.18,114.5834,39.11383,9.943572,0.6666666666666666,-5888.015873015975,20386.151377957176,5000.0,9498.135504941201,0,,12702.414
2020-04-02 00:00:00+00:00,85.74,92.37,114.4908,46.036266,9.170001,0.5542857142857144,-5889.007936508038,21354.829230206273,5000.0,10465.821293698235,0,,13305.987
2020-04-03 00:00:00+00:00,93.43,89.62,114.42095,48.25406,9.089286,0.6666666666666666,-5890.000000000102,20719.062514010908,5000.0,9829.062514010806,0,,12909.848
2020-04-06 00:00:00+00:00,94.1,94.89,114.33785,55.743694,8.470715,0.6666666666666666,-5890.9920634921655,21937.422055312196,5000.0,11046.42999182003,0,,13668.996
2020-04-07 00:00:00+00:00,97.34,93.5,114.2769,55.32093,8.234286,0.5542857142857144,-5891.984126984229,21616.070484279335,5000.0,10724.086357295106,0,,13468.765
2020-04-08 00:00:00+00:00,94.07,95.7,114.2122,68.24478,7.657143,0.5542857142857144,-5892.976190476293,22124.683877123127,5000.0,11231.707686646834,0,,13785.677
2020-04-09 00:00:00+00:00,95.91,93.42,114.15395,64.69776,6.6335716,0.5542857142857144,-5893.968253968356,21597.575378123227,5000.0,10703.60712415487,0,,13457.241
2020-04-13 00:00:00+00:00,92.84,93.31,114.08355,66.12638,6.5185714,0.5542857142857144,-5894.96031746042,21572.144454327834,5000.0,10677.184136867414,0,,13441.3955
2020-04-14 00:00:00+00:00,94.51,100.51,114.02085,71.21174,6.217857,0.5542857142857144,-5895.9523809524835,23236.697426505183,5000.0,12340.7450455527,0,,14478.563
2020-04-15 00:00:00+00:00,98.29,98.09,113.9931,74.77837,6.2757144,0.5542857142857144,-5896.944444444547,22677.221963547603,5000.0,11780.277519103056,0,,14129.959
2020-04-16 00:00:00+00:00,98.04,97.94,113.9654,69.79645,6.0607142,0.5542857142857144,-5897.936507936611,22642.5449271743,5000.0,11744.608419237687,0,,14108.353
2020-04-17 00:00:00+00:00,98.22,102.0,113.9216,60.165623,5.3285713,0.5542857142857144,-5898.928571428674,23581.168023583203,5000.0,12682.239452154528,0,,14693.199
2020-04-20 00:00:00+00:00,101.81,102.96,113.88925,64.239944,5.072857,0.5340314136125655,-5899.920634920738,23803.10953972008,5000.0,12903.188904799343,0,,14831.489
2020-04-21 00:00:00+00:00,101.31,100.39,113.85405,63.124508,4.889285,0.5340314136125655,-5900.912698412802,23208.955991840954,5000.0,12308.043293428153,0,,14461.277
2020-04-22 00:00:00+00:00,100.72,100.2,113.804,65.210266,4.6478567,0.5542857142857144,-5901.904761904865,23165.030111670552,5000.0,12263.125349765687,0,,14433.908
2020-04-23 00:00:00+00:00,99.2,99.05,113.7519,66.81589,4.4928565,0.5542857142857144,-5902.896825396929,22899.16521024338,5000.0,11996.268384846451,0,,14268.25
2020-04-24 00:00:00+00:00,99.88,96.52,113.69225,60.21407,4.181428,0.5542857142857144,-5903.888888888992,22314.257877433403,5000.0,11410.368988544411,0,,13903.8
2020-04-27 00:00:00+00:00,98.06,97.14,113.61635,60.621914,4.2007136,0.5542857142857144,-5904.880952381056,22457.59557848291,5000.0,11552.714626101853,0,,13993.113
2020-04-28 00:00:00+00:00,98.76,98.5,113.53705,54.0424,3.7942853,0.5542857142857144,-5905.87301587312,22772.01125449487,5000.0,11866.138238621752,0,,14189.022
2020-04-29 00:00:00+00:00,99.08,99.32,113.45925,58.992805,3.5185716,0.5542857142857144,-5906.865079365183,22961.585094868195,5000.0,12054.720015503011,0,,14307.145
2020-04-30 00:00:00+00:00,99.31,99.38,113.3855,56.850876,3.4185715,0.5542857142857144,-5907.857142857247,22975.45466079328,5000.0,12067.597517936032,0,,14315.786
2020-05-01 00:00:00+00:00,98.99,94.01,113.312,62.314045,3.3499997,0.5542857142857144,-5908.84920634931,21733.977154902546,5000.0,10825.127948553236,0,,13542.233
2020-05-04 00:00:00+00:00,92.03,94.45,113.21105,51.18806,3.5850003,0.5542857142857144,-5909.841269841374,21835.698164762423,5000.0,10925.85689492105,0,,13605.615
2020-05-05 00:00:00+00:00,94.61,98.94,113.11065,36.651966,3.2749999,0.5542857142857144,-5910.833333333438,22873.73231176776,5000.0,11962.898978434321,0,,14252.404
2020-05-06 00:00:00+00:00,100.58,97.48,113.0308,51.715797,3.4342854,0.5340314136125655,-5911.825396825501,22536.198791179082,5000.0,11624.37339435358,0,,14042.09
2020-05-07 00:00:00+00:00,98.62,99.46,112.9456,49.1181,3.538571,0.5542857142857144,-5912.817460317565,22993.950284589122,5000.0,12081.132824271557,0,,14327.311
2020-05-08 00:00:00+00:00,100.44,100.18,112.86905,44.70833,3.475714,0.5542857142857144,-5913.809523809628,23160.40586637122,5000.0,12246.596342561592,0,,14431.027
2020-05-11 00:00:00+00:00,99.96,99.88,112.8117,44.149834,3.4349997,0.5542857142857144,-5914.801587301692,23091.04840494626,5000.0,12176.24681764457,0,,14387.812
2020-05-12 00:00:00+00:00,99.89,97.9,112.75505,48.813396,3.3749995,0.5542857142857144,-5915.793650793756,22633.29769613642,5000.0,11717.504045342663,0,,14102.591
2020-05-13 00:00:00+00:00,98.08,98.06,112.6888,45.060146,3.4192848,0.5542857142857144,-5916.785714285819,22670.28593996857,5000.0,11753.50022568275,0,,14125.638
2020-05-14 00:00:00+00:00,97.64,99.34,112.62685,47.77926,3.4607136,0.5542857142857144,-5917.777777777883,22966.205235500638,5000.0,12048.427457722755,0,,14310.022
2020-05-15 00:00:00+00:00,97.67,99.88,112.57075,56.701527,3.4107144,0.5542857142857144,-5918.7698412699465,23091.048231947585,5000.0,12172.278390677639,0,,14387.812
2020-05-18 00:00:00+00:00,101.65,102.76,112.5236,56.53626,3.4999995,0.5542857142857144,-5919.76190476201,23756.871693896002,5000.0,12837.109789133992,0,,14802.68
2020-05-19 00:00:00+00:00,101.31,98.94,112.46205,59.475098,3.6349995,0.5340314136125655,-5920.753968254074,22873.734067810587,5000.0,11952.980099556513,0,,14252.405
2020-05-20 00:00:00+00:00,99.21,100.49,112.37435,49.254322,3.7685711,0.5542857142857144,-5921.746031746137,23232.07416860626,5000.0,12310.328136860124,0,,14475.683
2020-05-21 00:00:00+00:00,99.92,97.98,112.30295,52.057846,3.7442856,0.5542857142857144,-5922.738095238201,22651.793530349525,5000.0,11729.055435111324,0,,14114.115
2020-05-22 00:00:00+00:00,97.94,99.31,112.20045,58.233105,3.729999,0.5542857142857144,-5923.7301587302645,22959.271770566953,5000.0,12035.541611836688,0,,14305.702
2020-05-26 00:00:00+00:00,100.72,101.42,112.10695,59.72001,3.7421417,0.5542857142857144,-5924.722222222328,23447.077142852362,5000.0,12522.354920630034,0,,14609.649
2020-05-27 00:00:00+00:00,103.05,102.66,112.01975,55.48187,3.5457137,0.5340314136125655,-5925.714285714392,23733.751949089867,5000.0,12808.037663375475,0,,14788.273
2020-05-28 00:00:00+00:00,103.0,102.63,111.938,61.562508,3.4692852,0.5340314136125655,-5926.706349206455,23726.814545437297,5000.0,12800.108196230842,0,,14783.951
2020-05-29 00:00:00+00:00,102.74,106.46,111.85425,57.750607,3.3178563,0.5340314136125655,-5927.698412698519,24612.265745477125,5000.0,13684.567332778606,0,,15335.667
2020-06-01 00:00:00+00:00,106.61,105.08,111.78295,63.32767,3.3507135,0.5542857142857144,-5928.690476190583,24293.227288485014,5000.0,13364.536812294431,0,,15136.877
2020-06-02 00:00:00+00:00,105.0,102.68,111.711296,60.55196,3.4385707,0.5542857142857144,-5929.682539682646,23738.37520943805,5000.0,12808.692669755404,0,,14791.155
2020-06-03 00:00:00+00:00,103.33,104.0,111.61535,59.53711,3.3978565,0.5542857142857144,-5930.67460317471,24043.544598994195,5000.0,13112.869995819485,0,,14981.303
2020-06-04 00:00:00+00:00,104.0,101.03,111.5285,61.327236,3.3528569,0.5340314136125655,-5931.666666666773,23356.915837421027,5000.0,12425.249170754254,0,,14553.472
2020-06-05 00:00:00+00:00,102.15,97.84,111.432,53.02759,3.327142,0.5542857142857144,-5932.658730158837,22619.42622502241,5000.0,11686.767494863572,0,,14093.948
2020-06-08 00:00:00+00:00,98.0,103.43,111.32395,46.662304,3.4428563,0.5542857142857144,-5933.650793650901,23911.76794887264,5000.0,12978.117155221738,0,,14899.194
2020-06-09 00:00:00+00:00,103.01,103.05,111.24525,51.00691,3.5421422,0.4090909090909091,-5934.642857142964,23823.916814059772,5000.0,12889.273956916808,0,,14844.454
2020-06-10 00:00:00+00:00,103.59,101.37,111.16105,56.889038,3.422142,0.5542857142857144,-5935.634920635028,23435.521110779944,5000.0,12499.886190144916,0,,14602.449
2020-06-11 00:00:00+00:00,101.28,97.0,111.06865,51.46863,3.5307138,0.5542857142857144,-5936.626984127091,22425.229459501315,5000.0,11488.602475374224,0,,13972.946
2020-06-12 00:00:00+00:00,99.0,99.9,110.95015,48.460083,3.424286,0.5542857142857144,-5937.619047619155,23095.675974234888,5000.0,12158.056926615733,0,,14390.695
2020-06-15 00:00:00+00:00,98.26,101.1,110.84935,50.883503,3.4114292,0.5340314136125655,-5938.611111111219,23373.101346104428,5000.0,12434.490234993209,0,,14563.556
2020-06-16 00:00:00+00:00,102.82,101.45,110.75505,49.50739,3.4900005,0.5542857142857144,-5939.603174603282,23454.018017403436,5000.0,12514.414842800154,0,,14613.974
2020-06-17 00:00:00+00:00,102.32,101.04,110.6676,48.084827,3.5550003,0.5542857142857144,-5940.595238095346,23359.231565131853,5000.0,12418.636327036507,0,,14554.913
2020-06-18 00:00:00+00:00,100.32,100.25,110.577,47.513298,3.673572,0.5542857142857144,-5941.5873015874095,23176.592767384496,5000.0,12235.005465797087,0,,14441.112
2020-06-19 00:00:00+00:00,102.48,98.75,110.4828,39.267197,3.560001,0.5542857142857144,-5942.579365079473,22829.810365644582,5000.0,11887.231000565109,0,,14225.036
2020-06-22 00:00:00+00:00,98.62,100.05,110.38065,39.10499,3.6007152,0.5542857142857144,-5943.571428571537,23130.35658834437,5000.0,12186.785159772833,0,,14412.303
2020-06-23 00:00:00+00:00,97.9,95.76,110.28485,45.295177,3.530001,0.5542857142857144,-5944.5634920636,22138.560016517855,5000.0,11193.996524454255,0,,13794.324
2020-06-24 00:00:00+00:00,94.78,93.76,110.17015,36.675297,3.6471438,0.5542857142857144,-5945.555555555664,21676.184520586474,5000.0,10730.62896503081,0,,13506.223
2020-06-25 00:00:00+00:00,93.82,95.09,110.04545,37.863113,3.5935724,0.5542857142857144,-5946.5476190477275,21983.662736836195,5000.0,11037.115117788468,0,,13697.811
2020-06-26 00:00:00+00:00,94.02,91.51,109.94475,45.10502,3.410001,0.5542857142857144,-5947.539682539791,21156.010832008422,5000.0,10208.47114946863,0,,13182.108
2020-06-29 00:00:00+00:00,92.81,92.81,109.82735,27.14723,3.2728577,0.99,-5948.531746031855,21456.554218329442,5000.0,10508.022472297587,0,,13369.374
2020-06-30 00:00:00+00:00,91.96,93.28,109.7161,31.037016,3.2907147,0.99,-5949.523809523918,21565.212994582766,5000.0,10615.689185058847,0,,13437.078
2020-07-01 00:00:00+00:00,93.45,96.46,109.6272,34.31561,3.1757143,0.5542857142857144,-5950.515873015982,22300.39000918707,5000.0,11349.874136171089,0,,13895.16
2020-07-02 00:00:00+00:00,97.79,95.09,109.5545,48.902435,3.1471426,0.5542857142857144,-5951.5079365080455,21983.66129013445,5000.0,11032.153353626403,0,,13697.809
2020-07-06 00:00:00+00:00,96.49,95.0,109.46255,39.575188,3.1942852,0.5542857142857144,-5952.500000000109,21962.854586708443,5000.0,11010.354586708334,0,,13684.845
2020-07-07 00:00:00+00:00,93.12,93.71,109.35925,36.111103,3.0149999,0.5542857142857144,-5953.492063492173,21664.62205257524,5000.0,10711.129989083067,0,,13499.02
2020-07-08 00:00:00+00:00,93.36,93.01,109.2456,33.10043,2.9642863,0.5542857142857144,-5954.484126984236,21502.790946061807,5000.0,10548.30681907757,0,,13398.184
2020-07-09 00:00:00+00:00,92.98,90.19,109.13285,32.686497,2.8621433,0.6666666666666666,-5955.4761904763,20850.840665294305,5000.0,9895.364474818005,0,,12991.96
2020-07-10 00:00:00+00:00,90.35,91.55,109.004196,30.055506,2.9400008,0.99,-5956.468253968364,21165.255910245043,5000.0,10208.78765627668,0,,13187.868
2020-07-13 00:00:00+00:00,92.49,91.49,108.8708,35.64593,2.792143,0.5542857142857144,-5957.460317460427,21151.383933274068,5000.0,10193.923615813641,0,,13179.225
2020-07-14 00:00:00+00:00,91.76,90.61,108.7386,32.04696,2.832143,0.5542857142857144,-5958.452380952491,20947.938908302087,5000.0,9989.486527349596,0,,13052.46
2020-07-15 00:00:00+00:00,91.88,94.04,108.6028,37.395973,2.6714282,0.8037937893095848,-5959.444444444554,21740.91375663385,5000.0,10781.469312189296,0,,13546.555
2020-07-16 00:00:00+00:00,94.48,92.91,108.4958,50.640438,2.7378566,0.5542857142857144,-5960.436507936618,21479.67238079437,5000.0,10519.235872857753,0,,13383.778
2020-07-17 00:00:00+00:00,93.28,92.66,108.3858,44.967697,2.7692854,0.5542857142857144,-5961.428571428682,21421.875048390797,5000.0,10460.446476962115,0,,13347.766
2020-07-20 00:00:00+00:00,92.68,93.32,108.2712,53.13694,2.617143,0.5542857142857144,-5962.420634920745,21574.457817086313,5000.0,10612.037182165568,0,,13442.838
2020-07-21 00:00:00+00:00,95.0,93.12,108.1738,51.441498,2.6371427,0.5542857142857144,-5963.412698412809,21528.22063415494,5000.0,10564.80793574213,0,,13414.027
2020-07-22 00:00:00+00:00,93.55,91.65,108.0586,49.540768,2.6200001,0.5542857142857144,-5964.404761904872,21188.373745952867,5000.0,10223.968984047995,0,,13202.272
2020-07-23 00:00:00+00:00,91.49,91.21,107.93545,34.69128,2.5014284,0.5542857142857144,-5965.396825396936,21086.6501493954,5000.0,10121.253323998462,0,,13138.889
2020-07-24 00:00:00+00:00,90.45,89.46,107.80025,36.874157,2.4042854,0.5542857142857144,-5966.388888889,20682.071205159966,5000.0,9715.682316270966,0,,12886.8
2020-07-27 00:00:00+00:00,89.34,87.33,107.66515,33.150845,2.4378564,0.5542857142857144,-5967.380952381063,20189.641584095327,5000.0,9222.260631714264,0,,12579.972
2020-07-28 00:00:00+00:00,87.78,87.43,107.51605,31.53935,2.4642847,0.6666666666666666,-5968.373015873127,20212.758829222912,5000.0,9244.385813349785,0,,12594.376
2020-07-29 00:00:00+00:00,87.64,89.14,107.3678,33.27337,2.5092845,0.5542857142857144,-5969.3650793651905,20608.091061740128,5000.0,9638.725982374937,0,,12840.704
2020-07-30 00:00:00+00:00,87.8,86.89,107.2355,46.62812,2.4628558,0.5542857142857144,-5970.357142857254,20087.918192859346,5000.0,9117.561050002092,0,,12516.589
2020-07-31 00:00:00+00:00,87.39,87.7,107.09405,35.84445,2.5142848,0.5542857142857144,-5971.349206349318,20275.1787150775,5000.0,9303.829508728184,0,,12633.269
2020-08-03 00:00:00+00:00,86.92,86.33,106.9573,38.988945,2.484999,0.5542857142857144,-5972.341269841381,19958.452765838745,5000.0,8986.111495997364,0,,12435.92
2020-08-04 00:00:00+00:00,87.14,85.58,106.81155,37.909595,2.5578563,0.5542857142857144,-5973.333333333445,19785.061404338,5000.0,8811.728071004556,0,,12327.882
2020-08-05 00:00:00+00:00,86.35,86.67,106.657196,21.837519,2.4935706,0.6666666666666666,-5974.3253968255085,20037.055004535112,5000.0,9062.729607709603,0,,12484.897
2020-08-06 00:00:00+00:00,86.54,85.0,106.5067,29.172184,2.4971416,0.5542857142857144,-5975.317460317572,19650.971949493614,5000.0,8675.654489176042,0,,12244.333
2020-08-07 00:00:00+00:00,85.16,88.06,106.35535,26.6463,2.6078563,0.5542857142857144,-5976.309523809636,20358.407202044167,5000.0,9382.097678234531,0,,12685.13
2020-08-10 00:00:00+00:00,87.91,85.54,106.22225,36.010616,2.6414278,0.5542857142857144,-5977.301587301699,19775.81501977904,5000.0,8798.513432477339,0,,12322.122
2020-08-11 00:00:00+00:00,86.47,88.82,106.0798,32.0549,2.6585705,0.6666666666666666,-5978.293650793763,20534.11116469749,5000.0,9555.817513903727,0,,12794.609
2020-08-12 00:00:00+00:00,88.52,86.82,105.9454,43.829037,2.7107136,0.5542857142857144,-5979.2857142858265,20071.735493084307,5000.0,9092.44977879848,0,,12506.508
2020-08-13 00:00:00+00:00,87.06,86.24,105.809,41.03715,2.749285,0.5542857142857144,-5980.27777777789,19937.646493213,5000.0,8957.36871543511,0,,12422.959
2020-08-14 00:00:00+00:00,86.11,88.26,105.6741,43.096046,2.687142,0.5542857142857144,-5981.269841269954,20404.647495824152,5000.0,9423.377654554199,0,,12713.942
2020-08-17 00:00:00+00:00,88.6,89.82,105.5462,52.00345,2.6449993,0.5542857142857144,-5982.261904762017,20765.300500417805,5000.0,9783.038595655788,0,,12938.661
2020-08-18 00:00:00+00:00,89.97,90.18,105.4121,54.84394,2.6514282,0.5542857142857144,-5983.253968254081,20848.52896137641,5000.0,9865.27499312233,0,,12990.52
2020-08-19 00:00:00+00:00,90.76,89.02,105.28725,52.22985,2.5642848,0.5542857142857144,-5984.246031746145,20580.34977201474,5000.0,9596.103740268594,0,,12823.42
2020-08-20 00:00:00+00:00,88.66,89.62,105.1581,54.79082,2.5392842,0.5542857142857144,-5985.238095238208,20719.063248208848,5000.0,9733.82515297064,0,,12909.852
2020-08-21 00:00:00+00:00,89.05,91.64,105.0386,54.359688,2.4957128,0.5542857142857144,-5986.230158730272,21186.062970059997,5000.0,10199.832811329725,0,,13200.834
2020-08-24 00:00:00+00:00,92.49,92.69,104.9205,61.71151,2.512141,0.5542857142857144,-5987.222222222335,21428.811186263483,5000.0,10441.588964041148,0,,13352.088
2020-08-25 00:00:00+00:00,92.88,90.6,104.8117,65.47671,2.450713,0.5542857142857144,-5988.214285714399,20945.62753921852,5000.0,9957.41325350412,0,,13051.021
2020-08-26 00:00:00+00:00,90.06,91.23,104.6877,58.197746,2.4599986,0.5542857142857144,-5989.206349206463,21091.277490392506,5000.0,10102.071141186043,0,,13141.774
2020-08-27 00:00:00+00:00,90.58,92.41,104.56945,63.58482,2.5607126,0.5542857142857144,-5990.198412698526,21364.078972948977,5000.0,10373.88056025045,0,,13311.755
2020-08-28 00:00:00+00:00,93.33,91.75,104.456,60.332546,2.4849985,0.5542857142857144,-5991.19047619059,21211.49401708183,5000.0,10220.30354089124,0,,13216.681
2020-08-31 00:00:00+00:00,92.52,91.79,104.33535,66.180275,2.4407132,0.5542857142857144,-5992.182539682653,21220.741133363874,5000.0,10228.55859368122,0,,13222.441
2020-09-01 00:00:00+00:00,91.2,90.07,104.2073,59.310333,2.3949988,0.5542857142857144,-5993.174603174717,20823.097365961356,5000.0,9829.922762786638,0,,12974.674
2020-09-02 00:00:00+00:00,89.72,88.47,104.07005,60.370113,2.4535701,0.5542857142857144,-5994.166666666781,20453.1964415185,5000.0,9459.029774851719,0,,12744.191
2020-09-03 00:00:00+00:00,88.96,89.8,103.91495,56.68065,2.5785701,0.5542857142857144,-5995.158730158844,20760.67679464067,5000.0,9765.518064481825,0,,12935.78
2020-09-04 00:00:00+00:00,89.61,91.03,103.7616,54.812496,2.5649986,0.5542857142857144,-5996.150793650908,21045.036369319496,5000.0,10048.885575668588,0,,13112.962
2020-09-08 00:00:00+00:00,90.35,89.67,103.60425,53.860874,2.6249988,0.5396825396825397,-5997.1428571429715,20730.62052427611,5000.0,9733.477667133138,0,,12917.053
2020-09-09 00:00:00+00:00,90.02,89.95,103.436,48.470303,2.7549994,0.5396825396825397,-5998.134920635035,20795.35329925056,5000.0,9797.218378615526,0,,12957.387
2020-09-10 00:00:00+00:00,90.03,87.09,103.27,52.9449,2.77,0.5396825396825397,-5999.126984127099,20134.15584738495,5000.0,9135.028863257852,0,,12545.4
2020-09-11 00:00:00+00:00,87.65,88.85,103.0866,42.991676,2.9128575,0.5396825396825397,-6000.119047619162,20541.04609306432,5000.0,9540.927045445158,0,,12798.931
2020-09-14 00:00:00+00:00,89.43,89.94,102.91205,42.15852,2.8014297,0.5396825396825397,-6001.111111111226,20793.042561904364,5000.0,9791.931450793138,0,,12955.947
2020-09-15 00:00:00+00:00,89.43,89.61,102.76415,42.288284,2.8114297,0.5396825396825397,-6002.1031746032895,20716.749921097588,5000.0,9714.646746494298,0,,12908.41
2020-09-16 00:00:00+00:00,89.7,90.56,102.62,46.919735,2.7421439,0.5396825396825397,-6003.095238095353,20936.378970873553,5000.0,9933.2837327782,0,,13045.259
2020-09-17 00:00:00+00:00,90.06,88.94,102.4783,47.956055,2.515001,0.5396825396825397,-6004.087301587417,20561.855096978354,5000.0,9557.767795390937,0,,12811.896
2020-09-18 00:00:00+00:00,88.71,90.85,102.3266,39.691025,2.5428581,0.5396825396825397,-6005.07936507948,21003.422511774737,5000.0,9998.343146695257,0,,13087.033
2020-09-21 00:00:00+00:00,90.3,90.0,102.1805,47.51106,2.6371439,0.5396825396825397,-6006.071428571544,20806.91277927497,5000.0,9800.841350703427,0,,12964.59
2020-09-22 00:00:00+00:00,89.63,89.84,102.0293,45.26204,2.5642865,0.5396825396825397,-6007.063492063608,20769.921672558135,5000.0,9762.858180494528,0,,12941.54
2020-09-23 00:00:00+00:00,89.08,89.07,101.87915,49.3364,2.4271436,0.5396825396825397,-6008.055555555671,20591.908267529427,5000.0,9583.852711973756,0,,12830.622
2020-09-24 00:00:00+00:00,88.43,89.3,101.72155,51.818176,2.4635723,0.5396825396825397,-6009.047619047735,20645.08299173769,5000.0,9636.035372689956,0,,12863.755
2020-09-25 00:00:00+00:00,88.63,89.7,101.56975,48.37662,2.4664295,0.5396825396825397,-6010.039682539798,20737.5558249338,5000.0,9727.516142394,0,,12921.374
2020-09-28 00:00:00+00:00,90.48,89.0,101.43995,45.435818,2.3450012,0.5396825396825397,-6011.031746031862,20575.725370084827,5000.0,9564.693624052965,0,,12820.538
2020-09-29 00:00:00+00:00,89.26,86.89,101.30645,47.591663,2.3000014,0.5396825396825397,-6012.023809523926,20087.918816399044,5000.0,9075.895006875118,0,,12516.591
2020-09-30 00:00:00+00:00,87.68,87.74,101.1638,40.279545,2.620001,0.5396825396825397,-6013.015873015989,20284.427546571264,5000.0,9271.411673555274,0,,12639.032
2020-10-01 00:00:00+00:00,88.5,88.59,101.025,52.36709,2.5150006,0.5396825396825397,-6014.007936508053,20480.93622703406,5000.0,9466.928290526008,0,,12761.475
2020-10-02 00:00:00+00:00,87.29,87.49,100.8825,48.98595,2.513571,0.5396825396825397,-6015.000000000116,20226.630168571006,5000.0,9211.63016857089,0,,12603.02
2020-10-05 00:00:00+00:00,89.23,87.83,100.7364,40.45203,2.5071423,0.5396825396825397,-6015.99206349218,20305.235360695304,5000.0,9289.243297203124,0,,12651.998
2020-10-06 00:00:00+00:00,88.15,86.84,100.5934,43.06853,2.507857,0.5396825396825397,-6016.984126984244,20076.358110795136,5000.0,9059.373983810892,0,,12509.387
2020-10-07 00:00:00+00:00,87.76,84.89,100.4398,35.55899,2.5714285,0.5396825396825397,-6017.976190476307,19625.542753816113,5000.0,8607.566563339806,0,,12228.487
2020-10-08 00:00:00+00:00,85.88,85.03,100.26915,34.67068,2.6378572,0.5396825396825397,-6018.968253968371,19657.908047134897,5000.0,8638.939793166526,0,,12248.654
2020-10-09 00:00:00+00:00,85.89,85.36,100.1028,24.562927,2.5171428,0.5396825396825397,-6019.960317460434,19734.19994853052,5000.0,8714.239631070086,0,,12296.191
2020-10-12 00:00:00+00:00,85.4,84.48,99.93475,28.754578,2.4742856,0.5396825396825397,-6020.952380952498,19530.75575236008,5000.0,8509.803371407583,0,,12169.428
2020-10-13 00:00:00+00:00,84.22,84.21,99.7619,26.97596,2.4692857,0.5396825396825397,-6021.944444444562,19468.334272288696,5000.0,8446.389827844134,0,,12130.533
2020-10-14 00:00:00+00:00,84.37,84.58,99.58875,28.18671,2.2650006,0.5396825396825397,-6022.936507936625,19553.87455079593,5000.0,8530.938042859303,0,,12183.833
2020-10-15 00:00:00+00:00,83.58,83.75,99.4154,29.078007,2.192143,0.5396825396825397,-6023.928571428689,19361.98867424204,5000.0,8338.06010281335,0,,12064.2705
2020-10-16 00:00:00+00:00,85.3,83.9,99.234146,24.59439,2.1642854,0.5396825396825397,-6024.9206349207525,19396.66831117709,5000.0,8371.747676256338,0,,12085.88
2020-10-19 00:00:00+00:00,84.35,81.99,99.05605,27.150568,2.0921423,0.5396825396825397,-6025.912698412816,18955.09890509887,5000.0,7929.186206686052,0,,11810.742
2020-10-20 00:00:00+00:00,82.02,81.73,98.85935,27.646008,1.7778566,0.5396825396825397,-6026.90476190488,18894.991780242744,5000.0,7868.087018337865,0,,11773.291
2020-10-21 00:00:00+00:00,81.28,80.1,98.66705,21.022234,1.6985713,0.5396825396825397,-6027.896825396943,18518.154339235785,5000.0,7490.257513838842,0,,11538.486
2020-10-22 00:00:00+00:00,80.44,80.74,98.47645,11.928318,1.6900003,0.5396825396825397,-6028.888888889007,18666.114441148675,5000.0,7637.225552259668,0,,11630.68
2020-10-23 00:00:00+00:00,81.23,81.72,98.2951,18.42849,1.6764287,0.5396825396825397,-6029.8809523810705,18892.679457213715,5000.0,7862.7985048326445,0,,11771.85
2020-10-26 00:00:00+00:00,81.0,80.63,98.12365,23.036224,1.6564282,0.5396825396825397,-6030.873015873134,18640.683839093534,5000.0,7609.8108232203995,0,,11614.833
2020-10-27 00:00:00+00:00,80.47,81.3,97.94755,22.834686,1.6235712,0.5396825396825397,-6031.865079365198,18795.580516550373,5000.0,7763.715437185176,0,,11711.347
2020-10-28 00:00:00+00:00,80.12,78.47,97.7786,32.31533,1.485714,0.5396825396825397,-6032.857142857261,18141.31855771361,5000.0,7108.461414856349,0,,11303.683
2020-10-29 00:00:00+00:00,78.23,79.22,97.5935,24.454891,1.6092856,0.5396825396825397,-6033.849206349325,18314.710436080295,5000.0,7280.86122973097,0,,11411.722
2020-10-30 00:00:00+00:00,80.0,81.29,97.40525,26.847708,1.6792859,0.99,-6034.841269841389,18793.26873918676,5000.0,7758.42746934537,0,,11709.907
2020-11-02 00:00:00+00:00,82.0,83.37,97.22405,38.96195,1.8485712,0.5396825396825397,-6035.833333333452,19274.1403667542,5000.0,8238.307033420748,0,,12009.533
2020-11-03 00:00:00+00:00,85.0,86.74,97.05825,47.41699,2.0492847,0.5396825396825397,-6036.825396825516,20053.243545779995,5000.0,9016.418148954479,0,,12494.985
2020-11-04 00:00:00+00:00,85.94,87.0,96.905,55.60746,2.2221417,0.5396825396825397,-6037.817460317579,20113.353495959887,5000.0,9075.536035642308,0,,12532.439
2020-11-05 00:00:00+00:00,87.48,83.05,96.7464,58.69448,2.3292847,0.5396825396825397,-6038.809523809643,19200.161219103193,5000.0,8161.35169529355,0,,11963.4375
2020-11-06 00:00:00+00:00,83.3,84.65,96.56355,48.110275,2.6107135,0.5396825396825397,-6039.801587301707,19570.062548952017,5000.0,8530.26096165031,0,,12193.919
2020-11-09 00:00:00+00:00,87.7,87.2,96.38775,55.9964,2.6185706,0.5396825396825397,-6040.79365079377,20159.59011609964,5000.0,9118.79646530587,0,,12561.249
2020-11-10 00:00:00+00:00,87.1,86.04,96.2251,61.176933,2.894285,0.5396825396825397,-6041.785714285834,19891.41346263751,5000.0,8849.627748351675,0,,12394.15
2020-11-11 00:00:00+00:00,86.52,88.07,96.0493,62.375004,2.9592853,0.5396825396825397,-6042.777777777897,20360.724791727902,5000.0,9317.947013950004,0,,12686.574
2020-11-12 00:00:00+00:00,87.65,86.18,95.88215,64.43482,3.0564287,0.5396825396825397,-6043.769841269961,19923.780064100665,5000.0,8880.010222830704,0,,12414.318
2020-11-13 00:00:00+00:00,87.13,87.65,95.69715,58.479088,3.1499999,0.5396825396825397,-6044.761904762025,20263.625950096528,5000.0,9218.864045334503,0,,12626.073
2020-11-16 00:00:00+00:00,88.33,88.23,95.5193,63.155933,3.1407144,0.5396825396825397,-6045.753968254088,20397.716597375536,5000.0,9351.962629121448,0,,12709.624
2020-11-17 00:00:00+00:00,87.92,86.8,95.34115,63.03122,3.1814287,0.5396825396825397,-6046.746031746152,20067.11784371809,5000.0,9020.371811971938,0,,12503.631
2020-11-18 00:00:00+00:00,87.2,88.66,95.1628,66.53435,3.0742857,0.5396825396825397,-6047.7380952382155,20497.127785190547,5000.0,9449.389689952332,0,,12771.565
2020-11-19 00:00:00+00:00,88.9,89.91,94.98725,67.94678,3.0864284,0.5396825396825397,-6048.730158730279,20786.111941563893,5000.0,9737.381782833614,0,,12951.629
2020-11-20 00:00:00+00:00,89.62,89.94,94.79715,66.91524,3.0464287,0.5396825396825397,-6049.722222222343,20793.04757705007,5000.0,9743.325354827728,0,,12955.95
2020-11-23 00:00:00+00:00,90.09,92.59,94.63415,64.02049,2.935001,0.5396825396825397,-6050.714285714406,21405.694064433777,5000.0,10354.979778719371,0,,13337.685
2020-11-24 00:00:00+00:00,92.74,92.02,94.47865,62.879795,2.9071438,0.5396825396825397,-6051.70634920647,21273.91747527519,5000.0,10222.21112606872,0,,13255.576
2020-11-25 00:00:00+00:00,91.54,91.81,94.3222,60.903564,2.9700007,0.5396825396825397,-6052.6984126985335,21225.368629127184,5000.0,10172.67021642865,0,,13225.325
2020-11-27 00:00:00+00:00,91.8,91.71,94.1636,72.71785,2.7478573,0.5396825396825397,-6053.690476190597,21202.24963332188,5000.0,10148.559157131283,0,,13210.92
2020-11-30 00:00:00+00:00,91.62,91.32,94.0008,69.85378,2.6778576,0.5396825396825397,-6054.682539682661,21112.085943330705,5000.0,10057.403403648044,0,,13154.74
2020-12-01 00:00:00+00:00,91.71,93.45,93.82925,63.18824,2.5221426,0.5396825396825397,-6055.674603174724,21604.514572213124,5000.0,10548.8399690384,0,,13461.568
2020-12-02 00:00:00+00:00,92.79,93.73,93.6788,72.33273,2.4899995,0.5396825396825397,-6056.666666666788,21669.248729986688,5000.0,10612.5820633199,0,,13501.904
2020-12-03 00:00:00+00:00,93.43,93.19,93.54525,69.0701,2.3878567,0.5396825396825397,-6057.6587301588515,21544.406429348546,5000.0,10486.747699189695,0,,13424.116
2020-12-04 00:00:00+00:00,93.21,93.16,93.39705,75.98222,2.3678572,0.5396825396825397,-6058.650793650915,21537.470753064415,5000.0,10478.8199594135,0,,13419.795
2020-12-07 00:00:00+00:00,92.3,93.52,93.2498,72.86309,2.399286,0.5396825396825397,-6059.642857142979,21620.69774995488,5000.0,10561.054892811902,0,,13471.653
2020-12-08 00:00:00+00:00,92.91,91.36,93.10745,72.358406,2.3557146,0.5396825396825397,-6060.634920635042,21121.332687478825,5000.0,10060.697766843783,0,,13160.504
2020-12-09 00:00:00+00:00,91.78,88.88,92.95375,68.152885,2.3842854,0.5396825396825397,-6061.626984127106,20547.98596428814,5000.0,9486.358980161032,0,,12803.258
2020-12-10 00:00:00+00:00,87.93,86.94,92.7791,50.834576,2.5421426,0.5360824742268042,-6062.61904761917,20099.48298476219,5000.0,9036.863937143022,0,,12523.8
2020-12-11 00:00:00+00:00,86.27,85.97,92.60765,39.29342,2.4742851,0.5360824742268042,-6063.611111111233,19875.229936939137,5000.0,8811.618825827903,0,,12384.07
2020-12-14 00:00:00+00:00,86.45,88.25,92.4675,36.596874,2.4928563,0.5360824742268042,-6064.603174603297,20402.33789451215,5000.0,9337.734719908854,0,,12712.506
2020-12-15 00:00:00+00:00,88.81,90.78,92.31785,34.972298,2.5085704,0.5360824742268042,-6065.59523809536,20987.242784323826,5000.0,9921.647546228465,0,,13076.955
2020-12-16 00:00:00+00:00,91.36,90.43,92.1857,46.219517,2.4728563,0.5396825396825397,-6066.587301587424,20906.32716565019,5000.0,9839.739864062765,0,,13026.538
2020-12-17 00:00:00+00:00,90.73,89.54,92.0449,45.8283,2.4214282,0.5396825396825397,-6067.579365079488,20700.57003435588,5000.0,9632.99066927639,0,,12898.333
2020-12-18 00:00:00+00:00,89.89,90.78,91.91285,43.73918,2.5249994,0.5396825396825397,-6068.571428571551,20987.242772060526,5000.0,9918.671343488975,0,,13076.956
2020-12-21 00:00:00+00:00,90.16,90.26,91.7829,48.514847,2.4971428,0.5396825396825397,-6069.563492063615,20867.02521004782,5000.0,9797.461717984206,0,,13002.05
2020-12-22 00:00:00+00:00,90.37,90.71,91.67535,40.374176,2.4664285,0.5396825396825397,-6070.555555555678,20971.05924386304,5000.0,9900.503688307363,0,,13066.872
2020-12-23 00:00:00+00:00,91.28,91.1,91.5744,40.979664,2.437857,0.5396825396825397,-6071.547619047742,21061.222262887077,5000.0,9989.674643839335,0,,13123.052
2020-12-24 00:00:00+00:00,90.95,92.05,91.49815,43.701004,2.3285708,0.5396825396825397,-6072.539682539806,21280.852695148642,5000.0,10208.313012608836,0,,13259.902
2020-12-28 00:00:00+00:00,92.17,93.3,91.49105,46.830376,2.254285,0.5396825396825397,-6073.531746031869,21569.83831158407,5000.0,10496.3065655522,0,,13439.967
2020-12-29 00:00:00+00:00,93.71,91.66,91.48355,49.40219,2.2557132,0.5396825396825397,-6074.523809523933,21190.68999715111,5000.0,10116.166187627176,0,,13203.723
2020-12-30 00:00:00+00:00,91.97,92.62,91.52835,50.838936,2.2999992,0.5396825396825397,-6075.5158730159965,21412.630471872268,5000.0,10337.114598856271,0,,13342.011
2020-12-31 00:00:00+00:00,92.08,93.12,91.54875,61.430344,2.0692847,0.5396825396825397,-6076.50793650806,21528.224259413506,5000.0,10451.716322905446,0,,13414.036
2021-01-04 00:00:00+00:00,92.89,92.61,91.6351,70.71047,2.0442848,0.5396825396825397,-6077.500000000124,21410.317783493992,5000.0,10332.817783493869,0,,13340.569
2021-01-05 00:00:00+00:00,93.16,92.55,91.6836,72.9599,1.9885706,0.5396825396825397,-6078.492063492187,21396.447261472415,5000.0,10317.955197980227,0,,13331.927
2021-01-06 00:00:00+00:00,93.6,95.47,91.7479,67.565384,1.8807138,0.5396825396825397,-6079.484126984251,22071.516440346622,5000.0,10992.032313362371,0,,13752.556
2021-01-07 00:00:00+00:00,95.41,96.79,91.84255,68.56693,1.8978571,0.5396825396825397,-6080.4761904763145,22376.68539839272,5000.0,11296.209207916407,0,,13942.704
2021-01-08 00:00:00+00:00,96.79,98.81,91.93575,73.38237,1.883571,0.99,-6081.468253968378,22843.683491045427,5000.0,11762.21523707705,0,,14233.687
2021-01-11 00:00:00+00:00,98.71,99.8,92.0298,81.46641,1.8471423,0.5396825396825397,-6082.460317460442,23072.56126314485,5000.0,11990.100945684408,0,,14376.298
2021-01-12 00:00:00+00:00,100.0,101.02,92.0747,81.14643,1.8807138,0.5396825396825397,-6083.452380952505,23354.6103071925,5000.0,12271.157926239994,0,,14552.04
2021-01-13 00:00:00+00:00,100.82,97.38,92.12535,85.44137,1.9057138,0.5396825396825397,-6084.444444444569,22513.086752787214,5000.0,11428.642308342645,0,,14027.694
2021-01-14 00:00:00+00:00,97.63,95.78,92.1471,68.1546,2.1314282,0.5396825396825397,-6085.436507936633,22143.186886503496,5000.0,11057.750378566863,0,,13797.213
2021-01-15 00:00:00+00:00,96.13,96.61,92.17975,61.950974,2.2635715,0.5396825396825397,-6086.428571428696,22335.072677845827,5000.0,11248.64410641713,0,,13916.775
2021-01-19 00:00:00+00:00,96.8,97.45,92.2219,61.71634,2.2757144,0.5396825396825397,-6087.42063492076,22529.27095196998,5000.0,11441.850317049219,0,,14037.778
2021-01-20 00:00:00+00:00,97.39,97.5,92.2473,60.89238,2.3035715,0.5396825396825397,-6088.412698412823,22540.830197815925,5000.0,11452.417499403102,0,,14044.981
2021-01-21 00:00:00+00:00,97.29,96.08,92.2867,66.72394,2.1914287,0.5396825396825397,-6089.404761904887,22212.543361985397,5000.0,11123.13860008051,0,,13840.429
2021-01-22 00:00:00+00:00,96.01,95.2,92.29265,59.654022,2.289286,0.5396825396825397,-6090.396825396951,22009.09671963567,5000.0,10918.699894238718,0,,13713.663
2021-01-25 00:00:00+00:00,95.19,95.59,92.30115,55.683044,2.2221434,0.5396825396825397,-6091.388888889014,22099.25978468416,5000.0,11007.870895795146,0,,13769.843
2021-01-26 00:00:00+00:00,95.08,95.73,92.3006,58.195812,2.2771432,0.5396825396825397,-6092.380952381078,22131.626478385264,5000.0,11039.245526004186,0,,13790.01
2021-01-27 00:00:00+00:00,95.23,91.56,92.31215,58.707558,2.317143,0.5396825396825397,-6093.373015873141,21167.57088846772,5000.0,10074.197872594577,0,,13189.315
2021-01-28 00:00:00+00:00,91.51,92.52,92.3034,39.979492,2.4292858,0.5396825396825397,-6094.365079365205,21389.511469065154,5000.0,10295.146389699948,0,,13327.6045
2021-01-29 00:00:00+00:00,92.48,91.73,92.26345,38.85117,2.5450003,0.5396825396825397,-6095.357142857269,21206.874905526278,5000.0,10111.51776266901,0,,13213.805
2021-02-01 00:00:00+00:00,92.16,94.95,92.23165,30.245558,2.5542865,0.5396825396825397,-6096.349206349332,21951.299060172172,5000.0,10854.94985382284,0,,13677.648
2021-02-02 00:00:00+00:00,95.98,97.49,92.2167,37.96524,2.577143,0.5396825396825397,-6097.341269841396,22538.51655358703,5000.0,11441.175283745633,0,,14043.538
2021-02-03 00:00:00+00:00,96.04,95.35,92.19415,41.779232,2.6957152,0.5396825396825397,-6098.333333333459,22043.774474669477,5000.0,10945.441141336018,0,,13735.27
2021-02-04 00:00:00+00:00,95.03,95.12,92.1561,44.91738,2.6278577,0.5396825396825397,-6099.325396825523,21990.60179636484,5000.0,10891.276399539318,0,,13702.138
2021-02-05 00:00:00+00:00,93.08,89.56,92.12975,48.22582,2.5900002,0.5396825396825397,-6100.317460317587,20705.19512017715,5000.0,9604.877659859565,0,,12901.213
2021-02-08 00:00:00+00:00,90.9,92.01,92.07655,34.890694,2.923572,0.5360824742268042,-6101.30952380965,21271.607029159324,5000.0,10170.297505349674,0,,13254.14
2021-02-09 00:00:00+00:00,92.43,92.14,92.04135,39.09384,3.0164294,0.5396825396825397,-6102.301587301714,21301.661012670007,5000.0,10199.359425368293,0,,13272.866
2021-02-10 00:00:00+00:00,92.0,90.29,92.01945,39.28857,3.0592868,0.5396825396825397,-6103.2936507937775,20873.96365093711,5000.0,9770.670000143331,0,,13006.371
2021-02-11 00:00:00+00:00,90.44,88.0,91.9852,38.624756,3.049287,0.5396825396825397,-6104.285714285841,20344.542946280737,5000.0,9240.257231994896,0,,12676.494
2021-02-12 00:00:00+00:00,88.0,89.39,91.9327,36.597176,3.1428583,0.5396825396825397,-6105.277777777905,20665.894549486904,5000.0,9560.616771709,0,,12876.726
2021-02-16 00:00:00+00:00,90.6,96.84,91.88305,38.87294,3.1571443,0.5396825396825397,-6106.269841269968,22388.24540799504,5000.0,11281.975566725072,0,,13949.905
2021-02-17 00:00:00+00:00,96.44,96.02,91.87035,51.57804,3.5328586,0.5396825396825397,-6107.261904762032,22198.67170761766,5000.0,11091.40980285563,0,,13831.783
2021-02-18 00:00:00+00:00,95.43,99.59,91.8804,57.00817,3.3357158,0.5396825396825397,-6108.2539682540955,23024.011850368646,5000.0,11915.75788211455,0,,14346.045
2021-02-19 00:00:00+00:00,100.12,96.22,91.9061,60.267212,3.53643,0.5396825396825397,-6109.246031746159,22244.90946629733,5000.0,11135.66343455117,0,,13860.594
2021-02-22 00:00:00+00:00,96.16,96.11,91.8925,56.065926,3.6800008,0.5396825396825397,-6110.238095238223,22219.478705701316,5000.0,11109.240610463094,0,,13844.749
2021-02-23 00:00:00+00:00,95.71,97.51,91.88565,51.71092,3.60643,0.5396825396825397,-6111.230158730286,22543.142295770667,5000.0,11431.912137040381,0,,14046.421
2021-02-24 00:00:00+00:00,97.94,100.38,91.8759,50.030533,3.585715,0.5396825396825397,-6112.22222222235,23206.64949897122,5000.0,12094.42727674887,0,,14459.846
2021-02-25 00:00:00+00:00,99.98,100.0,91.8769,57.509705,3.685001,0.5396825396825397,-6113.214285714414,23118.798169943886,5000.0,12005.583884229472,0,,14405.106
2021-02-26 00:00:00+00:00,99.24,98.96,91.8775,57.25327,3.6414294,0.5396825396825397,-6114.206349206477,22878.362732915102,5000.0,11764.156383708625,0,,14255.294
2021-03-01 00:00:00+00:00,100.07,100.32,91.8828,66.14012,3.4542863,0.5396825396825397,-6115.198412698541,23192.778327171192,5000.0,12077.579914472652,0,,14451.203
2021-03-02 00:00:00+00:00,100.06,97.62,91.8941,64.82341,3.4985716,0.5396825396825397,-6116.190476190604,22568.572026610207,5000.0,11452.381550419603,0,,14062.267
2021-03-03 00:00:00+00:00,98.27,96.02,91.8855,58.954258,3.6335711,0.5396825396825397,-6117.182539682668,22198.669862601037,5000.0,11081.487322918369,0,,13831.783
2021-03-04 00:00:00+00:00,97.46,98.22,91.8662,59.439865,3.6699998,0.5396825396825397,-6118.174603174732,22707.28370519829,5000.0,11589.109102023558,0,,14148.695
2021-03-05 00:00:00+00:00,97.59,104.64,91.8435,66.886986,3.782143,0.5396825396825397,-6119.166666666795,24191.50913495134,5000.0,13072.342468284543,0,,15073.502
2021-03-08 00:00:00+00:00,105.9,105.38,91.872,71.60669,4.2685714,0.5396825396825397,-6120.158730158859,24362.587923757863,5000.0,13242.429193599004,0,,15180.101
2021-03-09 00:00:00+00:00,105.36,103.75,91.896454,64.94052,3.9850001,0.5396825396825397,-6121.150793650922,23985.751736852322,5000.0,12864.6009432014,0,,14945.297
2021-03-10 00:00:00+00:00,106.1,103.49,91.9253,63.15074,4.122143,0.5396825396825397,-6122.142857142986,23925.643018813273,5000.0,12803.500161670287,0,,14907.844
2021-03-11 00:00:00+00:00,103.19,102.66,91.9462,57.476997,3.960714,0.5396825396825397,-6123.13492063505,23733.758324072893,5000.0,12610.623403437843,0,,14788.282
2021-03-12 00:00:00+00:00,104.05,104.34,91.9524,63.678852,3.8014286,0.5396825396825397,-6124.126984127113,24122.151178727137,5000.0,12998.024194600024,0,,15030.286
2021-03-15 00:00:00+00:00,103.71,104.8,91.9608,66.38789,3.7642848,0.5396825396825397,-6125.119047619177,24228.49892045531,5000.0,13103.379872836133,0,,15096.551
2021-03-16 00:00:00+00:00,104.74,103.19,91.97165,65.08069,3.6728566,0.5396825396825397,-6126.1111111112405,23856.285689800356,5000.0,12730.174578689115,0,,14864.628
2021-03-17 00:00:00+00:00,103.58,103.79,91.9553,56.132706,3.5299993,0.5396825396825397,-6127.103174603304,23994.99931079751,5000.0,12867.896136194206,0,,14951.06
2021-03-18 00:00:00+00:00,103.73,102.4,91.94885,58.192825,3.5507138,0.5396825396825397,-6128.095238095368,23673.647520062714,5000.0,12545.552281967346,0,,14750.829
2021-03-19 00:00:00+00:00,102.84,102.07,91.94745,57.32539,3.501428,0.5396825396825397,-6129.087301587431,23597.355774133757,5000.0,12468.268472546326,0,,14703.292
2021-03-22 00:00:00+00:00,101.19,100.99,91.9378,53.897552,3.3578568,0.5396825396825397,-6130.079365079495,23347.67176237494,5000.0,12217.592397295444,0,,14547.717
2021-03-23 00:00:00+00:00,100.34,101.65,91.9376,58.089283,3.26,0.5396825396825397,-6131.0714285715585,23500.25560719841,5000.0,12369.184178626852,0,,14642.789
2021-03-24 00:00:00+00:00,102.0,103.06,91.95665,64.152855,3.211428,0.5396825396825397,-6132.063492063622,23826.22938523143,5000.0,12694.165893167807,0,,14845.9
2021-03-25 00:00:00+00:00,103.23,98.95,91.9548,62.670155,3.0685704,0.5396825396825397,-6133.055555555686,22876.04698936928,5000.0,11742.991433813593,0,,14253.852
2021-03-26 00:00:00+00:00,99.29,97.72,91.9343,33.055378,2.7492845,0.5396825396825397,-6134.047619047749,22591.686537457233,5000.0,11457.638918409484,0,,14076.669
2021-03-29 00:00:00+00:00,98.08,99.16,91.91605,27.835648,2.7471416,0.5396825396825397,-6135.039682539813,22924.598902813654,5000.0,11789.55922027384,0,,14284.1045
2021-03-30 00:00:00+00:00,98.79,97.2,91.92685,36.571102,2.6349988,0.5396825396825397,-6136.0317460318765,22471.469164950646,5000.0,11335.43741891877,0,,14001.763
2021-03-31 00:00:00+00:00,96.75,98.69,91.91335,33.26237,2.5799997,0.5396825396825397,-6137.02380952394,22815.93974831682,5000.0,11678.915938792881,0,,14216.399
2021-04-01 00:00:00+00:00,99.21,100.86,91.9013,39.794346,2.6078568,0.5396825396825397,-6138.015873016004,23317.61741291115,5000.0,12179.601539895146,0,,14528.99
2021-04-05 00:00:00+00:00,100.84,101.51,91.89835,41.273838,2.7328572,0.5396825396825397,-6139.007936508067,23467.889509897846,5000.0,12328.881573389779,0,,14622.623
2021-04-06 00:00:00+00:00,101.64,99.84,91.9007,41.82812,2.702143,0.5396825396825397,-6140.000000000131,23081.803845429116,5000.0,11941.803845428985,0,,14382.056
2021-04-07 00:00:00+00:00,99.35,100.26,91.89865,41.703808,2.6521432,0.5396825396825397,-6140.992063492195,23178.90383816943,5000.0,12037.911774677235,0,,14442.559
2021-04-08 00:00:00+00:00,100.04,99.36,91.9062,41.179424,2.6307144,0.5396825396825397,-6141.984126984258,22970.833820256823,5000.0,11828.849693272565,0,,14312.912
2021-04-09 00:00:00+00:00,100.04,100.09,91.90275,42.213123,2.6292856,0.5396825396825397,-6142.976190476322,23139.60025435128,5000.0,11996.624063874959,0,,14418.069
2021-04-12 00:00:00+00:00,100.0,101.42,91.9244,45.030117,2.6114285,0.5396825396825397,-6143.968253968385,23447.07975049081,5000.0,12303.111496522426,0,,14609.656
2021-04-13 00:00:00+00:00,100.68,100.99,91.9627,51.06594,2.5878568,0.5396825396825397,-6144.960317460449,23347.668878221426,5000.0,12202.708560760977,0,,14547.714
2021-04-14 00:00:00+00:00,101.53,101.86,91.9922,48.345028,2.5664287,0.5396825396825397,-6145.952380952513,23548.803874534708,5000.0,12402.851493582195,0,,14673.04
2021-04-15 00:00:00+00:00,101.45,103.5,92.04395,46.907227,2.582857,0.5396825396825397,-6146.944444444576,23927.952000194953,5000.0,12781.007555750377,0,,14909.284
2021-04-16 00:00:00+00:00,104.37,104.72,92.0974,63.437675,2.47,0.5396825396825397,-6147.93650793664,24210.000689772445,5000.0,13062.064181835805,0,,15085.026
2021-04-19 00:00:00+00:00,104.14,103.7,92.1546,70.68555,2.3185713,0.5396825396825397,-6148.928571428703,23974.188188895114,5000.0,12825.25961746641,0,,14938.094
2021-04-20 00:00:00+00:00,103.88,104.28,92.1908,63.75753,2.3485713,0.5396825396825397,-6149.920634920767,24108.27729658099,5000.0,12958.356661660222,0,,15021.644
2021-04-21 00:00:00+00:00,104.39,104.99,92.23675,73.41267,2.2607138,0.5396825396825397,-6150.912698412831,24272.421843303666,5000.0,13121.509144890835,0,,15123.921
2021-04-22 00:00:00+00:00,104.75,104.3,92.2867,71.966484,2.2264278,0.99,-6151.904761904894,24112.903289543454,5000.0,12960.99852763856,0,,15024.526
2021-04-23 00:00:00+00:00,104.3,104.37,92.33965,63.374798,2.1121423,0.5396825396825397,-6152.896825396958,24129.086623598418,5000.0,12976.18979820146,0,,15034.61
2021-04-26 00:00:00+00:00,103.88,104.94,92.396454,61.64494,2.1092856,0.5396825396825397,-6153.8888888890215,24260.863653289984,5000.0,13106.974764400962,0,,15116.719
2021-04-27 00:00:00+00:00,105.3,103.98,92.4702,72.8086,2.105714,0.5396825396825397,-6154.880952381085,24038.923785993567,5000.0,12884.042833612482,0,,14978.431
2021-04-28 00:00:00+00:00,104.42,102.71,92.53235,65.87031,2.1028569,0.5396825396825397,-6155.873015873149,23745.313683666063,5000.0,12589.440667792915,0,,14795.484
2021-04-29 00:00:00+00:00,103.12,103.34,92.58845,63.854416,2.1128566,0.5396825396825397,-6156.865079365212,23890.96256489634,5000.0,12734.097485531129,0,,14886.237
2021-04-30 00:00:00+00:00,103.54,104.37,92.6521,63.552956,2.207857,0.5396825396825397,-6157.857142857276,24129.08875591797,5000.0,12971.231613060692,0,,15034.611
2021-05-03 00:00:00+00:00,105.79,106.76,92.70375,62.61763,2.4742851,0.5396825396825397,-6158.8492063493395,24681.627275585422,5000.0,13522.778069236083,0,,15378.893
2021-05-04 00:00:00+00:00,106.15,107.91,92.773,71.13554,2.678571,0.5396825396825397,-6159.841269841403,24947.494571118743,5000.0,13787.65330127734,0,,15544.552
2021-05-05 00:00:00+00:00,108.52,109.64,92.84925,71.71572,2.7250001,0.5396825396825397,-6160.833333333467,25347.449343996068,5000.0,14186.616010662601,0,,15793.76
2021-05-06 00:00:00+00:00,109.35,107.24,92.93085,71.89728,2.6235712,0.5396825396825397,-6161.82539682553,24792.598600488767,5000.0,13630.773203663237,0,,15448.037
2021-05-07 00:00:00+00:00,104.8,108.1,93.00145,58.28946,2.7628572,0.5396825396825397,-6162.817460317594,24991.421539056417,5000.0,13828.604078738823,0,,15571.922
2021-05-10 00:00:00+00:00,108.14,110.63,93.0837,64.62766,2.840714,0.5396825396825397,-6163.809523809658,25576.326781897827,5000.0,14412.51725808817,0,,15936.371
2021-05-11 00:00:00+00:00,110.73,109.53,93.1808,68.68746,2.9599996,0.5396825396825397,-6164.801587301721,25322.01962481194,5000.0,14157.218037510218,0,,15777.914
2021-05-12 00:00:00+00:00,108.98,111.16,93.28115,63.060993,2.9342859,0.5396825396825397,-6165.793650793785,25698.858104559982,5000.0,14533.064453766197,0,,16012.719
2021-05-13 00:00:00+00:00,112.0,113.66,93.4003,68.7227,3.0571425,0.5396825396825397,-6166.785714285848,26276.829118209014,5000.0,15110.043403923166,0,,16372.848
2021-05-14 00:00:00+00:00,113.47,113.83,93.53145,72.38554,3.3114276,0.5396825396825397,-6167.777777777912,26316.131869624525,5000.0,15148.354091846613,0,,16397.336
2021-05-17 00:00:00+00:00,113.95,112.64,93.6549,71.84274,3.3692844,0.5396825396825397,-6168.769841269976,26041.0183465658,5000.0,14872.248505295825,0,,16225.916
2021-05-18 00:00:00+00:00,112.37,109.91,93.78365,71.039825,3.379999,0.5396825396825397,-6169.761904762039,25409.876750720545,5000.0,14240.114845958506,0,,15832.658
2021-05-19 00:00:00+00:00,109.42,111.6,93.8947,66.33395,3.3721416,0.5396825396825397,-6170.753968254103,25800.584357118612,5000.0,14629.83038886451,0,,16076.1045
2021-05-20 00:00:00+00:00,110.53,111.78,94.02105,67.87879,3.49357,0.5396825396825397,-6171.746031746166,25842.198163169844,5000.0,14670.452131423677,0,,16102.034
2021-05-21 00:00:00+00:00,111.38,111.4,94.152054,66.65168,3.290713,0.5396825396825397,-6172.73809523823,25754.34783507976,5000.0,14581.60973984153,0,,16047.295
2021-05-24 00:00:00+00:00,112.59,110.07,94.2757,61.462456,3.1071417,0.5396825396825397,-6173.730158730294,25446.866955390902,5000.0,14273.136796660609,0,,15855.707
2021-05-25 00:00:00+00:00,111.12,109.77,94.40105,55.288925,3.0871418,0.5396825396825397,-6174.722222222357,25377.510461126945,5000.0,14202.788238904588,0,,15812.491
2021-05-26 00:00:00+00:00,110.11,110.47,94.5096,50.342278,3.1407132,0.5396825396825397,-6175.714285714421,25539.342381823146,5000.0,14363.628096108725,0,,15913.327
2021-05-27 00:00:00+00:00,110.45,110.23,94.63425,59.340668,3.0449986,0.5396825396825397,-6176.706349206484,25483.857402046102,5000.0,14307.151052839617,0,,15878.755
2021-05-28 00:00:00+00:00,110.17,111.3,94.7413,56.388737,2.8864276,0.5396825396825397,-6177.698412698548,25731.22854402029,5000.0,14553.530131321742,0,,16032.89
2021-06-01 00:00:00+00:00,112.46,110.63,94.8637,52.20252,2.827142,0.5396825396825397,-6178.690476190612,25576.330904386166,5000.0,14397.640428195555,0,,15936.375
2021-06-02 00:00:00+00:00,110.62,112.88,94.98565,53.721237,2.9085698,0.5396825396825397,-6179.682539682675,26096.5038178106,5000.0,14916.821278127925,0,,16260.489
2021-06-03 00:00:00+00:00,113.12,112.2,95.10875,55.584393,2.8749988,0.5396825396825397,-6180.674603174739,25939.295288823523,5000.0,14758.620685648784,0,,16162.534
2021-06-04 00:00:00+00:00,112.86,111.95,95.22065,44.624424,2.6071422,0.5396825396825397,-6181.6666666668025,25881.498885863293,5000.0,14699.83221919649,0,,16126.521
2021-06-07 00:00:00+00:00,111.67,112.0,95.3295,43.11858,2.5114284,0.5396825396825397,-6182.658730158866,25893.059561523107,5000.0,14710.40083136424,0,,16133.726
2021-06-08 00:00:00+00:00,112.0,112.45,95.4444,47.44409,2.4500003,0.5396825396825397,-6183.65079365093,25997.093470302916,5000.0,14813.442676651986,0,,16198.548
2021-06-09 00:00:00+00:00,112.11,114.11,95.55855,62.402306,2.5471437,0.5396825396825397,-6184.642857142993,26380.86680585531,5000.0,15196.223948712315,0,,16437.674
2021-06-10 00:00:00+00:00,113.83,113.42,95.6709,62.291862,2.38143,0.5396825396825397,-6185.634920635057,26221.34614661201,5000.0,15035.711225976953,0,,16338.278
2021-06-11 00:00:00+00:00,113.09,113.92,95.77455,57.64924,2.2535727,0.5396825396825397,-6186.6269841271205,26336.939267723606,5000.0,15150.312283596486,0,,16410.303
2021-06-14 00:00:00+00:00,113.77,114.76,95.89115,61.62358,2.2221446,0.5396825396825397,-6187.619047619184,26531.136569762966,5000.0,15343.517522143782,0,,16531.305
2021-06-15 00:00:00+00:00,115.0,114.57,96.0088,72.65697,2.1071446,0.5396825396825397,-6188.611111111248,26487.210606093053,5000.0,15298.599494981805,0,,16503.936
2021-06-16 00:00:00+00:00,115.24,116.33,96.1196,73.43747,2.050716,0.5396825396825397,-6189.603174603311,26894.101464212014,5000.0,15704.498289608702,0,,16757.465
2021-06-17 00:00:00+00:00,115.63,117.38,96.2425,75.92916,2.0914302,0.5396825396825397,-6190.595238095375,27136.84898399888,5000.0,15946.253745903505,0,,16908.719
2021-06-18 00:00:00+00:00,116.23,113.42,96.37045,79.520996,2.110716,0.5396825396825397,-6191.587301587439,26221.34432899311,5000.0,15029.75702740567,0,,16338.275
2021-06-21 00:00:00+00:00,113.67,118.04,96.4872,57.066643,2.2050018,0.5396825396825397,-6192.579365079502,27289.433446344676,5000.0,16096.854081265174,0,,17003.793
2021-06-22 00:00:00+00:00,118.8,119.99,96.63505,69.551445,2.4571452,0.5396825396825397,-6193.571428571566,27740.24901766802,5000.0,16546.677589096453,0,,17284.691
2021-06-23 00:00:00+00:00,119.34,118.69,96.786,69.06165,2.427859,0.5396825396825397,-6194.563492063629,27439.705138192217,5000.0,16245.141646128588,0,,17097.426
2021-06-24 00:00:00+00:00,119.39,121.13,96.9243,66.83966,2.4178586,0.5396825396825397,-6195.555555555693,28003.804043610897,5000.0,16808.248488055204,0,,17448.91
2021-06-25 00:00:00+00:00,121.1,121.77,97.0816,71.38863,2.5135727,0.5396825396825397,-6196.547619047757,28151.764778314548,5000.0,16955.21715926679,0,,17541.104
2021-06-28 00:00:00+00:00,122.27,119.4,97.2407,72.15419,2.6014295,0.5396825396825397,-6197.53968253982,27603.8502608906,5000.0,16406.310578350778,0,,17199.703
2021-06-29 00:00:00+00:00,119.03,119.97,97.40225,64.4973,2.519286,0.5396825396825397,-6198.531746031884,27735.627045256686,5000.0,16537.095299224802,0,,17281.812
2021-06-30 00:00:00+00:00,120.3,119.05,97.55785,62.80595,2.5378566,0.5396825396825397,-6199.523809523947,27522.934869822955,5000.0,16323.411060299008,0,,17149.287
2021-07-01 00:00:00+00:00,119.82,118.5,97.7034,62.180893,2.5607142,0.5396825396825397,-6200.515873016011,27395.780121278265,5000.0,16195.264248262254,0,,17070.057
2021-07-02 00:00:00+00:00,120.9,118.0,97.84785,59.887745,2.584999,0.5396825396825397,-6201.507936508075,27280.186015868567,5000.0,16078.678079360492,0,,16998.033
2021-07-06 00:00:00+00:00,117.63,117.38,97.98505,57.099037,2.7735705,0.5396825396825397,-6202.500000000138,27136.848589821788,5000.0,15934.34858982165,0,,16908.719
2021-07-07 00:00:00+00:00,117.23,117.22,98.12725,56.04301,2.9435704,0.5396825396825397,-6203.492063492202,27099.860006402938,5000.0,15896.367942910736,0,,16885.672
2021-07-08 00:00:00+00:00,115.94,116.24,98.2591,52.055428,2.9057133,0.5396825396825397,-6204.4841269842655,26873.29471905502,5000.0,15668.810592070753,0,,16744.502
2021-07-09 00:00:00+00:00,117.0,118.79,98.3903,47.358665,2.9128559,0.5396825396825397,-6205.476190476329,27462.824136495838,5000.0,16257.347946019509,0,,17111.832
2021-07-12 00:00:00+00:00,118.92,118.24,98.53505,63.311863,2.817142,0.5396825396825397,-6206.468253968393,27335.670458787994,5000.0,16129.202204819601,0,,17032.604
2021-07-13 00:00:00+00:00,118.15,116.36,98.6809,50.62111,2.5199988,0.5396825396825397,-6207.460317460456,26901.03775374122,5000.0,15693.577436280764,0,,16761.79
2021-07-14 00:00:00+00:00,116.36,116.21,98.8162,38.677483,2.469999,0.5396825396825397,-6208.45238095252,26866.358838923774,5000.0,15657.906457971254,0,,16740.18
2021-07-15 00:00:00+00:00,115.4,117.14,98.94875,41.666653,2.4571424,0.5396825396825397,-6209.4444444445835,27081.363807754675,5000.0,15871.919363310091,0,,16874.148
2021-07-16 00:00:00+00:00,117.08,116.63,99.08945,35.078545,2.380714,0.5396825396825397,-6210.436507936647,26963.458003956617,5000.0,15753.02149601997,0,,16800.682
2021-07-19 00:00:00+00:00,114.67,115.56,99.23815,30.589134,2.3771422,0.5396825396825397,-6211.428571428711,26716.087493109586,5000.0,15504.658921680875,0,,16646.547
2021-07-20 00:00:00+00:00,114.8,115.56,99.37725,33.919594,2.3349996,0.5396825396825397,-6212.420634920774,26716.087493109586,5000.0,15503.666858188812,0,,16646.547
2021-07-21 00:00:00+00:00,115.47,118.3,99.5121,30.606861,2.3185718,0.5396825396825397,-6213.412698412838,27349.545368645013,5000.0,16136.132670232175,0,,17041.25
2021-07-22 00:00:00+00:00,118.31,117.02,99.66615,47.15694,2.4307141,0.5396825396825397,-6214.4047619049015,27053.622435378245,5000.0,15839.217673473344,0,,16856.863
2021-07-23 00:00:00+00:00,117.7,120.2,99.8121,44.683903,2.437143,0.5396825396825397,-6215.396825396965,27788.80003775833,5000.0,16573.403212361365,0,,17314.943
2021-07-26 00:00:00+00:00,120.28,118.02,99.9789,56.626488,2.424286,0.5396825396825397,-6216.388888889029,27284.810085749064,5000.0,16068.421196860036,0,,17000.912
2021-07-27 00:00:00+00:00,118.47,115.58,100.14455,51.76211,2.3471434,0.5396825396825397,-6217.380952381092,26720.712803963288,5000.0,15503.331851582196,0,,16649.428
2021-07-28 00:00:00+00:00,116.44,116.8,100.2973,45.988262,2.4028575,0.5396825396825397,-6218.373015873156,27002.76344167812,5000.0,15784.390425804962,0,,16825.172
2021-07-29 00:00:00+00:00,116.73,115.95,100.4545,51.353977,2.4164288,0.5396825396825397,-6219.36507936522,26806.252745123238,5000.0,15586.887665758019,0,,16702.729
2021-07-30 00:00:00+00:00,116.45,118.47,100.61185,42.518436,2.361429,0.5396825396825397,-6220.357142857283,27388.84704002585,5000.0,16168.489897168565,0,,17065.736
2021-08-02 00:00:00+00:00,119.0,120.68,100.78315,50.548935,2.4778578,0.5396825396825397,-6221.349206349347,27899.77134702153,5000.0,16678.422140672184,0,,17384.09
2021-08-03 00:00:00+00:00,119.93,122.43,100.96365,60.150364,2.5328581,0.5396825396825397,-6222.34126984141,28304.351902640345,5000.0,17082.010632798934,0,,17636.18
2021-08-04 00:00:00+00:00,122.55,123.41,101.15705,63.592648,2.6785724,0.5396825396825397,-6223.333333333474,28530.915394128635,5000.0,17307.58206079516,0,,17777.35
2021-08-05 00:00:00+00:00,124.17,121.0,101.3546,63.67204,2.7314296,0.5396825396825397,-6224.325396825538,27973.75087986569,5000.0,16749.42548304015,0,,17430.186
2021-08-06 00:00:00+00:00,121.0,122.83,101.54965,58.799835,2.8921444,0.5396825396825397,-6225.317460317601,28396.824863103157,5000.0,17171.507402785555,0,,17693.799
2021-08-09 00:00:00+00:00,122.47,121.04,101.75515,64.20476,2.9064305,0.5396825396825397,-6226.309523809665,27982.998558543477,5000.0,16756.689034733812,0,,17435.95
2021-08-10 00:00:00+00:00,120.97,122.28,101.95985,60.0073,2.9414303,0.5396825396825397,-6227.301587301728,28269.67007151983,5000.0,17042.368484218103,0,,17614.57
2021-08-11 00:00:00+00:00,122.23,124.96,102.16755,57.68932,2.9207158,0.5396825396825397,-6228.293650793792,28889.252650892842,5000.0,17660.95900009905,0,,18000.627
2021-08-12 00:00:00+00:00,125.0,126.88,102.38375,64.55278,2.9742873,0.5396825396825397,-6229.285714285856,29333.132705148993,5000.0,18103.846990863138,0,,18277.203
2021-08-13 00:00:00+00:00,126.82,127.0,102.615,62.836273,3.0807164,0.5396825396825397,-6230.277777777919,29360.876172823566,5000.0,18130.598395045647,0,,18294.49
2021-08-16 00:00:00+00:00,126.5,125.75,102.8435,68.73956,3.0264304,0.5396825396825397,-6231.269841269983,29071.891308921335,5000.0,17840.621467651352,0,,18114.428
2021-08-17 00:00:00+00:00,125.76,124.11,103.0799,72.33199,2.957859,0.5396825396825397,-6232.2619047620465,28692.743415375873,5000.0,17460.481510613827,0,,17878.184
2021-08-18 00:00:00+00:00,124.37,122.63,103.30435,65.761086,3.1528592,0.5396825396825397,-6233.25396825411,28350.584674802703,5000.0,17117.330706548593,0,,17664.988
2021-08-19 00:00:00+00:00,121.86,127.62,103.51105,64.02182,4.230716,0.5396825396825397,-6234.246031746174,29504.215727345058,5000.0,18269.969695598884,0,,18383.805
2021-08-20 00:00:00+00:00,127.63,129.76,103.7323,67.40205,4.489288,0.5396825396825397,-6235.238095238237,29998.955855989912,5000.0,18763.717760751675,0,,18692.072
2021-08-23 00:00:00+00:00,130.1,126.36,103.9474,67.31501,4.530001,0.5396825396825397,-6236.230158730301,29212.917159564167,5000.0,17976.687000833866,0,,18202.299
2021-08-24 00:00:00+00:00,125.72,125.6,104.1442,57.05059,4.6135716,0.5396825396825397,-6237.2222222223645,29037.21357174976,5000.0,17799.991349527394,0,,18092.82
2021-08-25 00:00:00+00:00,126.36,125.61,104.35695,53.96021,4.614287,0.5396825396825397,-6238.214285714428,29039.52585749084,5000.0,17801.311571776412,0,,18094.26
2021-08-26 00:00:00+00:00,125.04,125.1,104.56175,59.128716,4.4192863,0.5396825396825397,-6239.206349206492,28921.61931913034,5000.0,17682.412969923847,0,,18020.795
2021-08-27 00:00:00+00:00,124.78,125.4,104.75125,54.742992,4.326429,0.5396825396825397,-6240.198412698555,28990.977216870102,5000.0,17750.778804171547,0,,18064.01
2021-08-30 00:00:00+00:00,124.66,124.02,104.94805,59.714794,4.212143,0.5396825396825397,-6241.190476190619,28671.93714946257,5000.0,17430.74667327195,0,,17865.219
2021-08-31 00:00:00+00:00,124.99,126.15,105.1278,53.852962,4.1728578,0.5396825396825397,-6242.182539682683,29164.36966377214,5000.0,17922.187124089458,0,,18172.049
2021-09-01 00:00:00+00:00,125.56,127.29,105.32765,52.700867,4.2492867,0.5396825396825397,-6243.174603174746,29427.925115535003,5000.0,18184.750512360257,0,,18336.27
2021-09-02 00:00:00+00:00,127.89,127.81,105.52585,50.964714,4.083572,0.5396825396825397,-6244.16666666681,29548.143579168573,5000.0,18303.976912501763,0,,18411.176
2021-09-03 00:00:00+00:00,127.99,126.25,105.72375,51.870663,4.1400003,0.5396825396825397,-6245.158730158873,29187.49073607662,5000.0,17942.332005917746,0,,18186.457
2021-09-07 00:00:00+00:00,127.0,123.39,105.921,51.13843,4.1735716,0.5396825396825397,-6246.150793650937,28526.293067516188,5000.0,17280.14227386525,0,,17774.47
2021-09-08 00:00:00+00:00,123.81,124.97,106.09465,48.446934,4.0928574,0.6191301242407892,-6247.142857143001,28891.571823674578,5000.0,17644.428966531577,0,,18002.072
2021-09-09 00:00:00+00:00,125.6,124.29,106.26995,55.02578,3.125,0.5396825396825397,-6248.134920635064,28734.36388215536,5000.0,17486.228961520297,0,,17904.12
2021-09-10 00:00:00+00:00,124.59,126.14,106.441696,41.22298,2.7135708,0.5396825396825397,-6249.126984127128,29162.063139134563,5000.0,17912.936155007435,0,,18170.613
2021-09-13 00:00:00+00:00,126.07,124.4,106.60945,40.31051,2.6957142,0.5360824742268042,-6250.119047619191,28759.79628221601,5000.0,17509.67723459682,0,,17919.967
2021-09-14 00:00:00+00:00,125.6,124.23,106.77135,44.242073,2.6235712,0.5396825396825397,-6251.111111111255,28720.494418941296,5000.0,17469.38330783004,0,,17895.477
2021-09-15 00:00:00+00:00,123.47,123.83,106.93345,45.830814,2.5985706,0.5396825396825397,-6252.103174603319,28628.018938592755,5000.0,17375.915763989437,0,,17837.855
2021-09-16 00:00:00+00:00,123.47,123.71,107.09405,44.708687,2.6007135,0.5396825396825397,-6253.095238095382,28600.275184210466,5000.0,17347.179946115084,0,,17820.568
2021-09-17 00:00:00+00:00,123.57,123.61,107.256,45.769936,2.6321416,0.5396825396825397,-6254.087301587446,28577.15591745916,5000.0,17323.068615871714,0,,17806.164
2021-09-20 00:00:00+00:00,122.82,121.75,107.4068,44.48552,2.7292845,0.5396825396825397,-6255.079365079509,28147.14654250241,5000.0,16892.0671774229,0,,17538.229
2021-09-21 00:00:00+00:00,123.01,123.88,107.5469,43.20767,2.7657132,0.5396825396825397,-6256.071428571573,28639.57517728163,5000.0,17383.503748710056,0,,17845.057
2021-09-22 00:00:00+00:00,124.59,123.99,107.70035,43.207645,2.6742842,0.5396825396825397,-6257.063492063637,28665.006833582123,5000.0,17407.943341518487,0,,17860.904
2021-09-23 00:00:00+00:00,125.58,123.85,107.8545,39.477028,2.6492844,0.5396825396825397,-6258.0555555557,28632.641438486266,5000.0,17374.585882930565,0,,17840.736
2021-09-24 00:00:00+00:00,123.77,125.84,108.00615,37.058823,2.614284,0.5396825396825397,-6259.047619047764,29092.706784437494,5000.0,17833.65916538973,0,,18127.4
2021-09-27 00:00:00+00:00,125.04,123.6,108.17855,48.696747,2.695713,0.5396825396825397,-6260.0396825398275,28574.84523656142,5000.0,17314.805554021594,0,,17804.725
2021-09-28 00:00:00+00:00,122.71,122.7,108.35215,50.6949,2.6564271,0.5396825396825397,-6261.031746031891,28366.776305847332,5000.0,17105.74455981544,0,,17675.08
2021-09-29 00:00:00+00:00,122.98,125.18,108.53095,42.134422,2.5592842,0.5396825396825397,-6262.023809523955,28940.12374592993,5000.0,17678.099936405975,0,,18032.326
2021-09-30 00:00:00+00:00,125.7,123.86,108.727,52.741837,2.6471417,0.5396825396825397,-6263.015873016018,28634.954872127288,5000.0,17371.93899911127,0,,17842.178
2021-10-01 00:00:00+00:00,124.4,123.44,108.90505,42.738857,2.6471417,0.5396825396825397,-6264.007936508082,28537.856367662942,5000.0,17273.84843115486,0,,17781.678
2021-10-04 00:00:00+00:00,123.62,123.41,109.06835,46.662033,2.6021419,0.5396825396825397,-6265.0000000001455,28530.92143636022,5000.0,17265.921436360073,0,,17777.355
2021-10-05 00:00:00+00:00,123.26,120.84,109.23325,47.12079,2.6849992,0.5396825396825397,-6265.992063492209,27936.765887189085,5000.0,16670.773823696876,0,,17407.143
2021-10-06 00:00:00+00:00,120.49,121.69,109.38975,40.889687,2.913571,0.5396825396825397,-6266.984126984273,28133.27819825492,5000.0,16866.294071270648,0,,17529.588
2021-10-07 00:00:00+00:00,124.12,125.01,109.5443,44.107365,3.075714,0.5396825396825397,-6267.976190476336,28900.823697461583,5000.0,17632.847506985247,0,,18007.838
2021-10-08 00:00:00+00:00,124.79,126.37,109.71805,53.438118,3.187857,0.5396825396825397,-6268.9682539684,29215.240352936966,5000.0,17946.272098968566,0,,18203.748
2021-10-11 00:00:00+00:00,125.71,125.15,109.89635,61.63142,3.1949997,0.5396825396825397,-6269.960317460464,28933.189880724796,5000.0,17663.229563264333,0,,18028.006
2021-10-12 00:00:00+00:00,125.12,125.2,110.0666,53.350933,3.2871425,0.5396825396825397,-6270.952380952527,28944.747831613706,5000.0,17673.79545066118,0,,18035.207
2021-10-13 00:00:00+00:00,125.36,124.96,110.23235,53.202747,3.3649995,0.5396825396825397,-6271.944444444591,28889.262342542545,5000.0,17617.317898097954,0,,18000.633
2021-10-14 00:00:00+00:00,125.13,126.59,110.39065,52.922592,3.3371425,0.5396825396825397,-6272.936507936654,29266.097314929582,5000.0,17993.160806992928,0,,18235.438
2021-10-15 00:00:00+00:00,126.88,125.54,110.5653,52.012882,3.2164285,0.5396825396825397,-6273.928571428718,29023.350748982586,5000.0,17749.422177553868,0,,18084.184
2021-10-18 00:00:00+00:00,126.04,127.25,110.7299,55.56193,3.1799998,0.5396825396825397,-6274.920634920782,29418.68047511596,5000.0,18143.75984019518,0,,18330.512
2021-10-19 00:00:00+00:00,128.0,125.88,110.90055,62.465763,3.1821425,0.5396825396825397,-6275.912698412845,29101.952836979886,5000.0,17826.04013856704,0,,18133.16
2021-10-20 00:00:00+00:00,126.01,127.03,111.0669,52.042,3.196428,0.5396825396825397,-6276.904761904909,29367.820220175618,5000.0,18090.91545827071,0,,18298.82
2021-10-21 00:00:00+00:00,127.99,127.09,111.239296,59.340004,3.1235712,0.5396825396825397,-6277.896825396972,29381.69085326663,5000.0,18103.79402786966,0,,18307.463
2021-10-22 00:00:00+00:00,126.15,129.34,111.3974,60.98734,3.092857,0.5396825396825397,-6278.888888889036,29901.864602236703,5000.0,18622.975713347667,0,,18631.578
2021-10-25 00:00:00+00:00,130.0,129.4,111.56015,65.74613,3.1364276,0.5396825396825397,-6279.8809523811,29915.73438315474,5000.0,18635.85343077364,0,,18640.22
2021-10-26 00:00:00+00:00,130.1,131.26,111.7131,76.225494,3.0142848,0.5396825396825397,-6280.873015873163,30345.743679149025,5000.0,19064.870663275862,0,,18908.156
2021-10-27 00:00:00+00:00,131.65,130.14,111.8704,77.61108,2.9378564,0.5396825396825397,-6281.865079365227,30086.814272110045,5000.0,18804.949192744818,0,,18746.82
2021-10-28 00:00:00+00:00,130.28,131.17,112.016,66.95309,2.8250003,0.5396825396825397,-6282.8571428572905,30324.93766196852,5000.0,19042.08051911123,0,,18895.191
2021-10-29 00:00:00+00:00,130.51,131.94,112.18495,66.216225,2.8628578,0.5396825396825397,-6283.849206349354,30502.951809880586,5000.0,19219.10260353123,0,,19006.111
2021-11-01 00:00:00+00:00,133.15,133.67,112.36575,73.65857,2.900001,0.5396825396825397,-6284.841269841418,30902.90495735399,5000.0,19618.06368751257,0,,19255.318
2021-11-02 00:00:00+00:00,134.18,135.07,112.55105,76.41924,2.8385723,0.5396825396825397,-6285.833333333481,31226.56989993423,5000.0,19940.73656660075,0,,19456.99
2021-11-03 00:00:00+00:00,134.07,134.68,112.73915,79.40666,2.9128587,0.5396825396825397,-6286.825396825545,31136.403572443876,5000.0,19849.57817561833,0,,19400.809
2021-11-04 00:00:00+00:00,133.37,132.52,112.92505,75.36047,2.9728584,0.5396825396825397,-6287.8174603176085,30637.039769650575,5000.0,19349.222309332967,0,,19089.66
2021-11-05 00:00:00+00:00,132.03,133.27,113.10725,70.457214,3.1042867,0.5396825396825397,-6288.809523809672,30810.432554258456,5000.0,19521.623030448784,0,,19197.7
2021-11-08 00:00:00+00:00,133.98,133.77,113.2976,68.695656,3.082144,0.5396825396825397,-6289.801587301736,30926.02574127442,5000.0,19636.224153972686,0,,19269.725
2021-11-09 00:00:00+00:00,134.22,131.22,113.4885,75.90284,3.1664293,0.5396825396825397,-6290.793650793799,30336.49594237947,5000.0,19045.702291585672,0,,18902.395
2021-11-10 00:00:00+00:00,131.49,127.86,113.66595,62.597717,3.2814298,0.5396825396825397,-6291.785714285863,29559.703954104032,5000.0,18267.91823981817,0,,18418.38
2021-11-11 00:00:00+00:00,128.76,129.2,113.84745,51.93177,3.4821439,0.5396825396825397,-6292.7777777779265,29869.494543129185,5000.0,18576.71676535126,0,,18611.408
2021-11-12 00:00:00+00:00,129.83,130.96,114.03085,49.63197,3.4414296,0.5396825396825397,-6293.76984126999,30276.388839528183,5000.0,18982.618998258193,0,,18864.94
2021-11-15 00:00:00+00:00,131.69,131.0,114.227,53.764507,3.4435725,0.5396825396825397,-6294.761904762054,30285.635678599323,5000.0,18990.87377383727,0,,18870.701
2021-11-16 00:00:00+00:00,131.28,132.01,114.40725,49.312183,3.331429,0.5396825396825397,-6295.753968254117,30519.133713972224,5000.0,19223.379745718106,0,,19016.191
2021-11-17 00:00:00+00:00,132.0,129.49,114.57985,54.976036,3.3735716,0.5396825396825397,-6296.746031746181,29936.541739405482,5000.0,18639.7957076593,0,,18653.184
2021-11-18 00:00:00+00:00,129.5,129.51,114.75055,45.858006,3.3964283,0.5396825396825397,-6297.738095238245,29941.16322387019,5000.0,18643.425128631945,0,,18656.064
2021-11-19 00:00:00+00:00,129.51,129.48,114.9225,43.778778,3.2849994,0.5396825396825397,-6298.730158730308,29934.228142371092,5000.0,18635.497983640784,0,,18651.742
2021-11-22 00:00:00+00:00,129.3,126.87,115.1221,38.250126,3.3157132,0.5396825396825397,-6299.722222222372,29330.82845956412,5000.0,18031.106237341748,0,,18275.77
2021-11-23 00:00:00+00:00,126.6,128.99,115.2964,28.466341,3.387141,0.5396825396825397,-6300.714285714435,29820.947862984918,5000.0,18520.233577270483,0,,18581.158
2021-11-24 00:00:00+00:00,128.7,130.96,115.48065,36.302364,3.5564265,0.5396825396825397,-6301.706349206499,30276.38823348099,5000.0,18974.68188427449,0,,18864.94
2021-11-26 00:00:00+00:00,130.49,128.88,115.684,46.20991,3.512141,0.5396825396825397,-6302.698412698563,29795.516519139397,5000.0,18492.818106440835,0,,18565.314
2021-11-29 00:00:00+00:00,130.1,129.7,115.8884,39.98173,3.6114268,0.5396825396825397,-6303.690476190626,29985.08865168624,5000.0,18681.398175495615,0,,18683.436
2021-11-30 00:00:00+00:00,127.78,128.94,116.08995,40.845673,3.4742851,0.5396825396825397,-6304.68253968269,29809.387623865536,5000.0,18504.705084182846,0,,18573.957
2021-12-01 00:00:00+00:00,128.64,127.09,116.25045,44.42269,3.459284,0.5396825396825397,-6305.674603174753,29381.688740375783,5000.0,18076.01413720103,0,,18307.46
2021-12-02 00:00:00+00:00,126.82,129.78,116.4058,47.966175,3.3942845,0.5396825396825397,-6306.666666666817,30003.584096865045,5000.0,18696.917430198228,0,,18694.959
2021-12-03 00:00:00+00:00,130.07,129.08,116.55675,51.42999,3.4249988,0.5396825396825397,-6307.658730158881,29841.752459715382,5000.0,18534.0937295565,0,,18594.123
2021-12-06 00:00:00+00:00,129.53,131.2,116.72105,45.109238,3.4307132,0.5396825396825397,-6308.650793650944,30331.871631261463,5000.0,19023.22083761052,0,,18899.512
2021-12-07 00:00:00+00:00,132.0,130.97,116.8965,50.46948,3.5614276,0.5396825396825397,-6309.642857143008,30278.698883378438,5000.0,18969.05602623543,0,,18866.38
2021-12-08 00:00:00+00:00,131.02,131.36,117.0638,47.465897,3.6407123,0.5396825396825397,-6310.6349206350715,30368.860638392845,5000.0,19058.225717757774,0,,18922.559
2021-12-09 00:00:00+00:00,131.96,129.04,117.2187,55.084282,3.5414264,0.5396825396825397,-6311.626984127135,29832.502455023077,5000.0,18520.875470895942,0,,18588.36
2021-12-10 00:00:00+00:00,129.0,132.05,117.3639,48.86418,3.619284,0.5396825396825397,-6312.619047619199,30528.380136443426,5000.0,19215.761088824227,0,,19021.955
2021-12-13 00:00:00+00:00,132.71,130.69,117.52935,55.42883,3.7121425,0.99,-6313.611111111262,30213.96388692049,5000.0,18900.352775809228,0,,18826.045
2021-12-14 00:00:00+00:00,129.92,128.43,117.6812,58.519176,3.653572,0.5396825396825397,-6314.603174603326,29691.476323988678,5000.0,18376.873149385352,0,,18500.488
2021-12-15 00:00:00+00:00,129.13,129.86,117.83525,48.75884,3.4650018,0.5396825396825397,-6315.5952380953895,30022.076223648968,5000.0,18706.48098555358,0,,18706.482
2021-12-16 00:00:00+00:00,130.86,132.05,118.00445,47.50226,3.4507158,0.5396825396825397,-6316.587301587453,30528.377516927565,5000.0,19211.790215340112,0,,19021.953
2021-12-17 00:00:00+00:00,131.89,128.25,118.1736,57.162212,3.4335735,0.5396825396825397,-6317.579365079517,29649.86229673742,5000.0,18332.282931657905,0,,18474.559
2021-12-20 00:00:00+00:00,127.83,125.97,118.29165,47.112713,3.5300014,0.5396825396825397,-6318.57142857158,29122.754725464143,5000.0,17804.183296892563,0,,18146.123
2021-12-21 00:00:00+00:00,127.99,125.92,118.3946,44.423588,3.5721447,0.5396825396825397,-6319.563492063644,29111.193954805196,5000.0,17791.630462741552,0,,18138.918
2021-12-22 00:00:00+00:00,125.92,129.19,118.50545,47.643986,3.4357164,0.5396825396825397,-6320.5555555557075,29867.179909172908,5000.0,18546.6243536172,0,,18609.967
2021-12-23 00:00:00+00:00,129.87,129.0,118.63395,48.83905,3.448574,0.5396825396825397,-6321.547619047771,29823.252915310586,5000.0,18501.705296262815,0,,18582.598
2021-12-27 00:00:00+00:00,128.18,129.8,118.76565,49.839355,3.3500023,0.5396825396825397,-6322.539682539835,30008.205542303433,5000.0,18685.665859763598,0,,18697.838
2021-12-28 00:00:00+00:00,129.4,130.17,118.89295,47.031403,3.2714314,0.5396825396825397,-6323.531746031898,30093.744908420857,5000.0,18770.213162388958,0,,18751.137
2021-12-29 00:00:00+00:00,131.19,129.0,119.0198,48.313656,3.1407182,0.5396825396825397,-6324.523809523962,29823.254468010477,5000.0,18498.730658486515,0,,18582.598
2021-12-30 00:00:00+00:00,128.64,129.26,119.14885,45.18368,3.1800041,0.5396825396825397,-6325.515873016026,29883.362386188397,5000.0,18557.84651317237,0,,18620.05
2021-12-31 00:00:00+00:00,129.78,130.4,119.2762,50.490196,3.0050044,0.5396825396825397,-6326.507936508089,30146.917531382616,5000.0,18820.409594874527,0,,18784.27
2022-01-03 00:00:00+00:00,129.89,128.46,119.4162,45.98929,2.815718,0.5396825396825397,-6327.500000000153,29698.415806066685,5000.0,18370.915806066532,0,,18504.812
2022-01-04 00:00:00+00:00,126.79,125.73,119.54815,44.728146,2.8450024,0.5396825396825397,-6328.492063492216,29067.271082055868,5000.0,17738.77901856365,0,,18111.55
2022-01-05 00:00:00+00:00,126.79,124.49,119.67185,43.755806,2.9885733,0.5396825396825397,-6329.48412698428,28780.59736084245,5000.0,17451.11323385817,0,,17932.928
2022-01-06 00:00:00+00:00,124.05,125.48,119.78605,37.47083,2.9235737,0.5396825396825397,-6330.476190476344,29009.473671422442,5000.0,17678.9974809461,0,,18075.54
2022-01-07 00:00:00+00:00,125.08,124.17,119.89815,33.76174,2.9178586,0.5396825396825397,-6331.468253968407,28706.616728889745,5000.0,17375.148474921338,0,,17886.832
2022-01-10 00:00:00+00:00,124.18,122.67,120.02425,38.50056,2.795002,0.5396825396825397,-6332.460317460471,28359.835270888754,5000.0,17027.374953428283,0,,17670.756
2022-01-11 00:00:00+00:00,121.53,125.94,120.149,40.27122,2.802859,0.5396825396825397,-6333.452380952534,29115.819601574432,5000.0,17782.367220621898,0,,18141.803
2022-01-12 00:00:00+00:00,126.58,124.58,120.2829,50.049564,2.9807162,0.5396825396825397,-6334.444444444598,28801.403342017682,5000.0,17466.958897573084,0,,17945.893
2022-01-13 00:00:00+00:00,124.42,120.36,120.4198,37.38369,2.9442875,0.5396825396825397,-6335.436507936662,27825.790467361043,5000.0,16490.35395942438,0,,17337.996
2022-01-14 00:00:00+00:00,119.74,118.16,120.52815,30.627808,3.1135733,0.5396825396825397,-6336.428571428725,27317.177324614244,5000.0,15980.748753185519,0,,17021.086
2022-01-18 00:00:00+00:00,117.03,119.3,120.61465,25.443037,3.2528589,0.5396825396825397,-6337.420634920789,27580.732507120447,5000.0,16243.311872199658,0,,17185.305
2022-01-19 00:00:00+00:00,119.87,120.29,120.7036,27.78914,3.3785727,0.5396825396825397,-6338.4126984128525,27809.60837678627,5000.0,16471.195678373417,0,,17327.914
2022-01-20 00:00:00+00:00,117.2,120.35,120.80585,32.070812,3.3214297,0.5396825396825397,-6339.404761904916,27823.47902152834,5000.0,16484.074259623423,0,,17336.557
2022-01-21 00:00:00+00:00,121.01,118.09,120.9063,31.50686,3.6171434,0.5396825396825397,-6340.39682539698,27300.994080481472,5000.0,15960.597255084493,0,,17011.002
2022-01-24 00:00:00+00:00,118.41,118.1,120.99995,25.585096,3.732858,0.5396825396825397,-6341.388888889043,27303.30805281052,5000.0,15961.919163921477,0,,17012.441
2022-01-25 00:00:00+00:00,117.67,115.61,121.09,27.749144,3.83643,0.5396825396825397,-6342.380952381107,26727.649698593435,5000.0,15385.268746212329,0,,16653.754
2022-01-26 00:00:00+00:00,115.64,114.85,121.16095,28.038204,3.7871437,0.5396825396825397,-6343.3730158731705,26551.945981546007,5000.0,15208.572965672836,0,,16544.275
2022-01-27 00:00:00+00:00,115.87,114.75,121.23025,28.634766,3.8821437,0.5396825396825397,-6344.365079365234,26528.82707868999,5000.0,15184.461999324754,0,,16529.87
2022-01-28 00:00:00+00:00,114.11,116.32,121.2947,25.24227,3.9071438,0.99,-6345.357142857298,26891.79153494726,5000.0,15546.434392089963,0,,16756.031
2022-01-31 00:00:00+00:00,115.35,118.53,121.3588,32.102146,4.008572,0.99,-6346.349206349361,27402.71777577969,5000.0,16056.368569430328,0,,17074.383
2022-02-01 00:00:00+00:00,118.97,118.89,121.42785,40.85689,3.9650006,0.5396825396825397,-6347.341269841425,27485.945701496483,5000.0,16138.604431655058,0,,17126.242
2022-02-02 00:00:00+00:00,118.35,120.0,121.5038,32.133793,3.7585728,0.5396825396825397,-6348.333333333489,27742.564175192656,5000.0,16394.230841859167,0,,17286.139
2022-02-03 00:00:00+00:00,118.94,116.68,121.5824,38.244347,3.6664293,0.5396825396825397,-6349.325396825552,26975.01930879771,5000.0,15625.693911972157,0,,16807.889
2022-02-04 00:00:00+00:00,115.1,120.25,121.64085,40.096874,3.6300006,0.5396825396825397,-6350.317460317616,27800.360343428798,5000.0,16450.042883111182,0,,17322.152
2022-02-07 00:00:00+00:00,121.33,119.95,121.7206,55.238087,3.8228574,0.5396825396825397,-6351.309523809679,27731.003670513903,5000.0,16379.694146704223,0,,17278.936
2022-02-08 00:00:00+00:00,120.92,122.59,121.7985,51.700665,3.696429,0.5396825396825397,-6352.301587301743,28341.339054366897,5000.0,16989.037467065154,0,,17659.23
2022-02-09 00:00:00+00:00,124.43,121.3,121.88675,55.539486,3.8421435,0.5396825396825397,-6353.293650793807,28043.10760988802,5000.0,16689.813959094212,0,,17473.404
2022-02-10 00:00:00+00:00,120.06,121.1,121.97335,52.160084,3.7464294,0.5396825396825397,-6354.28571428587,27996.86892011897,5000.0,16642.5832058331,0,,17444.594
2022-02-11 00:00:00+00:00,124.0,120.29,122.0653,57.551434,3.861429,0.5396825396825397,-6355.277777777934,27809.607538992983,5000.0,16454.32976121505,0,,17327.912
2022-02-14 00:00:00+00:00,120.37,120.58,122.15005,55.282207,3.7857144,0.5396825396825397,-6356.269841269997,27876.65340677803,5000.0,16520.383565508033,0,,17369.69
2022-02-15 00:00:00+00:00,121.15,121.81,122.2311,63.41069,3.6935718,0.5396825396825397,-6357.261904762061,28161.012546621565,5000.0,16803.750641859504,0,,17546.871
2022-02-16 00:00:00+00:00,121.77,121.22,122.30635,68.315796,3.5371432,0.5396825396825397,-6358.253968254125,28024.612073410543,5000.0,16666.358105156418,0,,17461.88
2022-02-17 00:00:00+00:00,120.15,118.43,122.3729,66.59827,3.446429,0.5396825396825397,-6359.246031746188,27379.59660546359,5000.0,16020.350573717402,0,,17059.977
2022-02-18 00:00:00+00:00,119.11,118.81,122.41685,55.094162,3.4000003,0.5396825396825397,-6360.238095238252,27467.447798680947,5000.0,16107.209703442695,0,,17114.717
2022-02-22 00:00:00+00:00,118.18,116.47,122.4747,50.741524,3.3450007,0.5396825396825397,-6361.230158730315,26926.468668948473,5000.0,15565.238510218158,0,,16777.637
2022-02-23 00:00:00+00:00,116.11,114.54,122.51655,44.199425,3.4542859,0.5396825396825397,-6362.222222222379,26480.27536681827,5000.0,15118.053144595891,0,,16499.62
2022-02-24 00:00:00+00:00,113.39,117.27,122.5361,37.40774,3.585715,0.5360824742268042,-6363.214285714443,27111.41861445732,5000.0,15748.204328742879,0,,16892.877
2022-02-25 00:00:00+00:00,117.46,117.44,122.5748,51.398758,3.679287,0.5396825396825397,-6364.206349206506,27150.72215108347,5000.0,15786.515801876965,0,,16917.367
2022-02-28 00:00:00+00:00,116.28,117.29,122.6062,42.05766,3.3771443,0.5396825396825397,-6365.19841269857,27116.043404325035,5000.0,15750.844991626465,0,,16895.76
2022-03-01 00:00:00+00:00,116.91,117.2,122.62435,42.417336,3.3928583,0.5360824742268042,-6366.1904761906335,27095.235903081248,5000.0,15729.045426890614,0,,16882.793
2022-03-02 00:00:00+00:00,118.54,118.64,122.6412,32.02134,3.285001,0.5360824742268042,-6367.182539682697,27428.145937029523,5000.0,16060.963397346826,0,,17090.229
2022-03-03 00:00:00+00:00,118.99,117.34,122.671196,41.215313,3.0850008,0.5396825396825397,-6368.174603174761,27127.600955989423,5000.0,15759.426352814662,0,,16902.96
2022-03-04 00:00:00+00:00,116.6,120.52,122.70835,38.423637,2.947144,0.5396825396825397,-6369.166666666824,27862.777449935948,5000.0,16493.610783269123,0,,17361.043
2022-03-07 00:00:00+00:00,120.95,116.42,122.75295,50.617935,3.0535724,0.5396825396825397,-6370.158730158888,26914.90716537884,5000.0,15544.748435219954,0,,16770.434
2022-03-08 00:00:00+00:00,116.81,113.69,122.776146,40.72256,3.2092862,0.5396825396825397,-6371.1507936509515,26283.76496948716,5000.0,14912.61417583621,0,,16377.174
2022-03-09 00:00:00+00:00,115.65,115.08,122.7876,33.026764,3.3571434,0.5396825396825397,-6372.142857143015,26605.116166138094,5000.0,15232.973308995079,0,,16577.404
2022-03-10 00:00:00+00:00,113.6,114.12,122.81265,37.58091,3.4057143,0.5396825396825397,-6373.134920635079,26383.175551071326,5000.0,15010.040630436248,0,,16439.115
2022-03-11 00:00:00+00:00,114.25,114.0,122.8344,40.585415,3.3914287,0.5396825396825397,-6374.126984127142,26355.432450960318,5000.0,14981.305466833175,0,,16421.83
2022-03-14 00:00:00+00:00,114.94,113.72,122.85205,39.37252,3.3464284,0.5396825396825397,-6375.119047619206,26290.700119624373,5000.0,14915.581072005167,0,,16381.495
2022-03-15 00:00:00+00:00,113.21,114.33,122.8695,43.31551,3.3364284,0.5396825396825397,-6376.11111111127,26431.725023074712,5000.0,15055.613911963443,0,,16469.367
2022-03-16 00:00:00+00:00,114.65,115.23,122.88465,49.454548,3.2649994,0.5396825396825397,-6377.103174603333,26639.795177491123,5000.0,15262.69200288779,0,,16599.012
2022-03-17 00:00:00+00:00,114.82,117.64,122.907646,44.144684,3.0642848,0.5396825396825397,-6378.095238095397,27196.95780386667,5000.0,15818.862565771273,0,,16946.176
2022-03-18 00:00:00+00:00,118.42,116.8,122.93145,50.50864,3.2435706,0.5396825396825397,-6379.08730158746,27002.760700063987,5000.0,15623.673398476527,0,,16825.174
2022-03-21 00:00:00+00:00,117.04,116.02,122.95445,48.796074,3.231428,0.5396825396825397,-6380.079365079524,26822.431835513642,5000.0,15442.352470434118,0,,16712.812
2022-03-22 00:00:00+00:00,116.44,119.46,122.9748,47.195816,3.2992854,0.5396825396825397,-6381.071428571588,27617.71941045152,5000.0,16236.64798187993,0,,17208.348
2022-03-23 00:00:00+00:00,118.98,115.29,123.0121,51.779514,3.4764285,0.5396825396825397,-6382.063492063651,26653.666491975946,5000.0,15271.602999912295,0,,16607.656
2022-03-24 00:00:00+00:00,115.28,113.7,123.0263,46.044006,3.5885708,0.5396825396825397,-6383.055555555715,26286.077176030238,5000.0,14903.021620474523,0,,16378.615
2022-03-25 00:00:00+00:00,114.12,114.73,123.02425,35.97862,3.349999,0.5396825396825397,-6384.047619047778,26524.201496151156,5000.0,15140.153877103377,0,,16526.988
2022-03-28 00:00:00+00:00,115.15,112.94,123.0308,46.023544,3.2071419,0.5396825396825397,-6385.039682539842,26110.37426242975,5000.0,14725.334579889906,0,,16269.136
2022-03-29 00:00:00+00:00,114.74,114.78,123.0259,48.15362,3.239999,0.5396825396825397,-6386.031746031906,26535.760740013302,5000.0,15149.728993981396,0,,16534.19
2022-03-30 00:00:00+00:00,114.31,114.69,123.026,49.27745,3.2264278,0.5396825396825397,-6387.023809523969,26514.954073845634,5000.0,15127.930264321665,0,,16521.227
2022-03-31 00:00:00+00:00,114.21,114.42,123.026596,51.43288,3.1942847,0.5396825396825397,-6388.015873016033,26452.532445546,5000.0,15064.516572529967,0,,16482.332
2022-04-01 00:00:00+00:00,115.18,116.85,123.01705,51.047897,3.356428,0.5360824742268042,-6389.0079365080965,27014.317906586897,5000.0,15625.3099700788,0,,16832.375
2022-04-04 00:00:00+00:00,116.17,112.92,123.0144,57.052715,3.3621423,0.5396825396825397,-6390.00000000016,26105.74874303329,5000.0,14715.748743033131,0,,16266.254
2022-04-05 00:00:00+00:00,113.52,113.18,123.0119,47.23637,3.442857,0.5396825396825397,-6390.992063492224,26165.857945534073,5000.0,14774.86588204185,0,,16303.707
2022-04-06 00:00:00+00:00,113.88,114.92,122.9876,45.878563,3.4535713,0.5396825396825397,-6391.984126984287,26568.12417422039,5000.0,15176.140047236102,0,,16554.355
2022-04-07 00:00:00+00:00,115.78,117.94,122.96225,44.380165,3.3199997,0.5396825396825397,-6392.976190476351,27266.3135164462,5000.0,15873.33732596985,0,,16989.39
2022-04-08 00:00:00+00:00,119.61,116.35,122.958496,52.160725,3.4121425,0.5396825396825397,-6393.9682539684145,26898.724396924623,5000.0,15504.756142956208,0,,16760.35
2022-04-11 00:00:00+00:00,116.78,116.75,122.9346,50.606842,3.4321425,0.5396825396825397,-6394.960317460478,26991.19889482498,5000.0,15596.2385773645,0,,16817.969
2022-04-12 00:00:00+00:00,117.0,117.76,122.9095,44.38924,3.2399995,0.5396825396825397,-6395.952380952542,27224.70024615734,5000.0,15828.747865204798,0,,16963.46
2022-04-13 00:00:00+00:00,117.77,119.55,122.9013,55.88375,3.0042856,0.5396825396825397,-6396.944444444605,27638.5259402877,5000.0,16241.581495843096,0,,17221.312
2022-04-14 00:00:00+00:00,120.86,117.33,122.8992,63.803684,3.1321433,0.5396825396825397,-6397.936507936669,27125.2882349903,5000.0,15727.351727053632,0,,16901.52
2022-04-18 00:00:00+00:00,119.09,116.34,122.8906,55.80875,3.3121436,0.5396825396825397,-6398.9285714287325,26896.410143511363,5000.0,15497.48157208263,0,,16758.908
2022-04-19 00:00:00+00:00,116.88,117.78,122.8798,57.877644,3.310001,0.5396825396825397,-6399.920634920796,27229.320474426906,5000.0,15829.39983950611,0,,16966.342
2022-04-20 00:00:00+00:00,118.18,118.21,122.8787,57.082146,3.2928581,0.5396825396825397,-6400.91269841286,27328.732101344005,5000.0,15927.819402931145,0,,17028.283
2022-04-21 00:00:00+00:00,118.41,115.0,122.88285,58.17842,3.3371441,0.5396825396825397,-6401.904761904923,26586.61924167033,5000.0,15184.714479765407,0,,16565.88
2022-04-22 00:00:00+00:00,114.32,114.11,122.87175,51.18561,3.3692873,0.5396825396825397,-6402.896825396987,26380.862027305462,5000.0,14977.965201908475,0,,16437.674
2022-04-25 00:00:00+00:00,114.31,115.27,122.8611,44.022697,3.2457156,0.5396825396825397,-6403.888888889051,26649.03858405701,5000.0,15245.149695167958,0,,16604.773
2022-04-26 00:00:00+00:00,114.49,111.56,122.8435,55.831257,3.2035725,0.5396825396825397,-6404.880952381114,25791.330853846044,5000.0,14386.44990146493,0,,16070.343
2022-04-27 00:00:00+00:00,112.14,115.46,122.8101,46.56779,3.2892864,0.5396825396825397,-6405.873015873178,26692.965847503572,5000.0,15287.092831630394,0,,16632.143
2022-04-28 00:00:00+00:00,116.18,115.27,122.8056,51.048138,3.3714294,0.5396825396825397,-6406.865079365241,26649.039245254204,5000.0,15242.174165888962,0,,16604.773
2022-04-29 00:00:00+00:00,114.37,112.98,122.8009,44.177925,3.28643,0.5396825396825397,-6407.857142857305,26119.620176052154,5000.0,14711.76303319485,0,,16274.896
2022-05-02 00:00:00+00:00,113.15,111.96,122.7801,42.869247,3.5342865,0.5396825396825397,-6408.849206349369,25883.807116911335,5000.0,14474.957910561967,0,,16127.964
2022-05-03 00:00:00+00:00,112.93,112.35,122.75675,40.123714,3.721429,0.5396825396825397,-6409.841269841432,25973.971149819212,5000.0,14564.12987997778,0,,16184.1455
2022-05-04 00:00:00+00:00,112.88,114.7,122.7407,38.55268,3.7592862,0.5396825396825397,-6410.833333333496,26517.264017939968,5000.0,15106.430684606472,0,,16522.666
2022-05-05 00:00:00+00:00,114.35,111.29,122.7364,39.975185,3.7164285,0.5396825396825397,-6411.825396825559,25728.913079298174,5000.0,14317.087682472615,0,,16031.452
2022-05-06 00:00:00+00:00,110.71,111.25,122.70135,38.100864,3.6242855,0.5396825396825397,-6412.817460317623,25719.665696069147,5000.0,14306.848235751524,0,,16025.691
2022-05-09 00:00:00+00:00,110.18,107.19,122.6725,39.582485,3.544286,0.5396825396825397,-6413.809523809687,24781.042589923585,5000.0,13367.233066113899,0,,15440.843
2022-05-10 00:00:00+00:00,107.78,108.24,122.60745,30.425137,3.6807141,0.5396825396825397,-6414.80158730175,25023.789399847137,5000.0,13608.987812545387,0,,15592.096
2022-05-11 00:00:00+00:00,107.04,108.52,122.55855,31.984085,3.667857,0.5396825396825397,-6415.793650793814,25088.5219788372,5000.0,13672.728328043388,0,,15632.431
2022-05-12 00:00:00+00:00,108.11,107.06,122.52325,36.90378,3.5007138,0.5396825396825397,-6416.7857142858775,24750.987978739973,5000.0,13334.202264454096,0,,15422.116
2022-05-13 00:00:00+00:00,107.4,109.38,122.47455,36.07268,3.6871426,0.5396825396825397,-6417.777777777941,25287.344439400826,5000.0,13869.566661622885,0,,15756.315
2022-05-16 00:00:00+00:00,109.79,109.28,122.441696,38.87419,3.7028568,0.5396825396825397,-6418.769841270005,25264.226343465747,5000.0,13845.456502195742,0,,15741.91
2022-05-17 00:00:00+00:00,109.27,108.46,122.39575,45.013123,3.595,0.5396825396825397,-6419.761904762068,25074.65296881414,5000.0,13654.891064052073,0,,15623.789
2022-05-18 00:00:00+00:00,108.2,104.84,122.33465,32.305344,3.4635718,0.5396825396825397,-6420.753968254132,24237.751429227592,5000.0,12816.99746097346,0,,15102.323
2022-05-19 00:00:00+00:00,104.41,105.56,122.2467,27.53122,3.5264287,0.5396825396825397,-6421.7460317461955,24404.207754262425,5000.0,12982.46172251623,0,,15206.04
2022-05-20 00:00:00+00:00,106.05,106.94,122.15745,32.855804,3.264286,0.5396825396825397,-6422.738095238259,24723.24898822865,5000.0,13300.51089299039,0,,15404.832
2022-05-23 00:00:00+00:00,107.41,107.64,122.08715,38.59091,3.130715,0.5396825396825397,-6423.730158730323,24885.079041402507,5000.0,13461.348882672184,0,,15505.667
2022-05-24 00:00:00+00:00,106.72,106.95,122.0112,39.44419,3.110001,0.5396825396825397,-6424.722222222386,24725.558201016014,5000.0,13300.835978793628,0,,15406.271
2022-05-25 00:00:00+00:00,107.75,107.72,121.94075,31.234861,3.025716,0.5360824742268042,-6425.71428571445,24903.57344353901,5000.0,13477.859157824561,0,,15517.19
2022-05-26 00:00:00+00:00,108.44,109.4,121.86795,40.08884,2.9307158,0.5396825396825397,-6426.706349206514,25291.97037543102,5000.0,13865.264026224508,0,,15759.197
2022-05-27 00:00:00+00:00,109.29,111.85,121.79015,45.292625,2.8207157,0.5396825396825397,-6427.698412698577,25858.381410333262,5000.0,14430.682997634685,0,,16112.122
2022-05-31 00:00:00+00:00,110.48,112.31,121.715,62.91573,2.7342873,0.5396825396825397,-6428.690476190641,25964.72662282562,5000.0,14536.036146634979,0,,16178.385
2022-06-01 00:00:00+00:00,112.6,112.42,121.64155,61.66189,2.674287,0.5396825396825397,-6429.682539682704,25990.15708684696,5000.0,14560.474547164256,0,,16194.23
2022-06-02 00:00:00+00:00,113.38,115.54,121.5749,61.28472,2.6057155,0.5396825396825397,-6430.674603174768,26711.464897557493,5000.0,15280.790294382725,0,,16643.67
2022-06-03 00:00:00+00:00,114.9,114.0,121.53205,72.38648,2.525716,0.5396825396825397,-6431.666666666832,26355.43496571857,5000.0,14923.768299051739,0,,16421.832
2022-06-06 00:00:00+00:00,114.35,114.9,121.4889,62.720264,2.3928587,0.5396825396825397,-6432.658730158895,26563.50465213611,5000.0,15130.845921977216,0,,16551.479
2022-06-07 00:00:00+00:00,114.35,113.64,121.4253,64.82067,2.3771443,0.5396825396825397,-6433.650793650959,26272.207598685764,5000.0,14838.556805034805,0,,16369.974
2022-06-08 00:00:00+00:00,113.88,113.49,121.344696,63.350506,2.312858,0.5396825396825397,-6434.642857143022,26237.529733343094,5000.0,14802.886876200071,0,,16348.365
2022-06-09 00:00:00+00:00,113.81,113.62,121.28035,77.15001,2.1707153,0.5396825396825397,-6435.634920635086,26267.584353037768,5000.0,14831.949432402682,0,,16367.092
2022-06-10 00:00:00+00:00,113.11,109.77,121.22045,76.27117,2.0557153,0.5396825396825397,-6436.62698412715,25377.508766791503,5000.0,13940.881782664354,0,,15812.493
2022-06-13 00:00:00+00:00,107.88,108.52,121.14125,57.94495,2.1700015,0.5396825396825397,-6437.619047619213,25088.523213413904,5000.0,13650.904165794691,0,,15632.429
2022-06-14 00:00:00+00:00,107.01,107.52,121.05835,52.396503,2.3142865,0.5360824742268042,-6438.611111111277,24857.33553073796,5000.0,13418.724419626684,0,,15488.378
2022-06-15 00:00:00+00:00,109.05,109.72,120.96895,51.526512,2.2935715,0.5396825396825397,-6439.60317460334,25365.949449181513,5000.0,13926.346274578173,0,,15805.291
2022-06-16 00:00:00+00:00,109.39,108.87,120.89745,54.97512,2.3228574,0.5396825396825397,-6440.595238095404,25169.439578428315,5000.0,13728.844340332911,0,,15682.848
2022-06-17 00:00:00+00:00,107.48,109.15,120.81105,48.62481,2.3407147,0.5396825396825397,-6441.587301587468,25234.170877049615,5000.0,13792.583575462148,0,,15723.181
2022-06-21 00:00:00+00:00,109.22,109.69,120.72035,42.10528,2.347143,0.5396825396825397,-6442.579365079531,25359.012009877428,5000.0,13916.432644797897,0,,15800.969
2022-06-22 00:00:00+00:00,109.37,109.38,120.62975,42.374878,2.3378575,0.5396825396825397,-6443.571428571595,25287.342019250835,5000.0,13843.77059067924,0,,15756.312
2022-06-23 00:00:00+00:00,109.35,112.35,120.5454,41.254326,2.3342857,0.5396825396825397,-6444.5634920636585,25973.969599866938,5000.0,14529.40610780328,0,,16184.143
2022-06-24 00:00:00+00:00,112.22,114.94,120.4902,40.742897,2.3578572,0.5396825396825397,-6445.555555555722,26572.748820821245,5000.0,15127.193265265523,0,,16557.236
2022-06-27 00:00:00+00:00,114.93,114.53,120.44005,52.571117,2.4728572,0.5396825396825397,-6446.547619047786,26477.961179896145,5000.0,15031.41356084836,0,,16498.176
2022-06-28 00:00:00+00:00,114.31,114.07,120.39125,48.960083,2.4364285,0.5396825396825397,-6447.539682539849,26371.615112935684,5000.0,14924.075430395835,0,,16431.912
2022-06-29 00:00:00+00:00,114.51,113.9,120.3309,51.26545,2.534286,0.5396825396825397,-6448.531746031913,26332.313628549437,5000.0,14883.781882517524,0,,16407.424
2022-06-30 00:00:00+00:00,112.31,113.19,120.2784,51.20518,2.5935712,0.5396825396825397,-6449.5238095239765,26168.170799871106,5000.0,14718.64699034713,0,,16305.148
2022-07-01 00:00:00+00:00,113.96,114.68,120.2232,48.777714,2.6335711,0.5396825396825397,-6450.51587301604,26512.640378205888,5000.0,15062.124505189848,0,,16519.785
2022-07-05 00:00:00+00:00,114.19,117.44,120.17745,66.1195,2.5607135,0.5396825396825397,-6451.507936508104,27150.721267587727,5000.0,15699.213331079623,0,,16917.367
2022-07-06 00:00:00+00:00,117.93,117.73,120.1461,76.64277,2.6314282,0.5396825396825397,-6452.500000000167,27217.76457683961,5000.0,15765.264576839443,0,,16959.14
2022-07-07 00:00:00+00:00,117.72,119.19,120.1167,81.84653,2.6335711,0.5396825396825397,-6453.492063492231,27555.298149890594,5000.0,16101.806086398363,0,,17169.455
2022-07-08 00:00:00+00:00,120.11,118.51,120.1039,80.96794,2.537142,0.99,-6454.484126984295,27398.090275055278,5000.0,15943.606148070983,0,,17071.502
2022-07-11 00:00:00+00:00,118.21,121.28,120.07705,81.87828,2.519285,0.5396825396825397,-6455.476190476358,28038.47911648408,5000.0,16583.00292600772,0,,17470.521
2022-07-12 00:00:00+00:00,121.77,120.12,120.0635,84.440636,2.5585713,0.5396825396825397,-6456.468253968422,27770.30120980016,5000.0,16313.832955831738,0,,17303.422
2022-07-13 00:00:00+00:00,119.88,118.11,120.04485,78.60669,2.7014287,0.5396825396825397,-6457.460317460485,27305.612740566834,5000.0,15848.152423106349,0,,17013.88
2022-07-14 00:00:00+00:00,116.88,117.93,120.0062,71.901665,2.789286,0.5396825396825397,-6458.452380952549,27263.99813584555,5000.0,15805.545754893003,0,,16987.951
2022-07-15 00:00:00+00:00,119.58,118.98,119.97785,66.27772,2.7064285,0.5396825396825397,-6459.444444444613,27506.746486557393,5000.0,16047.30204211278,0,,17139.205
2022-07-18 00:00:00+00:00,119.05,118.18,119.95925,62.948723,2.5964284,0.5396825396825397,-6460.436507936676,27321.79604240092,5000.0,15861.359534464245,0,,17023.965
2022-07-19 00:00:00+00:00,121.53,121.86,119.92425,61.41339,2.6757143,0.5396825396825397,-6461.42857142874,28172.566633639377,5000.0,16711.138062210637,0,,17554.07
2022-07-20 00:00:00+00:00,122.36,121.78,119.91425,70.2759,2.817857,0.5396825396825397,-6462.420634920803,28154.071750525105,5000.0,16691.6511156043,0,,17542.547
2022-07-21 00:00:00+00:00,122.5,124.0,119.90595,70.60668,2.8107142,0.5396825396825397,-6463.412698412867,28667.309322975987,5000.0,17203.89662456312,0,,17862.34
2022-07-22 00:00:00+00:00,123.66,123.73,119.9089,76.1997,2.799286,0.99,-6464.404761904931,28604.88862833406,5000.0,17140.48386642913,0,,17823.447
2022-07-25 00:00:00+00:00,123.01,124.75,119.92335,73.31273,2.707143,0.5396825396825397,-6465.396825396994,28840.698176630416,5000.0,17375.301351233422,0,,17970.377
2022-07-26 00:00:00+00:00,122.72,125.08,119.93865,70.68477,2.5214283,0.5396825396825397,-6466.388888889058,28916.989152742237,5000.0,17450.60026385318,0,,18017.914
2022-07-27 00:00:00+00:00,124.61,125.15,119.939,70.750984,2.5914285,0.5396825396825397,-6467.3809523811215,28933.173633417948,5000.0,17465.792681036826,0,,18027.996
2022-07-28 00:00:00+00:00,124.88,125.67,119.9329,68.2598,2.649286,0.5396825396825397,-6468.373015873185,29053.39212103744,5000.0,17585.019105164254,0,,18102.904
2022-07-29 00:00:00+00:00,124.89,123.38,119.9355,72.15346,2.6864293,0.5396825396825397,-6469.365079365249,28523.97156406043,5000.0,17054.60648469518,0,,17773.027
2022-08-01 00:00:00+00:00,123.02,116.53,119.9264,56.696423,2.7671428,0.5396825396825397,-6470.357142857312,26940.334319062546,5000.0,15469.977176205233,0,,16786.277
2022-08-02 00:00:00+00:00,115.97,117.64,119.88425,41.600365,3.0471425,0.5,-6471.349206349376,27196.95227209655,5000.0,15725.603065747175,0,,16946.174
2022-08-03 00:00:00+00:00,117.88,117.85,119.8395,48.851974,3.1028562,0.5360824742268042,-6472.3412698414395,27245.499917107783,5000.0,15773.158647266344,0,,16976.424
2022-08-04 00:00:00+00:00,117.51,119.09,119.80105,49.804874,3.052142,0.5396825396825397,-6473.333333333503,27532.174035708103,5000.0,16058.8407023746,0,,17155.047
2022-08-05 00:00:00+00:00,119.7,120.48,119.76025,50.265812,3.067142,0.5396825396825397,-6474.325396825567,27853.52683846277,5000.0,16379.201441637204,0,,17355.28
2022-08-08 00:00:00+00:00,121.35,118.81,119.73325,55.404144,3.0421422,0.5396825396825397,-6475.31746031763,27467.440786975334,5000.0,15992.123326657704,0,,17114.713
2022-08-09 00:00:00+00:00,118.8,118.75,119.69215,42.08614,2.8857133,0.5396825396825397,-6476.309523809694,27453.57053827929,5000.0,15977.261014469597,0,,17106.07
2022-08-10 00:00:00+00:00,118.61,118.46,119.65045,42.129875,2.7942848,0.5360824742268042,-6477.3015873017575,27386.525583258484,5000.0,15909.223995956727,0,,17064.297
2022-08-11 00:00:00+00:00,118.46,117.5,119.59605,34.006924,2.731428,0.5396825396825397,-6478.293650793821,27164.586091548357,5000.0,15686.292440754536,0,,16926.008
2022-08-12 00:00:00+00:00,118.0,119.64,119.53655,32.704044,2.797142,0.5396825396825397,-6479.285714285885,27659.32913629032,5000.0,16180.043422004434,0,,17234.277
2022-08-15 00:00:00+00:00,118.07,119.35,119.47845,36.644016,2.8678567,0.5396825396825397,-6480.277777777948,27592.284524241124,5000.0,16112.006746463176,0,,17192.504
2022-08-16 00:00:00+00:00,118.81,119.92,119.4245,34.992138,2.8464284,0.5396825396825397,-6481.269841270012,27724.062012817856,5000.0,16242.792171547844,0,,17274.611
2022-08-17 00:00:00+00:00,119.62,123.56,119.36825,36.65135,2.7807143,0.5396825396825397,-6482.261904762076,28565.58560838362,5000.0,17083.323703621543,0,,17798.957
2022-08-18 00:00:00+00:00,124.05,126.32,119.32635,45.35447,2.8999994,0.5396825396825397,-6483.253968254139,29203.664162741305,5000.0,17720.410194487165,0,,18196.54
2022-08-19 00:00:00+00:00,126.56,123.78,119.2896,56.34168,2.787857,0.5396825396825397,-6484.246031746203,28616.44603853256,5000.0,17132.200006786356,0,,17830.648
2022-08-22 00:00:00+00:00,122.81,123.43,119.23315,69.21037,2.4878573,0.5396825396825397,-6485.238095238266,28535.53061230082,5000.0,17050.292517062553,0,,17780.23
2022-08-23 00:00:00+00:00,123.5,121.96,119.1769,65.98564,2.4800007,0.5396825396825397,-6486.23015873033,28195.683740707595,5000.0,16709.453581977265,0,,17568.477
2022-08-24 00:00:00+00:00,121.63,122.49,119.1241,60.609184,2.6264288,0.5396825396825397,-6487.222222222394,28318.212467176127,5000.0,16830.990244953733,0,,17644.822
2022-08-25 00:00:00+00:00,122.5,123.29,119.0702,59.110394,2.6121433,0.5396825396825397,-6488.214285714457,28503.16209248216,5000.0,17014.9478067677,0,,17760.062
2022-08-26 00:00:00+00:00,123.84,120.35,119.0178,57.775307,2.5500004,0.5396825396825397,-6489.206349206521,27823.469730660887,5000.0,16334.263381454366,0,,17336.553
2022-08-29 00:00:00+00:00,120.02,120.33,118.96345,53.981388,2.6614292,0.5396825396825397,-6490.198412698584,27818.846089074043,5000.0,16328.647676375458,0,,17333.672
2022-08-30 00:00:00+00:00,119.83,117.78,118.9258,54.09327,2.702858,0.5360824742268042,-6491.190476190648,27229.31533977313,5000.0,15738.124863582481,0,,16966.34
2022-08-31 00:00:00+00:00,119.09,117.97,118.8687,48.423004,2.7821438,0.5396825396825397,-6492.182539682712,27273.240040412114,5000.0,15781.057500729403,0,,16993.709
2022-09-01 00:00:00+00:00,117.8,121.23,118.80375,51.130352,2.7721438,0.5396825396825397,-6493.174603174775,28026.912678381133,5000.0,16533.73807520636,0,,17463.316
2022-09-02 00:00:00+00:00,121.58,119.81,118.7549,53.628487,2.8657155,0.5396825396825397,-6494.166666666839,27698.62431404122,5000.0,16204.45764737438,0,,17258.764
2022-09-06 00:00:00+00:00,123.4,121.49,118.6939,50.99826,2.8750012,0.567398119122257,-6495.1587301589025,28087.020825379896,5000.0,16591.862095220993,0,,17500.77
2022-09-07 00:00:00+00:00,120.71,123.69,118.6539,53.250515,3.0257154,0.567398119122257,-6496.150793650966,28595.63428049418,5000.0,17099.483486843215,0,,17817.682
2022-09-08 00:00:00+00:00,123.77,124.11,118.6248,50.28623,3.0407155,0.567398119122257,-6497.14285714303,28692.732398184933,5000.0,17195.589541041903,0,,17878.184
2022-09-09 00:00:00+00:00,123.91,123.97,118.597946,44.575363,3.0000005,0.567398119122257,-6498.134920635093,28660.366482371748,5000.0,17162.231561736655,0,,17858.016
2022-09-12 00:00:00+00:00,123.84,123.73,118.58345,50.528664,2.8164287,0.567398119122257,-6499.126984127157,28604.8811918833,5000.0,17105.754207756145,0,,17823.445
2022-09-13 00:00:00+00:00,123.07,120.93,118.55715,50.839874,2.6735713,0.567398119122257,-6500.1190476192205,27957.55511421471,5000.0,16457.43606659549,0,,17420.102
2022-09-14 00:00:00+00:00,121.25,121.42,118.506996,47.316315,2.6242862,0.567398119122257,-6501.111111111284,28070.83699582512,5000.0,16569.725884713836,0,,17490.686
2022-09-15 00:00:00+00:00,124.71,119.14,118.469696,47.20627,2.5757146,0.567398119122257,-6502.103174603348,27543.728778566205,5000.0,16041.625603962857,0,,17162.25
2022-09-16 00:00:00+00:00,119.01,120.55,118.4169,39.941833,2.8957143,0.567398119122257,-6503.095238095411,27869.70494835248,5000.0,16366.609710257067,0,,17365.363
2022-09-19 00:00:00+00:00,120.22,120.64,118.37495,50.52357,2.8314285,0.567398119122257,-6504.087301587475,27890.50936457822,5000.0,16386.422062990747,0,,17378.326
2022-09-20 00:00:00+00:00,120.24,119.44,118.3427,50.808548,2.8828566,0.567398119122257,-6505.079365079539,27613.084076390984,5000.0,16108.004711311445,0,,17205.465
2022-09-21 00:00:00+00:00,119.16,118.07,118.291,54.657696,2.8799994,0.567398119122257,-6506.071428571602,27296.35651721236,5000.0,15790.285088640758,0,,17008.115
2022-09-22 00:00:00+00:00,118.0,117.62,118.23595,50.263153,2.965714,0.567398119122257,-6507.063492063666,27192.321919053757,5000.0,15685.25842699009,0,,16943.293
2022-09-23 00:00:00+00:00,117.81,116.13,118.16805,38.851143,2.8185709,0.567398119122257,-6508.055555555729,26847.85083669884,5000.0,15339.79528114311,0,,16728.656
2022-09-26 00:00:00+00:00,115.85,116.41,118.09385,38.683887,2.8142853,0.567398119122257,-6509.047619047793,26912.584417171674,5000.0,15403.536798123881,0,,16768.99
2022-09-27 00:00:00+00:00,117.48,116.97,118.0191,32.90716,2.7199996,0.567398119122257,-6510.039682539857,27042.04933334973,5000.0,15532.009650809872,0,,16849.66
2022-09-28 00:00:00+00:00,117.25,118.36,117.95875,24.583961,2.7164285,0.567398119122257,-6511.03174603192,27363.400228253267,5000.0,15852.368482221347,0,,17049.89
2022-09-29 00:00:00+00:00,118.39,117.73,117.8903,29.739256,2.698572,0.567398119122257,-6512.023809523984,27217.753200737916,5000.0,15705.729391213932,0,,16959.139
2022-09-30 00:00:00+00:00,118.66,117.37,117.8255,28.746601,2.7564294,0.567398119122257,-6513.015873016047,27134.52573470873,5000.0,15621.509861692684,0,,16907.281
2022-10-03 00:00:00+00:00,117.11,118.13,117.7702,28.513515,2.8250008,0.567398119122257,-6514.007936508111,27310.227492242033,5000.0,15796.219555733922,0,,17016.76
2022-10-04 00:00:00+00:00,118.76,119.97,117.71155,39.0282,2.800001,0.567398119122257,-6515.000000000175,27735.61498735342,5000.0,16220.614987353245,0,,17281.814
2022-10-05 00:00:00+00:00,120.03,119.77,117.65115,44.861813,2.8585722,0.567398119122257,-6515.992063492238,27689.375781087238,5000.0,16173.383717595,0,,17253.002
2022-10-06 00:00:00+00:00,119.46,121.68,117.60875,52.618443,2.5950012,0.567398119122257,-6516.984126984302,28130.944423359586,5000.0,16613.960296375284,0,,17528.139
2022-10-07 00:00:00+00:00,121.75,118.94,117.5873,54.509163,2.5835724,0.567398119122257,-6517.976190476365,27497.490726768865,5000.0,15979.5145362925,0,,17133.44
2022-10-10 00:00:00+00:00,119.07,118.71,117.5524,44.40054,2.6800015,0.567398119122257,-6518.968253968429,27444.317358097414,5000.0,15925.349104128985,0,,17100.309
2022-10-11 00:00:00+00:00,118.7,118.06,117.5,47.431377,2.6057155,0.567398119122257,-6519.960317460493,27294.04541966709,5000.0,15774.085102206598,0,,17006.676
2022-10-12 00:00:00+00:00,118.06,118.14,117.4453,49.96293,2.5950012,0.567398119122257,-6520.952380952556,27312.539471858512,5000.0,15791.587090905956,0,,17018.2
2022-10-13 00:00:00+00:00,117.39,120.07,117.387,51.981693,2.6035728,0.567398119122257,-6521.94444444462,27758.732418502696,5000.0,16236.787974058076,0,,17296.217
2022-10-14 00:00:00+00:00,121.16,116.11,117.3365,64.528015,2.7778583,0.567398119122257,-6522.9365079366835,26843.228879925853,5000.0,15320.29237198917,0,,16725.775
2022-10-17 00:00:00+00:00,116.65,120.15,117.27205,49.12992,3.0014293,0.567398119122257,-6523.928571428747,27777.227459787373,5000.0,16253.298888358626,0,,17307.742
2022-10-18 00:00:00+00:00,122.05,121.99,117.2265,57.673744,3.0135722,0.567398119122257,-6524.920634920811,28202.610759185096,5000.0,16677.690124264285,0,,17572.795
2022-10-19 00:00:00+00:00,121.5,119.75,117.18445,58.573444,3.048572,0.567398119122257,-6525.912698412874,27684.74978116949,5000.0,16158.837082756614,0,,17250.121
2022-10-20 00:00:00+00:00,120.15,118.98,117.1409,54.433704,3.1328578,0.567398119122257,-6526.904761904938,27506.736013158574,5000.0,15979.831251253636,0,,17139.203
2022-10-21 00:00:00+00:00,120.21,119.87,117.10715,53.471325,3.1657147,0.567398119122257,-6527.8968253970015,27712.49365233896,5000.0,16184.596826941957,0,,17267.408
2022-10-24 00:00:00+00:00,120.14,122.09,117.08405,53.730713,3.1100001,0.567398119122257,-6528.888888889065,28225.72896817997,5000.0,16696.840079290905,0,,17587.201
2022-10-25 00:00:00+00:00,122.73,124.41,117.0671,54.472565,3.1371427,0.567398119122257,-6529.880952381129,28762.086621373892,5000.0,17232.205668992763,0,,17921.4
2022-10-26 00:00:00+00:00,125.11,123.96,117.0683,58.9853,3.1792858,0.567398119122257,-6530.873015873192,28658.051051550025,5000.0,17127.178035676832,0,,17856.576
2022-10-27 00:00:00+00:00,125.31,123.95,117.07475,54.679802,3.1221433,0.567398119122257,-6531.865079365256,28655.738212451823,5000.0,17123.873133086567,0,,17855.135
2022-10-28 00:00:00+00:00,123.77,125.45,117.0648,61.581123,2.9707146,0.567398119122257,-6532.85714285732,29002.519933611668,5000.0,17469.662790754348,0,,18071.21
2022-10-31 00:00:00+00:00,125.4,124.5,117.06915,64.71615,3.0107143,0.567398119122257,-6533.849206349383,28782.892245975923,5000.0,17249.04303962654,0,,17934.363
2022-11-01 00:00:00+00:00,124.52,127.36,117.08985,63.87932,2.8842854,0.567398119122257,-6534.841269841447,29444.089062132316,5000.0,17909.24779229087,0,,18346.35
2022-11-02 00:00:00+00:00,127.67,126.1,117.13585,67.74442,2.9442852,0.567398119122257,-6535.83333333351,29152.791665316196,5000.0,17616.958331982685,0,,18164.846
2022-11-03 00:00:00+00:00,124.22,124.9,117.16985,61.912285,2.7835715,0.567398119122257,-6536.825396825574,28875.3667274649,5000.0,17338.541330639327,0,,17991.984
2022-11-04 00:00:00+00:00,128.6,128.3,117.1929,69.49003,2.572857,0.567398119122257,-6537.817460317638,29661.406153591,5000.0,18123.588693273363,0,,18481.76
2022-11-07 00:00:00+00:00,130.16,127.32,117.23265,68.59882,2.6699994,0.567398119122257,-6538.809523809701,29434.840622099433,5000.0,17896.03109828973,0,,18340.588
2022-11-08 00:00:00+00:00,126.84,125.76,117.2788,62.660336,2.7949994,0.567398119122257,-6539.801587301765,29074.18820052715,5000.0,17534.386613225386,0,,18115.87
2022-11-09 00:00:00+00:00,125.25,123.26,117.3171,64.75209,2.8521423,0.567398119122257,-6540.793650793828,28496.217694212206,5000.0,16955.424043418378,0,,17755.74
2022-11-10 00:00:00+00:00,124.97,120.96,117.35535,59.683254,2.8892856,0.567398119122257,-6541.785714285892,27964.484812241062,5000.0,16422.69909795517,0,,17424.422
2022-11-11 00:00:00+00:00,120.97,115.1,117.3859,52.318153,3.4442852,0.567398119122257,-6542.777777777956,26609.724058840893,5000.0,15066.946281062937,0,,16580.283
2022-11-14 00:00:00+00:00,116.62,118.62,117.38765,37.127083,3.7864282,0.567398119122257,-6543.769841270019,27423.50768414597,5000.0,15879.737842875951,0,,17087.344
2022-11-15 00:00:00+00:00,119.48,122.63,117.39915,39.788364,3.9507136,0.567398119122257,-6544.761904762083,28350.569517178355,5000.0,16805.807612416273,0,,17664.988
2022-11-16 00:00:00+00:00,121.5,122.51,117.41965,47.91601,4.1107135,0.567398119122257,-6545.7539682541465,28322.827649888604,5000.0,16777.073681634458,0,,17647.703
2022-11-17 00:00:00+00:00,122.92,123.71,117.43775,47.75141,4.262142,0.567398119122257,-6546.74603174621,28600.251720665114,5000.0,17053.505688918904,0,,17820.562
2022-11-18 00:00:00+00:00,124.34,121.51,117.4563,47.257256,4.4528565,0.567398119122257,-6547.738095238274,28091.63849765635,5000.0,16543.900402418076,0,,17503.652
2022-11-21 00:00:00+00:00,120.85,124.03,117.48045,45.465576,4.6049995,0.567398119122257,-6548.730158730337,28674.22984547899,5000.0,17125.49968674865,0,,17866.658
2022-11-22 00:00:00+00:00,124.49,125.36,117.49935,44.897327,4.6542854,0.567398119122257,-6549.722222222401,28981.71029960086,5000.0,17431.98807737846,0,,18058.248
2022-11-23 00:00:00+00:00,125.33,124.84,117.5264,48.868504,4.536428,0.567398119122257,-6550.7142857144645,28861.49225121428,5000.0,17310.777965499816,0,,17983.342
2022-11-25 00:00:00+00:00,125.25,125.85,117.53765,49.9063,4.5528564,0.567398119122257,-6551.706349206528,29094.992600093756,5000.0,17543.286250887228,0,,18128.834
2022-11-28 00:00:00+00:00,127.0,124.67,117.5604,45.86567,4.3149996,0.567398119122257,-6552.698412698592,28822.191320015885,5000.0,17269.492907317293,0,,17958.854
2022-11-29 00:00:00+00:00,124.44,123.25,117.57825,45.55816,4.1821427,0.567398119122257,-6553.690476190655,28493.905685145608,5000.0,16940.215208954953,0,,17754.3
2022-11-30 00:00:00+00:00,123.28,126.84,117.59305,45.772984,4.0521426,0.567398119122257,-6554.682539682719,29323.86810668374,5000.0,17769.185567001023,0,,18271.443
2022-12-01 00:00:00+00:00,127.29,126.82,117.62435,55.815456,4.0878563,0.567398119122257,-6555.6746031747825,29319.245073211314,5000.0,17763.57047003653,0,,18268.562
2022-12-02 00:00:00+00:00,127.08,128.33,117.6494,60.28071,3.609999,0.567398119122257,-6556.666666666846,29668.33829558055,5000.0,18111.671628913704,0,,18486.078
2022-12-05 00:00:00+00:00,128.36,127.24,117.68495,77.39133,3.2849987,0.567398119122257,-6557.65873015891,29416.341924800272,5000.0,17858.683194641362,0,,18329.062
2022-12-06 00:00:00+00:00,127.62,128.39,117.729,69.84346,3.109284,0.567398119122257,-6558.650793650973,29682.20949135155,5000.0,18123.558697700577,0,,18494.72
2022-12-07 00:00:00+00:00,129.0,128.5,117.7769,65.270424,2.9642842,0.567398119122257,-6559.642857143037,29707.63993697666,5000.0,18147.99707983362,0,,18510.566
2022-12-08 00:00:00+00:00,129.42,126.82,117.83705,65.88859,2.9564269,0.567398119122257,-6560.634920635101,29319.244593295312,5000.0,17758.60967266021,0,,18268.56
2022-12-09 00:00:00+00:00,127.61,124.39,117.89845,58.04449,2.892855,0.567398119122257,-6561.626984127164,28757.457212113473,5000.0,17195.83022798631,0,,17918.516
2022-12-12 00:00:00+00:00,124.65,125.69,117.93405,57.361954,2.9135687,0.567398119122257,-6562.619047619228,29058.00365245089,5000.0,17495.384604831663,0,,18105.785
2022-12-13 00:00:00+00:00,128.37,122.97,117.9753,54.525635,2.8207114,0.567398119122257,-6563.611111111291,28429.17278622803,5000.0,16865.56167511674,0,,17713.965
2022-12-14 00:00:00+00:00,123.03,121.68,118.0037,43.943237,3.1342828,0.567398119122257,-6564.603174603355,28130.940589586862,5000.0,16566.337414983507,0,,17528.139
2022-12-15 00:00:00+00:00,121.22,124.14,118.0261,42.292694,3.118569,0.567398119122257,-6565.595238095419,28699.662179208073,5000.0,17134.066941112655,0,,17882.504
2022-12-16 00:00:00+00:00,124.36,124.02,118.0536,46.104786,3.2557123,0.567398119122257,-6566.587301587482,28671.919130467304,5000.0,17105.331828879822,0,,17865.219
2022-12-19 00:00:00+00:00,124.72,123.26,118.087,48.44423,3.2771404,0.567398119122257,-6567.579365079546,28496.217233458738,5000.0,16928.63786837919,0,,17755.74
2022-12-20 00:00:00+00:00,123.76,123.18,118.1007,50.02472,3.3478546,0.567398119122257,-6568.571428571609,28477.722191763194,5000.0,16909.150763191585,0,,17744.215
2022-12-21 00:00:00+00:00,123.19,126.19,118.1345,39.055042,3.2378552,0.567398119122257,-6569.563492063673,29173.59693645409,5000.0,17604.033444390418,0,,18177.809
2022-12-22 00:00:00+00:00,124.89,124.26,118.197,48.401836,3.3414268,0.567398119122257,-6570.555555555737,28727.405062122656,5000.0,17156.84950656692,0,,17899.79
2022-12-23 00:00:00+00:00,125.76,126.18,118.2429,39.890717,3.399999,0.567398119122257,-6571.5476190478,29171.2845871323,5000.0,17599.7369680845,0,,18176.367
2022-12-27 00:00:00+00:00,127.17,126.37,118.3032,47.471382,3.3542845,0.567398119122257,-6572.539682539864,29215.21221694939,5000.0,17642.672534409525,0,,18203.738
2022-12-28 00:00:00+00:00,124.86,126.12,118.36505,44.950012,3.3214276,0.567398119122257,-6573.5317460319275,29157.414659315706,5000.0,17583.882913283778,0,,18167.725
2022-12-29 00:00:00+00:00,127.59,127.18,118.42705,44.09137,3.2314274,0.567398119122257,-6574.523809523991,29402.474908065007,5000.0,17827.951098541016,0,,18320.42
2022-12-30 00:00:00+00:00,127.19,125.47,118.4913,50.922134,3.1221423,0.567398119122257,-6575.515873016055,29007.14403285833,5000.0,17431.628159842276,0,,18074.094
2023-01-03 00:00:00+00:00,126.43,126.33,118.5425,52.872345,3.0464282,0.567398119122257,-6576.507936508118,29205.96411843835,5000.0,17629.456181930233,0,,18197.977
2023-01-04 00:00:00+00:00,127.79,124.47,118.58595,51.742916,3.0057144,0.567398119122257,-6577.500000000182,28775.954178848595,5000.0,17198.454178848413,0,,17930.041
2023-01-05 00:00:00+00:00,123.61,123.77,118.6243,54.285713,2.894286,0.567398119122257,-6578.4920634922455,28614.1217505937,5000.0,17035.629687101453,0,,17829.205
2023-01-06 00:00:00+00:00,124.14,123.49,118.66305,56.179764,2.9128575,0.567398119122257,-6579.484126984309,28549.389891808423,5000.0,16969.905764824114,0,,17788.871
2023-01-09 00:00:00+00:00,123.3,122.18,118.6832,47.793613,2.8678572,0.567398119122257,-6580.476190476373,28246.534062450643,5000.0,16666.05787197427,0,,17600.164
2023-01-10 00:00:00+00:00,122.41,122.49,118.71765,44.221115,2.9107144,0.567398119122257,-6581.468253968436,28318.202595654864,5000.0,16736.734341686428,0,,17644.82
2023-01-11 00:00:00+00:00,122.86,123.43,118.7616,47.5113,2.8364284,0.567398119122257,-6582.4603174605,28535.519257977776,5000.0,16953.058940517276,0,,17780.229
2023-01-12 00:00:00+00:00,122.6,123.77,118.8051,50.76546,2.792857,0.567398119122257,-6583.4523809525635,28614.12231625563,5000.0,17030.669935303067,0,,17829.205
2023-01-13 00:00:00+00:00,124.01,124.49,118.85925,41.142,2.6342854,0.567398119122257,-6584.444444444627,28780.57908177751,5000.0,17196.13463733288,0,,17932.924
2023-01-17 00:00:00+00:00,124.71,123.62,118.9078,50.92368,2.5499997,0.567398119122257,-6585.436507936691,28579.446989563807,5000.0,16994.010481627116,0,,17807.6
2023-01-18 00:00:00+00:00,125.03,122.58,118.95245,38.771935,2.6085713,0.567398119122257,-6586.428571428754,28339.011028952584,5000.0,16752.58245752383,0,,17657.787
2023-01-19 00:00:00+00:00,122.89,122.29,118.99325,34.530598,2.667857,0.567398119122257,-6587.420634920818,28271.965815625106,5000.0,16684.54518070429,0,,17616.012
2023-01-20 00:00:00+00:00,123.21,122.3,119.02045,34.41821,2.656428,0.567398119122257,-6588.412698412882,28274.27782836304,5000.0,16685.865129950158,0,,17617.451
2023-01-23 00:00:00+00:00,121.82,123.03,119.06735,28.291822,2.6135712,0.567398119122257,-6589.404761904945,28443.044966503712,5000.0,16853.640204598767,0,,17722.607
2023-01-24 00:00:00+00:00,123.97,121.57,119.1166,38.109142,2.5085716,0.567398119122257,-6590.396825397009,28105.5100333747,5000.0,16515.11320797769,0,,17512.293
2023-01-25 00:00:00+00:00,122.1,122.39,119.14985,28.08469,2.6164284,0.567398119122257,-6591.388888889072,28295.084509701213,5000.0,16703.69562081214,0,,17630.414
2023-01-26 00:00:00+00:00,122.15,123.33,119.1721,39.40935,2.4628563,0.567398119122257,-6592.380952381136,28512.402532523476,5000.0,16920.02158014234,0,,17765.824
2023-01-27 00:00:00+00:00,122.7,122.1,119.207,47.813145,2.414285,0.567398119122257,-6593.3730158732,28228.040142401544,5000.0,16634.667126528344,0,,17588.64
2023-01-30 00:00:00+00:00,122.6,122.65,119.23375,43.687557,2.2778566,0.567398119122257,-6594.365079365263,28355.195083109338,5000.0,16760.830003744075,0,,17667.87
2023-01-31 00:00:00+00:00,123.44,122.88,119.2582,52.29269,2.1478572,0.567398119122257,-6595.357142857327,28408.365670965788,5000.0,16813.00852810846,0,,17701.0
2023-02-01 00:00:00+00:00,121.96,123.05,119.27485,51.9174,2.1157146,0.567398119122257,-6596.34920634939,28447.669866843964,5000.0,16851.320660494574,0,,17725.49
2023-02-02 00:00:00+00:00,123.5,120.82,119.30345,47.978737,2.1457143,0.567398119122257,-6597.341269841454,27932.120351635716,5000.0,16334.779081794262,0,,17404.256
2023-02-03 00:00:00+00:00,116.11,124.26,119.32585,36.935364,2.2078574,0.567398119122257,-6598.333333333518,28727.408853497454,5000.0,17129.075520163937,0,,17899.793
2023-02-06 00:00:00+00:00,124.38,126.25,119.35825,49.179173,2.6707141,0.567398119122257,-6599.325396825581,29187.47297381355,5000.0,17588.14757698797,0,,18186.455
2023-02-07 00:00:00+00:00,125.66,127.39,119.39845,58.691326,2.8899999,0.567398119122257,-6600.317460317645,29451.02844277186,5000.0,17850.710982454217,0,,18350.674
2023-02-08 00:00:00+00:00,126.23,126.88,119.4604,65.79118,2.8157141,0.567398119122257,-6601.3095238097085,29333.122276014776,5000.0,17731.812752205067,0,,18277.207
2023-02-09 00:00:00+00:00,128.12,125.64,119.52425,64.85435,2.791428,0.567398119122257,-6602.301587301772,29046.449203386725,5000.0,17444.147616084952,0,,18098.584
2023-02-10 00:00:00+00:00,125.06,126.2,119.5761,60.011974,2.8792856,0.567398119122257,-6603.293650793836,29175.912600563635,5000.0,17572.6189497698,0,,18179.252
2023-02-13 00:00:00+00:00,126.51,128.58,119.6493,59.60023,2.9099998,0.567398119122257,-6604.285714285899,29726.141977037274,5000.0,18121.856262751375,0,,18522.096
2023-02-14 00:00:00+00:00,127.11,126.55,119.7149,70.10899,2.8500001,0.567398119122257,-6605.277777777963,29256.83040697048,5000.0,17651.552629192516,0,,18229.672
2023-02-15 00:00:00+00:00,125.17,128.54,119.7713,61.1588,2.8542862,0.567398119122257,-6606.2698412700265,29716.89106292001,5000.0,18110.621221649984,0,,18516.332
2023-02-16 00:00:00+00:00,127.53,126.73,119.8491,63.23004,2.9657152,0.567398119122257,-6607.26190476209,29298.443939244287,5000.0,17691.182034482197,0,,18255.602
2023-02-17 00:00:00+00:00,125.96,129.09,119.92295,61.420837,2.9742856,0.567398119122257,-6608.253968254154,29844.044248798044,5000.0,18235.79028054389,0,,18595.56
2023-02-21 00:00:00+00:00,129.0,128.46,120.00665,64.583336,3.1399999,0.567398119122257,-6609.246031746217,29698.39786676667,5000.0,18089.151835020453,0,,18504.809
2023-02-22 00:00:00+00:00,129.18,128.27,120.07545,62.411068,3.1399999,0.567398119122257,-6610.238095238281,29654.47128543972,5000.0,18044.233190201438,0,,18477.44
2023-02-23 00:00:00+00:00,132.01,128.73,120.16035,61.600018,3.2250001,0.567398119122257,-6611.230158730345,29760.817351399633,5000.0,18149.58719266929,0,,18543.703
2023-02-24 00:00:00+00:00,129.39,129.69,120.24775,69.07866,3.3435712,0.567398119122257,-6612.222222222408,29982.758490128355,5000.0,18370.536267905947,0,,18681.992
2023-02-27 00:00:00+00:00,129.64,127.58,120.36025,64.87675,2.830714,0.567398119122257,-6613.214285714472,29494.952063129476,5000.0,17881.737777415005,0,,18378.045
2023-02-28 00:00:00+00:00,127.03,126.17,120.45695,53.620045,2.6371434,0.567398119122257,-6614.206349206535,29168.97700197836,5000.0,17554.770652771826,0,,18174.932
2023-03-01 00:00:00+00:00,126.48,126.71,120.5452,46.72746,2.6400006,0.567398119122257,-6615.198412698599,29293.819381226745,5000.0,17678.620968528146,0,,18252.719
2023-03-02 00:00:00+00:00,126.76,126.18,120.64345,49.544727,2.63143,0.567398119122257,-6616.190476190663,29171.290483996265,5000.0,17555.100007805602,0,,18176.373
2023-03-03 00:00:00+00:00,126.39,126.41,120.72745,51.503345,2.5164294,0.567398119122257,-6617.182539682726,29224.464765449255,5000.0,17607.28222576653,0,,18209.506
2023-03-06 00:00:00+00:00,127.04,125.32,120.8131,50.595596,2.506429,0.567398119122257,-6618.17460317479,28972.46905771333,5000.0,17354.29445453854,0,,18052.488
2023-03-07 00:00:00+00:00,124.97,123.49,120.8974,40.024456,2.4842856,0.567398119122257,-6619.166666666853,28549.393909882645,5000.0,16930.22724321579,0,,17788.873
2023-03-08 00:00:00+00:00,122.91,123.23,120.99065,40.520416,2.4878573,0.567398119122257,-6620.158730158917,28489.285591489486,5000.0,16869.12686133057,0,,17751.42
2023-03-09 00:00:00+00:00,124.23,121.17,121.079,31.575306,2.3035715,0.567398119122257,-6621.150793650981,28013.036520947942,5000.0,16391.88572729696,0,,17454.674
2023-03-10 00:00:00+00:00,122.5,118.65,121.15015,31.036812,2.3985727,0.567398119122257,-6622.142857143044,27430.443992494314,5000.0,15808.30113535127,0,,17091.666
2023-03-13 00:00:00+00:00,118.17,122.26,121.2052,14.777345,2.4157155,0.567398119122257,-6623.134920635108,28265.033567994844,5000.0,16641.898647359736,0,,17611.691
2023-03-14 00:00:00+00:00,124.67,124.61,121.28175,32.584267,2.7721438,0.567398119122257,-6624.126984127171,28808.32442298574,5000.0,17184.19743885857,0,,17950.21
2023-03-15 00:00:00+00:00,122.59,122.25,121.3662,40.831657,2.7192862,0.567398119122257,-6625.119047619235,28262.721323891015,5000.0,16637.60227627178,0,,17610.25
2023-03-16 00:00:00+00:00,120.28,123.98,121.43045,35.17843,2.653572,0.567398119122257,-6626.111111111299,28662.676554646714,5000.0,17036.565443535415,0,,17859.459
2023-03-17 00:00:00+00:00,123.99,125.55,121.4911,37.384014,2.910001,0.567398119122257,-6627.103174603362,29025.642472835643,5000.0,17398.53929823228,0,,18085.62
2023-03-20 00:00:00+00:00,126.55,125.65,121.5573,45.405167,2.9042866,0.567398119122257,-6628.095238095426,29048.759576097713,5000.0,17420.664338002287,0,,18100.023
2023-03-21 00:00:00+00:00,126.2,128.38,121.62345,48.748806,2.9028583,0.567398119122257,-6629.0873015874895,29679.904447849924,5000.0,18050.817146262434,0,,18493.283
2023-03-22 00:00:00+00:00,128.78,127.06,121.68765,53.63519,3.0385725,0.567398119122257,-6630.079365079553,29374.734493736447,5000.0,17744.655128656894,0,,18303.135
2023-03-23 00:00:00+00:00,126.97,127.18,121.75295,51.851845,3.1400015,0.567398119122257,-6631.071428571617,29402.478789499684,5000.0,17771.407360928068,0,,18320.424
2023-03-24 00:00:00+00:00,126.91,129.28,121.814354,51.6279,3.1814303,0.567398119122257,-6632.06349206368,29887.973587274235,5000.0,18255.910095210555,0,,18622.932
2023-03-27 00:00:00+00:00,129.9,131.46,121.89255,58.02919,3.2135735,0.567398119122257,-6633.055555555744,30391.963452555137,5000.0,18758.907896999393,0,,18936.963
2023-03-28 00:00:00+00:00,131.77,131.77,121.9824,65.93363,3.2300022,0.567398119122257,-6634.0476190478075,30463.630102022486,5000.0,18829.582482974678,0,,18981.617
2023-03-29 00:00:00+00:00,131.78,132.69,122.07315,67.03909,3.3171442,0.567398119122257,-6635.039682539871,30676.322587809787,5000.0,19041.282905269916,0,,19114.145
2023-03-30 00:00:00+00:00,132.61,132.31,122.18775,74.08026,3.2285728,0.567398119122257,-6636.031746031935,30588.469159225504,5000.0,18952.43741319357,0,,19059.404
2023-03-31 00:00:00+00:00,131.59,134.24,122.3067,81.359,3.092859,0.567398119122257,-6637.023809523998,31034.664526641485,5000.0,19397.640717117487,0,,19337.424
2023-04-03 00:00:00+00:00,133.35,134.56,122.4403,79.80096,2.8228595,0.567398119122257,-6638.015873016062,31108.642134353602,5000.0,19470.62626133754,0,,19383.52
2023-04-04 00:00:00+00:00,134.18,135.24,122.5645,77.53178,2.7457166,0.567398119122257,-6639.007936508126,31265.850285856155,5000.0,19626.84234934803,0,,19481.475
2023-04-05 00:00:00+00:00,135.0,135.62,122.69635,89.62777,2.5964322,0.567398119122257,-6640.000000000189,31353.699913736924,5000.0,19713.699913736735,0,,19536.213
2023-04-06 00:00:00+00:00,134.75,136.02,122.8287,88.69674,2.345718,0.4230769230769231,-6640.992063492253,31446.17690673334,5000.0,19805.184843241088,0,,19593.834
2023-04-10 00:00:00+00:00,134.67,133.19,122.96035,87.74326,2.3035748,0.4230769230769231,-6641.984126984316,30791.91479020608,5000.0,19149.930663221763,0,,19186.168
2023-04-11 00:00:00+00:00,133.2,133.96,123.0794,72.71081,2.3957176,0.567398119122257,-6642.97619047638,30969.93186903258,5000.0,19326.9556785562,0,,19297.09
2023-04-12 00:00:00+00:00,134.76,134.52,123.18745,69.05734,2.2171457,0.567398119122257,-6643.968253968444,31099.395851716166,5000.0,19455.427597747723,0,,19377.758
2023-04-13 00:00:00+00:00,134.92,135.17,123.28535,76.873184,2.1200027,0.567398119122257,-6644.960317460507,31249.665337673505,5000.0,19604.705020212998,0,,19471.389
2023-04-14 00:00:00+00:00,134.32,136.76,123.38855,77.72377,2.0614307,0.567398119122257,-6645.952380952571,31617.254421249105,5000.0,19971.302040296534,0,,19700.43
2023-04-17 00:00:00+00:00,135.48,137.55,123.502,76.90644,2.1428592,0.567398119122257,-6646.944444444634,31799.896036490263,5000.0,20152.95159204563,0,,19814.232
2023-04-18 00:00:00+00:00,136.51,137.2,123.62025,74.34049,2.1464298,0.567398119122257,-6647.936507936698,31718.97859692855,5000.0,20071.042088991853,0,,19763.814
2023-04-19 00:00:00+00:00,135.47,137.98,123.7403,71.63341,2.136431,0.567398119122257,-6648.928571428762,31899.30387727155,5000.0,20250.37530584279,0,,19876.174
2023-04-20 00:00:00+00:00,138.25,138.72,123.856804,71.3134,2.2150018,0.567398119122257,-6649.920634920825,32070.38324850151,5000.0,20420.462613580683,0,,19982.771
2023-04-21 00:00:00+00:00,138.9,139.51,123.9632,75.09786,2.1992874,0.567398119122257,-6650.912698412889,32253.019789456506,5000.0,20602.107091043617,0,,20096.572
2023-04-24 00:00:00+00:00,138.46,139.72,124.0721,72.65687,2.1385715,0.567398119122257,-6651.9047619049525,32301.572676169206,5000.0,20649.667914264253,0,,20126.824
2023-04-25 00:00:00+00:00,140.15,139.1,124.17475,72.39581,2.1500003,0.567398119122257,-6652.896825397016,32158.238097832564,5000.0,20505.341272435548,0,,20037.514
2023-04-26 00:00:00+00:00,138.55,137.66,124.2777,66.84118,2.1828558,0.567398119122257,-6653.88888888908,31825.327851620812,5000.0,20171.438962731732,0,,19830.078
2023-04-27 00:00:00+00:00,137.26,138.2,124.359604,58.146988,2.2378561,0.567398119122257,-6654.880952381143,31950.169093252967,5000.0,20295.288140871824,0,,19907.867
2023-04-28 00:00:00+00:00,138.27,139.7,124.45,58.609764,2.1692853,0.567398119122257,-6655.873015873207,32296.952605579634,5000.0,20641.079589706427,0,,20123.943
2023-05-01 00:00:00+00:00,139.98,138.32,124.55795,78.72901,2.0828564,0.567398119122257,-6656.8650793652705,31977.916261387003,5000.0,20321.051182021733,0,,19925.156
2023-05-02 00:00:00+00:00,138.61,138.73,124.6599,68.25798,2.1485715,0.567398119122257,-6657.857142857334,32072.69943756154,5000.0,20414.842294704205,0,,19984.215
2023-05-03 00:00:00+00:00,138.73,138.31,124.75865,67.85411,2.1785715,0.567398119122257,-6658.849206349398,31975.601292682637,5000.0,20316.75208633324,0,,19923.713
2023-05-04 00:00:00+00:00,138.11,137.07,124.8593,63.581333,2.1957147,0.567398119122257,-6659.841269841461,31688.93000483391,5000.0,20029.08873499245,0,,19745.092
2023-05-05 00:00:00+00:00,137.29,136.58,124.93535,51.382755,2.1064289,0.567398119122257,-6660.833333333525,31575.64689123688,5000.0,19914.813557903355,0,,19674.506
2023-05-08 00:00:00+00:00,136.9,136.47,125.00935,45.55452,2.3250012,0.567398119122257,-6661.8253968255885,31550.21656115146,5000.0,19888.391164325873,0,,19658.66
2023-05-09 00:00:00+00:00,136.56,136.06,125.0717,46.579205,2.3171442,0.567398119122257,-6662.817460317652,31455.42797013822,5000.0,19792.610509820566,0,,19599.598
2023-05-10 00:00:00+00:00,136.81,138.45,125.13335,40.679596,2.2257144,0.567398119122257,-6663.809523809716,32007.965437886836,5000.0,20344.15591407712,0,,19943.879
2023-05-11 00:00:00+00:00,138.45,139.04,125.20185,48.870274,2.2714288,0.567398119122257,-6664.801587301779,32144.367180401634,5000.0,20479.565593099855,0,,20028.87
2023-05-12 00:00:00+00:00,139.51,138.78,125.27165,47.99999,2.2500012,0.567398119122257,-6665.793650793843,32084.25988446031,5000.0,20418.466233666466,0,,19991.418
2023-05-15 00:00:00+00:00,139.84,139.02,125.3398,46.016926,2.3157163,0.567398119122257,-6666.785714285907,32139.745414138637,5000.0,20472.95969985273,0,,20025.99
2023-05-16 00:00:00+00:00,139.54,138.03,125.40655,49.649727,2.2842886,0.567398119122257,-6667.77777777797,31910.867856437788,5000.0,20243.090078659818,0,,19883.379
2023-05-17 00:00:00+00:00,138.14,136.57,125.4798,51.6864,2.2157168,0.567398119122257,-6668.769841270034,31573.336362054706,5000.0,19904.566520784672,0,,19673.066
2023-05-18 00:00:00+00:00,138.19,137.25,125.58,43.145527,2.2828586,0.567398119122257,-6669.761904762097,31730.544222187196,5000.0,20060.7823174251,0,,19771.02
2023-05-19 00:00:00+00:00,137.04,138.97,125.67805,38.934032,2.2785733,0.567398119122257,-6670.753968254161,32128.18748568901,5000.0,20457.43351743485,0,,20018.787
2023-05-22 00:00:00+00:00,138.42,139.28,125.78365,52.84836,2.2814298,0.567398119122257,-6671.746031746225,32199.85404159819,5000.0,20528.108009851967,0,,20063.443
2023-05-23 00:00:00+00:00,138.29,135.55,125.8846,52.431496,2.2721448,0.567398119122257,-6672.738095238288,31337.524378532984,5000.0,19664.786283294696,0,,19526.133
2023-05-24 00:00:00+00:00,134.36,135.53,125.95995,40.560883,2.4185736,0.567398119122257,-6673.730158730352,31332.899552199386,5000.0,19659.169393469034,0,,19523.252
2023-05-25 00:00:00+00:00,135.06,133.85,126.04355,44.253696,2.3992877,0.567398119122257,-6674.722222222415,30944.5050898361,5000.0,19269.782867613685,0,,19281.246
2023-05-26 00:00:00+00:00,133.47,133.77,126.11905,40.64428,2.154287,0.567398119122257,-6675.714285714479,30926.00908328526,5000.0,19250.29479757078,0,,19269.72
2023-05-30 00:00:00+00:00,132.27,132.31,126.1956,40.72802,2.1092868,0.567398119122257,-6676.706349206543,30588.472547112717,5000.0,18911.766197906174,0,,19059.406
2023-05-31 00:00:00+00:00,131.36,132.42,126.26965,37.988457,2.1678598,0.567398119122257,-6677.698412698606,30613.902750496112,5000.0,18936.204337797506,0,,19075.25
2023-06-01 00:00:00+00:00,133.0,133.6,126.33355,27.381826,2.1228595,0.567398119122257,-6678.69047619067,30886.707303814743,5000.0,19208.016827624073,0,,19245.232
2023-06-02 00:00:00+00:00,133.98,135.18,126.4048,30.459814,2.1342883,0.567398119122257,-6679.6825396827335,31251.982053187017,5000.0,19572.299513504284,0,,19472.832
2023-06-05 00:00:00+00:00,133.98,135.06,126.4811,38.18895,2.1507154,0.567398119122257,-6680.674603174797,31224.23991952681,5000.0,19543.565316352015,0,,19455.547
2023-06-06 00:00:00+00:00,135.5,131.72,126.5386,36.904724,2.165001,0.567398119122257,-6681.666666666861,30452.072937492845,5000.0,18770.406270825984,0,,18974.416
2023-06-07 00:00:00+00:00,131.25,133.03,126.5656,31.940447,2.37643,0.567398119122257,-6682.658730158924,30754.92712843325,5000.0,19072.268398274326,0,,19163.123
2023-06-08 00:00:00+00:00,134.2,135.64,126.61185,39.780563,2.4078586,0.567398119122257,-6683.650793650988,31358.326007213218,5000.0,19674.67521356223,0,,19539.096
2023-06-09 00:00:00+00:00,135.53,138.43,126.6729,45.818176,2.4592874,0.567398119122257,-6684.6428571430515,32003.338114018137,5000.0,20318.695256875086,0,,19940.996
2023-06-12 00:00:00+00:00,138.9,135.47,126.75525,48.671238,2.5657153,0.567398119122257,-6685.634920635115,31319.02448802543,5000.0,19633.389567390313,0,,19514.605
2023-06-13 00:00:00+00:00,136.38,135.77,126.82015,41.70657,2.7557144,0.567398119122257,-6686.626984127179,31388.382064147005,5000.0,19701.755080019826,0,,19557.822
2023-06-14 00:00:00+00:00,135.05,138.81,126.88255,50.56295,2.6128573,0.567398119122257,-6687.619047619242,32091.190639534307,5000.0,20403.571591915064,0,,19995.736
2023-06-15 00:00:00+00:00,138.11,138.08,126.97485,57.269512,2.7235718,0.567398119122257,-6688.611111111306,31922.42379279902,5000.0,20233.812681687716,0,,19890.578
2023-06-16 00:00:00+00:00,139.25,137.36,127.0636,59.78714,2.7014291,0.567398119122257,-6689.60317460337,31755.967725197253,5000.0,20066.364550593884,0,,19786.861
2023-06-20 00:00:00+00:00,137.4,136.88,127.1615,58.067417,2.836429,0.567398119122257,-6690.595238095433,31644.998353412022,5000.0,19954.40311531659,0,,19717.719
2023-06-21 00:00:00+00:00,137.69,136.51,127.25605,60.74287,2.8157141,0.567398119122257,-6691.587301587497,31559.45591506445,5000.0,19867.868613476952,0,,19664.418
2023-06-22 00:00:00+00:00,137.43,137.41,127.33245,59.49838,2.7642856,0.567398119122257,-6692.57936507956,31767.527059745255,5000.0,20074.947694665694,0,,19794.064
2023-06-23 00:00:00+00:00,136.2,135.33,127.42045,58.964714,2.7571423,0.567398119122257,-6693.571428571624,31286.65578932155,5000.0,19593.084360749926,0,,19494.438
2023-06-26 00:00:00+00:00,134.88,133.75,127.48965,50.34485,2.720714,0.567398119122257,-6694.563492063688,30921.378482523753,5000.0,19226.814990460065,0,,19266.836
2023-06-27 00:00:00+00:00,133.02,134.09,127.53995,47.177944,2.7407138,0.567398119122257,-6695.555555555751,30999.981210742942,5000.0,19304.42565518719,0,,19315.814
2023-06-28 00:00:00+00:00,133.15,134.52,127.58985,55.863426,2.5349994,0.567398119122257,-6696.547619047815,31099.393472533004,5000.0,19402.84585348519,0,,19377.756
2023-06-29 00:00:00+00:00,135.35,135.76,127.6426,53.854126,2.4771423,0.567398119122257,-6697.539682539878,31386.06327523014,5000.0,19688.52359269026,0,,19556.377
2023-06-30 00:00:00+00:00,137.14,138.01,127.70275,50.33406,2.4171414,0.567398119122257,-6698.531746031942,31906.23422838058,5000.0,20207.70248234864,0,,19880.49
2023-07-03 00:00:00+00:00,138.7,137.4,127.78815,48.794495,2.3507135,0.567398119122257,-6699.523809524006,31765.209233577774,5000.0,20065.68542405377,0,,19792.62
2023-07-05 00:00:00+00:00,138.27,138.07,127.86805,56.403423,2.1499994,0.567398119122257,-6700.515873016069,31920.108312055243,5000.0,20219.592439039174,0,,19889.135
2023-07-06 00:00:00+00:00,138.27,136.9,127.9627,57.44819,2.1735709,0.567398119122257,-6701.507936508133,31649.615655893864,5000.0,19948.10771938573,0,,19720.594
2023-07-07 00:00:00+00:00,136.15,135.84,128.04445,42.96242,2.0899997,0.567398119122257,-6702.500000000196,31404.55642364918,5000.0,19702.056423648984,0,,19567.9
2023-07-10 00:00:00+00:00,135.02,136.0,128.12045,41.942448,2.1135712,0.567398119122257,-6703.49206349226,31441.548070180055,5000.0,19738.056006687795,0,,19590.95
2023-07-11 00:00:00+00:00,136.63,137.6,128.20325,44.90256,2.0107138,0.567398119122257,-6704.484126984324,31811.4504877261,5000.0,20106.966360741775,0,,19821.432
2023-07-12 00:00:00+00:00,138.8,136.46,128.3009,52.48962,2.0557141,0.567398119122257,-6705.476190476387,31547.89685740731,5000.0,19842.420666930924,0,,19657.213
2023-07-13 00:00:00+00:00,137.0,140.48,128.3951,49.83589,2.174286,0.567398119122257,-6706.468253968451,32477.27010017886,5000.0,20770.80184621041,0,,20236.299
2023-07-14 00:00:00+00:00,140.07,141.63,128.51685,58.36509,2.3599994,0.567398119122257,-6707.4603174605145,32743.140086274227,5000.0,21035.679768813712,0,,20401.959
2023-07-17 00:00:00+00:00,141.63,141.03,128.64294,68.08264,2.4335709,0.567398119122257,-6708.452380952578,32604.425091797668,5000.0,20895.97271084509,0,,20315.527
2023-07-18 00:00:00+00:00,140.64,140.19,128.76324,72.14107,2.3857138,0.567398119122257,-6709.444444444642,32410.227497240074,5000.0,20700.783052795432,0,,20194.525
2023-07-19 00:00:00+00:00,141.38,140.19,128.8724,68.00471,2.3892856,0.567398119122257,-6710.436507936705,32410.227497240074,5000.0,20699.79098930337,0,,20194.525
2023-07-20 00:00:00+00:00,139.64,142.22,128.9847,67.17138,2.4478564,0.567398119122257,-6711.428571428769,32879.53901282046,5000.0,21168.11044139169,0,,20486.95
2023-07-21 00:00:00+00:00,142.63,143.49,129.10895,68.6705,2.527857,0.567398119122257,-6712.4206349208325,33173.148320575856,5000.0,21460.727685655023,0,,20669.895
2023-07-24 00:00:00+00:00,142.57,142.31,129.23575,66.78921,2.4749997,0.567398119122257,-6713.412698412896,32900.34386518887,5000.0,21186.931166775976,0,,20499.912
2023-07-25 00:00:00+00:00,141.47,142.98,129.34746,64.5352,2.4721417,0.567398119122257,-6714.40476190496,33055.24038444591,5000.0,21340.83562254095,0,,20596.426
2023-07-26 00:00:00+00:00,141.92,143.72,129.4635,64.53517,2.4285703,0.567398119122257,-6715.396825397023,33226.32077305522,5000.0,21510.923947658193,0,,20703.025
2023-07-27 00:00:00+00:00,143.5,141.6,129.5737,70.71688,2.3749988,0.5989007190998971,-6716.388888889087,32736.202708258596,5000.0,21019.81381936951,0,,20397.637
2023-07-28 00:00:00+00:00,142.75,140.36,129.687,66.43836,2.4128559,0.567398119122257,-6717.380952381151,32449.528035780317,5000.0,20732.147083399166,0,,20219.012
2023-07-31 00:00:00+00:00,139.87,139.68,129.79526,61.720417,2.4549985,0.567398119122257,-6718.373015873214,32292.318991784206,5000.0,20573.945975910992,0,,20121.055
2023-08-01 00:00:00+00:00,140.39,139.85,129.90335,55.88231,2.3549979,0.567398119122257,-6719.365079365278,32331.622840158827,5000.0,20612.25776079355,0,,20145.545
2023-08-02 00:00:00+00:00,139.58,139.81,130.0119,60.1436,2.2607129,0.567398119122257,-6720.357142857341,32322.37268866571,5000.0,20602.01554580837,0,,20139.783
2023-08-03 00:00:00+00:00,139.32,140.01,130.1106,47.36844,2.152142,0.567398119122257,-6721.349206349405,32368.610213683445,5000.0,20647.26100733404,0,,20168.594
2023-08-04 00:00:00+00:00,139.02,145.57,130.2301,43.12392,2.1878564,0.567398119122257,-6722.341269841469,33654.01933965921,5000.0,21931.67806981774,0,,20969.52
2023-08-07 00:00:00+00:00,144.67,146.29,130.3572,63.560318,2.702142,0.567398119122257,-6723.333333333532,33820.47189798622,5000.0,22097.13856465269,0,,21073.234
2023-08-08 00:00:00+00:00,144.95,145.96,130.4787,68.35131,2.804999,0.567398119122257,-6724.325396825596,33744.18379759415,5000.0,22019.858400768557,0,,21025.701
2023-08-09 00:00:00+00:00,147.0,146.18,130.60976,67.02064,2.790001,0.567398119122257,-6725.317460317659,33795.04178449174,5000.0,22069.72432417408,0,,21057.389
2023-08-10 00:00:00+00:00,147.34,148.36,130.74574,63.0779,2.7564294,0.567398119122257,-6726.309523809723,34299.03404665033,5000.0,22572.72452284061,0,,21371.422
2023-08-11 00:00:00+00:00,147.31,150.25,130.8882,65.17131,2.8035724,0.567398119122257,-6727.301587301787,34735.97975604518,5000.0,23008.67816874339,0,,21643.68
2023-08-14 00:00:00+00:00,150.86,148.53,131.029,73.68735,2.9478586,0.567398119122257,-6728.29365079385,34338.33585994428,5000.0,22610.04220915043,0,,21395.91
2023-08-15 00:00:00+00:00,148.6,149.34,131.1496,65.58113,3.018572,0.567398119122257,-6729.285714285914,34525.598854064985,5000.0,22796.31313977907,0,,21512.592
2023-08-16 00:00:00+00:00,148.82,149.99,131.2765,65.715866,2.9928577,0.567398119122257,-6730.2777777779775,34675.87392537117,5000.0,22945.59614759319,0,,21606.227
2023-08-17 00:00:00+00:00,148.42,149.78,131.40671,75.56365,2.8978565,0.567398119122257,-6731.269841270041,34627.32377983409,5000.0,22896.05393856405,0,,21575.975
2023-08-18 00:00:00+00:00,150.49,150.12,131.52835,80.62414,2.9214282,0.567398119122257,-6732.261904762105,34705.92722624804,5000.0,22973.665321485933,0,,21624.951
2023-08-21 00:00:00+00:00,151.02,150.59,131.65645,84.707436,2.922857,0.567398119122257,-6733.253968254168,34814.58432009996,5000.0,23081.33035184579,0,,21692.654
2023-08-22 00:00:00+00:00,150.19,149.79,131.7726,85.00649,2.892857,0.567398119122257,-6734.246031746232,34629.63383300592,5000.0,22895.38780125969,0,,21577.412
2023-08-23 00:00:00+00:00,149.54,150.12,131.89105,80.99379,2.8142853,0.567398119122257,-6735.2380952382955,34705.92661756181,5000.0,22970.688522323515,0,,21624.951
2023-08-24 00:00:00+00:00,150.57,148.87,132.01715,81.146034,2.7442856,0.567398119122257,-6736.230158730359,34416.94252528928,5000.0,22680.712366558924,0,,21444.889
2023-08-25 00:00:00+00:00,148.43,151.23,132.12,63.84225,2.3421423,0.567398119122257,-6737.222222222423,34962.547739866066,5000.0,23225.325517643643,0,,21784.85
2023-08-28 00:00:00+00:00,150.62,151.68,132.23955,68.215355,2.3899994,0.567398119122257,-6738.214285714486,35066.581705231336,5000.0,23328.36741951685,0,,21849.672
2023-08-29 00:00:00+00:00,151.71,150.27,132.36916,70.90637,2.2978559,0.567398119122257,-6739.20634920655,34740.609031959175,5000.0,23001.402682752625,0,,21646.562
2023-08-30 00:00:00+00:00,149.36,149.89,132.5042,63.752552,2.2614276,0.567398119122257,-6740.1984126986135,34652.75744330526,5000.0,22912.559030606644,0,,21591.822
2023-08-31 00:00:00+00:00,149.56,149.71,132.64885,55.853092,2.1935697,0.567398119122257,-6741.190476190677,34611.144513948544,5000.0,22869.954037757867,0,,21565.895
2023-09-01 00:00:00+00:00,149.08,150.36,132.8219,47.62327,2.0528553,0.567398119122257,-6742.182539682741,34761.41646542637,5000.0,23019.233925743632,0,,21659.53
2023-09-05 00:00:00+00:00,149.26,149.0,132.9806,58.892143,1.9964273,0.567398119122257,-6743.174603174804,34447.00135703103,5000.0,22703.82675385623,0,,21463.621
2023-09-06 00:00:00+00:00,148.61,149.98,133.11246,48.43175,2.0021405,0.567398119122257,-6744.166666666868,34673.56390541468,5000.0,22929.397238747813,0,,21604.791
2023-09-07 00:00:00+00:00,150.9,153.56,133.2498,49.955193,2.0928562,0.567398119122257,-6745.158730158932,35501.21744085235,5000.0,23756.058710693418,0,,22120.494
2023-09-08 00:00:00+00:00,154.4,153.06,133.39905,62.99864,2.1707141,0.567398119122257,-6746.150793650995,35385.62254677941,5000.0,23639.47175312841,0,,22048.469
2023-09-11 00:00:00+00:00,152.84,154.62,133.5568,60.00002,2.1942859,0.567398119122257,-6747.142857143059,35746.274107906356,5000.0,23999.131250763297,0,,22273.188
2023-09-12 00:00:00+00:00,154.33,153.16,133.70975,62.761253,2.2478561,0.567398119122257,-6748.134920635122,35408.741751428,5000.0,23660.60683079288,0,,22062.873
2023-09-13 00:00:00+00:00,152.34,151.62,133.84875,60.243214,2.2814276,0.567398119122257,-6749.126984127186,35052.71087763621,5000.0,23303.58389350902,0,,21841.035
2023-09-14 00:00:00+00:00,150.95,150.64,133.98265,54.24689,2.2428567,0.567398119122257,-6750.11904761925,34826.14671063908,5000.0,23076.027663019828,0,,21699.865
2023-09-15 00:00:00+00:00,149.75,149.26,134.1066,55.089153,2.1949997,0.567398119122257,-6751.111111111313,34507.106613718846,5000.0,22755.995502607533,0,,21501.074
2023-09-18 00:00:00+00:00,150.87,151.7,134.22955,43.997547,2.1321423,0.567398119122257,-6752.103174603377,35071.20426103362,5000.0,23319.101086430244,0,,21852.559
2023-09-19 00:00:00+00:00,151.7,155.87,134.3718,50.05436,2.2271423,0.567398119122257,-6753.09523809544,36035.25800994545,5000.0,24282.16277185001,0,,22453.25
2023-09-20 00:00:00+00:00,155.9,155.13,134.51695,63.2325,2.585714,0.567398119122257,-6754.087301587504,35864.180263763235,5000.0,24110.09296217573,0,,22346.654
2023-09-21 00:00:00+00:00,155.13,155.32,134.6585,62.174747,2.6307156,0.567398119122257,-6755.079365079568,35908.10514236406,5000.0,24153.025777284493,0,,22374.021
2023-09-22 00:00:00+00:00,155.39,157.1,134.79346,63.028343,2.6185727,0.567398119122257,-6756.071428571631,36319.618672125034,5000.0,24563.547243553403,0,,22630.432
2023-09-25 00:00:00+00:00,156.21,155.37,134.94275,64.87204,2.6528583,0.567398119122257,-6757.063492063695,35919.66205783747,5000.0,24162.598565773776,0,,22381.223
2023-09-26 00:00:00+00:00,155.09,155.93,135.07765,63.829777,2.7085736,0.567398119122257,-6758.0555555557585,36049.127039669824,5000.0,24291.071484114065,0,,22461.89
2023-09-27 00:00:00+00:00,155.64,154.77,135.2148,63.157887,2.6692874,0.4230769230769231,-6759.047619047822,35780.952662731055,5000.0,24021.905043683233,0,,22294.793
2023-09-28 00:00:00+00:00,155.34,156.4,135.35455,52.99655,2.4907162,0.567398119122257,-6760.039682539886,36157.78563000544,5000.0,24397.745947465555,0,,22529.596
2023-09-29 00:00:00+00:00,155.82,156.21,135.5146,57.83302,2.5000012,0.567398119122257,-6761.031746031949,36113.86322529065,5000.0,24352.831479258697,0,,22502.227
2023-10-02 00:00:00+00:00,155.41,156.8,135.6672,53.984997,2.5442874,0.4230769230769231,-6762.023809524013,36250.26196135829,5000.0,24488.238151834274,0,,22587.217
2023-10-03 00:00:00+00:00,155.21,157.24,135.83635,59.538795,2.5850024,0.567398119122257,-6763.0158730160765,36351.98696347668,5000.0,24588.971090460604,0,,22650.6
2023-10-04 00:00:00+00:00,156.93,159.96,136.01414,65.62853,2.6014307,0.567398119122257,-6764.00793650814,36980.82035612896,5000.0,25216.812419620823,0,,23042.42
2023-10-05 00:00:00+00:00,160.79,160.21,136.19325,73.63088,2.676431,0.567398119122257,-6765.000000000204,37038.61523161591,5000.0,25273.61523161571,0,,23078.43
2023-10-06 00:00:00+00:00,159.45,161.65,136.3742,79.45141,2.616431,0.567398119122257,-6765.992063492267,37371.52356530291,5000.0,25605.53150181064,0,,23285.861
2023-10-09 00:00:00+00:00,160.27,162.87,136.56615,78.28319,2.60786,0.567398119122257,-6766.984126984331,37653.57169020269,5000.0,25886.58756321836,0,,23461.602
2023-10-10 00:00:00+00:00,162.75,161.55,136.7646,73.90718,2.4107165,0.567398119122257,-6767.976190476395,37348.4059553239,5000.0,25580.429764847504,0,,23271.455
2023-10-11 00:00:00+00:00,161.11,161.58,136.9414,71.09073,2.452858,0.567398119122257,-6768.968253968458,37355.34260279609,5000.0,25586.37434882763,0,,23275.777
2023-10-12 00:00:00+00:00,160.61,160.85,137.128,70.783585,2.538573,0.567398119122257,-6769.960317460522,37186.57664643812,5000.0,25416.6163289776,0,,23170.621
2023-10-13 00:00:00+00:00,160.21,162.08,137.30135,63.383347,2.5500019,0.567398119122257,-6770.952380952585,37470.934926806265,5000.0,25699.98254585368,0,,23347.803
2023-10-16 00:00:00+00:00,161.36,163.2,137.4799,74.8336,2.6135733,0.4230769230769231,-6771.944444444649,37729.862297589025,5000.0,25957.917853144376,0,,23509.137
2023-10-17 00:00:00+00:00,162.69,163.57,137.6653,75.83525,2.6307156,0.567398119122257,-6772.936507936713,37815.405006348075,5000.0,26042.468498411363,0,,23562.44
2023-10-18 00:00:00+00:00,164.18,163.7,137.84724,83.13266,2.6671436,0.567398119122257,-6773.928571428776,37845.45498481558,5000.0,26071.526413386804,0,,23581.162
2023-10-19 00:00:00+00:00,164.86,162.73,138.0384,80.984856,2.7300012,0.567398119122257,-6774.92063492084,37621.20262873901,5000.0,25846.28199381817,0,,23441.432
2023-10-20 00:00:00+00:00,162.6,161.97,138.2204,75.95544,2.7292862,0.567398119122257,-6775.912698412903,37445.50174303949,5000.0,25669.589044626584,0,,23331.955
2023-10-23 00:00:00+00:00,161.3,161.23,138.4079,70.30641,2.7635727,0.4230769230769231,-6776.904761904967,37274.42239625718,5000.0,25497.51763435221,0,,23225.357
2023-10-24 00:00:00+00:00,161.26,162.27,138.5952,65.31082,2.6907153,0.567398119122257,-6777.896825397031,37514.857876835296,5000.0,25736.961051438266,0,,23375.17
2023-10-25 00:00:00+00:00,161.93,162.42,138.7891,60.176224,2.5850012,0.567398119122257,-6778.888888889094,37549.53469186551,5000.0,25770.645802976418,0,,23396.777
2023-10-26 00:00:00+00:00,162.23,163.89,138.9903,59.822212,2.623572,0.4230769230769231,-6779.880952381158,37889.38079897599,5000.0,26109.49984659483,0,,23608.535
2023-10-27 00:00:00+00:00,164.4,161.26,139.1973,59.929115,2.663572,0.567398119122257,-6780.873015873221,37281.35632146385,5000.0,25500.483305590627,0,,23229.68
2023-10-30 00:00:00+00:00,162.06,163.5,139.38644,43.656414,2.6185727,0.567398119122257,-6781.865079365285,37799.21762606241,5000.0,26017.352546697126,0,,23552.355
2023-10-31 00:00:00+00:00,163.92,163.89,139.5851,57.163837,2.5935733,0.567398119122257,-6782.857142857349,37889.37853779888,5000.0,26106.521394941534,0,,23608.535
2023-11-01 00:00:00+00:00,164.73,165.68,139.7821,58.267708,2.5571442,0.567398119122257,-6783.849206349412,38303.204629283086,5000.0,26519.355422933673,0,,23866.387
2023-11-02 00:00:00+00:00,165.86,162.8,139.9924,66.06782,2.5921445,0.567398119122257,-6784.841269841476,37637.385378624,5000.0,25852.544108782524,0,,23451.521
2023-11-03 00:00:00+00:00,163.1,169.5,140.1935,52.15828,2.6785736,0.567398119122257,-6785.8333333335395,39186.34227250291,5000.0,27400.50893916937,0,,24416.664
2023-11-06 00:00:00+00:00,171.06,174.08,140.42955,64.150955,3.0700018,0.567398119122257,-6786.825396825603,40245.18438999596,5000.0,28458.358993170354,0,,25076.418
2023-11-07 00:00:00+00:00,174.09,172.89,140.68845,69.85266,3.3314307,0.567398119122257,-6787.817460317667,39970.07082482997,5000.0,28182.253364512304,0,,24904.998
2023-11-08 00:00:00+00:00,175.31,173.99,140.93774,66.69089,3.36643,0.4230769230769231,-6788.80952380973,40224.37793037869,5000.0,28435.568406568957,0,,25063.453
2023-11-09 00:00:00+00:00,174.64,176.35,141.19984,70.35432,3.422858,0.567398119122257,-6789.801587301794,40769.981014233876,5000.0,28980.17942693208,0,,25403.414
2023-11-10 00:00:00+00:00,176.06,174.97,141.46965,74.57279,3.3871439,0.567398119122257,-6790.7936507938575,40450.94064022923,5000.0,28660.146989435372,0,,25204.623
2023-11-13 00:00:00+00:00,175.79,178.48,141.72784,72.97659,3.4485724,0.4230769230769231,-6791.785714285921,41262.40832246421,5000.0,29470.622608178288,0,,25710.242
2023-11-14 00:00:00+00:00,178.96,177.39,142.00975,75.038605,3.5607147,0.567398119122257,-6792.777777777985,41010.41500267148,5000.0,29217.637224893493,0,,25553.227
2023-11-15 00:00:00+00:00,177.39,176.98,142.28345,72.47073,3.59643,0.4230769230769231,-6793.769841270048,40915.62806885847,5000.0,29121.85822758842,0,,25494.166
2023-11-16 00:00:00+00:00,176.54,177.79,142.55396,70.29457,3.490715,0.37324071583886087,-6794.761904762112,41102.89080761652,5000.0,29308.128902854405,0,,25610.848
2023-11-17 00:00:00+00:00,177.29,176.66,142.82765,77.1607,3.3399997,0.375,-6795.753968254176,40841.65059633249,5000.0,29045.896628078313,0,,25448.072
2023-11-20 00:00:00+00:00,176.16,176.8,143.10686,72.44204,3.2678561,0.4230769230769231,-6796.746031746239,40874.01774153279,5000.0,29077.271709786553,0,,25468.24
2023-11-21 00:00:00+00:00,177.38,176.95,143.36955,72.20505,3.229999,0.36604804339872704,-6797.738095238303,40908.69576967125,5000.0,29110.957674432946,0,,25489.848
2023-11-22 00:00:00+00:00,179.27,180.06,143.62305,70.54323,3.2499988,0.3745951088939016,-6798.730158730366,41627.691526869756,5000.0,29828.96136813939,0,,25937.848
2023-11-24 00:00:00+00:00,179.69,180.06,143.8864,81.200294,3.162141,0.567398119122257,-6799.72222222243,41627.691526869756,5000.0,29827.969304647326,0,,25937.848
2023-11-27 00:00:00+00:00,180.3,180.4,144.1523,75.19084,2.6849988,0.567398119122257,-6800.714285714494,41706.296062185465,5000.0,29905.58177647097,0,,25986.826
2023-11-28 00:00:00+00:00,181.12,180.89,144.4261,68.89951,2.3721411,0.567398119122257,-6801.706349206557,41819.5780221694,5000.0,30017.871672962843,0,,26057.41
2023-11-29 00:00:00+00:00,180.88,179.5,144.69955,74.9688,2.3314273,0.567398119122257,-6802.698412698621,41498.226732502626,5000.0,29695.528319804005,0,,25857.18
2023-11-30 00:00:00+00:00,180.0,182.19,144.95415,66.89148,2.25,0.567398119122257,-6803.690476190684,42120.120743880485,5000.0,30316.4302676898,0,,26244.676
2023-12-01 00:00:00+00:00,182.23,180.26,145.23235,67.54808,2.259285,0.567398119122257,-6804.682539682748,41673.92736474967,5000.0,29869.24482506692,0,,25966.656
2023-12-04 00:00:00+00:00,180.72,181.78,145.49095,65.38685,2.3392856,0.567398119122257,-6805.674603174812,42025.333134592,5000.0,30219.65853141719,0,,26185.615
2023-12-05 00:00:00+00:00,181.61,181.96,145.7662,60.855274,2.2185724,0.567398119122257,-6806.666666666875,42066.949627143455,5000.0,30260.28296047658,0,,26211.545
2023-12-06 00:00:00+00:00,182.33,177.76,146.03055,65.99022,2.144286,0.567398119122257,-6807.658730158939,41095.957035526335,5000.0,29288.298305367396,0,,25606.53
2023-12-07 00:00:00+00:00,177.56,177.26,146.27705,52.157074,2.520001,0.567398119122257,-6808.6507936510025,40980.36221285352,5000.0,29171.71141920252,0,,25534.504
2023-12-08 00:00:00+00:00,176.79,178.72,146.522,48.508728,2.6328583,0.567398119122257,-6809.642857143066,41317.89809084099,5000.0,29508.25523369792,0,,25744.82
2023-12-11 00:00:00+00:00,179.26,178.0,146.77196,55.69059,2.7457166,0.567398119122257,-6810.63492063513,41151.441586260014,5000.0,29340.806665624885,0,,25641.104
2023-12-12 00:00:00+00:00,178.14,178.42,147.0135,53.211975,2.7642877,0.567398119122257,-6811.626984127193,41248.53880230788,5000.0,29436.911818180684,0,,25701.604
2023-12-13 00:00:00+00:00,178.21,178.47,147.2677,53.878624,2.74143,0.567398119122257,-6812.619047619257,41260.09916068012,5000.0,29447.48011306086,0,,25708.807
2023-12-14 00:00:00+00:00,178.95,172.28,147.5292,44.99688,2.7871442,0.567398119122257,-6813.6111111113205,39829.04607885754,5000.0,28015.434967746216,0,,24817.13
2023-12-15 00:00:00+00:00,172.06,175.04,147.75705,32.382286,3.4621441,0.567398119122257,-6814.603174603384,40467.12401425416,5000.0,28652.520839650773,0,,25214.71
2023-12-18 00:00:00+00:00,175.04,174.99,148.00134,39.061245,3.6500003,0.567398119122257,-6815.595238095448,40455.567985461756,5000.0,28639.972747366308,0,,25207.51
2023-12-19 00:00:00+00:00,175.88,176.99,148.24425,37.739014,3.6885724,0.567398119122257,-6816.587301587511,40917.94238424236,5000.0,29101.355082654845,0,,25495.613
2023-12-20 00:00:00+00:00,176.13,174.1,148.5026,44.91287,3.685716,0.567398119122257,-6817.579365079575,40249.810765726004,5000.0,28432.23140064643,0,,25079.305
2023-12-21 00:00:00+00:00,174.63,176.11,148.75565,33.735447,3.7521439,0.567398119122257,-6818.5714285716385,40714.49732912583,5000.0,28895.92590055419,0,,25368.848
2023-12-22 00:00:00+00:00,175.85,175.53,149.02005,41.683384,3.6607144,0.567398119122257,-6819.563492063702,40580.40840546749,5000.0,28760.844913403787,0,,25285.299
2023-12-26 00:00:00+00:00,175.86,173.69,149.29185,36.984596,3.6435711,0.567398119122257,-6820.555555555766,40155.02467761632,5000.0,28334.469122060553,0,,25020.246
2023-12-27 00:00:00+00:00,174.11,175.61,149.56705,33.891693,3.663571,0.567398119122257,-6821.547619047829,40598.90467335944,5000.0,28777.357054311607,0,,25296.824
2023-12-28 00:00:00+00:00,176.04,177.84,149.8338,45.40403,3.3107135,0.567398119122257,-6822.539682539893,41114.45112904318,5000.0,29291.911446503284,0,,25618.057
2023-12-29 00:00:00+00:00,177.85,178.56,150.09995,51.154465,3.3064282,0.567398119122257,-6823.531746031957,41280.90651583018,5000.0,29457.374769798225,0,,25721.773
2024-01-02 00:00:00+00:00,178.36,178.2,150.3815,49.671856,3.2049985,0.567398119122257,-6824.52380952402,41197.67896109774,5000.0,29373.155151573723,0,,25669.916
2024-01-03 00:00:00+00:00,178.49,174.88,150.6526,50.416313,3.3864276,0.567398119122257,-6825.515873016084,40430.13804664869,5000.0,28604.622173632604,0,,25191.668
2024-01-04 00:00:00+00:00,175.11,173.55,150.89925,43.42497,3.614285,0.567398119122257,-6826.507936508147,40122.65655126458,5000.0,28296.148614756436,0,,25000.078
2024-01-05 00:00:00+00:00,174.36,173.13,151.13875,41.27659,3.5321426,0.567398119122257,-6827.500000000211,40025.55700260917,5000.0,28198.057002608955,0,,24939.578
2024-01-08 00:00:00+00:00,174.12,176.4,151.3625,51.894802,3.0214288,0.567398119122257,-6828.492063492275,40781.54050445994,5000.0,28953.048440967665,0,,25410.623
2024-01-09 00:00:00+00:00,176.37,175.5,151.6092,52.96426,3.018572,0.567398119122257,-6829.484126984338,40573.473950237814,5000.0,28743.989823253476,0,,25280.979
2024-01-10 00:00:00+00:00,174.98,175.61,151.8508,51.07187,2.9057148,0.567398119122257,-6830.476190476402,40598.905502889975,5000.0,28768.429312413573,0,,25296.824
2024-01-11 00:00:00+00:00,175.83,177.8,152.08244,46.8493,2.8935711,0.567398119122257,-6831.468253968465,41105.2080147458,5000.0,29273.73976077733,0,,25612.297
2024-01-12 00:00:00+00:00,177.94,180.68,152.31415,58.72642,2.8235714,0.567398119122257,-6832.460317460529,41771.026879404584,5000.0,29938.566561944055,0,,26027.162
2024-01-16 00:00:00+00:00,181.06,183.68,152.5587,60.35342,2.932143,0.567398119122257,-6833.452380952593,42464.59078272096,5000.0,30631.138401768367,0,,26459.314
2024-01-17 00:00:00+00:00,184.0,187.13,152.81364,66.63946,3.0907147,0.567398119122257,-6834.444444444656,43262.19193279452,5000.0,31427.747488349865,0,,26956.293
2024-01-18 00:00:00+00:00,187.4,186.93,153.08775,75.747154,3.2657154,0.567398119122257,-6835.43650793672,43215.95198298766,5000.0,31380.51547505094,0,,26927.48
2024-01-19 00:00:00+00:00,186.67,185.38,153.3512,73.215744,3.3321445,0.567398119122257,-6836.4285714287835,42857.61477565783,5000.0,31021.186204229045,0,,26704.203
2024-01-22 00:00:00+00:00,186.0,185.86,153.6053,65.9072,3.270716,0.567398119122257,-6837.420634920847,42968.58281623468,5000.0,31131.162181313834,0,,26773.348
2024-01-23 00:00:00+00:00,186.15,188.87,153.8584,65.55842,3.32643,0.4230769230769231,-6838.412698412911,43664.4564202145,5000.0,31826.043721801587,0,,27206.941
2024-01-24 00:00:00+00:00,189.41,188.8,154.12465,70.43281,3.3442874,0.567398119122257,-6839.404761904974,43648.276028571185,5000.0,31808.87126666621,0,,27196.857
2024-01-25 00:00:00+00:00,188.9,188.69,154.38855,80.44623,3.031431,0.567398119122257,-6840.396825397038,43622.84499769101,5000.0,31782.448172293974,0,,27181.012
2024-01-26 00:00:00+00:00,188.11,186.43,154.66605,84.98157,3.0121448,0.4230769230769231,-6841.3888888891015,43100.357844056525,5000.0,31258.968955167424,0,,26855.455
2024-01-29 00:00:00+00:00,185.51,183.5,154.9284,78.321976,2.9471457,0.567398119122257,-6842.380952381165,42422.979073056056,5000.0,30580.59812067489,0,,26433.387
2024-01-30 00:00:00+00:00,184.41,183.26,155.1733,65.34142,2.9585736,0.567398119122257,-6843.373015873229,42367.49385847695,5000.0,30524.12084260372,0,,26398.814
2024-01-31 00:00:00+00:00,183.78,183.85,155.41376,67.25978,3.097145,0.567398119122257,-6844.365079365292,42503.89538142758,5000.0,30659.53030206229,0,,26483.805
2024-02-01 00:00:00+00:00,183.85,184.73,155.6492,67.94426,3.138574,0.567398119122257,-6845.357142857356,42707.33991088409,5000.0,30861.982768026734,0,,26610.57
2024-02-02 00:00:00+00:00,180.97,182.78,155.8851,66.00461,3.243574,0.567398119122257,-6846.34920634942,42256.524519887294,5000.0,30410.175313537875,0,,26329.67
2024-02-05 00:00:00+00:00,180.32,181.75,156.113,55.06758,3.4221454,0.567398119122257,-6847.341269841483,42018.400471315486,5000.0,30171.059201474003,0,,26181.297
2024-02-06 00:00:00+00:00,182.98,180.41,156.33185,44.85335,3.347145,0.567398119122257,-6848.333333333547,41708.60985838549,5000.0,29860.276525051944,0,,25988.27
2024-02-07 00:00:00+00:00,182.35,184.46,156.5403,29.807669,3.3221436,0.567398119122257,-6849.32539682561,42644.922160197886,5000.0,30795.596763372276,0,,26571.676
2024-02-08 00:00:00+00:00,186.18,184.16,156.76505,43.9727,3.501428,0.567398119122257,-6850.317460317674,42575.56563846847,5000.0,30725.248178150796,0,,26528.46
2024-02-09 00:00:00+00:00,183.88,183.5,156.98724,46.829517,3.538571,0.567398119122257,-6851.309523809738,42422.981262422756,5000.0,30571.67173861302,0,,26433.387
2024-02-12 00:00:00+00:00,184.19,184.44,157.20924,43.923786,3.5935712,0.567398119122257,-6852.301587301801,42640.2998390935,5000.0,30787.9982517917,0,,26568.797
2024-02-13 00:00:00+00:00,185.65,185.2,157.44315,37.233456,3.4442859,0.567398119122257,-6853.293650793865,42816.00295983035,5000.0,30962.709309036487,0,,26678.275
2024-02-14 00:00:00+00:00,186.74,184.76,157.67815,40.02216,3.574999,0.567398119122257,-6854.285714285928,42714.278938516036,5000.0,30859.993224230107,0,,26614.893
2024-02-15 00:00:00+00:00,185.44,186.06,157.90344,39.303196,3.6364276,0.567398119122257,-6855.277777777992,43014.825536958466,5000.0,31159.547759180474,0,,26802.16
2024-02-16 00:00:00+00:00,186.7,186.69,158.14215,48.93741,3.5835702,0.567398119122257,-6856.269841270056,43160.474624930124,5000.0,31304.20478366007,0,,26892.912
2024-02-20 00:00:00+00:00,186.96,191.72,158.38194,60.55592,3.4449997,0.567398119122257,-6857.261904762119,44323.351072649886,5000.0,32466.089167887767,0,,27617.49
2024-02-21 00:00:00+00:00,192.61,189.91,158.649,71.25629,3.5742853,0.567398119122257,-6858.253968254183,43904.90143835132,5000.0,32046.647470097138,0,,27356.758
2024-02-22 00:00:00+00:00,195.66,195.52,158.9132,64.34659,3.8285708,0.567398119122257,-6859.246031746246,45201.86541452309,5000.0,33342.619382776844,0,,28164.885
2024-02-23 00:00:00+00:00,196.8,197.15,159.2079,70.870415,4.029285,0.567398119122257,-6860.23809523831,45578.69814458198,5000.0,33718.46004934367,0,,28399.688
2024-02-26 00:00:00+00:00,197.98,196.57,159.5113,78.14336,3.7535706,0.567398119122257,-6861.230158730374,45444.612595130624,5000.0,33583.38243640025,0,,28316.14
2024-02-27 00:00:00+00:00,197.5,194.86,159.81384,79.54549,3.7407138,0.567398119122257,-6862.222222222437,45049.2790806997,5000.0,33187.05685847726,0,,28069.81
2024-02-28 00:00:00+00:00,195.51,195.78,160.0959,78.38899,3.7385724,0.567398119122257,-6863.214285714501,45261.96951730028,5000.0,33398.755231585776,0,,28202.336
2024-02-29 00:00:00+00:00,194.4,192.0,160.3796,75.35841,3.4942877,0.36363636363636365,-6864.2063492065645,44388.07970066312,5000.0,32523.873351456554,0,,27657.824
2024-03-01 00:00:00+00:00,192.33,187.02,160.6457,65.1938,3.6821442,0.567398119122257,-6865.198412698628,43236.7639892566,5000.0,31371.565576557972,0,,26940.45
2024-03-04 00:00:00+00:00,187.35,189.36,160.8857,55.843304,3.867859,0.567398119122257,-6866.190476190692,43777.74102320364,5000.0,31911.55054701295,0,,27277.527
2024-03-05 00:00:00+00:00,189.14,190.25,161.14235,57.804573,4.0542865,0.567398119122257,-6867.182539682755,43983.49923664285,5000.0,32116.316696960093,0,,27405.734
2024-03-06 00:00:00+00:00,189.83,187.62,161.41075,57.977894,4.182144,0.4230769230769231,-6868.174603174819,43375.474578233676,5000.0,31507.299975058857,0,,27026.879
2024-03-07 00:00:00+00:00,188.51,183.81,161.6626,54.225773,4.225002,0.567398119122257,-6869.1666666668825,42494.648622876644,5000.0,30625.481956209762,0,,26478.045
2024-03-08 00:00:00+00:00,183.63,186.69,161.8868,46.905087,4.607859,0.567398119122257,-6870.158730158946,43160.47144311052,5000.0,31290.31271295157,0,,26892.912
2024-03-11 00:00:00+00:00,185.82,183.83,162.12386,50.0,4.807145,0.567398119122257,-6871.15079365101,42499.27347022653,5000.0,30628.12267657552,0,,26480.926
2024-03-12 00:00:00+00:00,184.65,181.7,162.36525,39.171005,4.7107162,0.567398119122257,-6872.142857143073,42006.84097926709,5000.0,30134.698122124013,0,,26174.094
2024-03-13 00:00:00+00:00,182.94,183.5,162.5961,38.829918,4.49286,0.567398119122257,-6873.134920635137,42422.97801800082,5000.0,30549.84309736568,0,,26433.387
2024-03-14 00:00:00+00:00,183.66,181.13,162.84435,31.754692,4.2785745,0.567398119122257,-6874.126984127201,41875.064382341094,5000.0,30000.937398213893,0,,26091.986
2024-03-15 00:00:00+00:00,179.01,183.52,163.08115,26.21735,4.347145,0.567398119122257,-6875.119047619264,42427.60244959709,5000.0,30552.483401977828,0,,26436.268
2024-03-18 00:00:00+00:00,184.0,183.7,163.3372,31.614538,4.532145,0.567398119122257,-6876.111111111328,42469.212676866366,5000.0,30593.101565755038,0,,26462.195
2024-03-19 00:00:00+00:00,183.12,183.53,163.5936,33.568893,4.3978586,0.567398119122257,-6877.103174603391,42429.91074524547,5000.0,30552.80757064208,0,,26437.707
2024-03-20 00:00:00+00:00,183.52,183.2,163.84325,31.556755,4.390002,0.567398119122257,-6878.095238095455,42353.61780621126,5000.0,30475.522568115804,0,,26390.168
2024-03-21 00:00:00+00:00,181.32,184.2,164.08334,35.215046,4.1742883,0.567398119122257,-6879.087301587519,42584.803934556825,5000.0,30705.716632969306,0,,26534.219
2024-03-22 00:00:00+00:00,183.61,180.92,164.32906,44.53063,3.9692874,0.567398119122257,-6880.079365079582,41826.508731047674,5000.0,29946.42936596809,0,,26061.732
2024-03-25 00:00:00+00:00,181.48,179.6,164.57504,34.20658,3.8750021,0.567398119122257,-6881.071428571646,41521.34144618698,5000.0,29640.270017615338,0,,25871.586
2024-03-26 00:00:00+00:00,179.5,178.11,164.8079,30.386747,3.6907163,0.567398119122257,-6882.063492063709,41176.869963360994,5000.0,29294.806471297285,0,,25656.951
2024-03-27 00:00:00+00:00,178.5,180.17,165.02025,31.718576,3.595715,0.567398119122257,-6883.055555555773,41653.11849918305,5000.0,29770.06294362728,0,,25953.695
2024-03-28 00:00:00+00:00,180.14,183.73,165.22894,42.49794,3.2335718,0.567398119122257,-6884.047619047837,42476.14492315686,5000.0,30592.097304109026,0,,26466.518
2024-04-01 00:00:00+00:00,183.05,181.87,165.47025,44.065742,3.1678565,0.567398119122257,-6885.0396825399,42046.13550833657,5000.0,30161.09582579667,0,,26198.582
2024-04-02 00:00:00+00:00,181.07,182.65,165.70074,45.906418,3.095714,0.567398119122257,-6886.031746031964,42226.462663590864,5000.0,30340.4309175589,0,,26310.941
2024-04-03 00:00:00+00:00,182.51,178.83,165.91995,52.102695,3.0107129,0.567398119122257,-6887.0238095240275,41343.327589286004,5000.0,29456.303779761976,0,,25760.668
2024-04-04 00:00:00+00:00,180.2,181.57,166.1237,40.51198,3.0499988,0.567398119122257,-6888.015873016091,41976.783885220124,5000.0,30088.768012204033,0,,26155.37
2024-04-05 00:00:00+00:00,182.07,180.93,166.34476,50.88071,3.2128558,0.567398119122257,-6889.007936508155,41828.819941416565,5000.0,29939.81200490841,0,,26063.176
2024-04-08 00:00:00+00:00,180.99,182.37,166.565,44.425285,3.0921414,0.567398119122257,-6890.000000000218,42161.73087664786,5000.0,30271.73087664764,0,,26270.61
2024-04-09 00:00:00+00:00,182.12,179.13,166.7943,47.284603,3.1007123,0.567398119122257,-6890.992063492282,41412.68561478694,5000.0,29521.69355129466,0,,25803.885
2024-04-10 00:00:00+00:00,179.46,180.0,167.0029,42.017426,3.3485684,0.567398119122257,-6891.9841269843455,41613.819776416334,5000.0,29721.83564943199,0,,25929.21
2024-04-11 00:00:00+00:00,180.15,177.5,167.22626,44.306053,3.342854,0.567398119122257,-6892.976190476409,41035.849781702,5000.0,29142.873591225594,0,,25569.082
2024-04-12 00:00:00+00:00,177.06,178.51,167.445,38.682434,3.4935684,0.567398119122257,-6893.968253968473,41269.34778062867,5000.0,29375.379526660196,0,,25714.572
2024-04-15 00:00:00+00:00,180.04,177.37,167.6671,45.590916,3.439997,0.567398119122257,-6894.960317460536,41005.79262766051,5000.0,29110.83231019997,0,,25550.354
2024-04-16 00:00:00+00:00,177.63,176.71,167.88135,45.893166,3.479997,0.567398119122257,-6895.9523809526,40853.21012397458,5000.0,28957.257743021983,0,,25455.281
2024-04-17 00:00:00+00:00,176.73,176.96,168.0861,47.340435,3.5121405,0.567398119122257,-6896.9444444446635,40911.00825898713,5000.0,29014.063814542467,0,,25491.295
2024-04-18 00:00:00+00:00,176.71,177.51,168.28085,43.451664,3.566427,0.567398119122257,-6897.936507936727,41038.160678951004,5000.0,29140.224171014277,0,,25570.521
2024-04-19 00:00:00+00:00,178.27,180.85,168.4814,35.53486,3.4849994,0.567398119122257,-6898.928571428791,41810.32958270774,5000.0,29911.401011278947,0,,26051.652
2024-04-22 00:00:00+00:00,180.82,179.99,168.6953,47.7807,3.5142856,0.567398119122257,-6899.920634920854,41611.50816296575,5000.0,29711.587528044896,0,,25927.768
2024-04-23 00:00:00+00:00,180.32,178.82,168.91075,44.232456,3.5978568,0.567398119122257,-6900.912698412918,41341.01824036854,5000.0,29440.10554195562,0,,25759.227
2024-04-24 00:00:00+00:00,177.6,179.39,169.12566,49.975517,3.4871423,0.567398119122257,-6901.904761904982,41472.794273618536,5000.0,29570.889511713554,0,,25841.336
2024-04-25 00:00:00+00:00,179.83,181.69,169.3426,44.024094,3.3157141,0.567398119122257,-6902.896825397045,42004.52516028248,5000.0,30101.628334885434,0,,26172.652
2024-04-26 00:00:00+00:00,181.4,178.4,169.56305,51.909576,3.3392847,0.567398119122257,-6903.888888889109,41243.914297361676,5000.0,29340.025408472568,0,,25698.72
2024-04-29 00:00:00+00:00,179.9,180.4,169.77275,40.873547,3.3835711,0.567398119122257,-6904.880952381172,41706.2915394818,5000.0,29801.410587100625,0,,25986.824
2024-04-30 00:00:00+00:00,179.81,181.15,169.97235,53.096027,3.240715,0.567398119122257,-6905.873015873236,41879.68227575645,5000.0,29973.809259883215,0,,26094.863
2024-05-01 00:00:00+00:00,180.96,179.9,170.16995,52.819996,3.2614288,0.567398119122257,-6906.8650793653,41590.696967503754,5000.0,29683.831888138455,0,,25914.8
2024-05-02 00:00:00+00:00,181.44,174.12,170.3643,56.26958,3.0928574,0.567398119122257,-6907.857142857363,40254.43237216318,5000.0,28346.575229305818,0,,25082.186
2024-05-03 00:00:00+00:00,176.51,179.67,170.53395,40.819736,3.4014294,0.567398119122257,-6908.849206349427,41537.52378506102,5000.0,29628.674578711594,0,,25881.668
2024-05-06 00:00:00+00:00,179.66,182.87,170.73135,54.06074,3.5950012,0.567398119122257,-6909.84126984149,42277.326353151824,5000.0,30367.485083310334,0,,26342.633
2024-05-07 00:00:00+00:00,182.67,184.25,170.9346,59.980537,3.6621432,0.567398119122257,-6910.833333333554,42596.36901999952,5000.0,30685.535686665964,0,,26541.426
2024-05-08 00:00:00+00:00,184.26,185.5,171.1384,61.394173,3.7078574,0.567398119122257,-6911.825396825618,42885.35641305653,5000.0,30973.53101623091,0,,26721.492
2024-05-09 00:00:00+00:00,185.06,182.92,171.35435,62.220863,3.7242856,0.567398119122257,-6912.817460317681,42288.89031243243,5000.0,30376.072852114747,0,,26349.84
2024-05-10 00:00:00+00:00,183.92,181.06,171.55405,53.24145,3.7585711,0.567398119122257,-6913.809523809745,41858.881077251215,5000.0,29945.07155344147,0,,26081.906
2024-05-13 00:00:00+00:00,181.51,182.15,171.74075,51.624645,3.817858,0.567398119122257,-6914.8015873018085,42110.87443471901,5000.0,30196.0728474172,0,,26238.92
2024-05-14 00:00:00+00:00,182.23,180.61,171.9435,55.06847,3.8271441,0.567398119122257,-6915.793650793872,41754.845468213585,5000.0,29839.051817419713,0,,26017.082
2024-05-15 00:00:00+00:00,180.79,177.79,172.14474,51.80367,3.9271436,0.567398119122257,-6916.785714285936,41102.893898926326,5000.0,29186.10818464039,0,,25610.857
2024-05-16 00:00:00+00:00,178.25,181.6,172.3353,44.32148,3.8985727,0.567398119122257,-6917.777777777999,41983.72465505753,5000.0,30065.94687727953,0,,26159.693
2024-05-17 00:00:00+00:00,183.12,183.51,172.54405,54.5898,4.0035715,0.567398119122257,-6918.769841270063,42425.29255987158,5000.0,30506.522718601518,0,,26434.832
2024-05-20 00:00:00+00:00,182.21,182.7,172.76254,54.472248,3.950713,0.567398119122257,-6919.7619047621265,42238.03144396676,5000.0,30318.269539204637,0,,26318.152
2024-05-21 00:00:00+00:00,183.91,183.74,172.976,52.225098,3.991428,0.567398119122257,-6920.75396825419,42478.47067745012,5000.0,30557.716709195927,0,,26467.967
2024-05-22 00:00:00+00:00,183.68,184.0,173.16685,55.54594,3.9857144,0.567398119122257,-6921.746031746254,42538.57831949768,5000.0,30616.83228775143,0,,26505.42
2024-05-23 00:00:00+00:00,183.55,180.41,173.3554,66.97595,3.607143,0.567398119122257,-6922.738095238317,41708.61385161769,5000.0,29785.87575637937,0,,25988.275
2024-05-24 00:00:00+00:00,180.63,182.58,173.52765,51.36331,3.4528568,0.567398119122257,-6923.730158730381,42210.28915090624,5000.0,30286.55899217586,0,,26300.867
2024-05-28 00:00:00+00:00,182.16,178.85,173.70966,49.44467,3.3500006,0.567398119122257,-6924.7222222224445,41347.95941837524,5000.0,29423.237196152797,0,,25763.557
2024-05-29 00:00:00+00:00,178.21,176.6,173.8621,40.51301,3.4400003,0.567398119122257,-6925.714285714508,40827.78576699709,5000.0,28902.071481282583,0,,25439.441
2024-05-30 00:00:00+00:00,177.48,174.72,173.99385,34.89478,3.4578574,0.567398119122257,-6926.706349206572,40393.15078218537,5000.0,28466.444432978795,0,,25168.623
2024-05-31 00:00:00+00:00,175.88,172.99,174.1248,35.74409,3.3692856,0.567398119122257,-6927.698412698635,39993.19704683758,5000.0,28065.498634138945,0,,24919.416
2024-06-03 00:00:00+00:00,173.6,174.99,174.24306,35.9064,3.289285,0.567398119122257,-6928.690476190699,40455.57414472921,5000.0,28526.88366853851,0,,25207.52
2024-06-04 00:00:00+00:00,173.96,175.72,174.36806,37.880856,3.2357123,0.567398119122257,-6929.682539682763,40624.33901747337,5000.0,28694.65647779061,0,,25312.676
2024-06-05 00:00:00+00:00,175.46,174.7,174.49776,41.48973,3.1471417,0.567398119122257,-6930.674603174826,40388.52620419764,5000.0,28457.851601022812,0,,25165.744
2024-06-06 00:00:00+00:00,173.95,174.0,174.62065,44.26291,3.1371427,0.567398119122257,-6931.66666666689,40226.69492744999,5000.0,28295.028260783103,0,,25064.906
2024-06-07 00:00:00+00:00,174.03,172.68,174.7377,34.04699,3.0314288,0.567398119122257,-6932.658730158953,39921.52553441207,5000.0,27988.866804253114,0,,24874.758
2024-06-10 00:00:00+00:00,172.9,171.57,174.85214,26.689617,3.0921445,0.567398119122257,-6933.650793651017,39664.90983609042,5000.0,27731.2590424394,0,,24714.863
2024-06-11 00:00:00+00:00,172.0,173.46,174.9594,26.349346,3.0571442,0.567398119122257,-6934.642857143081,40101.854200177215,5000.0,28167.211343034134,0,,24987.121
2024-06-12 00:00:00+00:00,174.09,169.4,175.08235,28.917126,3.1014295,0.567398119122257,-6935.634920635144,39163.229047937464,5000.0,27227.59412730232,0,,24402.27
2024-06-13 00:00:00+00:00,169.62,168.71,175.1732,24.095085,3.4164288,0.567398119122257,-6936.626984127208,39003.71161547311,5000.0,27067.084631345904,0,,24302.877
2024-06-14 00:00:00+00:00,168.33,167.6,175.25835,26.859169,3.3657138,0.567398119122257,-6937.619047619271,38747.09295482937,5000.0,26809.4739072101,0,,24142.979
2024-06-17 00:00:00+00:00,166.71,170.27,175.345,19.075136,3.277142,0.567398119122257,-6938.611111111335,39364.36405167935,5000.0,27425.752940568018,0,,24527.596
2024-06-18 00:00:00+00:00,169.79,169.4,175.4469,31.476671,3.2357135,0.567398119122257,-6939.603174603399,39163.22757538137,5000.0,27223.624400777968,0,,24402.268
2024-06-20 00:00:00+00:00,169.46,172.34,175.54535,33.471046,3.1628559,0.567398119122257,-6940.595238095462,39842.92270194404,5000.0,27902.327463848575,0,,24825.781
2024-06-21 00:00:00+00:00,171.58,175.91,175.65524,44.78983,3.1849988,0.567398119122257,-6941.587301587526,40668.264026153505,5000.0,28726.67672456598,0,,25340.045
2024-06-24 00:00:00+00:00,174.43,171.33,175.7898,55.915714,3.4821417,0.567398119122257,-6942.5793650795895,39609.42412412255,5000.0,27666.844759042964,0,,24680.291
2024-06-25 00:00:00+00:00,171.88,168.94,175.89655,43.28686,3.662857,0.567398119122257,-6943.571428571653,39056.88484741912,5000.0,27113.313418847465,0,,24336.006
2024-06-26 00:00:00+00:00,169.53,170.0,175.97345,38.278015,3.692143,0.567398119122257,-6944.563492063717,39301.94577732061,5000.0,27357.382285256892,0,,24488.701
2024-06-27 00:00:00+00:00,170.08,170.27,176.05815,41.885365,3.614999,0.567398119122257,-6945.55555555578,39364.36612448563,5000.0,27418.810568929846,0,,24527.596
2024-06-28 00:00:00+00:00,170.43,170.06,176.1364,43.46303,3.4907138,0.567398119122257,-6946.547619047844,39315.814158044115,5000.0,27369.26653899627,0,,24497.342
2024-07-01 00:00:00+00:00,172.04,171.92,176.2209,45.222477,3.507141,0.567398119122257,-6947.5396825399075,39745.82431386334,5000.0,27798.284631323433,0,,24765.277
2024-07-02 00:00:00+00:00,172.1,171.39,176.3224,50.621212,3.4728558,0.567398119122257,-6948.531746031971,39623.29541637896,5000.0,27674.76367034699,0,,24688.93
2024-07-03 00:00:00+00:00,171.8,170.92,176.42615,46.139492,3.410712,0.567398119122257,-6949.523809524035,39514.63682990569,5000.0,27565.113020381657,0,,24621.227
2024-07-05 00:00:00+00:00,171.6,169.67,176.53445,53.27305,3.1299984,0.567398119122257,-6950.515873016098,39225.65164250894,5000.0,27275.135769492845,0,,24441.164
2024-07-08 00:00:00+00:00,169.91,168.8,176.6243,52.018482,3.154285,0.567398119122257,-6951.507936508162,39024.5201849299,5000.0,27073.012248421735,0,,24315.842
2024-07-09 00:00:00+00:00,169.31,168.57,176.68895,52.548843,3.1885715,0.567398119122257,-6952.500000000226,38971.346849650225,5000.0,27018.84684965,0,,24282.709
2024-07-10 00:00:00+00:00,168.54,169.33,176.75615,45.971577,3.1314282,0.567398119122257,-6953.492063492289,39147.04898495727,5000.0,27193.55692146498,0,,24392.188
2024-07-11 00:00:00+00:00,169.23,169.77,176.8262,49.83327,3.1414282,0.567398119122257,-6954.484126984353,39248.773534939115,5000.0,27294.289407954762,0,,24455.57
2024-07-12 00:00:00+00:00,170.55,169.5,176.88956,43.05032,3.125,0.567398119122257,-6955.476190476416,39186.35107913758,5000.0,27230.874888661165,0,,24416.676
2024-07-15 00:00:00+00:00,171.26,172.52,176.9602,28.900583,2.7750003,0.567398119122257,-6956.46825396848,39884.53976773037,5000.0,27928.07151376189,0,,24851.71
2024-07-16 00:00:00+00:00,171.89,172.85,177.04315,54.36538,2.7178574,0.567398119122257,-6957.460317460544,39960.83220207859,5000.0,28003.37188461805,0,,24899.25
2024-07-17 00:00:00+00:00,173.15,180.25,177.13354,66.897156,2.6835709,0.567398119122257,-6958.452380952607,41671.62065097649,5000.0,29713.16827002388,0,,25965.227
2024-07-18 00:00:00+00:00,179.8,183.94,177.2528,78.615295,3.0721424,0.567398119122257,-6959.444444444671,42524.704269993,5000.0,30565.25982554833,0,,26496.775
2024-07-19 00:00:00+00:00,185.09,184.63,177.39145,82.04406,3.3114276,0.567398119122257,-6960.436507936734,42684.226254327965,5000.0,30723.78974639123,0,,26596.172
2024-07-22 00:00:00+00:00,184.99,186.0,177.5306,83.40213,3.1900003,0.567398119122257,-6961.428571428798,43000.95099140003,5000.0,31039.522419971232,0,,26793.52
2024-07-23 00:00:00+00:00,186.51,183.22,177.6744,83.02065,3.2550006,0.567398119122257,-6962.420634920862,42358.249218543344,5000.0,30395.828583622482,0,,26393.059
2024-07-24 00:00:00+00:00,183.6,185.17,177.7907,75.095474,3.3914304,0.567398119122257,-6963.412698412925,42809.063242989636,5000.0,30845.65054457671,0,,26673.955
2024-07-25 00:00:00+00:00,184.26,187.05,177.9155,78.44313,3.5521448,0.36363636363636365,-6964.404761904989,43243.6958182964,5000.0,31279.291056391412,0,,26944.771
2024-07-26 00:00:00+00:00,187.8,186.46,178.0425,83.839584,3.7028592,0.4230769230769231,-6965.396825397052,43107.29576604647,5000.0,31141.898940649415,0,,26859.781
2024-07-29 00:00:00+00:00,186.04,185.58,178.16045,84.763794,3.7878582,0.567398119122257,-6966.388888889116,42903.848496484505,5000.0,30937.45960759539,0,,26733.014
2024-07-30 00:00:00+00:00,185.35,187.05,178.2806,82.648735,3.7150006,0.375,-6967.38095238118,43243.694156342004,5000.0,31276.313203960824,0,,26944.768
2024-07-31 00:00:00+00:00,186.9,183.51,178.40794,83.10911,3.740715,0.375,-6968.373015873243,42425.28614172032,5000.0,30456.913125847073,0,,26434.824
2024-08-01 00:00:00+00:00,183.74,185.75,178.52126,73.00734,3.8742871,0.567398119122257,-6969.365079365307,42943.14764800139,5000.0,30973.78256863608,0,,26757.5
2024-08-02 00:00:00+00:00,186.1,193.79,178.6396,75.52622,4.089286,0.4230769230769231,-6970.3571428573705,44801.89624679252,5000.0,32831.53910393515,0,,27915.67
2024-08-05 00:00:00+00:00,193.94,196.27,178.79256,78.86022,4.462143,0.01,-6971.349206349434,45375.24204694026,5000.0,33403.89284059082,0,,28272.918
2024-08-06 00:00:00+00:00,196.01,197.25,178.95605,80.02563,4.9664283,0.36363636363636365,-6972.341269841498,45601.804310087624,5000.0,33629.463040246126,0,,28414.088
2024-08-07 00:00:00+00:00,196.38,202.24,179.1238,76.089615,4.692143,0.4230769230769231,-6973.333333333561,46755.43329118448,5000.0,34782.09995785092,0,,29132.902
2024-08-08 00:00:00+00:00,202.42,204.18,179.32135,77.00707,5.0121427,0.36363636363636365,-6974.325396825625,47203.936333176076,5000.0,35229.61093635045,0,,29412.36
2024-08-09 00:00:00+00:00,204.17,200.82,179.5324,77.8252,5.183571,0.4230769230769231,-6975.3174603176885,46427.14798125397,5000.0,34451.83052093628,0,,28928.35
2024-08-12 00:00:00+00:00,201.54,203.62,179.73035,69.962296,5.22857,0.567398119122257,-6976.309523809752,47074.46863658647,5000.0,35098.15911277672,0,,29331.69
2024-08-13 00:00:00+00:00,203.55,202.28,179.9371,77.46365,5.188569,0.4230769230769231,-6977.301587301816,46764.67677316307,5000.0,34787.37518586125,0,,29138.66
2024-08-14 00:00:00+00:00,201.04,205.99,180.1364,73.41912,5.1849985,0.4230769230769231,-6978.293650793879,47622.385149205315,5000.0,35644.091498411435,0,,29673.09
2024-08-15 00:00:00+00:00,206.76,200.98,180.3469,74.68719,5.226426,0.567398119122257,-6979.285714285943,46464.13179908167,5000.0,34484.846084795725,0,,28951.393
2024-08-16 00:00:00+00:00,201.01,202.94,180.5455,66.970535,5.4557123,0.567398119122257,-6980.277777778007,46917.262723094245,5000.0,34936.98494531624,0,,29233.734
2024-08-19 00:00:00+00:00,204.03,204.59,180.7427,69.790245,5.5414276,0.4230769230769231,-6981.26984127007,47298.720298594635,5000.0,35317.450457324565,0,,29471.416
2024-08-20 00:00:00+00:00,203.93,206.02,180.9462,69.91371,5.5142846,0.567398119122257,-6982.261904762134,47629.31935236703,5000.0,35647.05744760489,0,,29677.41
2024-08-21 00:00:00+00:00,205.54,206.93,181.1479,76.84237,5.3864264,0.567398119122257,-6983.253968254197,47839.69532185373,5000.0,35856.44135359953,0,,29808.492
2024-08-22 00:00:00+00:00,206.4,209.79,181.36855,76.08375,5.1714272,0.567398119122257,-6984.246031746261,48500.89373231894,5000.0,36516.64770057268,0,,30220.48
2024-08-23 00:00:00+00:00,210.2,209.62,181.57,72.58612,4.854998,0.36363636363636365,-6985.238095238325,48461.592238537676,5000.0,36476.35414329935,0,,30195.992
2024-08-26 00:00:00+00:00,210.0,213.13,181.7477,70.16008,4.399999,0.4230769230769231,-6986.230158730388,49273.06287731278,5000.0,37286.832718582395,0,,30701.611
2024-08-27 00:00:00+00:00,213.15,211.35,181.9489,72.27836,4.462143,0.3714607361964842,-6987.222222222452,48861.54984533875,5000.0,36874.327623116296,0,,30445.201
2024-08-28 00:00:00+00:00,210.66,209.02,182.1357,64.04565,4.156429,0.4230769230769231,-6988.214285714515,48322.88273058656,5000.0,36334.66844487205,0,,30109.562
2024-08-29 00:00:00+00:00,209.23,207.09,182.29906,57.373573,4.0928564,0.4230769230769231,-6989.206349206579,47876.68885340658,5000.0,35887.4825042,0,,29831.543
2024-08-30 00:00:00+00:00,206.67,205.4,182.45966,59.987236,4.154286,0.567398119122257,-6990.198412698643,47485.98106388564,5000.0,35495.782651187,0,,29588.096
2024-09-03 00:00:00+00:00,204.89,212.84,182.59425,52.939228,4.225001,0.375,-6991.190476190706,49206.017370055124,5000.0,37214.82689386442,0,,30659.836
2024-09-04 00:00:00+00:00,213.33,210.43,182.7715,64.51345,4.5414276,0.1946194880038102,-6992.18253968277,48648.852991901476,5000.0,36656.67045221871,0,,30312.672
2024-09-05 00:00:00+00:00,210.51,210.62,182.93875,56.32837,4.477856,0.5499999999999999,-6993.1746031748335,48692.77761116616,5000.0,36699.603007991325,0,,30340.04
2024-09-06 00:00:00+00:00,210.03,211.15,183.1029,65.928604,4.2849994,0.5499999999999999,-6994.166666666897,48815.30757592242,5000.0,36821.140909255526,0,,30416.387
2024-09-09 00:00:00+00:00,210.92,211.34,183.27534,64.23862,4.219999,0.5499999999999999,-6995.158730158961,48859.231185367884,5000.0,36864.07245520892,0,,30443.754
2024-09-10 00:00:00+00:00,211.63,211.81,183.44804,62.33101,4.4171414,0.5499999999999999,-6996.150793651024,48967.89257674464,5000.0,36971.74178309362,0,,30511.46
2024-09-11 00:00:00+00:00,211.29,211.74,183.62234,60.961735,4.402856,0.5499999999999999,-6997.142857143088,48951.71122720218,5000.0,36954.56837005909,0,,30501.377
2024-09-12 00:00:00+00:00,211.49,209.72,183.78075,59.40557,4.5535703,0.5499999999999999,-6998.1349206351515,48484.71085357226,5000.0,36486.57593293711,0,,30210.395
2024-09-13 00:00:00+00:00,211.36,209.59,183.92905,49.858486,4.393571,0.5499999999999999,-6999.126984127215,48454.65574831062,5000.0,36455.52876418341,0,,30191.668
2024-09-16 00:00:00+00:00,209.89,212.61,184.075,49.93925,4.308571,0.5499999999999999,-7000.119047619279,49152.8420444887,5000.0,37152.72299686942,0,,30626.7
2024-09-17 00:00:00+00:00,212.99,213.65,184.2336,48.925613,4.2535706,0.5499999999999999,-7001.111111111342,49393.27389773676,5000.0,37392.16278662542,0,,30776.51
2024-09-18 00:00:00+00:00,213.65,210.66,184.40434,54.90193,4.172142,0.5499999999999999,-7002.103174603406,48702.02426778951,5000.0,36699.9210931861,0,,30345.8
2024-09-19 00:00:00+00:00,209.9,206.94,184.5467,53.399666,4.317857,0.5499999999999999,-7003.0952380954695,47842.006418600664,5000.0,35838.911180505194,0,,29809.93
2024-09-20 00:00:00+00:00,207.41,208.21,184.6801,49.71055,4.3671427,0.5499999999999999,-7004.087301587533,48135.613454766375,5000.0,36131.52615317884,0,,29992.873
2024-09-23 00:00:00+00:00,208.4,209.58,184.81226,55.51199,4.192142,0.5499999999999999,-7005.079365079597,48452.33981988551,5000.0,36447.26045480591,0,,30190.223
2024-09-24 00:00:00+00:00,209.58,206.74,184.95035,41.606606,3.6949997,0.5499999999999999,-7006.07142857166,47795.76809495262,5000.0,35789.69666638096,0,,29781.117
2024-09-25 00:00:00+00:00,208.94,203.1,185.09525,40.70532,3.8057141,0.5499999999999999,-7007.063492063724,46954.243509864355,5000.0,34947.18001780063,0,,29256.771
2024-09-26 00:00:00+00:00,201.78,205.45,185.22446,33.862675,4.02,0.6296296296296297,-7008.055555555788,47497.531005156896,5000.0,35489.47544960111,0,,29595.29
2024-09-27 00:00:00+00:00,204.01,202.6,185.3581,38.654457,4.1528573,0.5499999999999999,-7009.047619047851,46838.646784829565,5000.0,34829.599165781714,0,,29184.744
2024-09-30 00:00:00+00:00,203.13,204.87,185.4811,34.269257,4.055715,0.5499999999999999,-7010.039682539915,47363.4383514414,5000.0,35353.398668901486,0,,29511.738
2024-10-01 00:00:00+00:00,205.24,209.94,185.61336,38.269077,4.1014295,0.5499999999999999,-7011.031746031978,48535.564610225236,5000.0,36524.53286419326,0,,30242.078
2024-10-02 00:00:00+00:00,209.73,211.85,185.7707,47.39733,4.282145,0.5499999999999999,-7012.023809524042,48977.13217661088,5000.0,36965.10836708684,0,,30517.215
2024-10-03 00:00:00+00:00,210.67,210.15,185.96855,53.089653,4.402859,0.5499999999999999,-7013.015873016106,48584.111588157044,5000.0,36571.09571514094,0,,30272.328
2024-10-04 00:00:00+00:00,211.88,210.42,186.1441,50.776913,4.4485736,0.5499999999999999,-7014.007936508169,48646.53428745318,5000.0,36632.52635094501,0,,30311.225
2024-10-07 00:00:00+00:00,211.14,207.38,186.32124,46.710716,4.4485726,0.5499999999999999,-7015.000000000233,47943.7245833125,5000.0,35928.724583312265,0,,29873.309
2024-10-08 00:00:00+00:00,208.1,207.52,186.4732,41.116474,4.569287,0.5499999999999999,-7015.992063492296,47976.09053870287,5000.0,35960.09847521057,0,,29893.477
2024-10-09 00:00:00+00:00,207.31,206.11,186.6403,45.160294,4.4785724,0.5499999999999999,-7016.98412698436,47650.11354318294,5000.0,35633.12941619858,0,,29690.363
2024-10-10 00:00:00+00:00,206.82,206.8,186.7903,48.62263,4.4278574,0.5499999999999999,-7017.976190476424,47809.634424195996,5000.0,35791.65823371957,0,,29789.76
2024-10-11 00:00:00+00:00,206.49,206.0,186.94666,47.614204,4.417144,0.5499999999999999,-7018.968253968487,47624.684734485905,5000.0,35605.71648051742,0,,29674.52
2024-10-14 00:00:00+00:00,205.59,205.43,187.1082,43.823322,4.462144,0.5499999999999999,-7019.960317460551,47492.90597337148,5000.0,35472.94565591093,0,,29592.408
2024-10-15 00:00:00+00:00,206.84,210.5,187.2573,47.54771,4.1507154,0.5499999999999999,-7020.9523809526145,48665.0317678505,5000.0,36644.07938689789,0,,30322.75
2024-10-16 00:00:00+00:00,210.52,210.7,187.4206,63.148525,4.125001,0.5499999999999999,-7021.944444444678,48711.2683190387,5000.0,36689.323874594025,0,,30351.56
2024-10-17 00:00:00+00:00,210.51,209.55,187.5813,60.10003,4.107144,0.5499999999999999,-7022.936507936742,48445.40234699815,5000.0,36422.465839061406,0,,30185.902
2024-10-18 00:00:00+00:00,210.55,209.28,187.73805,64.30628,4.00143,0.5499999999999999,-7023.928571428805,48382.98172473668,5000.0,36359.053153307876,0,,30147.01
2024-10-21 00:00:00+00:00,209.28,212.42,187.91005,59.89232,3.9657156,0.5499999999999999,-7024.920634920869,49108.91032491171,5000.0,37083.98968999084,0,,30599.33
2024-10-22 00:00:00+00:00,212.79,213.77,188.1044,56.090355,3.7292862,0.6296296296296297,-7025.9126984129325,49421.01733195651,5000.0,37395.104633543575,0,,30793.8
2024-10-23 00:00:00+00:00,212.71,213.55,188.3076,54.848473,3.632857,0.5499999999999999,-7026.904761904996,49370.156492753296,5000.0,37343.2517308483,0,,30762.11
2024-10-24 00:00:00+00:00,213.99,214.99,188.49335,59.27949,3.6985714,0.5499999999999999,-7027.89682539706,49703.06897026674,5000.0,37675.17214486968,0,,30969.543
2024-10-25 00:00:00+00:00,215.05,212.82,188.6908,61.72397,3.6521432,0.5499999999999999,-7028.888888889123,49201.390539084,5000.0,37172.50165019488,0,,30656.953
2024-10-28 00:00:00+00:00,211.84,212.94,188.87685,64.60793,3.6264288,0.5499999999999999,-7029.880952381187,49229.133232180386,5000.0,37199.2522797992,0,,30674.238
2024-10-29 00:00:00+00:00,213.35,212.21,189.05255,64.56987,3.4900012,0.5499999999999999,-7030.873015873251,49060.36783046839,5000.0,37029.49481459514,0,,30569.082
2024-10-30 00:00:00+00:00,213.5,209.62,189.2102,67.020096,3.4071438,0.5499999999999999,-7031.865079365314,48461.588735128265,5000.0,36429.72365576295,0,,30195.986
2024-10-31 00:00:00+00:00,210.33,213.57,189.3399,57.114,3.5435727,0.5499999999999999,-7032.857142857378,49374.7819913323,5000.0,37341.92484847492,0,,30764.99
2024-11-01 00:00:00+00:00,207.16,210.0,189.4721,66.478004,3.8164303,0.5499999999999999,-7033.849206349441,48549.438852736406,5000.0,36515.589646386965,0,,30250.727
2024-11-04 00:00:00+00:00,208.58,209.6,189.58745,58.79862,4.39786,0.5499999999999999,-7034.841269841505,48456.96547288733,5000.0,36422.12420304582,0,,30193.107
2024-11-05 00:00:00+00:00,210.14,212.16,189.70856,47.88734,4.215717,0.5499999999999999,-7035.833333333569,49048.804649838996,5000.0,37012.97131650543,0,,30561.877
2024-11-06 00:00:00+00:00,206.69,201.36,189.84006,53.08539,4.330002,0.5499999999999999,-7036.825396825632,46551.975776778825,5000.0,34515.15037995319,0,,29006.123
2024-11-07 00:00:00+00:00,202.92,199.76,189.9025,37.7064,5.265002,0.6296296296296297,-7037.817460317696,46182.07310670806,5000.0,34144.25564639037,0,,28775.639
2024-11-08 00:00:00+00:00,198.75,196.86,189.9573,36.258667,5.3935733,0.5499999999999999,-7038.809523809759,45511.631007855496,5000.0,33472.82148404574,0,,28357.893
2024-11-11 00:00:00+00:00,195.94,200.05,189.99815,27.383741,5.3600016,0.6296296296296297,-7039.801587301823,46249.12315646833,5000.0,34209.32156916651,0,,28817.418
2024-11-12 00:00:00+00:00,199.83,199.47,190.06625,31.07065,5.6385727,0.5499999999999999,-7040.793650793887,46115.033576374895,5000.0,34074.23992558101,0,,28733.87
2024-11-13 00:00:00+00:00,198.41,196.88,190.1461,30.765036,5.519287,0.6296296296296297,-7041.78571428595,45516.25776372847,5000.0,33474.47204944252,0,,28360.777
2024-11-14 00:00:00+00:00,198.01,198.43,190.2142,26.013254,5.7085733,0.6296296296296297,-7042.777777778014,45874.59363768686,5000.0,33831.81585990885,0,,28584.053
2024-11-15 00:00:00+00:00,198.86,200.71,190.2871,30.622122,5.675002,0.6296296296296297,-7043.769841270077,46401.70307669698,5000.0,34357.9332354269,0,,28912.492
2024-11-18 00:00:00+00:00,201.72,205.77,190.367,34.436256,5.7728586,0.6296296296296297,-7044.761904762141,47571.513201137524,5000.0,35526.75129637538,0,,29641.39
2024-11-19 00:00:00+00:00,205.96,204.98,190.48195,42.618065,6.004287,0.5499999999999999,-7045.753968254205,47388.87406075144,5000.0,35343.120092497236,0,,29527.588
2024-11-20 00:00:00+00:00,205.89,208.5,190.5981,44.45242,5.982144,0.5499999999999999,-7046.746031746268,48202.65740538662,5000.0,36155.91137364035,0,,30034.648
2024-11-21 00:00:00+00:00,210.18,210.98,190.73856,43.875324,5.826429,0.5499999999999999,-7047.738095238332,48776.00220235349,5000.0,36728.26410711516,0,,30391.896
2024-11-22 00:00:00+00:00,210.45,213.26,190.87115,51.215874,5.265714,0.5499999999999999,-7048.7301587303955,49303.10883645178,5000.0,37254.37867772138,0,,30720.332
2024-11-25 00:00:00+00:00,212.23,214.13,191.01665,54.338535,5.265714,0.5499999999999999,-7049.722222222459,49504.244828335184,5000.0,37454.522606112725,0,,30845.658
2024-11-26 00:00:00+00:00,212.32,217.3,191.1698,52.4327,5.067144,0.5499999999999999,-7050.714285714523,50237.11184849534,5000.0,38186.39756278082,0,,31302.303
2024-11-27 00:00:00+00:00,219.95,217.84,191.3341,74.2544,4.673573,0.5499999999999999,-7051.706349206586,50361.9529226752,5000.0,38310.24657346861,0,,31380.088
2024-11-29 00:00:00+00:00,218.67,215.85,191.4973,78.42767,4.6992874,0.5499999999999999,-7052.69841269865,49901.890083355785,5000.0,37849.191670657136,0,,31093.428
2024-12-02 00:00:00+00:00,217.11,211.91,191.65276,80.73811,4.889289,0.5499999999999999,-7053.6904761907135,48991.0086461193,5000.0,36937.318169928585,0,,30525.865
2024-12-03 00:00:00+00:00,213.65,212.12,191.782,68.7421,4.784289,0.5499999999999999,-7054.682539682777,49039.55809018382,5000.0,36984.87555050104,0,,30556.115
2024-12-04 00:00:00+00:00,211.13,212.06,191.90915,70.22705,4.9407163,0.2222222222222222,-7055.674603174841,49025.688524271456,5000.0,36970.013921096615,0,,30547.473
2024-12-05 00:00:00+00:00,213.66,208.55,192.01085,76.40918,4.9314303,0.5499999999999999,-7056.666666666904,48214.219650368446,5000.0,36157.55298370154,0,,30041.854
2024-12-06 00:00:00+00:00,208.55,203.99,192.10405,66.4821,5.0635734,0.5499999999999999,-7057.658730158968,47160.00374779547,5000.0,35102.3450176365,0,,29384.982
2024-12-09 00:00:00+00:00,202.44,201.6,192.1464,54.972713,5.1964307,0.5499999999999999,-7058.650793651032,46607.46551399737,5000.0,34548.81472034634,0,,29040.701
2024-12-10 00:00:00+00:00,202.18,203.0,192.16866,43.121082,5.0000033,0.6296296296296297,-7059.642857143095,46931.1272342795,5000.0,34871.4843771364,0,,29242.373
2024-12-11 00:00:00+00:00,203.05,202.59,192.2008,46.79819,5.03286,0.5499999999999999,-7060.634920635159,46836.34027759171,5000.0,34775.705356956554,0,,29183.31
2024-12-12 00:00:00+00:00,203.96,199.85,192.23946,39.374306,4.995002,0.5499999999999999,-7061.626984127222,46202.886721528055,5000.0,34141.25973740083,0,,28788.611
2024-12-13 00:00:00+00:00,201.48,200.98,192.2598,30.174555,5.119288,0.5499999999999999,-7062.619047619286,46464.12781422053,5000.0,34401.50876660124,0,,28951.39
2024-12-16 00:00:00+00:00,200.34,195.65,192.3047,27.19164,5.0728583,0.5499999999999999,-7063.61111111135,45231.895733476944,5000.0,33168.284622365594,0,,28183.596
2024-12-17 00:00:00+00:00,197.0,198.08,192.34785,20.554422,5.320716,0.6296296296296297,-7064.603174603413,45793.683905326136,5000.0,33729.08073072272,0,,28533.643
2024-12-18 00:00:00+00:00,197.98,200.07,192.39145,18.635721,4.8350015,0.6296296296296297,-7065.595238095477,46253.749330341256,5000.0,34188.15409224578,0,,28820.305
2024-12-19 00:00:00+00:00,199.19,193.8,192.44055,22.312235,4.8507156,0.6296296296296297,-7066.58730158754,44804.20079795033,5000.0,32737.613496362792,0,,27917.104
2024-12-20 00:00:00+00:00,192.01,191.61,192.47145,19.686533,4.9114294,0.6296296296296297,-7067.579365079604,44297.89874992986,5000.0,32230.319384850256,0,,27601.63
2024-12-23 00:00:00+00:00,193.45,193.1,192.51045,20.681665,4.792144,0.6296296296296297,-7068.571428571668,44642.37074471796,5000.0,32573.799316146295,0,,27816.268
2024-12-24 00:00:00+00:00,193.09,194.41,192.5425,23.50976,4.675715,0.6296296296296297,-7069.563492063731,44945.22822437504,5000.0,32875.66473231131,0,,28004.975
2024-12-26 00:00:00+00:00,193.78,196.55,192.5954,26.244957,4.52143,0.6296296296296297,-7070.555555555795,45439.970311382865,5000.0,33369.41475582707,0,,28313.246
2024-12-27 00:00:00+00:00,195.87,197.23,192.66965,33.230854,4.2642865,0.6296296296296297,-7071.5476190478585,45597.17861321041,5000.0,33525.63099416255,0,,28411.2
2024-12-30 00:00:00+00:00,197.2,195.93,192.7383,39.404373,4.02143,0.5499999999999999,-7072.539682539922,45296.6330161481,5000.0,33224.09333360818,0,,28223.932
2024-12-31 00:00:00+00:00,196.4,195.4,192.8123,40.79842,3.990715,0.6296296296296297,-7073.531746031986,45174.103920964975,5000.0,33100.57217493299,0,,28147.586
2025-01-02 00:00:00+00:00,196.35,196.44,192.8717,37.30794,3.8435724,0.5499999999999999,-7074.523809524049,45414.54111768024,5000.0,33340.01730815619,0,,28297.4
2025-01-03 00:00:00+00:00,197.15,195.24,192.9354,39.94113,3.7300022,0.6296296296296297,-7075.515873016113,45137.11725453586,5000.0,33061.601381519744,0,,28124.54
2025-01-06 00:00:00+00:00,192.62,191.76,192.99396,42.05994,3.5714297,0.6296296296296297,-7076.5079365081765,44332.580088296185,5000.0,32256.07215178801,0,,27623.24
2025-01-07 00:00:00+00:00,191.02,190.84,193.03674,35.309128,3.7071445,0.5499999999999999,-7077.50000000024,44119.88844125015,5000.0,32042.38844124991,0,,27490.713
2025-01-08 00:00:00+00:00,190.92,192.99,193.06995,41.0827,3.7242868,0.6296296296296297,-7078.492063492304,44616.94280080883,5000.0,32538.450737316525,0,,27800.424
2025-01-10 00:00:00+00:00,192.06,190.94,193.1303,40.46461,3.7457156,0.6296296296296297,-7079.484126984367,44143.00724276627,5000.0,32063.5231157819,0,,27505.12
2025-01-13 00:00:00+00:00,191.63,192.72,193.187,32.93459,3.6964297,0.6296296296296297,-7080.476190476431,44554.52096582873,5000.0,32474.044775352297,0,,27761.53
2025-01-14 00:00:00+00:00,192.29,193.37,193.26006,47.574123,3.3985727,0.6296296296296297,-7081.4682539684945,44704.79393861351,5000.0,32623.325684645017,0,,27855.162
2025-01-15 00:00:00+00:00,194.22,192.41,193.32605,54.24709,3.472145,0.6,-7082.460317460558,44482.85562704018,5000.0,32400.395309579624,0,,27716.875
2025-01-16 00:00:00+00:00,193.36,193.92,193.36945,48.29123,3.7450027,0.5499999999999999,-7083.452380952622,44831.94755643291,5000.0,32748.49517548029,0,,27934.39
2025-01-17 00:00:00+00:00,193.6,194.78,193.4297,48.798416,3.6821442,0.5499999999999999,-7084.444444444685,45030.769352968695,5000.0,32946.32490852401,0,,28058.275
2025-01-21 00:00:00+00:00,195.85,197.17,193.49036,45.368904,3.7192874,0.5499999999999999,-7085.436507936749,45583.30644726384,5000.0,33497.869939327094,0,,28402.557
2025-01-22 00:00:00+00:00,197.14,197.73,193.58205,49.855915,3.8328586,0.5499999999999999,-7086.428571428813,45712.77039123477,5000.0,33626.34181980596,0,,28483.227
2025-01-23 00:00:00+00:00,199.11,201.61,193.66286,54.48208,3.835715,0.5499999999999999,-7087.420634920876,46609.77761767687,5000.0,34522.35698275599,0,,29042.145
2025-01-24 00:00:00+00:00,200.61,200.18,193.76625,63.25225,4.0542865,0.5499999999999999,-7088.41269841294,46279.17666835944,5000.0,34190.7639699465,0,,28836.15
2025-01-27 00:00:00+00:00,202.99,205.44,193.8553,57.85052,4.0450006,0.5499999999999999,-7089.404761905003,47495.22451319772,5000.0,35405.819751292714,0,,29593.86
2025-01-28 00:00:00+00:00,205.94,203.63,193.98685,68.29266,4.372857,0.5499999999999999,-7090.396825397067,47076.77537235282,5000.0,34986.378546955755,0,,29333.127
2025-01-29 00:00:00+00:00,202.01,204.02,194.105,72.64404,4.2735715,0.5499999999999999,-7091.388888889131,47166.937586766966,5000.0,35075.548697877835,0,,29389.305
2025-01-30 00:00:00+00:00,203.76,205.91,194.2376,75.662,3.982143,0.5499999999999999,-7092.380952381194,47603.88048836252,5000.0,35511.499535981326,0,,29661.56
2025-01-31 00:00:00+00:00,205.98,204.33,194.3746,75.413055,3.9949994,0.6296296296296297,-7093.373015873258,47238.60336738191,5000.0,35145.23035150865,0,,29433.959
2025-02-03 00:00:00+00:00,204.91,209.55,194.5094,76.83367,3.854285,0.5499999999999999,-7094.365079365321,48445.403639541495,5000.0,36351.03856017617,0,,30185.904
2025-02-04 00:00:00+00:00,208.7,209.19,194.6736,79.640724,4.1471415,0.5499999999999999,-7095.357142857385,48362.17517844863,5000.0,36266.81803559125,0,,30134.047
2025-02-05 00:00:00+00:00,209.49,208.28,194.83475,78.149475,4.0414276,0.5499999999999999,-7096.349206349449,48151.793632961664,5000.0,36055.444426612215,0,,30002.959
2025-02-06 00:00:00+00:00,209.69,207.0,194.9886,78.28874,3.7814276,0.25726979491911794,-7097.341269841512,47855.87213833942,5000.0,35758.53086849791,0,,29818.572
2025-02-07 00:00:00+00:00,206.54,211.17,195.11935,73.508255,3.9014282,0.5499999999999999,-7098.333333333576,48819.925783582315,5000.0,36721.59245024874,0,,30419.266
2025-02-10 00:00:00+00:00,213.05,209.71,195.27525,76.32507,4.154286,0.5499999999999999,-7099.3253968256395,48482.39259027619,5000.0,36383.06719345055,0,,30208.953
2025-02-11 00:00:00+00:00,208.88,208.0,195.4297,70.7616,4.3985715,0.5499999999999999,-7100.317460317703,48087.05970334667,5000.0,35986.742243028966,0,,29962.623
2025-02-12 00:00:00+00:00,206.01,212.04,195.57275,66.37958,4.7757154,0.5499999999999999,-7101.309523809767,49021.05504698243,5000.0,36919.74552317266,0,,30544.588
2025-02-13 00:00:00+00:00,212.0,208.23,195.7245,66.550285,4.925716,0.5499999999999999,-7102.30158730183,48140.230170414514,5000.0,36037.92858311268,0,,29995.754
2025-02-14 00:00:00+00:00,209.45,202.33,195.87366,61.876663,5.0614295,0.5499999999999999,-7103.293650793894,46776.223850463146,5000.0,34672.93019966925,0,,29145.854
2025-02-18 00:00:00+00:00,203.31,207.02,195.9833,45.496666,5.10643,0.5499999999999999,-7104.2857142859575,47860.49709046612,5000.0,35756.21137618016,0,,29821.455
2025-02-19 00:00:00+00:00,207.69,210.25,196.11266,54.530876,5.1971445,0.5499999999999999,-7105.277777778021,48607.23332849207,5000.0,36501.95555071405,0,,30286.742
2025-02-20 00:00:00+00:00,210.25,208.91,196.2644,57.73913,5.3035736,0.5499999999999999,-7106.269841270085,48297.44261958567,5000.0,36191.17277831559,0,,30093.713
2025-02-21 00:00:00+00:00,209.01,210.93,196.43835,53.77834,5.331431,0.5499999999999999,-7107.261904762148,48764.439512075725,5000.0,36657.17760731358,0,,30384.695
2025-02-24 00:00:00+00:00,211.12,210.79,196.59465,58.221222,5.452859,0.5499999999999999,-7108.253968254212,48732.07466477526,5000.0,36623.82069652105,0,,30364.53
2025-02-25 00:00:00+00:00,209.96,208.06,196.73425,51.768383,5.1657157,0.5499999999999999,-7109.246031746276,48100.93314668249,5000.0,35991.68711493621,0,,29971.271
2025-02-26 00:00:00+00:00,207.5,205.31,196.8533,48.49051,5.3514295,0.5499999999999999,-7110.238095238339,47465.167240987714,5000.0,35354.929145749375,0,,29575.13
2025-02-27 00:00:00+00:00,205.06,208.0,196.95235,46.218483,5.434287,0.5499999999999999,-7111.230158730403,48087.06411187377,5000.0,35975.83395314337,0,,29962.63
2025-02-28 00:00:00+00:00,208.99,210.8,197.07774,51.229107,5.4385724,0.5499999999999999,-7112.222222222466,48734.39244427042,5000.0,36622.17022204796,0,,30365.975
2025-03-03 00:00:00+00:00,211.7,214.96,197.22646,49.52939,5.2257147,0.5499999999999999,-7113.21428571453,49696.13559197673,5000.0,37582.9213062622,0,,30965.229
2025-03-04 00:00:00+00:00,216.03,211.32,197.3905,56.248516,5.0621424,0.5499999999999999,-7114.206349206594,48854.61196606629,5000.0,36740.405616859694,0,,30440.88
2025-03-05 00:00:00+00:00,210.82,212.37,197.54405,53.77789,4.931427,0.5499999999999999,-7115.198412698657,49097.35892496073,5000.0,36982.160512262075,0,,30592.135
2025-03-06 00:00:00+00:00,212.61,213.0,197.71695,50.40293,4.682141,0.5499999999999999,-7116.190476190721,49243.00737782057,5000.0,37126.81690162985,0,,30682.885
2025-03-07 00:00:00+00:00,213.99,213.0,197.87395,56.314545,4.7121406,0.5499999999999999,-7117.182539682784,49243.00737782057,5000.0,37125.824838137785,0,,30682.885
2025-03-10 00:00:00+00:00,214.69,219.02,198.02141,66.73989,4.5864267,0.2222222222222222,-7118.174603174848,50634.7611574924,5000.0,38516.58655431755,0,,31550.076
2025-03-11 00:00:00+00:00,218.93,211.16,198.203,68.072296,4.6957126,0.5499999999999999,-7119.166666666912,48817.62529858291,5000.0,36698.458631916,0,,30417.836
2025-03-12 00:00:00+00:00,211.33,208.5,198.3401,51.202755,5.105713,0.5499999999999999,-7120.158730158975,48202.66556979932,5000.0,36082.506839640344,0,,30034.658
2025-03-13 00:00:00+00:00,207.56,215.13,198.4626,49.476368,5.4257126,0.5499999999999999,-7121.150793651039,49735.442906644916,5000.0,37614.29211299388,0,,30989.719
2025-03-14 00:00:00+00:00,212.04,213.95,198.6362,54.798916,5.7442846,0.5499999999999999,-7122.142857143102,49462.638161597584,5000.0,37340.49530445448,0,,30819.736
2025-03-17 00:00:00+00:00,214.29,215.89,198.79305,53.526787,5.808571,0.5499999999999999,-7123.134920635166,49911.142384124585,5000.0,37788.00746348942,0,,31099.195
2025-03-18 00:00:00+00:00,217.87,219.66,198.97826,58.895702,5.7464285,0.2222222222222222,-7124.12698412723,50782.7212580478,5000.0,38658.59427392057,0,,31642.268
2025-03-19 00:00:00+00:00,217.94,217.8,199.19356,65.933815,5.7778573,0.5499999999999999,-7125.119047619293,50352.712743519405,5000.0,38227.59369590011,0,,31374.332
2025-03-20 00:00:00+00:00,218.58,219.42,199.40895,61.085968,5.673572,0.5499999999999999,-7126.111111111357,50727.23342191076,5000.0,38601.1223107994,0,,31607.695
2025-03-21 00:00:00+00:00,220.57,214.77,199.6411,60.018585,5.615001,0.5499999999999999,-7127.1031746034205,49652.21209928925,5000.0,37525.10892468583,0,,30937.857
2025-03-24 00:00:00+00:00,214.8,212.96,199.84,49.78166,5.8871436,0.5499999999999999,-7128.095238095484,49233.76212683001,5000.0,37105.66688873453,0,,30677.125
2025-03-25 00:00:00+00:00,214.45,214.22,200.0262,51.96737,5.709287,0.5499999999999999,-7129.087301587548,49525.058380258335,5000.0,37395.97107867079,0,,30858.629
2025-03-26 00:00:00+00:00,214.82,217.95,200.2238,52.20817,5.6885724,0.5499999999999999,-7130.079365079611,50387.3860843467,5000.0,38257.306719267086,0,,31395.938
2025-03-27 00:00:00+00:00,216.81,220.27,200.44356,55.501217,5.66643,0.5499999999999999,-7131.071428571675,50923.743398100734,5000.0,38792.67196952906,0,,31730.137
2025-03-28 00:00:00+00:00,220.31,222.68,200.6815,57.68337,5.588573,0.5499999999999999,-7132.0634920637385,51480.90153078231,5000.0,39348.83803871857,0,,32077.299
2025-03-31 00:00:00+00:00,223.43,226.29,200.93706,54.18763,5.357144,0.5499999999999999,-7133.055555555802,52315.490802551314,5000.0,40182.43524699551,0,,32597.322
2025-04-01 00:00:00+00:00,225.52,225.04,201.2012,69.17616,4.9742866,0.5499999999999999,-7134.047619047866,52026.50733174624,5000.0,39892.45971269837,0,,32417.26
2025-04-02 00:00:00+00:00,225.08,224.48,201.4794,71.740265,4.635001,0.5499999999999999,-7135.039682539929,51897.04278562649,5000.0,39762.00310308656,0,,32336.59
2025-04-03 00:00:00+00:00,227.55,225.8,201.75826,64.62308,4.2742853,0.2222222222222222,-7136.031746031993,52202.20967737856,5000.0,40066.17793134657,0,,32526.736
2025-04-04 00:00:00+00:00,227.0,215.09,202.04926,68.45222,4.740714,0.2222222222222222,-7137.023809524057,49726.1853007276,5000.0,37589.161491203544,0,,30983.947
2025-04-07 00:00:00+00:00,212.39,207.27,202.27335,49.021523,5.56,0.5499999999999999,-7138.01587301612,47918.29702717084,5000.0,35780.28115415472,0,,29857.467
2025-04-08 00:00:00+00:00,210.37,208.13,202.4627,36.21188,5.8142853,0.6296296296296297,-7139.007936508184,48117.11955485692,5000.0,35978.11161834874,0,,29981.352
2025-04-09 00:00:00+00:00,205.69,205.81,202.64165,38.99385,6.0421414,0.5499999999999999,-7140.000000000247,47580.76268870988,5000.0,35440.762688709634,0,,29647.152
2025-04-10 00:00:00+00:00,204.46,210.02,202.79115,34.752403,6.4849973,0.5499999999999999,-7140.992063492311,48554.067026489385,5000.0,36413.074962997074,0,,30253.611
2025-04-11 00:00:00+00:00,207.97,215.09,202.9846,44.62548,6.619283,0.5499999999999999,-7141.984126984375,49726.18537356189,5000.0,37584.20124657752,0,,30983.947
2025-04-14 00:00:00+00:00,216.87,217.15,203.21535,52.244457,6.9649973,0.5499999999999999,-7142.976190476438,50202.4326197197,5000.0,38059.45642924326,0,,31280.691
2025-04-15 00:00:00+00:00,217.46,217.95,203.4511,53.036263,7.043569,0.5499999999999999,-7143.968253968502,50387.38656918455,5000.0,38243.41831521605,0,,31395.934
2025-04-16 00:00:00+00:00,218.13,217.97,203.6895,50.0,6.9771414,0.5499999999999999,-7144.960317460565,50392.01168549208,5000.0,38247.05136803151,0,,31398.816
2025-04-17 00:00:00+00:00,219.13,217.07,203.92905,47.32682,6.8521414,0.5499999999999999,-7145.952380952629,50183.943444283934,5000.0,38037.991063331305,0,,31269.172
2025-04-21 00:00:00+00:00,217.97,214.39,204.1548,43.24261,6.8414273,0.5499999999999999,-7146.944444444693,49564.359044269346,5000.0,37417.41459982465,0,,30883.115
2025-04-22 00:00:00+00:00,216.26,214.07,204.3698,35.33762,6.8399987,0.5499999999999999,-7147.936507936756,49490.38126900392,5000.0,37342.44476106716,0,,30837.018
2025-04-23 00:00:00+00:00,215.29,211.42,204.58556,36.166477,6.870713,0.5499999999999999,-7148.92857142882,48877.73145243144,5000.0,36728.80288100262,0,,30455.281
2025-04-24 00:00:00+00:00,210.82,212.68,204.7943,34.355545,7.145714,0.5499999999999999,-7149.9206349208835,49169.024647738865,5000.0,37019.10401281798,0,,30636.785
2025-04-25 00:00:00+00:00,211.17,213.59,205.0137,34.26103,6.7357135,0.5499999999999999,-7150.912698412947,49379.4080393196,5000.0,37228.49534090665,0,,30767.873
2025-04-28 00:00:00+00:00,212.76,212.19,205.2388,47.647427,5.834999,0.5499999999999999,-7151.904761905011,49055.74559477171,5000.0,36903.8408328667,0,,30566.201
2025-04-29 00:00:00+00:00,212.82,217.05,205.4531,59.66221,5.4249988,0.5499999999999999,-7152.896825397074,50179.32027705038,5000.0,38026.4234516533,0,,31266.291
2025-04-30 00:00:00+00:00,217.6,221.8,205.6895,65.13917,5.412856,0.5499999999999999,-7153.888888889138,51277.46068808647,5000.0,39123.57179919733,0,,31950.533
2025-05-01 00:00:00+00:00,220.0,221.21,205.951,75.070564,5.1892853,0.5499999999999999,-7154.8809523812015,51141.06079220458,5000.0,38986.17983982338,0,,31865.545
2025-05-02 00:00:00+00:00,218.94,226.39,206.19446,69.79131,4.756429,0.5499999999999999,-7155.873015873265,52338.61251885519,5000.0,40182.73950298192,0,,32611.729
2025-05-05 00:00:00+00:00,227.84,231.67,206.46214,69.9084,5.1978583,0.5499999999999999,-7156.865079365329,53559.28411390873,5000.0,41402.4190345434,0,,33372.316
2025-05-06 00:00:00+00:00,231.71,233.32,206.71925,72.97469,5.367859,0.5499999999999999,-7157.857142857392,53940.74823628394,5000.0,41782.891093426544,0,,33610.004
2025-05-07 00:00:00+00:00,233.92,234.23,206.96616,73.68261,5.480001,0.5499999999999999,-7158.849206349456,54151.12634192989,5000.0,41992.277135580436,0,,33741.09
2025-05-08 00:00:00+00:00,236.02,228.14,207.21416,74.38513,5.5550003,0.5499999999999999,-7159.8412698415195,52743.19258996014,5000.0,40583.35132011862,0,,32863.816
2025-05-09 00:00:00+00:00,229.34,231.71,207.42485,64.365425,5.912143,0.5499999999999999,-7160.833333333583,53568.537319967654,5000.0,41407.70398663407,0,,33378.082
2025-05-12 00:00:00+00:00,229.47,221.12,207.6673,71.96856,5.9449997,0.5499999999999999,-7161.825396825647,51120.25647201636,5000.0,38958.43107519071,0,,31852.58
2025-05-13 00:00:00+00:00,221.53,220.38,207.84705,57.09397,6.8092856,0.6296296296296297,-7162.81746031771,50949.179344566975,5000.0,38786.361884249265,0,,31745.982
2025-05-14 00:00:00+00:00,217.16,213.53,208.0137,59.37632,6.5078573,0.5499999999999999,-7163.809523809774,49365.541809365415,5000.0,37201.73228555564,0,,30759.232
2025-05-15 00:00:00+00:00,213.93,219.14,208.14905,50.796333,6.756429,0.5671688710879285,-7164.801587301838,50662.505635176305,5000.0,38497.70404787447,0,,31567.36
2025-05-16 00:00:00+00:00,219.45,220.95,208.31685,54.778717,6.892857,0.5499999999999999,-7165.793650793901,51080.95436533974,5000.0,38915.16071454584,0,,31828.092
2025-05-19 00:00:00+00:00,220.18,224.41,208.48634,57.489735,6.997857,0.5499999999999999,-7166.785714285965,51880.8662706635,5000.0,39714.080556377536,0,,32326.51
2025-05-20 00:00:00+00:00,223.12,226.06,208.69086,56.447094,6.87643,0.5499999999999999,-7167.777777778028,52262.325038297175,5000.0,40094.547260519146,0,,32564.193
2025-05-21 00:00:00+00:00,225.1,228.23,208.8924,53.9459,6.655002,0.5499999999999999,-7168.769841270092,52764.00201037453,5000.0,40595.232169104434,0,,32876.785
2025-05-22 00:00:00+00:00,228.29,228.42,209.0646,56.317486,6.642858,0.5499999999999999,-7169.761904762156,52807.93108538202,5000.0,40638.169180619865,0,,32904.156
2025-05-23 00:00:00+00:00,226.58,231.58,209.22536,52.00712,5.807858,0.2222222222222222,-7170.753968254219,53538.488575070245,5000.0,41367.734606816026,0,,33359.36
2025-05-27 00:00:00+00:00,230.18,231.26,209.397,49.907124,5.705001,0.5499999999999999,-7171.746031746283,53464.50831632911,5000.0,41292.76228458283,0,,33313.266
2025-05-28 00:00:00+00:00,231.96,225.99,209.5421,47.81408,5.6035724,0.2222222222222222,-7172.738095238346,52246.1501722535,5000.0,40073.41207701516,0,,32554.117
2025-05-29 00:00:00+00:00,225.74,227.24,209.65115,41.996902,5.838573,0.5499999999999999,-7173.73015873041,52535.13365101928,5000.0,40361.40349228887,0,,32734.18
2025-05-30 00:00:00+00:00,229.06,229.12,209.78325,49.03517,5.539287,0.3688369690559762,-7174.722222222474,52969.763362573416,5000.0,40795.04114035094,0,,33004.996
2025-06-02 00:00:00+00:00,230.73,231.1,209.91075,47.119007,5.430715,0.5499999999999999,-7175.714285714537,53427.5195308725,5000.0,41251.805245157964,0,,33290.22
2025-06-03 00:00:00+00:00,231.69,227.28,210.05486,63.73144,4.520714,0.5499999999999999,-7176.706349206601,52544.37976731813,5000.0,40367.67341811153,0,,32739.941
2025-06-04 00:00:00+00:00,228.29,223.74,210.1613,58.751892,4.738571,0.5499999999999999,-7177.6984126986645,51725.976433288386,5000.0,39548.27802058972,0,,32230.002
2025-06-05 00:00:00+00:00,225.26,222.75,210.2751,64.13737,4.535713,0.5499999999999999,-7178.690476190728,51497.098794322446,5000.0,39318.40831813172,0,,32087.39
2025-06-06 00:00:00+00:00,222.99,222.6,210.37415,55.73198,4.410713,0.5499999999999999,-7179.682539682792,51462.42303375052,5000.0,39282.74049406773,0,,32065.785
2025-06-09 00:00:00+00:00,221.37,219.55,210.4642,52.765686,4.259285,0.5499999999999999,-7180.674603174855,50757.298451714414,5000.0,38576.62384853956,0,,31626.428
2025-06-10 00:00:00+00:00,219.78,221.1,210.53185,41.74031,4.2821417,0.6296296296296297,-7181.666666666919,51115.64151485503,5000.0,38933.97484818811,0,,31849.709
2025-06-11 00:00:00+00:00,219.87,222.89,210.6027,41.541626,4.259284,0.5499999999999999,-7182.6587301589825,51529.46661696951,5000.0,39346.80788681053,0,,32107.559
2025-06-12 00:00:00+00:00,222.89,226.3,210.6682,40.77402,4.2207117,0.5499999999999999,-7183.650793651046,52317.82014197493,5000.0,40134.169348323885,0,,32598.775
2025-06-13 00:00:00+00:00,227.94,225.81,210.7516,46.703987,4.211426,0.5499999999999999,-7184.64285714311,52204.53544860759,5000.0,40019.89259146448,0,,32528.188
2025-06-16 00:00:00+00:00,225.77,224.49,210.815,40.21702,4.1078544,0.5499999999999999,-7185.634920635173,51899.368285888144,5000.0,39713.73336525297,0,,32338.043
2025-06-17 00:00:00+00:00,225.11,225.41,210.8807,38.898014,4.055712,0.5499999999999999,-7186.626984127237,52112.0610810375,5000.0,39925.43409691026,0,,32470.57
2025-06-18 00:00:00+00:00,226.21,227.6,210.96265,48.890587,3.6978543,0.5499999999999999,-7187.6190476193005,52618.36499822682,5000.0,40430.74595060752,0,,32786.043
2025-06-20 00:00:00+00:00,229.41,225.85,211.0652,50.6647,3.6728537,0.5499999999999999,-7188.611111111364,52213.785569410604,5000.0,40025.17445829924,0,,32533.953
2025-06-23 00:00:00+00:00,226.86,230.12,211.16745,43.93323,3.824997,0.5499999999999999,-7189.603174603428,53200.95793027636,5000.0,41011.35475567293,0,,33149.05
2025-06-24 00:00:00+00:00,230.12,229.27,211.25385,48.324196,3.9742835,0.5499999999999999,-7190.595238095491,53004.44956065537,5000.0,40813.85432255988,0,,33026.61
2025-06-25 00:00:00+00:00,229.45,230.4,211.34805,53.787605,3.8299975,0.5499999999999999,-7191.587301587555,53265.68670067142,5000.0,41074.09939908386,0,,33189.387
2025-06-26 00:00:00+00:00,230.01,226.15,211.44695,63.956406,3.7314258,0.5499999999999999,-7192.579365079619,52283.136815316364,5000.0,40090.557450236745,0,,32577.166
2025-06-27 00:00:00+00:00,225.41,229.0,211.52196,56.268433,3.8599985,0.5499999999999999,-7193.571428571682,52942.026119902774,5000.0,40748.45469133109,0,,32987.715
2025-06-30 00:00:00+00:00,229.49,233.21,211.61024,60.731052,4.1192846,0.5499999999999999,-7194.563492063746,53915.33019206651,5000.0,41720.766700002765,0,,33594.17
2025-07-01 00:00:00+00:00,233.71,232.0,211.71725,72.0465,4.187856,0.6296296296296297,-7195.555555555809,53635.592382017516,5000.0,41440.03682646171,0,,33419.867
2025-07-02 00:00:00+00:00,232.41,231.35,211.81856,67.78721,4.4249997,0.5499999999999999,-7196.547619047873,53485.32066709671,5000.0,41288.77304804884,0,,33326.234
2025-07-03 00:00:00+00:00,231.19,231.37,211.9267,64.339005,4.6007147,0.5499999999999999,-7197.539682539937,53489.94322872835,5000.0,41292.40354618841,0,,33329.113
2025-07-07 00:00:00+00:00,232.31,235.22,212.0356,59.70892,4.557858,0.5499999999999999,-7198.531746032,54380.01947325766,5000.0,42181.487727225656,0,,33883.715
2025-07-08 00:00:00+00:00,234.93,232.54,212.14865,65.96541,4.6600003,0.5499999999999999,-7199.523809524064,53760.43492106666,5000.0,41560.9111115426,0,,33497.656
2025-07-09 00:00:00+00:00,232.21,232.06,212.2431,63.05545,4.8600006,0.5499999999999999,-7200.515873016127,53649.464327271395,5000.0,41448.94845425527,0,,33428.516
2025-07-10 00:00:00+00:00,232.52,234.43,212.3501,60.941093,4.9500012,0.5499999999999999,-7201.507936508191,54197.38084784859,5000.0,41995.8729113404,0,,33769.914
2025-07-11 00:00:00+00:00,233.53,235.01,212.48755,61.17107,4.955002,0.5499999999999999,-7202.500000000255,54331.46893995115,5000.0,42128.96893995089,0,,33853.465
2025-07-14 00:00:00+00:00,236.12,235.96,212.62155,65.578224,4.9107165,0.5499999999999999,-7203.492063492318,54551.0977641558,5000.0,42347.60570066348,0,,33990.312
2025-07-15 00:00:00+00:00,236.65,233.95,212.75345,61.19634,4.7950025,0.5499999999999999,-7204.484126984382,54086.406561034724,5000.0,41881.92243405034,0,,33700.77
2025-07-16 00:00:00+00:00,235.0,237.1,212.8895,58.59029,4.7864327,0.5499999999999999,-7205.4761904764455,54814.65032308151,5000.0,42609.17413260506,0,,34154.53
2025-07-17 00:00:00+00:00,237.88,237.84,213.0595,61.44908,4.9300046,0.5499999999999999,-7206.468253968509,54985.7278558627,5000.0,42779.25960189419,0,,34261.13
2025-07-18 00:00:00+00:00,237.64,238.62,213.22145,72.699005,4.7378607,0.5499999999999999,-7207.460317460573,55166.05722147886,5000.0,42958.59690401829,0,,34373.492
2025-07-21 00:00:00+00:00,238.01,236.26,213.40155,70.31247,4.5942883,0.5499999999999999,-7208.452380952636,54620.453953644675,5000.0,42412.00157269204,0,,34033.53
2025-07-22 00:00:00+00:00,236.42,241.18,213.5585,56.985767,4.3900027,0.5499999999999999,-7209.4444444447,55757.90041445298,5000.0,43548.45597000828,0,,34742.26
2025-07-23 00:00:00+00:00,240.87,240.75,213.7147,67.97179,4.3307166,0.5499999999999999,-7210.4365079367635,55658.48998085082,5000.0,43448.053472914056,0,,34680.32
2025-07-24 00:00:00+00:00,240.96,245.91,213.8592,68.562386,4.2878604,0.5499999999999999,-7211.428571428827,56851.41816263344,5000.0,44639.98959120461,0,,35423.625
2025-07-25 00:00:00+00:00,246.78,246.51,214.038,73.86736,4.5242887,0.5499999999999999,-7212.420634920891,56990.127466433856,5000.0,44777.706831512965,0,,35510.055
2025-07-28 00:00:00+00:00,247.73,241.54,214.21844,70.74603,4.349289,0.5499999999999999,-7213.412698412954,55841.12386619984,5000.0,43627.71116778689,0,,34794.117
2025-07-29 00:00:00+00:00,241.05,239.76,214.38925,65.254234,4.4485736,0.5499999999999999,-7214.404761905018,55429.60833987121,5000.0,43215.20357796619,0,,34537.707
2025-07-30 00:00:00+00:00,239.78,241.68,214.55045,62.499992,4.630717,0.5499999999999999,-7215.396825397082,55873.4888227641,5000.0,43658.09199736702,0,,34814.285
2025-07-31 00:00:00+00:00,241.62,241.04,214.7283,61.943985,4.732859,0.5499999999999999,-7216.388888889145,55725.52939007767,5000.0,43509.14050118852,0,,34722.094
2025-08-01 00:00:00+00:00,241.46,247.79,214.8995,59.914497,4.53143,0.5499999999999999,-7217.380952381209,57286.04998659164,5000.0,45068.669034210434,0,,35694.438
2025-08-04 00:00:00+00:00,248.14,250.87,215.10844,66.33525,4.874287,0.5499999999999999,-7218.373015873272,57998.106044766246,5000.0,45779.73302889297,0,,36138.113
2025-08-05 00:00:00+00:00,249.5,248.79,215.33565,72.69314,4.944287,0.5499999999999999,-7219.365079365336,57517.23648052871,5000.0,45297.87140116337,0,,35838.49
2025-08-06 00:00:00+00:00,248.36,248.1,215.5271,66.141945,4.903572,0.5499999999999999,-7220.3571428574,57357.72136811658,5000.0,45137.36422525918,0,,35739.098
2025-08-07 00:00:00+00:00,248.11,249.5,215.7141,64.18697,5.0278583,0.5499999999999999,-7221.349206349463,57681.384733800274,5000.0,45460.03552745081,0,,35940.77
2025-08-08 00:00:00+00:00,248.09,252.58,215.91385,64.790665,5.1585727,0.5499999999999999,-7222.341269841527,58393.445161002106,5000.0,46171.10389116058,0,,36384.445
2025-08-11 00:00:00+00:00,251.92,253.24,216.13036,71.760025,5.308572,0.560495063338301,-7223.33333333359,58546.03118217858,5000.0,46322.69784884499,0,,36479.52
2025-08-12 00:00:00+00:00,254.5,248.52,216.33446,68.14082,5.2085714,0.5499999999999999,-7224.325396825654,57454.824959602774,5000.0,45230.49956277712,0,,35799.598
2025-08-13 00:00:00+00:00,246.33,245.43,216.5082,60.35173,5.3628564,0.5499999999999999,-7225.317460317718,56740.45188386583,5000.0,44515.134423548116,0,,35354.477
2025-08-14 00:00:00+00:00,245.58,243.71,216.6676,49.323166,5.1507134,0.5499999999999999,-7226.309523809781,56342.81050101081,5000.0,44116.50097720103,0,,35106.71
2025-08-15 00:00:00+00:00,243.73,247.63,216.8112,46.172787,5.2228556,0.5499999999999999,-7227.301587301845,57249.066072290385,5000.0,45021.76448498854,0,,35671.39
2025-08-18 00:00:00+00:00,246.91,245.96,216.98524,58.570244,5.0657144,0.5499999999999999,-7228.2936507939085,56862.983641708146,5000.0,44634.68999091424,0,,35430.83
2025-08-19 00:00:00+00:00,244.4,246.13,217.15034,58.75214,4.8942847,0.5499999999999999,-7229.285714285972,56902.28594063004,5000.0,44673.00022634407,0,,35455.316
2025-08-20 00:00:00+00:00,246.95,251.93,217.31995,56.608276,4.769286,0.5499999999999999,-7230.277777778036,58243.17102827677,5000.0,46012.89325049873,0,,36290.81
2025-08-21 00:00:00+00:00,249.83,249.25,217.5315,64.022675,5.0342865,0.5499999999999999,-7231.269841270099,57623.5906722195,5000.0,45392.3208309494,0,,35904.754
2025-08-22 00:00:00+00:00,250.59,246.43,217.7099,52.10013,4.6492853,0.5499999999999999,-7232.261904762163,56971.638816164916,5000.0,44739.37691140275,0,,35498.527
2025-08-25 00:00:00+00:00,245.0,249.08,217.89204,43.56521,4.7142844,0.5499999999999999,-7233.2539682542265,57584.29083117487,5000.0,45351.03686292064,0,,35880.27
2025-08-26 00:00:00+00:00,248.78,242.76,218.08945,50.41347,4.732143,0.5499999999999999,-7234.24603174629,56123.181628946266,5000.0,43888.935597199976,0,,34969.863
2025-08-27 00:00:00+00:00,242.05,237.95,218.24245,43.43979,4.8942847,0.5499999999999999,-7235.238095238354,55011.16947883183,5000.0,42775.93138359347,0,,34276.98
2025-08-28 00:00:00+00:00,237.29,235.26,218.4254,36.907726,4.8978567,0.5499999999999999,-7236.230158730417,54389.27288650074,5000.0,42153.04272777032,0,,33889.48
2025-08-29 00:00:00+00:00,235.7,235.95,218.6029,30.192123,4.83357,0.5499999999999999,-7237.222222222481,54548.79151948807,5000.0,42311.56929726559,0,,33988.875
2025-09-02 00:00:00+00:00,236.66,231.88,218.79836,30.23999,4.74857,0.5499999999999999,-7238.2142857145445,53607.857301357646,5000.0,41369.6430156431,0,,33402.586
2025-09-03 00:00:00+00:00,231.5,235.41,218.9575,30.696053,4.6421423,0.5499999999999999,-7239.206349206608,54423.95029330044,5000.0,42184.74394409383,0,,33911.086
2025-09-04 00:00:00+00:00,232.71,234.17,219.1372,38.493347,4.7957144,0.5499999999999999,-7240.198412698672,54137.275331300196,5000.0,41897.076918601524,0,,33732.46
2025-09-05 00:00:00+00:00,233.84,232.58,219.32365,38.922424,4.776429,0.5499999999999999,-7241.190476190735,53769.687415841494,5000.0,41528.49693965076,0,,33503.42
2025-09-08 00:00:00+00:00,233.84,234.37,219.4944,31.52467,4.675715,0.6296296296296297,-7242.182539682799,54183.51349869745,5000.0,41941.33095901465,0,,33761.273
2025-09-09 00:00:00+00:00,233.26,232.43,219.6627,35.813934,4.6957145,0.6296296296296297,-7243.174603174863,53735.0075455275,5000.0,41491.83294235264,0,,33481.812
2025-09-10 00:00:00+00:00,233.43,234.51,219.796,33.92772,4.671428,0.6296296296296297,-7244.166666666926,54215.877945173685,5000.0,41971.71127850676,0,,33781.438
2025-09-11 00:00:00+00:00,234.98,236.37,219.94365,27.609262,4.588572,0.6296296296296297,-7245.15873015899,54645.88960183998,5000.0,42400.73087168099,0,,34049.375
2025-09-12 00:00:00+00:00,236.54,234.21,220.083,33.088238,4.584286,0.6296296296296297,-7246.150793651053,54146.52634201625,5000.0,41900.3755483652,0,,33738.227
2025-09-15 00:00:00+00:00,233.43,234.09,220.19914,33.671852,4.3914294,0.5499999999999999,-7247.142857143117,54118.7805177411,5000.0,41871.63766059798,0,,33720.938
2025-09-16 00:00:00+00:00,233.11,233.74,220.3033,28.518192,4.421429,0.6296296296296297,-7248.134920635181,54037.86628915234,5000.0,41789.73136851716,0,,33670.523
2025-09-17 00:00:00+00:00,233.86,236.96,220.40135,34.405266,4.299287,0.5499999999999999,-7249.126984127244,54782.28894738607,5000.0,42533.161963258826,0,,34134.367
2025-09-18 00:00:00+00:00,236.67,234.43,220.49965,48.18882,4.2171435,0.6296296296296297,-7250.119047619308,54197.3795429208,5000.0,41947.26049530149,0,,33769.914
2025-09-19 00:00:00+00:00,231.69,233.06,220.5826,48.472576,4.242144,0.5499999999999999,-7251.111111111371,53880.65344979035,5000.0,41629.54233867898,0,,33572.566
2025-09-22 00:00:00+00:00,235.0,236.62,220.66866,44.81149,4.3050013,0.5499999999999999,-7252.103174603435,54703.68051345125,5000.0,42451.57733884781,0,,34085.387
2025-09-23 00:00:00+00:00,236.99,240.32,220.7922,58.668602,4.200715,0.5499999999999999,-7253.095238095499,55559.077640162905,5000.0,43305.982402067406,0,,34618.38
2025-09-24 00:00:00+00:00,240.06,243.19,220.9332,58.92403,4.214286,0.5499999999999999,-7254.087301587562,56222.5856259922,5000.0,43968.49832440464,0,,35031.8
2025-09-25 00:00:00+00:00,243.17,243.99,221.08885,65.47701,4.323571,0.5499999999999999,-7255.079365079626,56407.53433862119,5000.0,44152.454973541564,0,,35147.043
2025-09-26 00:00:00+00:00,246.02,243.52,221.26605,70.12346,4.567857,0.5499999999999999,-7256.0714285716895,56298.876341087176,5000.0,44042.80491251549,0,,35079.34
2025-09-29 00:00:00+00:00,244.07,246.24,221.4637,66.925644,4.537143,0.5499999999999999,-7257.063492063753,56927.70961313074,5000.0,44670.64612106699,0,,35471.156
2025-09-30 00:00:00+00:00,247.62,245.25,221.6869,74.82921,4.7242866,0.5499999999999999,-7258.055555555817,56698.83106757619,5000.0,44440.77551202037,0,,35328.547
2025-10-01 00:00:00+00:00,245.0,241.57,221.89815,70.097305,4.7285724,0.5499999999999999,-7259.04761904788,55848.06215398261,5000.0,43589.01453493473,0,,34798.438
2025-10-02 00:00:00+00:00,241.82,241.49,222.09305,59.11004,4.941429,0.5499999999999999,-7260.039682539944,55829.56731948042,5000.0,43569.527636940475,0,,34786.914
2025-10-03 00:00:00+00:00,241.3,239.54,222.30125,63.7566,4.9757156,0.5499999999999999,-7261.0317460320075,55378.746954969014,5000.0,43117.71520893701,0,,34506.01
2025-10-06 00:00:00+00:00,238.57,236.84,222.49405,59.632366,4.8064294,0.5499999999999999,-7262.023809524071,54754.54009480423,5000.0,42492.51628528016,0,,34117.074
2025-10-07 00:00:00+00:00,237.66,240.9,222.7,55.058727,4.781429,0.5499999999999999,-7263.015873016135,55693.16514680009,5000.0,43430.14927378396,0,,34701.92
2025-10-08 00:00:00+00:00,241.21,241.26,222.9141,56.257915,4.7528577,0.5499999999999999,-7264.007936508198,55776.393439060295,5000.0,43512.3855025521,0,,34753.78
2025-10-09 00:00:00+00:00,241.9,240.77,223.12006,61.65131,4.7550006,0.5499999999999999,-7265.000000000262,55663.113331678804,5000.0,43398.11333167854,0,,34683.195
2025-10-10 00:00:00+00:00,241.46,244.71,223.3549,63.559628,4.673572,0.5499999999999999,-7265.9920634923255,56573.99658625209,5000.0,44308.004522759766,0,,35250.758
2025-10-13 00:00:00+00:00,246.4,243.49,223.6204,64.040276,4.7571445,0.5499999999999999,-7266.984126984389,56291.94628681839,5000.0,44024.962159834,0,,35075.016
2025-10-14 00:00:00+00:00,243.89,238.21,223.87234,56.019745,4.7214303,0.5499999999999999,-7267.976190476453,55071.27532479973,5000.0,42803.29913432328,0,,34314.426
2025-10-15 00:00:00+00:00,239.05,241.74,224.09135,41.336124,5.00143,0.5499999999999999,-7268.968253968516,55887.37142031711,5000.0,43618.403166348595,0,,34822.93
2025-10-16 00:00:00+00:00,242.39,235.97,224.3173,46.425167,5.0121436,0.5499999999999999,-7269.96031746058,54553.416966974284,5000.0,42283.456649513704,0,,33991.754
2025-10-17 00:00:00+00:00,236.9,239.62,224.511,39.733475,5.258572,0.5499999999999999,-7270.952380952644,55397.24929512095,5000.0,43126.296914168306,0,,34517.54
2025-10-20 00:00:00+00:00,238.71,237.09,224.72945,41.220146,5.192143,0.5499999999999999,-7271.944444444707,54812.34481870855,5000.0,42540.400374263845,0,,34153.09
2025-10-21 00:00:00+00:00,237.09,233.29,224.9379,39.60244,5.2871423,0.5499999999999999,-7272.936507936771,53933.82960368416,5000.0,41660.893095747386,0,,33605.695
2025-10-22 00:00:00+00:00,234.15,237.35,225.12215,39.48169,5.2335706,0.5499999999999999,-7273.928571428834,54872.45325256753,5000.0,42598.5246811387,0,,34190.543
2025-10-23 00:00:00+00:00,235.88,237.25,225.3327,45.223812,5.4635696,0.5499999999999999,-7274.920634920898,54849.33300591622,5000.0,42574.41237099532,0,,34176.137
2025-10-24 00:00:00+00:00,236.88,238.75,225.56015,47.240307,5.642856,0.5499999999999999,-7275.912698412962,55196.11808332534,5000.0,42920.20538491238,0,,34392.215
2025-10-27 00:00:00+00:00,238.6,238.27,225.7997,52.37032,5.6371427,0.5499999999999999,-7276.904761905025,55085.14823809294,5000.0,42808.24347618791,0,,34323.074
2025-10-28 00:00:00+00:00,238.01,238.53,226.0261,46.417885,5.567857,0.5499999999999999,-7277.896825397089,55145.252889761396,5000.0,42867.35606436431,0,,34360.523
2025-10-29 00:00:00+00:00,238.4,232.68,226.26405,46.271515,5.4857135,0.5499999999999999,-7278.888888889152,53792.80314599666,5000.0,41513.914257107506,0,,33517.824
2025-10-30 00:00:00+00:00,232.12,236.81,226.46385,40.362152,5.7807136,0.6296296296296297,-7279.880952381216,54747.60749785374,5000.0,42467.72654547253,0,,34112.754
2025-10-31 00:00:00+00:00,239.38,245.64,226.68105,40.630924,5.805713,0.5499999999999999,-7280.87301587328,56788.99441854889,5000.0,44508.12140267561,0,,35384.723
2025-11-03 00:00:00+00:00,247.2,246.92,226.9472,52.159927,6.4649997,0.5499999999999999,-7281.865079365343,57084.914853026654,5000.0,44803.04977366131,0,,35569.11
2025-11-04 00:00:00+00:00,249.3,250.26,227.2122,59.514954,6.1621423,0.5499999999999999,-7282.857142857407,57857.084119771855,5000.0,45574.22697691445,0,,36050.242
2025-11-05 00:00:00+00:00,251.44,251.4,227.4896,59.346188,6.062856,0.5499999999999999,-7283.8492063494705,58120.63617732237,5000.0,45836.7869709729,0,,36214.457
2025-11-06 00:00:00+00:00,250.0,252.64,227.76076,68.840034,5.8885703,0.5499999999999999,-7284.841269841534,58407.31061037168,5000.0,46122.469340530144,0,,36393.082
2025-11-07 00:00:00+00:00,255.25,256.62,228.0353,66.89153,5.8671417,0.5499999999999999,-7285.833333333598,59327.437585487365,5000.0,47041.60425215377,0,,36966.406
2025-11-10 00:00:00+00:00,255.98,259.14,228.31035,74.41859,5.7728567,0.5499999999999999,-7286.825396825661,59910.0320992067,5000.0,47623.20670238104,0,,37329.414
2025-11-11 00:00:00+00:00,261.9,259.25,228.60515,83.3893,5.9864297,0.5499999999999999,-7287.817460317725,59935.4570224208,5000.0,47647.639562103075,0,,37345.258
2025-11-12 00:00:00+00:00,260.73,260.88,228.8742,81.50171,5.8292856,0.2222222222222222,-7288.8095238097885,60312.291399981,5000.0,48023.48187617121,0,,37580.06
2025-11-13 00:00:00+00:00,260.99,259.96,229.16045,82.557175,5.709286,0.5499999999999999,-7289.801587301852,60099.59597822739,5000.0,47809.79439092554,0,,37447.527
2025-11-14 00:00:00+00:00,261.14,258.35,229.44016,79.69753,5.534284,0.2222222222222222,-7290.793650793916,59727.38592143861,5000.0,47436.592270644695,0,,37215.605
2025-11-17 00:00:00+00:00,258.07,257.87,229.70235,77.25298,5.674285,0.5499999999999999,-7291.785714285979,59616.41267808625,5000.0,47324.62696380027,0,,37146.46
2025-11-18 00:00:00+00:00,258.81,259.11,229.97005,76.0928,5.701429,0.2222222222222222,-7292.777777778043,59903.0808879008,5000.0,47610.30311012275,0,,37325.082
2025-11-19 00:00:00+00:00,258.6,254.29,230.21785,90.72417,5.5592856,0.2222222222222222,-7293.769841270107,58788.75582226019,5000.0,46494.98598099008,0,,36630.758
2025-11-20 00:00:00+00:00,254.29,255.32,230.44334,76.372955,5.653572,0.5499999999999999,-7294.76190476217,59026.879280327215,5000.0,46732.117375565045,0,,36779.13
2025-11-21 00:00:00+00:00,255.78,252.6,230.67854,69.10024,4.875,0.5499999999999999,-7295.753968254234,58398.04722533008,5000.0,46102.29325707585,0,,36387.31
2025-11-24 00:00:00+00:00,252.55,254.5,230.90656,60.60494,4.8778586,0.5499999999999999,-7296.746031746297,58837.30265194874,5000.0,46540.55662020244,0,,36661.008
2025-11-25 00:00:00+00:00,256.44,257.32,231.1232,58.366226,4.8535743,0.5499999999999999,-7297.738095238361,59489.25660173412,5000.0,47191.51850649576,0,,37067.234
2025-11-26 00:00:00+00:00,258.19,258.12,231.36125,60.954865,4.9107184,0.5499999999999999,-7298.730158730425,59674.20740789567,5000.0,47375.47724916525,0,,37182.477
2025-11-28 00:00:00+00:00,258.57,258.17,231.61185,60.308495,4.8450055,0.5499999999999999,-7299.722222222488,59685.774316403644,5000.0,47386.052094181156,0,,37189.684
2025-12-01 00:00:00+00:00,258.72,255.28,231.8425,53.42167,4.707148,0.5499999999999999,-7300.714285714552,59017.63808314449,5000.0,46716.92379742994,0,,36773.375
2025-12-02 00:00:00+00:00,256.32,254.35,232.07774,41.61596,4.454289,0.5499999999999999,-7301.706349206615,58802.634709542945,5000.0,46500.92836033633,0,,36639.406
2025-12-03 00:00:00+00:00,255.9,253.9,232.33784,39.72318,4.367862,0.5499999999999999,-7302.698412698679,58698.59846145009,5000.0,46395.90004875141,0,,36574.582
2025-12-04 00:00:00+00:00,253.1,254.92,232.57225,34.59841,4.3650045,0.5499999999999999,-7303.690476190743,58934.411455471374,5000.0,46630.72097928063,0,,36721.516
2025-12-05 00:00:00+00:00,255.13,252.76,232.7956,38.92797,4.5142922,0.5499999999999999,-7304.682539682806,58435.04385695641,5000.0,46130.3613172736,0,,36410.363
2025-12-08 00:00:00+00:00,253.21,253.22,233.01485,38.009434,4.4721494,0.5499999999999999,-7305.67460317487,58541.39377991909,5000.0,46235.71917674422,0,,36476.633
2025-12-09 00:00:00+00:00,254.25,253.02,233.2263,40.017204,4.417149,0.5499999999999999,-7306.666666666933,58495.156549083076,5000.0,46188.48988241614,0,,36447.82
2025-12-10 00:00:00+00:00,253.7,249.06,233.43745,36.31468,4.39215,0.5499999999999999,-7307.658730158997,57579.6495778038,5000.0,45271.9908476448,0,,35877.375
2025-12-11 00:00:00+00:00,250.26,251.1,233.64246,37.774704,4.273578,0.5512062220566318,-7308.650793651061,58051.277018553315,5000.0,45742.626224902255,0,,36171.242
2025-12-12 00:00:00+00:00,253.99,253.02,233.8714,40.580376,4.2692924,0.5499999999999999,-7309.642857143124,58495.15578968245,5000.0,46185.51293253933,0,,36447.82
2025-12-15 00:00:00+00:00,252.81,246.75,234.0965,50.972214,4.1542916,0.5499999999999999,-7310.634920635188,57045.605428364084,5000.0,44734.970507728896,0,,35544.62
2025-12-16 00:00:00+00:00,248.16,248.99,234.27625,35.07897,4.463575,0.5499999999999999,-7311.6269841272515,57563.466907238864,5000.0,45251.83992311161,0,,35867.297
2025-12-17 00:00:00+00:00,249.35,252.26,234.4464,33.59594,4.425003,0.5499999999999999,-7312.619047619315,58319.450739387976,5000.0,46006.83169176866,0,,36338.34
2025-12-18 00:00:00+00:00,251.3,248.67,234.6511,39.48315,4.53143,0.5499999999999999,-7313.611111111379,57489.48772899115,5000.0,45175.876617879774,0,,35821.2
2025-12-19 00:00:00+00:00,249.33,247.27,234.8326,34.87261,4.6657157,0.5499999999999999,-7314.603174603442,57165.82782773256,5000.0,44851.22465312912,0,,35619.53
2025-12-22 00:00:00+00:00,247.87,251.83,235.00395,36.609848,4.5550013,0.5499999999999999,-7315.595238095506,58220.04112122139,5000.0,45904.44588312588,0,,36276.402
2025-12-23 00:00:00+00:00,251.94,254.76,235.1981,46.243286,4.8242874,0.5499999999999999,-7316.5873015875695,58897.42120781397,5000.0,46580.8339062264,0,,36698.473
2025-12-24 00:00:00+00:00,254.69,255.96,235.3768,51.193783,4.877144,0.5499999999999999,-7317.579365079633,59174.84671204355,5000.0,46857.26734696392,0,,36871.332
2025-12-26 00:00:00+00:00,256.66,256.15,235.6008,51.436474,4.750001,0.5499999999999999,-7318.571428571697,59218.766107922966,5000.0,46900.19467935127,0,,36898.7
2025-12-29 00:00:00+00:00,256.53,256.11,235.83905,54.951797,4.584286,0.5499999999999999,-7319.56349206376,59209.51825850607,5000.0,46889.95476644231,0,,36892.938
2025-12-30 00:00:00+00:00,256.7,254.54,236.04395,54.27386,4.597858,0.5499999999999999,-7320.555555555824,58846.55450311706,5000.0,46525.99894756124,0,,36666.777
2025-12-31 00:00:00+00:00,255.84,251.0,236.2469,52.160305,4.472144,0.5499999999999999,-7321.547619047888,58028.15001520302,5000.0,45706.60239615513,0,,36156.836
2026-01-02 00:00:00+00:00,250.95,248.11,236.42245,52.79057,4.385715,0.5499999999999999,-7322.539682539951,57360.01688782737,5000.0,45037.47720528742,0,,35740.527
2026-01-05 00:00:00+00:00,248.16,252.11,236.5647,45.80173,4.432857,0.5499999999999999,-7323.531746032015,58284.767297419734,5000.0,45961.23555138772,0,,36316.73
2026-01-06 00:00:00+00:00,251.19,250.09,236.73625,48.792778,4.693572,0.5499999999999999,-7324.523809524078,57817.7656131878,5000.0,45493.241803663725,0,,36025.746
2026-01-07 00:00:00+00:00,251.95,255.16,236.8896,54.99402,4.3628583,0.5499999999999999,-7325.515873016142,58989.88966764102,5000.0,46664.37379462488,0,,36756.086
2026-01-08 00:00:00+00:00,253.83,260.54,237.09155,58.505657,4.725002,0.5499999999999999,-7326.507936508206,60233.67883567641,5000.0,47907.1708991682,0,,37531.082
2026-01-09 00:00:00+00:00,260.77,260.95,237.32945,60.78689,5.0171456,0.5499999999999999,-7327.500000000269,60328.467481696076,5000.0,48000.96748169581,0,,37590.14
2026-01-12 00:00:00+00:00,260.53,263.97,237.5631,67.44321,4.9000015,0.5499999999999999,-7328.492063492333,61026.65343579693,5000.0,48698.161372304596,0,,38025.176
2026-01-13 00:00:00+00:00,263.22,266.77,237.7932,72.677895,4.9800034,0.6296296296296297,-7329.484126984396,61673.97795289407,5000.0,49344.493825909674,0,,38428.516
2026-01-14 00:00:00+00:00,266.77,268.81,238.0257,71.30633,4.874288,0.6296296296296297,-7330.47619047646,62145.60117545045,5000.0,49815.12498497399,0,,38722.383
2026-01-15 00:00:00+00:00,268.96,270.83,238.25635,70.558975,5.047859,0.6296296296296297,-7331.468253968524,62612.600260554544,5000.0,50281.13200658602,0,,39013.363
2026-01-16 00:00:00+00:00,269.48,273.55,238.47905,71.24892,5.1278586,0.5499999999999999,-7332.460317460587,63241.43509934442,5000.0,50908.97478188383,0,,39405.188
2026-01-20 00:00:00+00:00,273.85,271.92,238.7216,73.18763,5.561431,0.5499999999999999,-7333.452380952651,62864.60362590768,5000.0,50531.15124495503,0,,39170.387
2026-01-21 00:00:00+00:00,271.92,273.07,238.9588,70.21228,5.811432,0.5499999999999999,-7334.4444444447145,63130.46985101157,5000.0,50796.025406566856,0,,39336.043
2026-01-22 00:00:00+00:00,274.41,277.12,239.19514,73.9468,5.933572,0.4354453812908816,-7335.436507936778,64066.777075767306,5000.0,51731.34056783053,0,,39919.45
2026-01-23 00:00:00+00:00,277.1,276.39,239.5053,83.31636,5.9721427,0.5499999999999999,-7336.428571428842,63898.01444279611,5000.0,51561.58587136727,0,,39814.297
2026-01-26 00:00:00+00:00,277.99,270.14,239.8509,88.17503,5.9585724,0.5499999999999999,-7337.420634920905,62453.089348349495,5000.0,50115.66871342859,0,,38913.977
2026-01-27 00:00:00+00:00,269.73,268.04,240.16095,72.944824,6.403571,0.5499999999999999,-7338.412698412969,61967.59420904924,5000.0,49629.18151063627,0,,38611.47
2026-01-28 00:00:00+00:00,268.3,264.6,240.4721,72.7966,6.480713,0.5499999999999999,-7339.4047619050325,61172.308716968204,5000.0,48832.90395506317,0,,38115.93
2026-01-29 00:00:00+00:00,266.33,265.52,240.745,62.506653,6.1021414,0.5499999999999999,-7340.396825397096,61384.99615641455,5000.0,49044.59933101745,0,,38248.453
2026-01-30 00:00:00+00:00,266.95,265.06,240.99715,57.481964,5.9242835,0.5499999999999999,-7341.38888888916,61278.65223658386,5000.0,48937.2633476947,0,,38182.19
2026-02-02 00:00:00+00:00,267.81,263.92,241.2367,56.165615,6.0721436,0.5499999999999999,-7342.380952381223,61015.10300226614,5000.0,48672.72204988492,0,,38017.977
2026-02-03 00:00:00+00:00,263.82,268.68,241.46655,49.92053,6.277143,0.5499999999999999,-7343.373015873287,62115.55006018384,5000.0,49772.177044310556,0,,38703.656
2026-02-04 00:00:00+00:00,268.0,271.2,241.7201,52.85844,6.479287,0.5499999999999999,-7344.3650793653505,62698.14843206928,5000.0,50353.78335270393,0,,39066.668
2026-02-05 00:00:00+00:00,272.16,275.28,241.99075,53.526146,6.4221454,0.5499999999999999,-7345.357142857414,63641.39269048822,5000.0,51296.0355476308,0,,39654.395
2026-02-06 00:00:00+00:00,267.5,273.36,242.2952,56.189186,6.580002,0.5499999999999999,-7346.349206349478,63197.5094592976,5000.0,50851.160252948124,0,,39377.816
2026-02-09 00:00:00+00:00,274.75,280.88,242.59164,49.729725,7.381429,0.5499999999999999,-7347.341269841541,64936.045777289066,5000.0,52588.704507447525,0,,40461.082
2026-02-10 00:00:00+00:00,280.3,274.07,242.93895,60.916183,7.5750003,0.5499999999999999,-7348.333333333605,63361.65819518423,5000.0,51013.324861850626,0,,39480.094
2026-02-11 00:00:00+00:00,273.32,268.64,243.2459,51.070663,8.059288,0.5499999999999999,-7349.325396825669,62106.31135461756,5000.0,49756.98595779189,0,,38697.9
2026-02-12 00:00:00+00:00,270.75,270.6,243.52115,41.181377,8.09429,0.5499999999999999,-7350.317460317732,62559.43689986138,5000.0,50209.11943954365,0,,38980.234
2026-02-13 00:00:00+00:00,272.14,275.11,243.8132,44.128967,8.308576,0.5499999999999999,-7351.309523809796,63602.08572950424,5000.0,51250.77620569444,0,,39629.902
2026-02-17 00:00:00+00:00,277.21,284.2,244.1035,55.223854,7.6807175,0.5499999999999999,-7352.301587301859,65703.59259522238,5000.0,53351.29100792052,0,,40939.332
2026-02-18 00:00:00+00:00,285.0,285.39,244.4155,64.809395,8.023576,0.5499999999999999,-7353.293650793923,65978.70840584402,5000.0,53625.4147550501,0,,41110.754
2026-02-19 00:00:00+00:00,285.02,286.17,244.7364,69.87194,8.002861,0.5499999999999999,-7354.285714285987,66159.03556472673,5000.0,53804.74985044074,0,,41223.117
2026-02-20 00:00:00+00:00,284.42,288.68,245.0353,69.7911,7.9421463,0.5499999999999999,-7355.27777777805,66739.31267395752,5000.0,54384.03489617947,0,,41584.684
2026-02-23 00:00:00+00:00,289.64,290.11,245.32034,71.78164,7.9978585,0.5499999999999999,-7356.269841270114,67069.90610013038,5000.0,54713.636258860264,0,,41790.67
2026-02-24 00:00:00+00:00,291.94,292.94,245.6043,74.0231,7.838572,0.5499999999999999,-7357.261904762177,67724.17406521823,5000.0,55366.91216045606,0,,42198.34
2026-02-25 00:00:00+00:00,293.99,291.27,245.89786,73.06961,7.6128573,0.5499999999999999,-7358.253968254241,67338.08625252823,5000.0,54979.83228427399,0,,41957.77
2026-02-26 00:00:00+00:00,292.22,292.3,246.2135,69.39877,7.6185727,0.5499999999999999,-7359.246031746305,67576.20883384267,5000.0,55216.962802096365,0,,42106.14
2026-02-27 00:00:00+00:00,291.6,299.72,246.51645,67.48149,7.63643,0.5499999999999999,-7360.238095238368,69291.62433709587,5000.0,56931.3862418575,0,,43175.0
2026-03-02 00:00:00+00:00,302.67,297.49,246.90945,74.326324,7.0657153,0.2222222222222222,-7361.230158730432,68776.07188293715,5000.0,56414.841724206715,0,,42853.766
2026-03-03 00:00:00+00:00,299.0,304.43,247.295,66.98709,7.0014277,0.5499999999999999,-7362.2222222224955,70380.5174132396,5000.0,58018.29519101711,0,,43853.484
2026-03-04 00:00:00+00:00,302.17,300.62,247.7495,80.96693,6.941428,0.4486796364417813,-7363.214285714559,69499.69205811169,5000.0,57136.47777239713,0,,43304.65
2026-03-05 00:00:00+00:00,301.74,297.49,248.1569,83.73414,6.969999,0.2222222222222222,-7364.206349206623,68776.07109453257,5000.0,56411.86474532595,0,,42853.766
2026-03-06 00:00:00+00:00,299.3,301.27,248.5396,77.681656,7.0892835,0.5499999999999999,-7365.198412698686,69649.95909428463,5000.0,57284.76068158594,0,,43398.273
2026-03-09 00:00:00+00:00,303.05,299.2,248.9239,77.34111,7.1678576,0.2222222222222222,-7366.19047619075,69171.40357085127,5000.0,56805.21309466052,0,,43100.09
2026-03-10 00:00:00+00:00,296.75,285.52,249.2896,68.373344,6.8057165,0.2222222222222222,-7367.1825396828135,66008.7481206051,5000.0,53641.56558092229,0,,41129.465
2026-03-11 00:00:00+00:00,285.19,284.0,249.57605,50.121902,7.945718,0.6296296296296297,-7368.174603174877,65657.34468523228,5000.0,53289.170082057404,0,,40910.51
2026-03-12 00:00:00+00:00,284.54,290.25,249.85394,47.992588,7.9742913,0.5499999999999999,-7369.166666666941,67102.2651163278,5000.0,54733.098449660865,0,,41810.83
2026-03-13 00:00:00+00:00,292.0,289.9,250.1473,51.35837,8.17072,0.2222222222222222,-7370.158730159004,67021.34907366803,5000.0,54651.19034350902,0,,41760.41
2026-03-16 00:00:00+00:00,288.24,291.78,250.4405,49.814854,8.160004,0.2222222222222222,-7371.150793651068,67455.98154065272,5000.0,55084.83074700165,0,,42031.227
2026-03-17 00:00:00+00:00,294.88,292.89,250.76945,48.959824,8.225001,0.2222222222222222,-7372.142857143132,67712.60608895762,5000.0,55340.46323181449,0,,42191.13
2026-03-18 00:00:00+00:00,296.43,286.97,251.0977,51.467415,8.148573,0.2222222222222222,-7373.134920635195,66343.97100518602,5000.0,53970.83608455082,0,,41338.344
2026-03-19 00:00:00+00:00,285.84,284.41,251.38695,45.565002,8.367144,0.5499999999999999,-7374.126984127259,65752.13045402055,5000.0,53378.00346989329,0,,40969.57
2026-03-20 00:00:00+00:00,285.63,283.95,251.6535,36.139793,7.9400024,0.5499999999999999,-7375.119047619322,65645.78479691809,5000.0,53270.665749298765,0,,40903.312
2026-03-23 00:00:00+00:00,284.13,280.62,251.93684,37.336353,7.6542883,0.5499999999999999,-7376.111111111386,64875.92698845136,5000.0,52499.81587733998,0,,40423.617
2026-03-24 00:00:00+00:00,281.5,283.09,252.22125,26.118376,7.3542895,0.5499999999999999,-7377.10317460345,65446.96081732015,5000.0,53069.8576427167,0,,40779.42
2026-03-25 00:00:00+00:00,282.71,277.04,252.52295,31.931578,7.185719,0.5499999999999999,-7378.095238095513,64048.27775804201,5000.0,51670.182519946495,0,,39907.914
2026-03-26 00:00:00+00:00,280.39,279.79,252.79515,30.118635,7.119291,0.5499999999999999,-7379.087301587577,64684.041402302966,5000.0,52304.95410071539,0,,40304.055
2026-03-27 00:00:00+00:00,282.57,273.0,253.09634,28.690506,7.06929,0.5499999999999999,-7380.07936507964,63114.27550615715,5000.0,50734.19614107751,0,,39325.95
2026-03-30 00:00:00+00:00,274.48,282.3,253.35585,26.233685,7.4885755,0.5499999999999999,-7381.071428571704,65264.31648316037,5000.0,52883.24505458867,0,,40665.617
2026-03-31 00:00:00+00:00,282.66,281.07,253.6529,46.82696,6.73286,0.5499999999999999,-7382.063492063768,64979.96114039754,5000.0,52597.897648333776,0,,40488.438
2026-04-01 00:00:00+00:00,280.04,280.29,253.92674,47.09614,6.7178583,0.5499999999999999,-7383.055555555831,64799.63312824489,5000.0,52416.57757268906,0,,40376.08
2026-04-02 00:00:00+00:00,281.94,289.95,254.19914,38.928425,6.4364295,0.5499999999999999,-7384.047619047895,67032.91096581229,5000.0,54648.863346764396,0,,41767.613
2026-04-06 00:00:00+00:00,288.25,296.06,254.52644,50.046066,6.810717,0.5499999999999999,-7385.039682539958,68445.46244497494,5000.0,56060.42276243498,0,,42647.758
2026-04-07 00:00:00+00:00,297.53,295.64,254.8797,53.656868,6.94429,0.5499999999999999,-7386.031746032022,68348.36635905756,5000.0,55962.33461302554,0,,42587.258
2026-04-08 00:00:00+00:00,290.37,296.95,255.2199,52.37766,7.053576,0.5499999999999999,-7387.023809524086,68651.21860552875,5000.0,56264.19479600466,0,,42775.96
2026-04-09 00:00:00+00:00,298.67,294.82,255.5754,59.376194,7.2978625,0.5499999999999999,-7388.015873016149,68158.78738515067,5000.0,55770.771512134525,0,,42469.13
2026-04-10 00:00:00+00:00,295.0,295.95,255.8989,59.859837,7.3750043,0.5499999999999999,-7389.007936508213,68420.02754943148,5000.0,56031.01961292327,0,,42631.906
2026-04-13 00:00:00+00:00,295.65,300.3,256.2323,61.223354,7.3535767,0.5499999999999999,-7390.0000000002765,69425.69153764233,5000.0,57035.69153764205,0,,43258.527
2026-04-14 00:00:00+00:00,300.32,300.75,256.5818,68.06169,7.338575,0.5499999999999999,-7390.99206349234,69529.7314890049,5000.0,57138.73942551256,0,,43323.355
2026-04-15 00:00:00+00:00,303.4,304.99,256.9548,66.831894,7.596429,0.5499999999999999,-7391.984126984404,70509.96499557527,5000.0,58117.980868590865,0,,43934.13
2026-04-16 00:00:00+00:00,302.72,309.38,257.33475,77.59133,7.4014306,0.5499999999999999,-7392.976190476467,71524.88019049089,5000.0,59131.90400001442,0,,44566.516
2026-04-17 00:00:00+00:00,307.0,299.94,257.7156,78.29415,7.584287,0.5499999999999999,-7393.968253968531,69342.46791824765,5000.0,56948.49966427912,0,,43206.676
2026-04-20 00:00:00+00:00,300.91,304.4,258.0553,74.517685,7.4742866,0.5499999999999999,-7394.9603174605945,70373.56064969757,5000.0,57978.60033223697,0,,43849.145
2026-04-21 00:00:00+00:00,302.73,299.25,258.42056,72.055916,7.317143,0.5499999999999999,-7395.952380952658,69182.94694342988,5000.0,56786.99456247722,0,,43107.28
2026-04-22 00:00:00+00:00,300.52,297.45,258.75995,66.82711,7.3699994,0.5499999999999999,-7396.944444444722,68766.81132886808,5000.0,56369.866884423354,0,,42847.992
2026-04-23 00:00:00+00:00,299.41,300.12,259.0711,65.588684,7.6235723,0.2222222222222222,-7397.936507936785,69384.07743063862,5000.0,56986.14092270183,0,,43232.6
2026-04-24 00:00:00+00:00,298.81,303.81,259.409,60.582726,7.3007135,0.5499999999999999,-7398.928571428849,70237.16346852698,5000.0,57838.23489709813,0,,43764.152
2026-04-27 00:00:00+00:00,303.99,298.44,259.76776,58.49223,7.171428,0.5499999999999999,-7399.920634920913,68995.685151866,5000.0,56595.764516945084,0,,42990.598
2026-04-28 00:00:00+00:00,302.22,303.64,260.0878,52.767883,7.133571,0.5499999999999999,-7400.912698412976,70197.86509982067,5000.0,57796.952401407696,0,,43739.668
2026-04-29 00:00:00+00:00,305.43,305.6,260.43094,56.141,6.6864276,0.5499999999999999,-7401.90476190504,70650.98843082208,5000.0,58249.08366891704,0,,44022.004
2026-04-30 00:00:00+00:00,305.11,300.09,260.77914,59.926342,6.509284,0.5499999999999999,-7402.896825397103,69377.14354825148,5000.0,56974.246722854376,0,,43228.28
2026-05-01 00:00:00+00:00,314.37,326.96,261.10986,53.527596,6.8692822,0.5499999999999999,-7403.888888889167,75589.1567689314,5000.0,63185.26788004223,0,,47098.934
2026-05-04 00:00:00+00:00,324.93,338.91,261.55914,66.41626,8.570711,0.5499999999999999,-7404.880952381231,78351.85374206612,5000.0,65946.97278968489,0,,48820.344
2026-05-05 00:00:00+00:00,339.09,343.98,262.0645,70.58253,9.144285,0.5499999999999999,-7405.873015873294,79523.97341650384,5000.0,67118.10040063054,0,,49550.68
2026-05-06 00:00:00+00:00,338.17,346.0,262.5913,70.84359,9.350713,0.23455734356982033,-7406.865079365358,79990.96751784584,5000.0,67584.10243848048,0,,49841.66
2026-05-07 00:00:00+00:00,342.13,338.65,263.14,70.08556,9.647856,0.5499999999999999,-7407.857142857421,78291.735603056,5000.0,65883.87846019858,0,,48782.887
2026-05-08 00:00:00+00:00,338.2,348.56,263.62735,71.7301,9.82714,0.5499999999999999,-7408.849206349485,80582.80685973732,5000.0,68173.95765338783,0,,50210.434
2026-05-11 00:00:00+00:00,345.85,350.48,264.1664,73.36014,10.276426,0.2222222222222222,-7409.841269841549,81026.69103448655,5000.0,68616.849764645,0,,50487.01
2026-05-12 00:00:00+00:00,350.0,355.8,264.68924,78.05894,10.601427,0.5499999999999999,-7410.833333333612,82256.60791971986,5000.0,69845.77458638625,0,,51253.363
2026-05-13 00:00:00+00:00,354.65,366.7,265.2357,80.77206,10.611426,0.5499999999999999,-7411.825396825676,84776.55865522509,5000.0,72364.73325839941,0,,52823.52
2026-05-14 00:00:00+00:00,366.72,358.67,265.8615,82.30784,11.29,0.2222222222222222,-7412.8174603177395,82920.1189258191,5000.0,70507.30146550137,0,,51666.79
2026-05-15 00:00:00+00:00,362.02,363.02,266.45605,75.54479,11.492142,0.5499999999999999,-7413.809523809803,83925.7836391154,5000.0,71511.9741153056,0,,52293.41
2026-05-18 00:00:00+00:00,358.09,366.28,267.06274,80.359146,11.542855,0.2514958642513726,-7414.801587301867,84679.4601886814,5000.0,72264.65860137955,0,,52763.02
2026-05-19 00:00:00+00:00,367.79,362.97,267.68896,79.99424,11.943571,0.2222222222222222,-7415.79365079393,83914.23058693303,5000.0,71498.4369361391,0,,52286.21
2026-05-20 00:00:00+00:00,365.24,360.92,268.26486,77.120155,12.249285,0.2222222222222222,-7416.785714285994,83440.29659697517,5000.0,71023.51088268918,0,,51990.906
2026-05-21 00:00:00+00:00,359.92,351.94,268.8151,79.72829,12.235716,0.2222222222222222,-7417.7777777780575,81364.22808304123,5000.0,68946.45030526318,0,,50697.33
2026-05-22 00:00:00+00:00,351.69,357.35,269.33084,64.795074,11.022858,0.5499999999999999,-7418.769841270121,82614.95238045507,5000.0,70196.18253918496,0,,51476.64
2026-05-26 00:00:00+00:00,356.79,354.49,269.8771,61.838726,10.697856,0.5499999999999999,-7419.761904762185,81953.75074063083,5000.0,69533.98883586864,0,,51064.652
2026-05-27 00:00:00+00:00,354.6,347.69,270.40204,56.944614,10.567143,0.5499999999999999,-7420.753968254248,80381.67753770159,5000.0,67960.92356944733,0,,50085.11
2026-05-28 00:00:00+00:00,348.92,344.24,270.8776,51.050343,10.361428,0.5499999999999999,-7421.746031746312,79584.07561327689,5000.0,67162.32958153058,0,,49588.133
2026-05-29 00:00:00+00:00,345.07,333.56,271.3326,53.651207,9.982145,0.5499999999999999,-7422.7380952383755,77114.98975412466,5000.0,64692.25165888629,0,,48049.664
2026-06-01 00:00:00+00:00,328.54,300.99,271.7578,40.300053,10.402858,0.5499999999999999,-7423.730158730439,69585.2034752015,5000.0,57161.47331647106,0,,43357.92
2026-06-02 00:00:00+00:00,297.68,275.59,272.0356,27.081587,11.982858,0.6296296296296297,-7424.722222222503,63713.03365304586,5000.0,51288.311430823356,0,,39699.023
2026-06-03 00:00:00+00:00,273.0,285.1,272.195,18.68021,13.597144,0.6296296296296297,-7425.714285714566,65911.63477860187,5000.0,53485.92049288731,0,,41068.95
2026-06-04 00:00:00+00:00,285.49,286.03,272.38235,17.787777,13.802144,0.6296296296296297,-7426.70634920663,66126.6413654017,5000.0,53699.935016195064,0,,41202.918
2026-06-05 00:00:00+00:00,282.38,281.91,272.5827,19.62194,13.582145,0.6296296296296297,-7427.698412698694,65174.14935764767,5000.0,52746.45094494898,0,,40609.426
2026-06-08 00:00:00+00:00,280.33,280.32,272.7616,16.014425,13.695716,0.6296296296296297,-7428.690476190757,64806.56132141047,5000.0,52377.87084521971,0,,40380.387
2026-06-09 00:00:00+00:00,280.0,290.6,272.90356,13.471023,13.385001,0.6296296296296297,-7429.682539682821,67183.17046315431,5000.0,54753.48792347149,0,,41861.23
2026-06-10 00:00:00+00:00,290.31,301.08,273.1103,20.966063,13.888574,0.6296296296296297,-7430.674603174884,69606.01019157092,5000.0,57175.33558839604,0,,43370.875
2026-06-11 00:00:00+00:00,299.64,295.9,273.38354,27.513893,14.6807165,0.5499999999999999,-7431.666666666948,68408.45953574302,5000.0,55976.792869076075,0,,42624.69
2026-06-12 00:00:00+00:00,295.26,294.91,273.61765,28.322754,14.677858,0.5499999999999999,-7432.658730159012,68179.58752013562,5000.0,55746.92878997661,0,,42482.086
2026-06-15 00:00:00+00:00,290.2,292.91,273.8784,24.991982,14.435002,0.5499999999999999,-7433.650793651075,67717.21013353861,5000.0,55283.559339887535,0,,42193.98
2026-06-16 00:00:00+00:00,292.92,265.24,274.1532,25.165344,14.804286,0.5499999999999999,-7434.642857143139,61320.24216159428,5000.0,48885.59930445114,0,,38208.086
2026-06-17 00:00:00+00:00,265.0,254.69,274.3031,21.539515,16.380001,0.6296296296296297,-7435.634920635202,58881.21405593058,5000.0,46445.579135295375,0,,36688.348
2026-06-18 00:00:00+00:00,257.44,249.1,274.3968,20.533064,17.060713,0.6296296296296297,-7436.626984127266,57588.87631337452,5000.0,45152.24932924726,0,,35883.105
2026-06-22 00:00:00+00:00,251.4,255.98,274.4829,21.244717,16.533571,0.6296296296296297,-7437.61904761933,59179.444328388825,5000.0,46741.825280769495,0,,36874.17
2026-06-23 00:00:00+00:00,255.22,257.42,274.58575,31.426914,14.969284,0.6296296296296297,-7438.611111111393,59512.35748607323,5000.0,47073.74637496184,0,,37081.61
2026-06-24 00:00:00+00:00,257.54,249.59,274.702,40.65426,13.492856,0.6296296296296297,-7439.603174603457,57702.15442644639,5000.0,45262.55125184293,0,,35953.688
2026-06-25 00:00:00+00:00,253.48,244.98,274.78705,31.414204,13.264283,0.5499999999999999,-7440.5952380955205,56636.37905503392,5000.0,44195.7838169384,0,,35289.613
2026-06-26 00:00:00+00:00,242.17,242.21,274.8401,29.311554,13.685712,0.6296296296296297,-7441.587301587584,55995.99145397186,5000.0,43554.404152384275,0,,34890.594
2026-06-29 00:00:00+00:00,240.0,231.51,274.889,29.715916,13.404284,0.6296296296296297,-7442.579365079648,53522.280140603434,5000.0,41079.70077552379,0,,33349.246
2026-06-30 00:00:00+00:00,229.26,242.67,274.874,27.185183,14.205712,0.6296296296296297,-7443.571428571711,56102.33538121743,5000.0,43658.76395264572,0,,34956.855
2026-07-01 00:00:00+00:00,241.49,247.72,274.9055,27.779318,14.099283,0.6296296296296297,-7444.563492063775,57269.83211998844,5000.0,44825.26862792466,0,,35684.312
2026-07-02 00:00:00+00:00,249.68,248.99,274.97305,23.95041,13.444998,0.6296296296296297,-7445.5555555558385,57563.43821055224,5000.0,45117.8826549964,0,,35867.254
2026-07-06 00:00:00+00:00,249.31,245.08,275.04755,26.190247,13.00357,0.5499999999999999,-7446.547619047902,56659.4942289672,5000.0,44212.9466099193,0,,35304.016
2026-07-07 00:00:00+00:00,244.35,258.64,275.10425,25.43627,13.256427,0.6296296296296297,-7447.539682539966,59794.405412678876,5000.0,47346.86573013891,0,,37257.348
2026-07-08 00:00:00+00:00,257.16,264.98,275.21265,34.834953,13.635713,0.5499999999999999,-7448.531746032029,61260.13178780551,5000.0,48811.60004177348,0,,38170.633
2026-07-09 00:00:00+00:00,264.41,267.85,275.3654,49.85818,12.631426,0.5499999999999999,-7449.523809524093,61923.64017845205,5000.0,49474.11636892796,0,,38584.055
2026-07-10 00:00:00+00:00,270.69,268.07,275.53934,57.835197,12.169283,0.5499999999999999,-7450.515873016157,61974.50128446982,5000.0,49523.985411453665,0,,38615.746
2026-07-13 00:00:00+00:00,267.73,277.13,275.6966,62.065887,11.827139,0.5499999999999999,-7451.50793650822,64069.0624838561,5000.0,51617.55454734788,0,,39920.848
2026-07-14 00:00:00+00:00,274.58,274.98,275.88065,63.08949,12.012855,0.5499999999999999,-7452.500000000284,63572.00951011861,5000.0,51119.509510118325,0,,39611.14
2026-07-15 00:00:00+00:00,276.47,277.11,276.0396,60.773,11.867853,0.5499999999999999,-7453.492063492347,64064.43710167474,5000.0,51610.94503818239,0,,39917.97
2026-07-16 00:00:00+00:00,277.67,277.89,276.2052,68.15303,11.197855,0.5499999999999999,-7454.484126984411,64244.77137802689,5000.0,51790.28725104248,0,,40030.332
2026-07-17 00:00:00+00:00,278.58,273.41,276.37704,72.8637,10.885711,0.5499999999999999,-7455.476190476475,63209.04886639561,5000.0,50753.57267591914,0,,39384.984
2026-07-20 00:00:00+00:00,273.95,278.21,276.5129,71.17262,11.366425,0.5499999999999999,-7456.468253968538,64318.743898819834,5000.0,51862.275644851296,0,,40076.42
2026-07-21 00:00:00+00:00,278.46,274.4,276.6777,84.449684,10.655709,0.5499999999999999,-7457.460317460602,63437.91776655516,5000.0,50980.45744909456,0,,39527.586
2026-07-22 00:00:00+00:00,276.31,281.8,276.84186,76.25351,10.1871395,0.5499999999999999,-7458.452380952665,65148.70411762835,5000.0,52690.25173667569,0,,40593.562
2026-07-23 00:00:00+00:00,280.47,284.86,277.0434,77.142395,10.60714,0.5499999999999999,-7459.444444444729,65856.13918409882,5000.0,53396.69473965409,0,,41034.36
2026-07-24 00:00:00+00:00,285.08,285.07,277.27,77.77605,11.08357,0.5499999999999999,-7460.436507936793,65904.69553824645,5000.0,53444.25903030966,0,,41064.617
2026-07-27 00:00:00+00:00,285.34,288.87,277.51114,82.848694,10.634997,0.5499999999999999,-7461.428571428856,66783.20399341406,5000.0,54321.77542198521,0,,41612.004
2026-07-28 00:00:00+00:00,287.59,297.39,277.751,79.573456,10.407143,0.5499999999999999,-7462.42063492092,68752.92688417669,5000.0,56290.50624925577,0,,42839.32
2026-07-29 00:00:00+00:00,296.39,307.81,278.03165,80.40908,10.052144,0.2222222222222222,-7463.412698412983,71161.89974626825,5000.0,58698.48704785526,0,,44340.33
2026-07-30 00:00:00+00:00,302.93,296.52,278.36685,82.84023,10.340715,0.2222222222222222,-7464.404761905047,68551.7885029271,5000.0,56087.38374102205,0,,42713.996
2026-07-31 00:00:00+00:00,287.54,310.23,278.62592,69.781654,10.620004,0.5499999999999999,-7465.396825397111,71721.37613140572,5000.0,59255.97930600861,0,,44688.934
2026-08-03 00:00:00+00:00,302.53,297.83,278.9596,71.61703,11.317145,0.2222222222222222,-7466.388888889174,68854.64418596783,5000.0,56388.25529707866,0,,42902.7
2026-08-04 00:00:00+00:00,293.36,288.42,279.2577,63.160904,12.027861,0.5499999999999999,-7467.380952381238,66679.17406739693,5000.0,54211.793115015695,0,,41547.184
2026-08-05 00:00:00+00:00,288.3,284.76,279.4911,56.010216,12.345001,0.5499999999999999,-7468.3730158733015,65833.02675910998,5000.0,53364.65374323668,0,,41019.96
2026-08-06 00:00:00+00:00,290.23,289.17,279.73505,53.542328,12.232145,0.5499999999999999,-7469.365079365365,66852.56422853631,5000.0,54383.19914917095,0,,41655.227
2026-08-07 00:00:00+00:00,284.42,286.58,279.9828,58.1321,11.885716,0.5499999999999999,-7470.357142857429,66253.77985175878,5000.0,53783.42270890135,0,,41282.13
2026-08-10 00:00:00+00:00,288.06,285.02,280.23026,54.41968,11.685002,0.5499999999999999,-7471.349206349492,65893.12651377222,5000.0,53421.77730742273,0,,41057.41
2026-08-11 00:00:00+00:00,283.95,282.73,280.4889,55.74426,11.783574,0.5499999999999999,-7472.341269841556,65363.71031733353,5000.0,52891.36904749197,0,,40727.535
2026-08-12 00:00:00+00:00,278.95,290.98,280.7158,50.532475,11.097146,0.5499999999999999,-7473.3333333336195,67271.01106187377,5000.0,54797.67772854015,0,,41915.957
2026-08-13 00:00:00+00:00,290.83,293.08,280.98444,53.307404,11.015717,0.2222222222222222,-7474.325396825683,67756.50126593215,5000.0,55282.17586910647,0,,42218.46
2026-08-14 00:00:00+00:00,296.88,296.14,281.2561,54.242123,10.980715,0.5499999999999999,-7475.317460317747,68463.94321141067,5000.0,55988.62575109293,0,,42659.26
2026-08-17 00:00:00+00:00,293.27,295.0,281.54544,53.880653,10.359285,0.5499999999999999,-7476.30952380981,68200.38674457441,5000.0,55724.0772207646,0,,42495.047
2026-08-18 00:00:00+00:00,298.53,290.99,281.8278,48.615128,10.004288,0.5499999999999999,-7477.301587301874,67273.32139596071,5000.0,54796.019808658835,0,,41917.4
2026-08-19 00:00:00+00:00,293.25,280.75,282.11935,39.47171,9.71286,0.5499999999999999,-7478.293650793938,64905.96211305433,5000.0,52427.66846226039,0,,40442.32
2026-08-20 00:00:00+00:00,282.39,294.11,282.33905,39.997475,10.505717,0.6296296296296297,-7479.285714286001,67994.6290644751,5000.0,55515.3433501891,0,,42366.84
2026-08-21 00:00:00+00:00,297.24,300.74,282.5814,39.72985,10.000719,0.2222222222222222,-7480.277777778065,69527.40450835343,5000.0,57047.126730575364,0,,43321.895
2026-08-24 00:00:00+00:00,304.62,308.09,282.8505,52.001102,9.312864,0.5499999999999999,-7481.269841270128,71226.63289466973,5000.0,58745.363053399604,0,,44380.668
2026-08-25 00:00:00+00:00,307.07,308.82,283.13965,63.92072,9.272864,0.5499999999999999,-7482.261904762192,71395.40604297364,5000.0,58913.14413821145,0,,44485.832
2026-08-26 00:00:00+00:00,309.3,312.19,283.42676,67.76431,9.42715,0.5499999999999999,-7483.253968254256,72174.51109408341,5000.0,59691.25712582916,0,,44971.285
2026-08-27 00:00:00+00:00,312.34,313.95,283.7245,67.261536,9.352149,0.5499999999999999,-7484.246031746319,72581.40541774967,5000.0,60097.15938600335,0,,45224.82
2026-08-28 00:00:00+00:00,315.0,310.45,284.01114,70.7821,9.385005,0.5499999999999999,-7485.238095238383,71772.24802685004,5000.0,59287.009931611654,0,,44720.64
2026-08-31 00:00:00+00:00,309.0,300.2,284.2677,68.75647,9.4285755,0.5473647506963142,-7486.230158730446,69402.57511684393,5000.0,56916.344958113485,0,,43244.117
2026-09-01 00:00:00+00:00,296.99,307.62,284.47244,61.53135,9.7350025,0.6296296296296297,-7487.22222222251,71117.9884398561,5000.0,58630.76621763359,0,,44312.977
2026-09-02 00:00:00+00:00,305.05,294.12,284.70615,61.105167,9.746431,0.30136049907087864,-7488.214285714574,67996.9548486704,5000.0,55508.74056295583,0,,42368.29
2026-09-03 00:00:00+00:00,296.0,298.5,284.87695,50.602413,10.810004,0.6296296296296297,-7489.206349206637,69009.55617580425,5000.0,56520.34982659761,0,,42999.23
2026-09-04 00:00:00+00:00,293.5,298.38,285.0777,51.34641,11.236433,0.5499999999999999,-7490.198412698701,68981.81614749147,5000.0,56491.617734792766,0,,42981.945
2026-09-08 00:00:00+00:00,294.48,293.33,285.28024,51.951054,11.344289,0.5499999999999999,-7491.1904761907645,67814.31280981636,5000.0,55323.12233362559,0,,42254.48
2026-09-09 00:00:00+00:00,291.44,291.87,285.45135,51.3347,11.202859,0.5499999999999999,-7492.182539682828,67476.78158942892,5000.0,54984.599049746095,0,,42044.168
2026-09-10 00:00:00+00:00,290.99,287.49,285.63925,57.04868,10.330717,0.5499999999999999,-7493.174603174892,66464.17635280611,5000.0,53971.00174963122,0,,41413.223
2026-09-11 00:00:00+00:00,290.99,281.04,285.8001,45.264668,10.050001,0.5499999999999999,-7494.166666666955,64973.02023369326,5000.0,52478.85356702631,0,,40484.094
