,Open,Close,sma200,rsi,atr,prob_up,cash,holdings,borrowed_margin,total,signal,stop_loss,benchmark
2016-09-12 00:00:00+00:00,85.01,86.95,,,,0.6063829787234043,10000.0,0.0,0.0,10000.0,0,0.0,10000.0
2016-09-13 00:00:00+00:00,86.2,85.25,,,,0.6063829787234043,10000.0,0.0,0.0,10000.0,0,0.0,9804.485
2016-09-14 00:00:00+00:00,85.38,83.85,,,,0.6063829787234043,10000.0,0.0,0.0,10000.0,0,0.0,9643.473
2016-09-15 00:00:00+00:00,83.54,84.2,,,,0.6063829787234043,10000.0,0.0,0.0,10000.0,0,0.0,9683.726
2016-09-16 00:00:00+00:00,83.96,84.11,,,,0.6063829787234043,10000.0,0.0,0.0,10000.0,0,0.0,9673.375
2016-09-19 00:00:00+00:00,83.91,83.26,,,,0.6063829787234043,10000.0,0.0,0.0,10000.0,0,0.0,9575.618
2016-09-20 00:00:00+00:00,83.65,82.08,,,,0.6063829787234043,10000.0,0.0,0.0,10000.0,0,0.0,9439.908
2016-09-21 00:00:00+00:00,82.2,83.02,,,,0.6063829787234043,10000.0,0.0,0.0,10000.0,0,0.0,9548.017
2016-09-22 00:00:00+00:00,83.26,83.59,,,,0.6063829787234043,10000.0,0.0,0.0,10000.0,0,0.0,9613.571
2016-09-23 00:00:00+00:00,83.55,83.33,,,,0.6063829787234043,10000.0,0.0,0.0,10000.0,0,0.0,9583.67
2016-09-26 00:00:00+00:00,83.07,82.72,,,,0.6063829787234043,10000.0,0.0,0.0,10000.0,0,0.0,9513.515
2016-09-27 00:00:00+00:00,82.75,83.25,,,,0.6063829787234043,10000.0,0.0,0.0,10000.0,0,0.0,9574.47
2016-09-28 00:00:00+00:00,83.25,83.2,,,,0.6063829787234043,10000.0,0.0,0.0,10000.0,0,0.0,9568.719
2016-09-29 00:00:00+00:00,82.92,81.25,,28.018715,,0.6063829787234043,10000.0,0.0,0.0,10000.0,0,0.0,9344.452
2016-09-30 00:00:00+00:00,81.29,80.78,,22.805307,1.4800001,0.6063829787234043,-10.0,9995.002498750626,0.0,9985.002498750626,1,,9290.398
2016-10-03 00:00:00+00:00,80.68,80.12,,21.826445,1.4878572,0.6063829787234043,-10.0,9913.340263042614,0.0,9903.340263042614,0,,9214.493
2016-10-04 00:00:00+00:00,81.26,80.53,,24.117018,1.4150009,0.6063829787234043,-10.0,9964.069771141172,0.0,9954.069771141172,0,,9261.646
2016-10-05 00:00:00+00:00,80.71,80.03,,31.390085,1.3821433,0.6063829787234043,-10.0,9902.20448575351,0.0,9892.20448575351,0,,9204.143
2016-10-06 00:00:00+00:00,79.58,80.14,,27.01208,1.346429,0.6063829787234043,-10.0,9915.814898556293,0.0,9905.814898556293,0,,9216.793
2016-10-07 00:00:00+00:00,80.43,79.39,,28.162764,1.3471434,0.6063829787234043,-10.0,9823.016312136942,0.0,9813.016312136942,0,,9130.536
2016-10-10 00:00:00+00:00,79.07,79.64,,28.476028,1.3442868,0.6063829787234043,-10.0,9853.949310663207,0.0,9843.949310663207,0,,9159.288
2016-10-11 00:00:00+00:00,79.6,79.61,,34.863476,1.3171442,0.6063829787234043,-10.0,9850.23731460597,0.0,9840.23731460597,0,,9155.838
2016-10-12 00:00:00+00:00,79.69,80.61,,26.153828,1.2757155,0.6063829787234043,-10.0,9973.968135747851,0.0,9963.968135747851,0,,9270.847
2016-10-13 00:00:00+00:00,80.28,80.38,,30.343,1.3257158,0.6063829787234043,-10.0,9945.509668344304,0.0,9935.509668344304,0,,9244.394
2016-10-14 00:00:00+00:00,80.49,79.79,,30.463533,1.3392874,0.6063829787234043,-10.0,9872.508895533254,0.0,9862.508895533254,0,,9176.539
2016-10-17 00:00:00+00:00,79.75,79.74,,30.544464,1.3535728,0.6063829787234043,-10.0,9866.321959719371,0.0,9856.321959719371,0,,9170.788
2016-10-18 00:00:00+00:00,80.46,81.09,,25.106352,1.3107158,0.6063829787234043,-10.0,10033.358633550999,0.0,10023.358633550999,0,,9326.05
2016-10-19 00:00:00+00:00,81.2,80.35,,37.365253,1.3578584,0.6063829787234043,-10.0,9941.797715048635,0.0,9931.797715048635,0,,9240.943
2016-10-20 00:00:00+00:00,80.28,80.74,,43.69746,1.2735727,0.6063829787234043,-10.0,9990.052471471383,0.0,9980.052471471383,0,,9285.796
2016-10-21 00:00:00+00:00,80.16,80.02,,49.716705,1.2192862,0.6063829787234043,-10.0,9900.966073566671,0.0,9890.966073566671,0,,9202.99
2016-10-24 00:00:00+00:00,80.34,80.04,,49.29771,1.2092857,0.6063829787234043,-10.0,9903.441135681418,0.0,9893.441135681418,0,,9205.291
2016-10-25 00:00:00+00:00,79.6,80.39,,46.3596,1.1621426,0.6063829787234043,-10.0,9946.7472512776,0.0,9936.7472512776,0,,9245.544
2016-10-26 00:00:00+00:00,80.01,79.37,,52.735565,1.1714281,0.6063829787234043,-10.0,9820.541924116842,0.0,9810.541924116842,0,,9128.235
2016-10-27 00:00:00+00:00,79.56,79.5,,44.859833,1.1642854,0.6063829787234043,-10.0,9836.6261690232,0.0,9826.6261690232,0,,9143.187
2016-10-28 00:00:00+00:00,69.13,69.14,,50.800587,1.0842847,0.6063829787234043,-10.0,8554.771449735937,0.0,8544.771449735937,0,,7951.6963
2016-10-31 00:00:00+00:00,69.51,70.32,,19.081264,1.7907132,0.6063829787234043,-10.0,8700.774334141115,0.0,8690.774334141115,0,,8087.4067
2016-11-01 00:00:00+00:00,69.85,69.79,,24.379475,1.8635706,0.6063829787234043,-10.0,8635.197052798501,0.0,8625.197052798501,0,,8026.4526
2016-11-02 00:00:00+00:00,70.27,75.96,,19.365793,1.8564273,0.6063829787234043,-10.0,9398.618525525977,0.0,9388.618525525977,0,,8736.056
2016-11-03 00:00:00+00:00,75.87,72.32,,40.635593,2.277856,0.6063829787234043,-10.0,8948.237392825686,0.0,8938.237392825686,0,,8317.425
2016-11-04 00:00:00+00:00,71.69,70.47,,35.984985,2.6471422,0.6063829787234043,-10.0,8719.335178859365,0.0,8709.335178859365,0,,8104.659
2016-11-07 00:00:00+00:00,71.52,71.93,,33.70826,2.816428,0.6063829787234043,-10.0,8899.98217743289,0.0,8889.98217743289,0,,8272.571
2016-11-08 00:00:00+00:00,71.03,69.03,,33.963585,2.8428562,0.6063829787234043,-10.0,8541.16160525388,0.0,8531.16160525388,0,,7939.046
2016-11-09 00:00:00+00:00,72.98,75.61,,31.575518,3.0121422,0.6063829787234043,-10.0,9355.313158309767,0.0,9345.313158309767,0,,8695.804
2016-11-10 00:00:00+00:00,77.09,79.59,,43.050667,3.4107144,0.6063829787234043,-10.0,9847.763097493467,0.0,9837.763097493467,0,,9153.538
2016-11-11 00:00:00+00:00,79.41,78.92,,49.464775,3.7235718,0.5346534653465346,-10.0,9764.863221521893,0.0,9754.863221521893,0,,9076.482
2016-11-14 00:00:00+00:00,82.16,81.33,,48.62812,3.8428578,0.6063829787234043,-10.0,10063.055268061815,0.0,10053.055268061815,0,,9353.652
2016-11-15 00:00:00+00:00,81.5,79.53,,51.096085,4.025001,0.5346534653465346,-10.0,9840.338735899364,0.0,9830.338735899364,0,,9146.637
2016-11-16 00:00:00+00:00,79.16,78.86,,50.18323,4.1342874,0.6063829787234043,-10.0,9757.439187095004,0.0,9747.439187095004,0,,9069.581
2016-11-17 00:00:00+00:00,78.2,80.16,,49.27602,4.1928587,0.6063829787234043,-10.0,9918.290336108836,0.0,9908.290336108836,0,,9219.093
2016-11-18 00:00:00+00:00,79.91,79.21,,65.680145,3.5800014,0.6063829787234043,-10.0,9800.745004249275,0.0,9790.745004249275,0,,9109.834
2016-11-21 00:00:00+00:00,78.62,78.45,,62.73274,3.5407155,0.6063829787234043,-10.0,9706.708834820805,0.0,9696.708834820805,0,,9022.427
2016-11-22 00:00:00+00:00,78.77,78.41,,62.322132,3.5385725,0.6063829787234043,-10.0,9701.760368957088,0.0,9691.760368957088,0,,9017.827
2016-11-23 00:00:00+00:00,78.07,78.7,,54.22269,3.1171439,0.6063829787234043,-10.0,9737.642021246347,0.0,9727.642021246347,0,,9051.18
2016-11-25 00:00:00+00:00,79.07,78.57,,62.431797,2.7514293,0.6063829787234043,-10.0,9721.557155119881,0.0,9711.557155119881,0,,9036.229
2016-11-28 00:00:00+00:00,78.61,79.05,,66.9173,2.6857152,0.6063829787234043,-10.0,9780.948458311732,0.0,9770.948458311732,0,,9091.433
2016-11-29 00:00:00+00:00,78.65,77.63,,65.50523,2.6785731,0.6063829787234043,-10.0,9605.249276601719,0.0,9595.249276601719,0,,8928.119
2016-11-30 00:00:00+00:00,77.72,77.99,,70.018616,2.5792873,0.6063829787234043,-10.0,9649.79228088909,0.0,9639.79228088909,0,,8969.522
2016-12-01 00:00:00+00:00,77.88,77.8,,57.798157,2.175716,0.6063829787234043,-10.0,9626.28383287814,0.0,9616.28383287814,0,,8947.672
2016-12-02 00:00:00+00:00,78.15,78.8,,42.197067,1.8828583,0.6063829787234043,-10.0,9750.015303190308,0.0,9740.015303190308,0,,9062.681
2016-12-05 00:00:00+00:00,78.89,79.54,,49.491547,1.8335724,0.6063829787234043,-10.0,9841.576049088093,0.0,9831.576049088093,0,,9147.786
2016-12-06 00:00:00+00:00,79.9,78.87,,41.16485,1.6771437,0.6063829787234043,-10.0,9758.676635452768,0.0,9748.676635452768,0,,9070.731
2016-12-07 00:00:00+00:00,78.19,76.38,,46.33335,1.587143,0.6063829787234043,-10.0,9450.585156615825,0.0,9440.585156615825,0,,8784.359
2016-12-08 00:00:00+00:00,76.24,76.88,,38.539726,1.8342863,0.544381397507349,-10.0,9512.451134056946,0.0,9502.451134056946,0,,8841.864
2016-12-09 00:00:00+00:00,77.19,78.9,,33.632698,1.7928575,0.5396825396825397,-10.0,9762.388887973491,0.0,9752.388887973491,0,,9074.182
2016-12-12 00:00:00+00:00,78.37,78.07,,48.602356,1.870715,0.6063829787234043,-10.0,9659.691648024544,0.0,9649.691648024544,0,,8978.725
2016-12-13 00:00:00+00:00,78.38,79.04,,48.297504,1.8842866,0.6063829787234043,-10.0,9779.71049044834,0.0,9769.71049044834,0,,9090.282
2016-12-14 00:00:00+00:00,78.95,77.05,,52.605446,1.8914293,0.6063829787234043,-10.0,9533.485534496986,0.0,9523.485534496986,0,,8861.415
2016-12-15 00:00:00+00:00,76.8,76.67,,44.01743,2.0107155,0.6063829787234043,-10.0,9486.467082385121,0.0,9476.467082385121,0,,8817.712
2016-12-16 00:00:00+00:00,76.94,77.38,,43.23362,1.972144,0.6063829787234043,-10.0,9574.315714231292,0.0,9564.315714231292,0,,8899.367
2016-12-19 00:00:00+00:00,77.55,78.42,,44.14855,1.9228581,0.6063829787234043,-10.0,9702.995782591299,0.0,9692.995782591299,0,,9018.976
2016-12-20 00:00:00+00:00,78.7,79.3,,52.843773,1.8828583,0.6063829787234043,-10.0,9811.879378653774,0.0,9801.879378653774,0,,9120.183
2016-12-21 00:00:00+00:00,78.96,78.85,,54.545467,1.895001,0.6063829787234043,-10.0,9756.19971236563,0.0,9746.19971236563,0,,9068.429
2016-12-22 00:00:00+00:00,78.96,77.81,,53.578712,1.8864299,0.6063829787234043,-10.0,9627.519205817294,0.0,9617.519205817294,0,,8948.819
2016-12-23 00:00:00+00:00,78.04,78.56,,46.63493,1.8657156,0.6063829787234043,-10.0,9720.317953884289,0.0,9710.317953884289,0,,9035.076
2016-12-27 00:00:00+00:00,78.42,78.82,,46.67119,1.8407156,0.6063829787234043,-10.0,9752.48839114321,0.0,9742.48839114321,0,,9064.979
2016-12-28 00:00:00+00:00,78.86,78.35,,49.825287,1.7985725,0.6063829787234043,-10.0,9694.334616188728,0.0,9684.334616188728,0,,9010.924
2016-12-29 00:00:00+00:00,78.61,79.34,,58.014637,1.5128583,0.6063829787234043,-10.0,9816.828240594938,0.0,9806.828240594938,0,,9124.782
2016-12-30 00:00:00+00:00,79.35,78.19,,59.624393,1.5078583,0.6063829787234043,-10.0,9674.538432735091,0.0,9664.538432735091,0,,8992.523
2017-01-03 00:00:00+00:00,78.51,82.61,,47.019318,1.4500008,0.6063829787234043,-10.0,10221.429698874186,0.0,10211.429698874186,0,,9500.861
2017-01-04 00:00:00+00:00,82.6,84.66,,64.64516,1.6800003,0.5483870967741935,-10.0,10475.078976099388,0.0,10465.078976099388,0,,9736.629
2017-01-05 00:00:00+00:00,84.38,83.68,,66.94813,1.7921431,0.5396825396825397,-10.0,10353.821992052137,0.0,10343.821992052137,0,,9623.92
2017-01-06 00:00:00+00:00,83.53,84.8,,71.29092,1.7492856,0.6063829787234043,-10.0,10492.40108860542,0.0,10482.40108860542,0,,9752.73
2017-01-09 00:00:00+00:00,84.6,85.48,,74.923355,1.7964281,0.5396825396825397,-10.0,10576.538092507286,0.0,10566.538092507286,0,,9830.936
2017-01-10 00:00:00+00:00,85.1,84.83,,74.877144,1.8242853,0.5135135135135135,-10.0,10496.11280480224,0.0,10486.11280480224,0,,9756.18
2017-01-11 00:00:00+00:00,85.15,81.53,,70.169914,1.8649989,0.6063829787234043,-10.0,10087.79944131906,0.0,10077.79944131906,0,,9376.651
2017-01-12 00:00:00+00:00,82.28,83.86,,56.089554,2.2035701,0.6063829787234043,-10.0,10376.093817604755,0.0,10366.093817604755,0,,9644.622
2017-01-13 00:00:00+00:00,84.08,84.62,,62.40713,2.377856,0.6063829787234043,-10.0,10470.129938542768,0.0,10460.129938542768,0,,9732.029
2017-01-17 00:00:00+00:00,84.92,85.99,,67.10196,2.376428,0.6063829787234043,-10.0,10639.640638897754,0.0,10629.640638897754,0,,9889.59
2017-01-18 00:00:00+00:00,85.95,85.51,,68.09547,2.466428,0.6063829787234043,-10.0,10580.250431021026,0.0,10570.250431021026,0,,9834.386
2017-01-19 00:00:00+00:00,85.28,85.47,,66.12049,2.467857,0.6063829787234043,-10.0,10575.301230546844,0.0,10565.301230546844,0,,9829.786
2017-01-20 00:00:00+00:00,85.86,83.75,,67.51969,2.4642851,0.6063829787234043,-10.0,10362.483676194359,0.0,10352.483676194359,0,,9631.971
2017-01-23 00:00:00+00:00,83.72,84.88,,60.475067,2.5478566,0.6063829787234043,-10.0,10502.299124707712,0.0,10492.299124707712,0,,9761.93
2017-01-24 00:00:00+00:00,84.7,84.41,,65.90583,2.566428,0.6063829787234043,-10.0,10444.146295055456,0.0,10434.146295055456,0,,9707.877
2017-01-25 00:00:00+00:00,84.9,85.83,,55.26933,2.2964287,0.6063829787234043,-10.0,10619.843745319627,0.0,10609.843745319627,0,,9871.188
2017-01-26 00:00:00+00:00,81.04,83.39,,53.556225,2.2135713,0.6063829787234043,-10.0,10317.93947022162,0.0,10307.93947022162,0,,9590.567
2017-01-27 00:00:00+00:00,83.68,82.43,,49.190395,2.3978572,0.6063829787234043,-10.0,10199.157697062263,0.0,10189.157697062263,0,,9480.159
2017-01-30 00:00:00+00:00,82.55,83.62,,43.323933,2.3521428,0.6063829787234043,-10.0,10346.397667678322,0.0,10336.397667678322,0,,9617.02
2017-01-31 00:00:00+00:00,86.62,87.28,,44.9069,2.4564285,0.6063829787234043,-10.0,10799.252867641826,0.0,10789.252867641826,0,,10037.95
2017-02-01 00:00:00+00:00,87.71,88.61,,55.75928,2.6707141,0.5396825396825397,-10.0,10963.814961324702,0.0,10953.814961324702,0,,10190.911
2017-02-02 00:00:00+00:00,88.05,88.05,,68.34199,2.4014287,0.6063829787234043,-10.0,10894.52561459791,0.0,10884.52561459791,0,,10126.506
2017-02-03 00:00:00+00:00,88.57,89.28,,61.95096,2.3157141,0.6063829787234043,-10.0,11046.71453498797,0.0,11036.71453498797,0,,10267.966
2017-02-06 00:00:00+00:00,89.17,89.98,,62.94445,2.3342857,0.6063829787234043,-10.0,11133.326456975587,0.0,11123.326456975587,0,,10348.472
2017-02-07 00:00:00+00:00,89.85,90.33,,61.511852,2.3585713,0.5396825396825397,-10.0,11176.631533212867,0.0,11166.631533212867,0,,10388.724
2017-02-08 00:00:00+00:00,90.18,91.07,,64.011635,2.4257143,0.6063829787234043,-10.0,11268.192528266387,0.0,11258.192528266387,0,,10473.829
2017-02-09 00:00:00+00:00,91.07,91.65,,65.64246,2.4592857,0.6063829787234043,-10.0,11339.95690035561,0.0,11329.95690035561,0,,10540.534
2017-02-10 00:00:00+00:00,91.54,91.17,,73.56804,2.3564284,0.6063829787234043,-10.0,11280.565679969555,0.0,11270.565679969555,0,,10485.33
2017-02-13 00:00:00+00:00,91.53,90.48,,69.52205,2.3342857,0.6063829787234043,-10.0,11195.191649698474,0.0,11185.191649698474,0,,10405.975
2017-02-14 00:00:00+00:00,90.0,90.82,,68.585434,2.6164284,0.6063829787234043,-10.0,11237.259991809799,0.0,11227.259991809799,0,,10445.077
2017-02-15 00:00:00+00:00,90.65,91.18,,66.36066,2.605714,0.6063829787234043,-10.0,11281.803898170385,0.0,11271.803898170385,0,,10486.481
2017-02-16 00:00:00+00:00,91.0,90.32,,79.574814,2.3928566,0.6063829787234043,-10.0,11175.395067846546,0.0,11165.395067846546,0,,10387.573
2017-02-17 00:00:00+00:00,90.24,90.76,,80.18364,2.4592853,0.6063829787234043,-10.0,11229.837198751056,0.0,11219.837198751056,0,,10438.178
2017-02-21 00:00:00+00:00,90.74,91.01,,78.97729,2.3328564,0.6063829787234043,-10.0,11260.770560776262,0.0,11250.770560776262,0,,10466.93
2017-02-22 00:00:00+00:00,91.19,91.34,,70.931564,2.100714,0.6063829787234043,-10.0,11301.600648125268,0.0,11291.600648125268,0,,10504.881
2017-02-23 00:00:00+00:00,91.45,91.61,,67.25664,1.999285,0.6063829787234043,-10.0,11335.008549802347,0.0,11325.008549802347,0,,10535.934
2017-02-24 00:00:00+00:00,91.51,92.16,,73.35958,1.9442853,0.6063829787234043,-10.0,11403.060965124852,0.0,11393.060965124852,0,,10599.188
2017-02-27 00:00:00+00:00,92.31,91.73,,70.749306,1.9271425,0.6063829787234043,-10.0,11349.856654630847,0.0,11339.856654630847,0,,10549.734
2017-02-28 00:00:00+00:00,91.9,91.51,,63.118443,1.8357135,0.6063829787234043,-10.0,11322.635479671364,0.0,11312.635479671364,0,,10524.433
2017-03-01 00:00:00+00:00,92.19,92.23,,59.021408,1.7657133,0.6063829787234043,-10.0,11411.722559068718,0.0,11401.722559068718,0,,10607.239
2017-03-02 00:00:00+00:00,91.89,91.94,,58.89573,1.7564272,0.6063829787234043,-10.0,11375.840407932406,0.0,11365.840407932406,0,,10573.887
2017-03-03 00:00:00+00:00,92.22,92.23,,52.327454,1.7321423,0.6063829787234043,-10.0,11411.72296880471,0.0,11401.72296880471,0,,10607.24
2017-03-06 00:00:00+00:00,91.58,89.99,,58.774876,1.7121419,0.6063829787234043,-10.0,11134.564579127791,0.0,11124.564579127791,0,,10349.62
2017-03-07 00:00:00+00:00,89.23,88.48,,46.772038,1.5271422,0.6063829787234043,-10.0,10947.731021790676,0.0,10937.731021790676,0,,10175.958
2017-03-08 00:00:00+00:00,88.32,89.08,,36.64387,1.5778569,0.5346534653465346,-10.0,11021.969999124527,0.0,11011.969999124527,0,,10244.963
2017-03-09 00:00:00+00:00,89.4,88.61,,38.33335,1.5664285,0.5396825396825397,-10.0,10963.816503195732,0.0,10953.816503195732,0,,10190.909
2017-03-10 00:00:00+00:00,88.99,88.31,,40.069702,1.4792856,0.5396825396825397,-10.0,10926.696714965401,0.0,10916.696714965401,0,,10156.406
2017-03-13 00:00:00+00:00,88.76,89.14,,35.537178,1.485,0.6063829787234043,-10.0,11029.393446342205,0.0,11019.393446342205,0,,10251.863
2017-03-14 00:00:00+00:00,88.96,88.81,,39.668507,1.4449997,0.5483870967741935,-10.0,10988.562141139226,0.0,10978.562141139226,0,,10213.91
2017-03-15 00:00:00+00:00,88.85,89.48,,36.022133,1.4428569,0.5483870967741935,-10.0,11071.46292082331,0.0,11061.46292082331,0,,10290.967
2017-03-16 00:00:00+00:00,89.58,88.0,,38.730198,1.4421425,0.6063829787234043,-10.0,10888.340364931033,0.0,10878.340364931033,0,,10120.754
2017-03-17 00:00:00+00:00,87.91,87.53,,29.961485,1.4592851,0.6063829787234043,-10.0,10830.18645985286,0.0,10820.18645985286,0,,10066.7
2017-03-20 00:00:00+00:00,87.65,86.91,,29.846468,1.4600002,0.6063829787234043,-10.0,10753.473680549694,0.0,10743.473680549694,0,,9995.395
2017-03-21 00:00:00+00:00,87.0,85.91,,28.743105,1.509286,0.6063829787234043,-10.0,10629.742704399241,0.0,10619.742704399241,0,,9880.387
2017-03-22 00:00:00+00:00,86.12,85.88,,21.531569,1.5250009,0.6063829787234043,-10.0,10626.029913656857,0.0,10616.029913656857,0,,9876.936
2017-03-23 00:00:00+00:00,85.86,85.99,,22.047997,1.509286,0.6063829787234043,-10.0,10639.640835924562,0.0,10629.640835924562,0,,9889.587
2017-03-24 00:00:00+00:00,85.99,86.56,,20.731733,1.4921434,0.6063829787234043,-10.0,10710.167105441695,0.0,10700.167105441695,0,,9955.142
2017-03-27 00:00:00+00:00,86.14,87.48,,30.923275,1.3935716,0.6063829787234043,-10.0,10824.000984549417,0.0,10814.000984549417,0,,10060.95
2017-03-28 00:00:00+00:00,87.12,87.5,,44.047638,1.3478574,0.6063829787234043,-10.0,10826.475821124015,0.0,10816.475821124015,0,,10063.251
2017-03-29 00:00:00+00:00,87.4,89.51,,39.897717,1.2907143,0.6063829787234043,-10.0,11075.176328318388,0.0,11065.176328318388,0,,10294.42
2017-03-30 00:00:00+00:00,89.35,89.14,,54.80769,1.365714,0.6063829787234043,-10.0,11029.39551739331,0.0,11019.39551739331,0,,10251.866
2017-03-31 00:00:00+00:00,88.87,88.5,,54.40085,1.3378569,0.6063829787234043,-10.0,10950.207357305062,0.0,10940.207357305062,0,,10178.261
2017-04-03 00:00:00+00:00,88.41,87.33,,46.536808,1.3485712,0.6063829787234043,-10.0,10805.442219164726,0.0,10795.442219164726,0,,10043.701
2017-04-04 00:00:00+00:00,87.06,86.93,,42.658764,1.3964282,0.6063829787234043,-10.0,10755.949847645416,0.0,10745.949847645416,0,,9997.697
2017-04-05 00:00:00+00:00,87.44,87.18,,37.00306,1.3857138,0.6063829787234043,-10.0,10786.883143142648,0.0,10776.883143142648,0,,10026.45
2017-04-06 00:00:00+00:00,87.26,87.64,,45.22145,1.3471423,0.6063829787234043,-10.0,10843.799501814048,0.0,10833.799501814048,0,,10079.3545
2017-04-07 00:00:00+00:00,87.57,87.62,,50.641777,1.3035709,0.6063829787234043,-10.0,10841.325309165342,0.0,10831.325309165342,0,,10077.055
2017-04-10 00:00:00+00:00,87.75,88.44,,54.454193,1.2421423,0.6063829787234043,-10.0,10942.785418485188,0.0,10932.785418485188,0,,10171.362
2017-04-11 00:00:00+00:00,88.28,87.87,,66.23874,1.2521422,0.6063829787234043,-10.0,10872.258616702293,0.0,10862.258616702293,0,,10105.808
2017-04-12 00:00:00+00:00,87.15,86.82,,61.94481,1.2921426,0.6063829787234043,-10.0,10742.340784374339,0.0,10732.340784374339,0,,9985.049
2017-04-13 00:00:00+00:00,86.64,86.67,,54.476814,1.3471429,0.6063829787234043,-10.0,10723.780599399868,0.0,10713.780599399868,0,,9967.797
2017-04-17 00:00:00+00:00,86.64,86.64,,50.62147,1.3342857,0.6063829787234043,-10.0,10720.068839716932,0.0,10710.068839716932,0,,9964.347
2017-04-18 00:00:00+00:00,83.17,82.56,,44.72359,1.2685716,0.6063829787234043,-10.0,10215.245527689878,0.0,10205.245527689878,0,,9495.111
2017-04-19 00:00:00+00:00,82.64,81.85,,29.450912,1.601429,0.6063829787234043,-10.0,10127.39627785125,0.0,10117.39627785125,0,,9413.456
2017-04-20 00:00:00+00:00,82.23,82.37,,14.272375,1.5371431,0.6063829787234043,-10.0,10191.737042997484,0.0,10181.737042997484,0,,9473.261
2017-04-21 00:00:00+00:00,82.2,81.26,,18.859268,1.5700003,0.6063829787234043,-10.0,10054.395480422196,0.0,10044.395480422196,0,,9345.602
2017-04-24 00:00:00+00:00,82.03,80.94,,18.077621,1.5757147,0.6063829787234043,-10.0,10014.801676503803,0.0,10004.801676503803,0,,9308.798
2017-04-25 00:00:00+00:00,80.82,81.49,,19.54244,1.5378581,0.6063829787234043,-10.0,10082.852741753532,0.0,10072.852741753532,0,,9372.052
2017-04-26 00:00:00+00:00,81.5,81.25,,24.436077,1.6014296,0.6063829787234043,-10.0,10053.157479033973,0.0,10043.157479033973,0,,9344.45
2017-04-27 00:00:00+00:00,81.38,82.12,,22.107235,1.5757152,0.6063829787234043,-10.0,10160.804035439907,0.0,10150.804035439907,0,,9444.508
2017-04-28 00:00:00+00:00,82.17,82.05,,25.000017,1.582858,0.6063829787234043,-10.0,10152.142904861936,0.0,10142.142904861936,0,,9436.457
2017-05-01 00:00:00+00:00,82.32,82.49,,24.887297,1.5835724,0.6063829787234043,-10.0,10206.583879625843,0.0,10196.583879625843,0,,9487.061
2017-05-02 00:00:00+00:00,82.76,82.66,,22.222198,1.5471437,0.6063829787234043,-10.0,10227.618528295918,0.0,10217.618528295918,0,,9506.612
2017-05-03 00:00:00+00:00,82.45,82.67,,24.733286,1.5635719,0.6063829787234043,-10.0,10228.854824614413,0.0,10218.854824614413,0,,9507.761
2017-05-04 00:00:00+00:00,83.5,86.53,,27.61595,1.5478575,0.6063829787234043,-10.0,10706.456996511744,0.0,10696.456996511744,0,,9951.694
2017-05-05 00:00:00+00:00,86.66,85.89,,49.460712,1.8600006,0.6063829787234043,-10.0,10627.269034561434,0.0,10617.269034561434,0,,9878.088
2017-05-08 00:00:00+00:00,86.21,86.59,,47.240616,1.9257147,0.6063829787234043,-10.0,10713.88108057501,0.0,10703.88108057501,0,,9958.595
2017-05-09 00:00:00+00:00,86.7,87.54,,69.735565,1.6100006,0.6063829787234043,-10.0,10831.426367155293,0.0,10821.426367155293,0,,10067.853
2017-05-10 00:00:00+00:00,87.57,88.14,,77.2249,1.6207155,0.5483870967741935,-10.0,10905.664293039968,0.0,10895.664293039968,0,,10136.857
2017-05-11 00:00:00+00:00,87.84,88.86,,77.39792,1.6107156,0.5346534653465346,-10.0,10994.750664185283,0.0,10984.750664185283,0,,10219.663
2017-05-12 00:00:00+00:00,88.61,88.75,,87.475365,1.602144,0.5396825396825397,-10.0,10981.139944948882,0.0,10971.139944948882,0,,10207.012
2017-05-15 00:00:00+00:00,88.49,89.92,,89.325294,1.5471437,0.6063829787234043,-10.0,11125.90559667942,0.0,11115.90559667942,0,,10341.571
2017-05-16 00:00:00+00:00,89.84,89.12,,89.95263,1.5721436,0.6063829787234043,-10.0,11026.92099475994,0.0,11016.92099475994,0,,10249.564
2017-05-17 00:00:00+00:00,89.12,86.28,,85.41858,1.5992862,0.6063829787234043,-10.0,10675.523830808457,0.0,10665.523830808457,0,,9922.939
2017-05-18 00:00:00+00:00,86.26,86.69,,65.90213,1.745715,0.6063829787234043,-10.0,10726.254346105812,0.0,10716.254346105812,0,,9970.094
2017-05-19 00:00:00+00:00,87.62,89.16,,67.28763,1.7992865,0.6063829787234043,-10.0,11031.870340740094,0.0,11021.870340740094,0,,10254.165
2017-05-22 00:00:00+00:00,89.0,89.48,,71.58577,1.9385719,0.6063829787234043,-10.0,11071.464099364726,0.0,11061.464099364726,0,,10290.967
2017-05-23 00:00:00+00:00,89.73,89.19,,71.85898,1.8921432,0.6063829787234043,-10.0,11035.582115790166,0.0,11025.582115790166,0,,10257.615
2017-05-24 00:00:00+00:00,89.38,89.97,,70.52898,1.8428574,0.6063829787234043,-10.0,11132.091732117033,0.0,11122.091732117033,0,,10347.321
2017-05-25 00:00:00+00:00,90.0,91.11,,63.437508,1.5907141,0.6063829787234043,-10.0,11273.145070441871,0.0,11263.145070441871,0,,10478.431
2017-05-26 00:00:00+00:00,91.19,91.0,,69.62406,1.6028568,0.6063829787234043,-10.0,11259.534419750667,0.0,11249.534419750667,0,,10465.779
2017-05-30 00:00:00+00:00,90.66,91.03,,67.34855,1.5671419,0.6063829787234043,-10.0,11263.24571638899,0.0,11253.24571638899,0,,10469.2295
2017-05-31 00:00:00+00:00,91.33,91.77,,64.80067,1.5128561,0.6063829787234043,-10.0,11354.805990977098,0.0,11344.805990977098,0,,10554.335
2017-06-01 00:00:00+00:00,91.71,93.14,,65.21374,1.5035706,0.6063829787234043,-10.0,11524.318466593559,0.0,11514.318466593559,0,,10711.897
2017-06-02 00:00:00+00:00,93.5,93.58,,67.01112,1.5549992,0.6063829787234043,-10.0,11578.76101731385,0.0,11568.76101731385,0,,10762.502
2017-06-05 00:00:00+00:00,93.2,93.32,,68.70643,1.5978563,0.6063829787234043,-10.0,11546.590461360998,0.0,11536.590461360998,0,,10732.6
2017-06-06 00:00:00+00:00,93.19,91.69,,64.166664,1.494285,0.6063829787234043,-10.0,11344.909353567631,0.0,11334.909353567631,0,,10545.136
2017-06-07 00:00:00+00:00,91.95,91.93,,60.01558,1.5307138,0.6063829787234043,-10.0,11374.604408417767,0.0,11364.604408417767,0,,10572.737
2017-06-08 00:00:00+00:00,91.93,91.57,,77.61485,1.3728567,0.6063829787234043,-10.0,11330.061171349527,0.0,11320.061171349527,0,,10531.335
2017-06-09 00:00:00+00:00,91.28,92.1,,73.96855,1.3328569,0.6063829787234043,-10.0,11395.637859399721,0.0,11385.637859399721,0,,10592.289
2017-06-12 00:00:00+00:00,91.89,92.36,,67.83978,1.2028569,0.6063829787234043,-10.0,11427.80769021652,0.0,11417.80769021652,0,,10622.191
2017-06-13 00:00:00+00:00,92.51,93.0,,67.6039,1.1699998,0.6063829787234043,-10.0,11506.995513204183,0.0,11496.995513204183,0,,10695.797
2017-06-14 00:00:00+00:00,93.0,93.9,,72.33293,1.1807142,0.6063829787234043,-10.0,11618.353428100423,0.0,11608.353428100423,0,,10799.305
2017-06-15 00:00:00+00:00,93.5,94.43,,72.71676,1.1749998,0.6063829787234043,-10.0,11683.931149471322,0.0,11673.931149471322,0,,10860.26
2017-06-16 00:00:00+00:00,94.54,92.53,,70.64676,1.2342856,0.6063829787234043,-10.0,11448.841809372998,0.0,11438.841809372998,0,,10641.743
2017-06-19 00:00:00+00:00,92.61,93.75,,57.78229,1.3935716,0.6063829787234043,-10.0,11599.793701587067,0.0,11589.793701587067,0,,10782.054
2017-06-20 00:00:00+00:00,93.75,93.25,,62.341198,1.4935712,0.6063829787234043,-10.0,11537.928470738838,0.0,11527.928470738838,0,,10724.549
2017-06-21 00:00:00+00:00,93.34,95.62,,56.864574,1.4971428,0.6063829787234043,-10.0,11831.17115032167,0.0,11821.17115032167,0,,10997.119
2017-06-22 00:00:00+00:00,95.7,96.37,,60.526325,1.5571431,0.6063829787234043,-10.0,11923.968875165478,0.0,11913.968875165478,0,,11083.375
2017-06-23 00:00:00+00:00,96.5,95.82,,61.53846,1.6314288,0.6063829787234043,-10.0,11855.916348228591,0.0,11845.916348228591,0,,11020.12
2017-06-26 00:00:00+00:00,96.2,95.99,,60.096928,1.662857,0.6063829787234043,-10.0,11876.951018463591,0.0,11866.951018463591,0,,11039.672
2017-06-27 00:00:00+00:00,95.92,95.53,,69.688614,1.6078573,0.6063829787234043,-10.0,11820.034842088831,0.0,11810.034842088831,0,,10986.768
2017-06-28 00:00:00+00:00,96.17,96.38,84.6948,66.157974,1.6664282,0.6063829787234043,-10.0,11925.205518866036,0.0,11915.205518866036,0,,11084.524
2017-06-29 00:00:00+00:00,96.68,95.76,84.74195,70.67926,1.7092851,0.5483870967741935,-10.0,11848.49268369579,0.0,11838.49268369579,0,,11013.22
2017-06-30 00:00:00+00:00,94.94,94.53,84.7945,65.61435,1.7935709,0.6063829787234043,-10.0,11696.30327230248,0.0,11686.30327230248,0,,10871.759
2017-07-03 00:00:00+00:00,94.86,94.7,84.8479,58.55003,1.912857,0.6063829787234043,-10.0,11717.337802842703,0.0,11707.337802842703,0,,10891.31
2017-07-05 00:00:00+00:00,94.91,95.22,84.9004,56.955795,1.9121426,0.6063829787234043,-10.0,11781.677919090183,0.0,11771.677919090183,0,,10951.115
2017-07-06 00:00:00+00:00,94.69,92.51,84.95595,55.57432,1.8935716,0.6063829787234043,-10.0,11446.36684823822,0.0,11436.36684823822,0,,10639.442
2017-07-07 00:00:00+00:00,93.04,93.91,85.0022,43.15265,1.9328575,0.5396825396825397,-10.0,11619.590442071309,0.0,11609.590442071309,0,,10800.455
2017-07-10 00:00:00+00:00,93.65,92.49,85.06135,55.103565,1.856429,0.6063829787234043,-10.0,11443.891503673081,0.0,11433.891503673081,0,,10637.142
2017-07-11 00:00:00+00:00,92.65,92.18,85.1087,45.408157,1.8564295,0.6063829787234043,-10.0,11405.535145440908,0.0,11395.535145440908,0,,10601.489
2017-07-12 00:00:00+00:00,92.84,93.21,85.15165,46.045826,1.8857149,0.6063829787234043,-10.0,11532.977460095792,0.0,11522.977460095792,0,,10719.948
2017-07-13 00:00:00+00:00,93.55,92.86,85.20105,40.114834,1.8014287,0.6063829787234043,-10.0,11489.67143637701,0.0,11479.67143637701,0,,10679.694
2017-07-14 00:00:00+00:00,93.06,92.96,85.25175,35.114494,1.7514288,0.6063829787234043,-10.0,11502.043715792712,0.0,11492.043715792712,0,,10691.194
2017-07-17 00:00:00+00:00,93.05,92.71,85.3003,37.389763,1.7071435,0.5396825396825397,-10.0,11471.11124699617,0.0,11461.11124699617,0,,10662.442
2017-07-18 00:00:00+00:00,92.68,91.37,85.34785,35.639233,1.6878575,0.5396825396825397,-10.0,11305.311825417131,0.0,11295.311825417131,0,,10508.331
2017-07-19 00:00:00+00:00,91.56,91.17,85.39845,33.08944,1.6978575,0.5396825396825397,-10.0,11280.5647173875,0.0,11270.5647173875,0,,10485.328
2017-07-20 00:00:00+00:00,91.2,91.95,85.4504,27.639492,1.6828569,0.6063829787234043,-10.0,11377.074599436759,0.0,11367.074599436759,0,,10575.034
2017-07-21 00:00:00+00:00,91.82,91.62,85.50955,33.869587,1.6307138,0.5396825396825397,-10.0,11336.243925342398,0.0,11326.243925342398,0,,10537.082
2017-07-24 00:00:00+00:00,91.64,93.13,85.565,36.663624,1.504285,0.6063829787234043,-10.0,11523.077036558272,0.0,11513.077036558272,0,,10710.744
2017-07-25 00:00:00+00:00,93.4,94.65,85.6305,43.591835,1.6014284,0.5483870967741935,-10.0,11711.14865062181,0.0,11701.14865062181,0,,10885.557
2017-07-26 00:00:00+00:00,94.27,94.21,85.70305,47.849056,1.6785715,0.6063829787234043,-10.0,11656.706506185692,0.0,11646.706506185692,0,,10834.952
2017-07-27 00:00:00+00:00,93.49,92.78,85.77715,57.741337,1.5599997,0.6063829787234043,-10.0,11479.770998997923,0.0,11469.770998997923,0,,10670.49
2017-07-28 00:00:00+00:00,93.0,93.97,85.84285,44.86828,1.6028568,0.5483870967741935,-10.0,11627.0115186521,0.0,11617.0115186521,0,,10807.351
2017-07-31 00:00:00+00:00,94.3,93.82,85.91465,56.864586,1.5692853,0.6063829787234043,-10.0,11608.451645817357,0.0,11598.451645817357,0,,10790.099
2017-08-01 00:00:00+00:00,94.11,92.98,85.9807,57.721283,1.5457137,0.6063829787234043,-10.0,11504.518005684818,0.0,11494.518005684818,0,,10693.491
2017-08-02 00:00:00+00:00,92.19,91.27,86.0437,48.89743,1.5449992,0.6063829787234043,-10.0,11292.936892364822,0.0,11282.936892364822,0,,10496.826
2017-08-03 00:00:00+00:00,84.11,81.71,86.1011,43.25698,1.7178568,0.6063829787234043,-10.0,10110.067970905739,0.0,10100.067970905739,0,,9397.345
2017-08-04 00:00:00+00:00,81.71,80.83,86.11095,23.529411,2.4228566,0.6063829787234043,-10.0,10001.184718078866,0.0,9991.184718078866,0,,9296.138
2017-08-07 00:00:00+00:00,80.8,80.58,86.10965,22.851923,2.5349994,0.6063829787234043,-10.0,9970.25220370812,0.0,9960.25220370812,0,,9267.386
2017-08-08 00:00:00+00:00,80.91,80.33,86.1108,24.050022,2.538571,0.6063829787234043,-10.0,9939.319682039733,0.0,9929.319682039733,0,,9238.634
2017-08-09 00:00:00+00:00,79.86,79.8,86.10875,23.992327,2.5985713,0.6063829787234043,-10.0,9873.742462658141,0.0,9863.742462658141,0,,9177.68
2017-08-10 00:00:00+00:00,79.43,78.88,86.10765,20.495396,2.5985718,0.6063829787234043,-10.0,9759.908982278874,0.0,9749.908982278874,0,,9071.871
2017-08-11 00:00:00+00:00,78.83,80.02,86.10185,19.924456,2.688572,0.6063829787234043,-10.0,9900.962487874389,0.0,9890.962487874389,0,,9202.981
2017-08-14 00:00:00+00:00,80.31,80.08,86.1,18.500738,2.6357138,0.6063829787234043,-10.0,9908.386491242854,0.0,9898.386491242854,0,,9209.882
2017-08-15 00:00:00+00:00,80.25,80.0,86.10355,12.351449,2.5185704,0.6063829787234043,-10.0,9898.48768169187,0.0,9888.48768169187,0,,9200.681
2017-08-16 00:00:00+00:00,80.29,80.03,86.10605,12.5856,2.4707134,0.6063829787234043,-10.0,9902.199935530241,0.0,9892.199935530241,0,,9204.131
2017-08-17 00:00:00+00:00,79.68,79.94,86.1605,13.757841,2.3778567,0.6063829787234043,-10.0,9891.064309322433,0.0,9881.064309322433,0,,9193.78
2017-08-18 00:00:00+00:00,79.69,78.6,86.2086,7.459084,2.3685706,0.6063829787234043,-10.0,9725.264213781507,0.0,9715.264213781507,0,,9039.668
2017-08-21 00:00:00+00:00,78.43,78.04,86.25265,6.9570293,2.390714,0.6063829787234043,-10.0,9655.974989514398,0.0,9645.974989514398,0,,8975.264
2017-08-22 00:00:00+00:00,78.24,79.23,86.263054,7.068981,2.332857,0.6063829787234043,-10.0,9803.215633109108,0.0,9793.215633109108,0,,9112.124
2017-08-23 00:00:00+00:00,78.98,78.14,86.2976,14.336523,2.1564276,0.6063829787234043,-10.0,9668.348214896863,0.0,9658.348214896863,0,,8986.765
2017-08-24 00:00:00+00:00,78.33,78.4,86.33595,28.775297,1.4785712,0.6063829787234043,-10.0,9700.51838369891,0.0,9690.51838369891,0,,9016.667
2017-08-25 00:00:00+00:00,78.39,78.1,86.3683,34.40311,1.3821428,0.6063829787234043,-10.0,9663.398781750942,0.0,9653.398781750942,0,,8982.164
2017-08-28 00:00:00+00:00,78.38,78.66,86.41365,34.18369,1.3242853,0.6063829787234043,-10.0,9732.688439024656,0.0,9722.688439024656,0,,9046.569
2017-08-29 00:00:00+00:00,78.16,78.56,86.4289,39.754642,1.2514278,0.6063829787234043,-10.0,9720.314619410938,0.0,9710.314619410938,0,,9035.068
2017-08-30 00:00:00+00:00,78.43,78.33,86.42375,41.96891,1.2164279,0.6063829787234043,-10.0,9691.856833954982,0.0,9681.856833954982,0,,9008.617
2017-08-31 00:00:00+00:00,78.65,80.25,86.4208,46.088238,1.1357133,0.6063829787234043,-10.0,9929.420671762278,0.0,9919.420671762278,0,,9229.434
2017-09-01 00:00:00+00:00,80.46,80.24,86.4154,51.47249,1.1778564,0.6063829787234043,-10.0,9928.183135175477,0.0,9918.183135175477,0,,9228.283
2017-09-05 00:00:00+00:00,79.81,79.69,86.41895,51.0309,1.2149996,0.6063829787234043,-10.0,9860.13184013369,0.0,9850.13184013369,0,,9165.029
2017-09-06 00:00:00+00:00,80.0,80.72,86.4231,48.116665,1.292142,0.6063829787234043,-10.0,9987.574328148723,0.0,9977.574328148723,0,,9283.488
2017-09-07 00:00:00+00:00,80.82,82.56,86.4259,53.73782,1.3064276,0.6063829787234043,-10.0,10215.2395141135,0.0,10205.2395141135,0,,9495.104
2017-09-08 00:00:00+00:00,82.54,82.5,86.44265,61.930748,1.3578562,0.6063829787234043,-10.0,10207.816101304363,0.0,10197.816101304363,0,,9488.203
2017-09-11 00:00:00+00:00,83.33,84.39,86.4629,70.10309,1.3671417,0.6063829787234043,-10.0,10441.667421960683,0.0,10431.667421960683,0,,9705.569
2017-09-12 00:00:00+00:00,84.19,83.9,86.4928,78.78511,1.4642847,0.6063829787234043,-10.0,10381.03968788115,0.0,10371.03968788115,0,,9649.216
2017-09-13 00:00:00+00:00,83.76,84.32,86.5188,72.60405,1.4842845,0.6063829787234043,-10.0,10433.0067126382,0.0,10423.0067126382,0,,9697.519
2017-09-14 00:00:00+00:00,82.32,80.69,86.547554,81.987595,1.4849985,0.6063829787234043,-10.0,9983.863378768612,0.0,9973.863378768612,0,,9280.038
2017-09-15 00:00:00+00:00,80.47,81.6,86.55575,58.787422,1.6878554,0.6063829787234043,-10.0,10096.458151475243,0.0,10086.458151475243,0,,9384.696
2017-09-18 00:00:00+00:00,81.8,80.67,86.5756,62.829926,1.7399989,0.6063829787234043,-10.0,9981.388174453921,0.0,9971.388174453921,0,,9277.737
2017-09-19 00:00:00+00:00,80.53,79.28,86.589,57.17344,1.7614278,0.6063829787234043,-10.0,9809.401973785369,0.0,9799.401973785369,0,,9117.876
2017-09-20 00:00:00+00:00,79.47,79.5,86.5964,52.35295,1.8092848,0.6063829787234043,-10.0,9836.622611481847,0.0,9826.622611481847,0,,9143.178
2017-09-21 00:00:00+00:00,79.49,80.38,86.5999,53.82603,1.879285,0.6063829787234043,-10.0,9945.505943804581,0.0,9935.505943804581,0,,9244.385
2017-09-22 00:00:00+00:00,80.53,81.05,86.6041,50.45613,1.8485712,0.6063829787234043,-10.0,10028.406421703732,0.0,10018.406421703732,0,,9321.441
2017-09-25 00:00:00+00:00,80.23,80.98,86.615,52.71632,1.8114281,0.6063829787234043,-10.0,10019.745174864538,0.0,10009.745174864538,0,,9313.391
2017-09-26 00:00:00+00:00,81.41,82.0,86.638,54.469864,1.7749999,0.6063829787234043,-10.0,10145.950413585455,0.0,10135.950413585455,0,,9430.699
2017-09-27 00:00:00+00:00,82.17,82.43,86.6636,54.438282,1.8049997,0.6063829787234043,-10.0,10199.154736965831,0.0,10189.154736965831,0,,9480.152
2017-09-28 00:00:00+00:00,81.85,80.99,86.68125,49.500393,1.7621433,0.6063829787234043,-10.0,10020.981560704176,0.0,10010.981560704176,0,,9314.539
2017-09-29 00:00:00+00:00,81.71,82.75,86.69585,44.753292,1.8014292,0.6063829787234043,-10.0,10238.748896193809,0.0,10228.748896193809,0,,9516.955
2017-10-02 00:00:00+00:00,82.97,83.3,86.7144,44.24965,1.8578578,0.6063829787234043,-10.0,10306.800883449298,0.0,10296.800883449298,0,,9580.21
2017-10-03 00:00:00+00:00,83.33,82.88,86.74565,47.905033,1.8257152,0.6063829787234043,-10.0,10254.833208935675,0.0,10244.833208935675,0,,9531.905
2017-10-04 00:00:00+00:00,82.76,82.74,86.7767,44.97206,1.8207158,0.6063829787234043,-10.0,10237.510789462669,0.0,10227.510789462669,0,,9515.805
2017-10-05 00:00:00+00:00,84.16,84.12,86.8035,59.46442,1.6564304,0.6063829787234043,-10.0,10408.26028801777,0.0,10398.26028801777,0,,9674.517
2017-10-06 00:00:00+00:00,84.23,80.48,86.832,61.150444,1.7164301,0.6063829787234043,-10.0,9957.879440409102,0.0,9947.879440409102,0,,9255.886
2017-10-09 00:00:00+00:00,80.21,78.35,86.8379,49.321934,1.928573,0.6063829787234043,-10.0,9694.331709490882,0.0,9684.331709490882,0,,9010.918
2017-10-10 00:00:00+00:00,79.49,79.55,86.8354,46.84746,1.9792868,0.6063829787234043,-10.0,9842.809030603476,0.0,9832.809030603476,0,,9148.928
2017-10-11 00:00:00+00:00,79.45,80.32,86.8441,50.158943,2.0007155,0.6063829787234043,-10.0,9938.081877404507,0.0,9928.081877404507,0,,9237.484
2017-10-12 00:00:00+00:00,80.37,80.8,86.8529,49.807945,1.9657152,0.6063829787234043,-10.0,9997.472658639745,0.0,9987.472658639745,0,,9292.688
2017-10-13 00:00:00+00:00,80.42,79.44,86.8628,49.18989,1.9735729,0.6063829787234043,-10.0,9829.198237746516,0.0,9819.198237746516,0,,9136.276
2017-10-16 00:00:00+00:00,79.02,79.0,86.86825,45.39474,2.1464305,0.6063829787234043,-10.0,9774.756065967787,0.0,9764.756065967787,0,,9085.673
2017-10-17 00:00:00+00:00,78.89,79.95,86.866554,40.706337,2.2157161,0.6063829787234043,-10.0,9892.299825093794,0.0,9882.299825093794,0,,9194.93
2017-10-18 00:00:00+00:00,80.13,80.49,86.87535,42.557026,2.2400012,0.6063829787234043,-10.0,9959.115179415989,0.0,9949.115179415989,0,,9257.034
2017-10-19 00:00:00+00:00,80.82,82.2,86.86475,48.413708,2.2078586,0.6063829787234043,-10.0,10170.695421537162,0.0,10160.695421537162,0,,9453.699
2017-10-20 00:00:00+00:00,82.57,83.21,86.85245,48.249516,2.1514304,0.6063829787234043,-10.0,10295.664178986393,0.0,10285.664178986393,0,,9569.857
2017-10-23 00:00:00+00:00,83.17,82.53,86.8501,49.721695,2.1742876,0.6063829787234043,-10.0,10211.52703506097,0.0,10201.52703506097,0,,9491.651
2017-10-24 00:00:00+00:00,82.69,81.85,86.83875,48.93488,2.2064302,0.6063829787234043,-10.0,10127.389688334812,0.0,10117.389688334812,0,,9413.445
2017-10-25 00:00:00+00:00,82.0,82.22,86.8206,47.37773,2.260716,0.6063829787234043,-10.0,10173.170912629872,0.0,10163.170912629872,0,,9455.999
2017-10-26 00:00:00+00:00,83.97,78.77,86.80755,44.04762,2.1578581,0.6063829787234043,-10.0,9746.297980995332,0.0,9736.297980995332,0,,9059.22
2017-10-27 00:00:00+00:00,78.59,76.38,86.79375,44.5783,2.4342868,0.6063829787234043,-10.0,9450.580622284939,0.0,9440.580622284939,0,,8784.349
2017-10-30 00:00:00+00:00,76.01,76.93,86.75635,43.855274,2.4692867,0.6063829787234043,-10.0,9518.632714180176,0.0,9508.632714180176,0,,8847.604
2017-10-31 00:00:00+00:00,76.85,76.95,86.7179,41.48244,2.4492862,0.6063829787234043,-10.0,9521.106380766683,0.0,9511.106380766683,0,,8849.903
2017-11-01 00:00:00+00:00,77.48,76.62,86.6727,38.48257,2.6121433,0.6063829787234043,-10.0,9480.275735093206,0.0,9470.275735093206,0,,8811.951
2017-11-02 00:00:00+00:00,77.02,73.23,86.62825,35.5663,2.6271434,0.6063829787234043,-10.0,9060.827671895073,0.0,9050.827671895073,0,,8422.072
2017-11-03 00:00:00+00:00,73.34,74.8,86.56705,31.193222,2.8692856,0.6063829787234043,-10.0,9255.08560044289,0.0,9245.08560044289,0,,8602.636
2017-11-06 00:00:00+00:00,74.8,74.86,86.5223,38.095245,2.8285713,0.6063829787234043,-10.0,9262.509653516461,0.0,9252.509653516461,0,,8609.536
2017-11-07 00:00:00+00:00,74.92,74.91,86.4722,34.80598,2.8207142,0.6063829787234043,-10.0,9268.696358341464,0.0,9258.696358341464,0,,8615.287
2017-11-08 00:00:00+00:00,74.87,75.01,86.4247,32.841347,2.7821426,0.6063829787234043,-10.0,9281.069193240974,0.0,9271.069193240974,0,,8626.788
2017-11-09 00:00:00+00:00,75.07,75.27,86.3706,25.460772,2.7821426,0.6063829787234043,-10.0,9313.238579134637,0.0,9303.238579134637,0,,8656.688
2017-11-10 00:00:00+00:00,75.05,75.0,86.33,21.438828,2.793571,0.6063829787234043,-10.0,9279.831367179393,0.0,9269.831367179393,0,,8625.637
2017-11-13 00:00:00+00:00,74.69,75.4,86.29285,22.090422,2.8628561,0.6063829787234043,-10.0,9329.3235326896,0.0,9319.3235326896,0,,8671.64
2017-11-14 00:00:00+00:00,75.1,75.4,86.25175,25.586672,2.887856,0.6063829787234043,-10.0,9329.3235326896,0.0,9319.3235326896,0,,8671.64
2017-11-15 00:00:00+00:00,75.32,77.53,86.19235,23.442345,2.8821428,0.6063829787234043,-10.0,9592.870053898901,0.0,9582.870053898901,0,,8916.606
2017-11-16 00:00:00+00:00,77.72,80.31,86.13695,44.618057,2.5057144,0.6063829787234043,-10.0,9936.842376408465,0.0,9926.842376408465,0,,9236.33
2017-11-17 00:00:00+00:00,79.65,78.84,86.09825,66.49877,2.519286,0.5396825396825397,-10.0,9754.957324737436,0.0,9744.957324737436,0,,9067.268
2017-11-20 00:00:00+00:00,78.3,77.46,86.04605,57.44349,2.5878575,0.6063829787234043,-10.0,9584.208522148912,0.0,9574.208522148912,0,,8908.556
2017-11-21 00:00:00+00:00,77.83,79.46,85.98345,51.79705,2.5042856,0.6063829787234043,-10.0,9831.670662736395,0.0,9821.670662736395,0,,9138.573
2017-11-22 00:00:00+00:00,79.98,81.4,85.9291,58.95334,2.5699997,0.6063829787234043,-10.0,10071.708716934707,0.0,10061.708716934707,0,,9361.689
2017-11-24 00:00:00+00:00,81.9,81.23,85.88075,78.34839,2.2485712,0.5396825396825397,-10.0,10050.67468303874,0.0,10040.67468303874,0,,9342.138
2017-11-27 00:00:00+00:00,81.07,81.12,85.82865,74.711784,2.2264285,0.6063829787234043,-10.0,10037.064482268603,0.0,10027.064482268603,0,,9329.487
2017-11-28 00:00:00+00:00,81.4,83.15,85.7784,73.96634,2.1635716,0.6063829787234043,-10.0,10288.238532867557,0.0,10278.238532867557,0,,9562.955
2017-11-29 00:00:00+00:00,83.56,84.66,85.74175,77.39364,2.2614284,0.5135135135135135,-10.0,10475.072795880138,0.0,10465.072795880138,0,,9736.618
2017-11-30 00:00:00+00:00,85.0,84.82,85.71095,79.33133,2.2985704,0.5135135135135135,-10.0,10494.86884893603,0.0,10484.86884893603,0,,9755.019
2017-12-01 00:00:00+00:00,83.98,84.95,85.67915,79.20492,2.3328564,0.6063829787234043,-10.0,10510.954059830468,0.0,10500.954059830468,0,,9769.97
2017-12-04 00:00:00+00:00,85.73,87.42,85.6523,80.69094,2.4335709,0.6063829787234043,-10.0,10816.570351814915,0.0,10806.570351814915,0,,10054.041
2017-12-05 00:00:00+00:00,87.49,85.89,85.6356,82.87747,2.4735706,0.01,-10.0,10627.261854361976,0.0,10617.261854361976,0,,9878.078
2017-12-06 00:00:00+00:00,86.2,85.99,85.61,76.47653,2.5778558,0.5346534653465346,-10.0,10639.635357395084,0.0,10629.635357395084,0,,9889.579
2017-12-07 00:00:00+00:00,86.27,85.93,85.58325,73.79079,2.4607124,0.5396825396825397,-10.0,10632.211743638567,0.0,10622.211743638567,0,,9882.679
2017-12-08 00:00:00+00:00,86.06,86.7,85.55485,68.65872,2.3257124,0.6063829787234043,-10.0,10727.48405727461,0.0,10717.48405727461,0,,9971.234
2017-12-11 00:00:00+00:00,87.05,86.77,85.52755,77.36772,2.2607129,0.5135135135135135,-10.0,10736.145476370595,0.0,10726.145476370595,0,,9979.285
2017-12-12 00:00:00+00:00,87.37,87.82,85.50275,85.670525,2.1785703,0.5346534653465346,-10.0,10866.062874740668,0.0,10856.062874740668,0,,10100.044
2017-12-13 00:00:00+00:00,87.54,88.48,85.4843,84.54549,2.106428,0.01,-10.0,10947.726014545884,0.0,10937.726014545884,0,,10175.95
2017-12-14 00:00:00+00:00,88.35,89.31,85.46555,82.717224,2.0599992,0.01,-10.0,11050.422023238221,0.0,11040.422023238221,0,,10271.407
2017-12-15 00:00:00+00:00,90.97,93.17,85.4524,85.19165,2.119285,0.01,-10.0,11528.02437489194,0.0,11518.02437489194,0,,10715.341
2017-12-18 00:00:00+00:00,92.84,92.4,85.4571,89.5601,2.3778567,0.01,-10.0,11432.751911827969,0.0,11422.751911827969,0,,10626.784
2017-12-19 00:00:00+00:00,92.67,93.79,85.46915,83.10669,2.297142,0.01,-10.0,11604.737756113147,0.0,11594.737756113147,0,,10786.646
2017-12-20 00:00:00+00:00,93.67,93.74,85.4957,82.96032,2.263571,0.01,-10.0,11598.550532963107,0.0,11588.550532963107,0,,10780.8955
2017-12-21 00:00:00+00:00,93.75,92.99,85.519,82.459984,2.1971424,0.01,-10.0,11505.752262073544,0.0,11495.752262073544,0,,10694.64
2017-12-22 00:00:00+00:00,93.41,92.46,85.5409,77.994446,2.0307143,0.01,-10.0,11440.175050526408,0.0,11430.175050526408,0,,10633.686
2017-12-26 00:00:00+00:00,92.48,93.25,85.56165,70.28987,1.9350003,0.546348703129882,-10.0,11537.92226991864,0.0,11527.92226991864,0,,10724.542
2017-12-27 00:00:00+00:00,93.18,92.6,85.5822,81.506874,1.8978571,0.01,-10.0,11457.496896735276,0.0,11447.496896735276,0,,10649.786
2017-12-28 00:00:00+00:00,92.88,92.59,85.60115,77.02373,1.8857144,0.5346534653465346,-10.0,11456.259445636304,0.0,11446.259445636304,0,,10648.636
2017-12-29 00:00:00+00:00,92.89,91.82,85.6167,77.33988,1.8692862,0.6063829787234043,-10.0,11360.98668484968,0.0,11350.98668484968,0,,10560.08
2018-01-02 00:00:00+00:00,92.15,94.04,85.6358,71.018074,1.8707144,0.6063829787234043,-10.0,11635.670231565398,0.0,11625.670231565398,0,,10815.398
2018-01-03 00:00:00+00:00,93.4,94.39,85.66835,75.36638,1.9450003,0.5346534653465346,-10.0,11678.97625567568,0.0,11668.97625567568,0,,10855.652
2018-01-04 00:00:00+00:00,94.64,94.18,85.70575,74.10125,2.027857,0.6063829787234043,-10.0,11652.992834605142,0.0,11642.992834605142,0,,10831.5
2018-01-05 00:00:00+00:00,93.77,95.32,85.7471,71.62367,2.034286,0.5396825396825397,-10.0,11794.046617595814,0.0,11784.046617595814,0,,10962.61
2018-01-08 00:00:00+00:00,95.11,96.9,85.7943,72.27577,1.9821428,0.5483870967741935,-10.0,11989.54253230341,0.0,11979.54253230341,0,,11144.324
2018-01-09 00:00:00+00:00,96.95,97.52,85.84885,66.63695,1.8571428,0.5135135135135135,-10.0,12066.255464453336,0.0,12056.255464453336,0,,11215.63
2018-01-10 00:00:00+00:00,96.54,97.21,85.90365,73.146454,1.8957144,0.0916182203208966,-10.0,12027.898830287677,0.0,12017.898830287677,0,,11179.977
2018-01-11 00:00:00+00:00,97.4,98.14,85.9523,67.13427,1.9428569,0.6063829787234043,-10.0,12142.968573065868,0.0,12132.968573065868,0,,11286.935
2018-01-12 00:00:00+00:00,98.5,99.0,86.0055,70.25785,1.9671429,0.5135135135135135,-10.0,12249.376868320276,0.0,12239.376868320276,0,,11385.842
2018-01-16 00:00:00+00:00,99.1,99.55,86.05295,77.392914,1.9485708,0.5346534653465346,-10.0,12317.429870626642,0.0,12307.429870626642,0,,11449.098
2018-01-17 00:00:00+00:00,99.77,101.3,86.105,82.25662,1.9335703,0.5346534653465346,-10.0,12533.958939387763,0.0,12523.958939387763,0,,11650.362
2018-01-18 00:00:00+00:00,101.53,100.86,86.169,83.68203,1.9571419,0.01,-10.0,12479.516820397937,0.0,12469.516820397937,0,,11599.758
2018-01-19 00:00:00+00:00,100.87,100.06,86.23665,85.178894,2.002856,0.5135135135135135,-10.0,12380.531433230148,0.0,12370.531433230148,0,,11507.751
2018-01-22 00:00:00+00:00,100.28,102.66,86.3023,79.808464,2.0578563,0.6063829787234043,-10.0,12702.233670195674,0.0,12692.233670195674,0,,11806.774
2018-01-23 00:00:00+00:00,103.0,102.81,86.3797,87.74372,2.1457138,0.5396825396825397,-10.0,12720.792002622451,0.0,12710.792002622451,0,,11824.023
2018-01-24 00:00:00+00:00,103.29,104.62,86.45555,85.6794,2.0971425,0.5396825396825397,-10.0,12944.74542208314,0.0,12934.74542208314,0,,12032.189
2018-01-25 00:00:00+00:00,104.67,104.37,86.54055,87.19999,2.0892851,0.5135135135135135,-10.0,12913.81253138681,0.0,12903.81253138681,0,,12003.4375
2018-01-26 00:00:00+00:00,104.56,105.48,86.6202,86.94705,2.0364277,0.5346534653465346,-10.0,13051.154243502535,0.0,13041.154243502535,0,,12131.098
2018-01-29 00:00:00+00:00,105.14,105.09,86.70825,86.918594,2.019285,0.5396825396825397,-10.0,13002.898188911166,0.0,12992.898188911166,0,,12086.243
2018-01-30 00:00:00+00:00,102.0,102.46,86.7996,82.57751,1.9049988,0.5396825396825397,-10.0,12677.485804658621,0.0,12667.485804658621,0,,11783.771
2018-01-31 00:00:00+00:00,102.98,99.67,86.87855,66.941,2.1271417,0.6063829787234043,-10.0,12332.276046381976,0.0,12322.276046381976,0,,11462.898
2018-02-01 00:00:00+00:00,97.74,99.29,86.9437,57.209835,2.2135708,0.6063829787234043,-10.0,12285.2586088625,0.0,12275.2586088625,0,,11419.195
2018-02-02 00:00:00+00:00,99.09,96.02,87.02735,53.48274,2.3892844,0.6063829787234043,-10.0,11880.657243148291,0.0,11870.657243148291,0,,11043.116
2018-02-05 00:00:00+00:00,95.62,91.9,87.0982,42.124737,2.5271416,0.6063829787234043,-10.0,11370.886098145305,0.0,11360.886098145305,0,,10569.281
2018-02-06 00:00:00+00:00,92.58,91.54,87.14585,32.992447,2.7507129,0.6063829787234043,-10.0,11326.342511405866,0.0,11316.342511405866,0,,10527.878
2018-02-07 00:00:00+00:00,91.6,94.22,87.19725,26.872047,3.0457132,0.6063829787234043,-10.0,11657.942117688719,0.0,11647.942117688719,0,,10836.101
2018-02-08 00:00:00+00:00,94.56,91.55,87.26365,35.7755,3.21357,0.5396825396825397,-10.0,11327.580567896735,0.0,11317.580567896735,0,,10529.028
2018-02-09 00:00:00+00:00,92.54,89.19,87.31395,33.12179,3.3671412,0.5483870967741935,-10.0,11035.574870130877,0.0,11025.574870130877,0,,10257.607
2018-02-12 00:00:00+00:00,89.85,89.45,87.35365,23.027632,3.629284,0.6063829787234043,-10.0,11067.743844089287,0.0,11057.743844089287,0,,10287.509
2018-02-13 00:00:00+00:00,101.67,97.77,87.3903,23.365232,3.7157123,0.6063829787234043,-10.0,12097.185796659127,0.0,12087.185796659127,0,,11244.379
2018-02-14 00:00:00+00:00,97.25,96.4,87.4689,39.15795,4.4585695,0.5135135135135135,-10.0,11927.674513682465,0.0,11917.674513682465,0,,11086.818
2018-02-15 00:00:00+00:00,96.93,97.6,87.53845,37.817177,4.555713,0.5396825396825397,-10.0,12076.151069991658,0.0,12066.151069991658,0,,11224.828
2018-02-16 00:00:00+00:00,96.73,99.4,87.61315,37.987793,4.6621413,0.5346534653465346,-10.0,12298.867065271956,0.0,12288.867065271956,0,,11431.843
2018-02-20 00:00:00+00:00,98.98,99.94,87.6968,41.683723,4.8128557,0.5000945955229118,-10.0,12365.681961128166,0.0,12355.681961128166,0,,11493.947
2018-02-21 00:00:00+00:00,99.82,98.57,87.76385,46.077213,4.560714,0.22388357371397014,-10.0,12196.17030129664,0.0,12186.17030129664,0,,11336.386
2018-02-22 00:00:00+00:00,98.75,97.12,87.82725,48.20847,4.3921423,0.6063829787234043,-10.0,12016.760890461172,0.0,12006.760890461172,0,,11169.624
2018-02-23 00:00:00+00:00,97.57,98.42,87.8799,46.58483,4.2821426,0.6063829787234043,-10.0,12177.610222863572,0.0,12167.610222863572,0,,11319.134
2018-02-26 00:00:00+00:00,98.59,100.58,87.9343,54.02685,4.1707144,0.6063829787234043,-10.0,12444.869650751947,0.0,12434.869650751947,0,,11567.554
2018-02-27 00:00:00+00:00,101.01,97.64,87.9965,65.58909,4.03,0.5396825396825397,-10.0,12081.100194249351,0.0,12071.100194249351,0,,11229.428
2018-02-28 00:00:00+00:00,97.94,95.16,88.0404,60.0263,4.1707144,0.5396825396825397,-10.0,11774.24765644596,0.0,11764.24765644596,0,,10944.208
2018-03-01 00:00:00+00:00,94.84,93.3,88.07245,51.555267,4.196429,0.6063829787234043,-10.0,11544.107835543433,0.0,11534.107835543433,0,,10730.292
2018-03-02 00:00:00+00:00,92.7,93.96,88.08935,52.97518,4.105714,0.6063829787234043,-10.0,11625.76946032804,0.0,11615.76946032804,0,,10806.197
2018-03-05 00:00:00+00:00,93.01,94.9,88.11355,58.607,3.7685716,0.6063829787234043,-10.0,11742.076936449184,0.0,11732.076936449184,0,,10914.306
2018-03-06 00:00:00+00:00,95.49,94.7,88.15665,59.59846,3.7428577,0.6063829787234043,-10.0,11717.330497211651,0.0,11707.330497211651,0,,10891.304
2018-03-07 00:00:00+00:00,93.78,95.6,88.1967,42.42723,2.9500003,0.6063829787234043,-10.0,11828.688751075606,0.0,11818.688751075606,0,,10994.8125
2018-03-08 00:00:00+00:00,96.26,96.24,88.2289,47.97979,2.9628568,0.6063829787234043,-10.0,11907.876561840265,0.0,11897.876561840265,0,,11068.418
2018-03-09 00:00:00+00:00,96.89,99.0,88.2627,46.465694,2.9421425,0.6063829787234043,-10.0,12249.374194386508,0.0,12239.374194386508,0,,11385.842
2018-03-12 00:00:00+00:00,99.21,100.29,88.31175,49.0099,2.8921432,0.5483870967741935,-10.0,12408.987099852064,0.0,12398.987099852064,0,,11534.202
2018-03-13 00:00:00+00:00,100.44,100.6,88.36335,50.83532,2.9292853,0.5483870967741935,-10.0,12447.343001869665,0.0,12437.343001869665,0,,11569.8545
2018-03-14 00:00:00+00:00,100.88,98.58,88.4108,55.103065,2.892142,0.5135135135135135,-10.0,12197.406658689495,0.0,12187.406658689495,0,,11337.538
2018-03-15 00:00:00+00:00,99.05,97.36,88.4487,53.567936,2.9228566,0.6063829787234043,-10.0,12046.45433489809,0.0,12036.45433489809,0,,11197.228
2018-03-16 00:00:00+00:00,97.43,96.61,88.48035,47.399418,2.929999,0.6063829787234043,-10.0,11953.656113506855,0.0,11943.656113506855,0,,11110.971
2018-03-19 00:00:00+00:00,96.34,93.0,88.50455,39.536106,2.8521423,0.6063829787234043,-10.0,11506.986859554436,0.0,11496.986859554436,0,,10695.79
2018-03-20 00:00:00+00:00,92.96,89.19,88.50385,38.187374,2.5228572,0.6063829787234043,-10.0,11035.57204101384,0.0,11025.57204101384,0,,10257.607
2018-03-21 00:00:00+00:00,89.45,89.5,88.4819,35.765377,2.5542858,0.6063829787234043,-10.0,11073.928004056552,0.0,11063.928004056552,0,,10293.26
2018-03-22 00:00:00+00:00,88.4,85.0,88.4628,40.216263,2.514286,0.6063829787234043,-10.0,10517.138442186579,0.0,10507.138442186579,0,,9775.722
2018-03-23 00:00:00+00:00,85.34,84.03,88.42935,30.739471,2.715714,0.6063829787234043,-10.0,10397.11910811684,0.0,10387.11910811684,0,,9664.163
2018-03-26 00:00:00+00:00,84.89,84.95,88.38985,26.6638,2.7321422,0.6063829787234043,-10.0,10510.951130441363,0.0,10500.951130441363,0,,9769.97
2018-03-27 00:00:00+00:00,84.93,84.01,88.35675,29.695955,2.7857144,0.6063829787234043,-10.0,10394.644884419396,0.0,10384.644884419396,0,,9661.863
2018-03-28 00:00:00+00:00,84.45,85.11,88.3163,25.904362,2.718572,0.6063829787234043,-10.0,10530.749349524318,0.0,10520.749349524318,0,,9788.372
2018-03-29 00:00:00+00:00,85.13,86.21,88.28005,27.294975,2.6414287,0.5439321131544089,-10.0,10666.853311346915,0.0,10656.853311346915,0,,9914.882
2018-04-02 00:00:00+00:00,86.1,82.67,88.2461,22.013107,2.5535715,0.5396825396825397,-10.0,10228.845286118738,0.0,10218.845286118738,0,,9507.752
2018-04-03 00:00:00+00:00,83.19,83.93,88.18995,14.90037,2.7478573,0.6063829787234043,-10.0,10384.747050179167,0.0,10374.747050179167,0,,9652.663
2018-04-04 00:00:00+00:00,82.76,86.25,88.13745,18.003828,2.8428574,0.6063829787234043,-10.0,10671.803587002498,0.0,10661.803587002498,0,,9919.483
2018-04-05 00:00:00+00:00,85.6,87.38,88.10605,26.603403,2.9135716,0.5483870967741935,-10.0,10811.61977934601,0.0,10801.61977934601,0,,10049.443
2018-04-06 00:00:00+00:00,86.29,85.41,88.0742,30.9977,3.0214288,0.6063829787234043,-10.0,10567.870093853571,0.0,10557.870093853571,0,,9822.877
2018-04-09 00:00:00+00:00,85.81,86.79,88.035,29.621534,3.0921423,0.6063829787234043,-10.0,10738.618018766814,0.0,10728.618018766814,0,,9981.588
2018-04-10 00:00:00+00:00,87.62,88.91,87.99085,37.70296,2.9892857,0.6063829787234043,-10.0,11000.928285544263,0.0,10990.928285544263,0,,10225.407
2018-04-11 00:00:00+00:00,87.95,89.09,87.95355,49.405773,2.8207142,0.6063829787234043,-10.0,11023.198698483468,0.0,11013.198698483468,0,,10246.107
2018-04-12 00:00:00+00:00,89.55,88.19,87.9199,49.125046,2.807143,0.6063829787234043,-10.0,10911.841317651482,0.0,10901.841317651482,0,,10142.601
2018-04-13 00:00:00+00:00,88.39,86.82,87.8809,58.043385,2.6007144,0.6063829787234043,-10.0,10742.329147647937,0.0,10732.329147647937,0,,9985.038
2018-04-16 00:00:00+00:00,86.82,88.77,87.83735,56.89571,2.6021428,0.6063829787234043,-10.0,10983.60424772513,0.0,10973.60424772513,0,,10209.304
2018-04-17 00:00:00+00:00,89.5,91.04,87.7993,58.98402,2.836428,0.6063829787234043,-10.0,11264.473723421666,0.0,11254.473723421666,0,,10470.374
2018-04-18 00:00:00+00:00,91.67,92.75,87.7757,65.55999,2.8928566,0.6063829787234043,-10.0,11476.054032488855,0.0,11466.054032488855,0,,10667.038
2018-04-19 00:00:00+00:00,92.59,91.69,87.7668,66.46553,2.995714,0.5396825396825397,-10.0,11344.899547493527,0.0,11334.899547493527,0,,10545.13
2018-04-20 00:00:00+00:00,92.0,89.87,87.75175,61.83076,3.0592854,0.6063829787234043,-10.0,11119.709199916984,0.0,11109.709199916984,0,,10335.815
2018-04-23 00:00:00+00:00,90.15,90.74,87.725,66.79107,2.9257138,0.6063829787234043,-10.0,11227.354976784573,0.0,11217.354976784573,0,,10435.872
2018-04-24 00:00:00+00:00,91.4,90.14,87.71615,66.17579,2.8221424,0.6063829787234043,-10.0,11153.116327672315,0.0,11143.116327672315,0,,10366.866
2018-04-25 00:00:00+00:00,89.92,91.43,87.6973,60.06209,2.7242856,0.6063829787234043,-10.0,11312.729414269883,0.0,11302.729414269883,0,,10515.228
2018-04-26 00:00:00+00:00,91.85,92.08,87.692,60.389965,2.6335711,0.6063829787234043,-10.0,11393.154825026806,0.0,11383.154825026806,0,,10589.983
2018-04-27 00:00:00+00:00,91.93,93.07,87.6915,68.35445,2.557857,0.6063829787234043,-10.0,11515.648167625384,0.0,11505.648167625384,0,,10703.842
2018-04-30 00:00:00+00:00,93.28,90.58,87.6908,67.66031,2.4985707,0.6063829787234043,-10.0,11207.558267297225,0.0,11197.558267297225,0,,10417.471
2018-05-01 00:00:00+00:00,90.45,89.2,87.6794,54.60055,2.5035706,0.6063829787234043,-10.0,11036.80903671247,0.0,11026.80903671247,0,,10258.759
2018-05-02 00:00:00+00:00,88.56,92.18,87.6606,50.28424,2.5692847,0.6063829787234043,-10.0,11405.528573841942,0.0,11395.528573841942,0,,10601.486
2018-05-03 00:00:00+00:00,89.25,85.37,87.65795,59.309376,2.9978561,0.5483870967741935,-10.0,10562.920562629944,0.0,10552.920562629944,0,,9818.278
2018-05-04 00:00:00+00:00,84.51,86.37,87.62795,47.30183,3.3007138,0.6063829787234043,-10.0,10686.651901646519,0.0,10676.651901646519,0,,9933.287
2018-05-07 00:00:00+00:00,86.45,84.69,87.60395,45.37038,3.1814287,0.6063829787234043,-10.0,10478.78368789594,0.0,10468.78368789594,0,,9740.073
2018-05-08 00:00:00+00:00,84.58,84.69,87.56765,37.465458,3.2000003,0.6063829787234043,-10.0,10478.78368789594,0.0,10468.78368789594,0,,9740.073
2018-05-09 00:00:00+00:00,84.82,84.72,87.533,32.93819,3.0942862,0.6063829787234043,-10.0,10482.494967089908,0.0,10472.494967089908,0,,9743.523
2018-05-10 00:00:00+00:00,85.41,85.53,87.49095,34.572815,3.0128577,0.6063829787234043,-10.0,10582.716250686726,0.0,10572.716250686726,0,,9836.679
2018-05-11 00:00:00+00:00,85.6,86.88,87.44535,39.94438,3.0278583,0.6063829787234043,-10.0,10749.752849032027,0.0,10739.752849032027,0,,9991.94
2018-05-14 00:00:00+00:00,87.43,87.28,87.4087,41.25113,3.1621437,0.5483870967741935,-10.0,10799.245798820039,0.0,10789.245798820039,0,,10037.944
2018-05-15 00:00:00+00:00,86.6,85.67,87.3812,43.45837,3.0914295,0.6063829787234043,-10.0,10600.038743813235,0.0,10590.038743813235,0,,9852.78
2018-05-16 00:00:00+00:00,85.93,85.99,87.3397,37.015324,3.0835729,0.6063829787234043,-10.0,10639.633109648263,0.0,10629.633109648263,0,,9889.584
2018-05-17 00:00:00+00:00,85.94,87.07,87.30055,36.064064,3.0635736,0.6063829787234043,-10.0,10773.263202408149,0.0,10763.263202408149,0,,10013.794
2018-05-18 00:00:00+00:00,86.84,84.77,87.271,36.326347,3.1357167,0.6063829787234043,-10.0,10488.681136704086,0.0,10478.681136704086,0,,9749.273
2018-05-21 00:00:00+00:00,85.23,84.34,87.2385,36.64367,3.108574,0.6063829787234043,-10.0,10435.47694413859,0.0,10425.47694413859,0,,9699.82
2018-05-22 00:00:00+00:00,84.59,84.51,87.25165,38.317307,3.006431,0.6063829787234043,-10.0,10456.511838086244,0.0,10446.511838086244,0,,9719.372
2018-05-23 00:00:00+00:00,83.88,83.96,87.27005,28.682613,2.5442882,0.6063829787234043,-10.0,10388.45968839842,0.0,10378.45968839842,0,,9656.117
2018-05-24 00:00:00+00:00,83.56,84.09,87.28695,43.98976,2.142145,0.6063829787234043,-10.0,10404.544039274384,0.0,10394.544039274384,0,,9671.068
2018-05-25 00:00:00+00:00,84.46,85.49,87.30575,39.502743,2.0764308,0.6063829787234043,-10.0,10577.7681337927,0.0,10567.7681337927,0,,9832.081
2018-05-29 00:00:00+00:00,84.57,82.57,87.3342,53.780693,2.0235732,0.6063829787234043,-10.0,10216.473626724724,0.0,10206.473626724724,0,,9496.256
2018-05-30 00:00:00+00:00,82.82,84.13,87.35265,42.148144,2.144287,0.6063829787234043,-10.0,10409.493498341695,0.0,10399.493498341695,0,,9675.669
2018-05-31 00:00:00+00:00,84.43,82.14,87.3732,48.037247,2.1985729,0.6063829787234043,-10.0,10163.268745865307,0.0,10153.268745865307,0,,9446.802
2018-06-01 00:00:00+00:00,82.66,83.34,87.3835,39.5435,2.1521442,0.6063829787234043,-10.0,10311.746150945452,0.0,10301.746150945452,0,,9584.8125
2018-06-04 00:00:00+00:00,82.87,84.32,87.4002,38.97883,2.054287,0.6063829787234043,-10.0,10433.00241465709,0.0,10423.00241465709,0,,9697.5205
2018-06-05 00:00:00+00:00,84.4,84.79,87.42165,41.105774,2.1185722,0.5483870967741935,-10.0,10491.155844511548,0.0,10481.155844511548,0,,9751.574
2018-06-06 00:00:00+00:00,84.87,87.15,87.4459,47.1613,2.0707147,0.6063829787234043,-10.0,10783.161029543431,0.0,10773.161029543431,0,,10022.994
2018-06-07 00:00:00+00:00,87.34,86.6,87.48865,53.306736,2.1407144,0.6063829787234043,-10.0,10715.108506826367,0.0,10705.108506826367,0,,9959.739
2018-06-08 00:00:00+00:00,86.6,86.09,87.53145,48.618458,2.0514286,0.6063829787234043,-10.0,10652.005332801042,0.0,10642.005332801042,0,,9901.085
2018-06-11 00:00:00+00:00,86.25,87.28,87.56575,54.336395,2.0221426,0.6063829787234043,-10.0,10799.245807783258,0.0,10789.245807783258,0,,10037.945
2018-06-12 00:00:00+00:00,87.44,88.04,87.61145,59.199,2.0364287,0.6063829787234043,-10.0,10893.281780143574,0.0,10883.281780143574,0,,10125.353
2018-06-13 00:00:00+00:00,88.61,90.66,87.65965,60.65177,2.0592864,0.6063829787234043,-10.0,11217.458088097559,0.0,11207.458088097559,0,,10426.675
2018-06-14 00:00:00+00:00,90.85,93.35,87.72245,67.97211,2.2428577,0.6063829787234043,-10.0,11550.29344267933,0.0,11540.29344267933,0,,10736.047
2018-06-15 00:00:00+00:00,92.9,94.85,87.7959,71.83962,2.28,0.5135135135135135,-10.0,11735.890231087977,0.0,11725.890231087977,0,,10908.56
2018-06-18 00:00:00+00:00,94.27,91.57,87.87735,71.97183,2.332857,0.18054906439274163,-10.0,11330.052744626544,0.0,11320.052744626544,0,,10531.332
2018-06-19 00:00:00+00:00,90.93,92.17,87.94355,70.77562,2.3435712,0.6063829787234043,-10.0,11404.291086566995,0.0,11394.291086566995,0,,10600.337
2018-06-20 00:00:00+00:00,92.03,93.23,88.00315,69.42029,2.3221424,0.6063829787234043,-10.0,11535.447242425686,0.0,11525.447242425686,0,,10722.247
2018-06-21 00:00:00+00:00,93.67,93.21,88.0681,78.04754,2.281428,0.6063829787234043,-10.0,11532.97200397893,0.0,11522.97200397893,0,,10719.946
2018-06-22 00:00:00+00:00,93.35,93.5,88.1357,76.54651,2.253571,0.6063829787234043,-10.0,11568.85388525552,0.0,11558.85388525552,0,,10753.299
2018-06-25 00:00:00+00:00,93.15,92.22,88.1996,75.64243,2.179999,0.6063829787234043,-10.0,11410.478404257728,0.0,11400.478404257728,0,,10606.089
2018-06-26 00:00:00+00:00,91.91,90.39,88.2479,69.855675,2.2571423,0.6063829787234043,-10.0,11184.050281574113,0.0,11174.050281574113,0,,10395.622
2018-06-27 00:00:00+00:00,90.36,89.82,88.28735,58.910877,2.2357135,0.6063829787234043,-10.0,11113.523743223548,0.0,11103.523743223548,0,,10330.068
2018-06-28 00:00:00+00:00,83.24,86.1,88.3145,58.84615,2.2878566,0.6063829787234043,-10.0,10653.244174436248,0.0,10643.244174436248,0,,9902.236
2018-06-29 00:00:00+00:00,86.16,85.27,88.3255,50.023357,2.696428,0.6063829787234043,-10.0,10550.547130610865,0.0,10540.547130610865,0,,9806.778
2018-07-02 00:00:00+00:00,84.8,85.72,88.33025,45.22565,2.7257135,0.6063829787234043,-10.0,10606.226537906108,0.0,10596.226537906108,0,,9858.532
2018-07-03 00:00:00+00:00,85.99,86.68,88.3554,44.406948,2.7507133,0.6063829787234043,-10.0,10725.008171084119,0.0,10715.008171084119,0,,9968.94
2018-07-05 00:00:00+00:00,86.36,87.2,88.3808,39.57023,2.626428,0.6063829787234043,-10.0,10789.34844198504,0.0,10779.34844198504,0,,10028.745
2018-07-06 00:00:00+00:00,87.61,87.97,88.41345,31.815502,2.4807134,0.6063829787234043,-10.0,10884.621721710542,0.0,10874.621721710542,0,,10117.302
2018-07-09 00:00:00+00:00,88.3,88.25,88.4569,28.739214,2.3685706,0.5483870967741935,-10.0,10919.2662539106,0.0,10909.2662539106,0,,10149.504
2018-07-10 00:00:00+00:00,88.94,88.14,88.50065,37.405174,2.2285707,0.5396825396825397,-10.0,10905.655909029676,0.0,10895.655909029676,0,,10136.854
2018-07-11 00:00:00+00:00,87.11,87.14,88.53945,34.121384,2.1814282,0.5483870967741935,-10.0,10781.925077566573,0.0,10771.925077566573,0,,10021.845
2018-07-12 00:00:00+00:00,87.76,86.8,88.5699,25.890745,2.2264278,0.5483870967741935,-10.0,10739.85702434621,0.0,10729.85702434621,0,,9982.742
2018-07-13 00:00:00+00:00,86.97,87.91,88.599,25.25099,2.2764277,0.5483870967741935,-10.0,10877.19893166024,0.0,10867.19893166024,0,,10110.402
2018-07-16 00:00:00+00:00,88.24,86.9,88.62855,29.70227,2.3292851,0.5396825396825397,-10.0,10752.23042658328,0.0,10742.23042658328,0,,9994.243
2018-07-17 00:00:00+00:00,86.67,86.82,88.6509,30.296309,2.2578566,0.6063829787234043,-10.0,10742.331990577059,0.0,10732.331990577059,0,,9985.043
2018-07-18 00:00:00+00:00,86.85,86.33,88.68005,34.80852,2.1885715,0.6063829787234043,-10.0,10681.703938132376,0.0,10671.703938132376,0,,9928.689
2018-07-19 00:00:00+00:00,86.26,85.56,88.69795,35.047146,2.1492856,0.6063829787234043,-10.0,10586.430630629744,0.0,10576.430630629744,0,,9840.132
2018-07-20 00:00:00+00:00,84.78,84.7,88.70925,46.903667,1.8057137,0.6063829787234043,-10.0,10480.021871906232,0.0,10470.021871906232,0,,9741.225
2018-07-23 00:00:00+00:00,84.72,84.75,88.71835,46.742863,1.8107136,0.6063829787234043,-10.0,10486.208484549197,0.0,10476.208484549197,0,,9746.976
2018-07-24 00:00:00+00:00,84.85,83.93,88.7284,44.191612,1.7299995,0.6063829787234043,-10.0,10384.749145235695,0.0,10374.749145235695,0,,9652.668
2018-07-25 00:00:00+00:00,84.23,84.77,88.72745,33.252144,1.7071425,0.6063829787234043,-10.0,10488.683194751111,0.0,10478.683194751111,0,,9749.275
2018-07-26 00:00:00+00:00,84.83,83.24,88.7489,35.756165,1.7128569,0.5483870967741935,-10.0,10299.374809526806,0.0,10289.374809526806,0,,9573.3125
2018-07-27 00:00:00+00:00,83.21,82.92,88.77335,24.542503,1.7814282,0.6063829787234043,-10.0,10259.780708986522,0.0,10249.780708986522,0,,9536.51
2018-07-30 00:00:00+00:00,83.11,82.91,88.7902,21.436222,1.8278569,0.6063829787234043,-10.0,10258.544194144395,0.0,10248.544194144395,0,,9535.36
2018-07-31 00:00:00+00:00,83.21,81.83,88.80315,21.668482,1.8857133,0.6063829787234043,-10.0,10124.914572649333,0.0,10114.914572649333,0,,9411.15
2018-08-01 00:00:00+00:00,81.67,79.49,88.8083,21.482283,1.8278563,0.6063829787234043,-10.0,9835.383281201799,0.0,9825.383281201799,0,,9142.03
2018-08-02 00:00:00+00:00,78.0,78.98,88.80855,17.683458,1.9407136,0.6063829787234043,-10.0,9772.280996747182,0.0,9762.280996747182,0,,9083.377
2018-08-03 00:00:00+00:00,78.98,80.97,88.80845,8.309986,1.9535707,0.6063829787234043,-10.0,10018.505290903433,0.0,10008.505290903433,0,,9312.243
2018-08-06 00:00:00+00:00,80.25,82.14,88.81355,24.636429,2.072142,0.6063829787234043,-10.0,10163.269843237536,0.0,10153.269843237536,0,,9446.802
2018-08-07 00:00:00+00:00,82.01,83.44,88.8218,31.690126,2.1807132,0.6063829787234043,-10.0,10324.120887590496,0.0,10314.120887590496,0,,9596.313
2018-08-08 00:00:00+00:00,83.24,82.66,88.828,39.36718,2.3114276,0.6063829787234043,-10.0,10227.61064564783,0.0,10217.61064564783,0,,9506.607
2018-08-09 00:00:00+00:00,82.72,83.24,88.82525,39.33825,2.254999,0.6063829787234043,-10.0,10299.3742997133,0.0,10289.3742997133,0,,9573.312
2018-08-10 00:00:00+00:00,83.0,81.98,88.8288,44.519516,2.2492845,0.6063829787234043,-10.0,10143.473725965921,0.0,10133.473725965921,0,,9428.401
2018-08-13 00:00:00+00:00,82.0,83.06,88.82945,40.467995,2.2899983,0.6063829787234043,-10.0,10277.102008686546,0.0,10267.102008686546,0,,9552.61
2018-08-14 00:00:00+00:00,83.15,84.43,88.83365,47.058807,2.2599978,0.6063829787234043,-10.0,10446.614121450415,0.0,10436.614121450415,0,,9710.173
2018-08-15 00:00:00+00:00,83.94,85.12,88.86195,48.89035,2.3042836,0.6063829787234043,-10.0,10531.989201286087,0.0,10521.989201286087,0,,9789.529
2018-08-16 00:00:00+00:00,85.98,86.82,88.90565,56.491737,2.2949982,0.6063829787234043,-10.0,10742.33122833485,0.0,10732.33122833485,0,,9985.043
2018-08-17 00:00:00+00:00,86.38,87.72,88.9551,62.295105,2.3157125,0.6063829787234043,-10.0,10853.689677947083,0.0,10843.689677947083,0,,10088.551
2018-08-20 00:00:00+00:00,87.71,88.27,89.00895,64.358215,2.3264275,0.6063829787234043,-10.0,10921.741571932509,0.0,10911.741571932509,0,,10151.806
2018-08-21 00:00:00+00:00,88.35,87.99,89.0672,69.85204,2.2721422,0.6063829787234043,-10.0,10887.096719966803,0.0,10877.096719966803,0,,10119.604
2018-08-22 00:00:00+00:00,87.93,88.15,89.141,80.01418,2.0949996,0.6063829787234043,-10.0,10906.894018084247,0.0,10896.894018084247,0,,10138.005
2018-08-23 00:00:00+00:00,88.23,88.28,89.20775,83.200615,2.0207138,0.5483870967741935,-10.0,10922.97883047478,0.0,10912.97883047478,0,,10152.956
2018-08-24 00:00:00+00:00,88.6,88.33,89.27485,80.58581,1.8742856,0.6063829787234043,-10.0,10929.165205189582,0.0,10919.165205189582,0,,10158.707
2018-08-27 00:00:00+00:00,88.63,88.46,89.34195,78.57807,1.7607144,0.6063829787234043,-10.0,10945.250290298252,0.0,10935.250290298252,0,,10173.658
2018-08-28 00:00:00+00:00,88.81,88.87,89.4092,75.983475,1.6271428,0.6063829787234043,-10.0,10995.97996216834,0.0,10985.97996216834,0,,10220.812
2018-08-29 00:00:00+00:00,88.67,89.26,89.4772,83.42308,1.5550003,0.5396825396825397,-10.0,11044.235287765543,0.0,11034.235287765543,0,,10265.665
2018-08-30 00:00:00+00:00,88.9,90.06,89.5485,83.07698,1.5178577,0.6063829787234043,-10.0,11143.219379242946,0.0,11133.219379242946,0,,10357.671
2018-08-31 00:00:00+00:00,89.7,89.97,89.6218,96.75927,1.5521437,0.5396825396825397,-10.0,11132.084273579825,0.0,11122.084273579825,0,,10347.321
2018-09-04 00:00:00+00:00,89.53,89.17,89.69465,95.16346,1.5178583,0.5346534653465346,-10.0,11033.099110366995,0.0,11023.099110366995,0,,10255.314
2018-09-05 00:00:00+00:00,88.64,89.44,89.75285,83.47459,1.5100011,0.5396825396825397,-10.0,11066.506407191846,0.0,11056.506407191846,0,,10286.366
2018-09-06 00:00:00+00:00,89.61,88.38,89.7985,82.43245,1.4457152,0.5396825396825397,-10.0,10935.351162604162,0.0,10925.351162604162,0,,10164.456
2018-09-07 00:00:00+00:00,88.3,88.64,89.8462,62.95678,1.4314291,0.6063829787234043,-10.0,10967.521290948547,0.0,10957.521290948547,0,,10194.358
2018-09-10 00:00:00+00:00,88.71,88.33,89.9021,58.55016,1.3871433,0.5871559633027522,-10.0,10929.165204681009,0.0,10919.165204681009,0,,10158.707
2018-09-11 00:00:00+00:00,87.25,84.1,89.94645,50.583706,1.4107149,0.5445544554455446,-10.0,10405.782383972346,0.0,10395.782383972346,0,,9672.221
2018-09-12 00:00:00+00:00,83.73,85.21,89.95995,28.60289,1.6585721,0.5,-10.0,10543.12429028012,0.0,10533.12429028012,0,,9799.881
2018-09-13 00:00:00+00:00,85.72,85.93,89.97985,35.358566,1.707858,0.5240963855421686,-10.0,10632.210249812304,0.0,10622.210249812304,0,,9882.687
2018-09-14 00:00:00+00:00,86.19,85.84,90.0039,38.9464,1.711429,0.5240963855421686,-10.0,10621.073728072348,0.0,10611.073728072348,0,,9872.335
2018-09-17 00:00:00+00:00,86.02,86.76,90.01735,38.33176,1.76,0.5240963855421686,-10.0,10734.906470596026,0.0,10724.906470596026,0,,9978.143
2018-09-18 00:00:00+00:00,86.56,87.33,90.02785,42.582924,1.8035715,0.5445544554455446,-10.0,10805.433328616748,0.0,10795.433328616748,0,,10043.697
2018-09-19 00:00:00+00:00,87.45,89.39,90.0404,43.3735,1.8514284,0.5240963855421686,-10.0,11060.318993238741,0.0,11050.318993238741,0,,10280.615
2018-09-20 00:00:00+00:00,89.79,91.06,90.0626,50.48908,1.9307142,0.5240963855421686,-10.0,11266.949224579077,0.0,11256.949224579077,0,,10472.679
2018-09-21 00:00:00+00:00,91.16,90.13,90.0808,53.531067,1.9299997,0.5871559633027522,-10.0,11151.879003823502,0.0,11141.879003823502,0,,10365.721
2018-09-24 00:00:00+00:00,89.63,89.57,90.102,50.533318,2.0149994,0.5871559633027522,-10.0,11082.589616404422,0.0,11072.589616404422,0,,10301.315
2018-09-25 00:00:00+00:00,89.68,89.52,90.1199,51.35502,1.9999994,0.5871559633027522,-10.0,11076.402682031805,0.0,11066.402682031805,0,,10295.565
2018-09-26 00:00:00+00:00,89.61,90.31,90.13785,50.27508,1.9935712,0.5871559633027522,-10.0,11174.150000507701,0.0,11164.150000507701,0,,10386.422
2018-09-27 00:00:00+00:00,90.34,91.15,90.1559,56.762436,1.9678574,0.5871559633027522,-10.0,11278.084175735536,0.0,11268.084175735536,0,,10483.029
2018-09-28 00:00:00+00:00,91.12,92.22,90.1778,58.45118,1.947143,0.5871559633027522,-10.0,11410.476437125888,0.0,11400.476437125888,0,,10606.089
2018-10-01 00:00:00+00:00,92.75,92.79,90.1998,62.459946,1.9971428,0.75,-10.0,11481.00325072697,0.0,11471.00325072697,0,,10671.645
2018-10-02 00:00:00+00:00,92.51,91.4,90.22135,86.3598,1.8078569,0.5871559633027522,-10.0,11309.016929457355,0.0,11299.016929457355,0,,10511.782
2018-10-03 00:00:00+00:00,92.05,91.03,90.2318,75.30661,1.7885715,0.5871559633027522,-10.0,11263.236121557049,0.0,11253.236121557049,0,,10469.2295
2018-10-04 00:00:00+00:00,91.36,91.04,90.2211,71.464615,1.8428574,0.5871559633027522,-10.0,11264.474074707807,0.0,11254.474074707807,0,,10470.38
2018-10-05 00:00:00+00:00,91.01,90.58,90.2143,72.0339,1.8442862,0.5871559633027522,-10.0,11207.558227208854,0.0,11197.558227208854,0,,10417.476
2018-10-08 00:00:00+00:00,90.6,91.29,90.19825,66.843025,1.8621434,0.5871559633027522,-10.0,11295.407197635612,0.0,11285.407197635612,0,,10499.132
2018-10-09 00:00:00+00:00,91.49,90.92,90.186,67.247375,1.8571434,0.5871559633027522,-10.0,11249.62627700897,0.0,11239.62627700897,0,,10456.577
2018-10-10 00:00:00+00:00,91.05,90.84,90.17565,57.814083,1.7571433,0.5871559633027522,-10.0,11239.727242942325,0.0,11229.727242942325,0,,10447.376
2018-10-11 00:00:00+00:00,90.53,87.31,90.16755,48.65853,1.7542866,0.5445544554455446,-10.0,10802.956543043578,0.0,10792.956543043578,0,,10041.3955
2018-10-12 00:00:00+00:00,88.25,88.48,90.13785,36.944458,1.8892866,0.5445544554455446,-10.0,10947.722152655639,0.0,10937.722152655639,0,,10175.955
2018-10-15 00:00:00+00:00,88.07,89.54,90.11725,45.22351,1.9085721,0.5871559633027522,-10.0,11078.87648546667,0.0,11068.87648546667,0,,10297.863
2018-10-16 00:00:00+00:00,90.03,92.57,90.102,50.080532,2.0028577,0.5871559633027522,-10.0,11453.781050240703,0.0,11443.781050240703,0,,10646.339
2018-10-17 00:00:00+00:00,92.77,93.76,90.10575,57.70805,2.129286,0.5445544554455446,-10.0,11601.021377493425,0.0,11591.021377493425,0,,10783.199
2018-10-18 00:00:00+00:00,93.96,93.38,90.10435,58.6942,2.1928575,0.5871559633027522,-10.0,11554.00316835757,0.0,11544.00316835757,0,,10739.496
2018-10-19 00:00:00+00:00,93.29,92.8,90.0993,54.050262,2.1757143,0.5871559633027522,-10.0,11482.240076068678,0.0,11472.240076068678,0,,10672.792
2018-10-22 00:00:00+00:00,92.96,90.22,90.0924,50.0349,2.2249997,0.5871559633027522,-10.0,11163.01368403074,0.0,11153.01368403074,0,,10376.069
2018-10-23 00:00:00+00:00,88.95,90.28,90.0669,46.198456,2.3735707,0.5871559633027522,-10.0,11170.437854208105,0.0,11160.437854208105,0,,10382.971
2018-10-24 00:00:00+00:00,89.84,84.49,90.0338,47.53452,2.471428,0.5871559633027522,-10.0,10454.034970950488,0.0,10444.034970950488,0,,9717.071
2018-10-25 00:00:00+00:00,84.63,85.72,89.96865,34.397327,2.7707133,0.75,-10.0,10606.224369321164,0.0,10596.224369321164,0,,9858.532
2018-10-26 00:00:00+00:00,84.94,84.72,89.9112,38.832726,2.8735707,0.5871559633027522,-10.0,10482.493421362462,0.0,10472.493421362462,0,,9743.523
2018-10-29 00:00:00+00:00,85.91,85.99,89.8441,35.102047,2.9721425,0.75,-10.0,10639.631953492742,0.0,10629.631953492742,0,,9889.585
2018-10-30 00:00:00+00:00,86.34,87.61,89.77905,39.259262,3.0899997,0.75,-10.0,10840.077070851205,0.0,10830.077070851205,0,,10075.899
2018-10-31 00:00:00+00:00,88.01,88.0,89.71935,43.405483,3.0792851,0.75,-10.0,10888.331818001116,0.0,10878.331818001116,0,,10120.752
2018-11-01 00:00:00+00:00,88.44,90.92,89.65285,51.61593,2.9450002,0.5871559633027522,-10.0,11249.626120131908,0.0,11239.626120131908,0,,10456.576
2018-11-02 00:00:00+00:00,91.71,88.57,89.60315,55.281376,3.0271432,0.5871559633027522,-10.0,10958.85817501468,0.0,10948.85817501468,0,,10186.307
2018-11-05 00:00:00+00:00,89.17,88.56,89.5457,48.01148,3.130715,0.5871559633027522,-10.0,10957.62036319646,0.0,10947.62036319646,0,,10185.156
2018-11-06 00:00:00+00:00,83.5,84.0,89.4752,40.617683,2.958572,0.5871559633027522,-10.0,10393.40716892791,0.0,10383.40716892791,0,,9660.717
2018-11-07 00:00:00+00:00,84.4,86.54,89.38115,30.274853,3.4021432,0.5871559633027522,-10.0,10707.684590025854,0.0,10697.684590025854,0,,9952.84
2018-11-08 00:00:00+00:00,85.87,89.17,89.29075,37.28625,3.518572,0.5871559633027522,-10.0,11033.096489505917,0.0,11023.096489505917,0,,10255.312
2018-11-09 00:00:00+00:00,88.88,88.86,89.21475,43.73056,3.7142863,0.5871559633027522,-10.0,10994.739923920368,0.0,10984.739923920368,0,,10219.658
2018-11-12 00:00:00+00:00,88.35,89.92,89.13165,47.45127,3.6300006,0.5871559633027522,-10.0,11125.893941991902,0.0,11115.893941991902,0,,10341.566
2018-11-13 00:00:00+00:00,90.03,91.31,89.0558,49.34971,3.5657146,0.5871559633027522,-10.0,11297.88052726802,0.0,11287.88052726802,0,,10501.429
2018-11-14 00:00:00+00:00,91.52,89.58,89.00005,64.64777,3.343572,0.5445544554455446,-10.0,11083.826259418001,0.0,11073.826259418001,0,,10302.465
2018-11-15 00:00:00+00:00,88.66,89.15,88.9496,58.11607,3.308572,0.5240963855421686,-10.0,11030.621671483032,0.0,11020.621671483032,0,,10253.011
2018-11-16 00:00:00+00:00,88.31,88.75,88.8989,59.54331,3.3407147,0.5445544554455446,-10.0,10981.128829073168,0.0,10971.128829073168,0,,10207.007
2018-11-19 00:00:00+00:00,89.1,90.82,88.86255,56.17727,3.2471433,0.5445544554455446,-10.0,11237.251508909001,0.0,11227.251508909001,0,,10445.074
2018-11-20 00:00:00+00:00,90.05,88.87,88.85715,57.042564,3.343572,0.5445544554455446,-10.0,10995.9762170164,0.0,10985.9762170164,0,,10220.808
2018-11-21 00:00:00+00:00,88.52,87.43,88.8438,51.786453,3.4492857,0.5871559633027522,-10.0,10817.80332238241,0.0,10807.80332238241,0,,10055.195
2018-11-23 00:00:00+00:00,87.18,87.66,88.80985,42.36992,3.3800006,0.5685327900743669,-10.0,10846.26183227086,0.0,10836.26183227086,0,,10081.647
2018-11-26 00:00:00+00:00,88.63,88.94,88.7904,47.80724,3.2100003,0.75,-10.0,11004.637067539099,0.0,10994.637067539099,0,,10228.858
2018-11-27 00:00:00+00:00,88.89,89.63,88.78915,50.86286,3.2278574,0.5871559633027522,-10.0,11090.01127690952,0.0,11080.01127690952,0,,10308.213
2018-11-28 00:00:00+00:00,89.7,91.24,88.79005,65.50964,2.736429,0.75,-10.0,11289.217757797323,0.0,11279.217757797323,0,,10493.376
2018-11-29 00:00:00+00:00,90.89,90.5,88.7574,63.646923,2.6542854,0.5871559633027522,-10.0,11197.656967883118,0.0,11187.656967883118,0,,10408.2705
2018-11-30 00:00:00+00:00,90.68,88.9,88.7279,54.33791,2.3835716,0.5871559633027522,-10.0,10999.687851540173,0.0,10989.687851540173,0,,10224.258
2018-12-03 00:00:00+00:00,88.98,89.02,88.6844,50.12034,2.4214292,0.5871559633027522,-10.0,11014.535304841482,0.0,11004.535304841482,0,,10238.059
2018-12-04 00:00:00+00:00,88.6,87.61,88.6325,47.130093,2.3700006,0.5445544554455446,-10.0,10840.074979971887,0.0,10830.074979971887,0,,10075.897
2018-12-06 00:00:00+00:00,86.99,85.98,88.57085,38.216557,2.370715,0.5445544554455446,-10.0,10638.393513602654,0.0,10628.393513602654,0,,9888.434
2018-12-07 00:00:00+00:00,85.54,84.32,88.5079,38.461533,2.4457147,0.5240963855421686,-10.0,10432.999768003943,0.0,10422.999768003943,0,,9697.519
2018-12-10 00:00:00+00:00,84.42,83.55,88.4439,35.650608,2.3571434,0.5240963855421686,-10.0,10337.727191465823,0.0,10327.727191465823,0,,9608.963
2018-12-11 00:00:00+00:00,84.39,82.48,88.36955,34.883713,2.519286,0.5871559633027522,-10.0,10205.334880245324,0.0,10195.334880245324,0,,9485.903
2018-12-12 00:00:00+00:00,83.08,83.22,88.27905,24.259241,2.5128572,0.5871559633027522,-10.0,10296.895209256067,0.0,10286.895209256067,0,,9571.01
2018-12-13 00:00:00+00:00,82.93,81.89,88.20695,31.154076,2.4364285,0.5871559633027522,-10.0,10132.332971065736,0.0,10122.332971065736,0,,9418.048
2018-12-14 00:00:00+00:00,80.78,78.97,88.1406,31.384382,2.426428,0.5871559633027522,-10.0,9771.03845027364,0.0,9761.03845027364,0,,9082.223
2018-12-17 00:00:00+00:00,78.12,77.0,88.06895,25.270308,2.5392854,0.75,-10.0,9527.288046123385,0.0,9517.288046123385,0,,8855.656
2018-12-18 00:00:00+00:00,77.46,76.24,87.984146,17.305542,2.6035712,0.75,-10.0,9433.252078731075,0.0,9423.252078731075,0,,8768.249
2018-12-19 00:00:00+00:00,76.49,76.31,87.89085,13.475152,2.730714,0.75,-10.0,9441.913218637766,0.0,9431.913218637766,0,,8776.3
2018-12-20 00:00:00+00:00,75.85,73.22,87.7989,5.5389724,2.7871425,0.75,-10.0,9059.585095024502,0.0,9049.585095024502,0,,8420.925
2018-12-21 00:00:00+00:00,73.21,71.98,87.687,4.8589,3.038571,0.75,-10.0,8906.15894406424,0.0,8896.15894406424,0,,8278.314
2018-12-24 00:00:00+00:00,71.97,70.76,87.5657,4.952042,3.0964274,0.75,-10.0,8755.206881616328,0.0,8745.206881616328,0,,8138.004
2018-12-26 00:00:00+00:00,70.9,73.04,87.4245,4.0744367,3.1285706,0.75,-10.0,9037.313267903493,0.0,9027.313267903493,0,,8400.224
2018-12-27 00:00:00+00:00,72.23,73.53,87.28825,14.891554,3.1942847,0.5871559633027522,-10.0,9097.941186321488,0.0,9087.941186321488,0,,8456.577
2018-12-28 00:00:00+00:00,73.9,73.96,87.1529,18.255968,3.1128561,0.75,-10.0,9151.145317785991,0.0,9141.145317785991,0,,8506.03
2018-12-31 00:00:00+00:00,74.09,74.4,87.0298,21.817175,3.1135707,0.5871559633027522,-10.0,9205.58675873592,0.0,9195.58675873592,0,,8556.634
2019-01-02 00:00:00+00:00,73.74,74.45,86.915,24.653728,2.9528563,0.5871559633027522,-10.0,9211.772754381323,0.0,9201.772754381323,0,,8562.384
2019-01-03 00:00:00+00:00,74.09,73.37,86.8042,26.423927,2.8478563,0.5871559633027522,-10.0,9078.144195620587,0.0,9068.144195620587,0,,8438.176
2019-01-04 00:00:00+00:00,73.66,74.22,86.70605,21.646502,2.7978559,0.75,-10.0,9183.315552699496,0.0,9173.315552699496,0,,8535.933
2019-01-07 00:00:00+00:00,74.43,74.75,86.6312,27.29424,2.7799988,0.5871559633027522,-10.0,9248.892459885743,0.0,9238.892459885743,0,,8596.887
2019-01-08 00:00:00+00:00,75.1,75.55,86.55745,35.448257,2.7299984,0.75,-10.0,9347.877543854815,0.0,9337.877543854815,0,,8688.894
2019-01-09 00:00:00+00:00,75.92,76.32,86.5102,44.561146,2.6835697,0.75,-10.0,9443.15033982876,0.0,9433.15033982876,0,,8777.45
2019-01-10 00:00:00+00:00,75.95,76.0,86.47165,50.29986,2.5528553,0.5871559633027522,-10.0,9403.556261129694,0.0,9393.556261129694,0,,8740.647
2019-01-11 00:00:00+00:00,75.64,76.56,86.4269,48.859463,2.4485703,0.5445544554455446,-10.0,9472.845851972023,0.0,9462.845851972023,0,,8805.053
2019-01-14 00:00:00+00:00,76.03,76.86,86.38965,65.099464,2.2242851,0.5871559633027522,-10.0,9509.965468957364,0.0,9499.965468957364,0,,8839.556
2019-01-15 00:00:00+00:00,76.99,77.26,86.3484,74.11069,2.052857,0.75,-10.0,9559.458372008534,0.0,9549.458372008534,0,,8885.56
2019-01-16 00:00:00+00:00,77.25,77.3,86.30365,84.94628,2.0007138,0.75,-10.0,9564.407551623273,0.0,9554.407551623273,0,,8890.16
2019-01-17 00:00:00+00:00,77.79,76.08,86.2768,80.17003,1.8099997,0.5871559633027522,-10.0,9413.455813791039,0.0,9403.455813791039,0,,8749.85
2019-01-18 00:00:00+00:00,76.82,79.86,86.23755,66.36717,1.7378567,0.5871559633027522,-10.0,9881.158890141141,0.0,9871.158890141141,0,,9184.581
2019-01-22 00:00:00+00:00,79.25,79.71,86.2056,76.48118,1.8521417,0.5871559633027522,-10.0,9862.598900205683,0.0,9852.598900205683,0,,9167.33
2019-01-23 00:00:00+00:00,79.81,79.36,86.16725,74.470055,1.8499991,0.5871559633027522,-10.0,9819.293260391458,0.0,9809.293260391458,0,,9127.077
2019-01-24 00:00:00+00:00,79.3,78.7,86.137,72.01797,1.8964282,0.5871559633027522,-10.0,9737.630357003365,0.0,9727.630357003365,0,,9051.171
2019-01-25 00:00:00+00:00,79.21,79.66,86.09655,74.83687,1.8857138,0.75,-10.0,9856.41317550449,0.0,9846.41317550449,0,,9161.58
2019-01-28 00:00:00+00:00,79.47,80.12,86.0503,75.09223,1.8871428,0.5871559633027522,-10.0,9913.329013534045,0.0,9903.329013534045,0,,9214.483
2019-01-29 00:00:00+00:00,80.04,79.54,86.00545,74.93034,1.8164285,0.5871559633027522,-10.0,9841.564809706619,0.0,9831.564809706619,0,,9147.778
2019-01-30 00:00:00+00:00,79.73,78.53,85.9622,68.90992,1.8007147,0.5871559633027522,-10.0,9716.596085221563,0.0,9706.596085221563,0,,9031.619
2019-01-31 00:00:00+00:00,80.48,83.37,85.92075,60.240944,1.8335718,0.5871559633027522,-10.0,10315.454329475733,0.0,10305.454329475733,0,,9588.261
2019-02-01 00:00:00+00:00,81.82,83.76,85.89375,74.069214,2.246429,0.5871559633027522,-10.0,10363.7089079878,0.0,10353.7089079878,0,,9633.113
2019-02-04 00:00:00+00:00,83.75,84.45,85.85735,73.77805,2.4164288,0.5871559633027522,-10.0,10449.082235322763,0.0,10439.082235322763,0,,9712.469
2019-02-05 00:00:00+00:00,84.75,85.77,85.81585,74.43654,2.4250004,0.5871559633027522,-10.0,10612.407689750158,0.0,10602.407689750158,0,,9864.28
2019-02-06 00:00:00+00:00,85.42,86.64,85.78625,75.86623,2.4642863,0.5871559633027522,-10.0,10720.053577829938,0.0,10710.053577829938,0,,9964.337
2019-02-07 00:00:00+00:00,86.8,85.8,85.7701,77.02543,2.534286,0.5871559633027522,-10.0,10616.120172256795,0.0,10606.120172256795,0,,9867.73
2019-02-08 00:00:00+00:00,85.3,84.31,85.7454,78.757385,2.5285716,0.6415482112419635,-10.0,10431.760080769167,0.0,10421.760080769167,0,,9696.367
2019-02-11 00:00:00+00:00,84.25,83.64,85.71625,65.22927,2.4021437,0.705026583314035,-10.0,10348.86045996625,0.0,10338.86045996625,0,,9619.312
2019-02-12 00:00:00+00:00,84.14,85.79,85.6773,62.98743,2.3571434,0.5871559633027522,-10.0,10614.882644763049,0.0,10604.882644763049,0,,9866.58
2019-02-13 00:00:00+00:00,85.91,86.41,85.64585,68.989944,2.3485718,0.5871559633027522,-10.0,10691.595806881975,0.0,10681.595806881975,0,,9937.886
2019-02-14 00:00:00+00:00,86.02,86.45,85.61255,72.82416,2.3221436,0.75,-10.0,10696.54483615097,0.0,10686.54483615097,0,,9942.485
2019-02-15 00:00:00+00:00,86.7,86.66,85.5919,71.25859,2.2950008,0.75,-10.0,10722.529384561276,0.0,10712.529384561276,0,,9966.639
2019-02-19 00:00:00+00:00,86.4,86.85,85.5792,70.80152,2.2964292,0.75,-10.0,10746.03722256151,0.0,10736.03722256151,0,,9988.489
2019-02-20 00:00:00+00:00,86.19,86.33,85.55255,73.84213,2.2764287,0.5871559633027522,-10.0,10681.697618242992,0.0,10671.697618242992,0,,9928.686
2019-02-21 00:00:00+00:00,86.35,84.98,85.55735,76.28034,2.2685716,0.75,-10.0,10514.661117054013,0.0,10504.661117054013,0,,9773.424
2019-02-22 00:00:00+00:00,85.39,85.67,85.5504,57.092518,1.8785716,0.75,-10.0,10600.034528631197,0.0,10590.034528631197,0,,9852.779
2019-02-25 00:00:00+00:00,86.3,84.67,85.5553,58.19742,1.6542854,0.75,-10.0,10476.303764128046,0.0,10466.303764128046,0,,9737.771
2019-02-26 00:00:00+00:00,84.8,83.92,85.5552,50.91974,1.6685709,0.75,-10.0,10383.505651575235,0.0,10373.505651575235,0,,9651.515
2019-02-27 00:00:00+00:00,83.67,82.79,85.5512,41.87884,1.6114284,0.75,-10.0,10243.690023360396,0.0,10233.690023360396,0,,9521.556
2019-02-28 00:00:00+00:00,82.86,83.3,85.5375,33.476383,1.5678575,0.5871559633027522,-10.0,10306.792588405413,0.0,10296.792588405413,0,,9580.21
2019-03-01 00:00:00+00:00,83.71,82.98,85.5196,38.95759,1.5207149,0.5871559633027522,-10.0,10267.198845181107,0.0,10257.198845181107,0,,9543.407
2019-03-04 00:00:00+00:00,83.01,80.48,85.4981,43.448296,1.5185716,0.5871559633027522,-10.0,9957.871104018017,0.0,9947.871104018017,0,,9255.886
2019-03-05 00:00:00+00:00,80.7,79.66,85.47215,36.811356,1.7007147,0.5871559633027522,-10.0,9856.411574356365,0.0,9846.411574356365,0,,9161.579
2019-03-06 00:00:00+00:00,79.63,76.63,85.4405,21.220633,1.635,0.5871559633027522,-10.0,9481.505576687437,0.0,9471.505576687437,0,,8813.103
2019-03-07 00:00:00+00:00,77.02,76.33,85.3883,12.557374,1.7671432,0.5871559633027522,-10.0,9444.387065113358,0.0,9434.387065113358,0,,8778.601
2019-03-08 00:00:00+00:00,75.81,76.41,85.3461,12.012008,1.7700005,0.5871559633027522,-10.0,9454.285614559998,0.0,9444.285614559998,0,,8787.801
2019-03-11 00:00:00+00:00,76.52,77.95,85.30645,11.144769,1.7671438,0.5445544554455446,-10.0,9644.830661604372,0.0,9634.830661604372,0,,8964.913
2019-03-12 00:00:00+00:00,78.1,78.42,85.27365,19.394737,1.8135725,0.5240963855421686,-10.0,9702.984039379719,0.0,9692.984039379719,0,,9018.967
2019-03-13 00:00:00+00:00,79.04,79.79,85.24595,22.705282,1.775716,0.5871559633027522,-10.0,9872.496348331466,0.0,9862.496348331466,0,,9176.529
2019-03-14 00:00:00+00:00,79.62,79.51,85.22445,32.11577,1.7735732,0.5445544554455446,-10.0,9837.851552525772,0.0,9827.851552525772,0,,9144.327
2019-03-15 00:00:00+00:00,79.49,80.18,85.19455,28.15604,1.7885736,0.5445544554455446,-10.0,9920.75067150873,0.0,9910.75067150873,0,,9221.382
2019-03-18 00:00:00+00:00,80.49,80.39,85.1826,33.696445,1.7292879,0.5445544554455446,-10.0,9946.73457885113,0.0,9936.73457885113,0,,9245.534
2019-03-19 00:00:00+00:00,80.49,81.07,85.1639,36.659107,1.7307161,0.75,-10.0,10030.87135643229,0.0,10020.87135643229,0,,9323.74
2019-03-20 00:00:00+00:00,80.89,79.27,85.15855,43.27073,1.7200018,0.5871559633027522,-10.0,9808.155038927694,0.0,9798.155038927694,0,,9116.725
2019-03-21 00:00:00+00:00,79.0,80.36,85.1382,35.678726,1.7500017,0.5871559633027522,-10.0,9943.022595908571,0.0,9933.022595908571,0,,9242.084
2019-03-22 00:00:00+00:00,80.14,78.77,85.1184,41.1725,1.7042874,0.5871559633027522,-10.0,9746.289948322568,0.0,9736.289948322568,0,,9059.22
2019-03-25 00:00:00+00:00,78.77,77.1,85.0883,43.86215,1.568573,0.75,-10.0,9539.659294548504,0.0,9529.659294548504,0,,8867.156
2019-03-26 00:00:00+00:00,77.56,76.56,85.03805,41.339634,1.6135728,0.75,-10.0,9472.84444248573,0.0,9462.84444248573,0,,8805.052
2019-03-27 00:00:00+00:00,76.36,76.5,84.98785,49.715218,1.5242865,0.5871559633027522,-10.0,9465.420746043495,0.0,9455.420746043495,0,,8798.151
2019-03-28 00:00:00+00:00,77.05,77.89,84.9399,50.705387,1.5050005,0.5871559633027522,-10.0,9637.40630432825,0.0,9627.40630432825,0,,8958.013
2019-03-29 00:00:00+00:00,78.31,79.52,84.89295,55.538906,1.5064288,0.5871559633027522,-10.0,9839.087846952749,0.0,9829.087846952749,0,,9145.477
2019-04-01 00:00:00+00:00,80.04,79.09,84.85035,55.83643,1.4907144,0.5871559633027522,-10.0,9785.8834459573,0.0,9775.8834459573,0,,9096.022
2019-04-02 00:00:00+00:00,76.88,74.49,84.7925,52.498127,1.4964284,0.5871559633027522,-10.0,9216.721230852767,0.0,9206.721230852767,0,,8566.983
2019-04-03 00:00:00+00:00,75.07,75.05,84.6982,34.07451,1.6992847,0.5871559633027522,-10.0,9286.010832620128,0.0,9276.010832620128,0,,8631.389
2019-04-04 00:00:00+00:00,75.27,75.97,84.5992,36.82034,1.7664278,0.5500183186296322,-10.0,9399.842564884784,0.0,9389.842564884784,0,,8737.195
2019-04-05 00:00:00+00:00,76.37,77.27,84.5212,37.74025,1.8192853,0.5240963855421686,-10.0,9560.692827624318,0.0,9550.692827624318,0,,8886.707
2019-04-08 00:00:00+00:00,77.1,78.12,84.4467,41.45673,1.8964278,0.5871559633027522,-10.0,9665.865363215484,0.0,9655.865363215484,0,,8984.465
2019-04-09 00:00:00+00:00,77.72,77.43,84.37115,41.996758,1.937142,0.5871559633027522,-10.0,9580.49089317746,0.0,9570.49089317746,0,,8905.109
2019-04-10 00:00:00+00:00,75.35,74.0,84.29225,44.688236,1.9235709,0.5871559633027522,-10.0,9156.093801858633,0.0,9146.093801858633,0,,8510.63
2019-04-11 00:00:00+00:00,74.51,74.18,84.19475,33.825027,2.1985707,0.75,-10.0,9178.36568463429,0.0,9168.36568463429,0,,8531.332
2019-04-12 00:00:00+00:00,74.58,74.74,84.10455,37.424667,2.2057135,0.5871559633027522,-10.0,9247.654697031916,0.0,9237.654697031916,0,,8595.736
2019-04-15 00:00:00+00:00,75.06,76.11,84.0263,43.115517,2.2171423,0.5871559633027522,-10.0,9417.166208892895,0.0,9407.166208892895,0,,8753.299
2019-04-16 00:00:00+00:00,76.29,75.35,83.95775,48.74792,2.1942859,0.7358352626617658,-10.0,9323.130472869956,0.0,9313.130472869956,0,,8665.892
2019-04-17 00:00:00+00:00,75.59,72.3,83.904,46.92019,2.2835715,0.75,-10.0,8945.751659035921,0.0,8935.751659035921,0,,8315.117
2019-04-18 00:00:00+00:00,72.3,72.45,83.83915,36.251854,2.4785717,0.75,-10.0,8964.310508862043,0.0,8954.310508862043,0,,8332.367
2019-04-22 00:00:00+00:00,72.43,71.06,83.7728,31.246683,2.4607146,0.5871559633027522,-10.0,8792.32427495926,0.0,8782.32427495926,0,,8172.5054
2019-04-23 00:00:00+00:00,71.2,73.43,83.6947,29.732458,2.544286,0.75,-10.0,9085.567075314164,0.0,9075.567075314164,0,,8445.076
2019-04-24 00:00:00+00:00,73.61,74.09,83.62585,46.985218,2.4300003,0.5871559633027522,-10.0,9167.22944246072,0.0,9157.22944246072,0,,8520.981
2019-04-25 00:00:00+00:00,73.83,73.72,83.55645,47.28505,2.3721433,0.5871559633027522,-10.0,9121.449619134986,0.0,9111.449619134986,0,,8478.429
2019-04-26 00:00:00+00:00,74.09,74.05,83.4838,43.43257,2.345,0.5871559633027522,-10.0,9162.28113190184,0.0,9152.28113190184,0,,8516.382
2019-04-29 00:00:00+00:00,74.03,74.51,83.41335,40.037148,2.2807143,0.5871559633027522,-10.0,9219.197186363248,0.0,9209.197186363248,0,,8569.286
2019-04-30 00:00:00+00:00,74.8,74.76,83.3502,38.554207,2.2192857,0.5871559633027522,-10.0,9250.130032910301,0.0,9240.130032910301,0,,8598.038
2019-05-01 00:00:00+00:00,75.13,73.39,83.29,41.291584,2.2071424,0.5871559633027522,-10.0,9080.618358365597,0.0,9070.618358365597,0,,8440.476
2019-05-02 00:00:00+00:00,75.52,77.06,83.2174,47.70158,1.9878567,0.75,-10.0,9534.710545447853,0.0,9524.710545447853,0,,8862.557
2019-05-03 00:00:00+00:00,77.98,79.14,83.1682,58.591885,2.2428567,0.5445544554455446,-10.0,9792.071103391798,0.0,9782.071103391798,0,,9101.774
2019-05-06 00:00:00+00:00,78.13,78.31,83.1298,62.035023,2.2764282,0.5445544554455446,-10.0,9689.373870247251,0.0,9679.373870247251,0,,9006.317
2019-05-07 00:00:00+00:00,77.61,77.46,83.0897,56.200672,2.4164276,0.5871559633027522,-10.0,9584.202462271018,0.0,9574.202462271018,0,,8908.56
2019-05-08 00:00:00+00:00,77.84,78.72,83.0492,55.917,2.4035704,0.5445544554455446,-10.0,9740.103557969407,0.0,9730.103557969407,0,,9053.471
2019-05-09 00:00:00+00:00,77.73,79.18,83.0193,70.012474,2.324284,0.5871559633027522,-10.0,9797.02004951462,0.0,9787.02004951462,0,,9106.374
2019-05-10 00:00:00+00:00,78.9,77.47,82.99145,70.581055,2.4042842,0.5871559633027522,-10.0,9585.439958784402,0.0,9575.439958784402,0,,8909.709
2019-05-13 00:00:00+00:00,76.04,75.68,82.95915,69.226166,2.4728563,0.5871559633027522,-10.0,9363.961270066156,0.0,9353.961270066156,0,,8703.844
2019-05-14 00:00:00+00:00,75.94,76.69,82.9137,56.99192,2.4528568,0.75,-10.0,9488.930060133167,0.0,9478.930060133167,0,,8820.003
2019-05-15 00:00:00+00:00,76.29,77.86,82.88095,57.90756,2.6057134,0.5871559633027522,-10.0,9633.69475664011,0.0,9623.69475664011,0,,8954.5625
2019-05-16 00:00:00+00:00,77.84,77.59,82.85565,62.006954,2.699999,0.5871559633027522,-10.0,9600.287046985462,0.0,9590.287046985462,0,,8923.51
2019-05-17 00:00:00+00:00,76.84,77.73,82.82905,60.302654,2.706428,0.5871559633027522,-10.0,9617.610486706357,0.0,9607.610486706357,0,,8939.612
2019-05-20 00:00:00+00:00,77.08,79.23,82.80855,59.549225,2.8042853,0.75,-10.0,9803.20728483878,0.0,9793.20728483878,0,,9112.125
2019-05-21 00:00:00+00:00,79.78,80.57,82.80725,62.34124,2.8878567,0.5871559633027522,-10.0,9969.00597638918,0.0,9959.00597638918,0,,9266.235
2019-05-22 00:00:00+00:00,80.47,81.8,82.8152,69.856186,2.8749995,0.5871559633027522,-10.0,10121.195804827263,0.0,10111.195804827263,0,,9407.696
2019-05-23 00:00:00+00:00,81.16,80.44,82.81935,65.15346,2.6278567,0.75,-10.0,9952.9214025539,0.0,9942.9214025539,0,,9251.285
2019-05-24 00:00:00+00:00,80.44,80.68,82.81085,54.356575,2.5792859,0.5871559633027522,-10.0,9982.616641247032,0.0,9972.616641247032,0,,9278.887
2019-05-28 00:00:00+00:00,80.57,80.89,82.79705,58.269367,2.424286,0.75,-10.0,10008.59955184972,0.0,9998.59955184972,0,,9303.038
2019-05-29 00:00:00+00:00,80.53,78.35,82.7882,62.527386,2.3407147,0.75,-10.0,9694.322714649361,0.0,9684.322714649361,0,,9010.916
2019-05-30 00:00:00+00:00,78.35,78.32,82.76375,48.764187,2.3157146,0.75,-10.0,9690.610756174314,0.0,9680.610756174314,0,,9007.466
2019-05-31 00:00:00+00:00,77.55,77.86,82.74545,47.04264,2.2335718,0.75,-10.0,9633.6946741085,0.0,9623.6946741085,0,,8954.562
2019-06-03 00:00:00+00:00,78.12,80.37,82.71945,51.467266,2.0835712,0.75,-10.0,9944.260044386278,0.0,9934.260044386278,0,,9243.233
2019-06-04 00:00:00+00:00,81.29,82.21,82.69915,66.738045,2.1128566,0.5871559633027522,-10.0,10171.924180946758,0.0,10161.924180946758,0,,9454.849
2019-06-05 00:00:00+00:00,82.86,81.65,82.6846,68.598366,2.0449994,0.5871559633027522,-10.0,10102.6350920317,0.0,10092.6350920317,0,,9390.444
2019-06-06 00:00:00+00:00,81.55,81.75,82.65875,63.316936,2.0014284,0.5871559633027522,-10.0,10115.008357409642,0.0,10105.008357409642,0,,9401.945
2019-06-07 00:00:00+00:00,82.33,83.48,82.6289,64.793755,1.9678568,0.5871559633027522,-10.0,10329.06370468725,0.0,10319.06370468725,0,,9600.91
2019-06-10 00:00:00+00:00,83.63,84.77,82.60495,68.37061,1.9335709,0.5871559633027522,-10.0,10488.676067173075,0.0,10478.676067173075,0,,9749.2705
2019-06-11 00:00:00+00:00,85.0,84.72,82.58885,67.94041,1.8892854,0.5871559633027522,-10.0,10482.489972311765,0.0,10472.489972311765,0,,9743.5205
2019-06-12 00:00:00+00:00,84.67,85.38,82.5717,64.66433,1.802857,0.5871559633027522,-10.0,10564.151997726538,0.0,10554.151997726538,0,,9819.426
2019-06-13 00:00:00+00:00,85.6,86.44,82.5572,63.18115,1.7471434,0.75,-10.0,10695.30774775744,0.0,10685.30774775744,0,,9941.336
2019-06-14 00:00:00+00:00,86.7,85.05,82.54775,72.59039,1.7128574,0.5871559633027522,-10.0,10523.321865473008,0.0,10513.321865473008,0,,9781.475
2019-06-17 00:00:00+00:00,85.46,85.34,82.5307,65.14209,1.7700005,0.5871559633027522,-10.0,10559.202437314756,0.0,10549.202437314756,0,,9814.825
2019-06-18 00:00:00+00:00,85.94,85.45,82.513054,65.33427,1.7771432,0.5871559633027522,-10.0,10572.813355354398,0.0,10562.813355354398,0,,9827.478
2019-06-19 00:00:00+00:00,85.74,86.06,82.494,79.38746,1.7242862,0.5871559633027522,-10.0,10648.289805675124,0.0,10638.289805675124,0,,9897.633
2019-06-20 00:00:00+00:00,86.97,85.56,82.474,80.568756,1.7150007,0.5871559633027522,-10.0,10586.424273246002,0.0,10576.424273246002,0,,9840.129
2019-06-21 00:00:00+00:00,85.38,84.46,82.45195,80.314995,1.8100008,0.5871559633027522,-10.0,10450.320084682055,0.0,10440.320084682055,0,,9713.619
2019-06-24 00:00:00+00:00,84.6,83.52,82.4284,68.113396,1.6742865,0.5871559633027522,-10.0,10334.012640278163,0.0,10324.012640278163,0,,9605.511
2019-06-25 00:00:00+00:00,83.87,84.28,82.3988,56.30414,1.6557153,0.5871559633027522,-10.0,10428.048049594028,0.0,10418.048049594028,0,,9692.917
2019-06-26 00:00:00+00:00,84.35,83.78,82.3783,62.417374,1.6457149,0.5871559633027522,-10.0,10366.182308190911,0.0,10356.182308190911,0,,9635.412
2019-06-27 00:00:00+00:00,84.39,85.63,82.354,59.235672,1.6935719,0.5871559633027522,-10.0,10595.0843398123,0.0,10585.0843398123,0,,9848.178
2019-06-28 00:00:00+00:00,85.83,85.26,82.3405,59.675953,1.7528578,0.5871559633027522,-10.0,10549.30446465532,0.0,10539.30446465532,0,,9805.625
2019-07-01 00:00:00+00:00,85.78,85.59,82.3463,52.404346,1.6957152,0.5871559633027522,-10.0,10590.135412693235,0.0,10580.135412693235,0,,9843.578
2019-07-02 00:00:00+00:00,85.59,85.46,82.3482,54.15471,1.727144,0.628377302269785,-10.0,10574.050632561284,0.0,10564.050632561284,0,,9828.627
2019-07-03 00:00:00+00:00,86.11,87.59,82.34585,50.402424,1.7550011,0.5871559633027522,-10.0,10837.597431279739,0.0,10827.597431279739,0,,10073.595
2019-07-05 00:00:00+00:00,87.4,87.97,82.3546,55.222507,1.8942865,0.5871559633027522,-10.0,10884.616378990015,0.0,10874.616378990015,0,,10117.3
2019-07-08 00:00:00+00:00,87.62,87.83,82.36065,64.60001,1.9035721,0.75,-10.0,10867.294121392626,0.0,10857.294121392626,0,,10101.198
2019-07-09 00:00:00+00:00,87.42,88.23,82.36315,62.639633,1.9250003,0.5871559633027522,-10.0,10916.786731443504,0.0,10906.786731443504,0,,10147.202
2019-07-10 00:00:00+00:00,88.83,89.3,82.35735,63.70813,1.8978577,0.5871559633027522,-10.0,11049.178964787012,0.0,11039.178964787012,0,,10270.262
2019-07-11 00:00:00+00:00,91.76,90.53,82.34855,65.28306,1.9214287,0.5445544554455446,-10.0,11201.368134328417,0.0,11191.368134328417,0,,10411.723
2019-07-12 00:00:00+00:00,90.4,89.85,82.35055,71.93295,2.0849996,0.5240963855421686,-10.0,11117.23109926134,0.0,11107.23109926134,0,,10333.517
2019-07-15 00:00:00+00:00,90.01,89.93,82.35195,74.70213,2.1649997,0.5871559633027522,-10.0,11127.129594825847,0.0,11117.129594825847,0,,10342.717
2019-07-16 00:00:00+00:00,89.87,89.0,82.354004,81.8906,2.107143,0.5871559633027522,-10.0,11012.059431534019,0.0,11002.059431534019,0,,10235.759
2019-07-17 00:00:00+00:00,88.39,85.46,82.34745,73.09201,2.0457141,0.5871559633027522,-10.0,10574.051332467294,0.0,10564.051332467294,0,,9828.628
2019-07-18 00:00:00+00:00,85.48,86.76,82.319,56.33485,2.2450001,0.5871559633027522,-10.0,10734.901904377535,0.0,10724.901904377535,0,,9978.14
2019-07-19 00:00:00+00:00,86.64,85.52,82.2917,54.44534,2.2235713,0.5445544554455446,-10.0,10581.474828750503,0.0,10571.474828750503,0,,9835.528
2019-07-22 00:00:00+00:00,85.85,85.05,82.25535,50.95727,2.2571428,0.5871559633027522,-10.0,10523.321931175882,0.0,10513.321931175882,0,,9781.475
2019-07-23 00:00:00+00:00,85.27,85.81,82.2236,48.032093,2.2564282,0.5871559633027522,-10.0,10617.356327423628,0.0,10607.356327423628,0,,9868.88
2019-07-24 00:00:00+00:00,86.01,86.89,82.1975,51.219505,2.2464283,0.5871559633027522,-10.0,10750.986348482313,0.0,10740.986348482313,0,,9993.09
2019-07-25 00:00:00+00:00,87.23,85.93,82.17675,47.368435,2.1121428,0.5871559633027522,-10.0,10632.204762101868,0.0,10622.204762101868,0,,9882.682
2019-07-26 00:00:00+00:00,86.26,86.12,82.1535,42.65129,2.0978572,0.75,-10.0,10655.713565222417,0.0,10645.713565222417,0,,9904.533
2019-07-29 00:00:00+00:00,86.11,87.23,82.12765,43.86217,2.067858,0.5871559633027522,-10.0,10793.055351414525,0.0,10783.055351414525,0,,10032.192
2019-07-30 00:00:00+00:00,86.5,88.72,82.1092,46.584698,2.0378582,0.5871559633027522,-10.0,10977.414343418142,0.0,10967.414343418142,0,,10203.555
2019-07-31 00:00:00+00:00,88.72,87.15,82.0986,48.074364,2.1707153,0.5445544554455446,-10.0,10783.156458245412,0.0,10773.156458245412,0,,10022.99
2019-08-01 00:00:00+00:00,90.88,91.7,82.0978,39.025986,2.0492876,0.5445544554455446,-10.0,11346.131914876203,0.0,11336.131914876203,0,,10546.279
2019-08-02 00:00:00+00:00,91.95,90.44,82.1139,54.800205,2.4185731,0.5240963855421686,-10.0,11190.23129311579,0.0,11180.23129311579,0,,10401.368
2019-08-05 00:00:00+00:00,89.58,88.7,82.1184,51.24695,2.6150017,0.5871559633027522,-10.0,10974.939004022386,0.0,10964.939004022386,0,,10201.253
2019-08-06 00:00:00+00:00,89.3,84.11,82.09905,49.29444,2.7485733,0.5871559633027522,-10.0,10407.013992230552,0.0,10397.013992230552,0,,9673.364
2019-08-07 00:00:00+00:00,83.78,85.85,82.0508,46.974453,3.0314305,0.75,-10.0,10622.306206048352,0.0,10612.306206048352,0,,9873.4795
2019-08-08 00:00:00+00:00,85.8,87.89,82.01315,47.999992,3.1592877,0.5871559633027522,-10.0,10874.717114147792,0.0,10864.717114147792,0,,10108.097
2019-08-09 00:00:00+00:00,87.94,87.45,81.9886,55.031857,3.2478583,0.5240963855421686,-10.0,10820.27487296478,0.0,10810.27487296478,0,,10057.492
2019-08-12 00:00:00+00:00,87.37,87.38,81.97475,55.10203,3.275001,0.5445544554455446,-10.0,10811.613991965867,0.0,10801.613991965867,0,,10049.442
2019-08-13 00:00:00+00:00,87.61,89.26,81.96025,53.438457,3.2700005,0.5871559633027522,-10.0,11044.228572133634,0.0,11034.228572133634,0,,10265.658
2019-08-14 00:00:00+00:00,88.48,86.34,81.9841,55.014816,3.3821433,0.5240963855421686,-10.0,10682.933500665376,0.0,10672.933500665376,0,,9929.833
2019-08-15 00:00:00+00:00,86.43,85.97,81.9872,50.801086,3.456429,0.5871559633027522,-10.0,10637.153546055277,0.0,10627.153546055277,0,,9887.28
2019-08-16 00:00:00+00:00,86.15,87.34,81.99345,49.70896,3.4878573,0.5871559633027522,-10.0,10806.664870089386,0.0,10796.664870089386,0,,10044.842
2019-08-19 00:00:00+00:00,88.21,87.75,82.0002,50.21128,3.5878575,0.5871559633027522,-10.0,10857.395057495836,0.0,10847.395057495836,0,,10091.996
2019-08-20 00:00:00+00:00,88.04,86.3,82.0009,48.05611,3.4521434,0.5871559633027522,-10.0,10677.98533708754,0.0,10667.98533708754,0,,9925.234
2019-08-21 00:00:00+00:00,86.44,86.32,81.9924,48.288364,3.394286,0.5871559633027522,-10.0,10680.459883936708,0.0,10670.459883936708,0,,9927.534
2019-08-22 00:00:00+00:00,86.56,85.55,81.9694,36.74877,2.9478574,0.5871559633027522,-10.0,10585.187486844705,0.0,10575.187486844705,0,,9838.979
2019-08-23 00:00:00+00:00,85.46,83.54,81.9543,37.65775,2.7764287,0.5445544554455446,-10.0,10336.487680277309,0.0,10326.487680277309,0,,9607.811
2019-08-26 00:00:00+00:00,84.41,85.9,81.9292,37.1514,2.7950003,0.5871559633027522,-10.0,10628.493240377,0.0,10618.493240377,0,,9879.23
2019-08-27 00:00:00+00:00,85.94,81.28,81.9387,55.014008,2.369286,0.5240963855421686,-10.0,10056.855925518441,0.0,10046.855925518441,0,,9347.892
2019-08-28 00:00:00+00:00,81.03,81.01,81.9124,38.97733,2.4514291,0.5871559633027522,-10.0,10023.448795420987,0.0,10013.448795420987,0,,9316.839
2019-08-29 00:00:00+00:00,81.83,81.91,81.8716,31.856546,2.359286,0.5445544554455446,-10.0,10134.80640212871,0.0,10124.80640212871,0,,9420.347
2019-08-30 00:00:00+00:00,82.3,82.27,81.83685,35.73637,2.3685718,0.5240963855421686,-10.0,10179.348958227849,0.0,10169.348958227849,0,,9461.749
2019-09-03 00:00:00+00:00,81.87,84.04,81.7986,37.03703,2.337143,0.5445544554455446,-10.0,10398.352917160497,0.0,10388.352917160497,0,,9665.314
2019-09-04 00:00:00+00:00,84.36,85.18,81.76225,36.683662,2.332143,0.5871559633027522,-10.0,10539.405994953215,0.0,10529.405994953215,0,,9796.424
2019-09-05 00:00:00+00:00,86.29,86.04,81.74025,46.74524,2.2099996,0.75,-10.0,10645.815121632702,0.0,10635.815121632702,0,,9895.332
2019-09-06 00:00:00+00:00,86.12,86.32,81.7247,50.19115,2.2421422,0.75,-10.0,10680.459738117994,0.0,10670.459738117994,0,,9927.534
2019-09-09 00:00:00+00:00,86.31,87.13,81.71255,47.038338,2.134285,0.5871559633027522,-10.0,10780.681737852121,0.0,10770.681737852121,0,,10020.691
2019-09-10 00:00:00+00:00,86.46,85.88,81.6941,48.240627,2.11857,0.5871559633027522,-10.0,10626.018184086877,0.0,10616.018184086877,0,,9876.931
2019-09-11 00:00:00+00:00,86.05,87.79,81.67915,48.79447,2.1549983,0.75,-10.0,10862.34508224833,0.0,10852.34508224833,0,,10096.598
2019-09-12 00:00:00+00:00,87.88,84.64,81.68095,53.80632,2.282141,0.5871559633027522,-10.0,10472.592169468448,0.0,10462.592169468448,0,,9734.32
2019-09-13 00:00:00+00:00,85.19,83.42,81.66585,47.902252,2.4192843,0.75,-10.0,10321.640095741433,0.0,10311.640095741433,0,,9594.01
2019-09-16 00:00:00+00:00,82.68,83.79,81.63825,49.712914,2.4249988,0.6736641075981781,-10.0,10367.420905029727,0.0,10357.420905029727,0,,9636.563
2019-09-17 00:00:00+00:00,84.17,83.18,81.60905,44.42094,2.36357,0.5871559633027522,-10.0,10291.944926813774,0.0,10281.944926813774,0,,9566.408
2019-09-18 00:00:00+00:00,83.28,83.0,81.56875,56.375843,2.0792842,0.75,-10.0,10269.67309384024,0.0,10259.67309384024,0,,9545.706
2019-09-19 00:00:00+00:00,83.25,84.63,81.53125,56.718426,2.0614269,0.75,-10.0,10471.3544628444,0.0,10461.3544628444,0,,9733.17
2019-09-20 00:00:00+00:00,84.95,85.12,81.5099,58.751587,2.1035702,0.5871559633027522,-10.0,10531.983554853508,0.0,10521.983554853508,0,,9789.525
2019-09-23 00:00:00+00:00,84.87,83.85,81.4904,59.093822,2.1714275,0.5871559633027522,-10.0,10374.84451632248,0.0,10364.84451632248,0,,9643.464
2019-09-24 00:00:00+00:00,84.23,82.7,81.4716,49.373756,2.1021419,0.75,-10.0,10232.55384376028,0.0,10222.55384376028,0,,9511.204
2019-09-25 00:00:00+00:00,82.17,83.23,81.4552,41.831356,2.1878564,0.75,-10.0,10298.132343458252,0.0,10288.132343458252,0,,9572.159
2019-09-26 00:00:00+00:00,83.43,82.0,81.44975,40.538742,2.1814282,0.5871559633027522,-10.0,10145.94267544438,0.0,10135.94267544438,0,,9430.699
2019-09-27 00:00:00+00:00,82.33,80.94,81.442,36.329136,2.321428,0.5871559633027522,-10.0,10014.787931792054,0.0,10004.787931792054,0,,9308.79
2019-09-30 00:00:00+00:00,81.0,82.33,81.4343,30.716558,2.3585713,0.75,-10.0,10186.773597908057,0.0,10176.773597908057,0,,9468.651
2019-10-01 00:00:00+00:00,82.48,82.12,81.42985,39.036472,2.3278575,0.5871559633027522,-10.0,10160.789978852972,0.0,10150.789978852972,0,,9444.5
2019-10-02 00:00:00+00:00,81.32,80.98,81.431,30.434816,2.2571433,0.5871559633027522,-10.0,10019.73687037271,0.0,10009.73687037271,0,,9313.391
2019-10-03 00:00:00+00:00,80.81,81.34,81.44105,35.336575,2.111429,0.5871559633027522,-10.0,10064.278945486134,0.0,10054.278945486134,0,,9354.792
2019-10-04 00:00:00+00:00,81.3,81.85,81.46275,41.049915,2.0,0.75,-10.0,10127.382487777744,0.0,10117.382487777744,0,,9413.447
2019-10-07 00:00:00+00:00,81.39,81.86,81.4908,41.751698,2.006429,0.75,-10.0,10128.619947800906,0.0,10118.619947800906,0,,9414.598
2019-10-08 00:00:00+00:00,81.26,80.17,81.51855,44.08603,2.0450008,0.75,-10.0,9919.514362175734,0.0,9909.514362175734,0,,9220.233
2019-10-09 00:00:00+00:00,80.83,80.37,81.5533,38.83189,2.0714302,0.75,-10.0,9944.261685756906,0.0,9934.261685756906,0,,9243.235
2019-10-10 00:00:00+00:00,80.55,80.82,81.59525,31.049881,1.9757162,0.75,-10.0,9999.939824830353,0.0,9989.939824830353,0,,9294.988
2019-10-11 00:00:00+00:00,81.8,81.96,81.64555,30.80358,1.9685735,0.5871559633027522,-10.0,10140.99336789412,0.0,10130.99336789412,0,,9426.099
2019-10-14 00:00:00+00:00,81.79,81.58,81.69015,41.463425,1.9942877,0.5871559633027522,-10.0,10093.976200735895,0.0,10083.976200735895,0,,9382.3955
2019-10-15 00:00:00+00:00,82.21,83.2,81.7304,44.563133,1.8628595,0.75,-10.0,10294.420000415459,0.0,10284.420000415459,0,,9568.709
2019-10-16 00:00:00+00:00,84.11,86.05,81.7766,49.86828,1.8721449,0.5871559633027522,-10.0,10647.054416225494,0.0,10637.054416225494,0,,9896.484
2019-10-17 00:00:00+00:00,86.11,89.5,81.83485,65.56497,2.049288,0.5871559633027522,-10.0,11073.926184399978,0.0,11063.926184399978,0,,10293.265
2019-10-18 00:00:00+00:00,89.51,89.64,81.9101,77.79221,2.1814308,0.5240963855421686,-10.0,11091.248731763222,0.0,11081.248731763222,0,,10309.366
2019-10-21 00:00:00+00:00,88.2,86.66,81.99145,75.83039,2.1235738,0.5871559633027522,-10.0,10722.531106017026,0.0,10712.531106017026,0,,9966.641
2019-10-22 00:00:00+00:00,86.81,86.06,82.05365,63.416084,2.347145,0.5871559633027522,-10.0,10648.291779702402,0.0,10638.291779702402,0,,9897.635
2019-10-23 00:00:00+00:00,85.73,85.65,82.1102,65.5067,2.3364308,0.5871559633027522,-10.0,10597.56246529362,0.0,10587.56246529362,0,,9850.481
2019-10-24 00:00:00+00:00,85.96,85.98,82.1607,63.11627,2.2957165,0.75,-10.0,10638.394486105744,0.0,10628.394486105744,0,,9888.435
2019-10-25 00:00:00+00:00,85.91,86.8,82.209,62.707706,2.2842882,0.75,-10.0,10739.853926584059,0.0,10729.853926584059,0,,9982.742
2019-10-28 00:00:00+00:00,87.2,87.39,82.263,64.47832,2.281431,0.75,-10.0,10812.854802419466,0.0,10802.854802419466,0,,10050.598
2019-10-29 00:00:00+00:00,87.42,88.87,82.31715,72.619064,2.2571445,0.6950367837122556,-10.0,10995.97684487997,0.0,10985.97684487997,0,,10220.811
2019-10-30 00:00:00+00:00,88.0,85.85,82.3772,74.651985,2.3100014,0.5445544554455446,-10.0,10622.308514769793,0.0,10612.308514769793,0,,9873.483
2019-10-31 00:00:00+00:00,85.45,85.38,82.42015,62.695606,2.475001,0.75,-10.0,10564.154704442644,0.0,10554.154704442644,0,,9819.43
2019-11-01 00:00:00+00:00,85.92,86.87,82.46055,58.934166,2.4035726,0.75,-10.0,10748.514052220902,0.0,10738.514052220902,0,,9990.792
2019-11-04 00:00:00+00:00,87.2,87.5,82.5145,63.061726,2.4942868,0.5871559633027522,-10.0,10826.464601451586,0.0,10816.464601451586,0,,10063.248
2019-11-05 00:00:00+00:00,87.9,86.13,82.552704,61.163036,2.51143,0.5871559633027522,-10.0,10656.952625962464,0.0,10646.952625962464,0,,9905.686
2019-11-06 00:00:00+00:00,86.64,84.71,82.5848,50.224957,2.4750006,0.75,-10.0,10481.254598751402,0.0,10471.254598751402,0,,9742.374
2019-11-07 00:00:00+00:00,86.34,84.08,82.61155,34.793655,2.3742862,0.5871559633027522,-10.0,10403.304355915845,0.0,10393.304355915845,0,,9669.919
2019-11-08 00:00:00+00:00,83.63,86.07,82.63845,32.881786,2.5349998,0.5240963855421686,-10.0,10649.529051375197,0.0,10639.529051375197,0,,9898.786
2019-11-11 00:00:00+00:00,84.84,84.04,82.6705,48.065563,2.379286,0.5871559633027522,-10.0,10398.35523644839,0.0,10388.35523644839,0,,9665.318
2019-11-12 00:00:00+00:00,84.5,85.54,82.6901,43.944855,2.5542858,0.5871559633027522,-10.0,10583.951432834874,0.0,10573.951432834874,0,,9837.831
2019-11-13 00:00:00+00:00,85.14,86.09,82.7201,49.690487,2.6399999,0.5871559633027522,-10.0,10652.002771564898,0.0,10642.002771564898,0,,9901.086
2019-11-14 00:00:00+00:00,86.84,86.13,82.7579,50.305706,2.6792853,0.75,-10.0,10656.952520892028,0.0,10646.952520892028,0,,9905.687
2019-11-15 00:00:00+00:00,86.0,87.3,82.7717,48.05344,2.6378567,0.5871559633027522,-10.0,10801.718023542848,0.0,10791.718023542848,0,,10040.246
2019-11-18 00:00:00+00:00,87.04,87.77,82.7894,49.74706,2.7014287,0.5871559633027522,-10.0,10859.87026854717,0.0,10849.87026854717,0,,10094.299
2019-11-19 00:00:00+00:00,87.57,87.81,82.806,46.72227,2.6592853,0.5445544554455446,-10.0,10864.819514481258,0.0,10854.819514481258,0,,10098.899
2019-11-20 00:00:00+00:00,87.44,87.55,82.8162,57.101448,2.4521425,0.5871559633027522,-10.0,10832.650297050794,0.0,10822.650297050794,0,,10068.998
2019-11-21 00:00:00+00:00,87.57,88.31,82.82075,57.98384,2.4621425,0.5445544554455446,-10.0,10926.685298088027,0.0,10916.685298088027,0,,10156.403
2019-11-22 00:00:00+00:00,89.1,90.26,82.8333,55.598747,2.4378564,0.5871559633027522,-10.0,11167.961534995919,0.0,11157.961534995919,0,,10380.671
2019-11-25 00:00:00+00:00,90.52,90.64,82.86305,59.732037,2.4335704,0.5871559633027522,-10.0,11214.978600231285,0.0,11204.978600231285,0,,10424.373
2019-11-26 00:00:00+00:00,90.72,87.85,82.89805,67.09632,2.1449988,0.5871559633027522,-10.0,10869.768663213807,0.0,10859.768663213807,0,,10103.499
2019-11-27 00:00:00+00:00,87.5,88.51,82.90835,60.782978,2.2564278,0.5445544554455446,-10.0,10951.431146511757,0.0,10941.431146511757,0,,10179.404
2019-11-29 00:00:00+00:00,87.96,87.91,82.91885,65.18164,2.0964284,0.5481735854188549,-10.0,10877.192535306898,0.0,10867.192535306898,0,,10110.398
2019-12-02 00:00:00+00:00,87.87,87.83,82.92615,56.96972,1.9449997,0.5871559633027522,-10.0,10867.293814587736,0.0,10857.293814587736,0,,10101.198
2019-12-03 00:00:00+00:00,87.19,87.43,82.932,66.84446,1.7799994,0.5871559633027522,-10.0,10817.801205934129,0.0,10807.801205934129,0,,10055.194
2019-12-04 00:00:00+00:00,87.64,88.36,82.9349,59.31035,1.6971425,0.5871559633027522,-10.0,10932.870643152497,0.0,10922.870643152497,0,,10162.15
2019-12-05 00:00:00+00:00,88.09,87.82,82.94505,60.778748,1.6642854,0.5445544554455446,-10.0,10866.055678572931,0.0,10856.055678572931,0,,10100.047
2019-12-06 00:00:00+00:00,88.25,88.24,82.95925,57.66094,1.6878564,0.5871559633027522,-10.0,10918.021919183171,0.0,10908.021919183171,0,,10148.349
2019-12-09 00:00:00+00:00,88.24,86.39,82.9721,54.571964,1.6235706,0.5445544554455446,-10.0,10689.119949755153,0.0,10679.119949755153,0,,9935.583
2019-12-10 00:00:00+00:00,86.37,86.76,82.9807,44.082344,1.6807137,0.5871559633027522,-10.0,10734.900930527507,0.0,10724.900930527507,0,,9978.137
2019-12-11 00:00:00+00:00,86.43,86.66,82.9949,45.62137,1.7528566,0.5445544554455446,-10.0,10722.528151915512,0.0,10712.528151915512,0,,9966.637
2019-12-12 00:00:00+00:00,87.1,86.79,83.01425,46.23838,1.7271423,0.5871559633027522,-10.0,10738.613334852145,0.0,10728.613334852145,0,,9981.588
2019-12-13 00:00:00+00:00,86.81,84.85,83.0317,43.214302,1.725714,0.75,-10.0,10498.575101118397,0.0,10488.575101118397,0,,9758.472
2019-12-16 00:00:00+00:00,85.43,85.96,83.04105,25.82662,1.7714282,0.5240963855421686,-10.0,10635.916497095135,0.0,10625.916497095135,0,,9886.131
2019-12-17 00:00:00+00:00,85.96,83.15,83.06845,30.369135,1.8335718,0.5240963855421686,-10.0,10288.23294556508,0.0,10278.23294556508,0,,9562.957
2019-12-18 00:00:00+00:00,82.67,83.55,83.0859,30.318275,1.7749999,0.5445544554455446,-10.0,10337.725227512852,0.0,10327.725227512852,0,,9608.961
2019-12-19 00:00:00+00:00,83.58,83.8,83.1205,28.767128,1.8185709,0.5,-10.0,10368.658517152302,0.0,10358.658517152302,0,,9637.714
2019-12-20 00:00:00+00:00,84.52,85.67,83.15785,31.862312,1.8278563,0.5240963855421686,-10.0,10600.035394596423,0.0,10590.035394596423,0,,9852.779
2019-12-23 00:00:00+00:00,86.02,85.6,83.20415,41.768276,1.8492851,0.5240963855421686,-10.0,10591.37452468874,0.0,10581.37452468874,0,,9844.7295
2019-12-24 00:00:00+00:00,86.04,85.42,83.2424,42.845963,1.8378563,0.5445544554455446,-10.0,10569.10306428336,0.0,10559.10306428336,0,,9824.028
2019-12-26 00:00:00+00:00,85.54,85.05,83.2774,37.79068,1.8007137,0.5871559633027522,-10.0,10523.323316339394,0.0,10513.323316339394,0,,9781.476
2019-12-27 00:00:00+00:00,85.13,84.91,83.3037,38.331932,1.7342851,0.5871559633027522,-10.0,10506.000858308971,0.0,10496.000858308971,0,,9765.374
2019-12-30 00:00:00+00:00,84.95,83.64,83.3307,35.63418,1.682142,0.5445544554455446,-10.0,10348.861864367287,0.0,10338.861864367287,0,,9619.3125
2019-12-31 00:00:00+00:00,83.38,85.02,83.348,37.51135,1.6599993,0.5871559633027522,-10.0,10519.610643568749,0.0,10509.610643568749,0,,9778.024
2020-01-02 00:00:00+00:00,85.64,85.08,83.37115,42.762035,1.6357133,0.5445544554455446,-10.0,10527.03453261088,0.0,10517.03453261088,0,,9784.925
2020-01-03 00:00:00+00:00,83.81,84.01,83.3912,43.405666,1.6607138,0.5445544554455446,-10.0,10394.642322528034,0.0,10384.642322528034,0,,9661.866
2020-01-06 00:00:00+00:00,83.68,85.24,83.4149,39.24149,1.6699998,0.5871559633027522,-10.0,10546.830764373004,0.0,10536.830764373004,0,,9803.325
2020-01-07 00:00:00+00:00,84.76,84.63,83.4393,51.59705,1.6307138,0.5871559633027522,-10.0,10471.354976540735,0.0,10461.354976540735,0,,9733.17
2020-01-08 00:00:00+00:00,84.56,85.45,83.4686,44.32108,1.5771419,0.5871559633027522,-10.0,10572.814153216801,0.0,10562.814153216801,0,,9827.477
2020-01-09 00:00:00+00:00,85.62,86.66,83.51035,61.83126,1.4471425,0.5871559633027522,-10.0,10722.52937438389,0.0,10712.52937438389,0,,9966.638
2020-01-10 00:00:00+00:00,87.04,87.04,83.56085,64.767334,1.4207143,0.5871559633027522,-10.0,10769.546328564842,0.0,10759.546328564842,0,,10010.34
2020-01-13 00:00:00+00:00,86.97,86.15,83.61355,65.19699,1.3985716,0.5871559633027522,-10.0,10659.42581317866,0.0,10649.42581317866,0,,9907.983
2020-01-14 00:00:00+00:00,86.6,88.83,83.654854,52.479355,1.3835716,0.5871559633027522,-10.0,10991.024545880158,0.0,10981.024545880158,0,,10216.205
2020-01-15 00:00:00+00:00,88.79,91.37,83.7014,63.140778,1.5142866,0.5240963855421686,-10.0,11305.300778676881,0.0,11295.300778676881,0,,10508.326
2020-01-16 00:00:00+00:00,91.9,91.46,83.7628,70.30718,1.6528577,0.5240963855421686,-10.0,11316.435450249737,0.0,11306.435450249737,0,,10518.676
2020-01-17 00:00:00+00:00,91.0,91.06,83.84765,72.30339,1.697858,0.5445544554455446,-10.0,11266.94312380165,0.0,11256.94312380165,0,,10472.673
2020-01-21 00:00:00+00:00,90.82,91.25,83.927704,71.018425,1.7342867,0.5240963855421686,-10.0,11290.45182816546,0.0,11280.45182816546,0,,10494.524
2020-01-22 00:00:00+00:00,91.57,92.03,84.0041,78.08118,1.7000014,0.5445544554455446,-10.0,11386.961505139114,0.0,11376.961505139114,0,,10584.23
2020-01-23 00:00:00+00:00,92.19,91.16,84.0779,77.065636,1.6600015,0.5240963855421686,-10.0,11279.315822527764,0.0,11269.315822527764,0,,10484.173
2020-01-24 00:00:00+00:00,91.54,88.92,84.1431,72.09304,1.664287,0.5240963855421686,-10.0,11002.157617906665,0.0,10992.157617906665,0,,10226.554
2020-01-27 00:00:00+00:00,87.94,87.52,84.20055,66.44339,1.9250009,0.5871559633027522,-10.0,10828.934066835234,0.0,10818.934066835234,0,,10065.541
2020-01-28 00:00:00+00:00,88.29,89.11,84.26815,57.549664,1.9314297,0.5871559633027522,-10.0,11025.667389318729,0.0,11015.667389318729,0,,10248.406
2020-01-29 00:00:00+00:00,89.49,89.86,84.3428,63.93035,2.01143,0.5871559633027522,-10.0,11118.465287931713,0.0,11108.465287931713,0,,10334.662
2020-01-30 00:00:00+00:00,89.33,88.88,84.4184,63.772644,2.0435727,0.5871559633027522,-10.0,10997.208841466883,0.0,10987.208841466883,0,,10221.953
2020-01-31 00:00:00+00:00,89.29,85.56,84.48225,57.0342,2.2971437,0.5871559633027522,-10.0,10586.421807236857,0.0,10576.421807236857,0,,9840.125
2020-02-03 00:00:00+00:00,85.94,85.7,84.5333,46.047,2.5278583,0.75,-10.0,10603.744016800843,0.0,10593.744016800843,0,,9856.226
2020-02-04 00:00:00+00:00,87.15,88.09,84.6003,48.747902,2.5228581,0.5871559633027522,-10.0,10899.46059803034,0.0,10889.46059803034,0,,10131.096
2020-02-05 00:00:00+00:00,89.13,91.44,84.6785,47.907227,2.5571437,0.5871559633027522,-10.0,11313.959597597308,0.0,11303.959597597308,0,,10516.374
2020-02-06 00:00:00+00:00,92.12,92.48,84.7804,50.18929,2.6585727,0.5871559633027522,-10.0,11442.640490928736,0.0,11432.640490928736,0,,10635.984
2020-02-07 00:00:00+00:00,93.9,91.94,84.87565,52.623466,2.727144,0.5871559633027522,-10.0,11375.825661039597,0.0,11365.825661039597,0,,10573.88
2020-02-10 00:00:00+00:00,91.7,93.6,84.9649,52.2472,2.8550012,0.5871559633027522,-10.0,11581.218475076173,0.0,11571.218475076173,0,,10764.793
2020-02-11 00:00:00+00:00,94.33,94.57,85.0643,55.58194,2.972858,0.5871559633027522,-10.0,11701.237203534316,0.0,11691.237203534316,0,,10876.352
2020-02-12 00:00:00+00:00,95.0,95.78,85.1669,55.979282,3.018572,0.5871559633027522,-10.0,11850.951409878842,0.0,11840.951409878842,0,,11015.512
2020-02-13 00:00:00+00:00,94.92,94.52,85.27325,60.704334,3.157143,0.5445544554455446,-10.0,11695.0502202643,0.0,11685.0502202643,0,,10870.601
2020-02-14 00:00:00+00:00,94.16,94.36,85.37205,63.59222,2.8642862,0.5871559633027522,-10.0,11675.253864825752,0.0,11665.253864825752,0,,10852.2
2020-02-18 00:00:00+00:00,94.29,94.31,85.4769,67.66529,3.0157144,0.5871559633027522,-10.0,11669.066623622435,0.0,11659.066623622435,0,,10846.449
2020-02-19 00:00:00+00:00,94.59,95.13,85.56315,64.59033,2.9850001,0.5871559633027522,-10.0,11770.526450130856,0.0,11760.526450130856,0,,10940.757
2020-02-20 00:00:00+00:00,95.0,96.53,85.6431,64.72888,2.9578574,0.5871559633027522,-10.0,11943.750279620564,0.0,11933.750279620564,0,,11101.77
2020-02-21 00:00:00+00:00,96.15,97.0,85.7342,70.89022,2.7850003,0.75,-10.0,12001.904211288467,0.0,11991.904211288467,0,,11155.823
2020-02-24 00:00:00+00:00,94.72,94.93,85.8319,86.998695,2.6471426,0.5871559633027522,-10.0,11745.781278683713,0.0,11735.781278683713,0,,10917.757
2020-02-25 00:00:00+00:00,95.36,92.93,85.91295,76.53824,2.7414284,0.5871559633027522,-10.0,11498.319329116517,0.0,11488.319329116517,0,,10687.74
2020-02-26 00:00:00+00:00,93.8,93.71,85.9817,64.2353,2.7092853,0.5871559633027522,-10.0,11594.829401543762,0.0,11584.829401543762,0,,10777.446
2020-02-27 00:00:00+00:00,92.05,86.59,86.0629,57.865547,2.5449994,0.5871559633027522,-10.0,10713.864541517101,0.0,10703.864541517101,0,,9958.586
2020-02-28 00:00:00+00:00,83.55,84.32,86.11745,35.641136,2.8899994,0.5871559633027522,-10.0,10432.995931946889,0.0,10422.995931946889,0,,9697.518
2020-03-02 00:00:00+00:00,84.53,87.16,86.1556,32.8687,3.0442848,0.5871559633027522,-10.0,10784.39252094191,0.0,10774.39252094191,0,,10024.143
2020-03-03 00:00:00+00:00,87.42,85.87,86.2021,36.251083,3.1592848,0.5871559633027522,-10.0,10624.77952421572,0.0,10614.77952421572,0,,9875.781
2020-03-04 00:00:00+00:00,89.3,90.38,86.2435,31.676506,3.3457134,0.6860172010034724,-10.0,11182.80600045337,0.0,11172.80600045337,0,,10394.47
2020-03-05 00:00:00+00:00,88.0,86.97,86.30675,40.01479,3.4242847,0.5871559633027522,-10.0,10760.883635630209,0.0,10750.883635630209,0,,10002.291
2020-03-06 00:00:00+00:00,84.29,85.81,86.34545,37.067493,3.6935704,0.5871559633027522,-10.0,10617.355294892419,0.0,10607.355294892419,0,,9868.881
2020-03-09 00:00:00+00:00,79.69,83.27,86.37165,35.83968,3.6271422,0.75,-10.0,10303.078789601164,0.0,10293.078789601164,0,,9576.76
2020-03-10 00:00:00+00:00,85.35,86.07,86.379,33.108932,4.092857,0.75,-10.0,10649.526023795488,0.0,10639.526023795488,0,,9898.783
2020-03-11 00:00:00+00:00,84.08,84.96,86.40715,36.930183,4.3799996,0.5871559633027522,-10.0,10512.18464384362,0.0,10502.18464384362,0,,9771.124
2020-03-12 00:00:00+00:00,80.46,80.49,86.42855,33.16846,4.382142,0.75,-10.0,9959.106863530084,0.0,9949.106863530084,0,,9257.036
2020-03-13 00:00:00+00:00,83.7,90.0,86.42655,28.485794,4.6521425,0.75,-10.0,11135.788357064679,0.0,11125.788357064679,0,,10350.767
2020-03-16 00:00:00+00:00,76.0,80.5,86.4848,44.61908,5.1292853,0.75,-10.0,9960.34426648375,0.0,9950.34426648375,0,,9258.186
2020-03-17 00:00:00+00:00,82.79,89.5,86.4957,38.341774,5.9157143,0.75,-10.0,11073.923371948165,0.0,11063.923371948165,0,,10293.262
2020-03-18 00:00:00+00:00,84.9,84.97,86.5539,46.578907,6.426429,0.5871559633027522,-10.0,10513.42188089741,0.0,10503.42188089741,0,,9772.273
2020-03-19 00:00:00+00:00,83.09,86.0,86.5769,48.625725,6.817143,0.75,-10.0,10640.864695888995,0.0,10630.864695888995,0,,9890.732
2020-03-20 00:00:00+00:00,86.84,80.61,86.59585,51.455807,6.906429,0.5871559633027522,-10.0,9973.954851642091,0.0,9963.954851642091,0,,9270.837
2020-03-23 00:00:00+00:00,80.29,73.93,86.59065,44.564312,7.1835713,0.75,-10.0,9147.431576959721,0.0,9137.431576959721,0,,8502.579
2020-03-24 00:00:00+00:00,77.71,79.85,86.55155,40.904934,7.4728575,0.75,-10.0,9879.918937032058,0.0,9869.918937032058,0,,9183.43
2020-03-25 00:00:00+00:00,79.54,75.35,86.5334,42.14765,7.6250005,0.5871559633027522,-10.0,9323.129632078639,0.0,9313.129632078639,0,,8665.892
2020-03-26 00:00:00+00:00,75.87,84.16,86.4863,41.473434,7.7128577,0.75,-10.0,10413.199898658135,0.0,10403.199898658135,0,,9679.116
2020-03-27 00:00:00+00:00,80.94,81.78,86.4835,48.91147,8.1592865,0.5871559633027522,-10.0,10118.719365158528,0.0,10108.719365158528,0,,9405.3955
2020-03-30 00:00:00+00:00,83.53,88.1,86.4655,49.014942,7.852858,0.75,-10.0,10900.699273525626,0.0,10890.699273525626,0,,10132.25
2020-03-31 00:00:00+00:00,88.24,88.5,86.4738,51.282375,7.952144,0.5871559633027522,-10.0,10950.19198235536,0.0,10940.19198235536,0,,10178.254
2020-04-01 00:00:00+00:00,88.21,86.23,86.49105,52.2565,7.99143,0.5871559633027522,-10.0,10669.323206763094,0.0,10659.323206763094,0,,9917.185
2020-04-02 00:00:00+00:00,84.64,83.89,86.4955,53.76443,7.895001,0.75,-10.0,10379.792524184299,0.0,10369.792524184299,0,,9648.064
2020-04-03 00:00:00+00:00,83.27,81.34,86.4877,45.57695,7.670001,0.75,-10.0,10064.27799232717,0.0,10054.27799232717,0,,9354.792
2020-04-06 00:00:00+00:00,85.32,86.29,86.4641,50.67611,6.972858,0.75,-10.0,10676.747140211188,0.0,10666.747140211188,0,,9924.085
2020-04-07 00:00:00+00:00,88.87,87.2,86.46775,47.236095,6.705715,0.75,-10.0,10789.341239138166,0.0,10779.341239138166,0,,10028.741
2020-04-08 00:00:00+00:00,86.94,88.33,86.48145,52.047745,6.028572,0.75,-10.0,10929.157777083647,0.0,10919.157777083647,0,,10158.701
2020-04-09 00:00:00+00:00,88.18,87.81,86.5055,52.135654,5.8571434,0.5871559633027522,-10.0,10864.816828949894,0.0,10854.816828949894,0,,10098.896
2020-04-13 00:00:00+00:00,87.56,85.45,86.52315,57.246372,5.4600005,0.5871559633027522,-10.0,10572.811717570978,0.0,10562.811717570978,0,,9827.477
2020-04-14 00:00:00+00:00,87.59,89.42,86.5315,62.698402,5.1057143,0.75,-10.0,11064.023632817918,0.0,11054.023632817918,0,,10284.061
2020-04-15 00:00:00+00:00,87.94,88.33,86.55045,61.0228,4.9457145,0.5871559633027522,-10.0,10929.15731500331,0.0,10919.15731500331,0,,10158.701
2020-04-16 00:00:00+00:00,88.26,86.28,86.5658,66.225,4.7857146,0.75,-10.0,10675.508630310045,0.0,10665.508630310045,0,,9922.934
2020-04-17 00:00:00+00:00,88.76,89.19,86.56925,53.18892,4.349286,0.75,-10.0,11035.565859678625,0.0,11025.565859678625,0,,10257.609
2020-04-20 00:00:00+00:00,87.99,89.62,86.5879,60.971275,4.3228574,0.5871559633027522,-10.0,11088.770323406456,0.0,11078.770323406456,0,,10307.0625
2020-04-21 00:00:00+00:00,88.44,85.57,86.59805,52.725975,4.054286,0.5871559633027522,-10.0,10587.659797755536,0.0,10577.659797755536,0,,9841.278
2020-04-22 00:00:00+00:00,86.98,86.5,86.58605,45.353634,4.1664286,0.75,-10.0,10702.729776441078,0.0,10692.729776441078,0,,9948.236
2020-04-23 00:00:00+00:00,87.39,87.26,86.5794,50.447163,4.0264287,0.75,-10.0,10796.76611661132,0.0,10786.76611661132,0,,10035.644
2020-04-24 00:00:00+00:00,87.43,88.7,86.57455,55.88955,3.7485716,0.5871559633027522,-10.0,10974.938457845376,0.0,10964.938457845376,0,,10201.255
2020-04-27 00:00:00+00:00,89.59,90.78,86.57155,63.381813,3.7107146,0.5445544554455446,-10.0,11232.299642671234,0.0,11222.299642671234,0,,10440.474
2020-04-28 00:00:00+00:00,92.0,89.53,86.5728,59.11489,3.507857,0.5871559633027522,-10.0,11077.635740033771,0.0,11067.635740033771,0,,10296.713
2020-04-29 00:00:00+00:00,90.04,89.34,86.5712,54.6656,3.486429,0.5871559633027522,-10.0,11054.126522501858,0.0,11044.126522501858,0,,10274.861
2020-04-30 00:00:00+00:00,88.71,89.66,86.56825,52.10153,3.4121437,0.5871559633027522,-10.0,11093.721094047174,0.0,11083.721094047174,0,,10311.664
2020-05-01 00:00:00+00:00,88.35,86.38,86.57155,53.88167,3.3885722,0.5871559633027522,-10.0,10687.882730650172,0.0,10677.882730650172,0,,9934.436
2020-05-04 00:00:00+00:00,85.97,86.42,86.57615,51.878788,3.457144,0.6776759115207662,-10.0,10692.832589364343,0.0,10682.832589364343,0,,9939.036
2020-05-05 00:00:00+00:00,87.5,87.97,86.57445,42.7954,3.2635727,0.5871559633027522,-10.0,10884.616592153054,0.0,10874.616592153054,0,,10117.301
2020-05-06 00:00:00+00:00,88.35,85.5,86.5867,49.154137,3.2435722,0.5871559633027522,-10.0,10579.00070902824,0.0,10569.00070902824,0,,9833.2295
2020-05-07 00:00:00+00:00,86.6,88.74,86.58895,48.20277,3.2178578,0.75,-10.0,10979.889040130221,0.0,10969.889040130221,0,,10205.856
2020-05-08 00:00:00+00:00,90.54,88.09,86.6036,48.978657,3.2692866,0.5871559633027522,-10.0,10899.463386425721,0.0,10889.463386425721,0,,10131.101
2020-05-11 00:00:00+00:00,89.07,90.64,86.6096,46.561787,3.4335725,0.5445544554455446,-10.0,11214.977902491932,0.0,11204.977902491932,0,,10424.373
2020-05-12 00:00:00+00:00,91.46,88.58,86.63315,62.216854,3.332144,0.5240963855421686,-10.0,10960.09228414976,0.0,10950.09228414976,0,,10187.455
2020-05-13 00:00:00+00:00,88.17,84.15,86.64545,54.7532,3.3964298,0.5871559633027522,-10.0,10411.96407080281,0.0,10401.96407080281,0,,9677.968
2020-05-14 00:00:00+00:00,83.01,84.03,86.63005,43.9139,3.588573,0.75,-10.0,10397.116181832795,0.0,10387.116181832795,0,,9664.167
2020-05-15 00:00:00+00:00,83.36,85.75,86.6066,40.3632,3.5121443,0.5445544554455446,-10.0,10609.934235926845,0.0,10599.934235926845,0,,9861.981
2020-05-18 00:00:00+00:00,88.03,89.2,86.5996,39.463776,3.5207155,0.5445544554455446,-10.0,11036.806419554872,0.0,11026.806419554872,0,,10258.762
2020-05-19 00:00:00+00:00,88.81,89.63,86.5871,49.367085,3.6214294,0.5445544554455446,-10.0,11090.010285797514,0.0,11080.010285797514,0,,10308.215
2020-05-20 00:00:00+00:00,90.0,92.73,86.58305,50.55112,3.5471437,0.5445544554455446,-10.0,11473.576789830076,0.0,11463.576789830076,0,,10664.741
2020-05-21 00:00:00+00:00,92.17,92.25,86.6032,55.276722,3.8107152,0.5240963855421686,-10.0,11414.185364201843,0.0,11404.185364201843,0,,10609.536
2020-05-22 00:00:00+00:00,92.16,93.14,86.6439,61.16394,3.6342862,0.5240963855421686,-10.0,11524.306308667268,0.0,11514.306308667268,0,,10711.894
2020-05-26 00:00:00+00:00,95.0,90.78,86.68035,62.380245,3.6192856,0.5445544554455446,-10.0,11232.300755818333,0.0,11222.300755818333,0,,10440.474
2020-05-27 00:00:00+00:00,90.96,93.33,86.6948,55.02683,3.6600003,0.5871559633027522,-10.0,11547.81474676859,0.0,11537.81474676859,0,,10733.745
2020-05-28 00:00:00+00:00,94.36,94.4,86.7242,63.967175,3.6128573,0.5240963855421686,-10.0,11680.207151758903,0.0,11670.207151758903,0,,10856.805
2020-05-29 00:00:00+00:00,94.7,95.34,86.7593,60.943542,3.5292854,0.5240963855421686,-10.0,11796.513421331449,0.0,11786.513421331449,0,,10964.912
2020-06-01 00:00:00+00:00,94.84,95.15,86.7897,63.862328,3.2921422,0.5240963855421686,-10.0,11773.005073478695,0.0,11763.005073478695,0,,10943.062
2020-06-02 00:00:00+00:00,94.85,98.66,86.83375,59.478775,3.096428,0.5445544554455446,-10.0,12207.301758576259,0.0,12197.301758576259,0,,11346.742
2020-06-03 00:00:00+00:00,99.08,99.49,86.8972,69.9683,3.1657138,0.5240963855421686,-10.0,12309.998355246944,0.0,12299.998355246944,0,,11442.199
2020-06-04 00:00:00+00:00,98.65,99.45,86.95795,85.44362,2.8807132,0.5240963855421686,-10.0,12305.049325628077,0.0,12295.049325628077,0,,11437.599
2020-06-05 00:00:00+00:00,99.57,98.97,87.01645,85.760666,2.8199992,0.5240963855421686,-10.0,12245.659175966612,0.0,12235.659175966612,0,,11382.3955
2020-06-08 00:00:00+00:00,97.99,102.3,87.0798,82.52954,2.8864276,0.5,-10.0,12657.683770642894,0.0,12647.683770642894,0,,11765.374
2020-06-09 00:00:00+00:00,101.0,99.9,87.1597,82.425766,2.9564273,0.5240963855421686,-10.0,12360.728841421693,0.0,12350.728841421693,0,,11489.354
2020-06-10 00:00:00+00:00,100.38,96.95,87.23145,73.16194,3.0178561,0.5240963855421686,-10.0,11995.721814896404,0.0,11985.721814896404,0,,11150.077
2020-06-11 00:00:00+00:00,95.79,93.51,87.2985,59.582184,2.8421419,0.5871559633027522,-10.0,11570.087595808249,0.0,11560.087595808249,0,,10754.448
2020-06-12 00:00:00+00:00,95.48,94.87,87.33655,52.522022,3.0064278,0.5871559633027522,-10.0,11738.361688119083,0.0,11728.361688119083,0,,10910.859
2020-06-15 00:00:00+00:00,93.44,96.21,87.4045,53.39883,3.1128561,0.5871559633027522,-10.0,11904.160326536421,0.0,11894.160326536421,0,,11064.97
2020-06-16 00:00:00+00:00,98.49,99.11,87.4805,61.11339,3.0557132,0.5871559633027522,-10.0,12262.980604113549,0.0,12252.980604113549,0,,11398.494
2020-06-17 00:00:00+00:00,99.52,100.15,87.5665,61.662636,3.0992846,0.5871559633027522,-10.0,12391.66093673573,0.0,12381.66093673573,0,,11518.103
2020-06-18 00:00:00+00:00,99.68,100.25,87.6559,61.61617,3.0064278,0.5871559633027522,-10.0,12404.03397312104,0.0,12394.03397312104,0,,11529.6045
2020-06-19 00:00:00+00:00,101.74,102.15,87.73695,60.267685,3.013571,0.5871559633027522,-10.0,12639.122767978379,0.0,12629.122767978379,0,,11748.121
2020-06-22 00:00:00+00:00,101.79,101.73,87.8218,63.661205,3.1628566,0.5445544554455446,-10.0,12587.155902459217,0.0,12577.155902459217,0,,11699.817
2020-06-23 00:00:00+00:00,102.27,101.5,87.90025,56.81314,2.9907138,0.5871559633027522,-10.0,12558.697307320901,0.0,12548.697307320901,0,,11673.364
2020-06-24 00:00:00+00:00,100.74,98.84,87.97615,54.582767,3.034286,0.5871559633027522,-10.0,12229.572649607395,0.0,12219.572649607395,0,,11367.441
2020-06-25 00:00:00+00:00,98.54,100.67,88.0347,48.757637,3.1564288,0.5871559633027522,-10.0,12456.000159025938,0.0,12446.000159025938,0,,11577.906
2020-06-26 00:00:00+00:00,100.47,99.18,88.10865,53.281845,3.0635715,0.5871559633027522,-10.0,12271.641554148426,0.0,12261.641554148426,0,,11406.545
2020-06-29 00:00:00+00:00,99.61,98.99,88.1656,43.516205,2.8864288,0.75,-10.0,12248.132121403929,0.0,12238.132121403929,0,,11384.692
2020-06-30 00:00:00+00:00,98.7,100.77,88.23735,47.917614,2.846429,0.5871559633027522,-10.0,12468.373727320512,0.0,12458.373727320512,0,,11589.408
2020-07-01 00:00:00+00:00,100.95,99.45,88.3241,59.235977,2.7735715,0.5871559633027522,-10.0,12305.048829498844,0.0,12295.048829498844,0,,11437.598
2020-07-02 00:00:00+00:00,100.2,100.09,88.4024,66.00214,2.6278577,0.5871559633027522,-10.0,12384.236670438804,0.0,12374.236670438804,0,,11511.203
2020-07-06 00:00:00+00:00,100.91,100.72,88.486946,64.63002,2.5671442,0.5445544554455446,-10.0,12462.187634464759,0.0,12452.187634464759,0,,11583.658
2020-07-07 00:00:00+00:00,99.91,98.3,88.57555,63.164036,2.4200008,0.5240963855421686,-10.0,12162.758777580604,0.0,12152.758777580604,0,,11305.338
2020-07-08 00:00:00+00:00,98.35,97.21,88.6439,47.567577,2.3842866,0.5871559633027522,-10.0,12027.89141763321,0.0,12017.89141763321,0,,11179.979
2020-07-09 00:00:00+00:00,97.21,96.39,88.70435,41.197605,2.4557152,0.5445544554455446,-10.0,11926.431720791594,0.0,11916.431720791594,0,,11085.671
2020-07-10 00:00:00+00:00,95.98,97.05,88.76705,38.920788,2.4857144,0.5240963855421686,-10.0,12008.095128070912,0.0,11998.095128070912,0,,11161.578
2020-07-13 00:00:00+00:00,97.28,97.27,88.8388,34.239822,2.412857,0.5,-10.0,12035.314653510684,0.0,12025.314653510684,0,,11186.879
2020-07-14 00:00:00+00:00,96.85,99.33,88.909,36.045044,2.3957138,0.5445544554455446,-10.0,12290.201502447253,0.0,12280.201502447253,0,,11423.798
2020-07-15 00:00:00+00:00,100.43,101.9,88.99565,43.907925,2.4435709,0.5445544554455446,-10.0,12608.189614931785,0.0,12598.189614931785,0,,11719.369
2020-07-16 00:00:00+00:00,101.82,102.74,89.10045,58.634323,2.437142,0.5240963855421686,-10.0,12712.122986460474,0.0,12702.122986460474,0,,11815.975
2020-07-17 00:00:00+00:00,103.31,104.45,89.2025,56.18649,2.428571,0.5240963855421686,-10.0,12923.703574249248,0.0,12913.703574249248,0,,12012.641
2020-07-20 00:00:00+00:00,104.4,102.19,89.31415,65.54571,2.3992856,0.5240963855421686,-10.0,12644.072338978258,0.0,12634.072338978258,0,,11752.723
2020-07-21 00:00:00+00:00,102.27,104.15,89.4202,58.412212,2.470714,0.5445544554455446,-10.0,12886.584890623923,0.0,12876.584890623923,0,,11978.139
2020-07-22 00:00:00+00:00,103.85,103.81,89.53425,58.802097,2.4299998,0.5445544554455446,-10.0,12844.516036383775,0.0,12834.516036383775,0,,11939.036
2020-07-23 00:00:00+00:00,103.76,104.03,89.64405,61.964874,2.3828566,0.5871559633027522,-10.0,12871.737454537399,0.0,12861.737454537399,0,,11964.338
2020-07-24 00:00:00+00:00,104.42,103.76,89.7549,61.06742,2.3207135,0.5871559633027522,-10.0,12838.330597047878,0.0,12828.330597047878,0,,11933.286
2020-07-27 00:00:00+00:00,103.38,104.0,89.87285,58.715603,2.314999,0.565984692381144,-10.0,12868.025884820834,0.0,12858.025884820834,0,,11960.888
2020-07-28 00:00:00+00:00,104.0,102.11,89.991,68.67628,2.2449994,0.5871559633027522,-10.0,12634.173982089978,0.0,12624.173982089978,0,,11743.521
2020-07-29 00:00:00+00:00,102.6,103.31,90.09745,65.25531,2.2271423,0.5871559633027522,-10.0,12782.650913384941,0.0,12772.650913384941,0,,11881.531
2020-07-30 00:00:00+00:00,102.17,102.17,90.2042,71.04624,2.2278569,0.5445544554455446,-10.0,12641.597848985175,0.0,12631.597848985175,0,,11750.422
2020-07-31 00:00:00+00:00,102.01,100.19,90.30715,65.13003,2.2349994,0.5871559633027522,-10.0,12396.610800273751,0.0,12386.610800273751,0,,11522.705
2020-08-03 00:00:00+00:00,100.81,104.48,90.3921,57.81587,2.356428,0.5445544554455446,-10.0,12927.417131519594,0.0,12917.417131519594,0,,12016.093
2020-08-04 00:00:00+00:00,104.0,104.7,90.48425,62.314697,2.502856,0.5871559633027522,-10.0,12954.63701934771,0.0,12944.63701934771,0,,12041.394
2020-08-05 00:00:00+00:00,104.0,103.5,90.56025,57.543102,2.4185703,0.5871559633027522,-10.0,12806.159810863695,0.0,12796.159810863695,0,,11903.384
2020-08-06 00:00:00+00:00,103.71,101.61,90.62955,52.008465,2.4942844,0.5445544554455446,-10.0,12572.308619067924,0.0,12562.308619067924,0,,11686.018
2020-08-07 00:00:00+00:00,101.25,102.1,90.7043,42.565445,2.5314271,0.5871559633027522,-10.0,12632.936985605871,0.0,12622.936985605871,0,,11742.371
2020-08-10 00:00:00+00:00,102.26,103.04,90.7845,49.740322,2.4228554,0.5871559633027522,-10.0,12749.24404827173,0.0,12739.24404827173,0,,11850.4795
2020-08-11 00:00:00+00:00,103.45,101.38,90.87145,46.597176,2.424998,0.5871559633027522,-10.0,12543.849888905172,0.0,12533.849888905172,0,,11659.565
2020-08-12 00:00:00+00:00,101.85,103.55,90.94845,43.10833,2.5078557,0.5445544554455446,-10.0,12812.346279105115,0.0,12802.346279105115,0,,11909.133
2020-08-13 00:00:00+00:00,103.11,102.73,91.032196,48.77427,2.609284,0.5871559633027522,-10.0,12710.886663302168,0.0,12700.886663302168,0,,11814.825
2020-08-14 00:00:00+00:00,101.94,103.75,91.1089,47.44163,2.6614277,0.5871559633027522,-10.0,12837.092316276587,0.0,12827.092316276587,0,,11932.135
2020-08-17 00:00:00+00:00,104.21,103.42,91.1833,49.4022,2.719999,0.5871559633027522,-10.0,12796.260834201981,0.0,12786.260834201981,0,,11894.182
2020-08-18 00:00:00+00:00,104.0,102.84,91.27115,53.38501,2.6178563,0.5445544554455446,-10.0,12724.496831050918,0.0,12714.496831050918,0,,11827.478
2020-08-19 00:00:00+00:00,102.5,101.71,91.35845,48.745323,2.5792851,0.5445544554455446,-10.0,12584.680855783403,0.0,12574.680855783403,0,,11697.518
2020-08-20 00:00:00+00:00,101.72,99.04,91.43265,48.77137,2.5207143,0.5240963855421686,-10.0,12254.319421412878,0.0,12244.319421412878,0,,11390.445
2020-08-21 00:00:00+00:00,99.0,98.15,91.49035,47.037605,2.4978573,0.5871559633027522,-10.0,12144.199231433213,0.0,12134.199231433213,0,,11288.089
2020-08-24 00:00:00+00:00,99.31,97.57,91.55045,30.231092,2.2978575,0.5445544554455446,-10.0,12072.435227190628,0.0,12062.435227190628,0,,11221.384
2020-08-25 00:00:00+00:00,97.93,98.28,91.614746,28.22237,2.355715,0.5240963855421686,-10.0,12160.283603361999,0.0,12150.283603361999,0,,11303.04
2020-08-26 00:00:00+00:00,97.92,97.66,91.68575,33.56423,2.207144,0.5240963855421686,-10.0,12083.571227720377,0.0,12073.571227720377,0,,11231.734
2020-08-27 00:00:00+00:00,97.72,98.13,91.7437,36.481873,2.1435726,0.5445544554455446,-10.0,12141.724601204309,0.0,12131.724601204309,0,,11285.789
2020-08-28 00:00:00+00:00,98.0,97.55,91.81415,36.394783,2.2128584,0.5445544554455446,-10.0,12069.961469992311,0.0,12059.961469992311,0,,11219.084
2020-08-31 00:00:00+00:00,96.97,97.03,91.8742,30.709759,2.1578586,0.5445544554455446,-10.0,12005.621065473122,0.0,11995.621065473122,0,,11159.279
2020-09-01 00:00:00+00:00,97.45,94.3,91.9289,33.384254,2.024287,0.5445544554455446,-10.0,11667.8357409662,0.0,11657.8357409662,0,,10845.306
2020-09-02 00:00:00+00:00,94.35,98.29,91.96975,16.117163,2.1571443,0.5871559633027522,-10.0,12161.522728651324,0.0,12151.522728651324,0,,11304.19
2020-09-03 00:00:00+00:00,98.77,97.58,92.0247,36.801403,2.3207152,0.5240963855421686,-10.0,12073.67412853285,0.0,12063.67412853285,0,,11222.534
2020-09-04 00:00:00+00:00,97.5,96.6,92.07375,31.314337,2.3742862,0.5871559633027522,-10.0,11952.417197568431,0.0,11942.417197568431,0,,11109.825
2020-09-08 00:00:00+00:00,96.51,95.36,92.1177,30.128183,2.445001,0.625,-10.0,11798.991228966064,0.0,11788.991228966064,0,,10967.215
2020-09-09 00:00:00+00:00,95.83,96.2,92.15675,29.012331,2.433572,0.625,-10.0,11902.9253809591,0.0,11892.9253809591,0,,11063.822
2020-09-10 00:00:00+00:00,96.41,94.27,92.1962,34.284058,2.48,0.625,-10.0,11664.124285658043,0.0,11654.124285658043,0,,10841.856
2020-09-11 00:00:00+00:00,94.85,94.08,92.21625,35.795086,2.4357142,0.6111111111111112,-10.0,11640.616271308645,0.0,11630.616271308645,0,,10820.005
2020-09-14 00:00:00+00:00,94.5,94.6,92.23345,37.35237,2.4492857,0.625,-10.0,11704.955572110306,0.0,11694.955572110306,0,,10879.809
2020-09-15 00:00:00+00:00,94.88,94.9,92.2672,40.7361,2.4057143,0.625,-10.0,11742.075787178748,0.0,11732.075787178748,0,,10914.3125
2020-09-16 00:00:00+00:00,95.61,96.79,92.29915,39.180527,2.4407141,0.625,-10.0,11975.927445449706,0.0,11965.927445449706,0,,11131.679
2020-09-17 00:00:00+00:00,95.67,96.81,92.34355,47.4245,2.5185711,0.625,-10.0,11978.401548693411,0.0,11968.401548693411,0,,11133.979
2020-09-18 00:00:00+00:00,96.62,96.83,92.38845,45.985397,2.4907138,0.625,-10.0,11980.876163061359,0.0,11970.876163061359,0,,11136.279
2020-09-21 00:00:00+00:00,95.73,95.82,92.43545,47.73299,2.4971423,0.625,-10.0,11855.907314428581,0.0,11845.907314428581,0,,11020.12
2020-09-22 00:00:00+00:00,95.69,95.26,92.47275,46.304214,2.628571,0.6353822474607272,-10.0,11786.617894295525,0.0,11776.617894295525,0,,10955.715
2020-09-23 00:00:00+00:00,95.62,94.14,92.50995,53.38028,2.3957138,0.5232558139534884,-10.0,11648.038924296017,0.0,11638.038924296017,0,,10826.906
2020-09-24 00:00:00+00:00,94.19,94.66,92.53945,31.685774,2.2142851,0.625,-10.0,11712.378983051436,0.0,11702.378983051436,0,,10886.711
2020-09-25 00:00:00+00:00,94.2,96.8,92.5808,36.89408,2.2528572,0.6082669936177225,-10.0,11977.163162677283,0.0,11967.163162677283,0,,11132.829
2020-09-28 00:00:00+00:00,97.75,97.58,92.631,50.813026,2.302857,0.5869565217391305,-10.0,12073.673139877077,0.0,12063.673139877077,0,,11222.535
2020-09-29 00:00:00+00:00,97.47,96.16,92.6856,59.375008,2.3135715,0.5232558139534884,-10.0,11897.975643041955,0.0,11887.975643041955,0,,11059.224
2020-09-30 00:00:00+00:00,96.18,96.92,92.73245,49.838997,2.2871432,0.6111111111111112,-10.0,11992.01077821075,0.0,11982.01077821075,0,,11146.63
2020-10-01 00:00:00+00:00,97.32,95.36,92.7928,61.777794,2.2600005,0.5232558139534884,-10.0,11798.99099575347,0.0,11788.99099575347,0,,10967.218
2020-10-02 00:00:00+00:00,94.05,95.38,92.8398,55.071312,2.3199997,0.6111111111111112,-10.0,11801.46511603201,0.0,11791.46511603201,0,,10969.518
2020-10-05 00:00:00+00:00,95.77,96.39,92.90095,53.21782,2.3314285,0.5232558139534884,-10.0,11926.433685881979,0.0,11916.433685881979,0,,11085.676
2020-10-06 00:00:00+00:00,97.15,95.63,92.96515,55.806698,2.3642857,0.5869565217391305,-10.0,11832.397558119808,0.0,11822.397558119808,0,,10998.27
2020-10-07 00:00:00+00:00,96.02,95.59,93.0243,45.042717,2.307143,0.6111111111111112,-10.0,11827.448002361398,0.0,11817.448002361398,0,,10993.669
2020-10-08 00:00:00+00:00,96.1,98.49,93.0739,44.795216,2.2100003,0.625,-10.0,12186.268288690782,0.0,12176.268288690782,0,,11327.194
2020-10-09 00:00:00+00:00,98.9,96.86,93.13835,55.684917,2.3514295,0.6111111111111112,-10.0,11984.586946607198,0.0,11974.586946607198,0,,11139.73
2020-10-12 00:00:00+00:00,97.38,96.86,93.19555,53.41656,2.323572,0.625,-10.0,11984.586946607198,0.0,11974.586946607198,0,,11139.73
2020-10-13 00:00:00+00:00,96.18,97.27,93.2546,55.457024,2.3114293,0.625,-10.0,12035.316306388955,0.0,12025.316306388955,0,,11186.884
2020-10-14 00:00:00+00:00,97.04,98.44,93.3164,61.218636,2.312144,0.625,-10.0,12180.082575828088,0.0,12170.082575828088,0,,11321.444
2020-10-15 00:00:00+00:00,97.89,99.35,93.390396,62.94521,2.192858,0.625,-10.0,12292.677738628063,0.0,12282.677738628063,0,,11426.102
2020-10-16 00:00:00+00:00,99.6,99.52,93.46205,59.536266,2.2278578,0.5232558139534884,-10.0,12313.712110035127,0.0,12303.712110035127,0,,11445.653
2020-10-19 00:00:00+00:00,99.53,97.8,93.53425,57.601868,2.2092862,0.5869565217391305,-10.0,12100.89541567334,0.0,12090.89541567334,0,,11247.839
2020-10-20 00:00:00+00:00,98.17,97.99,93.6032,56.27872,2.343572,0.625,-10.0,12124.40303358728,0.0,12114.40303358728,0,,11269.688
2020-10-21 00:00:00+00:00,97.75,97.73,93.66695,54.283432,2.303572,0.625,-10.0,12092.233345777327,0.0,12082.233345777327,0,,11239.786
2020-10-22 00:00:00+00:00,97.9,98.72,93.73245,60.589844,2.2742865,0.625,-10.0,12214.72680604997,0.0,12204.72680604997,0,,11353.645
2020-10-23 00:00:00+00:00,99.3,99.38,93.7988,63.73359,2.2107146,0.625,-10.0,12296.38830563809,0.0,12286.38830563809,0,,11429.55
2020-10-26 00:00:00+00:00,98.57,98.37,93.8624,62.658783,2.1357143,0.625,-10.0,12171.420731492228,0.0,12161.420731492228,0,,11313.392
2020-10-27 00:00:00+00:00,98.55,97.65,93.91905,61.35992,2.1392856,0.625,-10.0,12082.334072359641,0.0,12072.334072359641,0,,11230.586
2020-10-28 00:00:00+00:00,96.22,95.7,93.97655,58.084812,2.2321422,0.5869565217391305,-10.0,11841.057785265128,0.0,11831.057785265128,0,,11006.318
2020-10-29 00:00:00+00:00,95.01,94.59,94.0109,38.167904,2.134285,0.625,-10.0,11703.716128596723,0.0,11693.716128596723,0,,10878.658
2020-10-30 00:00:00+00:00,94.08,96.07,94.027,39.928974,2.2085707,0.6111111111111112,-10.0,11886.83782760931,0.0,11876.83782760931,0,,11048.871
2020-11-02 00:00:00+00:00,97.36,98.94,94.05005,46.90195,2.301428,0.6111111111111112,-10.0,12241.94624765642,0.0,12231.94624765642,0,,11378.946
2020-11-03 00:00:00+00:00,100.14,102.15,94.08945,55.489834,2.4407136,0.5869565217391305,-10.0,12639.122495350426,0.0,12629.122495350426,0,,11748.123
2020-11-04 00:00:00+00:00,103.0,104.99,94.14395,60.753635,2.5678563,0.5869565217391305,-10.0,12990.518272410292,0.0,12980.518272410292,0,,12074.747
2020-11-05 00:00:00+00:00,106.1,105.42,94.20875,64.70283,2.7007136,0.625,-10.0,13043.72319464354,0.0,13033.72319464354,0,,12124.201
2020-11-06 00:00:00+00:00,105.26,103.95,94.28005,65.17492,2.979285,0.6111111111111112,-10.0,12861.838797210088,0.0,12851.838797210088,0,,11955.139
2020-11-09 00:00:00+00:00,108.42,106.26,94.3552,66.023964,2.9171426,0.625,-10.0,13147.658186737304,0.0,13137.658186737304,0,,12220.81
2020-11-10 00:00:00+00:00,106.95,110.08,94.4489,69.404045,3.2100003,0.5232558139534884,-10.0,13620.311079374535,0.0,13610.311079374535,0,,12660.143
2020-11-11 00:00:00+00:00,110.41,107.33,94.55375,74.82911,3.371429,0.5232558139534884,-10.0,13280.050424599993,0.0,13270.050424599993,0,,12343.868
2020-11-12 00:00:00+00:00,106.71,106.1,94.6411,66.16598,3.5507147,0.625,-10.0,13127.860963906003,0.0,13117.860963906003,0,,12202.407
2020-11-13 00:00:00+00:00,106.28,108.12,94.7272,62.35294,3.6364293,0.6356285160369917,-10.0,13377.798071328772,0.0,13367.798071328772,0,,12434.725
2020-11-16 00:00:00+00:00,109.08,109.01,94.84,67.28109,3.6807153,0.625,-10.0,13487.91928719932,0.0,13477.91928719932,0,,12537.082
2020-11-17 00:00:00+00:00,106.0,104.89,94.95655,70.014084,3.723573,0.625,-10.0,12978.147299950648,0.0,12968.147299950648,0,,12063.247
2020-11-18 00:00:00+00:00,105.63,103.44,95.04055,65.04091,3.9150014,0.6666666666666666,-10.0,12798.737572676293,0.0,12788.737572676293,0,,11896.485
2020-11-19 00:00:00+00:00,102.65,101.9,95.10055,64.32503,3.9792874,0.6666666666666666,-10.0,12608.19163974616,0.0,12598.19163974616,0,,11719.372
2020-11-20 00:00:00+00:00,101.44,100.46,95.14765,59.418415,4.02143,0.6666666666666666,-10.0,12430.018399353705,0.0,12420.018399353705,0,,11553.76
2020-11-23 00:00:00+00:00,101.28,100.48,95.19025,52.57452,3.8964298,0.6618406784929486,-10.0,12432.492961370062,0.0,12422.492961370062,0,,11556.06
2020-11-24 00:00:00+00:00,101.0,103.1,95.22465,46.828716,3.7328584,0.6543444786427984,-10.0,12756.667319968466,0.0,12746.667319968466,0,,11857.381
2020-11-25 00:00:00+00:00,103.39,103.11,95.2673,46.3807,3.6092873,0.6666666666666666,-10.0,12757.905180552541,0.0,12747.905180552541,0,,11858.531
2020-11-27 00:00:00+00:00,103.29,103.2,95.30395,45.504093,3.3835733,0.6518991990038756,-10.0,12769.04092342335,0.0,12759.04092342335,0,,11868.882
2020-11-30 00:00:00+00:00,103.72,103.11,95.34735,48.457424,3.2835727,0.6666666666666666,-10.0,12757.90535493865,0.0,12747.90535493865,0,,11858.531
2020-12-01 00:00:00+00:00,103.85,102.19,95.3911,42.870075,3.0228577,0.625,-10.0,12644.072723701885,0.0,12634.072723701885,0,,11752.724
2020-12-02 00:00:00+00:00,102.55,103.12,95.4305,29.442423,2.8650005,0.625,-10.0,12759.14232760671,0.0,12749.14232760671,0,,11859.682
2020-12-03 00:00:00+00:00,102.74,101.5,95.47045,37.88141,2.6757152,0.625,-10.0,12558.697770833844,0.0,12548.697770833844,0,,11673.367
2020-12-04 00:00:00+00:00,101.71,102.98,95.4953,37.049557,2.6664298,0.5232558139534884,-10.0,12741.820195345166,0.0,12731.820195345166,0,,11843.58
2020-12-07 00:00:00+00:00,103.0,99.49,95.5252,35.075497,2.6414294,0.5232558139534884,-10.0,12309.998276243108,0.0,12299.998276243108,0,,11442.2
2020-12-08 00:00:00+00:00,99.02,100.43,95.548,25.983852,2.7392867,0.625,-10.0,12426.305240805072,0.0,12416.305240805072,0,,11550.308
2020-12-09 00:00:00+00:00,100.48,101.11,95.5855,36.598568,2.5907147,0.625,-10.0,12510.441880050492,0.0,12500.441880050492,0,,11628.512
2020-12-10 00:00:00+00:00,100.49,99.37,95.6225,42.659103,2.3835716,0.5232558139534884,-10.0,12295.150513549373,0.0,12285.150513549373,0,,11428.397
2020-12-11 00:00:00+00:00,98.85,98.06,95.6864,42.128197,2.3292859,0.625,-10.0,12133.062106868265,0.0,12123.062106868265,0,,11277.736
2020-12-14 00:00:00+00:00,99.07,97.12,95.7551,42.471767,2.303571,0.625,-10.0,12016.755580604486,0.0,12006.755580604486,0,,11169.629
2020-12-15 00:00:00+00:00,97.56,99.03,95.8049,40.035587,2.3192859,0.6279512925001393,-10.0,12253.080870616734,0.0,12243.080870616734,0,,11389.295
2020-12-16 00:00:00+00:00,99.11,98.37,95.8707,37.399384,2.2285707,0.625,-10.0,12171.418574293724,0.0,12161.418574293724,0,,11313.39
2020-12-17 00:00:00+00:00,98.91,98.74,95.91065,35.89286,2.1321416,0.625,-10.0,12217.198827567701,0.0,12207.198827567701,0,,11355.942
2020-12-18 00:00:00+00:00,98.76,98.61,95.9695,36.94379,2.157856,0.625,-10.0,12201.114306291745,0.0,12191.114306291745,0,,11340.991
2020-12-21 00:00:00+00:00,97.32,97.67,96.0335,36.85747,2.1785703,0.625,-10.0,12084.807047096243,0.0,12074.807047096243,0,,11232.883
2020-12-22 00:00:00+00:00,97.62,96.72,96.1055,36.814457,2.199999,0.625,-10.0,11967.263156740393,0.0,11957.263156740393,0,,11123.625
2020-12-23 00:00:00+00:00,97.04,97.24,96.15875,31.351973,2.225713,0.625,-10.0,12031.603219879473,0.0,12021.603219879473,0,,11183.43
2020-12-24 00:00:00+00:00,97.33,96.97,96.220146,36.73722,2.1671414,0.6111111111111112,-10.0,11998.195996392878,0.0,11988.195996392878,0,,11152.378
2020-12-28 00:00:00+00:00,97.71,96.8,96.30255,29.76428,2.089999,0.6395982352211903,-10.0,11977.162057231226,0.0,11967.162057231226,0,,11132.827
2020-12-29 00:00:00+00:00,97.64,97.12,96.33655,38.334778,1.9235698,0.6666666666666666,-10.0,12016.756073426652,0.0,12006.756073426652,0,,11169.629
2020-12-30 00:00:00+00:00,97.21,96.96,96.41965,34.830406,1.8749989,0.625,-10.0,11996.958799679356,0.0,11986.958799679356,0,,11151.228
2020-12-31 00:00:00+00:00,96.75,97.76,96.45695,30.028822,1.8535701,0.625,-10.0,12095.943697936875,0.0,12085.943697936875,0,,11243.235
2021-01-04 00:00:00+00:00,97.85,96.5,96.5209,41.48146,1.825713,0.6275224280711589,-10.0,11940.042350692447,0.0,11930.042350692447,0,,11098.324
2021-01-05 00:00:00+00:00,96.73,97.76,96.5734,41.70212,1.902856,0.6330853129149395,-10.0,12095.943405870057,0.0,12085.943405870057,0,,11243.235
2021-01-06 00:00:00+00:00,100.16,106.17,96.65915,53.292183,2.046427,0.6111111111111112,-10.0,13136.520003926911,0.0,13126.520003926911,0,,12210.456
2021-01-07 00:00:00+00:00,106.55,110.13,96.82035,72.00988,2.5585704,0.5232558139534884,-10.0,13626.494851351974,0.0,13616.494851351974,0,,12665.891
2021-01-08 00:00:00+00:00,110.07,110.03,96.97175,80.122955,2.7814276,0.5232558139534884,-10.0,13614.121760216622,0.0,13604.121760216622,0,,12654.389
2021-01-11 00:00:00+00:00,109.17,107.35,97.14515,79.32469,2.8749995,0.5232558139534884,-10.0,13282.522312581197,0.0,13272.522312581197,0,,12346.166
2021-01-12 00:00:00+00:00,107.49,106.52,97.2611,70.04587,3.0214283,0.5232558139534884,-10.0,13179.825360546896,0.0,13169.825360546896,0,,12250.71
2021-01-13 00:00:00+00:00,106.32,105.62,97.384796,70.40111,2.9342847,0.5232558139534884,-10.0,13068.467993239457,0.0,13058.467993239457,0,,12147.202
2021-01-14 00:00:00+00:00,105.68,105.64,97.4724,70.56378,2.8771417,0.625,-10.0,13070.941911102023,0.0,13060.941911102023,0,,12149.502
2021-01-15 00:00:00+00:00,105.6,106.8,97.5581,69.86756,2.869999,0.625,-10.0,13214.470333488352,0.0,13204.470333488352,0,,12282.913
2021-01-19 00:00:00+00:00,107.49,103.5,97.66095,72.31049,3.002856,0.6601152262930841,-10.0,12806.157357608463,0.0,12796.157357608463,0,,11903.384
2021-01-20 00:00:00+00:00,103.19,103.79,97.759,63.314777,3.2042851,0.625,-10.0,12842.038867691332,0.0,12832.038867691332,0,,11936.736
2021-01-21 00:00:00+00:00,103.67,104.91,97.87125,63.270985,3.1814282,0.6666131007246338,-10.0,12980.618122125577,0.0,12970.618122125577,0,,12065.547
2021-01-22 00:00:00+00:00,104.66,107.76,97.96435,65.235725,3.2899997,0.625,-10.0,13333.251257608688,0.0,13323.251257608688,0,,12393.32
2021-01-25 00:00:00+00:00,107.09,106.87,98.06715,67.7683,3.4449997,0.625,-10.0,13223.130367437723,0.0,13213.130367437723,0,,12290.963
2021-01-26 00:00:00+00:00,107.67,108.84,98.15985,68.671234,3.365,0.6666666666666666,-10.0,13466.879878080923,0.0,13456.879878080923,0,,12517.529
2021-01-27 00:00:00+00:00,107.91,106.84,98.265,69.45225,3.2764287,0.625,-10.0,13219.418209560148,0.0,13209.418209560148,0,,12287.513
2021-01-28 00:00:00+00:00,107.38,106.9,98.37195,51.517895,2.8307147,0.6666666666666666,-10.0,13226.842168241403,0.0,13216.842168241403,0,,12294.414
2021-01-29 00:00:00+00:00,106.81,104.2,98.45935,41.111732,2.7314289,0.5232558139534884,-10.0,12892.767987622534,0.0,12882.767987622534,0,,11983.891
2021-02-01 00:00:00+00:00,104.86,106.89,98.5387,35.965332,2.794286,0.625,-10.0,13225.60414468978,0.0,13215.60414468978,0,,12293.264
2021-02-02 00:00:00+00:00,108.1,105.62,98.64175,48.89317,2.7078574,0.625,-10.0,13068.466093431103,0.0,13058.466093431103,0,,12147.202
2021-02-03 00:00:00+00:00,105.18,105.53,98.7239,47.879375,2.9107149,0.6666666666666666,-10.0,13057.329569961548,0.0,13047.329569961548,0,,12136.852
2021-02-04 00:00:00+00:00,106.14,111.92,98.80345,49.77951,3.0221438,0.625,-10.0,13847.97077691209,0.0,13837.97077691209,0,,12871.757
2021-02-05 00:00:00+00:00,112.2,109.69,98.9352,61.72516,3.4535718,0.5232558139534884,-10.0,13572.051633760493,0.0,13562.051633760493,0,,12615.288
2021-02-08 00:00:00+00:00,109.7,108.49,99.05115,55.188507,3.5171432,0.625,-10.0,13423.573989974799,0.0,13413.573989974799,0,,12477.277
2021-02-09 00:00:00+00:00,108.13,107.43,99.1573,59.689312,3.379286,0.5232558139534884,-10.0,13292.41959153285,0.0,13282.41959153285,0,,12355.369
2021-02-10 00:00:00+00:00,108.25,106.27,99.25095,56.862743,3.4485714,0.5232558139534884,-10.0,13148.891513720433,0.0,13138.891513720433,0,,12221.96
2021-02-11 00:00:00+00:00,106.63,104.53,99.3284,52.560226,3.4149997,0.5232558139534884,-10.0,12933.599507059793,0.0,12923.599507059793,0,,12021.845
2021-02-12 00:00:00+00:00,103.75,105.18,99.4034,43.654217,3.3035715,0.625,-10.0,13014.024692154479,0.0,13004.024692154479,0,,12096.601
2021-02-16 00:00:00+00:00,105.62,103.37,99.4826,46.64815,3.3092854,0.5869565217391305,-10.0,12790.07185653972,0.0,12780.07185653972,0,,11888.435
2021-02-17 00:00:00+00:00,102.71,105.31,99.55115,39.081852,3.2942853,0.625,-10.0,13030.109224192449,0.0,13020.109224192449,0,,12111.551
2021-02-18 00:00:00+00:00,104.72,105.26,99.6458,46.938778,3.2849994,0.5232558139534884,-10.0,13023.923166865017,0.0,13013.923166865017,0,,12105.801
2021-02-19 00:00:00+00:00,105.61,105.87,99.74,46.717373,3.1842854,0.5232558139534884,-10.0,13099.398380024437,0.0,13089.398380024437,0,,12175.956
2021-02-22 00:00:00+00:00,105.28,106.12,99.8295,53.647896,3.005714,0.625,-10.0,13130.331519647829,0.0,13120.331519647829,0,,12204.708
2021-02-23 00:00:00+00:00,106.76,106.47,99.9326,48.117367,2.9621425,0.5869565217391305,-10.0,13173.637498679642,0.0,13163.637498679642,0,,12244.961
2021-02-24 00:00:00+00:00,106.13,105.2,100.02125,52.176136,2.8935711,0.5232558139534884,-10.0,13016.498921149958,0.0,13006.498921149958,0,,12098.9
2021-02-25 00:00:00+00:00,105.86,102.85,100.1068,49.203278,2.8914282,0.625,-10.0,12725.731287254508,0.0,12715.731287254508,0,,11828.63
2021-02-26 00:00:00+00:00,102.96,101.22,100.16785,22.795427,2.6721425,0.625,-10.0,12524.050347343613,0.0,12514.050347343613,0,,11641.166
2021-03-01 00:00:00+00:00,101.92,103.17,100.23105,23.64653,2.5607142,0.5232558139534884,-10.0,12765.325381346014,0.0,12755.325381346014,0,,11865.433
2021-03-02 00:00:00+00:00,103.22,104.25,100.32615,34.18548,2.5549998,0.5869565217391305,-10.0,12898.954407486244,0.0,12888.954407486244,0,,11989.642
2021-03-03 00:00:00+00:00,104.13,103.34,100.42725,40.55819,2.4935718,0.5869565217391305,-10.0,12786.358910472798,0.0,12776.358910472798,0,,11884.982
2021-03-04 00:00:00+00:00,102.7,102.99,100.5152,41.169373,2.4514291,0.625,-10.0,12743.05336526131,0.0,12733.05336526131,0,,11844.73
2021-03-05 00:00:00+00:00,103.73,104.83,100.58415,44.934204,2.4871433,0.5232558139534884,-10.0,12970.719434274395,0.0,12960.719434274395,0,,12056.347
2021-03-08 00:00:00+00:00,105.59,107.51,100.66015,48.93228,2.6135724,0.6111111111111112,-10.0,13302.317788494398,0.0,13292.317788494398,0,,12364.57
2021-03-09 00:00:00+00:00,107.79,110.13,100.73405,61.99305,2.7414296,0.5232558139534884,-10.0,13626.49308947212,0.0,13616.49308947212,0,,12665.893
2021-03-10 00:00:00+00:00,110.0,111.83,100.82345,63.43367,2.785001,0.5232558139534884,-10.0,13836.835611576224,0.0,13826.835611576224,0,,12861.407
2021-03-11 00:00:00+00:00,110.68,109.86,100.9169,66.76875,2.958572,0.625,-10.0,13593.085451160447,0.0,13583.085451160447,0,,12634.84
2021-03-12 00:00:00+00:00,110.77,112.92,101.0123,59.522667,3.1007152,0.5232558139534884,-10.0,13971.701926613823,0.0,13961.701926613823,0,,12986.766
2021-03-15 00:00:00+00:00,113.14,113.86,101.11025,64.30975,3.1692865,0.5232558139534884,-10.0,14088.009413772284,0.0,14078.009413772284,0,,13094.875
2021-03-16 00:00:00+00:00,113.62,112.86,101.20755,65.17453,3.0614297,0.625,-10.0,13964.278027878501,0.0,13954.278027878501,0,,12979.866
2021-03-17 00:00:00+00:00,113.5,114.0,101.29515,65.90532,3.0178583,0.6581391259116317,-10.0,14105.330651881939,0.0,14095.330651881939,0,,13110.975
2021-03-18 00:00:00+00:00,113.71,115.63,101.3894,74.376915,2.850001,0.625,-10.0,14307.011499174841,0.0,14297.011499174841,0,,13298.438
2021-03-19 00:00:00+00:00,115.35,115.92,101.47425,81.50414,2.9021437,0.6111111111111112,-10.0,14342.894116997863,0.0,14332.894116997863,0,,13331.792
2021-03-22 00:00:00+00:00,115.87,116.35,101.5564,80.056564,2.8628583,0.625,-10.0,14396.098157076814,0.0,14386.098157076814,0,,13381.246
2021-03-23 00:00:00+00:00,116.0,113.77,101.6409,79.426056,2.8985722,0.625,-10.0,14076.872201293409,0.0,14066.872201293409,0,,13084.523
2021-03-24 00:00:00+00:00,113.66,115.37,101.7149,73.45929,3.0092862,0.625,-10.0,14274.841976994358,0.0,14264.841976994358,0,,13268.537
2021-03-25 00:00:00+00:00,115.38,117.34,101.78025,76.36286,3.039286,0.5232558139534884,-10.0,14518.590890990898,0.0,14508.590890990898,0,,13495.104
2021-03-26 00:00:00+00:00,118.0,118.73,101.86745,76.493,3.0335715,0.625,-10.0,14690.577339210751,0.0,14680.577339210751,0,,13654.965
2021-03-29 00:00:00+00:00,118.15,119.05,101.97635,75.1344,2.8392856,0.5869565217391305,-10.0,14730.171424792317,0.0,14720.171424792317,0,,13691.769
2021-03-30 00:00:00+00:00,119.06,119.06,102.10405,72.277725,2.7250001,0.5869565217391305,-10.0,14731.407629974758,0.0,14721.407629974758,0,,13692.918
2021-03-31 00:00:00+00:00,118.7,118.07,102.225,69.721756,2.5850003,0.5869565217391305,-10.0,14608.91382519692,0.0,14598.91382519692,0,,13579.059
2021-04-01 00:00:00+00:00,117.94,116.89,102.3343,73.65994,2.4664285,0.5869565217391305,-10.0,14462.9110314192,0.0,14452.9110314192,0,,13443.349
2021-04-05 00:00:00+00:00,117.26,117.01,102.4232,62.831287,2.4535713,0.625,-10.0,14477.759095579855,0.0,14467.759095579855,0,,13457.149
2021-04-06 00:00:00+00:00,117.01,115.99,102.5075,60.75086,2.5214276,0.6080603884829632,-10.0,14351.553010762944,0.0,14341.553010762944,0,,13339.84
2021-04-07 00:00:00+00:00,116.44,116.48,102.5862,60.668015,2.5299993,0.625,-10.0,14412.181703341666,0.0,14402.181703341666,0,,13396.195
2021-04-08 00:00:00+00:00,116.26,115.45,102.65785,58.844513,2.5142848,0.625,-10.0,14284.73814888289,0.0,14274.73814888289,0,,13277.735
2021-04-09 00:00:00+00:00,115.92,116.81,102.72645,49.32936,2.392142,0.625,-10.0,14453.012701036992,0.0,14443.012701036992,0,,13434.147
2021-04-12 00:00:00+00:00,116.56,117.54,102.803,53.071075,2.3492851,0.625,-10.0,14543.337483271645,0.0,14533.337483271645,0,,13518.105
2021-04-13 00:00:00+00:00,116.89,117.12,102.8965,54.02299,2.340714,0.5869565217391305,-10.0,14491.370664772996,0.0,14481.370664772996,0,,13469.802
2021-04-14 00:00:00+00:00,116.94,118.0,102.97875,63.262077,2.205714,0.5869565217391305,-10.0,14600.253640545612,0.0,14590.253640545612,0,,13571.01
2021-04-15 00:00:00+00:00,118.44,119.04,103.07285,61.04112,2.072857,0.5232558139534884,-10.0,14728.934722396152,0.0,14718.934722396152,0,,13690.619
2021-04-16 00:00:00+00:00,119.5,119.69,103.1731,57.741356,1.9307142,0.6111111111111112,-10.0,14809.360325185,0.0,14799.360325185,0,,13765.376
2021-04-19 00:00:00+00:00,120.0,119.5,103.2677,54.68749,1.904286,0.6111111111111112,-10.0,14785.85119866838,0.0,14775.85119866838,0,,13743.523
2021-04-20 00:00:00+00:00,119.3,120.5,103.36795,52.225502,1.8935721,0.5232558139534884,-10.0,14909.582952785884,0.0,14899.582952785884,0,,13858.533
2021-04-21 00:00:00+00:00,121.0,121.16,103.47,56.486485,1.8921438,0.5968270977517343,-10.0,14991.245571702955,0.0,14981.245571702955,0,,13934.438
2021-04-22 00:00:00+00:00,121.48,120.89,103.5722,64.34538,1.8700011,0.625,-10.0,14957.837604049988,0.0,14947.837604049988,0,,13903.386
2021-04-23 00:00:00+00:00,120.86,121.65,103.68515,70.28391,1.7471445,0.5232558139534884,-10.0,15051.873644561689,0.0,15041.873644561689,0,,13990.792
2021-04-26 00:00:00+00:00,121.78,119.73,103.80735,72.09517,1.650716,0.5232558139534884,-10.0,14814.310640673673,0.0,14804.310640673673,0,,13769.976
2021-04-27 00:00:00+00:00,119.3,118.8,103.92405,66.403496,1.6585726,0.5232558139534884,-10.0,14699.240505094524,0.0,14689.240505094524,0,,13663.018
2021-04-28 00:00:00+00:00,119.12,119.33,104.0328,59.79728,1.6785725,0.5232558139534884,-10.0,14764.818057015254,0.0,14754.818057015254,0,,13723.972
2021-04-29 00:00:00+00:00,120.42,121.25,104.1431,67.10759,1.6671442,0.5232558139534884,-10.0,15002.380982589248,0.0,14992.380982589248,0,,13944.788
2021-04-30 00:00:00+00:00,121.06,120.8,104.2527,68.65546,1.7164296,0.5232558139534884,-10.0,14946.702003772863,0.0,14936.702003772863,0,,13893.034
2021-05-03 00:00:00+00:00,121.52,123.79,104.3472,64.02754,1.6807147,0.5232558139534884,-10.0,15316.657737840706,0.0,15306.657737840706,0,,14236.91
2021-05-04 00:00:00+00:00,123.95,125.85,104.45245,73.50246,1.8378574,0.5869565217391305,-10.0,15571.542557457247,0.0,15561.542557457247,0,,14473.827
2021-05-05 00:00:00+00:00,120.61,118.82,104.55945,75.53675,1.9314291,0.5232558139534884,-10.0,14701.713671013116,0.0,14691.713671013116,0,,13665.316
2021-05-06 00:00:00+00:00,117.4,117.63,104.6426,49.485016,2.5314288,0.625,-10.0,14554.47322045211,0.0,14544.47322045211,0,,13528.455
2021-05-07 00:00:00+00:00,118.15,120.86,104.71,45.29679,2.7821426,0.5232558139534884,-10.0,14954.124870048634,0.0,14944.124870048634,0,,13899.935
2021-05-10 00:00:00+00:00,120.52,123.25,104.79525,52.726543,2.941428,0.625,-10.0,15249.841400126466,0.0,15239.841400126466,0,,14174.805
2021-05-11 00:00:00+00:00,122.87,120.1,104.89135,55.22218,3.1235707,0.5869565217391305,-10.0,14860.088759156783,0.0,14850.088759156783,0,,13812.527
2021-05-12 00:00:00+00:00,120.04,120.09,104.97305,48.16099,3.300713,0.625,-10.0,14858.851393911169,0.0,14848.851393911169,0,,13811.377
2021-05-13 00:00:00+00:00,120.24,119.46,105.0535,48.599434,3.2964275,0.625,-10.0,14780.901217518154,0.0,14770.901217518154,0,,13738.922
2021-05-14 00:00:00+00:00,119.36,116.52,105.14025,46.14843,3.307142,0.5232558139534884,-10.0,14417.13203717779,0.0,14407.13203717779,0,,13400.797
2021-05-17 00:00:00+00:00,116.31,118.11,105.2063,44.55007,3.3628561,0.625,-10.0,14613.864878569795,0.0,14603.864878569795,0,,13583.661
2021-05-18 00:00:00+00:00,117.41,116.95,105.286,48.8542,3.5742848,0.5232558139534884,-10.0,14470.336918664747,0.0,14460.336918664747,0,,13450.252
2021-05-19 00:00:00+00:00,116.71,118.74,105.3698,46.128815,3.6749988,0.6111111111111112,-10.0,14691.814661813327,0.0,14681.814661813327,0,,13656.117
2021-05-20 00:00:00+00:00,118.51,120.04,105.4411,45.900032,3.7742844,0.5232558139534884,-10.0,14852.665061588306,0.0,14842.665061588306,0,,13805.628
2021-05-21 00:00:00+00:00,120.7,120.07,105.5178,48.792114,3.8292847,0.5232558139534884,-10.0,14856.376188150554,0.0,14846.376188150554,0,,13809.078
2021-05-24 00:00:00+00:00,120.48,118.52,105.60065,43.473686,3.7428563,0.5232558139534884,-10.0,14664.592643441489,0.0,14654.592643441489,0,,13630.813
2021-05-25 00:00:00+00:00,118.12,114.99,105.6852,36.906044,3.7114275,0.6111111111111112,-10.0,14227.82294177069,0.0,14217.82294177069,0,,13224.834
2021-05-26 00:00:00+00:00,114.94,114.68,105.74965,42.180485,3.283571,0.5232558139534884,-10.0,14189.466744661864,0.0,14179.466744661864,0,,13189.183
2021-05-27 00:00:00+00:00,115.4,115.01,105.80785,43.75266,3.1464283,0.5869565217391305,-10.0,14230.29825541423,0.0,14220.29825541423,0,,13227.135
2021-05-28 00:00:00+00:00,115.74,114.74,105.876,35.8764,2.970714,0.5232558139534884,-10.0,14196.890522129639,0.0,14186.890522129639,0,,13196.082
2021-06-01 00:00:00+00:00,114.54,114.32,105.93195,27.111368,2.7764282,0.5232558139534884,-10.0,14144.923649869961,0.0,14134.923649869961,0,,13147.778
2021-06-02 00:00:00+00:00,115.25,115.12,105.9899,31.77808,2.5942852,0.5869565217391305,-10.0,14243.909018243154,0.0,14233.909018243154,0,,13239.785
2021-06-03 00:00:00+00:00,115.11,116.8,106.04675,35.075108,2.604999,0.5232558139534884,-10.0,14451.777248360035,0.0,14441.777248360035,0,,13433.0
2021-06-04 00:00:00+00:00,116.9,116.92,106.11365,42.485897,2.644285,0.5232558139534884,-10.0,14466.624218957108,0.0,14456.624218957108,0,,13446.801
2021-06-07 00:00:00+00:00,117.39,118.26,106.18405,51.34409,2.5164282,0.5232558139534884,-10.0,14632.424756905091,0.0,14622.424756905091,0,,13600.913
2021-06-08 00:00:00+00:00,118.89,117.9,106.2668,50.51265,2.3400002,0.5232558139534884,-10.0,14587.881776878807,0.0,14577.881776878807,0,,13559.511
2021-06-09 00:00:00+00:00,118.12,117.4,106.3611,53.434578,2.3028576,0.5232558139534884,-10.0,14526.016459747232,0.0,14516.016459747232,0,,13502.007
2021-06-10 00:00:00+00:00,117.99,120.94,106.45735,44.657116,2.1628575,0.5232558139534884,-10.0,14964.023421974374,0.0,14954.023421974374,0,,13909.136
2021-06-11 00:00:00+00:00,120.71,119.84,106.5742,53.04466,2.258572,0.5232558139534884,-10.0,14827.918296897424,0.0,14817.918296897424,0,,13782.625
2021-06-14 00:00:00+00:00,119.83,118.73,106.682,49.274437,2.2607155,0.5232558139534884,-10.0,14690.578206399312,0.0,14680.578206399312,0,,13654.967
2021-06-15 00:00:00+00:00,119.11,119.03,106.78735,50.681396,2.2364295,0.5232558139534884,-10.0,14727.697773276539,0.0,14717.697773276539,0,,13689.469
2021-06-16 00:00:00+00:00,119.29,118.36,106.89185,66.58457,2.024286,0.5232558139534884,-10.0,14644.798151139163,0.0,14634.798151139163,0,,13612.413
2021-06-17 00:00:00+00:00,118.53,118.11,106.9959,64.67305,1.9407141,0.5232558139534884,-10.0,14613.865265010623,0.0,14603.865265010623,0,,13583.661
2021-06-18 00:00:00+00:00,117.23,114.42,107.1013,62.4398,1.952143,0.5869565217391305,-10.0,14157.297825694015,0.0,14147.297825694015,0,,13159.28
2021-06-21 00:00:00+00:00,114.7,116.62,107.2019,48.992443,2.1021435,0.5232558139534884,-10.0,14429.507336604745,0.0,14419.507336604745,0,,13412.301
2021-06-22 00:00:00+00:00,116.19,116.69,107.29355,56.511898,2.1800008,0.5232558139534884,-10.0,14438.168197791703,0.0,14428.168197791703,0,,13420.351
2021-06-23 00:00:00+00:00,116.47,115.81,107.3891,54.636738,2.1557148,0.5232558139534884,-10.0,14329.283935166879,0.0,14319.283935166879,0,,13319.142
2021-06-24 00:00:00+00:00,116.46,115.48,107.48515,46.931168,2.077858,0.5232558139534884,-10.0,14288.45321880699,0.0,14278.45321880699,0,,13281.189
2021-06-25 00:00:00+00:00,115.48,116.34,107.58575,45.59365,2.0900006,0.5232558139534884,-10.0,14394.861094944734,0.0,14384.861094944734,0,,13380.096
2021-06-28 00:00:00+00:00,116.27,114.74,107.68645,43.947014,2.0414288,0.625,-10.0,14196.8920466223,0.0,14186.8920466223,0,,13196.083
2021-06-29 00:00:00+00:00,115.12,114.44,107.7888,40.76022,2.015714,0.5232558139534884,-10.0,14159.77345259424,0.0,14149.77345259424,0,,13161.582
2021-06-30 00:00:00+00:00,114.62,114.49,107.8906,41.2426,2.0064278,0.5232558139534884,-10.0,14165.959886589457,0.0,14155.959886589457,0,,13167.332
2021-07-01 00:00:00+00:00,114.9,116.44,107.99005,25.950731,1.8464273,0.5232558139534884,-10.0,14407.236590037317,0.0,14397.236590037317,0,,13391.601
2021-07-02 00:00:00+00:00,116.18,116.62,108.09775,38.078545,1.8635701,0.5232558139534884,-10.0,14429.508824489041,0.0,14419.508824489041,0,,13412.303
2021-07-06 00:00:00+00:00,116.04,115.42,108.1969,42.08551,1.8478557,0.5232558139534884,-10.0,14281.031374123279,0.0,14271.031374123279,0,,13274.292
2021-07-07 00:00:00+00:00,114.95,115.04,108.28995,37.315525,2.060713,0.5232558139534884,-10.0,14234.013618079542,0.0,14224.013618079542,0,,13230.589
2021-07-08 00:00:00+00:00,114.16,114.44,108.381,38.09182,2.0492847,0.5232558139534884,-10.0,14159.774906864117,0.0,14149.774906864117,0,,13161.583
2021-07-09 00:00:00+00:00,115.29,115.13,108.4741,37.15885,2.0471416,0.5232558139534884,-10.0,14245.149392742987,0.0,14235.149392742987,0,,13240.939
2021-07-12 00:00:00+00:00,114.7,115.55,108.57345,53.144375,1.8742839,0.5232558139534884,-10.0,14297.116305694066,0.0,14287.116305694066,0,,13289.243
2021-07-13 00:00:00+00:00,115.29,114.21,108.680504,44.374336,1.8478552,0.5869565217391305,-10.0,14131.316375267459,0.0,14121.316375267459,0,,13135.132
2021-07-14 00:00:00+00:00,114.02,113.56,108.77825,38.497192,1.8692839,0.625,-10.0,14050.8909570827,0.0,14040.8909570827,0,,13060.375
2021-07-15 00:00:00+00:00,112.79,113.16,108.86205,39.33648,1.8585695,0.6648005056085899,-10.0,14001.39899124589,0.0,13991.39899124589,0,,13014.373
2021-07-16 00:00:00+00:00,113.38,112.88,108.93995,39.0772,1.844998,0.625,-10.0,13966.753548418987,0.0,13956.753548418987,0,,12982.169
2021-07-19 00:00:00+00:00,112.09,112.6,109.02355,32.76893,1.7999982,0.6666666666666666,-10.0,13932.108919913817,0.0,13922.108919913817,0,,12949.968
2021-07-20 00:00:00+00:00,118.5,116.49,109.10195,37.729362,1.7921416,0.6587652971753117,-10.0,14413.42274804941,0.0,14403.42274804941,0,,13397.352
2021-07-21 00:00:00+00:00,116.81,118.22,109.2076,58.32654,2.2007136,0.5232558139534884,-10.0,14627.477833941133,0.0,14617.477833941133,0,,13596.316
2021-07-22 00:00:00+00:00,118.22,119.84,109.3218,63.33095,2.2328568,0.5869565217391305,-10.0,14827.9214837683,0.0,14817.9214837683,0,,13782.63
2021-07-23 00:00:00+00:00,120.05,121.31,109.43905,62.44507,2.225714,0.625,-10.0,15009.806662434032,0.0,14999.806662434032,0,,13951.693
2021-07-26 00:00:00+00:00,121.48,120.79,109.56745,65.6856,2.2864287,0.5232558139534884,-10.0,14945.46671139951,0.0,14935.46671139951,0,,13891.889
2021-07-27 00:00:00+00:00,120.42,121.41,109.69345,68.81571,2.159286,0.5232558139534884,-10.0,15022.180500583536,0.0,15012.180500583536,0,,13963.195
2021-07-28 00:00:00+00:00,121.4,121.34,109.80805,71.950386,2.197143,0.5869565217391305,-10.0,15013.518480963436,0.0,15003.518480963436,0,,13955.144
2021-07-29 00:00:00+00:00,122.0,122.71,109.93045,74.67807,2.1650004,0.625,-10.0,15183.03115528169,0.0,15173.03115528169,0,,14112.706
2021-07-30 00:00:00+00:00,122.81,122.17,110.0597,75.85263,2.2014296,0.625,-10.0,15116.21654252386,0.0,15106.21654252386,0,,14050.602
2021-08-02 00:00:00+00:00,122.28,122.73,110.1842,72.39509,2.1471438,0.5869565217391305,-10.0,15185.5067940761,0.0,15175.5067940761,0,,14115.007
2021-08-03 00:00:00+00:00,122.84,123.71,110.30565,80.42855,2.1757147,0.5869565217391305,-10.0,15306.763002685157,0.0,15296.763002685157,0,,14227.716
2021-08-04 00:00:00+00:00,123.76,125.55,110.42745,85.41519,2.2371433,0.6111111111111112,-10.0,15534.428213208645,0.0,15524.428213208645,0,,14439.331
2021-08-05 00:00:00+00:00,125.7,121.89,110.5576,89.2834,2.5264287,0.625,-10.0,15081.572636773488,0.0,15071.572636773488,0,,14018.399
2021-08-06 00:00:00+00:00,121.95,120.64,110.67805,73.52479,2.9135716,0.6537486277236653,-10.0,14926.908727286074,0.0,14916.908727286074,0,,13874.64
2021-08-09 00:00:00+00:00,120.64,120.23,110.7913,69.9801,2.9457147,0.6423790600064324,-10.0,14876.179066190192,0.0,14866.179066190192,0,,13827.486
2021-08-10 00:00:00+00:00,119.87,118.97,110.9038,61.237988,2.6235716,0.5232558139534884,-10.0,14720.277794600566,0.0,14710.277794600566,0,,13682.575
2021-08-11 00:00:00+00:00,119.41,119.24,111.00505,52.319107,2.6935718,0.6519871280030617,-10.0,14753.685560066971,0.0,14743.685560066971,0,,13713.628
2021-08-12 00:00:00+00:00,119.55,120.04,111.10435,47.975716,2.6585715,0.625,-10.0,14852.671253164817,0.0,14842.671253164817,0,,13805.636
2021-08-13 00:00:00+00:00,119.75,119.57,111.2127,45.512386,2.6278567,0.6367556467711304,-10.0,14794.517556988458,0.0,14784.517556988458,0,,13751.582
2021-08-16 00:00:00+00:00,119.7,120.07,111.3223,45.67376,2.610714,0.625,-10.0,14856.382658667311,0.0,14846.382658667311,0,,13809.086
2021-08-17 00:00:00+00:00,119.99,120.94,111.44415,45.20743,2.5849996,0.6456085135933965,-10.0,14964.028724708198,0.0,14954.028724708198,0,,13909.144
2021-08-18 00:00:00+00:00,120.93,118.58,111.5759,48.646843,2.6157138,0.625,-10.0,14672.023872884389,0.0,14662.023872884389,0,,13637.723
2021-08-19 00:00:00+00:00,117.94,119.26,111.68845,36.905537,2.6607132,0.5232558139534884,-10.0,14756.16151626993,0.0,14746.16151626993,0,,13715.929
2021-08-20 00:00:00+00:00,118.97,119.54,111.79005,40.854828,2.779285,0.5869565217391305,-10.0,14790.806430070044,0.0,14780.806430070044,0,,13748.132
2021-08-23 00:00:00+00:00,120.16,119.68,111.877,39.79526,2.725714,0.5869565217391305,-10.0,14808.128121865513,0.0,14798.128121865513,0,,13764.232
2021-08-24 00:00:00+00:00,119.5,118.0,111.95045,36.375942,2.678571,0.5869565217391305,-10.0,14600.260055682636,0.0,14590.260055682636,0,,13571.018
2021-08-25 00:00:00+00:00,117.83,118.09,112.01335,24.196854,2.4314287,0.5232558139534884,-10.0,14611.395689131745,0.0,14601.395689131745,0,,13581.369
2021-08-26 00:00:00+00:00,118.06,116.81,112.08405,32.820957,2.1278577,0.5232558139534884,-10.0,14453.0203712325,0.0,14443.0203712325,0,,13434.158
2021-08-27 00:00:00+00:00,117.69,119.89,112.1368,32.732178,2.1178572,0.625,-10.0,14834.112761039269,0.0,14824.112761039269,0,,13788.386
2021-08-30 00:00:00+00:00,119.57,119.52,112.18585,48.764523,2.174286,0.5232558139534884,-10.0,14788.331584320731,0.0,14778.331584320731,0,,13745.831
2021-08-31 00:00:00+00:00,119.3,122.21,112.2468,52.136734,2.047857,0.5232558139534884,-10.0,15121.168331862129,0.0,15111.168331862129,0,,14055.204
2021-09-01 00:00:00+00:00,122.15,122.68,112.32735,59.712227,2.1621425,0.5232558139534884,-10.0,15179.321485705317,0.0,15169.321485705317,0,,14109.258
2021-09-02 00:00:00+00:00,122.98,124.98,112.40015,58.823524,2.211429,0.5232558139534884,-10.0,15463.904087497756,0.0,15453.904087497756,0,,14373.778
2021-09-03 00:00:00+00:00,125.01,125.14,112.48,66.11079,2.2385716,0.3333333333333333,-10.0,15483.70080061102,0.0,15473.70080061102,0,,14392.18
2021-09-07 00:00:00+00:00,125.14,124.21,112.58125,65.41033,2.1657143,0.625,-10.0,15368.630799311486,0.0,15358.630799311486,0,,14285.221
2021-09-08 00:00:00+00:00,124.18,124.31,112.6851,59.903076,2.1971424,0.5232558139534884,-10.0,15381.002859585104,0.0,15371.002859585104,0,,14296.722
2021-09-09 00:00:00+00:00,123.91,123.6,112.79715,70.10525,2.1421428,0.6111111111111112,-10.0,15293.154325179035,0.0,15283.154325179035,0,,14215.065
2021-09-10 00:00:00+00:00,123.5,122.81,112.91285,65.19607,2.037857,0.5869565217391305,-10.0,15195.406831330716,0.0,15185.406831330716,0,,14124.209
2021-09-13 00:00:00+00:00,123.31,123.64,113.0245,61.054756,2.092857,0.6111111111111112,-10.0,15298.104250842447,0.0,15288.104250842447,0,,14219.667
2021-09-14 00:00:00+00:00,124.0,123.09,113.1272,62.79069,2.091428,0.625,-10.0,15230.051952031436,0.0,15220.051952031436,0,,14156.412
2021-09-15 00:00:00+00:00,122.66,125.8,113.2271,67.73517,2.086428,0.625,-10.0,15565.364775674736,0.0,15555.364775674736,0,,14468.087
2021-09-16 00:00:00+00:00,126.25,124.23,113.3401,72.71655,2.2035701,0.625,-10.0,15371.106848289148,0.0,15361.106848289148,0,,14287.523
2021-09-17 00:00:00+00:00,123.78,123.47,113.4457,71.49478,2.2385707,0.6111111111111112,-10.0,15277.071004398558,0.0,15267.071004398558,0,,14200.116
2021-09-20 00:00:00+00:00,122.74,121.97,113.5521,61.98125,2.1292844,0.625,-10.0,15091.474783357622,0.0,15081.474783357622,0,,14027.604
2021-09-21 00:00:00+00:00,122.72,121.5,113.64635,57.622906,2.2592845,0.625,-10.0,15033.32068647146,0.0,15023.32068647146,0,,13973.55
2021-09-22 00:00:00+00:00,122.16,122.09,113.74635,47.43683,2.189999,0.5232558139534884,-10.0,15106.322347553181,0.0,15096.322347553181,0,,14041.404
2021-09-23 00:00:00+00:00,122.45,122.55,113.8419,47.88832,2.1078563,0.625,-10.0,15163.23887340786,0.0,15153.23887340786,0,,14094.309
2021-09-24 00:00:00+00:00,122.63,122.3,113.9572,39.98352,2.053571,0.625,-10.0,15132.306336660262,0.0,15122.306336660262,0,,14065.557
2021-09-27 00:00:00+00:00,122.12,122.63,114.06655,38.379738,2.0864284,0.625,-10.0,15173.136069271914,0.0,15163.136069271914,0,,14103.508
2021-09-28 00:00:00+00:00,122.89,121.29,114.17415,43.201374,2.0185716,0.625,-10.0,15007.337076389458,0.0,14997.337076389458,0,,13949.396
2021-09-29 00:00:00+00:00,121.4,122.5,114.28375,38.258186,2.0228572,0.5232558139534884,-10.0,15157.050712220058,0.0,15147.050712220058,0,,14088.557
2021-09-30 00:00:00+00:00,123.23,119.45,114.40595,45.883244,2.047857,0.625,-10.0,14779.67057558369,0.0,14769.67057558369,0,,13737.78
2021-10-01 00:00:00+00:00,119.86,119.81,114.5176,39.244564,2.2121425,0.6111111111111112,-10.0,14824.214274787648,0.0,14814.214274787648,0,,13779.184
2021-10-04 00:00:00+00:00,120.0,118.33,114.6215,37.359737,2.2871432,0.625,-10.0,14641.092478191185,0.0,14631.092478191185,0,,13608.971
2021-10-05 00:00:00+00:00,118.48,118.61,114.7213,35.199024,2.446429,0.6588268362449847,-10.0,14675.737759707748,0.0,14665.737759707748,0,,13641.174
2021-10-06 00:00:00+00:00,117.79,116.9,114.82065,23.662983,2.3350008,0.625,-10.0,14464.157756082306,0.0,14454.157756082306,0,,13444.51
2021-10-07 00:00:00+00:00,117.25,118.57,114.9121,23.42275,2.413572,0.625,-10.0,14670.788137787547,0.0,14660.788137787547,0,,13636.573
2021-10-08 00:00:00+00:00,118.53,119.37,115.0166,33.333317,2.4492862,0.6273533079271305,-10.0,14769.773802371068,0.0,14759.773802371068,0,,13728.582
2021-10-11 00:00:00+00:00,119.72,122.4,115.12985,40.714287,2.3621433,0.6111111111111112,-10.0,15144.678427278905,0.0,15134.678427278905,0,,14077.058
2021-10-12 00:00:00+00:00,121.84,119.73,115.25565,52.717396,2.4907146,0.5232558139534884,-10.0,14814.317096884963,0.0,14804.317096884963,0,,13769.985
2021-10-13 00:00:00+00:00,119.02,118.84,115.36945,43.669544,2.625,0.625,-10.0,14704.195254971273,0.0,14694.195254971273,0,,13667.626
2021-10-14 00:00:00+00:00,119.67,120.11,115.47965,40.27266,2.7828572,0.625,-10.0,14861.333636908676,0.0,14851.333636908676,0,,13813.6875
2021-10-15 00:00:00+00:00,120.63,119.86,115.5946,44.54952,2.8592856,0.6666666666666666,-10.0,14830.400457534071,0.0,14820.400457534071,0,,13784.936
2021-10-18 00:00:00+00:00,119.1,118.38,115.7091,43.07847,2.902857,0.625,-10.0,14647.278264365477,0.0,14637.278264365477,0,,13614.723
2021-10-19 00:00:00+00:00,119.1,119.84,115.8122,42.779152,2.9257143,0.6662536361953941,-10.0,14827.925412816654,0.0,14817.925412816654,0,,13782.635
2021-10-20 00:00:00+00:00,119.73,122.25,115.9289,43.480385,2.9414287,0.625,-10.0,15126.116925096227,0.0,15116.116925096227,0,,14059.806
2021-10-21 00:00:00+00:00,122.69,122.71,116.05135,57.085026,2.8807144,0.5232558139534884,-10.0,15183.03229825751,0.0,15173.03229825751,0,,14112.709
2021-10-22 00:00:00+00:00,122.94,123.32,116.13405,57.30111,2.8014286,0.5232558139534884,-10.0,15258.507567436538,0.0,15248.507567436538,0,,14182.863
2021-10-25 00:00:00+00:00,123.35,122.6,116.2,63.13848,2.585714,0.5232558139534884,-10.0,15169.421476409689,0.0,15159.421476409689,0,,14100.057
2021-10-26 00:00:00+00:00,123.04,122.96,116.26285,60.267612,2.523571,0.5232558139534884,-10.0,15213.964407704956,0.0,15203.964407704956,0,,14141.459
2021-10-27 00:00:00+00:00,122.56,119.55,116.3409,66.75883,2.3671422,0.5232558139534884,-10.0,14792.042362367105,0.0,14782.042362367105,0,,13749.281
2021-10-28 00:00:00+00:00,119.99,120.7,116.40605,52.472256,2.436428,0.5232558139534884,-10.0,14934.33227200962,0.0,14924.33227200962,0,,13881.54
2021-10-29 00:00:00+00:00,120.05,122.02,116.48145,53.29696,2.4192853,0.5232558139534884,-10.0,15097.658015998868,0.0,15087.658015998868,0,,14033.353
2021-11-01 00:00:00+00:00,122.42,122.81,116.56335,48.970734,2.2892854,0.625,-10.0,15195.40592655887,0.0,15185.40592655887,0,,14124.21
2021-11-02 00:00:00+00:00,124.49,125.2,116.6434,59.288277,2.1478572,0.5232558139534884,-10.0,15491.122452770458,0.0,15481.122452770458,0,,14399.08
2021-11-03 00:00:00+00:00,124.82,128.29,116.7519,67.58849,2.1457143,0.5232558139534884,-10.0,15873.451027071384,0.0,15863.451027071384,0,,14754.456
2021-11-04 00:00:00+00:00,126.0,126.78,116.8744,70.55275,2.278571,0.5232558139534884,-10.0,15686.617511441209,0.0,15676.617511441209,0,,14580.793
2021-11-05 00:00:00+00:00,126.54,127.57,116.98375,66.35161,2.509285,0.625,-10.0,15784.36565637277,0.0,15774.36565637277,0,,14671.651
2021-11-08 00:00:00+00:00,127.38,125.98,117.0828,72.4475,2.5978563,0.6111111111111112,-10.0,15587.634234130755,0.0,15577.634234130755,0,,14488.788
2021-11-09 00:00:00+00:00,125.63,124.67,117.17835,64.90294,2.614999,0.625,-10.0,15425.546108590857,0.0,15415.546108590857,0,,14338.126
2021-11-10 00:00:00+00:00,125.03,125.68,117.2575,56.205128,2.4935706,0.5232558139534884,-10.0,15550.515604547736,0.0,15540.515604547736,0,,14454.286
2021-11-11 00:00:00+00:00,125.1,125.69,117.3517,57.40649,2.514999,0.625,-10.0,15551.753920180538,0.0,15541.753920180538,0,,14455.4375
2021-11-12 00:00:00+00:00,126.23,125.34,117.44565,56.092556,2.5899985,0.625,-10.0,15508.447426934166,0.0,15498.447426934166,0,,14415.185
2021-11-15 00:00:00+00:00,125.34,124.42,117.55135,57.18029,2.6457133,0.625,-10.0,15394.615205998953,0.0,15384.615205998953,0,,14309.377
2021-11-16 00:00:00+00:00,124.35,123.86,117.639,53.716904,2.644285,0.625,-10.0,15325.326106816145,0.0,15315.326106816145,0,,14244.973
2021-11-17 00:00:00+00:00,123.81,124.67,117.7302,62.83502,2.5085711,0.625,-10.0,15425.547352053462,0.0,15415.547352053462,0,,14338.129
2021-11-18 00:00:00+00:00,125.03,124.49,117.8259,62.066875,2.5457137,0.625,-10.0,15403.275895721923,0.0,15393.275895721923,0,,14317.427
2021-11-19 00:00:00+00:00,125.49,120.52,117.88875,58.066628,2.4557135,0.5232558139534884,-10.0,14912.063975182758,0.0,14902.063975182758,0,,13860.843
2021-11-22 00:00:00+00:00,120.34,121.12,117.9429,43.80746,2.7435706,0.6481628341751159,-10.0,14986.302468116459,0.0,14976.302468116459,0,,13929.849
2021-11-23 00:00:00+00:00,121.27,123.66,118.00605,37.78445,2.6764271,0.6111111111111112,-10.0,15300.579326837673,0.0,15290.579326837673,0,,14221.971
2021-11-24 00:00:00+00:00,123.23,123.44,118.0872,35.665676,2.619999,0.6111111111111112,-10.0,15273.358380779195,0.0,15263.358380779195,0,,14196.669
2021-11-26 00:00:00+00:00,121.92,120.23,118.17305,38.761803,2.4114277,0.625,-10.0,14876.181525703843,0.0,14866.181525703843,0,,13827.491
2021-11-29 00:00:00+00:00,120.75,120.23,118.25155,28.761602,2.4357135,0.6666666666666666,-10.0,14876.181525703843,0.0,14866.181525703843,0,,13827.491
2021-11-30 00:00:00+00:00,119.65,115.75,118.3268,31.676247,2.4178565,0.5232558139534884,-10.0,14321.865801738866,0.0,14311.865801738866,0,,13312.252
2021-12-01 00:00:00+00:00,116.42,114.08,118.3887,26.352093,2.6299994,0.6307488496236684,-10.0,14115.23561788477,0.0,14105.23561788477,0,,13120.1875
2021-12-02 00:00:00+00:00,114.51,115.8,118.43255,20.286907,2.7471423,0.6666666666666666,-10.0,14328.05263591775,0.0,14318.05263591775,0,,13318.002
2021-12-03 00:00:00+00:00,116.88,116.76,118.48525,26.707502,2.8064282,0.625,-10.0,14446.83465129618,0.0,14436.83465129618,0,,13428.41
2021-12-06 00:00:00+00:00,118.45,118.9,118.5397,30.35716,2.8557134,0.6479400357914823,-10.0,14711.618979514578,0.0,14701.618979514578,0,,13674.528
2021-12-07 00:00:00+00:00,119.34,119.52,118.6036,38.031235,3.0099988,0.625,-10.0,14788.33202146408,0.0,14778.33202146408,0,,13745.834
2021-12-08 00:00:00+00:00,120.41,120.85,118.668846,40.614178,3.0571415,0.6411094236529232,-10.0,14952.894059552833,0.0,14942.894059552833,0,,13898.795
2021-12-09 00:00:00+00:00,120.32,121.69,118.7471,41.920475,3.0592842,0.5232558139534884,-10.0,15056.829461806032,0.0,15046.829461806032,0,,13995.403
2021-12-10 00:00:00+00:00,122.3,123.13,118.8413,44.238693,3.1464276,0.625,-10.0,15235.001594360821,0.0,15225.001594360821,0,,14161.015
2021-12-13 00:00:00+00:00,123.13,122.52,118.95085,55.994488,2.8642845,0.6111111111111112,-10.0,15159.525878215967,0.0,15149.525878215967,0,,14090.86
2021-12-14 00:00:00+00:00,122.23,123.3,119.0476,53.213943,2.8435707,0.625,-10.0,15256.03706094451,0.0,15246.03706094451,0,,14180.567
2021-12-15 00:00:00+00:00,123.17,123.77,119.14285,49.1009,2.8199992,0.625,-10.0,15314.190575933024,0.0,15304.190575933024,0,,14234.621
2021-12-16 00:00:00+00:00,124.33,123.98,119.245,50.813995,2.7778566,0.625,-10.0,15340.17425218387,0.0,15330.17425218387,0,,14258.773
2021-12-17 00:00:00+00:00,124.66,125.18,119.34995,60.856976,2.6892853,0.625,-10.0,15488.651182809019,0.0,15478.651182809019,0,,14396.783
2021-12-20 00:00:00+00:00,124.71,126.01,119.4517,63.4001,2.743571,0.5869565217391305,-10.0,15591.347455991392,0.0,15581.347455991392,0,,14492.24
2021-12-21 00:00:00+00:00,126.84,127.61,119.5442,84.615395,2.6192856,0.5232558139534884,-10.0,15789.31608100999,0.0,15779.31608100999,0,,14676.253
2021-12-22 00:00:00+00:00,127.35,127.81,119.6316,95.8644,2.6464283,0.6111111111111112,-10.0,15814.06180026604,0.0,15804.06180026604,0,,14699.254
2021-12-23 00:00:00+00:00,128.3,129.53,119.7115,95.38926,2.5892856,0.625,-10.0,16026.880117277877,0.0,16016.880117277877,0,,14897.07
2021-12-27 00:00:00+00:00,129.92,131.9,119.80985,95.63974,2.5285716,0.625,-10.0,16320.121343331162,0.0,16310.121343331162,0,,15169.64
2021-12-28 00:00:00+00:00,131.76,132.36,119.90475,95.71026,2.442857,0.6653416676099663,-10.0,16377.039185960177,0.0,16367.039185960177,0,,15222.545
2021-12-29 00:00:00+00:00,132.36,133.34,119.99725,95.661446,2.3835716,0.625,-10.0,16498.29428892849,0.0,16488.29428892849,0,,15335.252
2021-12-30 00:00:00+00:00,134.0,133.77,120.09965,95.55069,2.3428574,0.625,-10.0,16551.49880833196,0.0,16541.49880833196,0,,15384.706
2021-12-31 00:00:00+00:00,133.83,132.89,120.1985,95.41353,2.2999997,0.5232558139534884,-10.0,16442.614690014783,0.0,16432.614690014783,0,,15283.498
2022-01-03 00:00:00+00:00,132.58,132.62,120.2848,88.30452,2.2657144,0.5232558139534884,-10.0,16409.206534004083,0.0,16399.206534004083,0,,15252.444
2022-01-04 00:00:00+00:00,132.78,131.36,120.3683,90.725746,2.2328572,0.5232558139534884,-10.0,16253.305918913913,0.0,16243.305918913913,0,,15107.534
2022-01-05 00:00:00+00:00,131.69,132.5,120.44335,81.288795,2.2200007,0.6111111111111112,-10.0,16394.359198659127,0.0,16384.359198659127,0,,15238.644
2022-01-06 00:00:00+00:00,132.67,130.45,120.537,82.21401,2.3742867,0.5232558139534884,-10.0,16140.710643027827,0.0,16130.710643027827,0,,15002.877
2022-01-07 00:00:00+00:00,131.11,133.12,120.6124,71.02011,2.4007149,0.625,-10.0,16471.072881179218,0.0,16461.072881179218,0,,15309.95
2022-01-10 00:00:00+00:00,131.3,134.64,120.6913,73.54683,2.5314293,0.6111111111111112,-10.0,16659.14523416685,0.0,16649.14523416685,0,,15484.765
2022-01-11 00:00:00+00:00,135.0,136.45,120.77085,74.58687,2.6485722,0.625,-10.0,16883.097981518615,0.0,16873.097981518615,0,,15692.931
2022-01-12 00:00:00+00:00,135.84,135.71,120.85785,74.88736,2.5642865,0.625,-10.0,16791.53776360484,0.0,16781.53776360484,0,,15607.824
2022-01-13 00:00:00+00:00,135.5,134.89,120.9411,71.584724,2.605,0.625,-10.0,16690.077226335266,0.0,16680.077226335266,0,,15513.517
2022-01-14 00:00:00+00:00,134.75,136.2,121.0252,65.40229,2.5707135,0.6111111111111112,-10.0,16852.164967400036,0.0,16842.164967400036,0,,15664.178
2022-01-18 00:00:00+00:00,135.93,133.81,121.12175,63.157894,2.596428,0.625,-10.0,16556.447783408814,0.0,16546.447783408814,0,,15389.308
2022-01-19 00:00:00+00:00,133.8,132.39,121.20575,53.968246,2.7428555,0.625,-10.0,16380.749591300786,0.0,16370.749591300786,0,,15225.996
2022-01-20 00:00:00+00:00,132.46,132.88,121.28775,47.461258,2.8592846,0.625,-10.0,16441.378185855534,0.0,16431.378185855534,0,,15282.351
2022-01-21 00:00:00+00:00,133.62,131.52,121.36975,47.629196,2.9085705,0.6279994681586971,-10.0,16273.104409701526,0.0,16263.104409701526,0,,15125.939
2022-01-24 00:00:00+00:00,130.08,131.55,121.450096,46.44157,3.0357132,0.6666666666666666,-10.0,16276.815448378713,0.0,16266.815448378713,0,,15129.39
2022-01-25 00:00:00+00:00,130.6,131.06,121.5238,47.18571,3.1792843,0.625,-10.0,16216.186376915633,0.0,16206.186376915633,0,,15073.035
2022-01-26 00:00:00+00:00,130.75,130.55,121.5914,49.177624,3.252855,0.625,-10.0,16153.084505447987,0.0,16143.084505447987,0,,15014.382
2022-01-27 00:00:00+00:00,131.03,134.69,121.65855,44.463383,3.2149968,0.5232558139534884,-10.0,16665.330087439037,0.0,16655.330087439037,0,,15490.517
2022-01-28 00:00:00+00:00,134.55,136.8,121.742,60.761436,3.3371403,0.5232558139534884,-10.0,16926.403321851783,0.0,16916.403321851783,0,,15733.186
2022-01-31 00:00:00+00:00,135.85,136.2,121.8308,59.613396,3.3049977,0.625,-10.0,16852.1639850966,0.0,16842.1639850966,0,,15664.181
2022-02-01 00:00:00+00:00,135.94,137.66,121.91335,54.281002,3.1335695,0.5232558139534884,-10.0,17032.811392851003,0.0,17022.811392851003,0,,15832.093
2022-02-02 00:00:00+00:00,134.33,136.08,122.00415,53.38558,3.1357121,0.6666666666666666,-10.0,16837.315773826358,0.0,16827.315773826358,0,,15650.379
2022-02-03 00:00:00+00:00,137.09,137.88,122.08205,50.98876,3.3764272,0.6329695341177992,-10.0,17060.032748511498,0.0,17050.032748511498,0,,15857.395
2022-02-04 00:00:00+00:00,136.22,136.61,122.16565,57.592693,3.5464287,0.625,-10.0,16902.893739229,0.0,16892.893739229,0,,15711.334
2022-02-07 00:00:00+00:00,137.02,139.41,122.24425,51.043266,3.5657146,0.6277081682559019,-10.0,17249.341676472948,0.0,17239.341676472948,0,,16033.358
2022-02-08 00:00:00+00:00,139.57,142.24,122.33305,63.958122,3.669287,0.625,-10.0,17599.49972964,0.0,17589.49972964,0,,16358.832
2022-02-09 00:00:00+00:00,142.48,142.92,122.4456,72.938965,3.737144,0.625,-10.0,17683.63678046628,0.0,17673.63678046628,0,,16437.04
2022-02-10 00:00:00+00:00,142.07,141.54,122.5662,73.17632,3.7314296,0.625,-10.0,17512.887586587796,0.0,17502.887586587796,0,,16278.325
2022-02-11 00:00:00+00:00,141.68,140.24,122.677246,73.1088,3.7042863,0.625,-10.0,17352.03873812614,0.0,17342.03873812614,0,,16128.815
2022-02-14 00:00:00+00:00,140.0,140.18,122.7722,68.93246,3.5428581,0.625,-10.0,17344.61377047352,0.0,17334.61377047352,0,,16121.914
2022-02-15 00:00:00+00:00,141.55,141.48,122.8691,70.24864,3.5042865,0.625,-10.0,17505.463685460632,0.0,17495.463685460632,0,,16271.426
2022-02-16 00:00:00+00:00,140.99,142.73,122.95755,73.44483,3.5550025,0.625,-10.0,17660.127896858747,0.0,17650.127896858747,0,,16415.188
2022-02-17 00:00:00+00:00,142.1,142.11,123.04195,69.68654,3.3914304,0.625,-10.0,17583.415697365137,0.0,17573.415697365137,0,,16343.883
2022-02-18 00:00:00+00:00,142.1,141.5,123.1584,64.02533,3.2350018,0.625,-10.0,17507.940142812717,0.0,17497.940142812717,0,,16273.729
2022-02-22 00:00:00+00:00,141.64,140.56,123.27775,63.991547,3.298573,0.625,-10.0,17391.63285722154,0.0,17381.63285722154,0,,16165.62
2022-02-23 00:00:00+00:00,141.23,139.47,123.37625,57.871857,3.3350024,0.625,-10.0,17256.76624896006,0.0,17246.76624896006,0,,16040.261
2022-02-24 00:00:00+00:00,137.57,137.86,123.45735,59.453423,3.08643,0.625,-10.0,17057.55946899118,0.0,17047.55946899118,0,,15855.097
2022-02-25 00:00:00+00:00,139.23,141.92,123.54615,49.94362,3.13643,0.6666666666666666,-10.0,17559.90763409514,0.0,17549.90763409514,0,,16322.032
2022-02-28 00:00:00+00:00,139.31,142.53,123.6553,62.93229,3.2250018,0.625,-10.0,17635.383807216465,0.0,17625.383807216465,0,,16392.188
2022-03-01 00:00:00+00:00,142.44,141.97,123.77065,58.505985,3.1871448,0.625,-10.0,17566.095100769562,0.0,17556.095100769562,0,,16327.784
2022-03-02 00:00:00+00:00,142.65,143.0,123.8979,49.159912,3.1107166,0.625,-10.0,17693.538479674957,0.0,17683.538479674957,0,,16446.244
2022-03-03 00:00:00+00:00,143.62,145.47,124.02235,50.24361,3.0828595,0.6512534879625986,-10.0,17999.15385286608,0.0,17989.15385286608,0,,16730.314
2022-03-04 00:00:00+00:00,143.5,147.3,124.16495,61.222183,3.0828595,0.6666666666666666,-10.0,18225.581730743463,0.0,18215.581730743463,0,,16940.781
2022-03-07 00:00:00+00:00,146.89,144.84,124.30775,69.56761,3.2700021,0.625,-10.0,17921.20203087438,0.0,17911.20203087438,0,,16657.857
2022-03-08 00:00:00+00:00,144.43,144.41,124.43175,61.399223,3.2985742,0.625,-10.0,17867.9988468925,0.0,17857.9988468925,0,,16608.404
2022-03-09 00:00:00+00:00,146.45,145.83,124.55345,57.48597,3.2585733,0.625,-10.0,18043.696620931383,0.0,18033.696620931383,0,,16771.717
2022-03-10 00:00:00+00:00,145.1,146.17,124.69,57.852097,3.2942874,0.625,-10.0,18085.765414527672,0.0,18075.765414527672,0,,16810.82
2022-03-11 00:00:00+00:00,146.09,144.56,124.8459,60.431652,3.3878589,0.625,-10.0,17886.558291366582,0.0,17876.558291366582,0,,16625.656
2022-03-14 00:00:00+00:00,145.99,146.15,124.9953,57.478004,3.3778577,0.625,-10.0,18083.289775392648,0.0,18073.289775392648,0,,16808.52
2022-03-15 00:00:00+00:00,146.97,151.39,125.151,63.24017,3.4000003,0.625,-10.0,18731.641253900958,0.0,18721.641253900958,0,,17411.166
2022-03-16 00:00:00+00:00,151.68,150.5,125.33425,73.59462,3.60643,0.6111111111111112,-10.0,18621.520450275762,0.0,18611.520450275762,0,,17308.807
2022-03-17 00:00:00+00:00,150.03,152.2,125.51515,75.753876,3.6035724,0.625,-10.0,18831.863116218177,0.0,18821.863116218177,0,,17504.322
2022-03-18 00:00:00+00:00,152.21,152.0,125.70055,73.174034,3.4764285,0.625,-10.0,18807.117219505628,0.0,18797.117219505628,0,,17481.32
2022-03-21 00:00:00+00:00,152.6,153.18,125.87655,71.75013,3.334999,0.625,-10.0,18953.11964178697,0.0,18943.11964178697,0,,17617.031
2022-03-22 00:00:00+00:00,153.81,152.11,126.057846,75.03349,3.3899982,0.625,-10.0,18820.72854680075,0.0,18810.72854680075,0,,17493.973
2022-03-23 00:00:00+00:00,152.01,151.53,126.2271,70.30765,3.4557126,0.6347910007420623,-10.0,18748.964575555703,0.0,18738.964575555703,0,,17427.268
2022-03-24 00:00:00+00:00,152.48,152.61,126.39525,64.75172,3.4049988,0.625,-10.0,18882.593789609255,0.0,18872.593789609255,0,,17551.477
2022-03-25 00:00:00+00:00,152.84,154.69,126.5713,63.415874,3.202142,0.6563011515442263,-10.0,19139.95515346693,0.0,19129.95515346693,0,,17790.695
2022-03-28 00:00:00+00:00,154.05,154.73,126.74005,75.37357,3.1378555,0.625,-10.0,19144.90407499573,0.0,19134.90407499573,0,,17795.295
2022-03-29 00:00:00+00:00,155.1,155.04,126.9145,77.12936,3.0614276,0.625,-10.0,19183.259575441618,0.0,19173.259575441618,0,,17830.947
2022-03-30 00:00:00+00:00,155.43,155.14,127.09605,75.71191,3.0049994,0.625,-10.0,19195.6335733162,0.0,19185.6335733162,0,,17842.45
2022-03-31 00:00:00+00:00,154.65,154.71,127.276596,75.382034,2.9407141,0.625,-10.0,19142.430648518715,0.0,19132.430648518715,0,,17792.996
2022-04-01 00:00:00+00:00,154.93,156.52,127.45835,80.776306,2.9271436,0.625,-10.0,19366.38404892511,0.0,19356.38404892511,0,,18001.162
2022-04-04 00:00:00+00:00,156.01,154.75,127.6504,81.029396,2.9435718,0.625,-10.0,19147.379464750815,0.0,19137.379464750815,0,,17797.596
2022-04-05 00:00:00+00:00,154.62,155.76,127.85205,62.688847,2.75,0.6527717511413925,-10.0,19272.346548480993,0.0,19262.346548480993,0,,17913.752
2022-04-06 00:00:00+00:00,155.46,158.14,128.04774,69.68565,2.6364288,0.625,-10.0,19566.82816401139,0.0,19556.82816401139,0,,18187.475
2022-04-07 00:00:00+00:00,158.13,162.92,128.255,71.153885,2.6871436,0.625,-10.0,20158.26195717257,0.0,20148.26195717257,0,,18737.217
2022-04-08 00:00:00+00:00,163.52,165.44,128.49055,79.32333,2.9692862,0.625,-10.0,20470.065174551306,0.0,20460.065174551306,0,,19027.04
2022-04-11 00:00:00+00:00,165.7,162.65,128.74036,80.711464,2.9850006,0.625,-10.0,20124.854299272803,0.0,20114.854299272803,0,,18706.164
2022-04-12 00:00:00+00:00,161.19,162.62,128.9719,74.30809,3.0835724,0.6049399601710516,-10.0,20121.142938627392,0.0,20111.142938627392,0,,18702.713
2022-04-13 00:00:00+00:00,162.63,162.96,129.2113,76.242294,3.1992862,0.625,-10.0,20163.212460293034,0.0,20153.212460293034,0,,18741.818
2022-04-14 00:00:00+00:00,163.29,161.21,129.4539,75.38009,3.2850003,0.625,-10.0,19946.68275342474,0.0,19936.68275342474,0,,18540.55
2022-04-18 00:00:00+00:00,160.34,161.9,129.6875,66.25124,3.3621433,0.6666666666666666,-10.0,20032.056357433765,0.0,20022.056357433765,0,,18619.906
2022-04-19 00:00:00+00:00,162.38,162.85,129.9148,67.31047,3.3685718,0.6666666666666666,-10.0,20149.601236164774,0.0,20139.601236164774,0,,18729.166
2022-04-20 00:00:00+00:00,163.65,165.73,130.14595,68.29041,3.3600006,0.6273042338879935,-10.0,20505.945654998926,0.0,20495.945654998926,0,,19060.39
2022-04-21 00:00:00+00:00,165.69,165.02,130.3975,71.94363,3.450714,0.625,-10.0,20418.097686777775,0.0,20408.097686777775,0,,18978.734
2022-04-22 00:00:00+00:00,163.5,159.0,130.6474,71.118385,3.4649997,0.625,-10.0,19673.236768958308,0.0,19663.236768958308,0,,18286.383
2022-04-25 00:00:00+00:00,158.36,158.47,130.8702,54.332626,3.6671426,0.625,-10.0,19607.659375601317,0.0,19597.659375601317,0,,18225.43
2022-04-26 00:00:00+00:00,157.92,157.25,131.0869,56.79328,3.729285,0.6612822226654232,-10.0,19456.706768191874,0.0,19446.706768191874,0,,18085.117
2022-04-27 00:00:00+00:00,157.4,157.46,131.2954,52.700264,3.8335712,0.625,-10.0,19482.691232589787,0.0,19472.691232589787,0,,18109.27
2022-04-28 00:00:00+00:00,157.82,157.75,131.51164,48.662487,3.865,0.625,-10.0,19518.571809778787,0.0,19508.571809778787,0,,18142.621
2022-04-29 00:00:00+00:00,156.96,151.29,131.7326,37.649315,3.550001,0.625,-10.0,18719.268837620948,0.0,18709.268837620948,0,,17399.666
2022-05-02 00:00:00+00:00,152.27,148.97,131.92325,21.552065,3.768572,0.5232558139534884,-10.0,18432.21399068269,0.0,18422.21399068269,0,,17132.846
2022-05-03 00:00:00+00:00,149.39,150.76,132.1037,21.96722,3.8121426,0.5232558139534884,-10.0,18653.692147893616,0.0,18643.692147893616,0,,17338.71
2022-05-04 00:00:00+00:00,153.64,156.79,132.2945,27.331793,3.7507138,0.5232558139534884,-10.0,19399.79020097293,0.0,19389.79020097293,0,,18032.213
2022-05-05 00:00:00+00:00,154.87,155.19,132.496,40.313942,4.064999,0.625,-10.0,19201.821689323097,0.0,19191.821689323097,0,,17848.201
2022-05-06 00:00:00+00:00,154.4,159.01,132.68085,40.504715,4.0335703,0.5869565217391305,-10.0,19674.47318901409,0.0,19664.47318901409,0,,18287.533
2022-05-09 00:00:00+00:00,158.26,157.32,132.8767,45.851276,4.230713,0.5232558139534884,-10.0,19465.369664996382,0.0,19455.369664996382,0,,18093.172
2022-05-10 00:00:00+00:00,157.95,159.65,133.05675,42.226585,4.3107123,0.5232558139534884,-10.0,19753.660411424094,0.0,19743.660411424094,0,,18361.139
2022-05-11 00:00:00+00:00,159.75,161.3,133.25105,41.31923,4.305712,0.5232558139534884,-10.0,19957.818580496918,0.0,19947.818580496918,0,,18550.904
2022-05-12 00:00:00+00:00,148.69,151.61,133.4505,44.82758,4.4749975,0.5869565217391305,-10.0,18758.864823882603,0.0,18748.864823882603,0,,17436.47
2022-05-13 00:00:00+00:00,151.88,152.89,133.60185,40.676247,5.149997,0.6666666666666666,-10.0,18917.241408343558,0.0,18907.241408343558,0,,17583.682
2022-05-16 00:00:00+00:00,153.82,154.55,133.75275,43.09063,5.1735687,0.6326228715118128,-10.0,19122.634654783316,0.0,19112.634654783316,0,,17774.596
2022-05-17 00:00:00+00:00,155.67,156.93,133.91464,46.6928,5.1071396,0.625,-10.0,19417.112826215918,0.0,19407.112826215918,0,,18048.314
2022-05-18 00:00:00+00:00,156.93,151.11,134.08565,49.38356,5.1764255,0.625,-10.0,18696.999170023675,0.0,18686.999170023675,0,,17378.965
2022-05-19 00:00:00+00:00,149.43,149.38,134.22266,43.15745,5.526425,0.6666666666666666,-10.0,18482.945413096288,0.0,18472.945413096288,0,,17180.002
2022-05-20 00:00:00+00:00,149.59,150.18,134.3418,47.819145,5.3292823,0.6344822947155457,-10.0,18581.928204965683,0.0,18571.928204965683,0,,17272.006
2022-05-23 00:00:00+00:00,151.91,152.7,134.48325,51.431267,5.2257113,0.655277334576692,-10.0,18893.731094566792,0.0,18883.731094566792,0,,17561.828
2022-05-24 00:00:00+00:00,153.0,153.08,134.64355,52.25582,5.294997,0.5869565217391305,-10.0,18940.750281818142,0.0,18930.750281818142,0,,17605.533
2022-05-25 00:00:00+00:00,152.69,154.27,134.8078,45.03347,5.040713,0.625,-10.0,19087.991071544835,0.0,19077.991071544835,0,,17742.395
2022-05-26 00:00:00+00:00,157.17,155.8,134.9843,48.754738,5.025712,0.5232558139534884,-10.0,19277.298453317493,0.0,19267.298453317493,0,,17918.357
2022-05-27 00:00:00+00:00,155.53,156.86,135.1671,45.367973,4.9335685,0.5232558139534884,-10.0,19408.454093755834,0.0,19398.454093755834,0,,18040.266
2022-05-31 00:00:00+00:00,156.0,154.79,135.3512,49.323917,4.899282,0.5869565217391305,-10.0,19152.32988668765,0.0,19142.32988668765,0,,17802.197
2022-06-01 00:00:00+00:00,156.47,150.01,135.5273,42.80213,4.869283,0.6666666666666666,-10.0,18560.895015074027,0.0,18550.895015074027,0,,17252.455
2022-06-02 00:00:00+00:00,149.92,148.21,135.677,34.69773,5.3028555,0.625,-10.0,18338.180418249704,0.0,18328.180418249704,0,,17045.441
2022-06-03 00:00:00+00:00,147.65,147.03,135.81335,44.137936,4.519999,0.6111111111111112,-10.0,18192.17640974507,0.0,18182.17640974507,0,,16909.729
2022-06-06 00:00:00+00:00,147.19,146.89,135.9556,39.861584,4.392856,0.6666666666666666,-10.0,18174.854106798877,0.0,18164.854106798877,0,,16893.627
2022-06-07 00:00:00+00:00,147.74,149.56,136.09375,36.01167,4.2557135,0.625,-10.0,18505.216853437007,0.0,18495.216853437007,0,,17200.701
2022-06-08 00:00:00+00:00,148.84,146.42,136.24385,36.682327,4.1485705,0.625,-10.0,18116.701645455705,0.0,18106.701645455705,0,,16839.574
2022-06-09 00:00:00+00:00,145.39,143.96,136.37755,40.616238,3.9092844,0.625,-10.0,17812.324027446284,0.0,17802.324027446284,0,,16556.654
2022-06-10 00:00:00+00:00,142.54,144.45,136.50735,39.46345,3.8085697,0.625,-10.0,17872.951186997863,0.0,17862.951186997863,0,,16613.008
2022-06-13 00:00:00+00:00,142.23,141.52,136.63914,38.724915,3.816428,0.6111111111111112,-10.0,17510.420558931128,0.0,17500.420558931128,0,,16276.034
2022-06-14 00:00:00+00:00,141.51,141.21,136.7627,28.350111,3.7957132,0.6442157991005414,-10.0,17472.064495830986,0.0,17462.064495830986,0,,16240.382
2022-06-15 00:00:00+00:00,141.28,142.31,136.8693,26.951439,3.7178552,0.647671981486173,-10.0,17608.167178717118,0.0,17598.167178717118,0,,16366.891
2022-06-16 00:00:00+00:00,140.81,140.96,136.98325,26.695194,3.7135708,0.625,-10.0,17441.131561425525,0.0,17431.131561425525,0,,16211.63
2022-06-17 00:00:00+00:00,141.53,140.68,137.077,20.87907,3.6871426,0.625,-10.0,17406.484690771944,0.0,17396.484690771944,0,,16179.426
2022-06-21 00:00:00+00:00,140.67,143.26,137.16699,17.246902,3.7157147,0.6666666666666666,-10.0,17725.71117319697,0.0,17715.71117319697,0,,16476.148
2022-06-22 00:00:00+00:00,142.81,145.02,137.25839,27.132057,3.8042853,0.5869565217391305,-10.0,17943.479883105378,0.0,17933.479883105378,0,,16678.566
2022-06-23 00:00:00+00:00,145.91,144.6,137.3578,38.756203,3.191427,0.5232558139534884,-10.0,17891.513231186476,0.0,17881.513231186476,0,,16630.262
2022-06-24 00:00:00+00:00,145.57,148.46,137.45975,41.326275,3.0521405,0.625,-10.0,18369.11461330293,0.0,18359.11461330293,0,,17074.195
2022-06-27 00:00:00+00:00,148.31,149.22,137.5805,53.04387,3.3164258,0.625,-10.0,18463.14986788141,0.0,18453.14986788141,0,,17161.602
2022-06-28 00:00:00+00:00,148.9,143.19,137.7086,54.83203,3.3278546,0.5232558139534884,-10.0,17717.052109303484,0.0,17707.052109303484,0,,16468.1
2022-06-29 00:00:00+00:00,143.89,143.58,137.8105,38.40553,3.5792835,0.6557424711215563,-10.0,17765.307935132198,0.0,17755.307935132198,0,,16512.953
2022-06-30 00:00:00+00:00,142.29,141.48,137.9102,44.255665,3.449284,0.6666666666666666,-10.0,17505.472076646827,0.0,17495.472076646827,0,,16271.434
2022-07-01 00:00:00+00:00,141.85,143.14,138.00215,44.909664,3.442142,0.6666666666666666,-10.0,17710.86683214666,0.0,17700.86683214666,0,,16462.35
2022-07-05 00:00:00+00:00,142.25,140.71,138.08885,47.434395,3.4749985,0.6666666666666666,-10.0,17410.200842767692,0.0,17400.200842767692,0,,16182.879
2022-07-06 00:00:00+00:00,140.29,139.84,138.17125,48.381947,3.5778558,0.6666666666666666,-10.0,17302.55307962131,0.0,17292.55307962131,0,,16082.819
2022-07-07 00:00:00+00:00,140.45,140.79,138.2531,47.323154,3.5535703,0.6666666666666666,-10.0,17420.09795654266,0.0,17410.09795654266,0,,16192.078
2022-07-08 00:00:00+00:00,141.0,142.55,138.3472,47.012573,3.480713,0.6666666666666666,-10.0,17637.866624754453,0.0,17627.866624754453,0,,16394.496
2022-07-11 00:00:00+00:00,140.81,141.32,138.45245,53.075424,3.470713,0.625,-10.0,17485.67746022326,0.0,17475.67746022326,0,,16253.035
2022-07-12 00:00:00+00:00,141.17,141.38,138.5486,51.194057,3.4785702,0.625,-10.0,17493.100205145405,0.0,17483.100205145405,0,,16259.935
2022-07-13 00:00:00+00:00,140.14,139.11,138.64275,46.128525,3.3957126,0.625,-10.0,17212.22992482826,0.0,17202.22992482826,0,,15998.864
2022-07-14 00:00:00+00:00,137.06,139.53,138.7268,38.07987,3.3535712,0.625,-10.0,17264.19732481955,0.0,17254.19732481955,0,,16047.168
2022-07-15 00:00:00+00:00,141.53,142.22,138.8113,39.77409,3.415001,0.625,-10.0,17597.03383931148,0.0,17587.03383931148,0,,16356.541
2022-07-18 00:00:00+00:00,142.36,140.4,138.91595,36.790848,3.1964297,0.625,-10.0,17371.84253431188,0.0,17361.84253431188,0,,16147.225
2022-07-19 00:00:00+00:00,141.81,143.09,139.00545,32.131283,3.268572,0.625340037049215,-10.0,17704.67931435926,0.0,17694.67931435926,0,,16456.598
2022-07-20 00:00:00+00:00,143.06,141.49,139.12366,49.765686,2.9935718,0.6666666666666666,-10.0,17506.710686547875,0.0,17496.710686547875,0,,16272.585
2022-07-21 00:00:00+00:00,141.38,142.14,139.23206,45.365864,3.0628574,0.6666666666666666,-10.0,17587.135962079585,0.0,17577.135962079585,0,,16347.342
2022-07-22 00:00:00+00:00,143.47,142.5,139.3511,51.563988,3.0514286,0.625,-10.0,17631.67926302419,0.0,17621.67926302419,0,,16388.746
2022-07-25 00:00:00+00:00,143.09,144.15,139.47055,48.38384,2.9271426,0.6286737027833627,-10.0,17835.835022656396,0.0,17825.835022656396,0,,16578.51
2022-07-26 00:00:00+00:00,144.57,145.2,139.6068,59.043076,2.8099997,0.5232558139534884,-10.0,17965.752051487565,0.0,17955.752051487565,0,,16699.27
2022-07-27 00:00:00+00:00,144.41,145.07,139.73994,63.958336,2.7621417,0.625,-10.0,17949.668000604906,0.0,17939.668000604906,0,,16684.318
2022-07-28 00:00:00+00:00,144.89,145.57,139.86845,61.643135,2.8221424,0.625,-10.0,18011.532949024655,0.0,18001.532949024655,0,,16741.822
2022-07-29 00:00:00+00:00,145.34,145.93,139.9843,58.820118,2.787142,0.625,-10.0,18056.07326363878,0.0,18046.07326363878,0,,16783.223
2022-08-01 00:00:00+00:00,145.5,145.93,140.1153,64.18459,2.679999,0.625,-10.0,18056.07326363878,0.0,18046.07326363878,0,,16783.223
2022-08-02 00:00:00+00:00,146.31,142.81,140.25075,64.05187,2.635,0.625,-10.0,17670.033209822897,0.0,17660.033209822897,0,,16424.396
2022-08-03 00:00:00+00:00,143.04,139.0,140.36424,60.856823,2.769286,0.5869565217391305,-10.0,17198.617917525065,0.0,17188.617917525065,0,,15986.214
2022-08-04 00:00:00+00:00,141.31,139.27,140.45995,48.70289,3.049286,0.6666666666666666,-10.0,17232.026497228166,0.0,17222.026497228166,0,,16017.268
2022-08-05 00:00:00+00:00,138.78,141.31,140.5644,41.810097,3.3814282,0.625,-10.0,17484.436435065338,0.0,17474.436435065338,0,,16251.885
2022-08-08 00:00:00+00:00,141.55,140.62,140.67175,52.495903,3.3542862,0.625,-10.0,17399.062168131124,0.0,17389.062168131124,0,,16172.528
2022-08-09 00:00:00+00:00,141.67,144.72,140.7636,42.390606,3.2771432,0.625,-10.0,17906.36114089635,0.0,17896.36114089635,0,,16644.064
2022-08-10 00:00:00+00:00,145.41,145.58,140.87366,58.622536,3.4671435,0.5869565217391305,-10.0,18012.769045105553,0.0,18002.769045105553,0,,16742.973
2022-08-11 00:00:00+00:00,144.8,148.22,140.98495,59.08133,3.4285715,0.625,-10.0,18339.419003320258,0.0,18329.419003320258,0,,17046.594
2022-08-12 00:00:00+00:00,148.16,150.5,141.11305,63.47787,3.557857,0.5232558139534884,-10.0,18621.52563523707,0.0,18611.52563523707,0,,17308.814
2022-08-15 00:00:00+00:00,149.69,150.82,141.25075,64.53092,3.528571,0.5232558139534884,-10.0,18661.121257389845,0.0,18651.121257389845,0,,17345.62
2022-08-16 00:00:00+00:00,150.47,152.66,141.4071,63.304962,3.6507144,0.5232558139534884,-10.0,18888.78689757741,0.0,18878.78689757741,0,,17557.236
2022-08-17 00:00:00+00:00,152.0,149.53,141.5669,66.62286,3.6564276,0.6649411021692297,-10.0,18501.508140424663,0.0,18491.508140424663,0,,17197.258
2022-08-18 00:00:00+00:00,149.92,149.91,141.70445,57.77689,3.732858,0.625,-10.0,18548.52609030831,0.0,18538.52609030831,0,,17240.96
2022-08-19 00:00:00+00:00,150.52,152.03,141.83995,57.810066,3.8185718,0.6373863099377063,-10.0,18810.83559983519,0.0,18800.83559983519,0,,17484.781
2022-08-22 00:00:00+00:00,151.5,148.99,141.9741,61.05073,3.8228574,0.625,-10.0,18434.69436790935,0.0,18424.69436790935,0,,17135.154
2022-08-23 00:00:00+00:00,148.55,148.02,142.0776,61.22821,3.7607138,0.6666666666666666,-10.0,18314.675361393725,0.0,18304.675361393725,0,,17023.598
2022-08-24 00:00:00+00:00,148.38,148.23,142.1838,68.27391,3.334999,0.6666666666666666,-10.0,18340.658569987565,0.0,18330.658569987565,0,,17047.748
2022-08-25 00:00:00+00:00,148.27,150.42,142.2871,68.19657,2.9214282,0.6666666666666666,-10.0,18611.629374742057,0.0,18601.629374742057,0,,17299.617
2022-08-26 00:00:00+00:00,150.46,146.19,142.4093,68.389175,2.9342847,0.625,-10.0,18088.247408837477,0.0,18078.247408837477,0,,16813.13
2022-08-29 00:00:00+00:00,145.01,147.49,142.5169,59.83753,3.1499994,0.625,-10.0,18249.097803051824,0.0,18239.097803051824,0,,16962.64
2022-08-30 00:00:00+00:00,146.88,145.43,142.62595,55.429253,3.0892847,0.625,-10.0,17994.209799691245,0.0,17984.209799691245,0,,16725.72
2022-08-31 00:00:00+00:00,145.63,146.56,142.72466,49.71919,3.1278567,0.625,-10.0,18134.025916351347,0.0,18124.025916351347,0,,16855.682
2022-09-01 00:00:00+00:00,146.56,147.61,142.83075,46.706345,2.980715,0.6623973375593155,-10.0,18263.944589812643,0.0,18253.944589812643,0,,16976.441
2022-09-02 00:00:00+00:00,148.05,147.71,142.9467,43.971638,2.9450018,0.6666666666666666,-10.0,18276.317798467036,0.0,18266.317798467036,0,,16987.943
2022-09-06 00:00:00+00:00,148.04,146.02,143.06595,43.452633,2.9478595,0.8,-10.0,18067.212050130307,0.0,18057.212050130307,0,,16793.578
2022-09-07 00:00:00+00:00,145.9,147.84,143.1727,35.932217,2.9850028,0.625,-10.0,18292.40262085592,0.0,18282.40262085592,0,,17002.895
2022-09-08 00:00:00+00:00,147.53,147.54,143.28944,46.209057,2.9371448,0.625,-10.0,18255.28294335835,0.0,18245.28294335835,0,,16968.39
2022-09-09 00:00:00+00:00,147.54,147.27,143.42455,44.664543,2.878574,0.8,-10.0,18221.877195846722,0.0,18211.877195846722,0,,16937.34
2022-09-12 00:00:00+00:00,148.06,147.71,143.5553,38.310425,2.789288,0.625,-10.0,18276.319471389877,0.0,18266.319471389877,0,,16987.945
2022-09-13 00:00:00+00:00,146.34,140.98,143.67555,46.3964,2.7178595,0.625,-10.0,17443.607828957327,0.0,17433.607828957327,0,,16213.935
2022-09-14 00:00:00+00:00,140.96,140.11,143.76324,35.034008,3.1278598,0.8,-10.0,17335.96249320225,0.0,17325.96249320225,0,,16113.877
2022-09-15 00:00:00+00:00,140.9,139.81,143.86266,33.20929,3.2157168,0.625,-10.0,17298.843117696604,0.0,17288.843117696604,0,,16079.375
2022-09-16 00:00:00+00:00,139.68,140.55,143.96056,26.200113,3.1328595,0.625,-10.0,17390.404033932733,0.0,17380.404033932733,0,,16164.48
2022-09-19 00:00:00+00:00,139.53,140.37,144.08455,35.000027,2.9200025,0.8,-10.0,17368.13170868657,0.0,17358.13170868657,0,,16143.778
2022-09-20 00:00:00+00:00,139.68,138.9,144.216,29.864267,2.723574,0.625,-10.0,17186.246428266917,0.0,17176.246428266917,0,,15974.715
2022-09-21 00:00:00+00:00,139.93,139.12,144.3315,30.895294,2.6957169,0.625,-10.0,17213.468305399856,0.0,17203.468305399856,0,,16000.019
2022-09-22 00:00:00+00:00,139.09,140.01,144.4433,27.008678,2.780002,0.5754716981132076,-10.0,17323.589171294327,0.0,17313.589171294327,0,,16102.376
2022-09-23 00:00:00+00:00,139.32,137.2,144.54884,26.279661,2.7757165,0.5754716981132076,-10.0,16975.90548536098,0.0,16965.90548536098,0,,15779.202
2022-09-26 00:00:00+00:00,136.36,136.35,144.63725,21.943398,2.8742871,0.625,-10.0,16870.735554888433,0.0,16860.735554888433,0,,15681.445
2022-09-27 00:00:00+00:00,137.02,135.44,144.71475,22.973732,2.7357156,0.5754716981132076,-10.0,16758.13940058298,0.0,16748.13940058298,0,,15576.787
2022-09-28 00:00:00+00:00,137.11,138.41,144.7835,13.486496,2.7064297,0.8,-10.0,17125.62107844148,0.0,17115.62107844148,0,,15918.363
2022-09-29 00:00:00+00:00,138.4,136.07,144.8599,26.768484,2.8407147,0.5754716981132076,-10.0,16836.0908510969,0.0,16826.0908510969,0,,15649.243
2022-09-30 00:00:00+00:00,136.6,135.33,144.92764,24.217339,2.9664295,0.8,-10.0,16744.528663339657,0.0,16734.528663339657,0,,15564.137
2022-10-03 00:00:00+00:00,136.27,139.31,144.9878,21.889206,2.9657156,0.8,-10.0,17236.977344204137,0.0,17226.977344204137,0,,16021.87
2022-10-04 00:00:00+00:00,140.02,142.73,145.0655,45.666847,2.758572,0.625,-10.0,17660.138302891606,0.0,17650.138302891606,0,,16415.201
2022-10-05 00:00:00+00:00,141.84,142.45,145.15926,56.003654,2.808573,0.625,-10.0,17625.494267085858,0.0,17615.494267085858,0,,16382.999
2022-10-06 00:00:00+00:00,142.14,139.91,145.2456,56.055042,2.8700016,0.8,-10.0,17311.217796216497,0.0,17301.217796216497,0,,16090.877
2022-10-07 00:00:00+00:00,138.8,137.35,145.3151,48.64407,2.9321442,0.8,-10.0,16994.466933672764,0.0,16984.466933672764,0,,15796.455
2022-10-10 00:00:00+00:00,137.68,137.62,145.3638,44.187855,3.0321448,0.8,-10.0,17027.871971227185,0.0,17017.871971227185,0,,15827.506
2022-10-11 00:00:00+00:00,139.37,141.71,145.41286,47.41727,3.0185733,0.8,-10.0,17533.933364209042,0.0,17523.933364209042,0,,16297.893
2022-10-12 00:00:00+00:00,142.74,138.94,145.47375,54.520092,3.1814303,0.625,-10.0,17191.197820767735,0.0,17181.197820767735,0,,15979.317
2022-10-13 00:00:00+00:00,136.85,142.05,145.50896,48.24764,3.335715,0.8,-10.0,17576.00231081039,0.0,17566.00231081039,0,,16336.995
2022-10-14 00:00:00+00:00,143.31,140.6,145.5574,57.86573,3.4678586,0.5754716981132076,-10.0,17396.592577292016,0.0,17386.592577292016,0,,16170.233
2022-10-17 00:00:00+00:00,141.45,142.38,145.5937,56.76106,3.63643,0.625,-10.0,17616.833901205162,0.0,17606.833901205162,0,,16374.949
2022-10-18 00:00:00+00:00,144.22,143.99,145.63675,60.743042,3.6392865,0.625,-10.0,17816.040062290853,0.0,17806.040062290853,0,,16560.111
2022-10-19 00:00:00+00:00,143.9,142.99,145.69225,59.01746,3.5757153,0.625,-10.0,17692.30847655351,0.0,17682.30847655351,0,,16445.104
2022-10-20 00:00:00+00:00,143.33,142.77,145.7441,61.68919,3.566428,0.8,-10.0,17665.087538424963,0.0,17655.087538424963,0,,16419.8
2022-10-21 00:00:00+00:00,142.47,147.73,145.80115,62.79231,3.5235705,0.8,-10.0,18278.793228489772,0.0,18268.793228489772,0,,16990.244
2022-10-24 00:00:00+00:00,149.19,150.1,145.8773,64.005325,3.6307132,0.625,-10.0,18572.036774535845,0.0,18562.036774535845,0,,17262.814
2022-10-25 00:00:00+00:00,149.04,152.77,145.97556,62.702538,3.5921414,0.5754716981132076,-10.0,18902.399354766403,0.0,18892.399354766403,0,,17569.889
2022-10-26 00:00:00+00:00,153.97,154.69,146.0738,66.433136,3.710713,0.625,-10.0,19139.96239940682,0.0,19129.96239940682,0,,17790.705
2022-10-27 00:00:00+00:00,155.35,155.9,146.17406,74.009094,3.6928558,0.5754716981132076,-10.0,19289.67588855776,0.0,19279.67588855776,0,,17929.863
2022-10-28 00:00:00+00:00,156.31,159.31,146.2713,81.51545,3.719998,0.5547445255474452,-10.0,19711.59891687618,0.0,19701.59891687618,0,,18322.043
2022-10-31 00:00:00+00:00,158.38,157.22,146.3893,83.29751,3.8249981,0.5754716981132076,-10.0,19453.001624381206,0.0,19443.001624381206,0,,18081.676
2022-11-01 00:00:00+00:00,157.37,156.32,146.50095,75.368004,3.6392834,0.5754716981132076,-10.0,19341.644276654053,0.0,19331.644276654053,0,,17978.168
2022-11-02 00:00:00+00:00,155.97,154.81,146.60155,80.27877,3.5221405,0.5754716981132076,-10.0,19154.80964947828,0.0,19144.80964947828,0,,17804.504
2022-11-03 00:00:00+00:00,152.99,157.84,146.70654,73.542435,3.305712,0.8,-10.0,19529.714809225832,0.0,19519.714809225832,0,,18152.98
2022-11-04 00:00:00+00:00,159.97,161.64,146.8338,80.05578,3.6435688,0.5754716981132076,-10.0,19999.893304157533,0.0,19989.893304157533,0,,18590.014
2022-11-07 00:00:00+00:00,161.94,162.01,146.9776,81.36807,4.112855,0.8,-10.0,20045.674195483774,0.0,20035.674195483774,0,,18632.568
2022-11-08 00:00:00+00:00,154.91,159.66,147.13005,80.58383,4.1264267,0.5754716981132076,-10.0,19754.907531027027,0.0,19744.907531027027,0,,18362.299
2022-11-09 00:00:00+00:00,159.66,158.19,147.2706,77.05292,4.4178553,0.625,-10.0,19573.02271703821,0.0,19563.02271703821,0,,18193.236
2022-11-10 00:00:00+00:00,161.2,155.0,147.40625,74.04867,4.6199985,0.625,-10.0,19178.320534942173,0.0,19168.320534942173,0,,17826.357
2022-11-11 00:00:00+00:00,155.52,153.01,147.5285,62.00067,4.737141,0.8,-10.0,18932.095423065122,0.0,18922.095423065122,0,,17597.49
2022-11-14 00:00:00+00:00,153.0,154.73,147.6201,54.864574,5.1478553,0.8,-10.0,19144.912591552285,0.0,19134.912591552285,0,,17795.305
2022-11-15 00:00:00+00:00,154.82,152.78,147.70975,53.383965,5.130712,0.5754716981132076,-10.0,18903.637535028756,0.0,18893.637535028756,0,,17571.04
2022-11-16 00:00:00+00:00,153.72,155.8,147.79265,46.705753,5.2728553,0.8,-10.0,19277.306607273327,0.0,19267.306607273327,0,,17918.365
2022-11-17 00:00:00+00:00,155.0,158.92,147.88335,49.837677,5.307141,0.625,-10.0,19663.346449048746,0.0,19653.346449048746,0,,18277.191
2022-11-18 00:00:00+00:00,160.0,162.0,147.99754,49.360867,5.3478546,0.625,-10.0,20044.437988788526,0.0,20034.437988788526,0,,18631.418
2022-11-21 00:00:00+00:00,162.0,160.3,148.11815,57.5873,5.3507123,0.5754716981132076,-10.0,19834.095365853223,0.0,19824.095365853223,0,,18435.904
2022-11-22 00:00:00+00:00,162.42,164.71,148.2366,56.160984,5.389283,0.5754716981132076,-10.0,20379.748811614532,0.0,20369.748811614532,0,,18943.092
2022-11-23 00:00:00+00:00,164.93,165.53,148.3631,64.062515,5.5121408,0.5547445255474452,-10.0,20481.20772707114,0.0,20471.20772707114,0,,19037.398
2022-11-25 00:00:00+00:00,166.58,167.7,148.47955,61.655056,5.0421405,0.5754716981132076,-10.0,20749.705005015945,0.0,20739.705005015945,0,,19286.967
2022-11-28 00:00:00+00:00,167.13,167.17,148.60345,59.66199,4.5378547,0.8,-10.0,20684.127282914676,0.0,20674.127282914676,0,,19226.012
2022-11-29 00:00:00+00:00,167.03,167.9,148.7316,58.185287,4.440713,0.5754716981132076,-10.0,20774.449809190843,0.0,20764.449809190843,0,,19309.967
2022-11-30 00:00:00+00:00,167.18,170.69,148.8699,63.77925,4.085714,0.625,-10.0,21119.660082063572,0.0,21109.660082063572,0,,19630.842
2022-12-01 00:00:00+00:00,170.99,171.63,149.02245,70.01922,4.075714,0.5754716981132076,-10.0,21235.96840602043,0.0,21225.96840602043,0,,19738.951
2022-12-02 00:00:00+00:00,171.41,173.99,149.1732,78.70211,3.7057147,0.8,-10.0,21527.97471787785,0.0,21517.97471787785,0,,20010.373
2022-12-05 00:00:00+00:00,173.17,171.28,149.3295,85.75326,3.3264291,0.5754716981132076,-10.0,21192.662575423645,0.0,21182.662575423645,0,,19698.7
2022-12-06 00:00:00+00:00,171.36,169.32,149.47536,77.28322,3.2735727,0.5754716981132076,-10.0,20950.150747207168,0.0,20940.150747207168,0,,19473.281
2022-12-07 00:00:00+00:00,170.01,170.29,149.61446,77.25777,3.1942868,0.8,-10.0,21070.16832870672,0.0,21060.16832870672,0,,19584.84
2022-12-08 00:00:00+00:00,171.02,170.46,149.7631,75.60976,3.0914295,0.625,-10.0,21091.20431700811,0.0,21081.20431700811,0,,19604.393
2022-12-09 00:00:00+00:00,165.51,165.33,149.91805,72.77034,2.9478586,0.8,-10.0,20456.463662604845,0.0,20446.463662604845,0,,19014.396
2022-12-12 00:00:00+00:00,165.99,167.2,150.0554,56.078865,3.1521442,0.8,-10.0,20687.8405166397,0.0,20677.8405166397,0,,19229.463
2022-12-13 00:00:00+00:00,167.92,165.03,150.1818,62.51813,3.067145,0.5754716981132076,-10.0,20419.344732251266,0.0,20409.344732251266,0,,18979.895
2022-12-14 00:00:00+00:00,165.47,165.27,150.2943,50.631897,2.9600024,0.5754716981132076,-10.0,20449.04167431048,0.0,20439.04167431048,0,,19007.496
2022-12-15 00:00:00+00:00,164.34,165.6,150.4108,49.474545,2.964288,0.5754716981132076,-10.0,20489.873412787794,0.0,20479.873412787794,0,,19045.451
2022-12-16 00:00:00+00:00,165.05,166.79,150.5238,45.414867,2.9400012,0.5754716981132076,-10.0,20637.112331249933,0.0,20627.112331249933,0,,19182.31
2022-12-19 00:00:00+00:00,167.02,167.22,150.6304,49.19354,3.0050006,0.5754716981132076,-10.0,20690.317681695196,0.0,20680.317681695196,0,,19231.766
2022-12-20 00:00:00+00:00,167.55,167.38,150.73,48.53828,3.0235715,0.625,-10.0,20710.116101174444,0.0,20700.116101174444,0,,19250.168
2022-12-21 00:00:00+00:00,168.25,169.32,150.8427,41.97771,2.817857,0.5754716981132076,-10.0,20950.153835464673,0.0,20940.153835464673,0,,19473.285
2022-12-22 00:00:00+00:00,169.33,169.27,150.96725,44.660202,2.8478568,0.5754716981132076,-10.0,20943.966395769392,0.0,20933.966395769392,0,,19467.533
2022-12-23 00:00:00+00:00,169.21,170.01,151.08446,37.78468,2.814999,0.625,-10.0,21035.525941246502,0.0,21025.525941246502,0,,19552.637
2022-12-27 00:00:00+00:00,170.0,169.0,151.20364,46.340042,2.7078564,0.8,-10.0,20910.55819507431,0.0,20900.55819507431,0,,19436.479
2022-12-28 00:00:00+00:00,169.56,167.36,151.32585,49.02437,2.5692847,0.8,-10.0,20707.639775318396,0.0,20697.639775318396,0,,19247.865
2022-12-29 00:00:00+00:00,168.0,166.05,151.4319,41.417717,2.5942852,0.625,-10.0,20545.552771695486,0.0,20535.552771695486,0,,19097.205
2022-12-30 00:00:00+00:00,166.04,165.71,151.5052,37.891254,2.6392844,0.5754716981132076,-10.0,20503.48495610479,0.0,20493.48495610479,0,,19058.102
2023-01-03 00:00:00+00:00,164.74,164.29,151.58125,51.415817,2.3564267,0.5754716981132076,-10.0,20327.78566099115,0.0,20317.78566099115,0,,18894.79
2023-01-04 00:00:00+00:00,164.72,162.87,151.6417,38.78179,2.4071414,0.5547445255474452,-10.0,20152.087130394637,0.0,20142.087130394637,0,,18731.477
2023-01-05 00:00:00+00:00,162.47,163.08,151.69604,41.162014,2.3621411,0.5547445255474452,-10.0,20178.070580140095,0.0,20168.070580140095,0,,18755.627
2023-01-06 00:00:00+00:00,164.63,165.71,151.74554,41.01722,2.364999,0.5754716981132076,-10.0,20503.484534441413,0.0,20493.484534441413,0,,19058.102
2023-01-09 00:00:00+00:00,166.21,164.97,151.81355,50.379574,2.4600003,0.5547445255474452,-10.0,20411.923362146506,0.0,20401.923362146506,0,,18972.996
2023-01-10 00:00:00+00:00,165.82,167.26,151.88075,43.51856,2.472143,0.5547445255474452,-10.0,20695.26791894367,0.0,20685.26791894367,0,,19236.365
2023-01-11 00:00:00+00:00,167.7,165.39,151.954,50.125767,2.519286,0.5754716981132076,-10.0,20463.891462081454,0.0,20453.891462081454,0,,19021.3
2023-01-12 00:00:00+00:00,165.26,164.9,152.0075,44.349785,2.6992862,0.5754716981132076,-10.0,20403.262917451986,0.0,20393.262917451986,0,,18964.945
2023-01-13 00:00:00+00:00,164.32,164.28,152.05835,36.32422,2.6314294,0.5547445255474452,-10.0,20326.55070121957,0.0,20316.55070121957,0,,18893.64
2023-01-17 00:00:00+00:00,164.28,164.16,152.10455,35.08665,2.5507147,0.5547445255474452,-10.0,20311.703072218224,0.0,20301.703072218224,0,,18879.84
2023-01-18 00:00:00+00:00,164.01,162.95,152.14964,31.843605,2.5514286,0.5547445255474452,-10.0,20161.987759676518,0.0,20151.987759676518,0,,18740.68
2023-01-19 00:00:00+00:00,162.96,162.94,152.19086,31.453102,2.557143,0.5547445255474452,-10.0,20160.751160862703,0.0,20150.751160862703,0,,18739.53
2023-01-20 00:00:00+00:00,163.88,162.21,152.22295,34.94552,2.5128577,0.5547445255474452,-10.0,20070.428505408123,0.0,20060.428505408123,0,,18655.574
2023-01-23 00:00:00+00:00,162.7,161.72,152.26025,36.383,2.538573,0.5547445255474452,-10.0,20009.79929332177,0.0,19999.79929332177,0,,18599.219
2023-01-24 00:00:00+00:00,161.14,161.43,152.29005,35.999996,2.5457165,0.5754716981132076,-10.0,19973.916413734423,0.0,19963.916413734423,0,,18565.865
2023-01-25 00:00:00+00:00,161.27,163.46,152.3065,39.100616,2.655001,0.5754716981132076,-10.0,20225.09139945935,0.0,20215.09139945935,0,,18799.334
2023-01-26 00:00:00+00:00,163.73,164.91,152.3092,52.148617,2.597144,0.5754716981132076,-10.0,20404.500128680764,0.0,20394.500128680764,0,,18966.096
2023-01-27 00:00:00+00:00,165.61,164.16,152.30655,56.112225,2.6121433,0.5754716981132076,-10.0,20311.701408749006,0.0,20301.701408749006,0,,18879.84
2023-01-30 00:00:00+00:00,164.46,165.31,152.3141,44.079445,2.5842862,0.5547445255474452,-10.0,20453.991659203566,0.0,20443.991659203566,0,,19012.098
2023-01-31 00:00:00+00:00,167.17,168.96,152.32755,51.259247,2.5371432,0.5547445255474452,-10.0,20905.612223798555,0.0,20895.612223798555,0,,19431.883
2023-02-01 00:00:00+00:00,168.15,161.05,152.35754,55.72009,2.595,0.5130434782608696,-10.0,19926.898999897276,0.0,19916.898999897276,0,,18522.162
2023-02-02 00:00:00+00:00,161.5,158.47,152.35675,39.617245,2.9292865,0.5754716981132076,-10.0,19607.67245377047,0.0,19597.67245377047,0,,18225.44
2023-02-03 00:00:00+00:00,159.35,156.73,152.3396,36.015686,3.0900006,0.5754716981132076,-10.0,19392.38001351108,0.0,19382.38001351108,0,,18025.324
2023-02-06 00:00:00+00:00,157.22,154.49,152.309,34.34261,3.2307162,0.5754716981132076,-10.0,19115.222929044878,0.0,19105.222929044878,0,,17767.705
2023-02-07 00:00:00+00:00,154.23,156.79,152.2528,31.56693,3.3600018,0.8,-10.0,19399.80217398238,0.0,19389.80217398238,0,,18032.223
2023-02-08 00:00:00+00:00,156.46,157.85,152.21165,38.726204,3.5514297,0.625,-10.0,19530.958735439664,0.0,19520.958735439664,0,,18154.133
2023-02-09 00:00:00+00:00,157.7,155.02,152.2059,41.02927,3.587859,0.625,-10.0,19180.79947498345,0.0,19170.79947498345,0,,17828.658
2023-02-10 00:00:00+00:00,155.73,159.03,152.18864,38.20152,3.5957162,0.5754716981132076,-10.0,19676.960366096147,0.0,19666.960366096147,0,,18289.842
2023-02-13 00:00:00+00:00,158.89,158.61,152.19756,46.042953,3.7450016,0.625,-10.0,19624.993076835442,0.0,19614.993076835442,0,,18241.54
2023-02-14 00:00:00+00:00,159.28,157.36,152.20331,45.86754,3.5571454,0.625,-10.0,19470.328786311184,0.0,19460.328786311184,0,,18097.777
2023-02-15 00:00:00+00:00,156.61,158.81,152.20135,40.851818,3.6257172,0.625,-10.0,19649.738529166672,0.0,19639.738529166672,0,,18264.54
2023-02-16 00:00:00+00:00,158.15,160.47,152.23895,40.851818,3.6871457,0.625,-10.0,19855.132281406786,0.0,19845.132281406786,0,,18455.455
2023-02-17 00:00:00+00:00,160.7,161.49,152.29645,44.613136,3.7157168,0.625,-10.0,19981.338620811,0.0,19971.338620811,0,,18572.764
2023-02-21 00:00:00+00:00,160.8,160.84,152.3501,44.402122,3.8235736,0.5754716981132076,-10.0,19900.91170152574,0.0,19890.91170152574,0,,18498.006
2023-02-22 00:00:00+00:00,160.99,160.13,152.37035,36.953716,3.6728592,0.625,-10.0,19813.063895328138,0.0,19803.063895328138,0,,18416.352
2023-02-23 00:00:00+00:00,159.85,159.5,152.39505,48.076927,3.2157156,0.625,-10.0,19735.11288673774,0.0,19725.11288673774,0,,18343.896
2023-02-24 00:00:00+00:00,159.19,158.57,152.3975,52.3441,3.1242862,0.8,-10.0,19620.044438384542,0.0,19610.044438384542,0,,18236.94
2023-02-27 00:00:00+00:00,158.86,156.63,152.40375,54.347855,3.162857,0.625,-10.0,19380.00633663191,0.0,19370.00633663191,0,,18013.822
2023-02-28 00:00:00+00:00,156.0,155.56,152.38866,55.129433,3.1857147,0.8,-10.0,19247.61361508299,0.0,19237.61361508299,0,,17890.762
2023-03-01 00:00:00+00:00,155.07,156.51,152.35995,46.867054,3.0135727,0.625,-10.0,19365.158265862607,0.0,19355.158265862607,0,,18000.021
2023-03-02 00:00:00+00:00,156.49,154.9,152.38445,46.567593,2.9885712,0.8,-10.0,19165.9514463692,0.0,19155.9514463692,0,,17814.857
2023-03-03 00:00:00+00:00,155.54,156.15,152.3945,49.672104,2.9099994,0.625,-10.0,19320.615952948898,0.0,19310.615952948898,0,,17958.62
2023-03-06 00:00:00+00:00,155.51,156.46,152.4025,40.73358,2.8107135,0.5754716981132076,-10.0,19358.97339414539,0.0,19348.97339414539,0,,17994.271
2023-03-07 00:00:00+00:00,156.81,153.21,152.40015,43.03308,2.8442852,0.625,-10.0,18956.846872682418,0.0,18946.846872682418,0,,17620.494
2023-03-08 00:00:00+00:00,153.47,151.86,152.41064,38.095272,2.902142,0.625,-10.0,18789.809112252893,0.0,18779.809112252893,0,,17465.23
2023-03-09 00:00:00+00:00,152.58,150.0,152.42305,29.948112,2.8885705,0.5754716981132076,-10.0,18559.669672868687,0.0,18549.669672868687,0,,17251.314
2023-03-10 00:00:00+00:00,150.26,149.6,152.42215,20.136955,2.9064276,0.625,-10.0,18510.17748885589,0.0,18500.17748885589,0,,17205.31
2023-03-13 00:00:00+00:00,148.81,148.37,152.40665,14.843329,2.902857,0.625,-10.0,18357.987107378547,0.0,18347.987107378547,0,,17063.85
2023-03-14 00:00:00+00:00,149.36,149.29,152.3831,14.351096,3.047857,0.625,-10.0,18471.818949251512,0.0,18461.818949251512,0,,17169.656
2023-03-15 00:00:00+00:00,148.09,149.61,152.3582,19.378546,3.1007144,0.5754716981132076,-10.0,18511.41333446137,0.0,18501.41333446137,0,,17206.46
2023-03-16 00:00:00+00:00,149.29,152.05,152.32726,21.564167,3.0850012,0.5754716981132076,-10.0,18813.31860524062,0.0,18803.31860524062,0,,17487.082
2023-03-17 00:00:00+00:00,151.86,152.02,152.3032,32.751347,3.020715,0.5754716981132076,-10.0,18809.606899759605,0.0,18799.606899759605,0,,17483.633
2023-03-20 00:00:00+00:00,152.91,153.86,152.28935,36.433224,2.9071438,0.625,-10.0,19037.272302333346,0.0,19027.272302333346,0,,17695.25
2023-03-21 00:00:00+00:00,154.68,156.04,152.3086,45.213978,2.9442859,0.8,-10.0,19307.00418150732,0.0,19297.00418150732,0,,17945.967
2023-03-22 00:00:00+00:00,156.31,153.44,152.34775,48.762505,2.9678574,0.625,-10.0,18985.30394203183,0.0,18975.30394203183,0,,17646.945
2023-03-23 00:00:00+00:00,153.38,150.93,152.3798,46.34637,3.0707147,0.8,-10.0,18674.737473454752,0.0,18664.737473454752,0,,17358.271
2023-03-24 00:00:00+00:00,150.85,156.41,152.4,37.711872,3.095715,0.625,-10.0,19352.785230688725,0.0,19342.785230688725,0,,17988.52
2023-03-27 00:00:00+00:00,157.49,156.69,152.43425,49.905334,3.3885715,0.5754716981132076,-10.0,19387.429926901645,0.0,19377.429926901645,0,,18020.72
2023-03-28 00:00:00+00:00,156.73,158.0,152.4856,57.423195,3.269286,0.625,-10.0,19549.516322598458,0.0,19539.516322598458,0,,18171.383
2023-03-29 00:00:00+00:00,158.61,158.97,152.5558,63.11965,3.182858,0.8,-10.0,19669.536246120195,0.0,19659.536246120195,0,,18282.941
2023-03-30 00:00:00+00:00,159.58,159.34,152.6284,69.92447,3.0364292,0.8,-10.0,19715.315954227815,0.0,19705.315954227815,0,,18325.494
2023-03-31 00:00:00+00:00,160.32,160.11,152.7175,71.663666,2.903572,0.8,-10.0,19810.59034041352,0.0,19800.59034041352,0,,18414.053
2023-04-03 00:00:00+00:00,161.0,162.28,152.812,76.65759,2.7828577,0.625,-10.0,20079.0860952494,0.0,20069.0860952494,0,,18663.621
2023-04-04 00:00:00+00:00,162.1,162.97,152.91185,77.91148,2.7835715,0.625,-10.0,20164.461504714876,0.0,20154.461504714876,0,,18742.977
2023-04-05 00:00:00+00:00,163.97,167.36,153.0219,78.257195,2.7478561,0.8,-10.0,20707.64137881287,0.0,20697.64137881287,0,,19247.865
2023-04-06 00:00:00+00:00,168.0,166.35,153.1553,79.91403,2.854285,0.5754716981132076,-10.0,20582.673846993406,0.0,20572.673846993406,0,,19131.709
2023-04-10 00:00:00+00:00,165.85,166.38,153.27075,76.966515,2.9099994,0.5754716981132076,-10.0,20586.38621327998,0.0,20576.38621327998,0,,19135.16
2023-04-11 00:00:00+00:00,167.34,166.55,153.37755,75.28273,2.8585718,0.8,-10.0,20607.420205598373,0.0,20597.420205598373,0,,19154.71
2023-04-12 00:00:00+00:00,166.0,165.42,153.4873,73.09892,2.7564294,0.625,-10.0,20467.603048687284,0.0,20457.603048687284,0,,19024.75
2023-04-13 00:00:00+00:00,165.73,167.38,153.5721,78.14847,2.6678576,0.625,-10.0,20710.117293889973,0.0,20700.117293889973,0,,19250.168
2023-04-14 00:00:00+00:00,167.19,167.13,153.6629,89.6768,2.5885718,0.5754716981132076,-10.0,20679.18398354411,0.0,20669.18398354411,0,,19221.416
2023-04-17 00:00:00+00:00,167.06,167.38,153.78261,84.58065,2.2192862,0.5754716981132076,-10.0,20710.11669617361,0.0,20700.11669617361,0,,19250.168
2023-04-18 00:00:00+00:00,167.49,167.41,153.9016,84.55075,2.152142,0.5754716981132076,-10.0,20713.8273601353,0.0,20703.8273601353,0,,19253.617
2023-04-19 00:00:00+00:00,167.47,164.48,154.03125,83.15716,2.1478565,0.5754716981132076,-10.0,20351.293749261284,0.0,20341.293749261284,0,,18916.64
2023-04-20 00:00:00+00:00,164.36,165.96,154.13795,67.0588,2.289286,0.5754716981132076,-10.0,20534.417856953733,0.0,20524.417856953733,0,,19086.855
2023-04-21 00:00:00+00:00,167.0,166.73,154.2642,69.17729,2.3157153,0.5754716981132076,-10.0,20629.689866683195,0.0,20619.689866683195,0,,19175.412
2023-04-24 00:00:00+00:00,166.78,167.71,154.39865,69.17726,2.3121448,0.5754716981132076,-10.0,20750.948139600056,0.0,20740.948139600056,0,,19288.121
2023-04-25 00:00:00+00:00,167.91,168.09,154.53325,66.89484,2.2214313,0.5754716981132076,-10.0,20797.96586545986,0.0,20787.96586545986,0,,19331.824
2023-04-26 00:00:00+00:00,167.04,165.49,154.66095,66.24363,2.1728604,0.5547445255474452,-10.0,20476.266620016046,0.0,20466.266620016046,0,,19032.805
2023-04-27 00:00:00+00:00,164.99,167.41,154.7818,43.307106,2.0235748,0.5754716981132076,-10.0,20713.83072749686,0.0,20703.83072749686,0,,19253.621
2023-04-28 00:00:00+00:00,167.09,166.85,154.91196,53.561817,2.0007172,0.5754716981132076,-10.0,20644.541466736442,0.0,20634.541466736442,0,,19189.217
2023-05-01 00:00:00+00:00,167.18,166.79,155.05064,51.524986,2.0364304,0.5754716981132076,-10.0,20637.116566013327,0.0,20627.116566013327,0,,19182.314
2023-05-02 00:00:00+00:00,168.5,169.16,155.18695,50.784283,2.1350021,0.5754716981132076,-10.0,20930.359857443284,0.0,20920.359857443284,0,,19454.885
2023-05-03 00:00:00+00:00,169.7,166.89,155.32166,61.305923,2.3057163,0.5754716981132076,-10.0,20649.489696530705,0.0,20639.489696530705,0,,19193.814
2023-05-04 00:00:00+00:00,166.83,166.59,155.4541,48.54598,2.473574,0.5754716981132076,-10.0,20612.369833511853,0.0,20602.369833511853,0,,19159.312
2023-05-05 00:00:00+00:00,167.55,167.99,155.5716,48.402344,2.540717,0.5754716981132076,-10.0,20785.59407240263,0.0,20775.59407240263,0,,19320.324
2023-05-08 00:00:00+00:00,167.55,168.21,155.7041,51.68975,2.7500043,0.5547445255474452,-10.0,20812.81557762488,0.0,20802.81557762488,0,,19345.627
2023-05-09 00:00:00+00:00,169.52,168.25,155.83446,52.192986,2.771433,0.5754716981132076,-10.0,20817.762853056247,0.0,20807.762853056247,0,,19350.227
2023-05-10 00:00:00+00:00,168.29,169.5,155.9632,62.28013,2.9092898,0.5754716981132076,-10.0,20972.425535652474,0.0,20962.425535652474,0,,19493.984
2023-05-11 00:00:00+00:00,168.92,171.44,156.08995,61.706318,2.9435751,0.5754716981132076,-10.0,21212.463399873035,0.0,21202.463399873035,0,,19717.102
2023-05-12 00:00:00+00:00,171.83,170.99,156.22115,64.45672,3.0285742,0.5754716981132076,-10.0,21156.784719289783,0.0,21146.784719289783,0,,19665.348
2023-05-15 00:00:00+00:00,170.95,173.34,156.35075,60.406082,3.0542874,0.5754716981132076,-10.0,21447.55088653916,0.0,21437.55088653916,0,,19935.617
2023-05-16 00:00:00+00:00,173.38,174.6,156.4896,64.805405,3.1671448,0.5754716981132076,-10.0,21603.453666882277,0.0,21593.453666882277,0,,20080.531
2023-05-17 00:00:00+00:00,174.98,174.79,156.63295,77.79129,3.0942874,0.5754716981132076,-10.0,21626.96130069605,0.0,21616.96130069605,0,,20102.38
2023-05-18 00:00:00+00:00,174.24,174.82,156.77725,75.17046,3.0571454,0.5547445255474452,-10.0,21630.67381465224,0.0,21620.67381465224,0,,20105.832
2023-05-19 00:00:00+00:00,175.13,173.39,156.9373,78.20234,3.1778598,0.5547445255474452,-10.0,21453.73700036627,0.0,21443.73700036627,0,,19941.367
2023-05-22 00:00:00+00:00,173.94,172.25,157.10925,71.2903,3.24143,0.5547445255474452,-10.0,21312.684044168866,0.0,21302.684044168866,0,,19810.258
2023-05-23 00:00:00+00:00,171.71,171.26,157.27415,60.82688,3.204288,0.5754716981132076,-10.0,21190.189454820604,0.0,21180.189454820604,0,,19696.398
2023-05-24 00:00:00+00:00,171.51,171.06,157.4239,66.82059,3.0771441,0.5754716981132076,-10.0,21165.44409827284,0.0,21155.44409827284,0,,19673.398
2023-05-25 00:00:00+00:00,170.07,170.17,157.5761,67.339005,3.0314298,0.5754716981132076,-10.0,21055.323894188077,0.0,21045.323894188077,0,,19571.04
2023-05-26 00:00:00+00:00,169.91,168.41,157.70335,58.80449,2.923572,0.5754716981132076,-10.0,20837.55839919799,0.0,20827.55839919799,0,,19368.625
2023-05-30 00:00:00+00:00,167.43,166.01,157.8175,50.71838,2.992143,0.5754716981132076,-10.0,20540.602485130898,0.0,20530.602485130898,0,,19092.604
2023-05-31 00:00:00+00:00,163.96,170.15,157.90645,43.12038,2.865,0.5754716981132076,-10.0,21052.84866686712,0.0,21042.84866686712,0,,19568.74
2023-06-01 00:00:00+00:00,170.57,172.59,158.0047,51.69534,3.2128568,0.5754716981132076,-10.0,21354.752442842917,0.0,21344.752442842917,0,,19849.361
2023-06-02 00:00:00+00:00,172.96,174.52,158.11356,52.923214,3.2050006,0.5754716981132076,-10.0,21593.555503184485,0.0,21583.555503184485,0,,20071.33
2023-06-05 00:00:00+00:00,174.9,174.69,158.22285,58.345142,3.260001,0.5754716981132076,-10.0,21614.588902529944,0.0,21604.588902529944,0,,20090.88
2023-06-06 00:00:00+00:00,175.03,174.37,158.34865,53.55826,3.1857147,0.5754716981132076,-10.0,21574.994659912965,0.0,21564.994659912965,0,,20054.078
2023-06-07 00:00:00+00:00,174.1,173.58,158.47095,49.362144,3.2414289,0.625,-10.0,21477.248088366174,0.0,21467.248088366174,0,,19963.22
2023-06-08 00:00:00+00:00,173.87,176.45,158.5787,46.75258,3.2628567,0.5754716981132076,-10.0,21832.354842116045,0.0,21822.354842116045,0,,20293.295
2023-06-09 00:00:00+00:00,176.62,178.22,158.716,53.795967,3.3014276,0.5754716981132076,-10.0,22051.360068639253,0.0,22041.360068639253,0,,20496.861
2023-06-12 00:00:00+00:00,178.16,179.32,158.867,61.0729,3.2128568,0.8,-10.0,22187.465036103924,0.0,22177.465036103924,0,,20623.371
2023-06-13 00:00:00+00:00,178.44,179.79,159.02245,66.237946,3.0721424,0.8,-10.0,22245.61694954222,0.0,22235.61694954222,0,,20677.424
2023-06-14 00:00:00+00:00,179.17,179.05,159.1693,70.07059,3.0592859,0.5754716981132076,-10.0,22154.05666998113,0.0,22144.05666998113,0,,20592.318
2023-06-15 00:00:00+00:00,179.58,181.89,159.3336,68.334114,3.1778564,0.5547445255474452,-10.0,22505.453488652478,0.0,22495.453488652478,0,,20918.943
2023-06-16 00:00:00+00:00,181.2,183.01,159.5056,74.68409,3.2364273,0.5754716981132076,-10.0,22644.031210850175,0.0,22634.031210850175,0,,21047.752
2023-06-20 00:00:00+00:00,183.18,184.49,159.6935,81.60172,3.2257135,0.5547445255474452,-10.0,22827.154374229947,0.0,22817.154374229947,0,,21217.967
2023-06-21 00:00:00+00:00,185.47,185.83,159.88315,91.65919,3.104999,0.5754716981132076,-10.0,22992.95490858171,0.0,22982.95490858171,0,,21372.078
2023-06-22 00:00:00+00:00,186.2,187.87,160.07425,90.45412,2.7378552,0.5547445255474452,-10.0,23245.365705655724,0.0,23235.365705655724,0,,21606.695
2023-06-23 00:00:00+00:00,188.19,187.67,160.27505,90.25294,2.7128546,0.5754716981132076,-10.0,23220.62010832283,0.0,23210.62010832283,0,,21583.695
2023-06-26 00:00:00+00:00,187.4,187.76,160.4833,88.11599,2.6364255,0.5547445255474452,-10.0,23231.756229440394,0.0,23221.756229440394,0,,21594.047
2023-06-27 00:00:00+00:00,185.04,188.78,160.6829,88.06062,2.6278546,0.5754716981132076,-10.0,23357.962432320757,0.0,23347.962432320757,0,,21711.357
2023-06-28 00:00:00+00:00,188.77,189.72,160.8891,90.31906,2.8285697,0.5754716981132076,-10.0,23474.27041700642,0.0,23464.27041700642,0,,21819.465
2023-06-29 00:00:00+00:00,189.48,190.52,161.10135,94.78364,2.7699978,0.5547445255474452,-10.0,23573.256490436095,0.0,23563.256490436095,0,,21911.473
2023-06-30 00:00:00+00:00,191.21,192.43,161.3154,94.10666,2.641426,0.5547445255474452,-10.0,23809.581772422833,0.0,23799.581772422833,0,,22131.139
2023-07-03 00:00:00+00:00,191.24,190.92,161.57265,94.15793,2.7235696,0.5130434782608696,-10.0,23622.749139384105,0.0,23612.749139384105,0,,21957.477
2023-07-05 00:00:00+00:00,191.39,190.65,161.8267,85.15159,2.8021405,0.5547445255474452,-10.0,23589.3409166593,0.0,23579.3409166593,0,,21926.422
2023-07-06 00:00:00+00:00,190.44,192.19,162.0809,83.31294,2.7628543,0.5547445255474452,-10.0,23779.886683074044,0.0,23769.886683074044,0,,22103.535
2023-07-07 00:00:00+00:00,191.45,190.86,162.3391,88.421074,2.6928546,0.5547445255474452,-10.0,23615.324672089726,0.0,23605.324672089726,0,,21950.574
2023-07-10 00:00:00+00:00,191.42,192.83,162.59155,78.768456,2.6099985,0.5547445255474452,-10.0,23859.07582683827,0.0,23849.07582683827,0,,22177.143
2023-07-11 00:00:00+00:00,192.87,193.22,162.8612,79.866196,2.547855,0.5130434782608696,-10.0,23907.330922377143,0.0,23897.330922377143,0,,22221.996
2023-07-12 00:00:00+00:00,192.04,190.8,163.1317,78.436485,2.526426,0.625,-10.0,23607.902475802555,0.0,23597.902475802555,0,,21943.676
2023-07-13 00:00:00+00:00,190.9,191.28,163.38565,65.12478,2.5649981,0.5130434782608696,-10.0,23667.29225369501,0.0,23657.29225369501,0,,21998.88
2023-07-14 00:00:00+00:00,191.95,191.42,163.65605,61.466057,2.5107117,0.5547445255474452,-10.0,23684.615410819253,0.0,23674.615410819253,0,,22014.982
2023-07-17 00:00:00+00:00,191.61,192.14,163.9314,62.660366,2.4814258,0.5754716981132076,-10.0,23773.702976963432,0.0,23763.702976963432,0,,22097.791
2023-07-18 00:00:00+00:00,192.33,192.39,164.2149,64.18395,2.4449975,0.625,-10.0,23804.6365916935,0.0,23794.6365916935,0,,22126.543
2023-07-19 00:00:00+00:00,192.41,191.94,164.4848,62.304024,2.1528537,0.5547445255474452,-10.0,23748.9574164876,0.0,23738.9574164876,0,,22074.79
2023-07-20 00:00:00+00:00,193.08,193.41,164.76414,57.827934,2.3035681,0.5547445255474452,-10.0,23930.841200927433,0.0,23920.841200927433,0,,22243.854
2023-07-21 00:00:00+00:00,193.5,192.59,165.05455,59.730644,2.2657123,0.5547445255474452,-10.0,23829.38070441459,0.0,23819.38070441459,0,,22149.543
2023-07-24 00:00:00+00:00,193.0,191.45,165.32095,50.58141,2.1928537,0.5754716981132076,-10.0,23688.327983368697,0.0,23678.327983368697,0,,22018.436
2023-07-25 00:00:00+00:00,190.86,191.89,165.56454,51.979084,2.1471405,0.5547445255474452,-10.0,23742.769348991143,0.0,23732.769348991143,0,,22069.04
2023-07-26 00:00:00+00:00,190.91,187.71,165.81175,54.57229,2.1578555,0.5547445255474452,-10.0,23225.573664403764,0.0,23215.573664403764,0,,21588.305
2023-07-27 00:00:00+00:00,187.81,187.33,166.05075,36.17285,2.3628561,0.45454545454545453,-10.0,23178.555530767182,0.0,23168.555530767182,0,,21544.6
2023-07-28 00:00:00+00:00,188.02,186.56,166.30064,38.426235,2.3528552,0.45454545454545453,-10.0,23083.282490951922,0.0,23073.282490951922,0,,21456.043
2023-07-31 00:00:00+00:00,187.53,186.9,166.54535,27.686823,2.3599985,0.45454545454545453,-10.0,23125.351118157017,0.0,23115.351118157017,0,,21495.146
2023-08-01 00:00:00+00:00,187.51,189.1,166.7713,27.428545,2.4857135,0.45454545454545453,-10.0,23397.5615427543,0.0,23387.5615427543,0,,21748.168
2023-08-02 00:00:00+00:00,187.88,191.43,167.0221,43.831657,2.4578564,0.5130434782608696,-10.0,23685.853946101684,0.0,23675.853946101684,0,,22016.139
2023-08-03 00:00:00+00:00,192.5,191.36,167.269,50.479828,2.7228568,0.5547445255474452,-10.0,23677.1940451917,0.0,23667.1940451917,0,,22008.09
2023-08-04 00:00:00+00:00,187.19,185.33,167.5228,49.807205,2.8778567,0.5547445255474452,-10.0,22931.0947203538,0.0,22921.0947203538,0,,21314.586
2023-08-07 00:00:00+00:00,186.25,186.58,167.73755,33.684715,3.3085709,0.5754716981132076,-10.0,23085.75904704339,0.0,23075.75904704339,0,,21458.348
2023-08-08 00:00:00+00:00,186.19,185.37,167.9505,36.716965,3.3821423,0.5547445255474452,-10.0,22936.04410973821,0.0,22926.04410973821,0,,21319.188
2023-08-09 00:00:00+00:00,186.0,185.71,168.1624,35.483856,3.403572,0.5754716981132076,-10.0,22978.115083935187,0.0,22968.115083935187,0,,21358.293
2023-08-10 00:00:00+00:00,185.41,187.03,168.3771,32.093044,3.3985715,0.5547445255474452,-10.0,23141.440168607118,0.0,23131.440168607118,0,,21510.104
2023-08-11 00:00:00+00:00,187.09,187.37,168.5736,37.363644,3.498572,0.5754716981132076,-10.0,23183.50719821812,0.0,23173.50719821812,0,,21549.203
2023-08-14 00:00:00+00:00,188.08,187.63,168.75995,40.377354,3.4200003,0.5547445255474452,-10.0,23215.679306784223,0.0,23205.679306784223,0,,21579.107
2023-08-15 00:00:00+00:00,188.07,185.44,168.93425,39.86681,3.4064276,0.5547445255474452,-10.0,22944.70820209003,0.0,22934.70820209003,0,,21327.238
2023-08-16 00:00:00+00:00,185.89,183.99,169.088,44.035725,3.2692838,0.5547445255474452,-10.0,22765.29812919765,0.0,22755.29812919765,0,,21160.477
2023-08-17 00:00:00+00:00,183.15,180.0,169.22845,41.691555,3.3228564,0.5547445255474452,-10.0,22271.60947527294,0.0,22261.60947527294,0,,20701.59
2023-08-18 00:00:00+00:00,179.78,180.4,169.3319,35.93483,3.5349994,0.5754716981132076,-10.0,22321.101008579608,0.0,22311.101008579608,0,,20747.592
2023-08-21 00:00:00+00:00,180.66,180.98,169.4478,36.09923,3.449284,0.625,-10.0,22392.86501211886,0.0,22382.86501211886,0,,20814.297
2023-08-22 00:00:00+00:00,180.77,177.96,169.5711,31.341883,3.3864276,0.625,-10.0,22019.19848151403,0.0,22009.19848151403,0,,20466.97
2023-08-23 00:00:00+00:00,178.54,177.77,169.68684,20.000027,3.201428,0.5754716981132076,-10.0,21995.688627292726,0.0,21985.688627292726,0,,20445.117
2023-08-24 00:00:00+00:00,177.8,178.77,169.7865,19.893682,3.057858,0.625,-10.0,22119.41982976931,0.0,22109.41982976931,0,,20560.127
2023-08-25 00:00:00+00:00,179.09,179.48,169.87215,31.299902,2.6678576,0.5754716981132076,-10.0,22207.26880197645,0.0,22197.26880197645,0,,20641.783
2023-08-28 00:00:00+00:00,179.75,180.39,169.9595,29.11763,2.597143,0.5754716981132076,-10.0,22319.864307295768,0.0,22309.864307295768,0,,20746.441
2023-08-29 00:00:00+00:00,180.93,179.98,170.06316,35.089832,2.3971426,0.625,-10.0,22269.13473060284,0.0,22259.13473060284,0,,20699.287
2023-08-30 00:00:00+00:00,180.49,178.9,170.1721,32.91588,2.3749988,0.5754716981132076,-10.0,22135.504386986628,0.0,22125.504386986628,0,,20575.074
2023-08-31 00:00:00+00:00,179.49,175.98,170.2916,25.40833,2.2899988,0.5754716981132076,-10.0,21774.20963374394,0.0,21764.20963374394,0,,20239.25
2023-09-01 00:00:00+00:00,176.52,174.96,170.40645,20.19885,2.4535708,0.5754716981132076,-10.0,21648.004684531596,0.0,21638.004684531596,0,,20121.941
2023-09-05 00:00:00+00:00,175.0,172.87,170.5076,18.117737,2.527857,0.5547445255474452,-10.0,21389.40487519193,0.0,21379.40487519193,0,,19881.572
2023-09-06 00:00:00+00:00,172.92,174.67,170.60805,18.209372,2.4978573,0.5547445255474452,-10.0,21612.121082485024,0.0,21602.121082485024,0,,20088.586
2023-09-07 00:00:00+00:00,176.12,178.18,170.70241,26.838942,2.529286,0.5547445255474452,-10.0,22046.41645529937,0.0,22036.41645529937,0,,20492.268
2023-09-08 00:00:00+00:00,177.62,177.7,170.7987,45.366577,2.432857,0.625,-10.0,21987.0258008479,0.0,21977.0258008479,0,,20437.064
2023-09-11 00:00:00+00:00,178.34,177.73,170.8772,43.15416,2.4392865,0.7648805246137262,-10.0,21990.737218586575,0.0,21980.737218586575,0,,20440.514
2023-09-12 00:00:00+00:00,176.79,178.48,170.96436,41.523205,2.4514291,0.5754716981132076,-10.0,22083.535702769022,0.0,22073.535702769022,0,,20526.771
2023-09-13 00:00:00+00:00,178.74,176.69,171.0332,51.53843,2.700714,0.5754716981132076,-10.0,21862.05821107148,0.0,21852.05821107148,0,,20320.906
2023-09-14 00:00:00+00:00,177.36,176.99,171.089,47.081074,2.7964282,0.8,-10.0,21899.177754039785,0.0,21889.177754039785,0,,20355.41
2023-09-15 00:00:00+00:00,176.06,178.29,171.13545,45.0,2.8535712,0.5754716981132076,-10.0,22060.026364218902,0.0,22050.026364218902,0,,20504.92
2023-09-18 00:00:00+00:00,178.52,179.03,171.19106,46.764538,2.9900012,0.625,-10.0,22151.58935034835,0.0,22141.58935034835,0,,20590.03
2023-09-19 00:00:00+00:00,180.52,179.74,171.2467,46.267834,3.0557153,0.5754716981132076,-10.0,22239.439333862585,0.0,22229.439333862585,0,,20671.686
2023-09-20 00:00:00+00:00,180.47,182.78,171.29195,49.352077,3.1157162,0.5754716981132076,-10.0,22615.5815273289,0.0,22605.5815273289,0,,21021.31
2023-09-21 00:00:00+00:00,184.13,184.93,171.3477,59.472675,3.243574,0.5547445255474452,-10.0,22881.60269270534,0.0,22871.60269270534,0,,21268.58
2023-09-22 00:00:00+00:00,184.18,185.95,171.4024,72.70423,3.2535727,0.5754716981132076,-10.0,23007.807897834256,0.0,22997.807897834256,0,,21385.889
2023-09-25 00:00:00+00:00,185.0,187.22,171.47575,77.879234,3.2671444,0.625,-10.0,23164.947954669744,0.0,23154.947954669744,0,,21531.951
2023-09-26 00:00:00+00:00,187.13,185.77,171.56525,87.98311,3.3100019,0.625,-10.0,22985.537556226172,0.0,22975.537556226172,0,,21365.19
2023-09-27 00:00:00+00:00,185.75,185.16,171.64265,79.935326,3.2492871,0.5754716981132076,-10.0,22910.06178813852,0.0,22900.06178813852,0,,21295.035
2023-09-28 00:00:00+00:00,185.58,182.86,171.71616,72.31464,3.1900012,0.8,-10.0,22625.4792509183,0.0,22615.4792509183,0,,21030.514
2023-09-29 00:00:00+00:00,182.86,179.97,171.8038,64.77665,3.2292874,0.5754716981132076,-10.0,22267.896900825293,0.0,22257.896900825293,0,,20698.14
2023-10-02 00:00:00+00:00,179.97,179.08,171.86765,55.511826,3.3714294,0.5754716981132076,-10.0,22157.7759564405,0.0,22147.7759564405,0,,20595.781
2023-10-03 00:00:00+00:00,178.68,180.27,171.9379,51.46629,3.0885718,0.625,-10.0,22305.01622623733,0.0,22295.01622623733,0,,20732.645
2023-10-04 00:00:00+00:00,180.39,182.66,172.0129,59.013096,3.0557141,0.625,-10.0,22600.73303403202,0.0,22590.73303403202,0,,21007.514
2023-10-05 00:00:00+00:00,183.61,185.04,172.0982,62.915714,3.0721424,0.5754716981132076,-10.0,22895.21098801672,0.0,22885.21098801672,0,,21281.232
2023-10-06 00:00:00+00:00,184.73,183.85,172.18945,64.6548,3.067142,0.625,-10.0,22747.972262930205,0.0,22737.972262930205,0,,21144.373
2023-10-09 00:00:00+00:00,183.6,186.19,172.2726,60.26408,3.074284,0.5754716981132076,-10.0,23037.50248088395,0.0,23027.50248088395,0,,21413.492
2023-10-10 00:00:00+00:00,185.08,187.97,172.36665,62.8435,3.1835697,0.5754716981132076,-10.0,23257.743496909134,0.0,23247.743496909134,0,,21618.209
2023-10-11 00:00:00+00:00,187.73,188.03,172.4599,60.88052,3.1471405,0.5754716981132076,-10.0,23265.168356562215,0.0,23255.168356562215,0,,21625.111
2023-10-12 00:00:00+00:00,188.4,187.57,172.5537,57.123184,3.1007123,0.5754716981132076,-10.0,23208.253532025272,0.0,23198.253532025272,0,,21572.209
2023-10-13 00:00:00+00:00,188.44,188.98,172.6415,53.820786,3.0135694,0.5754716981132076,-10.0,23382.712280273186,0.0,23372.712280273186,0,,21734.37
2023-10-16 00:00:00+00:00,189.48,186.86,172.7414,54.123707,2.988569,0.5754716981132076,-10.0,23120.403354117283,0.0,23110.403354117283,0,,21490.55
2023-10-17 00:00:00+00:00,186.69,187.45,172.8389,52.476143,3.0107117,0.5754716981132076,-10.0,23193.403189517525,0.0,23183.403189517525,0,,21558.404
2023-10-18 00:00:00+00:00,188.59,189.55,172.9459,55.20691,2.98857,0.5754716981132076,-10.0,23453.24005934676,0.0,23443.24005934676,0,,21799.924
2023-10-19 00:00:00+00:00,189.62,189.89,173.0651,65.35112,2.9642835,0.5754716981132076,-10.0,23495.309125295844,0.0,23485.309125295844,0,,21839.027
2023-10-20 00:00:00+00:00,190.57,188.75,173.1931,75.77969,2.9128559,0.625,-10.0,23354.255059727515,0.0,23344.255059727515,0,,21707.916
2023-10-23 00:00:00+00:00,187.49,188.82,173.3225,74.80766,2.904286,0.5754716981132076,-10.0,23362.916221089545,0.0,23352.916221089545,0,,21715.967
2023-10-24 00:00:00+00:00,188.91,189.01,173.4512,73.27171,2.8785717,0.5754716981132076,-10.0,23386.422267969552,0.0,23376.422267969552,0,,21737.816
2023-10-25 00:00:00+00:00,190.14,189.12,173.5677,69.63518,2.82643,0.5754716981132076,-10.0,23400.032692191573,0.0,23390.032692191573,0,,21750.467
2023-10-26 00:00:00+00:00,188.37,188.6,173.68845,64.67632,2.8142874,0.5754716981132076,-10.0,23335.694240087356,0.0,23325.694240087356,0,,21690.664
2023-10-27 00:00:00+00:00,188.07,187.64,173.79515,67.95169,2.8414307,0.5754716981132076,-10.0,23216.911424606573,0.0,23206.911424606573,0,,21580.256
2023-10-30 00:00:00+00:00,188.0,185.41,173.9064,56.118153,2.692145,0.5754716981132076,-10.0,22940.991180441542,0.0,22930.991180441542,0,,21323.785
2023-10-31 00:00:00+00:00,185.86,185.15,174.00896,39.59347,2.7185745,0.5754716981132076,-10.0,22908.81923722442,0.0,22898.81923722442,0,,21293.88
2023-11-01 00:00:00+00:00,185.15,187.23,174.1133,38.479954,2.7257168,0.5547445255474452,-10.0,23166.180675033505,0.0,23156.180675033505,0,,21533.102
2023-11-02 00:00:00+00:00,186.1,192.18,174.22865,48.79599,2.8650022,0.5754716981132076,-10.0,23778.648109171278,0.0,23768.648109171278,0,,22102.393
2023-11-03 00:00:00+00:00,194.84,195.17,174.3748,59.06002,3.3700027,0.5547445255474452,-10.0,24148.604924494186,0.0,24138.604924494186,0,,22446.268
2023-11-06 00:00:00+00:00,196.15,196.88,174.53595,72.423096,3.6414316,0.625,-10.0,24360.186412714935,0.0,24350.186412714935,0,,22642.934
2023-11-07 00:00:00+00:00,198.59,196.07,174.7093,73.99492,3.818573,0.5754716981132076,-10.0,24259.964927401088,0.0,24249.964927401088,0,,22549.777
2023-11-08 00:00:00+00:00,196.96,196.79,174.88106,67.756004,3.8321445,0.5547445255474452,-10.0,24349.05050150631,0.0,24339.05050150631,0,,22632.582
2023-11-09 00:00:00+00:00,196.75,196.82,175.05785,68.40981,3.760716,0.5754716981132076,-10.0,24352.762969128045,0.0,24342.762969128045,0,,22636.031
2023-11-10 00:00:00+00:00,195.75,197.57,175.22466,72.88714,3.7950003,0.5547445255474452,-10.0,24445.562682867338,0.0,24435.562682867338,0,,22722.29
2023-11-13 00:00:00+00:00,197.6,198.87,175.38795,73.89405,3.902857,0.5691299357205716,-10.0,24606.41145275187,0.0,24596.41145275187,0,,22871.799
2023-11-14 00:00:00+00:00,197.63,194.37,175.5615,75.3862,3.9621418,0.5754716981132076,-10.0,24049.621745053577,0.0,24039.621745053577,0,,22354.26
2023-11-15 00:00:00+00:00,193.96,193.22,175.7068,61.02478,4.092141,0.5754716981132076,-10.0,23907.331295715663,0.0,23897.331295715663,0,,22222.0
2023-11-16 00:00:00+00:00,194.58,196.91,175.8281,59.451706,4.242141,0.5547445255474452,-10.0,24363.900297498192,0.0,24353.900297498192,0,,22646.383
2023-11-17 00:00:00+00:00,197.21,195.0,176.0074,67.059265,4.3778543,0.5547445255474452,-10.0,24127.573362045136,0.0,24117.573362045136,0,,22426.715
2023-11-20 00:00:00+00:00,194.56,195.94,176.19005,67.85846,4.325711,0.5754716981132076,-10.0,24243.87951010224,0.0,24233.87951010224,0,,22534.82
2023-11-21 00:00:00+00:00,197.86,198.83,176.3861,69.59682,4.211426,0.8,-10.0,24601.462374881048,0.0,24591.462374881048,0,,22867.195
2023-11-22 00:00:00+00:00,199.36,199.68,176.6078,70.46579,4.2071404,0.5754716981132076,-10.0,24706.63274906299,0.0,24696.63274906299,0,,22964.951
2023-11-24 00:00:00+00:00,201.17,201.3,176.82225,65.47031,3.6499972,0.5754716981132076,-10.0,24907.078318220945,0.0,24897.078318220945,0,,23151.266
2023-11-27 00:00:00+00:00,202.22,201.78,177.0395,63.40185,3.3071399,0.8,-10.0,24966.467358753183,0.0,24956.467358753183,0,,23206.47
2023-11-28 00:00:00+00:00,202.0,201.3,177.2733,61.32162,3.1564267,0.5547445255474452,-10.0,24907.076592592228,0.0,24897.076592592228,0,,23151.266
2023-11-29 00:00:00+00:00,200.7,199.52,177.48465,62.271233,3.142141,0.5754716981132076,-10.0,24686.83507375258,0.0,24676.83507375258,0,,22946.55
2023-11-30 00:00:00+00:00,199.39,203.37,177.6892,56.101948,3.1671405,0.5754716981132076,-10.0,25163.199365248052,0.0,25153.199365248052,0,,23389.334
2023-12-01 00:00:00+00:00,203.49,204.09,177.91925,62.504765,3.258569,0.5754716981132076,-10.0,25252.287072999865,0.0,25242.287072999865,0,,23472.143
2023-12-04 00:00:00+00:00,204.3,203.76,178.14565,62.461765,3.2357123,0.5754716981132076,-10.0,25211.455266118654,0.0,25201.455266118654,0,,23434.188
2023-12-05 00:00:00+00:00,204.08,203.73,178.3621,59.706238,3.1807132,0.5547445255474452,-10.0,25207.743548125196,0.0,25197.743548125196,0,,23430.738
2023-12-06 00:00:00+00:00,203.11,200.67,178.5733,72.58689,2.98,0.8,-10.0,24829.12592097066,0.0,24819.12592097066,0,,23078.81
2023-12-07 00:00:00+00:00,200.78,200.21,178.77245,66.46045,3.0042856,0.5754716981132076,-10.0,24772.21072570413,0.0,24762.21072570413,0,,23025.908
2023-12-08 00:00:00+00:00,200.5,201.75,178.97285,58.505173,2.867143,0.5754716981132076,-10.0,24962.755107425786,0.0,24952.755107425786,0,,23203.02
2023-12-11 00:00:00+00:00,202.47,202.85,179.1841,67.73518,2.7835715,0.5754716981132076,-10.0,25098.85891992344,0.0,25088.85891992344,0,,23329.53
2023-12-12 00:00:00+00:00,202.15,203.95,179.4055,68.0042,2.8057141,0.8,-10.0,25234.962787622157,0.0,25224.962787622157,0,,23456.04
2023-12-13 00:00:00+00:00,203.92,203.72,179.6421,64.71266,2.7449994,0.8,-10.0,25206.504818436933,0.0,25196.504818436933,0,,23429.586
2023-12-14 00:00:00+00:00,199.68,201.5,179.8829,62.03819,2.7999997,0.5754716981132076,-10.0,24931.82100579243,0.0,24921.82100579243,0,,23174.268
2023-12-15 00:00:00+00:00,199.14,200.33,180.10785,50.575367,3.220714,0.5754716981132076,-10.0,24787.055731559787,0.0,24777.055731559787,0,,23039.705
2023-12-18 00:00:00+00:00,201.76,200.07,180.335,45.987823,3.354999,0.5754716981132076,-10.0,24754.886308963156,0.0,24744.886308963156,0,,23009.803
2023-12-19 00:00:00+00:00,200.07,201.88,180.5546,46.554626,3.3442852,0.5547445255474452,-10.0,24978.83864074302,0.0,24968.83864074302,0,,23217.969
2023-12-20 00:00:00+00:00,202.69,199.79,180.78171,56.59957,3.3407135,0.5754716981132076,-10.0,24720.23944982179,0.0,24710.23944982179,0,,22977.6
2023-12-21 00:00:00+00:00,200.59,202.27,181.0146,38.895763,3.2721426,0.5547445255474452,-10.0,25027.095344586513,0.0,25017.095344586513,0,,23262.824
2023-12-22 00:00:00+00:00,202.98,203.04,181.26665,44.910534,3.2385712,0.5754716981132076,-10.0,25122.36624479292,0.0,25112.36624479292,0,,23351.38
2023-12-26 00:00:00+00:00,202.7,204.09,181.53185,48.034927,3.1857135,0.5754716981132076,-10.0,25252.284506567146,0.0,25242.284506567146,0,,23472.14
2023-12-27 00:00:00+00:00,203.66,204.23,181.8043,50.930717,3.1935709,0.625,-10.0,25269.60581244421,0.0,25259.60581244421,0,,23488.24
2023-12-28 00:00:00+00:00,204.99,203.49,182.0836,60.840443,2.9078565,0.8,-10.0,25178.046279102524,0.0,25168.046279102524,0,,23403.135
2023-12-29 00:00:00+00:00,204.28,205.38,182.3546,59.820366,2.9264286,0.8,-10.0,25411.898799060986,0.0,25401.898799060986,0,,23620.5
2024-01-02 00:00:00+00:00,205.0,208.54,182.63345,60.645184,2.902857,0.5754716981132076,-10.0,25802.88893165476,0.0,25792.88893165476,0,,23983.93
2024-01-03 00:00:00+00:00,211.29,210.33,182.9159,64.88748,3.0499997,0.5754716981132076,-10.0,26024.36920759981,0.0,26014.36920759981,0,,24189.797
2024-01-04 00:00:00+00:00,208.83,210.67,183.20744,66.11113,3.1514294,0.5754716981132076,-10.0,26066.437027010976,0.0,26056.437027010976,0,,24228.9
2024-01-05 00:00:00+00:00,211.58,211.36,183.4915,67.453545,3.2157147,0.5754716981132076,-10.0,26151.81178255053,0.0,26141.81178255053,0,,24308.254
2024-01-08 00:00:00+00:00,212.0,210.38,183.7681,76.82265,2.78,0.5547445255474452,-10.0,26030.555106915872,0.0,26020.555106915872,0,,24195.547
2024-01-09 00:00:00+00:00,210.57,213.62,184.0528,77.6251,2.7085712,0.5754716981132076,-10.0,26431.442526409362,0.0,26421.442526409362,0,,24568.174
2024-01-10 00:00:00+00:00,214.02,216.13,184.36626,82.00283,2.8464267,0.5754716981132076,-10.0,26742.008371495405,0.0,26732.008371495405,0,,24856.846
2024-01-11 00:00:00+00:00,217.0,218.93,184.66486,82.57888,2.9071414,0.5754716981132076,-10.0,27088.452949639035,0.0,27078.452949639035,0,,25178.87
2024-01-12 00:00:00+00:00,219.39,219.43,184.97604,92.38269,2.90357,0.5754716981132076,-10.0,27150.317871877527,0.0,27140.317871877527,0,,25236.373
2024-01-16 00:00:00+00:00,219.71,219.0,185.2832,91.650536,2.8278558,0.5754716981132076,-10.0,27097.11513249837,0.0,27087.11513249837,0,,25186.92
2024-01-17 00:00:00+00:00,219.0,218.71,185.58334,89.38805,2.9128559,0.5754716981132076,-10.0,27061.233761609208,0.0,27051.233761609208,0,,25153.568
2024-01-18 00:00:00+00:00,218.61,220.79,185.8802,87.4873,2.9649985,0.5547445255474452,-10.0,27318.59363669619,0.0,27308.59363669619,0,,25392.785
2024-01-19 00:00:00+00:00,221.01,218.28,186.1836,88.6195,3.192143,0.5754716981132076,-10.0,27008.02998843976,0.0,26998.02998843976,0,,25104.115
2024-01-22 00:00:00+00:00,218.28,218.16,186.4636,81.86133,3.2664282,0.5547445255474452,-10.0,26993.182765838385,0.0,26983.182765838385,0,,25090.314
2024-01-23 00:00:00+00:00,217.21,217.85,186.73955,79.804184,3.2571423,0.5547445255474452,-10.0,26954.826135206844,0.0,26944.826135206844,0,,25054.662
2024-01-24 00:00:00+00:00,218.48,217.38,186.992,75.04044,3.1221423,0.5547445255474452,-10.0,26896.672453047067,0.0,26886.672453047067,0,,25000.607
2024-01-25 00:00:00+00:00,218.12,218.84,187.24715,70.411194,2.9371426,0.5547445255474452,-10.0,27077.317266346803,0.0,27067.317266346803,0,,25168.52
2024-01-26 00:00:00+00:00,219.18,217.68,187.50945,72.21323,2.9178565,0.5547445255474452,-10.0,26933.788512719653,0.0,26923.788512719653,0,,25035.107
2024-01-29 00:00:00+00:00,217.96,218.44,187.7651,66.75507,2.9778574,0.5754716981132076,-10.0,27027.825186976042,0.0,27017.825186976042,0,,25122.514
2024-01-30 00:00:00+00:00,219.99,220.53,188.0302,71.62022,2.8185718,0.5754716981132076,-10.0,27286.423547673297,0.0,27276.423547673297,0,,25362.883
2024-01-31 00:00:00+00:00,228.0,232.68,188.29594,69.7542,2.7121441,0.5754716981132076,-10.0,28789.7548781317,0.0,28779.7548781317,0,,26760.236
2024-02-01 00:00:00+00:00,232.65,236.92,188.6237,80.50133,3.5242865,0.45454545454545453,-10.0,29314.374781746945,0.0,29304.374781746945,0,,27247.875
2024-02-02 00:00:00+00:00,237.23,234.99,188.9714,81.48412,3.8907154,0.5130434782608696,-10.0,29075.57499509454,0.0,29065.57499509454,0,,27025.91
2024-02-05 00:00:00+00:00,237.33,234.21,189.3093,75.933395,3.9957156,0.5,-10.0,28979.065501485657,0.0,28969.065501485657,0,,26936.205
2024-02-06 00:00:00+00:00,236.35,235.01,189.65794,75.0577,4.096429,0.5130434782608696,-10.0,29078.04940487154,0.0,29068.04940487154,0,,27028.21
2024-02-07 00:00:00+00:00,235.92,237.67,190.0032,76.40961,4.1885705,0.5130434782608696,-10.0,29407.174646496103,0.0,29397.174646496103,0,,27334.135
2024-02-08 00:00:00+00:00,233.5,230.32,190.3579,76.84482,4.200713,0.5547445255474452,-10.0,28497.751468871556,0.0,28487.751468871556,0,,26488.822
2024-02-09 00:00:00+00:00,230.68,230.69,190.67094,66.59319,4.6364264,0.5754716981132076,-10.0,28543.53209168699,0.0,28533.53209168699,0,,26531.375
2024-02-12 00:00:00+00:00,229.88,229.98,190.98395,67.1503,4.7057123,0.5754716981132076,-10.0,28455.68236601818,0.0,28445.68236601818,0,,26449.719
2024-02-13 00:00:00+00:00,231.91,231.19,191.3064,66.42296,4.738569,0.5754716981132076,-10.0,28605.396304400354,0.0,28595.396304400354,0,,26588.879
2024-02-14 00:00:00+00:00,231.19,231.58,191.6253,68.33024,4.8064246,0.5754716981132076,-10.0,28653.651624365666,0.0,28643.651624365666,0,,26633.732
2024-02-15 00:00:00+00:00,232.0,233.08,191.94894,67.40438,4.7149973,0.5547445255474452,-10.0,28839.248109623997,0.0,28829.248109623997,0,,26806.244
2024-02-16 00:00:00+00:00,233.8,231.72,192.2804,70.844635,4.7457113,0.5754716981132076,-10.0,28670.972911018725,0.0,28660.972911018725,0,,26649.832
2024-02-20 00:00:00+00:00,231.72,232.36,192.5932,67.687805,4.8457117,0.5754716981132076,-10.0,28750.160992208763,0.0,28740.160992208763,0,,26723.438
2024-02-21 00:00:00+00:00,233.92,233.47,192.92055,66.389595,4.8707123,0.5547445255474452,-10.0,28887.50263476028,0.0,28877.50263476028,0,,26851.096
2024-02-22 00:00:00+00:00,233.21,234.4,193.25494,51.576862,3.9942844,0.5547445255474452,-10.0,29002.572489084207,0.0,28992.572489084207,0,,26958.053
2024-02-23 00:00:00+00:00,235.34,237.27,193.587,44.204216,3.6564276,0.5547445255474452,-10.0,29357.683041743996,0.0,29347.683041743996,0,,27288.129
2024-02-26 00:00:00+00:00,239.04,238.34,193.9323,55.026455,3.682857,0.5547445255474452,-10.0,29490.07351603796,0.0,29480.07351603796,0,,27411.188
2024-02-27 00:00:00+00:00,237.26,236.51,194.28275,58.98997,3.5735714,0.5547445255474452,-10.0,29263.64603247242,0.0,29253.64603247242,0,,27200.72
2024-02-28 00:00:00+00:00,236.94,236.13,194.6178,53.125,3.528572,0.5547445255474452,-10.0,29216.629794569464,0.0,29206.629794569464,0,,27157.018
2024-02-29 00:00:00+00:00,236.08,235.6,194.94125,46.454895,3.4349997,0.5547445255474452,-10.0,29151.05213089904,0.0,29141.05213089904,0,,27096.064
2024-03-01 00:00:00+00:00,236.76,237.03,195.2643,67.718124,2.9021432,0.5754716981132076,-10.0,29327.98563634413,0.0,29317.98563634413,0,,27260.525
2024-03-04 00:00:00+00:00,237.48,235.8,195.58275,69.86215,2.9307153,0.5754716981132076,-10.0,29175.79742886679,0.0,29165.79742886679,0,,27119.064
2024-03-05 00:00:00+00:00,236.22,235.31,195.88875,67.65781,3.0750024,0.5754716981132076,-10.0,29115.16847817795,0.0,29105.16847817795,0,,27062.709
2024-03-06 00:00:00+00:00,235.54,234.68,196.19135,63.071068,3.029288,0.5547445255474452,-10.0,29037.21781355619,0.0,29027.21781355619,0,,26990.254
2024-03-07 00:00:00+00:00,236.11,237.63,196.49065,59.68748,3.0064304,0.5547445255474452,-10.0,29402.226709430677,0.0,29392.226709430677,0,,27329.531
2024-03-08 00:00:00+00:00,237.29,237.47,196.81184,63.037262,3.0471454,0.5754716981132076,-10.0,29382.428612110096,0.0,29372.428612110096,0,,27311.127
2024-03-11 00:00:00+00:00,236.64,237.68,197.13795,67.69231,2.9528592,0.5547445255474452,-10.0,29408.411332418953,0.0,29398.411332418953,0,,27335.28
2024-03-12 00:00:00+00:00,237.66,237.44,197.47005,66.81414,2.8392868,0.5754716981132076,-10.0,29378.71758060869,0.0,29368.71758060869,0,,27307.68
2024-03-13 00:00:00+00:00,238.49,234.77,197.80196,63.27761,2.8221436,0.625,-10.0,29048.35529165443,0.0,29038.35529165443,0,,27000.605
2024-03-14 00:00:00+00:00,235.93,237.68,198.12495,51.10848,2.9021432,0.5547445255474452,-10.0,29408.410361358525,0.0,29398.410361358525,0,,27335.28
2024-03-15 00:00:00+00:00,235.26,238.23,198.4713,51.22531,2.86357,0.5547445255474452,-10.0,29476.464091123307,0.0,29466.464091123307,0,,27398.537
2024-03-18 00:00:00+00:00,238.12,239.31,198.8324,49.6607,2.960713,0.5547445255474452,-10.0,29610.09299033058,0.0,29600.09299033058,0,,27522.746
2024-03-19 00:00:00+00:00,240.21,242.35,199.1782,59.055653,2.9578564,0.5754716981132076,-10.0,29986.235340674713,0.0,29976.235340674713,0,,27872.371
2024-03-20 00:00:00+00:00,242.52,241.87,199.527,67.16336,2.9785712,0.5754716981132076,-10.0,29926.842733440557,0.0,29916.842733440557,0,,27817.166
2024-03-21 00:00:00+00:00,241.9,242.33,199.86375,67.34916,2.9914289,0.5547445255474452,-10.0,29983.759548360184,0.0,29973.759548360184,0,,27870.07
2024-03-22 00:00:00+00:00,242.92,242.5,200.20195,65.49706,2.9935718,0.5754716981132076,-10.0,30004.794554995624,0.0,29994.794554995624,0,,27889.623
2024-03-25 00:00:00+00:00,242.5,242.06,200.5426,70.88525,2.7685711,0.5754716981132076,-10.0,29950.353105886985,0.0,29940.353105886985,0,,27839.02
2024-03-26 00:00:00+00:00,242.06,242.8,200.885,71.10691,2.7449994,0.5754716981132076,-10.0,30041.91499617921,0.0,30031.91499617921,0,,27924.127
2024-03-27 00:00:00+00:00,243.98,244.64,201.21675,75.21739,2.777856,0.5754716981132076,-10.0,30269.580251037,0.0,30259.580251037,0,,28135.742
2024-03-28 00:00:00+00:00,244.64,242.99,201.54884,73.382225,2.652855,0.625,-10.0,30065.42514250731,0.0,30055.42514250731,0,,27945.979
2024-04-01 00:00:00+00:00,242.38,243.0,201.8672,66.74759,2.8764267,0.5547445255474452,-10.0,30066.6616494074,0.0,30056.6616494074,0,,27947.127
2024-04-02 00:00:00+00:00,242.5,243.09,202.18324,66.33909,2.980713,0.625,-10.0,30077.79783764563,0.0,30067.79783764563,0,,27957.48
2024-04-03 00:00:00+00:00,243.74,245.8,202.50345,67.51392,3.0399988,0.5547445255474452,-10.0,30413.111574821207,0.0,30403.111574821207,0,,28269.154
2024-04-04 00:00:00+00:00,246.65,242.04,202.823,84.10634,3.0064273,0.5754716981132076,-10.0,29947.880526905672,0.0,29937.880526905672,0,,27836.72
2024-04-05 00:00:00+00:00,242.72,243.22,203.11815,62.808437,3.1221423,0.5754716981132076,-10.0,30093.885498160602,0.0,30083.885498160602,0,,27972.434
2024-04-08 00:00:00+00:00,242.2,240.36,203.4118,64.13596,2.9785712,0.5754716981132076,-10.0,29740.01379984974,0.0,29730.01379984974,0,,27643.51
2024-04-09 00:00:00+00:00,241.22,238.57,203.68445,52.70201,2.932142,0.5547445255474452,-10.0,29518.536243371906,0.0,29508.536243371906,0,,27437.645
2024-04-10 00:00:00+00:00,238.29,237.8,203.93794,39.603977,3.0078561,0.5547445255474452,-10.0,29423.262466269756,0.0,29413.262466269756,0,,27349.086
2024-04-11 00:00:00+00:00,238.44,235.64,204.1886,38.982166,3.0607126,0.5130434782608696,-10.0,29156.00299880151,0.0,29146.00299880151,0,,27100.666
2024-04-12 00:00:00+00:00,235.0,234.0,204.428,33.41597,3.0507126,0.5130434782608696,-10.0,28953.08316715852,0.0,28943.08316715852,0,,26912.05
2024-04-15 00:00:00+00:00,236.35,234.21,204.6541,30.360456,3.1599982,0.5547445255474452,-10.0,28979.06588205977,0.0,28969.06588205977,0,,26936.201
2024-04-16 00:00:00+00:00,237.48,238.26,204.87656,31.667482,3.241428,0.5130434782608696,-10.0,29480.176001838157,0.0,29470.176001838157,0,,27401.986
2024-04-17 00:00:00+00:00,239.22,238.62,205.11525,40.817135,3.4628568,0.5547445255474452,-10.0,29524.719891697274,0.0,29514.719891697274,0,,27443.39
2024-04-18 00:00:00+00:00,239.4,237.3,205.3462,37.048187,3.5442853,0.5547445255474452,-10.0,29361.395404266903,0.0,29351.395404266903,0,,27291.58
2024-04-19 00:00:00+00:00,238.68,239.13,205.5781,37.58184,3.4842846,0.5547445255474452,-10.0,29587.823678194763,0.0,29577.823678194763,0,,27502.045
2024-04-22 00:00:00+00:00,236.0,236.85,205.8205,42.17551,3.4728568,0.5547445255474452,-10.0,29305.717455145892,0.0,29295.717455145892,0,,27239.826
2024-04-23 00:00:00+00:00,237.43,237.69,206.0438,38.41013,3.5835712,0.5547445255474452,-10.0,29409.649489434607,0.0,29399.649489434607,0,,27336.43
2024-04-24 00:00:00+00:00,237.59,237.95,206.27795,33.812374,3.4500003,0.5130434782608696,-10.0,29441.81965923096,0.0,29431.81965923096,0,,27366.332
2024-04-25 00:00:00+00:00,239.03,239.76,206.50356,40.510445,3.3214285,0.5547445255474452,-10.0,29665.772557093856,0.0,29655.772557093856,0,,27574.498
2024-04-26 00:00:00+00:00,240.04,240.88,206.73625,42.200157,3.404286,0.5547445255474452,-10.0,29804.351325278312,0.0,29794.351325278312,0,,27703.309
2024-04-29 00:00:00+00:00,240.0,239.93,206.98665,51.272026,3.432143,0.5754716981132076,-10.0,29686.80534396109,0.0,29676.80534396109,0,,27594.049
2024-04-30 00:00:00+00:00,239.78,239.05,207.2299,53.46935,3.307857,0.5547445255474452,-10.0,29577.922685477388,0.0,29567.922685477388,0,,27492.842
2024-05-01 00:00:00+00:00,229.15,229.2,207.46805,53.170982,3.2685711,0.5547445255474452,-10.0,28359.16999681224,0.0,28349.16999681224,0,,26360.006
2024-05-02 00:00:00+00:00,228.49,224.74,207.65335,38.24817,4.06,0.5754716981132076,-10.0,27807.330338113843,0.0,27797.330338113843,0,,25847.068
2024-05-03 00:00:00+00:00,223.63,223.95,207.8151,34.679024,4.1842847,0.5547445255474452,-10.0,27709.58245749466,0.0,27699.58245749466,0,,25756.21
2024-05-06 00:00:00+00:00,225.43,224.04,207.97514,33.344135,4.172856,0.5547445255474452,-10.0,27720.717678316065,0.0,27710.717678316065,0,,25766.56
2024-05-07 00:00:00+00:00,224.31,226.74,208.1283,23.509682,3.9828556,0.5547445255474452,-10.0,28054.792885274044,0.0,28044.792885274044,0,,26077.088
2024-05-08 00:00:00+00:00,227.72,224.11,208.29906,29.643616,3.970714,0.5547445255474452,-10.0,27729.38020625387,0.0,27719.38020625387,0,,25774.615
2024-05-09 00:00:00+00:00,223.95,224.09,208.46236,28.369968,4.0150003,0.5130434782608696,-10.0,27726.904312068033,0.0,27716.904312068033,0,,25772.314
2024-05-10 00:00:00+00:00,224.42,224.6,208.62335,23.779644,3.9285715,0.5130434782608696,-10.0,27790.009186813164,0.0,27780.009186813164,0,,25830.97
2024-05-13 00:00:00+00:00,224.73,222.92,208.8078,27.238974,3.7321417,0.5130434782608696,-10.0,27582.13921524637,0.0,27572.13921524637,0,,25637.754
2024-05-14 00:00:00+00:00,223.18,221.94,208.98575,23.387424,3.8128552,0.5547445255474452,-10.0,27460.882609862037,0.0,27450.882609862037,0,,25525.045
2024-05-15 00:00:00+00:00,221.69,221.81,209.16264,21.88274,3.8185709,0.5677759703926166,-10.0,27444.79617726859,0.0,27434.79617726859,0,,25510.092
2024-05-16 00:00:00+00:00,222.51,221.85,209.3372,16.498768,3.7621417,0.5754716981132076,-10.0,27449.74622102033,0.0,27439.74622102033,0,,25514.693
2024-05-17 00:00:00+00:00,222.74,222.12,209.50095,12.991132,3.7042859,0.5547445255474452,-10.0,27483.152771805682,0.0,27473.152771805682,0,,25545.744
2024-05-20 00:00:00+00:00,222.38,221.0,209.6544,14.422739,3.6400006,0.5547445255474452,-10.0,27344.574071270166,0.0,27334.574071270166,0,,25416.934
2024-05-21 00:00:00+00:00,221.3,217.08,209.8026,14.285757,3.6757147,0.5547445255474452,-10.0,26859.54784497928,0.0,26849.54784497928,0,,24966.1
2024-05-22 00:00:00+00:00,216.85,216.75,209.96135,18.666033,3.0035717,0.5754716981132076,-10.0,26818.717119056793,0.0,26808.717119056793,0,,24928.148
2024-05-23 00:00:00+00:00,218.5,219.82,210.1122,23.734432,2.770716,0.5754716981132076,-10.0,27198.573452133835,0.0,27188.573452133835,0,,25281.227
2024-05-24 00:00:00+00:00,219.94,218.89,210.28445,38.193306,2.8721445,0.8,-10.0,27083.501801258866,0.0,27073.501801258866,0,,25174.268
2024-05-28 00:00:00+00:00,218.06,216.21,210.45035,35.952045,2.8657162,0.5754716981132076,-10.0,26751.90308097643,0.0,26741.90308097643,0,,24866.045
2024-05-29 00:00:00+00:00,215.83,219.06,210.59625,21.245268,2.9321442,0.5547445255474452,-10.0,27104.535088954268,0.0,27094.535088954268,0,,25193.818
2024-05-30 00:00:00+00:00,219.91,220.53,210.7547,36.37345,2.9221432,0.5754716981132076,-10.0,27286.420866574037,0.0,27276.420866574037,0,,25362.883
2024-05-31 00:00:00+00:00,220.72,226.57,210.9192,41.091103,3.0942852,0.5754716981132076,-10.0,28033.756988006473,0.0,28023.756988006473,0,,26057.537
2024-06-03 00:00:00+00:00,224.72,230.51,211.12485,53.861233,3.412857,0.5754716981132076,-10.0,28521.254353555734,0.0,28511.254353555734,0,,26510.668
2024-06-04 00:00:00+00:00,230.14,230.67,211.35745,63.665825,3.6028574,0.5754716981132076,-10.0,28541.052544638304,0.0,28531.052544638304,0,,26529.072
2024-06-05 00:00:00+00:00,231.73,231.77,211.6108,66.196655,3.6107135,0.5547445255474452,-10.0,28677.15709558921,0.0,28667.15709558921,0,,26655.58
2024-06-06 00:00:00+00:00,231.72,236.67,211.86765,67.83669,3.606428,0.5754716981132076,-10.0,29283.439464934116,0.0,29273.439464934116,0,,27219.123
2024-06-07 00:00:00+00:00,237.29,235.47,212.1461,72.60525,3.856428,0.5547445255474452,-10.0,29134.962801015376,0.0,29124.962801015376,0,,27081.113
2024-06-10 00:00:00+00:00,235.27,234.57,212.43365,69.80126,3.9721417,0.5754716981132076,-10.0,29023.60640227483,0.0,29013.60640227483,0,,26977.605
2024-06-11 00:00:00+00:00,233.95,232.62,212.71765,70.259796,4.037857,0.5754716981132076,-10.0,28782.329696501256,0.0,28772.329696501256,0,,26753.338
2024-06-12 00:00:00+00:00,232.17,230.14,212.9869,74.651,3.9114292,0.5754716981132076,-10.0,28475.47767654544,0.0,28465.47767654544,0,,26468.117
2024-06-13 00:00:00+00:00,229.63,232.23,213.2402,69.88417,4.171428,0.5754716981132076,-10.0,28734.07384523031,0.0,28724.07384523031,0,,26708.484
2024-06-14 00:00:00+00:00,231.94,232.53,213.4994,68.98133,4.241428,0.8,-10.0,28771.19456397897,0.0,28761.19456397897,0,,26742.988
2024-06-17 00:00:00+00:00,232.24,234.7,213.76215,71.27262,4.1757135,0.5754716981132076,-10.0,29039.692531132343,0.0,29029.692531132343,0,,26992.557
2024-06-18 00:00:00+00:00,235.76,237.2,214.04115,79.30269,4.1707144,0.5754716981132076,-10.0,29349.02176979975,0.0,29339.02176979975,0,,27280.08
2024-06-20 00:00:00+00:00,237.17,235.68,214.34724,79.07052,4.0814285,0.5754716981132076,-10.0,29160.95043958196,0.0,29150.95043958196,0,,27105.268
2024-06-21 00:00:00+00:00,236.59,236.68,214.65085,74.23999,3.9557157,0.5547445255474452,-10.0,29284.68082595787,0.0,29274.68082595787,0,,27220.275
2024-06-24 00:00:00+00:00,238.99,239.36,214.9699,69.28651,3.807858,0.5754716981132076,-10.0,29616.281012498384,0.0,29606.281012498384,0,,27528.5
2024-06-25 00:00:00+00:00,240.4,238.33,215.29335,67.73547,3.6850019,0.5754716981132076,-10.0,29488.837495785163,0.0,29478.837495785163,0,,27410.04
2024-06-26 00:00:00+00:00,237.6,237.28,215.5941,64.833466,3.6371439,0.5754716981132076,-10.0,29358.919193278896,0.0,29348.919193278896,0,,27289.281
2024-06-27 00:00:00+00:00,229.0,227.96,215.892,60.690712,3.6528583,0.5754716981132076,-10.0,28205.746423330384,0.0,28195.746423330384,0,,26217.4
2024-06-28 00:00:00+00:00,227.87,225.3,216.14314,35.574707,4.214286,0.5754716981132076,-10.0,27876.620853775283,0.0,27866.620853775283,0,,25911.477
2024-07-01 00:00:00+00:00,226.41,223.53,216.37724,33.93366,4.23,0.5547445255474452,-10.0,27657.61681808594,0.0,27647.61681808594,0,,25707.91
2024-07-02 00:00:00+00:00,223.7,222.51,216.61145,33.025826,4.297856,0.5754716981132076,-10.0,27531.410886735815,0.0,27521.410886735815,0,,25590.602
2024-07-03 00:00:00+00:00,223.0,222.5,216.83905,33.998104,4.380712,0.5754716981132076,-10.0,27530.1735727614,0.0,27520.1735727614,0,,25589.451
2024-07-05 00:00:00+00:00,222.4,222.68,217.0601,36.881874,4.219284,0.5754716981132076,-10.0,27552.444223370505,0.0,27542.444223370505,0,,25610.154
2024-07-08 00:00:00+00:00,222.68,223.69,217.27835,32.4513,4.1107125,0.5754716981132076,-10.0,27677.413157168674,0.0,27667.413157168674,0,,25726.314
2024-07-09 00:00:00+00:00,225.51,222.37,217.4981,34.169067,4.1342826,0.5754716981132076,-10.0,27514.087672487592,0.0,27504.087672487592,0,,25574.5
2024-07-10 00:00:00+00:00,222.63,222.42,217.69604,27.225727,4.139282,0.5754716981132076,-10.0,27520.27362960352,0.0,27510.27362960352,0,,25580.252
2024-07-11 00:00:00+00:00,221.72,222.0,217.8835,19.983788,4.057141,0.5547445255474452,-10.0,27468.306140548153,0.0,27458.306140548153,0,,25531.947
2024-07-12 00:00:00+00:00,222.76,222.6,218.06375,20.918407,4.0985694,0.5547445255474452,-10.0,27542.54508899091,0.0,27532.54508899091,0,,25600.953
2024-07-15 00:00:00+00:00,222.48,222.2,218.24065,19.550236,3.9728558,0.5754716981132076,-10.0,27493.052214288524,0.0,27483.052214288524,0,,25554.951
2024-07-16 00:00:00+00:00,222.12,225.38,218.4228,8.829219,3.8985693,0.5547445255474452,-10.0,27886.51718457704,0.0,27876.51718457704,0,,25920.678
2024-07-17 00:00:00+00:00,225.38,225.16,218.6239,21.835632,4.0242844,0.5754716981132076,-10.0,27859.29589280063,0.0,27849.29589280063,0,,25895.373
2024-07-18 00:00:00+00:00,224.58,223.71,218.8354,22.653482,4.01857,0.5754716981132076,-10.0,27679.885798411557,0.0,27669.885798411557,0,,25728.611
2024-07-19 00:00:00+00:00,225.78,223.6,219.05411,35.1295,3.2835705,0.625,-10.0,27666.274537887944,0.0,27656.274537887944,0,,25715.959
2024-07-22 00:00:00+00:00,224.93,224.72,219.2767,42.75983,3.2192852,0.5754716981132076,-10.0,27804.853134424222,0.0,27794.853134424222,0,,25844.77
2024-07-23 00:00:00+00:00,225.29,224.26,219.49895,55.365192,3.067143,0.8,-10.0,27747.936535675326,0.0,27737.936535675326,0,,25791.865
2024-07-24 00:00:00+00:00,225.35,225.98,219.70695,58.30957,2.9371436,0.8,-10.0,27960.75453132279,0.0,27950.75453132279,0,,25989.68
2024-07-25 00:00:00+00:00,226.22,227.11,219.91165,64.21563,2.9842868,0.625,-10.0,28100.57150337887,0.0,28090.57150337887,0,,26119.64
2024-07-26 00:00:00+00:00,227.39,227.62,220.12794,66.79299,3.0357165,0.625,-10.0,28163.67261209788,0.0,28153.67261209788,0,,26178.293
2024-07-29 00:00:00+00:00,227.77,227.18,220.3351,65.484566,3.0535748,0.625,-10.0,28109.231156108817,0.0,28099.231156108817,0,,26127.69
2024-07-30 00:00:00+00:00,226.7,231.03,220.53114,70.36404,2.9278598,0.5754716981132076,-10.0,28585.595817609697,0.0,28575.595817609697,0,,26570.473
2024-07-31 00:00:00+00:00,238.56,237.88,220.74615,77.57842,3.2771454,0.5547445255474452,-10.0,29433.15455171096,0.0,29423.15455171096,0,,27358.283
2024-08-01 00:00:00+00:00,240.1,244.46,220.9977,86.02535,4.0092874,0.625,-10.0,30247.304036669055,0.0,30237.304036669055,0,,28115.041
2024-08-02 00:00:00+00:00,240.0,247.57,221.2751,89.007805,4.3907156,0.5547445255474452,-10.0,30632.107098093464,0.0,30622.107098093464,0,,28472.717
2024-08-05 00:00:00+00:00,246.51,241.25,221.57864,91.27886,4.992859,0.5754716981132076,-10.0,29850.1265966116,0.0,29840.1265966116,0,,27745.861
2024-08-06 00:00:00+00:00,241.9,239.82,221.84766,73.42779,5.3614316,0.5754716981132076,-10.0,29673.191657612984,0.0,29663.191657612984,0,,27581.4
2024-08-07 00:00:00+00:00,239.96,241.1,222.099,70.89509,5.4885745,0.5754716981132076,-10.0,29831.568090280514,0.0,29821.568090280514,0,,27728.613
2024-08-08 00:00:00+00:00,239.52,237.0,222.35506,74.90689,5.5542884,0.625,-10.0,29324.2690424272,0.0,29314.2690424272,0,,27257.076
2024-08-09 00:00:00+00:00,238.17,237.77,222.5963,67.22363,5.847146,0.625,-10.0,29419.541539184982,0.0,29409.541539184982,0,,27345.63
2024-08-12 00:00:00+00:00,237.19,237.77,222.84105,66.926056,5.868575,0.5754716981132076,-10.0,29419.541539184982,0.0,29409.541539184982,0,,27345.63
2024-08-13 00:00:00+00:00,237.75,236.31,223.08485,67.734314,5.9700036,0.625,-10.0,29238.893465641355,0.0,29228.893465641355,0,,27177.717
2024-08-14 00:00:00+00:00,236.75,237.75,223.3208,63.653175,5.934288,0.5754716981132076,-10.0,29417.06769385379,0.0,29407.06769385379,0,,27343.332
2024-08-15 00:00:00+00:00,238.07,236.67,223.56654,63.948597,5.905716,0.5754716981132076,-10.0,29283.438040216144,0.0,29273.438040216144,0,,27219.123
2024-08-16 00:00:00+00:00,236.8,238.11,223.8117,61.68948,5.9864306,0.5754716981132076,-10.0,29461.611424593222,0.0,29451.611424593222,0,,27384.736
2024-08-19 00:00:00+00:00,237.88,238.85,224.0752,63.76227,6.0442886,0.5754716981132076,-10.0,29553.17181337753,0.0,29543.17181337753,0,,27469.842
2024-08-20 00:00:00+00:00,239.13,238.41,224.3437,60.68306,5.6492887,0.625,-10.0,29498.730699424876,0.0,29488.730699424876,0,,27419.238
2024-08-21 00:00:00+00:00,238.76,239.34,224.5996,50.87777,4.830718,0.5754716981132076,-10.0,29613.798356173957,0.0,29603.798356173957,0,,27526.195
2024-08-22 00:00:00+00:00,240.1,240.59,224.8354,39.568043,4.42929,0.5754716981132076,-10.0,29768.461694809204,0.0,29758.461694809204,0,,27669.957
2024-08-23 00:00:00+00:00,240.92,237.74,225.0625,34.611984,3.694289,0.5754716981132076,-10.0,29415.829644460304,0.0,29405.829644460304,0,,27342.184
2024-08-26 00:00:00+00:00,235.52,234.44,225.2668,40.86415,3.3057163,0.5754716981132076,-10.0,29007.51646499108,0.0,28997.51646499108,0,,26962.654
2024-08-27 00:00:00+00:00,235.22,233.5,225.45865,37.239086,3.3235736,0.5754716981132076,-10.0,28891.209526755112,0.0,28881.209526755112,0,,26854.547
2024-08-28 00:00:00+00:00,233.76,236.45,225.6422,31.677921,3.3421457,0.5754716981132076,-10.0,29256.21530431028,0.0,29246.21530431028,0,,27193.82
2024-08-29 00:00:00+00:00,236.45,237.6,225.84035,48.596214,3.0842874,0.625,-10.0,29398.5064124656,0.0,29388.5064124656,0,,27326.08
2024-08-30 00:00:00+00:00,237.25,239.57,226.0405,49.574368,3.097859,0.5754716981132076,-10.0,29642.256617267136,0.0,29632.256617267136,0,,27552.648
2024-09-03 00:00:00+00:00,240.55,243.72,226.244,54.1021,3.0321448,0.5754716981132076,-10.0,30155.739335237144,0.0,30145.739335237144,0,,28029.934
2024-09-04 00:00:00+00:00,244.38,243.4,226.49075,65.04263,3.1814313,0.5547445255474452,-10.0,30116.14392311299,0.0,30106.14392311299,0,,27993.129
2024-09-05 00:00:00+00:00,237.87,236.24,226.74165,62.016144,3.3735745,0.5051546391752578,-10.0,29230.230534497972,0.0,29220.230534497972,0,,27169.666
2024-09-06 00:00:00+00:00,236.36,234.97,226.9383,49.273415,3.9364307,0.5894736842105263,-10.0,29073.091103104947,0.0,29063.091103104947,0,,27023.604
2024-09-09 00:00:00+00:00,236.68,236.53,227.13815,44.663494,4.034289,0.5894736842105263,-10.0,29266.11092985156,0.0,29256.11092985156,0,,27203.016
2024-09-10 00:00:00+00:00,236.34,237.53,227.3411,46.16401,4.1707163,0.5894736842105263,-10.0,29389.840948482444,0.0,29379.840948482444,0,,27318.025
2024-09-11 00:00:00+00:00,236.23,236.22,227.5346,48.57142,4.3307157,0.5894736842105263,-10.0,29227.753078642705,0.0,29217.753078642705,0,,27167.363
2024-09-12 00:00:00+00:00,235.58,237.65,227.7173,44.9968,4.4578586,0.5894736842105263,-10.0,29404.68872241574,0.0,29394.68872241574,0,,27331.826
2024-09-13 00:00:00+00:00,237.65,239.88,227.89905,45.312492,4.5250015,0.5894736842105263,-10.0,29680.609360593724,0.0,29670.609360593724,0,,27588.297
2024-09-16 00:00:00+00:00,242.0,241.24,228.08955,53.480804,4.5228586,0.5894736842105263,-10.0,29848.882821527943,0.0,29838.882821527943,0,,27744.709
2024-09-17 00:00:00+00:00,241.01,234.53,228.28925,61.80556,4.492859,0.5894736842105263,-10.0,29018.647288622386,0.0,29008.647288622386,0,,26973.0
2024-09-18 00:00:00+00:00,230.49,228.48,228.4643,51.489727,4.7457147,0.5894736842105263,-10.0,28270.07372552092,0.0,28260.07372552092,0,,26277.197
2024-09-19 00:00:00+00:00,228.45,226.56,228.58984,39.42129,5.0407147,0.5894736842105263,-10.0,28032.51009492854,0.0,28022.51009492854,0,,26056.38
2024-09-20 00:00:00+00:00,230.27,228.11,228.7022,35.63995,5.169999,0.5894736842105263,-10.0,28224.29230174378,0.0,28214.29230174378,0,,26234.643
2024-09-23 00:00:00+00:00,228.53,228.33,228.82394,34.928978,5.5171423,0.5894736842105263,-10.0,28251.511898215696,0.0,28241.511898215696,0,,26259.945
2024-09-24 00:00:00+00:00,226.49,225.35,228.94695,27.427406,5.404999,0.5894736842105263,-10.0,27882.793747881286,0.0,27872.793747881286,0,,25917.217
2024-09-25 00:00:00+00:00,226.65,223.43,229.07034,25.442194,5.386428,0.5894736842105263,-10.0,27645.228822359844,0.0,27635.228822359844,0,,25696.398
2024-09-26 00:00:00+00:00,222.1,223.88,229.18645,29.673115,4.9571424,0.5894736842105263,-10.0,27700.910740764255,0.0,27690.910740764255,0,,25748.154
2024-09-27 00:00:00+00:00,223.5,224.92,229.2971,31.932251,4.9071417,0.5894736842105263,-10.0,27829.591099859124,0.0,27819.591099859124,0,,25867.766
2024-09-30 00:00:00+00:00,225.25,225.08,229.40746,30.75905,4.817856,0.5894736842105263,-10.0,27849.386895549287,0.0,27839.386895549287,0,,25886.166
2024-10-01 00:00:00+00:00,225.13,224.23,229.5131,28.776026,4.661428,0.5894736842105263,-10.0,27744.213945262713,0.0,27734.213945262713,0,,25788.408
2024-10-02 00:00:00+00:00,223.52,221.64,229.61565,29.23452,4.556428,0.5894736842105263,-10.0,27423.751480703002,0.0,27413.751480703002,0,,25490.537
2024-10-03 00:00:00+00:00,221.63,220.96,229.71635,23.343372,4.5749993,0.5894736842105263,-10.0,27339.61459172415,0.0,27329.61459172415,0,,25412.33
2024-10-04 00:00:00+00:00,220.22,219.94,229.8195,16.783741,4.4564276,0.5894736842105263,-10.0,27213.407808018208,0.0,27203.407808018208,0,,25295.021
2024-10-07 00:00:00+00:00,219.21,219.5,229.91885,12.153553,4.2992835,0.5894736842105263,-10.0,27158.965472670774,0.0,27148.965472670774,0,,25244.418
2024-10-08 00:00:00+00:00,220.56,220.81,230.00694,15.637903,3.8428562,0.5894736842105263,-10.0,27321.05272807999,0.0,27311.05272807999,0,,25395.078
2024-10-09 00:00:00+00:00,221.61,221.16,230.11205,27.612408,3.449999,0.5051546391752578,-10.0,27364.3600370072,0.0,27354.3600370072,0,,25435.334
2024-10-10 00:00:00+00:00,221.91,222.2,230.2065,32.647865,3.2764282,0.5051546391752578,-10.0,27493.03954025492,0.0,27483.03954025492,0,,25554.941
2024-10-11 00:00:00+00:00,223.0,222.56,230.3023,30.36546,2.855713,0.5051546391752578,-10.0,27537.583033095638,0.0,27527.583033095638,0,,25596.344
2024-10-14 00:00:00+00:00,222.97,224.81,230.39465,31.00725,2.7721426,0.5051546391752578,-10.0,27815.978717660313,0.0,27805.978717660313,0,,25855.115
2024-10-15 00:00:00+00:00,224.73,233.12,230.49754,48.13275,2.614285,0.5894736842105263,-10.0,28844.18345636676,0.0,28834.18345636676,0,,26810.836
2024-10-16 00:00:00+00:00,231.53,236.57,230.6457,73.23741,3.057857,0.5689655172413793,-10.0,29271.058809151647,0.0,29261.058809151647,0,,27207.621
2024-10-17 00:00:00+00:00,234.43,235.64,230.80165,76.603775,3.2407138,0.5894736842105263,-10.0,29155.987710123205,0.0,29145.987710123205,0,,27100.66
2024-10-18 00:00:00+00:00,236.41,237.43,230.93715,72.57791,3.3128564,0.5894736842105263,-10.0,29377.464008558472,0.0,29367.464008558472,0,,27306.523
2024-10-21 00:00:00+00:00,238.0,236.54,231.07265,74.339745,3.422142,0.5894736842105263,-10.0,29267.343274937695,0.0,29257.343274937695,0,,27204.166
2024-10-22 00:00:00+00:00,235.8,234.17,231.202,74.22274,3.4785712,0.5894736842105263,-10.0,28974.10142421404,0.0,28964.10142421404,0,,26931.596
2024-10-23 00:00:00+00:00,233.73,234.52,231.31606,74.87098,3.48,0.5894736842105263,-10.0,29017.407451108706,0.0,29007.407451108706,0,,26971.848
2024-10-24 00:00:00+00:00,234.24,235.16,231.43675,77.272705,3.4564297,0.99,-10.0,29096.594187617407,0.0,29086.594187617407,0,,27045.453
2024-10-25 00:00:00+00:00,234.47,234.47,231.54445,81.08659,3.5642874,0.5894736842105263,-10.0,29011.220187421317,0.0,29001.220187421317,0,,26966.098
2024-10-28 00:00:00+00:00,235.01,233.57,231.63615,80.26687,3.5621448,0.5894736842105263,-10.0,28899.862942117354,0.0,28889.862942117354,0,,26862.59
2024-10-29 00:00:00+00:00,233.02,231.77,231.70935,76.23357,3.5807157,0.5894736842105263,-10.0,28677.147207911203,0.0,28667.147207911203,0,,26655.574
2024-10-30 00:00:00+00:00,231.28,229.48,231.77106,70.58595,3.6314304,0.5894736842105263,-10.0,28393.801428828367,0.0,28383.801428828367,0,,26392.203
2024-10-31 00:00:00+00:00,228.85,228.08,231.82346,63.47149,3.7257168,0.5894736842105263,-10.0,28220.57896106942,0.0,28210.57896106942,0,,26231.191
2024-11-01 00:00:00+00:00,230.67,234.27,231.8703,59.836067,3.8071454,0.5894736842105263,-10.0,28986.475983387412,0.0,28976.475983387412,0,,26943.098
2024-11-04 00:00:00+00:00,235.21,233.89,231.9377,64.78125,4.2150016,0.5894736842105263,-10.0,28939.45757715053,0.0,28929.45757715053,0,,26899.393
2024-11-05 00:00:00+00:00,234.81,233.99,232.01575,51.59951,3.6085718,0.5894736842105263,-10.0,28951.832196912146,0.0,28941.832196912146,0,,26910.895
2024-11-06 00:00:00+00:00,236.8,245.38,232.0949,43.77413,3.519286,0.5894736842105263,-10.0,30361.129949307553,0.0,30351.129949307553,0,,28220.844
2024-11-07 00:00:00+00:00,249.04,247.76,232.23254,65.61899,4.2535715,0.5894736842105263,-10.0,30655.609392865474,0.0,30645.609392865474,0,,28494.566
2024-11-08 00:00:00+00:00,249.19,248.41,232.38445,66.25748,4.403571,0.5894736842105263,-10.0,30736.03616349514,0.0,30726.03616349514,0,,28569.322
2024-11-11 00:00:00+00:00,249.0,249.09,232.5323,68.82335,4.5214276,0.5894736842105263,-10.0,30820.173078513977,0.0,30810.173078513977,0,,28647.527
2024-11-12 00:00:00+00:00,248.5,248.79,232.68935,74.999985,4.5392847,0.5051546391752578,-10.0,30783.0541419023,0.0,30773.0541419023,0,,28613.025
2024-11-13 00:00:00+00:00,248.99,249.97,232.8411,73.950966,4.652141,0.5894736842105263,-10.0,30929.057552139595,0.0,30919.057552139595,0,,28748.736
2024-11-14 00:00:00+00:00,248.4,243.41,232.9883,74.41476,4.6399984,0.5894736842105263,-10.0,30117.381648195886,0.0,30107.381648195886,0,,27994.28
2024-11-15 00:00:00+00:00,242.45,240.24,233.04195,62.348064,4.9971414,0.5894736842105263,-10.0,29725.155239127726,0.0,29715.155239127726,0,,27629.701
2024-11-18 00:00:00+00:00,239.63,242.87,233.05855,58.669086,5.3092847,0.5894736842105263,-10.0,30050.566818864772,0.0,30040.566818864772,0,,27932.174
2024-11-19 00:00:00+00:00,242.16,240.98,233.09795,64.12212,5.449284,0.5894736842105263,-10.0,29816.71562726635,0.0,29806.71562726635,0,,27714.809
2024-11-20 00:00:00+00:00,240.95,243.2,233.1318,64.781494,5.4657125,0.6666666666666666,-10.0,30091.398383566262,0.0,30081.398383566262,0,,27970.129
2024-11-21 00:00:00+00:00,242.97,245.69,233.17274,69.033226,5.42714,0.99,-10.0,30399.490016048,0.0,30389.490016048,0,,28256.502
2024-11-22 00:00:00+00:00,246.12,245.02,233.21284,65.8523,5.0414267,0.5894736842105263,-10.0,30316.58964287439,0.0,30306.58964287439,0,,28179.445
2024-11-25 00:00:00+00:00,244.37,244.23,233.28635,65.32636,5.020714,0.5894736842105263,-10.0,30218.841267926982,0.0,30208.841267926982,0,,28088.588
2024-11-26 00:00:00+00:00,246.05,248.45,233.35405,63.837826,4.8599997,0.5894736842105263,-10.0,30740.986294560684,0.0,30730.986294560684,0,,28573.926
2024-11-27 00:00:00+00:00,246.54,249.69,233.4464,55.145813,4.2799997,0.5894736842105263,-10.0,30894.412569002685,0.0,30884.412569002685,0,,28716.535
2024-11-29 00:00:00+00:00,250.08,251.55,233.5389,53.363552,4.2464294,0.5894736842105263,-10.0,31124.55336793195,0.0,31114.55336793195,0,,28930.451
2024-12-02 00:00:00+00:00,251.02,249.87,233.63875,55.25083,4.162858,0.5894736842105263,-10.0,30916.683654606244,0.0,30906.683654606244,0,,28737.234
2024-12-03 00:00:00+00:00,251.74,250.05,233.7227,51.262135,4.154287,0.5894736842105263,-10.0,30938.955468872067,0.0,30928.955468872067,0,,28757.938
2024-12-04 00:00:00+00:00,251.59,248.34,233.81435,52.0468,4.087144,0.5894736842105263,-10.0,30727.373874120854,0.0,30717.373874120854,0,,28561.27
2024-12-05 00:00:00+00:00,247.0,244.31,233.89426,47.39699,4.220001,0.5894736842105263,-10.0,30228.73858794032,0.0,30218.73858794032,0,,28097.787
2024-12-06 00:00:00+00:00,244.14,243.41,233.94846,51.563572,4.1035724,0.5894736842105263,-10.0,30117.3817955089,0.0,30107.3817955089,0,,27994.28
2024-12-09 00:00:00+00:00,243.29,240.51,233.9935,55.978867,3.8621423,0.5894736842105263,-10.0,29758.561067433675,0.0,29748.561067433675,0,,27660.754
2024-12-10 00:00:00+00:00,240.79,237.01,234.0097,45.593735,3.8700006,0.5894736842105263,-10.0,29325.502154318838,0.0,29315.502154318838,0,,27258.223
2024-12-11 00:00:00+00:00,236.81,231.89,234.00305,43.00811,3.9778574,0.5894736842105263,-10.0,28691.999407481246,0.0,28681.999407481246,0,,26669.379
2024-12-12 00:00:00+00:00,232.67,232.12,233.97995,31.92716,4.308571,0.5894736842105263,-10.0,28720.456743319355,0.0,28710.456743319355,0,,26695.828
2024-12-13 00:00:00+00:00,232.48,232.24,233.9599,26.627638,4.251429,0.5894736842105263,-10.0,28735.305526442346,0.0,28725.305526442346,0,,26709.63
2024-12-16 00:00:00+00:00,232.91,229.82,233.9431,27.563236,4.315713,0.5689655172413793,-10.0,28435.87609082864,0.0,28425.87609082864,0,,26431.31
2024-12-17 00:00:00+00:00,228.47,227.64,233.90704,26.071117,4.6107135,0.5894736842105263,-10.0,28166.14128711634,0.0,28156.14128711634,0,,26180.59
2024-12-18 00:00:00+00:00,227.89,226.99,233.86626,12.93201,4.522143,0.5894736842105263,-10.0,28085.716799623344,0.0,28075.716799623344,0,,26105.834
2024-12-19 00:00:00+00:00,225.34,226.27,233.82465,8.697279,4.368571,0.5894736842105263,-10.0,27996.62945694828,0.0,27986.62945694828,0,,26023.025
2024-12-20 00:00:00+00:00,227.72,227.69,233.7826,2.0122,4.2999988,0.5894736842105263,-10.0,28172.326612081957,0.0,28162.326612081957,0,,26186.338
2024-12-23 00:00:00+00:00,227.28,227.64,233.7329,7.477036,4.364284,0.5051546391752578,-10.0,28166.140433681507,0.0,28156.140433681507,0,,26180.586
2024-12-24 00:00:00+00:00,226.97,227.54,233.68375,6.8208227,4.4121423,0.5051546391752578,-10.0,28153.76575714777,0.0,28143.76575714777,0,,26169.086
2024-12-26 00:00:00+00:00,226.73,226.59,233.63306,7.2719946,4.212142,0.5894736842105263,-10.0,28036.22190027514,0.0,28026.22190027514,0,,26059.828
2024-12-27 00:00:00+00:00,225.51,226.93,233.5788,8.32551,3.9842846,0.5894736842105263,-10.0,28078.289895949605,0.0,28068.289895949605,0,,26098.932
2024-12-30 00:00:00+00:00,225.2,224.71,233.5396,10.1932335,3.9364285,0.5495581805419703,-10.0,27803.60919758686,0.0,27793.60919758686,0,,25843.613
2024-12-31 00:00:00+00:00,224.96,224.68,233.47475,10.53947,3.769285,0.5051546391752578,-10.0,27799.89535804329,0.0,27789.89535804329,0,,25840.16
2025-01-02 00:00:00+00:00,225.88,224.74,233.407,12.749246,3.653572,0.475,-10.0,27807.322044985554,0.0,27797.322044985554,0,,25847.062
2025-01-03 00:00:00+00:00,225.88,229.2,233.33415,18.88607,3.3042874,0.475,-10.0,28359.161911956915,0.0,28349.161911956915,0,,26360.002
2025-01-06 00:00:00+00:00,229.26,228.88,233.2684,40.712482,3.5842862,0.5051546391752578,-10.0,28319.569130325937,0.0,28309.569130325937,0,,26323.2
2025-01-07 00:00:00+00:00,229.36,234.24,233.20345,39.44723,3.5564303,0.5051546391752578,-10.0,28982.768878903327,0.0,28972.768878903327,0,,26939.646
2025-01-08 00:00:00+00:00,234.99,237.83,233.163,61.717915,3.5235727,0.5689655172413793,-10.0,29426.96291931101,0.0,29416.96291931101,0,,27352.53
2025-01-10 00:00:00+00:00,237.07,236.19,233.13965,75.13569,3.53,0.5051546391752578,-10.0,29224.044548340815,0.0,29214.044548340815,0,,27163.916
2025-01-13 00:00:00+00:00,236.41,236.09,233.1103,71.63688,3.5821424,0.5894736842105263,-10.0,29211.670170346788,0.0,29201.670170346788,0,,27152.414
2025-01-14 00:00:00+00:00,237.69,240.05,233.07675,73.78874,3.6214283,0.5894736842105263,-10.0,29701.647536236174,0.0,29691.647536236174,0,,27607.852
2025-01-15 00:00:00+00:00,241.0,237.67,233.0538,76.660904,3.692142,0.5894736842105263,-10.0,29407.166494138513,0.0,29397.166494138513,0,,27334.129
2025-01-16 00:00:00+00:00,237.65,240.89,233.0272,69.65895,3.8014276,0.5894736842105263,-10.0,29805.582283650354,0.0,29795.582283650354,0,,27704.46
2025-01-17 00:00:00+00:00,240.9,242.05,233.01665,73.31471,3.9471424,0.5894736842105263,-10.0,29949.109850601635,0.0,29939.109850601635,0,,27837.871
2025-01-21 00:00:00+00:00,243.58,245.07,233.01144,76.803055,4.1328573,0.5894736842105263,-10.0,30322.778960457945,0.0,30312.778960457945,0,,28185.2
2025-01-22 00:00:00+00:00,244.51,246.96,233.0078,78.77538,4.1971426,0.5894736842105263,-10.0,30556.6320457455,0.0,30546.6320457455,0,,28402.566
2025-01-23 00:00:00+00:00,248.5,247.94,233.0324,85.66845,4.345714,0.5051546391752578,-10.0,30677.88805956076,0.0,30667.88805956076,0,,28515.275
2025-01-24 00:00:00+00:00,248.71,248.48,233.056,86.18544,4.3278556,0.5689655172413793,-10.0,30744.70307998467,0.0,30734.70307998467,0,,28577.38
2025-01-27 00:00:00+00:00,250.36,254.89,233.0966,86.38871,4.267856,0.5894736842105263,-10.0,31537.82081137809,0.0,31527.82081137809,0,,29314.588
2025-01-28 00:00:00+00:00,254.8,255.1,233.1782,87.15649,4.326428,0.5051546391752578,-10.0,31563.80341536047,0.0,31553.80341536047,0,,29338.738
2025-01-29 00:00:00+00:00,257.05,255.94,233.2647,88.04409,4.2349997,0.5894736842105263,-10.0,31667.736675555618,0.0,31657.736675555618,0,,29435.346
2025-01-30 00:00:00+00:00,256.41,258.46,233.3662,86.23912,3.982143,0.5051546391752578,-10.0,31979.53632610322,0.0,31969.53632610322,0,,29725.166
2025-01-31 00:00:00+00:00,257.89,254.21,233.4885,85.7291,4.066429,0.5051546391752578,-10.0,31453.68110891462,0.0,31443.68110891462,0,,29236.38
2025-02-03 00:00:00+00:00,253.68,254.43,233.5885,78.62136,4.1771426,0.5051546391752578,-10.0,31480.899244649372,0.0,31470.899244649372,0,,29261.68
2025-02-04 00:00:00+00:00,251.72,251.57,233.66936,79.019005,4.1664286,0.5689655172413793,-10.0,31127.029370908152,0.0,31117.029370908152,0,,28932.756
2025-02-05 00:00:00+00:00,254.33,253.28,233.7341,68.885284,4.069287,0.5894736842105263,-10.0,31338.609553785835,0.0,31328.609553785835,0,,29129.42
2025-02-06 00:00:00+00:00,250.39,246.13,233.814,76.164986,4.7000012,0.5894736842105263,-10.0,30453.93332232963,0.0,30443.93332232963,0,,28307.107
2025-02-07 00:00:00+00:00,245.58,247.88,233.849,57.76069,4.9185724,0.5894736842105263,-10.0,30670.46440818762,0.0,30660.46440818762,0,,28508.373
2025-02-10 00:00:00+00:00,248.11,246.38,233.90414,58.48619,4.9271436,0.5894736842105263,-10.0,30484.868166917506,0.0,30474.868166917506,0,,28335.86
2025-02-11 00:00:00+00:00,246.35,246.75,233.9476,51.99513,4.892858,0.5894736842105263,-10.0,30530.64666607954,0.0,30520.64666607954,0,,28378.41
2025-02-12 00:00:00+00:00,246.75,243.59,233.99161,49.66463,4.8307147,0.5894736842105263,-10.0,30139.656697855145,0.0,30129.656697855145,0,,28014.982
2025-02-13 00:00:00+00:00,244.17,244.53,234.01076,43.5055,4.9450006,0.5894736842105263,-10.0,30255.963339787428,0.0,30245.963339787428,0,,28123.09
2025-02-14 00:00:00+00:00,244.0,242.63,234.029,44.172318,5.075714,0.5894736842105263,-10.0,30020.874447505696,0.0,30010.874447505696,0,,27904.574
2025-02-18 00:00:00+00:00,240.86,241.44,234.0425,29.135426,4.7471433,0.5689655172413793,-10.0,29873.635021494072,0.0,29863.635021494072,0,,27767.715
2025-02-19 00:00:00+00:00,241.56,245.42,234.05444,27.503231,4.9964285,0.5894736842105263,-10.0,30366.083366250106,0.0,30356.083366250106,0,,28225.447
2025-02-20 00:00:00+00:00,245.0,243.46,234.13554,34.298466,5.260714,0.5894736842105263,-10.0,30123.572307681523,0.0,30113.572307681523,0,,28000.033
2025-02-21 00:00:00+00:00,241.45,241.43,234.22916,27.231302,5.1150002,0.5689655172413793,-10.0,29872.39734196052,0.0,29862.39734196052,0,,27766.564
2025-02-24 00:00:00+00:00,242.17,244.24,234.31654,29.199165,4.9500012,0.5689655172413793,-10.0,30220.082144311797,0.0,30210.082144311797,0,,28089.738
2025-02-25 00:00:00+00:00,245.01,250.53,234.41756,34.704304,5.068573,0.5894736842105263,-10.0,30998.351369199452,0.0,30988.351369199452,0,,28813.143
2025-02-26 00:00:00+00:00,249.34,250.65,234.5365,48.584637,5.2821436,0.5894736842105263,-10.0,31013.199050221316,0.0,31003.199050221316,0,,28826.945
2025-02-27 00:00:00+00:00,251.08,249.01,234.6692,46.258884,4.640714,0.5894736842105263,-10.0,30810.280288292044,0.0,30800.280288292044,0,,28638.33
2025-02-28 00:00:00+00:00,250.65,253.54,234.79381,54.858284,4.411428,0.5894736842105263,-10.0,31370.782535348422,0.0,31360.782535348422,0,,29159.32
2025-03-03 00:00:00+00:00,253.54,255.38,234.9385,58.72916,4.4271426,0.5894736842105263,-10.0,31598.45104363603,0.0,31588.45104363603,0,,29370.94
2025-03-04 00:00:00+00:00,255.8,253.28,235.1008,63.73626,4.5899997,0.5894736842105263,-10.0,31338.61518612665,0.0,31328.61518612665,0,,29129.422
2025-03-05 00:00:00+00:00,252.02,251.53,235.2575,59.466503,4.6871424,0.5894736842105263,-10.0,31122.085085281804,0.0,31112.085085281804,0,,28928.156
2025-03-06 00:00:00+00:00,249.41,253.77,235.4061,62.001205,4.680714,0.5894736842105263,-10.0,31399.243746921016,0.0,31389.243746921016,0,,29185.777
2025-03-07 00:00:00+00:00,253.31,254.58,235.5657,63.438046,4.789286,0.5894736842105263,-10.0,31499.46475514119,0.0,31489.46475514119,0,,29278.932
2025-03-10 00:00:00+00:00,254.27,261.56,235.728,67.94832,4.942856,0.5894736842105263,-10.0,32363.10636240469,0.0,32353.10636240469,0,,30081.691
2025-03-11 00:00:00+00:00,262.92,260.67,235.9308,75.74205,5.1399994,0.5051546391752578,-10.0,32252.987956001372,0.0,32242.987956001372,0,,29979.336
2025-03-12 00:00:00+00:00,259.45,254.0,236.14876,71.18646,5.194287,0.5894736842105263,-10.0,31427.69927493703,0.0,31417.69927493703,0,,29212.227
2025-03-13 00:00:00+00:00,254.78,256.01,236.335,62.948387,5.584287,0.5894736842105263,-10.0,31676.40143874873,0.0,31666.40143874873,0,,29443.398
2025-03-14 00:00:00+00:00,255.59,258.07,236.51595,67.920364,5.607144,0.5894736842105263,-10.0,31931.285851122524,0.0,31921.285851122524,0,,29680.314
2025-03-17 00:00:00+00:00,257.27,260.96,236.71185,67.3178,5.699285,0.5894736842105263,-10.0,32288.86520893357,0.0,32278.86520893357,0,,30012.686
2025-03-18 00:00:00+00:00,260.93,264.14,236.93561,64.275925,5.6685715,0.5894736842105263,-10.0,32682.33124994867,0.0,32672.33124994867,0,,30378.416
2025-03-19 00:00:00+00:00,264.05,265.81,237.161,67.03715,5.710714,0.5894736842105263,-10.0,32888.96149422428,0.0,32878.96149422428,0,,30570.479
2025-03-20 00:00:00+00:00,266.31,267.84,237.3874,71.20141,5.75857,0.5894736842105263,-10.0,33140.13528004976,0.0,33130.13528004976,0,,30803.945
2025-03-21 00:00:00+00:00,268.1,267.43,237.59375,69.26185,5.662143,0.75,-10.0,33089.40547158439,0.0,33079.40547158439,0,,30756.791
2025-03-24 00:00:00+00:00,268.28,267.5,237.77835,66.88146,5.632856,0.5894736842105263,-10.0,33098.06773526575,0.0,33088.06773526575,0,,30764.842
2025-03-25 00:00:00+00:00,269.51,268.48,237.9625,71.12299,5.473571,0.5894736842105263,-10.0,33219.32382657914,0.0,33209.32382657914,0,,30877.549
2025-03-26 00:00:00+00:00,269.21,271.39,238.14606,75.767715,5.5171423,0.5894736842105263,-10.0,33579.38363391357,0.0,33569.38363391357,0,,31212.227
2025-03-27 00:00:00+00:00,273.07,273.97,238.31966,76.251495,5.4171414,0.5894736842105263,-10.0,33898.608838697684,0.0,33888.608838697684,0,,31508.95
2025-03-28 00:00:00+00:00,274.8,275.21,238.51215,77.44127,5.2657123,0.5894736842105263,-10.0,34052.03458964216,0.0,34042.03458964216,0,,31651.559
2025-03-31 00:00:00+00:00,276.0,278.09,238.71535,73.065216,4.822141,0.5894736842105263,-10.0,34408.38189499386,0.0,34398.38189499386,0,,31982.787
2025-04-01 00:00:00+00:00,279.02,277.41,238.9427,77.5807,4.70357,0.5689655172413793,-10.0,34324.2457988227,0.0,34314.2457988227,0,,31904.58
2025-04-02 00:00:00+00:00,277.09,279.51,239.17905,95.74054,4.383569,0.5051546391752578,-10.0,34584.081311069414,0.0,34574.081311069414,0,,32146.098
2025-04-03 00:00:00+00:00,281.7,289.36,239.41545,95.75546,4.402854,0.5689655172413793,-10.0,35802.83033127075,0.0,35792.83033127075,0,,33278.934
2025-04-04 00:00:00+00:00,291.3,278.39,239.6996,96.74336,4.856425,0.475,-10.0,34445.50290488351,0.0,34435.50290488351,0,,32017.29
2025-04-07 00:00:00+00:00,272.43,274.56,239.91805,70.97478,5.8964233,0.5894736842105263,-10.0,33971.6097605146,0.0,33961.6097605146,0,,31576.803
2025-04-08 00:00:00+00:00,280.53,274.73,240.10484,62.345966,6.449282,0.75,-10.0,33992.64406574094,0.0,33982.64406574094,0,,31596.354
2025-04-09 00:00:00+00:00,271.7,273.89,240.3001,60.958252,6.755711,0.6666666666666666,-10.0,33888.71021505676,0.0,33878.71021505676,0,,31499.746
2025-04-10 00:00:00+00:00,274.54,279.15,240.48615,57.656315,7.446424,0.6666666666666666,-10.0,34539.53393984588,0.0,34529.53393984588,0,,32104.69
2025-04-11 00:00:00+00:00,277.84,284.33,240.6851,63.210114,7.794996,0.5894736842105263,-10.0,35180.4618425616,0.0,35170.4618425616,0,,32700.436
2025-04-14 00:00:00+00:00,283.17,284.29,240.9151,67.010315,8.212853,0.5894736842105263,-10.0,35175.515210802994,0.0,35165.515210802994,0,,32695.838
2025-04-15 00:00:00+00:00,286.34,284.54,241.15015,66.288925,8.234996,0.5894736842105263,-10.0,35206.448802611085,0.0,35196.448802611085,0,,32724.59
2025-04-16 00:00:00+00:00,286.53,284.44,241.43304,64.33401,8.24714,0.6666666666666666,-10.0,35194.07413755408,0.0,35184.07413755408,0,,32713.09
2025-04-17 00:00:00+00:00,283.01,286.74,241.72874,62.065014,8.277856,0.5894736842105263,-10.0,35478.65222831125,0.0,35468.65222831125,0,,32977.605
2025-04-21 00:00:00+00:00,289.33,281.16,242.0448,62.96965,8.564998,0.5894736842105263,-10.0,34788.23474477808,0.0,34778.23474477808,0,,32335.857
2025-04-22 00:00:00+00:00,281.81,286.27,242.33804,53.25558,8.986424,0.6666666666666666,-10.0,35420.498675717376,0.0,35410.498675717376,0,,32923.55
2025-04-23 00:00:00+00:00,284.79,284.71,242.6569,58.588604,9.1257105,0.5894736842105263,-10.0,35227.477705377234,0.0,35217.477705377234,0,,32744.137
2025-04-24 00:00:00+00:00,283.81,282.39,242.96706,55.094036,9.679282,0.5894736842105263,-10.0,34940.424807142976,0.0,34930.424807142976,0,,32477.318
2025-04-25 00:00:00+00:00,283.01,285.9,243.26054,41.99036,9.0999975,0.5894736842105263,-10.0,35374.720136399796,0.0,35364.720136399796,0,,32881.0
2025-04-28 00:00:00+00:00,287.0,287.75,243.5782,60.41609,8.074285,0.5894736842105263,-10.0,35603.62285586457,0.0,35593.62285586457,0,,33093.766
2025-04-29 00:00:00+00:00,288.43,290.17,243.90485,69.35728,7.3692846,0.5894736842105263,-10.0,35903.05274803004,0.0,35893.05274803004,0,,33372.09
2025-04-30 00:00:00+00:00,291.78,292.67,244.2457,71.25558,7.097857,0.5894736842105263,-10.0,36212.37955544056,0.0,36202.37955544056,0,,33659.61
2025-05-01 00:00:00+00:00,289.72,290.43,244.59605,74.72361,6.4657135,0.5051546391752578,-10.0,35935.220387080626,0.0,35925.220387080626,0,,33401.99
2025-05-02 00:00:00+00:00,292.63,292.12,244.9372,66.13275,6.203572,0.5894736842105263,-10.0,36144.326106736924,0.0,36134.326106736924,0,,33596.355
2025-05-05 00:00:00+00:00,293.63,291.97,245.2709,62.376904,5.8249993,0.5894736842105263,-10.0,36125.766211614304,0.0,36115.766211614304,0,,33579.105
2025-05-06 00:00:00+00:00,292.29,290.81,245.60495,62.1596,5.655001,0.5894736842105263,-10.0,35982.23828227243,0.0,35972.23828227243,0,,33445.695
2025-05-07 00:00:00+00:00,295.56,304.58,245.94044,59.649117,5.6278577,0.5894736842105263,-10.0,37686.01618641458,0.0,37676.01618641458,0,,35029.367
2025-05-08 00:00:00+00:00,301.0,283.77,246.34535,71.81544,6.6528583,0.5894736842105263,-10.0,35111.171430636066,0.0,35101.171430636066,0,,32636.031
2025-05-09 00:00:00+00:00,285.92,283.0,246.6406,47.703724,7.7535706,0.5894736842105263,-10.0,35015.89930871737,0.0,35005.89930871737,0,,32547.477
2025-05-12 00:00:00+00:00,275.97,278.38,246.9343,51.53692,7.3992853,0.5894736842105263,-10.0,34444.26277225237,0.0,34434.26277225237,0,,32016.137
2025-05-13 00:00:00+00:00,278.5,279.0,247.1963,43.35524,7.8135705,0.5894736842105263,-10.0,34520.97659191994,0.0,34510.97659191994,0,,32087.443
2025-05-14 00:00:00+00:00,280.29,279.15,247.45575,45.113815,7.3064294,0.5894736842105263,-10.0,34539.53623905443,0.0,34529.53623905443,0,,32104.695
2025-05-15 00:00:00+00:00,280.0,285.97,247.7134,47.12049,7.345716,0.5894736842105263,-10.0,35383.38366338431,0.0,35373.38366338431,0,,32889.055
2025-05-16 00:00:00+00:00,285.76,290.22,248.00735,50.05876,7.4314313,0.5894736842105263,-10.0,35909.24099965875,0.0,35899.24099965875,0,,33377.844
2025-05-19 00:00:00+00:00,291.43,292.63,248.3033,51.9929,7.5728583,0.5894736842105263,-10.0,36207.43133335836,0.0,36197.43133335836,0,,33655.01
2025-05-20 00:00:00+00:00,293.58,292.93,248.57706,51.985146,7.471429,0.5689655172413793,-10.0,36244.55118798345,0.0,36234.55118798345,0,,33689.516
2025-05-21 00:00:00+00:00,291.33,291.36,248.8194,50.217518,7.557859,0.5894736842105263,-10.0,36050.29309159705,0.0,36040.29309159705,0,,33508.953
2025-05-22 00:00:00+00:00,290.94,290.11,249.03835,50.78693,7.3128576,0.5894736842105263,-10.0,35895.62929063347,0.0,35885.62929063347,0,,33365.19
2025-05-23 00:00:00+00:00,292.32,292.35,249.28265,48.286434,7.357145,0.5894736842105263,-10.0,36172.790388730275,0.0,36162.790388730275,0,,33622.812
2025-05-27 00:00:00+00:00,293.0,293.39,249.5453,50.312813,7.433572,0.5894736842105263,-10.0,36301.47305107193,0.0,36291.47305107193,0,,33742.426
2025-05-28 00:00:00+00:00,291.61,289.19,249.80675,52.128025,7.303571,0.5894736842105263,-10.0,35781.79982348947,0.0,35771.79982348947,0,,33259.387
2025-05-29 00:00:00+00:00,288.0,290.69,250.0677,34.926563,6.327142,0.5081613271810345,-10.0,35967.39699194935,0.0,35957.39699194935,0,,33431.9
2025-05-30 00:00:00+00:00,290.87,291.24,250.3323,60.901085,5.1485705,0.5894736842105263,-10.0,36035.4462508561,0.0,36025.4462508561,0,,33495.152
2025-06-02 00:00:00+00:00,290.29,292.07,250.59966,63.07104,5.0621424,0.5894736842105263,-10.0,36138.14498389014,0.0,36128.14498389014,0,,33590.61
2025-06-03 00:00:00+00:00,295.52,291.55,250.87845,74.684425,4.468571,0.5894736842105263,-10.0,36073.80281121895,0.0,36063.80281121895,0,,33530.8
2025-06-04 00:00:00+00:00,291.31,289.02,251.14745,72.71075,4.7892847,0.5051546391752578,-10.0,35760.76226399809,0.0,35750.76226399809,0,,33239.83
2025-06-05 00:00:00+00:00,289.22,288.41,251.4092,66.44447,4.7071424,0.5894736842105263,-10.0,35685.287713810154,0.0,35675.287713810154,0,,33169.676
2025-06-06 00:00:00+00:00,285.89,288.94,251.6607,55.126045,4.3942847,0.5689655172413793,-10.0,35750.86339813208,0.0,35740.86339813208,0,,33230.63
2025-06-09 00:00:00+00:00,286.68,283.95,251.91115,46.81276,4.355,0.5051546391752578,-10.0,35133.447096005344,0.0,35123.447096005344,0,,32656.736
2025-06-10 00:00:00+00:00,283.34,284.24,252.13885,30.847353,4.5657153,0.5051546391752578,-10.0,35169.32769041046,0.0,35159.32769041046,0,,32690.088
2025-06-11 00:00:00+00:00,284.07,286.64,252.36336,30.816792,4.4499993,0.5051546391752578,-10.0,35466.2874064491,0.0,35456.2874064491,0,,32966.117
2025-06-12 00:00:00+00:00,288.44,295.04,252.5936,39.948975,4.5592847,0.5051546391752578,-10.0,36505.62629325279,0.0,36495.62629325279,0,,33932.188
2025-06-13 00:00:00+00:00,295.09,295.54,252.8801,58.047695,4.8614264,0.5894736842105263,-10.0,36567.491621014546,0.0,36557.491621014546,0,,33989.69
2025-06-16 00:00:00+00:00,294.55,292.5,253.18561,55.520943,4.82857,0.5894736842105263,-10.0,36191.34847148982,0.0,36181.34847148982,0,,33640.066
2025-06-17 00:00:00+00:00,292.25,293.2,253.4806,48.55938,5.0978546,0.5894736842105263,-10.0,36277.96326048862,0.0,36267.96326048862,0,,33720.574
2025-06-18 00:00:00+00:00,292.69,296.75,253.76434,57.3202,4.969284,0.5894736842105263,-10.0,36717.20704139697,0.0,36707.20704139697,0,,34128.855
2025-06-20 00:00:00+00:00,296.57,293.66,254.0601,60.292114,4.9942865,0.5894736842105263,-10.0,36334.87765875577,0.0,36324.87765875577,0,,33773.477
2025-06-23 00:00:00+00:00,295.79,293.13,254.33055,53.783634,4.9478583,0.5894736842105263,-10.0,36269.29943078833,0.0,36259.29943078833,0,,33712.52
2025-06-24 00:00:00+00:00,292.62,294.12,254.5776,51.672977,5.1428595,0.5894736842105263,-10.0,36391.792402467734,0.0,36381.792402467734,0,,33826.38
2025-06-25 00:00:00+00:00,294.5,292.32,254.8312,53.996906,5.0357165,0.5894736842105263,-10.0,36169.07802095632,0.0,36159.07802095632,0,,33619.363
2025-06-26 00:00:00+00:00,294.44,296.58,255.1116,55.25147,5.0242877,0.5894736842105263,-10.0,36696.16919994905,0.0,36686.16919994905,0,,34109.297
2025-06-27 00:00:00+00:00,296.01,299.42,255.41965,61.648125,5.327144,0.5894736842105263,-10.0,37047.57035919534,0.0,37037.57035919534,0,,34435.926
2025-06-30 00:00:00+00:00,300.45,299.85,255.7341,64.01822,5.336428,0.5894736842105263,-10.0,37100.77490518405,0.0,37090.77490518405,0,,34485.38
2025-07-01 00:00:00+00:00,300.42,295.33,256.04572,74.223045,5.1492853,0.5894736842105263,-10.0,36541.50843471477,0.0,36531.50843471477,0,,33965.54
2025-07-02 00:00:00+00:00,293.75,291.17,256.34125,64.96625,5.602857,0.5894736842105263,-10.0,36026.79098607489,0.0,36016.79098607489,0,,33487.105
2025-07-03 00:00:00+00:00,292.52,296.23,256.60886,55.83613,5.9307165,0.5894736842105263,-10.0,36652.87216225561,0.0,36642.87216225561,0,,34069.05
2025-07-07 00:00:00+00:00,296.84,302.5,256.8906,51.67748,5.702146,0.5894736842105263,-10.0,37428.665644443,0.0,37418.665644443,0,,34790.156
2025-07-08 00:00:00+00:00,300.61,298.03,257.1969,58.438408,5.935717,0.5894736842105263,-10.0,36875.58653744205,0.0,36865.58653744205,0,,34276.066
2025-07-09 00:00:00+00:00,299.09,300.16,257.5144,56.47997,5.907146,0.5894736842105263,-10.0,37139.13467792963,0.0,37129.13467792963,0,,34521.035
2025-07-10 00:00:00+00:00,299.95,297.32,257.8728,57.891155,6.070716,0.5894736842105263,-10.0,36787.73972064709,0.0,36777.73972064709,0,,34194.414
2025-07-11 00:00:00+00:00,295.51,295.21,258.2266,50.65684,6.125715,0.5894736842105263,-10.0,36526.66568773847,0.0,36516.66568773847,0,,33951.742
2025-07-14 00:00:00+00:00,294.61,297.06,258.5621,51.827385,6.068573,0.5894736842105263,-10.0,36755.56782365168,0.0,36745.56782365168,0,,34164.508
2025-07-15 00:00:00+00:00,296.26,294.65,258.90576,54.493477,5.8814306,0.5894736842105263,-10.0,36457.37549591119,0.0,36447.37549591119,0,,33887.336
2025-07-16 00:00:00+00:00,297.19,297.83,259.25226,50.58693,5.702859,0.5894736842105263,-10.0,36850.84149565118,0.0,36840.84149565118,0,,34253.066
2025-07-17 00:00:00+00:00,295.81,294.38,259.62424,55.92089,5.7707148,0.5894736842105263,-10.0,36423.97072705707,0.0,36413.97072705707,0,,33856.285
2025-07-18 00:00:00+00:00,294.11,292.87,259.97675,47.59407,5.720714,0.5894736842105263,-10.0,36237.135552923944,0.0,36227.135552923944,0,,33682.62
2025-07-21 00:00:00+00:00,291.66,292.67,260.3165,42.62219,5.645002,0.5894736842105263,-10.0,36212.391720282445,0.0,36202.391720282445,0,,33659.62
2025-07-22 00:00:00+00:00,292.67,292.97,260.65445,41.870476,5.7164307,0.5894736842105263,-10.0,36249.508026588686,0.0,36239.508026588686,0,,33694.12
2025-07-23 00:00:00+00:00,293.31,293.44,260.99814,47.04558,5.372144,0.5894736842105263,-10.0,36307.66378723716,0.0,36297.66378723716,0,,33748.18
2025-07-24 00:00:00+00:00,292.3,290.45,261.35715,53.131023,4.9828577,0.5894736842105263,-10.0,35937.70996865199,0.0,35927.70996865199,0,,33404.305
2025-07-25 00:00:00+00:00,290.89,290.36,261.7046,41.544754,4.955002,0.5689655172413793,-10.0,35926.57128558103,0.0,35916.57128558103,0,,33393.95
2025-07-28 00:00:00+00:00,290.94,286.2,262.0567,28.321402,4.722859,0.475,-10.0,35411.853811976944,0.0,35401.853811976944,0,,32915.52
2025-07-29 00:00:00+00:00,285.49,289.77,262.3902,28.6385,4.8328595,0.5051546391752578,-10.0,35853.570738947885,0.0,35843.570738947885,0,,33326.098
2025-07-30 00:00:00+00:00,288.54,291.8,262.735,32.166092,4.865003,0.5051546391752578,-10.0,36104.745521655066,0.0,36094.745521655066,0,,33559.566
2025-07-31 00:00:00+00:00,290.87,286.08,263.0882,40.254185,4.6871448,0.5051546391752578,-10.0,35397.00305810007,0.0,35387.00305810007,0,,32901.715
2025-08-01 00:00:00+00:00,288.49,288.35,263.4076,35.703064,5.1435723,0.5051546391752578,-10.0,35677.8757266711,0.0,35667.8757266711,0,,33162.785
2025-08-04 00:00:00+00:00,287.79,293.64,263.73654,36.537857,5.2335706,0.5894736842105263,-10.0,36332.416070293286,0.0,36322.416070293286,0,,33771.188
2025-08-05 00:00:00+00:00,291.32,292.35,264.0807,48.56659,5.3328576,0.5894736842105263,-10.0,36172.80194084172,0.0,36162.80194084172,0,,33622.824
2025-08-06 00:00:00+00:00,282.11,283.78,264.37686,41.781666,5.29643,0.5894736842105263,-10.0,35112.42446848115,0.0,35102.42446848115,0,,32637.195
2025-08-07 00:00:00+00:00,281.19,278.4,264.6129,36.219437,6.1735754,0.5894736842105263,-10.0,34446.749440021995,0.0,34436.749440021995,0,,32018.447
2025-08-08 00:00:00+00:00,279.03,285.13,264.8267,32.908096,6.548573,0.5894736842105263,-10.0,35279.460193128456,0.0,35269.460193128456,0,,32792.457
2025-08-11 00:00:00+00:00,286.25,290.7,265.0652,42.28407,6.722144,0.5894736842105263,-10.0,35968.642524846444,0.0,35958.642524846444,0,,33433.055
2025-08-12 00:00:00+00:00,286.56,289.15,265.336,47.903206,6.877145,0.5894736842105263,-10.0,35776.85797097871,0.0,35766.85797097871,0,,33254.79
2025-08-13 00:00:00+00:00,291.29,291.04,265.6109,46.11483,7.5450025,0.5894736842105263,-10.0,36010.712822256144,0.0,36000.712822256144,0,,33472.16
2025-08-14 00:00:00+00:00,288.69,294.87,265.8935,50.54518,7.510716,0.5894736842105263,-10.0,36484.60057564284,0.0,36474.60057564284,0,,33912.64
2025-08-15 00:00:00+00:00,295.96,292.82,266.19205,53.898018,7.867144,0.5894736842105263,-10.0,36230.953555663975,0.0,36220.953555663975,0,,33676.87
2025-08-18 00:00:00+00:00,293.53,290.35,266.4838,55.938274,7.723574,0.5894736842105263,-10.0,35925.336429008545,0.0,35915.336429008545,0,,33392.8
2025-08-19 00:00:00+00:00,289.98,294.71,266.7677,50.53076,7.69143,0.5894736842105263,-10.0,36464.80268236268,0.0,36454.80268236268,0,,33894.234
2025-08-20 00:00:00+00:00,296.56,303.69,267.0824,52.553978,7.9557166,0.5894736842105263,-10.0,37575.91179834839,0.0,37565.91179834839,0,,34927.02
2025-08-21 00:00:00+00:00,303.87,303.23,267.45346,64.61896,7.8842883,0.5894736842105263,-10.0,37518.99657054065,0.0,37508.99657054065,0,,34874.113
2025-08-22 00:00:00+00:00,304.59,292.6,267.8292,62.73536,7.798573,0.5894736842105263,-10.0,36203.733051134666,0.0,36193.733051134666,0,,33651.57
2025-08-25 00:00:00+00:00,292.56,288.3,268.12085,49.184437,8.362856,0.5894736842105263,-10.0,35671.687233392586,0.0,35661.687233392586,0,,33157.03
2025-08-26 00:00:00+00:00,288.67,289.7,268.3929,46.96719,8.5149975,0.5894736842105263,-10.0,35844.91285689764,0.0,35834.91285689764,0,,33318.047
2025-08-27 00:00:00+00:00,290.68,290.56,268.67145,54.96645,7.3492823,0.5894736842105263,-10.0,35951.32026322327,0.0,35941.32026322327,0,,33416.95
2025-08-28 00:00:00+00:00,289.83,289.89,268.89734,61.038483,6.988569,0.5894736842105263,-10.0,35868.42350464409,0.0,35858.42350464409,0,,33339.9
2025-08-29 00:00:00+00:00,291.0,291.61,269.108,54.855167,6.6564264,0.5894736842105263,-10.0,36081.23679932297,0.0,36071.23679932297,0,,33537.71
2025-09-02 00:00:00+00:00,291.97,294.85,269.324,51.007275,6.3007116,0.5894736842105263,-10.0,36482.12757817974,0.0,36472.12757817974,0,,33910.34
2025-09-03 00:00:00+00:00,295.02,295.14,269.5528,56.081963,5.8485694,0.5894736842105263,-10.0,36518.01124739489,0.0,36508.01124739489,0,,33943.695
2025-09-04 00:00:00+00:00,295.6,292.7,269.78455,54.529396,5.7614264,0.5894736842105263,-10.0,36216.106497760855,0.0,36206.106497760855,0,,33663.074
2025-09-05 00:00:00+00:00,290.85,292.5,269.9982,47.526802,5.629998,0.5894736842105263,-10.0,36191.35975522083,0.0,36181.35975522083,0,,33640.07
2025-09-08 00:00:00+00:00,292.77,297.86,270.24365,49.61922,5.5521417,0.5894736842105263,-10.0,36854.55675169662,0.0,36844.55675169662,0,,34256.516
2025-09-09 00:00:00+00:00,298.58,298.67,270.53174,58.36114,5.7142835,0.5894736842105263,-10.0,36954.783511985865,0.0,36944.783511985865,0,,34349.676
2025-09-10 00:00:00+00:00,297.5,296.32,270.81076,54.787254,5.4664264,0.5894736842105263,-10.0,36664.01476304285,0.0,36654.01476304285,0,,34079.406
2025-09-11 00:00:00+00:00,297.32,302.8,271.08746,39.389595,5.237854,0.5051546391752578,-10.0,37465.79183072698,0.0,37455.79183072698,0,,34824.664
2025-09-12 00:00:00+00:00,302.22,302.52,271.38544,49.472366,5.529284,0.5894736842105263,-10.0,37431.146971027854,0.0,37421.146971027854,0,,34792.46
2025-09-15 00:00:00+00:00,301.4,291.4,271.6696,66.31575,4.9385724,0.5894736842105263,-10.0,36055.2571224798,0.0,36045.2571224798,0,,33513.562
2025-09-16 00:00:00+00:00,291.55,290.0,271.9015,54.164436,5.364286,0.5894736842105263,-10.0,35882.034226315125,0.0,35872.034226315125,0,,33352.55
2025-09-17 00:00:00+00:00,292.17,289.08,272.13034,50.402992,5.580002,0.5894736842105263,-10.0,35768.20000783122,0.0,35758.20000783122,0,,33246.742
2025-09-18 00:00:00+00:00,287.61,290.84,272.3335,48.015007,5.695716,0.5894736842105263,-10.0,35985.965996038074,0.0,35975.965996038074,0,,33449.156
2025-09-19 00:00:00+00:00,291.55,290.02,272.53925,51.237923,5.8778577,0.5894736842105263,-10.0,35884.50648311623,0.0,35874.50648311623,0,,33354.85
2025-09-22 00:00:00+00:00,290.02,288.79,272.7316,47.87831,5.9835706,0.5894736842105263,-10.0,35732.31852238465,0.0,35722.31852238465,0,,33213.39
2025-09-23 00:00:00+00:00,290.4,302.4,272.9262,41.45517,6.004998,0.5894736842105263,-10.0,37416.297097023846,0.0,37406.297097023846,0,,34778.66
2025-09-24 00:00:00+00:00,301.7,308.36,273.18796,57.441555,6.7821393,0.5894736842105263,-10.0,38153.734561660174,0.0,38143.734561660174,0,,35464.113
2025-09-25 00:00:00+00:00,310.0,298.82,273.48804,64.9713,6.89214,0.5894736842105263,-10.0,36973.34230085661,0.0,36963.34230085661,0,,34366.934
2025-09-26 00:00:00+00:00,301.17,307.0,273.7606,55.126553,8.067139,0.5894736842105263,-10.0,37985.460466257864,0.0,37975.460466257864,0,,35307.7
2025-09-29 00:00:00+00:00,306.05,308.07,274.07855,57.089684,8.128569,0.5894736842105263,-10.0,38117.85202724772,0.0,38107.85202724772,0,,35430.76
2025-09-30 00:00:00+00:00,307.88,312.53,274.41635,57.262054,8.134282,0.5894736842105263,-10.0,38669.693813345846,0.0,38659.693813345846,0,,35943.703
2025-10-01 00:00:00+00:00,313.28,311.77,274.79395,62.127792,8.146425,0.6666666666666666,-10.0,38575.65646901585,0.0,38565.65646901585,0,,35856.293
2025-10-02 00:00:00+00:00,308.26,308.57,275.19336,57.33923,7.958568,0.5894736842105263,-10.0,38179.71902361582,0.0,38169.71902361582,0,,35488.266
2025-10-03 00:00:00+00:00,307.87,302.76,275.5756,54.724365,8.074995,0.5894736842105263,-10.0,37460.84037646929,0.0,37450.84037646929,0,,34820.066
2025-10-06 00:00:00+00:00,299.71,305.3,275.9282,59.673046,8.111426,0.5894736842105263,-10.0,37775.1126182398,0.0,37765.1126182398,0,,35112.184
2025-10-07 00:00:00+00:00,304.13,308.71,276.3056,62.779827,8.167853,0.5894736842105263,-10.0,38197.03472698132,0.0,38187.03472698132,0,,35504.363
2025-10-08 00:00:00+00:00,308.82,310.61,276.71094,65.741806,8.31214,0.5894736842105263,-10.0,38432.12435161503,0.0,38422.12435161503,0,,35722.88
2025-10-09 00:00:00+00:00,310.54,314.12,277.12906,65.81855,8.290712,0.5894736842105263,-10.0,38866.419862358525,0.0,38856.419862358525,0,,36126.562
2025-10-10 00:00:00+00:00,316.58,318.0,277.5683,68.4873,8.447144,0.5894736842105263,-10.0,39346.49748196575,0.0,39336.49748196575,0,,36572.793
2025-10-13 00:00:00+00:00,313.58,317.0,278.01984,71.53179,8.382143,0.5894736842105263,-10.0,39222.76528106597,0.0,39212.76528106597,0,,36457.785
2025-10-14 00:00:00+00:00,318.95,317.93,278.46664,63.219868,7.8214307,0.5894736842105263,-10.0,39337.83470063678,0.0,39327.83470063678,0,,36564.742
2025-10-15 00:00:00+00:00,316.25,319.61,278.9186,59.53379,7.56786,0.5894736842105263,-10.0,39545.703300382425,0.0,39535.703300382425,0,,36757.957
2025-10-16 00:00:00+00:00,319.65,319.4,279.3837,74.55705,6.4200025,0.5894736842105263,-10.0,39519.720903333946,0.0,39509.720903333946,0,,36733.805
2025-10-17 00:00:00+00:00,319.75,324.69,279.84604,68.04425,6.0828595,0.5894736842105263,-10.0,40174.26006211985,0.0,40164.26006211985,0,,37342.203
2025-10-20 00:00:00+00:00,325.31,327.39,280.34595,71.53967,6.2464337,0.5689655172413793,-10.0,40508.33644990115,0.0,40498.33644990115,0,,37652.73
2025-10-21 00:00:00+00:00,326.7,328.82,280.8595,70.17928,6.252862,0.5051546391752578,-10.0,40685.26991103372,0.0,40675.26991103372,0,,37817.19
2025-10-22 00:00:00+00:00,329.19,330.8,281.3799,72.73945,6.197863,0.5689655172413793,-10.0,40930.25624890362,0.0,40920.25624890362,0,,38044.906
2025-10-23 00:00:00+00:00,330.3,328.56,281.8879,80.64517,6.0664344,0.5051546391752578,-10.0,40653.09925864892,0.0,40643.09925864892,0,,37787.29
2025-10-24 00:00:00+00:00,328.99,332.71,282.3863,89.449585,5.485005,0.5051546391752578,-10.0,41166.58124898035,0.0,41156.58124898035,0,,38264.574
2025-10-27 00:00:00+00:00,333.43,336.05,282.87866,89.944664,5.5385766,0.5689655172413793,-10.0,41579.841586518814,0.0,41569.841586518814,0,,38648.7
2025-10-28 00:00:00+00:00,335.54,335.64,283.36975,89.92411,5.3757195,0.5894736842105263,-10.0,41529.114684177395,0.0,41519.114684177395,0,,38601.547
2025-10-29 00:00:00+00:00,336.6,333.17,283.867,88.21386,5.3828626,0.5051546391752578,-10.0,41223.49829678142,0.0,41213.49829678142,0,,38317.477
2025-10-30 00:00:00+00:00,343.2,341.21,284.3524,80.03794,5.4135766,0.5051546391752578,-10.0,42218.2944783665,0.0,42208.2944783665,0,,39242.145
2025-10-31 00:00:00+00:00,339.92,337.81,284.85822,82.35302,6.251432,0.5769196236578505,-10.0,41797.60919804288,0.0,41787.60919804288,0,,38851.113
2025-11-03 00:00:00+00:00,338.26,340.93,285.3589,77.18847,6.272147,0.5894736842105263,-10.0,42183.65100233709,0.0,42173.65100233709,0,,39209.94
2025-11-04 00:00:00+00:00,338.26,344.53,285.8591,78.4232,6.3607154,0.5051546391752578,-10.0,42629.081691014515,0.0,42619.081691014515,0,,39623.973
2025-11-05 00:00:00+00:00,353.75,354.0,286.3715,79.400734,6.887859,0.475,-10.0,43800.81370077176,0.0,43790.81370077176,0,,40713.1
2025-11-06 00:00:00+00:00,352.26,360.24,286.91614,83.50122,8.003575,0.475,-10.0,44572.895900761556,0.0,44562.895900761556,0,,41430.754
2025-11-07 00:00:00+00:00,363.15,360.7,287.48254,83.79925,8.475717,0.475,-10.0,44629.81414761359,0.0,44619.81414761359,0,,41483.66
2025-11-10 00:00:00+00:00,356.82,364.65,288.04636,83.07851,8.465001,0.475,-10.0,45118.55180433116,0.0,45108.55180433116,0,,41937.94
2025-11-11 00:00:00+00:00,363.64,365.08,288.6272,83.88505,8.968572,0.475,-10.0,45171.75642593804,0.0,45161.75642593804,0,,41987.395
2025-11-12 00:00:00+00:00,364.0,363.42,289.17816,83.39834,8.855715,0.475,-10.0,44966.365837463985,0.0,44956.365837463985,0,,41796.484
2025-11-13 00:00:00+00:00,362.88,365.45,289.71976,84.35168,8.967856,0.5051546391752578,-10.0,45217.53849972762,0.0,45207.53849972762,0,,42029.95
2025-11-14 00:00:00+00:00,368.08,361.94,290.2673,83.66936,8.787142,0.5051546391752578,-10.0,44783.24064385525,0.0,44773.24064385525,0,,41626.266
2025-11-17 00:00:00+00:00,362.1,365.0,290.7847,76.532135,8.963569,0.5689655172413793,-10.0,45161.85795553591,0.0,45151.85795553591,0,,41978.19
2025-11-18 00:00:00+00:00,366.64,361.64,291.33865,78.538124,8.920711,0.5894736842105263,-10.0,44746.12225383374,0.0,44736.12225383374,0,,41591.76
2025-11-19 00:00:00+00:00,360.81,360.73,291.8747,77.20241,8.88571,0.5894736842105263,-10.0,44633.52627586039,0.0,44623.52627586039,0,,41487.105
2025-11-20 00:00:00+00:00,360.57,362.07,292.4205,71.592964,8.112854,0.5894736842105263,-10.0,44799.325573226786,0.0,44789.325573226786,0,,41641.215
2025-11-21 00:00:00+00:00,362.2,365.68,292.96445,78.1178,7.957138,0.5894736842105263,-10.0,45245.99395876745,0.0,45235.99395876745,0,,42056.4
2025-11-24 00:00:00+00:00,365.68,372.22,293.5622,78.36355,8.11714,0.5894736842105263,-10.0,46055.19561530666,0.0,46045.19561530666,0,,42808.555
2025-11-25 00:00:00+00:00,374.01,374.75,294.1839,79.72948,8.061425,0.5689655172413793,-10.0,46368.23624655246,0.0,46358.23624655246,0,,43099.527
2025-11-26 00:00:00+00:00,375.01,368.53,294.82574,76.1797,7.0564246,0.5051546391752578,-10.0,45598.62795527457,0.0,45588.62795527457,0,,42384.17
2025-11-28 00:00:00+00:00,368.56,368.93,295.43466,60.46455,6.7435675,0.5894736842105263,-10.0,45648.120732566436,0.0,45638.120732566436,0,,42430.176
2025-12-01 00:00:00+00:00,368.95,360.12,296.06134,60.404545,6.53857,0.5894736842105263,-10.0,44558.04882826158,0.0,44548.04882826158,0,,41416.95
2025-12-02 00:00:00+00:00,360.12,350.67,296.6393,44.89979,6.421426,0.5894736842105263,-10.0,43388.79290231787,0.0,43378.79290231787,0,,40330.117
2025-12-03 00:00:00+00:00,352.14,335.31,297.1795,36.515076,6.9999957,0.5894736842105263,-10.0,41488.28117288088,0.0,41478.28117288088,0,,38563.582
2025-12-04 00:00:00+00:00,335.31,337.63,297.64886,29.062992,7.916425,0.5894736842105263,-10.0,41775.33968456186,0.0,41765.33968456186,0,,38830.402
2025-12-05 00:00:00+00:00,338.11,339.66,298.1099,29.36813,7.878568,0.5689655172413793,-10.0,42026.51139652296,0.0,42016.51139652296,0,,39063.87
2025-12-08 00:00:00+00:00,339.11,337.82,298.5909,33.105846,7.6785693,0.5051546391752578,-10.0,41798.846717933084,0.0,41788.846717933084,0,,38852.254
2025-12-09 00:00:00+00:00,340.31,337.29,299.07285,29.00185,7.6171417,0.5689655172413793,-10.0,41733.270436119536,0.0,41723.270436119536,0,,38791.3
2025-12-10 00:00:00+00:00,338.61,340.79,299.5381,30.327991,7.5564294,0.5894736842105263,-10.0,42166.32869699582,0.0,42156.32869699582,0,,39193.832
2025-12-11 00:00:00+00:00,342.14,344.5,299.9894,34.537834,7.3985705,0.5894736842105263,-10.0,42625.36951393077,0.0,42615.36951393077,0,,39620.51
2025-12-12 00:00:00+00:00,345.0,346.0,300.45865,36.858627,7.5207148,0.5689655172413793,-10.0,42810.96545803691,0.0,42800.96545803691,0,,39793.023
2025-12-15 00:00:00+00:00,347.02,350.32,300.9436,34.800743,7.3107147,0.5689655172413793,-10.0,43345.487048410236,0.0,43335.487048410236,0,,40289.863
2025-12-16 00:00:00+00:00,348.92,341.72,301.4275,32.485607,7.114999,0.5051546391752578,-10.0,42281.39836541859,0.0,42271.39836541859,0,,39300.79
2025-12-17 00:00:00+00:00,342.41,342.96,301.8592,25.922146,7.5128546,0.5894736842105263,-10.0,42434.8261768318,0.0,42424.8261768318,0,,39443.4
2025-12-18 00:00:00+00:00,343.09,340.58,302.3076,29.90095,7.291425,0.5689655172413793,-10.0,42140.345882408095,0.0,42130.345882408095,0,,39169.68
2025-12-19 00:00:00+00:00,340.74,340.93,302.75284,28.388468,7.409997,0.5689655172413793,-10.0,42183.65365431164,0.0,42173.65365431164,0,,39209.934
2025-12-22 00:00:00+00:00,340.24,340.03,303.18866,33.20497,7.202142,0.5894736842105263,-10.0,42072.29597514152,0.0,42062.29597514152,0,,39106.426
2025-12-23 00:00:00+00:00,337.52,340.59,303.6159,39.04898,6.6221423,0.5689655172413793,-10.0,42141.58384374816,0.0,42131.58384374816,0,,39170.832
2025-12-24 00:00:00+00:00,341.48,339.98,304.01105,57.815273,5.616427,0.5894736842105263,-10.0,42066.110763485434,0.0,42056.110763485434,0,,39100.68
2025-12-26 00:00:00+00:00,339.81,341.05,304.4076,53.66387,5.595714,0.5689655172413793,-10.0,42198.498082592014,0.0,42188.498082592014,0,,39223.734
2025-12-29 00:00:00+00:00,340.3,340.25,304.84286,52.233986,5.4478564,0.5894736842105263,-10.0,42099.51385937272,0.0,42089.51385937272,0,,39131.727
2025-12-30 00:00:00+00:00,339.49,340.04,305.26404,54.040565,5.382854,0.5689655172413793,-10.0,42073.53229207931,0.0,42063.53229207931,0,,39107.58
2025-12-31 00:00:00+00:00,339.28,337.75,305.6739,54.621857,5.166425,0.5689655172413793,-10.0,41790.185985213786,0.0,41780.185985213786,0,,38844.207
2026-01-02 00:00:00+00:00,337.18,338.87,306.05786,44.674118,5.074284,0.5689655172413793,-10.0,41928.76411445176,0.0,41918.76411445176,0,,38973.016
2026-01-05 00:00:00+00:00,337.31,340.92,306.4315,39.152187,5.009997,0.5051546391752578,-10.0,42182.412752284894,0.0,42172.412752284894,0,,39208.78
2026-01-06 00:00:00+00:00,340.02,346.17,306.80704,40.415108,5.523568,0.5051546391752578,-10.0,42831.99896245709,0.0,42821.99896245709,0,,39812.58
2026-01-07 00:00:00+00:00,345.85,340.41,307.1987,42.43529,5.634284,0.5051546391752578,-10.0,42119.307367477355,0.0,42109.307367477355,0,,39150.125
2026-01-08 00:00:00+00:00,340.97,335.74,307.5636,47.336315,5.4999976,0.5689655172413793,-10.0,41541.481693562164,0.0,41531.481693562164,0,,38613.035
2026-01-09 00:00:00+00:00,334.31,335.69,307.9048,37.116337,6.046428,0.5051546391752578,-10.0,41535.296482543214,0.0,41525.296482543214,0,,38607.285
2026-01-12 00:00:00+00:00,337.19,342.16,308.24084,40.4827,6.104998,0.5689655172413793,-10.0,42335.837732688364,0.0,42325.837732688364,0,,39351.39
2026-01-13 00:00:00+00:00,344.54,345.88,308.5947,51.933372,6.198567,0.5894736842105263,-10.0,42796.11827898361,0.0,42786.11827898361,0,,39779.223
2026-01-14 00:00:00+00:00,345.4,349.93,308.95425,58.44645,6.4235663,0.5894736842105263,-10.0,43297.227154477005,0.0,43287.227154477005,0,,40245.008
2026-01-15 00:00:00+00:00,349.55,355.35,309.32785,62.250793,6.4378552,0.5894736842105263,-10.0,43967.851973777324,0.0,43957.851973777324,0,,40868.36
2026-01-16 00:00:00+00:00,355.17,354.85,309.71414,67.90123,6.639997,0.5051546391752578,-10.0,43905.985387476896,0.0,43895.985387476896,0,,40810.85
2026-01-20 00:00:00+00:00,354.73,350.67,310.10135,66.28897,6.7621393,0.5051546391752578,-10.0,43388.79016354095,0.0,43378.79016354095,0,,40330.113
2026-01-21 00:00:00+00:00,349.87,351.75,310.45715,61.390476,7.197141,0.5894736842105263,-10.0,43522.417744407176,0.0,43512.417744407176,0,,40454.32
2026-01-22 00:00:00+00:00,356.14,352.47,310.7691,62.56167,7.8964257,0.5894736842105263,-10.0,43611.50564016881,0.0,43601.50564016881,0,,40537.13
2026-01-23 00:00:00+00:00,351.43,353.48,311.1395,66.34103,8.0764265,0.5894736842105263,-10.0,43736.476716726254,0.0,43726.476716726254,0,,40653.29
2026-01-26 00:00:00+00:00,355.0,355.51,311.5341,66.25864,8.127855,0.5894736842105263,-10.0,43987.65125794076,0.0,43977.65125794076,0,,40886.758
2026-01-27 00:00:00+00:00,353.17,356.14,311.938,66.24359,7.484998,0.5894736842105263,-10.0,44065.60464706092,0.0,44055.60464706092,0,,40959.22
2026-01-28 00:00:00+00:00,354.33,350.54,312.34924,62.372795,7.165713,0.5689655172413793,-10.0,43372.70905397016,0.0,43362.70905397016,0,,40315.17
2026-01-29 00:00:00+00:00,354.78,352.1,312.7062,62.621483,7.209287,0.5894736842105263,-10.0,43565.73154046647,0.0,43555.73154046647,0,,40494.586
2026-01-30 00:00:00+00:00,351.54,359.22,313.04504,72.09619,7.1221423,0.5894736842105263,-10.0,44446.694751670206,0.0,44436.694751670206,0,,41313.44
2026-02-02 00:00:00+00:00,360.58,363.56,313.4197,76.68406,7.4300013,0.5689655172413793,-10.0,44983.68826315471,0.0,44973.68826315471,0,,41812.582
2026-02-03 00:00:00+00:00,362.72,361.75,313.8148,75.50047,7.3621454,0.5051546391752578,-10.0,44759.73528157134,0.0,44749.73528157134,0,,41604.418
2026-02-04 00:00:00+00:00,345.0,329.97,314.20135,69.81274,7.186432,0.5894736842105263,-10.0,40827.5589899929,0.0,40817.5589899929,0,,37949.44
2026-02-05 00:00:00+00:00,336.08,352.16,314.4175,35.275898,9.248572,0.5894736842105263,-10.0,43573.15447288503,0.0,43563.15447288503,0,,40501.484
2026-02-06 00:00:00+00:00,354.59,359.25,314.7725,48.11354,11.087143,0.5894736842105263,-10.0,44450.40840338961,0.0,44440.40840338961,0,,41316.895
2026-02-09 00:00:00+00:00,359.27,363.27,315.1374,52.413864,11.424286,0.5689655172413793,-10.0,44947.80569934257,0.0,44937.80569934257,0,,41779.227
2026-02-10 00:00:00+00:00,362.47,360.0,315.5302,56.924587,11.378571,0.5556271817454512,-10.0,44543.205641471206,0.0,44533.205641471206,0,,41403.152
2026-02-11 00:00:00+00:00,360.46,365.7,315.91824,54.42739,10.923571,0.5894736842105263,-10.0,45248.47504651436,0.0,45238.47504651436,0,,42058.703
2026-02-12 00:00:00+00:00,365.63,351.06,316.31726,56.73969,11.114284,0.475,-10.0,43437.04901610259,0.0,43427.04901610259,0,,40374.97
2026-02-13 00:00:00+00:00,352.66,360.83,316.6338,48.91751,12.680715,0.5894736842105263,-10.0,44645.902294030726,0.0,44635.902294030726,0,,41498.605
2026-02-17 00:00:00+00:00,361.34,359.97,316.9871,52.22556,13.398573,0.5894736842105263,-10.0,44539.49542359828,0.0,44529.49542359828,0,,41399.7
2026-02-18 00:00:00+00:00,359.46,360.23,317.3236,51.59916,13.609285,0.5894736842105263,-10.0,44571.665815011445,0.0,44561.665815011445,0,,41429.6
2026-02-19 00:00:00+00:00,360.9,359.11,317.6726,54.23477,13.239284,0.5894736842105263,-10.0,44433.08284775548,0.0,44423.08284775548,0,,41300.79
2026-02-20 00:00:00+00:00,358.94,361.08,318.00754,53.075363,12.676427,0.5894736842105263,-10.0,44676.83265779405,0.0,44666.83265779405,0,,41527.35
2026-02-23 00:00:00+00:00,360.42,366.03,318.3531,50.854614,12.316426,0.5894736842105263,-10.0,45289.30508215977,0.0,45279.30508215977,0,,42096.65
2026-02-24 00:00:00+00:00,367.63,364.38,318.7292,51.128574,12.377141,0.5894736842105263,-10.0,45085.148155643554,0.0,45075.148155643554,0,,41906.883
2026-02-25 00:00:00+00:00,365.0,363.03,319.0282,51.20344,12.538569,0.5894736842105263,-10.0,44918.10925454061,0.0,44908.10925454061,0,,41751.617
2026-02-26 00:00:00+00:00,364.8,366.65,319.4245,70.96651,10.444999,0.5894736842105263,-10.0,45366.01551061121,0.0,45356.01551061121,0,,42167.95
2026-02-27 00:00:00+00:00,367.64,372.14,319.84274,62.020893,8.512855,0.5894736842105263,-10.0,46045.30450709803,0.0,46035.30450709803,0,,42799.355
2026-03-02 00:00:00+00:00,371.32,372.65,320.31155,60.985176,8.386427,0.5894736842105263,-10.0,46108.406373416445,0.0,46098.406373416445,0,,42858.008
2026-03-03 00:00:00+00:00,368.88,371.44,320.77982,58.502537,8.429999,0.5689655172413793,-10.0,45958.694082819966,0.0,45948.694082819966,0,,42718.848
2026-03-04 00:00:00+00:00,372.0,368.19,321.24124,60.77212,8.805712,0.5894736842105263,-10.0,45556.56822018688,0.0,45546.56822018688,0,,42345.07
2026-03-05 00:00:00+00:00,364.55,359.28,321.65234,52.458035,8.632141,0.5894736842105263,-10.0,44454.12269541114,0.0,44444.12269541114,0,,41320.344
2026-03-06 00:00:00+00:00,358.16,358.46,321.99765,59.149597,7.85214,0.5894736842105263,-10.0,44352.66144783272,0.0,44342.66144783272,0,,41226.035
2026-03-09 00:00:00+00:00,358.1,361.8,322.3268,46.705597,7.295711,0.5894736842105263,-10.0,44765.92342456181,0.0,44755.92342456181,0,,41610.164
2026-03-10 00:00:00+00:00,360.48,352.19,322.67114,52.379692,7.234998,0.5894736842105263,-10.0,43576.86807379995,0.0,43566.86807379995,0,,40504.934
2026-03-11 00:00:00+00:00,354.56,350.3,322.9753,41.58995,7.692141,0.5894736842105263,-10.0,43343.015225976065,0.0,43333.015225976065,0,,40287.566
2026-03-12 00:00:00+00:00,353.56,352.65,323.27625,40.93062,7.951427,0.5894736842105263,-10.0,43633.781963656715,0.0,43623.781963656715,0,,40557.836
2026-03-13 00:00:00+00:00,355.44,349.95,323.57776,41.389183,8.155711,0.5894736842105263,-10.0,43299.709676155995,0.0,43289.709676155995,0,,40247.316
2026-03-16 00:00:00+00:00,353.22,345.88,323.86057,32.783733,8.077852,0.5894736842105263,-10.0,42796.123786152515,0.0,42786.123786152515,0,,39779.23
2026-03-17 00:00:00+00:00,340.0,334.71,324.144,31.168566,8.232851,0.5894736842105263,-10.0,41414.04641260621,0.0,41404.04641260621,0,,38494.582
2026-03-18 00:00:00+00:00,332.45,325.18,324.3641,25.975563,9.119995,0.5894736842105263,-10.0,40234.88814208355,0.0,40224.88814208355,0,,37398.547
2026-03-19 00:00:00+00:00,327.23,331.74,324.5338,18.026217,9.924281,0.5894736842105263,-10.0,41046.56385939212,0.0,41036.56385939212,0,,38153.004
2026-03-20 00:00:00+00:00,330.65,326.91,324.73215,19.35677,10.03214,0.99,-10.0,40448.94366380246,0.0,40438.94366380246,0,,37597.51
2026-03-23 00:00:00+00:00,329.77,320.61,324.90894,17.440207,9.8285675,0.6666666666666666,-10.0,39669.43454176909,0.0,39659.43454176909,0,,36872.953
2026-03-24 00:00:00+00:00,319.83,327.27,325.0669,16.261778,9.824282,0.5894736842105263,-10.0,40493.48508573425,0.0,40483.48508573425,0,,37638.914
2026-03-25 00:00:00+00:00,325.8,325.08,325.2612,24.015747,10.2599945,0.5894736842105263,-10.0,40222.51265043329,0.0,40212.51265043329,0,,37387.043
2026-03-26 00:00:00+00:00,324.63,318.03,325.4419,26.256594,9.443566,0.5894736842105263,-10.0,39350.21057493938,0.0,39340.21057493938,0,,36576.234
2026-03-27 00:00:00+00:00,317.82,312.45,325.6123,24.16614,9.709281,0.5894736842105263,-10.0,38659.79296419387,0.0,38649.79296419387,0,,35934.49
2026-03-30 00:00:00+00:00,314.0,309.93,325.75336,19.344028,9.754994,0.5894736842105263,-10.0,38347.98847737335,0.0,38337.98847737335,0,,35644.664
2026-03-31 00:00:00+00:00,313.81,314.14,325.8698,21.212538,9.484282,0.5894736842105263,-10.0,38868.89909079196,0.0,38858.89909079196,0,,36128.855
2026-04-01 00:00:00+00:00,313.7,317.66,325.9653,26.122585,9.379996,0.75,-10.0,39304.4327382026,0.0,39294.4327382026,0,,36533.684
2026-04-02 00:00:00+00:00,317.32,324.8,326.0759,27.246727,9.297139,0.5894736842105263,-10.0,40187.87031072421,0.0,40177.87031072421,0,,37354.844
2026-04-06 00:00:00+00:00,321.45,320.96,326.2374,34.53829,9.537142,0.5894736842105263,-10.0,39712.74355167179,0.0,39702.74355167179,0,,36913.21
2026-04-07 00:00:00+00:00,321.86,320.89,326.3762,34.636246,9.51857,0.5894736842105263,-10.0,39704.084831660555,0.0,39694.084831660555,0,,36905.164
2026-04-08 00:00:00+00:00,323.45,324.93,326.4969,40.128582,8.650713,0.5894736842105263,-10.0,40203.956539486375,0.0,40193.956539486375,0,,37369.793
2026-04-09 00:00:00+00:00,324.21,322.46,326.65326,49.806232,8.190001,0.99,-10.0,39898.34138895682,0.0,39888.34138895682,0,,37085.723
2026-04-10 00:00:00+00:00,321.16,320.82,326.7999,42.32042,7.9957147,0.6666666666666666,-10.0,39695.425370151665,0.0,39685.425370151665,0,,36897.113
2026-04-13 00:00:00+00:00,321.05,319.12,326.9334,44.679363,8.14857,0.75,-10.0,39485.08041743381,0.0,39475.08041743381,0,,36701.598
2026-04-14 00:00:00+00:00,318.33,319.9,327.0674,48.584465,7.96,0.5894736842105263,-10.0,39581.59250726792,0.0,39571.59250726792,0,,36791.305
2026-04-15 00:00:00+00:00,318.46,317.58,327.184,42.11764,7.4864306,0.5894736842105263,-10.0,39294.5358761119,0.0,39284.5358761119,0,,36524.48
2026-04-16 00:00:00+00:00,317.84,322.37,327.2748,42.000843,7.48,0.5894736842105263,-10.0,39887.208922365724,0.0,39877.208922365724,0,,37075.375
2026-04-17 00:00:00+00:00,321.72,327.56,327.3874,54.86329,7.2285724,0.5894736842105263,-10.0,40529.37592153797,0.0,40519.37592153797,0,,37672.273
2026-04-20 00:00:00+00:00,327.2,323.01,327.54855,67.081154,7.3607154,0.99,-10.0,39966.40001351874,0.0,39956.40001351874,0,,37148.984
2026-04-21 00:00:00+00:00,322.0,312.39,327.70776,64.13752,7.426429,0.6666666666666666,-10.0,38652.37591801582,0.0,38642.37591801582,0,,35927.59
2026-04-22 00:00:00+00:00,311.01,308.3,327.78854,48.33871,7.780001,0.99,-10.0,38146.31208467331,0.0,38136.31208467331,0,,35457.203
2026-04-23 00:00:00+00:00,310.84,311.39,327.81754,41.209595,7.9114294,0.5894736842105263,-10.0,38528.643394128114,0.0,38518.643394128114,0,,35812.582
2026-04-24 00:00:00+00:00,309.63,308.19,327.88434,36.36921,7.645,0.5894736842105263,-10.0,38132.70163210583,0.0,38122.70163210583,0,,35444.555
2026-04-27 00:00:00+00:00,307.14,310.16,327.9245,36.848625,7.5750036,0.5894736842105263,-10.0,38376.450487007045,0.0,38366.450487007045,0,,35671.12
2026-04-28 00:00:00+00:00,310.5,311.99,327.9887,39.365707,7.735718,0.5894736842105263,-10.0,38602.87709323348,0.0,38592.87709323348,0,,35881.582
2026-04-29 00:00:00+00:00,309.69,311.43,328.0726,36.587906,7.3642883,0.5894736842105263,-10.0,38533.58746611146,0.0,38523.58746611146,0,,35817.18
2026-04-30 00:00:00+00:00,307.95,308.01,328.14444,38.09628,7.2857165,0.5894736842105263,-10.0,38110.4285728388,0.0,38100.4285728388,0,,35423.85
2026-05-01 00:00:00+00:00,310.37,304.0,328.21124,36.686775,7.558574,0.5894736842105263,-10.0,37614.26566651431,0.0,37604.26566651431,0,,34962.668
2026-05-04 00:00:00+00:00,302.34,303.66,328.2421,35.005966,7.4264307,0.5894736842105263,-10.0,37572.19706103373,0.0,37562.19706103373,0,,34923.562
2026-05-05 00:00:00+00:00,304.69,305.9,328.2885,33.753525,7.3814306,0.5894736842105263,-10.0,37849.35479139099,0.0,37839.35479139099,0,,35181.184
2026-05-06 00:00:00+00:00,268.02,252.74,328.35364,38.296608,7.367146,0.5894736842105263,-10.0,31271.809533501168,0.0,31261.809533501168,0,,29067.318
2026-05-07 00:00:00+00:00,253.76,255.66,328.154,14.572104,11.295715,0.5051546391752578,-10.0,31633.10546776801,0.0,31623.10546776801,0,,29403.145
2026-05-08 00:00:00+00:00,254.1,261.08,327.96744,12.552087,11.200716,0.5051546391752578,-10.0,32303.725457422664,0.0,32293.725457422664,0,,30026.49
2026-05-11 00:00:00+00:00,263.36,259.7,327.80566,18.034466,11.515717,0.5051546391752578,-10.0,32132.98021780047,0.0,32122.98021780047,0,,29867.783
2026-05-12 00:00:00+00:00,260.65,260.93,327.6519,19.936085,11.190002,0.5051546391752578,-10.0,32285.167959086415,0.0,32275.167959086415,0,,30009.24
2026-05-13 00:00:00+00:00,259.92,255.68,327.50476,22.05967,11.001432,0.5689655172413793,-10.0,31635.57996118658,0.0,31625.57996118658,0,,29405.445
2026-05-14 00:00:00+00:00,254.74,261.11,327.35214,17.956928,11.030718,0.5894736842105263,-10.0,32307.44035528597,0.0,32297.44035528597,0,,30029.943
2026-05-15 00:00:00+00:00,262.01,257.71,327.20886,23.59798,11.167145,0.5894736842105263,-10.0,31886.755795496305,0.0,31876.755795496305,0,,29638.916
2026-05-18 00:00:00+00:00,257.0,261.87,327.0384,21.050842,11.240001,0.5894736842105263,-10.0,32401.47975077279,0.0,32391.47975077279,0,,30117.354
2026-05-19 00:00:00+00:00,263.51,266.17,326.91736,23.030535,11.452857,0.5894736842105263,-10.0,32933.52771728525,0.0,32923.52771728525,0,,30611.896
2026-05-20 00:00:00+00:00,265.29,264.75,326.80646,26.58803,11.627858,0.5894736842105263,-10.0,32757.828225077286,0.0,32747.828225077286,0,,30448.582
2026-05-21 00:00:00+00:00,263.09,265.44,326.662,27.14978,11.123572,0.5894736842105263,-10.0,32843.204058408024,0.0,32833.204058408024,0,,30527.94
2026-05-22 00:00:00+00:00,273.31,274.91,326.52744,28.892038,11.045717,0.5894736842105263,-10.0,34014.93786465909,0.0,34004.93786465909,0,,31617.074
2026-05-26 00:00:00+00:00,273.09,270.78,326.4831,35.692238,11.572861,0.5894736842105263,-10.0,33503.92763334086,0.0,33493.92763334086,0,,31142.088
2026-05-27 00:00:00+00:00,268.57,267.01,326.445,32.844856,11.535004,0.5894736842105263,-10.0,33037.462790049445,0.0,33027.462790049445,0,,30708.506
2026-05-28 00:00:00+00:00,268.09,267.71,326.3544,63.469906,7.485005,0.5894736842105263,-10.0,33124.071538988006,0.0,33114.071538988006,0,,30789.01
2026-05-29 00:00:00+00:00,270.42,269.36,326.23944,61.87192,7.2378626,0.6666666666666666,-10.0,33328.2270731015,0.0,33318.2270731015,0,,30978.775
2026-06-01 00:00:00+00:00,268.15,264.69,326.1405,58.812267,6.783576,0.5894736842105263,-10.0,32750.40486081031,0.0,32740.40486081031,0,,30441.688
2026-06-02 00:00:00+00:00,263.87,264.84,326.00876,54.963192,6.792145,0.5894736842105263,-10.0,32768.9652017761,0.0,32758.965201776096,0,,30458.94
2026-06-03 00:00:00+00:00,266.04,263.64,325.8586,53.974392,6.686432,0.5894736842105263,-10.0,32620.490125354394,0.0,32610.490125354394,0,,30320.93
2026-06-04 00:00:00+00:00,268.8,270.32,325.7127,58.817047,6.530001,0.5894736842105263,-10.0,33447.014301317045,0.0,33437.014301317045,0,,31089.19
2026-06-05 00:00:00+00:00,272.61,275.04,325.61255,59.926743,6.365714,0.5894736842105263,-10.0,34031.02669988693,0.0,34021.02669988693,0,,31632.033
2026-06-08 00:00:00+00:00,273.02,274.08,325.5142,68.16184,6.344284,0.5894736842105263,-10.0,33912.24114246357,0.0,33902.24114246357,0,,31521.621
2026-06-09 00:00:00+00:00,272.2,279.57,325.36615,63.716015,6.169998,0.99,-10.0,34591.52832326498,0.0,34581.52832326498,0,,32153.021
2026-06-10 00:00:00+00:00,280.6,281.24,325.24786,64.66083,6.293568,0.6666666666666666,-10.0,34798.155251263306,0.0,34788.155251263306,0,,32345.082
2026-06-11 00:00:00+00:00,282.42,281.48,325.19104,67.94343,6.2128534,0.5894736842105263,-10.0,34827.852668694635,0.0,34817.852668694635,0,,32372.688
2026-06-12 00:00:00+00:00,282.63,281.67,325.15695,67.626396,6.084281,0.75,-10.0,34851.36018052617,0.0,34841.36018052617,0,,32394.537
2026-06-15 00:00:00+00:00,279.8,281.43,325.1168,59.331882,5.5321374,0.5894736842105263,-10.0,34821.66305764591,0.0,34811.66305764591,0,,32366.934
2026-06-16 00:00:00+00:00,282.51,281.46,325.07114,66.470764,5.726423,0.5894736842105263,-10.0,34825.374110394296,0.0,34815.374110394296,0,,32370.383
2026-06-17 00:00:00+00:00,278.0,277.09,325.029,75.27104,5.821424,0.5894736842105263,-10.0,34284.669240139294,0.0,34274.669240139294,0,,31867.795
2026-06-18 00:00:00+00:00,276.96,271.83,324.9564,64.53813,5.90785,0.99,-10.0,33633.84109835419,0.0,33623.84109835419,0,,31262.846
2026-06-22 00:00:00+00:00,272.66,271.28,324.8413,53.44299,6.1071362,0.75,-10.0,33565.790431540125,0.0,33555.790431540125,0,,31199.594
2026-06-23 00:00:00+00:00,275.7,281.1,324.722,60.377937,5.9735675,0.75,-10.0,34780.829592396156,0.0,34770.829592396156,0,,32328.98
2026-06-24 00:00:00+00:00,283.28,284.47,324.664,69.62819,6.552852,0.6666666666666666,-10.0,35197.80443142167,0.0,35187.80443142167,0,,32716.56
2026-06-25 00:00:00+00:00,285.85,286.95,324.62384,73.89305,6.7257104,0.6666666666666666,-10.0,35504.65937489724,0.0,35494.65937489724,0,,33001.78
2026-06-26 00:00:00+00:00,289.08,286.13,324.5693,71.10938,6.755711,0.99,-10.0,35403.19823920762,0.0,35393.19823920762,0,,32907.473
2026-06-29 00:00:00+00:00,288.31,281.65,324.5066,65.62408,6.859998,0.6666666666666666,-10.0,34848.88165119526,0.0,34838.88165119526,0,,32392.234
2026-06-30 00:00:00+00:00,281.76,282.98,324.43326,59.702633,7.0185723,0.99,-10.0,35013.446349992584,0.0,35003.446349992584,0,,32545.2
2026-07-01 00:00:00+00:00,284.3,288.42,324.33414,54.89239,6.8378577,0.6666666666666666,-10.0,35686.542337466606,0.0,35676.542337466606,0,,33170.844
2026-07-02 00:00:00+00:00,289.25,296.51,324.26364,59.29571,7.1050024,0.75,-10.0,36687.5266461021,0.0,36677.5266461021,0,,34101.266
2026-07-06 00:00:00+00:00,295.07,298.55,324.2892,66.1717,7.442143,0.75,-10.0,36939.93410456559,0.0,36929.93410456559,0,,34335.88
2026-07-07 00:00:00+00:00,301.23,304.48,324.33194,67.46685,7.671428,0.5894736842105263,-10.0,37673.663557704516,0.0,37663.663557704516,0,,35017.887
2026-07-08 00:00:00+00:00,302.41,309.57,324.40894,71.33864,7.8507147,0.5894736842105263,-10.0,38303.45257490785,0.0,38293.45257490785,0,,35603.277
2026-07-09 00:00:00+00:00,306.41,302.46,324.5026,73.7938,8.070714,0.5894736842105263,-10.0,37423.7219284623,0.0,37413.7219284623,0,,34785.562
2026-07-10 00:00:00+00:00,301.52,303.44,324.5648,70.522545,8.333572,0.75,-10.0,37544.978847609746,0.0,37534.978847609746,0,,34898.273
2026-07-13 00:00:00+00:00,305.0,306.13,324.63806,77.47261,7.992144,0.99,-10.0,37877.81504069476,0.0,37867.81504069476,0,,35207.65
2026-07-14 00:00:00+00:00,303.8,302.28,324.6567,79.20225,8.043572,0.5894736842105263,-10.0,37401.448440888125,0.0,37391.448440888125,0,,34764.863
2026-07-15 00:00:00+00:00,300.27,296.57,324.6263,69.720634,7.6014295,0.99,-10.0,36694.94535744801,0.0,36684.94535744801,0,,34108.164
2026-07-16 00:00:00+00:00,300.04,307.99,324.61505,60.795853,7.682859,0.99,-10.0,38107.95268290862,0.0,38097.95268290862,0,,35421.562
2026-07-17 00:00:00+00:00,309.33,307.9,324.62,66.18957,8.045715,0.5894736842105263,-10.0,38096.81822627102,0.0,38086.81822627102,0,,35411.21
2026-07-20 00:00:00+00:00,305.28,303.99,324.61914,66.94162,7.928571,0.5894736842105263,-10.0,37613.028698046444,0.0,37603.028698046444,0,,34961.527
2026-07-21 00:00:00+00:00,300.52,303.07,324.57645,67.54082,7.6935706,0.99,-10.0,37499.19789804276,0.0,37489.19789804276,0,,34855.723
2026-07-22 00:00:00+00:00,306.51,300.58,324.53296,65.8764,7.596429,0.6666666666666666,-10.0,37191.10584406526,0.0,37181.10584406526,0,,34569.348
2026-07-23 00:00:00+00:00,302.73,305.06,324.493,60.07955,7.766427,0.99,-10.0,37745.42064593368,0.0,37735.42064593368,0,,35084.586
2026-07-24 00:00:00+00:00,306.9,309.89,324.5045,57.538338,7.7078576,0.75,-10.0,38343.04465386574,0.0,38333.04465386574,0,,35640.08
2026-07-27 00:00:00+00:00,308.85,311.15,324.52744,59.529423,7.609286,0.99,-10.0,38498.94253632841,0.0,38488.94253632841,0,,35784.99
2026-07-28 00:00:00+00:00,314.66,319.58,324.53964,56.08242,7.3128552,0.6416500757227696,-10.0,39541.99642167613,0.0,39531.99642167613,0,,36754.51
2026-07-29 00:00:00+00:00,322.82,318.61,324.5845,58.604073,7.3585687,0.5894736842105263,-10.0,39421.9766827766,0.0,39411.9766827766,0,,36642.953
2026-07-30 00:00:00+00:00,310.55,312.23,324.60696,65.51989,7.0799975,0.5894736842105263,-10.0,38632.57451053983,0.0,38622.57451053983,0,,35909.2
2026-07-31 00:00:00+00:00,314.55,311.34,324.5781,57.652805,7.3685675,0.5894736842105263,-10.0,38522.45110011273,0.0,38512.45110011273,0,,35806.84
2026-08-03 00:00:00+00:00,313.78,308.37,324.5498,54.68272,7.4407086,0.6666666666666666,-10.0,38154.969052655186,0.0,38144.969052655186,0,,35465.26
2026-08-04 00:00:00+00:00,305.95,306.28,324.502,55.56164,7.42785,0.99,-10.0,37896.370523792684,0.0,37886.370523792684,0,,35224.895
2026-08-05 00:00:00+00:00,316.0,317.22,324.43536,59.4954,7.3257055,0.99,-10.0,39249.98786921937,0.0,39239.98786921937,0,,36483.086
2026-08-06 00:00:00+00:00,321.88,325.01,324.42444,59.11156,7.897849,0.6666666666666666,-10.0,40213.85428198525,0.0,40203.85428198525,0,,37379.008
2026-08-07 00:00:00+00:00,324.0,320.46,324.42606,64.66154,8.399279,0.5894736842105263,-10.0,39650.87476115883,0.0,39640.87476115883,0,,36855.715
2026-08-10 00:00:00+00:00,321.07,325.0,324.3914,63.959988,8.764993,0.75,-10.0,40212.616221630036,0.0,40202.616221630036,0,,37377.855
2026-08-11 00:00:00+00:00,325.6,333.87,324.3723,67.51316,8.792849,0.5894736842105263,-10.0,41310.109060518786,0.0,41300.109060518786,0,,38397.98
2026-08-12 00:00:00+00:00,319.59,314.17,324.38766,74.126686,8.766423,0.5894736842105263,-10.0,38872.607626832716,0.0,38862.607626832716,0,,36132.31
2026-08-13 00:00:00+00:00,312.1,310.01,324.3157,55.409107,9.7385645,0.6666666666666666,-10.0,38357.88643251129,0.0,38347.88643251129,0,,35653.87
2026-08-14 00:00:00+00:00,304.78,313.82,324.2022,50.07182,9.7057085,0.5894736842105263,-10.0,38829.30031926816,0.0,38819.30031926816,0,,36092.055
2026-08-17 00:00:00+00:00,312.0,312.52,324.09106,51.55071,10.172136,0.5894736842105263,-10.0,38668.44674251922,0.0,38658.44674251922,0,,35942.54
2026-08-18 00:00:00+00:00,315.99,316.13,323.97546,45.529385,9.984282,0.75,-10.0,39115.116061302906,0.0,39105.116061302906,0,,36357.723
2026-08-19 00:00:00+00:00,314.03,317.1,323.89026,48.480404,10.10071,0.5894736842105263,-10.0,39235.13406337213,0.0,39225.13406337213,0,,36469.28
2026-08-20 00:00:00+00:00,314.77,314.69,323.7697,53.195953,10.272856,0.5894736842105263,-10.0,38936.9419968644,0.0,38926.9419968644,0,,36192.11
2026-08-21 00:00:00+00:00,314.74,318.04,323.6541,52.155453,10.2064295,0.6666666666666666,-10.0,39351.44091257485,0.0,39341.44091257485,0,,36577.39
2026-08-24 00:00:00+00:00,317.76,323.77,323.53964,56.191578,10.275716,0.6666666666666666,-10.0,40060.41916866705,0.0,40050.41916866705,0,,37236.387
2026-08-25 00:00:00+00:00,322.68,328.06,323.43585,60.699856,10.260716,0.6666666666666666,-10.0,40591.22900636796,0.0,40581.22900636796,0,,37729.777
2026-08-26 00:00:00+00:00,328.39,327.79,323.30615,57.21896,9.287147,0.5894736842105263,-10.0,40557.82399454175,0.0,40547.82399454175,0,,37698.73
2026-08-27 00:00:00+00:00,324.35,321.23,323.1439,52.05743,8.586432,0.5894736842105263,-10.0,39746.148539771224,0.0,39736.148539771224,0,,36944.273
2026-08-28 00:00:00+00:00,322.3,322.03,322.94656,50.553413,8.4285755,0.6666666666666666,-10.0,39845.132398493,0.0,39835.132398493,0,,37036.277
2026-08-31 00:00:00+00:00,321.11,323.6,322.73346,47.744186,8.255717,0.99,-10.0,40039.38946470722,0.0,40029.38946470722,0,,37216.844
2026-09-01 00:00:00+00:00,325.97,330.97,322.52606,41.22673,8.104287,0.5894736842105263,-10.0,40951.288721010744,0.0,40941.288721010744,0,,38064.457
2026-09-02 00:00:00+00:00,330.62,336.36,322.3638,68.1818,7.165002,0.5894736842105263,-10.0,41618.19763542833,0.0,41608.19763542833,0,,38684.355
2026-09-03 00:00:00+00:00,337.9,337.22,322.21835,77.777756,7.2864313,0.5894736842105263,-10.0,41724.60707819698,0.0,41714.60707819698,0,,38783.26
2026-09-04 00:00:00+00:00,333.48,330.95,322.09476,76.30394,6.6821465,0.5894736842105263,-10.0,40948.81344347315,0.0,40938.81344347315,0,,38062.156
2026-09-08 00:00:00+00:00,327.55,324.69,321.9245,68.63502,6.6978583,0.5894736842105263,-10.0,40174.25453268411,0.0,40164.25453268411,0,,37342.2
2026-09-09 00:00:00+00:00,322.24,323.32,321.73975,58.214973,6.7278595,0.5894736842105263,-10.0,40004.74276873181,0.0,39994.74276873181,0,,37184.64
2026-09-10 00:00:00+00:00,326.34,320.95,321.5527,55.923813,6.3414283,0.5894736842105263,-10.0,39711.500834807935,0.0,39701.500834807935,0,,36912.07
2026-09-11 00:00:00+00:00,323.99,321.57,321.3471,55.966465,6.439283,0.5894736842105263,-10.0,39788.21497749145,0.0,39778.21497749145,0,,36983.375
