,Open,Close,sma200,rsi,atr,prob_up,cash,holdings,borrowed_margin,total,signal,stop_loss,benchmark
2016-09-19 00:00:00+00:00,73.21,73.52,,,,0.5632183908045977,10000.0,0.0,0.0,10000.0,0,0.0,10000.0
2016-09-20 00:00:00+00:00,73.67,73.36,,,,0.5632183908045977,10000.0,0.0,0.0,10000.0,0,0.0,9978.237
2016-09-21 00:00:00+00:00,73.29,75.0,,,,0.5632183908045977,10000.0,0.0,0.0,10000.0,0,0.0,10201.307
2016-09-22 00:00:00+00:00,75.36,75.51,,,,0.5221238938053098,10000.0,0.0,0.0,10000.0,0,0.0,10270.676
2016-09-23 00:00:00+00:00,75.14,75.62,,,,0.5221238938053098,10000.0,0.0,0.0,10000.0,0,0.0,10285.638
2016-09-26 00:00:00+00:00,75.64,75.55,,,,0.5632183908045977,10000.0,0.0,0.0,10000.0,0,0.0,10276.116
2016-09-27 00:00:00+00:00,75.89,74.24,,,,0.5221238938053098,10000.0,0.0,0.0,10000.0,0,0.0,10097.933
2016-09-28 00:00:00+00:00,73.95,73.7,,,,0.5221238938053098,10000.0,0.0,0.0,10000.0,0,0.0,10024.483
2016-09-29 00:00:00+00:00,73.45,72.68,,,,0.5221238938053098,10000.0,0.0,0.0,10000.0,0,0.0,9885.746
2016-09-30 00:00:00+00:00,73.03,72.25,,,,0.5221238938053098,10000.0,0.0,0.0,10000.0,0,0.0,9827.259
2016-10-03 00:00:00+00:00,72.06,71.39,,,,0.5221238938053098,10000.0,0.0,0.0,10000.0,0,0.0,9710.284
2016-10-04 00:00:00+00:00,71.31,69.89,,,,0.5221238938053098,10000.0,0.0,0.0,10000.0,0,0.0,9506.258
2016-10-05 00:00:00+00:00,70.01,69.76,,,,0.5221238938053098,10000.0,0.0,0.0,10000.0,0,0.0,9488.576
2016-10-06 00:00:00+00:00,69.52,69.82,,27.294716,,0.5221238938053098,10000.0,0.0,0.0,10000.0,0,0.0,9496.737
2016-10-07 00:00:00+00:00,70.23,69.89,,27.817755,1.2342845,0.5221238938053098,-10.0,9995.002498750626,0.0,9985.002498750626,1,,9506.259
2016-10-10 00:00:00+00:00,70.08,70.26,,28.418556,1.2721422,0.5221238938053098,-10.0,10047.91688704598,0.0,10037.91688704598,0,,9556.586
2016-10-11 00:00:00+00:00,70.18,69.41,,32.018578,1.2699994,0.5221238938053098,-10.0,9926.35824211664,0.0,9916.35824211664,0,,9440.971
2016-10-12 00:00:00+00:00,69.55,70.06,,14.303991,1.2157135,0.5221238938053098,-10.0,10019.314665645754,0.0,10009.314665645754,0,,9529.382
2016-10-13 00:00:00+00:00,70.14,71.01,,15.809229,1.2192851,0.5221238938053098,-10.0,10155.174751680037,0.0,10145.174751680037,0,,9658.599
2016-10-14 00:00:00+00:00,70.69,70.85,,23.836538,1.2528572,0.5221238938053098,-10.0,10132.292762729203,0.0,10122.292762729203,0,,9636.836
2016-10-17 00:00:00+00:00,71.09,71.22,,23.595484,1.2949998,0.5221238938053098,-10.0,10185.206843509905,0.0,10175.206843509905,0,,9687.163
2016-10-18 00:00:00+00:00,71.61,72.07,,31.03017,1.1792853,0.5221238938053098,-10.0,10306.766028722956,0.0,10296.766028722956,0,,9802.777
2016-10-19 00:00:00+00:00,72.07,72.02,,40.145115,1.1714281,0.5221238938053098,-10.0,10299.615214393907,0.0,10289.615214393907,0,,9795.977
2016-10-20 00:00:00+00:00,72.03,71.75,,45.479427,1.1271428,0.5221238938053098,-10.0,10261.00305141499,0.0,10251.00305141499,0,,9759.253
2016-10-21 00:00:00+00:00,71.38,70.9,,46.4986,1.0664291,0.5221238938053098,-10.0,10139.444420919863,0.0,10129.444420919863,0,,9643.638
2016-10-24 00:00:00+00:00,71.22,71.26,,46.563828,1.0621436,0.5221238938053098,-10.0,10190.928468769596,0.0,10180.928468769596,0,,9692.6045
2016-10-25 00:00:00+00:00,71.1,71.62,,61.435753,0.9814295,0.5221238938053098,-10.0,10242.412738576695,0.0,10232.412738576695,0,,9741.571
2016-10-26 00:00:00+00:00,71.66,71.76,,64.95177,0.947858,0.5221238938053098,-10.0,10262.434544827169,0.0,10252.434544827169,0,,9760.614
2016-10-27 00:00:00+00:00,71.46,71.41,,65.396835,0.94642913,0.5221238938053098,-10.0,10212.381276517688,0.0,10202.381276517688,0,,9713.009
2016-10-28 00:00:00+00:00,71.51,71.88,,61.550182,0.93000084,0.5221238938053098,-10.0,10279.595739591636,0.0,10269.595739591636,0,,9776.937
2016-10-31 00:00:00+00:00,71.97,73.48,,62.125725,0.92500085,0.5221238938053098,-10.0,10508.412906215139,0.0,10498.412906215139,0,,9994.564
2016-11-01 00:00:00+00:00,73.39,72.5,,77.38896,1.0178577,0.5221238938053098,-10.0,10368.262034040108,0.0,10358.262034040108,0,,9861.268
2016-11-02 00:00:00+00:00,72.29,70.7,,65.72165,1.0514297,0.41025641025641024,-10.0,10110.842976484015,0.0,10100.842976484015,0,,9616.436
2016-11-03 00:00:00+00:00,70.37,71.05,,48.199738,1.1178578,0.5221238938053098,-10.0,10160.896940994864,0.0,10150.896940994864,0,,9664.042
2016-11-04 00:00:00+00:00,71.45,70.31,,51.136387,1.1342866,0.41025641025641024,-10.0,10055.06859792695,0.0,10045.06859792695,0,,9563.389
2016-11-07 00:00:00+00:00,70.76,71.57,,45.038155,1.2250006,0.41025641025641024,-10.0,10235.261593863554,0.0,10225.261593863554,0,,9734.7705
2016-11-08 00:00:00+00:00,71.74,72.26,,47.3904,1.2642866,0.41025641025641024,-10.0,10333.93905574306,0.0,10323.93905574306,0,,9828.622
2016-11-09 00:00:00+00:00,70.86,70.17,,51.174194,1.2807149,0.41025641025641024,-10.0,10035.046482472528,0.0,10025.046482472528,0,,9544.345
2016-11-10 00:00:00+00:00,69.86,68.76,,43.438545,1.404286,0.5221238938053098,-10.0,9833.402484730732,0.0,9823.402484730732,0,,9352.562
2016-11-11 00:00:00+00:00,68.8,68.85,,41.507954,1.4971428,0.5221238938053098,-10.0,9846.272430004114,0.0,9836.272430004114,0,,9364.802
2016-11-14 00:00:00+00:00,68.62,68.34,,40.22709,1.5335715,0.5221238938053098,-10.0,9773.336887390178,0.0,9763.336887390178,0,,9295.433
2016-11-15 00:00:00+00:00,68.76,69.44,,36.858967,1.5828569,0.5221238938053098,-10.0,9930.649642960943,0.0,9920.649642960943,0,,9445.053
2016-11-16 00:00:00+00:00,69.57,68.84,,41.369064,1.6235716,0.5221238938053098,-10.0,9844.842405565807,0.0,9834.842405565807,0,,9363.441
2016-11-17 00:00:00+00:00,68.64,68.69,,40.613583,1.6457144,0.5221238938053098,-10.0,9823.39199244986,0.0,9813.39199244986,0,,9343.04
2016-11-18 00:00:00+00:00,68.66,68.45,,38.070354,1.6599998,0.5221238938053098,-10.0,9789.068822348372,0.0,9779.068822348372,0,,9310.3955
2016-11-21 00:00:00+00:00,68.8,69.28,,29.059147,1.5564287,0.5632183908045977,-10.0,9907.767265928382,0.0,9897.767265928382,0,,9423.289
2016-11-22 00:00:00+00:00,69.31,69.73,,36.424988,1.5321426,0.5632183908045977,-10.0,9972.122928129536,0.0,9962.122928129536,0,,9484.498
2016-11-23 00:00:00+00:00,69.0,68.99,,45.38539,1.4249998,0.5221238938053098,-10.0,9866.294489669623,0.0,9856.294489669623,0,,9383.844
2016-11-25 00:00:00+00:00,69.26,69.76,,40.55046,1.4107143,0.5632183908045977,-10.0,9976.413080011405,0.0,9966.413080011405,0,,9488.578
2016-11-28 00:00:00+00:00,69.96,71.27,,47.484016,1.3507146,0.5632183908045977,-10.0,10192.357987845477,0.0,10182.357987845477,0,,9693.964
2016-11-29 00:00:00+00:00,71.02,71.15,,48.658306,1.3428574,0.5221238938053098,-10.0,10175.19759984769,0.0,10165.19759984769,0,,9677.642
2016-11-30 00:00:00+00:00,70.21,68.77,,44.769093,1.3307146,0.5221238938053098,-10.0,9834.831706041607,0.0,9824.831706041607,0,,9353.92
2016-12-01 00:00:00+00:00,68.39,68.56,,43.577984,1.3235719,0.5221238938053098,-10.0,9804.799423095263,0.0,9794.799423095263,0,,9325.355
2016-12-02 00:00:00+00:00,69.0,69.4,,48.96905,1.2150002,0.5221238938053098,-10.0,9924.92873121252,0.0,9914.92873121252,0,,9439.61
2016-12-05 00:00:00+00:00,69.13,69.74,,52.631588,1.2150002,0.5221238938053098,-10.0,9973.551204826486,0.0,9963.551204826486,0,,9485.855
2016-12-06 00:00:00+00:00,69.89,68.85,,56.80933,1.2385718,0.41025641025641024,-10.0,9846.27221046238,0.0,9836.27221046238,0,,9364.801
2016-12-07 00:00:00+00:00,69.06,69.61,,47.07049,1.2178568,0.5221238938053098,-10.0,9954.96069777093,0.0,9944.96069777093,0,,9468.174
2016-12-08 00:00:00+00:00,69.09,69.44,,53.76346,1.2085713,0.5221238938053098,-10.0,9930.648880800238,0.0,9920.648880800238,0,,9445.051
2016-12-09 00:00:00+00:00,69.59,69.97,,53.65853,1.2199996,0.5221238938053098,-10.0,10006.444498528723,0.0,9996.444498528723,0,,9517.141
2016-12-12 00:00:00+00:00,69.66,70.45,,57.21064,1.235714,0.5221238938053098,-10.0,10075.088885668083,0.0,10065.088885668083,0,,9582.429
2016-12-13 00:00:00+00:00,70.72,71.17,,55.740913,1.244285,0.5221238938053098,-10.0,10178.056806012686,0.0,10168.056806012686,0,,9680.361
2016-12-14 00:00:00+00:00,71.62,69.59,,56.883343,1.235714,0.5221238938053098,-10.0,9952.099816722908,0.0,9942.099816722908,0,,9465.453
2016-12-15 00:00:00+00:00,69.25,70.19,,52.65486,1.3178564,0.5221238938053098,-10.0,10037.90732178741,0.0,10027.90732178741,0,,9547.064
2016-12-16 00:00:00+00:00,70.3,71.72,,51.931717,1.3635706,0.5632183908045977,-10.0,10256.713772550807,0.0,10246.713772550807,0,,9755.172
2016-12-19 00:00:00+00:00,71.78,71.61,,52.017956,1.3635706,0.5221238938053098,-10.0,10240.982571450739,0.0,10230.982571450739,0,,9740.21
2016-12-20 00:00:00+00:00,71.6,72.11,,52.064625,1.3642845,0.5221238938053098,-10.0,10312.487234702669,0.0,10302.487234702669,0,,9808.219
2016-12-21 00:00:00+00:00,71.96,71.74,,68.03458,1.26357,0.41025641025641024,-10.0,10259.57318367064,0.0,10249.57318367064,0,,9757.892
2016-12-22 00:00:00+00:00,71.71,72.13,,66.878975,1.244285,0.41025641025641024,-10.0,10315.347314002505,0.0,10305.347314002505,0,,9810.938
2016-12-23 00:00:00+00:00,72.16,71.9,,65.21737,1.1978558,0.5221238938053098,-10.0,10282.455693610309,0.0,10272.455693610309,0,,9779.655
2016-12-27 00:00:00+00:00,71.59,71.94,,62.189636,1.1157129,0.5221238938053098,-10.0,10288.176335309394,0.0,10278.176335309394,0,,9785.096
2016-12-28 00:00:00+00:00,71.5,71.15,,69.28841,1.0742847,0.5221238938053098,-10.0,10175.19795179878,0.0,10165.19795179878,0,,9677.642
2016-12-29 00:00:00+00:00,71.38,72.28,,59.577118,1.0628558,0.5221238938053098,-10.0,10336.799387641806,0.0,10326.799387641806,0,,9831.342
2016-12-30 00:00:00+00:00,72.35,71.99,,65.777756,1.0828563,0.5221238938053098,-10.0,10295.326417562603,0.0,10285.326417562603,0,,9791.896
2017-01-03 00:00:00+00:00,71.76,71.75,,61.52966,1.0642853,0.5221238938053098,-10.0,10261.004400020438,0.0,10251.004400020438,0,,9759.253
2017-01-04 00:00:00+00:00,71.94,72.36,,57.629124,1.0542853,0.5221238938053098,-10.0,10348.241080027497,0.0,10338.241080027497,0,,9842.224
2017-01-05 00:00:00+00:00,72.48,72.1,,57.07492,1.0578564,0.5221238938053098,-10.0,10311.058330694874,0.0,10301.058330694874,0,,9806.859
2017-01-06 00:00:00+00:00,71.82,71.69,,67.70099,0.9642852,0.5221238938053098,-10.0,10252.4248900857,0.0,10242.4248900857,0,,9751.093
2017-01-09 00:00:00+00:00,71.91,71.02,,60.869576,0.8871422,0.5221238938053098,-10.0,10156.60686414411,0.0,10146.60686414411,0,,9659.96
2017-01-10 00:00:00+00:00,71.08,71.11,,44.20526,0.85571396,0.5221238938053098,-10.0,10169.47847378098,0.0,10159.47847378098,0,,9672.202
2017-01-11 00:00:00+00:00,71.07,72.13,,45.84718,0.84571457,0.5221238938053098,-10.0,10315.349238851439,0.0,10305.349238851439,0,,9810.94
2017-01-12 00:00:00+00:00,72.06,72.38,,50.152878,0.8635717,0.5221238938053098,-10.0,10351.102343433224,0.0,10341.102343433224,0,,9844.945
2017-01-13 00:00:00+00:00,72.24,72.1,,54.98442,0.85571396,0.5221238938053098,-10.0,10311.059511279575,0.0,10301.059511279575,0,,9806.86
2017-01-17 00:00:00+00:00,72.39,72.51,,49.76229,0.8721428,0.5221238938053098,-10.0,10369.694802363218,0.0,10359.694802363218,0,,9862.628
2017-01-18 00:00:00+00:00,72.61,72.3,,54.69954,0.88642883,0.41025641025641024,-10.0,10339.662817273915,0.0,10329.662817273915,0,,9834.064
2017-01-19 00:00:00+00:00,72.1,71.72,,52.702705,0.89928544,0.5221238938053098,-10.0,10256.71670279854,0.0,10246.71670279854,0,,9755.174
2017-01-20 00:00:00+00:00,71.87,71.97,,54.4186,0.90714264,0.5221238938053098,-10.0,10292.469553939818,0.0,10282.469553939818,0,,9789.179
2017-01-23 00:00:00+00:00,72.08,71.82,,47.217262,0.8678567,0.5221238938053098,-10.0,10271.018034039698,0.0,10261.018034039698,0,,9768.775
2017-01-24 00:00:00+00:00,71.72,72.0,,48.434643,0.84571403,0.5221238938053098,-10.0,10296.759835676829,0.0,10286.759835676829,0,,9793.259
2017-01-25 00:00:00+00:00,71.75,71.73,,52.327744,0.8249997,0.5221238938053098,-10.0,10258.14732998448,0.0,10248.14732998448,0,,9756.535
2017-01-26 00:00:00+00:00,71.8,71.96,,43.73761,0.79642814,0.5221238938053098,-10.0,10291.038769033079,0.0,10281.038769033079,0,,9787.817
2017-01-27 00:00:00+00:00,72.33,72.0,,48.600006,0.773571,0.5221238938053098,-10.0,10296.759278774385,0.0,10286.759278774385,0,,9793.259
2017-01-30 00:00:00+00:00,72.29,71.93,,53.347702,0.773571,0.41025641025641024,-10.0,10286.748652422784,0.0,10276.748652422784,0,,9783.737
2017-01-31 00:00:00+00:00,72.06,72.88,,61.29037,0.7585711,0.41025641025641024,-10.0,10422.607770312417,0.0,10412.607770312417,0,,9912.953
2017-02-01 00:00:00+00:00,72.35,71.6,,68.09815,0.7878565,0.5221238938053098,-10.0,10239.554419530008,0.0,10229.554419530008,0,,9738.851
2017-02-02 00:00:00+00:00,71.77,72.61,,44.854374,0.79785645,0.5221238938053098,-10.0,10383.995155587458,0.0,10373.995155587458,0,,9876.229
2017-02-03 00:00:00+00:00,72.0,72.54,,51.945885,0.8342852,0.5221238938053098,-10.0,10373.984511530274,0.0,10363.984511530274,0,,9866.707
2017-02-06 00:00:00+00:00,72.83,72.75,,53.859673,0.8385707,0.5221238938053098,-10.0,10404.01717175978,0.0,10394.01717175978,0,,9895.271
2017-02-07 00:00:00+00:00,72.73,73.05,,52.1818,0.8371424,0.41025641025641024,-10.0,10446.92133011629,0.0,10436.92133011629,0,,9936.077
2017-02-08 00:00:00+00:00,73.7,74.83,,56.708412,0.8257141,0.5221238938053098,-10.0,10701.47995385471,0.0,10691.47995385471,0,,10178.188
2017-02-09 00:00:00+00:00,74.83,74.76,,72.90135,0.8992849,0.5221238938053098,-10.0,10691.469411796017,0.0,10681.469411796017,0,,10168.667
2017-02-10 00:00:00+00:00,74.24,75.21,,71.104416,0.8942849,0.5221238938053098,-10.0,10755.82387501683,0.0,10745.82387501683,0,,10229.875
2017-02-13 00:00:00+00:00,75.2,75.56,,74.5297,0.93642753,0.41025641025641024,-10.0,10805.876886983659,0.0,10795.876886983659,0,,10277.4795
2017-02-14 00:00:00+00:00,75.57,75.39,,75.14127,0.9385703,0.41025641025641024,-10.0,10781.565426192066,0.0,10771.565426192066,0,,10254.356
2017-02-15 00:00:00+00:00,74.83,74.98,,76.21778,0.961428,0.5221238938053098,-10.0,10722.931739322577,0.0,10712.931739322577,0,,10198.591
2017-02-16 00:00:00+00:00,75.13,75.79,,71.08945,0.9935706,0.5221238938053098,-10.0,10838.770123611026,0.0,10828.770123611026,0,,10308.766
2017-02-17 00:00:00+00:00,75.82,76.34,,73.896645,1.0149988,0.5221238938053098,-10.0,10917.425620598706,0.0,10907.425620598706,0,,10383.575
2017-02-21 00:00:00+00:00,76.04,77.22,,76.21883,0.99357,0.5221238938053098,-10.0,11043.275361114209,0.0,11033.275361114209,0,,10503.2705
2017-02-22 00:00:00+00:00,77.5,77.19,,76.01924,1.0128555,0.5221238938053098,-10.0,11038.985014682254,0.0,11028.985014682254,0,,10499.19
2017-02-23 00:00:00+00:00,77.57,77.9,,89.421814,0.9949984,0.5221238938053098,-10.0,11140.52236685652,0.0,11130.52236685652,0,,10595.763
2017-02-24 00:00:00+00:00,78.13,78.87,,88.95444,0.97214127,0.5221238938053098,-10.0,11279.242893946071,0.0,11269.242893946071,0,,10727.7
2017-02-27 00:00:00+00:00,78.93,79.0,,91.157425,0.9792846,0.5221238938053098,-10.0,11297.833202642305,0.0,11287.833202642305,0,,10745.381
2017-02-28 00:00:00+00:00,79.03,79.74,,91.06447,0.9764268,0.5221238938053098,-10.0,11403.661230315553,0.0,11393.661230315553,0,,10846.034
2017-03-01 00:00:00+00:00,78.92,79.38,,91.552864,1.0042839,0.5221238938053098,-10.0,11352.177186942145,0.0,11342.177186942145,0,,10797.068
2017-03-02 00:00:00+00:00,78.94,79.92,,84.31378,0.9678563,0.5632183908045977,-10.0,11429.402394172337,0.0,11419.402394172337,0,,10870.517
2017-03-03 00:00:00+00:00,79.86,79.49,,86.33809,1.0428565,0.5221238938053098,-10.0,11367.90772811349,0.0,11357.90772811349,0,,10812.028
2017-03-06 00:00:00+00:00,79.4,79.35,,80.226036,1.042856,0.5632183908045977,-10.0,11347.886591260374,0.0,11337.886591260374,0,,10792.986
2017-03-07 00:00:00+00:00,79.3,79.25,,77.583755,1.032142,0.5221238938053098,-10.0,11333.585746221543,0.0,11323.585746221543,0,,10779.385
2017-03-08 00:00:00+00:00,78.76,78.12,,78.38241,1.0121422,0.5221238938053098,-10.0,11171.98441843205,0.0,11161.98441843205,0,,10625.686
2017-03-09 00:00:00+00:00,78.15,78.0,,70.877686,1.0242854,0.5221238938053098,-10.0,11154.822787895027,0.0,11144.822787895027,0,,10609.363
2017-03-10 00:00:00+00:00,78.51,78.81,,66.17863,1.0078572,0.5221238938053098,-10.0,11270.660710313039,0.0,11260.660710313039,0,,10719.536
2017-03-13 00:00:00+00:00,78.75,79.08,,67.418915,1.0321432,0.5221238938053098,-10.0,11309.274838999752,0.0,11299.274838999752,0,,10756.263
2017-03-14 00:00:00+00:00,78.72,78.42,,64.35187,0.9714295,0.41025641025641024,-10.0,11214.887391715218,0.0,11204.887391715218,0,,10666.491
2017-03-15 00:00:00+00:00,78.78,79.81,,58.649757,0.97571564,0.41025641025641024,-10.0,11413.672504976768,0.0,11403.672504976768,0,,10855.556
2017-03-16 00:00:00+00:00,79.5,79.18,,62.25928,1.030716,0.5221238938053098,-10.0,11323.575928870423,0.0,11313.575928870423,0,,10769.864
2017-03-17 00:00:00+00:00,79.26,79.6,,52.08052,1.0214299,0.5221238938053098,-10.0,11383.639986522303,0.0,11373.639986522303,0,,10826.992
2017-03-20 00:00:00+00:00,79.7,78.8,,53.87596,1.0242876,0.5221238938053098,-10.0,11269.232383217472,0.0,11259.232383217472,0,,10718.179
2017-03-21 00:00:00+00:00,78.65,79.56,,43.97439,1.0471448,0.5221238938053098,-10.0,11377.91993256585,0.0,11367.91993256585,0,,10821.551
2017-03-22 00:00:00+00:00,79.9,79.86,,51.097565,1.0292871,0.5221238938053098,-10.0,11420.824114440475,0.0,11410.824114440475,0,,10862.357
2017-03-23 00:00:00+00:00,79.74,80.19,,49.62313,0.97571564,0.5221238938053098,-10.0,11468.01805258885,0.0,11458.01805258885,0,,10907.243
2017-03-24 00:00:00+00:00,79.99,80.71,,54.45296,0.96714455,0.5221238938053098,-10.0,11542.382513294204,0.0,11532.382513294204,0,,10977.972
2017-03-27 00:00:00+00:00,80.98,80.5,,58.25244,1.0050017,0.5221238938053098,-10.0,11512.350139397793,0.0,11502.350139397793,0,,10949.408
2017-03-28 00:00:00+00:00,80.31,80.9,,57.48504,1.0535725,0.41025641025641024,-10.0,11569.555016638513,0.0,11559.555016638513,0,,11003.814
2017-03-29 00:00:00+00:00,80.15,79.82,,68.24147,1.0300009,0.5221238938053098,-10.0,11415.10341121473,0.0,11405.10341121473,0,,10856.916
2017-03-30 00:00:00+00:00,79.62,79.49,,60.606068,1.082858,0.5221238938053098,-10.0,11367.909979193071,0.0,11357.909979193071,0,,10812.03
2017-03-31 00:00:00+00:00,79.43,79.61,,54.197533,1.0607147,0.5632183908045977,-10.0,11385.071731414238,0.0,11375.071731414238,0,,10828.352
2017-04-03 00:00:00+00:00,79.62,79.95,,53.33333,1.0642859,0.5221238938053098,-10.0,11433.695004768964,0.0,11423.695004768964,0,,10874.598
2017-04-04 00:00:00+00:00,79.86,79.97,,60.02622,1.0578569,0.5221238938053098,-10.0,11436.555947349068,0.0,11426.555947349068,0,,10877.319
2017-04-05 00:00:00+00:00,79.95,80.59,,51.277985,0.9928567,0.5221238938053098,-10.0,11525.222368833038,0.0,11515.222368833038,0,,10961.65
2017-04-06 00:00:00+00:00,80.31,80.46,,61.279984,1.0035712,0.5221238938053098,-10.0,11506.63125735377,0.0,11496.63125735377,0,,10943.969
2017-04-07 00:00:00+00:00,80.62,80.25,,57.21478,1.0035712,0.5221238938053098,-10.0,11476.599315850663,0.0,11466.599315850663,0,,10915.404
2017-04-10 00:00:00+00:00,80.23,80.08,,63.500916,0.9542852,0.5221238938053098,-10.0,11452.287872302142,0.0,11442.287872302142,0,,10892.281
2017-04-11 00:00:00+00:00,80.01,79.99,,55.439377,0.90214264,0.5221238938053098,-10.0,11439.416586618026,0.0,11429.416586618026,0,,10880.04
2017-04-12 00:00:00+00:00,79.67,80.8,,51.42229,0.8742856,0.5221238938053098,-10.0,11555.256149197045,0.0,11545.256149197045,0,,10990.216
2017-04-13 00:00:00+00:00,80.55,80.31,,56.039608,0.8978571,0.5221238938053098,-10.0,11485.180280730912,0.0,11475.180280730912,0,,10923.566
2017-04-17 00:00:00+00:00,80.57,80.67,,46.01593,0.8764289,0.5221238938053098,-10.0,11536.664058980692,0.0,11526.664058980692,0,,10972.533
2017-04-18 00:00:00+00:00,80.71,80.87,,51.644077,0.83142906,0.5221238938053098,-10.0,11565.267080971787,0.0,11555.267080971787,0,,10999.738
2017-04-19 00:00:00+00:00,80.93,80.62,,49.698204,0.8042864,0.5221238938053098,-10.0,11529.51427328578,0.0,11519.51427328578,0,,10965.733
2017-04-20 00:00:00+00:00,80.62,80.31,,59.66184,0.75000054,0.5221238938053098,-10.0,11485.18012664831,0.0,11475.18012664831,0,,10923.566
2017-04-21 00:00:00+00:00,80.25,80.6,,59.95141,0.76071495,0.5221238938053098,-10.0,11526.652751333635,0.0,11516.652751333635,0,,10963.012
2017-04-24 00:00:00+00:00,80.52,80.94,,61.538395,0.76142937,0.5221238938053098,-10.0,11575.277464863155,0.0,11565.277464863155,0,,11009.259
2017-04-25 00:00:00+00:00,80.62,80.82,,61.53846,0.75857216,0.5221238938053098,-10.0,11558.115889804396,0.0,11548.115889804396,0,,10992.9375
2017-04-26 00:00:00+00:00,80.83,80.19,,59.681026,0.7542861,0.5221238938053098,-10.0,11468.019273293728,0.0,11458.019273293728,0,,10907.246
2017-04-27 00:00:00+00:00,80.29,80.35,,45.45464,0.740715,0.5221238938053098,-10.0,11490.900332770714,0.0,11480.900332770714,0,,10929.008
2017-04-28 00:00:00+00:00,80.36,79.97,,48.758465,0.74214333,0.5221238938053098,-10.0,11436.556751809287,0.0,11426.556751809287,0,,10877.32
2017-05-01 00:00:00+00:00,80.14,79.24,,46.95655,0.75857216,0.5221238938053098,-10.0,11332.158699919177,0.0,11322.158699919177,0,,10778.027
2017-05-02 00:00:00+00:00,80.43,79.11,,41.86047,0.7900004,0.5221238938053098,-10.0,11313.56763355533,0.0,11303.56763355533,0,,10760.346
2017-05-03 00:00:00+00:00,79.03,78.82,,41.53852,0.87500054,0.5221238938053098,-10.0,11272.094302306636,0.0,11262.094302306636,0,,10720.9
2017-05-04 00:00:00+00:00,78.67,79.78,,28.846188,0.8185714,0.5221238938053098,-10.0,11409.384049886528,0.0,11399.384049886528,0,,10851.477
2017-05-05 00:00:00+00:00,80.0,79.7,,44.85439,0.8571423,0.5221238938053098,-10.0,11397.942850270616,0.0,11387.942850270616,0,,10840.595
2017-05-08 00:00:00+00:00,79.93,79.6,,40.041077,0.86928505,0.5221238938053098,-10.0,11383.642104723906,0.0,11373.642104723906,0,,10826.993
2017-05-09 00:00:00+00:00,79.46,79.53,,36.6876,0.8828561,0.5221238938053098,-10.0,11373.631250979572,0.0,11363.631250979572,0,,10817.472
2017-05-10 00:00:00+00:00,79.59,79.04,,38.126328,0.8942849,0.5221238938053098,-10.0,11303.556565076975,0.0,11293.556565076975,0,,10750.824
2017-05-11 00:00:00+00:00,78.84,78.57,,36.687656,0.94428474,0.5221238938053098,-10.0,11236.341121396788,0.0,11226.341121396788,0,,10686.8955
2017-05-12 00:00:00+00:00,78.62,78.78,,29.49495,0.9942845,0.5221238938053098,-10.0,11266.37351822387,0.0,11256.37351822387,0,,10715.46
2017-05-15 00:00:00+00:00,78.68,78.72,,27.593287,0.95357025,0.5221238938053098,-10.0,11257.793402521578,0.0,11247.793402521578,0,,10707.299
2017-05-16 00:00:00+00:00,78.76,77.87,,27.941132,0.9535708,0.5221238938053098,-10.0,11136.234687319533,0.0,11126.234687319533,0,,10591.684
2017-05-17 00:00:00+00:00,77.87,77.59,,26.706774,0.9714274,0.5221238938053098,-10.0,11096.190691568592,0.0,11086.190691568592,0,,10553.598
2017-05-18 00:00:00+00:00,77.82,77.96,,22.941147,0.9821418,0.5221238938053098,-10.0,11149.105420238095,0.0,11139.105420238095,0,,10603.925
2017-05-19 00:00:00+00:00,77.96,78.2,,30.255398,0.99499893,0.5221238938053098,-10.0,11183.427503040417,0.0,11173.427503040417,0,,10636.569
2017-05-22 00:00:00+00:00,77.92,78.91,,38.695637,0.984999,0.5221238938053098,-10.0,11284.965611498228,0.0,11274.965611498228,0,,10733.142
2017-05-23 00:00:00+00:00,78.85,78.82,,48.06953,0.9414275,0.5221238938053098,-10.0,11272.094041987433,0.0,11262.094041987433,0,,10720.9
2017-05-24 00:00:00+00:00,79.02,79.22,,50.0,0.9635707,0.5221238938053098,-10.0,11329.298326114364,0.0,11319.298326114364,0,,10775.308
2017-05-25 00:00:00+00:00,79.17,79.95,,43.665207,0.9092849,0.5221238938053098,-10.0,11433.69507838963,0.0,11423.69507838963,0,,10874.6
2017-05-26 00:00:00+00:00,79.86,79.96,,52.46548,0.9385703,0.5221238938053098,-10.0,11435.12486818756,0.0,11425.12486818756,0,,10875.959
2017-05-30 00:00:00+00:00,79.89,80.67,,53.614456,0.9178559,0.5221238938053098,-10.0,11536.662180567853,0.0,11526.662180567853,0,,10972.532
2017-05-31 00:00:00+00:00,80.62,81.57,,60.142326,0.9335703,0.41025641025641024,-10.0,11665.371632738581,0.0,11655.371632738581,0,,11094.948
2017-06-01 00:00:00+00:00,81.31,82.15,,70.978386,0.9035705,0.41025641025641024,-10.0,11748.317983525023,0.0,11738.317983525023,0,,11173.838
2017-06-02 00:00:00+00:00,82.69,82.01,,79.15304,0.88642776,0.5221238938053098,-10.0,11728.296312004257,0.0,11718.296312004257,0,,11154.796
2017-06-05 00:00:00+00:00,81.82,81.84,,76.606224,0.9407136,0.5221238938053098,-10.0,11703.983671728587,0.0,11693.983671728587,0,,11131.672
2017-06-06 00:00:00+00:00,81.98,81.51,,75.242584,0.93071365,0.5221238938053098,-10.0,11656.790931800297,0.0,11646.790931800297,0,,11086.787
2017-06-07 00:00:00+00:00,81.53,81.83,,82.155365,0.91071373,0.5221238938053098,-10.0,11702.554555008935,0.0,11692.554555008935,0,,11130.3125
2017-06-08 00:00:00+00:00,81.83,81.42,,87.19295,0.88357055,0.5221238938053098,-10.0,11643.919770879756,0.0,11633.919770879756,0,,11074.545
2017-06-09 00:00:00+00:00,81.2,81.29,,80.1393,0.8978566,0.5221238938053098,-10.0,11625.328743685342,0.0,11615.328743685342,0,,11056.863
2017-06-12 00:00:00+00:00,81.26,80.43,,77.442245,0.90571374,0.5221238938053098,-10.0,11502.339656896274,0.0,11492.339656896274,0,,10939.888
2017-06-13 00:00:00+00:00,80.21,80.3,,63.148746,0.93714195,0.5221238938053098,-10.0,11483.748435058513,0.0,11473.748435058513,0,,10922.205
2017-06-14 00:00:00+00:00,80.96,80.88,,62.714806,0.9242848,0.5221238938053098,-10.0,11566.694296598376,0.0,11556.694296598376,0,,11001.096
2017-06-15 00:00:00+00:00,80.83,81.98,,63.833317,0.9714279,0.5221238938053098,-10.0,11724.006759596363,0.0,11714.006759596363,0,,11150.716
2017-06-16 00:00:00+00:00,82.26,82.18,,65.93411,0.98714286,0.5221238938053098,-10.0,11752.608858816537,0.0,11742.608858816537,0,,11177.919
2017-06-19 00:00:00+00:00,82.33,81.9,,66.920746,1.0014284,0.5221238938053098,-10.0,11712.56630184,0.0,11702.56630184,0,,11139.834
2017-06-20 00:00:00+00:00,81.93,81.78,,60.032658,0.98428506,0.5221238938053098,-10.0,11695.404335432811,0.0,11685.404335432811,0,,11123.511
2017-06-21 00:00:00+00:00,81.89,81.45,,51.96261,0.9428564,0.5221238938053098,-10.0,11648.210636936661,0.0,11638.210636936661,0,,11078.625
2017-06-22 00:00:00+00:00,81.28,80.89,,43.137207,0.92499924,0.5221238938053098,-10.0,11568.125273026462,0.0,11558.125273026462,0,,11002.456
2017-06-23 00:00:00+00:00,80.86,80.03,,39.85504,0.9007138,0.5221238938053098,-10.0,11445.135971757705,0.0,11435.135971757705,0,,10885.48
2017-06-26 00:00:00+00:00,80.05,80.47,,35.42673,0.9542852,0.5632183908045977,-10.0,11508.060556029312,0.0,11498.060556029312,0,,10945.328
2017-06-27 00:00:00+00:00,80.12,79.06,,41.772144,0.96857125,0.5221238938053098,-10.0,11306.415206897665,0.0,11296.415206897665,0,,10753.543
2017-06-28 00:00:00+00:00,78.85,78.09,,31.309023,1.0299999,0.5221238938053098,-10.0,11167.69454994043,0.0,11157.69454994043,0,,10621.606
2017-06-29 00:00:00+00:00,77.81,78.16,,29.109152,1.0149994,0.5632183908045977,-10.0,11177.705872798233,0.0,11167.705872798233,0,,10631.127
2017-06-30 00:00:00+00:00,78.32,78.19,,30.214964,1.033571,0.5221238938053098,-10.0,11181.996478928644,0.0,11171.996478928644,0,,10635.208
2017-07-03 00:00:00+00:00,78.4,77.18,,34.18083,0.97785676,0.5221238938053098,-10.0,11037.55549724685,0.0,11027.55549724685,0,,10497.83
2017-07-05 00:00:00+00:00,77.23,76.89,,30.402029,1.0214282,0.5221238938053098,-10.0,10996.082138463937,0.0,10986.082138463937,0,,10458.385
2017-07-06 00:00:00+00:00,76.67,76.67,75.4573,23.989655,1.0042856,0.5221238938053098,-10.0,10964.619473444018,0.0,10954.619473444018,0,,10428.461
2017-07-07 00:00:00+00:00,76.67,76.83,75.47305,10.898435,0.9407136,0.5221238938053098,-10.0,10987.501294659422,0.0,10977.501294659422,0,,10450.224
2017-07-10 00:00:00+00:00,76.97,76.44,75.4904,10.370516,0.937857,0.5221238938053098,-10.0,10931.727525474053,0.0,10921.727525474053,0,,10397.177
2017-07-11 00:00:00+00:00,76.69,76.55,75.4976,10.204225,0.9357142,0.5221238938053098,-10.0,10947.45931490652,0.0,10937.45931490652,0,,10412.139
2017-07-12 00:00:00+00:00,77.24,76.59,75.5028,11.824967,0.94285744,0.5221238938053098,-10.0,10953.179300174306,0.0,10943.179300174306,0,,10417.579
2017-07-13 00:00:00+00:00,77.03,77.53,75.50765,12.957385,0.9435719,0.5221238938053098,-10.0,11087.609777179483,0.0,11077.609777179483,0,,10545.437
2017-07-14 00:00:00+00:00,78.03,77.45,75.51755,25.792564,1.0128577,0.5221238938053098,-10.0,11076.168743073316,0.0,11066.168743073316,0,,10534.555
2017-07-17 00:00:00+00:00,77.39,77.84,75.5336,29.05849,0.9900006,0.5221238938053098,-10.0,11131.943007871023,0.0,11121.943007871023,0,,10587.602
2017-07-18 00:00:00+00:00,77.92,77.86,75.5543,28.47792,0.9592863,0.41025641025641024,-10.0,11134.804086744296,0.0,11124.804086744296,0,,10590.323
2017-07-19 00:00:00+00:00,78.04,78.07,75.5802,37.28821,0.8942866,0.5221238938053098,-10.0,11164.835880155382,0.0,11154.835880155382,0,,10618.887
2017-07-20 00:00:00+00:00,78.23,78.45,75.6093,49.747517,0.8521434,0.5221238938053098,-10.0,11219.179987523688,0.0,11209.179987523688,0,,10670.573
2017-07-21 00:00:00+00:00,78.36,78.98,75.6446,53.395702,0.7957148,0.5221238938053098,-10.0,11294.976184870486,0.0,11284.976184870486,0,,10742.663
2017-07-24 00:00:00+00:00,78.93,78.48,75.69005,58.28091,0.7928576,0.41025641025641024,-10.0,11223.470756881274,0.0,11213.470756881274,0,,10674.654
2017-07-25 00:00:00+00:00,78.32,78.39,75.73365,65.25822,0.74142945,0.5221238938053098,-10.0,11210.599086108652,0.0,11200.599086108652,0,,10662.411
2017-07-26 00:00:00+00:00,78.46,78.91,75.7765,68.47285,0.7121435,0.5221238938053098,-10.0,11284.964820774714,0.0,11274.964820774714,0,,10733.141
2017-07-27 00:00:00+00:00,78.76,79.22,75.8216,75.68804,0.74000114,0.41025641025641024,-10.0,11329.298280589337,0.0,11319.298280589337,0,,10775.307
2017-07-28 00:00:00+00:00,78.88,78.25,75.8664,76.49661,0.75357217,0.41025641025641024,-10.0,11190.577782630282,0.0,11180.577782630282,0,,10643.369
2017-07-31 00:00:00+00:00,77.75,78.68,75.9106,67.7799,0.79071534,0.41025641025641024,-10.0,11252.0721406985,0.0,11242.0721406985,0,,10701.856
2017-08-01 00:00:00+00:00,78.88,78.88,75.9537,69.6857,0.8314296,0.5221238938053098,-10.0,11280.673779284558,0.0,11270.673779284558,0,,10729.061
2017-08-02 00:00:00+00:00,78.52,78.74,75.99305,70.5565,0.82000077,0.5221238938053098,-10.0,11260.652303544735,0.0,11250.652303544735,0,,10710.018
2017-08-03 00:00:00+00:00,78.58,79.44,76.0325,62.683395,0.7414289,0.5221238938053098,-10.0,11360.759871515113,0.0,11350.759871515113,0,,10805.23
2017-08-04 00:00:00+00:00,79.18,79.29,76.0736,68.46011,0.75000054,0.41025641025641024,-10.0,11339.30830815861,0.0,11329.30830815861,0,,10784.827
2017-08-07 00:00:00+00:00,79.24,79.44,76.1097,64.07767,0.76142937,0.5221238938053098,-10.0,11360.760594741852,0.0,11350.760594741852,0,,10805.231
2017-08-08 00:00:00+00:00,79.18,79.79,76.1468,64.9621,0.76214325,0.41025641025641024,-10.0,11410.814471478143,0.0,11400.814471478143,0,,10852.838
2017-08-09 00:00:00+00:00,79.99,79.45,76.187,65.867134,0.775001,0.41025641025641024,-10.0,11362.190078241809,0.0,11352.190078241809,0,,10806.59
2017-08-10 00:00:00+00:00,79.43,79.67,76.22975,59.293644,0.79071534,0.5221238938053098,-10.0,11393.651907324465,0.0,11383.651907324465,0,,10836.515
2017-08-11 00:00:00+00:00,80.07,79.53,76.2718,56.80466,0.7835726,0.41025641025641024,-10.0,11373.630251435208,0.0,11363.630251435208,0,,10817.472
2017-08-14 00:00:00+00:00,79.42,80.52,76.31135,61.146416,0.81571525,0.5221238938053098,-10.0,11515.210024636599,0.0,11505.210024636599,0,,10952.128
2017-08-15 00:00:00+00:00,80.26,79.92,76.35515,68.9839,0.87428665,0.5221238938053098,-10.0,11429.40404249749,0.0,11419.40404249749,0,,10870.518
2017-08-16 00:00:00+00:00,79.85,79.77,76.3977,58.875168,0.9564296,0.5221238938053098,-10.0,11407.952300808392,0.0,11397.952300808392,0,,10850.115
2017-08-17 00:00:00+00:00,79.81,79.01,76.43715,54.972828,0.93357307,0.5221238938053098,-10.0,11299.26502446494,0.0,11289.26502446494,0,,10746.742
2017-08-18 00:00:00+00:00,79.09,78.94,76.4648,57.14288,0.9442874,0.41025641025641024,-10.0,11289.254288755055,0.0,11279.254288755055,0,,10737.222
2017-08-21 00:00:00+00:00,78.97,79.78,76.497,52.62099,0.89500153,0.5221238938053098,-10.0,11409.383004458203,0.0,11399.383004458203,0,,10851.477
2017-08-22 00:00:00+00:00,79.74,80.1,76.5424,58.03573,0.91857255,0.5221238938053098,-10.0,11455.146438624039,0.0,11445.146438624039,0,,10895.002
2017-08-23 00:00:00+00:00,80.15,80.33,76.58765,61.764713,0.8928582,0.5221238938053098,-10.0,11488.038679180176,0.0,11478.038679180176,0,,10926.286
2017-08-24 00:00:00+00:00,80.28,80.2,76.63775,58.380413,0.8542862,0.41025641025641024,-10.0,11469.446606084311,0.0,11459.446606084311,0,,10908.603
2017-08-25 00:00:00+00:00,80.58,80.75,76.6809,58.601097,0.83071464,0.41025641025641024,-10.0,11548.102602926077,0.0,11538.102602926077,0,,10983.412
2017-08-28 00:00:00+00:00,81.0,80.86,76.72335,61.5114,0.86928666,0.5221238938053098,-10.0,11563.833480855244,0.0,11553.833480855244,0,,10998.374
2017-08-29 00:00:00+00:00,81.0,80.45,76.7768,59.8165,0.8592867,0.5221238938053098,-10.0,11505.19828689837,0.0,11495.19828689837,0,,10942.605
2017-08-30 00:00:00+00:00,80.3,80.3,76.83525,59.057964,0.87928665,0.5221238938053098,-10.0,11483.74761222063,0.0,11473.74761222063,0,,10922.204
2017-08-31 00:00:00+00:00,80.51,80.18,76.8925,55.779865,0.8564295,0.5221238938053098,-10.0,11466.58621189452,0.0,11456.58621189452,0,,10905.882
2017-09-01 00:00:00+00:00,80.39,79.96,76.9517,55.98528,0.82071525,0.5221238938053098,-10.0,11435.123731487858,0.0,11425.123731487858,0,,10875.958
2017-09-05 00:00:00+00:00,80.06,80.26,77.0043,43.991447,0.7850009,0.5221238938053098,-10.0,11478.026874560119,0.0,11468.026874560119,0,,10916.764
2017-09-06 00:00:00+00:00,80.3,79.55,77.0614,53.89912,0.697143,0.41025641025641024,-10.0,11376.489685160648,0.0,11366.489685160648,0,,10820.19
2017-09-07 00:00:00+00:00,79.77,80.17,77.1157,47.764294,0.73499954,0.5221238938053098,-10.0,11465.155590055252,0.0,11455.155590055252,0,,10904.5205
2017-09-08 00:00:00+00:00,80.11,80.74,77.1743,62.133835,0.69357026,0.41025641025641024,-10.0,11546.671475611243,0.0,11536.671475611243,0,,10982.051
2017-09-11 00:00:00+00:00,80.75,81.49,77.2316,67.04539,0.7278557,0.5221238938053098,-10.0,11653.92881016813,0.0,11643.92881016813,0,,11084.063
2017-09-12 00:00:00+00:00,81.3,80.74,77.2904,66.473946,0.7342845,0.5221238938053098,-10.0,11546.670561749152,0.0,11536.670561749152,0,,10982.05
2017-09-13 00:00:00+00:00,80.68,80.98,77.34915,55.693935,0.7928565,0.5221238938053098,-10.0,11580.99422750249,0.0,11570.99422750249,0,,11014.695
2017-09-14 00:00:00+00:00,80.78,81.03,77.40525,55.772648,0.8192853,0.5221238938053098,-10.0,11588.144158588104,0.0,11578.144158588104,0,,11021.496
2017-09-15 00:00:00+00:00,81.15,81.2,77.45405,57.47749,0.8292852,0.5221238938053098,-10.0,11612.455671183161,0.0,11602.455671183161,0,,11044.619
2017-09-18 00:00:00+00:00,81.15,80.55,77.5043,54.352,0.79499924,0.5221238938053098,-10.0,11519.499772887268,0.0,11509.499772887268,0,,10956.209
2017-09-19 00:00:00+00:00,80.51,79.71,77.5632,47.28548,0.8871422,0.5221238938053098,-10.0,11399.370178038838,0.0,11389.370178038838,0,,10841.954
2017-09-20 00:00:00+00:00,79.9,79.09,77.61895,43.97395,0.9007138,0.5221238938053098,-10.0,11310.703285383732,0.0,11300.703285383732,0,,10757.623
2017-09-21 00:00:00+00:00,79.05,78.66,77.6674,40.847153,0.9621424,0.5221238938053098,-10.0,11249.209501821966,0.0,11239.209501821966,0,,10699.137
2017-09-22 00:00:00+00:00,78.92,78.28,77.712,39.01735,0.97214234,0.5221238938053098,-10.0,11194.865060519984,0.0,11184.865060519984,0,,10647.449
2017-09-25 00:00:00+00:00,78.33,79.27,77.75915,38.135582,0.9635707,0.5221238938053098,-10.0,11336.445550902961,0.0,11326.445550902961,0,,10782.107
2017-09-26 00:00:00+00:00,79.26,79.15,77.80745,43.6293,0.9914284,0.41025641025641024,-10.0,11319.284675841433,0.0,11309.284675841433,0,,10765.785
2017-09-27 00:00:00+00:00,78.66,78.08,77.856,47.21447,0.95714295,0.41025641025641024,-10.0,11166.263437937348,0.0,11156.263437937348,0,,10620.246
2017-09-28 00:00:00+00:00,77.5,77.57,77.89655,36.30407,1.0064294,0.5221238938053098,-10.0,11093.327917595572,0.0,11083.327917595572,0,,10550.877
2017-09-29 00:00:00+00:00,77.45,77.17,77.93215,29.062077,1.0185727,0.5221238938053098,-10.0,11036.123660854593,0.0,11026.123660854593,0,,10496.47
2017-10-02 00:00:00+00:00,77.44,77.0,77.96215,20.083078,0.98143005,0.41025641025641024,-10.0,11011.81187429945,0.0,11001.81187429945,0,,10473.347
2017-10-03 00:00:00+00:00,76.99,77.01,77.9992,21.83733,0.9578585,0.5221238938053098,-10.0,11013.242728493971,0.0,11003.242728493971,0,,10474.708
2017-10-04 00:00:00+00:00,77.15,77.85,78.0333,19.032696,0.9350014,0.5221238938053098,-10.0,11133.371325474209,0.0,11123.371325474209,0,,10588.963
2017-10-05 00:00:00+00:00,77.88,77.68,78.06395,27.916632,0.9592868,0.5221238938053098,-10.0,11109.05965231699,0.0,11099.05965231699,0,,10565.84
2017-10-06 00:00:00+00:00,77.35,77.62,78.0943,25.555542,0.9535724,0.5221238938053098,-10.0,11100.479492475528,0.0,11090.479492475528,0,,10557.679
2017-10-09 00:00:00+00:00,77.79,77.55,78.12185,27.836586,0.87571496,0.5221238938053098,-10.0,11090.468877202937,0.0,11080.468877202937,0,,10548.157
2017-10-10 00:00:00+00:00,77.56,78.54,78.1509,31.506847,0.8300002,0.5221238938053098,-10.0,11232.048520824608,0.0,11222.048520824608,0,,10682.814
2017-10-11 00:00:00+00:00,78.42,78.42,78.18295,45.571686,0.82642853,0.41025641025641024,-10.0,11214.887012515792,0.0,11204.887012515792,0,,10666.492
2017-10-12 00:00:00+00:00,78.52,79.66,78.21555,47.966053,0.84500015,0.5221238938053098,-10.0,11392.221258303429,0.0,11382.221258303429,0,,10835.155
2017-10-13 00:00:00+00:00,79.61,77.99,78.25415,60.207146,0.88285774,0.5221238938053098,-10.0,11153.393072448845,0.0,11143.393072448845,0,,10608.006
2017-10-16 00:00:00+00:00,77.9,77.64,78.28835,41.39786,0.95285743,0.5221238938053098,-10.0,11103.339400182194,0.0,11093.339400182194,0,,10560.399
2017-10-17 00:00:00+00:00,77.58,77.6,78.31515,40.15645,0.97000015,0.5221238938053098,-10.0,11097.618709349152,0.0,11087.618709349152,0,,10554.959
2017-10-18 00:00:00+00:00,77.65,77.85,78.3432,46.38552,0.9307142,0.5221238938053098,-10.0,11133.371142365471,0.0,11123.371142365471,0,,10588.963
2017-10-19 00:00:00+00:00,77.98,79.47,78.3737,52.194347,0.90428543,0.41025641025641024,-10.0,11365.04872224314,0.0,11355.04872224314,0,,10809.312
2017-10-20 00:00:00+00:00,79.33,79.6,78.40925,65.131584,0.98571396,0.41025641025641024,-10.0,11383.63955382886,0.0,11373.63955382886,0,,10826.994
2017-10-23 00:00:00+00:00,79.84,80.01,78.44675,67.19575,0.9685707,0.41025641025641024,-10.0,11442.27434732998,0.0,11432.27434732998,0,,10882.762
2017-10-24 00:00:00+00:00,79.57,79.87,78.48835,68.84421,0.9935706,0.01,-10.0,11422.25318257057,0.0,11412.25318257057,0,,10863.719
2017-10-25 00:00:00+00:00,79.41,79.01,78.5326,63.911858,0.97785676,0.41025641025641024,-10.0,11299.263848989945,0.0,11289.263848989945,0,,10746.744
2017-10-26 00:00:00+00:00,79.58,78.73,78.5721,58.36478,1.0364282,0.41025641025641024,-10.0,11259.220910316119,0.0,11249.220910316119,0,,10708.659
2017-10-27 00:00:00+00:00,78.6,79.47,78.6051,56.793137,1.0735713,0.41025641025641024,-10.0,11365.048305265887,0.0,11355.048305265887,0,,10809.311
2017-10-30 00:00:00+00:00,79.34,79.59,78.64055,60.859703,1.1135718,0.5221238938053098,-10.0,11382.208446952625,0.0,11372.208446952625,0,,10825.632
2017-10-31 00:00:00+00:00,80.59,79.95,78.678,56.587166,1.0771435,0.01,-10.0,11433.691974982868,0.0,11423.691974982868,0,,10874.598
2017-11-01 00:00:00+00:00,80.12,79.08,78.7152,59.31789,1.1092862,0.41025641025641024,-10.0,11309.27371778139,0.0,11299.27371778139,0,,10756.264
2017-11-02 00:00:00+00:00,79.23,79.07,78.7491,46.301006,1.0992862,0.41025641025641024,-10.0,11307.84330889656,0.0,11297.84330889656,0,,10754.903
2017-11-03 00:00:00+00:00,78.83,79.52,78.78585,58.73789,1.0028583,0.01,-10.0,11372.1981753309,0.0,11362.1981753309,0,,10816.111
2017-11-06 00:00:00+00:00,79.57,78.85,78.8236,64.968155,1.0321443,0.01,-10.0,11276.381335548289,0.0,11266.381335548289,0,,10724.9795
2017-11-07 00:00:00+00:00,78.97,79.4,78.85875,59.044876,1.0300015,0.01,-10.0,11355.037401141883,0.0,11345.037401141883,0,,10799.789
2017-11-08 00:00:00+00:00,79.29,80.2,78.89575,60.748993,1.0464303,0.01,-10.0,11469.444512084141,0.0,11459.444512084141,0,,10908.603
2017-11-09 00:00:00+00:00,79.98,80.34,78.9381,55.712032,1.0028589,0.41025641025641024,-10.0,11489.465363695093,0.0,11479.465363695093,0,,10927.644
2017-11-10 00:00:00+00:00,79.92,80.06,78.98,55.781246,1.0285732,0.01,-10.0,11449.422931787403,0.0,11439.422931787403,0,,10889.559
2017-11-13 00:00:00+00:00,80.18,81.1,79.0203,50.39869,1.0221443,0.41025641025641024,-10.0,11598.153640967863,0.0,11588.153640967863,0,,11031.018
2017-11-14 00:00:00+00:00,80.97,82.64,79.06615,58.577396,1.0500014,0.01,-10.0,11818.390597042508,0.0,11808.390597042508,0,,11240.484
2017-11-15 00:00:00+00:00,82.88,81.84,79.11495,73.12105,1.1042873,0.41025641025641024,-10.0,11703.98184936724,0.0,11693.98184936724,0,,11131.671
2017-11-16 00:00:00+00:00,81.85,81.75,79.16615,68.57824,1.140001,0.01,-10.0,11691.11161147205,0.0,11681.11161147205,0,,11119.43
2017-11-17 00:00:00+00:00,81.47,80.89,79.21185,64.76686,1.1028584,0.41025641025641024,-10.0,11568.122728646964,0.0,11558.122728646964,0,,11002.455
2017-11-20 00:00:00+00:00,80.84,80.43,79.2536,57.683243,1.1285722,0.41025641025641024,-10.0,11502.338281145541,0.0,11492.338281145541,0,,10939.887
2017-11-21 00:00:00+00:00,80.52,80.22,79.292,52.80376,1.0764291,0.5221238938053098,-10.0,11472.305889096373,0.0,11462.305889096373,0,,10911.323
2017-11-22 00:00:00+00:00,80.22,80.15,79.32785,57.21519,1.029286,0.5221238938053098,-10.0,11462.295017315479,0.0,11452.295017315479,0,,10901.802
2017-11-24 00:00:00+00:00,80.45,80.55,79.35445,56.78394,1.0249999,0.41025641025641024,-10.0,11519.499857606015,0.0,11509.499857606015,0,,10956.209
2017-11-27 00:00:00+00:00,80.62,80.82,79.3834,56.510788,1.008571,0.41025641025641024,-10.0,11558.112377942663,0.0,11548.112377942663,0,,10992.934
2017-11-28 00:00:00+00:00,81.05,81.14,79.41145,63.115864,0.9928567,0.01,-10.0,11603.875768545846,0.0,11593.875768545846,0,,11036.459
2017-11-29 00:00:00+00:00,80.97,81.41,79.43935,61.95055,0.9592852,0.01,-10.0,11642.488919643523,0.0,11632.488919643523,0,,11073.184
2017-11-30 00:00:00+00:00,81.36,81.27,79.46945,58.963013,0.9442853,0.01,-10.0,11622.466483692382,0.0,11612.466483692382,0,,11054.141
2017-12-01 00:00:00+00:00,81.72,80.76,79.5009,56.88888,0.93071365,0.41025641025641024,-10.0,11549.532063801973,0.0,11539.532063801973,0,,10984.772
2017-12-04 00:00:00+00:00,80.74,80.26,79.52575,55.01436,0.97714233,0.41025641025641024,-10.0,11478.026669522065,0.0,11468.026669522065,0,,10916.764
2017-12-05 00:00:00+00:00,79.77,70.0,79.54535,43.47829,0.9742851,0.41025641025641024,-10.0,10010.738197922406,0.0,10000.738197922406,0,,9521.224
2017-12-06 00:00:00+00:00,68.46,68.72,79.50925,8.3113575,1.6199995,0.5221238938053098,-10.0,9827.684925164087,0.0,9817.684925164087,0,,9347.122
2017-12-07 00:00:00+00:00,68.93,71.77,79.466896,8.05628,1.6557138,0.5221238938053098,-10.0,10263.866375313237,0.0,10253.866375313237,0,,9761.975
2017-12-08 00:00:00+00:00,71.91,71.8,79.43625,23.172031,1.9057132,0.5221238938053098,-10.0,10268.157358916025,0.0,10258.157358916025,0,,9766.056
2017-12-11 00:00:00+00:00,71.69,72.98,79.4009,24.423203,1.9807135,0.5221238938053098,-10.0,10436.909907368909,0.0,10426.909907368909,0,,9926.557
2017-12-12 00:00:00+00:00,69.68,68.58,79.3708,29.853989,2.0485709,0.5221238938053098,-10.0,9807.66322963209,0.0,9797.66322963209,0,,9328.079
2017-12-13 00:00:00+00:00,69.43,69.8,79.315,24.338634,2.422857,0.5221238938053098,-10.0,9982.136488615555,0.0,9972.136488615555,0,,9494.0205
2017-12-14 00:00:00+00:00,68.84,69.29,79.2671,28.283688,2.5085711,0.41025641025641024,-10.0,9909.200656981931,0.0,9899.200656981931,0,,9424.652
2017-12-15 00:00:00+00:00,69.49,69.71,79.21395,26.48288,2.5192854,0.41025641025641024,-10.0,9969.264630147152,0.0,9959.264630147152,0,,9481.778
2017-12-18 00:00:00+00:00,70.02,70.95,79.16505,26.940649,2.5499997,0.01,-10.0,10146.597244932827,0.0,10136.597244932827,0,,9650.44
2017-12-19 00:00:00+00:00,70.91,69.85,79.12305,29.62815,2.6021428,0.5221238938053098,-10.0,9989.28558472806,0.0,9979.28558472806,0,,9500.82
2017-12-20 00:00:00+00:00,69.8,68.3,79.07605,27.631573,2.644286,0.5221238938053098,-10.0,9767.620017037356,0.0,9757.620017037356,0,,9289.994
2017-12-21 00:00:00+00:00,66.19,63.31,79.02695,26.20184,2.7392862,0.5221238938053098,-10.0,9053.997349834202,0.0,9043.997349834202,0,,8611.268
2017-12-22 00:00:00+00:00,63.91,65.23,78.9535,22.502361,3.0357153,0.5221238938053098,-10.0,9328.577587675232,0.0,9318.577587675232,0,,8872.421
2017-12-26 00:00:00+00:00,65.25,64.04,78.8856,27.33032,3.108572,0.5221238938053098,-10.0,9158.394540484342,0.0,9148.394540484342,0,,8710.56
2017-12-27 00:00:00+00:00,64.04,64.4,78.8104,37.624588,2.4078577,0.5221238938053098,-10.0,9209.878935910332,0.0,9199.878935910332,0,,8759.526
2017-12-28 00:00:00+00:00,64.11,63.94,78.7403,40.673576,2.315715,0.5221238938053098,-10.0,9144.093678575526,0.0,9134.093678575526,0,,8696.958
2017-12-29 00:00:00+00:00,64.1,63.24,78.66095,30.967443,2.1057153,0.5221238938053098,-10.0,9043.986844752124,0.0,9033.986844752124,0,,8601.746
2018-01-02 00:00:00+00:00,63.63,63.25,78.58125,29.849339,2.0335727,0.5221238938053098,-10.0,9045.416441480942,0.0,9035.416441480942,0,,8603.106
2018-01-03 00:00:00+00:00,63.21,62.75,78.4995,25.759832,1.9950011,0.5221238938053098,-10.0,8973.911288244084,0.0,8963.911288244084,0,,8535.098
2018-01-04 00:00:00+00:00,62.84,62.29,78.41925,31.972782,1.6864294,0.5221238938053098,-10.0,8908.126631152076,0.0,8898.126631152076,0,,8472.529
2018-01-05 00:00:00+00:00,62.63,62.98,78.3329,25.632692,1.6285725,0.5221238938053098,-10.0,9006.803425063523,0.0,8996.803425063523,0,,8566.381
2018-01-08 00:00:00+00:00,62.91,64.2,78.2485,29.762653,1.6257155,0.5221238938053098,-10.0,9181.275582561233,0.0,9171.275582561233,0,,8732.322
2018-01-09 00:00:00+00:00,64.21,63.52,78.16855,33.190956,1.6557153,0.5221238938053098,-10.0,9084.02875486513,0.0,9074.02875486513,0,,8639.83
2018-01-10 00:00:00+00:00,63.61,62.84,78.0826,26.531898,1.6457149,0.5221238938053098,-10.0,8986.78157246505,0.0,8976.78157246505,0,,8547.338
2018-01-11 00:00:00+00:00,63.17,62.32,77.9943,27.255024,1.6228575,0.5221238938053098,-10.0,8912.416202639275,0.0,8902.416202639275,0,,8476.609
2018-01-12 00:00:00+00:00,62.14,61.42,77.9014,29.207216,1.5692861,0.5221238938053098,-10.0,8783.706569185342,0.0,8773.706569185342,0,,8354.193
2018-01-16 00:00:00+00:00,61.51,61.33,77.8094,40.816307,1.2835715,0.5221238938053098,-10.0,8770.836146667669,0.0,8760.836146667669,0,,8341.952
2018-01-17 00:00:00+00:00,61.6,61.71,77.7186,26.950323,1.2185718,0.5221238938053098,-10.0,8825.179395121173,0.0,8815.179395121173,0,,8393.638
2018-01-18 00:00:00+00:00,61.67,61.92,77.6291,34.771202,1.1814289,0.5221238938053098,-10.0,8855.211025042743,0.0,8845.211025042743,0,,8422.201
2018-01-19 00:00:00+00:00,61.87,62.12,77.53895,33.46661,1.1914289,0.5632183908045977,-10.0,8883.813141475353,0.0,8873.813141475353,0,,8449.405
2018-01-22 00:00:00+00:00,62.35,62.14,77.4497,37.430912,1.1964289,0.5632183908045977,-10.0,8886.673589751768,0.0,8876.673589751768,0,,8452.125
2018-01-23 00:00:00+00:00,62.17,62.04,77.35745,41.615818,1.1764289,0.5221238938053098,-10.0,8872.372569829888,0.0,8862.372569829888,0,,8438.523
2018-01-24 00:00:00+00:00,62.12,61.7,77.26535,40.902245,1.1671431,0.5632183908045977,-10.0,8823.748871122485,0.0,8813.748871122485,0,,8392.277
2018-01-25 00:00:00+00:00,61.7,62.41,77.1726,41.91062,1.1121432,0.5221238938053098,-10.0,8925.286155798256,0.0,8915.286155798256,0,,8488.85
2018-01-26 00:00:00+00:00,62.74,62.46,77.08425,50.8902,1.0935715,0.5221238938053098,-10.0,8932.43608138388,0.0,8922.43608138388,0,,8495.649
2018-01-29 00:00:00+00:00,62.17,62.41,76.9966,45.737694,1.1049998,0.5221238938053098,-10.0,8925.28575223672,0.0,8915.28575223672,0,,8488.849
2018-01-30 00:00:00+00:00,62.4,62.5,76.90465,31.84583,1.1092856,0.5221238938053098,-10.0,8938.156681685898,0.0,8928.156681685898,0,,8501.091
2018-01-31 00:00:00+00:00,62.52,62.53,76.8156,38.24882,1.0842857,0.5221238938053098,-10.0,8942.446430211572,0.0,8932.446430211572,0,,8505.17
2018-02-01 00:00:00+00:00,62.45,61.74,76.7249,45.79943,1.1114286,0.5221238938053098,-10.0,8829.468812960053,0.0,8819.468812960053,0,,8397.718
2018-02-02 00:00:00+00:00,61.46,61.6,76.62925,42.67677,1.4407145,0.5221238938053098,-10.0,8809.447117374786,0.0,8799.447117374786,0,,8378.675
2018-02-05 00:00:00+00:00,61.44,60.51,76.53415,52.812515,1.3807144,0.5221238938053098,-10.0,8653.565440359062,0.0,8643.565440359062,0,,8230.416
2018-02-06 00:00:00+00:00,59.91,60.36,76.43515,40.238037,1.4142857,0.5221238938053098,-10.0,8632.114138003588,0.0,8622.114138003588,0,,8210.014
2018-02-07 00:00:00+00:00,60.14,59.69,76.33395,32.997475,1.5042858,0.5221238938053098,-10.0,8536.29669226013,0.0,8526.29669226013,0,,8118.8813
2018-02-08 00:00:00+00:00,59.5,58.07,76.2277,24.830685,1.5307146,0.5221238938053098,-10.0,8304.619891594057,0.0,8294.619891594057,0,,7898.533
2018-02-09 00:00:00+00:00,58.48,58.94,76.11395,15.38459,1.5671431,0.5221238938053098,-10.0,8429.038593018162,0.0,8419.038593018162,0,,8016.868
2018-02-12 00:00:00+00:00,59.05,60.06,76.0077,26.119373,1.6292856,0.5221238938053098,-10.0,8589.21087283878,0.0,8579.21087283878,0,,8169.208
2018-02-13 00:00:00+00:00,59.66,60.17,75.90625,37.176163,1.6850001,0.5221238938053098,-10.0,8604.941259410594,0.0,8594.941259410594,0,,8184.1694
2018-02-14 00:00:00+00:00,59.82,59.24,75.80725,39.786358,1.7157141,0.5632183908045977,-10.0,8471.942082257543,0.0,8461.942082257543,0,,8057.6733
2018-02-15 00:00:00+00:00,59.73,60.09,75.70725,29.442272,1.7264284,0.5221238938053098,-10.0,8593.500791979915,0.0,8583.500791979915,0,,8173.288
2018-02-16 00:00:00+00:00,60.04,61.05,75.61215,36.075195,1.7028571,0.5221238938053098,-10.0,8730.791173845271,0.0,8720.791173845271,0,,8303.865
2018-02-20 00:00:00+00:00,60.81,60.31,75.5233,42.781307,1.6842855,0.5221238938053098,-10.0,8624.963502966315,0.0,8614.963502966315,0,,8203.213
2018-02-21 00:00:00+00:00,60.35,59.09,75.42595,39.12611,1.7135713,0.5221238938053098,-10.0,8450.49029993366,0.0,8440.49029993366,0,,8037.271
2018-02-22 00:00:00+00:00,59.33,59.74,75.3229,34.72468,1.7149999,0.5632183908045977,-10.0,8543.44701491148,0.0,8533.44701491148,0,,8125.6816
2018-02-23 00:00:00+00:00,62.0,62.17,75.2236,41.00719,1.3785714,0.5632183908045977,-10.0,8890.962283247663,0.0,8880.962283247663,0,,8456.204
2018-02-26 00:00:00+00:00,62.07,61.62,75.1368,52.12528,1.5235713,0.5221238938053098,-10.0,8812.306605513857,0.0,8802.306605513857,0,,8381.395
2018-02-27 00:00:00+00:00,61.59,60.85,75.0497,54.312363,1.4692857,0.5632183908045977,-10.0,8702.188595295345,0.0,8692.188595295345,0,,8276.661
2018-02-28 00:00:00+00:00,61.12,60.59,74.9611,51.816154,1.4499997,0.5221238938053098,-10.0,8665.006240996889,0.0,8655.006240996889,0,,8241.297
2018-03-01 00:00:00+00:00,60.65,60.78,74.87015,53.440376,1.4199995,0.5221238938053098,-10.0,8692.177970700961,0.0,8682.177970700961,0,,8267.14
2018-03-02 00:00:00+00:00,60.71,59.59,74.78045,61.630913,1.4007138,0.5221238938053098,-10.0,8521.995430554854,0.0,8511.995430554854,0,,8105.2793
2018-03-05 00:00:00+00:00,59.41,60.67,74.68905,52.71513,1.4442853,0.5221238938053098,-10.0,8676.446926355942,0.0,8666.446926355942,0,,8252.179
2018-03-06 00:00:00+00:00,60.49,60.07,74.60445,52.556572,1.4464281,0.5632183908045977,-10.0,8590.640830900411,0.0,8580.640830900411,0,,8170.5684
2018-03-07 00:00:00+00:00,60.21,59.11,74.515,49.597427,1.4585711,0.5632183908045977,-10.0,8453.351080272972,0.0,8443.351080272972,0,,8039.9917
2018-03-08 00:00:00+00:00,59.02,59.56,74.41955,49.477905,1.5178568,0.5221238938053098,-10.0,8517.705965694771,0.0,8507.705965694771,0,,8101.1997
2018-03-09 00:00:00+00:00,59.51,59.38,74.3228,47.80083,1.5199996,0.5833333333333334,-10.0,8491.963806609225,0.0,8481.963806609225,0,,8076.717
2018-03-12 00:00:00+00:00,59.28,60.2,74.2256,42.59095,1.4728571,0.5632183908045977,-10.0,8609.232080358746,0.0,8599.232080358746,0,,8188.2505
2018-03-13 00:00:00+00:00,59.9,62.06,74.1305,49.515415,1.469286,0.5221238938053098,-10.0,8875.23170726748,0.0,8865.23170726748,0,,8441.243
2018-03-14 00:00:00+00:00,62.42,63.81,74.041046,62.385338,1.6278572,0.5221238938053098,-10.0,9125.49975643932,0.0,9115.49975643932,0,,8679.273
2018-03-15 00:00:00+00:00,63.82,64.0,73.9603,65.546234,1.7207143,0.5221238938053098,-10.0,9152.671932432802,0.0,9142.671932432802,0,,8705.116
2018-03-16 00:00:00+00:00,64.17,65.15,73.87695,58.433197,1.6021426,0.5221238938053098,-10.0,9317.134224435407,0.0,9307.134224435407,0,,8861.537
2018-03-19 00:00:00+00:00,65.08,64.03,73.79485,65.41487,1.64,0.5221238938053098,-10.0,9156.962326077692,0.0,9146.962326077692,0,,8709.197
2018-03-20 00:00:00+00:00,64.1,62.74,73.70425,63.474583,1.6214284,0.5221238938053098,-10.0,8972.478955001672,0.0,8962.478955001672,0,,8533.734
2018-03-21 00:00:00+00:00,62.78,61.93,73.6079,58.37881,1.7007141,0.5632183908045977,-10.0,8856.640432440341,0.0,8846.640432440341,0,,8423.561
2018-03-22 00:00:00+00:00,61.89,62.92,73.50835,54.2751,1.6885713,0.6666666666666666,-10.0,8998.220271277653,0.0,8988.220271277653,0,,8558.218
2018-03-23 00:00:00+00:00,63.06,62.16,73.4154,62.566032,1.6800001,0.5221238938053098,-10.0,8889.532373371698,0.0,8879.532373371698,0,,8454.845
2018-03-26 00:00:00+00:00,62.41,62.01,73.31705,55.761803,1.6685712,0.5632183908045977,-10.0,8868.080565892535,0.0,8858.080565892535,0,,8434.441
2018-03-27 00:00:00+00:00,62.01,63.15,73.22,57.77243,1.6585712,0.5221238938053098,-10.0,9031.11329417246,0.0,9021.11329417246,0,,8589.503
2018-03-28 00:00:00+00:00,63.0,63.07,73.1293,65.955765,1.6749995,0.5221238938053098,-10.0,9019.67234461597,0.0,9009.67234461597,0,,8578.621
2018-03-29 00:00:00+00:00,63.04,63.66,73.0425,64.27989,1.6749998,0.5221238938053098,-10.0,9104.048768916527,0.0,9094.048768916527,0,,8658.872
2018-04-02 00:00:00+00:00,63.79,63.1,72.9593,66.85038,1.6914283,0.5221238938053098,-10.0,9023.96271425999,0.0,9013.96271425999,0,,8582.702
2018-04-03 00:00:00+00:00,63.03,63.11,72.8704,61.655933,1.7157137,0.5221238938053098,-10.0,9025.393448704843,0.0,9015.393448704843,0,,8584.0625
2018-04-04 00:00:00+00:00,62.98,63.09,72.77605,54.9575,1.5407137,0.5221238938053098,-10.0,9022.533140000063,0.0,9012.533140000063,0,,8581.342
2018-04-05 00:00:00+00:00,63.16,63.66,72.6806,45.93679,1.4328567,0.5632183908045977,-10.0,9104.04949696268,0.0,9094.04949696268,0,,8658.872
2018-04-06 00:00:00+00:00,63.7,63.38,72.5894,48.160175,1.4428569,0.5221238938053098,-10.0,9064.006737754009,0.0,9054.006737754009,0,,8620.787
2018-04-09 00:00:00+00:00,63.23,63.46,72.4974,39.42653,1.3964282,0.5221238938053098,-10.0,9075.447217907491,0.0,9065.447217907491,0,,8631.668
2018-04-10 00:00:00+00:00,63.38,62.87,72.40745,46.111874,1.3485715,0.5221238938053098,-10.0,8991.07104175905,0.0,8981.07104175905,0,,8551.418
2018-04-11 00:00:00+00:00,62.79,63.11,72.31735,50.98037,1.272143,0.5221238938053098,-10.0,9025.393907718486,0.0,9015.393907718486,0,,8584.062
2018-04-12 00:00:00+00:00,63.13,62.84,72.23275,59.73597,1.2242857,0.5221238938053098,-10.0,8986.781083128619,0.0,8976.781083128619,0,,8547.337
2018-04-13 00:00:00+00:00,63.0,63.44,72.1446,49.250957,1.1414288,0.5221238938053098,-10.0,9072.587480429956,0.0,9062.587480429956,0,,8628.947
2018-04-16 00:00:00+00:00,63.63,64.45,72.0665,62.355183,1.0985718,0.5221238938053098,-10.0,9217.027789310632,0.0,9207.027789310632,0,,8766.325
2018-04-17 00:00:00+00:00,64.63,65.22,71.9983,70.19865,1.123572,0.5221238938053098,-10.0,9327.146147692916,0.0,9317.146147692916,0,,8871.059
2018-04-18 00:00:00+00:00,65.29,64.79,71.9336,68.253944,1.0728575,0.5221238938053098,-10.0,9265.651820097995,0.0,9255.651820097995,0,,8812.571
2018-04-19 00:00:00+00:00,64.65,64.62,71.8666,64.28571,1.0785716,0.5221238938053098,-10.0,9241.34008334903,0.0,9231.34008334903,0,,8789.449
2018-04-20 00:00:00+00:00,64.82,64.12,71.8038,58.57145,1.0814288,0.5221238938053098,-10.0,9169.835054053356,0.0,9159.835054053356,0,,8721.44
2018-04-23 00:00:00+00:00,64.17,64.0,71.73995,59.205814,1.0464287,0.5221238938053098,-10.0,9152.67346712128,0.0,9142.67346712128,0,,8705.118
2018-04-24 00:00:00+00:00,64.27,64.77,71.6766,57.8761,1.0028572,0.5221238938053098,-10.0,9262.791089695755,0.0,9252.791089695755,0,,8809.852
2018-04-25 00:00:00+00:00,64.72,64.84,71.6163,63.124977,1.115,0.41025641025641024,-10.0,9272.801864310468,0.0,9262.801864310468,0,,8819.373
2018-04-26 00:00:00+00:00,64.89,65.22,71.5583,59.999973,1.0857143,0.5221238938053098,-10.0,9327.146847179509,0.0,9317.146847179509,0,,8871.06
2018-04-27 00:00:00+00:00,65.02,65.79,71.50165,65.33333,1.1057142,0.5221238938053098,-10.0,9408.662292508134,0.0,9398.662292508134,0,,8948.59
2018-04-30 00:00:00+00:00,66.0,65.52,71.44765,67.95069,1.1171428,0.5221238938053098,-10.0,9370.0489711151,0.0,9360.0489711151,0,,8911.864
2018-05-01 00:00:00+00:00,65.61,65.52,71.387596,71.47482,1.0907141,0.5221238938053098,-10.0,9370.0489711151,0.0,9360.0489711151,0,,8911.864
2018-05-02 00:00:00+00:00,63.55,63.63,71.32795,70.32034,1.0942854,0.5221238938053098,-10.0,9099.759741369597,0.0,9089.759741369597,0,,8654.792
2018-05-03 00:00:00+00:00,63.46,63.22,71.2569,55.231792,1.1864278,0.5221238938053098,-10.0,9041.125434755137,0.0,9031.125434755137,0,,8599.024
2018-05-04 00:00:00+00:00,63.43,63.69,71.1837,48.505455,1.1957136,0.5221238938053098,-10.0,9108.340489578663,0.0,9098.340489578663,0,,8662.953
2018-05-07 00:00:00+00:00,63.55,63.09,71.1118,44.42817,1.1542846,0.5221238938053098,-10.0,9022.5341537087,0.0,9012.5341537087,0,,8581.342
2018-05-08 00:00:00+00:00,62.77,61.11,71.035,33.984947,1.1121423,0.5221238938053098,-10.0,8739.373171992751,0.0,8729.373171992751,0,,8312.027
2018-05-09 00:00:00+00:00,61.04,60.42,70.94565,27.560965,1.194285,0.5221238938053098,-10.0,8640.695631126418,0.0,8630.695631126418,0,,8218.175
2018-05-10 00:00:00+00:00,60.99,61.71,70.85535,25.917408,1.1942847,0.5221238938053098,-10.0,8825.178828842938,0.0,8815.178828842938,0,,8393.638
2018-05-11 00:00:00+00:00,61.94,62.29,70.77195,37.32911,1.2171421,0.5221238938053098,-10.0,8908.12507861435,0.0,8898.12507861435,0,,8472.528
2018-05-14 00:00:00+00:00,62.18,62.33,70.68885,41.42428,1.2192851,0.5632183908045977,-10.0,8913.845702321942,0.0,8903.845702321942,0,,8477.969
2018-05-15 00:00:00+00:00,61.96,61.55,70.6044,36.796574,1.0664278,0.5221238938053098,-10.0,8802.297348945065,0.0,8792.297348945065,0,,8371.875
2018-05-16 00:00:00+00:00,61.68,61.42,70.5209,33.467365,1.0749995,0.5221238938053098,-10.0,8783.705574907155,0.0,8773.705574907155,0,,8354.191
2018-05-17 00:00:00+00:00,61.47,61.22,70.4346,30.412365,1.0392854,0.5221238938053098,-10.0,8755.10405749466,0.0,8745.10405749466,0,,8326.989
2018-05-18 00:00:00+00:00,61.23,61.25,70.3463,25.509117,1.0207138,0.5632183908045977,-10.0,8759.394665993754,0.0,8749.394665993754,0,,8331.069
2018-05-21 00:00:00+00:00,61.42,61.57,70.25885,26.512661,1.0478567,0.5221238938053098,-10.0,8805.15782844357,0.0,8795.15782844357,0,,8374.595
2018-05-22 00:00:00+00:00,61.62,61.88,70.1695,29.011698,1.0607141,0.5221238938053098,-10.0,8849.491124985994,0.0,8839.491124985994,0,,8416.76
2018-05-23 00:00:00+00:00,61.97,62.35,70.08245,38.825035,0.9485716,0.5221238938053098,-10.0,8916.705670896037,0.0,8906.705670896037,0,,8480.6875
2018-05-24 00:00:00+00:00,62.18,62.62,69.997,44.486675,0.92071426,0.5221238938053098,-10.0,8955.318543282132,0.0,8945.318543282132,0,,8517.412
2018-05-25 00:00:00+00:00,62.73,62.98,69.91115,43.042915,0.9221431,0.5221238938053098,-10.0,9006.802554940363,0.0,8996.802554940363,0,,8566.379
2018-05-29 00:00:00+00:00,62.61,62.29,69.8288,49.26174,0.9314286,0.5221238938053098,-10.0,8908.125732515327,0.0,8898.125732515327,0,,8472.527
2018-05-30 00:00:00+00:00,61.94,62.27,69.7419,59.57792,0.84642875,0.5221238938053098,-10.0,8905.265420451571,0.0,8895.265420451571,0,,8469.807
2018-05-31 00:00:00+00:00,62.3,62.16,69.6556,66.84883,0.8671431,0.5221238938053098,-10.0,8889.534243642145,0.0,8879.534243642145,0,,8454.845
2018-06-01 00:00:00+00:00,62.04,60.84,69.5638,55.220425,0.8335713,0.5221238938053098,-10.0,8700.760311567532,0.0,8690.760311567532,0,,8275.302
2018-06-04 00:00:00+00:00,61.09,60.99,69.4684,35.643555,0.8935713,0.5221238938053098,-10.0,8722.211918885914,0.0,8712.211918885914,0,,8295.705
2018-06-05 00:00:00+00:00,60.93,60.6,69.3745,37.015503,0.91000015,0.5221238938053098,-10.0,8666.43716690717,0.0,8656.43716690717,0,,8242.657
2018-06-06 00:00:00+00:00,60.63,58.9,69.28245,40.041924,0.8985713,0.5221238938053098,-10.0,8423.319795509355,0.0,8413.319795509355,0,,8011.428
2018-06-07 00:00:00+00:00,58.95,59.72,69.18225,30.126198,0.9914284,0.5221238938053098,-10.0,8540.58804815849,0.0,8530.58804815849,0,,8122.962
2018-06-08 00:00:00+00:00,59.82,59.61,69.08195,39.224136,1.0571425,0.5221238938053098,-10.0,8524.856606633732,0.0,8514.856606633732,0,,8108.0
2018-06-11 00:00:00+00:00,58.89,58.94,68.9795,38.35228,1.0228568,0.5221238938053098,-10.0,8429.039204030933,0.0,8419.039204030933,0,,8016.868
2018-06-12 00:00:00+00:00,58.95,59.53,68.87255,32.205685,1.0392854,0.5221238938053098,-10.0,8513.414925366544,0.0,8503.414925366544,0,,8097.118
2018-06-13 00:00:00+00:00,59.54,59.49,68.7692,34.68056,1.0542853,0.5221238938053098,-10.0,8507.695072141865,0.0,8497.695072141865,0,,8091.678
2018-06-14 00:00:00+00:00,59.7,60.2,68.6629,30.248646,1.0635713,0.5221238938053098,-10.0,8609.232347437428,0.0,8599.232347437428,0,,8188.25
2018-06-15 00:00:00+00:00,60.27,60.44,68.5596,34.244804,1.0642859,0.5221238938053098,-10.0,8643.554914113014,0.0,8633.554914113014,0,,8220.895
2018-06-18 00:00:00+00:00,60.19,60.49,68.45955,33.201046,1.0650003,0.5221238938053098,-10.0,8650.705834874116,0.0,8640.705834874116,0,,8227.696
2018-06-19 00:00:00+00:00,60.49,60.57,68.3605,36.99423,1.0435717,0.5221238938053098,-10.0,8662.146461320373,0.0,8652.146461320373,0,,8238.577
2018-06-20 00:00:00+00:00,60.8,60.45,68.26245,37.822342,1.031429,0.5221238938053098,-10.0,8644.985543556582,0.0,8634.985543556582,0,,8222.256
2018-06-21 00:00:00+00:00,60.35,60.67,68.1649,37.76824,1.0085722,0.5632183908045977,-10.0,8676.44758870868,0.0,8666.44758870868,0,,8252.179
2018-06-22 00:00:00+00:00,60.82,61.7,68.06695,48.556858,0.9542866,0.5221238938053098,-10.0,8823.749296375308,0.0,8813.749296375308,0,,8392.278
2018-06-25 00:00:00+00:00,61.69,62.31,67.9777,55.243717,0.990715,0.5221238938053098,-10.0,8910.985322202905,0.0,8900.985322202905,0,,8475.248
2018-06-26 00:00:00+00:00,62.11,62.62,67.8884,62.231792,0.99142945,0.41025641025641024,-10.0,8955.318191427074,0.0,8945.318191427074,0,,8517.413
2018-06-27 00:00:00+00:00,62.49,62.91,67.7978,83.214294,0.918572,0.5221238938053098,-10.0,8996.791717954806,0.0,8986.791717954806,0,,8556.859
2018-06-28 00:00:00+00:00,63.07,63.48,67.7049,81.45958,0.8514293,0.41025641025641024,-10.0,9078.307167779514,0.0,9068.307167779514,0,,8634.389
2018-06-29 00:00:00+00:00,62.87,63.27,67.6186,84.99098,0.86857224,0.5221238938053098,-10.0,9048.275061968936,0.0,9038.275061968936,0,,8605.825
2018-07-02 00:00:00+00:00,63.24,63.85,67.53005,92.702255,0.87428635,0.5221238938053098,-10.0,9131.221279504713,0.0,9121.221279504713,0,,8684.715
2018-07-03 00:00:00+00:00,63.83,64.38,67.44415,92.68783,0.88357216,0.5221238938053098,-10.0,9207.016461364825,0.0,9197.016461364825,0,,8756.804
2018-07-05 00:00:00+00:00,64.5,65.28,67.36005,94.05408,0.9207148,0.5221238938053098,-10.0,9335.726446788842,0.0,9325.726446788842,0,,8879.22
2018-07-06 00:00:00+00:00,65.33,66.26,67.2837,94.2509,0.9435719,0.5221238938053098,-10.0,9475.876839189705,0.0,9465.876839189705,0,,9012.518
2018-07-09 00:00:00+00:00,66.26,64.47,67.21645,94.90744,0.96928626,0.5221238938053098,-10.0,9219.88799768844,0.0,9209.88799768844,0,,8769.046
2018-07-10 00:00:00+00:00,63.86,64.99,67.14335,74.20925,1.0592861,0.5632183908045977,-10.0,9294.25285320721,0.0,9284.25285320721,0,,8839.774
2018-07-11 00:00:00+00:00,65.28,65.68,67.075,75.51963,1.096429,0.5632183908045977,-10.0,9392.930100685258,0.0,9382.930100685258,0,,8933.627
2018-07-12 00:00:00+00:00,65.64,65.67,67.012,78.33153,1.1178576,0.5221238938053098,-10.0,9391.499652605717,0.0,9381.499652605717,0,,8932.267
2018-07-13 00:00:00+00:00,65.72,65.64,66.944,77.71617,1.109286,0.5221238938053098,-10.0,9387.209521672337,0.0,9377.209521672337,0,,8928.186
2018-07-16 00:00:00+00:00,65.42,65.66,66.87645,74.56358,1.0600005,0.5632183908045977,-10.0,9390.06979450156,0.0,9380.06979450156,0,,8930.906
2018-07-17 00:00:00+00:00,65.41,65.55,66.81435,72.54375,1.0528578,0.5632183908045977,-10.0,9374.3385377952,0.0,9364.3385377952,0,,8915.944
2018-07-18 00:00:00+00:00,65.49,65.19,66.75425,70.2628,1.0235718,0.5632183908045977,-10.0,9322.854933312046,0.0,9312.854933312046,0,,8866.978
2018-07-19 00:00:00+00:00,65.26,65.83,66.69435,65.61644,1.0300004,0.5632183908045977,-10.0,9414.381884867407,0.0,9404.381884867407,0,,8954.029
2018-07-20 00:00:00+00:00,65.54,65.06,66.6385,65.943016,1.0528573,0.5632183908045977,-10.0,9304.263035860024,0.0,9294.263035860024,0,,8849.295
2018-07-23 00:00:00+00:00,65.15,65.05,66.57875,61.28622,1.0592859,0.5221238938053098,-10.0,9302.833890175578,0.0,9292.833890175578,0,,8847.936
2018-07-24 00:00:00+00:00,64.95,66.06,66.51475,58.152195,1.047857,0.5221238938053098,-10.0,9447.273539760577,0.0,9437.273539760577,0,,8985.3125
2018-07-25 00:00:00+00:00,66.09,66.83,66.45665,60.714283,1.1407144,0.5221238938053098,-10.0,9557.392520102041,0.0,9547.392520102041,0,,9090.047
2018-07-26 00:00:00+00:00,67.4,68.04,66.4027,60.05189,1.1578571,0.5221238938053098,-10.0,9730.435095621795,0.0,9720.435095621795,0,,9254.628
2018-07-27 00:00:00+00:00,67.57,66.51,66.35515,61.209057,1.1821425,0.41025641025641024,-10.0,9511.62927012907,0.0,9501.62927012907,0,,9046.521
2018-07-30 00:00:00+00:00,66.55,65.68,66.295,63.281254,1.1807137,0.41025641025641024,-10.0,9392.930177940136,0.0,9382.930177940136,0,,8933.626
2018-07-31 00:00:00+00:00,66.01,66.63,66.2313,54.31791,1.1628565,0.41025641025641024,-10.0,9528.789714740522,0.0,9518.789714740522,0,,9062.843
2018-08-01 00:00:00+00:00,66.12,66.08,66.16615,55.757557,1.1778564,0.5221238938053098,-10.0,9450.13462075918,0.0,9440.13462075918,0,,8988.033
2018-08-02 00:00:00+00:00,66.05,66.21,66.1066,52.33222,1.2478561,0.5221238938053098,-10.0,9468.725973656632,0.0,9458.725973656632,0,,9005.716
2018-08-03 00:00:00+00:00,66.37,67.02,66.04945,53.20585,1.26857,0.5221238938053098,-10.0,9584.56384977631,0.0,9574.56384977631,0,,9115.89
2018-08-06 00:00:00+00:00,67.12,67.47,65.99655,57.02477,1.2871416,0.5221238938053098,-10.0,9648.919051359058,0.0,9638.919051359058,0,,9177.098
2018-08-07 00:00:00+00:00,67.54,67.53,65.94465,59.58084,1.2949992,0.5221238938053098,-10.0,9657.499847615498,0.0,9647.499847615498,0,,9185.259
2018-08-08 00:00:00+00:00,67.14,67.29,65.88495,62.037037,1.3199991,0.5221238938053098,-10.0,9623.177798688306,0.0,9613.177798688306,0,,9152.615
2018-08-09 00:00:00+00:00,67.24,67.42,65.8234,57.832626,1.2957132,0.5221238938053098,-10.0,9641.768871176799,0.0,9631.768871176799,0,,9170.297
2018-08-10 00:00:00+00:00,67.39,66.63,65.76045,63.59451,1.2578561,0.41025641025641024,-10.0,9528.790311407658,0.0,9518.790311407658,0,,9062.843
2018-08-13 00:00:00+00:00,66.63,66.84,65.69425,58.350937,1.277856,0.5221238938053098,-10.0,9558.82290883542,0.0,9548.82290883542,0,,9091.406
2018-08-14 00:00:00+00:00,66.59,66.98,65.6334,54.503464,1.1299989,0.41025641025641024,-10.0,9578.845071908381,0.0,9568.845071908381,0,,9110.449
2018-08-15 00:00:00+00:00,67.23,68.15,65.57465,50.93401,1.0814275,0.5221238938053098,-10.0,9746.166962170963,0.0,9736.166962170963,0,,9269.59
2018-08-16 00:00:00+00:00,67.94,69.32,65.51805,50.688366,1.0735703,0.5221238938053098,-10.0,9913.488433749686,0.0,9903.488433749686,0,,9428.7295
2018-08-17 00:00:00+00:00,69.34,69.88,65.4667,68.41416,1.0764275,0.41025641025641024,-10.0,9993.574113124609,0.0,9983.574113124609,0,,9504.898
2018-08-20 00:00:00+00:00,69.92,69.21,65.41635,78.532646,1.0878563,0.5221238938053098,-10.0,9897.757479952877,0.0,9887.757479952877,0,,9413.768
2018-08-21 00:00:00+00:00,69.0,68.93,65.367,68.22038,1.1307138,0.41025641025641024,-10.0,9857.714466323452,0.0,9847.714466323452,0,,9375.683
2018-08-22 00:00:00+00:00,68.98,67.96,65.3163,70.92513,1.0592853,0.41025641025641024,-10.0,9718.994348426793,0.0,9708.994348426793,0,,9243.746
2018-08-23 00:00:00+00:00,68.07,67.56,65.2585,61.437916,1.0964285,0.5221238938053098,-10.0,9661.789907957143,0.0,9651.789907957143,0,,9189.339
2018-08-24 00:00:00+00:00,67.55,67.44,65.20205,53.72929,1.0921423,0.5221238938053098,-10.0,9644.629610582579,0.0,9634.629610582579,0,,9173.018
2018-08-27 00:00:00+00:00,67.97,67.58,65.14225,49.782932,1.1499994,0.5221238938053098,-10.0,9664.650999117921,0.0,9654.650999117921,0,,9192.061
2018-08-28 00:00:00+00:00,67.42,67.55,65.07915,50.357677,1.1357138,0.5221238938053098,-10.0,9660.36109452407,0.0,9650.36109452407,0,,9187.98
2018-08-29 00:00:00+00:00,67.83,67.2,65.0152,51.917423,1.1242856,0.5221238938053098,-10.0,9610.306592636094,0.0,9600.306592636094,0,,9140.373
2018-08-30 00:00:00+00:00,67.37,66.43,64.9509,48.428562,1.1614287,0.5221238938053098,-10.0,9500.189030893122,0.0,9490.189030893122,0,,9035.641
2018-08-31 00:00:00+00:00,66.48,65.73,64.87755,48.567356,1.1764292,0.5221238938053098,-10.0,9400.081872566405,0.0,9390.081872566405,0,,8940.429
2018-09-04 00:00:00+00:00,65.85,66.75,64.793,42.57032,1.2657149,0.5221238938053098,-10.0,9545.951873605845,0.0,9535.951873605845,0,,9079.165
2018-09-05 00:00:00+00:00,66.79,67.3,64.71755,48.62273,1.3314291,0.5221238938053098,-10.0,9624.608093267514,0.0,9614.608093267514,0,,9153.976
2018-09-06 00:00:00+00:00,67.4,67.47,64.6453,44.50194,1.279286,0.5221238938053098,-10.0,9648.919137589557,0.0,9638.919137589557,0,,9177.098
2018-09-07 00:00:00+00:00,66.92,66.66,64.5782,36.255558,1.1778575,0.5221238938053098,-10.0,9533.081262694366,0.0,9523.081262694366,0,,9066.924
2018-09-10 00:00:00+00:00,66.98,67.1,64.50935,26.934105,1.144286,0.41025641025641024,-10.0,9596.005493927412,0.0,9586.005493927412,0,,9126.771
2018-09-11 00:00:00+00:00,67.23,67.56,64.44375,34.37033,1.077143,0.5632183908045977,-10.0,9661.789648812142,0.0,9651.789648812142,0,,9189.339
2018-09-12 00:00:00+00:00,67.56,67.78,64.3808,40.1154,1.0692863,0.5221238938053098,-10.0,9693.252688667695,0.0,9683.252688667695,0,,9219.264
2018-09-13 00:00:00+00:00,67.83,68.41,64.31695,48.543682,1.0228577,0.5221238938053098,-10.0,9783.350188203745,0.0,9773.350188203745,0,,9304.955
2018-09-14 00:00:00+00:00,68.34,68.33,64.2549,56.630325,1.0385721,0.5221238938053098,-10.0,9771.909116532941,0.0,9761.909116532941,0,,9294.073
2018-09-17 00:00:00+00:00,68.39,68.43,64.19085,56.98587,0.9892867,0.5212121212121212,-10.0,9786.209457699742,0.0,9776.209457699742,0,,9307.675
2018-09-18 00:00:00+00:00,68.23,68.31,64.12595,56.714054,0.9571441,0.5212121212121212,-10.0,9769.048084295777,0.0,9759.048084295777,0,,9291.353
2018-09-19 00:00:00+00:00,68.39,67.33,64.06115,55.91896,0.962144,0.4117647058823529,-10.0,9628.898374566985,0.0,9618.898374566985,0,,9158.057
2018-09-20 00:00:00+00:00,67.31,67.82,63.994,50.922024,0.9842867,0.5212121212121212,-10.0,9698.973721617287,0.0,9688.973721617287,0,,9224.705
2018-09-21 00:00:00+00:00,67.55,68.36,63.9318,60.265892,0.967144,0.5212121212121212,-10.0,9776.199150772429,0.0,9766.199150772429,0,,9298.154
2018-09-24 00:00:00+00:00,68.05,67.66,63.9236,69.8941,1.0057155,0.5212121212121212,-10.0,9676.092440022201,0.0,9666.092440022201,0,,9202.942
2018-09-25 00:00:00+00:00,67.59,66.97,63.9183,57.23374,0.9500013,0.5212121212121212,-10.0,9577.41510070526,0.0,9567.41510070526,0,,9109.09
2018-09-26 00:00:00+00:00,67.09,66.81,63.8943,47.433887,0.96571624,0.5212121212121212,-10.0,9554.532811599805,0.0,9544.532811599805,0,,9087.326
2018-09-27 00:00:00+00:00,66.35,66.66,63.86935,44.859783,0.9692879,0.5212121212121212,-10.0,9533.08223047349,0.0,9523.08223047349,0,,9066.925
2018-09-28 00:00:00+00:00,66.83,67.68,63.83775,50.0,0.9635729,0.5212121212121212,-10.0,9678.952363985405,0.0,9668.952363985405,0,,9205.662
2018-10-01 00:00:00+00:00,67.76,67.55,63.833252,54.57415,0.9921439,0.5212121212121212,-10.0,9660.361422560472,0.0,9650.361422560472,0,,9187.98
2018-10-02 00:00:00+00:00,67.52,68.72,63.822,49.91685,1.0007155,0.5212121212121212,-10.0,9827.683845171105,0.0,9817.683845171105,0,,9347.121
2018-10-03 00:00:00+00:00,68.65,68.44,63.81915,56.7529,1.0485731,0.5212121212121212,-10.0,9787.640810619243,0.0,9777.640810619243,0,,9309.036
2018-10-04 00:00:00+00:00,68.09,68.69,63.8128,50.22692,1.0435731,0.5212121212121212,-10.0,9823.393213129766,0.0,9813.393213129766,0,,9343.04
2018-10-05 00:00:00+00:00,68.81,69.3,63.8015,52.654877,1.0900012,0.5212121212121212,-10.0,9910.629817511817,0.0,9900.629817511817,0,,9426.011
2018-10-08 00:00:00+00:00,69.59,69.93,63.79875,55.96711,1.1250006,0.5212121212121212,-10.0,10000.726366293624,0.0,9990.726366293624,0,,9511.702
2018-10-09 00:00:00+00:00,70.0,70.45,63.8069,60.38466,1.1621437,0.5212121212121212,-10.0,10075.090946036806,0.0,10065.090946036806,0,,9582.43
2018-10-10 00:00:00+00:00,70.32,70.08,63.8426,71.253426,1.1435721,0.5212121212121212,-10.0,10022.177732459702,0.0,10012.177732459702,0,,9532.1045
2018-10-11 00:00:00+00:00,69.51,68.41,63.86685,65.65103,1.1278572,0.5212121212121212,-10.0,9783.350466049134,0.0,9773.350466049134,0,,9304.955
2018-10-12 00:00:00+00:00,68.57,68.65,63.8887,50.29942,1.1357144,0.5212121212121212,-10.0,9817.67251577006,0.0,9807.67251577006,0,,9337.599
2018-10-15 00:00:00+00:00,68.78,68.88,63.90995,56.27377,1.1414288,0.5212121212121212,-10.0,9850.56425041581,0.0,9840.56425041581,0,,9368.882
2018-10-16 00:00:00+00:00,68.79,69.53,63.93465,62.853325,1.1214284,0.5212121212121212,-10.0,9943.521331808475,0.0,9933.521331808475,0,,9457.294
2018-10-17 00:00:00+00:00,69.25,69.58,63.9661,67.1718,1.1621426,0.5212121212121212,-10.0,9950.67260937381,0.0,9940.67260937381,0,,9464.096
2018-10-18 00:00:00+00:00,69.6,69.54,63.99775,68.67012,1.1507143,0.4117647058823529,-10.0,9944.952099050917,0.0,9934.952099050917,0,,9458.654
2018-10-19 00:00:00+00:00,69.56,70.31,64.0317,63.596535,1.134286,0.5212121212121212,-10.0,10055.070115737397,0.0,10045.070115737397,0,,9563.388
2018-10-22 00:00:00+00:00,70.27,69.86,64.0718,68.44921,1.1528571,0.5212121212121212,-10.0,9990.715978327618,0.0,9980.715978327618,0,,9502.181
2018-10-23 00:00:00+00:00,69.94,69.55,64.1062,58.431973,1.120714,0.5212121212121212,-10.0,9946.383305228663,0.0,9936.383305228663,0,,9460.016
2018-10-24 00:00:00+00:00,69.82,70.54,64.13295,58.173817,1.13,0.5212121212121212,-10.0,10087.963153153865,0.0,10077.963153153865,0,,9594.672
2018-10-25 00:00:00+00:00,70.13,69.46,64.16805,62.284225,1.1457144,0.5212121212121212,-10.0,9933.51173336758,0.0,9923.51173336758,0,,9447.773
2018-10-26 00:00:00+00:00,69.71,68.17,64.20115,50.999977,1.1664293,0.5212121212121212,-10.0,9749.02800734715,0.0,9739.02800734715,0,,9272.311
2018-10-29 00:00:00+00:00,68.36,69.11,64.2304,39.838303,1.2671432,0.5212121212121212,-10.0,9883.457917367721,0.0,9873.457917367721,0,,9400.167
2018-10-30 00:00:00+00:00,69.55,69.53,64.26885,42.621155,1.2921431,0.5212121212121212,-10.0,9943.522553196146,0.0,9933.522553196146,0,,9457.294
2018-10-31 00:00:00+00:00,68.25,69.39,64.30985,46.98793,1.3335718,0.5212121212121212,-10.0,9923.501225738151,0.0,9913.501225738151,0,,9438.252
2018-11-01 00:00:00+00:00,69.35,68.19,64.34825,56.44735,1.3678572,0.5212121212121212,-10.0,9751.88903005968,0.0,9741.88903005968,0,,9275.031
2018-11-02 00:00:00+00:00,68.49,67.88,64.3796,47.313087,1.4078571,0.5212121212121212,-10.0,9707.554747662067,0.0,9697.554747662067,0,,9232.865
2018-11-05 00:00:00+00:00,68.22,68.76,64.4084,44.212963,1.4449997,0.5212121212121212,-10.0,9833.404744033693,0.0,9823.404744033693,0,,9352.562
2018-11-06 00:00:00+00:00,68.82,68.94,64.4415,45.659546,1.4421425,0.5212121212121212,-10.0,9859.146984960791,0.0,9849.146984960791,0,,9377.045
2018-11-07 00:00:00+00:00,69.26,69.7,64.476,46.444447,1.4435713,0.5212121212121212,-10.0,9967.834204172994,0.0,9957.834204172994,0,,9480.417
2018-11-08 00:00:00+00:00,69.9,69.41,64.516,50.823025,1.4607141,0.5212121212121212,-10.0,9926.362202444347,0.0,9916.362202444347,0,,9440.973
2018-11-09 00:00:00+00:00,67.75,61.0,64.551,45.129898,1.4628569,0.5212121212121212,-10.0,8723.643032229082,0.0,8713.643032229082,0,,8297.065
2018-11-12 00:00:00+00:00,54.83,53.56,64.5437,24.244179,2.0564284,0.5212121212121212,-10.0,7659.644748630694,0.0,7649.644748630694,0,,7285.095
2018-11-13 00:00:00+00:00,53.02,55.54,64.49945,17.139328,3.0749993,0.5212121212121212,-10.0,7942.80552731449,0.0,7932.80552731449,0,,7554.41
2018-11-14 00:00:00+00:00,52.45,53.87,64.46465,20.379147,3.179285,0.5212121212121212,-10.0,7703.977619851375,0.0,7693.977619851375,0,,7327.2603
2018-11-15 00:00:00+00:00,53.31,47.19,64.42135,19.91509,3.3442848,0.5212121212121212,-10.0,6748.667305668721,0.0,6738.667305668721,0,,6418.664
2018-11-16 00:00:00+00:00,52.86,54.45,64.3486,16.485622,3.672142,0.5212121212121212,-10.0,7786.92375234823,0.0,7776.92375234823,0,,7406.151
2018-11-19 00:00:00+00:00,53.77,53.91,64.31285,30.515682,4.118571,0.4117647058823529,-10.0,7709.697882724914,0.0,7699.697882724914,0,,7332.701
2018-11-20 00:00:00+00:00,54.04,52.78,64.279854,29.305779,4.1628566,0.5212121212121212,-10.0,7548.095927672988,0.0,7538.095927672988,0,,7179.0015
2018-11-21 00:00:00+00:00,53.1,53.59,64.24195,28.556675,4.1049995,0.5212121212121212,-10.0,7663.934785983779,0.0,7653.934785983779,0,,7289.176
2018-11-23 00:00:00+00:00,53.39,53.25,64.21145,30.959833,4.0985713,0.5212121212121212,-10.0,7615.310973163793,0.0,7605.310973163793,0,,7242.93
2018-11-26 00:00:00+00:00,53.1,53.99,64.18735,30.93563,4.103572,0.5212121212121212,-10.0,7721.138693494222,0.0,7711.138693494222,0,,7343.5825
2018-11-27 00:00:00+00:00,54.05,55.31,64.1626,30.682709,4.1200004,0.5212121212121212,-10.0,7909.912742545604,0.0,7899.912742545604,0,,7523.1255
2018-11-28 00:00:00+00:00,55.58,54.76,64.13885,32.689865,4.202857,0.5212121212121212,-10.0,7831.2563985742845,0.0,7821.2563985742845,0,,7448.315
2018-11-29 00:00:00+00:00,54.68,54.72,64.1118,30.924417,4.242143,0.5212121212121212,-10.0,7825.536485573932,0.0,7815.536485573932,0,,7442.875
2018-11-30 00:00:00+00:00,54.64,55.32,64.0892,31.123106,4.237143,0.5212121212121212,-10.0,7911.342479362543,0.0,7901.342479362543,0,,7524.485
2018-12-03 00:00:00+00:00,55.25,57.0,64.06535,40.868168,3.6485715,0.5212121212121212,-10.0,8151.600495865706,0.0,8141.600495865706,0,,7752.995
2018-12-04 00:00:00+00:00,57.4,57.73,64.0451,56.78768,2.7242858,0.5212121212121212,-10.0,8255.998138009949,0.0,8245.998138009949,0,,7852.288
2018-12-06 00:00:00+00:00,58.07,57.54,64.0322,54.545452,2.5971432,0.5212121212121212,-10.0,8228.826574313782,0.0,8218.826574313782,0,,7826.4453
2018-12-07 00:00:00+00:00,57.7,58.51,64.02445,58.11588,2.486429,0.5212121212121212,-10.0,8367.546020061329,0.0,8357.546020061329,0,,7958.3813
2018-12-10 00:00:00+00:00,58.15,58.84,64.0183,83.49112,2.0842862,0.5212121212121212,-10.0,8414.740227353786,0.0,8404.740227353786,0,,8003.2676
2018-12-11 00:00:00+00:00,58.97,58.89,64.00165,72.016045,1.6771437,0.5212121212121212,-10.0,8421.890432529732,0.0,8411.890432529732,0,,8010.068
2018-12-12 00:00:00+00:00,59.19,59.54,63.988,76.26582,1.6100006,0.5212121212121212,-10.0,8514.84779031161,0.0,8504.84779031161,0,,8098.4795
2018-12-13 00:00:00+00:00,59.44,59.53,63.98145,87.555565,1.5428575,0.5212121212121212,-10.0,8513.417586333007,0.0,8503.417586333007,0,,8097.119
2018-12-14 00:00:00+00:00,59.49,59.64,63.97615,86.2195,1.5185719,0.5212121212121212,-10.0,8529.149217374266,0.0,8519.149217374266,0,,8112.082
2018-12-17 00:00:00+00:00,59.38,58.19,63.97045,90.08782,1.4921434,0.5212121212121212,-10.0,8321.783801186068,0.0,8311.783801186068,0,,7914.8564
2018-12-18 00:00:00+00:00,58.36,57.49,63.96345,74.19353,1.4992864,0.5212121212121212,-10.0,8221.676664798066,0.0,8211.676664798066,0,,7819.645
2018-12-19 00:00:00+00:00,57.4,58.42,63.94755,63.52358,1.5014294,0.5212121212121212,-10.0,8354.676266569075,0.0,8344.676266569075,0,,7946.1406
2018-12-20 00:00:00+00:00,58.33,58.26,63.9393,71.68249,1.5207149,0.5212121212121212,-10.0,8331.794697912357,0.0,8321.794697912357,0,,7924.378
2018-12-21 00:00:00+00:00,58.26,56.18,63.93505,70.67757,1.570715,0.5212121212121212,-10.0,8034.333045862604,0.0,8024.333045862604,0,,7641.462
2018-12-24 00:00:00+00:00,55.99,54.33,63.91815,54.282875,1.743572,0.5212121212121212,-10.0,7769.763762604836,0.0,7759.763762604836,0,,7389.8296
2018-12-26 00:00:00+00:00,54.33,56.2,63.8929,36.924583,1.7135718,0.5212121212121212,-10.0,8037.19357827591,0.0,8027.19357827591,0,,7644.1826
2018-12-27 00:00:00+00:00,55.96,57.0,63.872902,43.25991,1.8314288,0.6341463414634146,-10.0,8151.602228957347,0.0,8141.602228957347,0,,7752.9966
2018-12-28 00:00:00+00:00,56.5,57.23,63.8476,47.74247,1.9800001,0.6591922714883346,-10.0,8184.494883358169,0.0,8174.494883358169,0,,7784.281
2018-12-31 00:00:00+00:00,57.19,56.77,63.8147,44.295902,1.9757143,0.6341463414634146,-10.0,8118.709992735331,0.0,8108.709992735331,0,,7721.7124
2019-01-02 00:00:00+00:00,56.18,56.75,63.77855,40.88105,1.9192854,0.6341463414634146,-10.0,8115.849584025861,0.0,8105.849584025861,0,,7718.992
2019-01-03 00:00:00+00:00,56.58,56.84,63.73655,40.5477,1.9599999,0.5212121212121212,-10.0,8128.720999982583,0.0,8118.720999982583,0,,7731.2344
2019-01-04 00:00:00+00:00,56.8,58.42,63.7006,37.453518,1.9699999,0.6341463414634146,-10.0,8354.677832331517,0.0,8344.677832331517,0,,7946.142
2019-01-07 00:00:00+00:00,56.51,57.34,63.679,45.498775,2.0078568,0.5212121212121212,-10.0,8200.22659248085,0.0,8190.226592480851,0,,7799.243
2019-01-08 00:00:00+00:00,57.04,57.66,63.65605,41.353374,2.1342852,0.5212121212121212,-10.0,8245.990276744913,0.0,8235.990276744913,0,,7842.769
2019-01-09 00:00:00+00:00,57.57,58.4,63.62975,47.822517,2.1264281,0.5212121212121212,-10.0,8351.817944602775,0.0,8341.817944602775,0,,7943.4214
2019-01-10 00:00:00+00:00,58.55,59.34,63.61095,53.726456,2.0971425,0.5212121212121212,-10.0,8486.247776407547,0.0,8476.247776407547,0,,8071.278
2019-01-11 00:00:00+00:00,59.09,59.32,63.5976,53.76433,2.0471425,0.5212121212121212,-10.0,8483.387365527959,0.0,8473.387365527959,0,,8068.5576
2019-01-14 00:00:00+00:00,57.68,58.15,63.57845,54.38743,1.9835712,0.5212121212121212,-10.0,8316.065487083404,0.0,8306.065487083404,0,,7909.417
2019-01-15 00:00:00+00:00,56.16,55.05,63.55385,58.818275,1.8971426,0.5212121212121212,-10.0,7872.732261373436,0.0,7862.732261373436,0,,7487.7627
2019-01-16 00:00:00+00:00,54.76,54.18,63.5108,52.89854,1.9978572,0.5212121212121212,-10.0,7748.313065559923,0.0,7738.313065559923,0,,7369.4272
2019-01-17 00:00:00+00:00,54.34,53.51,63.4662,41.15586,1.9442861,0.5212121212121212,-10.0,7652.49560335256,0.0,7642.49560335256,0,,7278.295
2019-01-18 00:00:00+00:00,53.58,54.88,63.4182,34.54383,1.731429,0.5212121212121212,-10.0,7848.4201397270845,0.0,7838.4201397270845,0,,7464.639
2019-01-22 00:00:00+00:00,54.79,54.21,63.37715,40.54707,1.7392862,0.5212121212121212,-10.0,7752.603002563239,0.0,7742.603002563239,0,,7373.507
2019-01-23 00:00:00+00:00,54.45,54.93,63.3299,39.873413,1.749286,0.5212121212121212,-10.0,7855.570773083758,0.0,7845.570773083758,0,,7471.44
2019-01-24 00:00:00+00:00,54.84,55.14,63.28765,43.178413,1.7042857,0.6341463414634146,-10.0,7885.602949422525,0.0,7875.602949422525,0,,7500.0034
2019-01-25 00:00:00+00:00,54.96,55.43,63.24605,43.68499,1.759286,0.5212121212121212,-10.0,7927.076447352762,0.0,7917.076447352762,0,,7539.449
2019-01-28 00:00:00+00:00,55.42,54.51,63.20885,37.71571,1.8057145,0.5212121212121212,-10.0,7795.506249138333,0.0,7785.506249138333,0,,7414.313
2019-01-29 00:00:00+00:00,54.79,55.18,63.16585,38.218155,1.7171432,0.5212121212121212,-10.0,7891.32325034162,0.0,7881.32325034162,0,,7505.445
2019-01-30 00:00:00+00:00,55.27,55.83,63.12755,39.967648,1.709286,0.5212121212121212,-10.0,7984.2804021101265,0.0,7974.2804021101265,0,,7593.8564
2019-01-31 00:00:00+00:00,55.75,56.97,63.0895,39.527313,1.6864287,0.5212121212121212,-10.0,8147.312388050659,0.0,8137.312388050659,0,,7748.916
2019-02-01 00:00:00+00:00,56.91,56.59,63.0521,40.497208,1.7128571,0.5212121212121212,-10.0,8092.968372487553,0.0,8082.968372487553,0,,7697.2295
2019-02-04 00:00:00+00:00,56.38,56.14,63.00895,39.360886,1.7249998,0.6341463414634146,-10.0,8028.613291375746,0.0,8018.613291375746,0,,7636.0215
2019-02-05 00:00:00+00:00,56.09,56.14,62.9657,41.701077,1.6785711,0.5212121212121212,-10.0,8028.613291375746,0.0,8018.613291375746,0,,7636.0215
2019-02-06 00:00:00+00:00,56.13,55.61,62.9233,56.04883,1.5042852,0.6341463414634146,-10.0,7952.8178791932705,0.0,7942.8178791932705,0,,7563.9326
2019-02-07 00:00:00+00:00,55.63,57.69,62.88075,58.24682,1.419285,0.5212121212121212,-10.0,8250.279870910066,0.0,8240.279870910066,0,,7846.849
2019-02-08 00:00:00+00:00,57.48,58.08,62.8492,70.73411,1.494285,0.5212121212121212,-10.0,8306.054723123843,0.0,8296.054723123843,0,,7899.8965
2019-02-11 00:00:00+00:00,57.6,58.42,62.81575,67.582405,1.4449995,0.5212121212121212,-10.0,8354.677465208551,0.0,8344.677465208551,0,,7946.1416
2019-02-12 00:00:00+00:00,58.92,60.07,62.78365,74.002266,1.4128568,0.5212121212121212,-10.0,8590.645138644,0.0,8580.645138644,0,,8170.5703
2019-02-13 00:00:00+00:00,59.89,60.41,62.7579,76.49483,1.5314285,0.5212121212121212,-10.0,8639.268680378555,0.0,8629.268680378555,0,,8216.816
2019-02-14 00:00:00+00:00,60.55,60.52,62.731,76.80569,1.4385711,0.5212121212121212,-10.0,8655.000113900396,0.0,8645.000113900396,0,,8231.778
2019-02-15 00:00:00+00:00,60.87,60.5,62.706,76.37305,1.3485712,0.5212121212121212,-10.0,8652.140085119014,0.0,8642.140085119014,0,,8229.058
2019-02-19 00:00:00+00:00,60.67,61.65,62.6809,84.22857,1.2978567,0.5212121212121212,-10.0,8816.602376478018,0.0,8806.602376478018,0,,8385.479
2019-02-20 00:00:00+00:00,61.54,62.68,62.671,85.048744,1.3042853,0.5212121212121212,-10.0,8963.902956391086,0.0,8953.902956391086,0,,8525.576
2019-02-21 00:00:00+00:00,62.28,61.26,62.6683,85.639946,1.3228569,0.5212121212121212,-10.0,8760.827780433588,0.0,8750.827780433588,0,,8332.431
2019-02-22 00:00:00+00:00,61.45,61.41,62.65615,71.68855,1.3257141,0.5212121212121212,-10.0,8782.279182455248,0.0,8772.279182455248,0,,8352.833
2019-02-25 00:00:00+00:00,61.61,60.67,62.64775,74.94823,1.3228571,0.5212121212121212,-10.0,8676.450861472924,0.0,8666.450861472924,0,,8252.181
2019-02-26 00:00:00+00:00,60.89,61.34,62.64555,72.7638,1.2778574,0.5212121212121212,-10.0,8772.26863378461,0.0,8762.26863378461,0,,8343.3125
2019-02-27 00:00:00+00:00,61.29,60.61,62.65015,74.4821,1.2985715,0.5212121212121212,-10.0,8667.870726259549,0.0,8657.870726259549,0,,8244.02
2019-02-28 00:00:00+00:00,60.88,59.89,62.64465,73.10535,1.3192858,0.5212121212121212,-10.0,8564.90279024357,0.0,8554.90279024357,0,,8146.087
2019-03-01 00:00:00+00:00,60.02,61.31,62.63265,61.6279,1.2428572,0.7185160652194406,-10.0,8767.977762928609,0.0,8757.977762928609,0,,8339.231
2019-03-04 00:00:00+00:00,61.74,62.09,62.627552,65.3956,1.3242857,0.5212121212121212,-10.0,8879.526201336419,0.0,8869.526201336419,0,,8445.325
2019-03-05 00:00:00+00:00,61.75,62.5,62.63025,66.78864,1.3350002,0.5212121212121212,-10.0,8938.160911036839,0.0,8928.160911036839,0,,8501.093
2019-03-06 00:00:00+00:00,62.5,61.73,62.63565,62.53869,1.2014288,0.5212121212121212,-10.0,8828.042929036324,0.0,8818.042929036324,0,,8396.359
2019-03-07 00:00:00+00:00,61.95,62.2,62.6382,56.521732,1.2171432,0.5212121212121212,-10.0,8895.257689081689,0.0,8885.257689081689,0,,8460.287
2019-03-08 00:00:00+00:00,62.18,62.05,62.642952,58.01526,1.1842861,0.5212121212121212,-10.0,8873.805850701576,0.0,8863.805850701576,0,,8439.885
2019-03-11 00:00:00+00:00,62.23,63.13,62.64535,57.304417,1.1971436,0.6341463414634146,-10.0,9028.257908878973,0.0,9018.257908878973,0,,8586.784
2019-03-12 00:00:00+00:00,63.41,64.16,62.6516,57.020863,1.1885722,0.5212121212121212,-10.0,9175.55916776468,0.0,9165.55916776468,0,,8726.883
2019-03-13 00:00:00+00:00,63.85,64.1,62.66065,57.020878,1.1592863,0.6341463414634146,-10.0,9166.977666584664,0.0,9156.977666584664,0,,8718.721
2019-03-14 00:00:00+00:00,64.37,64.05,62.66805,65.468376,1.5742861,0.5212121212121212,-10.0,9159.82754884493,0.0,9149.82754884493,0,,8711.92
2019-03-15 00:00:00+00:00,64.11,63.92,62.6734,64.537445,1.5985718,0.5212121212121212,-10.0,9141.235691440173,0.0,9131.235691440173,0,,8694.237
2019-03-18 00:00:00+00:00,63.94,63.52,62.68155,69.185326,1.5885718,0.5212121212121212,-10.0,9084.031918610825,0.0,9074.031918610825,0,,8639.831
2019-03-19 00:00:00+00:00,63.57,63.01,62.6878,63.292664,1.6000004,0.5212121212121212,-10.0,9011.096371046524,0.0,9001.096371046524,0,,8570.462
2019-03-20 00:00:00+00:00,63.03,63.29,62.69205,65.03755,1.6235716,0.5212121212121212,-10.0,9051.13956288759,0.0,9041.13956288759,0,,8608.547
2019-03-21 00:00:00+00:00,63.29,64.98,62.7043,72.54638,1.6192862,0.5212121212121212,-10.0,9292.827827337203,0.0,9282.827827337203,0,,8838.417
2019-03-22 00:00:00+00:00,65.35,64.69,62.72425,73.49548,1.608572,0.5212121212121212,-10.0,9251.354886679357,0.0,9241.354886679357,0,,8798.972
2019-03-25 00:00:00+00:00,64.71,64.29,62.7447,67.75953,1.6435721,0.5212121212121212,-10.0,9194.150189788996,0.0,9184.150189788996,0,,8744.564
2019-03-26 00:00:00+00:00,64.37,65.07,62.77165,62.243473,1.6850003,0.5212121212121212,-10.0,9305.698450902852,0.0,9295.698450902852,0,,8850.658
2019-03-27 00:00:00+00:00,65.03,63.81,62.7984,72.81415,1.6928575,0.5212121212121212,-10.0,9125.505130643709,0.0,9115.505130643709,0,,8679.276
2019-03-28 00:00:00+00:00,63.11,62.16,62.8194,59.926003,1.7585716,0.5212121212121212,-10.0,8889.537411755984,0.0,8879.537411755984,0,,8454.847
2019-03-29 00:00:00+00:00,62.2,61.92,62.8355,50.572323,1.8207141,0.5212121212121212,-10.0,8855.214818250523,0.0,8845.214818250523,0,,8422.202
2019-04-01 00:00:00+00:00,62.01,62.7,62.84745,43.10148,1.7849998,0.5212121212121212,-10.0,8966.76364793232,0.0,8956.76364793232,0,,8528.297
2019-04-02 00:00:00+00:00,62.86,62.51,62.8635,41.431923,1.8285716,0.5212121212121212,-10.0,8939.591128330465,0.0,8929.591128330465,0,,8502.453
2019-04-03 00:00:00+00:00,62.5,63.45,62.87505,40.80926,1.36,0.5212121212121212,-10.0,9074.021622982646,0.0,9064.021622982646,0,,8630.31
2019-04-04 00:00:00+00:00,63.67,63.69,62.8901,46.85534,1.3657142,0.5212121212121212,-10.0,9108.344207384878,0.0,9098.344207384878,0,,8662.954
2019-04-05 00:00:00+00:00,63.9,63.83,62.9061,48.808292,1.3521426,0.5212121212121212,-10.0,9128.366345406368,0.0,9118.366345406368,0,,8681.997
2019-04-08 00:00:00+00:00,63.97,63.76,62.9224,51.650696,1.2821426,0.5212121212121212,-10.0,9118.355033591853,0.0,9108.355033591853,0,,8672.476
2019-04-09 00:00:00+00:00,63.75,62.47,62.93895,54.189934,1.2221429,0.5212121212121212,-10.0,8933.87173219713,0.0,8923.87173219713,0,,8497.013
2019-04-10 00:00:00+00:00,62.73,62.66,62.94795,45.88354,1.2607142,0.5212121212121212,-10.0,8961.04309000805,0.0,8951.04309000805,0,,8522.855
2019-04-11 00:00:00+00:00,62.64,62.6,62.95275,36.288414,1.1849995,0.5212121212121212,-10.0,8952.462455578538,0.0,8942.462455578538,0,,8514.694
2019-04-12 00:00:00+00:00,62.41,67.13,62.9542,37.302544,1.1057135,0.5212121212121212,-10.0,9600.300338421808,0.0,9590.300338421808,0,,9130.8545
2019-04-15 00:00:00+00:00,67.13,65.2,62.97675,61.48865,1.3978566,0.5212121212121212,-10.0,9324.289964135807,0.0,9314.289964135807,0,,8868.34
2019-04-16 00:00:00+00:00,65.05,64.44,62.9882,50.481113,1.4757135,0.4117647058823529,-10.0,9215.602833346267,0.0,9205.602833346267,0,,8764.968
2019-04-17 00:00:00+00:00,64.37,63.41,62.993,52.42122,1.4342844,0.5212121212121212,-10.0,9068.301747528198,0.0,9058.301747528198,0,,8624.869
2019-04-18 00:00:00+00:00,63.41,63.09,62.993702,55.044388,1.3992846,0.5212121212121212,-10.0,9022.53814145327,0.0,9012.53814145327,0,,8581.344
2019-04-22 00:00:00+00:00,62.96,63.02,62.9899,54.691265,1.3971416,0.5212121212121212,-10.0,9012.527270310933,0.0,9002.527270310933,0,,8571.822
2019-04-23 00:00:00+00:00,63.27,63.62,62.9831,51.360542,1.3271416,0.5212121212121212,-10.0,9098.333461632623,0.0,9088.333461632623,0,,8653.433
2019-04-24 00:00:00+00:00,64.03,64.2,62.9748,54.5604,1.3485705,0.5212121212121212,-10.0,9181.279779998174,0.0,9171.279779998174,0,,8732.323
2019-04-25 00:00:00+00:00,64.12,63.58,62.9645,53.175262,1.3249989,0.5212121212121212,-10.0,9092.613739546954,0.0,9082.613739546954,0,,8647.992
2019-04-26 00:00:00+00:00,64.12,63.56,62.96005,49.548824,1.3357133,0.5212121212121212,-10.0,9089.753264047484,0.0,9079.753264047484,0,,8645.272
2019-04-29 00:00:00+00:00,63.51,63.3,62.9529,48.881523,1.3678564,0.5212121212121212,-10.0,9052.570112414247,0.0,9042.570112414247,0,,8609.907
2019-04-30 00:00:00+00:00,63.33,63.77,62.941,48.12398,1.3707136,0.5212121212121212,-10.0,9119.784998298976,0.0,9109.784998298976,0,,8673.835
2019-05-01 00:00:00+00:00,62.05,60.29,62.9315,55.68182,1.3214281,0.5212121212121212,-10.0,8622.108370962376,0.0,8612.108370962376,0,,8200.495
2019-05-02 00:00:00+00:00,60.0,59.7,62.90475,41.955193,1.5228568,0.5212121212121212,-10.0,8537.732334046517,0.0,8527.732334046517,0,,8120.2446
2019-05-03 00:00:00+00:00,60.13,60.59,62.87495,40.498035,1.6771425,0.5212121212121212,-10.0,8665.011455298401,0.0,8655.011455298401,0,,8241.3
2019-05-06 00:00:00+00:00,60.67,61.18,62.85015,21.858856,1.4264281,0.5212121212121212,-10.0,8749.387964574558,0.0,8739.387964574558,0,,8321.551
2019-05-07 00:00:00+00:00,60.9,61.22,62.8301,30.44747,1.3921424,0.5212121212121212,-10.0,8755.108865227645,0.0,8745.108865227645,0,,8326.992
2019-05-08 00:00:00+00:00,61.3,60.13,62.80705,33.158985,1.3657142,0.5212121212121212,-10.0,8599.227455621314,0.0,8589.227455621314,0,,8178.733
2019-05-09 00:00:00+00:00,60.04,59.84,62.782402,32.95218,1.359286,0.5212121212121212,-10.0,8557.754156977988,0.0,8547.754156977988,0,,8139.2876
2019-05-10 00:00:00+00:00,59.69,59.19,62.75635,33.05526,1.3707148,0.5212121212121212,-10.0,8464.796832141277,0.0,8454.796832141277,0,,8050.8765
2019-05-13 00:00:00+00:00,59.01,60.15,62.722,31.170095,1.4135717,0.5212121212121212,-10.0,8602.08754032516,0.0,8592.08754032516,0,,8181.453
2019-05-14 00:00:00+00:00,59.97,59.85,62.6886,33.523285,1.4157145,0.5212121212121212,-10.0,8559.183790310894,0.0,8549.183790310894,0,,8140.6475
2019-05-15 00:00:00+00:00,60.06,60.01,62.64765,28.780512,1.4192861,0.5212121212121212,-10.0,8582.065805501199,0.0,8572.065805501199,0,,8162.41
2019-05-16 00:00:00+00:00,59.95,59.95,62.61515,31.767115,1.4257147,0.5212121212121212,-10.0,8573.485384779342,0.0,8563.485384779342,0,,8154.249
2019-05-17 00:00:00+00:00,59.62,59.96,62.5865,31.637857,1.4085718,0.5212121212121212,-10.0,8574.91521748261,0.0,8564.91521748261,0,,8155.6094
2019-05-20 00:00:00+00:00,60.09,60.04,62.55315,32.56786,1.4221431,0.5212121212121212,-10.0,8586.356808987337,0.0,8576.356808987337,0,,8166.491
2019-05-21 00:00:00+00:00,60.1,60.61,62.52295,29.706219,1.3985716,0.5212121212121212,-10.0,8667.873178557944,0.0,8657.873178557944,0,,8244.021
2019-05-22 00:00:00+00:00,60.65,61.15,62.49495,52.547764,1.2428572,0.5212121212121212,-10.0,8745.09928157993,0.0,8735.09928157993,0,,8317.471
2019-05-23 00:00:00+00:00,60.97,61.7,62.4656,61.637234,1.115,0.5212121212121212,-10.0,8823.754643196056,0.0,8813.754643196056,0,,8392.28
2019-05-24 00:00:00+00:00,61.95,60.89,62.43675,59.422745,1.0592859,0.5212121212121212,-10.0,8707.916019691822,0.0,8697.916019691822,0,,8282.105
2019-05-28 00:00:00+00:00,60.9,58.28,62.40355,47.62684,1.0214288,0.6341463414634146,-10.0,8334.658135771557,0.0,8324.658135771557,0,,7927.1
2019-05-29 00:00:00+00:00,58.72,58.67,62.3585,33.064518,1.1742861,0.5212121212121212,-10.0,8390.432113343466,0.0,8380.432113343466,0,,7980.147
2019-05-30 00:00:00+00:00,58.97,59.7,62.31475,40.85212,1.1900003,0.5212121212121212,-10.0,8537.733137172447,0.0,8527.733137172447,0,,8120.245
2019-05-31 00:00:00+00:00,59.76,59.37,62.2801,49.19725,1.2785715,0.5212121212121212,-10.0,8490.539321857186,0.0,8480.539321857186,0,,8075.3594
2019-06-03 00:00:00+00:00,59.89,60.58,62.242752,51.07143,1.2535714,0.5212121212121212,-10.0,8663.582757156659,0.0,8653.582757156659,0,,8239.941
2019-06-04 00:00:00+00:00,61.38,62.32,62.21075,52.48555,1.2592858,0.5212121212121212,-10.0,8912.420660836187,0.0,8902.420660836187,0,,8476.61
2019-06-05 00:00:00+00:00,62.22,64.56,62.1816,62.23984,1.3171427,0.6341463414634146,-10.0,9232.76432547908,0.0,9222.76432547908,0,,8781.29
2019-06-06 00:00:00+00:00,64.82,63.48,62.1578,68.693504,1.4571427,0.5212121212121212,-10.0,9078.313288857471,0.0,9068.313288857471,0,,8634.392
2019-06-07 00:00:00+00:00,64.02,62.64,62.1258,63.381344,1.5349996,0.5212121212121212,-10.0,8958.18424350854,0.0,8948.18424350854,0,,8520.137
2019-06-10 00:00:00+00:00,62.65,60.87,62.09295,59.557774,1.6035709,0.5212121212121212,-10.0,8705.055390298576,0.0,8695.055390298576,0,,8279.386
2019-06-11 00:00:00+00:00,60.84,60.2,62.05265,52.641624,1.7099997,0.5212121212121212,-10.0,8609.238750412658,0.0,8599.238750412658,0,,8188.2544
2019-06-12 00:00:00+00:00,60.52,59.52,62.01385,48.703354,1.7092851,0.5212121212121212,-10.0,8511.99157688931,0.0,8501.99157688931,0,,8095.762
2019-06-13 00:00:00+00:00,59.61,59.88,61.97365,44.890278,1.7592856,0.5212121212121212,-10.0,8563.475855166254,0.0,8553.475855166254,0,,8144.729
2019-06-14 00:00:00+00:00,59.97,59.44,61.935852,44.22589,1.7335712,0.5212121212121212,-10.0,8500.550915568117,0.0,8490.550915568117,0,,8084.8813
2019-06-17 00:00:00+00:00,59.46,60.13,61.89515,45.289146,1.7535714,0.5212121212121212,-10.0,8599.22838947752,0.0,8589.22838947752,0,,8178.7334
2019-06-18 00:00:00+00:00,60.71,60.68,61.85805,56.86712,1.6649996,0.5212121212121212,-10.0,8677.883894073302,0.0,8667.883894073302,0,,8253.543
2019-06-19 00:00:00+00:00,60.91,62.36,61.82545,57.373447,1.6864281,0.5212121212121212,-10.0,8918.141855407845,0.0,8908.141855407845,0,,8482.052
2019-06-20 00:00:00+00:00,62.71,63.78,61.8051,59.313725,1.7349995,0.5212121212121212,-10.0,9121.216871285858,0.0,9111.216871285858,0,,8675.196
2019-06-21 00:00:00+00:00,63.47,65.41,61.79535,64.34613,1.8642853,0.5212121212121212,-10.0,9354.32492436816,0.0,9344.32492436816,0,,8896.906
2019-06-24 00:00:00+00:00,65.3,65.55,61.78865,65.294495,1.9414278,0.5212121212121212,-10.0,9374.345832448751,0.0,9364.345832448751,0,,8915.947
2019-06-25 00:00:00+00:00,65.63,65.06,61.7799,61.381264,1.877142,0.5212121212121212,-10.0,9304.269630141016,0.0,9294.269630141016,0,,8849.299
2019-06-26 00:00:00+00:00,64.9,63.84,61.76785,52.009644,1.7499989,0.5212121212121212,-10.0,9129.797271752062,0.0,9119.797271752062,0,,8683.357
2019-06-27 00:00:00+00:00,64.04,65.12,61.75375,51.430843,1.7321421,0.5212121212121212,-10.0,9312.851241198221,0.0,9302.851241198221,0,,8857.461
2019-06-28 00:00:00+00:00,65.33,67.41,61.74385,59.523815,1.7057135,0.5212121212121212,-10.0,9640.34609209539,0.0,9630.34609209539,0,,9168.941
2019-07-01 00:00:00+00:00,67.56,67.06,61.7431,74.15066,1.7214277,0.5212121212121212,-10.0,9590.291292274696,0.0,9580.291292274696,0,,9121.334
2019-07-02 00:00:00+00:00,67.01,67.16,61.739502,75.94549,1.7035702,0.5212121212121212,-10.0,9604.593372437026,0.0,9594.593372437026,0,,9134.937
2019-07-03 00:00:00+00:00,67.5,67.69,61.73325,80.221466,1.6449988,0.5212121212121212,-10.0,9680.388364486,0.0,9670.388364486,0,,9207.025
2019-07-05 00:00:00+00:00,66.81,67.18,61.73005,80.48395,1.6307133,0.4117647058823529,-10.0,9607.45259423656,0.0,9597.45259423656,0,,9137.656
2019-07-08 00:00:00+00:00,67.01,69.29,61.7238,80.04653,1.6735704,0.5212121212121212,-10.0,9909.2052977192,0.0,9899.2052977192,0,,9424.654
2019-07-09 00:00:00+00:00,69.04,69.72,61.7287,82.02792,1.7614275,0.5212121212121212,-10.0,9970.699816164772,0.0,9960.699816164772,0,,9483.142
2019-07-10 00:00:00+00:00,69.87,69.62,61.74065,81.87583,1.7192847,0.5212121212121212,-10.0,9956.399174766559,0.0,9946.399174766559,0,,9469.541
2019-07-11 00:00:00+00:00,69.6,69.95,61.74965,78.80949,1.5957133,0.5212121212121212,-10.0,10003.59131768084,0.0,9993.59131768084,0,,9514.426
2019-07-12 00:00:00+00:00,69.84,70.64,61.7576,76.802734,1.5592848,0.5212121212121212,-10.0,10102.268854021093,0.0,10092.268854021093,0,,9608.277
2019-07-15 00:00:00+00:00,70.51,70.56,61.7725,74.73978,1.499285,0.5212121212121212,-10.0,10090.827551096027,0.0,10080.827551096027,0,,9597.3955
2019-07-16 00:00:00+00:00,70.48,70.1,61.79045,73.83438,1.4964284,0.5212121212121212,-10.0,10025.042842631814,0.0,10015.042842631814,0,,9534.827
2019-07-17 00:00:00+00:00,70.35,69.68,61.8069,74.045784,1.5071428,0.5212121212121212,-10.0,9964.978808080521,0.0,9954.978808080521,0,,9477.7
2019-07-18 00:00:00+00:00,69.3,70.78,61.822,80.16525,1.4535711,0.5212121212121212,-10.0,10122.29004298849,0.0,10112.29004298849,0,,9627.319
2019-07-19 00:00:00+00:00,70.34,70.17,61.8375,79.78943,1.4592851,0.5212121212121212,-10.0,10035.053762707203,0.0,10025.053762707203,0,,9544.35
2019-07-22 00:00:00+00:00,70.2,69.68,61.8506,67.64701,1.355714,0.5212121212121212,-10.0,9964.979161321015,0.0,9954.979161321015,0,,9477.701
2019-07-23 00:00:00+00:00,69.82,70.27,61.8554,66.457306,1.3535712,0.5212121212121212,-10.0,10049.354607148298,0.0,10039.354607148298,0,,9557.95
2019-07-24 00:00:00+00:00,70.34,71.02,61.86455,68.40235,1.38,0.5212121212121212,-10.0,10156.613030243263,0.0,10146.613030243263,0,,9659.964
2019-07-25 00:00:00+00:00,70.85,70.03,61.8762,69.20414,1.4149998,0.5212121212121212,-10.0,10015.03310823654,0.0,10005.03310823654,0,,9525.307
2019-07-26 00:00:00+00:00,70.16,70.95,61.87985,65.573784,1.3585712,0.5212121212121212,-10.0,10146.602814870464,0.0,10136.602814870464,0,,9650.442
2019-07-29 00:00:00+00:00,70.84,70.6,61.88495,60.42713,1.3785712,0.5212121212121212,-10.0,10096.549022348087,0.0,10086.549022348087,0,,9602.836
2019-07-30 00:00:00+00:00,69.95,70.27,61.8857,55.58375,1.412857,0.5212121212121212,-10.0,10049.355169036455,0.0,10039.355169036455,0,,9557.95
2019-07-31 00:00:00+00:00,70.55,74.54,61.88665,54.007366,1.4535713,0.5212121212121212,-10.0,10660.010507146124,0.0,10650.010507146124,0,,10138.745
2019-08-01 00:00:00+00:00,74.4,73.88,61.9173,69.04567,1.6449999,0.5212121212121212,-10.0,10565.623260725319,0.0,10555.623260725319,0,,10048.974
2019-08-02 00:00:00+00:00,73.85,73.75,61.94345,63.47753,1.6278572,0.5212121212121212,-10.0,10547.03210923273,0.0,10537.03210923273,0,,10031.291
2019-08-05 00:00:00+00:00,73.6,72.51,61.9678,63.2146,1.7464284,0.5212121212121212,-10.0,10369.699409605999,0.0,10359.699409605999,0,,9862.63
2019-08-06 00:00:00+00:00,72.36,73.37,61.9827,59.377453,1.8007143,0.5212121212121212,-10.0,10492.689124152193,0.0,10482.689124152193,0,,9979.605
2019-08-07 00:00:00+00:00,73.24,74.19,62.00165,63.882633,1.8335713,0.5212121212121212,-10.0,10609.957815627184,0.0,10599.957815627184,0,,10091.141
2019-08-08 00:00:00+00:00,74.19,75.12,62.0249,63.105324,1.8557146,0.5212121212121212,-10.0,10742.957176682612,0.0,10732.957176682612,0,,10217.636
2019-08-09 00:00:00+00:00,75.16,74.38,62.04895,68.56717,1.9100004,0.6341463414634146,-10.0,10637.128532734492,0.0,10627.128532734492,0,,10116.982
2019-08-12 00:00:00+00:00,74.09,73.07,62.07155,67.30485,1.9007149,0.5212121212121212,-10.0,10449.785097007938,0.0,10439.785097007938,0,,9938.8
2019-08-13 00:00:00+00:00,73.18,73.21,62.08915,59.79022,1.9428569,0.6341463414634146,-10.0,10469.806171550832,0.0,10459.806171550832,0,,9957.842
2019-08-14 00:00:00+00:00,73.35,71.82,62.1025,57.998547,1.9142854,0.5212121212121212,-10.0,10271.021578333113,0.0,10261.021578333113,0,,9768.777
2019-08-15 00:00:00+00:00,72.18,72.07,62.1143,56.352024,1.9614285,0.5212121212121212,-10.0,10306.774092944277,0.0,10296.774092944277,0,,9802.782
2019-08-16 00:00:00+00:00,72.11,72.5,62.1338,54.172886,1.8292857,0.5212121212121212,-10.0,10368.268686964151,0.0,10358.268686964151,0,,9861.27
2019-08-19 00:00:00+00:00,72.46,72.65,62.15075,57.037037,1.763571,0.5212121212121212,-10.0,10389.72059785699,0.0,10379.72059785699,0,,9881.672
2019-08-20 00:00:00+00:00,72.63,72.0,62.16635,58.93395,1.7349995,0.5212121212121212,-10.0,10296.763613810177,0.0,10286.763613810177,0,,9793.261
2019-08-21 00:00:00+00:00,72.32,72.98,62.1794,36.90722,1.4307137,0.5212121212121212,-10.0,10436.914896676326,0.0,10426.914896676326,0,,9926.559
2019-08-22 00:00:00+00:00,72.83,72.83,62.20335,45.509014,1.4092848,0.6341463414634146,-10.0,10415.46279322263,0.0,10405.46279322263,0,,9906.155
2019-08-23 00:00:00+00:00,72.8,72.11,62.2281,45.41834,1.302142,0.5212121212121212,-10.0,10312.495253263443,0.0,10302.495253263443,0,,9808.224
2019-08-26 00:00:00+00:00,72.47,73.39,62.24485,47.899155,1.2792848,0.5212121212121212,-10.0,10495.548446438841,0.0,10485.548446438841,0,,9982.325
2019-08-27 00:00:00+00:00,73.75,73.33,62.2671,50.100586,1.2757138,0.5212121212121212,-10.0,10486.967944018692,0.0,10476.967944018692,0,,9974.164
2019-08-28 00:00:00+00:00,73.19,71.78,62.28525,45.315907,1.2357134,0.5212121212121212,-10.0,10265.301161275025,0.0,10255.301161275025,0,,9763.337
2019-08-29 00:00:00+00:00,72.31,72.23,62.2971,32.959183,1.2335707,0.5212121212121212,-10.0,10329.656557077458,0.0,10319.656557077458,0,,9824.545
2019-08-30 00:00:00+00:00,72.49,72.27,62.35325,38.69615,1.1964281,0.5212121212121212,-10.0,10335.37636836291,0.0,10325.37636836291,0,,9829.985
2019-09-03 00:00:00+00:00,72.27,73.4,62.4468,45.145615,1.1285712,0.5212121212121212,-10.0,10496.978742750125,0.0,10486.978742750125,0,,9983.686
2019-09-04 00:00:00+00:00,73.49,73.18,62.5361,51.029263,1.1828569,0.5212121212121212,-10.0,10465.516367046199,0.0,10455.516367046199,0,,9953.762
2019-09-05 00:00:00+00:00,72.74,71.31,62.63265,58.436714,1.1085712,0.5212121212121212,-10.0,10198.08616201012,0.0,10188.08616201012,0,,9699.408
2019-09-06 00:00:00+00:00,71.4,70.98,62.75325,46.074375,1.1757143,0.5212121212121212,-10.0,10150.89364726595,0.0,10140.89364726595,0,,9654.523
2019-09-09 00:00:00+00:00,70.69,71.12,62.8359,42.06683,1.1928569,0.5212121212121212,-10.0,10170.915644513605,0.0,10160.915644513605,0,,9673.566
2019-09-10 00:00:00+00:00,70.99,72.79,62.92195,42.006283,1.1792853,0.5212121212121212,-10.0,10409.74266801902,0.0,10399.74266801902,0,,9900.716
2019-09-11 00:00:00+00:00,72.52,72.8,63.022,53.72994,1.2728571,0.5212121212121212,-10.0,10411.173469565143,0.0,10401.173469565143,0,,9902.076
2019-09-12 00:00:00+00:00,73.53,72.54,63.11805,49.06445,1.3178569,0.5212121212121212,-10.0,10373.990476682244,0.0,10363.990476682244,0,,9866.712
2019-09-13 00:00:00+00:00,72.29,71.93,63.2145,48.509758,1.365714,0.5212121212121212,-10.0,10286.754112530332,0.0,10276.754112530332,0,,9783.74
2019-09-16 00:00:00+00:00,72.15,71.48,63.3042,49.06445,1.3371423,0.5212121212121212,-10.0,10222.399727100887,0.0,10212.399727100887,0,,9722.533
2019-09-17 00:00:00+00:00,71.56,71.81,63.38505,39.135406,1.3349997,0.5212121212121212,-10.0,10269.592643283337,0.0,10259.592643283337,0,,9767.419
2019-09-18 00:00:00+00:00,72.17,72.07,63.4703,41.611454,1.3478568,0.5212121212121212,-10.0,10306.776206677221,0.0,10296.776206677221,0,,9802.784
2019-09-19 00:00:00+00:00,72.52,72.63,63.55705,51.866158,1.2957137,0.5212121212121212,-10.0,10386.861720260336,0.0,10376.861720260336,0,,9878.953
2019-09-20 00:00:00+00:00,72.55,72.74,63.6436,52.538036,1.3185709,0.5212121212121212,-10.0,10402.593183472816,0.0,10392.593183472816,0,,9893.915
2019-09-23 00:00:00+00:00,72.89,74.16,63.7223,52.955982,1.3499995,0.5212121212121212,-10.0,10605.669624728089,0.0,10595.669624728089,0,,10087.061
2019-09-24 00:00:00+00:00,74.49,75.34,63.80445,54.611664,1.3714278,0.5212121212121212,-10.0,10774.421311916307,0.0,10764.421311916307,0,,10247.561
2019-09-25 00:00:00+00:00,75.32,75.15,63.89345,61.739124,1.417856,0.5212121212121212,-10.0,10747.250237091625,0.0,10737.250237091625,0,,10221.719
2019-09-26 00:00:00+00:00,75.3,76.36,63.97665,75.532005,1.330713,0.5212121212121212,-10.0,10920.29302327534,0.0,10910.29302327534,0,,10386.3
2019-09-27 00:00:00+00:00,75.79,75.88,64.06425,82.02384,1.3657134,0.5212121212121212,-10.0,10851.647136906966,0.0,10841.647136906966,0,,10321.011
2019-09-30 00:00:00+00:00,75.89,75.42,64.1492,77.23112,1.394285,0.5212121212121212,-10.0,10785.862177390834,0.0,10775.862177390834,0,,10258.442
2019-10-01 00:00:00+00:00,75.25,73.9,64.2286,67.46348,1.3271419,0.5212121212121212,-10.0,10568.486489859119,0.0,10558.486489859119,0,,10051.696
2019-10-02 00:00:00+00:00,73.81,74.48,64.30045,56.084072,1.3478568,0.5212121212121212,-10.0,10651.4332688145,0.0,10641.4332688145,0,,10130.587
2019-10-03 00:00:00+00:00,74.54,73.95,64.37465,60.363277,1.3464285,0.5212121212121212,-10.0,10575.636824690682,0.0,10565.636824690682,0,,10058.496
2019-10-04 00:00:00+00:00,74.22,75.59,64.45345,60.883614,1.3364279,0.5212121212121212,-10.0,10810.17378203585,0.0,10800.17378203585,0,,10281.564
2019-10-07 00:00:00+00:00,75.47,74.89,64.54395,69.62749,1.3821422,0.5212121212121212,-10.0,10710.067075448045,0.0,10700.067075448045,0,,10186.353
2019-10-08 00:00:00+00:00,74.89,74.73,64.6263,64.20666,1.3607134,0.5212121212121212,-10.0,10687.185988729887,0.0,10677.185988729887,0,,10164.591
2019-10-09 00:00:00+00:00,75.08,74.4,64.70865,62.38364,1.3671417,0.5212121212121212,-10.0,10639.992130800953,0.0,10629.992130800953,0,,10119.705
2019-10-10 00:00:00+00:00,74.07,74.19,64.79975,58.420578,1.392856,0.5212121212121212,-10.0,10609.959923588858,0.0,10599.959923588858,0,,10091.142
2019-10-11 00:00:00+00:00,74.09,71.33,64.89905,56.833202,1.3864278,0.5212121212121212,-10.0,10200.949558559247,0.0,10190.949558559247,0,,9702.131
2019-10-14 00:00:00+00:00,71.38,70.06,64.9747,38.25724,1.4914284,0.5212121212121212,-10.0,10019.325500995921,0.0,10009.325500995921,0,,9529.389
2019-10-15 00:00:00+00:00,69.95,69.89,65.04,28.25371,1.5785713,0.5212121212121212,-10.0,9995.014153879687,0.0,9985.014153879687,0,,9506.267
2019-10-16 00:00:00+00:00,69.9,69.84,65.1033,28.300325,1.596429,0.5212121212121212,-10.0,9987.86337541388,0.0,9977.86337541388,0,,9499.465
2019-10-17 00:00:00+00:00,69.78,70.56,65.16865,20.255474,1.5371431,0.5212121212121212,-10.0,10090.83164053834,0.0,10080.83164053834,0,,9597.398
2019-10-18 00:00:00+00:00,70.47,70.52,65.2377,26.250011,1.5121433,0.5212121212121212,-10.0,10085.111150337036,0.0,10075.111150337036,0,,9591.958
2019-10-21 00:00:00+00:00,70.63,70.49,65.3061,27.272734,1.4885718,0.5212121212121212,-10.0,10080.820960696516,0.0,10070.820960696516,0,,9587.877
2019-10-22 00:00:00+00:00,70.61,71.54,65.36645,31.646929,1.3928572,0.5212121212121212,-10.0,10230.982821060456,0.0,10220.982821060456,0,,9730.696
2019-10-23 00:00:00+00:00,71.61,72.42,65.43745,34.938526,1.3521429,0.5212121212121212,-10.0,10356.831375835449,0.0,10346.831375835449,0,,9850.392
2019-10-24 00:00:00+00:00,72.41,72.19,65.51125,42.433243,1.3507146,0.5212121212121212,-10.0,10323.939584410264,0.0,10313.939584410264,0,,9819.107
2019-10-25 00:00:00+00:00,70.94,66.05,65.5802,30.459799,1.2785715,0.5212121212121212,-10.0,9445.85419876041,0.0,9435.85419876041,0,,8983.96
2019-10-28 00:00:00+00:00,63.33,64.56,65.61375,18.74117,1.8714292,0.5212121212121212,-10.0,9232.767547425203,0.0,9222.767547425203,0,,8781.293
2019-10-29 00:00:00+00:00,64.55,65.4,65.63995,17.129929,2.0607152,0.5212121212121212,-10.0,9352.897090578403,0.0,9342.897090578403,0,,8895.549
2019-10-30 00:00:00+00:00,63.88,62.16,65.6762,21.839819,2.1071439,0.5212121212121212,-10.0,8889.542460686853,0.0,8879.542460686853,0,,8454.852
2019-10-31 00:00:00+00:00,62.48,62.9,65.71175,18.358774,2.3942864,0.5212121212121212,-10.0,8995.371003138293,0.0,8985.371003138293,0,,8555.505
2019-11-01 00:00:00+00:00,62.74,65.58,65.75535,25.044426,2.2700005,0.5212121212121212,-10.0,9378.639540952632,0.0,9368.639540952632,0,,8920.032
2019-11-04 00:00:00+00:00,65.16,66.18,65.8157,37.759583,2.3171432,0.5212121212121212,-10.0,9464.445413332058,0.0,9454.445413332058,0,,9001.643
2019-11-05 00:00:00+00:00,65.95,66.14,65.8722,40.09611,2.3942864,0.5212121212121212,-10.0,9458.724622651613,0.0,9448.724622651613,0,,8996.201
2019-11-06 00:00:00+00:00,66.37,65.67,65.93185,40.117535,2.4485722,0.5212121212121212,-10.0,9391.50917600291,0.0,9381.50917600291,0,,8932.272
2019-11-07 00:00:00+00:00,65.33,65.69,65.98555,36.762325,2.4671433,0.5212121212121212,-10.0,9394.36963937713,0.0,9384.36963937713,0,,8934.992
2019-11-08 00:00:00+00:00,65.25,66.3,66.0383,36.910595,2.487143,0.5212121212121212,-10.0,9481.60618825372,0.0,9471.60618825372,0,,9017.964
2019-11-11 00:00:00+00:00,66.4,66.31,66.09265,38.99109,2.55,0.5212121212121212,-10.0,9483.03601210866,0.0,9473.03601210866,0,,9019.323
2019-11-12 00:00:00+00:00,66.41,66.84,66.15165,35.46414,2.5242858,0.5212121212121212,-10.0,9558.83149552377,0.0,9548.83149552377,0,,9091.413
2019-11-13 00:00:00+00:00,67.12,68.11,66.20995,34.183674,2.5164292,0.5212121212121212,-10.0,9740.455501942955,0.0,9730.455501942955,0,,9264.155
2019-11-14 00:00:00+00:00,68.71,69.68,66.27135,39.079235,2.589286,0.5212121212121212,-10.0,9964.98180930327,0.0,9954.98180930327,0,,9477.703
2019-11-15 00:00:00+00:00,69.66,70.1,66.3349,62.863194,2.0585713,0.5212121212121212,-10.0,10025.0465274572,0.0,10015.0465274572,0,,9534.83
2019-11-18 00:00:00+00:00,70.05,69.5,66.40245,71.24232,1.8928568,0.5212121212121212,-10.0,9939.240476185265,0.0,9929.240476185265,0,,9453.221
2019-11-19 00:00:00+00:00,69.17,68.86,66.46925,66.01562,1.8357137,0.5212121212121212,-10.0,9847.713791581082,0.0,9837.713791581082,0,,9366.169
2019-11-20 00:00:00+00:00,68.87,70.92,66.53285,82.84314,1.5435709,0.4117647058823529,-10.0,10142.314948735053,0.0,10132.314948735053,0,,9646.364
2019-11-21 00:00:00+00:00,70.84,71.01,66.6094,84.80902,1.6092848,0.5212121212121212,-10.0,10155.18658190044,0.0,10145.18658190044,0,,9658.606
2019-11-22 00:00:00+00:00,71.27,71.25,66.676,80.40314,1.4499991,0.5212121212121212,-10.0,10189.509302662937,0.0,10179.509302662937,0,,9691.251
2019-11-25 00:00:00+00:00,71.48,70.28,66.74185,79.579926,1.3614273,0.5212121212121212,-10.0,10050.78872698554,0.0,10040.78872698554,0,,9559.313
2019-11-26 00:00:00+00:00,70.02,69.0,66.80115,71.78947,1.3807133,0.5212121212121212,-10.0,9867.735170650185,0.0,9857.735170650185,0,,9385.212
2019-11-27 00:00:00+00:00,69.29,69.83,66.8458,66.14938,1.4335709,0.5212121212121212,-10.0,9986.434667976177,0.0,9976.434667976177,0,,9498.106
2019-11-29 00:00:00+00:00,70.15,69.1,66.8929,68.61511,1.4821423,0.5212121212121212,-10.0,9882.036489519056,0.0,9872.036489519056,0,,9398.813
2019-12-02 00:00:00+00:00,68.91,71.56,66.9358,62.455498,1.5028572,0.5212121212121212,-10.0,10233.842354710692,0.0,10223.842354710692,0,,9733.416
2019-12-03 00:00:00+00:00,71.78,71.74,66.9911,69.174576,1.7028569,0.5212121212121212,-10.0,10259.584922193491,0.0,10249.584922193491,0,,9757.9
2019-12-04 00:00:00+00:00,71.47,71.0,67.04155,68.365814,1.7142851,0.5212121212121212,-10.0,10153.757293349705,0.0,10143.757293349705,0,,9657.248
2019-12-05 00:00:00+00:00,70.99,71.34,67.08315,61.28025,1.6714281,0.5212121212121212,-10.0,10202.379952851003,0.0,10192.379952851003,0,,9703.492
2019-12-06 00:00:00+00:00,71.0,71.37,67.13355,57.167515,1.6028568,0.5212121212121212,-10.0,10206.670771598721,0.0,10196.670771598721,0,,9707.573
2019-12-09 00:00:00+00:00,71.66,71.01,67.18335,55.67473,1.5771425,0.5212121212121212,-10.0,10155.186667955537,0.0,10145.186667955537,0,,9658.607
2019-12-10 00:00:00+00:00,71.04,71.28,67.23505,56.894985,1.5535715,0.5212121212121212,-10.0,10193.798518547965,0.0,10183.798518547965,0,,9695.331
2019-12-11 00:00:00+00:00,71.57,71.53,67.28475,61.43666,1.5178572,0.6341463414634146,-10.0,10229.550784742094,0.0,10219.550784742094,0,,9729.335
2019-12-12 00:00:00+00:00,71.38,71.45,67.33935,53.477768,1.4128577,0.5212121212121212,-10.0,10218.109834650917,0.0,10208.109834650917,0,,9718.453
2019-12-13 00:00:00+00:00,72.0,72.69,67.39715,52.511387,1.3814294,0.5212121212121212,-10.0,10395.44355724923,0.0,10385.44355724923,0,,9887.115
2019-12-16 00:00:00+00:00,72.77,74.0,67.45405,57.377056,1.4392864,0.5212121212121212,-10.0,10582.787151163055,0.0,10572.787151163055,0,,10065.298
2019-12-17 00:00:00+00:00,73.78,73.55,67.5136,68.41584,1.4442858,0.4117647058823529,-10.0,10518.43274972225,0.0,10508.43274972225,0,,10004.09
2019-12-18 00:00:00+00:00,73.86,74.27,67.56885,74.541534,1.3678572,0.5212121212121212,-10.0,10621.400090733021,0.0,10611.400090733021,0,,10102.022
2019-12-19 00:00:00+00:00,74.52,73.42,67.63155,74.23579,1.4164293,0.5212121212121212,-10.0,10499.84148223554,0.0,10489.84148223554,0,,9986.408
2019-12-20 00:00:00+00:00,73.53,75.19,67.68765,73.27588,1.3835716,0.5212121212121212,-10.0,10752.97095766644,0.0,10742.97095766644,0,,10227.16
2019-12-23 00:00:00+00:00,75.0,74.81,67.75335,71.12926,1.2814287,0.5212121212121212,-10.0,10698.626115204408,0.0,10688.626115204408,0,,10175.473
2019-12-24 00:00:00+00:00,74.83,74.82,67.81175,67.46302,1.2871426,0.5212121212121212,-10.0,10700.057086648212,0.0,10690.057086648212,0,,10176.834
2019-12-26 00:00:00+00:00,75.07,75.35,67.86505,73.69725,1.2228568,0.5212121212121212,-10.0,10775.852593149744,0.0,10765.852593149744,0,,10248.923
2019-12-27 00:00:00+00:00,75.44,75.22,67.9213,74.303024,1.1942853,0.5212121212121212,-10.0,10757.26148403434,0.0,10747.26148403434,0,,10231.241
2019-12-30 00:00:00+00:00,74.57,74.71,67.97715,73.05389,1.1842853,0.5212121212121212,-10.0,10684.325663911866,0.0,10674.325663911866,0,,10161.872
2019-12-31 00:00:00+00:00,74.69,75.41,68.0311,71.76469,1.2228563,0.5212121212121212,-10.0,10784.433647087639,0.0,10774.433647087639,0,,10257.084
2020-01-02 00:00:00+00:00,74.71,74.38,68.09055,73.124306,1.2421423,0.5212121212121212,-10.0,10637.131634832924,0.0,10627.131634832924,0,,10116.984
2020-01-03 00:00:00+00:00,74.32,74.78,68.1474,64.67556,1.2578566,0.5212121212121212,-10.0,10694.335676589384,0.0,10684.335676589384,0,,10171.392
2020-01-06 00:00:00+00:00,74.76,75.13,68.20485,66.60018,1.2535712,0.5212121212121212,-10.0,10744.389393169567,0.0,10734.389393169567,0,,10218.998
2020-01-07 00:00:00+00:00,75.13,75.86,68.2556,63.34788,1.1985713,0.5212121212121212,-10.0,10848.787368454437,0.0,10838.787368454437,0,,10318.291
2020-01-08 00:00:00+00:00,76.15,75.74,68.31145,60.86447,1.1742859,0.5212121212121212,-10.0,10831.62559282022,0.0,10821.62559282022,0,,10301.969
2020-01-09 00:00:00+00:00,75.73,76.14,68.3687,63.30492,1.1850003,0.5212121212121212,-10.0,10888.829681628891,0.0,10878.829681628891,0,,10356.376
2020-01-10 00:00:00+00:00,76.14,75.5,68.42405,61.820457,1.0714281,0.5212121212121212,-10.0,10797.302902730493,0.0,10787.302902730493,0,,10269.325
2020-01-13 00:00:00+00:00,75.34,75.37,68.4825,63.50646,1.0792853,0.5212121212121212,-10.0,10778.712113355714,0.0,10768.712113355714,0,,10251.644
2020-01-14 00:00:00+00:00,75.29,75.03,68.54855,51.485146,0.9699996,0.5212121212121212,-10.0,10730.088071823006,0.0,10720.088071823006,0,,10205.397
2020-01-15 00:00:00+00:00,75.79,76.93,68.6141,51.827248,0.95714295,0.5212121212121212,-10.0,11001.809007982276,0.0,10991.809007982276,0,,10463.831
2020-01-16 00:00:00+00:00,76.89,76.56,68.68525,63.33752,1.0878574,0.5212121212121212,-10.0,10948.894509386555,0.0,10938.894509386555,0,,10413.505
2020-01-17 00:00:00+00:00,76.69,76.96,68.7555,57.806423,1.087143,0.5212121212121212,-10.0,11006.09925045413,0.0,10996.09925045413,0,,10467.912
2020-01-21 00:00:00+00:00,77.1,78.2,68.82305,60.84783,1.096429,0.5212121212121212,-10.0,11183.43181487866,0.0,11173.43181487866,0,,10636.573
2020-01-22 00:00:00+00:00,78.35,77.07,68.8956,69.942795,1.0950006,0.5212121212121212,-10.0,11021.830406054654,0.0,11011.830406054654,0,,10482.874
2020-01-23 00:00:00+00:00,76.94,77.69,68.9618,59.04136,1.1500005,0.5212121212121212,-10.0,11110.497942208709,0.0,11100.497942208709,0,,10567.206
2020-01-24 00:00:00+00:00,77.48,76.92,69.03145,68.871155,1.1307144,0.5212121212121212,-10.0,11000.379140059158,0.0,10990.379140059158,0,,10462.473
2020-01-27 00:00:00+00:00,76.97,76.21,69.1037,61.70676,1.1671426,0.5212121212121212,-10.0,10898.841512265039,0.0,10888.841512265039,0,,10365.899
2020-01-28 00:00:00+00:00,76.37,76.8,69.17145,55.68421,1.1971425,0.5212121212121212,-10.0,10983.218260389522,0.0,10973.218260389522,0,,10446.15
2020-01-29 00:00:00+00:00,76.78,76.98,69.24245,55.021374,1.1742853,0.5212121212121212,-10.0,11008.960440047638,0.0,10998.960440047638,0,,10470.634
2020-01-30 00:00:00+00:00,76.8,76.67,69.2917,56.58176,1.1407138,0.5212121212121212,-10.0,10964.62660097619,0.0,10954.62660097619,0,,10428.468
2020-01-31 00:00:00+00:00,76.55,76.55,69.34905,52.84029,1.12,0.5212121212121212,-10.0,10947.465877451594,0.0,10937.465877451594,0,,10412.1455
2020-02-03 00:00:00+00:00,76.76,77.66,69.4096,55.959145,1.0978574,0.5212121212121212,-10.0,11106.208287920823,0.0,11096.208287920823,0,,10563.126
2020-02-04 00:00:00+00:00,77.94,75.47,69.48085,61.695595,1.1457144,0.5212121212121212,-10.0,10793.014863330018,0.0,10783.014863330018,0,,10265.247
2020-02-05 00:00:00+00:00,75.76,77.33,69.54275,51.89004,1.2757143,0.5212121212121212,-10.0,11059.014833631953,0.0,11049.014833631953,0,,10518.239
2020-02-06 00:00:00+00:00,77.42,76.29,69.6143,51.724144,1.2728571,0.5212121212121212,-10.0,10910.283315125751,0.0,10900.283315125751,0,,10376.781
2020-02-07 00:00:00+00:00,76.37,77.0,69.67765,48.89977,1.322143,0.5212121212121212,-10.0,11011.820412595147,0.0,11001.820412595147,0,,10473.353
2020-02-10 00:00:00+00:00,77.21,78.2,69.74165,50.158985,1.3364285,0.5212121212121212,-10.0,11183.432471992723,0.0,11173.432471992723,0,,10636.573
2020-02-11 00:00:00+00:00,78.49,78.0,69.81475,50.0,1.3564279,0.5212121212121212,-10.0,11154.830663414454,0.0,11144.830663414454,0,,10609.369
2020-02-12 00:00:00+00:00,77.89,77.5,69.88695,54.005165,1.3107136,0.5212121212121212,-10.0,11083.325509130957,0.0,11073.325509130957,0,,10541.36
2020-02-13 00:00:00+00:00,77.67,77.37,69.95795,49.173183,1.297142,0.5212121212121212,-10.0,11064.73440638316,0.0,11054.73440638316,0,,10523.678
2020-02-14 00:00:00+00:00,77.45,77.14,70.02595,52.073753,1.3042848,0.5212121212121212,-10.0,11031.841366887313,0.0,11021.841366887313,0,,10492.394
2020-02-18 00:00:00+00:00,77.38,77.12,70.1102,54.48409,1.2507128,0.5212121212121212,-10.0,11028.98168634767,0.0,11018.98168634767,0,,10489.674
2020-02-19 00:00:00+00:00,77.16,76.64,70.1973,51.632652,1.224284,0.5212121212121212,-10.0,10960.33624751959,0.0,10950.33624751959,0,,10424.385
2020-02-20 00:00:00+00:00,76.57,77.32,70.27755,48.31681,1.2942837,0.5212121212121212,-10.0,11057.583236122066,0.0,11047.583236122066,0,,10516.877
2020-02-21 00:00:00+00:00,77.2,77.57,70.35825,53.104115,1.3228548,0.5212121212121212,-10.0,11093.33586994562,0.0,11083.33586994562,0,,10550.882
2020-02-24 00:00:00+00:00,77.75,76.32,70.44,54.811306,1.3521402,0.5212121212121212,-10.0,10914.572604785595,0.0,10904.572604785595,0,,10380.859
2020-02-25 00:00:00+00:00,76.41,75.08,70.52095,43.76162,1.3664262,0.4117647058823529,-10.0,10737.23991898865,0.0,10727.23991898865,0,,10212.198
2020-02-26 00:00:00+00:00,75.06,74.31,70.59715,48.008175,1.3085687,0.5212121212121212,-10.0,10627.120787815702,0.0,10617.120787815702,0,,10107.464
2020-02-27 00:00:00+00:00,74.01,70.25,70.67275,32.643646,1.2649972,0.5212121212121212,-10.0,10046.498033014035,0.0,10036.498033014035,0,,9555.232
2020-02-28 00:00:00+00:00,68.58,67.19,70.72325,24.232063,1.4842829,0.5212121212121212,-10.0,9608.886069441507,0.0,9598.886069441507,0,,9139.02
2020-03-02 00:00:00+00:00,67.53,70.44,70.75995,15.138582,1.7614256,0.5212121212121212,-10.0,10073.670215112697,0.0,10063.670215112697,0,,9581.076
2020-03-03 00:00:00+00:00,69.81,68.3,70.8121,25.93053,1.8885689,0.5212121212121212,-10.0,9767.627804084985,0.0,9757.627804084985,0,,9289.999
2020-03-04 00:00:00+00:00,68.81,70.16,70.85385,23.145077,2.09714,0.5212121212121212,-10.0,10033.62732792782,0.0,10023.62732792782,0,,9542.991
2020-03-05 00:00:00+00:00,69.53,69.01,70.904854,31.101965,2.184283,0.5212121212121212,-10.0,9869.165154090506,0.0,9859.165154090506,0,,9386.571
2020-03-06 00:00:00+00:00,67.45,67.59,70.9497,29.549904,2.2707117,0.5212121212121212,-10.0,9666.088974298493,0.0,9656.088974298493,0,,9193.426
2020-03-09 00:00:00+00:00,65.24,61.76,70.9846,27.924177,2.4299982,0.5212121212121212,-10.0,8832.33745432982,0.0,8822.33745432982,0,,8400.443
2020-03-10 00:00:00+00:00,62.56,63.89,70.98765,22.01166,2.7985694,0.5212121212121212,-10.0,9136.949937899764,0.0,9126.949937899764,0,,8690.161
2020-03-11 00:00:00+00:00,62.08,59.74,70.9986,28.085257,2.9549985,0.5212121212121212,-10.0,8543.456122607346,0.0,8533.456122607346,0,,8125.6885
2020-03-12 00:00:00+00:00,56.04,52.43,70.99285,23.003689,3.265713,0.5212121212121212,-10.0,7498.0483539273055,0.0,7488.0483539273055,0,,7131.4
2020-03-13 00:00:00+00:00,54.94,53.25,70.9636,18.273602,3.7635705,0.5212121212121212,-10.0,7615.31708908458,0.0,7605.31708908458,0,,7242.9346
2020-03-16 00:00:00+00:00,48.47,46.15,70.9365,20.566473,4.0542846,0.5212121212121212,-10.0,6599.941537727739,0.0,6589.941537727739,0,,6277.21
2020-03-17 00:00:00+00:00,47.04,51.36,70.86875,17.891233,4.5949993,0.5212121212121212,-10.0,7345.027067468569,0.0,7335.027067468569,0,,6985.862
2020-03-18 00:00:00+00:00,48.41,49.04,70.8287,26.8135,5.0821424,0.5212121212121212,-10.0,7013.242496175335,0.0,7003.242496175335,0,,6670.301
2020-03-19 00:00:00+00:00,48.51,48.76,70.771,27.790577,5.1621428,0.5212121212121212,-10.0,6973.19934925551,0.0,6963.19934925551,0,,6632.216
2020-03-20 00:00:00+00:00,48.87,46.86,70.7032,29.508558,5.1114283,0.5212121212121212,-10.0,6701.4795846784555,0.0,6691.4795846784555,0,,6373.783
2020-03-23 00:00:00+00:00,46.46,44.47,70.6147,22.971113,5.2292852,0.5212121212121212,-10.0,6359.684160285377,0.0,6349.684160285377,0,,6048.701
2020-03-24 00:00:00+00:00,46.33,50.38,70.51965,22.84021,5.255714,0.5212121212121212,-10.0,7204.877085160111,0.0,7194.877085160111,0,,6852.5654
2020-03-25 00:00:00+00:00,50.03,53.82,70.45835,29.361433,5.5914283,0.5212121212121212,-10.0,7696.833690054423,0.0,7686.833690054423,0,,7320.466
2020-03-26 00:00:00+00:00,54.13,57.73,70.4231,34.873528,5.891429,0.5212121212121212,-10.0,8256.005564445999,0.0,8246.005564445999,0,,7852.295
2020-03-27 00:00:00+00:00,55.1,55.36,70.41075,40.645164,6.097857,0.5212121212121212,-10.0,7917.070315561041,0.0,7907.070315561041,0,,7529.9336
2020-03-30 00:00:00+00:00,55.71,56.31,70.38995,43.50122,5.935,0.5212121212121212,-10.0,8052.930532901706,0.0,8042.930532901706,0,,7659.1504
2020-03-31 00:00:00+00:00,56.44,54.79,70.3721,42.114025,5.855714,0.5212121212121212,-10.0,7835.554127001713,0.0,7825.554127001713,0,,7452.4033
2020-04-01 00:00:00+00:00,52.27,51.27,70.34885,44.552055,5.647143,0.5212121212121212,-10.0,7332.156729920595,0.0,7322.156729920595,0,,6973.621
2020-04-02 00:00:00+00:00,50.01,51.53,70.30455,48.60711,5.3992853,0.6341463414634146,-10.0,7369.339293140956,0.0,7359.339293140956,0,,7008.986
2020-04-03 00:00:00+00:00,50.96,49.36,70.2588,47.90652,5.2292857,0.5212121212121212,-10.0,7059.006561337521,0.0,7049.006561337521,0,,6713.8276
2020-04-06 00:00:00+00:00,51.6,53.17,70.1938,54.439835,4.7992854,0.5212121212121212,-10.0,7603.877265567119,0.0,7593.877265567119,0,,7232.055
2020-04-07 00:00:00+00:00,55.01,54.03,70.14075,52.604313,4.6014285,0.5212121212121212,-10.0,7726.866595280306,0.0,7716.866595280306,0,,7349.0303
2020-04-08 00:00:00+00:00,54.28,57.57,70.08385,57.494743,4.375,0.99,-10.0,8233.12481878592,0.0,8223.12481878592,0,,7830.5327
2020-04-09 00:00:00+00:00,58.32,60.27,70.04395,62.051987,4.3942857,0.5212121212121212,-10.0,8619.253744983398,0.0,8609.253744983398,0,,8197.78
2020-04-13 00:00:00+00:00,59.68,59.39,70.02,67.95181,4.3457146,0.5212121212121212,-10.0,8493.404088259296,0.0,8483.404088259296,0,,8078.0845
2020-04-14 00:00:00+00:00,60.64,59.86,69.99775,70.814735,4.201429,0.6341463414634146,-10.0,8560.619426465966,0.0,8550.619426465966,0,,8142.013
2020-04-15 00:00:00+00:00,58.48,57.88,69.97145,65.5921,3.9007146,0.5212121212121212,-10.0,8277.458273484368,0.0,8267.458273484368,0,,7872.698
2020-04-16 00:00:00+00:00,58.0,59.82,69.9238,57.014515,3.5850003,0.5212121212121212,-10.0,8554.898801510293,0.0,8544.898801510293,0,,8136.5723
2020-04-17 00:00:00+00:00,61.01,62.06,69.8876,53.874676,3.375,0.5212121212121212,-10.0,8875.242671057424,0.0,8865.242671057424,0,,8441.252
2020-04-20 00:00:00+00:00,61.3,60.01,69.8621,62.481373,3.3064287,0.6341463414634146,-10.0,8582.07036451463,0.0,8572.07036451463,0,,8162.415
2020-04-21 00:00:00+00:00,59.07,58.19,69.8237,56.621326,3.2578576,0.5212121212121212,-10.0,8321.790984958821,0.0,8311.790984958821,0,,7914.8633
2020-04-22 00:00:00+00:00,59.35,58.99,69.77875,56.019825,3.279286,0.6341463414634146,-10.0,8436.200373347614,0.0,8426.200373347614,0,,8023.678
2020-04-23 00:00:00+00:00,58.99,58.23,69.72725,65.12539,3.0207145,0.5212121212121212,-10.0,8327.511712076312,0.0,8317.511712076312,0,,7920.3037
2020-04-24 00:00:00+00:00,58.65,59.25,69.6698,62.87471,2.9578571,0.6341463414634146,-10.0,8473.382504761368,0.0,8463.382504761368,0,,8059.0415
2020-04-27 00:00:00+00:00,59.95,60.75,69.61795,69.883385,2.845,0.5212121212121212,-10.0,8687.898696546248,0.0,8677.898696546248,0,,8263.068
2020-04-28 00:00:00+00:00,61.93,62.19,69.57195,66.79964,2.5742857,0.5212121212121212,-10.0,8893.833991737054,0.0,8883.833991737054,0,,8458.934
2020-04-29 00:00:00+00:00,62.99,60.37,69.5297,67.6318,2.5721428,0.5212121212121212,-10.0,8633.554469560371,0.0,8623.554469560371,0,,8211.382
2020-04-30 00:00:00+00:00,59.81,58.71,69.47875,56.535942,2.4692857,0.5212121212121212,-10.0,8396.156648868908,0.0,8386.156648868908,0,,7985.592
2020-05-01 00:00:00+00:00,57.5,55.69,69.4218,46.172718,2.352857,0.5212121212121212,-10.0,7964.264351766275,0.0,7954.264351766275,0,,7574.819
2020-05-04 00:00:00+00:00,56.16,56.33,69.35185,41.78508,2.4871426,0.5212121212121212,-10.0,8055.791687477715,0.0,8045.791687477715,0,,7661.8706
2020-05-05 00:00:00+00:00,56.64,56.39,69.2796,42.22125,2.397857,0.5212121212121212,-10.0,8064.372193173966,0.0,8054.372193173966,0,,7670.0317
2020-05-06 00:00:00+00:00,56.6,54.04,69.2107,46.413094,2.3528569,0.5212121212121212,-10.0,7728.297401993462,0.0,7718.297401993462,0,,7350.3906
2020-05-07 00:00:00+00:00,54.18,54.53,69.1325,36.35506,2.3542855,0.5212121212121212,-10.0,7798.372169701099,0.0,7788.372169701099,0,,7417.0386
2020-05-08 00:00:00+00:00,55.42,57.05,69.0538,30.622746,2.2821426,0.5212121212121212,-10.0,8158.759512725711,0.0,8148.759512725711,0,,7759.8037
2020-05-11 00:00:00+00:00,56.61,56.82,68.98395,42.562817,2.3335712,0.6341463414634146,-10.0,8125.867155857817,0.0,8115.867155857817,0,,7728.5195
2020-05-12 00:00:00+00:00,57.12,56.41,68.9179,46.258877,2.2585714,0.6341463414634146,-10.0,8067.233025028951,0.0,8057.233025028951,0,,7672.753
2020-05-13 00:00:00+00:00,56.75,57.41,68.8452,42.801334,2.300714,0.5212121212121212,-10.0,8210.243890322216,0.0,8200.243890322216,0,,7808.7705
2020-05-14 00:00:00+00:00,56.41,57.52,68.77925,47.74229,2.2649999,0.5212121212121212,-10.0,8225.975135607387,0.0,8215.975135607387,0,,7823.7324
2020-05-15 00:00:00+00:00,57.17,55.95,68.7155,44.985508,2.2857144,0.5212121212121212,-10.0,8001.448179180351,0.0,7991.448179180351,0,,7610.1846
2020-05-18 00:00:00+00:00,57.58,57.18,68.62255,36.143185,2.3178573,0.6341463414634146,-10.0,8177.350911137234,0.0,8167.350911137234,0,,7777.486
2020-05-19 00:00:00+00:00,56.93,57.42,68.53905,35.35944,2.2942855,0.5212121212121212,-10.0,8211.673214459815,0.0,8201.673214459815,0,,7810.1294
2020-05-20 00:00:00+00:00,57.68,56.26,68.4574,40.502247,2.1707141,0.6341463414634146,-10.0,8045.780658193643,0.0,8035.780658193643,0,,7652.3486
2020-05-21 00:00:00+00:00,56.14,56.27,68.37615,41.84963,2.1314282,0.5212121212121212,-10.0,8047.210723701694,0.0,8037.210723701694,0,,7653.709
2020-05-22 00:00:00+00:00,56.27,56.43,68.29065,52.412655,1.9192857,0.6341463414634146,-10.0,8070.092001522965,0.0,8060.092001522965,0,,7675.471
2020-05-26 00:00:00+00:00,57.49,56.01,68.20185,50.43327,1.8864286,0.6341463414634146,-10.0,8010.027181571778,0.0,8000.027181571778,0,,7618.3438
2020-05-27 00:00:00+00:00,57.02,57.05,68.1063,48.403355,1.8978571,0.5212121212121212,-10.0,8158.758633062753,0.0,8148.758633062753,0,,7759.8022
2020-05-28 00:00:00+00:00,58.25,57.99,68.01965,64.21151,1.8278574,0.5212121212121212,-10.0,8293.189435019964,0.0,8283.189435019964,0,,7887.6597
2020-05-29 00:00:00+00:00,57.75,58.11,67.94425,65.670296,1.8042859,0.5212121212121212,-10.0,8310.35098022538,0.0,8300.35098022538,0,,7903.982
2020-06-01 00:00:00+00:00,58.28,59.25,67.86875,56.134266,1.7042857,0.5212121212121212,-10.0,8473.382740651276,0.0,8463.382740651276,0,,8059.0415
2020-06-02 00:00:00+00:00,59.59,59.86,67.8059,62.72251,1.7049999,0.5212121212121212,-10.0,8560.61952976022,0.0,8550.61952976022,0,,8142.012
2020-06-03 00:00:00+00:00,60.38,60.97,67.74485,67.69231,1.647143,0.5212121212121212,-10.0,8719.361181425582,0.0,8709.361181425582,0,,8292.991
2020-06-04 00:00:00+00:00,60.81,59.06,67.6872,68.052734,1.635,0.5212121212121212,-10.0,8446.210712896638,0.0,8436.210712896638,0,,8033.198
2020-06-05 00:00:00+00:00,59.7,60.88,67.61925,56.603775,1.6378568,0.5212121212121212,-10.0,8706.489802600989,0.0,8696.489802600989,0,,8280.75
2020-06-08 00:00:00+00:00,61.37,64.76,67.56365,70.69689,1.6742853,0.5212121212121212,-10.0,9261.371016652967,0.0,9251.371016652967,0,,8808.498
2020-06-09 00:00:00+00:00,64.06,61.63,67.52255,76.03022,1.8164281,0.5212121212121212,-10.0,8813.747343409112,0.0,8803.747343409112,0,,8382.763
2020-06-10 00:00:00+00:00,61.59,60.34,67.46655,62.063038,1.9678568,0.5212121212121212,-10.0,8629.263597441664,0.0,8619.263597441664,0,,8207.301
2020-06-11 00:00:00+00:00,59.15,56.81,67.4077,61.604095,1.9378569,0.5212121212121212,-10.0,8124.436316616395,0.0,8114.436316616395,0,,7727.1587
2020-06-12 00:00:00+00:00,58.03,57.57,67.3248,51.27962,2.1549995,0.5212121212121212,-10.0,8233.124252960937,0.0,8223.124252960937,0,,7830.5317
2020-06-15 00:00:00+00:00,56.37,59.45,67.246,52.626724,2.225714,0.5212121212121212,-10.0,8501.984782813759,0.0,8491.984782813759,0,,8086.245
2020-06-16 00:00:00+00:00,61.09,60.52,67.18435,57.4266,2.3749998,0.5212121212121212,-10.0,8655.006376443358,0.0,8645.006376443358,0,,8231.784
2020-06-17 00:00:00+00:00,60.82,59.89,67.1258,57.481674,2.4335709,0.5212121212121212,-10.0,8564.909729977895,0.0,8554.909729977895,0,,8146.093
2020-06-18 00:00:00+00:00,59.22,58.84,67.0639,54.152092,2.4642851,0.5212121212121212,-10.0,8414.748788616962,0.0,8404.748788616962,0,,8003.275
2020-06-19 00:00:00+00:00,59.82,55.66,66.9911,51.532967,2.5285707,0.5212121212121212,-10.0,7959.975013807581,0.0,7949.975013807581,0,,7570.739
2020-06-22 00:00:00+00:00,55.74,55.79,66.9035,43.05609,2.7278564,0.5212121212121212,-10.0,7978.566869625081,0.0,7968.566869625081,0,,7588.422
2020-06-23 00:00:00+00:00,56.49,55.77,66.8259,41.978718,2.742142,0.5212121212121212,-10.0,7975.706378365936,0.0,7965.706378365936,0,,7585.701
2020-06-24 00:00:00+00:00,55.29,54.37,66.74985,39.2916,2.731428,0.5212121212121212,-10.0,7775.491010451558,0.0,7765.491010451558,0,,7395.2764
2020-06-25 00:00:00+00:00,54.19,54.89,66.6661,40.13462,2.6778567,0.5212121212121212,-10.0,7849.857060667343,0.0,7839.857060667343,0,,7466.0063
2020-06-26 00:00:00+00:00,55.2,54.82,66.5766,36.671116,2.6249998,0.5212121212121212,-10.0,7839.846130268042,0.0,7829.846130268042,0,,7456.485
2020-06-29 00:00:00+00:00,55.41,55.34,66.4867,23.365486,2.4750001,0.6341463414634146,-10.0,7914.211793371092,0.0,7904.211793371092,0,,7527.2144
2020-06-30 00:00:00+00:00,55.43,54.31,66.4007,30.404985,2.3071427,0.5212121212121212,-10.0,7766.910853286048,0.0,7756.910853286048,0,,7387.1157
2020-07-01 00:00:00+00:00,54.3,55.33,66.3126,30.905642,2.3721428,0.5212121212121212,-10.0,7912.781718178371,0.0,7902.781718178371,0,,7525.854
2020-07-02 00:00:00+00:00,55.5,55.54,66.23185,44.427715,2.1964285,0.6341463414634146,-10.0,7942.8137740741,0.0,7932.8137740741,0,,7554.418
2020-07-06 00:00:00+00:00,56.37,56.05,66.1505,42.026714,2.14,0.6341463414634146,-10.0,8015.749236334723,0.0,8005.749236334723,0,,7623.787
2020-07-07 00:00:00+00:00,55.52,54.48,66.0704,35.035206,1.9600002,0.6341463414634146,-10.0,7791.222280991142,0.0,7781.222280991142,0,,7410.239
2020-07-08 00:00:00+00:00,54.11,54.46,65.97965,24.536253,1.8957146,0.6341463414634146,-10.0,7788.362084279803,0.0,7778.362084279803,0,,7407.5186
2020-07-09 00:00:00+00:00,54.13,53.93,65.88825,25.866665,1.8321432,0.8550386598177668,-10.0,7712.566610766873,0.0,7702.566610766873,0,,7335.429
2020-07-10 00:00:00+00:00,53.8,55.33,65.7871,27.120224,1.8050003,0.6341463414634146,-10.0,7912.781839323702,0.0,7902.781839323702,0,,7525.854
2020-07-13 00:00:00+00:00,56.0,55.98,65.68705,48.156437,1.6150006,0.5212121212121212,-10.0,8005.738024561824,0.0,7995.738024561824,0,,7614.265
2020-07-14 00:00:00+00:00,56.22,56.67,65.5912,51.003162,1.608572,0.6341463414634146,-10.0,8104.414859715833,0.0,8094.414859715833,0,,7708.1167
2020-07-15 00:00:00+00:00,57.33,55.28,65.49275,54.43786,1.5978576,0.5212121212121212,-10.0,7905.630039675576,0.0,7895.630039675576,0,,7519.0527
2020-07-16 00:00:00+00:00,55.36,56.09,65.38975,54.49161,1.6642859,0.6341463414634146,-10.0,8021.469094493344,0.0,8011.469094493344,0,,7629.227
2020-07-17 00:00:00+00:00,56.5,56.36,65.2931,55.758163,1.6228575,0.6341463414634146,-10.0,8060.081808549793,0.0,8050.081808549793,0,,7665.9517
2020-07-20 00:00:00+00:00,55.98,54.89,65.2054,57.250477,1.5350001,0.5212121212121212,-10.0,7849.856039356531,0.0,7839.856039356531,0,,7466.006
2020-07-21 00:00:00+00:00,55.16,55.95,65.10745,48.055313,1.5664285,0.6341463414634146,-10.0,8001.447969620956,0.0,7991.447969620956,0,,7610.185
2020-07-22 00:00:00+00:00,55.73,56.71,65.01745,57.068962,1.4821428,0.6341463414634146,-10.0,8110.135965507091,0.0,8100.135965507091,0,,7713.5586
2020-07-23 00:00:00+00:00,56.69,56.66,64.92305,56.084644,1.4678574,0.5212121212121212,-10.0,8102.985486476376,0.0,8092.985486476376,0,,7706.758
2020-07-24 00:00:00+00:00,56.72,56.02,64.8319,55.00894,1.4728574,0.6341463414634146,-10.0,8011.458717815819,0.0,8001.458717815819,0,,7619.7065
2020-07-27 00:00:00+00:00,55.76,53.16,64.73835,49.86738,1.4900004,0.99,-10.0,7602.447905352685,0.0,7592.447905352685,0,,7230.6963
2020-07-28 00:00:00+00:00,53.2,55.11,64.63215,44.761906,1.5878574,0.5212121212121212,-10.0,7881.3191605726415,0.0,7871.3191605726415,0,,7495.9307
2020-07-29 00:00:00+00:00,54.72,53.78,64.53675,52.236755,1.7150002,0.6341463414634146,-10.0,7691.114847759306,0.0,7681.114847759306,0,,7315.0273
2020-07-30 00:00:00+00:00,53.37,54.87,64.449,49.510757,1.7235718,0.5212121212121212,-10.0,7846.996248366694,0.0,7836.996248366694,0,,7463.286
2020-07-31 00:00:00+00:00,54.47,55.67,64.37305,48.4687,1.7464286,0.5212121212121212,-10.0,7961.4046074360995,0.0,7951.4046074360995,0,,7572.0996
2020-08-03 00:00:00+00:00,55.33,53.93,64.30195,48.97824,1.7464286,0.5212121212121212,-10.0,7712.566107004529,0.0,7702.566107004529,0,,7335.429
2020-08-04 00:00:00+00:00,53.62,54.7,64.2224,41.553646,1.8057142,0.6341463414634146,-10.0,7822.684705370556,0.0,7812.684705370556,0,,7440.163
2020-08-05 00:00:00+00:00,54.8,53.61,64.1431,48.141033,1.7478572,0.6341463414634146,-10.0,7666.802805457598,0.0,7656.802805457598,0,,7291.9033
2020-08-06 00:00:00+00:00,53.58,53.87,64.05855,42.191437,1.7442856,0.6341463414634146,-10.0,7703.98520074111,0.0,7693.98520074111,0,,7327.2676
2020-08-07 00:00:00+00:00,53.68,54.61,63.97545,42.155003,1.7514284,0.6341463414634146,-10.0,7809.81364410585,0.0,7799.81364410585,0,,7427.9214
2020-08-10 00:00:00+00:00,54.69,54.25,63.8908,49.075302,1.7407142,0.6341463414634146,-10.0,7758.3296804241245,0.0,7748.3296804241245,0,,7378.955
2020-08-11 00:00:00+00:00,53.97,53.58,63.79995,44.11357,1.7057141,0.6341463414634146,-10.0,7662.512744739251,0.0,7652.512744739251,0,,7287.8237
2020-08-12 00:00:00+00:00,54.0,54.53,63.7069,39.094086,1.6999995,0.6341463414634146,-10.0,7798.3727313515765,0.0,7788.3727313515765,0,,7417.04
2020-08-13 00:00:00+00:00,54.42,53.61,63.6493,43.016388,1.7285707,0.6341463414634146,-10.0,7666.8033223702105,0.0,7656.8033223702105,0,,7291.9043
2020-08-14 00:00:00+00:00,53.27,52.69,63.59455,42.24082,1.7449992,0.5212121212121212,-10.0,7535.233220885143,0.0,7525.233220885143,0,,7166.7676
2020-08-17 00:00:00+00:00,52.62,51.78,63.531,48.270782,1.6171423,0.5212121212121212,-10.0,7405.093688965735,0.0,7395.093688965735,0,,7042.992
2020-08-18 00:00:00+00:00,51.83,51.49,63.4791,36.733055,1.5257138,0.5212121212121212,-10.0,7363.620931316159,0.0,7353.620931316159,0,,7003.5474
2020-08-19 00:00:00+00:00,51.63,52.25,63.42205,40.05213,1.4478567,0.5212121212121212,-10.0,7472.308982164735,0.0,7462.308982164735,0,,7106.921
2020-08-20 00:00:00+00:00,51.89,51.24,63.3554,38.282642,1.4049994,0.6341463414634146,-10.0,7327.868619445382,0.0,7317.868619445382,0,,6969.5435
2020-08-21 00:00:00+00:00,51.43,51.26,63.2807,30.553112,1.406428,0.5212121212121212,-10.0,7330.728622184819,0.0,7320.728622184819,0,,6972.264
2020-08-24 00:00:00+00:00,51.36,52.34,63.2063,36.194386,1.3278567,0.5212121212121212,-10.0,7485.180108853995,0.0,7475.180108853995,0,,7119.163
2020-08-25 00:00:00+00:00,52.39,52.0,63.13965,38.176334,1.3078564,0.5212121212121212,-10.0,7436.556287466498,0.0,7426.556287466498,0,,7072.917
2020-08-26 00:00:00+00:00,51.68,51.09,63.0712,41.278427,1.2678566,0.5212121212121212,-10.0,7306.416676546757,0.0,7296.416676546757,0,,6949.141
2020-08-27 00:00:00+00:00,51.25,51.75,62.99515,35.931164,1.3042853,0.5212121212121212,-10.0,7400.803546929465,0.0,7390.803546929465,0,,7038.9126
2020-08-28 00:00:00+00:00,52.12,52.17,62.92235,35.408142,1.2649994,0.5212121212121212,-10.0,7460.867636976169,0.0,7450.867636976169,0,,7096.0396
2020-08-31 00:00:00+00:00,51.88,52.48,62.849,39.45231,1.2449995,0.5212121212121212,-10.0,7505.200905169499,0.0,7495.200905169499,0,,7138.205
2020-09-01 00:00:00+00:00,52.15,51.81,62.77085,44.210506,1.1985711,0.5212121212121212,-10.0,7409.384115192052,0.0,7399.384115192052,0,,7047.0737
2020-09-02 00:00:00+00:00,51.94,52.57,62.6815,35.249454,1.160714,0.5212121212121212,-10.0,7518.071937312553,0.0,7508.071937312553,0,,7150.447
2020-09-03 00:00:00+00:00,52.9,52.96,62.59385,44.260475,1.1078568,0.5212121212121212,-10.0,7573.845750179102,0.0,7563.845750179102,0,,7203.493
2020-09-04 00:00:00+00:00,53.06,52.26,62.51115,51.582653,1.098571,0.6341463414634146,-10.0,7473.738377380214,0.0,7463.738377380214,0,,7108.281
2020-09-08 00:00:00+00:00,52.43,51.37,62.42815,52.884617,1.1371424,0.6341463414634146,-10.0,7346.458825803536,0.0,7336.458825803536,0,,6987.2246
2020-09-09 00:00:00+00:00,51.7,51.54,62.3304,49.32734,1.1707137,0.5212121212121212,-10.0,7370.770969542179,0.0,7360.770969542179,0,,7010.3477
2020-09-10 00:00:00+00:00,51.42,50.5,62.23305,45.738297,1.1564282,0.5212121212121212,-10.0,7222.03989084248,0.0,7212.03989084248,0,,6868.889
2020-09-11 00:00:00+00:00,50.62,50.63,62.1293,45.57415,1.1414282,0.5212121212121212,-10.0,7240.631765852344,0.0,7230.631765852344,0,,6886.5723
2020-09-14 00:00:00+00:00,50.82,51.65,62.03105,46.28101,1.1178567,0.5212121212121212,-10.0,7386.502485662533,0.0,7376.502485662533,0,,7025.3096
2020-09-15 00:00:00+00:00,51.87,51.51,61.9443,45.897747,1.1049998,0.549618320610687,-10.0,7366.480333385273,0.0,7356.480333385273,0,,7006.2666
2020-09-16 00:00:00+00:00,51.42,52.54,61.8527,47.015823,1.1592854,0.549618320610687,-10.0,7513.781698656132,0.0,7503.781698656132,0,,7146.365
2020-09-17 00:00:00+00:00,52.08,52.63,61.7699,58.70348,1.1735712,0.4957264957264957,-10.0,7526.653088403953,0.0,7516.653088403953,0,,7158.6074
2020-09-18 00:00:00+00:00,52.39,51.42,61.67525,55.670105,1.1878569,0.4957264957264957,-10.0,7353.609589654681,0.0,7343.609589654681,0,,6994.025
2020-09-21 00:00:00+00:00,50.74,49.7,61.57365,45.61404,1.2628572,0.4957264957264957,-10.0,7107.631732489021,0.0,7097.631732489021,0,,6760.075
2020-09-22 00:00:00+00:00,49.59,50.42,61.46715,36.044193,1.3664284,0.5309734513274337,-10.0,7210.599345982311,0.0,7200.599345982311,0,,6858.008
2020-09-23 00:00:00+00:00,50.47,49.3,61.36255,43.05693,1.3942854,0.549618320610687,-10.0,7050.427422722734,0.0,7040.427422722734,0,,6705.668
2020-09-24 00:00:00+00:00,49.4,50.84,61.2522,34.23337,1.4635713,0.5309734513274337,-10.0,7270.664189179746,0.0,7260.664189179746,0,,6915.1353
2020-09-25 00:00:00+00:00,50.31,51.65,61.151352,40.798622,1.5314285,0.5309734513274337,-10.0,7386.502748912645,0.0,7376.502748912645,0,,7025.3096
2020-09-28 00:00:00+00:00,52.01,51.89,61.0532,47.377487,1.5099996,0.549618320610687,-10.0,7420.825307631549,0.0,7410.825307631549,0,,7057.954
2020-09-29 00:00:00+00:00,51.42,51.02,60.955,52.367943,1.4935712,0.4957264957264957,-10.0,7296.406336642341,0.0,7286.406336642341,0,,6939.619
2020-09-30 00:00:00+00:00,51.44,50.84,60.85285,47.77397,1.4728568,0.65,-10.0,7270.6641880360285,0.0,7260.6641880360285,0,,6915.1357
2020-10-01 00:00:00+00:00,50.8,50.44,60.7436,51.571163,1.475714,0.4957264957264957,-10.0,7213.459527651079,0.0,7203.459527651079,0,,6860.729
2020-10-02 00:00:00+00:00,50.14,51.5,60.6258,49.14336,1.4857142,0.549618320610687,-10.0,7365.050726065765,0.0,7355.050726065765,0,,7004.907
2020-10-05 00:00:00+00:00,51.76,52.61,60.51555,49.326138,1.5064284,0.549618320610687,-10.0,7523.792589605564,0.0,7513.792589605564,0,,7155.8867
2020-10-06 00:00:00+00:00,52.7,53.86,60.40725,54.545464,1.4864284,0.5309734513274337,-10.0,7702.555815259555,0.0,7692.555815259555,0,,7325.9087
2020-10-07 00:00:00+00:00,54.11,54.94,60.30945,55.357143,1.5785711,0.4957264957264957,-10.0,7857.007126916171,0.0,7847.007126916171,0,,7472.807
2020-10-08 00:00:00+00:00,54.98,56.1,60.2082,58.677677,1.5942851,0.4957264957264957,-10.0,8022.8999104743025,0.0,8012.8999104743025,0,,7630.588
2020-10-09 00:00:00+00:00,56.6,56.09,60.11465,67.647064,1.5549995,0.4957264957264957,-10.0,8021.470086197598,0.0,8011.470086197598,0,,7629.2275
2020-10-12 00:00:00+00:00,56.16,56.27,60.021,77.662346,1.4607141,0.549618320610687,-10.0,8047.211898751056,0.0,8037.211898751056,0,,7653.711
2020-10-13 00:00:00+00:00,55.7,56.28,59.925602,76.56677,1.4314283,0.5309734513274337,-10.0,8048.642218649308,0.0,8038.642218649308,0,,7655.071
2020-10-14 00:00:00+00:00,56.34,56.24,59.8309,85.25253,1.3428571,0.5309734513274337,-10.0,8042.922320832355,0.0,8032.922320832355,0,,7649.631
2020-10-15 00:00:00+00:00,55.61,56.81,59.73855,82.14289,1.2742854,0.5309734513274337,-10.0,8124.438736394646,0.0,8114.438736394646,0,,7727.161
2020-10-16 00:00:00+00:00,56.82,58.11,59.64555,81.617676,1.3021429,0.5309734513274337,-10.0,8310.352672938061,0.0,8300.352672938061,0,,7903.9844
2020-10-19 00:00:00+00:00,57.96,58.26,59.5642,83.73105,1.3564287,0.4957264957264957,-10.0,8331.803677255717,0.0,8321.803677255717,0,,7924.386
2020-10-20 00:00:00+00:00,58.86,59.75,59.4816,92.588264,1.3521429,0.5309734513274337,-10.0,8544.889904328762,0.0,8534.889904328762,0,,8127.0527
2020-10-21 00:00:00+00:00,59.5,59.05,59.4047,95.41287,1.3964288,0.4957264957264957,-10.0,8444.782488094415,0.0,8434.782488094415,0,,8031.8403
2020-10-22 00:00:00+00:00,59.03,59.89,59.32065,92.581635,1.394286,0.5309734513274337,-10.0,8564.911583923462,0.0,8554.911583923462,0,,8146.095
2020-10-23 00:00:00+00:00,60.42,60.49,59.2414,92.41662,1.3900005,0.5309734513274337,-10.0,8650.717854703182,0.0,8640.717854703182,0,,8227.706
2020-10-26 00:00:00+00:00,59.98,58.19,59.16315,92.0043,1.3621434,0.5309734513274337,-10.0,8321.79268425556,0.0,8311.79268425556,0,,7914.865
2020-10-27 00:00:00+00:00,57.99,57.81,59.0766,70.75743,1.4692866,0.4957264957264957,-10.0,8267.449007301826,0.0,8257.449007301826,0,,7863.1787
2020-10-28 00:00:00+00:00,58.0,56.56,58.9888,64.74822,1.4635724,0.549618320610687,-10.0,8088.685772294131,0.0,8078.685772294131,0,,7693.157
2020-10-29 00:00:00+00:00,56.12,56.07,58.89645,52.342175,1.560715,0.5309734513274337,-10.0,8018.610123293045,0.0,8008.610123293045,0,,7626.508
2020-10-30 00:00:00+00:00,55.85,56.04,58.79215,49.902912,1.6157148,0.549618320610687,-10.0,8014.320076334916,0.0,8004.320076334916,0,,7622.4272
2020-11-02 00:00:00+00:00,56.4,57.55,58.68955,48.866997,1.6721431,0.549618320610687,-10.0,8230.265890130728,0.0,8220.265890130728,0,,7827.8135
2020-11-03 00:00:00+00:00,58.14,58.41,58.5925,55.450645,1.7214288,0.5309734513274337,-10.0,8353.254707900891,0.0,8343.254707900891,0,,7944.7886
2020-11-04 00:00:00+00:00,57.93,57.43,58.49355,58.700874,1.7578574,0.5309734513274337,-10.0,8213.10436305447,0.0,8203.10436305447,0,,7811.4917
2020-11-05 00:00:00+00:00,58.11,59.38,58.39535,52.40683,1.7657144,0.4957264957264957,-10.0,8491.97524553328,0.0,8481.97524553328,0,,8076.7256
2020-11-06 00:00:00+00:00,59.21,58.32,58.3038,54.693275,1.7907143,0.4957264957264957,-10.0,8340.383518860004,0.0,8330.383518860004,0,,7932.547
2020-11-09 00:00:00+00:00,61.93,60.76,58.2108,50.20776,1.8471432,0.549618320610687,-10.0,8689.329894863411,0.0,8679.329894863411,0,,8264.43
2020-11-10 00:00:00+00:00,61.14,62.72,58.13355,53.281345,2.0742857,0.4957264957264957,-10.0,8969.631627746856,0.0,8959.631627746856,0,,8531.025
2020-11-11 00:00:00+00:00,63.12,62.9,58.06315,61.021023,2.19,0.4957264957264957,-10.0,8995.373075172505,0.0,8985.373075172505,0,,8555.508
2020-11-12 00:00:00+00:00,62.48,62.79,57.99275,59.412136,2.1542854,0.5309734513274337,-10.0,8979.641964240538,0.0,8969.641964240538,0,,8540.546
2020-11-13 00:00:00+00:00,63.0,64.06,57.92335,57.41935,2.1992853,0.5309734513274337,-10.0,9161.26528868611,0.0,9151.26528868611,0,,8713.288
2020-11-16 00:00:00+00:00,64.99,65.17,57.8609,70.28335,2.0314279,0.5309734513274337,-10.0,9320.007544227397,0.0,9310.007544227397,0,,8864.268
2020-11-17 00:00:00+00:00,64.77,65.6,57.79845,74.21052,2.0421426,0.5309734513274337,-10.0,9381.502025500744,0.0,9371.502025500744,0,,8922.756
2020-11-18 00:00:00+00:00,66.01,64.54,57.7491,81.43253,1.9964286,0.549618320610687,-10.0,9229.910826364778,0.0,9219.910826364778,0,,8778.577
2020-11-19 00:00:00+00:00,64.15,63.62,57.68515,78.32777,2.032143,0.5309734513274337,-10.0,9098.340765892333,0.0,9088.340765892333,0,,8653.441
2020-11-20 00:00:00+00:00,63.71,63.38,57.6218,73.92676,2.0128577,0.65,-10.0,9064.01838564323,0.0,9054.01838564323,0,,8620.797
2020-11-23 00:00:00+00:00,63.56,64.15,57.5537,70.00687,1.9821436,0.549618320610687,-10.0,9174.136930428736,0.0,9164.136930428736,0,,8725.53
2020-11-24 00:00:00+00:00,64.99,65.45,57.48345,69.82045,1.9485719,0.549618320610687,-10.0,9360.050660989067,0.0,9350.050660989067,0,,8902.354
2020-11-25 00:00:00+00:00,64.92,63.71,57.4207,77.09459,1.9171431,0.549618320610687,-10.0,9111.212200778049,0.0,9101.212200778049,0,,8665.683
2020-11-27 00:00:00+00:00,63.67,62.79,57.35175,64.83893,1.9192859,0.549618320610687,-10.0,8979.642494583499,0.0,8969.642494583499,0,,8540.547
2020-11-30 00:00:00+00:00,62.38,61.36,57.27885,65.46714,1.897143,0.549618320610687,-10.0,8775.137074807333,0.0,8765.137074807333,0,,8346.041
2020-12-01 00:00:00+00:00,61.88,62.09,57.19995,52.23215,1.6821431,0.549618320610687,-10.0,8879.534598798047,0.0,8869.534598798047,0,,8445.334
2020-12-02 00:00:00+00:00,62.04,62.19,57.1248,47.42014,1.63,0.5309734513274337,-10.0,8893.835244677526,0.0,8883.835244677526,0,,8458.935
2020-12-03 00:00:00+00:00,62.05,61.54,57.05255,47.073357,1.6407144,0.5309734513274337,-10.0,8800.878713759363,0.0,8790.878713759363,0,,8370.524
2020-12-04 00:00:00+00:00,61.76,61.83,56.97365,45.06708,1.6235714,0.5309734513274337,-10.0,8842.351474860478,0.0,8832.351474860478,0,,8409.969
2020-12-07 00:00:00+00:00,61.3,61.94,56.89495,40.46194,1.5550001,0.5309734513274337,-10.0,8858.081666455953,0.0,8848.081666455953,0,,8424.93
2020-12-08 00:00:00+00:00,61.43,61.89,56.82305,34.892403,1.5321424,0.5309734513274337,-10.0,8850.931195244948,0.0,8840.931195244948,0,,8418.129
2020-12-09 00:00:00+00:00,62.09,62.91,56.7571,32.007732,1.4571421,0.4957264957264957,-10.0,8996.801652974504,0.0,8986.801652974504,0,,8556.866
2020-12-10 00:00:00+00:00,63.0,62.88,56.7001,42.064247,1.3785706,0.4957264957264957,-10.0,8992.511643641383,0.0,8982.511643641383,0,,8552.786
2020-12-11 00:00:00+00:00,62.89,62.8,56.66325,46.055443,1.3314275,0.2,-10.0,8981.070284506162,0.0,8971.070284506162,0,,8541.904
2020-12-14 00:00:00+00:00,63.0,62.26,56.6413,46.85465,1.3057128,0.4957264957264957,-10.0,8903.844352477052,0.0,8893.844352477052,0,,8468.454
2020-12-15 00:00:00+00:00,62.49,63.76,56.6004,39.488285,1.297856,0.4957264957264957,-10.0,9118.360712660848,0.0,9108.360712660848,0,,8672.481
2020-12-16 00:00:00+00:00,63.66,62.7,56.5777,40.80522,1.2928562,0.4957264957264957,-10.0,8966.769713698091,0.0,8956.769713698091,0,,8528.303
2020-12-17 00:00:00+00:00,62.86,62.9,56.5404,44.065807,1.2185707,0.549618320610687,-10.0,8995.37193518694,0.0,8985.37193518694,0,,8555.507
2020-12-18 00:00:00+00:00,62.91,62.54,56.50985,50.70604,1.1649992,0.4957264957264957,-10.0,8943.88820844941,0.0,8933.88820844941,0,,8506.54
2020-12-21 00:00:00+00:00,61.73,61.88,56.4846,58.779774,1.1335708,0.4957264957264957,-10.0,8849.501202711463,0.0,8839.501202711463,0,,8416.769
2020-12-22 00:00:00+00:00,61.82,61.32,56.4852,48.42106,1.158571,0.4957264957264957,-10.0,8769.415223750013,0.0,8759.415223750013,0,,8340.599
2020-12-23 00:00:00+00:00,61.67,61.3,56.47235,43.881863,1.1421424,0.549618320610687,-10.0,8766.555020954485,0.0,8756.555020954485,0,,8337.878
2020-12-24 00:00:00+00:00,61.73,62.19,56.48015,48.148136,1.1042854,0.549618320610687,-10.0,8893.834334651357,0.0,8883.834334651357,0,,8458.934
2020-12-28 00:00:00+00:00,62.3,62.45,56.52895,52.54235,1.1192853,0.549618320610687,-10.0,8931.017579350664,0.0,8921.017579350664,0,,8494.299
2020-12-29 00:00:00+00:00,62.68,62.18,56.57495,53.526985,1.115714,0.5309734513274337,-10.0,8892.404481019226,0.0,8882.404481019226,0,,8457.573
2020-12-30 00:00:00+00:00,61.56,61.63,56.6551,51.946312,1.1299998,0.5309734513274337,-10.0,8813.748765280765,0.0,8803.748765280765,0,,8382.764
2020-12-31 00:00:00+00:00,61.8,62.82,56.70645,40.83096,1.1014284,0.549618320610687,-10.0,8983.931725613109,0.0,8973.931725613109,0,,8544.625
2021-01-04 00:00:00+00:00,62.76,60.49,56.77535,49.631443,1.147143,0.4957264957264957,-10.0,8650.717131068113,0.0,8640.717131068113,0,,8227.704
2021-01-05 00:00:00+00:00,60.67,60.81,56.834,38.883553,1.2964287,0.4957264957264957,-10.0,8696.480727856211,0.0,8686.480727856211,0,,8271.2295
2021-01-06 00:00:00+00:00,61.83,62.62,56.90375,42.871204,1.2900001,0.4957264957264957,-10.0,8955.329489240075,0.0,8945.329489240075,0,,8517.421
2021-01-07 00:00:00+00:00,62.81,62.05,56.9945,44.56107,1.3428571,0.549618320610687,-10.0,8873.813393664426,0.0,8863.813393664426,0,,8439.891
2021-01-08 00:00:00+00:00,62.19,62.3,57.05285,46.74674,1.3500001,0.5309734513274337,-10.0,8909.5663034534,0.0,8899.5663034534,0,,8473.8955
2021-01-11 00:00:00+00:00,62.18,61.67,57.09525,47.01194,1.3564287,0.5309734513274337,-10.0,8819.46916219282,0.0,8809.46916219282,0,,8388.204
2021-01-12 00:00:00+00:00,61.58,62.51,57.11495,45.78078,1.3378571,0.4957264957264957,-10.0,8939.597858929174,0.0,8929.597858929174,0,,8502.458
2021-01-13 00:00:00+00:00,62.47,63.2,57.1507,53.002846,1.3257141,0.4957264957264957,-10.0,9038.275852148718,0.0,9028.275852148718,0,,8596.312
2021-01-14 00:00:00+00:00,63.3,61.63,57.18515,58.85123,1.3564284,0.5309734513274337,-10.0,8813.74894276428,0.0,8803.74894276428,0,,8382.764
2021-01-15 00:00:00+00:00,61.32,61.87,57.21935,51.3558,1.4271429,0.5309734513274337,-10.0,8848.071530816229,0.0,8838.071530816229,0,,8415.407
2021-01-19 00:00:00+00:00,62.05,60.87,57.27235,48.61111,1.4692857,0.549618320610687,-10.0,8705.060753048338,0.0,8695.060753048338,0,,8279.39
2021-01-20 00:00:00+00:00,60.21,60.22,57.31905,43.55627,1.5057144,0.549618320610687,-10.0,8612.104021775856,0.0,8602.104021775856,0,,8190.979
2021-01-21 00:00:00+00:00,59.87,59.33,57.37335,42.246834,1.51,0.5309734513274337,-10.0,8484.82444043701,0.0,8474.82444043701,0,,8069.923
2021-01-22 00:00:00+00:00,59.0,59.3,57.40415,41.140213,1.5392857,0.549618320610687,-10.0,8480.533785148751,0.0,8470.533785148751,0,,8065.842
2021-01-25 00:00:00+00:00,59.07,59.4,57.4305,35.109978,1.5085714,0.5309734513274337,-10.0,8494.834802781797,0.0,8484.834802781797,0,,8079.4434
2021-01-26 00:00:00+00:00,59.5,59.1,57.43965,44.316998,1.377857,0.4957264957264957,-10.0,8451.93130006842,0.0,8441.93130006842,0,,8038.638
2021-01-27 00:00:00+00:00,58.57,57.0,57.4338,41.06582,1.3771428,0.5309734513274337,-10.0,8151.609236327452,0.0,8141.609236327452,0,,7753.0015
2021-01-28 00:00:00+00:00,57.34,58.89,57.42185,21.501032,1.3707142,0.5309734513274337,-10.0,8421.898872684998,0.0,8411.898872684998,0,,8010.0737
2021-01-29 00:00:00+00:00,58.46,58.16,57.417,35.867626,1.4842854,0.6666666666666666,-10.0,8317.501199760462,0.0,8307.501199760462,0,,7910.781
2021-02-01 00:00:00+00:00,58.11,58.01,57.4184,32.247005,1.5192852,0.549618320610687,-10.0,8296.04959080975,0.0,8286.04959080975,0,,7890.3784
2021-02-02 00:00:00+00:00,58.05,59.17,57.40935,33.631493,1.500714,0.5309734513274337,-10.0,8461.9417443722,0.0,8451.9417443722,0,,8048.158
2021-02-03 00:00:00+00:00,58.88,58.93,57.3949,35.478264,1.4942853,0.549618320610687,-10.0,8427.619295659342,0.0,8417.619295659342,0,,8015.514
2021-02-04 00:00:00+00:00,59.03,58.89,57.3895,30.67873,1.4449995,0.5309734513274337,-10.0,8421.898815662007,0.0,8411.898815662007,0,,8010.073
2021-02-05 00:00:00+00:00,59.36,58.65,57.393,35.609234,1.3728567,0.549618320610687,-10.0,8387.576643990422,0.0,8377.576643990422,0,,7977.4297
2021-02-08 00:00:00+00:00,58.55,57.73,57.3913,33.08825,1.3078567,0.549618320610687,-10.0,8256.006322184414,0.0,8246.006322184414,0,,7852.2935
2021-02-09 00:00:00+00:00,57.76,57.78,57.3888,33.368652,1.2899996,0.549618320610687,-10.0,8263.156481773545,0.0,8253.156481773545,0,,7859.0938
2021-02-10 00:00:00+00:00,58.13,58.53,57.38145,36.19909,1.2964281,0.549618320610687,-10.0,8370.414093128658,0.0,8360.414093128658,0,,7961.1064
2021-02-11 00:00:00+00:00,58.53,58.34,57.37035,45.402283,1.3014281,0.549618320610687,-10.0,8343.242153973797,0.0,8333.242153973797,0,,7935.2627
2021-02-12 00:00:00+00:00,58.15,57.91,57.3511,44.582397,1.2621424,0.65,-10.0,8281.747527077649,0.0,8271.747527077649,0,,7876.7754
2021-02-16 00:00:00+00:00,57.97,56.98,57.3388,41.893353,1.2671427,0.549618320610687,-10.0,8148.747642012356,0.0,8138.747642012356,0,,7750.279
2021-02-17 00:00:00+00:00,57.11,56.49,57.33015,39.205704,1.2992857,0.549618320610687,-10.0,8078.6728115964315,0.0,8068.6728115964315,0,,7683.6304
2021-02-18 00:00:00+00:00,56.15,55.69,57.33415,46.89404,1.2164288,0.549618320610687,-10.0,7964.26405955175,0.0,7954.26405955175,0,,7574.8164
2021-02-19 00:00:00+00:00,55.75,55.22,57.33095,27.528082,1.0664289,0.5309734513274337,-10.0,7897.049327577145,0.0,7887.049327577145,0,,7510.8887
2021-02-22 00:00:00+00:00,55.16,55.35,57.3251,28.571428,1.0485717,0.5309734513274337,-10.0,7915.640127161652,0.0,7905.640127161652,0,,7528.5703
2021-02-23 00:00:00+00:00,55.98,55.92,57.33165,30.555536,1.0514287,0.5309734513274337,-10.0,7997.156441151425,0.0,7987.156441151425,0,,7606.1006
2021-02-24 00:00:00+00:00,55.69,56.47,57.3386,23.999968,1.0128574,0.549618320610687,-10.0,8075.812326529981,0.0,8065.812326529981,0,,7680.91
2021-02-25 00:00:00+00:00,56.31,55.66,57.3357,31.25,1.0735719,0.549618320610687,-10.0,7959.973541823879,0.0,7949.973541823879,0,,7570.736
2021-02-26 00:00:00+00:00,55.47,53.99,57.3299,27.967255,1.1135718,0.549618320610687,-10.0,7721.146096222109,0.0,7711.146096222109,0,,7343.587
2021-03-01 00:00:00+00:00,54.6,54.91,57.3178,23.401823,1.2078577,0.549618320610687,-10.0,7852.715456291417,0.0,7842.715456291417,0,,7468.7227
2021-03-02 00:00:00+00:00,54.86,54.9,57.3053,33.904102,1.264286,0.65,-10.0,7851.285538138192,0.0,7841.285538138192,0,,7467.3623
2021-03-03 00:00:00+00:00,54.73,55.8,57.2922,33.48624,1.2621433,0.549618320610687,-10.0,7979.994983690266,0.0,7969.994983690266,0,,7589.778
2021-03-04 00:00:00+00:00,56.25,57.02,57.29145,34.611034,1.3064289,0.5309734513274337,-10.0,8154.46814300033,0.0,8144.46814300033,0,,7755.719
2021-03-05 00:00:00+00:00,57.37,57.7,57.29065,43.333332,1.4035718,0.4957264957264957,-10.0,8251.715861933644,0.0,8241.715861933644,0,,7848.2114
2021-03-08 00:00:00+00:00,57.91,57.39,57.29205,48.965523,1.4207145,0.5309734513274337,-10.0,8207.382334585425,0.0,8197.382334585425,0,,7806.046
2021-03-09 00:00:00+00:00,57.41,57.46,57.2977,52.151104,1.3842858,0.5309734513274337,-10.0,8217.393284679587,0.0,8207.393284679587,0,,7815.5674
2021-03-10 00:00:00+00:00,57.7,58.22,57.30365,55.323807,1.3814286,0.4957264957264957,-10.0,8326.08169127995,0.0,8316.08169127995,0,,7918.941
2021-03-11 00:00:00+00:00,57.74,57.51,57.3126,63.947098,1.4021426,0.4957264957264957,-10.0,8224.543710239617,0.0,8214.543710239617,0,,7822.368
2021-03-12 00:00:00+00:00,57.87,58.22,57.3201,62.298588,1.4414285,0.65,-10.0,8326.08122638813,0.0,8316.08122638813,0,,7918.941
2021-03-15 00:00:00+00:00,58.47,59.57,57.32595,64.50961,1.4335717,0.65,-10.0,8519.145363330716,0.0,8509.145363330716,0,,8102.5645
2021-03-16 00:00:00+00:00,59.1,59.56,57.33385,67.10403,1.4628571,0.5309734513274337,-10.0,8517.715453067705,0.0,8507.715453067705,0,,8101.204
2021-03-17 00:00:00+00:00,59.74,59.54,57.3411,65.251724,1.3949999,0.549618320610687,-10.0,8514.855097162257,0.0,8504.855097162257,0,,8098.484
2021-03-18 00:00:00+00:00,59.54,58.56,57.34255,70.77088,1.3521429,0.549618320610687,-10.0,8374.70462995686,0.0,8364.70462995686,0,,7965.186
2021-03-19 00:00:00+00:00,58.67,59.47,57.33605,76.416176,1.2792857,0.4957264957264957,-10.0,8504.844576506115,0.0,8494.844576506115,0,,8088.9624
2021-03-22 00:00:00+00:00,58.91,59.18,57.32855,76.388885,1.2578572,0.4957264957264957,-10.0,8463.371256419057,0.0,8453.371256419057,0,,8049.517
2021-03-23 00:00:00+00:00,59.1,59.05,57.32915,73.99101,1.2435714,0.5309734513274337,-10.0,8444.77952179185,0.0,8434.77952179185,0,,8031.835
2021-03-24 00:00:00+00:00,58.7,59.93,57.32,69.93863,1.1878569,0.549618320610687,-10.0,8570.628623046581,0.0,8560.628623046581,0,,8151.53
2021-03-25 00:00:00+00:00,60.14,60.32,57.29585,68.62994,1.1764281,0.549618320610687,-10.0,8626.403146845061,0.0,8616.403146845061,0,,8204.577
2021-03-26 00:00:00+00:00,60.49,60.68,57.2893,67.42019,1.1392852,0.549618320610687,-10.0,8677.887358951146,0.0,8667.887358951146,0,,8253.543
2021-03-29 00:00:00+00:00,60.36,60.42,57.291,71.7305,1.1328566,0.549618320610687,-10.0,8640.704355014563,0.0,8630.704355014563,0,,8218.179
2021-03-30 00:00:00+00:00,59.59,59.44,57.30905,69.072136,1.131428,0.4957264957264957,-10.0,8500.55390387895,0.0,8490.55390387895,0,,8084.8813
2021-03-31 00:00:00+00:00,59.58,58.6,57.3184,57.64409,1.1492852,0.549618320610687,-10.0,8380.424895151502,0.0,8370.424895151502,0,,7970.6265
2021-04-01 00:00:00+00:00,58.5,58.29,57.31415,56.720097,1.124285,0.5309734513274337,-10.0,8336.09218403337,0.0,8326.09218403337,0,,7928.4614
2021-04-05 00:00:00+00:00,58.83,59.81,57.303,50.453953,1.1199992,0.4957264957264957,-10.0,8553.468752456709,0.0,8543.468752456709,0,,8135.2085
2021-04-06 00:00:00+00:00,59.53,60.22,57.3026,51.522854,1.1714278,0.5309734513274337,-10.0,8612.102874726013,0.0,8602.102874726013,0,,8190.975
2021-04-07 00:00:00+00:00,60.25,59.96,57.3095,53.985504,1.2007135,0.5309734513274337,-10.0,8574.919930676557,0.0,8564.919930676557,0,,8155.6104
2021-04-08 00:00:00+00:00,60.01,60.33,57.331,52.464775,1.2235707,0.4957264957264957,-10.0,8627.834637170348,0.0,8617.834637170348,0,,8205.9375
2021-04-09 00:00:00+00:00,60.33,59.71,57.3537,61.188362,1.1799992,0.2,-10.0,8539.16763993809,0.0,8529.16763993809,0,,8121.607
2021-04-12 00:00:00+00:00,59.71,59.84,57.3734,51.574787,1.1214278,0.4957264957264957,-10.0,8557.759444177344,0.0,8547.759444177344,0,,8139.2896
2021-04-13 00:00:00+00:00,59.34,60.37,57.40075,54.423584,1.0949993,0.4957264957264957,-10.0,8633.554600349147,0.0,8623.554600349147,0,,8211.379
2021-04-14 00:00:00+00:00,60.17,61.05,57.42815,58.396935,1.1171423,0.549618320610687,-10.0,8730.801641464644,0.0,8720.801641464644,0,,8303.87
2021-04-15 00:00:00+00:00,60.89,61.44,57.4593,57.31069,1.0628569,0.4957264957264957,-10.0,8786.5756385763,0.0,8776.5756385763,0,,8356.917
2021-04-16 00:00:00+00:00,61.73,61.36,57.4898,57.31069,1.0621427,0.4957264957264957,-10.0,8775.13495945381,0.0,8765.13495945381,0,,8346.035
2021-04-19 00:00:00+00:00,61.53,61.12,57.52505,54.607044,1.0407143,0.4957264957264957,-10.0,8740.812107181462,0.0,8730.812107181462,0,,8313.392
2021-04-20 00:00:00+00:00,60.97,61.52,57.554,54.755436,1.0342854,0.549618320610687,-10.0,8798.01609667199,0.0,8788.01609667199,0,,8367.798
2021-04-21 00:00:00+00:00,61.42,61.15,57.5839,65.33923,0.98857117,0.4957264957264957,-10.0,8745.102298685335,0.0,8735.102298685335,0,,8317.471
2021-04-22 00:00:00+00:00,61.15,59.48,57.6094,70.20603,0.9692854,0.4957264957264957,-10.0,8506.27395572765,0.0,8496.27395572765,0,,8090.3213
2021-04-23 00:00:00+00:00,59.64,59.19,57.6344,57.757477,1.038571,0.4957264957264957,-10.0,8464.800763554136,0.0,8454.800763554136,0,,8050.8765
2021-04-26 00:00:00+00:00,59.16,58.87,57.65805,45.18632,0.92499954,0.4957264957264957,-10.0,8419.037341085435,0.0,8409.037341085435,0,,8007.3506
2021-04-27 00:00:00+00:00,58.72,58.5,57.68275,39.37008,0.8957138,0.4957264957264957,-10.0,8366.12359231861,0.0,8356.12359231861,0,,7957.024
2021-04-28 00:00:00+00:00,58.6,58.4,57.6986,38.69971,0.84714234,0.5309734513274337,-10.0,8351.822527201244,0.0,8341.822527201244,0,,7943.4224
2021-04-29 00:00:00+00:00,58.54,58.86,57.7107,34.410343,0.8899994,0.549618320610687,-10.0,8417.607777088331,0.0,8407.607777088331,0,,8005.99
2021-04-30 00:00:00+00:00,59.04,59.45,57.72165,42.95192,0.8949996,0.5309734513274337,-10.0,8501.984465991216,0.0,8491.984465991216,0,,8086.2407
2021-05-03 00:00:00+00:00,59.61,59.38,57.7425,46.99538,0.90571404,0.549618320610687,-10.0,8491.973973121529,0.0,8481.973973121529,0,,8076.7197
2021-05-04 00:00:00+00:00,59.62,59.61,57.75895,41.79106,0.8792855,0.5309734513274337,-10.0,8524.86634553119,0.0,8514.86634553119,0,,8108.004
2021-05-05 00:00:00+00:00,59.37,58.24,57.7752,37.096783,0.8942852,0.4957264957264957,-10.0,8328.941758596864,0.0,8318.941758596864,0,,7921.66
2021-05-06 00:00:00+00:00,58.44,58.91,57.79195,25.60977,0.97499955,0.549618320610687,-10.0,8424.758354929638,0.0,8414.758354929638,0,,8012.7915
2021-05-07 00:00:00+00:00,58.67,58.58,57.80675,32.867123,1.007857,0.549618320610687,-10.0,8377.565351337465,0.0,8367.565351337465,0,,7967.906
2021-05-10 00:00:00+00:00,59.0,58.99,57.8161,32.45857,1.0249999,0.549618320610687,-10.0,8436.200063664914,0.0,8426.200063664914,0,,8023.6733
2021-05-11 00:00:00+00:00,58.93,58.63,57.82775,32.551716,1.052857,0.549618320610687,-10.0,8384.716121637914,0.0,8374.716121637914,0,,7974.707
2021-05-12 00:00:00+00:00,58.87,56.81,57.8408,32.59667,1.0671427,0.5309734513274337,-10.0,8124.436933711321,0.0,8114.436933711321,0,,7727.1553
2021-05-13 00:00:00+00:00,56.8,58.32,57.85905,31.93504,1.0892857,0.5309734513274337,-10.0,8340.383304579496,0.0,8330.383304579496,0,,7932.542
2021-05-14 00:00:00+00:00,58.42,58.39,57.8751,44.947735,1.1692859,0.549618320610687,-10.0,8350.39441959331,0.0,8340.39441959331,0,,7942.064
2021-05-17 00:00:00+00:00,58.35,57.77,57.89815,47.129185,1.1835717,0.549618320610687,-10.0,8261.728179408763,0.0,8251.728179408763,0,,7857.7334
2021-05-18 00:00:00+00:00,57.41,57.56,57.91265,45.760742,1.2128574,0.549618320610687,-10.0,8231.695901319383,0.0,8221.695901319383,0,,7829.1694
2021-05-19 00:00:00+00:00,57.36,57.64,57.9221,45.18348,1.1864287,0.549618320610687,-10.0,8243.13681529623,0.0,8233.13681529623,0,,7840.0513
2021-05-20 00:00:00+00:00,57.6,57.68,57.94065,42.685833,1.172857,0.549618320610687,-10.0,8248.857852986708,0.0,8238.857852986708,0,,7845.492
2021-05-21 00:00:00+00:00,57.79,58.17,57.95555,38.639263,1.1564282,0.65,-10.0,8318.932662576039,0.0,8308.932662576039,0,,7912.1406
2021-05-24 00:00:00+00:00,58.47,58.37,57.97835,42.63091,1.1378568,0.549618320610687,-10.0,8347.535102439007,0.0,8337.535102439007,0,,7939.344
2021-05-25 00:00:00+00:00,58.29,55.75,58.00085,42.420517,1.1114284,0.549618320610687,-10.0,7972.8472026797135,0.0,7962.8472026797135,0,,7582.978
2021-05-26 00:00:00+00:00,55.93,56.12,58.00655,36.797432,1.1671426,0.5309734513274337,-10.0,8025.760906874115,0.0,8015.760906874115,0,,7633.304
2021-05-27 00:00:00+00:00,56.35,55.42,58.0159,34.72068,1.1657137,0.549618320610687,-10.0,7925.653302150016,0.0,7915.653302150016,0,,7538.0913
2021-05-28 00:00:00+00:00,55.86,55.87,58.0251,33.36839,1.1649996,0.5309734513274337,-10.0,7990.008192618452,0.0,7980.008192618452,0,,7599.2993
2021-06-01 00:00:00+00:00,56.05,55.62,58.0318,33.647774,1.1264284,0.5309734513274337,-10.0,7954.255306976135,0.0,7944.255306976135,0,,7565.295
2021-06-02 00:00:00+00:00,55.64,56.09,58.04185,34.04027,1.1292852,0.5309734513274337,-10.0,8021.470909575554,0.0,8011.470909575554,0,,7629.224
2021-06-03 00:00:00+00:00,56.0,56.23,58.05885,45.544544,1.0471423,0.549618320610687,-10.0,8041.492533890899,0.0,8031.492533890899,0,,7648.2666
2021-06-04 00:00:00+00:00,56.34,56.47,58.0811,34.426216,0.961428,0.549618320610687,-10.0,8075.814986279118,0.0,8065.814986279118,0,,7680.9106
2021-06-07 00:00:00+00:00,56.71,56.21,58.106,36.04652,0.93214226,0.5309734513274337,-10.0,8038.631672894758,0.0,8028.631672894758,0,,7645.5454
2021-06-08 00:00:00+00:00,56.22,56.79,58.1258,38.0368,0.9178565,0.65,-10.0,8121.578435974213,0.0,8111.578435974213,0,,7724.4365
2021-06-09 00:00:00+00:00,56.9,56.89,58.15355,44.41219,0.9421425,0.5309734513274337,-10.0,8135.879239525621,0.0,8125.879239525621,0,,7738.038
2021-06-10 00:00:00+00:00,56.98,57.49,58.1817,44.573086,0.90857095,0.5309734513274337,-10.0,8221.685789084178,0.0,8211.685789084178,0,,7819.649
2021-06-11 00:00:00+00:00,57.54,57.97,58.20745,48.728256,0.92928535,0.5309734513274337,-10.0,8290.331105563584,0.0,8280.331105563584,0,,7884.9375
2021-06-14 00:00:00+00:00,58.43,58.68,58.2373,48.65954,0.9299995,0.5309734513274337,-10.0,8391.868441450148,0.0,8381.868441450148,0,,7981.51
2021-06-15 00:00:00+00:00,58.74,58.59,58.27525,51.9448,0.9478566,0.5309734513274337,-10.0,8378.99744075877,0.0,8368.99744075877,0,,7969.268
2021-06-16 00:00:00+00:00,58.94,57.78,58.30945,76.10291,0.80357087,0.4957264957264957,-10.0,8263.158805588197,0.0,8253.158805588197,0,,7859.0938
2021-06-17 00:00:00+00:00,57.73,56.98,58.3375,64.11562,0.833571,0.5309734513274337,-10.0,8148.750227781909,0.0,8138.750227781909,0,,7750.2793
2021-06-18 00:00:00+00:00,56.45,55.58,58.36,63.043472,0.8299996,0.549618320610687,-10.0,7948.535530427155,0.0,7938.535530427155,0,,7559.855
2021-06-21 00:00:00+00:00,56.03,56.1,58.37885,47.90767,0.9049996,0.4957264957264957,-10.0,8022.9003076940135,0.0,8012.9003076940135,0,,7630.5835
2021-06-22 00:00:00+00:00,55.93,55.66,58.3965,53.33333,0.88642853,0.549618320610687,-10.0,7959.975603148979,0.0,7949.975603148979,0,,7570.736
2021-06-23 00:00:00+00:00,55.47,55.01,58.41,47.001392,0.8685717,0.5309734513274337,-10.0,7867.018214985021,0.0,7857.018214985021,0,,7482.324
2021-06-24 00:00:00+00:00,55.0,55.28,58.42375,42.057285,0.887143,0.5309734513274337,-10.0,7905.631145874815,0.0,7895.631145874815,0,,7519.049
2021-06-25 00:00:00+00:00,55.21,57.0,58.4433,42.282734,0.90785706,0.549618320610687,-10.0,8151.609639906268,0.0,8141.609639906268,0,,7752.999
2021-06-28 00:00:00+00:00,57.02,57.63,58.4706,54.30753,0.995,0.5309734513274337,-10.0,8241.706189819382,0.0,8231.706189819382,0,,7838.6895
2021-06-29 00:00:00+00:00,57.65,57.42,58.50625,54.555317,0.9971428,0.5309734513274337,-10.0,8211.673498482465,0.0,8201.673498482465,0,,7810.1255
2021-06-30 00:00:00+00:00,57.5,57.82,58.5402,52.840294,1.0471431,0.5309734513274337,-10.0,8268.877931474306,0.0,8258.877931474306,0,,7864.532
2021-07-01 00:00:00+00:00,57.43,57.91,58.57105,51.807217,1.0357149,0.549618320610687,-10.0,8281.748569743642,0.0,8271.748569743642,0,,7876.7734
2021-07-02 00:00:00+00:00,57.34,57.05,58.60305,49.656742,1.0521433,0.5309734513274337,-10.0,8158.759498156987,0.0,8148.759498156987,0,,7759.799
2021-07-06 00:00:00+00:00,57.05,57.37,58.6256,40.832394,1.0692863,0.65,-10.0,8204.523242352303,0.0,8194.523242352303,0,,7803.324
2021-07-07 00:00:00+00:00,57.36,57.65,58.6493,43.311398,1.0735722,0.549618320610687,-10.0,8244.56678599964,0.0,8234.56678599964,0,,7841.41
2021-07-08 00:00:00+00:00,57.5,57.52,58.68045,49.243324,1.0242865,0.549618320610687,-10.0,8225.975102181852,0.0,8215.975102181852,0,,7823.7275
2021-07-09 00:00:00+00:00,57.92,58.28,58.71955,53.409096,0.9864292,0.549618320610687,-10.0,8334.663266225341,0.0,8324.663266225341,0,,7927.101
2021-07-12 00:00:00+00:00,58.13,58.2,58.75885,68.54392,0.9278578,0.5309734513274337,-10.0,8323.22281267465,0.0,8313.22281267465,0,,7916.22
2021-07-13 00:00:00+00:00,57.81,57.31,58.80335,65.350876,0.9035718,0.5309734513274337,-10.0,8195.943190024684,0.0,8185.943190024684,0,,7795.1646
2021-07-14 00:00:00+00:00,57.19,57.24,58.8357,61.316868,0.94571465,0.5309734513274337,-10.0,8185.9325143649085,0.0,8175.9325143649085,0,,7785.6436
2021-07-15 00:00:00+00:00,57.01,57.66,58.86365,66.617,0.94142914,0.549618320610687,-10.0,8245.996392923982,0.0,8235.996392923982,0,,7842.77
2021-07-16 00:00:00+00:00,57.89,57.99,58.8925,67.34694,0.9635721,0.5309734513274337,-10.0,8293.19019275636,0.0,8283.19019275636,0,,7887.6562
2021-07-19 00:00:00+00:00,57.68,56.19,58.92735,59.049366,0.9035721,0.5309734513274337,-10.0,8035.770451343339,0.0,8025.770451343339,0,,7642.824
2021-07-20 00:00:00+00:00,56.16,56.85,58.9541,39.15662,1.0071436,0.4957264957264957,-10.0,8130.157088356454,0.0,8120.157088356454,0,,7732.595
2021-07-21 00:00:00+00:00,57.06,56.2,58.98615,45.98026,1.0100005,0.549618320610687,-10.0,8037.200597651452,0.0,8027.200597651452,0,,7644.184
2021-07-22 00:00:00+00:00,56.08,55.9,59.00965,38.964584,1.0614289,0.5309734513274337,-10.0,7994.297435939493,0.0,7984.297435939493,0,,7603.379
2021-07-23 00:00:00+00:00,55.9,56.23,59.0261,36.68875,1.0357145,0.5309734513274337,-10.0,8041.490677455267,0.0,8031.490677455267,0,,7648.264
2021-07-26 00:00:00+00:00,56.17,55.49,59.03795,44.159542,1.0028572,0.5309734513274337,-10.0,7935.663300126035,0.0,7925.663300126035,0,,7547.612
2021-07-27 00:00:00+00:00,55.26,57.15,59.0407,37.3656,1.0671431,0.5309734513274337,-10.0,8173.061308691941,0.0,8163.061308691941,0,,7773.4014
2021-07-28 00:00:00+00:00,57.01,56.82,59.04595,47.16553,1.1714287,0.549618320610687,-10.0,8125.867444084002,0.0,8115.867444084002,0,,7728.515
2021-07-29 00:00:00+00:00,57.15,57.22,59.0496,46.119728,1.2207146,0.549618320610687,-10.0,8183.071806958384,0.0,8173.071806958384,0,,7782.9224
2021-07-30 00:00:00+00:00,56.94,54.5,59.05435,43.879917,1.226429,0.4957264957264957,-10.0,7794.082641866055,0.0,7784.082641866055,0,,7412.9546
2021-08-02 00:00:00+00:00,54.69,55.1,59.04545,33.628315,1.4107149,0.5309734513274337,-10.0,7879.888454470361,0.0,7869.888454470361,0,,7494.5645
2021-08-03 00:00:00+00:00,55.15,55.39,59.03975,39.963654,1.4264289,0.549618320610687,-10.0,7921.361957005384,0.0,7911.361957005384,0,,7534.0103
2021-08-04 00:00:00+00:00,55.0,54.86,59.03265,41.763123,1.4257145,0.549618320610687,-10.0,7845.566306580192,0.0,7835.566306580192,0,,7461.921
2021-08-05 00:00:00+00:00,54.83,55.23,59.0164,37.654324,1.4385717,0.5309734513274337,-10.0,7898.4798244559925,0.0,7888.4798244559925,0,,7512.247
2021-08-06 00:00:00+00:00,55.46,55.07,59.00125,37.87345,1.4292861,0.549618320610687,-10.0,7875.598208405509,0.0,7865.598208405509,0,,7490.484
2021-08-09 00:00:00+00:00,55.15,55.44,58.97785,44.250515,1.274286,0.549618320610687,-10.0,7928.512421422011,0.0,7918.512421422011,0,,7540.8105
2021-08-10 00:00:00+00:00,55.43,55.88,58.9598,42.539677,1.2335718,0.549618320610687,-10.0,7991.437828292974,0.0,7981.437828292974,0,,7600.659
2021-08-11 00:00:00+00:00,55.99,57.14,58.93975,48.2684,1.2128574,0.549618320610687,-10.0,8171.631308997256,0.0,8161.631308997256,0,,7772.041
2021-08-12 00:00:00+00:00,57.1,57.03,58.923,56.078423,1.2678574,0.5309734513274337,-10.0,8155.900013172133,0.0,8145.900013172133,0,,7757.079
2021-08-13 00:00:00+00:00,57.3,57.0,58.9172,54.00801,1.2564288,0.65,-10.0,8151.609920130699,0.0,8141.609920130699,0,,7752.9985
2021-08-16 00:00:00+00:00,57.14,57.28,58.91315,58.144543,1.1700001,0.5309734513274337,-10.0,8191.652724607774,0.0,8181.652724607774,0,,7791.0835
2021-08-17 00:00:00+00:00,57.01,57.59,58.91675,50.82381,1.0949999,0.5309734513274337,-10.0,8235.985806096916,0.0,8225.985806096916,0,,7833.2485
2021-08-18 00:00:00+00:00,57.7,58.57,58.92435,54.892,1.0621425,0.4957264957264957,-10.0,8376.136651368113,0.0,8366.136651368113,0,,7966.546
2021-08-19 00:00:00+00:00,58.58,58.2,58.937,57.98816,1.0871423,0.4957264957264957,-10.0,8323.222935350197,0.0,8313.222935350197,0,,7916.2197
2021-08-20 00:00:00+00:00,58.08,59.53,58.94025,80.3279,0.96428543,0.5309734513274337,-10.0,8513.426743927348,0.0,8503.426743927348,0,,8097.123
2021-08-23 00:00:00+00:00,59.67,59.16,58.94585,82.43048,0.99357116,0.5309734513274337,-10.0,8460.512953752042,0.0,8450.512953752042,0,,8046.7964
2021-08-24 00:00:00+00:00,59.35,58.95,58.9545,77.27934,0.9864284,0.5309734513274337,-10.0,8430.480713096158,0.0,8420.480713096158,0,,8018.2324
2021-08-25 00:00:00+00:00,58.86,58.38,58.95235,81.031906,0.96071404,0.5309734513274337,-10.0,8348.964838099979,0.0,8338.964838099979,0,,7940.703
2021-08-26 00:00:00+00:00,58.37,57.66,58.95265,73.19591,0.9557138,0.549618320610687,-10.0,8245.996758621797,0.0,8235.996758621797,0,,7842.77
2021-08-27 00:00:00+00:00,57.66,57.53,58.93715,67.619064,0.9899998,0.549618320610687,-10.0,8227.405290681489,0.0,8217.405290681489,0,,7825.088
2021-08-30 00:00:00+00:00,57.53,57.53,58.9112,64.69762,1.0021425,0.5309734513274337,-10.0,8227.405290681489,0.0,8217.405290681489,0,,7825.088
2021-08-31 00:00:00+00:00,57.51,57.84,58.88435,62.36881,0.9628568,0.549618320610687,-10.0,8271.73865015536,0.0,8261.73865015536,0,,7867.2534
2021-09-01 00:00:00+00:00,58.13,58.24,58.8596,56.11889,0.91499984,0.549618320610687,-10.0,8328.943418134917,0.0,8318.943418134917,0,,7921.661
2021-09-02 00:00:00+00:00,58.49,59.13,58.8305,60.06658,0.937857,0.5309734513274337,-10.0,8456.222650364403,0.0,8446.222650364403,0,,8042.7163
2021-09-03 00:00:00+00:00,59.01,58.65,58.8003,65.5022,0.9678568,0.4957264957264957,-10.0,8387.577776554683,0.0,8377.577776554683,0,,7977.428
2021-09-07 00:00:00+00:00,58.57,58.63,58.76555,59.688847,0.9335714,0.549618320610687,-10.0,8384.717627858996,0.0,8374.717627858996,0,,7974.708
2021-09-08 00:00:00+00:00,58.67,59.09,58.736,57.669624,0.95142853,0.5309734513274337,-10.0,8450.502104935233,0.0,8440.502104935233,0,,8037.276
2021-09-09 00:00:00+00:00,58.55,58.66,58.71335,54.15336,0.9535713,0.4957264957264957,-10.0,8389.007700798853,0.0,8379.007700798853,0,,7978.7886
2021-09-10 00:00:00+00:00,58.6,58.13,58.68975,53.639233,0.8971424,0.5309734513274337,-10.0,8313.212089457978,0.0,8303.212089457978,0,,7906.699
2021-09-13 00:00:00+00:00,58.66,59.06,58.65965,37.318863,0.80999947,0.4957264957264957,-10.0,8446.211860299314,0.0,8436.211860299314,0,,8033.1953
2021-09-14 00:00:00+00:00,59.2,58.48,58.6277,49.177643,0.85357094,0.5309734513274337,-10.0,8363.265156953143,0.0,8353.265156953143,0,,7954.304
2021-09-15 00:00:00+00:00,58.4,59.04,58.60155,46.356583,0.8714281,0.549618320610687,-10.0,8443.351474825296,0.0,8433.351474825296,0,,8030.474
2021-09-16 00:00:00+00:00,58.91,57.54,58.5828,55.124218,0.8942852,0.5309734513274337,-10.0,8228.835635836022,0.0,8218.835635836022,0,,7826.448
2021-09-17 00:00:00+00:00,57.4,57.75,58.5637,49.168983,0.93714225,0.5309734513274337,-10.0,8258.867531830103,0.0,8248.867531830103,0,,7855.011
2021-09-20 00:00:00+00:00,57.07,57.59,58.542,51.50686,0.9678565,0.4957264957264957,-10.0,8235.98598338878,0.0,8225.98598338878,0,,7833.2485
2021-09-21 00:00:00+00:00,57.67,57.72,58.519,50.402153,1.0128564,0.4957264957264957,-10.0,8254.577462521129,0.0,8244.577462521129,0,,7850.9307
2021-09-22 00:00:00+00:00,58.18,58.35,58.4999,49.17583,1.0085706,0.549618320610687,-10.0,8344.673561646392,0.0,8334.673561646392,0,,7936.621
2021-09-23 00:00:00+00:00,58.57,57.61,58.4825,50.732334,1.0207136,0.549618320610687,-10.0,8238.845741720159,0.0,8228.845741720159,0,,7835.9688
2021-09-24 00:00:00+00:00,57.66,57.57,58.46085,39.673904,1.0485709,0.5729277938026757,-10.0,8233.125226823928,0.0,8223.125226823928,0,,7830.528
2021-09-27 00:00:00+00:00,57.76,57.7,58.43925,42.196518,1.0371424,0.549618320610687,-10.0,8251.717118490784,0.0,8241.717118490784,0,,7848.211
2021-09-28 00:00:00+00:00,57.83,57.12,58.4132,43.385487,1.045714,0.549618320610687,-10.0,8168.770649097538,0.0,8158.770649097538,0,,7769.321
2021-09-29 00:00:00+00:00,56.46,56.43,58.3844,36.22377,1.037857,0.549618320610687,-10.0,8070.093248009658,0.0,8060.093248009658,0,,7675.4683
2021-09-30 00:00:00+00:00,56.37,55.47,58.35255,34.95277,1.0585715,0.5309734513274337,-10.0,7932.8028969370835,0.0,7922.8028969370835,0,,7544.891
2021-10-01 00:00:00+00:00,55.95,55.04,58.3186,33.035717,1.0885715,0.549618320610687,-10.0,7871.308271513887,0.0,7861.308271513887,0,,7486.404
2021-10-04 00:00:00+00:00,55.04,56.23,58.275,22.6158,1.0542859,0.549618320610687,-10.0,8041.490924855139,0.0,8031.490924855139,0,,7648.264
2021-10-05 00:00:00+00:00,56.26,55.68,58.24265,35.849052,1.0778574,0.5309734513274337,-10.0,7962.83516076707,0.0,7952.83516076707,0,,7573.4546
2021-10-06 00:00:00+00:00,55.34,56.61,58.20655,28.841291,1.0700003,0.5309734513274337,-10.0,8095.834675967952,0.0,8085.834675967952,0,,7699.95
2021-10-07 00:00:00+00:00,56.6,57.12,58.1769,43.69063,1.0700003,0.549618320610687,-10.0,8168.77008002628,0.0,8158.77008002628,0,,7769.3193
2021-10-08 00:00:00+00:00,57.14,57.14,58.1531,45.89308,1.1021432,0.5309734513274337,-10.0,8171.630110883013,0.0,8161.630110883013,0,,7772.0396
2021-10-11 00:00:00+00:00,57.12,56.09,58.1322,47.011944,1.0571433,0.4957264957264957,-10.0,8021.468782072863,0.0,8011.468782072863,0,,7629.221
2021-10-12 00:00:00+00:00,55.96,55.53,58.10615,40.355015,1.1042862,0.549618320610687,-10.0,7941.382784169305,0.0,7931.382784169305,0,,7553.0513
2021-10-13 00:00:00+00:00,55.68,56.42,58.07285,33.17422,1.0871432,0.549618320610687,-10.0,8068.661957446112,0.0,8058.661957446112,0,,7674.1064
2021-10-14 00:00:00+00:00,56.61,56.6,58.0427,43.024605,1.0814288,0.549618320610687,-10.0,8094.404202162653,0.0,8084.404202162653,0,,7698.5894
2021-10-15 00:00:00+00:00,56.75,57.35,58.0148,44.40599,1.0742857,0.549618320610687,-10.0,8201.66175830255,0.0,8191.661758302551,0,,7800.6025
2021-10-18 00:00:00+00:00,56.88,57.16,57.9934,48.11624,1.0657145,0.549618320610687,-10.0,8174.490100987656,0.0,8164.490100987656,0,,7774.76
2021-10-19 00:00:00+00:00,57.59,57.52,57.9651,50.224724,1.0485715,0.4957264957264957,-10.0,8225.973572502284,0.0,8215.973572502284,0,,7823.7256
2021-10-20 00:00:00+00:00,57.76,58.95,57.95025,56.359398,1.0407143,0.5309734513274337,-10.0,8430.479321557643,0.0,8420.479321557643,0,,8018.231
2021-10-21 00:00:00+00:00,58.77,59.3,57.94095,69.24779,1.0664285,0.4957264957264957,-10.0,8480.532920749569,0.0,8470.532920749569,0,,8065.837
2021-10-22 00:00:00+00:00,59.4,60.45,57.92435,73.77232,1.0464284,0.4957264957264957,-10.0,8644.995617724746,0.0,8634.995617724746,0,,8222.258
2021-10-25 00:00:00+00:00,60.48,61.1,57.91635,73.65472,1.0357143,0.4957264957264957,-10.0,8737.95247120017,0.0,8727.95247120017,0,,8310.669
2021-10-26 00:00:00+00:00,61.18,61.47,57.91035,80.04435,1.0442857,0.5309734513274337,-10.0,8790.867000951053,0.0,8780.867000951053,0,,8360.996
2021-10-27 00:00:00+00:00,61.7,62.21,57.90935,78.72341,1.002857,0.5309734513274337,-10.0,8896.694535637505,0.0,8886.694535637505,0,,8461.648
2021-10-28 00:00:00+00:00,62.24,62.8,57.90785,79.286545,0.9485711,0.5309734513274337,-10.0,8981.071255096353,0.0,8971.071255096353,0,,8541.899
2021-10-29 00:00:00+00:00,62.6,62.93,57.90585,80.56156,0.9628568,0.5309734513274337,-10.0,8999.662695099836,0.0,8989.662695099836,0,,8559.582
2021-11-01 00:00:00+00:00,62.96,63.3,57.91235,91.007195,0.91071403,0.549618320610687,-10.0,9052.576404237874,0.0,9042.576404237874,0,,8609.907
2021-11-02 00:00:00+00:00,63.42,63.54,57.9195,97.668724,0.8964285,0.549618320610687,-10.0,9086.89880820964,0.0,9076.89880820964,0,,8642.552
2021-11-03 00:00:00+00:00,61.81,62.8,57.93285,97.46668,0.8857144,0.5309734513274337,-10.0,8981.070866015007,0.0,8971.070866015007,0,,8541.898
2021-11-04 00:00:00+00:00,62.44,63.04,57.94575,88.46154,1.0271429,0.65,-10.0,9015.394099487541,0.0,9005.394099487541,0,,8574.544
2021-11-05 00:00:00+00:00,63.46,64.05,57.9643,87.68212,1.0342857,0.65,-10.0,9159.835221492172,0.0,9149.835221492172,0,,8711.922
2021-11-08 00:00:00+00:00,64.03,64.07,57.98805,91.15889,1.0492853,0.5309734513274337,-10.0,9162.695005671512,0.0,9152.695005671512,0,,8714.642
2021-11-09 00:00:00+00:00,64.26,64.6,58.0114,90.78454,1.0664281,0.549618320610687,-10.0,9238.49038576718,0.0,9228.49038576718,0,,8786.73
2021-11-10 00:00:00+00:00,64.7,65.46,58.0389,89.6213,1.0564278,0.549618320610687,-10.0,9361.479612803483,0.0,9351.479612803483,0,,8903.705
2021-11-11 00:00:00+00:00,65.21,65.22,58.0812,90.31412,1.0907135,0.4957264957264957,-10.0,9327.157233425214,0.0,9317.157233425214,0,,8871.062
2021-11-12 00:00:00+00:00,65.13,64.24,58.11285,85.43834,1.0728563,0.549618320610687,-10.0,9187.006505800466,0.0,9177.006505800466,0,,8737.764
2021-11-15 00:00:00+00:00,64.7,64.58,58.14325,72.23794,1.076428,0.549618320610687,-10.0,9235.631248052223,0.0,9225.631248052223,0,,8784.011
2021-11-16 00:00:00+00:00,64.6,63.77,58.1761,72.11947,1.0828569,0.549618320610687,-10.0,9119.792369687206,0.0,9109.792369687206,0,,8673.837
2021-11-17 00:00:00+00:00,63.52,64.46,58.1991,60.98591,1.0871427,0.549618320610687,-10.0,9218.46989451934,0.0,9208.46989451934,0,,8767.688
2021-11-18 00:00:00+00:00,64.49,64.6,58.22675,61.527763,1.1321424,0.549618320610687,-10.0,9238.491250030082,0.0,9228.491250030082,0,,8786.731
2021-11-19 00:00:00+00:00,64.66,64.9,58.2553,61.581112,1.151428,0.549618320610687,-10.0,9281.39513868806,0.0,9271.39513868806,0,,8827.537
2021-11-22 00:00:00+00:00,64.66,64.89,58.28655,61.20448,1.194285,0.4957264957264957,-10.0,9279.964526611024,0.0,9269.964526611024,0,,8826.177
2021-11-23 00:00:00+00:00,64.99,65.52,58.32235,59.768425,1.1864281,0.4957264957264957,-10.0,9370.060388877595,0.0,9360.060388877595,0,,8911.866
2021-11-24 00:00:00+00:00,65.75,66.15,58.36105,69.99996,1.0749997,0.4957264957264957,-10.0,9460.1574670778,0.0,9450.1574670778,0,,8997.558
2021-11-26 00:00:00+00:00,65.31,64.94,58.39915,71.627235,1.0642855,0.2,-10.0,9287.114429169475,0.0,9277.114429169475,0,,8832.977
2021-11-29 00:00:00+00:00,65.33,66.07,58.43215,56.02164,1.0914288,0.549618320610687,-10.0,9448.716000238546,0.0,9438.716000238546,0,,8986.676
2021-11-30 00:00:00+00:00,65.67,65.28,58.47295,61.764694,1.1114286,0.549618320610687,-10.0,9335.737236542362,0.0,9325.737236542362,0,,8879.222
2021-12-01 00:00:00+00:00,65.87,65.62,58.51445,53.881275,1.0957146,0.4957264957264957,-10.0,9384.361238951555,0.0,9374.361238951555,0,,8925.468
2021-12-02 00:00:00+00:00,65.68,65.49,58.5601,50.970894,1.0957146,0.4957264957264957,-10.0,9365.768953841707,0.0,9355.768953841707,0,,8907.785
2021-12-03 00:00:00+00:00,66.0,66.61,58.6091,51.660492,1.1057146,0.549618320610687,-10.0,9525.941247014434,0.0,9515.941247014434,0,,9060.125
2021-12-06 00:00:00+00:00,67.56,68.18,58.66605,64.32888,1.1092856,0.2,-10.0,9750.46826071679,0.0,9740.46826071679,0,,9273.673
2021-12-07 00:00:00+00:00,68.04,67.26,58.7302,68.94733,1.1592854,0.4957264957264957,-10.0,9618.898785324054,0.0,9608.898785324054,0,,9148.537
2021-12-08 00:00:00+00:00,67.28,66.87,58.7869,68.15816,1.1821429,0.4957264957264957,-10.0,9563.124567913066,0.0,9553.124567913066,0,,9095.49
2021-12-09 00:00:00+00:00,66.65,66.51,58.8389,62.943073,1.1364282,0.4957264957264957,-10.0,9511.640427920885,0.0,9501.640427920885,0,,9046.523
2021-12-10 00:00:00+00:00,67.03,67.06,58.89315,60.020992,1.1528571,0.5309734513274337,-10.0,9590.295131204673,0.0,9580.295131204673,0,,9121.332
2021-12-13 00:00:00+00:00,66.78,66.88,58.9585,61.04292,1.1378572,0.549618320610687,-10.0,9564.553091485834,0.0,9554.553091485834,0,,9096.849
2021-12-14 00:00:00+00:00,66.96,66.35,59.01835,59.999985,1.1285712,0.549618320610687,-10.0,9488.75767780264,0.0,9478.75767780264,0,,9024.76
2021-12-15 00:00:00+00:00,66.53,67.3,59.0756,54.213203,1.1528566,0.5309734513274337,-10.0,9624.618740320187,0.0,9614.618740320187,0,,9153.978
2021-12-16 00:00:00+00:00,67.33,67.96,59.1331,55.65389,1.157142,0.549618320610687,-10.0,9719.004991373096,0.0,9709.004991373096,0,,9243.748
2021-12-17 00:00:00+00:00,67.69,66.7,59.1878,65.69644,1.1228567,0.2,-10.0,9538.811501726688,0.0,9528.811501726688,0,,9072.366
2021-12-20 00:00:00+00:00,66.31,67.14,59.2328,53.23075,1.14,0.4957264957264957,-10.0,9601.736031287617,0.0,9591.736031287617,0,,9132.214
2021-12-21 00:00:00+00:00,67.52,67.24,59.28155,59.893612,1.1699998,0.4957264957264957,-10.0,9616.036865225133,0.0,9606.036865225133,0,,9145.816
2021-12-22 00:00:00+00:00,67.21,67.62,59.33045,58.842766,1.172857,0.5309734513274337,-10.0,9670.381647542603,0.0,9660.381647542603,0,,9197.503
2021-12-23 00:00:00+00:00,67.42,67.67,59.37745,61.31777,1.1428566,0.5309734513274337,-10.0,9677.531308961763,0.0,9667.531308961763,0,,9204.304
2021-12-27 00:00:00+00:00,67.67,67.62,59.42825,56.354904,1.0978568,0.549618320610687,-10.0,9670.381552972773,0.0,9660.381552972773,0,,9197.503
2021-12-28 00:00:00+00:00,67.52,68.2,59.47525,45.89444,1.0264282,0.6288955709744872,-10.0,9753.326616458628,0.0,9743.326616458628,0,,9276.393
2021-12-29 00:00:00+00:00,68.24,68.44,59.5184,57.25306,0.99571335,0.549618320610687,-10.0,9787.65030342129,0.0,9777.65030342129,0,,9309.038
2021-12-30 00:00:00+00:00,67.53,67.63,59.5628,62.40127,0.9899995,0.5309734513274337,-10.0,9671.810750112907,0.0,9661.810750112907,0,,9198.863
2021-12-31 00:00:00+00:00,67.76,68.25,59.60325,58.259552,1.0457143,0.4957264957264957,-10.0,9760.477578043827,0.0,9750.477578043827,0,,9283.194
2022-01-03 00:00:00+00:00,68.34,67.51,59.6517,58.686142,1.0435715,0.5309734513274337,-10.0,9654.650161009222,0.0,9644.650161009222,0,,9182.541
2022-01-04 00:00:00+00:00,67.52,66.67,59.6919,54.25104,1.1128567,0.5309734513274337,-10.0,9534.520743526538,0.0,9524.520743526538,0,,9068.286
2022-01-05 00:00:00+00:00,66.47,65.2,59.72935,52.072533,1.13,0.5309734513274337,-10.0,9324.29513881807,0.0,9314.29513881807,0,,8868.341
2022-01-06 00:00:00+00:00,65.13,64.62,59.7601,37.25725,1.1707143,0.4957264957264957,-10.0,9241.349606990992,0.0,9231.349606990992,0,,8789.451
2022-01-07 00:00:00+00:00,64.43,65.0,59.78355,29.534346,1.1799997,0.5309734513274337,-10.0,9295.693132730097,0.0,9285.693132730097,0,,8841.138
2022-01-10 00:00:00+00:00,65.0,65.64,59.80695,38.324196,1.1978567,0.549618320610687,-10.0,9387.219375737022,0.0,9377.219375737022,0,,8928.188
2022-01-11 00:00:00+00:00,65.62,64.36,59.83175,39.973255,1.165714,0.4957264957264957,-10.0,9204.16563915847,0.0,9194.16563915847,0,,8754.086
2022-01-12 00:00:00+00:00,64.0,64.43,59.85145,33.371834,1.1928571,0.5309734513274337,-10.0,9214.176693113033,0.0,9204.176693113033,0,,8763.607
2022-01-13 00:00:00+00:00,64.3,64.07,59.8764,30.898169,1.221429,0.549618320610687,-10.0,9162.692862210111,0.0,9152.692862210111,0,,8714.641
2022-01-14 00:00:00+00:00,63.83,63.75,59.90375,29.21478,1.235715,0.549618320610687,-10.0,9116.929686383082,0.0,9106.929686383082,0,,8671.115
2022-01-18 00:00:00+00:00,63.45,63.75,59.93105,28.331451,1.2750007,0.549618320610687,-10.0,9116.929686383082,0.0,9106.929686383082,0,,8671.115
2022-01-19 00:00:00+00:00,63.7,63.5,59.95075,23.35333,1.334287,0.4957264957264957,-10.0,9081.17702307731,0.0,9071.17702307731,0,,8637.111
2022-01-20 00:00:00+00:00,63.63,63.38,59.96715,20.454533,1.3557156,0.549618320610687,-10.0,9064.015730195544,0.0,9054.015730195544,0,,8620.789
2022-01-21 00:00:00+00:00,63.69,62.98,59.98425,22.294659,1.3121439,0.5309734513274337,-10.0,9006.811111647627,0.0,8996.811111647627,0,,8566.382
2022-01-24 00:00:00+00:00,62.55,62.27,59.9975,14.6308365,1.3021437,0.549618320610687,-10.0,8905.273870521769,0.0,8895.273870521769,0,,8469.81
2022-01-25 00:00:00+00:00,61.48,61.77,60.0103,14.689989,1.3385726,0.5309734513274337,-10.0,8833.768791316757,0.0,8823.768791316757,0,,8401.802
2022-01-26 00:00:00+00:00,62.03,62.11,60.01995,15.39545,1.317858,0.549618320610687,-10.0,8882.392067836709,0.0,8872.392067836709,0,,8448.047
2022-01-27 00:00:00+00:00,62.63,61.5,60.02865,24.033598,1.3064295,0.5309734513274337,-10.0,8795.155468475663,0.0,8785.155468475663,0,,8365.076
2022-01-28 00:00:00+00:00,61.24,62.02,60.0309,23.913002,1.3464292,0.5309734513274337,-10.0,8869.520939727632,0.0,8859.520939727632,0,,8435.806
2022-01-31 00:00:00+00:00,61.73,62.79,60.0338,25.653595,1.3064295,0.549618320610687,-10.0,8979.639670610128,0.0,8969.639670610128,0,,8540.539
2022-02-01 00:00:00+00:00,62.91,61.67,60.04095,27.200012,1.337858,0.5309734513274337,-10.0,8819.467269669067,0.0,8809.467269669067,0,,8388.199
2022-02-02 00:00:00+00:00,61.6,61.91,60.0437,27.914608,1.3785719,0.549618320610687,-10.0,8853.790047475064,0.0,8843.790047475064,0,,8420.844
2022-02-03 00:00:00+00:00,61.82,61.39,60.04565,29.87222,1.3450004,0.549618320610687,-10.0,8779.424340308866,0.0,8769.424340308866,0,,8350.114
2022-02-04 00:00:00+00:00,60.88,61.16,60.04685,29.127743,1.3414288,0.549618320610687,-10.0,8746.53214315682,0.0,8736.53214315682,0,,8318.831
2022-02-07 00:00:00+00:00,61.06,61.56,60.05525,29.541882,1.3407146,0.549618320610687,-10.0,8803.73707387979,0.0,8793.73707387979,0,,8373.238
2022-02-08 00:00:00+00:00,61.91,61.54,60.0671,33.729595,1.2814285,0.5309734513274337,-10.0,8800.876696401803,0.0,8790.876696401803,0,,8370.519
2022-02-09 00:00:00+00:00,61.89,61.77,60.08045,34.923103,1.2678568,0.549618320610687,-10.0,8833.769529895226,0.0,8823.769529895226,0,,8401.802
2022-02-10 00:00:00+00:00,61.22,60.57,60.0968,37.821495,1.2221423,0.549618320610687,-10.0,8662.15640273046,0.0,8652.15640273046,0,,8238.581
2022-02-11 00:00:00+00:00,60.72,60.25,60.10765,33.73821,1.2621424,0.549618320610687,-10.0,8616.393214433163,0.0,8606.393214433163,0,,8195.056
2022-02-14 00:00:00+00:00,60.35,60.06,60.1146,35.61255,1.1971425,0.5309734513274337,-10.0,8589.221393089501,0.0,8579.221393089501,0,,8169.2124
2022-02-15 00:00:00+00:00,60.36,59.84,60.11765,37.257843,1.1949997,0.5309734513274337,-10.0,8557.759045539568,0.0,8547.759045539568,0,,8139.2886
2022-02-16 00:00:00+00:00,59.92,59.92,60.11995,32.77695,1.1799997,0.5309734513274337,-10.0,8569.199168851645,0.0,8559.199168851645,0,,8150.1694
2022-02-17 00:00:00+00:00,59.93,60.25,60.1215,36.96369,1.1249998,0.5309734513274337,-10.0,8616.392747619633,0.0,8606.392747619633,0,,8195.055
2022-02-18 00:00:00+00:00,60.08,59.94,60.13155,34.92335,1.1099998,0.549618320610687,-10.0,8572.059237748104,0.0,8562.059237748104,0,,8152.8896
2022-02-22 00:00:00+00:00,60.14,60.08,60.1367,23.659904,1.0535711,0.549618320610687,-10.0,8592.080718862158,0.0,8582.080718862158,0,,8171.932
2022-02-23 00:00:00+00:00,60.05,59.02,60.1442,32.05425,0.97142845,0.65,-10.0,8440.48931841614,0.0,8430.48931841614,0,,8027.7534
2022-02-24 00:00:00+00:00,58.78,59.16,60.14435,22.476236,1.0299999,0.65,-10.0,8460.510382275344,0.0,8450.510382275344,0,,8046.795
2022-02-25 00:00:00+00:00,59.75,62.35,60.147,27.10476,1.0735713,0.549618320610687,-10.0,8916.714472356018,0.0,8906.714472356018,0,,8480.691
2022-02-28 00:00:00+00:00,62.25,63.42,60.1747,57.598965,1.2235712,0.4957264957264957,-10.0,9069.735376659977,0.0,9059.735376659977,0,,8626.2295
2022-03-01 00:00:00+00:00,63.4,63.65,60.2002,60.941154,1.2935712,0.4957264957264957,-10.0,9102.628624188545,0.0,9092.628624188545,0,,8657.515
2022-03-02 00:00:00+00:00,63.95,64.49,60.2265,62.112507,1.3421427,0.4957264957264957,-10.0,9222.756600348688,0.0,9212.756600348688,0,,8771.769
2022-03-03 00:00:00+00:00,64.72,65.25,60.2601,64.592255,1.4092857,0.4957264957264957,-10.0,9331.444868056187,0.0,9321.444868056187,0,,8875.142
2022-03-04 00:00:00+00:00,65.0,65.59,60.29855,76.35134,1.377143,0.4957264957264957,-10.0,9380.067649712302,0.0,9370.067649712302,0,,8921.387
2022-03-07 00:00:00+00:00,65.75,66.19,60.3383,79.99998,1.3650004,0.4957264957264957,-10.0,9465.875406053237,0.0,9455.875406053237,0,,9002.998
2022-03-08 00:00:00+00:00,66.36,65.17,60.38085,82.92156,1.3828572,0.4957264957264957,-10.0,9320.003951971916,0.0,9310.003951971916,0,,8864.261
2022-03-09 00:00:00+00:00,65.8,65.47,60.41585,76.36,1.3978568,0.5309734513274337,-10.0,9362.907526988098,0.0,9352.907526988098,0,,8905.065
2022-03-10 00:00:00+00:00,65.14,65.76,60.45135,76.86347,1.4064282,0.549618320610687,-10.0,9404.381263499306,0.0,9394.381263499306,0,,8944.512
2022-03-11 00:00:00+00:00,65.77,64.79,60.5014,76.77354,1.3914286,0.549618320610687,-10.0,9265.660998539779,0.0,9255.660998539779,0,,8812.575
2022-03-14 00:00:00+00:00,65.53,64.62,60.54475,72.146095,1.4442858,0.549618320610687,-10.0,9241.349237707904,0.0,9231.349237707904,0,,8789.452
2022-03-15 00:00:00+00:00,65.27,66.13,60.59075,70.673935,1.4771429,0.549618320610687,-10.0,9457.294485861861,0.0,9447.294485861861,0,,8994.838
2022-03-16 00:00:00+00:00,66.25,66.31,60.64205,81.10234,1.4885714,0.4957264957264957,-10.0,9483.036349708125,0.0,9473.036349708125,0,,9019.32
2022-03-17 00:00:00+00:00,66.3,66.19,60.6955,81.16824,1.4899998,0.549618320610687,-10.0,9465.875875432945,0.0,9455.875875432945,0,,9002.999
2022-03-18 00:00:00+00:00,65.95,64.65,60.746,72.85716,1.3135711,0.5309734513274337,-10.0,9245.639256997807,0.0,9235.639256997807,0,,8793.531
2022-03-21 00:00:00+00:00,64.91,65.44,60.7881,56.933502,1.3142855,0.5309734513274337,-10.0,9358.617893939456,0.0,9348.617893939456,0,,8900.985
2022-03-22 00:00:00+00:00,65.85,65.94,60.83295,59.49099,1.2742854,0.549618320610687,-10.0,9430.123351733426,0.0,9420.123351733426,0,,8968.994
2022-03-23 00:00:00+00:00,65.95,66.6,60.8816,57.97582,1.230714,0.549618320610687,-10.0,9524.509931349286,0.0,9514.509931349286,0,,9058.766
2022-03-24 00:00:00+00:00,66.69,66.96,60.93065,57.508335,1.2314284,0.5309734513274337,-10.0,9575.993965211293,0.0,9565.993965211293,0,,9107.732
2022-03-25 00:00:00+00:00,67.24,68.79,60.981,57.602676,1.2114285,0.549618320610687,-10.0,9837.703989147372,0.0,9827.703989147372,0,,9356.645
2022-03-28 00:00:00+00:00,68.81,69.21,61.0375,62.69531,1.2550005,0.2,-10.0,9897.768505836215,0.0,9887.768505836215,0,,9413.772
2022-03-29 00:00:00+00:00,69.38,69.73,61.0937,70.95438,1.2150007,0.4957264957264957,-10.0,9972.134438255198,0.0,9962.134438255198,0,,9484.502
2022-03-30 00:00:00+00:00,69.3,69.46,61.14895,71.60246,1.2142862,0.5309734513274337,-10.0,9933.520776629406,0.0,9923.520776629406,0,,9447.776
2022-03-31 00:00:00+00:00,69.15,70.1,61.2033,68.800804,1.2178574,0.5309734513274337,-10.0,10025.047486170159,0.0,10015.047486170159,0,,9534.827
2022-04-01 00:00:00+00:00,70.25,71.04,61.2649,77.917984,1.2164285,0.5309734513274337,-10.0,10159.478313856567,0.0,10149.478313856567,0,,9662.685
2022-04-04 00:00:00+00:00,70.66,70.8,61.3352,81.22568,1.2321428,0.4957264957264957,-10.0,10125.156226607343,0.0,10115.156226607343,0,,9630.041
2022-04-05 00:00:00+00:00,70.97,70.29,61.4113,75.91567,1.2100002,0.5309734513274337,-10.0,10052.220674877297,0.0,10042.220674877297,0,,9560.672
2022-04-06 00:00:00+00:00,70.39,71.54,61.48225,71.30622,1.2464288,0.549618320610687,-10.0,10230.984568488433,0.0,10220.984568488433,0,,9730.694
2022-04-07 00:00:00+00:00,71.45,70.69,61.56165,75.54916,1.2892859,0.5309734513274337,-10.0,10109.425425307982,0.0,10099.425425307982,0,,9615.079
2022-04-08 00:00:00+00:00,71.26,71.95,61.64005,80.87933,1.2621433,0.5309734513274337,-10.0,10289.617572752713,0.0,10279.617572752713,0,,9786.46
2022-04-11 00:00:00+00:00,72.03,70.8,61.7234,81.75607,1.2950003,0.5309734513274337,-10.0,10125.156311086657,0.0,10115.156311086657,0,,9630.04
2022-04-12 00:00:00+00:00,70.85,71.88,61.7924,72.293594,1.327143,0.549618320610687,-10.0,10279.606861967442,0.0,10269.606861967442,0,,9776.938
2022-04-13 00:00:00+00:00,71.89,72.46,61.86365,73.32156,1.3599995,0.549618320610687,-10.0,10362.55340438221,0.0,10352.55340438221,0,,9855.829
2022-04-14 00:00:00+00:00,72.49,71.84,61.93885,73.83017,1.3778566,0.65,-10.0,10273.88636979121,0.0,10263.88636979121,0,,9771.498
2022-04-18 00:00:00+00:00,72.09,71.75,62.00895,64.76281,1.2978565,0.65,-10.0,10261.016161180085,0.0,10251.016161180085,0,,9759.257
2022-04-19 00:00:00+00:00,71.89,71.81,62.07815,62.700016,1.3099992,0.65,-10.0,10269.596968433289,0.0,10259.596968433289,0,,9767.418
2022-04-20 00:00:00+00:00,72.52,72.75,62.15195,60.901455,1.2771426,0.549618320610687,-10.0,10404.027365456219,0.0,10394.027365456219,0,,9895.274
2022-04-21 00:00:00+00:00,72.56,72.71,62.22885,66.11169,1.3057142,0.549618320610687,-10.0,10398.306681378102,0.0,10388.306681378102,0,,9889.834
2022-04-22 00:00:00+00:00,72.61,71.62,62.30415,63.579628,1.2771432,0.5309734513274337,-10.0,10242.425817800178,0.0,10232.425817800178,0,,9741.576
2022-04-25 00:00:00+00:00,71.87,71.27,62.37465,52.97133,1.24,0.4957264957264957,-10.0,10192.371238256026,0.0,10182.371238256026,0,,9693.969
2022-04-26 00:00:00+00:00,70.89,70.23,62.4396,52.380924,1.2942854,0.5309734513274337,-10.0,10043.64120212802,0.0,10033.64120212802,0,,9552.512
2022-04-27 00:00:00+00:00,70.46,70.41,62.49975,49.711548,1.2671427,0.5309734513274337,-10.0,10069.383051770505,0.0,10059.383051770505,0,,9576.995
2022-04-28 00:00:00+00:00,70.79,70.8,62.56525,43.944267,1.2471428,0.549618320610687,-10.0,10125.156764657966,0.0,10115.156764657966,0,,9630.041
2022-04-29 00:00:00+00:00,70.61,68.79,62.63305,50.62007,1.24,0.5309734513274337,-10.0,9837.704869034944,0.0,9827.704869034944,0,,9356.6455
2022-05-02 00:00:00+00:00,69.25,67.91,62.6887,33.575882,1.2950003,0.4957264957264957,-10.0,9711.855757233148,0.0,9701.855757233148,0,,9236.95
2022-05-03 00:00:00+00:00,68.53,68.42,62.7383,34.545444,1.3650006,0.5309734513274337,-10.0,9784.790119780357,0.0,9774.790119780357,0,,9306.318
2022-05-04 00:00:00+00:00,68.26,70.36,62.79945,30.296112,1.3900005,0.5309734513274337,-10.0,10062.230868514845,0.0,10052.230868514845,0,,9570.192
2022-05-05 00:00:00+00:00,70.24,68.82,62.867,39.64497,1.4714285,0.4957264957264957,-10.0,9841.99457917892,0.0,9831.99457917892,0,,9360.726
2022-05-06 00:00:00+00:00,68.63,70.3,62.9301,36.3472,1.5878569,0.4957264957264957,-10.0,10053.651347987101,0.0,10043.651347987101,0,,9562.032
2022-05-09 00:00:00+00:00,70.06,70.06,63.0021,44.176716,1.6464288,0.4957264957264957,-10.0,10019.327831981227,0.0,10009.327831981227,0,,9529.388
2022-05-10 00:00:00+00:00,69.36,67.49,63.07125,43.072052,1.7200001,0.2,-10.0,9651.790390512797,0.0,9641.790390512797,0,,9179.822
2022-05-11 00:00:00+00:00,67.64,68.42,63.13125,31.556797,1.9049999,0.549618320610687,-10.0,9784.790890524353,0.0,9774.790890524353,0,,9306.318
2022-05-12 00:00:00+00:00,66.05,64.86,63.1876,35.841583,1.9657141,0.549618320610687,-10.0,9275.673376680705,0.0,9265.673376680705,0,,8822.097
2022-05-13 00:00:00+00:00,65.67,65.46,63.2278,30.81725,2.1742854,0.5309734513274337,-10.0,9361.479299907827,0.0,9351.479299907827,0,,8903.707
2022-05-16 00:00:00+00:00,65.93,66.59,63.269,33.743706,2.107143,0.4957264957264957,-10.0,9523.081450641424,0.0,9513.081450641424,0,,9057.407
2022-05-17 00:00:00+00:00,67.02,66.66,63.32945,39.86635,2.1114285,0.549618320610687,-10.0,9533.093130208905,0.0,9523.093130208905,0,,9066.929
2022-05-18 00:00:00+00:00,66.76,65.83,63.38725,39.4958,2.1128566,0.549618320610687,-10.0,9414.393812711032,0.0,9404.393812711032,0,,8954.034
2022-05-19 00:00:00+00:00,65.77,65.85,63.43945,36.413345,2.119285,0.4957264957264957,-10.0,9417.253390299446,0.0,9407.253390299446,0,,8956.754
2022-05-20 00:00:00+00:00,65.71,65.85,63.4944,40.98159,2.0728564,0.549618320610687,-10.0,9417.253390299446,0.0,9407.253390299446,0,,8956.754
2022-05-23 00:00:00+00:00,66.59,66.45,63.5475,43.32035,1.9978567,0.549618320610687,-10.0,9503.06003970232,0.0,9493.06003970232,0,,9038.364
2022-05-24 00:00:00+00:00,66.55,68.08,63.6044,43.649258,1.9600002,0.549618320610687,-10.0,9736.168341750716,0.0,9726.168341750716,0,,9260.074
2022-05-25 00:00:00+00:00,68.04,68.42,63.6676,42.50001,1.9407147,0.549618320610687,-10.0,9784.791104948252,0.0,9774.791104948252,0,,9306.318
2022-05-26 00:00:00+00:00,68.78,69.03,63.7303,48.571423,1.8307152,0.5309734513274337,-10.0,9872.027836232866,0.0,9862.027836232866,0,,9389.29
2022-05-27 00:00:00+00:00,68.81,70.06,63.78975,45.163734,1.7921437,0.5309734513274337,-10.0,10019.329046180663,0.0,10009.329046180663,0,,9529.388
2022-05-31 00:00:00+00:00,69.44,69.91,63.8549,50.0,1.8035719,0.5309734513274337,-10.0,9997.878271510433,0.0,9987.878271510433,0,,9508.986
2022-06-01 00:00:00+00:00,70.23,69.73,63.91945,60.52177,1.6242867,0.4957264957264957,-10.0,9972.136316009924,0.0,9962.136316009924,0,,9484.503
2022-06-02 00:00:00+00:00,70.07,70.36,63.9817,56.093052,1.6100006,0.4957264957264957,-10.0,10062.232102969343,0.0,10052.232102969343,0,,9570.192
2022-06-03 00:00:00+00:00,70.0,69.78,64.04555,85.166275,1.467858,0.4957264957264957,-10.0,9979.285879958286,0.0,9969.285879958286,0,,9491.303
2022-06-06 00:00:00+00:00,69.71,69.4,64.1016,77.69232,1.4478575,0.549618320610687,-10.0,9924.942090389706,0.0,9914.942090389706,0,,9439.616
2022-06-07 00:00:00+00:00,69.31,70.23,64.1576,69.92913,1.3914288,0.549618320610687,-10.0,10043.641142153521,0.0,10033.641142153521,0,,9552.511
2022-06-08 00:00:00+00:00,69.76,69.13,64.2111,72.85534,1.3907149,0.65,-10.0,9886.328509394003,0.0,9876.328509394003,0,,9402.891
2022-06-09 00:00:00+00:00,69.54,66.74,64.26095,70.42078,1.3871439,0.663675857388862,-10.0,9544.533004607492,0.0,9534.533004607492,0,,9077.809
2022-06-10 00:00:00+00:00,65.84,66.98,64.2999,54.258373,1.5378581,0.5309734513274337,-10.0,9578.855788866453,0.0,9568.855788866453,0,,9110.453
2022-06-13 00:00:00+00:00,65.73,62.38,64.3429,55.285336,1.5807146,0.4957264957264957,-10.0,8921.006347990375,0.0,8911.006347990375,0,,8484.772
2022-06-14 00:00:00+00:00,62.78,60.98,64.3665,36.14706,1.8421432,0.549618320610687,-10.0,8720.791170261968,0.0,8710.791170261968,0,,8294.348
2022-06-15 00:00:00+00:00,61.45,61.13,64.38375,25.449512,1.879286,0.65,-10.0,8742.243302224548,0.0,8732.243302224548,0,,8314.751
2022-06-16 00:00:00+00:00,60.19,60.33,64.40175,24.456926,1.9485713,0.549618320610687,-10.0,8627.834828155923,0.0,8617.834828155923,0,,8205.9375
2022-06-17 00:00:00+00:00,60.61,58.92,64.4142,19.917036,1.9999998,0.5309734513274337,-10.0,8426.189234117353,0.0,8416.189234117353,0,,8014.152
2022-06-21 00:00:00+00:00,59.18,60.28,64.4176,12.466339,2.0314286,0.5309734513274337,-10.0,8620.683689315932,0.0,8610.683689315932,0,,8199.136
2022-06-22 00:00:00+00:00,59.77,60.12,64.42335,20.00002,2.0592856,0.549618320610687,-10.0,8597.802201387964,0.0,8587.802201387964,0,,8177.373
2022-06-23 00:00:00+00:00,60.29,60.72,64.4307,20.024973,2.022143,0.549618320610687,-10.0,8683.608976778827,0.0,8673.608976778827,0,,8258.983
2022-06-24 00:00:00+00:00,60.98,62.79,64.44115,19.875046,1.9314289,0.549618320610687,-10.0,8979.640818668962,0.0,8969.640818668962,0,,8540.54
2022-06-27 00:00:00+00:00,62.7,63.27,64.45965,30.017183,2.0342863,0.5309734513274337,-10.0,9048.28598921201,0.0,9038.28598921201,0,,8605.828
2022-06-28 00:00:00+00:00,63.66,62.39,64.4827,32.575348,2.0550005,0.5309734513274337,-10.0,8922.43623635095,0.0,8912.43623635095,0,,8486.133
2022-06-29 00:00:00+00:00,62.67,62.86,64.504,27.777794,2.0885718,0.5309734513274337,-10.0,8989.651730926445,0.0,8979.651730926445,0,,8550.062
2022-06-30 00:00:00+00:00,62.48,63.24,64.523,31.569695,2.0607145,0.65,-10.0,9043.996173881345,0.0,9033.996173881345,0,,8601.748
2022-07-01 00:00:00+00:00,62.74,63.75,64.5468,38.333363,1.9242859,0.5309734513274337,-10.0,9116.931557339849,0.0,9106.931557339849,0,,8671.117
2022-07-05 00:00:00+00:00,63.39,61.69,64.57035,39.423702,1.8814291,0.549618320610687,-10.0,8822.329181722915,0.0,8812.329181722915,0,,8390.921
2022-07-06 00:00:00+00:00,62.1,62.25,64.5911,47.28986,1.7735716,0.549618320610687,-10.0,8902.415358697572,0.0,8892.415358697572,0,,8467.091
2022-07-07 00:00:00+00:00,62.61,62.72,64.6136,55.34062,1.6928575,0.65,-10.0,8969.630727344964,0.0,8959.630727344964,0,,8531.02
2022-07-08 00:00:00+00:00,62.85,62.47,64.63925,56.51105,1.6314288,0.549618320610687,-10.0,8933.878304795851,0.0,8923.878304795851,0,,8497.016
2022-07-11 00:00:00+00:00,62.22,62.5,64.663,59.176662,1.5450003,0.6556483911332871,-10.0,8938.168129974441,0.0,8928.168129974441,0,,8501.095
2022-07-12 00:00:00+00:00,62.06,62.28,64.68375,67.41245,1.4628574,0.549618320610687,-10.0,8906.705671776146,0.0,8896.705671776146,0,,8471.171
2022-07-13 00:00:00+00:00,61.6,62.2,64.7071,60.94091,1.4214284,0.6524826325554758,-10.0,8895.26518562953,0.0,8885.26518562953,0,,8460.29
2022-07-14 00:00:00+00:00,59.87,61.29,64.73025,61.47903,1.4457141,0.549618320610687,-10.0,8765.125690443112,0.0,8755.125690443112,0,,8336.515
2022-07-15 00:00:00+00:00,61.83,61.56,64.7482,53.04162,1.5628569,0.549618320610687,-10.0,8803.738348796516,0.0,8793.738348796516,0,,8373.239
2022-07-18 00:00:00+00:00,61.4,60.98,64.7704,41.87583,1.4800001,0.549618320610687,-10.0,8720.7921126156,0.0,8710.7921126156,0,,8294.35
2022-07-19 00:00:00+00:00,61.42,61.64,64.79315,35.071712,1.4714288,0.5309734513274337,-10.0,8815.179424251643,0.0,8805.179424251643,0,,8384.121
2022-07-20 00:00:00+00:00,61.66,60.86,64.824,44.966446,1.4321433,0.549618320610687,-10.0,8703.631035833203,0.0,8693.631035833203,0,,8278.027
2022-07-21 00:00:00+00:00,60.79,60.76,64.8531,37.113407,1.4607146,0.5309734513274337,-10.0,8689.329396014306,0.0,8679.329396014306,0,,8264.425
2022-07-22 00:00:00+00:00,61.27,61.33,64.87575,33.422443,1.397143,0.549618320610687,-10.0,8770.84551606895,0.0,8760.84551606895,0,,8341.955
2022-07-25 00:00:00+00:00,61.2,62.75,64.904,33.952286,1.3692858,0.65,-10.0,8973.92062344773,0.0,8963.92062344773,0,,8535.1
2022-07-26 00:00:00+00:00,62.82,63.22,64.9347,57.681164,1.2385718,0.4957264957264957,-10.0,9041.135637749489,0.0,9031.135637749489,0,,8599.028
2022-07-27 00:00:00+00:00,63.16,63.39,64.9652,57.121883,1.1814289,0.4957264957264957,-10.0,9065.447287141225,0.0,9055.447287141225,0,,8622.151
2022-07-28 00:00:00+00:00,64.1,65.49,64.99645,55.145912,1.1700007,0.4957264957264957,-10.0,9365.769796083894,0.0,9355.769796083894,0,,8907.788
2022-07-29 00:00:00+00:00,66.89,67.77,65.04345,68.06218,1.2864293,0.5309734513274337,-10.0,9691.83417292655,0.0,9681.83417292655,0,,9217.908
2022-08-01 00:00:00+00:00,67.49,66.99,65.10465,74.835045,1.3771439,0.2,-10.0,9580.286219840078,0.0,9570.286219840078,0,,9111.814
2022-08-02 00:00:00+00:00,67.21,68.62,65.1575,71.08326,1.3892869,0.4957264957264957,-10.0,9813.394189708737,0.0,9803.394189708737,0,,9333.523
2022-08-03 00:00:00+00:00,68.68,69.3,65.2176,75.23585,1.4514296,0.4957264957264957,-10.0,9910.64129342393,0.0,9900.64129342393,0,,9426.015
2022-08-04 00:00:00+00:00,69.27,68.95,65.27735,82.06564,1.4100009,0.5309734513274337,-10.0,9860.586612718962,0.0,9850.586612718962,0,,9378.408
2022-08-05 00:00:00+00:00,68.85,68.26,65.3363,79.39534,1.3792866,0.5309734513274337,-10.0,9761.909724481413,0.0,9751.909724481413,0,,9284.557
2022-08-08 00:00:00+00:00,68.7,67.7,65.39,78.70663,1.3871441,0.5309734513274337,-10.0,9681.82318005845,0.0,9671.82318005845,0,,9208.386
2022-08-09 00:00:00+00:00,68.01,68.11,65.43375,74.08582,1.444287,0.549618320610687,-10.0,9740.458136301073,0.0,9730.458136301073,0,,9264.154
2022-08-10 00:00:00+00:00,68.56,68.11,65.4778,79.68874,1.395001,0.5309734513274337,-10.0,9740.458136301073,0.0,9730.458136301073,0,,9264.154
2022-08-11 00:00:00+00:00,68.22,69.0,65.5161,80.3468,1.4157153,0.5309734513274337,-10.0,9867.73793273579,0.0,9857.73793273579,0,,9385.21
2022-08-12 00:00:00+00:00,69.56,70.75,65.5556,80.852745,1.4642866,0.549618320610687,-10.0,10118.00717691542,0.0,10108.00717691542,0,,9623.241
2022-08-15 00:00:00+00:00,70.52,71.4,65.602,81.34794,1.4821434,0.4957264957264957,-10.0,10210.964756422973,0.0,10200.964756422973,0,,9711.653
2022-08-16 00:00:00+00:00,71.4,71.81,65.64795,81.6074,1.5185716,0.4957264957264957,-10.0,10269.59807929992,0.0,10259.59807929992,0,,9767.419
2022-08-17 00:00:00+00:00,71.44,72.06,65.693,81.942314,1.5071428,0.4957264957264957,-10.0,10305.350535763242,0.0,10295.350535763242,0,,9801.424
2022-08-18 00:00:00+00:00,72.16,71.79,65.73865,78.9938,1.4042854,0.5309734513274337,-10.0,10266.738370310486,0.0,10256.738370310486,0,,9764.699
2022-08-19 00:00:00+00:00,71.71,71.54,65.7811,71.56653,1.307142,0.5309734513274337,-10.0,10230.985466533995,0.0,10220.985466533995,0,,9730.695
2022-08-22 00:00:00+00:00,71.03,70.23,65.8211,75.881676,1.2635705,0.549618320610687,-10.0,10043.641990172018,0.0,10033.641990172018,0,,9552.512
2022-08-23 00:00:00+00:00,70.28,69.36,65.85825,59.504135,1.1978563,0.5309734513274337,-10.0,9919.222042724992,0.0,9909.222042724992,0,,9434.176
2022-08-24 00:00:00+00:00,69.07,69.16,65.88985,50.346405,1.144285,0.549618320610687,-10.0,9890.620617700788,0.0,9880.620617700788,0,,9406.973
2022-08-25 00:00:00+00:00,69.42,70.09,65.9154,51.233883,1.1692848,0.549618320610687,-10.0,10023.619071830159,0.0,10013.619071830159,0,,9533.468
2022-08-26 00:00:00+00:00,70.2,69.27,65.9455,60.45712,1.1878558,0.4957264957264957,-10.0,9906.350153373252,0.0,9896.350153373252,0,,9421.934
2022-08-29 00:00:00+00:00,68.84,69.65,65.96885,58.71255,1.1421416,0.4957264957264957,-10.0,9960.69532335951,0.0,9950.69532335951,0,,9473.621
2022-08-30 00:00:00+00:00,69.59,68.82,65.9898,58.574627,1.2314273,0.5309734513274337,-10.0,9841.996141326015,0.0,9831.996141326015,0,,9360.727
2022-08-31 00:00:00+00:00,68.74,67.77,66.0078,53.618755,1.2549989,0.5309734513274337,-10.0,9691.834450597364,0.0,9681.834450597364,0,,9217.908
2022-09-01 00:00:00+00:00,67.76,68.27,66.02545,43.831474,1.2571422,0.5309734513274337,-10.0,9763.33947671701,0.0,9753.33947671701,0,,9285.916
2022-09-02 00:00:00+00:00,68.56,67.96,66.0439,35.779785,1.2335712,0.4957264957264957,-10.0,9719.006676526813,0.0,9709.006676526813,0,,9243.751
2022-09-06 00:00:00+00:00,67.16,65.87,66.06485,29.474901,1.2564288,0.5309734513274337,-10.0,9420.115007623737,0.0,9410.115007623737,0,,8959.476
2022-09-07 00:00:00+00:00,66.02,68.03,66.0719,20.477133,1.4000005,0.4957264957264957,-10.0,9729.018033735712,0.0,9719.018033735712,0,,9253.273
2022-09-08 00:00:00+00:00,67.9,68.53,66.08905,33.166233,1.4921434,0.5309734513274337,-10.0,9800.523684953643,0.0,9790.523684953643,0,,9321.282
2022-09-09 00:00:00+00:00,69.08,69.1,66.1072,36.639324,1.5000006,0.4957264957264957,-10.0,9882.039252083086,0.0,9872.039252083086,0,,9398.812
2022-09-12 00:00:00+00:00,69.18,71.12,66.12825,40.255573,1.5500009,0.5309734513274337,-10.0,10170.921874276431,0.0,10160.921874276431,0,,9673.568
2022-09-13 00:00:00+00:00,70.35,68.9,66.15625,53.363567,1.5950006,0.49206349206349204,-10.0,9853.437637640467,0.0,9843.437637640467,0,,9371.608
2022-09-14 00:00:00+00:00,69.17,69.49,66.17,48.4225,1.7057152,0.5586206896551724,-10.0,9937.813034891953,0.0,9927.813034891953,0,,9451.857
2022-09-15 00:00:00+00:00,69.24,68.3,66.19275,51.102184,1.6992863,0.49206349206349204,-10.0,9767.6308441167,0.0,9757.6308441167,0,,9289.997
2022-09-16 00:00:00+00:00,68.42,67.52,66.2039,44.123463,1.7021435,0.5813953488372093,-10.0,9656.081476369178,0.0,9646.081476369178,0,,9183.902
2022-09-19 00:00:00+00:00,67.3,68.37,66.2151,44.23963,1.712143,0.5586206896551724,-10.0,9777.641671842668,0.0,9767.641671842668,0,,9299.519
2022-09-20 00:00:00+00:00,67.9,67.71,66.22885,45.91316,1.6835715,0.5813953488372093,-10.0,9683.254288843807,0.0,9673.254288843807,0,,9209.747
2022-09-21 00:00:00+00:00,68.13,66.21,66.23995,46.41704,1.6857147,0.5586206896551724,-10.0,9468.738078002338,0.0,9458.738078002338,0,,9005.72
2022-09-22 00:00:00+00:00,66.2,65.8,66.23795,45.10666,1.7250001,0.5586206896551724,-10.0,9410.103995466729,0.0,9400.103995466729,0,,8949.953
2022-09-23 00:00:00+00:00,65.0,64.86,66.22605,42.20822,1.6935713,0.5813953488372093,-10.0,9275.673665958335,0.0,9265.673665958335,0,,8822.097
2022-09-26 00:00:00+00:00,64.76,63.17,66.21405,40.594666,1.755,0.5813953488372093,-10.0,9033.98513175375,0.0,9023.98513175375,0,,8592.227
2022-09-27 00:00:00+00:00,63.49,61.37,66.19555,41.60447,1.7321426,0.5813953488372093,-10.0,8776.565909273628,0.0,8766.565909273628,0,,8347.3955
2022-09-28 00:00:00+00:00,62.15,61.31,66.16985,28.81681,1.7671424,0.5813953488372093,-10.0,8767.985627894172,0.0,8757.985627894172,0,,8339.234
2022-09-29 00:00:00+00:00,60.44,57.46,66.1411,26.37437,1.775714,0.5586206896551724,-10.0,8217.394367313804,0.0,8207.394367313804,0,,7815.5674
2022-09-30 00:00:00+00:00,57.82,56.58,66.094,18.642265,1.9542853,0.5813953488372093,-10.0,8091.545493249934,0.0,8081.545493249934,0,,7695.872
2022-10-03 00:00:00+00:00,57.81,59.4,66.04515,8.266372,1.9078566,0.5586206896551724,-10.0,8494.835622499724,0.0,8484.835622499724,0,,8079.442
2022-10-04 00:00:00+00:00,59.34,60.83,66.00565,23.640406,1.9357134,0.5813953488372093,-10.0,8699.340954527705,0.0,8689.340954527705,0,,8273.946
2022-10-05 00:00:00+00:00,59.93,60.09,65.97,27.041378,1.9935706,0.5645300708181524,-10.0,8593.512866515051,0.0,8583.512866515051,0,,8173.2935
2022-10-06 00:00:00+00:00,59.95,58.65,65.93695,27.702347,2.0149994,0.5813953488372093,-10.0,8387.577516574847,0.0,8377.577516574847,0,,7977.428
2022-10-07 00:00:00+00:00,58.63,58.63,65.8945,26.743599,2.0414283,0.5658723364143634,-10.0,8384.717367967813,0.0,8374.717367967813,0,,7974.708
2022-10-10 00:00:00+00:00,58.87,57.85,65.85145,23.300436,2.007143,0.5813953488372093,-10.0,8273.168628221732,0.0,8263.168628221732,0,,7868.6143
2022-10-11 00:00:00+00:00,57.62,57.46,65.8026,23.148148,2.0271423,0.5813953488372093,-10.0,8217.394372368139,0.0,8207.394372368139,0,,7815.5674
2022-10-12 00:00:00+00:00,57.15,55.56,65.75155,24.637682,1.9621423,0.5813953488372093,-10.0,7945.674299490847,0.0,7935.674299490847,0,,7557.134
2022-10-13 00:00:00+00:00,55.0,56.9,65.69125,22.67876,2.0249996,0.5813953488372093,-10.0,8137.30859534185,0.0,8127.30859534185,0,,7739.3975
2022-10-14 00:00:00+00:00,57.45,55.03,65.63475,29.205853,2.054999,0.5586206896551724,-10.0,7869.877987308253,0.0,7859.877987308253,0,,7485.044
2022-10-17 00:00:00+00:00,55.94,57.12,65.5677,28.933748,2.081428,0.5813953488372093,-10.0,8168.770012970973,0.0,8158.770012970973,0,,7769.321
2022-10-18 00:00:00+00:00,57.83,57.42,65.51515,39.163692,2.043571,0.5813953488372093,-10.0,8211.673396849617,0.0,8201.673396849617,0,,7810.126
2022-10-19 00:00:00+00:00,56.56,56.74,65.461,40.201504,2.0485709,0.6072695884553356,-10.0,8114.426742984061,0.0,8104.426742984061,0,,7717.6343
2022-10-20 00:00:00+00:00,56.75,54.94,65.40715,47.841736,1.8578565,0.99,-10.0,7857.007280925986,0.0,7847.007280925986,0,,7472.8022
2022-10-21 00:00:00+00:00,55.07,55.64,65.3485,45.3409,1.9021424,0.5813953488372093,-10.0,7957.1150455506595,0.0,7947.1150455506595,0,,7568.0146
2022-10-24 00:00:00+00:00,56.0,55.77,65.3007,37.855293,1.7728568,0.6111111111111112,-10.0,7975.706861367156,0.0,7965.706861367156,0,,7585.6978
2022-10-25 00:00:00+00:00,55.62,56.85,65.25645,32.15797,1.7357142,0.99,-10.0,8130.157951763621,0.0,8120.157951763621,0,,7732.596
2022-10-26 00:00:00+00:00,57.26,56.88,65.2157,38.842968,1.7349998,0.5813953488372093,-10.0,8134.448557457969,0.0,8124.448557457969,0,,7736.677
2022-10-27 00:00:00+00:00,57.61,58.38,65.1719,43.249428,1.6771425,0.5813953488372093,-10.0,8348.965027345737,0.0,8338.965027345737,0,,7940.7036
2022-10-28 00:00:00+00:00,58.66,60.23,65.142,49.14325,1.7342854,0.5813953488372093,-10.0,8613.534784015641,0.0,8603.534784015641,0,,8192.336
2022-10-31 00:00:00+00:00,59.82,60.04,65.121,57.59898,1.7492856,0.5813953488372093,-10.0,8586.36273542045,0.0,8576.36273542045,0,,8166.4927
2022-11-01 00:00:00+00:00,60.8,60.51,65.10085,58.34412,1.7435712,0.5586206896551724,-10.0,8653.57778251132,0.0,8643.57778251132,0,,8230.421
2022-11-02 00:00:00+00:00,59.47,58.76,65.08465,67.64076,1.6807139,0.5586206896551724,-10.0,8403.309136662681,0.0,8393.309136662681,0,,7992.3906
2022-11-03 00:00:00+00:00,58.31,58.45,65.0597,56.440434,1.6499999,0.5586206896551724,-10.0,8358.976078365336,0.0,8348.976078365336,0,,7950.2256
2022-11-04 00:00:00+00:00,58.8,59.03,65.03445,63.276413,1.5449998,0.5586206896551724,-10.0,8441.922041362193,0.0,8431.922041362193,0,,8029.115
2022-11-07 00:00:00+00:00,58.78,57.75,65.0127,58.399303,1.4985712,0.5714285714285714,-10.0,8258.868486527032,0.0,8248.868486527032,0,,7855.013
2022-11-08 00:00:00+00:00,58.07,58.01,64.98655,51.33604,1.5728569,0.5813953488372093,-10.0,8296.051376242543,0.0,8286.051376242543,0,,7890.3774
2022-11-09 00:00:00+00:00,57.8,57.31,64.96525,55.322704,1.5671427,0.5586206896551724,-10.0,8195.944242316536,0.0,8185.9442423165365,0,,7795.166
2022-11-10 00:00:00+00:00,59.31,60.29,64.94295,60.941856,1.485,0.49206349206349204,-10.0,8622.116131509123,0.0,8612.116131509123,0,,8200.498
2022-11-11 00:00:00+00:00,60.38,59.87,64.93385,67.73458,1.617857,0.4339622641509434,-10.0,8562.051431562108,0.0,8552.051431562108,0,,8143.3706
2022-11-14 00:00:00+00:00,59.97,59.92,64.9257,65.298515,1.6214284,0.5586206896551724,-10.0,8569.202288096294,0.0,8559.202288096294,0,,8150.172
2022-11-15 00:00:00+00:00,60.64,60.67,64.9152,62.409065,1.5614283,0.4339622641509434,-10.0,8676.460739301254,0.0,8666.460739301254,0,,8252.185
2022-11-16 00:00:00+00:00,60.59,61.03,64.9046,64.47671,1.5992854,0.5586206896551724,-10.0,8727.944788831219,0.0,8717.944788831219,0,,8301.151
2022-11-17 00:00:00+00:00,60.3,59.84,64.9014,61.08787,1.528571,0.5714285714285714,-10.0,8557.762201049078,0.0,8547.762201049078,0,,8139.291
2022-11-18 00:00:00+00:00,60.58,61.72,64.89105,48.272808,1.5157138,0.5813953488372093,-10.0,8826.62254081435,0.0,8816.62254081435,0,,8395.004
2022-11-21 00:00:00+00:00,61.61,61.96,64.8927,56.4715,1.5892855,0.5586206896551724,-10.0,8860.944755019475,0.0,8850.944755019475,0,,8427.647
2022-11-22 00:00:00+00:00,62.56,62.43,64.8967,55.686283,1.5749997,0.5813953488372093,-10.0,8928.159677525258,0.0,8918.159677525258,0,,8491.576
2022-11-23 00:00:00+00:00,62.32,63.73,64.90105,65.998276,1.5257138,0.5586206896551724,-10.0,9114.073956069498,0.0,9104.073956069498,0,,8668.399
2022-11-25 00:00:00+00:00,64.03,64.23,64.912,71.18781,1.5349996,0.5586206896551724,-10.0,9185.57970092547,0.0,9175.57970092547,0,,8736.408
2022-11-28 00:00:00+00:00,63.64,63.39,64.9243,71.00164,1.470714,0.5586206896551724,-10.0,9065.450377984216,0.0,9055.450377984216,0,,8622.153
2022-11-29 00:00:00+00:00,63.14,63.51,64.9384,73.61808,1.3771428,0.5586206896551724,-10.0,9082.611670060613,0.0,9072.611670060613,0,,8638.476
2022-11-30 00:00:00+00:00,63.39,66.66,64.9547,73.30508,1.3749998,0.49206349206349204,-10.0,9533.096262889414,0.0,9523.096262889414,0,,9066.932
2022-12-01 00:00:00+00:00,67.01,65.52,64.9877,82.807,1.5649997,0.49206349206349204,-10.0,9370.062925722837,0.0,9360.062925722837,0,,8911.871
2022-12-02 00:00:00+00:00,64.72,65.37,65.0161,71.07167,1.4592857,0.5586206896551724,-10.0,9348.612085675766,0.0,9338.612085675766,0,,8891.469
2022-12-05 00:00:00+00:00,64.76,65.12,65.04335,72.65238,1.4407141,0.5586206896551724,-10.0,9312.859133740641,0.0,9302.859133740641,0,,8857.464
2022-12-06 00:00:00+00:00,65.04,66.02,65.0677,71.069695,1.4357139,0.5586206896551724,-10.0,9441.567773323064,0.0,9431.567773323064,0,,8979.879
2022-12-07 00:00:00+00:00,65.94,65.37,65.0981,71.41712,1.3999996,0.5586206896551724,-10.0,9348.611425665042,0.0,9338.611425665042,0,,8891.468
2022-12-08 00:00:00+00:00,65.4,65.4,65.12455,66.979675,1.4285711,0.5586206896551724,-10.0,9352.90202477145,0.0,9342.90202477145,0,,8895.549
2022-12-09 00:00:00+00:00,65.39,65.79,65.15645,73.92428,1.3371423,0.5586206896551724,-10.0,9408.676423919338,0.0,9398.676423919338,0,,8948.596
2022-12-12 00:00:00+00:00,66.29,67.42,65.1896,70.08885,1.2771422,0.5586206896551724,-10.0,9641.783377527,0.0,9631.783377527,0,,9170.304
2022-12-13 00:00:00+00:00,68.49,67.87,65.21495,73.69792,1.3514282,0.49206349206349204,-10.0,9706.138881216182,0.0,9696.138881216182,0,,9231.512
2022-12-14 00:00:00+00:00,68.03,67.65,65.2372,73.65218,1.3928568,0.4339622641509434,-10.0,9674.676632010045,0.0,9664.676632010045,0,,9201.588
2022-12-15 00:00:00+00:00,67.16,66.73,65.2572,68.80999,1.4028568,0.5586206896551724,-10.0,9543.106875719168,0.0,9533.106875719168,0,,9076.452
2022-12-16 00:00:00+00:00,66.06,65.1,65.2684,61.53137,1.470714,0.5586206896551724,-10.0,9309.998573109673,0.0,9299.998573109673,0,,8854.742
2022-12-19 00:00:00+00:00,65.0,64.95,65.26765,57.351673,1.5657141,0.5586206896551724,-10.0,9288.54650830707,0.0,9278.54650830707,0,,8834.34
2022-12-20 00:00:00+00:00,65.04,64.88,65.26445,56.17495,1.5878574,0.5813953488372093,-10.0,9278.5355805129,0.0,9268.5355805129,0,,8824.818
2022-12-21 00:00:00+00:00,65.23,65.22,65.2579,39.626995,1.3971426,0.5586206896551724,-10.0,9327.160299018631,0.0,9317.160299018631,0,,8871.065
2022-12-22 00:00:00+00:00,64.77,64.5,65.25815,48.072006,1.3357141,0.5714285714285714,-10.0,9224.192599224927,0.0,9214.192599224927,0,,8773.133
2022-12-23 00:00:00+00:00,64.43,65.18,65.2533,44.7904,1.397143,0.5586206896551724,-10.0,9321.439859448585,0.0,9311.439859448585,0,,8865.625
2022-12-27 00:00:00+00:00,65.4,65.82,65.2504,50.34167,1.4171429,0.5586206896551724,-10.0,9412.966252969798,0.0,9402.966252969798,0,,8952.676
2022-12-28 00:00:00+00:00,65.96,65.02,65.25555,48.82631,1.4235712,0.5586206896551724,-10.0,9298.557292662746,0.0,9288.557292662746,0,,8843.861
2022-12-29 00:00:00+00:00,64.43,64.4,65.25755,47.981514,1.4292856,0.49206349206349204,-10.0,9209.891533184797,0.0,9199.891533184797,0,,8759.531
2022-12-30 00:00:00+00:00,64.45,63.62,65.2489,44.600437,1.4528571,0.49206349206349204,-10.0,9098.342776274369,0.0,9088.342776274369,0,,8653.4375
2023-01-03 00:00:00+00:00,64.01,64.28,65.23545,38.75648,1.482857,0.5586206896551724,-10.0,9192.729613966927,0.0,9182.729613966927,0,,8743.209
2023-01-04 00:00:00+00:00,64.8,66.39,65.2259,31.912477,1.4535713,0.5586206896551724,-10.0,9494.481996282693,0.0,9484.481996282693,0,,9030.206
2023-01-05 00:00:00+00:00,65.91,64.89,65.2346,42.84332,1.4885712,0.4339622641509434,-10.0,9279.966170444191,0.0,9269.966170444191,0,,8826.18
2023-01-06 00:00:00+00:00,65.67,66.87,65.23185,38.123924,1.523571,0.5586206896551724,-10.0,9563.128437753807,0.0,9553.128437753807,0,,9095.495
2023-01-09 00:00:00+00:00,66.85,67.79,65.2365,50.552048,1.5699997,0.4339622641509434,-10.0,9694.698564302766,0.0,9684.698564302766,0,,9220.632
2023-01-10 00:00:00+00:00,67.41,68.2,65.24245,61.236427,1.5235704,0.4339622641509434,-10.0,9753.332908840011,0.0,9743.332908840011,0,,9276.399
2023-01-11 00:00:00+00:00,68.36,69.42,65.24865,63.286995,1.5649986,0.4339622641509434,-10.0,9927.805853135482,0.0,9917.805853135482,0,,9442.34
2023-01-12 00:00:00+00:00,69.5,68.45,65.2518,66.965614,1.6028563,0.4339622641509434,-10.0,9789.085236870364,0.0,9779.085236870364,0,,9310.403
2023-01-13 00:00:00+00:00,67.93,68.2,65.248,61.527462,1.644285,0.49206349206349204,-10.0,9753.332809418203,0.0,9743.332809418203,0,,9276.399
2023-01-17 00:00:00+00:00,68.74,68.7,65.24035,63.663208,1.6021415,0.5586206896551724,-10.0,9824.838113728432,0.0,9814.838113728432,0,,9344.408
2023-01-18 00:00:00+00:00,68.94,66.79,65.23655,63.17364,1.6335708,0.5813953488372093,-10.0,9551.688057737767,0.0,9541.688057737767,0,,9084.614
2023-01-19 00:00:00+00:00,66.46,65.67,65.22,53.31511,1.7107137,0.5714285714285714,-10.0,9391.515877615644,0.0,9381.515877615644,0,,8932.274
2023-01-20 00:00:00+00:00,65.67,66.73,65.19315,52.17392,1.7292854,0.5813953488372093,-10.0,9543.108229516301,0.0,9533.108229516301,0,,9076.454
2023-01-23 00:00:00+00:00,66.71,67.03,65.1728,57.569855,1.8071429,0.5586206896551724,-10.0,9586.010424678063,0.0,9576.010424678063,0,,9117.258
2023-01-24 00:00:00+00:00,66.85,67.82,65.1565,61.435276,1.7885717,0.4339622641509434,-10.0,9698.988705060961,0.0,9688.988705060961,0,,9224.712
2023-01-25 00:00:00+00:00,67.17,67.53,65.1379,61.76862,1.8142859,0.4339622641509434,-10.0,9657.515468398748,0.0,9647.515468398748,0,,9185.267
2023-01-26 00:00:00+00:00,67.4,68.37,65.1221,54.311646,1.6842859,0.5586206896551724,-10.0,9777.645424294355,0.0,9767.645424294355,0,,9299.522
2023-01-27 00:00:00+00:00,68.29,68.74,65.1042,63.85351,1.6178572,0.4339622641509434,-10.0,9830.55837381843,0.0,9820.55837381843,0,,9349.848
2023-01-30 00:00:00+00:00,68.37,68.14,65.0939,58.53879,1.51,0.5586206896551724,-10.0,9744.752303951895,0.0,9734.752303951895,0,,9268.237
2023-01-31 00:00:00+00:00,68.63,68.9,65.0752,51.64628,1.4485719,0.5586206896551724,-10.0,9853.44116625356,0.0,9843.44116625356,0,,9371.611
2023-02-01 00:00:00+00:00,68.03,67.87,65.0574,53.187634,1.3921432,0.5586206896551724,-10.0,9706.140078567534,0.0,9696.140078567534,0,,9231.513
2023-02-02 00:00:00+00:00,68.03,68.74,65.03755,42.817444,1.4314287,0.5586206896551724,-10.0,9830.558962206913,0.0,9820.558962206913,0,,9349.848
2023-02-03 00:00:00+00:00,68.13,66.87,65.0225,51.35641,1.5064284,0.5586206896551724,-10.0,9563.129833134124,0.0,9553.129833134124,0,,9095.496
2023-02-06 00:00:00+00:00,66.61,67.81,64.9978,44.597908,1.595714,0.5586206896551724,-10.0,9697.559133775345,0.0,9687.559133775345,0,,9223.352
2023-02-07 00:00:00+00:00,67.55,67.31,64.9731,46.509804,1.5985707,0.49206349206349204,-10.0,9626.053489136742,0.0,9616.053489136742,0,,9155.343
2023-02-08 00:00:00+00:00,66.96,66.81,64.9461,52.292755,1.5207138,0.49206349206349204,-10.0,9554.548387090184,0.0,9544.548387090184,0,,9087.334
2023-02-09 00:00:00+00:00,66.91,65.81,64.92205,55.31717,1.4592847,0.49206349206349204,-10.0,9411.537825512547,0.0,9401.537825512547,0,,8951.317
2023-02-10 00:00:00+00:00,66.04,67.01,64.89475,45.68477,1.4399992,0.5586206896551724,-10.0,9583.151308623002,0.0,9573.151308623002,0,,9114.538
2023-02-13 00:00:00+00:00,67.01,68.02,64.87865,49.91351,1.4257137,0.5813953488372093,-10.0,9727.591878364377,0.0,9717.591878364377,0,,9251.916
2023-02-14 00:00:00+00:00,67.84,67.54,64.8667,50.848885,1.3778566,0.5586206896551724,-10.0,9658.947053283546,0.0,9648.947053283546,0,,9186.628
2023-02-15 00:00:00+00:00,67.26,67.7,64.8504,50.04178,1.3978566,0.5586206896551724,-10.0,9681.828393768505,0.0,9671.828393768505,0,,9208.39
2023-02-16 00:00:00+00:00,66.84,67.22,64.84495,47.032738,1.385,0.5586206896551724,-10.0,9613.183919663436,0.0,9603.183919663436,0,,9143.103
2023-02-17 00:00:00+00:00,67.32,67.59,64.8415,43.333332,1.4307142,0.5813953488372093,-10.0,9666.097292313894,0.0,9656.097292313894,0,,9193.428
2023-02-21 00:00:00+00:00,67.35,66.71,64.83735,47.53803,1.4507141,0.5586206896551724,-10.0,9540.248365420899,0.0,9530.248365420899,0,,9073.733
2023-02-22 00:00:00+00:00,66.45,66.2,64.8191,40.30111,1.4421425,0.5586206896551724,-10.0,9467.312493575773,0.0,9457.312493575773,0,,9004.364
2023-02-23 00:00:00+00:00,66.65,65.86,64.806,42.24693,1.3821428,0.5586206896551724,-10.0,9418.68938183176,0.0,9408.68938183176,0,,8958.118
2023-02-24 00:00:00+00:00,66.55,68.63,64.7838,35.93747,1.3192858,0.5586206896551724,-10.0,9814.828394913666,0.0,9804.828394913666,0,,9334.887
2023-02-27 00:00:00+00:00,69.1,68.13,64.77665,57.89946,1.356429,0.4339622641509434,-10.0,9743.323285848974,0.0,9733.323285848974,0,,9266.878
2023-02-28 00:00:00+00:00,67.94,66.21,64.77985,51.49533,1.374286,0.49206349206349204,-10.0,9468.743047616013,0.0,9458.743047616013,0,,9005.725
2023-03-01 00:00:00+00:00,66.0,64.59,64.7688,45.462044,1.4342864,0.4339622641509434,-10.0,9237.065184476902,0.0,9227.065184476902,0,,8785.376
2023-03-02 00:00:00+00:00,64.4,65.56,64.76745,41.616295,1.5142866,0.5586206896551724,-10.0,9375.786201703504,0.0,9365.786201703504,0,,8917.313
2023-03-03 00:00:00+00:00,65.67,67.3,64.76795,49.053745,1.5264288,0.5813953488372093,-10.0,9624.625540025318,0.0,9614.625540025318,0,,9153.984
2023-03-06 00:00:00+00:00,67.36,68.42,64.7715,51.05455,1.5721425,0.49206349206349204,-10.0,9784.797165000356,0.0,9774.797165000356,0,,9306.324
2023-03-07 00:00:00+00:00,68.58,67.39,64.7803,51.44301,1.5728563,0.4339622641509434,-10.0,9637.496367539186,0.0,9627.496367539186,0,,9166.227
2023-03-08 00:00:00+00:00,67.35,68.29,64.7881,49.479523,1.6078562,0.5586206896551724,-10.0,9766.206441433662,0.0,9756.206441433662,0,,9288.643
2023-03-09 00:00:00+00:00,68.54,67.0,64.8003,51.94721,1.6307127,0.5586206896551724,-10.0,9581.722574871294,0.0,9571.722574871294,0,,9113.18
2023-03-10 00:00:00+00:00,67.19,66.23,64.80605,49.310772,1.6685698,0.5586206896551724,-10.0,9471.604716633903,0.0,9461.604716633903,0,,9008.446
2023-03-13 00:00:00+00:00,65.87,67.39,64.80495,45.84354,1.6992842,0.5586206896551724,-10.0,9637.497085354282,0.0,9627.497085354282,0,,9166.227
2023-03-14 00:00:00+00:00,68.07,68.3,64.8015,52.04327,1.8264275,0.5586206896551724,-10.0,9767.637523415113,0.0,9757.637523415113,0,,9290.003
2023-03-15 00:00:00+00:00,67.74,68.12,64.8009,56.16199,1.8635701,0.4339622641509434,-10.0,9741.895702299034,0.0,9731.895702299034,0,,9265.52
2023-03-16 00:00:00+00:00,67.53,68.98,64.79635,56.69432,1.8742845,0.5586206896551724,-10.0,9864.884608498523,0.0,9854.884608498523,0,,9382.495
2023-03-17 00:00:00+00:00,68.95,67.76,64.79095,51.169025,1.7949988,0.42857142857142855,-10.0,9690.411226548506,0.0,9680.411226548506,0,,9216.553
2023-03-20 00:00:00+00:00,68.2,69.0,64.7802,48.82092,1.7857132,0.5586206896551724,-10.0,9867.74398871685,0.0,9857.74398871685,0,,9385.215
2023-03-21 00:00:00+00:00,69.2,67.81,64.77655,59.293804,1.7557127,0.49206349206349204,-10.0,9697.560680598073,0.0,9687.560680598073,0,,9223.354
2023-03-22 00:00:00+00:00,67.7,66.31,64.7638,61.042526,1.7857126,0.4339622641509434,-10.0,9483.0442904851,0.0,9473.0442904851,0,,9019.326
2023-03-23 00:00:00+00:00,66.16,66.04,64.74645,52.4818,1.7985698,0.49206349206349204,-10.0,9444.432060567358,0.0,9434.432060567358,0,,8982.603
2023-03-24 00:00:00+00:00,66.1,68.38,64.72965,45.38122,1.816427,0.5586206896551724,-10.0,9779.077131488622,0.0,9769.077131488622,0,,9300.884
2023-03-27 00:00:00+00:00,68.8,68.53,64.7204,49.865406,1.9171416,0.49206349206349204,-10.0,9800.529388808747,0.0,9790.529388808747,0,,9321.287
2023-03-28 00:00:00+00:00,68.35,68.7,64.7174,54.07725,1.8521417,0.49206349206349204,-10.0,9824.840837865817,0.0,9814.840837865817,0,,9344.409
2023-03-29 00:00:00+00:00,69.19,69.8,64.7272,51.547157,1.8442851,0.49206349206349204,-10.0,9982.153388646446,0.0,9972.153388646446,0,,9494.029
2023-03-30 00:00:00+00:00,69.27,70.0,64.7413,60.71977,1.7964281,0.4339622641509434,-10.0,10010.755397328876,0.0,10000.755397328876,0,,9521.232
2023-03-31 00:00:00+00:00,70.17,70.59,64.779396,65.092064,1.7385712,0.49206349206349204,-10.0,10095.131786070935,0.0,10085.131786070935,0,,9601.483
2023-04-03 00:00:00+00:00,70.13,70.54,64.82745,63.42281,1.5985712,0.4339622641509434,-10.0,10087.982187717902,0.0,10077.982187717902,0,,9594.684
2023-04-04 00:00:00+00:00,70.34,70.29,64.8745,60.126583,1.5885713,0.49206349206349204,-10.0,10052.22944895113,0.0,10042.22944895113,0,,9560.679
2023-04-05 00:00:00+00:00,70.59,72.26,64.9243,59.74843,1.5321426,0.5586206896551724,-10.0,10333.96146656658,0.0,10323.96146656658,0,,9828.635
2023-04-06 00:00:00+00:00,72.5,72.56,64.991,63.398697,1.5492853,0.49206349206349204,-10.0,10376.863762398576,0.0,10366.863762398576,0,,9869.439
2023-04-10 00:00:00+00:00,72.19,72.84,65.0524,71.20142,1.504285,0.4339622641509434,-10.0,10416.906053084807,0.0,10406.906053084807,0,,9907.523
2023-04-11 00:00:00+00:00,72.82,72.81,65.116,68.53283,1.4628563,0.49206349206349204,-10.0,10412.615661828784,0.0,10402.615661828784,0,,9903.442
2023-04-12 00:00:00+00:00,73.15,73.07,65.17645,77.173965,1.3485707,0.49206349206349204,-10.0,10449.79821966795,0.0,10439.79821966795,0,,9938.808
2023-04-13 00:00:00+00:00,72.5,72.95,65.22785,92.46241,1.258571,0.5586206896551724,-10.0,10432.636654224285,0.0,10422.636654224285,0,,9922.485
2023-04-14 00:00:00+00:00,72.32,71.61,65.27625,94.23819,1.2150002,0.5586206896551724,-10.0,10241.002462141867,0.0,10231.002462141867,0,,9740.222
2023-04-17 00:00:00+00:00,71.77,72.08,65.32235,73.71519,1.1364282,0.5586206896551724,-10.0,10308.217293560638,0.0,10298.217293560638,0,,9804.149
2023-04-18 00:00:00+00:00,72.1,72.11,65.36845,74.89487,1.135,0.5586206896551724,-10.0,10312.507157453649,0.0,10302.507157453649,0,,9808.2295
2023-04-19 00:00:00+00:00,72.08,72.74,65.412796,74.39205,1.115714,0.5586206896551724,-10.0,10402.603514865446,0.0,10392.603514865446,0,,9893.921
2023-04-20 00:00:00+00:00,72.82,73.0,65.45775,72.546036,1.1028568,0.5586206896551724,-10.0,10439.786282708421,0.0,10429.786282708421,0,,9929.285
2023-04-21 00:00:00+00:00,73.5,72.93,65.5143,72.7964,1.1128561,0.5586206896551724,-10.0,10429.775367803575,0.0,10419.775367803575,0,,9919.764
2023-04-24 00:00:00+00:00,73.06,73.67,65.5677,69.307,1.1078562,0.5586206896551724,-10.0,10535.603556459111,0.0,10525.603556459111,0,,10020.417
2023-04-25 00:00:00+00:00,73.5,73.77,65.62245,73.18519,1.0642847,0.49206349206349204,-10.0,10549.904965905995,0.0,10539.904965905995,0,,10034.019
2023-04-26 00:00:00+00:00,73.33,73.0,65.67895,76.36364,1.0507132,0.49206349206349204,-10.0,10439.787309441743,0.0,10429.787309441743,0,,9929.286
2023-04-27 00:00:00+00:00,73.26,73.57,65.73145,56.85185,1.0007133,0.5813953488372093,-10.0,10521.30334509014,0.0,10511.30334509014,0,,10006.815
2023-04-28 00:00:00+00:00,73.3,73.6,65.7879,58.90656,1.0164278,0.49206349206349204,-10.0,10525.594090198692,0.0,10515.594090198692,0,,10010.8955
2023-05-01 00:00:00+00:00,73.73,73.95,65.8449,57.0111,0.99357116,0.5586206896551724,-10.0,10575.64726634569,0.0,10565.64726634569,0,,10058.501
2023-05-02 00:00:00+00:00,73.95,73.28,65.9082,59.930325,1.0485715,0.4339622641509434,-10.0,10479.83037473068,0.0,10469.83037473068,0,,9967.369
2023-05-03 00:00:00+00:00,74.41,71.67,65.9668,51.707314,1.1007146,0.5586206896551724,-10.0,10249.583151624818,0.0,10239.583151624818,0,,9748.382
2023-05-04 00:00:00+00:00,72.31,72.49,66.02025,41.623028,1.1978575,0.5586206896551724,-10.0,10366.852219644625,0.0,10356.852219644625,0,,9859.916
2023-05-05 00:00:00+00:00,71.89,73.56,66.0745,56.179768,1.2592866,0.5586206896551724,-10.0,10519.873317863616,0.0,10509.873317863616,0,,10005.454
2023-05-08 00:00:00+00:00,73.32,73.39,66.138,59.585484,1.3978583,0.19421604447689755,-10.0,10495.561982283254,0.0,10485.561982283254,0,,9982.331
2023-05-09 00:00:00+00:00,73.17,73.63,66.20115,58.1425,1.4064299,0.49206349206349204,-10.0,10529.884036228079,0.0,10519.884036228079,0,,10014.975
2023-05-10 00:00:00+00:00,74.03,74.19,66.26265,55.95717,1.3828583,0.49206349206349204,-10.0,10609.970879169767,0.0,10599.970879169767,0,,10091.146
2023-05-11 00:00:00+00:00,74.29,73.21,66.31985,57.657684,1.3850015,0.49206349206349204,-10.0,10469.82013506788,0.0,10459.82013506788,0,,9957.849
2023-05-12 00:00:00+00:00,73.73,73.68,66.3698,51.612896,1.4235731,0.5586206896551724,-10.0,10537.035302775554,0.0,10527.035302775554,0,,10021.777
2023-05-15 00:00:00+00:00,74.01,72.24,66.42125,50.059467,1.452859,0.5586206896551724,-10.0,10331.09942798153,0.0,10321.09942798153,0,,9825.911
2023-05-16 00:00:00+00:00,72.23,70.3,66.455,42.15385,1.5642874,0.5586206896551724,-10.0,10053.659067955345,0.0,10043.659067955345,0,,9562.038
2023-05-17 00:00:00+00:00,70.61,69.74,66.46765,37.637375,1.6028589,0.5586206896551724,-10.0,9973.572400429817,0.0,9963.572400429817,0,,9485.867
2023-05-18 00:00:00+00:00,69.3,68.85,66.4814,32.447292,1.5907162,0.5586206896551724,-10.0,9846.293135574788,0.0,9836.293135574788,0,,9364.8125
2023-05-19 00:00:00+00:00,69.28,68.24,66.48255,29.821589,1.6528587,0.5813953488372093,-10.0,9759.056230664915,0.0,9749.056230664915,0,,9281.842
2023-05-22 00:00:00+00:00,68.52,67.68,66.47725,26.267681,1.6592871,0.5810102479621746,-10.0,9678.970410539472,0.0,9668.970410539472,0,,9205.672
2023-05-23 00:00:00+00:00,67.49,67.37,66.4709,26.510084,1.6514293,0.5586206896551724,-10.0,9634.637639166802,0.0,9624.637639166802,0,,9163.507
2023-05-24 00:00:00+00:00,67.0,66.58,66.466446,29.755205,1.5150005,0.5586206896551724,-10.0,9521.658797150256,0.0,9511.658797150256,0,,9056.053
2023-05-25 00:00:00+00:00,66.43,65.66,66.460846,22.096346,1.4221431,0.5586206896551724,-10.0,9390.089407311789,0.0,9380.089407311789,0,,8930.917
2023-05-26 00:00:00+00:00,65.6,65.63,66.4486,12.164789,1.3357141,0.5586206896551724,-10.0,9385.798241513728,0.0,9375.798241513728,0,,8926.836
2023-05-30 00:00:00+00:00,65.69,65.72,66.4362,12.330126,1.3728567,0.5586206896551724,-10.0,9398.669771923824,0.0,9388.669771923824,0,,8939.078
2023-05-31 00:00:00+00:00,65.73,67.52,66.4198,11.034567,1.4185709,0.5586206896551724,-10.0,9656.088163005941,0.0,9646.088163005941,0,,9183.909
2023-06-01 00:00:00+00:00,67.31,66.68,66.40365,20.719923,1.4899995,0.49206349206349204,-10.0,9535.95984604426,0.0,9525.95984604426,0,,9069.655
2023-06-02 00:00:00+00:00,66.46,66.68,66.38005,20.977783,1.4949995,0.4339622641509434,-10.0,9535.95984604426,0.0,9525.95984604426,0,,9069.655
2023-06-05 00:00:00+00:00,66.79,66.8,66.3544,17.532463,1.504285,0.5586206896551724,-10.0,9553.121738195583,0.0,9543.121738195583,0,,9085.978
2023-06-06 00:00:00+00:00,67.37,66.71,66.3281,21.247381,1.4478569,0.5813953488372093,-10.0,9540.250215477397,0.0,9530.250215477397,0,,9073.735
2023-06-07 00:00:00+00:00,67.06,68.7,66.3027,26.412615,1.3721428,0.5586206896551724,-10.0,9824.84136494706,0.0,9814.84136494706,0,,9344.41
2023-06-08 00:00:00+00:00,68.6,68.57,66.2885,44.247784,1.4714285,0.5586206896551724,-10.0,9806.25012556545,0.0,9796.25012556545,0,,9326.728
2023-06-09 00:00:00+00:00,68.57,67.72,66.2802,48.309185,1.4442858,0.5586206896551724,-10.0,9684.690896005903,0.0,9674.690896005903,0,,9211.113
2023-06-12 00:00:00+00:00,67.9,67.65,66.272,46.948376,1.4514285,0.5586206896551724,-10.0,9674.680182099703,0.0,9664.680182099703,0,,9201.592
2023-06-13 00:00:00+00:00,67.21,67.88,66.26445,49.81321,1.4228575,0.5586206896551724,-10.0,9707.571479930439,0.0,9697.571479930439,0,,9232.875
2023-06-14 00:00:00+00:00,68.12,68.17,66.2534,53.207516,1.4192865,0.5586206896551724,-10.0,9749.044385411033,0.0,9739.044385411033,0,,9272.319
2023-06-15 00:00:00+00:00,68.53,68.8,66.2479,60.67112,1.4000009,0.5586206896551724,-10.0,9839.142130588658,0.0,9829.142130588658,0,,9358.012
2023-06-16 00:00:00+00:00,69.19,70.18,66.24365,71.92736,1.375715,0.5586206896551724,-10.0,10036.497169099559,0.0,10026.497169099559,0,,9545.716
2023-06-20 00:00:00+00:00,70.23,68.77,66.25045,76.73329,1.4000005,0.5586206896551724,-10.0,9834.851539498424,0.0,9824.851539498424,0,,9353.931
2023-06-21 00:00:00+00:00,68.69,69.73,66.25545,65.51372,1.4128577,0.5586206896551724,-10.0,9972.14258766498,0.0,9962.14258766498,0,,9484.509
2023-06-22 00:00:00+00:00,70.0,69.09,66.26275,62.291466,1.3885716,0.5586206896551724,-10.0,9880.614868128749,0.0,9870.614868128749,0,,9397.457
2023-06-23 00:00:00+00:00,68.96,67.76,66.2684,63.708714,1.3735716,0.5813953488372093,-10.0,9690.411505409313,0.0,9680.411505409313,0,,9216.554
2023-06-26 00:00:00+00:00,68.14,68.8,66.27785,55.33597,1.3750006,0.5714285714285714,-10.0,9839.142995989509,0.0,9829.142995989509,0,,9358.013
2023-06-27 00:00:00+00:00,69.03,69.4,66.2817,59.057964,1.361429,0.5586206896551724,-10.0,9924.94893006279,0.0,9914.94893006279,0,,9439.623
2023-06-28 00:00:00+00:00,69.29,68.37,66.28605,61.64503,1.3414285,0.5586206896551724,-10.0,9777.647830843664,0.0,9767.647830843664,0,,9299.524
2023-06-29 00:00:00+00:00,67.68,68.57,66.2824,48.441956,1.2585716,0.5813953488372093,-10.0,9806.248991187935,0.0,9796.248991187935,0,,9326.727
2023-06-30 00:00:00+00:00,68.91,69.45,66.26965,50.0,1.2857143,0.5813953488372093,-10.0,9932.098421915336,0.0,9922.098421915336,0,,9446.423
2023-07-03 00:00:00+00:00,68.48,69.09,66.2724,58.091652,1.2464288,0.5714285714285714,-10.0,9880.614619634893,0.0,9870.614619634893,0,,9397.456
2023-07-05 00:00:00+00:00,68.84,70.23,66.2704,56.55735,1.2621428,0.5586206896551724,-10.0,10043.648256750463,0.0,10033.648256750463,0,,9552.518
2023-07-06 00:00:00+00:00,69.54,69.43,66.28005,59.882267,1.3449996,0.5586206896551724,-10.0,9929.23942362558,0.0,9919.23942362558,0,,9443.703
2023-07-07 00:00:00+00:00,68.5,68.86,66.2896,55.080647,1.375714,0.5586206896551724,-10.0,9847.723293580375,0.0,9837.723293580375,0,,9366.173
2023-07-10 00:00:00+00:00,68.6,68.31,66.29205,50.243103,1.3921427,0.5813953488372093,-10.0,9769.066959166314,0.0,9759.066959166314,0,,9291.363
2023-07-11 00:00:00+00:00,68.45,69.38,66.29505,41.87663,1.3485718,0.5813953488372093,-10.0,9922.088278114647,0.0,9912.088278114647,0,,9436.901
2023-07-12 00:00:00+00:00,69.67,70.46,66.3109,52.730526,1.3121436,0.5813953488372093,-10.0,10076.540150158791,0.0,10066.540150158791,0,,9583.801
2023-07-13 00:00:00+00:00,70.24,70.95,66.3342,53.23293,1.2835726,0.5586206896551724,-10.0,10146.6155575136,0.0,10136.6155575136,0,,9650.45
2023-07-14 00:00:00+00:00,70.78,70.47,66.36465,58.348297,1.2585722,0.49206349206349204,-10.0,10077.97120322926,0.0,10067.97120322926,0,,9585.162
2023-07-17 00:00:00+00:00,70.07,69.89,66.401146,63.168118,1.216429,0.49206349206349204,-10.0,9995.024386928038,0.0,9985.024386928038,0,,9506.2705
2023-07-18 00:00:00+00:00,69.85,69.37,66.44375,55.54423,1.1878575,0.49206349206349204,-10.0,9920.659312643802,0.0,9910.659312643802,0,,9435.542
2023-07-19 00:00:00+00:00,69.53,70.64,66.48405,49.84616,1.2850004,0.5586206896551724,-10.0,10102.282444150158,0.0,10092.282444150158,0,,9608.284
2023-07-20 00:00:00+00:00,70.76,72.15,66.54995,61.361347,1.3107141,0.5586206896551724,-10.0,10318.228972641271,0.0,10308.228972641271,0,,9813.671
2023-07-21 00:00:00+00:00,72.44,72.4,66.6278,65.84071,1.3492857,0.4339622641509434,-10.0,10353.982218179477,0.0,10343.982218179477,0,,9847.676
2023-07-24 00:00:00+00:00,72.4,72.54,66.6928,63.82382,1.3435713,0.4339622641509434,-10.0,10374.003650288487,0.0,10364.003650288487,0,,9866.719
2023-07-25 00:00:00+00:00,72.54,72.39,66.75135,66.507195,1.3214285,0.4339622641509434,-10.0,10352.551622214254,0.0,10342.551622214254,0,,9846.315
2023-07-26 00:00:00+00:00,72.39,72.1,66.81285,61.41647,1.2200001,0.5714285714285714,-10.0,10311.078391668696,0.0,10301.078391668696,0,,9806.87
2023-07-27 00:00:00+00:00,71.77,70.86,66.8801,64.9162,1.2478572,0.5586206896551724,-10.0,10133.745122601165,0.0,10123.745122601165,0,,9638.209
2023-07-28 00:00:00+00:00,72.85,72.96,66.941246,60.395016,1.2807143,0.5813953488372093,-10.0,10434.06784270671,0.0,10424.06784270671,0,,9923.846
2023-07-31 00:00:00+00:00,72.81,71.96,67.0168,70.814705,1.4314287,0.4339622641509434,-10.0,10291.056968047991,0.0,10281.056968047991,0,,9787.828
2023-08-01 00:00:00+00:00,71.94,71.04,67.0893,61.62164,1.4657141,0.5813953488372093,-10.0,10159.487464901315,0.0,10149.487464901315,0,,9662.692
2023-08-02 00:00:00+00:00,70.88,71.54,67.1667,52.650833,1.4921423,0.5586206896551724,-10.0,10230.99233190848,0.0,10220.99233190848,0,,9730.7
2023-08-03 00:00:00+00:00,71.29,70.34,67.2399,52.694084,1.5478565,0.5586206896551724,-10.0,10059.378899080688,0.0,10049.378899080688,0,,9567.479
2023-08-04 00:00:00+00:00,70.58,69.24,67.31645,49.442997,1.5907135,0.5586206896551724,-10.0,9902.067396170127,0.0,9892.067396170127,0,,9417.86
2023-08-07 00:00:00+00:00,70.0,69.79,67.37705,47.333874,1.6592848,0.5586206896551724,-10.0,9980.723397127187,0.0,9970.723397127187,0,,9492.67
2023-08-08 00:00:00+00:00,69.64,70.5,67.438896,51.718487,1.5807141,0.5586206896551724,-10.0,10082.260497765437,0.0,10072.260497765437,0,,9589.242
2023-08-09 00:00:00+00:00,70.24,70.28,67.5077,49.39966,1.5728575,0.5586206896551724,-10.0,10050.797783787117,0.0,10040.797783787117,0,,9559.317
2023-08-10 00:00:00+00:00,70.48,69.95,67.5844,40.983597,1.5050005,0.5813953488372093,-10.0,10003.603913969193,0.0,9993.603913969193,0,,9514.432
2023-08-11 00:00:00+00:00,70.18,70.53,67.65595,38.277496,1.5335715,0.5586206896551724,-10.0,10086.551010059515,0.0,10076.551010059515,0,,9593.323
2023-08-14 00:00:00+00:00,70.2,69.76,67.72975,40.771347,1.5335715,0.5813953488372093,-10.0,9976.433046739228,0.0,9966.433046739228,0,,9488.59
2023-08-15 00:00:00+00:00,69.44,68.82,67.7943,38.575165,1.5749997,0.5586206896551724,-10.0,9842.00238679682,0.0,9832.00238679682,0,,9360.732
2023-08-16 00:00:00+00:00,69.1,69.16,67.854,36.51317,1.5278566,0.5586206896551724,-10.0,9890.626896002448,0.0,9880.626896002448,0,,9406.9795
2023-08-17 00:00:00+00:00,69.3,68.6,67.9079,42.451176,1.4421425,0.4339622641509434,-10.0,9810.54020145223,0.0,9800.54020145223,0,,9330.809
2023-08-18 00:00:00+00:00,68.4,69.04,67.94975,27.572052,1.3092853,0.5586206896551724,-10.0,9873.465553970686,0.0,9863.465553970686,0,,9390.657
2023-08-21 00:00:00+00:00,68.85,69.01,67.99475,34.06118,1.2699994,0.5586206896551724,-10.0,9869.175356843316,0.0,9859.175356843316,0,,9386.576
2023-08-22 00:00:00+00:00,69.13,69.54,68.03725,37.72676,1.2571422,0.5813953488372093,-10.0,9944.971200726428,0.0,9934.971200726428,0,,9458.666
2023-08-23 00:00:00+00:00,69.84,69.92,68.09115,37.951836,1.1964285,0.5586206896551724,-10.0,9999.314845687559,0.0,9989.314845687559,0,,9510.352
2023-08-24 00:00:00+00:00,69.96,69.56,68.1485,47.19253,1.1457144,0.5586206896551724,-10.0,9947.830689138571,0.0,9937.830689138571,0,,9461.386
2023-08-25 00:00:00+00:00,69.86,69.93,68.20115,52.37388,1.1050001,0.5586206896551724,-10.0,10000.745565263436,0.0,9990.745565263436,0,,9511.713
2023-08-28 00:00:00+00:00,70.11,69.72,68.26205,51.067066,1.1028568,0.5586206896551724,-10.0,9970.713314199309,0.0,9960.713314199309,0,,9483.149
2023-08-29 00:00:00+00:00,69.73,70.16,68.3206,43.56438,1.0549992,0.5813953488372093,-10.0,10033.63788557679,0.0,10023.63788557679,0,,9542.997
2023-08-30 00:00:00+00:00,70.03,69.93,68.38485,49.04463,1.0292848,0.5813953488372093,-10.0,10000.745057368182,0.0,9990.745057368182,0,,9511.713
2023-08-31 00:00:00+00:00,70.11,68.85,68.43305,49.838215,1.0042856,0.5741025010162384,-10.0,9846.293147687544,0.0,9836.293147687544,0,,9364.813
2023-09-01 00:00:00+00:00,69.31,68.41,68.47795,37.42518,1.0592853,0.5813953488372093,-10.0,9783.369119504583,0.0,9773.369119504583,0,,9304.967
2023-09-05 00:00:00+00:00,68.18,67.23,68.5204,39.370113,1.082143,0.5586206896551724,-10.0,9614.616484614247,0.0,9604.616484614247,0,,9144.466
2023-09-06 00:00:00+00:00,67.34,67.73,68.5532,37.936317,1.1321433,0.5586206896551724,-10.0,9686.121444510529,0.0,9676.121444510529,0,,9212.475
2023-09-07 00:00:00+00:00,68.25,68.68,68.5867,39.407417,1.1528577,0.5586206896551724,-10.0,9821.981736859694,0.0,9811.981736859694,0,,9341.691
2023-09-08 00:00:00+00:00,68.88,69.8,68.6309,50.560238,1.1578571,0.5586206896551724,-10.0,9982.154611505754,0.0,9972.154611505754,0,,9494.031
2023-09-11 00:00:00+00:00,70.0,69.87,68.6713,54.85935,1.1771431,0.5586206896551724,-10.0,9992.165791757185,0.0,9982.165791757185,0,,9503.554
2023-09-12 00:00:00+00:00,70.01,70.29,68.71085,55.47074,1.1378572,0.49206349206349204,-10.0,10052.229983581306,0.0,10042.229983581306,0,,9560.681
2023-09-13 00:00:00+00:00,70.42,70.74,68.75015,54.83871,1.133571,0.5586206896551724,-10.0,10116.584517615827,0.0,10106.584517615827,0,,9621.888
2023-09-14 00:00:00+00:00,71.48,71.52,68.7852,55.242966,1.1421427,0.5586206896551724,-10.0,10228.132641566413,0.0,10218.132641566413,0,,9727.981
2023-09-15 00:00:00+00:00,71.21,71.56,68.82165,61.8932,1.1278572,0.49206349206349204,-10.0,10233.85354285948,0.0,10223.85354285948,0,,9733.423
2023-09-18 00:00:00+00:00,71.79,71.22,68.8625,60.303402,1.1328572,0.49206349206349204,-10.0,10185.230402190109,0.0,10175.230402190109,0,,9687.177
2023-09-19 00:00:00+00:00,71.29,70.19,68.90105,59.328365,1.1500005,0.5405473858599643,-10.0,10037.92923113373,0.0,10027.92923113373,0,,9547.078
2023-09-20 00:00:00+00:00,70.3,69.75,68.9187,50.173805,1.1921431,0.5714285714285714,-10.0,9975.004065653546,0.0,9965.004065653546,0,,9487.23
2023-09-21 00:00:00+00:00,69.43,68.9,68.93985,48.9819,1.2035713,0.5586206896551724,-10.0,9853.445190436401,0.0,9843.445190436401,0,,9371.615
2023-09-22 00:00:00+00:00,68.71,68.07,68.9575,50.29038,1.1721431,0.5586206896551724,-10.0,9734.746093181033,0.0,9724.746093181033,0,,9258.721
2023-09-25 00:00:00+00:00,67.68,67.64,68.97225,48.111088,1.1192856,0.5714285714285714,-10.0,9673.25151264708,0.0,9663.25151264708,0,,9200.233
2023-09-26 00:00:00+00:00,67.25,65.8,68.98035,52.484825,1.0535709,0.49206349206349204,-10.0,9410.11213135149,0.0,9400.11213135149,0,,8949.961
2023-09-27 00:00:00+00:00,65.68,65.3,68.9825,39.93742,1.1485704,0.5813953488372093,-10.0,9338.606968923023,0.0,9328.606968923023,0,,8881.953
2023-09-28 00:00:00+00:00,65.0,63.59,68.982,31.509846,1.105714,0.5813953488372093,-10.0,9094.057956646639,0.0,9084.057956646639,0,,8649.362
2023-09-29 00:00:00+00:00,64.06,63.29,68.971,18.088345,1.1428568,0.5586206896551724,-10.0,9051.154850000781,0.0,9041.154850000781,0,,8608.557
2023-10-02 00:00:00+00:00,63.08,61.04,68.95035,16.967834,1.2321428,0.5586206896551724,-10.0,8729.380376221025,0.0,8719.380376221025,0,,8302.517
2023-10-03 00:00:00+00:00,60.48,61.23,68.9162,10.771818,1.3657144,0.5586206896551724,-10.0,8756.552089454437,0.0,8746.552089454437,0,,8328.359
2023-10-04 00:00:00+00:00,61.38,61.23,68.8841,8.759747,1.4414285,0.5586206896551724,-10.0,8756.552089454437,0.0,8746.552089454437,0,,8328.359
2023-10-05 00:00:00+00:00,61.18,60.69,68.8566,2.1395314,1.4685713,0.5586206896551724,-10.0,8679.326108680281,0.0,8669.326108680281,0,,8254.91
2023-10-06 00:00:00+00:00,59.88,62.06,68.83455,1.6888772,1.5014286,0.5586206896551724,-10.0,8875.251729464806,0.0,8865.251729464806,0,,8441.255
2023-10-09 00:00:00+00:00,61.88,62.53,68.8201,12.703591,1.6792856,0.5586206896551724,-10.0,8942.46620260757,0.0,8932.46620260757,0,,8505.183
2023-10-10 00:00:00+00:00,62.79,63.27,68.80835,17.320807,1.6592857,0.5586206896551724,-10.0,9048.294772710937,0.0,9038.294772710937,0,,8605.837
2023-10-11 00:00:00+00:00,63.81,64.93,68.7986,23.044928,1.6478574,0.5586206896551724,-10.0,9285.692824512375,0.0,9275.692824512375,0,,8831.626
2023-10-12 00:00:00+00:00,64.8,64.89,68.80075,34.528446,1.6921431,0.5586206896551724,-10.0,9279.972154227498,0.0,9269.972154227498,0,,8826.186
2023-10-13 00:00:00+00:00,65.42,65.69,68.7993,36.794018,1.7357146,0.5586206896551724,-10.0,9394.38144837859,0.0,9384.38144837859,0,,8935.0
2023-10-16 00:00:00+00:00,66.19,66.15,68.79865,42.143448,1.7728577,0.5586206896551724,-10.0,9460.16646956931,0.0,9450.16646956931,0,,8997.568
2023-10-17 00:00:00+00:00,65.66,66.37,68.8043,51.586575,1.6985719,0.4339622641509434,-10.0,9491.629280125546,0.0,9481.629280125546,0,,9027.493
2023-10-18 00:00:00+00:00,66.27,65.6,68.81415,54.976738,1.7000002,0.5586206896551724,-10.0,9381.51037305534,0.0,9371.51037305534,0,,8922.759
2023-10-19 00:00:00+00:00,65.52,64.0,68.82405,60.24463,1.6485713,0.5586206896551724,-10.0,9152.693265100466,0.0,9142.693265100466,0,,8705.131
2023-10-20 00:00:00+00:00,64.09,62.71,68.82265,53.195312,1.6478571,0.49206349206349204,-10.0,8968.209160545457,0.0,8958.209160545457,0,,8529.668
2023-10-23 00:00:00+00:00,62.4,61.84,68.80425,58.226585,1.5999998,0.5586206896551724,-10.0,8843.789622787757,0.0,8833.789622787757,0,,8411.332
2023-10-24 00:00:00+00:00,62.76,64.06,68.789,52.81625,1.5585715,0.5813953488372093,-10.0,9161.273207474891,0.0,9151.273207474891,0,,8713.291
2023-10-25 00:00:00+00:00,63.45,63.3,68.77495,60.8429,1.6335714,0.4339622641509434,-10.0,9052.585440579465,0.0,9042.585440579465,0,,8609.918
2023-10-26 00:00:00+00:00,63.44,63.69,68.7525,59.834213,1.5928568,0.49206349206349204,-10.0,9108.359267813432,0.0,9098.359267813432,0,,8662.965
2023-10-27 00:00:00+00:00,63.39,61.94,68.72995,56.631397,1.429285,0.5586206896551724,-10.0,8858.090272226025,0.0,8848.090272226025,0,,8424.934
2023-10-30 00:00:00+00:00,62.5,62.7,68.69255,47.826088,1.5078566,0.5586206896551724,-10.0,8966.77880738462,0.0,8956.77880738462,0,,8528.307
2023-10-31 00:00:00+00:00,62.86,63.06,68.6638,47.90287,1.5121422,0.5586206896551724,-10.0,9018.262430707926,0.0,9008.262430707926,0,,8577.272
2023-11-01 00:00:00+00:00,63.47,63.97,68.6381,42.392197,1.4585705,0.5586206896551724,-10.0,9148.401748461776,0.0,9138.401748461776,0,,8701.049
2023-11-02 00:00:00+00:00,64.03,63.63,68.61445,46.504566,1.4764277,0.5586206896551724,-10.0,9099.777940297652,0.0,9089.777940297652,0,,8654.803
2023-11-03 00:00:00+00:00,64.32,64.05,68.59865,41.88976,1.5485704,0.5586206896551724,-10.0,9159.84318644245,0.0,9149.84318644245,0,,8711.931
2023-11-06 00:00:00+00:00,63.9,63.88,68.59055,41.70617,1.5614278,0.5586206896551724,-10.0,9135.531177996454,0.0,9125.531177996454,0,,8688.808
2023-11-07 00:00:00+00:00,64.07,63.52,68.5763,40.12688,1.5435706,0.5813953488372093,-10.0,9084.047347940956,0.0,9074.047347940956,0,,8639.841
2023-11-08 00:00:00+00:00,63.14,62.92,68.55875,41.475418,1.5278566,0.5813953488372093,-10.0,8998.240293450372,0.0,8988.240293450372,0,,8558.2295
2023-11-09 00:00:00+00:00,63.08,63.17,68.53425,45.178566,1.4721421,0.5586206896551724,-10.0,9033.992512290577,0.0,9023.992512290577,0,,8592.233
2023-11-10 00:00:00+00:00,63.53,63.72,68.51245,52.263775,1.4071424,0.5586206896551724,-10.0,9112.648674447655,0.0,9102.648674447655,0,,8667.043
2023-11-13 00:00:00+00:00,63.5,62.25,68.4892,59.552845,1.374285,0.5586206896551724,-10.0,8902.42278797152,0.0,8892.42278797152,0,,8467.098
2023-11-14 00:00:00+00:00,63.84,65.71,68.45675,40.04403,1.3149995,0.5586206896551724,-10.0,9397.239787916447,0.0,9387.239787916447,0,,8937.718
2023-11-15 00:00:00+00:00,65.45,65.27,68.4446,60.220516,1.5107136,0.4339622641509434,-10.0,9334.314883554835,0.0,9324.314883554835,0,,8877.87
2023-11-16 00:00:00+00:00,65.8,65.99,68.42645,56.67228,1.4978567,0.5586206896551724,-10.0,9437.283118816827,0.0,9427.283118816827,0,,8975.804
2023-11-17 00:00:00+00:00,66.41,65.93,68.41705,68.73262,1.4171423,0.49206349206349204,-10.0,9428.702653697082,0.0,9418.702653697082,0,,8967.643
2023-11-20 00:00:00+00:00,65.56,65.69,68.403,65.97426,1.3942852,0.49206349206349204,-10.0,9394.380527280722,0.0,9384.380527280722,0,,8934.998
2023-11-21 00:00:00+00:00,65.74,65.53,68.3971,63.163155,1.424285,0.49206349206349204,-10.0,9371.498223074392,0.0,9361.498223074392,0,,8913.235
2023-11-22 00:00:00+00:00,65.63,65.9,68.3857,58.441532,1.3649992,0.5813953488372093,-10.0,9424.412963319248,0.0,9414.412963319248,0,,8963.5625
2023-11-24 00:00:00+00:00,65.8,65.85,68.37865,62.24378,1.2764282,0.5813953488372093,-10.0,9417.262028562072,0.0,9407.262028562072,0,,8956.761
2023-11-27 00:00:00+00:00,66.09,66.27,68.37385,60.112316,1.2128571,0.5813953488372093,-10.0,9477.325840140127,0.0,9467.325840140127,0,,9013.888
2023-11-28 00:00:00+00:00,66.27,66.49,68.37615,63.060066,1.2228571,0.5714285714285714,-10.0,9508.788100624372,0.0,9498.788100624372,0,,9043.812
2023-11-29 00:00:00+00:00,66.66,65.78,68.37355,66.48165,1.2371428,0.5586206896551724,-10.0,9407.25049117814,0.0,9397.25049117814,0,,8947.239
2023-11-30 00:00:00+00:00,66.04,66.99,68.36235,65.67981,1.2378576,0.5586206896551724,-10.0,9580.293001573338,0.0,9570.293001573338,0,,9111.82
2023-12-01 00:00:00+00:00,67.0,67.48,68.3596,68.948395,1.2585716,0.49206349206349204,-10.0,9650.36865635224,0.0,9640.36865635224,0,,9178.469
2023-12-04 00:00:00+00:00,67.06,67.37,68.3585,68.76247,1.2457144,0.49206349206349204,-10.0,9634.637325696274,0.0,9624.637325696274,0,,9163.507
2023-12-05 00:00:00+00:00,67.28,66.72,68.35925,79.56118,1.2042857,0.49206349206349204,-10.0,9541.680380759137,0.0,9531.680380759137,0,,9075.095
2023-12-06 00:00:00+00:00,66.98,67.16,68.3549,58.632477,1.0321432,0.5813953488372093,-10.0,9604.605636098757,0.0,9594.605636098757,0,,9134.943
2023-12-07 00:00:00+00:00,67.38,67.31,68.35715,66.15387,0.9957145,0.5586206896551724,-10.0,9626.05642824357,0.0,9616.05642824357,0,,9155.346
2023-12-08 00:00:00+00:00,67.25,67.45,68.3627,62.49998,0.9935717,0.5586206896551724,-10.0,9646.078276035241,0.0,9636.078276035241,0,,9174.388
2023-12-11 00:00:00+00:00,67.2,68.03,68.37065,64.179054,1.009286,0.5586206896551724,-10.0,9729.025316874857,0.0,9719.025316874857,0,,9253.279
2023-12-12 00:00:00+00:00,67.94,67.62,68.36765,70.52624,0.995715,0.5586206896551724,-10.0,9670.391543618642,0.0,9660.391543618642,0,,9197.513
2023-12-13 00:00:00+00:00,67.55,70.79,68.3651,67.56304,0.9850006,0.5586206896551724,-10.0,10123.736106445484,0.0,10113.736106445484,0,,9628.688
2023-12-14 00:00:00+00:00,71.34,70.32,68.388,77.942856,1.172857,0.49206349206349204,-10.0,10056.52096390354,0.0,10046.52096390354,0,,9564.761
2023-12-15 00:00:00+00:00,69.42,70.05,68.41665,74.37297,1.2764282,0.5586206896551724,-10.0,10017.90842467583,0.0,10007.90842467583,0,,9528.036
2023-12-18 00:00:00+00:00,70.09,69.76,68.4391,70.95348,1.2971426,0.5586206896551724,-10.0,9976.435283509603,0.0,9966.435283509603,0,,9488.591
2023-12-19 00:00:00+00:00,70.02,70.01,68.4514,67.98683,1.2907137,0.5586206896551724,-10.0,10012.187531974767,0.0,10002.187531974767,0,,9522.595
2023-12-20 00:00:00+00:00,70.1,68.77,68.45935,74.50756,1.2385701,0.49206349206349204,-10.0,9834.853486441589,0.0,9824.853486441589,0,,9353.933
2023-12-21 00:00:00+00:00,68.87,68.87,68.46625,60.277126,1.2485701,0.5813953488372093,-10.0,9849.15566597854,0.0,9839.15566597854,0,,9367.535
2023-12-22 00:00:00+00:00,69.34,69.48,68.46915,58.403862,1.277856,0.5813953488372093,-10.0,9936.392102105036,0.0,9926.392102105036,0,,9450.506
2023-12-26 00:00:00+00:00,69.48,71.64,68.48155,62.029644,1.2857132,0.5813953488372093,-10.0,10245.294605875322,0.0,10235.294605875322,0,,9744.304
2023-12-27 00:00:00+00:00,71.48,71.91,68.5086,73.929955,1.3749989,0.4339622641509434,-10.0,10283.908310826055,0.0,10273.908310826055,0,,9781.028
2023-12-28 00:00:00+00:00,70.42,71.6,68.5312,73.49159,1.3985704,0.4339622641509434,-10.0,10239.574123533173,0.0,10229.574123533173,0,,9738.862
2023-12-29 00:00:00+00:00,71.51,71.49,68.5477,70.886055,1.4328564,0.5586206896551724,-10.0,10223.842966287892,0.0,10213.842966287892,0,,9723.9
2024-01-02 00:00:00+00:00,71.25,72.34,68.56455,69.72654,1.4057132,0.5813953488372093,-10.0,10345.401352348084,0.0,10335.401352348084,0,,9839.515
2024-01-03 00:00:00+00:00,72.13,71.58,68.58135,70.50425,1.4235704,0.5586206896551724,-10.0,10236.714064960026,0.0,10226.714064960026,0,,9736.143
2024-01-04 00:00:00+00:00,71.82,72.29,68.60045,68.232025,1.4778563,0.5586206896551724,-10.0,10338.25129622522,0.0,10328.25129622522,0,,9832.714
2024-01-05 00:00:00+00:00,72.27,72.57,68.6169,58.928562,1.2985709,0.5586206896551724,-10.0,10378.293711232054,0.0,10368.293711232054,0,,9870.799
2024-01-08 00:00:00+00:00,72.52,73.17,68.6407,63.70279,1.2321423,0.5586206896551724,-10.0,10464.100192907705,0.0,10454.100192907705,0,,9952.409
2024-01-09 00:00:00+00:00,72.59,73.02,68.675,68.26693,1.2214279,0.5586206896551724,-10.0,10442.648346425256,0.0,10432.648346425256,0,,9932.007
2024-01-10 00:00:00+00:00,72.93,72.33,68.7099,69.40471,1.2135707,0.49206349206349204,-10.0,10343.971351648499,0.0,10333.971351648499,0,,9838.155
2024-01-11 00:00:00+00:00,72.06,71.17,68.72965,63.122166,1.225714,0.5813953488372093,-10.0,10178.078432365943,0.0,10168.078432365943,0,,9680.374
2024-01-12 00:00:00+00:00,71.68,71.36,68.74285,63.698635,1.2314284,0.5700077140100861,-10.0,10205.250767334132,0.0,10195.250767334132,0,,9706.218
2024-01-16 00:00:00+00:00,71.42,70.17,68.75615,64.06779,1.1957141,0.5813953488372093,-10.0,10035.067308458523,0.0,10025.067308458523,0,,9544.355
2024-01-17 00:00:00+00:00,69.84,69.3,68.758,53.65851,1.2035713,0.5586206896551724,-10.0,9910.648909670997,0.0,9900.648909670997,0,,9426.021
2024-01-18 00:00:00+00:00,69.05,68.6,68.7545,35.626556,1.1635715,0.5586206896551724,-10.0,9810.540652769248,0.0,9800.540652769248,0,,9330.809
2024-01-19 00:00:00+00:00,69.08,68.29,68.74455,30.688417,1.1671431,0.5586206896551724,-10.0,9766.207544130146,0.0,9756.207544130146,0,,9288.643
2024-01-22 00:00:00+00:00,68.28,67.65,68.7333,30.688444,1.1464288,0.5586206896551724,-10.0,9674.680433149026,0.0,9664.680433149026,0,,9201.592
2024-01-23 00:00:00+00:00,67.57,67.01,68.7201,28.901098,1.1928575,0.5714285714285714,-10.0,9583.153610203584,0.0,9573.153610203584,0,,9114.54
2024-01-24 00:00:00+00:00,67.34,65.18,68.69385,20.022503,1.202143,0.5813953488372093,-10.0,9321.443836343902,0.0,9311.443836343902,0,,8865.628
2024-01-25 00:00:00+00:00,66.14,67.04,68.65695,17.871475,1.2607144,0.5813953488372093,-10.0,9587.443538027901,0.0,9577.443538027901,0,,9118.621
2024-01-26 00:00:00+00:00,67.32,67.5,68.62795,26.372639,1.3442857,0.6111111111111112,-10.0,9653.228428990185,0.0,9643.228428990185,0,,9181.188
2024-01-29 00:00:00+00:00,67.44,67.7,68.6014,27.546505,1.3300002,0.5586206896551724,-10.0,9681.83043215955,0.0,9671.83043215955,0,,9208.393
2024-01-30 00:00:00+00:00,67.54,67.31,68.57455,24.885208,1.3085719,0.5813953488372093,-10.0,9626.056027786513,0.0,9616.056027786513,0,,9155.346
2024-01-31 00:00:00+00:00,67.91,67.48,68.54635,24.348604,1.3150008,0.5813953488372093,-10.0,9650.368434452877,0.0,9640.368434452877,0,,9178.469
2024-02-01 00:00:00+00:00,67.22,68.29,68.5257,27.144228,1.3628578,0.5813953488372093,-10.0,9766.207027550847,0.0,9756.207027550847,0,,9288.644
2024-02-02 00:00:00+00:00,67.75,66.87,68.50675,35.964928,1.4157149,0.5586206896551724,-10.0,9563.13167919559,0.0,9553.13167919559,0,,9095.498
2024-02-05 00:00:00+00:00,66.15,65.56,68.48055,30.461277,1.5214288,0.5813953488372093,-10.0,9375.786886583222,0.0,9365.786886583222,0,,8917.314
2024-02-06 00:00:00+00:00,65.45,65.13,68.44465,30.146423,1.5264288,0.5586206896551724,-10.0,9314.292083810247,0.0,9304.292083810247,0,,8858.827
2024-02-07 00:00:00+00:00,65.26,65.44,68.4053,31.333914,1.4285715,0.5813953488372093,-10.0,9358.626144279204,0.0,9348.626144279204,0,,8900.993
2024-02-08 00:00:00+00:00,65.07,64.72,68.36785,35.343254,1.4307137,0.5586206896551724,-10.0,9255.658038092895,0.0,9245.658038092895,0,,8803.06
2024-02-09 00:00:00+00:00,64.46,64.7,68.3231,34.048275,1.4742849,0.5813953488372093,-10.0,9252.79702452631,0.0,9242.79702452631,0,,8800.339
2024-02-12 00:00:00+00:00,64.79,65.38,68.27775,36.04541,1.4299995,0.5813953488372093,-10.0,9350.044726369972,0.0,9340.044726369972,0,,8892.831
2024-02-13 00:00:00+00:00,65.06,64.41,68.23965,42.318558,1.3764286,0.5813953488372093,-10.0,9211.325109069612,0.0,9201.325109069612,0,,8760.8955
2024-02-14 00:00:00+00:00,64.54,65.03,68.19385,46.051304,1.3692858,0.5714285714285714,-10.0,9299.991413250478,0.0,9289.991413250478,0,,8845.226
2024-02-15 00:00:00+00:00,65.39,66.46,68.151,38.190353,1.267143,0.5586206896551724,-10.0,9504.496572634947,0.0,9494.496572634947,0,,9039.73
2024-02-16 00:00:00+00:00,66.14,66.31,68.11355,44.514767,1.3142855,0.5586206896551724,-10.0,9483.04445735456,0.0,9473.04445735456,0,,9019.327
2024-02-20 00:00:00+00:00,66.2,66.54,68.0787,42.629913,1.338571,0.5813953488372093,-10.0,9515.937655436488,0.0,9505.937655436488,0,,9050.612
2024-02-21 00:00:00+00:00,66.95,67.95,68.05305,45.84684,1.3507143,0.5586206896551724,-10.0,9717.581958505574,0.0,9707.581958505574,0,,9242.3955
2024-02-22 00:00:00+00:00,67.5,67.42,68.03035,52.235935,1.354286,0.5586206896551724,-10.0,9641.786142615141,0.0,9631.786142615141,0,,9170.307
2024-02-23 00:00:00+00:00,68.17,68.26,67.99965,45.747787,1.270714,0.5586206896551724,-10.0,9761.915837611208,0.0,9751.915837611208,0,,9284.562
2024-02-26 00:00:00+00:00,68.05,66.55,67.974,57.20206,1.2550002,0.5586206896551724,-10.0,9517.367778660926,0.0,9507.367778660926,0,,9051.972
2024-02-27 00:00:00+00:00,66.76,67.71,67.9386,54.9254,1.2792863,0.5586206896551724,-10.0,9683.259540976254,0.0,9673.259540976254,0,,9209.752
2024-02-28 00:00:00+00:00,67.61,67.85,67.9062,61.966614,1.3328577,0.5586206896551724,-10.0,9703.281472712513,0.0,9693.281472712513,0,,9228.795
2024-02-29 00:00:00+00:00,68.05,68.02,67.8794,61.3572,1.3228582,0.5586206896551724,-10.0,9727.593440799885,0.0,9717.593440799885,0,,9251.918
2024-03-01 00:00:00+00:00,67.78,66.55,67.8511,66.40158,1.2835721,0.5586206896551724,-10.0,9517.368340318884,0.0,9507.368340318884,0,,9051.973
2024-03-04 00:00:00+00:00,66.32,67.46,67.82265,58.03653,1.3571428,0.5586206896551724,-10.0,9647.507898094891,0.0,9637.507898094891,0,,9175.748
2024-03-05 00:00:00+00:00,67.72,67.11,67.80845,58.85863,1.3878566,0.5714285714285714,-10.0,9597.454440031182,0.0,9587.454440031182,0,,9128.143
2024-03-06 00:00:00+00:00,67.75,68.25,67.7953,62.140297,1.3564284,0.5813953488372093,-10.0,9760.487217673857,0.0,9750.487217673857,0,,9283.203
2024-03-07 00:00:00+00:00,68.91,68.96,67.7923,63.83164,1.3964282,0.5586206896551724,-10.0,9862.024764491818,0.0,9852.024764491818,0,,9379.775
2024-03-08 00:00:00+00:00,69.02,69.27,67.7959,61.446903,1.3599995,0.5586206896551724,-10.0,9906.35833614864,0.0,9896.35833614864,0,,9421.941
2024-03-11 00:00:00+00:00,69.11,69.39,67.80385,63.35742,1.3414285,0.5586206896551724,-10.0,9923.51961002637,0.0,9913.51961002637,0,,9438.263
2024-03-12 00:00:00+00:00,68.97,69.46,67.81395,62.98999,1.3221425,0.5586206896551724,-10.0,9933.529950590626,0.0,9923.529950590626,0,,9447.784
2024-03-13 00:00:00+00:00,69.73,69.65,67.82835,57.840107,1.2749994,0.5586206896551724,-10.0,9960.701893569276,0.0,9950.701893569276,0,,9473.627
2024-03-14 00:00:00+00:00,69.3,68.45,67.8483,62.00219,1.2585716,0.5586206896551724,-10.0,9789.088161794734,0.0,9779.088161794734,0,,9310.405
2024-03-15 00:00:00+00:00,68.14,68.8,67.8624,50.984432,1.2428572,0.5586206896551724,-10.0,9839.143325608806,0.0,9829.143325608806,0,,9358.013
2024-03-18 00:00:00+00:00,68.86,68.96,67.8778,63.57058,1.1942858,0.5586206896551724,-10.0,9862.024596016956,0.0,9852.024596016956,0,,9379.775
2024-03-19 00:00:00+00:00,69.09,69.5,67.885,58.573395,1.1664287,0.5813953488372093,-10.0,9939.250361205073,0.0,9929.250361205073,0,,9453.225
2024-03-20 00:00:00+00:00,69.38,69.5,67.8991,60.728237,1.167857,0.5586206896551724,-10.0,9939.250361205073,0.0,9929.250361205073,0,,9453.225
2024-03-21 00:00:00+00:00,69.57,70.17,67.9132,59.840454,1.1600004,0.5586206896551724,-10.0,10035.06688978883,0.0,10025.06688978883,0,,9544.355
2024-03-22 00:00:00+00:00,70.59,69.56,67.93005,76.93448,1.1557149,0.49206349206349204,-10.0,9947.830461487792,0.0,9937.830461487792,0,,9461.385
2024-03-25 00:00:00+00:00,69.82,69.23,67.9443,66.35511,1.149286,0.49206349206349204,-10.0,9900.638020604854,0.0,9890.638020604854,0,,9416.5
2024-03-26 00:00:00+00:00,69.24,68.23,67.94695,66.562515,1.0807141,0.49206349206349204,-10.0,9757.627367471856,0.0,9747.627367471856,0,,9280.483
2024-03-27 00:00:00+00:00,67.99,69.4,67.94525,49.840282,1.0585715,0.5586206896551724,-10.0,9924.950172868022,0.0,9914.950172868022,0,,9439.624
2024-03-28 00:00:00+00:00,69.48,70.73,67.95365,53.273827,1.0992857,0.5586206896551724,-10.0,10115.155131746851,0.0,10105.155131746851,0,,9620.528
2024-04-01 00:00:00+00:00,70.58,70.44,67.96905,59.43156,1.1449994,0.5586206896551724,-10.0,10073.682142950462,0.0,10063.682142950462,0,,9581.083
2024-04-02 00:00:00+00:00,70.22,70.13,67.98185,56.637184,1.1735709,0.49206349206349204,-10.0,10029.348184640163,0.0,10019.348184640163,0,,9538.917
2024-04-03 00:00:00+00:00,70.22,69.9,67.99165,54.110413,1.1764281,0.49206349206349204,-10.0,9996.456267660893,0.0,9986.456267660893,0,,9507.634
2024-04-04 00:00:00+00:00,70.67,69.85,67.99715,51.526253,1.1557132,0.5586206896551724,-10.0,9989.305053292283,0.0,9979.305053292283,0,,9500.832
2024-04-05 00:00:00+00:00,69.43,70.82,67.9955,59.94319,1.1442844,0.5586206896551724,-10.0,10128.025818914914,0.0,10118.025818914914,0,,9632.77
2024-04-08 00:00:00+00:00,70.85,70.68,68.00575,63.185364,1.2149985,0.4339622641509434,-10.0,10108.004254889624,0.0,10098.004254889624,0,,9613.727
2024-04-09 00:00:00+00:00,70.98,70.89,68.0105,61.256554,1.2278557,0.49206349206349204,-10.0,10138.03687747121,0.0,10128.03687747121,0,,9642.291
2024-04-10 00:00:00+00:00,69.39,68.92,68.0195,59.507523,1.2121413,0.5586206896551724,-10.0,9856.305565707667,0.0,9846.305565707667,0,,9374.336
2024-04-11 00:00:00+00:00,69.26,68.84,68.0253,46.87499,1.3057126,0.5586206896551724,-10.0,9844.864361702656,0.0,9834.864361702656,0,,9363.454
2024-04-12 00:00:00+00:00,68.85,68.63,68.0255,42.34752,1.2628555,0.5586206896551724,-10.0,9814.831955966689,0.0,9804.831955966689,0,,9334.891
2024-04-15 00:00:00+00:00,69.16,67.88,68.02165,44.39083,1.2628561,0.4339622641509434,-10.0,9707.573960949234,0.0,9697.573960949234,0,,9232.877
2024-04-16 00:00:00+00:00,67.76,66.81,68.0192,42.25026,1.3207136,0.5586206896551724,-10.0,9554.552463384525,0.0,9544.552463384525,0,,9087.338
2024-04-17 00:00:00+00:00,67.37,68.04,68.0104,41.913414,1.3335707,0.5586206896551724,-10.0,9730.456018937506,0.0,9720.456018937506,0,,9254.64
2024-04-18 00:00:00+00:00,68.37,68.13,68.00335,42.307697,1.3185713,0.5586206896551724,-10.0,9743.326943408661,0.0,9733.326943408661,0,,9266.881
2024-04-19 00:00:00+00:00,68.28,69.93,67.99855,32.89471,1.2714282,0.5586206896551724,-10.0,10000.746775616077,0.0,9990.746775616077,0,,9511.714
2024-04-22 00:00:00+00:00,69.95,70.66,67.99705,47.20087,1.3221425,0.4339622641509434,-10.0,10105.14495400204,0.0,10095.14495400204,0,,9611.007
2024-04-23 00:00:00+00:00,70.7,70.85,68.0032,52.780724,1.374285,0.42857142857142855,-10.0,10132.316524014905,0.0,10122.316524014905,0,,9636.85
2024-04-24 00:00:00+00:00,70.19,70.82,68.01315,55.00525,1.4014276,0.5586206896551724,-10.0,10128.026183079519,0.0,10118.026183079519,0,,9632.769
2024-04-25 00:00:00+00:00,70.7,71.13,68.0257,55.12144,1.3864278,0.49206349206349204,-10.0,10172.359044195035,0.0,10162.359044195035,0,,9674.934
2024-04-26 00:00:00+00:00,71.16,70.14,68.03445,51.75935,1.3485701,0.5586206896551724,-10.0,10030.778509278402,0.0,10020.778509278402,0,,9540.276
2024-04-29 00:00:00+00:00,70.48,71.33,68.03285,47.204964,1.38357,0.5813953488372093,-10.0,10200.961745757866,0.0,10190.961745757866,0,,9702.138
2024-04-30 00:00:00+00:00,71.0,71.06,68.03475,52.06768,1.421427,0.5586206896551724,-10.0,10162.347921057282,0.0,10152.347921057282,0,,9665.412
2024-05-01 00:00:00+00:00,70.56,71.28,68.0377,61.968674,1.3671417,0.4339622641509434,-10.0,10193.810392287047,0.0,10183.810392287047,0,,9695.336
2024-05-02 00:00:00+00:00,71.37,71.97,68.04465,63.436134,1.4814279,0.5586206896551724,-10.0,10292.48802572574,0.0,10282.48802572574,0,,9789.188
2024-05-03 00:00:00+00:00,72.5,72.34,68.05765,67.46863,1.4621423,0.4339622641509434,-10.0,10345.401910675118,0.0,10335.401910675118,0,,9839.515
2024-05-06 00:00:00+00:00,72.6,73.02,68.06615,74.29193,1.4064282,0.42857142857142855,-10.0,10442.648793216593,0.0,10432.648793216593,0,,9932.007
2024-05-07 00:00:00+00:00,73.5,73.89,68.0705,85.32423,1.3764284,0.5586206896551724,-10.0,10567.068889963946,0.0,10557.068889963946,0,,10050.342
2024-05-08 00:00:00+00:00,73.73,73.85,68.07795,84.6975,1.3535707,0.5586206896551724,-10.0,10561.34862507264,0.0,10551.34862507264,0,,10044.901
2024-05-09 00:00:00+00:00,73.81,74.76,68.0845,84.12887,1.3414285,0.49206349206349204,-10.0,10691.488801288751,0.0,10681.488801288751,0,,10168.678
2024-05-10 00:00:00+00:00,75.0,74.89,68.09635,82.24298,1.2907137,0.5586206896551724,-10.0,10710.080294316485,0.0,10700.080294316485,0,,10186.36
2024-05-13 00:00:00+00:00,74.95,74.44,68.1103,80.69663,1.2499994,0.5586206896551724,-10.0,10645.72616104014,0.0,10635.72616104014,0,,10125.153
2024-05-14 00:00:00+00:00,75.5,74.92,68.1282,75.10492,1.250714,0.4339622641509434,-10.0,10714.370127720984,0.0,10704.370127720984,0,,10190.44
2024-05-15 00:00:00+00:00,75.88,75.72,68.138,76.97368,1.2435712,0.4339622641509434,-10.0,10828.778738758772,0.0,10818.778738758772,0,,10299.255
2024-05-16 00:00:00+00:00,75.81,75.86,68.1568,78.36837,1.212143,0.49206349206349204,-10.0,10848.800458481299,0.0,10838.800458481299,0,,10318.297
2024-05-17 00:00:00+00:00,76.16,76.3,68.1809,89.50274,1.1478571,0.49206349206349204,-10.0,10911.726182881326,0.0,10901.726182881326,0,,10378.146
2024-05-20 00:00:00+00:00,76.4,76.1,68.2047,88.28965,1.111429,0.5586206896551724,-10.0,10883.123350678967,0.0,10873.123350678967,0,,10350.941
2024-05-21 00:00:00+00:00,76.13,76.77,68.2335,89.25231,1.0364287,0.5586206896551724,-10.0,10978.94056791744,0.0,10968.94056791744,0,,10442.073
2024-05-22 00:00:00+00:00,76.44,75.55,68.27115,89.9563,0.9192859,0.49206349206349204,-10.0,10804.468163291078,0.0,10794.468163291078,0,,10276.133
2024-05-23 00:00:00+00:00,75.2,74.25,68.29995,74.189224,0.9507141,0.5586206896551724,-10.0,10618.553461495956,0.0,10608.553461495956,0,,10099.31
2024-05-24 00:00:00+00:00,74.49,74.57,68.3187,61.464603,0.98428565,0.5813953488372093,-10.0,10664.317021229997,0.0,10654.317021229997,0,,10142.835
2024-05-28 00:00:00+00:00,74.5,74.14,68.34015,59.723984,0.96642846,0.5586206896551724,-10.0,10602.82239149513,0.0,10592.82239149513,0,,10084.348
2024-05-29 00:00:00+00:00,73.52,73.35,68.3611,51.660027,0.97142845,0.5813953488372093,-10.0,10489.84378056662,0.0,10479.84378056662,0,,9976.894
2024-05-30 00:00:00+00:00,73.61,74.67,68.3752,46.980675,0.9985711,0.5714285714285714,-10.0,10678.618522092045,0.0,10668.618522092045,0,,10156.4375
2024-05-31 00:00:00+00:00,74.97,76.85,68.39975,49.48214,1.005,0.5586206896551724,-10.0,10990.382813186587,0.0,10980.382813186587,0,,10452.956
2024-06-03 00:00:00+00:00,76.58,76.28,68.4399,59.124763,1.1007146,0.4339622641509434,-10.0,10908.866889083058,0.0,10898.866889083058,0,,10375.426
2024-06-04 00:00:00+00:00,75.98,76.52,68.4755,58.47144,1.1050006,0.4841100225879945,-10.0,10943.18935638676,0.0,10933.18935638676,0,,10408.07
2024-06-05 00:00:00+00:00,76.41,75.43,68.5151,57.532948,1.1042862,0.4339622641509434,-10.0,10787.307825843427,0.0,10777.307825843427,0,,10259.811
2024-06-06 00:00:00+00:00,75.13,74.5,68.54705,48.67094,1.125,0.5586206896551724,-10.0,10654.307440178049,0.0,10644.307440178049,0,,10133.314
2024-06-07 00:00:00+00:00,73.97,73.98,68.5745,44.18803,1.197143,0.5813953488372093,-10.0,10579.942258859543,0.0,10569.942258859543,0,,10062.585
2024-06-10 00:00:00+00:00,74.05,73.85,68.5967,40.152794,1.2235712,0.5586206896551724,-10.0,10561.349875139982,0.0,10551.349875139982,0,,10044.901
2024-06-11 00:00:00+00:00,73.24,73.61,68.61635,40.39282,1.2471422,0.5586206896551724,-10.0,10527.027346346036,0.0,10517.027346346036,0,,10012.257
2024-06-12 00:00:00+00:00,74.51,73.55,68.6366,35.992916,1.2585706,0.5586206896551724,-10.0,10518.446834599554,0.0,10508.446834599554,0,,10004.096
2024-06-13 00:00:00+00:00,73.62,73.45,68.6547,40.118572,1.2578561,0.5586206896551724,-10.0,10504.144890272742,0.0,10494.144890272742,0,,9990.494
2024-06-14 00:00:00+00:00,73.03,73.21,68.67335,45.51568,1.2899988,0.4339622641509434,-10.0,10469.822317154249,0.0,10459.822317154249,0,,9957.85
2024-06-17 00:00:00+00:00,72.62,71.53,68.6886,42.307686,1.3128554,0.49206349206349204,-10.0,10229.564299825286,0.0,10219.564299825286,0,,9729.34
2024-06-18 00:00:00+00:00,71.29,71.48,68.6966,37.066395,1.3599985,0.5813953488372093,-10.0,10222.414611165395,0.0,10212.414611165395,0,,9722.54
2024-06-20 00:00:00+00:00,71.39,71.88,68.70975,40.000015,1.3328558,0.5813953488372093,-10.0,10279.61845078662,0.0,10269.61845078662,0,,9776.946
2024-06-21 00:00:00+00:00,72.01,71.64,68.7271,33.451923,1.302142,0.5813953488372093,-10.0,10245.296106319116,0.0,10235.296106319116,0,,9744.302
2024-06-24 00:00:00+00:00,71.67,72.76,68.74915,9.861224,1.2271423,0.5586206896551724,-10.0,10405.469236731138,0.0,10395.469236731138,0,,9896.643
2024-06-25 00:00:00+00:00,72.7,71.86,68.7743,24.999973,1.2585706,0.5813953488372093,-10.0,10276.759264626551,0.0,10266.759264626551,0,,9774.227
2024-06-26 00:00:00+00:00,71.45,71.85,68.7902,19.740244,1.2549994,0.5813953488372093,-10.0,10275.328977689618,0.0,10265.328977689618,0,,9772.866
2024-06-27 00:00:00+00:00,71.87,72.04,68.80045,22.960691,1.2285712,0.5586206896551724,-10.0,10302.50125975502,0.0,10292.50125975502,0,,9798.71
2024-06-28 00:00:00+00:00,72.28,71.81,68.8113,29.08163,1.1499999,0.5586206896551724,-10.0,10269.60822911282,0.0,10259.60822911282,0,,9767.425
2024-07-01 00:00:00+00:00,72.4,71.19,68.8189,30.590302,1.1607143,0.5586206896551724,-10.0,10180.94195151328,0.0,10170.94195151328,0,,9683.095
2024-07-02 00:00:00+00:00,71.34,71.63,68.82115,28.125011,1.197143,0.5586206896551724,-10.0,10243.865515997179,0.0,10233.865515997179,0,,9742.941
2024-07-03 00:00:00+00:00,71.75,71.82,68.8217,34.23562,1.2014285,0.5586206896551724,-10.0,10271.03763461286,0.0,10261.03763461286,0,,9768.784
2024-07-05 00:00:00+00:00,71.97,72.4,68.823,36.505424,1.1764292,0.5813953488372093,-10.0,10353.983598176685,0.0,10343.983598176685,0,,9847.675
2024-07-08 00:00:00+00:00,71.59,71.57,68.8289,42.380287,1.1178572,0.5714285714285714,-10.0,10235.284298522982,0.0,10225.284298522982,0,,9734.779
2024-07-09 00:00:00+00:00,71.55,71.53,68.8358,39.03743,1.1250006,0.5682456026264623,-10.0,10229.56366758712,0.0,10219.56366758712,0,,9729.339
2024-07-10 00:00:00+00:00,71.91,72.39,68.8447,50.0,1.0514292,0.5586206896551724,-10.0,10352.55342622862,0.0,10342.55342622862,0,,9846.314
2024-07-11 00:00:00+00:00,72.84,74.28,68.86215,56.842075,1.0742863,0.5586206896551724,-10.0,10622.844336072716,0.0,10612.844336072716,0,,10103.388
2024-07-12 00:00:00+00:00,74.56,74.84,68.893196,64.74201,1.1485716,0.49206349206349204,-10.0,10702.930319528125,0.0,10692.930319528125,0,,10179.558
2024-07-15 00:00:00+00:00,74.18,73.05,68.9292,68.9125,1.1392854,0.4339622641509434,-10.0,10446.941748346388,0.0,10436.941748346388,0,,9936.087
2024-07-16 00:00:00+00:00,73.72,73.92,68.96545,51.588177,1.167857,0.5586206896551724,-10.0,10571.360688338404,0.0,10561.360688338404,0,,10054.422
2024-07-17 00:00:00+00:00,74.22,75.35,69.00855,61.31868,1.1685709,0.5586206896551724,-10.0,10775.866657922816,0.0,10765.866657922816,0,,10248.927
2024-07-18 00:00:00+00:00,75.03,75.09,69.06735,66.635,1.250714,0.4339622641509434,-10.0,10738.68374886962,0.0,10728.68374886962,0,,10213.5625
2024-07-19 00:00:00+00:00,75.35,74.94,69.12635,64.40037,1.3164281,0.49206349206349204,-10.0,10717.232900977106,0.0,10707.232900977106,0,,10193.161
2024-07-22 00:00:00+00:00,74.82,75.2,69.19585,64.89063,1.2914282,0.5586206896551724,-10.0,10754.41471101247,0.0,10744.41471101247,0,,10228.524
2024-07-23 00:00:00+00:00,75.12,75.11,69.2657,69.75371,1.2435712,0.4309725137021232,-10.0,10741.544450620775,0.0,10731.544450620775,0,,10216.284
2024-07-24 00:00:00+00:00,75.89,76.04,69.3351,67.75516,1.1964285,0.49206349206349204,-10.0,10874.544020502712,0.0,10864.544020502712,0,,10342.779
2024-07-25 00:00:00+00:00,76.48,76.43,69.41185,70.01902,1.2221423,0.42857142857142855,-10.0,10930.318039498248,0.0,10920.318039498248,0,,10395.826
2024-07-26 00:00:00+00:00,76.95,78.51,69.4837,69.468636,1.2607138,0.5586206896551724,-10.0,11227.78147632509,0.0,11217.78147632509,0,,10678.743
2024-07-29 00:00:00+00:00,78.63,78.2,69.5636,79.913864,1.413571,0.4339622641509434,-10.0,11183.447133877446,0.0,11173.447133877446,0,,10636.576
2024-07-30 00:00:00+00:00,78.1,79.38,69.63825,78.09608,1.4635707,0.4339622641509434,-10.0,11352.199892166569,0.0,11342.199892166569,0,,10797.077
2024-07-31 00:00:00+00:00,79.75,80.01,69.7105,78.67108,1.4999989,0.4339622641509434,-10.0,11442.297726303148,0.0,11432.297726303148,0,,10882.77
2024-08-01 00:00:00+00:00,80.5,81.61,69.7861,76.21231,1.4642847,0.4339622641509434,-10.0,11671.114817992864,0.0,11661.114817992864,0,,11100.398
2024-08-02 00:00:00+00:00,82.58,82.27,69.8657,78.27908,1.5142844,0.4339622641509434,-10.0,11765.50096993281,0.0,11755.50096993281,0,,11190.169
2024-08-05 00:00:00+00:00,82.34,80.55,69.9463,92.52769,1.542142,0.3333333333333333,-10.0,11519.52332631126,0.0,11509.52332631126,0,,10956.22
2024-08-06 00:00:00+00:00,80.67,81.53,70.0172,78.35762,1.6699992,0.2711373739248226,-10.0,11659.672861447087,0.0,11649.672861447087,0,,11089.516
2024-08-07 00:00:00+00:00,82.12,81.64,70.09685,77.49115,1.6799992,0.40832013675173245,-10.0,11675.404217286561,0.0,11665.404217286561,0,,11104.478
2024-08-08 00:00:00+00:00,81.3,81.73,70.18505,79.53117,1.6757137,0.3333333333333333,-10.0,11688.275737591415,0.0,11678.275737591415,0,,11116.72
2024-08-09 00:00:00+00:00,81.95,81.98,70.28015,80.779724,1.730714,0.40276246251661685,-10.0,11724.029125451068,0.0,11714.029125451068,0,,11150.725
2024-08-12 00:00:00+00:00,82.01,82.41,70.38085,80.76229,1.787857,0.4063152746285002,-10.0,11785.524105490647,0.0,11775.524105490647,0,,11209.213
2024-08-13 00:00:00+00:00,82.5,82.91,70.4726,82.130295,1.8199997,0.3333333333333333,-10.0,11857.03013305482,0.0,11847.03013305482,0,,11277.222
2024-08-14 00:00:00+00:00,82.99,83.14,70.57065,81.42728,1.7728571,0.3333333333333333,-10.0,11889.921536634078,0.0,11879.921536634078,0,,11308.504
2024-08-15 00:00:00+00:00,82.75,83.16,70.6679,81.15135,1.7657149,0.37377925461239825,-10.0,11892.781827836257,0.0,11882.781827836257,0,,11311.225
2024-08-16 00:00:00+00:00,83.56,83.41,70.774,76.69347,1.6428577,0.2559998135290919,-10.0,11928.534144804027,0.0,11918.534144804027,0,,11345.2295
2024-08-19 00:00:00+00:00,83.54,83.89,70.87755,80.11567,1.5935724,0.3073483836872022,-10.0,11997.17939051181,0.0,11987.17939051181,0,,11410.518
2024-08-20 00:00:00+00:00,84.0,83.71,70.9817,78.36483,1.5450014,0.01,-10.0,11971.43766651543,0.0,11961.43766651543,0,,11386.034
2024-08-21 00:00:00+00:00,83.74,84.18,71.0804,74.666695,1.4950011,0.01,-10.0,12038.652959285722,0.0,12028.652959285722,0,,11449.963
2024-08-22 00:00:00+00:00,84.16,84.37,71.18315,70.17272,1.4128587,0.1408508721325055,-10.0,12065.825507476211,0.0,12055.825507476211,0,,11475.807
2024-08-23 00:00:00+00:00,84.74,84.76,71.28475,67.79668,1.2842871,0.3333333333333333,-10.0,12121.599296152222,0.0,12111.599296152222,0,,11528.854
2024-08-26 00:00:00+00:00,85.0,85.41,71.38915,96.061264,1.1178583,0.3548533693081838,-10.0,12214.556611921593,0.0,12204.556611921593,0,,11617.265
2024-08-27 00:00:00+00:00,85.19,84.78,71.4986,95.754715,1.0407153,0.3714531415419191,-10.0,12124.458944680786,0.0,12114.458944680786,0,,11531.572
2024-08-28 00:00:00+00:00,85.01,85.0,71.6079,82.983116,0.99857223,0.3333333333333333,-10.0,12155.921282926633,0.0,12145.921282926633,0,,11561.496
2024-08-29 00:00:00+00:00,86.05,86.5,71.71705,83.4355,0.9364286,0.01,-10.0,12370.437165799782,0.0,12360.437165799782,0,,11765.521
2024-08-30 00:00:00+00:00,86.72,87.03,71.83095,86.80775,0.97357124,0.39657016984583565,-10.0,12446.232307192464,0.0,12436.232307192464,0,,11837.61
2024-09-03 00:00:00+00:00,86.99,87.33,71.95485,87.01916,1.033571,0.4339622641509434,-10.0,12489.136648368865,0.0,12479.136648368865,0,,11878.417
2024-09-04 00:00:00+00:00,87.67,87.72,72.06295,86.58934,1.0857135,0.36790000095258457,-10.0,12544.910864677602,0.0,12534.910864677602,0,,11931.464
2024-09-05 00:00:00+00:00,88.39,87.64,72.1752,86.935425,1.0885702,0.36727967128604505,-10.0,12533.469772118477,0.0,12523.469772118477,0,,11920.582
2024-09-06 00:00:00+00:00,87.86,86.65,72.28345,85.78266,1.080713,0.01,-10.0,12391.889032039662,0.0,12381.889032039662,0,,11785.925
2024-09-09 00:00:00+00:00,86.74,86.09,72.38705,73.142815,1.1364272,0.01,-10.0,12311.802577650209,0.0,12301.802577650209,0,,11709.755
2024-09-10 00:00:00+00:00,86.19,84.62,72.48905,65.53667,1.2085696,0.4339622641509434,-10.0,12101.577787790879,0.0,12091.577787790879,0,,11509.81
2024-09-11 00:00:00+00:00,84.53,84.24,72.5845,55.436096,1.4157126,0.49206349206349204,-10.0,12047.232831292271,0.0,12037.232831292271,0,,11458.121
2024-09-12 00:00:00+00:00,84.27,84.63,72.6762,50.362305,1.4764268,0.5120643431635388,-10.0,12103.006844601281,0.0,12093.006844601281,0,,11511.169
2024-09-13 00:00:00+00:00,84.93,85.42,72.7701,51.532986,1.4942834,0.5120643431635388,-10.0,12215.986024695683,0.0,12205.986024695683,0,,11618.622
2024-09-16 00:00:00+00:00,85.98,86.25,72.86585,53.71619,1.5157121,0.5120643431635388,-10.0,12334.685697021883,0.0,12324.685697021883,0,,11731.518
2024-09-17 00:00:00+00:00,86.22,86.06,72.96465,54.635735,1.5171411,0.5120643431635388,-10.0,12307.513271711496,0.0,12297.513271711496,0,,11705.674
2024-09-18 00:00:00+00:00,85.83,85.29,73.06605,57.42458,1.4942839,0.5120643431635388,-10.0,12197.395567456908,0.0,12187.395567456908,0,,11600.941
2024-09-19 00:00:00+00:00,85.01,84.19,73.15755,51.581245,1.527141,0.5120643431635388,-10.0,12040.084124480005,0.0,12030.084124480005,0,,11451.323
2024-09-20 00:00:00+00:00,84.13,85.43,73.2411,36.830124,1.4685696,0.5120643431635388,-10.0,12217.417059067931,0.0,12207.417059067931,0,,11619.984
2024-09-23 00:00:00+00:00,85.8,86.1,73.3314,41.56119,1.4857129,0.5120643431635388,-10.0,12313.234106532662,0.0,12303.234106532662,0,,11711.116
2024-09-24 00:00:00+00:00,85.74,85.94,73.4283,43.75633,1.4435703,0.5120643431635388,-10.0,12290.353231272711,0.0,12280.353231272711,0,,11689.3545
2024-09-25 00:00:00+00:00,86.43,85.5,73.5222,40.748444,1.4421419,0.5120643431635388,-10.0,12227.428341260767,0.0,12217.428341260767,0,,11629.507
2024-09-26 00:00:00+00:00,85.44,86.24,73.61315,39.278557,1.4349992,0.5120643431635388,-10.0,12333.256147240085,0.0,12323.256147240085,0,,11730.159
2024-09-27 00:00:00+00:00,86.57,86.81,73.7071,47.893093,1.4214276,0.01,-10.0,12414.772061898104,0.0,12404.772061898104,0,,11807.689
2024-09-30 00:00:00+00:00,87.09,87.09,73.801,53.69611,1.3557135,0.5120643431635388,-10.0,12454.815235649789,0.0,12444.815235649789,0,,11845.774
2024-10-01 00:00:00+00:00,87.1,87.73,73.89835,64.44441,1.1792853,0.01,-10.0,12546.34288123972,0.0,12536.34288123972,0,,11932.826
2024-10-02 00:00:00+00:00,87.13,87.48,73.98305,69.807076,1.163571,0.031655590813630625,-10.0,12510.590340007062,0.0,12500.590340007062,0,,11898.821
2024-10-03 00:00:00+00:00,87.84,86.65,74.06885,66.43603,1.1771425,0.5120643431635388,-10.0,12391.8907726347,0.0,12381.8907726347,0,,11785.927
2024-10-04 00:00:00+00:00,86.05,86.18,74.15185,57.06087,1.2249995,0.5120643431635388,-10.0,12324.675398874757,0.0,12314.675398874757,0,,11721.998
2024-10-07 00:00:00+00:00,85.37,84.66,74.23395,49.58084,1.2178568,0.5120643431635388,-10.0,12107.299044661386,0.0,12097.299044661386,0,,11515.251
2024-10-08 00:00:00+00:00,84.86,84.89,74.3072,42.76862,1.3128569,0.5120643431635388,-10.0,12140.190465732532,0.0,12130.190465732532,0,,11546.534
2024-10-09 00:00:00+00:00,84.69,84.45,74.3878,47.811806,1.2928575,0.5120643431635388,-10.0,12077.265188803385,0.0,12067.265188803385,0,,11486.687
2024-10-10 00:00:00+00:00,84.33,83.01,74.4657,51.532986,1.2857149,0.5120643431635388,-10.0,11871.330204348746,0.0,11861.330204348746,0,,11290.822
2024-10-11 00:00:00+00:00,83.39,83.61,74.53335,36.059906,1.2828577,0.5120643431635388,-10.0,11957.136379137253,0.0,11947.136379137253,0,,11372.433
2024-10-14 00:00:00+00:00,83.75,84.54,74.5932,35.54007,1.2799999,0.5120643431635388,-10.0,12090.136338621372,0.0,12080.136338621372,0,,11498.93
2024-10-15 00:00:00+00:00,84.79,85.07,74.65635,42.537304,1.2528566,0.5120643431635388,-10.0,12165.932021295792,0.0,12155.932021295792,0,,11571.019
2024-10-16 00:00:00+00:00,85.37,85.96,74.7237,47.729668,1.2399995,0.5120643431635388,-10.0,12293.211107423185,0.0,12283.211107423185,0,,11692.073
2024-10-17 00:00:00+00:00,86.02,84.64,74.79605,48.544704,1.2435706,0.5120643431635388,-10.0,12104.436505557385,0.0,12094.436505557385,0,,11512.53
2024-10-18 00:00:00+00:00,84.76,85.43,74.85755,39.53713,1.3178564,0.5120643431635388,-10.0,12217.414601641874,0.0,12207.414601641874,0,,11619.984
2024-10-21 00:00:00+00:00,85.66,84.61,74.9268,42.37134,1.3314275,0.5120643431635388,-10.0,12100.145826072077,0.0,12090.145826072077,0,,11508.449
2024-10-22 00:00:00+00:00,84.38,85.83,74.9884,35.895092,1.3407135,0.5120643431635388,-10.0,12274.618782555248,0.0,12264.618782555248,0,,11674.391
2024-10-23 00:00:00+00:00,85.71,86.0,75.0547,43.14213,1.407142,0.5120643431635388,-10.0,12298.930657787963,0.0,12288.930657787963,0,,11697.514
2024-10-24 00:00:00+00:00,86.25,85.62,75.11885,47.14159,1.3514279,0.5120643431635388,-10.0,12244.587194093363,0.0,12234.587194093363,0,,11645.828
2024-10-25 00:00:00+00:00,86.27,83.91,75.18185,47.51774,1.3371419,0.5120643431635388,-10.0,12000.038705865421,0.0,11990.038705865421,0,,11413.238
2024-10-28 00:00:00+00:00,84.12,84.48,75.23975,46.7306,1.3935705,0.5120643431635388,-10.0,12081.555234664364,0.0,12071.555234664364,0,,11490.769
2024-10-29 00:00:00+00:00,83.61,83.14,75.3063,48.2642,1.3921416,0.5120643431635388,-10.0,11889.919910044166,0.0,11879.919910044166,0,,11308.504
2024-10-30 00:00:00+00:00,82.19,83.24,75.3652,44.846584,1.4399992,0.5120643431635388,-10.0,11904.221364098563,0.0,11894.221364098563,0,,11322.106
2024-10-31 00:00:00+00:00,83.14,82.4,75.43055,51.011414,1.4828562,0.5120643431635388,-10.0,11784.092947703019,0.0,11774.092947703019,0,,11207.853
2024-11-01 00:00:00+00:00,82.62,81.13,75.49605,44.788975,1.5442854,0.5120643431635388,-10.0,11602.468396728475,0.0,11592.468396728475,0,,11035.109
2024-11-04 00:00:00+00:00,80.93,81.0,75.5587,35.732197,1.5935713,0.5120643431635388,-10.0,11583.877162169103,0.0,11573.877162169103,0,,11017.428
2024-11-05 00:00:00+00:00,81.0,81.97,75.62225,32.380947,1.5964285,0.5120643431635388,-10.0,11722.59743187331,0.0,11712.59743187331,0,,11149.364
2024-11-06 00:00:00+00:00,81.9,81.17,75.69385,32.846092,1.6042862,0.5120643431635388,-10.0,11608.188114731993,0.0,11598.188114731993,0,,11040.551
2024-11-07 00:00:00+00:00,81.15,81.45,75.76465,34.383434,1.572143,0.5120643431635388,-10.0,11648.231246974672,0.0,11638.231246974672,0,,11078.636
2024-11-08 00:00:00+00:00,81.8,83.1,75.846,31.226397,1.5771435,0.5120643431635388,-10.0,11884.199142596286,0.0,11874.199142596286,0,,11303.064
2024-11-11 00:00:00+00:00,82.99,83.58,75.9263,43.394566,1.6185716,0.5120643431635388,-10.0,11952.84426050564,0.0,11942.84426050564,0,,11368.354
2024-11-12 00:00:00+00:00,83.59,82.75,76.0067,39.476147,1.5650003,0.5120643431635388,-10.0,11834.14521791393,0.0,11824.14521791393,0,,11255.459
2024-11-13 00:00:00+00:00,83.17,82.18,76.08195,35.682827,1.5921434,0.5120643431635388,-10.0,11752.629131329111,0.0,11742.629131329111,0,,11177.929
2024-11-14 00:00:00+00:00,82.25,82.13,76.1563,35.09532,1.6328577,0.5120643431635388,-10.0,11745.478312136427,0.0,11735.478312136427,0,,11171.128
2024-11-15 00:00:00+00:00,82.03,83.68,76.22955,40.991882,1.509286,0.5120643431635388,-10.0,11967.14484530946,0.0,11957.14484530946,0,,11381.955
2024-11-18 00:00:00+00:00,83.16,84.08,76.3065,46.31675,1.5664291,0.5120643431635388,-10.0,12024.349871596547,0.0,12014.349871596547,0,,11436.363
2024-11-19 00:00:00+00:00,83.56,85.64,76.39255,54.737907,1.5199999,0.5120643431635388,-10.0,12247.446458541042,0.0,12237.446458541042,0,,11648.551
2024-11-20 00:00:00+00:00,85.73,86.12,76.49295,60.54481,1.49,0.5120643431635388,-10.0,12316.091720083985,0.0,12306.091720083985,0,,11713.84
2024-11-21 00:00:00+00:00,86.23,87.09,76.5979,66.87838,1.4164282,0.5120643431635388,-10.0,12454.81095621812,0.0,12444.81095621812,0,,11845.775
2024-11-22 00:00:00+00:00,87.54,86.48,76.70615,77.79848,1.379285,0.01,-10.0,12367.575694094465,0.0,12357.575694094465,0,,11762.807
2024-11-25 00:00:00+00:00,86.9,87.61,76.81495,74.464294,1.4114282,0.01,-10.0,12529.176995744238,0.0,12519.176995744238,0,,11916.505
2024-11-26 00:00:00+00:00,87.83,87.74,76.9295,74.82394,1.398571,0.11055060407991726,-10.0,12547.76776385094,0.0,12537.76776385094,0,,11934.187
2024-11-27 00:00:00+00:00,88.0,88.36,77.0413,80.72967,1.3549995,0.01,-10.0,12636.434921708094,0.0,12626.434921708094,0,,12018.518
2024-11-29 00:00:00+00:00,88.38,87.75,77.16105,81.323685,1.3164281,0.5120643431635388,-10.0,12549.198171466755,0.0,12539.198171466755,0,,11935.547
2024-12-02 00:00:00+00:00,87.96,85.78,77.27465,73.273285,1.2378567,0.5120643431635388,-10.0,12267.466801942686,0.0,12257.466801942686,0,,11667.592
2024-12-03 00:00:00+00:00,86.25,84.74,77.37125,59.58187,1.3471429,0.5120643431635388,-10.0,12118.735278950458,0.0,12108.735278950458,0,,11526.133
2024-12-04 00:00:00+00:00,84.6,84.34,77.4634,58.511543,1.3921427,0.5120643431635388,-10.0,12061.530846362763,0.0,12051.530846362763,0,,11471.726
2024-12-05 00:00:00+00:00,84.63,84.92,77.5524,59.374985,1.3864288,0.5120643431635388,-10.0,12144.477336586764,0.0,12134.477336586764,0,,11550.616
2024-12-06 00:00:00+00:00,84.94,83.95,77.63725,61.57677,1.4364291,0.5120643431635388,-10.0,12005.756863069058,0.0,11995.756863069058,0,,11418.679
2024-12-09 00:00:00+00:00,83.76,83.02,77.7199,51.176968,1.4507147,0.5120643431635388,-10.0,11872.75708771561,0.0,11862.75708771561,0,,11292.183
2024-12-10 00:00:00+00:00,83.0,82.78,77.7937,45.58331,1.4478575,0.5120643431635388,-10.0,11838.435021482797,0.0,11828.435021482797,0,,11259.538
2024-12-11 00:00:00+00:00,82.75,81.58,77.87485,36.610474,1.4285715,0.5120643431635388,-10.0,11666.82261404674,0.0,11656.82261404674,0,,11096.317
2024-12-12 00:00:00+00:00,82.01,81.62,77.9442,30.08769,1.495715,0.5120643431635388,-10.0,11672.542948268052,0.0,11662.542948268052,0,,11101.759
2024-12-13 00:00:00+00:00,82.02,81.89,78.01305,23.87776,1.4728584,0.5120643431635388,-10.0,11711.155003363663,0.0,11701.155003363663,0,,11138.482
2024-12-16 00:00:00+00:00,82.34,81.17,78.0824,27.344496,1.4250009,0.5120643431635388,-10.0,11608.187235973282,0.0,11598.187235973282,0,,11040.549
2024-12-17 00:00:00+00:00,80.8,80.5,78.1555,16.87242,1.4307153,0.5120643431635388,-10.0,11512.370588384118,0.0,11502.370588384118,0,,10949.419
2024-12-18 00:00:00+00:00,80.3,78.26,78.2207,14.717366,1.452144,0.5120643431635388,-10.0,11192.026549482574,0.0,11182.026549482574,0,,10644.738
2024-12-19 00:00:00+00:00,77.95,77.93,78.27645,7.491579,1.5521437,0.5120643431635388,-10.0,11144.832788715405,0.0,11134.832788715405,0,,10599.853
2024-12-20 00:00:00+00:00,77.87,79.52,78.32485,7.6724095,1.582858,0.5120643431635388,-10.0,11372.219790403196,0.0,11362.219790403196,0,,10816.121
2024-12-23 00:00:00+00:00,79.52,79.72,78.37765,22.103361,1.5264293,0.5120643431635388,-10.0,11400.823161231552,0.0,11390.823161231552,0,,10843.326
2024-12-24 00:00:00+00:00,79.9,80.26,78.4299,25.818892,1.4864295,0.5120643431635388,-10.0,11478.049033946965,0.0,11468.049033946965,0,,10916.775
2024-12-26 00:00:00+00:00,79.85,80.01,78.48425,30.608387,1.4485724,0.5120643431635388,-10.0,11442.29629854289,0.0,11432.29629854289,0,,10882.771
2024-12-27 00:00:00+00:00,79.45,79.79,78.537,25.90776,1.3864294,0.5120643431635388,-10.0,11410.833628404745,0.0,11400.833628404745,0,,10852.847
2024-12-30 00:00:00+00:00,79.59,79.68,78.5877,27.96611,1.3157152,0.5120643431635388,-10.0,11395.102020620414,0.0,11385.102020620414,0,,10837.885
2024-12-31 00:00:00+00:00,79.59,79.84,78.64385,30.626461,1.3164297,0.5120643431635388,-10.0,11417.982944181907,0.0,11407.982944181907,0,,10859.646
2025-01-02 00:00:00+00:00,80.76,80.01,78.69905,32.786858,1.2535727,0.5120643431635388,-10.0,11442.295441720114,0.0,11432.295441720114,0,,10882.771
2025-01-03 00:00:00+00:00,80.28,79.8,78.7543,39.547276,1.2371434,0.5120643431635388,-10.0,11412.26363921601,0.0,11402.26363921601,0,,10854.207
2025-01-06 00:00:00+00:00,79.8,78.44,78.8058,38.151043,1.2764293,0.5120643431635388,-10.0,11217.768574132879,0.0,11207.768574132879,0,,10669.223
2025-01-07 00:00:00+00:00,77.61,77.38,78.8505,30.3307,1.3242868,0.5120643431635388,-10.0,11066.176528639311,0.0,11056.176528639311,0,,10525.044
2025-01-08 00:00:00+00:00,75.76,69.5,78.88655,29.198696,1.312858,0.5120643431635388,-10.0,9939.251644631797,0.0,9929.251644631797,0,,9453.226
2025-01-10 00:00:00+00:00,69.15,65.0,78.88625,16.299034,1.9942867,0.5120643431635388,-10.0,9295.702717008448,0.0,9285.702717008448,0,,8841.146
2025-01-13 00:00:00+00:00,64.2,57.27,78.8651,14.316482,2.285001,0.5120643431635388,-10.0,8190.229230252968,0.0,8180.229230252968,0,,7789.73
2025-01-14 00:00:00+00:00,57.39,58.43,78.8103,10.238656,2.8807151,0.5120643431635388,-10.0,8356.122074303079,0.0,8346.122074303079,0,,7947.5103
2025-01-15 00:00:00+00:00,61.75,61.3,78.75545,8.728009,2.9721437,0.5120643431635388,-10.0,8766.563409877423,0.0,8756.563409877423,0,,8337.882
2025-01-16 00:00:00+00:00,61.83,61.16,78.7083,17.363575,3.2721436,0.5120643431635388,-10.0,8746.542230939698,0.0,8736.542230939698,0,,8318.84
2025-01-17 00:00:00+00:00,60.97,62.7,78.6619,15.672178,3.4035716,0.5120643431635388,-10.0,8966.778965829206,0.0,8956.778965829206,0,,8528.307
2025-01-21 00:00:00+00:00,62.34,62.23,78.62475,20.267952,3.5871432,0.5120643431635388,-10.0,8899.56346219144,0.0,8889.56346219144,0,,8464.378
2025-01-22 00:00:00+00:00,61.86,58.29,78.5864,20.09537,3.6335719,0.5120643431635388,-10.0,8336.10109161322,0.0,8326.10109161322,0,,7928.4688
2025-01-23 00:00:00+00:00,58.37,57.28,78.5286,17.776442,3.846429,0.5120643431635388,-10.0,8191.659888762035,0.0,8181.659888762035,0,,7791.091
2025-01-24 00:00:00+00:00,57.38,58.87,78.4609,16.862526,3.9378579,0.5120643431635388,-10.0,8419.046932206882,0.0,8409.046932206882,0,,8007.3584
2025-01-27 00:00:00+00:00,57.13,57.74,78.40185,20.191763,3.9650009,0.5120643431635388,-10.0,8257.445163545548,0.0,8247.445163545548,0,,7853.6587
2025-01-28 00:00:00+00:00,57.84,56.11,78.3361,19.681143,4.039286,0.5120643431635388,-10.0,8024.337391922199,0.0,8014.337391922199,0,,7631.9497
2025-01-29 00:00:00+00:00,56.21,55.8,78.27205,19.536152,4.1314287,0.5120643431635388,-10.0,7980.003941036661,0.0,7970.003941036661,0,,7589.784
2025-01-30 00:00:00+00:00,56.34,54.06,78.20685,19.94429,4.100714,0.5120643431635388,-10.0,7731.165345777904,0.0,7721.165345777904,0,,7353.114
2025-01-31 00:00:00+00:00,54.48,54.0,78.134,24.059141,3.5392857,0.5120643431635388,-10.0,7722.584540124348,0.0,7712.584540124348,0,,7344.9526
2025-02-03 00:00:00+00:00,53.24,52.44,78.0646,28.27804,3.2557144,0.5120643431635388,-10.0,7499.487252435538,0.0,7489.487252435538,0,,7132.765
2025-02-04 00:00:00+00:00,52.5,51.72,77.99275,37.38903,2.729286,0.5120643431635388,-10.0,7396.519817993582,0.0,7386.519817993582,0,,7034.833
2025-02-05 00:00:00+00:00,52.29,52.44,77.91115,32.068413,2.597857,0.6153846153846154,-10.0,7499.486936174055,0.0,7489.486936174055,0,,7132.765
2025-02-06 00:00:00+00:00,52.75,51.15,77.8327,23.248787,2.3099997,0.99,-10.0,7315.003363159597,0.0,7305.003363159597,0,,6957.3027
2025-02-07 00:00:00+00:00,51.0,50.09,77.7388,21.739128,2.2549999,0.6153846153846154,-10.0,7163.411604174871,0.0,7153.411604174871,0,,6813.124
2025-02-10 00:00:00+00:00,49.94,50.17,77.63595,13.406837,2.1335714,0.5120643431635388,-10.0,7174.8519081277,0.0,7164.8519081277,0,,6824.005
2025-02-11 00:00:00+00:00,49.76,50.81,77.53255,14.192379,2.1221426,0.6153846153846154,-10.0,7266.379379376882,0.0,7256.379379376882,0,,6911.0566
2025-02-12 00:00:00+00:00,50.25,52.68,77.4325,22.378134,1.927857,0.5120643431635388,-10.0,7533.809188774792,0.0,7523.809188774792,0,,7165.409
2025-02-13 00:00:00+00:00,52.8,51.52,77.34025,34.027775,1.9599997,0.6153846153846154,-10.0,7367.916639700556,0.0,7357.916639700556,0,,7007.629
2025-02-14 00:00:00+00:00,50.7,50.06,77.24715,23.693623,1.968571,0.6153846153846154,-10.0,7159.120993563803,0.0,7149.120993563803,0,,6809.0435
2025-02-18 00:00:00+00:00,50.41,51.3,77.1408,23.146843,1.9378567,0.5120643431635388,-10.0,7336.454280923354,0.0,7326.454280923354,0,,6977.7046
2025-02-19 00:00:00+00:00,51.2,52.42,77.042,32.710266,1.8407137,0.6153846153846154,-10.0,7496.6262959193045,0.0,7486.6262959193045,0,,7130.045
2025-02-20 00:00:00+00:00,52.38,51.9,76.9477,38.51901,1.9057138,0.5120643431635388,-10.0,7422.26109584374,0.0,7412.26109584374,0,,7059.316
2025-02-21 00:00:00+00:00,52.0,52.17,76.84735,41.999992,1.7899996,0.99,-10.0,7460.873875726006,0.0,7450.873875726006,0,,7096.041
2025-02-24 00:00:00+00:00,52.75,52.23,76.7465,43.326023,1.6871423,0.6153846153846154,-10.0,7469.454859740637,0.0,7459.454859740637,0,,7104.2026
2025-02-25 00:00:00+00:00,52.35,52.16,76.64255,49.140053,1.6171423,0.5120643431635388,-10.0,7459.444218373126,0.0,7449.444218373126,0,,7094.681
2025-02-26 00:00:00+00:00,52.32,52.61,76.5339,51.90311,1.625714,0.6153846153846154,-10.0,7523.799047866634,0.0,7513.799047866634,0,,7155.889
2025-02-27 00:00:00+00:00,52.19,51.34,76.427704,50.752888,1.5964285,0.6153846153846154,-10.0,7342.175433174782,0.0,7332.175433174782,0,,6983.1465
2025-02-28 00:00:00+00:00,51.7,54.44,76.3106,50.84294,1.5921427,0.5120643431635388,-10.0,7785.508982464039,0.0,7775.508982464039,0,,7404.8013
2025-03-03 00:00:00+00:00,54.65,55.27,76.20835,66.3411,1.768571,0.5120643431635388,-10.0,7904.20804264223,0.0,7894.20804264223,0,,7517.696
2025-03-04 00:00:00+00:00,55.43,54.82,76.1125,68.13657,1.802857,0.5120643431635388,-10.0,7839.852966674391,0.0,7829.852966674391,0,,7456.488
2025-03-05 00:00:00+00:00,55.03,55.19,76.012,64.455666,1.8064281,0.5120643431635388,-10.0,7892.767204086268,0.0,7882.767204086268,0,,7506.8145
2025-03-06 00:00:00+00:00,54.7,55.08,75.90935,60.145515,1.725714,0.5120643431635388,-10.0,7877.036444598506,0.0,7867.036444598506,0,,7491.853
2025-03-07 00:00:00+00:00,55.07,56.4,75.80545,65.7244,1.6992855,0.6153846153846154,-10.0,8065.810570723295,0.0,8055.810570723295,0,,7671.396
2025-03-10 00:00:00+00:00,56.58,56.99,75.70595,78.35423,1.6864287,0.5120643431635388,-10.0,8150.186795600257,0.0,8140.186795600257,0,,7751.6465
2025-03-11 00:00:00+00:00,56.99,56.06,75.6104,77.01808,1.7257143,0.5120643431635388,-10.0,8017.186514667293,0.0,8007.186514667293,0,,7625.15
2025-03-12 00:00:00+00:00,56.38,55.48,75.50685,67.60158,1.7528572,0.5120643431635388,-10.0,7934.23978393262,0.0,7924.23978393262,0,,7546.2593
2025-03-13 00:00:00+00:00,55.48,55.83,75.4065,67.21153,1.7999998,0.99,-10.0,7984.294322612399,0.0,7974.294322612399,0,,7593.866
2025-03-14 00:00:00+00:00,56.01,57.0,75.3144,67.461845,1.8107145,0.99,-10.0,8151.616364653659,0.0,8141.616364653659,0,,7753.0063
2025-03-17 00:00:00+00:00,57.23,58.96,75.22655,70.57809,1.822143,0.5120643431635388,-10.0,8431.917189341659,0.0,8421.917189341659,0,,8019.6006
2025-03-18 00:00:00+00:00,58.3,58.7,75.15065,75.22255,1.9242859,0.5120643431635388,-10.0,8394.734707491329,0.0,8384.734707491329,0,,7984.2363
2025-03-19 00:00:00+00:00,58.55,58.5,75.0774,72.91197,1.9557143,0.5120643431635388,-10.0,8366.132332694204,0.0,8356.132332694204,0,,7957.0327
2025-03-20 00:00:00+00:00,58.36,58.92,74.99655,79.29624,1.9000002,0.99,-10.0,8426.196968670618,0.0,8416.196968670618,0,,8014.16
2025-03-21 00:00:00+00:00,58.58,58.17,74.9069,73.48009,1.6821431,0.5120643431635388,-10.0,8318.938994616261,0.0,8308.938994616261,0,,7912.147
2025-03-24 00:00:00+00:00,58.07,58.59,74.81635,65.32769,1.6214286,0.5120643431635388,-10.0,8379.003965708715,0.0,8369.003965708715,0,,7969.275
2025-03-25 00:00:00+00:00,58.46,57.25,74.7267,69.9894,1.601429,0.5120643431635388,-10.0,8187.369617454859,0.0,8177.369617454859,0,,7787.0117
2025-03-26 00:00:00+00:00,57.3,57.78,74.6358,59.903854,1.6142862,0.5120643431635388,-10.0,8263.165618069255,0.0,8253.165618069255,0,,7859.101
2025-03-27 00:00:00+00:00,57.81,57.29,74.5522,62.47688,1.584286,0.5120643431635388,-10.0,8193.090423364267,0.0,8183.090423364267,0,,7792.4526
2025-03-28 00:00:00+00:00,58.16,58.18,74.46875,54.454453,1.4964286,0.5120643431635388,-10.0,8320.370058400445,0.0,8310.370058400445,0,,7913.5083
2025-03-31 00:00:00+00:00,58.32,58.92,74.3904,55.782307,1.4535716,0.5120643431635388,-10.0,8426.198129488175,0.0,8416.198129488175,0,,8014.1616
2025-04-01 00:00:00+00:00,59.04,58.75,74.31695,64.15841,1.3900002,0.5120643431635388,-10.0,8401.886673603241,0.0,8391.886673603241,0,,7991.039
2025-04-02 00:00:00+00:00,58.66,59.92,74.24295,66.873085,1.3221433,0.5120643431635388,-10.0,8569.209116601985,0.0,8559.209116601985,0,,8150.179
2025-04-03 00:00:00+00:00,60.49,58.38,74.1753,69.457664,1.3735716,0.5120643431635388,-10.0,8348.97301129235,0.0,8338.97301129235,0,,7940.7124
2025-04-04 00:00:00+00:00,58.51,54.75,74.10115,56.341927,1.4278575,0.5120643431635388,-10.0,7829.843469316849,0.0,7819.843469316849,0,,7446.968
2025-04-07 00:00:00+00:00,53.0,53.62,74.01725,33.227077,1.5428573,0.5120643431635388,-10.0,7668.24097828852,0.0,7658.24097828852,0,,7293.268
2025-04-08 00:00:00+00:00,54.29,52.5,73.92795,31.073006,1.6871431,0.5120643431635388,-10.0,7508.068811944027,0.0,7498.068811944027,0,,7140.9277
2025-04-09 00:00:00+00:00,51.88,56.06,73.83105,29.079481,1.827143,0.767127497948289,-10.0,8017.187817881663,0.0,8007.187817881663,0,,7625.1514
2025-04-10 00:00:00+00:00,55.3,55.4,73.75315,41.81923,2.1278572,0.5120643431635388,-10.0,7922.800588332495,0.0,7912.800588332495,0,,7535.3794
2025-04-11 00:00:00+00:00,55.42,56.1,73.66635,42.03566,2.2135715,0.5120643431635388,-10.0,8022.907948547578,0.0,8012.907948547578,0,,7630.5913
2025-04-14 00:00:00+00:00,56.7,57.22,73.58755,42.95415,2.287857,0.5120643431635388,-10.0,8183.080945757014,0.0,8173.080945757014,0,,7782.932
2025-04-15 00:00:00+00:00,57.45,56.9,73.5144,49.914043,2.262857,0.5120643431635388,-10.0,8137.317348696774,0.0,8127.317348696774,0,,7739.4062
2025-04-16 00:00:00+00:00,57.0,56.33,73.4387,47.447803,2.2614286,0.6269621496595651,-10.0,8055.8011713498645,0.0,8045.8011713498645,0,,7661.876
2025-04-17 00:00:00+00:00,56.68,57.39,73.3613,47.228638,2.312143,0.6153846153846154,-10.0,8207.392524540079,0.0,8197.392524540079,0,,7806.055
2025-04-21 00:00:00+00:00,56.88,55.81,73.2923,47.74156,2.3392856,0.6153846153846154,-10.0,7981.4355512290795,0.0,7971.4355512290795,0,,7591.1475
2025-04-22 00:00:00+00:00,57.01,57.82,73.2132,41.516644,2.4078572,0.99,-10.0,8268.887221755956,0.0,8258.887221755956,0,,7864.5425
2025-04-23 00:00:00+00:00,57.94,58.16,73.1432,47.694595,2.502857,0.5120643431635388,-10.0,8317.511220979042,0.0,8307.511220979042,0,,7910.7886
2025-04-24 00:00:00+00:00,58.36,58.2,73.072,45.44985,2.4599996,0.5120643431635388,-10.0,8323.231326416539,0.0,8313.231326416539,0,,7916.229
2025-04-25 00:00:00+00:00,58.36,57.96,73.00515,49.495514,2.3492851,0.5120643431635388,-10.0,8288.908423300902,0.0,8278.908423300902,0,,7883.5845
2025-04-28 00:00:00+00:00,57.89,58.35,72.9373,61.107265,2.0942855,0.6153846153846154,-10.0,8344.68256794483,0.0,8334.68256794483,0,,7936.6313
2025-04-29 00:00:00+00:00,58.0,58.73,72.8671,67.25018,1.9414281,0.5120643431635388,-10.0,8399.026507807896,0.0,8389.026507807896,0,,7988.3184
2025-04-30 00:00:00+00:00,58.0,53.51,72.78935,74.01697,1.7935709,0.5120643431635388,-10.0,7652.509997146086,0.0,7642.509997146086,0,,7278.3057
2025-05-01 00:00:00+00:00,53.75,54.56,72.6827,41.28502,1.843571,0.5120643431635388,-10.0,7802.671866742356,0.0,7792.671866742356,0,,7421.125
2025-05-02 00:00:00+00:00,54.79,54.88,72.59025,47.203728,1.8049997,0.99,-10.0,7848.435294458101,0.0,7838.435294458101,0,,7464.651
2025-05-05 00:00:00+00:00,54.85,54.93,72.49505,45.833344,1.7521428,0.8265267444250737,-10.0,7855.586134139196,0.0,7845.586134139196,0,,7471.4517
2025-05-06 00:00:00+00:00,54.56,54.83,72.39295,41.562267,1.7064285,0.99,-10.0,7841.285471162163,0.0,7831.285471162163,0,,7457.8506
2025-05-07 00:00:00+00:00,54.65,55.75,72.29165,42.247192,1.6978571,0.99,-10.0,7972.8549108025045,0.0,7962.8549108025045,0,,7582.9863
2025-05-08 00:00:00+00:00,56.01,56.13,72.1957,47.883205,1.7157143,0.5120643431635388,-10.0,8027.199075899964,0.0,8017.199075899964,0,,7634.6733
2025-05-09 00:00:00+00:00,56.32,56.19,72.10035,45.161297,1.6685715,0.5120643431635388,-10.0,8035.779747939186,0.0,8025.779747939186,0,,7642.834
2025-05-12 00:00:00+00:00,57.11,56.56,72.00575,51.65216,1.5728571,0.5120643431635388,-10.0,8088.694415273345,0.0,8078.694415273345,0,,7693.161
2025-05-13 00:00:00+00:00,56.55,56.18,71.90835,43.610558,1.502143,0.5120643431635388,-10.0,8034.3499074720985,0.0,8024.3499074720985,0,,7641.474
2025-05-14 00:00:00+00:00,56.06,56.38,71.8071,40.000008,1.5071433,0.5120643431635388,-10.0,8062.95176743347,0.0,8052.95176743347,0,,7668.677
2025-05-15 00:00:00+00:00,56.72,57.6,71.69645,40.95428,1.5757147,0.7762152892088634,-10.0,8237.424934474357,0.0,8227.424934474357,0,,7834.6187
2025-05-16 00:00:00+00:00,57.87,58.63,71.59345,48.369564,1.6121432,0.5120643431635388,-10.0,8384.726480487214,0.0,8374.726480487214,0,,7974.717
2025-05-19 00:00:00+00:00,57.91,58.0,71.4897,51.19864,1.5892862,0.5120643431635388,-10.0,8294.629688759505,0.0,8284.629688759505,0,,7889.026
2025-05-20 00:00:00+00:00,58.0,58.31,71.379654,46.94049,1.5742863,0.5120643431635388,-10.0,8338.963387118663,0.0,8328.963387118663,0,,7931.1914
2025-05-21 00:00:00+00:00,58.18,56.94,71.26315,84.188034,1.1878577,0.99,-10.0,8143.038294133951,0.0,8133.038294133951,0,,7744.847
2025-05-22 00:00:00+00:00,56.35,56.22,71.1365,66.21251,1.1692861,0.6153846153846154,-10.0,8040.0709806709165,0.0,8030.0709806709165,0,,7646.9146
2025-05-23 00:00:00+00:00,56.37,56.64,71.01485,58.65633,1.1750003,0.99,-10.0,8100.135197310517,0.0,8090.135197310517,0,,7704.0415
2025-05-27 00:00:00+00:00,57.34,57.1,70.8904,60.542534,1.2057146,0.5120643431635388,-10.0,8165.920368190164,0.0,8155.920368190164,0,,7766.61
2025-05-28 00:00:00+00:00,57.13,55.11,70.7677,63.400215,1.2350004,0.5120643431635388,-10.0,7881.329271373966,0.0,7871.329271373966,0,,7495.935
2025-05-29 00:00:00+00:00,55.21,55.88,70.6346,46.645706,1.3014289,0.99,-10.0,7991.447550661859,0.0,7981.447550661859,0,,7600.6685
2025-05-30 00:00:00+00:00,55.6,55.65,70.5041,48.741188,1.2878577,0.8997533113751877,-10.0,7958.555238900277,0.0,7948.555238900277,0,,7569.385
2025-06-02 00:00:00+00:00,55.42,55.43,70.3703,47.326748,1.2892863,0.5120643431635388,-10.0,7927.092857047408,0.0,7917.092857047408,0,,7539.4604
2025-06-03 00:00:00+00:00,55.65,56.0,70.2329,44.3216,1.2792863,0.6153846153846154,-10.0,8008.608989883109,0.0,7998.608989883109,0,,7616.9907
2025-06-04 00:00:00+00:00,55.99,54.36,70.0972,49.112423,1.2878577,0.6153846153846154,-10.0,7774.071037887603,0.0,7764.071037887603,0,,7393.9214
2025-06-05 00:00:00+00:00,54.5,53.64,69.9532,41.27806,1.3228577,0.5120643431635388,-10.0,7671.103108304757,0.0,7661.103108304757,0,,7295.989
2025-06-06 00:00:00+00:00,53.99,53.76,69.80435,32.12997,1.3021433,0.5120643431635388,-10.0,7688.263991365505,0.0,7678.263991365505,0,,7312.3105
2025-06-09 00:00:00+00:00,53.1,49.42,69.6537,26.057013,1.3007145,0.5120643431635388,-10.0,7067.596693477146,0.0,7057.596693477146,0,,6721.9937
2025-06-10 00:00:00+00:00,49.84,50.44,69.48225,19.092207,1.6285714,0.5120643431635388,-10.0,7213.4677868840445,0.0,7203.4677868840445,0,,6860.732
2025-06-11 00:00:00+00:00,50.67,49.61,69.31355,23.029455,1.7164288,0.5120643431635388,-10.0,7094.7689229688,0.0,7084.7689229688,0,,6747.837
2025-06-12 00:00:00+00:00,49.6,50.37,69.13975,23.914581,1.719286,0.5120643431635388,-10.0,7203.456998454244,0.0,7193.456998454244,0,,6851.2104
2025-06-13 00:00:00+00:00,49.8,48.32,68.9678,29.240578,1.6785719,0.5120643431635388,-10.0,6910.284753220855,0.0,6900.284753220855,0,,6572.374
2025-06-16 00:00:00+00:00,48.77,48.35,68.78235,23.536886,1.7685719,0.5120643431635388,-10.0,6914.574948089274,0.0,6904.574948089274,0,,6576.4546
2025-06-17 00:00:00+00:00,48.05,49.2,68.6002,21.386515,1.7685719,0.5120643431635388,-10.0,7036.134223635297,0.0,7026.134223635297,0,,6692.07
2025-06-18 00:00:00+00:00,49.1,50.46,68.4212,29.116606,1.6992861,0.5120643431635388,-10.0,7216.3277331262125,0.0,7206.3277331262125,0,,6863.4517
2025-06-20 00:00:00+00:00,50.63,49.65,68.241,31.48906,1.7471434,0.5120643431635388,-10.0,7100.489464460918,0.0,7090.489464460918,0,,6753.278
2025-06-23 00:00:00+00:00,49.65,50.16,68.0541,30.289085,1.8021433,0.5120643431635388,-10.0,7173.425030848595,0.0,7163.425030848595,0,,6822.647
2025-06-24 00:00:00+00:00,50.45,51.39,67.86825,33.01095,1.8235719,0.5120643431635388,-10.0,7349.3279580411145,0.0,7339.3279580411145,0,,6989.948
2025-06-25 00:00:00+00:00,50.96,50.41,67.6866,35.745197,1.8207147,0.5120643431635388,-10.0,7209.177373011529,0.0,7199.177373011529,0,,6856.651
2025-06-26 00:00:00+00:00,50.82,50.81,67.50045,37.26627,1.7335718,0.9575095414367154,-10.0,7266.381675975712,0.0,7256.381675975712,0,,6911.0576
2025-06-27 00:00:00+00:00,50.96,50.97,67.32125,40.68466,1.7121432,0.6153846153846154,-10.0,7289.263748704891,0.0,7279.263748704891,0,,6932.8213
2025-06-30 00:00:00+00:00,50.95,51.6,67.14565,40.84045,1.6864289,0.5120643431635388,-10.0,7379.360617194213,0.0,7369.360617194213,0,,7018.5127
2025-07-01 00:00:00+00:00,51.83,52.88,66.98055,59.461815,1.373572,0.6153846153846154,-10.0,7562.414963139565,0.0,7552.414963139565,0,,7192.615
2025-07-02 00:00:00+00:00,52.92,52.56,66.82375,60.356556,1.3750002,0.5120643431635388,-10.0,7516.651605169583,0.0,7506.651605169583,0,,7149.0894
2025-07-03 00:00:00+00:00,53.1,52.55,66.6634,63.087856,1.3121431,0.6153846153846154,-10.0,7515.22105384478,0.0,7505.22105384478,0,,7147.729
2025-07-07 00:00:00+00:00,51.34,50.51,66.49905,60.36122,1.3214285,0.7597988805425618,-10.0,7223.478615989546,0.0,7213.478615989546,0,,6870.2524
2025-07-08 00:00:00+00:00,50.08,50.74,66.32035,60.418644,1.3199999,0.6153846153846154,-10.0,7256.371994682671,0.0,7246.371994682671,0,,6901.537
2025-07-09 00:00:00+00:00,50.74,50.63,66.14375,61.15781,1.3421427,0.8002705779155872,-10.0,7240.640614566292,0.0,7230.640614566292,0,,6886.575
2025-07-10 00:00:00+00:00,50.58,51.29,65.97045,57.171516,1.2935712,0.9121194935294606,-10.0,7335.027970905277,0.0,7325.027970905277,0,,6976.347
2025-07-11 00:00:00+00:00,51.09,51.06,65.80595,54.42904,1.2757138,0.6153846153846154,-10.0,7302.135535452155,0.0,7292.135535452155,0,,6945.063
2025-07-14 00:00:00+00:00,50.93,50.96,65.6341,58.020473,1.2521425,0.741256485054286,-10.0,7287.833945035758,0.0,7277.833945035758,0,,6931.4604
2025-07-15 00:00:00+00:00,51.2,50.42,65.4584,54.773262,1.2121423,0.99,-10.0,7210.607878054061,0.0,7200.607878054061,0,,6858.0107
2025-07-16 00:00:00+00:00,50.47,50.94,65.2808,43.693108,1.1942855,0.99,-10.0,7284.9737013908825,0.0,7274.9737013908825,0,,6928.74
2025-07-17 00:00:00+00:00,50.58,51.33,65.108,53.665268,1.1850001,0.8700001945790894,-10.0,7340.748169693386,0.0,7330.748169693386,0,,6981.787
2025-07-18 00:00:00+00:00,51.5,51.14,64.93345,53.601105,1.1907141,0.6153846153846154,-10.0,7313.575893742817,0.0,7303.575893742817,0,,6955.944
2025-07-21 00:00:00+00:00,51.37,50.92,64.7551,51.172398,1.2078571,0.6153846153846154,-10.0,7282.113144492233,0.0,7272.113144492233,0,,6926.019
2025-07-22 00:00:00+00:00,51.3,52.03,64.57425,45.02925,1.1821429,0.99,-10.0,7440.855698196171,0.0,7430.855698196171,0,,7076.9995
2025-07-23 00:00:00+00:00,52.36,52.3,64.39575,43.628185,1.1364286,0.6153846153846154,-10.0,7479.468527571221,0.0,7469.468527571221,0,,7113.724
2025-07-24 00:00:00+00:00,52.32,51.42,64.21985,48.036243,1.140714,0.5120643431635388,-10.0,7353.618738874325,0.0,7343.618738874325,0,,6994.029
2025-07-25 00:00:00+00:00,51.39,52.95,64.0437,42.45662,1.1478568,0.6153846153846154,-10.0,7572.425637239256,0.0,7562.425637239256,0,,7202.1357
2025-07-28 00:00:00+00:00,52.78,52.27,63.87755,67.47848,1.102857,0.6153846153846154,-10.0,7475.178294000169,0.0,7465.178294000169,0,,7109.644
2025-07-29 00:00:00+00:00,52.44,52.45,63.7156,60.296066,1.0571425,0.6153846153846154,-10.0,7500.920699719578,0.0,7490.920699719578,0,,7134.1274
2025-07-30 00:00:00+00:00,52.48,51.69,63.5534,62.13331,1.0378568,0.6153846153846154,-10.0,7392.232296116547,0.0,7382.232296116547,0,,7030.754
2025-07-31 00:00:00+00:00,51.54,52.12,63.3896,52.631557,1.0564283,0.99,-10.0,7453.726663992588,0.0,7443.726663992588,0,,7089.241
2025-08-01 00:00:00+00:00,52.2,53.13,63.23515,56.79484,1.0585711,0.6153846153846154,-10.0,7598.16813736282,0.0,7588.16813736282,0,,7226.6196
2025-08-04 00:00:00+00:00,52.66,55.22,63.08275,62.456932,1.145714,0.5120643431635388,-10.0,7897.061196752881,0.0,7887.061196752881,0,,7510.897
2025-08-05 00:00:00+00:00,55.48,55.28,62.93615,73.391785,1.2535712,0.5120643431635388,-10.0,7905.641144194365,0.0,7895.641144194365,0,,7519.0576
2025-08-06 00:00:00+00:00,55.51,54.91,62.7872,72.14282,1.2871424,0.5120643431635388,-10.0,7852.727230407654,0.0,7842.727230407654,0,,7468.731
2025-08-07 00:00:00+00:00,55.0,54.94,62.63195,68.30263,1.295714,0.5120643431635388,-10.0,7857.017459358269,0.0,7847.017459358269,0,,7472.8115
2025-08-08 00:00:00+00:00,55.0,53.77,62.48345,69.7505,1.3657142,0.5120643431635388,-10.0,7689.69516107086,0.0,7679.69516107086,0,,7313.671
2025-08-11 00:00:00+00:00,54.0,55.25,62.32515,63.48156,1.4971428,0.6153846153846154,-10.0,7901.350871389561,0.0,7891.350871389561,0,,7514.977
2025-08-12 00:00:00+00:00,55.56,55.96,62.17835,64.71664,1.5392857,0.6153846153846154,-10.0,8002.888304368301,0.0,7992.888304368301,0,,7611.549
2025-08-13 00:00:00+00:00,56.04,56.28,62.029,66.08084,1.5514287,0.6153846153846154,-10.0,8048.651623988462,0.0,8038.651623988462,0,,7655.0747
2025-08-14 00:00:00+00:00,55.84,56.02,61.8804,72.45841,1.5107147,0.99,-10.0,8011.469126441262,0.0,8001.469126441262,0,,7619.7104
2025-08-15 00:00:00+00:00,56.24,55.5,61.7324,66.0733,1.4535719,0.6591561010744218,-10.0,7937.103384147184,0.0,7927.103384147184,0,,7548.9814
2025-08-18 00:00:00+00:00,55.72,55.63,61.59035,67.19915,1.445715,0.99,-10.0,7955.694805321605,0.0,7945.694805321605,0,,7566.6636
2025-08-19 00:00:00+00:00,55.83,56.35,61.4461,67.02356,1.4550008,0.99,-10.0,8058.6618035427355,0.0,8048.6618035427355,0,,7664.5957
2025-08-20 00:00:00+00:00,56.51,55.96,61.31215,75.05379,1.4342864,0.99,-10.0,8002.887858967047,0.0,7992.887858967047,0,,7611.5493
2025-08-21 00:00:00+00:00,56.13,53.81,61.17575,70.73436,1.4442863,0.99,-10.0,7695.414827054465,0.0,7685.414827054465,0,,7319.112
2025-08-22 00:00:00+00:00,54.34,55.6,61.0328,53.269238,1.4935722,0.99,-10.0,7951.40367724986,0.0,7941.40367724986,0,,7562.583
2025-08-25 00:00:00+00:00,55.19,54.5,60.90515,51.881176,1.4414291,0.5120643431635388,-10.0,7794.09189424821,0.0,7784.09189424821,0,,7412.9634
2025-08-26 00:00:00+00:00,54.57,54.92,60.77265,46.499104,1.4335719,0.6881373822521902,-10.0,7854.156313111933,0.0,7844.156313111933,0,,7470.091
2025-08-27 00:00:00+00:00,54.92,55.38,60.6374,50.044674,1.411429,0.6153846153846154,-10.0,7919.941808258669,0.0,7909.941808258669,0,,7532.6597
2025-08-28 00:00:00+00:00,55.31,54.72,60.50845,51.8933,1.337143,0.6153846153846154,-10.0,7825.554708226561,0.0,7815.554708226561,0,,7442.888
2025-08-29 00:00:00+00:00,54.81,56.13,60.3748,54.275436,1.227857,0.99,-10.0,8027.200196059823,0.0,8017.200196059823,0,,7634.6733
2025-09-02 00:00:00+00:00,55.51,55.79,60.23995,53.985516,1.3135711,0.5120643431635388,-10.0,7978.5763810523285,0.0,7968.5763810523285,0,,7588.4272
2025-09-03 00:00:00+00:00,56.06,55.35,60.101,49.20338,1.3678567,0.6153846153846154,-10.0,7915.651205052443,0.0,7905.651205052443,0,,7528.5786
2025-09-04 00:00:00+00:00,55.71,54.67,59.964,45.69045,1.4171423,0.6153846153846154,-10.0,7818.4037020233,0.0,7808.4037020233,0,,7436.0864
2025-09-05 00:00:00+00:00,54.7,54.45,59.82645,43.978577,1.5207138,0.99,-10.0,7786.941754514565,0.0,7776.941754514565,0,,7406.163
2025-09-08 00:00:00+00:00,54.45,53.3,59.68805,45.1879,1.5142852,0.99,-10.0,7622.479132033297,0.0,7612.479132033297,0,,7249.7427
2025-09-09 00:00:00+00:00,53.34,54.77,59.536148,40.234688,1.6114281,0.99,-10.0,7832.705463037284,0.0,7822.705463037284,0,,7449.689
2025-09-10 00:00:00+00:00,54.57,55.57,59.3896,43.769722,1.660714,0.5120643431635388,-10.0,7947.113686067259,0.0,7937.113686067259,0,,7558.5024
2025-09-11 00:00:00+00:00,55.26,56.22,59.23925,48.510315,1.751428,0.5120643431635388,-10.0,8040.070555906761,0.0,8030.070555906761,0,,7646.914
2025-09-12 00:00:00+00:00,56.08,56.2,59.08975,60.396893,1.7057135,0.5120643431635388,-10.0,8037.210058602071,0.0,8027.210058602071,0,,7644.194
2025-09-15 00:00:00+00:00,56.7,55.86,58.9353,53.055,1.6299994,0.5120643431635388,-10.0,7988.5864500285115,0.0,7978.5864500285115,0,,7597.9478
2025-09-16 00:00:00+00:00,56.0,55.18,58.7822,57.505516,1.6328566,0.6153846153846154,-10.0,7891.339030371095,0.0,7881.339030371095,0,,7505.4556
2025-09-17 00:00:00+00:00,55.6,55.56,58.62005,51.39486,1.6778567,0.99,-10.0,7945.683537164774,0.0,7935.683537164774,0,,7557.143
2025-09-18 00:00:00+00:00,55.61,55.58,58.45915,50.974026,1.7214282,0.6153846153846154,-10.0,7948.544079018945,0.0,7938.544079018945,0,,7559.864
2025-09-19 00:00:00+00:00,55.86,55.64,58.29525,55.0,1.7228571,0.99,-10.0,7957.124056368645,0.0,7947.124056368645,0,,7568.0244
2025-09-22 00:00:00+00:00,55.47,54.26,58.1347,46.620678,1.5964288,0.5120643431635388,-10.0,7759.76886230118,0.0,7749.76886230118,0,,7380.32
2025-09-23 00:00:00+00:00,54.38,55.34,57.9771,40.772003,1.617143,0.99,-10.0,7914.221287205236,0.0,7904.221287205236,0,,7527.2197
2025-09-24 00:00:00+00:00,55.36,55.04,57.8301,49.94402,1.6485716,0.6153846153846154,-10.0,7871.31795770937,0.0,7861.31795770937,0,,7486.4146
2025-09-25 00:00:00+00:00,54.82,54.05,57.6836,52.163757,1.5235713,0.6153846153846154,-10.0,7729.7369295211465,0.0,7719.7369295211465,0,,7351.757
2025-09-26 00:00:00+00:00,54.37,55.01,57.52925,47.854073,1.547857,0.6153846153846154,-10.0,7867.027490045627,0.0,7857.027490045627,0,,7482.334
2025-09-29 00:00:00+00:00,55.18,55.23,57.38455,59.364723,1.4635713,0.5120643431635388,-10.0,7898.490505752588,0.0,7888.490505752588,0,,7512.2583
2025-09-30 00:00:00+00:00,55.16,55.28,57.2456,52.918774,1.377857,0.5120643431635388,-10.0,7905.640814468968,0.0,7895.640814468968,0,,7519.059
2025-10-01 00:00:00+00:00,55.47,56.28,57.1081,47.966335,1.26,0.7152601443965145,-10.0,8048.652048551432,0.0,8038.652048551432,0,,7655.077
2025-10-02 00:00:00+00:00,55.06,54.49,56.9816,50.401054,1.197143,0.6153846153846154,-10.0,7792.662921448152,0.0,7782.662921448152,0,,7411.606
2025-10-03 00:00:00+00:00,54.79,55.29,56.84595,40.756763,1.3349999,0.5120643431635388,-10.0,7907.071507482892,0.0,7897.071507482892,0,,7520.42
2025-10-06 00:00:00+00:00,55.3,54.8,56.71295,47.064884,1.3357141,0.6153846153846154,-10.0,7836.9960650399025,0.0,7826.9960650399025,0,,7453.771
2025-10-07 00:00:00+00:00,54.46,53.69,56.5811,48.004196,1.3299997,0.8080775805659427,-10.0,7678.253743919487,0.0,7668.253743919487,0,,7302.7915
2025-10-08 00:00:00+00:00,53.75,53.47,56.44705,40.878036,1.3878568,0.6153846153846154,-10.0,7646.791935617934,0.0,7636.791935617934,0,,7272.868
2025-10-09 00:00:00+00:00,53.86,53.07,56.3231,39.9043,1.4292853,0.5120643431635388,-10.0,7589.587357560672,0.0,7579.587357560672,0,,7218.461
2025-10-10 00:00:00+00:00,53.57,52.12,56.1988,38.090828,1.4599993,0.6153846153846154,-10.0,7453.727033515603,0.0,7443.727033515603,0,,7089.244
2025-10-13 00:00:00+00:00,52.16,53.65,56.061802,39.671818,1.4328567,0.6153846153846154,-10.0,7672.534222471178,0.0,7662.534222471178,0,,7297.352
2025-10-14 00:00:00+00:00,53.69,56.07,55.93145,42.18317,1.4371425,0.5120643431635388,-10.0,8018.620192193923,0.0,8008.620192193923,0,,7626.5146
2025-10-15 00:00:00+00:00,56.5,56.74,55.8105,53.98298,1.5707141,0.5120643431635388,-10.0,8114.438052492715,0.0,8104.438052492715,0,,7717.647
2025-10-16 00:00:00+00:00,57.32,56.72,55.69415,60.666145,1.5735713,0.5120643431635388,-10.0,8111.57769791169,0.0,8101.57769791169,0,,7714.927
2025-10-17 00:00:00+00:00,56.69,56.66,55.5788,57.32649,1.6164284,0.5120643431635388,-10.0,8102.996758083381,0.0,8092.996758083381,0,,7706.7656
2025-10-20 00:00:00+00:00,57.18,57.65,55.4637,56.21199,1.6142856,0.5120643431635388,-10.0,8244.577380020779,0.0,8234.577380020779,0,,7841.4233
2025-10-21 00:00:00+00:00,58.01,58.36,55.35275,59.51808,1.6192856,0.5120643431635388,-10.0,8346.114552064975,0.0,8336.114552064975,0,,7937.995
2025-10-22 00:00:00+00:00,58.3,58.08,55.2445,58.552635,1.6157142,0.5120643431635388,-10.0,8306.071925288317,0.0,8296.071925288317,0,,7899.9106
2025-10-23 00:00:00+00:00,58.72,57.27,55.1359,66.854454,1.4721432,0.5120643431635388,-10.0,8190.2329977166055,0.0,8180.2329977166055,0,,7789.7363
2025-10-24 00:00:00+00:00,57.49,57.81,55.03005,59.287045,1.5028574,0.6153846153846154,-10.0,8267.458524191008,0.0,8257.458524191008,0,,7863.1855
2025-10-27 00:00:00+00:00,57.04,56.91,54.9322,64.05229,1.4600004,0.5120643431635388,-10.0,8138.748610290484,0.0,8128.748610290484,0,,7740.7695
2025-10-28 00:00:00+00:00,56.63,56.05,54.86925,65.33333,1.3900005,0.5120643431635388,-10.0,8015.759376846333,0.0,8005.759376846333,0,,7623.794
2025-10-29 00:00:00+00:00,55.0,55.39,54.8245,61.579872,1.3642862,0.6153846153846154,-10.0,7921.372242312637,0.0,7911.372242312637,0,,7534.0225
2025-10-30 00:00:00+00:00,55.07,55.64,54.8151,60.17543,1.3850005,0.99,-10.0,7957.1253727293215,0.0,7947.1253727293215,0,,7568.0273
2025-10-31 00:00:00+00:00,55.45,55.38,54.80115,66.448586,1.3521432,0.6153846153846154,-10.0,7919.942641400641,0.0,7909.942641400641,0,,7532.6626
2025-11-03 00:00:00+00:00,55.16,54.39,54.77155,59.172848,1.2907145,0.9768558686779449,-10.0,7778.361740426153,0.0,7768.361740426153,0,,7398.0054
2025-11-04 00:00:00+00:00,54.61,55.7,54.7377,39.500008,1.2328573,0.6153846153846154,-10.0,7965.705786394111,0.0,7955.705786394111,0,,7576.1885
2025-11-05 00:00:00+00:00,56.2,56.78,54.7027,43.98148,1.2507144,0.5120643431635388,-10.0,8120.156919628944,0.0,8110.156919628944,0,,7723.087
2025-11-06 00:00:00+00:00,56.78,56.56,54.67545,50.309265,1.245,0.5120643431635388,-10.0,8088.695044166199,0.0,8078.695044166199,0,,7693.1636
2025-11-07 00:00:00+00:00,56.37,57.04,54.6668,49.49291,1.252857,0.5120643431635388,-10.0,8157.339830070391,0.0,8147.339830070391,0,,7758.4517
2025-11-10 00:00:00+00:00,57.15,57.34,54.6656,46.737965,1.2385714,0.5120643431635388,-10.0,8200.242499495746,0.0,8190.2424994957455,0,,7799.2563
2025-11-11 00:00:00+00:00,57.76,57.87,54.65795,44.2953,1.2199999,0.5120643431635388,-10.0,8276.038412558246,0.0,8266.038412558246,0,,7871.3457
2025-11-12 00:00:00+00:00,57.87,58.76,54.6586,48.857437,1.230714,0.5120643431635388,-10.0,8403.318170015329,0.0,8393.318170015329,0,,7992.402
2025-11-13 00:00:00+00:00,58.39,59.08,54.67185,58.03667,1.2035713,0.5120643431635388,-10.0,8449.082280971399,0.0,8439.082280971399,0,,8035.928
2025-11-14 00:00:00+00:00,59.03,58.71,54.68825,57.01658,1.2242857,0.5120643431635388,-10.0,8396.168047504778,0.0,8386.168047504778,0,,7985.6016
2025-11-17 00:00:00+00:00,58.06,57.76,54.7115,60.563374,1.1842855,0.5120643431635388,-10.0,8260.307716633171,0.0,8250.307716633171,0,,7856.3843
2025-11-18 00:00:00+00:00,57.94,58.42,54.7303,59.93031,1.2314284,0.5120643431635388,-10.0,8354.694684716844,0.0,8344.694684716844,0,,7946.1562
2025-11-19 00:00:00+00:00,58.6,57.5,54.7602,67.59581,1.1942855,0.5120643431635388,-10.0,8223.124752419395,0.0,8213.124752419395,0,,7821.02
2025-11-20 00:00:00+00:00,58.03,58.08,54.7891,60.021557,1.2621428,0.5120643431635388,-10.0,8306.071520709285,0.0,8296.071520709285,0,,7899.9106
2025-11-21 00:00:00+00:00,58.72,58.58,54.8173,64.0625,1.3471426,0.5120643431635388,-10.0,8377.576979176238,0.0,8367.576979176238,0,,7967.92
2025-11-24 00:00:00+00:00,59.0,59.18,54.85445,72.99672,1.3378569,0.5120643431635388,-10.0,8463.382995677885,0.0,8453.382995677885,0,,8049.53
2025-11-25 00:00:00+00:00,59.45,58.5,54.8999,70.71429,1.3321425,0.5120643431635388,-10.0,8366.135805180082,0.0,8356.135805180082,0,,7957.0376
2025-11-26 00:00:00+00:00,59.09,59.11,54.94155,60.750008,1.3228569,0.5120643431635388,-10.0,8453.372479609845,0.0,8443.372479609845,0,,8040.009
2025-11-28 00:00:00+00:00,59.29,58.89,54.98305,65.196655,1.3478571,0.5120643431635388,-10.0,8421.909933157307,0.0,8411.909933157307,0,,8010.0845
2025-12-01 00:00:00+00:00,58.85,58.13,55.0141,61.377598,1.3335713,0.5120643431635388,-10.0,8313.222159745586,0.0,8303.222159745586,0,,7906.712
2025-12-02 00:00:00+00:00,58.47,57.14,55.04715,54.598373,1.3521426,0.5120643431635388,-10.0,8171.64104356373,0.0,8161.64104356373,0,,7772.054
2025-12-03 00:00:00+00:00,57.35,57.3,55.08255,45.966858,1.3871428,0.5120643431635388,-10.0,8194.522512869755,0.0,8184.522512869755,0,,7793.817
2025-12-04 00:00:00+00:00,57.35,57.55,55.11255,41.225975,1.3814284,0.5120643431635388,-10.0,8230.27570624475,0.0,8220.27570624475,0,,7827.822
2025-12-05 00:00:00+00:00,57.59,58.09,55.1382,40.72726,1.412857,0.5120643431635388,-10.0,8307.502042412794,0.0,8297.502042412794,0,,7901.272
2025-12-08 00:00:00+00:00,58.31,56.03,55.16915,46.3183,1.4185715,0.5120643431635388,-10.0,8012.899242988276,0.0,8002.899242988276,0,,7621.0747
2025-12-09 00:00:00+00:00,56.25,56.63,55.18845,40.923405,1.4628574,0.5120643431635388,-10.0,8098.705939283732,0.0,8088.705939283732,0,,7702.6855
2025-12-10 00:00:00+00:00,56.59,57.49,55.21045,40.54912,1.4321433,0.6153846153846154,-10.0,8221.695396773846,0.0,8211.695396773846,0,,7819.661
2025-12-11 00:00:00+00:00,57.71,57.93,55.2371,49.946873,1.374286,0.5120643431635388,-10.0,8284.619935369961,0.0,8274.619935369961,0,,7879.509
2025-12-12 00:00:00+00:00,58.62,58.31,55.2637,49.19093,1.3021431,0.6153846153846154,-10.0,8338.96381418319,0.0,8328.96381418319,0,,7931.1953
2025-12-15 00:00:00+00:00,58.86,59.09,55.29855,48.52459,1.2721432,0.6153846153846154,-10.0,8450.511738167374,0.0,8440.511738167374,0,,8037.2886
2025-12-16 00:00:00+00:00,59.26,58.32,55.3218,49.517685,1.2528574,0.5120643431635388,-10.0,8340.393070192596,0.0,8330.393070192596,0,,7932.555
2025-12-17 00:00:00+00:00,58.4,59.54,55.33705,49.044586,1.2607147,0.5120643431635388,-10.0,8514.866457999433,0.0,8504.866457999433,0,,8098.4966
2025-12-18 00:00:00+00:00,59.64,60.17,55.36065,52.14357,1.286429,0.5120643431635388,-10.0,8604.962400831906,0.0,8594.962400831906,0,,8184.1875
2025-12-19 00:00:00+00:00,60.04,60.1,55.38555,56.13026,1.2842859,0.5120643431635388,-10.0,8594.951702028276,0.0,8584.951702028276,0,,8174.666
2025-12-22 00:00:00+00:00,60.1,60.63,55.41065,60.102547,1.242143,0.5120643431635388,-10.0,8670.747370047242,0.0,8660.747370047242,0,,8246.756
2025-12-23 00:00:00+00:00,60.32,60.06,55.4318,68.78364,1.2228574,0.5120643431635388,-10.0,8589.23140396351,0.0,8579.23140396351,0,,8169.2256
2025-12-24 00:00:00+00:00,60.32,60.1,55.44715,64.22681,1.1871431,0.5120643431635388,-10.0,8594.950999708422,0.0,8584.950999708422,0,,8174.6655
2025-12-26 00:00:00+00:00,60.18,59.51,55.46735,63.43519,1.125,0.5120643431635388,-10.0,8510.57432961286,0.0,8500.57432961286,0,,8094.415
2025-12-29 00:00:00+00:00,59.6,60.1,55.4875,57.442337,1.1407144,0.6153846153846154,-10.0,8594.950537831306,0.0,8584.950537831306,0,,8174.6655
2025-12-30 00:00:00+00:00,60.26,60.35,55.50885,75.21685,1.0328573,0.5120643431635388,-10.0,8630.702858605753,0.0,8620.702858605753,0,,8208.669
2025-12-31 00:00:00+00:00,60.36,60.02,55.5256,74.093254,0.9985717,0.5120643431635388,-10.0,8583.509566849503,0.0,8573.509566849503,0,,8163.7837
2026-01-02 00:00:00+00:00,60.37,60.93,55.5309,67.59389,0.96071464,0.5120643431635388,-10.0,8713.649592972997,0.0,8703.649592972997,0,,8287.56
2026-01-05 00:00:00+00:00,60.83,60.62,55.54205,69.58225,1.004286,0.5120643431635388,-10.0,8669.315829298728,0.0,8659.315829298728,0,,8245.394
2026-01-06 00:00:00+00:00,60.42,60.51,55.55265,65.217384,1.0500003,0.5120643431635388,-10.0,8653.584455803437,0.0,8643.584455803437,0,,8230.432
2026-01-07 00:00:00+00:00,59.74,58.46,55.5606,60.260105,1.0471433,0.6153846153846154,-10.0,8360.412402178205,0.0,8350.412402178205,0,,7951.595
2026-01-08 00:00:00+00:00,58.22,59.61,55.56205,50.853657,1.0900004,0.5120643431635388,-10.0,8524.8747508027,0.0,8514.8747508027,0,,8108.0156
2026-01-09 00:00:00+00:00,59.97,60.99,55.56715,50.430504,1.0800005,0.6153846153846154,-10.0,8722.229386590412,0.0,8712.229386590412,0,,8295.72
2026-01-12 00:00:00+00:00,60.73,59.99,55.58585,54.617138,1.1535721,0.5120643431635388,-10.0,8579.21879520906,0.0,8569.21879520906,0,,8159.7026
2026-01-13 00:00:00+00:00,60.0,60.68,55.5969,49.439365,1.2157152,0.5120643431635388,-10.0,8677.896183096986,0.0,8667.896183096986,0,,8253.555
2026-01-14 00:00:00+00:00,60.71,61.62,55.61385,50.250748,1.2121435,0.6153846153846154,-10.0,8812.326583360924,0.0,8802.326583360924,0,,8381.411
2026-01-15 00:00:00+00:00,61.6,61.52,55.63105,57.54351,1.2657149,0.5120643431635388,-10.0,8798.025974513866,0.0,8788.025974513866,0,,8367.811
2026-01-16 00:00:00+00:00,61.25,62.39,55.64405,56.826935,1.2800007,0.5120643431635388,-10.0,8922.444832008532,0.0,8912.444832008532,0,,8486.1455
2026-01-20 00:00:00+00:00,61.17,59.91,55.66225,63.483154,1.3171433,0.5120643431635388,-10.0,8567.77782862743,0.0,8557.77782862743,0,,8148.821
2026-01-21 00:00:00+00:00,60.74,60.42,55.6622,49.244236,1.4321431,0.5120643431635388,-10.0,8640.713053964253,0.0,8630.713053964253,0,,8218.189
2026-01-22 00:00:00+00:00,60.95,60.74,55.6724,50.272797,1.4985716,0.5120643431635388,-10.0,8686.477290447181,0.0,8676.477290447181,0,,8261.716
2026-01-23 00:00:00+00:00,61.0,60.77,55.70235,52.808117,1.5507145,0.6153846153846154,-10.0,8690.767403349622,0.0,8680.767403349622,0,,8265.796
2026-01-26 00:00:00+00:00,61.32,61.64,55.7381,49.329983,1.4978575,0.5120643431635388,-10.0,8815.186178165475,0.0,8805.186178165475,0,,8384.131
2026-01-27 00:00:00+00:00,61.65,62.63,55.7838,54.08,1.4621432,0.5120643431635388,-10.0,8956.767479113647,0.0,8946.767479113647,0,,8518.789
2026-01-28 00:00:00+00:00,62.49,62.25,55.81665,57.922283,1.4614288,0.5120643431635388,-10.0,8902.423231011406,0.0,8892.423231011406,0,,8467.103
2026-01-29 00:00:00+00:00,62.82,62.17,55.8509,66.182755,1.3942858,0.5120643431635388,-10.0,8890.981878065419,0.0,8880.981878065419,0,,8456.221
2026-01-30 00:00:00+00:00,62.16,62.28,55.88125,62.030064,1.3814284,0.5120643431635388,-10.0,8906.712730315785,0.0,8896.712730315785,0,,8471.182
2026-02-02 00:00:00+00:00,62.13,60.75,55.90655,56.883656,1.3549995,0.5120643431635388,-10.0,8687.906225184734,0.0,8677.906225184734,0,,8263.075
2026-02-03 00:00:00+00:00,60.76,61.48,55.9258,53.838375,1.3757136,0.5120643431635388,-10.0,8792.303717045701,0.0,8782.303717045701,0,,8362.367
2026-02-04 00:00:00+00:00,62.01,63.46,55.95155,54.024143,1.3799994,0.5120643431635388,-10.0,9075.464972428843,0.0,9065.464972428843,0,,8631.682
2026-02-05 00:00:00+00:00,63.63,63.71,55.9819,58.378872,1.4542853,0.5120643431635388,-10.0,9111.21785192254,0.0,9101.21785192254,0,,8665.687
2026-02-06 00:00:00+00:00,64.22,64.01,56.0214,59.83827,1.4814279,0.5120643431635388,-10.0,9154.121539443615,0.0,9144.121539443615,0,,8706.492
2026-02-09 00:00:00+00:00,63.71,63.79,56.05235,57.670464,1.4792851,0.5120643431635388,-10.0,9122.658982704228,0.0,9112.658982704228,0,,8676.568
2026-02-10 00:00:00+00:00,64.0,65.46,56.0805,73.37348,1.367142,0.5120643431635388,-10.0,9361.487196139718,0.0,9351.487196139718,0,,8903.718
2026-02-11 00:00:00+00:00,65.73,67.06,56.1168,76.638466,1.4157132,0.5120643431635388,-10.0,9590.304731983817,0.0,9580.304731983817,0,,9121.347
2026-02-12 00:00:00+00:00,67.26,69.08,56.1623,79.42269,1.4464275,0.5120643431635388,-10.0,9879.187720818356,0.0,9869.187720818356,0,,9396.103
2026-02-13 00:00:00+00:00,68.29,71.46,56.21595,82.63942,1.5521418,0.5120643431635388,-10.0,10219.553359835156,0.0,10209.553359835156,0,,9719.825
2026-02-17 00:00:00+00:00,72.34,71.42,56.2796,84.48032,1.7021419,0.5120643431635388,-10.0,10213.83299326169,0.0,10203.83299326169,0,,9714.384
2026-02-18 00:00:00+00:00,71.63,69.7,56.36915,83.069954,1.7285703,0.5120643431635388,-10.0,9967.854283925803,0.0,9957.854283925803,0,,9480.434
2026-02-19 00:00:00+00:00,71.0,72.66,56.44485,75.461365,1.8114278,0.5120643431635388,-10.0,10391.167450690948,0.0,10381.167450690948,0,,9883.047
2026-02-20 00:00:00+00:00,73.03,73.74,56.53375,79.95431,1.9657137,0.5120643431635388,-10.0,10545.617713903795,0.0,10535.617713903795,0,,10029.944
2026-02-23 00:00:00+00:00,73.69,74.65,56.6278,81.006485,1.9942856,0.5120643431635388,-10.0,10675.757647890583,0.0,10665.757647890583,0,,10153.721
2026-02-24 00:00:00+00:00,74.7,75.24,56.7269,88.91376,1.982857,0.5120643431635388,-10.0,10760.133036071495,0.0,10750.133036071495,0,,10233.97
2026-02-25 00:00:00+00:00,75.07,75.2,56.82435,88.82617,2.003571,0.5120643431635388,-10.0,10754.412159217924,0.0,10744.412159217924,0,,10228.529
2026-02-26 00:00:00+00:00,74.92,74.37,56.9197,87.19897,1.9621421,0.5120643431635388,-10.0,10635.713874427476,0.0,10625.713874427476,0,,10115.636
2026-02-27 00:00:00+00:00,74.61,74.74,57.0106,82.579475,1.9892848,0.5120643431635388,-10.0,10688.627407022557,0.0,10678.627407022557,0,,10165.962
2026-03-02 00:00:00+00:00,74.54,74.42,57.1015,82.65369,1.9621421,0.5120643431635388,-10.0,10642.863825990922,0.0,10632.863825990922,0,,10122.437
2026-03-03 00:00:00+00:00,73.03,73.86,57.1927,82.15367,1.9657135,0.5120643431635388,-10.0,10562.777893582586,0.0,10552.777893582586,0,,10046.267
2026-03-04 00:00:00+00:00,74.23,73.89,57.2801,77.23737,2.0007133,0.5120643431635388,-10.0,10567.067924095805,0.0,10557.067924095805,0,,10050.347
2026-03-05 00:00:00+00:00,72.63,71.22,57.36155,74.65707,1.9442847,0.5120643431635388,-10.0,10185.2292551908,0.0,10175.2292551908,0,,9687.18
2026-03-06 00:00:00+00:00,70.82,71.76,57.4245,57.379314,2.012856,0.5120643431635388,-10.0,10262.455574688283,0.0,10252.455574688283,0,,9760.63
2026-03-09 00:00:00+00:00,71.38,70.73,57.4933,51.18485,1.9199988,0.5120643431635388,-10.0,10115.154501200246,0.0,10105.154501200246,0,,9620.532
2026-03-10 00:00:00+00:00,70.53,71.08,57.5554,47.472546,2.0321422,0.5120643431635388,-10.0,10165.208105248119,0.0,10155.208105248119,0,,9668.138
2026-03-11 00:00:00+00:00,71.07,71.53,57.6261,55.61892,2.017142,0.5120643431635388,-10.0,10229.56249000962,0.0,10219.56249000962,0,,9729.346
2026-03-12 00:00:00+00:00,70.99,70.96,57.70265,44.21695,1.854999,0.5120643431635388,-10.0,10148.046541927748,0.0,10138.046541927748,0,,9651.815
2026-03-13 00:00:00+00:00,72.05,71.73,57.77425,34.989174,1.8292847,0.5120643431635388,-10.0,10258.165674037873,0.0,10248.165674037873,0,,9756.55
2026-03-16 00:00:00+00:00,72.5,72.97,57.8474,33.991203,1.8199991,0.5120643431635388,-10.0,10435.498747302821,0.0,10425.498747302821,0,,9925.211
2026-03-17 00:00:00+00:00,73.9,72.92,57.9367,38.3828,1.8242853,0.5120643431635388,-10.0,10428.347565062708,0.0,10418.347565062708,0,,9918.409
2026-03-18 00:00:00+00:00,72.28,72.66,58.0219,38.343544,1.7842859,0.5120643431635388,-10.0,10391.165393539466,0.0,10381.165393539466,0,,9883.046
2026-03-19 00:00:00+00:00,72.38,71.89,58.10695,40.716602,1.7421439,0.5120643431635388,-10.0,10281.04659552322,0.0,10271.04659552322,0,,9778.312
2026-03-20 00:00:00+00:00,72.2,69.75,58.18925,35.17169,1.7678577,0.5120643431635388,-10.0,9975.003566114192,0.0,9965.003566114192,0,,9487.233
2026-03-23 00:00:00+00:00,71.63,70.67,58.258,29.571299,1.942858,0.5120643431635388,-10.0,10106.572983778327,0.0,10096.572983778327,0,,9612.369
2026-03-24 00:00:00+00:00,70.23,71.28,58.33955,36.47157,1.8971437,0.5120643431635388,-10.0,10193.809952845117,0.0,10183.809952845117,0,,9695.341
2026-03-25 00:00:00+00:00,71.91,71.19,58.42775,39.450275,1.9535724,0.5120643431635388,-10.0,10180.939803088377,0.0,10170.939803088377,0,,9683.1
2026-03-26 00:00:00+00:00,70.53,70.77,58.5149,49.84679,1.770001,0.5120643431635388,-10.0,10120.874427307956,0.0,10110.874427307956,0,,9625.972
2026-03-27 00:00:00+00:00,70.83,70.3,58.62165,44.881046,1.7014296,0.5120643431635388,-10.0,10053.660186954214,0.0,10043.660186954214,0,,9562.044
2026-03-30 00:00:00+00:00,71.5,71.84,58.72095,47.639954,1.5950006,0.5120643431635388,-10.0,10273.895850560726,0.0,10263.895850560726,0,,9771.51
2026-03-31 00:00:00+00:00,72.64,73.18,58.8321,53.689297,1.6178572,0.5120643431635388,-10.0,10465.530292155969,0.0,10455.530292155969,0,,9953.773
2026-04-01 00:00:00+00:00,73.2,73.58,58.94615,57.372665,1.6478577,0.5120643431635388,-10.0,10522.7347168896,0.0,10512.7347168896,0,,10008.182
2026-04-02 00:00:00+00:00,73.48,73.46,59.07245,61.887493,1.6378577,0.5120643431635388,-10.0,10505.573164739139,0.0,10495.573164739139,0,,9991.859
2026-04-06 00:00:00+00:00,72.77,73.59,59.198,58.341354,1.6185716,0.5120643431635388,-10.0,10524.164477341963,0.0,10514.164477341963,0,,10009.542
2026-04-07 00:00:00+00:00,72.2,72.61,59.31995,53.34771,1.5757147,0.5120643431635388,-10.0,10384.014295341762,0.0,10374.014295341762,0,,9876.245
2026-04-08 00:00:00+00:00,72.97,74.35,59.4307,48.478912,1.6121428,0.5120643431635388,-10.0,10632.852354965467,0.0,10622.852354965467,0,,10112.915
2026-04-09 00:00:00+00:00,74.19,75.82,59.5542,57.240772,1.6878569,0.5120643431635388,-10.0,10843.078067560506,0.0,10833.078067560506,0,,10312.861
2026-04-10 00:00:00+00:00,75.81,75.72,59.6825,65.88522,1.7507144,0.5120643431635388,-10.0,10828.777435775059,0.0,10818.777435775059,0,,10299.26
2026-04-13 00:00:00+00:00,75.45,72.39,59.80415,78.89646,1.5478575,0.5120643431635388,-10.0,10352.55101416088,0.0,10342.55101416088,0,,9846.32
2026-04-14 00:00:00+00:00,72.06,72.37,59.91405,56.7504,1.711429,0.5120643431635388,-10.0,10349.691557538301,0.0,10339.691557538301,0,,9843.601
2026-04-15 00:00:00+00:00,72.41,71.35,60.02185,54.48562,1.6821431,0.5120643431635388,-10.0,10203.819971050401,0.0,10193.819971050401,0,,9704.861
2026-04-16 00:00:00+00:00,71.47,71.6,60.12375,50.611607,1.7228578,0.5120643431635388,-10.0,10239.572109735283,0.0,10229.572109735283,0,,9738.865
2026-04-17 00:00:00+00:00,71.04,70.75,60.22375,53.214573,1.725715,0.5120643431635388,-10.0,10118.012858387021,0.0,10108.012858387021,0,,9623.25
2026-04-20 00:00:00+00:00,69.97,70.58,60.3131,51.692993,1.7392862,0.5120643431635388,-10.0,10093.701474761318,0.0,10083.701474761318,0,,9600.128
2026-04-21 00:00:00+00:00,70.78,69.73,60.4032,44.714787,1.6792864,0.5120643431635388,-10.0,9972.142433662124,0.0,9962.142433662124,0,,9484.513
2026-04-22 00:00:00+00:00,70.72,69.38,60.4891,34.90814,1.6800003,0.5120643431635388,-10.0,9922.087999206278,0.0,9912.087999206278,0,,9436.906
2026-04-23 00:00:00+00:00,70.33,70.34,60.58345,31.546549,1.7307146,0.5120643431635388,-10.0,10059.37854827519,0.0,10049.37854827519,0,,9567.483
2026-04-24 00:00:00+00:00,69.79,68.86,60.68145,37.234024,1.7614294,0.5120643431635388,-10.0,9847.723002702147,0.0,9837.723002702147,0,,9366.178
2026-04-27 00:00:00+00:00,69.2,68.57,60.7726,32.571854,1.8057147,0.5120643431635388,-10.0,9806.249461191926,0.0,9796.249461191926,0,,9326.731
2026-04-28 00:00:00+00:00,69.25,67.94,60.859,34.316765,1.7885721,0.5120643431635388,-10.0,9716.153183555845,0.0,9706.153183555845,0,,9241.041
2026-04-29 00:00:00+00:00,66.57,67.94,60.9434,22.769762,1.759286,0.5120643431635388,-10.0,9716.153183555845,0.0,9706.153183555845,0,,9241.041
2026-04-30 00:00:00+00:00,68.14,69.49,61.0283,11.747569,1.7571428,0.5120643431635388,-10.0,9937.819004645082,0.0,9927.819004645082,0,,9451.867
2026-05-01 00:00:00+00:00,69.51,69.88,61.12365,23.48933,1.8614279,0.5120643431635388,-10.0,9993.592570523913,0.0,9983.592570523913,0,,9504.914
2026-05-04 00:00:00+00:00,69.33,69.0,61.21835,35.754795,1.6478566,0.5120643431635388,-10.0,9867.743545850366,0.0,9857.743545850366,0,,9385.219
2026-05-05 00:00:00+00:00,69.09,68.87,61.3067,32.574944,1.6949997,0.5120643431635388,-10.0,9849.152290558619,0.0,9839.152290558619,0,,9367.536
2026-05-06 00:00:00+00:00,69.34,68.8,61.39535,35.87699,1.6764281,0.5120643431635388,-10.0,9839.141824885493,0.0,9829.141824885493,0,,9358.015
2026-05-07 00:00:00+00:00,68.33,68.57,61.48475,33.720924,1.6749992,0.5120643431635388,-10.0,9806.2491240028,0.0,9796.2491240028,0,,9326.731
2026-05-08 00:00:00+00:00,69.35,68.95,61.56745,36.340828,1.6649998,0.5120643431635388,-10.0,9860.593409643116,0.0,9850.593409643116,0,,9378.418
2026-05-11 00:00:00+00:00,69.62,70.58,61.6507,40.048794,1.6257144,0.5120643431635388,-10.0,10093.701724999648,0.0,10083.701724999648,0,,9600.127
2026-05-12 00:00:00+00:00,70.79,71.27,61.7465,54.73801,1.6464293,0.5120643431635388,-10.0,10192.378918052866,0.0,10182.378918052866,0,,9693.9795
2026-05-13 00:00:00+00:00,71.21,70.62,61.8381,60.15039,1.6192862,0.5120643431635388,-10.0,10099.422727310004,0.0,10089.422727310004,0,,9605.568
2026-05-14 00:00:00+00:00,70.93,70.73,61.92985,51.555595,1.5835713,0.5120643431635388,-10.0,10115.153472787088,0.0,10105.153472787088,0,,9620.529
2026-05-15 00:00:00+00:00,70.34,69.16,62.02125,62.254307,1.5435715,0.5120643431635388,-10.0,9890.626725975622,0.0,9880.626725975622,0,,9406.982
2026-05-18 00:00:00+00:00,69.39,68.44,62.1086,53.310917,1.5800002,0.5120643431635388,-10.0,9787.658709994166,0.0,9777.658709994166,0,,9309.049
2026-05-19 00:00:00+00:00,68.24,70.68,62.1902,52.777782,1.8314291,0.5120643431635388,-10.0,10108.002782510577,0.0,10098.002782510577,0,,9613.729
2026-05-20 00:00:00+00:00,71.22,69.74,62.27795,62.18862,1.8785727,0.5120643431635388,-10.0,9973.572353954776,0.0,9963.572353954776,0,,9485.872
2026-05-21 00:00:00+00:00,69.7,70.32,62.35055,51.17592,1.8400018,0.5120643431635388,-10.0,10056.518925695123,0.0,10046.518925695123,0,,9564.762
2026-05-22 00:00:00+00:00,70.82,71.18,62.42575,52.033283,1.8742877,0.5120643431635388,-10.0,10179.508143108309,0.0,10169.508143108309,0,,9681.737
2026-05-26 00:00:00+00:00,71.63,71.24,62.5071,60.092598,1.8235735,0.5120643431635388,-10.0,10188.088744571618,0.0,10178.088744571618,0,,9689.898
2026-05-27 00:00:00+00:00,71.2,71.66,62.5886,61.043785,1.818573,0.5120643431635388,-10.0,10248.153789564964,0.0,10238.153789564964,0,,9747.026
2026-05-28 00:00:00+00:00,71.66,70.28,62.67805,62.90614,1.818573,0.5120643431635388,-10.0,10050.798280291521,0.0,10040.798280291521,0,,9559.321
2026-05-29 00:00:00+00:00,70.53,69.94,62.7532,56.991,1.8171442,0.5120643431635388,-10.0,10002.175016955007,0.0,9992.175016955007,0,,9513.076
2026-06-01 00:00:00+00:00,69.0,69.09,62.8231,54.060726,1.8600012,0.5120643431635388,-10.0,9880.614712435048,0.0,9870.614712435048,0,,9397.46
2026-06-02 00:00:00+00:00,69.56,70.92,62.88715,43.47062,1.7978581,0.5120643431635388,-10.0,10142.324839260697,0.0,10132.324839260697,0,,9646.372
2026-06-03 00:00:00+00:00,70.97,70.86,62.96165,48.605583,1.8364302,0.5120643431635388,-10.0,10133.744749665162,0.0,10123.744749665162,0,,9638.212
2026-06-04 00:00:00+00:00,71.36,71.81,63.03845,51.003334,1.8885733,0.5120643431635388,-10.0,10269.604159925075,0.0,10259.604159925075,0,,9767.428
2026-06-05 00:00:00+00:00,72.0,73.33,63.11935,54.218723,1.9071443,0.5120643431635388,-10.0,10486.981280639813,0.0,10476.981280639813,0,,9974.175
2026-06-08 00:00:00+00:00,73.33,70.84,63.20425,66.35291,1.8971443,0.5120643431635388,-10.0,10130.88356062669,0.0,10120.88356062669,0,,9635.49
2026-06-09 00:00:00+00:00,71.3,71.26,63.27865,58.26443,1.7328584,0.5120643431635388,-10.0,10190.949500621899,0.0,10180.949500621899,0,,9692.619
2026-06-10 00:00:00+00:00,71.89,71.5,63.3659,52.283466,1.587858,0.5120643431635388,-10.0,10225.271608090929,0.0,10215.271608090929,0,,9725.263
2026-06-11 00:00:00+00:00,72.0,72.34,63.4454,57.33333,1.5400003,0.5120643431635388,-10.0,10345.400089747118,0.0,10335.400089747118,0,,9839.517
2026-06-12 00:00:00+00:00,72.55,72.95,63.5346,58.238148,1.5257143,0.5120643431635388,-10.0,10432.636520481317,0.0,10422.636520481317,0,,9922.487
2026-06-15 00:00:00+00:00,72.19,72.14,63.62475,57.368835,1.5092856,0.5120643431635388,-10.0,10316.798249446489,0.0,10306.798249446489,0,,9812.313
2026-06-16 00:00:00+00:00,72.17,72.06,63.70855,53.526646,1.5092856,0.5120643431635388,-10.0,10305.356878707196,0.0,10295.356878707196,0,,9801.432
2026-06-17 00:00:00+00:00,71.8,70.9,63.79525,51.61028,1.5092856,0.5120643431635388,-10.0,10139.464697688607,0.0,10129.464697688607,0,,9643.651
2026-06-18 00:00:00+00:00,70.87,71.89,63.8691,52.540993,1.5221426,0.5120643431635388,-10.0,10281.045508048843,0.0,10271.045508048843,0,,9778.31
2026-06-22 00:00:00+00:00,71.82,72.2,63.9496,57.587532,1.5264282,0.5120643431635388,-10.0,10325.378996890215,0.0,10315.378996890215,0,,9820.475
2026-06-23 00:00:00+00:00,71.88,72.94,64.03385,62.63201,1.5128566,0.5120643431635388,-10.0,10431.207691638452,0.0,10421.207691638452,0,,9921.129
2026-06-24 00:00:00+00:00,73.09,74.22,64.1252,59.0018,1.4742845,0.5120643431635388,-10.0,10614.261620619089,0.0,10604.261620619089,0,,10095.231
2026-06-25 00:00:00+00:00,74.62,74.75,64.22405,63.50482,1.435713,0.5120643431635388,-10.0,10690.05673461158,0.0,10680.05673461158,0,,10167.319
2026-06-26 00:00:00+00:00,75.13,75.67,64.3313,62.22962,1.4349992,0.5120643431635388,-10.0,10821.626146069148,0.0,10811.626146069148,0,,10292.455
2026-06-29 00:00:00+00:00,75.63,75.46,64.4358,60.24517,1.3664273,0.5120643431635388,-10.0,10791.59405293993,0.0,10781.59405293993,0,,10263.892
2026-06-30 00:00:00+00:00,75.16,74.45,64.53525,75.27356,1.2214273,0.5120643431635388,-10.0,10647.153092404405,0.0,10637.153092404405,0,,10126.514
2026-07-01 00:00:00+00:00,74.1,73.5,64.626396,66.39259,1.2664272,0.5120643431635388,-10.0,10511.293055722812,0.0,10501.293055722812,0,,9997.297
2026-07-02 00:00:00+00:00,74.4,75.66,64.7129,59.578556,1.291427,0.5120643431635388,-10.0,10820.197166866872,0.0,10810.197166866872,0,,10291.096
2026-07-06 00:00:00+00:00,75.7,74.84,64.8119,64.115685,1.3507129,0.5120643431635388,-10.0,10702.927526227702,0.0,10692.927526227702,0,,10179.561
2026-07-07 00:00:00+00:00,73.96,75.74,64.9102,57.894733,1.4164276,0.5120643431635388,-10.0,10831.63787077096,0.0,10821.63787077096,0,,10301.977
2026-07-08 00:00:00+00:00,75.98,74.78,65.0111,64.92536,1.504285,0.5120643431635388,-10.0,10694.347643761934,0.0,10684.347643761934,0,,10171.399
2026-07-09 00:00:00+00:00,75.09,74.64,65.1071,60.510048,1.5164282,0.5120643431635388,-10.0,10674.326517185098,0.0,10664.326517185098,0,,10152.356
2026-07-10 00:00:00+00:00,75.11,75.2,65.2021,65.687904,1.4799995,0.5120643431635388,-10.0,10754.412520490067,0.0,10744.412520490067,0,,10228.526
2026-07-13 00:00:00+00:00,75.4,75.97,65.3068,64.40381,1.4264281,0.5120643431635388,-10.0,10864.530851092113,0.0,10854.530851092113,0,,10333.261
2026-07-14 00:00:00+00:00,77.07,76.58,65.40995,65.77406,1.5035706,0.5120643431635388,-10.0,10951.767176833662,0.0,10941.767176833662,0,,10416.231
2026-07-15 00:00:00+00:00,76.28,76.68,65.51765,65.39762,1.5335704,0.5120643431635388,-10.0,10966.06819765321,0.0,10956.06819765321,0,,10429.833
2026-07-16 00:00:00+00:00,76.46,78.05,65.6308,61.56014,1.5335704,0.5120643431635388,-10.0,11161.993370354483,0.0,11151.993370354483,0,,10616.178
2026-07-17 00:00:00+00:00,79.21,77.63,65.746,64.372826,1.5764275,0.5120643431635388,-10.0,11101.92815539496,0.0,11091.92815539496,0,,10559.05
2026-07-20 00:00:00+00:00,77.84,77.25,65.858,58.9253,1.6928558,0.5120643431635388,-10.0,11047.584529620955,0.0,11037.584529620955,0,,10507.363
2026-07-21 00:00:00+00:00,77.27,78.17,65.96785,58.026897,1.7349985,0.5120643431635388,-10.0,11179.154253377594,0.0,11169.154253377594,0,,10632.499
2026-07-22 00:00:00+00:00,79.01,80.38,66.0773,66.817345,1.7564272,0.5120643431635388,-10.0,11495.207670432132,0.0,11485.207670432132,0,,10933.098
2026-07-23 00:00:00+00:00,79.6,79.64,66.20675,77.922035,1.8614279,0.5120643431635388,-10.0,11389.380082545285,0.0,11379.380082545285,0,,10832.444
2026-07-24 00:00:00+00:00,79.96,79.75,66.3285,68.25684,1.8328569,0.5120643431635388,-10.0,11405.111983120023,0.0,11395.111983120023,0,,10847.407
2026-07-27 00:00:00+00:00,79.23,78.64,66.45325,74.09226,1.7864282,0.5120643431635388,-10.0,11246.369715056819,0.0,11236.369715056819,0,,10696.428
2026-07-28 00:00:00+00:00,79.12,79.79,66.578,63.942314,1.7228568,0.5120643431635388,-10.0,11410.83259920702,0.0,11400.83259920702,0,,10852.849
2026-07-29 00:00:00+00:00,80.28,78.63,66.7096,73.65439,1.8328569,0.5120643431635388,-10.0,11244.939307369734,0.0,11234.939307369734,0,,10695.067
2026-07-30 00:00:00+00:00,78.5,78.73,66.8374,67.18344,1.8857144,0.5120643431635388,-10.0,11259.241114948574,0.0,11249.241114948574,0,,10708.671
2026-07-31 00:00:00+00:00,75.94,73.37,66.97045,65.829605,2.0364287,0.5120643431635388,-10.0,10492.703165091998,0.0,10482.703165091998,0,,9979.616
2026-08-03 00:00:00+00:00,73.78,71.46,67.06905,41.7408,2.293572,0.5120643431635388,-10.0,10219.551792095224,0.0,10209.551792095224,0,,9719.821
2026-08-04 00:00:00+00:00,71.08,70.69,67.145996,34.976532,2.3557155,0.5120643431635388,-10.0,10109.433991032676,0.0,10099.433991032676,0,,9615.088
2026-08-05 00:00:00+00:00,69.26,68.32,67.21575,33.08867,2.3978589,0.5120643431635388,-10.0,9770.497842243389,0.0,9760.497842243389,0,,9292.726
2026-08-06 00:00:00+00:00,69.1,67.23,67.27375,23.997873,2.5614302,0.5120643431635388,-10.0,9614.61681785665,0.0,9604.61681785665,0,,9144.467
2026-08-07 00:00:00+00:00,67.29,68.62,67.3266,23.168238,2.5500026,0.5120643431635388,-10.0,9813.401919871025,0.0,9803.401919871025,0,,9333.532
2026-08-10 00:00:00+00:00,68.08,67.83,67.38145,28.837679,2.589288,0.6153846153846154,-10.0,9700.423199550263,0.0,9690.423199550263,0,,9226.078
2026-08-11 00:00:00+00:00,67.83,69.89,67.4288,24.481758,2.5342882,0.5120643431635388,-10.0,9995.025023257345,0.0,9985.025023257345,0,,9506.273
2026-08-12 00:00:00+00:00,69.62,69.4,67.48785,23.918465,2.516431,0.5120643431635388,-10.0,9924.949939384034,0.0,9914.949939384034,0,,9439.625
2026-08-13 00:00:00+00:00,69.78,70.68,67.5485,24.219553,2.5064304,0.5120643431635388,-10.0,10108.003957967525,0.0,10098.003957967525,0,,9613.728
2026-08-14 00:00:00+00:00,70.52,71.41,67.61285,28.435575,2.5707164,0.5120643431635388,-10.0,10212.40238294081,0.0,10202.40238294081,0,,9713.021
2026-08-17 00:00:00+00:00,71.09,71.3,67.68535,32.493965,2.5364304,0.5120643431635388,-10.0,10196.670969148157,0.0,10186.670969148157,0,,9698.06
2026-08-18 00:00:00+00:00,72.5,73.69,67.7616,28.352896,2.4607158,0.5120643431635388,-10.0,10538.466856277917,0.0,10528.466856277917,0,,10023.143
2026-08-19 00:00:00+00:00,74.32,73.44,67.8531,38.147808,2.5314298,0.5120643431635388,-10.0,10502.714294200536,0.0,10492.714294200536,0,,9989.138
2026-08-20 00:00:00+00:00,73.1,74.66,67.9421,37.398758,2.4692867,0.5120643431635388,-10.0,10677.187191854084,0.0,10667.187191854084,0,,10155.079
2026-08-21 00:00:00+00:00,74.62,71.59,68.0385,53.827896,2.3135724,0.5120643431635388,-10.0,10238.143241345993,0.0,10228.143241345993,0,,9737.504
2026-08-24 00:00:00+00:00,71.74,73.97,68.1245,50.360905,2.4007149,0.5120643431635388,-10.0,10578.509980261833,0.0,10568.509980261833,0,,10061.228
2026-08-25 00:00:00+00:00,73.9,74.78,68.21585,58.35881,2.4414291,0.5120643431635388,-10.0,10694.348122867483,0.0,10684.348122867483,0,,10171.4
2026-08-26 00:00:00+00:00,73.5,74.51,68.30585,67.88482,2.2457144,0.5120643431635388,-10.0,10655.735629737354,0.0,10645.735629737354,0,,10134.676
2026-08-27 00:00:00+00:00,73.56,73.68,68.3956,71.11368,2.235714,0.5120643431635388,-10.0,10537.036569290973,0.0,10527.036569290973,0,,10021.78
2026-08-28 00:00:00+00:00,74.64,70.17,68.4788,65.167854,2.2342856,0.5120643431635388,-10.0,10035.06820668083,0.0,10025.06820668083,0,,9544.358
2026-08-31 00:00:00+00:00,55.71,53.98,68.54295,56.030914,2.6085713,0.6153846153846154,-10.0,7719.723602533228,0.0,7709.723602533228,0,,7342.233
2026-09-01 00:00:00+00:00,54.01,58.8,68.5235,26.274984,3.6499994,0.5120643431635388,-10.0,8409.035384391944,0.0,8399.035384391944,0,,7997.838
2026-09-02 00:00:00+00:00,56.78,55.19,68.5237,36.001057,4.0471425,0.5120643431635388,-10.0,7892.766253864851,0.0,7882.766253864851,0,,7506.814
2026-09-03 00:00:00+00:00,55.42,56.3,68.50425,30.729042,4.2407136,0.5120643431635388,-10.0,8051.508688667002,0.0,8041.508688667002,0,,7657.794
2026-09-04 00:00:00+00:00,55.79,56.77,68.4922,31.377865,4.295714,0.5120643431635388,-10.0,8118.723547432445,0.0,8108.723547432445,0,,7721.722
2026-09-08 00:00:00+00:00,56.53,59.33,68.48725,32.250187,4.246428,0.5120643431635388,-10.0,8484.831310016612,0.0,8474.831310016612,0,,8069.9277
2026-09-09 00:00:00+00:00,59.49,57.44,68.4918,32.53042,4.2678566,0.5120643431635388,-10.0,8214.540543153404,0.0,8204.540543153404,0,,7812.854
2026-09-10 00:00:00+00:00,57.73,56.75,68.4915,31.282175,4.2971425,0.6153846153846154,-10.0,8115.863525291503,0.0,8105.863525291503,0,,7719.0024
2026-09-11 00:00:00+00:00,57.3,56.0,68.48485,28.78465,4.225,0.5120643431635388,-10.0,8008.60557259272,0.0,7998.60557259272,0,,7616.9893
2026-09-14 00:00:00+00:00,56.49,56.13,68.47195,30.458769,4.073571,0.6153846153846154,-10.0,8027.197403909748,0.0,8017.197403909748,0,,7634.672
2026-09-15 00:00:00+00:00,56.85,54.56,68.4567,26.30181,4.012142,0.5120643431635388,-10.0,7802.670344108674,0.0,7792.670344108674,0,,7421.124
2026-09-16 00:00:00+00:00,55.25,54.81,68.437,23.671883,4.090714,0.5120643431635388,-10.0,7838.423480110124,0.0,7828.423480110124,0,,7455.129
2026-09-17 00:00:00+00:00,55.18,55.5,68.4155,24.335596,3.9921424,0.6153846153846154,-10.0,7937.101219395778,0.0,7927.101219395778,0,,7548.9814
2026-09-18 00:00:00+00:00,55.03,55.31,68.39855,26.229082,3.9771426,0.5120643431635388,-10.0,7909.929404445312,0.0,7899.929404445312,0,,7523.1377
