,Open,Close,sma200,rsi,atr,prob_up,cash,holdings,borrowed_margin,total,signal,stop_loss,benchmark
2019-03-13 00:00:00+00:00,38.6,39.2,,,,0.5789473684210527,10000.0,0.0,0.0,10000.0,0,0.0,10000.0
2019-03-14 00:00:00+00:00,39.5,39.96,,,,0.5789473684210527,10000.0,0.0,0.0,10000.0,0,0.0,10193.877
2019-03-15 00:00:00+00:00,40.55,41.02,,,,0.5789473684210527,10000.0,0.0,0.0,10000.0,0,0.0,10464.285
2019-03-18 00:00:00+00:00,41.73,40.86,,,,0.5789473684210527,10000.0,0.0,0.0,10000.0,0,0.0,10423.47
2019-03-19 00:00:00+00:00,41.4,39.55,,,,0.5789473684210527,10000.0,0.0,0.0,10000.0,0,0.0,10089.285
2019-03-20 00:00:00+00:00,39.85,37.6,,,,0.5789473684210527,10000.0,0.0,0.0,10000.0,0,0.0,9591.836
2019-03-21 00:00:00+00:00,38.0,38.88,,,,0.5789473684210527,10000.0,0.0,0.0,10000.0,0,0.0,9918.366
2019-03-22 00:00:00+00:00,38.76,37.46,,,,0.5789473684210527,10000.0,0.0,0.0,10000.0,0,0.0,9556.121
2019-03-25 00:00:00+00:00,37.57,36.45,,,,0.6666666666666666,10000.0,0.0,0.0,10000.0,0,0.0,9298.469
2019-03-26 00:00:00+00:00,36.46,36.71,,,,0.6666666666666666,10000.0,0.0,0.0,10000.0,0,0.0,9364.795
2019-03-27 00:00:00+00:00,36.75,36.2,,,,0.5789473684210527,10000.0,0.0,0.0,10000.0,0,0.0,9234.693
2019-03-28 00:00:00+00:00,36.14,35.67,,,,0.5789473684210527,10000.0,0.0,0.0,10000.0,0,0.0,9099.489
2019-03-29 00:00:00+00:00,35.88,35.88,,,,0.5789473684210527,10000.0,0.0,0.0,10000.0,0,0.0,9153.061
2019-04-01 00:00:00+00:00,36.17,36.15,,34.13003,,0.5789473684210527,10000.0,0.0,0.0,10000.0,0,0.0,9221.938
2019-04-02 00:00:00+00:00,36.21,35.7,,35.787525,1.3650717,0.5789473684210527,-10.0,9995.002498750626,0.0,9985.002498750626,1,,9107.143
2019-04-03 00:00:00+00:00,35.78,35.5,,34.34706,1.3615004,0.5789473684210527,-10.0,9939.008090330446,0.0,9929.008090330446,0,,9056.122
2019-04-04 00:00:00+00:00,35.56,36.03,,29.001907,1.3000717,0.6666666666666666,-10.0,10087.392839649618,0.0,10077.392839649618,0,,9191.325
2019-04-05 00:00:00+00:00,35.99,36.98,,25.272558,1.270786,0.5789473684210527,-10.0,10353.36661301695,0.0,10343.36661301695,0,,9433.673
2019-04-08 00:00:00+00:00,36.94,36.85,,32.16913,1.2629291,0.5789473684210527,-10.0,10316.970156687776,0.0,10306.970156687776,0,,9400.509
2019-04-09 00:00:00+00:00,36.81,36.89,,36.08248,1.118643,0.5789473684210527,-10.0,10328.1694319724,0.0,10318.1694319724,0,,9410.713
2019-04-10 00:00:00+00:00,36.91,35.93,,45.442886,0.98214287,0.5789473684210527,-10.0,10059.396703668712,0.0,10049.396703668712,0,,9165.815
2019-04-11 00:00:00+00:00,35.98,36.41,,30.254358,0.97357124,0.5789473684210527,-10.0,10193.783284969606,0.0,10183.783284969606,0,,9288.265
2019-04-12 00:00:00+00:00,36.47,36.95,,41.960194,0.8764283,0.5673076923076923,-10.0,10344.967959000105,0.0,10334.967959000105,0,,9426.02
2019-04-15 00:00:00+00:00,36.91,36.98,,54.12541,0.85499984,0.5673076923076923,-10.0,10353.367395088757,0.0,10343.367395088757,0,,9433.673
2019-04-16 00:00:00+00:00,37.11,37.21,,52.31561,0.82785714,0.5789473684210527,-10.0,10417.760228453239,0.0,10407.760228453239,0,,9492.346
2019-04-17 00:00:00+00:00,37.18,38.21,,59.09907,0.77357155,0.5789473684210527,-10.0,10697.732765720744,0.0,10687.732765720744,0,,9747.448
2019-04-18 00:00:00+00:00,38.34,37.92,,71.09634,0.78428566,0.5673076923076923,-10.0,10616.540844113637,0.0,10606.540844113637,0,,9673.469
2019-04-22 00:00:00+00:00,37.84,37.24,,66.72128,0.7607144,0.5789473684210527,-10.0,10426.160627741823,0.0,10416.160627741823,0,,9500.0
2019-04-23 00:00:00+00:00,37.22,37.6,,58.37174,0.78571427,0.5789473684210527,-10.0,10526.949485395542,0.0,10516.949485395542,0,,9591.836
2019-04-24 00:00:00+00:00,37.51,37.45,,64.7975,0.75,0.5789473684210527,-10.0,10484.954544035305,0.0,10474.954544035305,0,,9553.571
2019-04-25 00:00:00+00:00,37.48,37.64,,65.30615,0.73857117,0.5789473684210527,-10.0,10538.149207612338,0.0,10528.149207612338,0,,9602.041
2019-04-26 00:00:00+00:00,37.8,37.91,,63.34994,0.73571396,0.5789473684210527,-10.0,10613.741254858991,0.0,10603.741254858991,0,,9670.918
2019-04-29 00:00:00+00:00,37.74,38.73,,58.691605,0.6921422,0.5789473684210527,-10.0,10843.318260897466,0.0,10833.318260897466,0,,9880.102
2019-04-30 00:00:00+00:00,38.59,38.5,,65.56295,0.7557139,0.5789473684210527,-10.0,10778.924890449727,0.0,10768.924890449727,0,,9821.429
2019-05-01 00:00:00+00:00,38.66,38.74,,62.92138,0.78499955,0.5789473684210527,-10.0,10846.118675079584,0.0,10836.118675079584,0,,9882.653
2019-05-02 00:00:00+00:00,38.75,36.84,,75.499146,0.7507139,0.5789473684210527,-10.0,10314.17114586108,0.0,10304.17114586108,0,,9397.959
2019-05-03 00:00:00+00:00,36.86,37.02,,53.10246,0.84571373,0.5789473684210527,-10.0,10364.566507374624,0.0,10354.566507374624,0,,9443.878
2019-05-06 00:00:00+00:00,36.72,37.31,,50.532722,0.80714196,0.5789473684210527,-10.0,10445.758376025431,0.0,10435.758376025431,0,,9517.857
2019-05-07 00:00:00+00:00,36.97,36.7,,52.41583,0.8364277,0.5789473684210527,-10.0,10274.975507354884,0.0,10264.975507354884,0,,9362.245
2019-05-08 00:00:00+00:00,36.56,36.82,,46.463253,0.86392784,0.5789473684210527,-10.0,10308.571311118241,0.0,10298.571311118241,0,,9392.857
2019-05-09 00:00:00+00:00,38.08,37.97,,39.02053,0.8453565,0.5789473684210527,-10.0,10630.539663991041,0.0,10620.539663991041,0,,9686.225
2019-05-10 00:00:00+00:00,37.9,38.05,,50.347725,0.94249946,0.5673076923076923,-10.0,10652.937200986617,0.0,10642.937200986617,0,,9706.633
2019-05-13 00:00:00+00:00,37.48,37.5,,56.14566,0.97535676,0.5673076923076923,-10.0,10498.952585918534,0.0,10488.952585918534,0,,9566.326
2019-05-14 00:00:00+00:00,37.54,37.48,,49.262547,0.98821396,0.5789473684210527,-10.0,10493.353049753607,0.0,10483.353049753607,0,,9561.224
2019-05-15 00:00:00+00:00,37.24,37.23,,50.225555,1.0017859,0.5673076923076923,-10.0,10423.35990231533,0.0,10413.35990231533,0,,9497.448
2019-05-16 00:00:00+00:00,37.28,36.32,,46.944862,0.9810715,0.5789473684210527,-10.0,10168.585127481325,0.0,10158.585127481325,0,,9265.306
2019-05-17 00:00:00+00:00,36.08,36.83,,39.183678,1.036786,0.5789473684210527,-10.0,10311.371389437572,0.0,10301.371389437572,0,,9395.408
2019-05-20 00:00:00+00:00,36.54,36.68,,36.505707,1.0203571,0.5789473684210527,-10.0,10269.375386820673,0.0,10259.375386820673,0,,9357.143
2019-05-21 00:00:00+00:00,36.82,37.18,,36.9253,0.9996428,0.5789473684210527,-10.0,10409.361997961349,0.0,10399.361997961349,0,,9484.694
2019-05-22 00:00:00+00:00,37.1,36.67,,39.196674,1.012143,0.5789473684210527,-10.0,10266.575583135382,0.0,10256.575583135382,0,,9354.592
2019-05-23 00:00:00+00:00,36.39,36.51,,48.542007,0.89571464,0.5789473684210527,-10.0,10221.78006208992,0.0,10211.78006208992,0,,9313.775
2019-05-24 00:00:00+00:00,36.51,36.45,,45.611,0.88642883,0.5789473684210527,-10.0,10204.98261033679,0.0,10194.98261033679,0,,9298.47
2019-05-28 00:00:00+00:00,36.59,36.16,,42.293903,0.8457143,0.5789473684210527,-10.0,10123.790266577673,0.0,10113.790266577673,0,,9224.49
2019-05-29 00:00:00+00:00,36.0,35.3,,44.866913,0.85321426,0.5789473684210527,-10.0,9883.014067653563,0.0,9873.014067653563,0,,9005.102
2019-05-30 00:00:00+00:00,35.36,34.81,,37.333336,0.85821426,0.5789473684210527,-10.0,9745.828264709175,0.0,9735.828264709175,0,,8880.103
2019-05-31 00:00:00+00:00,34.55,34.71,,20.411987,0.8007142,0.5789473684210527,-10.0,9717.830208851608,0.0,9707.830208851608,0,,8854.592
2019-06-03 00:00:00+00:00,34.61,33.78,,18.843307,0.75,0.5789473684210527,-10.0,9457.456299518095,0.0,9447.456299518095,0,,8617.347
2019-06-04 00:00:00+00:00,34.03,34.09,,17.595839,0.7900001,0.5789473684210527,-10.0,9544.248215209685,0.0,9534.248215209685,0,,8696.429
2019-06-05 00:00:00+00:00,34.24,34.02,,21.890583,0.8214286,0.5789473684210527,-10.0,9524.650246690118,0.0,9514.650246690118,0,,8678.572
2019-06-06 00:00:00+00:00,34.01,33.74,,22.564138,0.84428567,0.5789473684210527,-10.0,9446.258678028566,0.0,9436.258678028566,0,,8607.145
2019-06-07 00:00:00+00:00,33.84,33.68,,25.2874,0.7950001,0.5789473684210527,-10.0,9429.4597899462,0.0,9419.4597899462,0,,8591.838
2019-06-10 00:00:00+00:00,33.86,33.74,,16.981146,0.752143,0.5789473684210527,-10.0,9446.258029546972,0.0,9436.258029546972,0,,8607.144
2019-06-11 00:00:00+00:00,33.77,33.83,,18.589787,0.74342865,0.5789473684210527,-10.0,9471.455233858956,0.0,9461.455233858956,0,,8630.103
2019-06-12 00:00:00+00:00,33.81,34.7,,10.772891,0.7080713,0.5789473684210527,-10.0,9715.030579695826,0.0,9705.030579695826,0,,8852.041
2019-06-13 00:00:00+00:00,34.96,34.94,,28.725735,0.7269998,0.5673076923076923,-10.0,9782.22365382724,0.0,9772.22365382724,0,,8913.266
2019-06-14 00:00:00+00:00,34.99,34.96,,33.333332,0.72914284,0.5789473684210527,-10.0,9787.8234193647,0.0,9777.8234193647,0,,8918.367
2019-06-17 00:00:00+00:00,35.18,35.8,,34.047096,0.74628586,0.5673076923076923,-10.0,10023.000021363136,0.0,10013.000021363136,0,,9132.653
2019-06-18 00:00:00+00:00,36.09,35.83,,46.55172,0.7580716,0.5673076923076923,-10.0,10031.399709386485,0.0,10021.399709386485,0,,9140.308
2019-06-19 00:00:00+00:00,35.88,35.74,,56.036472,0.7673574,0.5673076923076923,-10.0,10006.2022483445,0.0,9996.2022483445,0,,9117.349
2019-06-20 00:00:00+00:00,36.15,35.35,,61.65412,0.7477147,0.5789473684210527,-10.0,9897.012172409364,0.0,9887.012172409364,0,,9017.857
2019-06-21 00:00:00+00:00,35.36,35.88,,57.476616,0.7677146,0.5789473684210527,-10.0,10045.397604286014,0.0,10035.397604286014,0,,9153.062
2019-06-24 00:00:00+00:00,35.72,35.54,,77.06182,0.80128586,0.5673076923076923,-10.0,9950.20735600364,0.0,9940.20735600364,0,,9066.327
2019-06-25 00:00:00+00:00,35.45,35.19,,68.542175,0.7605716,0.5789473684210527,-10.0,9852.21654154501,0.0,9842.21654154501,0,,8977.041
2019-06-26 00:00:00+00:00,35.46,35.31,,63.961758,0.7584289,0.5789473684210527,-10.0,9885.813594403773,0.0,9875.813594403773,0,,9007.653
2019-06-27 00:00:00+00:00,35.36,35.75,,69.478836,0.7655716,0.5789473684210527,-10.0,10009.00137249957,0.0,9999.00137249957,0,,9119.898
2019-06-28 00:00:00+00:00,35.89,36.53,,73.46932,0.8134286,0.5789473684210527,-10.0,10227.379376001505,0.0,10217.379376001505,0,,9318.878
2019-07-01 00:00:00+00:00,36.82,35.96,,77.19291,0.8485718,0.5673076923076923,-10.0,10067.795419405455,0.0,10057.795419405455,0,,9173.47
2019-07-02 00:00:00+00:00,35.96,36.53,,68.9839,0.9032146,0.5789473684210527,-10.0,10227.37905396462,0.0,10217.37905396462,0,,9318.878
2019-07-03 00:00:00+00:00,36.7,36.35,,67.23159,0.88000023,0.5673076923076923,-10.0,10176.984089805357,0.0,10166.984089805357,0,,9272.96
2019-07-05 00:00:00+00:00,36.28,36.56,,63.42854,0.8757144,0.5789473684210527,-10.0,10235.778967327855,0.0,10225.778967327855,0,,9326.532
2019-07-08 00:00:00+00:00,36.36,36.13,,64.705864,0.88285744,0.5789473684210527,-10.0,10115.39099087646,0.0,10105.39099087646,0,,9216.838
2019-07-09 00:00:00+00:00,35.98,36.01,,53.280327,0.8742861,0.5789473684210527,-10.0,10081.79363792019,0.0,10071.79363792019,0,,9186.225
2019-07-10 00:00:00+00:00,36.11,36.14,,51.757774,0.83785737,0.5789473684210527,-10.0,10118.190265171192,0.0,10108.190265171192,0,,9219.389
2019-07-11 00:00:00+00:00,36.13,36.31,,53.875935,0.8142858,0.5789473684210527,-10.0,10165.786217665773,0.0,10155.786217665773,0,,9262.756
2019-07-12 00:00:00+00:00,36.32,36.96,,59.716602,0.7914287,0.5789473684210527,-10.0,10347.767020553238,0.0,10337.767020553238,0,,9428.571
2019-07-15 00:00:00+00:00,37.12,37.04,,60.671898,0.70142853,0.5789473684210527,-10.0,10370.16582063535,0.0,10360.16582063535,0,,9448.98
2019-07-16 00:00:00+00:00,37.08,36.69,,65.62496,0.70928544,0.5789473684210527,-10.0,10272.174980078562,0.0,10262.174980078562,0,,9359.694
2019-07-17 00:00:00+00:00,36.62,36.17,,65.62496,0.6992855,0.5789473684210527,-10.0,10126.589576233067,0.0,10116.589576233067,0,,9227.041
2019-07-18 00:00:00+00:00,36.1,36.61,,58.269188,0.69192857,0.5789473684210527,-10.0,10249.77782866974,0.0,10239.77782866974,0,,9339.287
2019-07-19 00:00:00+00:00,36.71,36.45,,58.26922,0.6705001,0.5789473684210527,-10.0,10204.982288114528,0.0,10194.982288114528,0,,9298.471
2019-07-22 00:00:00+00:00,36.47,36.32,,49.126663,0.6412141,0.5789473684210527,-10.0,10168.585574549303,0.0,10158.585574549303,0,,9265.308
2019-07-23 00:00:00+00:00,36.35,36.51,,54.347816,0.5844285,0.5789473684210527,-10.0,10221.780102266886,0.0,10211.780102266886,0,,9313.776
2019-07-24 00:00:00+00:00,36.46,36.89,,49.73404,0.59514266,0.5789473684210527,-10.0,10328.1700564439,0.0,10318.1700564439,0,,9410.716
2019-07-25 00:00:00+00:00,36.91,37.43,,56.81817,0.6080001,0.5789473684210527,-10.0,10479.355725617017,0.0,10469.355725617017,0,,9548.472
2019-07-26 00:00:00+00:00,37.37,37.49,,60.13982,0.6044287,0.5789473684210527,-10.0,10496.154209518323,0.0,10486.154209518323,0,,9563.778
2019-07-29 00:00:00+00:00,37.44,37.69,,67.346886,0.59121406,0.5789473684210527,-10.0,10552.147158631686,0.0,10542.147158631686,0,,9614.797
2019-07-30 00:00:00+00:00,37.5,37.85,,70.99996,0.59121406,0.5789473684210527,-10.0,10596.942732875474,0.0,10586.942732875474,0,,9655.614
2019-07-31 00:00:00+00:00,37.7,37.2,,71.215836,0.6026426,0.5789473684210527,-10.0,10414.961517667753,0.0,10404.961517667753,0,,9489.798
2019-08-01 00:00:00+00:00,37.16,36.84,,59.86695,0.6424996,0.5789473684210527,-10.0,10314.17166361756,0.0,10304.17166361756,0,,9397.962
2019-08-02 00:00:00+00:00,36.84,36.56,,48.578213,0.64678574,0.5789473684210527,-10.0,10235.77955818633,0.0,10225.77955818633,0,,9326.533
2019-08-05 00:00:00+00:00,36.28,36.0,,44.570145,0.6439285,0.5789473684210527,-10.0,10078.994838813232,0.0,10068.994838813232,0,,9183.676
2019-08-06 00:00:00+00:00,35.93,36.4,,42.548615,0.6660715,0.5789473684210527,-10.0,10190.983964058001,0.0,10180.983964058001,0,,9285.717
2019-08-07 00:00:00+00:00,36.05,36.79,,52.549927,0.6684284,0.5789473684210527,-10.0,10300.173147379192,0.0,10290.173147379192,0,,9385.207
2019-08-08 00:00:00+00:00,37.34,35.0,,52.01794,0.6977144,0.5789473684210527,-10.0,9799.022793343822,0.0,9789.022793343822,0,,8928.573
2019-08-09 00:00:00+00:00,34.95,35.37,,38.095234,0.8327146,0.5789473684210527,-10.0,9902.611796703013,0.0,9892.611796703013,0,,9022.961
2019-08-12 00:00:00+00:00,35.28,34.81,,42.49604,0.85557175,0.5789473684210527,-10.0,9745.828265924663,0.0,9735.828265924663,0,,8880.1045
2019-08-13 00:00:00+00:00,34.67,35.0,,37.31345,0.85128623,0.5789473684210527,-10.0,9799.02213229482,0.0,9789.02213229482,0,,8928.573
2019-08-14 00:00:00+00:00,34.78,33.66,,35.483864,0.8670003,0.5673076923076923,-10.0,9423.859394436962,0.0,9413.859394436962,0,,8586.736
2019-08-15 00:00:00+00:00,33.65,32.81,,24.21338,0.9370003,0.5789473684210527,-10.0,9185.883748525059,0.0,9175.883748525059,0,,8369.9
2019-08-16 00:00:00+00:00,33.09,33.01,,21.111076,0.98128617,0.5789473684210527,-10.0,9241.877660697028,0.0,9231.877660697028,0,,8420.92
2019-08-19 00:00:00+00:00,33.31,33.6,,21.111076,0.9870006,0.5789473684210527,-10.0,9407.061496120174,0.0,9397.061496120174,0,,8571.431
2019-08-20 00:00:00+00:00,33.5,33.36,,25.087898,1.0105722,0.5789473684210527,-10.0,9339.868904605046,0.0,9329.868904605046,0,,8510.206
2019-08-21 00:00:00+00:00,33.47,33.15,,26.354654,0.9742865,0.5789473684210527,-10.0,9281.074749796933,0.0,9271.074749796933,0,,8456.635
2019-08-22 00:00:00+00:00,33.19,32.82,,26.85067,0.9657149,0.5789473684210527,-10.0,9188.683412744196,0.0,9178.683412744196,0,,8372.45
2019-08-23 00:00:00+00:00,32.66,31.44,,26.68326,0.9692865,0.5789473684210527,-10.0,8802.322241338507,0.0,8792.322241338507,0,,8020.41
2019-08-26 00:00:00+00:00,31.67,31.71,,24.20812,1.0178578,0.5789473684210527,-10.0,8877.914102579822,0.0,8867.914102579822,0,,8089.2866
2019-08-27 00:00:00+00:00,31.9,31.62,,23.07687,1.0092863,0.5789473684210527,-10.0,8852.716856754141,0.0,8842.716856754141,0,,8066.3276
2019-08-28 00:00:00+00:00,31.67,31.56,,19.262733,0.95714325,0.5789473684210527,-10.0,8835.918176099876,0.0,8825.918176099876,0,,8051.021
2019-08-29 00:00:00+00:00,31.78,32.45,,24.251442,0.82571465,0.5789473684210527,-10.0,9085.093443278454,0.0,9075.093443278454,0,,8278.0625
2019-08-30 00:00:00+00:00,33.27,32.8,,29.722204,0.8657146,0.5789473684210527,-10.0,9183.083608578936,0.0,9173.083608578936,0,,8367.349
2019-09-03 00:00:00+00:00,32.4,32.43,,35.622284,0.8771432,0.5789473684210527,-10.0,9079.494044711986,0.0,9069.494044711986,0,,8272.961
2019-09-04 00:00:00+00:00,32.65,33.21,,32.078083,0.8614288,0.5789473684210527,-10.0,9297.872087642963,0.0,9287.872087642963,0,,8471.94
2019-09-05 00:00:00+00:00,33.52,33.91,,46.596054,0.8042857,0.5,-10.0,9493.852547473318,0.0,9483.852547473318,0,,8650.512
2019-09-06 00:00:00+00:00,33.95,33.87,,58.51393,0.76857144,0.5673076923076923,-10.0,9482.653261741581,0.0,9472.653261741581,0,,8640.308
2019-09-09 00:00:00+00:00,33.68,33.99,,56.825405,0.7714284,0.5789473684210527,-10.0,9516.25048521325,0.0,9506.25048521325,0,,8670.92
2019-09-10 00:00:00+00:00,33.76,34.22,,53.344795,0.75857097,0.5789473684210527,-10.0,9580.643877572526,0.0,9570.643877572526,0,,8729.593
2019-09-11 00:00:00+00:00,34.1,33.97,,57.38832,0.7649995,0.5789473684210527,-10.0,9510.650742869475,0.0,9500.650742869475,0,,8665.817
2019-09-12 00:00:00+00:00,34.12,33.7,,56.996582,0.7628568,0.5789473684210527,-10.0,9435.058000550911,0.0,9425.058000550911,0,,8596.939
2019-09-13 00:00:00+00:00,33.68,33.71,,57.586216,0.75714236,0.5789473684210527,-10.0,9437.857494741529,0.0,9427.857494741529,0,,8599.49
2019-09-16 00:00:00+00:00,33.52,33.49,,75.62076,0.6957139,0.5789473684210527,-10.0,9376.264411898896,0.0,9366.264411898896,0,,8543.368
2019-09-17 00:00:00+00:00,33.46,32.82,,70.31968,0.68285686,0.5789473684210527,-10.0,9188.6828567391,0.0,9178.6828567391,0,,8372.45
2019-09-18 00:00:00+00:00,32.68,32.5,,62.09676,0.7064284,0.5789473684210527,-10.0,9099.092024642441,0.0,9089.092024642441,0,,8290.817
2019-09-19 00:00:00+00:00,32.57,31.97,,59.003838,0.72071415,0.5789473684210527,-10.0,8950.706656071272,0.0,8940.706656071272,0,,8155.613
2019-09-20 00:00:00+00:00,31.89,32.08,,45.06171,0.6864285,0.5789473684210527,-10.0,8981.504757129378,0.0,8971.504757129378,0,,8183.6753
2019-09-23 00:00:00+00:00,32.16,32.18,,42.207825,0.672857,0.5789473684210527,-10.0,9009.50193710181,0.0,8999.50193710181,0,,8209.186
2019-09-24 00:00:00+00:00,32.32,31.53,,47.12644,0.65964276,0.5789473684210527,-10.0,8827.52007396391,0.0,8817.52007396391,0,,8043.369
2019-09-25 00:00:00+00:00,31.48,32.0,,30.09482,0.66821426,0.5789473684210527,-10.0,8959.106675713418,0.0,8949.106675713418,0,,8163.2666
2019-09-26 00:00:00+00:00,32.06,31.47,,26.065174,0.65892845,0.5789473684210527,-10.0,8810.721279155341,0.0,8800.721279155341,0,,8028.0625
2019-09-27 00:00:00+00:00,31.51,31.48,,23.214298,0.6653572,0.5789473684210527,-10.0,8813.521431806439,0.0,8803.521431806439,0,,8030.6143
2019-09-30 00:00:00+00:00,31.68,31.54,,21.281433,0.65607154,0.5789473684210527,-10.0,8830.320332669748,0.0,8820.320332669748,0,,8045.921
2019-10-01 00:00:00+00:00,31.7,31.18,,18.09524,0.64535725,0.5789473684210527,-10.0,8729.530079224523,0.0,8719.530079224523,0,,7954.0835
2019-10-02 00:00:00+00:00,30.99,30.31,,17.63341,0.6646429,0.5789473684210527,-10.0,8485.953986063589,0.0,8475.953986063589,0,,7732.1445
2019-10-03 00:00:00+00:00,30.25,30.39,,15.478614,0.6939287,0.5789473684210527,-10.0,8508.351922313015,0.0,8498.351922313015,0,,7752.5527
2019-10-04 00:00:00+00:00,30.5,30.485,,16.666693,0.70321435,0.5789473684210527,-10.0,8534.9492448317,0.0,8524.9492448317,0,,7776.787
2019-10-07 00:00:00+00:00,30.51,30.49,,19.052557,0.70892864,0.5789473684210527,-10.0,8536.3492494762,0.0,8526.3492494762,0,,7778.063
2019-10-08 00:00:00+00:00,30.21,30.035,,22.195734,0.6939287,0.5789473684210527,-10.0,8408.96201908916,0.0,8398.96201908916,0,,7661.9917
2019-10-09 00:00:00+00:00,30.21,30.26,,21.502918,0.69892853,0.5789473684210527,-10.0,8471.955495747216,0.0,8461.955495747216,0,,7719.389
2019-10-10 00:00:00+00:00,30.22,30.425,,28.731377,0.6782142,0.5789473684210527,-10.0,8518.150968980794,0.0,8508.150968980794,0,,7761.4814
2019-10-11 00:00:00+00:00,30.65,31.16,,29.693224,0.6646429,0.5789473684210527,-10.0,8723.930437262534,0.0,8713.930437262534,0,,7948.9814
2019-10-14 00:00:00+00:00,31.06,31.01,,39.171978,0.70750004,0.5673076923076923,-10.0,8681.934745372733,0.0,8671.934745372733,0,,7910.7163
2019-10-15 00:00:00+00:00,31.02,31.44,,43.824226,0.6692858,0.5789473684210527,-10.0,8802.323173526307,0.0,8792.323173526307,0,,8020.4106
2019-10-16 00:00:00+00:00,31.35,31.585,,43.285385,0.6707145,0.5789473684210527,-10.0,8842.919215079017,0.0,8832.919215079017,0,,8057.4004
2019-10-17 00:00:00+00:00,31.5,31.49,,51.51915,0.64357156,0.5789473684210527,-10.0,8816.322278703392,0.0,8806.322278703392,0,,8033.1665
2019-10-18 00:00:00+00:00,31.63,31.525,,50.1292,0.64285725,0.5789473684210527,-10.0,8826.121686296003,0.0,8816.121686296003,0,,8042.095
2019-10-21 00:00:00+00:00,31.71,32.09,,49.804924,0.64857155,0.5789473684210527,-10.0,8984.305930056446,0.0,8974.305930056446,0,,8186.2285
2019-10-22 00:00:00+00:00,32.16,32.77,,61.23457,0.6307144,0.5673076923076923,-10.0,9174.687010387648,0.0,9164.687010387648,0,,8359.698
2019-10-23 00:00:00+00:00,32.87,32.61,,81.86531,0.63014305,0.5673076923076923,-10.0,9129.89146823954,0.0,9119.89146823954,0,,8318.882
2019-10-24 00:00:00+00:00,32.56,31.6,,78.172615,0.61228573,0.5789473684210527,-10.0,8847.11934537509,0.0,8837.11934537509,0,,8061.2285
2019-10-25 00:00:00+00:00,31.62,31.7,,61.48301,0.69014275,0.5789473684210527,-10.0,8875.116318191358,0.0,8865.116318191358,0,,8086.739
2019-10-28 00:00:00+00:00,31.72,32.21,,62.222237,0.6829999,0.5673076923076923,-10.0,9017.901384327535,0.0,9007.901384327535,0,,8216.84
2019-10-29 00:00:00+00:00,32.16,32.05,,71.72828,0.68871415,0.5673076923076923,-10.0,8973.105937724924,0.0,8963.105937724924,0,,8176.024
2019-10-30 00:00:00+00:00,31.98,31.36,,68.11741,0.6815713,0.5789473684210527,-10.0,8779.92537510532,0.0,8769.92537510532,0,,8000.004
2019-10-31 00:00:00+00:00,31.17,31.24,,58.554455,0.70157135,0.5789473684210527,-10.0,8746.32847624222,0.0,8736.32847624222,0,,7969.391
2019-11-01 00:00:00+00:00,31.36,31.86,,50.82474,0.65599984,0.5789473684210527,-10.0,8919.910911338751,0.0,8909.910911338751,0,,8127.5547
2019-11-04 00:00:00+00:00,32.04,31.9,,57.988728,0.68207127,0.5673076923076923,-10.0,8931.109968645782,0.0,8921.109968645782,0,,8137.759
2019-11-05 00:00:00+00:00,31.9,32.15,,54.66531,0.6534999,0.5789473684210527,-10.0,9001.103587558326,0.0,8991.103587558326,0,,8201.535
2019-11-06 00:00:00+00:00,32.18,32.33,,55.61075,0.66921425,0.5789473684210527,-10.0,9051.498817743508,0.0,9041.498817743508,0,,8247.454
2019-11-07 00:00:00+00:00,33.15,34.25,,58.203144,0.6849285,0.5789473684210527,-10.0,9589.045289044187,0.0,9579.045289044187,0,,8737.251
2019-11-08 00:00:00+00:00,34.14,34.43,,69.4504,0.7809997,0.5673076923076923,-10.0,9639.440140086554,0.0,9629.440140086554,0,,8783.169
2019-11-11 00:00:00+00:00,34.24,34.22,,67.67372,0.77957124,0.5789473684210527,-10.0,9580.646460009066,0.0,9570.646460009066,0,,8729.598
2019-11-12 00:00:00+00:00,34.21,33.81,,61.788628,0.74799985,0.5789473684210527,-10.0,9465.857779523232,0.0,9455.857779523232,0,,8625.006
2019-11-13 00:00:00+00:00,33.63,33.57,,59.375008,0.75549984,0.5789473684210527,-10.0,9398.663862106032,0.0,9388.663862106032,0,,8563.781
2019-11-14 00:00:00+00:00,33.46,33.45,,67.49556,0.68121403,0.5789473684210527,-10.0,9365.067306566769,0.0,9355.067306566769,0,,8533.168
2019-11-15 00:00:00+00:00,33.75,33.595,,65.48673,0.6840711,0.5789473684210527,-10.0,9405.663069590704,0.0,9395.663069590704,0,,8570.158
2019-11-18 00:00:00+00:00,33.58,34.46,,63.10314,0.6569285,0.5789473684210527,-10.0,9647.83797573422,0.0,9637.83797573422,0,,8790.82
2019-11-19 00:00:00+00:00,34.67,35.43,,70.11687,0.69692856,0.5673076923076923,-10.0,9919.411601004846,0.0,9909.411601004846,0,,9038.2705
2019-11-20 00:00:00+00:00,35.19,34.995,,82.45614,0.7154999,0.5673076923076923,-10.0,9797.623228163,0.0,9787.623228163,0,,8927.3
2019-11-21 00:00:00+00:00,35.0,34.78,,78.51176,0.73214257,0.5789473684210527,-10.0,9737.429092601838,0.0,9727.429092601838,0,,8872.453
2019-11-22 00:00:00+00:00,34.77,34.875,,73.62458,0.72928566,0.5789473684210527,-10.0,9764.026319793618,0.0,9754.026319793618,0,,8896.6875
2019-11-25 00:00:00+00:00,34.88,34.85,,73.857254,0.73714256,0.5789473684210527,-10.0,9757.026830453542,0.0,9747.026830453542,0,,8890.31
2019-11-26 00:00:00+00:00,34.88,35.19,,72.46253,0.72785664,0.5789473684210527,-10.0,9852.217245335763,0.0,9842.217245335763,0,,8977.045
2019-11-27 00:00:00+00:00,35.3,35.03,,73.17663,0.70785683,0.5789473684210527,-10.0,9807.421563149357,0.0,9797.421563149357,0,,8936.229
2019-11-29 00:00:00+00:00,34.9,34.98,,58.843517,0.60499984,0.5789473684210527,-10.0,9793.422916164498,0.0,9783.422916164498,0,,8923.473
2019-12-02 00:00:00+00:00,34.96,34.815,,56.42522,0.60357124,0.5789473684210527,-10.0,9747.227414912119,0.0,9737.227414912119,0,,8881.381
2019-12-03 00:00:00+00:00,34.54,34.35,,57.024754,0.60321397,0.5789473684210527,-10.0,9617.040248365038,0.0,9607.040248365038,0,,8762.758
2019-12-04 00:00:00+00:00,34.29,34.64,,56.293667,0.61821395,0.5789473684210527,-10.0,9698.232313535977,0.0,9688.232313535977,0,,8836.737
2019-12-05 00:00:00+00:00,34.79,34.635,,62.327175,0.6296428,0.5789473684210527,-10.0,9696.832252961958,0.0,9686.832252961958,0,,8835.462
2019-12-06 00:00:00+00:00,34.88,34.6,,64.02362,0.6332141,0.5789473684210527,-10.0,9687.03324375705,0.0,9677.03324375705,0,,8826.533
2019-12-09 00:00:00+00:00,34.67,34.79,,62.211372,0.6285711,0.5789473684210527,-10.0,9740.228384878637,0.0,9730.228384878637,0,,8875.003
2019-12-10 00:00:00+00:00,34.77,34.92,,54.796524,0.6099998,0.5789473684210527,-10.0,9776.623870127682,0.0,9766.623870127682,0,,8908.165
2019-12-11 00:00:00+00:00,35.02,35.29,,40.19229,0.58571404,0.5789473684210527,-10.0,9880.213841127466,0.0,9870.213841127466,0,,9002.554
2019-12-12 00:00:00+00:00,35.38,35.96,,55.81856,0.5957143,0.5789473684210527,-10.0,10067.794738549976,0.0,10057.794738549976,0,,9173.472
2019-12-13 00:00:00+00:00,35.92,35.86,,69.73241,0.60142845,0.5673076923076923,-10.0,10039.79766421255,0.0,10029.79766421255,0,,9147.961
2019-12-16 00:00:00+00:00,36.03,35.89,,66.44407,0.6050001,0.5789473684210527,-10.0,10048.197067308683,0.0,10038.197067308683,0,,9155.614
2019-12-17 00:00:00+00:00,35.87,36.24,,67.33335,0.6014287,0.5789473684210527,-10.0,10146.187438212683,0.0,10136.187438212683,0,,9244.9
2019-12-18 00:00:00+00:00,36.28,36.0,,67.4419,0.62,0.5789473684210527,-10.0,10078.993775456898,0.0,10068.993775456898,0,,9183.676
2019-12-19 00:00:00+00:00,35.9,36.05,,65.69579,0.6160717,0.5789473684210527,-10.0,10092.992564824317,0.0,10082.992564824317,0,,9196.431
2019-12-20 00:00:00+00:00,36.14,36.22,,67.31389,0.6010718,0.5789473684210527,-10.0,10140.58789886297,0.0,10130.58789886297,0,,9239.798
2019-12-23 00:00:00+00:00,36.16,36.63,,72.69791,0.6052148,0.5789473684210527,-10.0,10255.376884724788,0.0,10245.376884724788,0,,9344.391
2019-12-24 00:00:00+00:00,36.61,36.5,,87.499985,0.59128654,0.5789473684210527,-10.0,10218.980148469669,0.0,10208.980148469669,0,,9311.228
2019-12-26 00:00:00+00:00,36.64,36.8,34.9749,82.291626,0.5670005,0.5789473684210527,-10.0,10302.971202086257,0.0,10292.971202086257,0,,9387.757
2019-12-27 00:00:00+00:00,36.95,36.725,34.9629,84.09447,0.5534292,0.5789473684210527,-10.0,10281.973111919633,0.0,10271.973111919633,0,,9368.624
2019-12-30 00:00:00+00:00,36.79,36.44,34.946724,83.04817,0.5452151,0.5789473684210527,-10.0,10202.180830814967,0.0,10192.180830814967,0,,9295.92
2019-12-31 00:00:00+00:00,36.32,36.4,34.923824,74.92442,0.53092927,0.5789473684210527,-10.0,10190.98271785037,0.0,10180.98271785037,0,,9285.717
2020-01-02 00:00:00+00:00,36.5,36.46,34.901524,72.98141,0.5095008,0.5789473684210527,-10.0,10207.780584437975,0.0,10197.780584437975,0,,9301.022
2020-01-03 00:00:00+00:00,36.01,36.1,34.886074,70.10309,0.50914353,0.5673076923076923,-10.0,10106.990316225676,0.0,10096.990316225676,0,,9209.186
2020-01-06 00:00:00+00:00,35.94,36.015,34.878574,52.6923,0.48271507,0.5789473684210527,-10.0,10083.19277803687,0.0,10073.19277803687,0,,9187.502
2020-01-07 00:00:00+00:00,35.89,36.47,34.86425,52.998043,0.47842926,0.5789473684210527,-10.0,10210.580622053847,0.0,10200.580622053847,0,,9303.573
2020-01-08 00:00:00+00:00,36.58,36.42,34.8593,59.634575,0.5055722,0.5789473684210527,-10.0,10196.58104154841,0.0,10186.58104154841,0,,9290.817
2020-01-09 00:00:00+00:00,36.5,36.5,34.85915,53.320965,0.49057198,0.5789473684210527,-10.0,10218.979560927623,0.0,10208.979560927623,0,,9311.226
2020-01-10 00:00:00+00:00,36.55,36.085,34.8581,59.80391,0.49271446,0.5789473684210527,-10.0,10102.790948577114,0.0,10092.790948577114,0,,9205.358
2020-01-13 00:00:00+00:00,36.09,36.3,34.857525,50.600338,0.5084286,0.5673076923076923,-10.0,10162.985392566014,0.0,10152.985392566014,0,,9260.206
2020-01-14 00:00:00+00:00,36.13,36.54,34.860676,51.35132,0.5160713,0.5673076923076923,-10.0,10230.17884061395,0.0,10220.17884061395,0,,9321.431
2020-01-15 00:00:00+00:00,36.57,36.79,34.863976,48.387096,0.5323571,0.5789473684210527,-10.0,10300.171460867436,0.0,10290.171460867436,0,,9385.206
2020-01-16 00:00:00+00:00,36.91,38.23,34.867176,54.982826,0.53735733,0.5789473684210527,-10.0,10703.331078922034,0.0,10693.331078922034,0,,9752.553
2020-01-17 00:00:00+00:00,38.31,38.575,34.879826,67.65431,0.61664283,0.5673076923076923,-10.0,10799.922023371526,0.0,10789.922023371526,0,,9840.564
2020-01-21 00:00:00+00:00,38.4,38.41,34.8952,71.41205,0.63164276,0.5673076923076923,-10.0,10753.726349180813,0.0,10743.726349180813,0,,9798.472
2020-01-22 00:00:00+00:00,38.41,38.4,34.9071,73.45237,0.63271415,0.5789473684210527,-10.0,10750.927224286263,0.0,10740.927224286263,0,,9795.922
2020-01-23 00:00:00+00:00,38.11,36.9,34.9142,73.98078,0.63914245,0.5673076923076923,-10.0,10330.96912958758,0.0,10320.96912958758,0,,9413.268
2020-01-24 00:00:00+00:00,36.94,36.04,34.91445,53.921585,0.70449966,0.5673076923076923,-10.0,10090.1929743997,0.0,10080.1929743997,0,,9193.88
2020-01-27 00:00:00+00:00,35.81,36.37,34.9102,49.50902,0.76521385,0.5673076923076923,-10.0,10182.583478564831,0.0,10172.583478564831,0,,9278.063
2020-01-28 00:00:00+00:00,36.5,36.62,34.9124,52.793068,0.7902137,0.5673076923076923,-10.0,10252.576989829275,0.0,10242.576989829275,0,,9341.839
2020-01-29 00:00:00+00:00,36.38,35.99,34.91345,51.219494,0.783071,0.5673076923076923,-10.0,10076.19545882929,0.0,10066.19545882929,0,,9181.125
2020-01-30 00:00:00+00:00,35.6,36.46,34.90865,46.805374,0.7969998,0.5673076923076923,-10.0,10207.781898453579,0.0,10197.781898453579,0,,9301.022
2020-01-31 00:00:00+00:00,36.35,36.33,34.90605,49.719093,0.8312858,0.5673076923076923,-10.0,10171.386151663193,0.0,10161.386151663193,0,,9267.86
2020-02-03 00:00:00+00:00,36.5,36.83,34.90165,51.792267,0.83992875,0.5673076923076923,-10.0,10311.372014777731,0.0,10301.372014777731,0,,9395.411
2020-02-04 00:00:00+00:00,37.27,37.4,34.89475,53.72193,0.85921425,0.5673076923076923,-10.0,10470.955605188743,0.0,10460.955605188743,0,,9540.819
2020-02-05 00:00:00+00:00,37.81,37.93,34.89215,55.771824,0.8507854,0.5673076923076923,-10.0,10619.340810281461,0.0,10609.340810281461,0,,9676.023
2020-02-06 00:00:00+00:00,38.26,36.5,34.8956,57.373875,0.8814994,0.5673076923076923,-10.0,10218.980928723186,0.0,10208.980928723186,0,,9311.228
2020-02-07 00:00:00+00:00,36.45,36.37,34.8901,38.795326,0.9379281,0.5673076923076923,-10.0,10182.584234218219,0.0,10172.584234218219,0,,9278.063
2020-02-10 00:00:00+00:00,36.22,36.78,34.8847,35.30976,0.9379281,0.5673076923076923,-10.0,10297.372775786598,0.0,10287.372775786598,0,,9382.655
2020-02-11 00:00:00+00:00,36.85,36.61,34.8804,39.48385,0.95649964,0.5673076923076923,-10.0,10249.777884482917,0.0,10239.777884482917,0,,9339.288
2020-02-12 00:00:00+00:00,36.77,37.16,34.8739,38.685184,0.97078544,0.5673076923076923,-10.0,10403.762670530146,0.0,10393.762670530146,0,,9479.595
2020-02-13 00:00:00+00:00,36.95,37.52,34.86605,51.867805,0.89292824,0.25,-10.0,10504.553288557434,0.0,10494.553288557434,0,,9571.433
2020-02-14 00:00:00+00:00,37.53,37.31,34.86115,61.455128,0.8564998,0.5673076923076923,-10.0,10445.759352608697,0.0,10435.759352608697,0,,9517.861
2020-02-18 00:00:00+00:00,37.26,37.22,34.854,57.41328,0.8443571,0.5673076923076923,-10.0,10420.562092169297,0.0,10410.562092169297,0,,9494.902
2020-02-19 00:00:00+00:00,37.24,37.53,34.8559,54.854397,0.8311427,0.5673076923076923,-10.0,10507.352822132312,0.0,10497.352822132312,0,,9573.983
2020-02-20 00:00:00+00:00,37.18,36.54,34.85845,63.13993,0.82149994,0.5673076923076923,-10.0,10230.180727884126,0.0,10220.180727884126,0,,9321.432
2020-02-21 00:00:00+00:00,36.29,35.5,34.8546,50.626976,0.8700711,0.5673076923076923,-10.0,9939.009398271744,0.0,9929.009398271744,0,,9056.125
2020-02-24 00:00:00+00:00,35.27,34.27,34.8486,44.30725,0.91571397,0.5673076923076923,-10.0,9594.643773595495,0.0,9584.643773595495,0,,8742.35
2020-02-25 00:00:00+00:00,34.41,32.83,34.83585,34.03988,0.9507141,0.5789473684210527,-10.0,9191.484629202721,0.0,9181.484629202721,0,,8375.003
2020-02-26 00:00:00+00:00,33.36,32.4,34.81015,24.29694,1.0339285,0.5789473684210527,-10.0,9071.09674134579,0.0,9061.09674134579,0,,8265.31
2020-02-27 00:00:00+00:00,31.99,30.99,34.7819,18.543783,1.0710714,0.5789473684210527,-10.0,8676.335825542394,0.0,8666.335825542394,0,,7905.6147
2020-02-28 00:00:00+00:00,30.2,30.45,34.74935,18.58607,1.0217859,0.5789473684210527,-10.0,8525.151185140154,0.0,8515.151185140154,0,,7767.8604
2020-03-02 00:00:00+00:00,30.48,31.79,34.7142,17.755976,1.0825001,0.5789473684210527,-10.0,8900.313984569955,0.0,8890.313984569955,0,,8109.6973
2020-03-03 00:00:00+00:00,31.19,30.71,34.687,25.321457,1.1521428,0.5789473684210527,-10.0,8597.943808110804,0.0,8587.943808110804,0,,7834.1865
2020-03-04 00:00:00+00:00,31.04,30.67,34.65895,23.230474,1.2428571,0.5789473684210527,-10.0,8586.745152261416,0.0,8576.745152261416,0,,7823.983
2020-03-05 00:00:00+00:00,29.83,29.12,34.62815,19.124634,1.2807143,0.5789473684210527,-10.0,8152.7887079878055,0.0,8142.7887079878055,0,,7428.5747
2020-03-06 00:00:00+00:00,27.71,28.52,34.59035,14.1025505,1.35,0.5789473684210527,-10.0,7984.8051304669125,0.0,7974.8051304669125,0,,7275.5127
2020-03-09 00:00:00+00:00,26.75,27.13,34.54705,13.647628,1.4200001,0.5789473684210527,-10.0,7595.643579569511,0.0,7585.643579569511,0,,6920.9204
2020-03-10 00:00:00+00:00,27.96,28.76,34.49935,12.322614,1.539643,0.6666666666666666,-10.0,8051.998385655609,0.0,8041.998385655609,0,,7336.7373
2020-03-11 00:00:00+00:00,27.82,27.52,34.4606,20.190353,1.6532142,0.5789473684210527,-10.0,7704.832956286834,0.0,7694.832956286834,0,,7020.411
2020-03-12 00:00:00+00:00,26.55,25.56,34.41595,19.852945,1.6410716,0.6666666666666666,-10.0,7156.087094569516,0.0,7146.087094569516,0,,6520.41
2020-03-13 00:00:00+00:00,26.4,25.38,34.36295,18.702774,1.774643,0.6666666666666666,-10.0,7105.691862713206,0.0,7095.691862713206,0,,6474.491
2020-03-16 00:00:00+00:00,23.3,23.19,34.31335,20.026976,1.9265716,0.5789473684210527,-10.0,6492.553133968176,0.0,6482.553133968176,0,,5915.8174
2020-03-17 00:00:00+00:00,23.5,23.79,34.25525,19.062904,1.9833573,0.6666666666666666,-10.0,6660.536157158251,0.0,6650.536157158251,0,,6068.879
2020-03-18 00:00:00+00:00,22.54,21.41,34.20065,22.666672,2.0505004,0.6666666666666666,-10.0,5994.202101425356,0.0,5984.202101425356,0,,5461.7354
2020-03-19 00:00:00+00:00,21.43,21.94,34.1388,21.35168,2.1633575,0.6666666666666666,-10.0,6142.587151719491,0.0,6132.587151719491,0,,5596.9395
2020-03-20 00:00:00+00:00,22.3,20.05,34.07805,24.536213,2.246929,0.6666666666666666,-10.0,5613.439573139123,0.0,5603.439573139123,0,,5114.7964
2020-03-23 00:00:00+00:00,20.13,19.81,34.0082,15.990737,2.3276432,0.6666666666666666,-10.0,5546.246459047006,0.0,5536.246459047006,0,,5053.5723
2020-03-24 00:00:00+00:00,20.82,21.65,33.93855,16.808779,2.2905004,0.6666666666666666,-10.0,6061.395112262452,0.0,6051.395112262452,0,,5522.96
2020-03-25 00:00:00+00:00,21.65,23.34,33.8784,25.246986,2.3462145,0.5789473684210527,-10.0,6534.54780224822,0.0,6524.54780224822,0,,5954.082
2020-03-26 00:00:00+00:00,23.46,24.6,33.8264,34.259262,2.454786,0.5673076923076923,-10.0,6887.313026172728,0.0,6877.313026172728,0,,6275.5107
2020-03-27 00:00:00+00:00,23.71,22.04,33.78025,39.69506,2.4455001,0.5673076923076923,-10.0,6170.584789141714,0.0,6160.584789141714,0,,5622.4497
2020-03-30 00:00:00+00:00,22.11,23.77,33.71695,37.394756,2.4819286,0.5789473684210527,-10.0,6654.936173254542,0.0,6644.936173254542,0,,6063.776
2020-03-31 00:00:00+00:00,23.95,22.88,33.6611,37.703304,2.4990716,0.5673076923076923,-10.0,6405.760673244866,0.0,6395.760673244866,0,,5836.735
2020-04-01 00:00:00+00:00,21.85,21.565,33.6007,38.365093,2.5062144,0.5789473684210527,-10.0,6037.597783560684,0.0,6027.597783560684,0,,5501.276
2020-04-02 00:00:00+00:00,21.56,21.84,33.529526,39.64758,2.3912141,0.5977803461356093,-10.0,6114.590289075405,0.0,6104.590289075405,0,,5571.429
2020-04-03 00:00:00+00:00,21.73,21.59,33.459576,40.871586,2.245,0.5789473684210527,-10.0,6044.597226981786,0.0,6034.597226981786,0,,5507.6533
2020-04-06 00:00:00+00:00,22.78,24.45,33.388824,45.415474,2.1071427,0.5789473684210527,-10.0,6845.317886707659,0.0,6835.317886707659,0,,6237.2456
2020-04-07 00:00:00+00:00,25.69,24.97,33.334324,51.67428,2.1614285,0.5789473684210527,-10.0,6990.903360904539,0.0,6980.903360904539,0,,6369.899
2020-04-08 00:00:00+00:00,25.04,25.82,33.279774,59.97199,2.078571,0.5789473684210527,-10.0,7228.879364697194,0.0,7218.879364697194,0,,6586.7354
2020-04-09 00:00:00+00:00,25.92,25.64,33.231174,60.676937,1.9664285,0.5789473684210527,-10.0,7178.4842496498,0.0,7168.4842496498,0,,6540.817
2020-04-13 00:00:00+00:00,25.46,25.4,33.183426,66.98056,1.8621427,0.5789473684210527,-10.0,7111.290959353648,0.0,7101.290959353648,0,,6479.5923
2020-04-14 00:00:00+00:00,25.8,26.01,33.133877,66.98056,1.8549998,0.5789473684210527,-10.0,7282.074188869251,0.0,7272.074188869251,0,,6635.2046
2020-04-15 00:00:00+00:00,25.15,25.17,33.085175,64.31386,1.7742856,0.5673076923076923,-10.0,7046.89751549364,0.0,7036.89751549364,0,,6420.919
2020-04-16 00:00:00+00:00,25.16,25.13,33.028374,56.363003,1.6442856,0.5789473684210527,-10.0,7035.698313644202,0.0,7025.698313644202,0,,6410.7144
2020-04-17 00:00:00+00:00,25.75,26.23,32.974224,52.01367,1.6035713,0.5789473684210527,-10.0,7343.6681298266985,0.0,7333.6681298266985,0,,6691.327
2020-04-20 00:00:00+00:00,25.46,25.69,32.922726,67.905975,1.5,0.5789473684210527,-10.0,7192.483397506786,0.0,7182.483397506786,0,,6553.5723
2020-04-21 00:00:00+00:00,24.91,25.05,32.869427,59.13416,1.3950002,0.5789473684210527,-10.0,7013.300823604851,0.0,7003.300823604851,0,,6390.307
2020-04-22 00:00:00+00:00,25.68,24.59,32.811874,60.57505,1.3485717,0.5789473684210527,-10.0,6884.513915756762,0.0,6874.513915756762,0,,6272.9604
2020-04-23 00:00:00+00:00,24.63,24.45,32.754173,66.08187,1.3292859,0.5789473684210527,-10.0,6845.317789014448,0.0,6835.317789014448,0,,6237.2456
2020-04-24 00:00:00+00:00,24.48,24.52,32.696377,64.077675,1.3078574,0.5789473684210527,-10.0,6864.91545671104,0.0,6854.91545671104,0,,6255.1025
2020-04-27 00:00:00+00:00,24.83,26.01,32.638275,66.116615,1.2917861,0.5789473684210527,-10.0,7282.073693718603,0.0,7272.073693718603,0,,6635.2046
2020-04-28 00:00:00+00:00,26.65,26.97,32.586777,60.103626,1.1982145,0.5789473684210527,-10.0,7550.846768417885,0.0,7540.846768417885,0,,6880.102
2020-04-29 00:00:00+00:00,27.73,27.95,32.536823,62.2549,1.1775001,0.5673076923076923,-10.0,7825.220223193134,0.0,7815.220223193134,0,,7130.103
2020-04-30 00:00:00+00:00,27.4,25.56,32.491375,62.84681,1.1925001,0.5673076923076923,-10.0,7156.086453552397,0.0,7146.086453552397,0,,6520.409
2020-05-01 00:00:00+00:00,25.0,25.02,32.435726,49.61905,1.2914288,0.5789473684210527,-10.0,7004.901624598133,0.0,6994.901624598133,0,,6382.654
2020-05-04 00:00:00+00:00,24.85,24.63,32.379974,48.240746,1.2607145,0.5789473684210527,-10.0,6895.712242208444,0.0,6885.712242208444,0,,6283.1636
2020-05-05 00:00:00+00:00,24.82,23.85,32.320076,43.478256,1.2621431,0.5789473684210527,-10.0,6677.3342548932505,0.0,6667.3342548932505,0,,6084.184
2020-05-06 00:00:00+00:00,23.89,24.61,32.257076,43.72624,1.2564288,0.5789473684210527,-10.0,6890.113087767014,0.0,6880.113087767014,0,,6278.062
2020-05-07 00:00:00+00:00,26.25,25.01,32.198524,47.68684,1.2892859,0.5789473684210527,-10.0,7002.1021649716695,0.0,6992.1021649716695,0,,6380.1025
2020-05-08 00:00:00+00:00,25.62,25.73,32.141026,44.21253,1.3550001,0.5789473684210527,-10.0,7203.681814697802,0.0,7193.681814697802,0,,6563.7764
2020-05-11 00:00:00+00:00,25.81,25.45,32.085224,50.18656,1.3521429,0.5789473684210527,-10.0,7125.28991702212,0.0,7115.28991702212,0,,6492.3477
2020-05-12 00:00:00+00:00,25.59,24.89,32.025326,51.93051,1.3607142,0.5789473684210527,-10.0,6968.504978596854,0.0,6958.504978596854,0,,6349.49
2020-05-13 00:00:00+00:00,24.72,24.06,31.962324,51.434032,1.3264287,0.5789473684210527,-10.0,6736.12824589873,0.0,6726.12824589873,0,,6137.7554
2020-05-14 00:00:00+00:00,23.67,25.12,31.894175,48.251114,1.3492858,0.5789473684210527,-10.0,7032.898714160155,0.0,7022.898714160155,0,,6408.164
2020-05-15 00:00:00+00:00,24.97,25.5,31.830524,52.471172,1.4417858,0.5789473684210527,-10.0,7139.287491431757,0.0,7129.287491431757,0,,6505.102
2020-05-18 00:00:00+00:00,26.66,26.855,31.772024,47.68812,1.3817858,0.5789473684210527,-10.0,7518.649118705702,0.0,7508.649118705702,0,,6850.7646
2020-05-19 00:00:00+00:00,26.72,26.94,31.7221,49.49672,1.3703574,0.5673076923076923,-10.0,7542.446589364809,0.0,7532.446589364809,0,,6872.448
2020-05-20 00:00:00+00:00,27.04,27.37,31.674,45.204178,1.3525002,0.5789473684210527,-10.0,7662.8346613353215,0.0,7652.8346613353215,0,,6982.142
2020-05-21 00:00:00+00:00,27.07,27.23,31.63085,60.5601,1.2128572,0.5789473684210527,-10.0,7623.638101848546,0.0,7613.638101848546,0,,6946.4277
2020-05-22 00:00:00+00:00,27.16,27.37,31.585001,63.52508,1.1892859,0.5789473684210527,-10.0,7662.834102864999,0.0,7652.834102864999,0,,6982.1416
2020-05-26 00:00:00+00:00,28.4,28.59,31.5379,67.29799,1.162857,0.5789473684210527,-10.0,8004.400181437389,0.0,7994.400181437389,0,,7293.366
2020-05-27 00:00:00+00:00,28.99,29.3,31.50585,78.34927,1.1642855,0.5673076923076923,-10.0,8203.179841924231,0.0,8193.179841924231,0,,7474.488
2020-05-28 00:00:00+00:00,29.42,28.66,31.4755,78.219,1.150714,0.5673076923076923,-10.0,8023.998141122923,0.0,8013.998141122923,0,,7311.223
2020-05-29 00:00:00+00:00,28.56,28.78,31.44475,71.345024,1.0771427,0.5673076923076923,-10.0,8057.595480599127,0.0,8047.595480599127,0,,7341.836
2020-06-01 00:00:00+00:00,28.89,29.14,31.41365,69.18239,1.0714284,0.5673076923076923,-10.0,8158.384967219466,0.0,8148.384967219466,0,,7433.6724
2020-06-02 00:00:00+00:00,29.18,28.87,31.39105,72.976326,1.042857,0.5673076923076923,-10.0,8082.793108406045,0.0,8072.793108406045,0,,7364.796
2020-06-03 00:00:00+00:00,29.21,30.22,31.37135,75.7106,1.0364285,0.5673076923076923,-10.0,8460.754814363645,0.0,8450.754814363645,0,,7709.183
2020-06-04 00:00:00+00:00,30.03,29.945,31.3574,87.28814,1.0514284,0.01,-10.0,8383.762785515491,0.0,8373.762785515491,0,,7639.0303
2020-06-05 00:00:00+00:00,30.96,30.25,31.339125,82.274254,0.98071414,0.5673076923076923,-10.0,8469.154435257287,0.0,8459.154435257287,0,,7716.8364
2020-06-08 00:00:00+00:00,30.39,31.68,31.323576,82.094604,1.0296428,0.5673076923076923,-10.0,8869.514081292738,0.0,8859.514081292738,0,,8081.632
2020-06-09 00:00:00+00:00,31.27,30.33,31.316225,82.27426,1.0482141,0.01,-10.0,8491.551929631147,0.0,8481.551929631147,0,,7737.2437
2020-06-10 00:00:00+00:00,30.13,29.73,31.303776,69.39359,1.0767854,0.5673076923076923,-10.0,8323.568449169728,0.0,8313.568449169728,0,,7584.1826
2020-06-11 00:00:00+00:00,28.71,27.62,31.295225,63.24354,1.1046426,0.5673076923076923,-10.0,7732.827937822897,0.0,7722.827937822897,0,,7045.918
2020-06-12 00:00:00+00:00,28.38,27.95,31.274775,51.792286,1.223214,0.5789473684210527,-10.0,7825.218762724507,0.0,7815.218762724507,0,,7130.102
2020-06-15 00:00:00+00:00,26.97,28.86,31.256426,52.619694,1.2874998,0.5789473684210527,-10.0,8079.992888874999,0.0,8069.992888874999,0,,7362.244
2020-06-16 00:00:00+00:00,29.7,28.02,31.242926,51.25465,1.3659999,0.5673076923076923,-10.0,7844.8164467579245,0.0,7834.8164467579245,0,,7147.9585
2020-06-17 00:00:00+00:00,28.0,27.76,31.220776,44.12305,1.4492142,0.5789473684210527,-10.0,7772.023827888266,0.0,7762.023827888266,0,,7081.632
2020-06-18 00:00:00+00:00,27.57,28.66,31.195576,45.718365,1.411357,0.5789473684210527,-10.0,8023.998703857155,0.0,8013.998703857155,0,,7311.2236
2020-06-19 00:00:00+00:00,29.15,27.82,31.176725,49.46855,1.4363571,0.5673076923076923,-10.0,7788.822093706051,0.0,7778.822093706051,0,,7096.938
2020-06-22 00:00:00+00:00,27.55,27.6,31.149775,44.392525,1.5120715,0.5789473684210527,-10.0,7727.2286568904165,0.0,7717.2286568904165,0,,7040.816
2020-06-23 00:00:00+00:00,27.86,27.81,31.118225,44.58191,1.5027857,0.5789473684210527,-10.0,7786.022451552735,0.0,7776.022451552735,0,,7094.3867
2020-06-24 00:00:00+00:00,27.39,27.01,31.087925,38.610584,1.4342144,0.5789473684210527,-10.0,7562.04480832169,0.0,7552.04480832169,0,,6890.305
2020-06-25 00:00:00+00:00,26.75,26.75,31.053024,36.785233,1.4699286,0.5789473684210527,-10.0,7489.251880430725,0.0,7479.251880430725,0,,6823.9785
2020-06-26 00:00:00+00:00,26.62,25.75,31.015675,34.17721,1.4213572,0.5789473684210527,-10.0,7209.279688984908,0.0,7199.279688984908,0,,6568.8765
2020-06-29 00:00:00+00:00,25.99,26.79,30.974575,22.107235,1.3892144,0.5789473684210527,-10.0,7500.450569444152,0.0,7490.450569444152,0,,6834.1826
2020-06-30 00:00:00+00:00,26.76,26.84,30.940025,32.84884,1.3763572,0.5789473684210527,-10.0,7514.448965139269,0.0,7504.448965139269,0,,6846.9375
2020-07-01 00:00:00+00:00,26.8,26.915,30.905676,35.209824,1.3227857,0.5789473684210527,-10.0,7535.447228282787,0.0,7525.447228282787,0,,6866.071
2020-07-02 00:00:00+00:00,27.46,26.55,30.8728,45.44279,1.2242144,0.5789473684210527,-10.0,7433.257153756781,0.0,7423.257153756781,0,,6772.958
2020-07-06 00:00:00+00:00,26.94,26.53,30.84145,40.990982,1.2135001,0.5789473684210527,-10.0,7427.658246843261,0.0,7417.658246843261,0,,6767.8564
2020-07-07 00:00:00+00:00,26.26,25.77,30.8116,33.06686,1.0973572,0.5789473684210527,-10.0,7214.879407931708,0.0,7204.879407931708,0,,6573.9785
2020-07-08 00:00:00+00:00,25.76,25.39,30.7806,33.45588,0.99128586,0.5789473684210527,-10.0,7108.489581924505,0.0,7098.489581924505,0,,6477.0396
2020-07-09 00:00:00+00:00,25.28,24.451,30.74715,32.875717,0.99914306,0.5789473684210527,-10.0,6845.596218217686,0.0,6835.596218217686,0,,6237.499
2020-07-10 00:00:00+00:00,24.33,25.39,30.708506,19.758587,1.0098572,0.5789473684210527,-10.0,7108.489516092474,0.0,7098.489516092474,0,,6477.0396
2020-07-13 00:00:00+00:00,25.38,25.05,30.677805,32.785484,0.9662857,0.5789473684210527,-10.0,7013.299181943297,0.0,7003.299181943297,0,,6390.305
2020-07-14 00:00:00+00:00,24.67,25.13,30.643055,32.23738,1.0062858,0.5789473684210527,-10.0,7035.696972504527,0.0,7025.696972504527,0,,6410.7134
2020-07-15 00:00:00+00:00,25.33,26.25,30.611355,30.987513,1.0191429,0.5789473684210527,-10.0,7349.266027623372,0.0,7339.266027623372,0,,6696.428
2020-07-16 00:00:00+00:00,25.95,26.395,30.585205,44.842564,1.012,0.5673076923076923,-10.0,7389.861909553006,0.0,7379.861909553006,0,,6733.4175
2020-07-17 00:00:00+00:00,26.51,25.26,30.55948,47.552742,0.99521434,0.5673076923076923,-10.0,7072.093569596673,0.0,7062.093569596673,0,,6443.8765
2020-07-20 00:00:00+00:00,25.08,24.82,30.52988,46.683815,0.99664295,0.5789473684210527,-10.0,6948.9057519766975,0.0,6938.9057519766975,0,,6331.6313
2020-07-21 00:00:00+00:00,24.97,25.35,30.50243,35.489094,0.9809287,0.5789473684210527,-10.0,7097.29075095866,0.0,7087.29075095866,0,,6466.835
2020-07-22 00:00:00+00:00,25.25,25.87,30.47723,39.74959,1.0123574,0.5789473684210527,-10.0,7242.876193582807,0.0,7232.876193582807,0,,6599.4883
2020-07-23 00:00:00+00:00,25.92,26.13,30.454155,43.225723,1.0030715,0.5673076923076923,-10.0,7315.668385475954,0.0,7305.668385475954,0,,6665.8145
2020-07-24 00:00:00+00:00,26.48,26.49,30.432356,47.239746,0.9573571,0.5789473684210527,-10.0,7416.458221721279,0.0,7406.458221721279,0,,6757.651
2020-07-27 00:00:00+00:00,26.38,25.69,30.41463,49.74836,0.97142875,0.5673076923076923,-10.0,7192.480707420087,0.0,7182.480707420087,0,,6553.5693
2020-07-28 00:00:00+00:00,25.56,25.71,30.39178,49.49925,0.99157155,0.5789473684210527,-10.0,7198.0795980846,0.0,7188.0795980846,0,,6558.671
2020-07-29 00:00:00+00:00,25.67,25.92,30.368204,52.097534,0.99121445,0.5789473684210527,-10.0,7256.874241484453,0.0,7246.874241484453,0,,6612.243
2020-07-30 00:00:00+00:00,25.46,25.88,30.342005,60.64647,0.94328606,0.5789473684210527,-10.0,7245.675260021362,0.0,7235.675260021362,0,,6602.0386
2020-07-31 00:00:00+00:00,25.65,25.77,30.316355,54.08333,0.9197146,0.5789473684210527,-10.0,7214.878621466022,0.0,7204.878621466022,0,,6573.978
2020-08-03 00:00:00+00:00,25.87,26.25,30.288006,56.239178,0.87971455,0.5789473684210527,-10.0,7349.265348051105,0.0,7339.265348051105,0,,6696.427
2020-08-04 00:00:00+00:00,26.16,26.71,30.26133,59.076183,0.87614316,0.5789473684210527,-10.0,7478.0521510777235,0.0,7468.0521510777235,0,,6813.7734
2020-08-05 00:00:00+00:00,26.0,24.85,30.23743,54.17422,0.8511432,0.5789473684210527,-10.0,6957.304366419654,0.0,6947.304366419654,0,,6339.284
2020-08-06 00:00:00+00:00,24.98,25.16,30.204056,39.307953,0.9782858,0.5789473684210527,-10.0,7044.095175184153,0.0,7034.095175184153,0,,6418.365
2020-08-07 00:00:00+00:00,24.94,24.89,30.169405,49.218746,0.9293571,0.5789473684210527,-10.0,6968.502598708384,0.0,6958.502598708384,0,,6349.4873
2020-08-10 00:00:00+00:00,24.9,24.68,30.130005,50.561794,0.9072143,0.5789473684210527,-10.0,6909.708665832406,0.0,6899.708665832406,0,,6295.916
2020-08-11 00:00:00+00:00,24.93,24.94,30.090355,44.331635,0.88935715,0.5789473684210527,-10.0,6982.501635050375,0.0,6972.501635050375,0,,6362.2427
2020-08-12 00:00:00+00:00,25.17,25.21,30.057055,41.7699,0.9129286,0.5789473684210527,-10.0,7058.093306932702,0.0,7048.093306932702,0,,6431.1196
2020-08-13 00:00:00+00:00,24.97,25.69,30.024605,41.872784,0.9129287,0.5789473684210527,-10.0,7192.480163844277,0.0,7182.480163844277,0,,6553.569
2020-08-14 00:00:00+00:00,25.67,25.82,29.992004,43.079586,0.89221424,0.5673076923076923,-10.0,7228.876380055003,0.0,7218.876380055003,0,,6586.7314
2020-08-17 00:00:00+00:00,25.93,25.71,29.960855,51.272007,0.86207134,0.5789473684210527,-10.0,7198.079186519389,0.0,7188.079186519389,0,,6558.6704
2020-08-18 00:00:00+00:00,25.78,25.735,29.932606,50.0,0.86171407,0.5789473684210527,-10.0,7205.078527998266,0.0,7195.078527998266,0,,6565.0483
2020-08-19 00:00:00+00:00,25.78,25.92,29.90508,48.155537,0.835357,0.5789473684210527,-10.0,7256.873515971703,0.0,7246.873515971703,0,,6612.2417
2020-08-20 00:00:00+00:00,25.73,25.92,29.87538,50.387608,0.8178569,0.5789473684210527,-10.0,7256.873515971703,0.0,7246.873515971703,0,,6612.2417
2020-08-21 00:00:00+00:00,25.78,26.01,29.84548,51.485146,0.80499977,0.5789473684210527,-10.0,7282.0708973369665,0.0,7272.0708973369665,0,,6635.201
2020-08-24 00:00:00+00:00,25.99,27.05,29.81478,47.424892,0.77249974,0.5789473684210527,-10.0,7573.241471767227,0.0,7563.241471767227,0,,6900.507
2020-08-25 00:00:00+00:00,27.19,26.96,29.78838,53.244278,0.79392844,0.5673076923076923,-10.0,7548.043851840565,0.0,7538.043851840565,0,,6877.5474
2020-08-26 00:00:00+00:00,26.8,27.15,29.75193,80.40344,0.6792856,0.5789473684210527,-10.0,7601.238947436516,0.0,7591.238947436516,0,,6926.0176
2020-08-27 00:00:00+00:00,27.43,27.64,29.71553,79.701485,0.6704999,0.5789473684210527,-10.0,7738.42556682856,0.0,7728.42556682856,0,,7051.018
2020-08-28 00:00:00+00:00,27.83,27.92,29.68263,88.51541,0.6690713,0.5673076923076923,-10.0,7816.818032687439,0.0,7806.818032687439,0,,7122.447
2020-08-31 00:00:00+00:00,27.9,27.8,29.65318,94.50548,0.6551428,0.5673076923076923,-10.0,7783.22110388119,0.0,7773.22110388119,0,,7091.8345
2020-09-01 00:00:00+00:00,27.36,27.49,29.62433,90.8571,0.63407147,0.5789473684210527,-10.0,7696.42981878368,0.0,7686.42981878368,0,,7012.753
2020-09-02 00:00:00+00:00,27.58,27.99,29.59453,82.20338,0.6469285,0.5789473684210527,-10.0,7836.416152157553,0.0,7826.416152157553,0,,7140.3047
2020-09-03 00:00:00+00:00,28.28,27.51,29.566505,82.303345,0.64121425,0.5673076923076923,-10.0,7702.029674450551,0.0,7692.029674450551,0,,7017.8555
2020-09-04 00:00:00+00:00,27.93,27.76,29.531755,71.61125,0.69085705,0.5673076923076923,-10.0,7772.02235096407,0.0,7762.02235096407,0,,7081.631
2020-09-08 00:00:00+00:00,27.59,27.84,29.493404,75.30865,0.69371426,0.6287878787878788,-10.0,7794.420422293015,0.0,7784.420422293015,0,,7102.0396
2020-09-09 00:00:00+00:00,28.04,28.29,29.45763,75.63946,0.7258571,0.6287878787878788,-10.0,7920.40807768227,0.0,7910.40807768227,0,,7216.8354
2020-09-10 00:00:00+00:00,28.37,28.15,29.42518,77.11671,0.76049995,0.4888888888888889,-10.0,7881.211603042751,0.0,7871.211603042751,0,,7181.121
2020-09-11 00:00:00+00:00,28.15,28.14,29.391556,74.722824,0.7869286,0.6287878787878788,-10.0,7878.411852407477,0.0,7868.411852407477,0,,7178.57
2020-09-14 00:00:00+00:00,28.42,28.7,29.358006,74.04061,0.82442856,0.4888888888888889,-10.0,8035.196663167165,0.0,8025.196663167165,0,,7321.4272
2020-09-15 00:00:00+00:00,28.78,28.64,29.325556,70.88607,0.82014287,0.4888888888888889,-10.0,8018.398016540657,0.0,8008.398016540657,0,,7306.121
2020-09-16 00:00:00+00:00,28.79,29.46,29.293606,71.42854,0.80478585,0.6287878787878788,-10.0,8247.975412506554,0.0,8237.975412506554,0,,7515.3047
2020-09-17 00:00:00+00:00,28.85,28.77,29.266005,75.38458,0.85250026,0.4888888888888889,-10.0,8054.795242304678,0.0,8044.795242304678,0,,7339.285
2020-09-18 00:00:00+00:00,28.72,28.0,29.23578,61.894737,0.8789287,0.6287878787878788,-10.0,7839.216418710162,0.0,7829.216418710162,0,,7142.856
2020-09-21 00:00:00+00:00,27.59,26.89,29.20403,50.76336,0.9285716,0.6287878787878788,-10.0,7528.4473779804675,0.0,7518.4473779804675,0,,6859.693
2020-09-22 00:00:00+00:00,26.9,26.95,29.16528,42.696636,0.9875001,0.6287878787878788,-10.0,7545.246050420644,0.0,7535.246050420644,0,,6874.9995
2020-09-23 00:00:00+00:00,27.01,25.98,29.126856,45.484962,0.9746429,0.6287878787878788,-10.0,7273.672858597709,0.0,7263.672858597709,0,,6627.5503
2020-09-24 00:00:00+00:00,26.12,26.22,29.083755,34.418617,1.0107144,0.6287878787878788,-10.0,7340.866215449205,0.0,7330.866215449205,0,,6688.775
2020-09-25 00:00:00+00:00,26.01,26.78,29.040905,39.61353,0.9717143,0.6287878787878788,-10.0,7497.650782434849,0.0,7487.650782434849,0,,6831.6323
2020-09-28 00:00:00+00:00,27.35,27.9,29.000206,42.484676,0.98457134,0.6287878787878788,-10.0,7811.2189958978715,0.0,7801.2189958978715,0,,7117.3457
2020-09-29 00:00:00+00:00,27.94,27.82,28.963255,50.39682,1.0095712,0.4888888888888889,-10.0,7788.8211015013485,0.0,7778.8211015013485,0,,7096.938
2020-09-30 00:00:00+00:00,27.95,27.97,28.922556,46.731567,0.99171406,0.4888888888888889,-10.0,7830.8171488099015,0.0,7820.8171488099015,0,,7135.2036
2020-10-01 00:00:00+00:00,28.21,28.21,28.883104,48.75,1.0002855,0.4888888888888889,-10.0,7898.009987902417,0.0,7888.009987902417,0,,7196.4277
2020-10-02 00:00:00+00:00,27.91,28.17,28.844706,50.47106,0.98028564,0.4888888888888889,-10.0,7886.811594701053,0.0,7876.811594701053,0,,7186.2236
2020-10-05 00:00:00+00:00,28.42,28.89,28.804356,46.164974,0.9542142,0.4888888888888889,-10.0,8088.391146393285,0.0,8078.391146393285,0,,7369.897
2020-10-06 00:00:00+00:00,28.97,28.12,28.768805,51.651257,0.9663571,0.6287878787878788,-10.0,7872.813252144914,0.0,7862.813252144914,0,,7173.4683
2020-10-07 00:00:00+00:00,28.68,29.11,28.729155,41.090435,0.9620713,0.6287878787878788,-10.0,8149.985079767472,0.0,8139.985079767472,0,,7426.0195
2020-10-08 00:00:00+00:00,29.35,29.63,28.693605,52.173916,0.96921414,0.6287878787878788,-10.0,8295.57049325121,0.0,8285.57049325121,0,,7558.6724
2020-10-09 00:00:00+00:00,29.91,29.2,28.658606,60.76618,0.9292142,0.4888888888888889,-10.0,8175.183175960646,0.0,8165.183175960646,0,,7448.979
2020-10-12 00:00:00+00:00,29.43,29.13,28.622105,66.76344,0.8799286,0.4888888888888889,-10.0,8155.584819037951,0.0,8145.584819037951,0,,7431.1216
2020-10-13 00:00:00+00:00,29.08,27.47,28.583755,65.7971,0.8792144,0.4888888888888889,-10.0,7690.831358153051,0.0,7680.831358153051,0,,7007.652
2020-10-14 00:00:00+00:00,27.47,27.13,28.53748,59.81555,0.91457146,0.4888888888888889,-10.0,7595.640839365791,0.0,7585.640839365791,0,,6920.917
2020-10-15 00:00:00+00:00,26.92,27.2,28.49093,55.91678,0.90214306,0.6287878787878788,-10.0,7615.239758038361,0.0,7605.239758038361,0,,6938.7754
2020-10-16 00:00:00+00:00,27.31,27.12,28.44493,52.916668,0.8828573,0.6287878787878788,-10.0,7592.841881903227,0.0,7582.841881903227,0,,6918.367
2020-10-19 00:00:00+00:00,27.19,26.25,28.39823,43.66884,0.8471432,0.6287878787878788,-10.0,7349.265817580315,0.0,7339.265817580315,0,,6696.428
2020-10-20 00:00:00+00:00,26.54,26.18,28.34898,38.705032,0.869286,0.6287878787878788,-10.0,7329.667881700327,0.0,7319.667881700327,0,,6678.5713
2020-10-21 00:00:00+00:00,26.09,26.75,28.299805,36.972343,0.83285743,0.4888888888888889,-10.0,7489.252230130215,0.0,7479.252230130215,0,,6823.9795
2020-10-22 00:00:00+00:00,26.74,27.41,28.251205,39.861115,0.85142887,0.6287878787878788,-10.0,7674.033545852953,0.0,7664.033545852953,0,,6992.3467
2020-10-23 00:00:00+00:00,27.32,26.935,28.206156,45.140663,0.859643,0.4888888888888889,-10.0,7541.046731287217,0.0,7531.046731287217,0,,6871.1733
2020-10-26 00:00:00+00:00,26.7,26.18,28.15833,37.095707,0.8667859,0.6287878787878788,-10.0,7329.668208866339,0.0,7319.668208866339,0,,6678.572
2020-10-27 00:00:00+00:00,26.1,25.995,28.108805,37.169308,0.8535715,0.6287878787878788,-10.0,7277.873631357046,0.0,7267.873631357046,0,,6631.378
2020-10-28 00:00:00+00:00,25.55,25.02,28.05728,26.943005,0.7932144,0.6287878787878788,-10.0,7004.900707459354,0.0,6994.900707459354,0,,6382.6533
2020-10-29 00:00:00+00:00,24.9,25.39,27.99968,18.030527,0.8239287,0.6287878787878788,-10.0,7108.490235371702,0.0,7098.490235371702,0,,6477.0405
2020-10-30 00:00:00+00:00,25.28,26.14,27.94268,23.35664,0.8132144,0.6287878787878788,-10.0,7318.469545513916,0.0,7308.469545513916,0,,6668.367
2020-11-02 00:00:00+00:00,26.44,26.89,27.88223,30.90677,0.83750004,0.6287878787878788,-10.0,7528.448508128801,0.0,7518.448508128801,0,,6859.6943
2020-11-03 00:00:00+00:00,28.29,26.7,27.823805,45.80925,0.7889287,0.4888888888888889,-10.0,7475.254199850979,0.0,7465.254199850979,0,,6811.2246
2020-11-04 00:00:00+00:00,27.16,25.43,27.765255,46.824234,0.9321429,0.6287878787878788,-10.0,7119.689402565382,0.0,7109.689402565382,0,,6487.245
2020-11-05 00:00:00+00:00,25.67,26.37,27.700405,38.89585,1.0350001,0.4888888888888889,-10.0,7382.862869554026,0.0,7372.862869554026,0,,6727.0405
2020-11-06 00:00:00+00:00,26.245,25.605,27.647755,45.753113,1.0721428,0.6287878787878788,-10.0,7168.683833355983,0.0,7158.683833355983,0,,6531.887
2020-11-09 00:00:00+00:00,26.7,26.19,27.59558,46.303722,1.0678574,0.6287878787878788,-10.0,7332.468011704246,0.0,7322.468011704246,0,,6681.122
2020-11-10 00:00:00+00:00,25.82,26.7,27.54468,50.054115,1.1603574,0.6287878787878788,-10.0,7475.253717586308,0.0,7465.253717586308,0,,6811.224
2020-11-11 00:00:00+00:00,26.74,27.15,27.49508,49.727673,1.1767858,0.6287878787878788,-10.0,7601.241109755077,0.0,7591.241109755077,0,,6926.0205
2020-11-12 00:00:00+00:00,26.91,25.45,27.45088,48.550724,1.1753575,0.6287878787878788,-10.0,7125.28911669232,0.0,7115.28911669232,0,,6492.347
2020-11-13 00:00:00+00:00,25.43,26.21,27.39583,42.717022,1.247143,0.6287878787878788,-10.0,7338.067377982858,0.0,7328.067377982858,0,,6686.224
2020-11-16 00:00:00+00:00,26.55,26.75,27.34523,50.147053,1.244286,0.6287878787878788,-10.0,7489.252276224544,0.0,7479.252276224544,0,,6823.9795
2020-11-17 00:00:00+00:00,26.54,27.65,27.29483,53.5765,1.2957146,0.6287878787878788,-10.0,7741.226636890305,0.0,7731.226636890305,0,,7053.571
2020-11-18 00:00:00+00:00,27.67,27.13,27.24608,62.54771,1.3307146,0.6287878787878788,-10.0,7595.641125581499,0.0,7585.641125581499,0,,6920.9175
2020-11-19 00:00:00+00:00,27.01,27.27,27.19208,58.184383,1.323286,0.6287878787878788,-10.0,7634.837153461712,0.0,7624.837153461712,0,,6956.6323
2020-11-20 00:00:00+00:00,27.24,27.44,27.14593,55.63873,1.2986432,0.6287878787878788,-10.0,7682.4321983253085,0.0,7672.4321983253085,0,,6999.9995
2020-11-23 00:00:00+00:00,27.46,28.04,27.10128,52.913143,1.2622147,0.6287878787878788,-10.0,7850.415067896234,0.0,7840.415067896234,0,,7153.0605
2020-11-24 00:00:00+00:00,28.36,29.21,27.05758,56.80203,1.1325719,0.6287878787878788,-10.0,8177.981433294432,0.0,8167.981433294432,0,,7451.529
2020-11-25 00:00:00+00:00,28.98,28.96,27.02058,69.384605,1.0825719,0.6287878787878788,-10.0,8107.988620900041,0.0,8097.988620900041,0,,7387.754
2020-11-27 00:00:00+00:00,28.88,28.73,26.97958,64.29359,1.0411433,0.6287878787878788,-10.0,8043.595289145642,0.0,8033.595289145642,0,,7329.0806
2020-11-30 00:00:00+00:00,28.52,28.38,26.93563,68.32845,1.0011432,0.4888888888888889,-10.0,7945.604877007978,0.0,7935.604877007978,0,,7239.795
2020-12-01 00:00:00+00:00,28.65,29.7,26.89098,63.208683,0.9132859,0.6287878787878788,-10.0,8315.168070764612,0.0,8305.168070764612,0,,7576.5293
2020-12-02 00:00:00+00:00,29.71,30.05,26.85338,66.48352,0.94828606,0.4888888888888889,-10.0,8413.15762274218,0.0,8403.15762274218,0,,7665.815
2020-12-03 00:00:00+00:00,30.1,29.77,26.81598,66.111115,0.94400024,0.6287878787878788,-10.0,8334.76587535496,0.0,8324.76587535496,0,,7594.386
2020-12-04 00:00:00+00:00,30.02,29.255,26.78213,78.49605,0.8600716,0.6287878787878788,-10.0,8190.57980933342,0.0,8180.57980933342,0,,7463.0083
2020-12-07 00:00:00+00:00,29.01,29.31,26.750904,70.756645,0.8518573,0.4888888888888889,-10.0,8205.978506491876,0.0,8195.978506491876,0,,7477.039
2020-12-08 00:00:00+00:00,29.22,28.895,26.726105,68.68613,0.8150715,0.4888888888888889,-10.0,8089.790350944488,0.0,8079.790350944488,0,,7371.172
2020-12-09 00:00:00+00:00,29.05,28.73,26.70643,59.780052,0.7507858,0.6287878787878788,-10.0,8043.594708307361,0.0,8033.594708307361,0,,7329.0796
2020-12-10 00:00:00+00:00,28.46,28.685,26.68808,63.31115,0.7475,0.6287878787878788,-10.0,8030.996099471133,0.0,8020.996099471133,0,,7317.6
2020-12-11 00:00:00+00:00,28.42,28.72,26.676556,61.96111,0.7407144,0.6287878787878788,-10.0,8040.794774659923,0.0,8030.794774659923,0,,7326.5283
2020-12-14 00:00:00+00:00,29.09,28.34,26.667906,61.072655,0.7471429,0.4888888888888889,-10.0,7934.405746488112,0.0,7924.405746488112,0,,7229.59
2020-12-15 00:00:00+00:00,28.47,28.21,26.650656,52.697838,0.7489286,0.6287878787878788,-10.0,7898.009251011763,0.0,7888.009251011763,0,,7196.4263
2020-12-16 00:00:00+00:00,28.26,28.11,26.638155,38.938053,0.71464294,0.6287878787878788,-10.0,7870.012329104327,0.0,7860.012329104327,0,,7170.916
2020-12-17 00:00:00+00:00,28.3,28.16,26.625355,40.274616,0.70607156,0.6287878787878788,-10.0,7884.010891674251,0.0,7874.010891674251,0,,7183.671
2020-12-18 00:00:00+00:00,28.1,27.79,26.620556,43.198093,0.7282144,0.6287878787878788,-10.0,7780.421388090952,0.0,7770.421388090952,0,,7089.2837
2020-12-21 00:00:00+00:00,27.47,27.39,26.616905,42.99289,0.7471431,0.6287878787878788,-10.0,7668.431972222078,0.0,7658.431972222078,0,,6987.242
2020-12-22 00:00:00+00:00,27.31,26.98,26.618204,14.893565,0.6835715,0.6287878787878788,-10.0,7553.643280901664,0.0,7543.643280901664,0,,6882.6504
2020-12-23 00:00:00+00:00,27.085,27.75,26.609304,4.179088,0.66500026,0.6287878787878788,-10.0,7769.221673716552,0.0,7759.221673716552,0,,7079.0786
2020-12-24 00:00:00+00:00,27.75,28.0,26.610455,23.697912,0.6757146,0.6287878787878788,-10.0,7839.214620048981,0.0,7829.214620048981,0,,7142.8535
2020-12-28 00:00:00+00:00,28.13,28.88,26.622656,32.44756,0.64357173,0.6287878787878788,-10.0,8085.589968719339,0.0,8075.589968719339,0,,7367.3433
2020-12-29 00:00:00+00:00,29.04,28.785,26.640156,45.113632,0.6764288,0.6287878787878788,-10.0,8058.992734756703,0.0,8048.992734756703,0,,7343.109
2020-12-30 00:00:00+00:00,28.95,28.7,26.66813,48.65195,0.6632144,0.4888888888888889,-10.0,8035.195547006805,0.0,8025.195547006805,0,,7321.426
2020-12-31 00:00:00+00:00,28.7,28.88,26.69268,49.625015,0.6596429,0.6287878787878788,-10.0,8085.590043080954,0.0,8075.590043080954,0,,7367.3438
2021-01-04 00:00:00+00:00,29.01,28.41,26.73003,52.357918,0.65392864,0.6287878787878788,-10.0,7954.003422094334,0.0,7944.003422094334,0,,7247.4463
2021-01-05 00:00:00+00:00,28.45,29.015,26.76238,46.60832,0.69892853,0.6287878787878788,-10.0,8123.386383285999,0.0,8113.386383285999,0,,7401.7827
2021-01-06 00:00:00+00:00,29.41,31.46,26.807205,57.03858,0.6925,0.6287878787878788,-10.0,8807.918011179874,0.0,8797.918011179874,0,,8025.5073
2021-01-07 00:00:00+00:00,31.02,30.23,26.865456,72.855156,0.8150001,0.6287878787878788,-10.0,8463.552643051613,0.0,8453.552643051613,0,,7711.732
2021-01-08 00:00:00+00:00,30.23,29.62,26.908356,62.864082,0.8735714,0.6287878787878788,-10.0,8292.769863874702,0.0,8282.769863874702,0,,7556.1196
2021-01-11 00:00:00+00:00,29.34,29.7,26.939754,58.295467,0.90999997,0.6287878787878788,-10.0,8315.168012269027,0.0,8305.168012269027,0,,7576.5283
2021-01-12 00:00:00+00:00,29.67,29.18,26.965256,61.2221,0.9035714,0.6287878787878788,-10.0,8169.5823324143985,0.0,8159.5823324143985,0,,7443.875
2021-01-13 00:00:00+00:00,28.99,29.31,27.000956,60.37081,0.90999985,0.6287878787878788,-10.0,8205.978553447374,0.0,8195.978553447374,0,,7477.038
2021-01-14 00:00:00+00:00,29.35,30.34,27.028654,63.952106,0.92214257,0.6287878787878788,-10.0,8494.349664815576,0.0,8484.349664815576,0,,7739.793
2021-01-15 00:00:00+00:00,30.2,30.39,27.065954,65.040665,0.9678568,0.6287878787878788,-10.0,8508.347921709497,0.0,8498.347921709497,0,,7752.548
2021-01-19 00:00:00+00:00,30.37,29.17,27.11008,64.20928,0.9971425,0.6287878787878788,-10.0,8166.782493501026,0.0,8156.782493501026,0,,7441.324
2021-01-20 00:00:00+00:00,29.25,29.94,27.14673,51.65715,1.0178567,0.6287878787878788,-10.0,8382.360967863626,0.0,8372.360967863626,0,,7637.7524
2021-01-21 00:00:00+00:00,29.82,29.85,27.18848,56.127327,1.0664282,0.4888888888888889,-10.0,8357.163246698668,0.0,8347.163246698668,0,,7614.793
2021-01-22 00:00:00+00:00,29.76,29.17,27.21548,56.09756,1.0635711,0.6287878787878788,-10.0,8166.782076957992,0.0,8156.782076957992,0,,7441.323
2021-01-25 00:00:00+00:00,29.18,30.68,27.23648,51.460228,1.1028568,0.6287878787878788,-10.0,8589.540133584349,0.0,8579.540133584349,0,,7826.528
2021-01-26 00:00:00+00:00,30.94,33.4,27.26078,60.346405,1.1314281,0.6287878787878788,-10.0,9351.06420202908,0.0,9341.06420202908,0,,8520.405
2021-01-27 00:00:00+00:00,33.4,32.47,27.29958,66.75584,1.283571,0.4888888888888889,-10.0,9090.690273364284,0.0,9080.690273364284,0,,8283.16
2021-01-28 00:00:00+00:00,32.215,30.62,27.33493,54.364746,1.4282138,0.6287878787878788,-10.0,8572.742170563615,0.0,8562.742170563615,0,,7811.222
2021-01-29 00:00:00+00:00,30.31,29.89,27.35798,51.599678,1.5124996,0.4888888888888889,-10.0,8368.362289337669,0.0,8358.362289337669,0,,7624.9976
2021-02-01 00:00:00+00:00,29.86,30.65,27.38158,51.096664,1.5296423,0.6287878787878788,-10.0,8581.141509220393,0.0,8571.141509220393,0,,7818.8755
2021-02-02 00:00:00+00:00,30.76,29.55,27.40918,53.656654,1.5646423,0.4888888888888889,-10.0,8273.172156951801,0.0,8263.172156951801,0,,7538.263
2021-02-03 00:00:00+00:00,29.44,29.15,27.42578,51.363297,1.6199996,0.4888888888888889,-10.0,8161.183241963747,0.0,8151.183241963747,0,,7436.2227
2021-02-04 00:00:00+00:00,29.29,29.33,27.44308,49.421967,1.6174996,0.6287878787878788,-10.0,8211.577911824405,0.0,8201.577911824405,0,,7482.1406
2021-02-05 00:00:00+00:00,29.38,30.31,27.46448,46.112396,1.5699996,0.6287878787878788,-10.0,8485.949838390949,0.0,8475.949838390949,0,,7732.1396
2021-02-08 00:00:00+00:00,30.55,31.55,27.49308,49.712643,1.618571,0.6287878787878788,-10.0,8833.11515156192,0.0,8823.11515156192,0,,8048.4663
2021-02-09 00:00:00+00:00,31.97,29.69,27.52858,58.53658,1.6192855,0.6287878787878788,-10.0,8312.367676738477,0.0,8302.367676738477,0,,7573.977
2021-02-10 00:00:00+00:00,29.85,30.51,27.55443,49.16833,1.7089998,0.6287878787878788,-10.0,8541.945013103437,0.0,8531.945013103437,0,,7783.1606
2021-02-11 00:00:00+00:00,30.45,30.75,27.57693,52.093906,1.7675713,0.6287878787878788,-10.0,8609.13820243588,0.0,8599.13820243588,0,,7844.385
2021-02-12 00:00:00+00:00,30.67,31.45,27.595829,55.15666,1.7522142,0.6287878787878788,-10.0,8805.118397378494,0.0,8795.118397378494,0,,8022.956
2021-02-16 00:00:00+00:00,31.51,30.65,27.61333,52.653343,1.7129285,0.6287878787878788,-10.0,8581.140524173808,0.0,8571.140524173808,0,,7818.8745
2021-02-17 00:00:00+00:00,30.57,30.66,27.63878,39.07863,1.5807856,0.6287878787878788,-10.0,8583.94034288207,0.0,8573.94034288207,0,,7821.426
2021-02-18 00:00:00+00:00,30.65,31.06,27.66698,42.245068,1.2872142,0.6287878787878788,-10.0,8695.928700321709,0.0,8685.928700321709,0,,7923.466
2021-02-19 00:00:00+00:00,31.15,32.37,27.69913,52.152634,1.1593571,0.6287878787878788,-10.0,9062.69137061248,0.0,9052.69137061248,0,,8257.649
2021-02-22 00:00:00+00:00,32.28,33.39,27.74173,61.48148,1.1593571,0.6287878787878788,-10.0,9348.263216702482,0.0,9338.263216702482,0,,8517.854
2021-02-23 00:00:00+00:00,33.48,32.87,27.78563,62.38698,1.1868572,0.4888888888888889,-10.0,9202.677467462367,0.0,9192.677467462367,0,,8385.2
2021-02-24 00:00:00+00:00,32.4,32.74,27.82493,65.83969,1.184357,0.4888888888888889,-10.0,9166.281914390804,0.0,9156.281914390804,0,,8352.038
2021-02-25 00:00:00+00:00,32.85,31.75,27.85998,67.58082,1.1915,0.4888888888888889,-10.0,8889.10940000479,0.0,8879.10940000479,0,,8099.487
2021-02-26 00:00:00+00:00,31.6,31.93,27.89148,60.980038,1.2554287,0.6287878787878788,-10.0,8939.50492031584,0.0,8929.50492031584,0,,8145.406
2021-03-01 00:00:00+00:00,32.18,33.39,27.92668,57.92564,1.2225716,0.4888888888888889,-10.0,9348.26367537754,0.0,9338.26367537754,0,,8517.8545
2021-03-02 00:00:00+00:00,33.32,36.05,27.97333,58.812263,1.2540003,0.4888888888888889,-10.0,10092.98924935393,0.0,10082.98924935393,0,,9196.426
2021-03-03 00:00:00+00:00,36.07,37.09,28.02798,78.29181,1.3453573,0.4888888888888889,-10.0,10384.160750552,0.0,10374.160750552,0,,9461.732
2021-03-04 00:00:00+00:00,37.07,36.71,28.08593,78.70855,1.4317858,0.4888888888888889,-10.0,10277.771048753344,0.0,10267.771048753344,0,,9364.793
2021-03-05 00:00:00+00:00,37.709,39.04,28.135204,75.689644,1.5400001,0.4888888888888889,-10.0,10930.106139595197,0.0,10920.106139595197,0,,9959.182
2021-03-08 00:00:00+00:00,38.82,40.02,28.195705,78.6848,1.6364287,0.4888888888888889,-10.0,11204.479086852389,0.0,11194.479086852389,0,,10209.182
2021-03-09 00:00:00+00:00,39.88,38.24,28.258955,84.936615,1.7107143,0.4888888888888889,-10.0,10706.129614069878,0.0,10696.129614069878,0,,9755.101
2021-03-10 00:00:00+00:00,38.52,38.96,28.314005,74.967064,1.8264285,0.4888888888888889,-10.0,10907.708819554822,0.0,10897.708819554822,0,,9938.773
2021-03-11 00:00:00+00:00,38.64,39.41,28.371956,75.48387,1.8642857,0.4888888888888889,-10.0,11033.696208074525,0.0,11023.696208074525,0,,10053.569
2021-03-12 00:00:00+00:00,39.46,40.0,28.426054,74.04372,1.8628572,0.4888888888888889,-10.0,11198.879240181263,0.0,11188.879240181263,0,,10204.079
2021-03-15 00:00:00+00:00,40.35,40.1,28.479555,73.25827,1.8221427,0.4888888888888889,-10.0,11226.875744076287,0.0,11216.875744076287,0,,10229.589
2021-03-16 00:00:00+00:00,40.88,41.44,28.536755,76.21465,1.7878573,0.4888888888888889,-10.0,11602.038745473894,0.0,11592.038745473894,0,,10571.426
2021-03-17 00:00:00+00:00,41.3,40.45,28.600056,78.99999,1.8775003,0.4888888888888889,-10.0,11324.867208705315,0.0,11314.867208705315,0,,10318.875
2021-03-18 00:00:00+00:00,40.1,40.4,28.656605,79.00001,1.9103572,0.6287878787878788,-10.0,11310.868754124165,0.0,11300.868754124165,0,,10306.12
2021-03-19 00:00:00+00:00,40.36,40.35,28.714254,78.48017,1.9321429,0.4888888888888889,-10.0,11296.869399899997,0.0,11286.869399899997,0,,10293.364
2021-03-22 00:00:00+00:00,40.605,41.15,28.764904,75.854385,1.8742856,0.4888888888888889,-10.0,11520.848482586012,0.0,11510.848482586012,0,,10497.447
2021-03-23 00:00:00+00:00,40.8,39.21,28.82093,71.982765,1.7067858,0.4888888888888889,-10.0,10977.702096892921,0.0,10967.702096892921,0,,10002.549
2021-03-24 00:00:00+00:00,39.28,37.95,28.86573,58.479992,1.6682146,0.4888888888888889,-10.0,10624.938113059383,0.0,10614.938113059383,0,,9681.121
2021-03-25 00:00:00+00:00,37.94,38.42,28.89708,54.63379,1.6253573,0.6287878787878788,-10.0,10756.524285707543,0.0,10746.524285707543,0,,9801.019
2021-03-26 00:00:00+00:00,38.46,36.17,28.93753,47.309013,1.5382143,0.4888888888888889,-10.0,10126.587453912109,0.0,10116.587453912109,0,,9227.039
2021-03-29 00:00:00+00:00,36.25,35.82,28.96973,34.949165,1.7110716,0.6287878787878788,-10.0,10028.597971412872,0.0,10018.597971412872,0,,9137.755
2021-03-30 00:00:00+00:00,35.83,35.84,29.01073,39.34858,1.6410716,0.6287878787878788,-10.0,10034.197702965246,0.0,10024.197702965246,0,,9142.856
2021-03-31 00:00:00+00:00,36.13,34.93,29.05018,35.36586,1.6339285,0.6287878787878788,-10.0,9779.423151913394,0.0,9769.423151913394,0,,8910.714
2021-04-01 00:00:00+00:00,35.18,35.0,29.08053,29.856115,1.6195,0.4888888888888889,-10.0,9799.021383539763,0.0,9789.021383539763,0,,8928.571
2021-04-05 00:00:00+00:00,35.35,35.13,29.11543,26.41509,1.6105715,0.4888888888888889,-10.0,9835.41811447156,0.0,9825.41811447156,0,,8961.734
2021-04-06 00:00:00+00:00,34.77,35.77,29.15228,26.62278,1.6091425,0.4888888888888889,-10.0,10014.600159684067,0.0,10004.600159684067,0,,9125.0
2021-04-07 00:00:00+00:00,36.05,35.91,29.18783,21.450161,1.5562853,0.6287878787878788,-10.0,10053.796096893524,0.0,10043.796096893524,0,,9160.714
2021-04-08 00:00:00+00:00,35.9,35.63,29.22828,25.0,1.4634283,0.6287878787878788,-10.0,9975.404223640464,0.0,9965.404223640464,0,,9089.286
2021-04-09 00:00:00+00:00,35.73,36.08,29.26843,24.382385,1.4394997,0.6287878787878788,-10.0,10101.392248266486,0.0,10091.392248266486,0,,9204.082
2021-04-12 00:00:00+00:00,36.5,36.1,29.30978,28.012373,1.4373567,0.4888888888888889,-10.0,10106.990480125954,0.0,10096.990480125954,0,,9209.184
2021-04-13 00:00:00+00:00,35.98,36.35,29.35523,21.724483,1.3991421,0.6287878787878788,-10.0,10176.98366588001,0.0,10166.98366588001,0,,9272.959
2021-04-14 00:00:00+00:00,36.06,36.15,29.40323,30.248589,1.3216419,0.6287878787878788,-10.0,10120.990048808499,0.0,10110.990048808499,0,,9221.939
2021-04-15 00:00:00+00:00,36.52,36.77,29.45523,35.436874,1.2702135,0.6287878787878788,-10.0,10294.572717030942,0.0,10284.572717030942,0,,9380.103
2021-04-16 00:00:00+00:00,36.897,36.72,29.50513,36.966824,1.2644991,0.6287878787878788,-10.0,10280.574560996376,0.0,10270.574560996376,0,,9367.348
2021-04-19 00:00:00+00:00,36.59,36.59,29.55453,56.65865,0.9930706,0.6287878787878788,-10.0,10244.177861615532,0.0,10234.177861615532,0,,9334.185
2021-04-20 00:00:00+00:00,36.63,36.65,29.602905,59.846573,0.96128494,0.6287878787878788,-10.0,10260.976704840103,0.0,10250.976704840103,0,,9349.491
2021-04-21 00:00:00+00:00,36.65,37.36,29.653404,60.2532,0.941285,0.6287878787878788,-10.0,10459.757098720727,0.0,10449.757098720727,0,,9530.613
2021-04-22 00:00:00+00:00,37.41,37.1,29.707556,82.40007,0.939285,0.4888888888888889,-10.0,10386.96368775853,0.0,10376.96368775853,0,,9464.286
2021-04-23 00:00:00+00:00,37.12,37.34,29.764204,76.649765,0.93642807,0.6287878787878788,-10.0,10454.157073297574,0.0,10444.157073297574,0,,9525.512
2021-04-26 00:00:00+00:00,37.37,37.07,29.823956,77.28397,0.8982852,0.4888888888888889,-10.0,10378.564340201092,0.0,10368.564340201092,0,,9456.634
2021-04-27 00:00:00+00:00,37.1,37.25,29.88705,67.66305,0.8629281,0.6287878787878788,-10.0,10428.958837441287,0.0,10418.958837441287,0,,9502.552
2021-04-28 00:00:00+00:00,37.23,36.88,29.94635,68.010765,0.84507096,0.6287878787878788,-10.0,10325.369286324805,0.0,10315.369286324805,0,,9408.164
2021-04-29 00:00:00+00:00,37.08,36.83,30.0055,66.40421,0.8222138,0.6287878787878788,-10.0,10311.371104241589,0.0,10301.371104241589,0,,9395.409
2021-04-30 00:00:00+00:00,36.82,36.38,30.064,60.99708,0.8093567,0.6287878787878788,-10.0,10185.383714481131,0.0,10175.383714481131,0,,9280.613
2021-05-03 00:00:00+00:00,36.63,35.78,30.11465,53.645866,0.8007856,0.6287878787878788,-10.0,10017.399594876268,0.0,10007.399594876268,0,,9127.552
2021-05-04 00:00:00+00:00,35.86,35.8,30.161575,43.198097,0.8054286,0.4888888888888889,-10.0,10022.999044355893,0.0,10012.999044355893,0,,9132.653
2021-05-05 00:00:00+00:00,35.686,35.54,30.214275,45.635887,0.8018573,0.6287878787878788,-10.0,9950.20673372703,0.0,9940.20673372703,0,,9066.327
2021-05-06 00:00:00+00:00,35.86,36.7,30.267876,33.150715,0.7604291,0.6287878787878788,-10.0,10274.974168715169,0.0,10264.974168715169,0,,9362.245
2021-05-07 00:00:00+00:00,36.76,37.17,30.324625,49.789913,0.8390004,0.6287878787878788,-10.0,10406.559757766026,0.0,10396.559757766026,0,,9482.142
2021-05-10 00:00:00+00:00,37.26,37.25,30.381124,55.686253,0.8563576,0.4888888888888889,-10.0,10428.958043205812,0.0,10418.958043205812,0,,9502.551
2021-05-11 00:00:00+00:00,37.05,37.39,30.436726,55.859356,0.865572,0.6287878787878788,-10.0,10468.154557000018,0.0,10458.154557000018,0,,9538.265
2021-05-12 00:00:00+00:00,37.41,36.49,30.491224,50.32966,0.8234288,0.6287878787878788,-10.0,10216.180204888487,0.0,10206.180204888487,0,,9308.674
2021-05-13 00:00:00+00:00,36.46,37.07,30.545225,44.123344,0.85557145,0.4888888888888889,-10.0,10378.562828017211,0.0,10368.562828017211,0,,9456.632
2021-05-14 00:00:00+00:00,36.96,36.27,30.602024,47.558765,0.8915716,0.4166666666666667,-10.0,10154.58559899864,0.0,10144.58559899864,0,,9252.551
2021-05-17 00:00:00+00:00,36.63,35.84,30.653774,43.399338,0.89821434,0.4166666666666667,-10.0,10034.197476237532,0.0,10024.197476237532,0,,9142.856
2021-05-18 00:00:00+00:00,35.98,36.32,30.703575,38.827248,0.9439286,0.6287878787878788,-10.0,10168.583536935905,0.0,10158.583536935905,0,,9265.306
2021-05-19 00:00:00+00:00,35.99,36.22,30.756325,45.638615,0.9653571,0.6287878787878788,-10.0,10140.586805491419,0.0,10130.586805491419,0,,9239.796
2021-05-20 00:00:00+00:00,36.15,36.14,30.806175,45.285927,0.96250015,0.4888888888888889,-10.0,10118.188588454033,0.0,10108.188588454033,0,,9219.387
2021-05-21 00:00:00+00:00,36.22,36.38,30.853325,48.032772,0.95535713,0.6287878787878788,-10.0,10185.382579386212,0.0,10175.382579386212,0,,9280.612
2021-05-24 00:00:00+00:00,36.38,36.31,30.910975,55.226505,0.9282142,0.6287878787878788,-10.0,10165.784909841685,0.0,10155.784909841685,0,,9262.756
2021-05-25 00:00:00+00:00,36.48,35.9,30.966724,54.404167,0.92321426,0.6287878787878788,-10.0,10050.996697966113,0.0,10040.996697966113,0,,9158.164
2021-05-26 00:00:00+00:00,35.91,36.16,31.021774,53.03031,0.9524999,0.4888888888888889,-10.0,10123.78925215288,0.0,10113.78925215288,0,,9224.49
2021-05-27 00:00:00+00:00,36.44,36.81,31.079174,44.64284,0.8960713,0.6287878787878788,-10.0,10305.771328931456,0.0,10295.771328931456,0,,9390.307
2021-05-28 00:00:00+00:00,37.02,36.28,31.138525,46.551754,0.8926427,0.6287878787878788,-10.0,10157.385366367584,0.0,10147.385366367584,0,,9255.103
2021-06-01 00:00:00+00:00,36.6,35.99,31.193874,41.446194,0.9005713,0.6287878787878788,-10.0,10076.194532050571,0.0,10066.194532050571,0,,9181.123
2021-06-02 00:00:00+00:00,36.09,35.59,31.245375,37.97252,0.9044999,0.4888888888888889,-10.0,9964.205290831209,0.0,9954.205290831209,0,,9079.082
2021-06-03 00:00:00+00:00,35.58,35.16,31.294226,41.54134,0.87521416,0.4888888888888889,-10.0,9843.817360851208,0.0,9833.817360851208,0,,8969.388
2021-06-04 00:00:00+00:00,35.23,35.67,31.341475,31.528055,0.87199974,0.4888888888888889,-10.0,9986.602214430764,0.0,9976.602214430764,0,,9099.489
2021-06-07 00:00:00+00:00,35.68,35.6,31.39115,43.852436,0.85785705,0.4888888888888889,-10.0,9967.004273311813,0.0,9957.004273311813,0,,9081.633
2021-06-08 00:00:00+00:00,35.56,35.16,31.43955,47.345116,0.8107142,0.6287878787878788,-10.0,9843.817084680197,0.0,9833.817084680197,0,,8969.388
2021-06-09 00:00:00+00:00,35.62,36.03,31.48575,37.053574,0.79214287,0.5,-10.0,10087.392827477202,0.0,10077.392827477202,0,,9191.327
2021-06-10 00:00:00+00:00,36.01,35.86,31.53585,48.190453,0.8349999,0.4888888888888889,-10.0,10039.798046028942,0.0,10029.798046028942,0,,9147.96
2021-06-11 00:00:00+00:00,35.91,36.2,31.5799,47.37829,0.83428544,0.4888888888888889,-10.0,10134.988492118557,0.0,10124.988492118557,0,,9234.695
2021-06-14 00:00:00+00:00,36.25,35.96,31.6261,48.345585,0.8207141,0.6287878787878788,-10.0,10067.794691611558,0.0,10057.794691611558,0,,9173.47
2021-06-15 00:00:00+00:00,36.07,35.98,31.67015,46.880547,0.8171425,0.6287878787878788,-10.0,10073.394706540264,0.0,10063.394706540264,0,,9178.573
2021-06-16 00:00:00+00:00,35.92,35.93,31.71185,50.766266,0.7957137,0.6287878787878788,-10.0,10059.39648870792,0.0,10049.39648870792,0,,9165.818
2021-06-17 00:00:00+00:00,35.9,35.44,31.7519,47.704594,0.761428,0.6287878787878788,-10.0,9922.20984013587,0.0,9912.20984013587,0,,9040.817
2021-06-18 00:00:00+00:00,35.28,35.78,31.7901,35.876255,0.7614283,0.6287878787878788,-10.0,10017.4007947632,0.0,10007.4007947632,0,,9127.553
2021-06-21 00:00:00+00:00,36.01,35.77,31.83155,44.63519,0.7571425,0.6287878787878788,-10.0,10014.601666771652,0.0,10004.601666771652,0,,9125.002
2021-06-22 00:00:00+00:00,35.79,35.74,31.87045,47.488567,0.7510711,0.4888888888888889,-10.0,10006.203047748599,0.0,9996.203047748599,0,,9117.35
2021-06-23 00:00:00+00:00,35.69,35.7,31.9116,51.870346,0.74249977,0.6287878787878788,-10.0,9995.004141170322,0.0,9985.004141170322,0,,9107.1455
2021-06-24 00:00:00+00:00,35.79,36.28,31.9513,57.458588,0.7010713,0.6287878787878788,-10.0,10157.387356523739,0.0,10147.387356523739,0,,9255.104
2021-06-25 00:00:00+00:00,36.29,36.39,31.9935,58.265602,0.7032141,0.4888888888888889,-10.0,10188.184240825141,0.0,10178.184240825141,0,,9283.165
2021-06-28 00:00:00+00:00,36.55,36.2,32.034,60.589836,0.7110713,0.6287878787878788,-10.0,10134.989814828386,0.0,10124.989814828386,0,,9234.695
2021-06-29 00:00:00+00:00,35.7,35.04,32.07425,64.94256,0.7110713,0.6287878787878788,-10.0,9810.222455075163,0.0,9800.222455075163,0,,8938.777
2021-06-30 00:00:00+00:00,35.19,35.2,32.10875,36.870045,0.70857155,0.4888888888888889,-10.0,9855.017820518298,0.0,9845.017820518298,0,,8979.594
2021-07-01 00:00:00+00:00,35.27,35.56,32.14125,41.223404,0.70785743,0.6287878787878788,-10.0,9955.808266784918,0.0,9945.808266784918,0,,9071.431
2021-07-02 00:00:00+00:00,35.71,35.37,32.17585,41.534397,0.7435714,0.6287878787878788,-10.0,9902.612997649716,0.0,9892.612997649716,0,,9022.961
2021-07-06 00:00:00+00:00,35.23,34.73,32.2054,42.09115,0.7264287,0.6287878787878788,-10.0,9723.43095468451,0.0,9713.43095468451,0,,8859.695
2021-07-07 00:00:00+00:00,34.68,34.5,32.2352,35.63218,0.78535736,0.4888888888888889,-10.0,9659.037598654397,0.0,9649.037598654397,0,,8801.022
2021-07-08 00:00:00+00:00,34.38,33.81,32.2677,34.216328,0.8032145,0.6287878787878788,-10.0,9465.85703091283,0.0,9455.85703091283,0,,8625.002
2021-07-09 00:00:00+00:00,33.8,34.51,32.3023,32.76957,0.805357,0.4888888888888889,-10.0,9661.83617139726,0.0,9651.83617139726,0,,8803.572
2021-07-12 00:00:00+00:00,34.41,34.9,32.3401,37.524536,0.79821426,0.4166666666666667,-10.0,9771.026126498826,0.0,9761.026126498826,0,,8903.0625
2021-07-13 00:00:00+00:00,34.975,33.97,32.3847,42.04754,0.8167858,0.6287878787878788,-10.0,9510.65204581547,0.0,9500.65204581547,0,,8665.817
2021-07-14 00:00:00+00:00,33.96,34.38,32.42345,36.106743,0.83964294,0.4888888888888889,-10.0,9625.440515729744,0.0,9615.440515729744,0,,8770.409
2021-07-15 00:00:00+00:00,34.21,33.88,32.46145,40.207714,0.84571457,0.4888888888888889,-10.0,9485.454321982432,0.0,9475.454321982432,0,,8642.858
2021-07-16 00:00:00+00:00,33.88,33.37,32.49135,31.981998,0.85071456,0.4888888888888889,-10.0,9342.6677610613,0.0,9332.6677610613,0,,8512.756
2021-07-19 00:00:00+00:00,33.12,32.6,32.5191,28.611898,0.84428596,0.4888888888888889,-10.0,9127.089188012938,0.0,9117.089188012938,0,,8316.327
2021-07-20 00:00:00+00:00,32.6,32.87,32.54225,26.439785,0.86357147,0.6287878787878788,-10.0,9202.681425536302,0.0,9192.681425536302,0,,8385.204
2021-07-21 00:00:00+00:00,32.87,33.88,32.56555,33.92592,0.8210713,0.4888888888888889,-10.0,9485.453580211237,0.0,9475.453580211237,0,,8642.857
2021-07-22 00:00:00+00:00,33.95,33.75,32.5941,41.3158,0.8825,0.4888888888888889,-10.0,9449.056864589307,0.0,9439.056864589307,0,,8609.694
2021-07-23 00:00:00+00:00,33.83,34.01,32.6184,37.72049,0.8739286,0.4888888888888889,-10.0,9521.84920412411,0.0,9511.84920412411,0,,8676.0205
2021-07-26 00:00:00+00:00,33.79,34.32,32.64785,40.860214,0.8803572,0.4888888888888889,-10.0,9608.640675825462,0.0,9598.640675825462,0,,8755.103
2021-07-27 00:00:00+00:00,34.12,33.96,32.6739,47.11674,0.8335713,0.4888888888888889,-10.0,9507.850614510453,0.0,9497.850614510453,0,,8663.265
2021-07-28 00:00:00+00:00,33.97,34.02,32.69555,46.270714,0.81,0.4888888888888889,-10.0,9524.649093347187,0.0,9514.649093347187,0,,8678.571
2021-07-29 00:00:00+00:00,34.16,33.94,32.71965,51.588493,0.8157144,0.4888888888888889,-10.0,9502.251099503641,0.0,9492.251099503641,0,,8658.163
2021-07-30 00:00:00+00:00,33.67,33.24,32.7437,45.242085,0.8010717,0.4888888888888889,-10.0,9306.271746913053,0.0,9296.271746913053,0,,8479.593
2021-08-02 00:00:00+00:00,33.29,33.29,32.77255,36.825413,0.7953573,0.4888888888888889,-10.0,9320.270080951614,0.0,9310.270080951614,0,,8492.348
2021-08-03 00:00:00+00:00,33.38,32.82,32.80335,43.72694,0.7410717,0.6287878787878788,-10.0,9188.683027815696,0.0,9178.683027815696,0,,8372.449
2021-08-04 00:00:00+00:00,32.67,32.64,32.83145,35.76643,0.8110715,0.6287878787878788,-10.0,9138.288046901018,0.0,9128.288046901018,0,,8326.531
2021-08-05 00:00:00+00:00,33.38,34.29,32.85905,37.984497,0.80035716,0.6287878787878788,-10.0,9600.242523055429,0.0,9590.242523055429,0,,8747.45
2021-08-06 00:00:00+00:00,34.23,33.74,32.89925,57.301594,0.9132144,0.4888888888888889,-10.0,9446.258377953272,0.0,9436.258377953272,0,,8607.145
2021-08-09 00:00:00+00:00,33.61,33.5,32.93705,59.37502,0.9039289,0.4888888888888889,-10.0,9379.064516881012,0.0,9369.064516881012,0,,8545.919
2021-08-10 00:00:00+00:00,33.45,34.0,32.9708,55.206615,0.88892895,0.4888888888888889,-10.0,9519.050437632946,0.0,9509.050437632946,0,,8673.47
2021-08-11 00:00:00+00:00,34.03,34.54,33.00375,51.083023,0.8517858,0.4888888888888889,-10.0,9670.235545919837,0.0,9660.235545919837,0,,8811.226
2021-08-12 00:00:00+00:00,34.47,34.15,33.041775,56.638657,0.85535717,0.01,-10.0,9561.046349042545,0.0,9551.046349042545,0,,8711.735
2021-08-13 00:00:00+00:00,34.29,34.07,33.081627,51.15134,0.8667857,0.4888888888888889,-10.0,9538.648246481522,0.0,9528.648246481522,0,,8691.327
2021-08-16 00:00:00+00:00,33.95,34.25,33.122,47.86325,0.8414289,0.4888888888888889,-10.0,9589.043181092344,0.0,9579.043181092344,0,,8737.245
2021-08-17 00:00:00+00:00,33.77,34.08,33.16815,52.557323,0.8664288,0.4888888888888889,-10.0,9541.448371988194,0.0,9531.448371988194,0,,8693.878
2021-08-18 00:00:00+00:00,34.0,33.81,33.2116,50.519043,0.83571446,0.4888888888888889,-10.0,9465.855959355018,0.0,9455.855959355018,0,,8625.001
2021-08-19 00:00:00+00:00,33.73,33.46,33.24995,48.911247,0.8532144,0.4888888888888889,-10.0,9367.865271787494,0.0,9357.865271787494,0,,8535.715
2021-08-20 00:00:00+00:00,33.3,34.01,33.2828,51.95727,0.8375003,0.4888888888888889,-10.0,9521.849843077061,0.0,9511.849843077061,0,,8676.021
2021-08-23 00:00:00+00:00,34.1,34.32,33.31935,55.882324,0.87821454,0.4166666666666667,-10.0,9608.641320602457,0.0,9598.641320602457,0,,8755.103
2021-08-24 00:00:00+00:00,34.29,34.24,33.3638,62.583878,0.8053573,0.5,-10.0,9586.243973144763,0.0,9576.243973144763,0,,8734.694
2021-08-25 00:00:00+00:00,34.29,34.29,33.40315,63.651886,0.7875001,0.4888888888888889,-10.0,9600.242897480126,0.0,9590.242897480126,0,,8747.45
2021-08-26 00:00:00+00:00,34.24,34.0,33.446575,50.0,0.67178565,0.4888888888888889,-10.0,9519.050733969598,0.0,9509.050733969598,0,,8673.47
2021-08-27 00:00:00+00:00,33.82,34.53,33.485626,53.249977,0.6439285,0.4888888888888889,-10.0,9667.435261071838,0.0,9657.435261071838,0,,8808.674
2021-08-30 00:00:00+00:00,34.52,34.32,33.524776,62.004646,0.66821426,0.4888888888888889,-10.0,9608.641393126587,0.0,9598.641393126587,0,,8755.103
2021-08-31 00:00:00+00:00,34.09,34.63,33.560623,53.999996,0.6382144,0.4888888888888889,-10.0,9695.433620828726,0.0,9685.433620828726,0,,8834.185
2021-09-01 00:00:00+00:00,34.66,34.24,33.606525,51.193634,0.6317858,0.4888888888888889,-10.0,9586.244806986177,0.0,9576.244806986177,0,,8734.694
2021-09-02 00:00:00+00:00,34.39,34.52,33.646675,51.193634,0.6232144,0.4888888888888889,-10.0,9664.636504544298,0.0,9654.636504544298,0,,8806.123
2021-09-03 00:00:00+00:00,34.35,34.13,33.685524,55.66752,0.6214284,0.4888888888888889,-10.0,9555.447737692048,0.0,9545.447737692048,0,,8706.634
2021-09-07 00:00:00+00:00,34.0,34.04,33.717926,48.564606,0.61214256,0.6287878787878788,-10.0,9530.250317371345,0.0,9520.250317371345,0,,8683.675
2021-09-08 00:00:00+00:00,33.95,33.3,33.752476,49.512184,0.61357087,0.6287878787878788,-10.0,9323.070443994104,0.0,9313.070443994104,0,,8494.898
2021-09-09 00:00:00+00:00,33.36,33.67,33.782623,44.42011,0.62357056,0.4888888888888889,-10.0,9426.65927587216,0.0,9416.65927587216,0,,8589.285
2021-09-10 00:00:00+00:00,33.71,33.3,33.813774,52.287575,0.62785614,0.6287878787878788,-10.0,9323.07018154704,0.0,9313.07018154704,0,,8494.898
2021-09-13 00:00:00+00:00,33.58,33.73,33.840076,41.950115,0.61357033,0.4888888888888889,-10.0,9443.457769706525,0.0,9433.457769706525,0,,8604.592
2021-09-14 00:00:00+00:00,33.9,32.84,33.862675,43.48785,0.61999923,0.6287878787878788,-10.0,9194.283042751409,0.0,9184.283042751409,0,,8377.551
2021-09-15 00:00:00+00:00,32.78,34.06,33.882076,36.89136,0.67142814,0.4888888888888889,-10.0,9535.849794983827,0.0,9525.849794983827,0,,8688.776
2021-09-16 00:00:00+00:00,34.05,34.69,33.908726,48.23349,0.73785675,0.4888888888888889,-10.0,9712.230904941462,0.0,9702.230904941462,0,,8849.489
2021-09-17 00:00:00+00:00,34.63,35.1,33.940273,55.03649,0.7757138,0.4888888888888889,-10.0,9827.01981068964,0.0,9817.01981068964,0,,8954.081
2021-09-20 00:00:00+00:00,34.9,34.53,33.967274,54.23477,0.79142815,0.5,-10.0,9667.43603067379,0.0,9657.43603067379,0,,8808.674
2021-09-21 00:00:00+00:00,34.73,34.48,33.989674,51.480953,0.8399996,0.4888888888888889,-10.0,9653.437818843344,0.0,9643.437818843344,0,,8795.919
2021-09-22 00:00:00+00:00,34.71,35.42,34.013226,48.90189,0.8542851,0.4888888888888889,-10.0,9916.61072526943,0.0,9906.61072526943,0,,9035.714
2021-09-23 00:00:00+00:00,35.39,35.68,34.04405,57.994564,0.9078565,0.4888888888888889,-10.0,9989.404106320244,0.0,9979.404106320244,0,,9102.041
2021-09-24 00:00:00+00:00,35.5,36.31,34.0759,57.880436,0.92785674,0.4888888888888889,-10.0,10165.786238852344,0.0,10155.786238852344,0,,9262.754
2021-09-27 00:00:00+00:00,36.24,36.93,34.112976,64.34211,0.9542855,0.6287878787878788,-10.0,10339.368878963134,0.0,10329.368878963134,0,,9420.918
2021-09-28 00:00:00+00:00,36.85,36.86,34.153976,67.77368,0.9814287,0.4888888888888889,-10.0,10319.770736475137,0.0,10309.770736475137,0,,9403.061
2021-09-29 00:00:00+00:00,36.84,37.25,34.19485,73.86061,0.94928604,0.4888888888888889,-10.0,10428.959480482079,0.0,10418.959480482079,0,,9502.551
2021-09-30 00:00:00+00:00,37.61,37.12,34.2375,73.930504,0.95364326,0.4888888888888889,-10.0,10392.56271265712,0.0,10382.56271265712,0,,9469.387
2021-10-01 00:00:00+00:00,37.53,37.68,34.2814,76.38122,0.9722148,0.4888888888888889,-10.0,10549.347961052908,0.0,10539.347961052908,0,,9612.245
2021-10-04 00:00:00+00:00,37.66,38.25,34.32875,76.79784,0.99078614,0.4888888888888889,-10.0,10708.93238287375,0.0,10698.93238287375,0,,9757.653
2021-10-05 00:00:00+00:00,38.37,38.63,34.37945,88.3688,0.9636432,0.4888888888888889,-10.0,10815.322025460928,0.0,10805.322025460928,0,,9854.593
2021-10-06 00:00:00+00:00,38.32,38.36,34.4318,86.795494,0.8979291,0.5,-10.0,10739.729203226796,0.0,10729.729203226796,0,,9785.715
2021-10-07 00:00:00+00:00,38.71,38.84,34.48465,81.36752,0.88150054,0.4888888888888889,-10.0,10874.115880405549,0.0,10864.115880405549,0,,9908.163
2021-10-08 00:00:00+00:00,39.0,39.08,34.5419,81.587845,0.8743575,0.4888888888888889,-10.0,10941.309364313824,0.0,10931.309364313824,0,,9969.389
2021-10-11 00:00:00+00:00,39.08,38.9,34.6024,90.69767,0.8679289,0.4888888888888889,-10.0,10890.91425220897,0.0,10880.91425220897,0,,9923.47
2021-10-12 00:00:00+00:00,38.86,38.82,34.65815,88.636345,0.8372149,0.4888888888888889,-10.0,10868.516012515434,0.0,10858.516012515434,0,,9903.062
2021-10-13 00:00:00+00:00,38.96,39.11,34.71225,84.97938,0.7893576,0.4888888888888889,-10.0,10949.707841295643,0.0,10939.707841295643,0,,9977.041
2021-10-14 00:00:00+00:00,39.39,39.41,34.7634,85.071526,0.7743577,0.4888888888888889,-10.0,11033.699118603632,0.0,11023.699118603632,0,,10053.571
2021-10-15 00:00:00+00:00,39.46,38.97,34.816525,83.99117,0.74078614,0.4888888888888889,-10.0,10910.511561782292,0.0,10900.511561782292,0,,9941.327
2021-10-18 00:00:00+00:00,38.83,39.09,34.867874,73.28766,0.7300717,0.6287878787878788,-10.0,10944.108247210006,0.0,10934.108247210006,0,,9971.939
2021-10-19 00:00:00+00:00,39.23,39.93,34.918926,75.16927,0.7257859,0.4888888888888889,-10.0,11179.285149129677,0.0,11169.285149129677,0,,10186.226
2021-10-20 00:00:00+00:00,39.76,40.2,34.976524,77.45899,0.7407145,0.4888888888888889,-10.0,11254.87712007753,0.0,11244.87712007753,0,,10255.102
2021-10-21 00:00:00+00:00,40.15,39.64,35.03245,80.677284,0.73142844,0.4888888888888889,-10.0,11098.092401065467,0.0,11088.092401065467,0,,10112.244
2021-10-22 00:00:00+00:00,39.54,39.52,35.07335,69.52189,0.7349998,0.4888888888888889,-10.0,11064.496247993031,0.0,11054.496247993031,0,,10081.632
2021-10-25 00:00:00+00:00,39.715,38.93,35.1198,63.894962,0.71428543,0.6287878787878788,-10.0,10899.31244304978,0.0,10889.31244304978,0,,9931.121
2021-10-26 00:00:00+00:00,39.0,38.72,35.16635,53.138065,0.7335712,0.6287878787878788,-10.0,10840.518500395143,0.0,10830.518500395143,0,,9877.55
2021-10-27 00:00:00+00:00,38.71,37.48,35.21145,53.813564,0.71857125,0.6287878787878788,-10.0,10493.352408950632,0.0,10483.352408950632,0,,9561.223
2021-10-28 00:00:00+00:00,37.51,37.93,35.25295,37.591244,0.7485714,0.4888888888888889,-10.0,10619.33981646476,0.0,10609.33981646476,0,,9676.019
2021-10-29 00:00:00+00:00,37.96,36.96,35.29605,39.894543,0.71499985,0.6287878787878788,-10.0,10347.766847052313,0.0,10337.766847052313,0,,9428.569
2021-11-01 00:00:00+00:00,37.06,38.18,35.32915,35.030853,0.78249985,0.6287878787878788,-10.0,10689.333123203045,0.0,10679.333123203045,0,,9739.795
2021-11-02 00:00:00+00:00,38.12,38.68,35.3681,45.80053,0.8260713,0.6287878787878788,-10.0,10829.319087451535,0.0,10819.319087451535,0,,9867.346
2021-11-03 00:00:00+00:00,38.4,38.63,35.41565,47.25415,0.85107124,0.6287878787878788,-10.0,10815.320612194999,0.0,10805.320612194999,0,,9854.591
2021-11-04 00:00:00+00:00,38.64,38.42,35.4591,44.85489,0.90321404,0.6287878787878788,-10.0,10756.52591607645,0.0,10746.52591607645,0,,9801.019
2021-11-05 00:00:00+00:00,38.81,38.61,35.50195,46.258484,0.97249985,0.6287878787878788,-10.0,10809.7212111276,0.0,10799.7212111276,0,,9849.488
2021-11-08 00:00:00+00:00,38.8,37.9,35.54915,46.765507,1.0182143,0.6287878787878788,-10.0,10610.941392761297,0.0,10600.941392761297,0,,9668.367
2021-11-09 00:00:00+00:00,37.92,37.7,35.58525,36.076843,1.0546428,0.6287878787878788,-10.0,10554.947055842304,0.0,10544.947055842304,0,,9617.347
2021-11-10 00:00:00+00:00,37.81,37.81,35.60675,32.687,1.0425001,0.6287878787878788,-10.0,10585.743927520989,0.0,10575.743927520989,0,,9645.408
2021-11-11 00:00:00+00:00,37.6,38.22,35.63345,36.48452,1.0403574,0.6287878787878788,-10.0,10700.53186669744,0.0,10690.53186669744,0,,9749.999
2021-11-12 00:00:00+00:00,37.93,38.15,35.67145,40.793217,1.0896429,0.6287878787878788,-10.0,10680.934143054375,0.0,10670.934143054375,0,,9732.143
2021-11-15 00:00:00+00:00,38.17,38.42,35.71275,44.036713,1.0682142,0.6287878787878788,-10.0,10756.525432837478,0.0,10746.525432837478,0,,9801.019
2021-11-16 00:00:00+00:00,38.44,37.61,35.7516,47.727253,1.0853568,0.6287878787878788,-10.0,10529.74884163644,0.0,10519.74884163644,0,,9594.387
2021-11-17 00:00:00+00:00,37.61,37.54,35.7919,51.053493,1.0539278,0.6287878787878788,-10.0,10510.150718960487,0.0,10500.150718960487,0,,9576.53
2021-11-18 00:00:00+00:00,37.49,36.92,35.83385,46.63213,1.0467854,0.6287878787878788,-10.0,10336.567261933646,0.0,10326.567261933646,0,,9418.366
2021-11-19 00:00:00+00:00,36.72,36.32,35.8718,49.632343,0.9992853,0.4888888888888889,-10.0,10168.584341698206,0.0,10158.584341698206,0,,9265.305
2021-11-22 00:00:00+00:00,36.36,36.07,35.90185,30.705387,0.963571,0.4888888888888889,-10.0,10098.59129535798,0.0,10088.59129535798,0,,9201.529
2021-11-23 00:00:00+00:00,36.36,36.35,35.92445,21.444193,0.9399997,0.4888888888888889,-10.0,10176.983332269361,0.0,10166.983332269361,0,,9272.957
2021-11-24 00:00:00+00:00,36.08,35.88,35.95775,26.24997,0.8921424,0.4888888888888889,-10.0,10045.397001954732,0.0,10035.397001954732,0,,9153.06
2021-11-26 00:00:00+00:00,35.13,35.07,35.9846,24.901184,0.81357086,0.4888888888888889,-10.0,9818.619560781515,0.0,9808.619560781515,0,,8946.427
2021-11-29 00:00:00+00:00,35.27,34.49,36.0062,18.83798,0.82285637,0.4888888888888889,-10.0,9656.236069165781,0.0,9646.236069165781,0,,8798.468
2021-11-30 00:00:00+00:00,34.33,33.6,36.0214,19.279234,0.7835707,0.4888888888888889,-10.0,9407.05980907233,0.0,9397.05980907233,0,,8571.427
2021-12-01 00:00:00+00:00,33.92,32.22,36.03615,17.147387,0.82035667,0.4888888888888889,-10.0,9020.699112922337,0.0,9010.699112922337,0,,8219.387
2021-12-02 00:00:00+00:00,32.38,32.91,36.04395,12.782908,0.90678513,0.4888888888888889,-10.0,9213.879491769676,0.0,9203.879491769676,0,,8395.406
2021-12-03 00:00:00+00:00,32.92,33.54,36.0532,15.9177885,0.9017852,0.4888888888888889,-10.0,9390.261750221416,0.0,9380.261750221416,0,,8556.121
2021-12-06 00:00:00+00:00,33.97,33.92,36.05905,22.395176,0.90821403,0.4888888888888889,-10.0,9496.650137512972,0.0,9486.650137512972,0,,8653.059
2021-12-07 00:00:00+00:00,34.1,33.95,36.0617,23.404228,0.9117854,0.4888888888888889,-10.0,9505.05023726973,0.0,9495.05023726973,0,,8660.713
2021-12-08 00:00:00+00:00,34.09,34.28,36.0671,26.171865,0.90607125,0.4888888888888889,-10.0,9597.440153003843,0.0,9587.440153003843,0,,8744.8955
2021-12-09 00:00:00+00:00,34.01,34.15,36.0748,29.471006,0.9289281,0.4888888888888889,-10.0,9561.044487903355,0.0,9551.044487903355,0,,8711.732
2021-12-10 00:00:00+00:00,34.35,34.24,36.0868,31.409391,0.92178535,0.6287878787878788,-10.0,9586.242419614859,0.0,9576.242419614859,0,,8734.692
2021-12-13 00:00:00+00:00,33.94,33.8,36.09835,35.014404,0.9053568,0.4888888888888889,-10.0,9463.054190966,0.0,9453.054190966,0,,8622.447
2021-12-14 00:00:00+00:00,33.67,33.47,36.1004,34.08133,0.935357,0.4888888888888889,-10.0,9370.66411406169,0.0,9360.66411406169,0,,8538.264
2021-12-15 00:00:00+00:00,33.47,33.73,36.0875,29.944288,0.9421428,0.6287878787878788,-10.0,9443.456877334062,0.0,9433.456877334062,0,,8604.59
2021-12-16 00:00:00+00:00,33.88,34.32,36.0707,34.576733,0.96142876,0.4888888888888889,-10.0,9608.640101359428,0.0,9598.640101359428,0,,8755.101
2021-12-17 00:00:00+00:00,34.56,34.22,36.05875,44.44444,0.9207145,0.4888888888888889,-10.0,9580.643277409921,0.0,9570.643277409921,0,,8729.591
2021-12-20 00:00:00+00:00,33.93,33.82,36.03465,47.846886,0.9407144,0.6287878787878788,-10.0,9468.653926269892,0.0,9458.653926269892,0,,8627.55
2021-12-21 00:00:00+00:00,34.1,34.21,36.00365,51.903126,0.9253573,0.6287878787878788,-10.0,9577.84257460151,0.0,9567.84257460151,0,,8727.038
2021-12-22 00:00:00+00:00,34.09,34.13,35.9835,70.772446,0.8471429,0.4888888888888889,-10.0,9555.445086381214,0.0,9545.445086381214,0,,8706.631
2021-12-23 00:00:00+00:00,34.25,34.51,35.95935,64.59334,0.8021428,0.4888888888888889,-10.0,9661.833405484067,0.0,9651.833405484067,0,,8803.568
2021-12-27 00:00:00+00:00,34.56,34.62,35.93485,62.34097,0.79285675,0.4888888888888889,-10.0,9692.6308588195,0.0,9682.6308588195,0,,8831.63
2021-12-28 00:00:00+00:00,34.58,34.77,35.90795,59.562874,0.7749996,0.4888888888888889,-10.0,9734.626904074525,0.0,9724.626904074525,0,,8869.8955
2021-12-29 00:00:00+00:00,34.72,34.38,35.8813,60.84658,0.7442853,0.4888888888888889,-10.0,9625.438254416407,0.0,9615.438254416407,0,,8770.407
2021-12-30 00:00:00+00:00,34.48,34.75,35.846,51.302116,0.73571396,0.4888888888888889,-10.0,9729.02813967156,0.0,9719.02813967156,0,,8864.795
2021-12-31 00:00:00+00:00,34.835,34.27,35.8175,57.352932,0.73071396,0.4888888888888889,-10.0,9594.641470979215,0.0,9584.641470979215,0,,8742.346
2022-01-03 00:00:00+00:00,34.42,34.99,35.78685,50.335556,0.73499954,0.6287878787878788,-10.0,9796.221852626364,0.0,9786.221852626364,0,,8926.0205
2022-01-04 00:00:00+00:00,35.19,35.13,35.76005,62.526363,0.74214226,0.4888888888888889,-10.0,9835.417913553463,0.0,9825.417913553463,0,,8961.734
2022-01-05 00:00:00+00:00,35.14,34.76,35.72995,68.201775,0.7346423,0.6287878787878788,-10.0,9731.827562985374,0.0,9721.827562985374,0,,8867.347
2022-01-06 00:00:00+00:00,34.94,35.48,35.7077,61.02783,0.7317848,0.4888888888888889,-10.0,9933.40727226034,0.0,9923.40727226034,0,,9051.0205
2022-01-07 00:00:00+00:00,35.48,36.0,35.69535,62.083332,0.76035637,0.6287878787878788,-10.0,10078.993137887634,0.0,10068.993137887634,0,,9183.674
2022-01-10 00:00:00+00:00,36.15,35.97,35.68325,67.04979,0.73107094,0.6287878787878788,-10.0,10070.594585704264,0.0,10060.594585704264,0,,9176.021
2022-01-11 00:00:00+00:00,36.05,35.86,35.68225,72.16497,0.72107095,0.6287878787878788,-10.0,10039.797342800035,0.0,10029.797342800035,0,,9147.96
2022-01-12 00:00:00+00:00,35.94,36.22,35.68245,68.052536,0.7049996,0.4888888888888889,-10.0,10140.587783052644,0.0,10130.587783052644,0,,9239.797
2022-01-13 00:00:00+00:00,36.29,36.84,35.68435,71.54639,0.7074996,0.5,-10.0,10314.170506375975,0.0,10304.170506375975,0,,9397.96
2022-01-14 00:00:00+00:00,36.71,37.7,35.6939,72.888016,0.73607117,0.5,-10.0,10554.946143932417,0.0,10544.946143932417,0,,9617.348
2022-01-18 00:00:00+00:00,37.7,36.7,35.7074,76.36986,0.78357124,0.5,-10.0,10274.974092667971,0.0,10264.974092667971,0,,9362.246
2022-01-19 00:00:00+00:00,36.87,36.48,35.715252,64.424515,0.870357,0.4888888888888889,-10.0,10213.380161085532,0.0,10203.380161085532,0,,9306.123
2022-01-20 00:00:00+00:00,36.48,35.27,35.7188,66.10427,0.8896427,0.4888888888888889,-10.0,9874.61406273995,0.0,9864.61406273995,0,,8997.45
2022-01-21 00:00:00+00:00,35.1,34.82,35.7156,53.532608,0.97892845,0.6287878787878788,-10.0,9748.626509869804,0.0,9738.626509869804,0,,8882.653
2022-01-24 00:00:00+00:00,34.7,35.86,35.71155,53.751698,0.9989286,0.4888888888888889,-10.0,10039.797389716363,0.0,10029.797389716363,0,,9147.96
2022-01-25 00:00:00+00:00,35.64,35.88,35.71045,55.686264,1.0103571,0.4888888888888889,-10.0,10045.397390573058,0.0,10035.397390573058,0,,9153.0625
2022-01-26 00:00:00+00:00,35.94,34.87,35.70935,54.980076,1.040357,0.4888888888888889,-10.0,9762.625220252992,0.0,9752.625220252992,0,,8895.409
2022-01-27 00:00:00+00:00,34.88,35.01,35.70195,50.6732,1.0953573,0.4888888888888889,-10.0,9801.82069282638,0.0,9791.82069282638,0,,8931.123
2022-01-28 00:00:00+00:00,34.96,36.71,35.69625,46.903816,1.0739288,0.4888888888888889,-10.0,10277.772796299207,0.0,10267.772796299207,0,,9364.796
2022-01-31 00:00:00+00:00,36.55,37.18,35.69595,54.047882,1.1610715,0.4888888888888889,-10.0,10409.359919970088,0.0,10399.359919970088,0,,9484.694
2022-02-01 00:00:00+00:00,37.35,36.99,35.69825,56.568935,1.1810712,0.4888888888888889,-10.0,10356.165344535251,0.0,10346.165344535251,0,,9436.226
2022-02-02 00:00:00+00:00,36.76,37.27,35.70025,56.08181,1.1732142,0.4888888888888889,-10.0,10434.556871120747,0.0,10424.556871120747,0,,9507.653
2022-02-03 00:00:00+00:00,37.25,37.45,35.70335,55.70032,1.2178571,0.4888888888888889,-10.0,10484.952078177339,0.0,10474.952078177339,0,,9553.572
2022-02-04 00:00:00+00:00,37.37,37.25,35.7038,53.477768,1.2049999,0.4888888888888889,-10.0,10428.957642849062,0.0,10418.957642849062,0,,9502.552
2022-02-07 00:00:00+00:00,37.41,37.18,35.70455,47.225643,1.1689287,0.6287878787878788,-10.0,10409.359386704315,0.0,10399.359386704315,0,,9484.694
2022-02-08 00:00:00+00:00,37.37,37.35,35.70375,53.342613,1.1032143,0.4888888888888889,-10.0,10456.953812296384,0.0,10446.953812296384,0,,9528.061
2022-02-09 00:00:00+00:00,37.82,39.92,35.70515,56.100975,1.0839285,0.4888888888888889,-10.0,11176.481700128068,0.0,11166.481700128068,0,,10183.673
2022-02-10 00:00:00+00:00,39.6,40.05,35.7185,77.38514,1.139643,0.4888888888888889,-10.0,11212.878576354027,0.0,11202.878576354027,0,,10216.837
2022-02-11 00:00:00+00:00,39.81,39.45,35.73435,82.00733,1.1903572,0.4888888888888889,-10.0,11044.896085098235,0.0,11034.896085098235,0,,10063.775
2022-02-14 00:00:00+00:00,39.59,38.75,35.74745,73.22122,1.1867856,0.4888888888888889,-10.0,10848.915396761546,0.0,10838.915396761546,0,,9885.204
2022-02-15 00:00:00+00:00,39.02,39.11,35.7593,67.06301,1.1910714,0.4888888888888889,-10.0,10949.705482985126,0.0,10939.705482985126,0,,9977.041
2022-02-16 00:00:00+00:00,38.66,38.91,35.77595,77.3196,1.1410713,0.4888888888888889,-10.0,10893.711092621867,0.0,10883.711092621867,0,,9926.0205
2022-02-17 00:00:00+00:00,38.817,38.66,35.7915,74.93607,1.1460713,0.4888888888888889,-10.0,10823.71809812092,0.0,10813.71809812092,0,,9862.245
2022-02-18 00:00:00+00:00,38.6,38.54,35.8071,65.30613,1.0639286,0.4888888888888889,-10.0,10790.121585822471,0.0,10780.121585822471,0,,9831.633
2022-02-22 00:00:00+00:00,38.44,38.18,35.8163,61.295692,1.0732144,0.4888888888888889,-10.0,10689.331686930893,0.0,10679.331686930893,0,,9739.796
2022-02-23 00:00:00+00:00,38.53,37.43,35.82135,59.61227,1.0810713,0.4888888888888889,-10.0,10479.352768771978,0.0,10469.352768771978,0,,9548.469
2022-02-24 00:00:00+00:00,36.9,37.26,35.82225,51.2012,1.0860713,0.4888888888888889,-10.0,10431.756869608467,0.0,10421.756869608467,0,,9505.102
2022-02-25 00:00:00+00:00,37.43,38.23,35.8216,48.57141,1.1021429,0.4888888888888889,-10.0,10703.329740870982,0.0,10693.329740870982,0,,9752.551
2022-02-28 00:00:00+00:00,37.72,38.26,35.8303,56.603767,1.1517857,0.4888888888888889,-10.0,10711.72795382293,0.0,10701.72795382293,0,,9760.203
2022-03-01 00:00:00+00:00,37.9,37.64,35.83625,57.31706,1.1735717,0.4888888888888889,-10.0,10538.1455421767,0.0,10528.1455421767,0,,9602.039
2022-03-02 00:00:00+00:00,37.91,39.32,35.8431,51.851856,1.1878573,0.4888888888888889,-10.0,11008.498686433466,0.0,10998.498686433466,0,,10030.61
2022-03-03 00:00:00+00:00,39.34,39.53,35.8605,45.677246,1.1521426,0.4888888888888889,-10.0,11067.293036836965,0.0,11057.293036836965,0,,10084.182
2022-03-04 00:00:00+00:00,39.15,39.07,35.87655,46.296295,1.0921427,0.4888888888888889,-10.0,10938.50589156997,0.0,10928.50589156997,0,,9966.835
2022-03-07 00:00:00+00:00,38.95,38.03,35.8908,47.238365,1.0692855,0.5654205607476636,-10.0,10647.334919900884,0.0,10637.334919900884,0,,9701.528
2022-03-08 00:00:00+00:00,38.12,38.2,35.90025,45.013844,1.083214,0.5654205607476636,-10.0,10694.93094681755,0.0,10684.93094681755,0,,9744.896
2022-03-09 00:00:00+00:00,38.74,37.43,35.90935,43.52774,1.088214,0.5654205607476636,-10.0,10479.352167382705,0.0,10469.352167382705,0,,9548.468
2022-03-10 00:00:00+00:00,37.06,36.61,35.91495,40.263165,1.1332139,0.5654205607476636,-10.0,10249.77504741136,0.0,10239.77504741136,0,,9339.284
2022-03-11 00:00:00+00:00,36.74,36.18,35.9185,37.45411,1.1639282,0.5654205607476636,-10.0,10129.38679755258,0.0,10119.38679755258,0,,9229.59
2022-03-14 00:00:00+00:00,36.67,35.72,35.918602,36.084908,1.1660709,0.5654205607476636,-10.0,10000.599675279187,0.0,9990.599675279187,0,,9112.244
2022-03-15 00:00:00+00:00,36.09,36.62,35.91315,35.664345,1.2346423,0.5654205607476636,-10.0,10252.57434697291,0.0,10242.57434697291,0,,9341.835
2022-03-16 00:00:00+00:00,36.79,37.42,35.91485,45.360817,1.2217854,0.5654205607476636,-10.0,10476.551437939994,0.0,10466.551437939994,0,,9545.916
2022-03-17 00:00:00+00:00,37.17,37.05,35.922,50.854702,1.2178568,0.5654205607476636,-10.0,10372.961864944782,0.0,10362.961864944782,0,,9451.528
2022-03-18 00:00:00+00:00,37.04,37.68,35.9293,43.264835,1.2224996,0.5654205607476636,-10.0,10549.345080536403,0.0,10539.345080536403,0,,9612.244
2022-03-21 00:00:00+00:00,37.64,37.54,35.9419,46.90172,1.2446425,0.5654205607476636,-10.0,10510.149457997166,0.0,10500.149457997166,0,,9576.53
2022-03-22 00:00:00+00:00,37.8,37.76,35.95125,49.436947,1.2846426,0.5654205607476636,-10.0,10571.742388237217,0.0,10561.742388237217,0,,9632.651
2022-03-23 00:00:00+00:00,37.6,37.18,35.96205,39.487854,1.1846426,0.5654205607476636,-10.0,10409.359188697512,0.0,10399.359188697512,0,,9484.692
2022-03-24 00:00:00+00:00,37.17,37.57,35.97215,34.916557,1.1760712,0.5654205607476636,-10.0,10518.547785152594,0.0,10508.547785152594,0,,9584.182
2022-03-25 00:00:00+00:00,37.59,37.82,35.97985,40.284966,1.1603571,0.5654205607476636,-10.0,10588.540963683194,0.0,10578.540963683194,0,,9647.958
2022-03-28 00:00:00+00:00,37.75,37.27,35.98965,48.48485,1.1178572,0.5654205607476636,-10.0,10434.556263332237,0.0,10424.556263332237,0,,9507.651
2022-03-29 00:00:00+00:00,37.66,37.56,35.995,43.63884,1.1157142,0.5654205607476636,-10.0,10515.747845585243,0.0,10505.747845585243,0,,9581.631
2022-03-30 00:00:00+00:00,37.53,36.83,36.003,50.951694,1.042857,0.5654205607476636,-10.0,10311.368139277045,0.0,10301.368139277045,0,,9395.406
2022-03-31 00:00:00+00:00,36.69,36.28,36.00725,51.632057,1.0289285,0.5654205607476636,-10.0,10157.382435147883,0.0,10147.382435147883,0,,9255.1
2022-04-01 00:00:00+00:00,36.62,36.17,36.009,50.72885,1.0089285,0.5654205607476636,-10.0,10126.58556576794,0.0,10116.58556576794,0,,9227.038
2022-04-04 00:00:00+00:00,36.08,36.41,36.01265,53.4562,0.9457144,0.5654205607476636,-10.0,10193.779789858729,0.0,10183.779789858729,0,,9288.264
2022-04-05 00:00:00+00:00,36.2,35.55,36.0158,48.205135,0.95928544,0.5654205607476636,-10.0,9953.003830366639,0.0,9943.003830366639,0,,9068.875
2022-04-06 00:00:00+00:00,35.53,35.62,36.0147,34.179367,0.97714263,0.5654205607476636,-10.0,9972.602280701902,0.0,9962.602280701902,0,,9086.732
2022-04-07 00:00:00+00:00,35.5,35.33,36.0141,37.2549,0.91071403,0.5654205607476636,-10.0,9891.41135215207,0.0,9881.41135215207,0,,9012.754
2022-04-08 00:00:00+00:00,35.35,35.76,36.01225,27.703985,0.893571,0.5654205607476636,-10.0,10011.798837754051,0.0,10001.798837754051,0,,9122.447
2022-04-11 00:00:00+00:00,35.74,35.51,36.00965,33.992764,0.8421424,0.5654205607476636,-10.0,9941.80606388262,0.0,9931.80606388262,0,,9058.672
2022-04-12 00:00:00+00:00,35.7,35.61,36.00525,29.874763,0.85357124,0.5654205607476636,-10.0,9969.804180668283,0.0,9959.804180668283,0,,9084.183
2022-04-13 00:00:00+00:00,35.68,35.93,36.0023,34.63797,0.8599998,0.5654205607476636,-10.0,10059.395180599038,0.0,10049.395180599038,0,,9165.815
2022-04-14 00:00:00+00:00,35.99,35.85,36.00675,33.730167,0.8442854,0.5654205607476636,-10.0,10036.997020715631,0.0,10026.997020715631,0,,9145.407
2022-04-18 00:00:00+00:00,35.91,35.97,36.01,29.774126,0.8349996,0.5654205607476636,-10.0,10070.594832932115,0.0,10060.594832932115,0,,9176.0205
2022-04-19 00:00:00+00:00,36.13,36.2,36.01205,35.36039,0.79499954,0.5654205607476636,-10.0,10134.987705462196,0.0,10124.987705462196,0,,9234.693
2022-04-20 00:00:00+00:00,36.13,36.48,36.0162,34.474895,0.79999954,0.5654205607476636,-10.0,10213.379560497167,0.0,10203.379560497167,0,,9306.122
2022-04-21 00:00:00+00:00,36.68,35.88,36.024952,45.54705,0.8403565,0.5654205607476636,-10.0,10045.396984846739,0.0,10035.396984846739,0,,9153.062
2022-04-22 00:00:00+00:00,35.78,35.33,36.03185,44.974903,0.86249954,0.5654205607476636,-10.0,9891.41285723117,0.0,9881.41285723117,0,,9012.756
2022-04-25 00:00:00+00:00,35.12,35.18,36.03945,40.497776,0.85464233,0.5654205607476636,-10.0,9849.416900975171,0.0,9839.416900975171,0,,8974.49
2022-04-26 00:00:00+00:00,34.93,34.01,36.0428,35.796764,0.8274997,0.5654205607476636,-10.0,9521.848897544976,0.0,9511.848897544976,0,,8676.02
2022-04-27 00:00:00+00:00,34.05,33.78,36.03835,33.40516,0.8296424,0.5654205607476636,-10.0,9457.4556481485,0.0,9447.4556481485,0,,8617.347
2022-04-28 00:00:00+00:00,33.96,33.92,36.0374,30.833328,0.86035675,0.6,-10.0,9496.65141257849,0.0,9486.65141257849,0,,8653.061
2022-04-29 00:00:00+00:00,33.89,33.24,36.0351,34.838676,0.8396424,0.6,-10.0,9306.27139027931,0.0,9296.27139027931,0,,8479.592
2022-05-02 00:00:00+00:00,33.42,33.86,36.0319,24.285757,0.86107117,0.5654205607476636,-10.0,9479.853832008788,0.0,9469.853832008788,0,,8637.756
2022-05-03 00:00:00+00:00,33.93,33.63,36.03435,34.345375,0.84892815,0.5654205607476636,-10.0,9415.460365154491,0.0,9405.460365154491,0,,8579.082
2022-05-04 00:00:00+00:00,33.56,34.37,36.0395,31.666662,0.84857094,0.6,-10.0,9622.639355523534,0.0,9612.639355523534,0,,8767.857
2022-05-05 00:00:00+00:00,34.07,33.72,36.047,36.597916,0.8892852,0.15384615384615385,-10.0,9440.658127339073,0.0,9430.658127339073,0,,8602.041
2022-05-06 00:00:00+00:00,33.56,32.06,36.0462,33.333332,0.9064279,0.6,-10.0,8975.904287141599,0.0,8965.904287141599,0,,8178.5713
2022-05-09 00:00:00+00:00,31.79,30.57,36.03775,25.34675,1.0164282,0.5654205607476636,-10.0,8558.745451134222,0.0,8548.745451134222,0,,7798.469
2022-05-10 00:00:00+00:00,30.89,29.9,36.02055,19.368843,1.0871428,0.5654205607476636,-10.0,8371.164061223684,0.0,8361.164061223684,0,,7627.5503
2022-05-11 00:00:00+00:00,29.95,30.56,35.99845,15.657593,1.1142857,0.6,-10.0,8555.946010234129,0.0,8545.946010234129,0,,7795.918
2022-05-12 00:00:00+00:00,30.5,30.86,35.98145,22.406612,1.1157143,0.5654205607476636,-10.0,8639.937728287561,0.0,8629.937728287561,0,,7872.4487
2022-05-13 00:00:00+00:00,31.37,31.24,35.96565,26.198065,1.1482143,0.5654205607476636,-10.0,8746.326503124308,0.0,8736.326503124308,0,,7969.3867
2022-05-16 00:00:00+00:00,31.19,31.11,35.95215,29.521812,1.139643,0.6,-10.0,8709.930429734324,0.0,8699.930429734324,0,,7936.2236
2022-05-17 00:00:00+00:00,31.4,31.97,35.9415,33.100227,1.0875003,0.5654205607476636,-10.0,8950.706002647301,0.0,8940.706002647301,0,,8155.6113
2022-05-18 00:00:00+00:00,31.79,30.89,35.9349,40.173717,1.0917858,0.4090909090909091,-10.0,8648.336405959008,0.0,8638.336405959008,0,,7880.101
2022-05-19 00:00:00+00:00,30.76,30.79,35.92525,35.073883,1.1239287,0.5654205607476636,-10.0,8620.339600834699,0.0,8610.339600834699,0,,7854.592
2022-05-20 00:00:00+00:00,31.04,30.94,35.916,37.199566,1.0967858,0.5654205607476636,-10.0,8662.335533707866,0.0,8652.335533707866,0,,7892.8574
2022-05-23 00:00:00+00:00,31.41,31.62,35.89925,33.95603,1.0932144,0.5654205607476636,-10.0,8852.716523101108,0.0,8842.716523101108,0,,8066.326
2022-05-24 00:00:00+00:00,31.41,30.0,35.88865,39.476433,1.1107146,0.5654205607476636,-10.0,8399.16166046492,0.0,8389.16166046492,0,,7653.061
2022-05-25 00:00:00+00:00,29.98,30.77,35.87115,29.050814,1.1685717,0.5654205607476636,-10.0,8614.740538246715,0.0,8604.740538246715,0,,7849.49
2022-05-26 00:00:00+00:00,30.89,31.81,35.855,36.01895,1.1785719,0.5654205607476636,-10.0,8905.911630676832,0.0,8895.911630676832,0,,8114.7964
2022-05-27 00:00:00+00:00,31.85,32.69,35.84135,48.741177,1.1135719,0.5654205607476636,-10.0,9152.286413794769,0.0,9142.286413794769,0,,8339.285
2022-05-31 00:00:00+00:00,32.72,32.71,35.83405,61.37339,1.0714289,0.15384615384615385,-10.0,9157.88561855861,0.0,9147.88561855861,0,,8344.387
2022-06-01 00:00:00+00:00,32.9,32.15,35.82725,66.20531,0.96357155,0.5654205607476636,-10.0,9001.102037029843,0.0,8991.102037029843,0,,8201.53
2022-06-02 00:00:00+00:00,31.89,31.86,35.81675,59.276566,0.97214305,0.5654205607476636,-10.0,8919.909676105723,0.0,8909.909676105723,0,,8127.5503
2022-06-03 00:00:00+00:00,31.66,31.65,35.80565,55.841125,0.95428574,0.6,-10.0,8861.11516505382,0.0,8851.11516505382,0,,8073.9785
2022-06-06 00:00:00+00:00,31.83,31.59,35.79485,52.443386,0.9364286,0.5654205607476636,-10.0,8844.316921064797,0.0,8834.316921064797,0,,8058.6724
2022-06-07 00:00:00+00:00,31.3,32.04,35.7855,52.884613,0.9396428,0.5654205607476636,-10.0,8970.30450980414,0.0,8960.30450980414,0,,8173.4688
2022-06-08 00:00:00+00:00,31.81,31.49,35.77565,50.44249,0.9282145,0.5654205607476636,-10.0,8816.319562091774,0.0,8806.319562091774,0,,8033.1626
2022-06-09 00:00:00+00:00,31.45,30.98,35.7615,54.065044,0.9067861,0.5654205607476636,-10.0,8673.534018742217,0.0,8663.534018742217,0,,7903.0605
2022-06-10 00:00:00+00:00,30.58,30.03,35.7452,51.2195,0.9053575,0.5654205607476636,-10.0,8407.560784941666,0.0,8397.560784941666,0,,7660.714
2022-06-13 00:00:00+00:00,29.7,29.21,35.7239,44.703144,0.9253574,0.5654205607476636,-10.0,8177.983258682395,0.0,8167.983258682395,0,,7451.5293
2022-06-14 00:00:00+00:00,29.23,29.65,35.69995,36.197014,0.9289289,0.5654205607476636,-10.0,8301.17153289313,0.0,8291.17153289313,0,,7563.7754
2022-06-15 00:00:00+00:00,29.88,30.44,35.67555,47.682117,0.8600003,0.5654205607476636,-10.0,8522.34985556286,0.0,8512.34985556286,0,,7765.306
2022-06-16 00:00:00+00:00,29.85,29.8,35.65615,47.820343,0.8785716,0.5654205607476636,-10.0,8343.167432781804,0.0,8333.167432781804,0,,7602.0405
2022-06-17 00:00:00+00:00,29.78,29.69,35.632,35.98327,0.8885716,0.5654205607476636,-10.0,8312.370665550296,0.0,8302.370665550296,0,,7573.9795
2022-06-21 00:00:00+00:00,29.87,30.14,35.60925,26.562527,0.8750001,0.5654205607476636,-10.0,8438.358164731335,0.0,8428.358164731335,0,,7688.776
2022-06-22 00:00:00+00:00,29.85,29.72,35.58735,31.185951,0.90428585,0.5654205607476636,-10.0,8320.769897683182,0.0,8310.769897683182,0,,7581.633
2022-06-23 00:00:00+00:00,29.74,29.67,35.5653,31.83856,0.85071427,0.6,-10.0,8306.771524510772,0.0,8296.771524510772,0,,7568.878
2022-06-24 00:00:00+00:00,29.92,30.35,35.54345,33.02326,0.8242858,0.5654205607476636,-10.0,8497.152929028407,0.0,8487.152929028407,0,,7742.3477
2022-06-27 00:00:00+00:00,30.42,30.52,35.5287,40.606945,0.86357147,0.5654205607476636,-10.0,8544.747920316146,0.0,8534.747920316146,0,,7785.715
2022-06-28 00:00:00+00:00,30.59,30.22,35.51295,42.389763,0.86035717,0.5654205607476636,-10.0,8460.756121049151,0.0,8450.756121049151,0,,7709.184
2022-06-29 00:00:00+00:00,30.25,30.14,35.49755,36.77325,0.8495,0.5654205607476636,-10.0,8438.358124721257,0.0,8428.358124721257,0,,7688.776
2022-06-30 00:00:00+00:00,29.93,29.7,35.4796,39.469578,0.8459285,0.5654205607476636,-10.0,8315.170848082333,0.0,8305.170848082333,0,,7576.5312
2022-07-01 00:00:00+00:00,29.52,30.59,35.4639,39.905373,0.8566427,0.5654205607476636,-10.0,8564.346204364036,0.0,8554.346204364036,0,,7803.5723
2022-07-05 00:00:00+00:00,30.15,30.63,35.44655,54.458595,0.86592853,0.5654205607476636,-10.0,8575.545000816996,0.0,8565.545000816996,0,,7813.7764
2022-07-06 00:00:00+00:00,30.7,30.57,35.42625,62.909096,0.857357,0.5654205607476636,-10.0,8558.746819825175,0.0,8548.746819825175,0,,7798.47
2022-07-07 00:00:00+00:00,30.69,30.82,35.4036,58.984383,0.86985695,0.5654205607476636,-10.0,8628.740214359006,0.0,8618.740214359006,0,,7862.246
2022-07-08 00:00:00+00:00,30.93,30.63,35.38505,54.148464,0.81985706,0.5654205607476636,-10.0,8575.545335564399,0.0,8565.545335564399,0,,7813.777
2022-07-11 00:00:00+00:00,30.44,30.28,35.3658,60.048435,0.7748571,0.5654205607476636,-10.0,8477.555772239646,0.0,8467.555772239646,0,,7724.491
2022-07-12 00:00:00+00:00,30.11,30.62,35.3401,56.75058,0.75699997,0.5654205607476636,-10.0,8572.746527761754,0.0,8562.746527761754,0,,7811.226
2022-07-13 00:00:00+00:00,30.36,30.37,35.3148,55.633823,0.7577143,0.5654205607476636,-10.0,8502.753613166968,0.0,8492.753613166968,0,,7747.451
2022-07-14 00:00:00+00:00,30.03,30.02,35.2851,57.946236,0.7912858,0.6,-10.0,8404.763135419895,0.0,8394.763135419895,0,,7658.165
2022-07-15 00:00:00+00:00,30.45,31.03,35.25055,53.98634,0.7970002,0.5654205607476636,-10.0,8687.534662016833,0.0,8677.534662016833,0,,7915.818
2022-07-18 00:00:00+00:00,30.75,30.73,35.2214,57.203396,0.80128586,0.5654205607476636,-10.0,8603.54260562811,0.0,8593.54260562811,0,,7839.287
2022-07-19 00:00:00+00:00,31.13,31.65,35.1888,52.16494,0.8262859,0.5654205607476636,-10.0,8861.117365347178,0.0,8851.117365347178,0,,8073.9814
2022-07-20 00:00:00+00:00,31.76,32.17,35.16145,63.07131,0.84357154,0.25122963306288054,-10.0,9006.702534844535,0.0,8996.702534844535,0,,8206.634
2022-07-21 00:00:00+00:00,32.23,32.42,35.1339,67.17428,0.83714294,0.4090909090909091,-10.0,9076.69590421482,0.0,9066.69590421482,0,,8270.41
2022-07-22 00:00:00+00:00,32.4,32.57,35.10475,73.776215,0.8221429,0.5654205607476636,-10.0,9118.692597603078,0.0,9108.692597603078,0,,8308.676
2022-07-25 00:00:00+00:00,32.76,32.65,35.07445,69.87952,0.78428555,0.5654205607476636,-10.0,9141.09090981097,0.0,9131.09090981097,0,,8329.085
2022-07-26 00:00:00+00:00,32.42,31.57,35.0459,70.11954,0.7553569,0.5654205607476636,-10.0,8838.720679242455,0.0,8828.720679242455,0,,8053.5737
2022-07-27 00:00:00+00:00,31.81,32.1,35.00955,58.27814,0.77821416,0.5654205607476636,-10.0,8987.10517352522,0.0,8977.10517352522,0,,8188.7773
2022-07-28 00:00:00+00:00,32.06,32.37,34.97465,60.126568,0.78464264,0.5654205607476636,-10.0,9062.698305775382,0.0,9052.698305775382,0,,8257.655
2022-07-29 00:00:00+00:00,32.28,30.9,34.942,63.593742,0.80321395,0.5654205607476636,-10.0,8651.139232864809,0.0,8641.139232864809,0,,7882.6553
2022-08-01 00:00:00+00:00,30.79,31.1,34.9024,54.12233,0.8803568,0.5654205607476636,-10.0,8707.13345796728,0.0,8697.13345796728,0,,7933.676
2022-08-02 00:00:00+00:00,31.11,30.93,34.86235,53.252026,0.85464257,0.5654205607476636,-10.0,8659.538326858325,0.0,8649.538326858325,0,,7890.3086
2022-08-03 00:00:00+00:00,30.97,31.29,34.81995,53.83561,0.8132139,0.6,-10.0,8760.328749252536,0.0,8750.328749252536,0,,7982.1455
2022-08-04 00:00:00+00:00,31.25,31.19,34.78155,58.686726,0.8096424,0.6,-10.0,8732.33125150284,0.0,8722.33125150284,0,,7956.6353
2022-08-05 00:00:00+00:00,30.86,31.0,34.74205,51.249996,0.7796424,0.6,-10.0,8679.136387792072,0.0,8669.136387792072,0,,7908.166
2022-08-08 00:00:00+00:00,31.14,31.13,34.6974,52.146267,0.7624995,0.5654205607476636,-10.0,8715.532731482199,0.0,8705.532731482199,0,,7941.3296
2022-08-09 00:00:00+00:00,31.23,31.35,34.65205,45.272728,0.72392815,0.5654205607476636,-10.0,8777.12717509587,0.0,8767.12717509587,0,,7997.4526
2022-08-10 00:00:00+00:00,32.0,32.37,34.6106,42.115417,0.71107113,0.5654205607476636,-10.0,9062.69795393056,0.0,9052.69795393056,0,,8257.656
2022-08-11 00:00:00+00:00,32.69,33.66,34.57485,49.581245,0.78964275,0.5654205607476636,-10.0,9423.862641647156,0.0,9413.862641647156,0,,8586.738
2022-08-12 00:00:00+00:00,33.76,33.75,34.5485,57.665257,0.84821445,0.022700124705802294,-10.0,9449.059648729797,0.0,9439.059648729797,0,,8609.697
2022-08-15 00:00:00+00:00,33.49,33.57,34.52365,57.724705,0.8557144,0.4090909090909091,-10.0,9398.664374072268,0.0,9388.664374072268,0,,8563.778
2022-08-16 00:00:00+00:00,33.49,33.74,34.5041,66.07716,0.7992856,0.5654205607476636,-10.0,9446.26043068559,0.0,9436.26043068559,0,,8607.146
2022-08-17 00:00:00+00:00,33.52,33.43,34.48315,63.99319,0.7896429,0.5654205607476636,-10.0,9359.468787014237,0.0,9349.468787014237,0,,8528.065
2022-08-18 00:00:00+00:00,33.54,33.23,34.4655,58.983055,0.7625002,0.5654205607476636,-10.0,9303.473921086601,0.0,9293.473921086601,0,,8477.044
2022-08-19 00:00:00+00:00,33.08,32.91,34.44075,75.16195,0.6842858,0.5654205607476636,-10.0,9213.882903504269,0.0,9203.882903504269,0,,8395.411
2022-08-22 00:00:00+00:00,32.6,31.99,34.4119,69.052605,0.6814286,0.5654205607476636,-10.0,8956.308297991249,0.0,8946.308297991249,0,,8160.717
2022-08-23 00:00:00+00:00,32.01,31.82,34.3787,59.63635,0.71928585,0.5654205607476636,-10.0,8908.712941352578,0.0,8898.712941352578,0,,8117.349
2022-08-24 00:00:00+00:00,31.82,32.08,34.3457,54.990566,0.7310715,0.5654205607476636,-10.0,8981.50676123927,0.0,8971.50676123927,0,,8183.677
2022-08-25 00:00:00+00:00,32.31,32.29,34.31305,58.135284,0.7435714,0.5654205607476636,-10.0,9040.30095936844,0.0,9030.30095936844,0,,8237.248
2022-08-26 00:00:00+00:00,32.33,31.72,34.285,61.74863,0.7260715,0.5654205607476636,-10.0,8880.716403001787,0.0,8870.716403001787,0,,8091.8394
2022-08-29 00:00:00+00:00,31.69,31.73,34.2551,54.9747,0.76821434,0.6,-10.0,8883.516568999046,0.0,8873.516568999046,0,,8094.391
2022-08-30 00:00:00+00:00,31.75,31.64,34.2247,53.321667,0.7732142,0.5654205607476636,-10.0,8858.318777751349,0.0,8848.318777751349,0,,8071.4316
2022-08-31 00:00:00+00:00,31.7,31.62,34.1918,42.37998,0.6896428,0.5654205607476636,-10.0,8852.719898156589,0.0,8842.719898156589,0,,8066.33
2022-09-01 00:00:00+00:00,31.55,31.53,34.15915,21.022793,0.628214,0.5654205607476636,-10.0,8827.52239618149,0.0,8817.52239618149,0,,8043.3706
2022-09-02 00:00:00+00:00,31.86,31.24,34.1247,18.465975,0.6132142,0.5654205607476636,-10.0,8746.330440319756,0.0,8736.330440319756,0,,7969.391
2022-09-06 00:00:00+00:00,31.32,30.55,34.09285,17.906397,0.637857,0.6,-10.0,8553.149390021252,0.0,8543.149390021252,0,,7793.3706
2022-09-07 00:00:00+00:00,30.52,30.87,34.0579,11.566285,0.680357,0.5654205607476636,-10.0,8642.74090873358,0.0,8632.74090873358,0,,7875.004
2022-09-08 00:00:00+00:00,30.65,30.94,34.02765,19.230816,0.6867854,0.5654205607476636,-10.0,8662.339180290188,0.0,8652.339180290188,0,,7892.8613
2022-09-09 00:00:00+00:00,31.06,31.97,34.00075,21.588133,0.7057142,0.5654205607476636,-10.0,8950.709731734418,0.0,8940.709731734418,0,,8155.6157
2022-09-12 00:00:00+00:00,32.15,32.3,33.98025,40.08439,0.7485714,0.4090909090909091,-10.0,9043.100865634244,0.0,9033.100865634244,0,,8239.8
2022-09-13 00:00:00+00:00,31.75,31.1,33.96,53.734932,0.70285714,0.6,-10.0,8707.134346770115,0.0,8697.134346770115,0,,7933.6772
2022-09-14 00:00:00+00:00,31.17,31.03,33.9361,43.0502,0.7396428,0.5654205607476636,-10.0,8687.536410664225,0.0,8677.536410664225,0,,7915.8203
2022-09-15 00:00:00+00:00,31.03,32.03,33.9159,39.478947,0.742143,0.5654205607476636,-10.0,8967.507917043607,0.0,8957.507917043607,0,,8170.922
2022-09-16 00:00:00+00:00,32.01,31.19,33.9036,47.750847,0.8081428,0.5654205607476636,-10.0,8732.33154207698,0.0,8722.33154207698,0,,7956.6357
2022-09-19 00:00:00+00:00,31.06,31.95,33.89155,45.619843,0.8231427,0.5654205607476636,-10.0,8945.109963025385,0.0,8935.109963025385,0,,8150.513
2022-09-20 00:00:00+00:00,31.8,31.7,33.8902,51.617657,0.84707135,0.5654205607476636,-10.0,8875.116991568375,0.0,8865.116991568375,0,,8086.738
2022-09-21 00:00:00+00:00,31.83,30.4,33.88415,50.431046,0.85064274,0.5654205607476636,-10.0,8511.153008025227,0.0,8501.153008025227,0,,7755.105
2022-09-22 00:00:00+00:00,30.41,29.89,33.86845,42.597076,0.92564285,0.5654205607476636,-10.0,8368.367153349529,0.0,8358.367153349529,0,,7625.003
2022-09-23 00:00:00+00:00,29.71,29.47,33.8483,40.53117,0.94064265,0.5654205607476636,-10.0,8250.779067545163,0.0,8240.779067545163,0,,7517.86
2022-09-26 00:00:00+00:00,29.29,28.96,33.8259,39.931736,0.94028556,0.5654205607476636,-10.0,8107.993298080837,0.0,8097.993298080837,0,,7387.758
2022-09-27 00:00:00+00:00,29.14,28.71,33.7993,40.766544,0.92885697,0.5654205607476636,-10.0,8038.000232642904,0.0,8028.000232642904,0,,7323.982
2022-09-28 00:00:00+00:00,28.76,29.18,33.7721,37.35361,0.9595713,0.5654205607476636,-10.0,8169.587554156575,0.0,8159.587554156575,0,,7443.8804
2022-09-29 00:00:00+00:00,28.78,28.37,33.7468,40.156593,0.9524284,0.5654205607476636,-10.0,7942.810280847554,0.0,7932.810280847554,0,,7237.248
2022-09-30 00:00:00+00:00,28.48,28.5,33.71965,29.357801,0.9492141,0.6,-10.0,7979.206508253281,0.0,7969.206508253281,0,,7270.411
2022-10-03 00:00:00+00:00,28.87,29.04,33.6948,27.699526,0.969214,0.5654205607476636,-10.0,8130.391429617444,0.0,8120.391429617444,0,,7408.1665
2022-10-04 00:00:00+00:00,29.29,29.98,33.67135,36.895676,0.9284999,0.5654205607476636,-10.0,8393.565182124044,0.0,8383.565182124044,0,,7647.9624
2022-10-05 00:00:00+00:00,29.61,29.25,33.64965,43.986244,0.94278556,0.5654205607476636,-10.0,8189.185476869552,0.0,8179.185476869552,0,,7461.738
2022-10-06 00:00:00+00:00,29.61,29.01,33.6248,33.569744,0.91142845,0.5654205607476636,-10.0,8121.992261763996,0.0,8111.992261763996,0,,7400.513
2022-10-07 00:00:00+00:00,28.85,29.11,33.60075,36.132313,0.8792857,0.5654205607476636,-10.0,8149.989222432699,0.0,8139.989222432699,0,,7426.0234
2022-10-10 00:00:00+00:00,29.17,28.93,33.57525,30.277779,0.85535717,0.5654205607476636,-10.0,8099.594208628001,0.0,8089.594208628001,0,,7380.1055
2022-10-11 00:00:00+00:00,28.75,28.53,33.54925,30.575035,0.8639285,0.5654205607476636,-10.0,7987.605254764891,0.0,7977.605254764891,0,,7278.0645
2022-10-12 00:00:00+00:00,28.53,28.29,33.51935,34.99198,0.80107147,0.5654205607476636,-10.0,7920.412062973074,0.0,7910.412062973074,0,,7216.84
2022-10-13 00:00:00+00:00,27.88,29.38,33.4877,36.57719,0.7939287,0.5654205607476636,-10.0,8225.580756283025,0.0,8215.580756283025,0,,7494.9004
2022-10-14 00:00:00+00:00,29.5,29.16,33.46075,49.321266,0.84464306,0.5654205607476636,-10.0,8163.98701600865,0.0,8153.98701600865,0,,7438.778
2022-10-17 00:00:00+00:00,27.92,26.8,33.43465,51.577293,0.83535737,0.5654205607476636,-10.0,7503.252720283664,0.0,7493.252720283664,0,,6836.737
2022-10-18 00:00:00+00:00,27.34,27.58,33.3949,38.698223,0.9503573,0.5654205607476636,-10.0,7721.630923037491,0.0,7711.630923037491,0,,7035.7163
2022-10-19 00:00:00+00:00,27.47,27.66,33.36145,40.867573,0.9917859,0.5654205607476636,-10.0,7744.028289039019,0.0,7734.028289039019,0,,7056.124
2022-10-20 00:00:00+00:00,27.78,27.36,33.3248,45.57907,0.9757144,0.5654205607476636,-10.0,7660.036874276582,0.0,7650.036874276582,0,,6979.5938
2022-10-21 00:00:00+00:00,27.28,27.61,33.28595,43.048782,0.96321446,0.5654205607476636,-10.0,7730.02963426886,0.0,7720.02963426886,0,,7043.3687
2022-10-24 00:00:00+00:00,27.84,27.73,33.2502,40.960804,0.96464294,0.5654205607476636,-10.0,7763.6262870670125,0.0,7753.6262870670125,0,,7073.981
2022-10-25 00:00:00+00:00,27.7,28.0,33.21145,34.132572,0.94121444,0.5654205607476636,-10.0,7839.218979904139,0.0,7829.218979904139,0,,7142.859
2022-10-26 00:00:00+00:00,28.21,27.255,33.17145,40.573147,0.92157143,0.5654205607476636,-10.0,7630.639659156565,0.0,7620.639659156565,0,,6952.808
2022-10-27 00:00:00+00:00,27.52,26.57,33.127876,37.70146,0.94299996,0.5654205607476636,-10.0,7438.858687870312,0.0,7428.858687870312,0,,6778.063
2022-10-28 00:00:00+00:00,26.79,27.21,33.081425,33.54921,0.9794284,0.5654205607476636,-10.0,7618.040781921242,0.0,7608.040781921242,0,,6941.3286
2022-10-31 00:00:00+00:00,27.25,27.2,33.036373,39.48654,0.9901428,0.5654205607476636,-10.0,7615.241436581673,0.0,7605.241436581673,0,,6938.7783
2022-11-01 00:00:00+00:00,28.09,28.61,32.988174,41.46341,0.9701428,0.5654205607476636,-10.0,8010.002445075452,0.0,8000.002445075452,0,,7298.4727
2022-11-02 00:00:00+00:00,28.41,28.17,32.942726,51.785713,1.0944283,0.5654205607476636,-10.0,7886.8146145748005,0.0,7876.8146145748005,0,,7186.2275
2022-11-03 00:00:00+00:00,27.92,28.02,32.900074,42.71962,1.0564997,0.5654205607476636,-10.0,7844.819054429838,0.0,7834.819054429838,0,,7147.9624
2022-11-04 00:00:00+00:00,28.37,27.83,32.857777,43.082527,1.0432854,0.5654205607476636,-10.0,7791.62441266638,0.0,7781.62441266638,0,,7099.493
2022-11-07 00:00:00+00:00,28.11,27.44,32.820576,58.48436,0.9439997,0.5654205607476636,-10.0,7682.435330540836,0.0,7672.435330540836,0,,7000.0034
2022-11-08 00:00:00+00:00,27.57,27.62,32.783676,48.76761,0.9375711,0.5654205607476636,-10.0,7732.830028795143,0.0,7722.830028795143,0,,7045.922
2022-11-09 00:00:00+00:00,27.08,26.66,32.742474,49.653988,0.9354283,0.5654205607476636,-10.0,7464.056689214763,0.0,7454.056689214763,0,,6801.0234
2022-11-10 00:00:00+00:00,27.57,27.7,32.696377,44.56521,0.9872141,0.5654205607476636,-10.0,7755.228118713585,0.0,7745.228118713585,0,,7066.33
2022-11-11 00:00:00+00:00,27.91,28.76,32.660526,50.622406,1.0329285,0.5654205607476636,-10.0,8051.998484897344,0.0,8041.998484897344,0,,7336.739
2022-11-14 00:00:00+00:00,28.76,28.79,32.629276,56.303555,1.0688571,0.5654205607476636,-10.0,8060.397373812269,0.0,8050.397373812269,0,,7344.391
2022-11-15 00:00:00+00:00,29.0,28.99,32.589676,54.98109,1.0727857,0.5654205607476636,-10.0,8116.391359532133,0.0,8106.391359532133,0,,7395.411
2022-11-16 00:00:00+00:00,29.08,28.86,32.548725,61.74679,1.0538572,0.5654205607476636,-10.0,8079.995059481931,0.0,8069.995059481931,0,,7362.2476
2022-11-17 00:00:00+00:00,28.45,28.84,32.508076,66.76429,1.0295715,0.5654205607476636,-10.0,8074.395435411013,0.0,8064.395435411013,0,,7357.1455
2022-11-18 00:00:00+00:00,29.18,29.14,32.465923,63.124004,1.0124285,0.6,-10.0,8158.386932652744,0.0,8148.386932652744,0,,7433.6763
2022-11-21 00:00:00+00:00,29.28,28.84,32.424374,64.923065,1.0152857,0.5654205607476636,-10.0,8074.39557996535,0.0,8064.39557996535,0,,7357.1455
2022-11-22 00:00:00+00:00,28.9,29.12,32.382324,52.133575,0.90992874,0.5654205607476636,-10.0,8152.787966308724,0.0,8142.787966308724,0,,7428.5747
2022-11-23 00:00:00+00:00,29.16,29.25,32.342026,59.082226,0.8635716,0.5654205607476636,-10.0,8189.184202317165,0.0,8179.184202317165,0,,7461.738
2022-11-25 00:00:00+00:00,29.19,29.45,32.301525,61.804222,0.84678596,0.5654205607476636,-10.0,8245.178620875822,0.0,8235.178620875822,0,,7512.7583
2022-11-28 00:00:00+00:00,29.35,29.25,32.249176,65.51725,0.78178596,0.5654205607476636,-10.0,8189.184174805227,0.0,8179.184174805227,0,,7461.738
2022-11-29 00:00:00+00:00,29.19,29.94,32.195175,67.99204,0.7339287,0.5654205607476636,-10.0,8382.364820560915,0.0,8372.364820560915,0,,7637.7583
2022-11-30 00:00:00+00:00,29.86,30.52,32.147625,70.93862,0.7425,0.4090909090909091,-10.0,8544.748877029551,0.0,8534.748877029551,0,,7785.718
2022-12-01 00:00:00+00:00,30.62,30.28,32.106476,87.40311,0.72821426,0.06168997356928853,-10.0,8477.55553195398,0.0,8467.55553195398,0,,7724.493
2022-12-02 00:00:00+00:00,30.0,30.61,32.062325,79.587166,0.69735706,0.5654205607476636,-10.0,8569.945902833959,0.0,8559.945902833959,0,,7808.6763
2022-12-05 00:00:00+00:00,30.43,30.15,32.020824,75.4821,0.6659284,0.5654205607476636,-10.0,8441.15828927805,0.0,8431.15828927805,0,,7691.329
2022-12-06 00:00:00+00:00,30.23,29.23,31.978275,66.74876,0.6673569,0.5654205607476636,-10.0,8183.583763389513,0.0,8173.583763389513,0,,7456.6353
2022-12-07 00:00:00+00:00,29.24,28.92,31.931725,52.510456,0.6998569,0.5654205607476636,-10.0,8096.79265081138,0.0,8086.79265081138,0,,7377.5537
2022-12-08 00:00:00+00:00,29.02,29.26,31.885426,50.60483,0.6921428,0.5654205607476636,-10.0,8191.982912177231,0.0,8181.982912177231,0,,7464.288
2022-12-09 00:00:00+00:00,29.26,29.41,31.844576,53.977272,0.7146428,0.5654205607476636,-10.0,8233.978918326913,0.0,8223.978918326913,0,,7502.553
2022-12-12 00:00:00+00:00,29.31,29.66,31.805325,52.631584,0.72614276,0.6,-10.0,8303.971500496582,0.0,8293.971500496582,0,,7566.3286
2022-12-13 00:00:00+00:00,30.11,30.04,31.762474,58.07086,0.70578563,0.5654205607476636,-10.0,8410.361146197558,0.0,8400.361146197558,0,,7663.268
2022-12-14 00:00:00+00:00,29.91,29.77,31.721375,58.880306,0.75792855,0.6,-10.0,8334.76862842347,0.0,8324.76862842347,0,,7594.3906
2022-12-15 00:00:00+00:00,29.32,28.74,31.682026,54.88722,0.7857857,0.6,-10.0,8046.397394709621,0.0,8036.397394709621,0,,7331.6353
2022-12-16 00:00:00+00:00,28.57,28.68,31.629126,44.22764,0.83721435,0.5654205607476636,-10.0,8029.5993115979945,0.0,8019.5993115979945,0,,7316.3296
2022-12-19 00:00:00+00:00,28.57,27.63,31.574875,45.257908,0.8322145,0.5654205607476636,-10.0,7735.628443274935,0.0,7725.628443274935,0,,7048.472
2022-12-20 00:00:00+00:00,27.61,28.1,31.517675,31.86813,0.8536431,0.6,-10.0,7867.215889095877,0.0,7857.215889095877,0,,7168.3706
2022-12-21 00:00:00+00:00,28.22,28.39,31.468025,30.670938,0.82078594,0.5654205607476636,-10.0,7948.4079630569795,0.0,7938.4079630569795,0,,7242.35
2022-12-22 00:00:00+00:00,28.16,28.54,31.418976,35.02377,0.78878593,0.5654205607476636,-10.0,7990.404124725114,0.0,7980.404124725114,0,,7280.6157
2022-12-23 00:00:00+00:00,28.54,28.85,31.374525,33.11584,0.7734288,0.5654205607476636,-10.0,8077.194884554213,0.0,8067.194884554213,0,,7359.697
2022-12-27 00:00:00+00:00,28.75,28.66,31.335726,39.130447,0.75342876,0.5654205607476636,-10.0,8023.99980038863,0.0,8013.99980038863,0,,7311.2266
2022-12-28 00:00:00+00:00,28.71,28.15,31.298124,44.571434,0.6962858,0.5654205607476636,-10.0,7881.213947693736,0.0,7871.213947693736,0,,7181.1245
2022-12-29 00:00:00+00:00,28.3,28.58,31.260275,42.935783,0.6868571,0.5654205607476636,-10.0,8001.602321312283,0.0,7991.602321312283,0,,7290.819
2022-12-30 00:00:00+00:00,28.38,28.45,31.220076,43.86282,0.6765,0.5654205607476636,-10.0,7965.206158924774,0.0,7955.206158924774,0,,7257.656
2023-01-03 00:00:00+00:00,28.44,28.34,31.175224,41.304363,0.67035717,0.5654205607476636,-10.0,7934.409214239963,0.0,7924.409214239963,0,,7229.5947
2023-01-04 00:00:00+00:00,28.56,29.37,31.131676,37.732357,0.67428577,0.5654205607476636,-10.0,8222.780627808015,0.0,8212.780627808015,0,,7492.3496
2023-01-05 00:00:00+00:00,29.25,28.95,31.090124,44.444447,0.6792857,0.5654205607476636,-10.0,8105.192506784654,0.0,8095.192506784654,0,,7385.207
2023-01-06 00:00:00+00:00,29.21,29.8,31.047174,43.365704,0.66642857,0.5654205607476636,-10.0,8343.16817555396,0.0,8333.16817555396,0,,7602.043
2023-01-09 00:00:00+00:00,29.8,29.4,31.007376,58.833324,0.65785706,0.5654205607476636,-10.0,8231.179604647426,0.0,8221.179604647426,0,,7500.0024
2023-01-10 00:00:00+00:00,29.36,29.98,30.968475,55.678226,0.67178565,0.6,-10.0,8393.563865870874,0.0,8383.563865870874,0,,7647.962
2023-01-11 00:00:00+00:00,30.14,30.09,30.930525,70.01704,0.6367856,0.15384615384615385,-10.0,8424.361049650071,0.0,8414.361049650071,0,,7676.0234
2023-01-12 00:00:00+00:00,30.14,30.25,30.891874,68.058075,0.6346429,0.5654205607476636,-10.0,8469.156160426453,0.0,8459.156160426453,0,,7716.8394
2023-01-13 00:00:00+00:00,30.03,30.31,30.856775,67.28625,0.64285725,0.5654205607476636,-10.0,8485.953919982887,0.0,8475.953919982887,0,,7732.145
2023-01-17 00:00:00+00:00,30.39,29.88,30.820524,66.72967,0.637143,0.5654205607476636,-10.0,8365.565898733663,0.0,8355.565898733663,0,,7622.451
2023-01-18 00:00:00+00:00,29.9,29.52,30.785774,59.519398,0.66071457,0.5654205607476636,-10.0,8264.776512856135,0.0,8254.776512856135,0,,7530.6147
2023-01-19 00:00:00+00:00,29.33,29.41,30.751974,57.7061,0.671786,0.5654205607476636,-10.0,8233.979446569676,0.0,8223.979446569676,0,,7502.553
2023-01-20 00:00:00+00:00,29.53,29.71,30.718176,62.162167,0.6725003,0.5654205607476636,-10.0,8317.971139501748,0.0,8307.971139501748,0,,7579.084
2023-01-23 00:00:00+00:00,29.74,30.69,30.684675,61.188118,0.65214306,0.5654205607476636,-10.0,8592.344142533186,0.0,8582.344142533186,0,,7829.0845
2023-01-24 00:00:00+00:00,30.54,30.63,30.660376,68.98305,0.692143,0.15384615384615385,-10.0,8575.545319640327,0.0,8565.545319640327,0,,7813.778
2023-01-25 00:00:00+00:00,30.82,31.33,30.635426,69.57264,0.6785716,0.5654205607476636,-10.0,8771.526490495244,0.0,8761.526490495244,0,,7992.35
2023-01-26 00:00:00+00:00,31.41,31.72,30.615425,67.75362,0.6828572,0.4090909090909091,-10.0,8880.715087601044,0.0,8870.715087601044,0,,8091.839
2023-01-27 00:00:00+00:00,31.58,31.62,30.595224,75.22768,0.67628586,0.4090909090909091,-10.0,8852.718195762833,0.0,8842.718195762833,0,,8066.3286
2023-01-30 00:00:00+00:00,31.37,31.41,30.575775,69.19833,0.6355715,0.4090909090909091,-10.0,8793.923859906115,0.0,8783.923859906115,0,,8012.7573
2023-01-31 00:00:00+00:00,31.54,31.7,30.554775,72.087906,0.61521435,0.5654205607476636,-10.0,8875.116043752318,0.0,8865.116043752318,0,,8086.7373
2023-02-01 00:00:00+00:00,31.44,32.01,30.533625,70.1878,0.5930714,0.5654205607476636,-10.0,8961.906652446529,0.0,8951.906652446529,0,,8165.8184
2023-02-02 00:00:00+00:00,32.01,32.71,30.514425,71.52465,0.61878556,0.5654205607476636,-10.0,9157.887678613373,0.0,9147.887678613373,0,,8344.391
2023-02-03 00:00:00+00:00,32.41,32.3,30.498125,74.59999,0.6452142,0.15384615384615385,-10.0,9043.099234826814,0.0,9033.099234826814,0,,8239.799
2023-02-06 00:00:00+00:00,32.12,31.81,30.478624,68.59813,0.6459285,0.5654205607476636,-10.0,8905.912922046913,0.0,8895.912922046913,0,,8114.799
2023-02-07 00:00:00+00:00,31.65,31.8,30.455275,67.83734,0.6502142,0.5654205607476636,-10.0,8903.11330471166,0.0,8893.11330471166,0,,8112.2476
2023-02-08 00:00:00+00:00,33.17,33.21,30.434875,72.529625,0.652357,0.5654205607476636,-10.0,9297.874293359704,0.0,9287.874293359704,0,,8471.942
2023-02-09 00:00:00+00:00,33.55,33.21,30.424274,79.87421,0.79092854,0.39067885009305114,-10.0,9297.874293359704,0.0,9287.874293359704,0,,8471.942
2023-02-10 00:00:00+00:00,33.14,33.2,30.414425,78.877884,0.82128555,0.5654205607476636,-10.0,9295.07504686638,0.0,9285.07504686638,0,,8469.392
2023-02-13 00:00:00+00:00,33.18,33.08,30.410376,74.6562,0.7802143,0.5654205607476636,-10.0,9261.478689112984,0.0,9251.478689112984,0,,8438.779
2023-02-14 00:00:00+00:00,32.89,33.13,30.406876,73.78645,0.79699993,0.5654205607476636,-10.0,9275.476993515726,0.0,9265.476993515726,0,,8451.534
2023-02-15 00:00:00+00:00,33.11,34.36,30.402925,70.00004,0.74985725,0.5654205607476636,-10.0,9619.842265964211,0.0,9609.842265964211,0,,8765.31
2023-02-16 00:00:00+00:00,33.93,33.99,30.408525,74.71914,0.8107143,0.15384615384615385,-10.0,9516.252972993696,0.0,9506.252972993696,0,,8670.922
2023-02-17 00:00:00+00:00,33.99,34.22,30.409176,71.123024,0.8264287,0.5654205607476636,-10.0,9580.646382186978,0.0,9570.646382186978,0,,8729.596
2023-02-21 00:00:00+00:00,33.83,33.36,30.412125,74.955635,0.8471429,0.4090909090909091,-10.0,9339.87014144202,0.0,9329.87014144202,0,,8510.208
2023-02-22 00:00:00+00:00,33.4,33.68,30.407076,63.38711,0.8832143,0.5654205607476636,-10.0,9429.460928233018,0.0,9419.460928233018,0,,8591.84
2023-02-23 00:00:00+00:00,33.63,33.57,30.406876,63.44608,0.85249996,0.5654205607476636,-10.0,9398.663964567382,0.0,9388.663964567382,0,,8563.778
2023-02-24 00:00:00+00:00,33.05,33.06,30.414425,57.651257,0.8382142,0.5654205607476636,-10.0,9255.878601968909,0.0,9245.878601968909,0,,8433.677
2023-02-27 00:00:00+00:00,33.24,32.85,30.426874,56.643383,0.8489286,0.5654205607476636,-10.0,9197.083537616812,0.0,9187.083537616812,0,,8380.1045
2023-02-28 00:00:00+00:00,32.59,32.25,30.441626,59.55882,0.82892853,0.5654205607476636,-10.0,9029.10091746106,0.0,9019.10091746106,0,,8227.044
2023-03-01 00:00:00+00:00,32.12,32.04,30.450075,53.731354,0.8349999,0.6,-10.0,8970.306765443833,0.0,8960.306765443833,0,,8173.4727
2023-03-02 00:00:00+00:00,31.99,32.3,30.455975,37.888203,0.68357116,0.5654205607476636,-10.0,9043.099143170542,0.0,9033.099143170542,0,,8239.799
2023-03-03 00:00:00+00:00,32.43,32.2,30.461275,41.06089,0.6535714,0.5654205607476636,-10.0,9015.102387773495,0.0,9005.102387773495,0,,8214.289
2023-03-06 00:00:00+00:00,32.39,32.07,30.466724,40.347477,0.64999974,0.5654205607476636,-10.0,8978.705529067269,0.0,8968.705529067269,0,,8181.126
2023-03-07 00:00:00+00:00,32.12,31.97,30.467224,40.26972,0.65964264,0.5654205607476636,-10.0,8950.707976925534,0.0,8940.707976925534,0,,8155.615
2023-03-08 00:00:00+00:00,32.0,31.84,30.472626,38.93127,0.6503568,0.5654205607476636,-10.0,8914.311816269688,0.0,8904.311816269688,0,,8122.4526
2023-03-09 00:00:00+00:00,31.87,30.63,30.477875,19.56518,0.59749985,0.5654205607476636,-10.0,8575.545230390257,0.0,8565.545230390257,0,,7813.7783
2023-03-10 00:00:00+00:00,30.46,30.51,30.476324,16.265018,0.65857124,0.5866557746650519,-10.0,8541.94886750722,0.0,8531.94886750722,0,,7783.167
2023-03-13 00:00:00+00:00,30.12,29.73,30.470776,11.909617,0.65035695,0.5654205607476636,-10.0,8323.570649067658,0.0,8313.570649067658,0,,7584.1875
2023-03-14 00:00:00+00:00,30.14,30.19,30.469425,12.108525,0.6464285,0.6,-10.0,8452.358348865419,0.0,8442.358348865419,0,,7701.5347
2023-03-15 00:00:00+00:00,29.72,29.83,30.466524,14.604453,0.6664287,0.5654205607476636,-10.0,8351.568157496718,0.0,8341.568157496718,0,,7609.6978
2023-03-16 00:00:00+00:00,29.73,30.22,30.456625,13.899605,0.65607154,0.5654205607476636,-10.0,8460.756897098943,0.0,8450.756897098943,0,,7709.1875
2023-03-17 00:00:00+00:00,30.2,30.1,30.444275,21.936735,0.66321427,0.5654205607476636,-10.0,8427.16040382588,0.0,8417.16040382588,0,,7678.5747
2023-03-20 00:00:00+00:00,30.1,30.7,30.431225,22.333998,0.65750015,0.6,-10.0,8595.143891303867,0.0,8585.143891303867,0,,7831.6367
2023-03-21 00:00:00+00:00,30.96,31.03,30.423975,34.406437,0.6682145,0.5654205607476636,-10.0,8687.534991212548,0.0,8677.534991212548,0,,7915.8203
2023-03-22 00:00:00+00:00,30.95,30.57,30.419825,40.07858,0.6839288,0.6,-10.0,8558.747580790314,0.0,8548.747580790314,0,,7798.473
2023-03-23 00:00:00+00:00,30.65,30.91,30.414425,33.6484,0.7032145,0.5654205607476636,-10.0,8653.937871216636,0.0,8643.937871216636,0,,7885.2075
2023-03-24 00:00:00+00:00,30.65,30.38,30.411024,38.336346,0.7325004,0.5654205607476636,-10.0,8505.552369397465,0.0,8495.552369397465,0,,7750.0034
2023-03-27 00:00:00+00:00,30.44,30.98,30.402725,35.750423,0.77500045,0.5654205607476636,-10.0,8673.536006640683,0.0,8663.536006640683,0,,7903.065
2023-03-28 00:00:00+00:00,30.13,30.13,30.400175,42.301716,0.806429,0.4090909090909091,-10.0,8435.559411030015,0.0,8425.559411030015,0,,7686.228
2023-03-29 00:00:00+00:00,30.48,30.52,30.395926,38.041958,0.82857174,0.5654205607476636,-10.0,8544.749149299876,0.0,8534.749149299876,0,,7785.7183
2023-03-30 00:00:00+00:00,30.69,30.89,30.398375,49.131134,0.76000035,0.5654205607476636,-10.0,8648.338065302054,0.0,8638.338065302054,0,,7880.1055
2023-03-31 00:00:00+00:00,31.05,31.31,30.406775,52.88753,0.76178604,0.5654205607476636,-10.0,8765.926525117336,0.0,8755.926525117336,0,,7987.2485
2023-04-03 00:00:00+00:00,31.3,31.37,30.415075,62.70096,0.73107177,0.5654205607476636,-10.0,8782.725621560725,0.0,8772.725621560725,0,,8002.555
2023-04-04 00:00:00+00:00,31.47,31.16,30.419725,60.137455,0.7007145,0.5654205607476636,-10.0,8723.931273320306,0.0,8713.931273320306,0,,7948.984
2023-04-05 00:00:00+00:00,30.91,31.02,30.426525,61.728386,0.71000016,0.5654205607476636,-10.0,8684.735186469448,0.0,8674.735186469448,0,,7913.2695
2023-04-06 00:00:00+00:00,30.76,30.74,30.433174,57.380077,0.68857163,0.5654205607476636,-10.0,8606.342703956036,0.0,8596.342703956036,0,,7841.8403
2023-04-10 00:00:00+00:00,30.68,31.19,30.436174,55.734756,0.69500023,0.5654205607476636,-10.0,8732.330100678568,0.0,8722.330100678568,0,,7956.6367
2023-04-11 00:00:00+00:00,31.13,31.47,30.443525,54.511963,0.6689288,0.6,-10.0,8810.72175404486,0.0,8800.72175404486,0,,8028.0645
2023-04-12 00:00:00+00:00,31.68,31.01,30.452524,54.089203,0.6657147,0.5654205607476636,-10.0,8681.934681229475,0.0,8671.934681229475,0,,7910.718
2023-04-13 00:00:00+00:00,31.17,31.17,30.455826,54.089222,0.6757146,0.6,-10.0,8726.730134405136,0.0,8716.730134405136,0,,7951.5337
2023-04-14 00:00:00+00:00,31.06,30.75,30.459076,52.5,0.63642883,0.6,-10.0,8609.141599583012,0.0,8599.141599583012,0,,7844.3906
2023-04-17 00:00:00+00:00,30.84,31.22,30.461725,53.634583,0.59500027,0.6,-10.0,8740.728353825449,0.0,8730.728353825449,0,,7964.2886
2023-04-18 00:00:00+00:00,31.2,31.2,30.467125,52.419353,0.57000023,0.5654205607476636,-10.0,8735.12929569694,0.0,8725.12929569694,0,,7959.187
2023-04-19 00:00:00+00:00,30.75,31.06,30.474625,62.954018,0.5371432,0.6,-10.0,8695.932879630773,0.0,8685.932879630773,0,,7923.4727
2023-04-20 00:00:00+00:00,30.88,30.89,30.476974,56.95875,0.58500034,0.6,-10.0,8648.337811855226,0.0,8638.337811855226,0,,7880.1055
2023-04-21 00:00:00+00:00,30.82,30.82,30.478275,50.0,0.57571465,0.6,-10.0,8628.739735793684,0.0,8618.739735793684,0,,7862.2485
2023-04-24 00:00:00+00:00,30.87,29.91,30.479525,42.642647,0.5889289,0.5654205607476636,-10.0,8373.965035737347,0.0,8363.965035737347,0,,7630.1055
2023-04-25 00:00:00+00:00,29.73,29.72,30.474976,32.535866,0.6878575,0.6,-10.0,8320.770054064062,0.0,8310.770054064062,0,,7581.6357
2023-04-26 00:00:00+00:00,29.66,29.73,30.470425,32.69229,0.6821432,0.5654205607476636,-10.0,8323.570224707704,0.0,8313.570224707704,0,,7584.1875
2023-04-27 00:00:00+00:00,29.83,30.15,30.467674,33.99502,0.6871432,0.5654205607476636,-10.0,8441.158427258048,0.0,8431.158427258048,0,,7691.33
2023-04-28 00:00:00+00:00,30.003,30.54,30.465324,42.925655,0.71857166,0.5654205607476636,-10.0,8550.348188055283,0.0,8540.348188055283,0,,7790.821
2023-05-01 00:00:00+00:00,30.44,30.62,30.466175,42.09246,0.7330002,0.5654205607476636,-10.0,8572.745867275044,0.0,8562.745867275044,0,,7811.2285
2023-05-02 00:00:00+00:00,30.44,30.33,30.469175,39.130455,0.7287145,0.5654205607476636,-10.0,8491.553908649337,0.0,8481.553908649337,0,,7737.249
2023-05-03 00:00:00+00:00,30.45,29.97,30.465675,40.909092,0.7247859,0.5654205607476636,-10.0,8390.763999337041,0.0,8380.763999337041,0,,7645.4126
2023-05-04 00:00:00+00:00,29.32,28.63,30.461876,34.771572,0.75514305,0.5654205607476636,-10.0,8015.601101564568,0.0,8005.601101564568,0,,7303.575
2023-05-05 00:00:00+00:00,28.86,29.39,30.446775,28.189302,0.80442864,0.5654205607476636,-10.0,8228.38039330135,0.0,8218.38039330135,0,,7497.453
2023-05-08 00:00:00+00:00,29.48,29.56,30.432875,32.23302,0.82585716,0.15384615384615385,-10.0,8275.975593058422,0.0,8265.975593058422,0,,7540.8203
2023-05-09 00:00:00+00:00,29.8,29.12,30.418575,34.528305,0.82442856,0.5654205607476636,-10.0,8152.788120661136,0.0,8142.788120661136,0,,7428.5757
2023-05-10 00:00:00+00:00,29.51,28.64,30.401325,32.67859,0.8437143,0.5654205607476636,-10.0,8018.401268325648,0.0,8008.401268325648,0,,7306.1265
2023-05-11 00:00:00+00:00,28.43,28.16,30.381275,30.96448,0.913,0.6,-10.0,7884.014841791571,0.0,7874.014841791571,0,,7183.6777
2023-05-12 00:00:00+00:00,28.05,28.27,30.364225,28.95571,0.9290713,0.5654205607476636,-10.0,7914.811774767319,0.0,7904.811774767319,0,,7211.739
2023-05-15 00:00:00+00:00,28.23,28.62,30.345076,35.144943,0.8397856,0.5654205607476636,-10.0,8012.80189323277,0.0,8002.80189323277,0,,7301.0244
2023-05-16 00:00:00+00:00,28.65,28.21,30.326324,40.31692,0.83478546,0.5654205607476636,-10.0,7898.013070639735,0.0,7888.013070639735,0,,7196.432
2023-05-17 00:00:00+00:00,28.45,28.93,30.312876,37.500008,0.83585685,0.5654205607476636,-10.0,8099.5936421064325,0.0,8089.5936421064325,0,,7380.1064
2023-05-18 00:00:00+00:00,28.84,28.7,30.302025,40.43889,0.82514244,0.5654205607476636,-10.0,8035.200360219173,0.0,8025.200360219173,0,,7321.4336
2023-05-19 00:00:00+00:00,28.77,28.92,30.290874,35.209015,0.8228568,0.5654205607476636,-10.0,8096.794308674408,0.0,8086.794308674408,0,,7377.556
2023-05-22 00:00:00+00:00,29.07,28.96,30.279024,36.635223,0.8103567,0.5654205607476636,-10.0,8107.992711027842,0.0,8097.992711027842,0,,7387.76
2023-05-23 00:00:00+00:00,28.91,28.98,30.267876,38.788868,0.7867851,0.5654205607476636,-10.0,8113.5919238859215,0.0,8103.5919238859215,0,,7392.8613
2023-05-24 00:00:00+00:00,28.99,28.65,30.257774,41.42115,0.7671423,0.5654205607476636,-10.0,8021.201078521662,0.0,8011.201078521662,0,,7308.6772
2023-05-25 00:00:00+00:00,28.68,28.92,30.245375,50.21009,0.6974996,0.5654205607476636,-10.0,8096.793602485414,0.0,8086.793602485414,0,,7377.5547
2023-05-26 00:00:00+00:00,28.97,29.25,30.233225,44.4965,0.68107086,0.5654205607476636,-10.0,8189.184757301983,0.0,8179.184757301983,0,,7461.739
2023-05-30 00:00:00+00:00,29.22,29.29,30.217625,46.501137,0.68607086,0.5654205607476636,-10.0,8200.384032263428,0.0,8190.384032263428,0,,7471.943
2023-05-31 00:00:00+00:00,29.2,29.21,30.195774,52.10918,0.61321366,0.5654205607476636,-10.0,8177.985643980266,0.0,8167.985643980266,0,,7451.534
2023-06-01 00:00:00+00:00,29.27,29.2,30.173075,57.851223,0.54535663,0.5654205607476636,-10.0,8175.186242008367,0.0,8165.186242008367,0,,7448.984
2023-06-02 00:00:00+00:00,29.38,29.84,30.151224,66.45569,0.5232139,0.5654205607476636,-10.0,8354.368502337573,0.0,8344.368502337573,0,,7612.249
2023-06-05 00:00:00+00:00,29.82,30.08,30.131725,71.2737,0.53821385,0.5654205607476636,-10.0,8421.562116401337,0.0,8411.562116401337,0,,7673.474
2023-06-06 00:00:00+00:00,30.04,30.45,30.114975,70.39104,0.5221425,0.5654205607476636,-10.0,8525.152472152955,0.0,8515.152472152955,0,,7767.8623
2023-06-07 00:00:00+00:00,30.64,31.18,30.101074,81.638435,0.5349997,0.5654205607476636,-10.0,8729.531948827129,0.0,8719.531948827129,0,,7954.0864
2023-06-08 00:00:00+00:00,31.1,31.62,30.092424,81.69015,0.5457141,0.10801263379739276,-10.0,8852.719944202083,0.0,8842.719944202083,0,,8066.3315
2023-06-09 00:00:00+00:00,31.69,31.4,30.090574,88.82979,0.53607124,0.5654205607476636,-10.0,8791.125815647816,0.0,8781.125815647816,0,,8010.209
2023-06-12 00:00:00+00:00,31.4,31.36,30.088474,82.9787,0.5460712,0.5654205607476636,-10.0,8779.927060089562,0.0,8769.927060089562,0,,8000.0054
2023-06-13 00:00:00+00:00,31.41,31.18,30.084875,81.914894,0.54571426,0.5654205607476636,-10.0,8729.531963785592,0.0,8719.531963785592,0,,7954.0874
2023-06-14 00:00:00+00:00,31.19,31.19,30.079325,78.06122,0.5507144,0.6,-10.0,8732.331288892045,0.0,8722.331288892045,0,,7956.6377
2023-06-15 00:00:00+00:00,31.19,31.55,30.076675,85.27777,0.5682144,0.6,-10.0,8833.120571220305,0.0,8823.120571220305,0,,8048.474
2023-06-16 00:00:00+00:00,31.58,31.5,30.075775,85.63684,0.5717859,0.5654205607476636,-10.0,8819.122121790577,0.0,8809.122121790577,0,,8035.719
2023-06-20 00:00:00+00:00,31.37,31.09,30.075075,82.9912,0.5692859,0.6,-10.0,8704.33360754987,0.0,8694.33360754987,0,,7931.1274
2023-06-21 00:00:00+00:00,31.15,31.03,30.072426,73.809525,0.58678585,0.6,-10.0,8687.53529527057,0.0,8677.53529527057,0,,7915.822
2023-06-22 00:00:00+00:00,31.05,30.82,30.069925,74.20217,0.58035713,0.5654205607476636,-10.0,8628.740747949316,0.0,8618.740747949316,0,,7862.2495
2023-06-23 00:00:00+00:00,30.64,30.63,30.067825,70.45454,0.5699998,0.5654205607476636,-10.0,8575.545865865206,0.0,8565.545865865206,0,,7813.7803
2023-06-26 00:00:00+00:00,30.67,31.07,30.068226,61.253548,0.54285705,0.5654205607476636,-10.0,8698.734242706078,0.0,8688.734242706078,0,,7926.026
2023-06-27 00:00:00+00:00,31.06,32.15,30.069225,63.34231,0.5546428,0.6,-10.0,9001.104304321861,0.0,8991.104304321861,0,,8201.536
2023-06-28 00:00:00+00:00,32.03,32.09,30.075275,69.23077,0.59214276,0.32010919635644675,-10.0,8984.305714086591,0.0,8974.305714086591,0,,8186.23
2023-06-29 00:00:00+00:00,32.05,32.11,30.075874,62.13332,0.552857,0.6,-10.0,8989.9049684889,0.0,8979.9049684889,0,,8191.332
2023-06-30 00:00:00+00:00,32.27,31.89,30.074924,57.357346,0.53857136,0.6,-10.0,8928.310685729302,0.0,8918.310685729302,0,,8135.209
2023-07-03 00:00:00+00:00,31.78,32.22,30.078875,57.357346,0.54571426,0.6105861595765536,-10.0,9020.701573154895,0.0,9010.701573154895,0,,8219.393
2023-07-05 00:00:00+00:00,32.06,32.03,30.084826,61.87844,0.5557143,0.6,-10.0,8967.506088824142,0.0,8957.506088824142,0,,8170.923
2023-07-06 00:00:00+00:00,31.77,31.85,30.084826,61.70794,0.5589285,0.6,-10.0,8917.111352500035,0.0,8907.111352500035,0,,8125.005
2023-07-07 00:00:00+00:00,31.72,31.92,30.088125,58.684193,0.54107124,0.6,-10.0,8936.708866759216,0.0,8926.708866759216,0,,8142.862
2023-07-10 00:00:00+00:00,31.37,31.61,30.087975,55.270657,0.52821404,0.6,-10.0,8849.917852331419,0.0,8839.917852331419,0,,8063.7803
2023-07-11 00:00:00+00:00,31.74,31.7,30.087524,51.45889,0.5499998,0.6,-10.0,8875.115291284947,0.0,8865.115291284947,0,,8086.7393
2023-07-12 00:00:00+00:00,31.9,31.62,30.094025,58.84057,0.5242856,0.6,-10.0,8852.71751197323,0.0,8842.71751197323,0,,8066.331
2023-07-13 00:00:00+00:00,31.7,31.62,30.102674,58.501423,0.5535713,0.6,-10.0,8852.71751197323,0.0,8842.71751197323,0,,8066.331
2023-07-14 00:00:00+00:00,31.53,31.13,30.113424,62.269928,0.5639286,0.6,-10.0,8715.530914791647,0.0,8705.530914791647,0,,7941.3306
2023-07-17 00:00:00+00:00,31.19,31.35,30.124275,57.022453,0.59250015,0.6,-10.0,8777.125345566395,0.0,8767.125345566395,0,,7997.4536
2023-07-18 00:00:00+00:00,31.38,31.87,30.137476,54.191616,0.58750004,0.6,-10.0,8922.710643831311,0.0,8912.710643831311,0,,8130.107
2023-07-19 00:00:00+00:00,31.87,31.68,30.150925,44.96403,0.5560716,0.5654205607476636,-10.0,8869.51597546043,0.0,8859.51597546043,0,,8081.6377
2023-07-20 00:00:00+00:00,31.76,31.73,30.167475,42.95535,0.57821435,0.5654205607476636,-10.0,8883.513950094495,0.0,8873.513950094495,0,,8094.3926
2023-07-21 00:00:00+00:00,31.67,31.42,30.183624,43.53741,0.57942855,0.5654205607476636,-10.0,8796.722760269682,0.0,8786.722760269682,0,,8015.3105
2023-07-24 00:00:00+00:00,31.41,31.14,30.195524,42.244247,0.56942856,0.5654205607476636,-10.0,8718.33032515943,0.0,8708.33032515943,0,,7943.882
2023-07-25 00:00:00+00:00,31.03,30.98,30.201324,31.879185,0.56871414,0.6,-10.0,8673.534679146425,0.0,8663.534679146425,0,,7903.065
2023-07-26 00:00:00+00:00,30.98,31.17,30.209974,32.203407,0.5547857,0.6,-10.0,8726.729123163603,0.0,8716.729123163603,0,,7951.534
2023-07-27 00:00:00+00:00,31.23,31.03,30.220776,38.51352,0.55550015,0.5654205607476636,-10.0,8687.532949431561,0.0,8677.532949431561,0,,7915.82
2023-07-28 00:00:00+00:00,31.25,31.12,30.230375,35.313553,0.56014293,0.5654205607476636,-10.0,8712.73097563479,0.0,8702.73097563479,0,,7938.78
2023-07-31 00:00:00+00:00,31.18,31.41,30.241325,41.281155,0.5415715,0.5654205607476636,-10.0,8793.922383445995,0.0,8783.922383445995,0,,8012.7583
2023-08-01 00:00:00+00:00,31.4,31.23,30.255726,45.182713,0.5637143,0.5654205607476636,-10.0,8743.527152940742,0.0,8733.527152940742,0,,7966.84
2023-08-02 00:00:00+00:00,31.18,31.26,30.270426,43.72989,0.5265716,0.5654205607476636,-10.0,8751.926084181587,0.0,8741.926084181587,0,,7974.492
2023-08-03 00:00:00+00:00,31.3,30.99,30.279825,44.267513,0.5072858,0.5654205607476636,-10.0,8676.333515251636,0.0,8666.333515251636,0,,7905.6143
2023-08-04 00:00:00+00:00,31.02,31.08,30.288975,47.602753,0.4958571,0.5654205607476636,-10.0,8701.531120992488,0.0,8691.531120992488,0,,7928.5737
2023-08-07 00:00:00+00:00,31.26,31.14,30.310375,45.161285,0.51371425,0.5654205607476636,-10.0,8718.329211328019,0.0,8708.329211328019,0,,7943.8794
2023-08-08 00:00:00+00:00,32.66,32.87,30.328175,34.334732,0.48085704,0.6,-10.0,9202.681065136427,0.0,9192.681065136427,0,,8385.206
2023-08-09 00:00:00+00:00,32.79,32.53,30.354225,65.374664,0.56728584,0.4090909090909091,-10.0,9107.490464261778,0.0,9097.490464261778,0,,8298.472
2023-08-10 00:00:00+00:00,32.63,32.27,30.380075,59.615376,0.5975004,0.6,-10.0,9034.698248984569,0.0,9024.698248984569,0,,8232.1455
2023-08-11 00:00:00+00:00,32.25,32.45,30.403376,60.34064,0.6217861,0.6,-10.0,9085.093089912674,0.0,9075.093089912674,0,,8278.063
2023-08-14 00:00:00+00:00,32.34,31.76,30.426975,66.33419,0.6239289,0.6,-10.0,8891.91239300315,0.0,8881.91239300315,0,,8102.0435
2023-08-15 00:00:00+00:00,31.6,31.9,30.445776,58.590317,0.65428597,0.6,-10.0,8931.107959723644,0.0,8921.107959723644,0,,8137.7573
2023-08-16 00:00:00+00:00,31.76,31.46,30.469,58.129173,0.67428577,0.5654205607476636,-10.0,8807.920197644426,0.0,8797.920197644426,0,,8025.512
2023-08-17 00:00:00+00:00,31.54,30.93,30.49345,54.488503,0.6778571,0.5654205607476636,-10.0,8659.535138973033,0.0,8649.535138973033,0,,7890.308
2023-08-18 00:00:00+00:00,30.89,31.29,30.51205,48.18355,0.685,0.5654205607476636,-10.0,8760.325524262691,0.0,8750.325524262691,0,,7982.145
2023-08-21 00:00:00+00:00,31.14,30.99,30.5325,48.867935,0.6842857,0.5654205607476636,-10.0,8676.33358409033,0.0,8666.33358409033,0,,7905.614
2023-08-22 00:00:00+00:00,30.89,30.59,30.5444,47.78598,0.702857,0.5654205607476636,-10.0,8564.344798964432,0.0,8554.344798964432,0,,7803.573
2023-08-23 00:00:00+00:00,30.61,30.64,30.5565,44.21416,0.72392845,0.5654205607476636,-10.0,8578.34303699613,0.0,8568.34303699613,0,,7816.3276
2023-08-24 00:00:00+00:00,30.56,30.29,30.5696,46.858166,0.69964284,0.5654205607476636,-10.0,8480.353206542428,0.0,8470.353206542428,0,,7727.0425
2023-08-25 00:00:00+00:00,30.3,30.15,30.5819,43.224705,0.6917858,0.5654205607476636,-10.0,8441.156656328058,0.0,8431.156656328058,0,,7691.328
2023-08-28 00:00:00+00:00,30.25,30.43,30.59545,41.624363,0.70642865,0.5654205607476636,-10.0,8519.548669419453,0.0,8509.548669419453,0,,7762.7563
2023-08-29 00:00:00+00:00,30.21,30.52,30.6095,22.64575,0.5978572,0.5654205607476636,-10.0,8544.74593724843,0.0,8534.74593724843,0,,7785.7153
2023-08-30 00:00:00+00:00,30.48,30.89,30.6288,26.12828,0.5746426,0.5654205607476636,-10.0,8648.334814310561,0.0,8638.334814310561,0,,7880.1025
2023-08-31 00:00:00+00:00,30.89,30.52,30.64475,34.027763,0.5564284,0.5654205607476636,-10.0,8544.745314164684,0.0,8534.745314164684,0,,7785.715
2023-09-01 00:00:00+00:00,30.66,28.75,30.65355,28.603092,0.5535713,0.5654205607476636,-10.0,8049.194664523265,0.0,8039.194664523265,0,,7334.184
2023-09-05 00:00:00+00:00,28.64,29.05,30.65335,23.076912,0.6346427,0.5745614035087719,-10.0,8133.185972326623,0.0,8123.185972326623,0,,7410.715
2023-09-06 00:00:00+00:00,28.96,28.99,30.65365,25.21738,0.65321416,0.5745614035087719,-10.0,8116.388010905188,0.0,8106.388010905188,0,,7395.4087
2023-09-07 00:00:00+00:00,29.04,28.46,30.6543,27.001856,0.6403573,0.5745614035087719,-10.0,7968.002784401763,0.0,7958.002784401763,0,,7260.2046
2023-09-08 00:00:00+00:00,28.51,28.9,30.652401,27.001846,0.64321434,0.5745614035087719,-10.0,8091.191071315617,0.0,8081.191071315617,0,,7372.45
2023-09-11 00:00:00+00:00,28.9,29.22,30.6512,28.073378,0.634643,0.5745614035087719,-10.0,8180.781882027964,0.0,8170.781882027964,0,,7454.083
2023-09-12 00:00:00+00:00,29.12,29.58,30.6531,33.820827,0.65821457,0.5745614035087719,-10.0,8281.572381272828,0.0,8271.572381272828,0,,7545.92
2023-09-13 00:00:00+00:00,29.64,28.95,30.6554,40.69981,0.66071457,0.5745614035087719,-10.0,8105.190044086138,0.0,8095.190044086138,0,,7385.2056
2023-09-14 00:00:00+00:00,29.23,29.52,30.6539,35.940105,0.7028573,0.5745614035087719,-10.0,8264.773804400298,0.0,8254.773804400298,0,,7530.614
2023-09-15 00:00:00+00:00,29.6,29.3,30.65425,43.82022,0.70571434,0.5745614035087719,-10.0,8203.17969201244,0.0,8193.17969201244,0,,7474.491
2023-09-18 00:00:00+00:00,29.18,29.17,30.6545,43.264656,0.72035724,0.5745614035087719,-10.0,8166.783409702311,0.0,8156.783409702311,0,,7441.3276
2023-09-19 00:00:00+00:00,29.18,29.41,30.65065,39.77272,0.72821426,0.5745614035087719,-10.0,8233.976328643192,0.0,8223.976328643192,0,,7502.552
2023-09-20 00:00:00+00:00,29.51,28.73,30.6451,41.20443,0.71714294,0.5745614035087719,-10.0,8043.595131931355,0.0,8033.595131931355,0,,7329.082
2023-09-21 00:00:00+00:00,28.7,29.59,30.63735,33.6858,0.7439286,0.5745614035087719,-10.0,8284.371541081537,0.0,8274.371541081537,0,,7548.4697
2023-09-22 00:00:00+00:00,29.52,28.85,30.63225,43.459915,0.77964294,0.42857142857142855,-10.0,8077.192332312056,0.0,8067.192332312056,0,,7359.6943
2023-09-25 00:00:00+00:00,28.8,28.76,30.62575,50.822372,0.70107144,0.5745614035087719,-10.0,8051.994820860303,0.0,8041.994820860303,0,,7336.7354
2023-09-26 00:00:00+00:00,28.51,28.54,30.6234,47.529823,0.6625001,0.5745614035087719,-10.0,7990.4012370783,0.0,7980.4012370783,0,,7280.6133
2023-09-27 00:00:00+00:00,28.65,28.63,30.6215,46.268665,0.67357147,0.5745614035087719,-10.0,8015.598514615221,0.0,8005.598514615221,0,,7303.5723
2023-09-28 00:00:00+00:00,28.63,28.86,30.61835,51.520573,0.66999996,0.5745614035087719,-10.0,8079.992893217539,0.0,8069.992893217539,0,,7362.2466
2023-09-29 00:00:00+00:00,28.84,28.88,30.6156,49.62826,0.6814284,0.5745614035087719,-10.0,8085.592034182079,0.0,8075.592034182079,0,,7367.348
2023-10-02 00:00:00+00:00,28.87,28.57,30.6117,46.65354,0.64749974,0.5745614035087719,-10.0,7998.800632184764,0.0,7988.800632184764,0,,7288.2666
2023-10-03 00:00:00+00:00,28.42,28.03,30.60435,39.96023,0.638214,0.5745614035087719,-10.0,7847.61585430094,0.0,7837.61585430094,0,,7150.511
2023-10-04 00:00:00+00:00,28.0,28.05,30.59565,40.68825,0.62035686,0.5745614035087719,-10.0,7853.214873934232,0.0,7843.214873934232,0,,7155.613
2023-10-05 00:00:00+00:00,28.08,27.98,30.5922,33.257374,0.61107105,0.5745614035087719,-10.0,7833.616962079138,0.0,7823.616962079138,0,,7137.756
2023-10-06 00:00:00+00:00,27.71,28.13,30.5887,34.433945,0.60107106,0.5745614035087719,-10.0,7875.612676791478,0.0,7865.612676791478,0,,7176.0205
2023-10-09 00:00:00+00:00,27.94,28.61,30.5912,37.7934,0.60892826,0.5745614035087719,-10.0,8010.000059557321,0.0,8000.000059557321,0,,7298.4707
2023-10-10 00:00:00+00:00,28.65,28.92,30.59375,41.11111,0.6457139,0.3333333333333333,-10.0,8096.791687609723,0.0,8086.791687609723,0,,7377.5522
2023-10-11 00:00:00+00:00,29.03,28.81,30.5964,52.30025,0.6103566,0.5745614035087719,-10.0,8065.994643287642,0.0,8055.994643287642,0,,7349.491
2023-10-12 00:00:00+00:00,28.8,28.4,30.59775,38.461514,0.5728566,0.5,-10.0,7951.2063008691675,0.0,7941.2063008691675,0,,7244.8994
2023-10-13 00:00:00+00:00,28.44,28.58,30.595499,42.62293,0.5517852,0.42857142857142855,-10.0,8001.601048769929,0.0,7991.601048769929,0,,7290.8174
2023-10-16 00:00:00+00:00,28.69,29.18,30.5951,47.13375,0.53678524,0.5745614035087719,-10.0,8169.584337236474,0.0,8159.584337236474,0,,7443.8784
2023-10-17 00:00:00+00:00,28.45,29.41,30.60025,59.090908,0.5517852,0.5745614035087719,-10.0,8233.977966832479,0.0,8223.977966832479,0,,7502.5522
2023-10-18 00:00:00+00:00,29.33,29.02,30.6044,60.655754,0.5899995,0.5745614035087719,-10.0,8124.788981956626,0.0,8114.788981956626,0,,7403.0625
2023-10-19 00:00:00+00:00,29.06,28.51,30.60725,52.094242,0.5821424,0.5745614035087719,-10.0,7982.0033563441275,0.0,7972.0033563441275,0,,7272.9604
2023-10-20 00:00:00+00:00,28.61,28.3,30.6081,45.70767,0.60749954,0.5745614035087719,-10.0,7923.208858331248,0.0,7913.208858331248,0,,7219.3887
2023-10-23 00:00:00+00:00,28.29,28.07,30.60275,46.793343,0.59899956,0.5745614035087719,-10.0,7858.81525606427,0.0,7848.81525606427,0,,7160.715
2023-10-24 00:00:00+00:00,28.2,28.08,30.59835,50.512806,0.59185666,0.5745614035087719,-10.0,7861.615482132812,0.0,7851.615482132812,0,,7163.2666
2023-10-25 00:00:00+00:00,28.03,27.83,30.58975,50.385612,0.59399956,0.5745614035087719,-10.0,7791.622373349675,0.0,7781.622373349675,0,,7099.4907
2023-10-26 00:00:00+00:00,27.82,27.44,30.5819,48.157253,0.5804281,0.5745614035087719,-10.0,7682.433319802398,0.0,7672.433319802398,0,,7000.001
2023-10-27 00:00:00+00:00,27.41,27.11,30.5692,41.995377,0.5854281,0.5745614035087719,-10.0,7590.0424533060395,0.0,7580.0424533060395,0,,6915.8174
2023-10-30 00:00:00+00:00,27.39,27.22,30.5543,31.971153,0.567571,0.5745614035087719,-10.0,7620.839252367717,0.0,7610.839252367717,0,,6943.8784
2023-10-31 00:00:00+00:00,27.28,27.91,30.53915,28.53534,0.5657854,0.5745614035087719,-10.0,7814.020066293129,0.0,7804.020066293129,0,,7119.899
2023-11-01 00:00:00+00:00,28.06,27.9,30.52715,40.088108,0.58042824,0.5745614035087719,-10.0,7811.220431680421,0.0,7801.220431680421,0,,7117.3477
2023-11-02 00:00:00+00:00,28.2,28.45,30.51725,43.961353,0.57435673,0.5745614035087719,-10.0,7965.205227384988,0.0,7955.205227384988,0,,7257.6543
2023-11-03 00:00:00+00:00,28.5,29.33,30.5119,48.55877,0.7393567,0.5745614035087719,-10.0,8211.580756049581,0.0,8201.580756049581,0,,7482.144
2023-11-06 00:00:00+00:00,29.16,28.87,30.5115,51.565758,0.77578545,0.3333333333333333,-10.0,8082.793679004316,0.0,8072.793679004316,0,,7364.7974
2023-11-07 00:00:00+00:00,28.83,28.49,30.5073,44.62152,0.7439999,0.3333333333333333,-10.0,7976.40395807955,0.0,7966.40395807955,0,,7267.8584
2023-11-08 00:00:00+00:00,28.49,28.2,30.4963,44.71057,0.7411428,0.5745614035087719,-10.0,7895.212276101977,0.0,7885.212276101977,0,,7193.879
2023-11-09 00:00:00+00:00,28.94,27.7,30.48415,46.764095,0.7250714,0.5745614035087719,-10.0,7755.226416389168,0.0,7745.226416389168,0,,7066.328
2023-11-10 00:00:00+00:00,27.76,28.08,30.466,44.0945,0.8032142,0.5745614035087719,-10.0,7861.615455612986,0.0,7851.615455612986,0,,7163.2666
2023-11-13 00:00:00+00:00,28.08,27.57,30.4478,50.095604,0.8096429,0.5745614035087719,-10.0,7718.829420459292,0.0,7708.829420459292,0,,7033.1646
2023-11-14 00:00:00+00:00,27.99,28.12,30.42755,45.549736,0.8153573,0.5745614035087719,-10.0,7872.814795270656,0.0,7862.814795270656,0,,7173.4717
2023-11-15 00:00:00+00:00,28.21,28.46,30.4111,52.40465,0.85035735,0.5745614035087719,-10.0,7968.0043801726,0.0,7958.0043801726,0,,7260.205
2023-11-16 00:00:00+00:00,28.51,28.14,30.3949,58.52842,0.85035735,0.5745614035087719,-10.0,7878.413571645383,0.0,7868.413571645383,0,,7178.5723
2023-11-17 00:00:00+00:00,28.39,28.43,30.37555,58.62646,0.8675003,0.5745614035087719,-10.0,7959.605689964506,0.0,7949.605689964506,0,,7252.5527
2023-11-20 00:00:00+00:00,28.45,28.64,30.35415,59.837406,0.866786,0.5745614035087719,-10.0,8018.39983642686,0.0,8008.39983642686,0,,7306.124
2023-11-21 00:00:00+00:00,28.7,28.29,30.33585,56.43739,0.84821457,0.5745614035087719,-10.0,7920.410010125349,0.0,7910.410010125349,0,,7216.8384
2023-11-22 00:00:00+00:00,28.44,28.35,30.31825,53.244606,0.8578574,0.5745614035087719,-10.0,7937.208031261888,0.0,7927.208031261888,0,,7232.1445
2023-11-24 00:00:00+00:00,28.42,28.44,30.301,49.0942,0.69857174,0.5745614035087719,-10.0,7962.405988667996,0.0,7952.405988667996,0,,7255.104
2023-11-27 00:00:00+00:00,28.39,28.24,30.27715,40.591965,0.6221431,0.5745614035087719,-10.0,7906.411209309668,0.0,7896.411209309668,0,,7204.083
2023-11-28 00:00:00+00:00,28.26,27.88,30.2523,42.953003,0.59500027,0.5745614035087719,-10.0,7805.621197964527,0.0,7795.621197964527,0,,7112.246
2023-11-29 00:00:00+00:00,28.11,27.69,30.2257,43.146057,0.59142876,0.5745614035087719,-10.0,7752.426693007967,0.0,7742.426693007967,0,,7063.777
2023-11-30 00:00:00+00:00,27.66,27.66,30.19875,44.137924,0.60142887,0.5745614035087719,-10.0,7744.027453229519,0.0,7734.027453229519,0,,7056.1235
2023-12-01 00:00:00+00:00,27.78,28.26,30.1714,49.484524,0.5289289,0.5745614035087719,-10.0,7912.011187784091,0.0,7902.011187784091,0,,7209.1855
2023-12-04 00:00:00+00:00,28.19,28.17,30.1409,52.195126,0.5435716,0.5745614035087719,-10.0,7886.813522702203,0.0,7876.813522702203,0,,7186.226
2023-12-05 00:00:00+00:00,28.05,27.46,30.1118,58.152184,0.53107154,0.5745614035087719,-10.0,7688.032841869593,0.0,7678.032841869593,0,,7005.103
2023-12-06 00:00:00+00:00,27.59,27.29,30.078,41.406223,0.5417859,0.5745614035087719,-10.0,7640.437946322683,0.0,7630.437946322683,0,,6961.736
2023-12-07 00:00:00+00:00,27.32,27.33,30.04765,34.059963,0.5275003,0.5745614035087719,-10.0,7651.636369773873,0.0,7641.636369773873,0,,6971.94
2023-12-08 00:00:00+00:00,27.4,28.01,30.0159,38.053097,0.49678585,0.5745614035087719,-10.0,7842.017686891858,0.0,7832.017686891858,0,,7145.4097
2023-12-11 00:00:00+00:00,27.98,27.62,29.9881,44.44444,0.52714294,0.5745614035087719,-10.0,7732.828683803369,0.0,7722.828683803369,0,,7045.92
2023-12-12 00:00:00+00:00,27.7,27.15,29.9609,37.12122,0.52357143,0.5745614035087719,-10.0,7601.241389497503,0.0,7591.241389497503,0,,6926.0215
2023-12-13 00:00:00+00:00,27.09,27.61,29.9324,36.029396,0.52571434,0.5745614035087719,-10.0,7730.02905441241,0.0,7720.02905441241,0,,7043.3687
2023-12-14 00:00:00+00:00,27.9,28.0,29.9092,41.741077,0.5589286,0.5745614035087719,-10.0,7839.218398188569,0.0,7829.218398188569,0,,7142.859
2023-12-15 00:00:00+00:00,28.01,27.65,29.889,45.397484,0.6196429,0.5745614035087719,-10.0,7741.228261661978,0.0,7731.228261661978,0,,7053.5737
2023-12-18 00:00:00+00:00,27.79,27.63,29.86575,44.016228,0.6432142,0.5745614035087719,-10.0,7735.628551544189,0.0,7725.628551544189,0,,7048.4717
2023-12-19 00:00:00+00:00,27.67,27.9,29.8429,47.276688,0.6489285,0.5745614035087719,-10.0,7811.221595692191,0.0,7801.221595692191,0,,7117.3496
2023-12-20 00:00:00+00:00,27.9,27.46,29.82205,52.248383,0.6278571,0.5745614035087719,-10.0,7688.03383388836,0.0,7678.03383388836,0,,7005.1045
2023-12-21 00:00:00+00:00,27.6,27.89,29.7995,48.03149,0.637857,0.5745614035087719,-10.0,7808.4214772675605,0.0,7798.4214772675605,0,,7114.798
2023-12-22 00:00:00+00:00,27.9,27.75,29.77975,46.232174,0.6277857,0.5655868279971051,-10.0,7769.225353694314,0.0,7759.225353694314,0,,7079.0835
2023-12-26 00:00:00+00:00,27.83,27.85,29.76535,45.76613,0.6409999,0.5745614035087719,-10.0,7797.222360255692,0.0,7787.222360255692,0,,7104.5938
2023-12-27 00:00:00+00:00,27.82,27.64,29.75205,54.482773,0.60171413,0.5745614035087719,-10.0,7738.428147370261,0.0,7728.428147370261,0,,7051.022
2023-12-28 00:00:00+00:00,27.7,27.7,29.7416,53.986313,0.5888568,0.5745614035087719,-10.0,7755.226736190196,0.0,7745.226736190196,0,,7066.3286
2023-12-29 00:00:00+00:00,27.67,27.65,29.72915,54.195015,0.5824284,0.5745614035087719,-10.0,7741.228031847426,0.0,7731.228031847426,0,,7053.573
2024-01-02 00:00:00+00:00,27.79,28.14,29.71825,45.238094,0.54635704,0.5745614035087719,-10.0,7878.414465876338,0.0,7868.414465876338,0,,7178.573
2024-01-03 00:00:00+00:00,28.0,27.97,29.70785,56.701,0.5820714,0.5745614035087719,-10.0,7830.819161733571,0.0,7820.819161733571,0,,7135.206
2024-01-04 00:00:00+00:00,28.03,27.99,29.6972,61.45249,0.5695715,0.5745614035087719,-10.0,7836.418333054018,0.0,7826.418333054018,0,,7140.3076
2024-01-05 00:00:00+00:00,27.99,28.1,29.68365,56.050934,0.5363572,0.5745614035087719,-10.0,7867.215242766069,0.0,7857.215242766069,0,,7168.3687
2024-01-08 00:00:00+00:00,28.1,28.48,29.669,51.748253,0.49635723,0.5745614035087719,-10.0,7973.60439542875,0.0,7963.60439542875,0,,7265.307
2024-01-09 00:00:00+00:00,28.25,28.17,29.65855,64.35983,0.49278587,0.5745614035087719,-10.0,7886.813135551068,0.0,7876.813135551068,0,,7186.2256
2024-01-10 00:00:00+00:00,27.97,28.5,29.64485,58.49057,0.48350006,0.5745614035087719,-10.0,7979.203820634632,0.0,7969.203820634632,0,,7270.4097
2024-01-11 00:00:00+00:00,28.48,28.62,29.63545,59.259254,0.5149285,0.5745614035087719,-10.0,8012.800986952171,0.0,8002.800986952171,0,,7301.0225
2024-01-12 00:00:00+00:00,28.76,28.75,29.62365,69.863014,0.5070715,0.5745614035087719,-10.0,8049.196984477128,0.0,8039.196984477128,0,,7334.185
2024-01-16 00:00:00+00:00,28.68,28.45,29.61675,66.41221,0.48964283,0.5745614035087719,-10.0,7965.205652465639,0.0,7955.205652465639,0,,7257.655
2024-01-17 00:00:00+00:00,28.26,28.38,29.6064,62.58993,0.48321438,0.5745614035087719,-10.0,7945.606950598808,0.0,7935.606950598808,0,,7239.797
2024-01-18 00:00:00+00:00,28.44,28.58,29.59385,59.63633,0.48464298,0.5745614035087719,-10.0,8001.601991265692,0.0,7991.601991265692,0,,7290.818
2024-01-19 00:00:00+00:00,28.72,28.73,29.5802,67.153275,0.50107163,0.5745614035087719,-10.0,8043.597818328949,0.0,8033.597818328949,0,,7329.0835
2024-01-22 00:00:00+00:00,28.79,28.94,29.567,68.197845,0.5117859,0.5745614035087719,-10.0,8102.391988211325,0.0,8092.391988211325,0,,7382.6553
2024-01-23 00:00:00+00:00,29.14,29.18,29.5559,71.57191,0.5189288,0.5745614035087719,-10.0,8169.585389481703,0.0,8159.585389481703,0,,7443.88
2024-01-24 00:00:00+00:00,29.37,29.06,29.5467,68.9781,0.48285744,0.5745614035087719,-10.0,8135.988602985821,0.0,8125.988602985821,0,,7413.2676
2024-01-25 00:00:00+00:00,29.25,29.71,29.5383,70.26021,0.47857174,0.5745614035087719,-10.0,8317.970144328012,0.0,8307.970144328012,0,,7579.0835
2024-01-26 00:00:00+00:00,29.74,29.74,29.5309,75.903595,0.50821465,0.5745614035087719,-10.0,8326.369812674966,0.0,8316.369812674966,0,,7586.737
2024-01-29 00:00:00+00:00,29.75,29.92,29.52225,75.30862,0.48678604,0.5745614035087719,-10.0,8376.765116416556,0.0,8366.765116416556,0,,7632.6553
2024-01-30 00:00:00+00:00,29.89,29.8,29.5168,73.6842,0.46821457,0.5745614035087719,-10.0,8343.168115107248,0.0,8333.168115107248,0,,7602.043
2024-01-31 00:00:00+00:00,29.91,30.01,29.50995,78.596436,0.46000046,0.5745614035087719,-10.0,8401.962897641437,0.0,8391.962897641437,0,,7655.615
2024-02-01 00:00:00+00:00,30.01,30.12,29.50625,77.65563,0.4537863,0.42857142857142855,-10.0,8432.759849314072,0.0,8422.759849314072,0,,7683.6763
2024-02-02 00:00:00+00:00,29.86,29.56,29.50075,77.57348,0.46235767,0.5745614035087719,-10.0,8275.974962341357,0.0,8265.974962341357,0,,7540.819
2024-02-05 00:00:00+00:00,29.29,29.18,29.49255,62.857105,0.48450062,0.5745614035087719,-10.0,8169.585879431057,0.0,8159.585879431057,0,,7443.8804
2024-02-06 00:00:00+00:00,29.24,29.34,29.48315,61.300278,0.4745005,0.5745614035087719,-10.0,8214.380948185051,0.0,8204.380948185051,0,,7484.6963
2024-02-07 00:00:00+00:00,30.5,27.44,29.4754,64.457825,0.4752147,0.5745614035087719,-10.0,7682.434044087006,0.0,7672.434044087006,0,,7000.0024
2024-02-08 00:00:00+00:00,27.37,26.62,29.4585,38.645435,0.667429,0.8764452816600995,-10.0,7452.856912079917,0.0,7442.856912079917,0,,6790.8184
2024-02-09 00:00:00+00:00,26.72,27.45,29.44205,31.458725,0.72707176,0.5745614035087719,-10.0,7685.233616763845,0.0,7675.233616763845,0,,7002.553
2024-02-12 00:00:00+00:00,27.46,28.01,29.4307,38.19335,0.7692145,0.5745614035087719,-10.0,7842.018242982076,0.0,7832.018242982076,0,,7145.4106
2024-02-13 00:00:00+00:00,27.83,27.36,29.4221,41.176476,0.78957146,0.5454545454545454,-10.0,7660.036402456408,0.0,7650.036402456408,0,,6979.594
2024-02-14 00:00:00+00:00,27.43,27.74,29.40815,38.1285,0.8352857,0.5745614035087719,-10.0,7766.425391091637,0.0,7756.425391091637,0,,7076.5327
2024-02-15 00:00:00+00:00,27.81,28.14,29.39415,35.703926,0.8231429,0.5745614035087719,-10.0,7878.413794329271,0.0,7868.413794329271,0,,7178.573
2024-02-16 00:00:00+00:00,28.15,27.95,29.38175,38.980713,0.8463572,0.3333333333333333,-10.0,7825.2195720105,0.0,7815.2195720105,0,,7130.1045
2024-02-20 00:00:00+00:00,27.84,27.63,29.36985,36.45117,0.84992856,0.5745614035087719,-10.0,7735.627861665347,0.0,7725.627861665347,0,,7048.471
2024-02-21 00:00:00+00:00,27.61,27.46,29.35815,35.47523,0.86242855,0.5745614035087719,-10.0,7688.032484598719,0.0,7678.032484598719,0,,7005.103
2024-02-22 00:00:00+00:00,27.46,27.41,29.3523,32.83983,0.84935707,0.5745614035087719,-10.0,7674.034094380728,0.0,7664.034094380728,0,,6992.3486
2024-02-23 00:00:00+00:00,27.63,27.68,29.3424,31.61464,0.83650005,0.5745614035087719,-10.0,7749.626267868007,0.0,7739.626267868007,0,,7061.2256
2024-02-26 00:00:00+00:00,27.68,27.22,29.333,36.723164,0.83578575,0.5454545454545454,-10.0,7620.838717619916,0.0,7610.838717619916,0,,6943.8784
2024-02-27 00:00:00+00:00,27.29,27.11,29.3235,36.31284,0.8522144,0.5745614035087719,-10.0,7590.042331415125,0.0,7580.042331415125,0,,6915.818
2024-02-28 00:00:00+00:00,27.01,26.96,29.31585,34.31786,0.84150016,0.5745614035087719,-10.0,7548.045874456756,0.0,7538.045874456756,0,,6877.552
2024-02-29 00:00:00+00:00,27.16,27.38,29.30985,45.522373,0.6321429,0.5745614035087719,-10.0,7665.634070139715,0.0,7655.634070139715,0,,6984.695
2024-03-01 00:00:00+00:00,27.43,26.99,29.3054,57.661274,0.5785716,0.5745614035087719,-10.0,7556.445082152818,0.0,7546.445082152818,0,,6885.205
2024-03-04 00:00:00+00:00,26.95,26.57,29.29725,44.91149,0.5575003,0.5745614035087719,-10.0,7438.856654116359,0.0,7428.856654116359,0,,6778.062
2024-03-05 00:00:00+00:00,26.19,26.33,29.28905,33.561634,0.57321453,0.7172994499922789,-10.0,7371.663498065235,0.0,7361.663498065235,0,,6716.838
2024-03-06 00:00:00+00:00,26.34,25.9,29.27605,37.0277,0.5539288,0.8215946521576456,-10.0,7251.275417875894,0.0,7241.275417875894,0,,6607.144
2024-03-07 00:00:00+00:00,25.9,26.11,29.26205,27.11443,0.5632858,0.8043121928703099,-10.0,7310.069767167487,0.0,7300.069767167487,0,,6660.7153
2024-03-08 00:00:00+00:00,26.16,26.32,29.248,23.498724,0.54521435,0.5745614035087719,-10.0,7368.8632865513055,0.0,7358.8632865513055,0,,6714.286
2024-03-11 00:00:00+00:00,26.45,27.23,29.2348,28.831167,0.5409287,0.5745614035087719,-10.0,7623.638114118055,0.0,7613.638114118055,0,,6946.4297
2024-03-12 00:00:00+00:00,27.34,26.83,29.22605,45.4955,0.5895001,0.5745614035087719,-10.0,7511.64927994553,0.0,7501.64927994553,0,,6844.3887
2024-03-13 00:00:00+00:00,26.85,27.09,29.21695,43.254826,0.5955715,0.5745614035087719,-10.0,7584.441986627741,0.0,7574.441986627741,0,,6910.7153
2024-03-14 00:00:00+00:00,27.04,26.71,29.2078,46.721313,0.60199994,0.5745614035087719,-10.0,7478.052310466156,0.0,7468.052310466156,0,,6813.776
2024-03-15 00:00:00+00:00,26.73,26.89,29.1951,40.280552,0.5912857,0.5745614035087719,-10.0,7528.447057146769,0.0,7518.447057146769,0,,6859.6943
2024-03-18 00:00:00+00:00,26.95,27.0,29.1831,46.49682,0.5877142,0.5745614035087719,-10.0,7559.244322821009,0.0,7549.244322821009,0,,6887.7554
2024-03-19 00:00:00+00:00,27.04,27.1,29.17205,48.832268,0.5962857,0.5745614035087719,-10.0,7587.241597442224,0.0,7577.241597442224,0,,6913.2656
2024-03-20 00:00:00+00:00,27.1,27.58,29.16155,51.50216,0.6052144,0.5745614035087719,-10.0,7721.627702568124,0.0,7711.627702568124,0,,7035.7144
2024-03-21 00:00:00+00:00,27.71,27.79,29.15025,52.118652,0.6223571,0.5745614035087719,-10.0,7780.422144535865,0.0,7770.422144535865,0,,7089.2856
2024-03-22 00:00:00+00:00,27.84,27.32,29.1388,58.81058,0.6055713,0.5745614035087719,-10.0,7648.835136189339,0.0,7638.835136189339,0,,6969.3877
2024-03-25 00:00:00+00:00,27.48,27.54,29.12315,58.169926,0.5923571,0.5745614035087719,-10.0,7710.428962278808,0.0,7700.428962278808,0,,7025.5103
2024-03-26 00:00:00+00:00,27.58,27.95,29.10495,63.238506,0.5645,0.5745614035087719,-10.0,7825.2176043221825,0.0,7815.2176043221825,0,,7130.102
2024-03-27 00:00:00+00:00,28.05,28.6,29.0866,72.52746,0.55835724,0.5745614035087719,-10.0,8007.199495849548,0.0,7997.199495849548,0,,7295.9185
2024-03-28 00:00:00+00:00,28.65,28.62,29.0726,74.94988,0.58607143,0.5745614035087719,-10.0,8012.79878386523,0.0,8002.79878386523,0,,7301.0205
2024-04-01 00:00:00+00:00,28.67,28.59,29.0589,73.95832,0.58821434,0.5745614035087719,-10.0,8004.399232222583,0.0,7994.399232222583,0,,7293.367
2024-04-02 00:00:00+00:00,28.52,28.42,29.04595,67.346924,0.5403572,0.5745614035087719,-10.0,7956.80379878437,0.0,7946.80379878437,0,,7249.9995
2024-04-03 00:00:00+00:00,28.42,28.71,29.0321,71.54468,0.54071426,0.5745614035087719,-10.0,8037.995635566866,0.0,8027.995635566866,0,,7323.979
2024-04-04 00:00:00+00:00,28.88,28.42,29.0179,71.77415,0.54285717,0.5745614035087719,-10.0,7956.8041572919865,0.0,7946.8041572919865,0,,7249.9995
2024-04-05 00:00:00+00:00,28.51,28.45,29.0025,73.55371,0.5553571,0.5745614035087719,-10.0,7965.203345907406,0.0,7955.203345907406,0,,7257.653
2024-04-08 00:00:00+00:00,28.51,28.63,28.9893,72.41379,0.5403572,0.5745614035087719,-10.0,8015.597551617978,0.0,8005.597551617978,0,,7303.5703
2024-04-09 00:00:00+00:00,28.73,28.8,28.9773,72.957726,0.5489287,0.5745614035087719,-10.0,8063.1926846896495,0.0,8053.1926846896495,0,,7346.9375
2024-04-10 00:00:00+00:00,28.39,28.37,28.9672,73.480644,0.552143,0.5745614035087719,-10.0,7942.805293720058,0.0,7932.805293720058,0,,7237.244
2024-04-11 00:00:00+00:00,28.37,28.24,28.9559,61.064438,0.5425001,0.5745614035087719,-10.0,7906.408615738687,0.0,7896.408615738687,0,,7204.081
2024-04-12 00:00:00+00:00,28.15,27.66,28.94175,56.446976,0.5539287,0.5745614035087719,-10.0,7744.024657114792,0.0,7734.024657114792,0,,7056.121
2024-04-15 00:00:00+00:00,27.87,27.92,28.9193,54.722225,0.5432144,0.5745614035087719,-10.0,7816.817644015934,0.0,7806.817644015934,0,,7122.448
2024-04-16 00:00:00+00:00,27.9,27.95,28.89845,55.219772,0.57821435,0.5745614035087719,-10.0,7825.217225238845,0.0,7815.217225238845,0,,7130.1016
2024-04-17 00:00:00+00:00,28.03,27.99,28.87765,50.0,0.5678571,0.5745614035087719,-10.0,7836.41595246379,0.0,7826.41595246379,0,,7140.305
2024-04-18 00:00:00+00:00,28.13,28.29,28.85815,38.490543,0.54535717,0.5745614035087719,-10.0,7920.407498890327,0.0,7910.407498890327,0,,7216.8354
2024-04-19 00:00:00+00:00,28.46,28.87,28.8385,44.3686,0.54964286,0.5745614035087719,-10.0,8082.791465679769,0.0,8072.791465679769,0,,7364.7954
2024-04-22 00:00:00+00:00,29.07,28.97,28.8227,54.023003,0.5682141,0.5745614035087719,-10.0,8110.788195152262,0.0,8100.788195152262,0,,7390.3047
2024-04-23 00:00:00+00:00,28.95,29.18,28.8083,58.064514,0.5528571,0.5745614035087719,-10.0,8169.58231314786,0.0,8159.58231314786,0,,7443.8765
2024-04-24 00:00:00+00:00,29.0,29.31,28.7946,57.05708,0.54357135,0.5745614035087719,-10.0,8205.978534095002,0.0,8195.978534095002,0,,7477.0396
2024-04-25 00:00:00+00:00,29.2,29.25,28.7831,64.03786,0.5235713,0.5745614035087719,-10.0,8189.180387920156,0.0,8179.180387920156,0,,7461.734
2024-04-26 00:00:00+00:00,29.16,28.81,28.77085,62.5,0.52857125,0.5745614035087719,-10.0,8065.992333979518,0.0,8055.992333979518,0,,7349.489
2024-04-29 00:00:00+00:00,28.88,29.15,28.7568,52.601162,0.5199998,0.5745614035087719,-10.0,8161.182991247006,0.0,8151.182991247006,0,,7436.2236
2024-04-30 00:00:00+00:00,29.0,28.68,28.74445,54.820942,0.520357,0.5745614035087719,-10.0,8029.596372381679,0.0,8019.596372381679,0,,7316.3257
2024-05-01 00:00:00+00:00,28.67,28.87,28.7322,54.223427,0.5184999,0.5745614035087719,-10.0,8082.790985743321,0.0,8072.790985743321,0,,7364.7954
2024-05-02 00:00:00+00:00,28.98,29.25,28.719799,58.445057,0.5092141,0.5745614035087719,-10.0,8189.179707674285,0.0,8179.179707674285,0,,7461.7334
2024-05-03 00:00:00+00:00,29.39,29.58,28.7067,72.521255,0.50028557,0.5745614035087719,-10.0,8281.57074045517,0.0,8271.57074045517,0,,7545.917
2024-05-06 00:00:00+00:00,29.81,30.02,28.6962,73.055565,0.46385697,0.5745614035087719,-10.0,8404.758568160792,0.0,8394.758568160792,0,,7658.162
2024-05-07 00:00:00+00:00,29.92,29.85,28.68765,75.81048,0.46135712,0.3333333333333333,-10.0,8357.163108816178,0.0,8347.163108816178,0,,7614.7944
2024-05-08 00:00:00+00:00,29.6,30.59,28.6798,72.463776,0.4638571,0.5745614035087719,-10.0,8564.342569692917,0.0,8554.342569692917,0,,7803.57
2024-05-09 00:00:00+00:00,30.84,30.8,28.67705,75.10918,0.5288571,0.01,-10.0,8623.135970881876,0.0,8613.135970881876,0,,7857.141
2024-05-10 00:00:00+00:00,30.99,30.94,28.67615,72.92161,0.54028577,0.3333333333333333,-10.0,8662.332006096507,0.0,8652.332006096507,0,,7892.8555
2024-05-13 00:00:00+00:00,31.06,30.74,28.675,73.17648,0.54171425,0.5686816422962381,-10.0,8606.337620254353,0.0,8596.337620254353,0,,7841.835
2024-05-14 00:00:00+00:00,30.85,30.96,28.67355,68.39622,0.55100006,0.5745614035087719,-10.0,8667.9308522938,0.0,8657.9308522938,0,,7897.957
2024-05-15 00:00:00+00:00,31.06,30.61,28.67275,69.053116,0.5463573,0.5745614035087719,-10.0,8569.941147853597,0.0,8559.941147853597,0,,7808.6714
2024-05-16 00:00:00+00:00,30.66,30.27,28.66875,64.71863,0.5488573,0.5454545454545454,-10.0,8474.750489121781,0.0,8464.750489121781,0,,7721.9365
2024-05-17 00:00:00+00:00,30.28,30.53,28.66395,66.15046,0.5495716,0.5745614035087719,-10.0,8547.543400292823,0.0,8537.543400292823,0,,7788.2637
2024-05-20 00:00:00+00:00,30.41,30.58,28.6603,65.54056,0.5463573,0.5745614035087719,-10.0,8561.541688356017,0.0,8551.541688356017,0,,7801.0186
2024-05-21 00:00:00+00:00,30.52,30.4,28.65825,73.63184,0.52642864,0.42857142857142855,-10.0,8511.146766582828,0.0,8501.146766582828,0,,7755.1
2024-05-22 00:00:00+00:00,30.26,30.57,28.65485,69.0773,0.52464294,0.5745614035087719,-10.0,8558.742016571909,0.0,8548.742016571909,0,,7798.4673
2024-05-23 00:00:00+00:00,30.52,30.65,28.652,67.36842,0.5241429,0.5745614035087719,-10.0,8581.14025755418,0.0,8571.14025755418,0,,7818.876
2024-05-24 00:00:00+00:00,30.71,31.13,28.6409,65.07042,0.5391429,0.5745614035087719,-10.0,8715.526436616921,0.0,8705.526436616921,0,,7941.3247
2024-05-28 00:00:00+00:00,31.15,31.09,28.6339,65.4596,0.54199994,0.5745614035087719,-10.0,8704.327879991426,0.0,8694.327879991426,0,,7931.121
2024-05-29 00:00:00+00:00,30.94,31.27,28.628,67.91908,0.54342854,0.5320376528573283,-10.0,8754.722783668834,0.0,8744.722783668834,0,,7977.039
2024-05-30 00:00:00+00:00,31.38,31.71,28.6221,61.72415,0.49400002,0.5745614035087719,-10.0,8877.910380287145,0.0,8867.910380287145,0,,8089.284
2024-05-31 00:00:00+00:00,31.73,31.94,28.62185,64.53675,0.4911428,0.42857142857142855,-10.0,8942.304431968732,0.0,8932.304431968732,0,,8147.9585
2024-06-03 00:00:00+00:00,32.14,32.28,28.62205,65.52796,0.5054286,0.5745614035087719,-10.0,9037.494482160264,0.0,9027.494482160264,0,,8234.692
2024-06-04 00:00:00+00:00,32.06,32.17,28.62615,72.91669,0.5043572,0.5745614035087719,-10.0,9006.697260825445,0.0,8996.697260825445,0,,8206.632
2024-06-05 00:00:00+00:00,32.17,32.26,28.63235,68.615395,0.51328576,0.5745614035087719,-10.0,9031.894429571088,0.0,9021.894429571088,0,,8229.591
2024-06-06 00:00:00+00:00,32.12,31.98,28.6372,77.59196,0.51042855,0.5745614035087719,-10.0,8953.502557454114,0.0,8943.502557454114,0,,8158.162
2024-06-07 00:00:00+00:00,31.9,31.77,28.64215,79.18091,0.51507145,0.5745614035087719,-10.0,8894.708629829163,0.0,8884.708629829163,0,,8104.591
2024-06-10 00:00:00+00:00,31.67,31.4,28.64805,71.52781,0.5207856,0.5745614035087719,-10.0,8791.118975032387,0.0,8781.118975032387,0,,8010.203
2024-06-11 00:00:00+00:00,31.25,31.1,28.65185,62.812508,0.5382857,0.5745614035087719,-10.0,8707.127849709394,0.0,8697.127849709394,0,,7933.6733
2024-06-12 00:00:00+00:00,31.36,31.14,28.6559,60.542194,0.5322143,0.5745614035087719,-10.0,8718.326513703529,0.0,8708.326513703529,0,,7943.877
2024-06-13 00:00:00+00:00,30.94,30.97,28.66085,58.934177,0.5327143,0.5745614035087719,-10.0,8670.731517883596,0.0,8660.731517883596,0,,7900.51
2024-06-14 00:00:00+00:00,30.88,30.94,28.66355,54.87805,0.5148572,0.5745614035087719,-10.0,8662.332743146648,0.0,8652.332743146648,0,,7892.8574
2024-06-17 00:00:00+00:00,30.91,31.03,28.66565,46.643127,0.5077143,0.5745614035087719,-10.0,8687.529960761956,0.0,8677.529960761956,0,,7915.8164
2024-06-18 00:00:00+00:00,31.03,31.21,28.66635,48.95834,0.5148572,0.5745614035087719,-10.0,8737.92496019698,0.0,8727.92496019698,0,,7961.7344
2024-06-20 00:00:00+00:00,31.17,31.91,28.6698,48.958305,0.5092856,0.5745614035087719,-10.0,8933.905703314458,0.0,8923.905703314458,0,,8140.3066
2024-06-21 00:00:00+00:00,32.0,32.06,28.6856,53.18473,0.505,0.5745614035087719,-10.0,8975.902027805816,0.0,8965.902027805816,0,,8178.5723
2024-06-24 00:00:00+00:00,31.95,32.07,28.70065,51.9608,0.48821434,0.5745614035087719,-10.0,8978.701176330189,0.0,8968.701176330189,0,,8181.1226
2024-06-25 00:00:00+00:00,32.2,32.21,28.71605,46.15386,0.4775001,0.5745614035087719,-10.0,9017.897195154434,0.0,9007.897195154434,0,,8216.837
2024-06-26 00:00:00+00:00,32.16,32.1,28.7348,50.724655,0.47642845,0.5745614035087719,-10.0,8987.100104761512,0.0,8977.100104761512,0,,8188.776
2024-06-27 00:00:00+00:00,32.1,31.77,28.7508,47.1223,0.4817855,0.5745614035087719,-10.0,8894.709919729099,0.0,8884.709919729099,0,,8104.593
2024-06-28 00:00:00+00:00,31.97,32.02,28.76355,46.28976,0.480714,0.5454545454545454,-10.0,8964.70243836882,0.0,8954.70243836882,0,,8168.3677
2024-07-01 00:00:00+00:00,32.14,31.8,28.77575,54.355408,0.4799997,0.5745614035087719,-10.0,8903.10823945789,0.0,8893.10823945789,0,,8112.245
2024-07-02 00:00:00+00:00,31.87,32.3,28.789999,57.352947,0.48749977,0.5745614035087719,-10.0,9043.093844262827,0.0,9033.093844262827,0,,8239.796
2024-07-03 00:00:00+00:00,32.38,32.44,28.8039,70.54795,0.5182141,0.3333333333333333,-10.0,9082.289602257903,0.0,9072.289602257903,0,,8275.51
2024-07-05 00:00:00+00:00,32.09,32.16,28.8196,71.52319,0.5067854,0.5745614035087719,-10.0,9003.897735871169,0.0,8993.897735871169,0,,8204.082
2024-07-08 00:00:00+00:00,32.26,32.14,28.83455,69.00962,0.5142856,0.5745614035087719,-10.0,8998.298078039019,0.0,8988.298078039019,0,,8198.9795
2024-07-09 00:00:00+00:00,32.13,32.76,28.8482,69.23077,0.51071423,0.5745614035087719,-10.0,9171.88034499992,0.0,9161.88034499992,0,,8357.143
2024-07-10 00:00:00+00:00,32.75,32.93,28.86835,73.69862,0.5278571,0.42857142857142855,-10.0,9219.475979853543,0.0,9209.475979853543,0,,8400.51
2024-07-11 00:00:00+00:00,33.0,33.25,28.88505,73.626396,0.5092855,0.5,-10.0,9309.06700895512,0.0,9299.06700895512,0,,8482.143
2024-07-12 00:00:00+00:00,33.32,33.35,28.90705,70.55216,0.49142838,0.42857142857142855,-10.0,9337.064318111648,0.0,9327.064318111648,0,,8507.653
2024-07-15 00:00:00+00:00,33.41,33.55,28.93,70.093445,0.48928532,0.5745614035087719,-10.0,9393.059269199033,0.0,9383.059269199033,0,,8558.674
2024-07-16 00:00:00+00:00,33.65,34.22,28.95505,71.76472,0.49964237,0.42857142857142855,-10.0,9580.641460184,0.0,9570.641460184,0,,8729.593
2024-07-17 00:00:00+00:00,34.18,34.85,28.983,75.57255,0.5217856,0.3333333333333333,-10.0,9757.023041555425,0.0,9747.023041555425,0,,8890.307
2024-07-18 00:00:00+00:00,34.67,34.61,29.012949,80.898895,0.53964275,0.01,-10.0,9689.830312548704,0.0,9679.830312548704,0,,8829.083
2024-07-19 00:00:00+00:00,34.75,34.33,29.0416,82.56883,0.5574999,0.5745614035087719,-10.0,9611.438243905,0.0,9601.438243905,0,,8757.654
2024-07-22 00:00:00+00:00,34.38,34.43,29.0704,76.30984,0.5767856,0.5745614035087719,-10.0,9639.43520043102,0.0,9629.43520043102,0,,8783.165
2024-07-23 00:00:00+00:00,34.4,34.55,29.1024,80.79632,0.5710713,0.5745614035087719,-10.0,9673.031735989125,0.0,9663.031735989125,0,,8813.777
2024-07-24 00:00:00+00:00,34.58,34.47,29.1349,78.92037,0.5621428,0.551506608371779,-10.0,9650.634778662223,0.0,9640.634778662223,0,,8793.369
2024-07-25 00:00:00+00:00,34.42,34.46,29.16735,76.5014,0.5707144,0.5745614035087719,-10.0,9647.83459476386,0.0,9637.83459476386,0,,8790.817
2024-07-26 00:00:00+00:00,34.65,34.92,29.199,82.30341,0.5753569,0.5745614035087719,-10.0,9776.621781178159,0.0,9766.621781178159,0,,8908.165
2024-07-29 00:00:00+00:00,35.03,35.19,29.23055,84.75005,0.59614265,0.5745614035087719,-10.0,9852.213785087177,0.0,9842.213785087177,0,,8977.042
2024-07-30 00:00:00+00:00,35.29,35.8,29.2619,83.28773,0.5682853,0.5745614035087719,-10.0,10022.996602798661,0.0,10012.996602798661,0,,9132.654
2024-07-31 00:00:00+00:00,35.8,35.43,29.29685,85.085625,0.5982854,0.42857142857142855,-10.0,9919.40745571119,0.0,9909.40745571119,0,,9038.268
2024-08-01 00:00:00+00:00,35.64,35.2,29.332,76.32856,0.5914996,0.5454545454545454,-10.0,9855.014024475853,0.0,9845.014024475853,0,,8979.594
2024-08-02 00:00:00+00:00,35.2,34.88,29.3651,71.66283,0.6161426,0.5454545454545454,-10.0,9765.42307333038,0.0,9755.42307333038,0,,8897.961
2024-08-05 00:00:00+00:00,34.43,34.04,29.3936,65.14811,0.6318569,0.5745614035087719,-10.0,9530.246285171645,0.0,9520.246285171645,0,,8683.675
2024-08-06 00:00:00+00:00,33.81,36.19,29.41675,48.02631,0.65899956,0.5745614035087719,-10.0,10132.18518251493,0.0,10122.18518251493,0,,9232.144
2024-08-07 00:00:00+00:00,36.69,36.56,29.4526,61.019756,0.78757095,0.01,-10.0,10235.775281133581,0.0,10225.775281133581,0,,9326.532
2024-08-08 00:00:00+00:00,36.49,36.69,29.49285,65.7005,0.7975712,0.3333333333333333,-10.0,10272.171391797669,0.0,10262.171391797669,0,,9359.694
2024-08-09 00:00:00+00:00,36.8,36.6,29.5348,69.47194,0.8129283,0.5745614035087719,-10.0,10246.974068150048,0.0,10236.974068150048,0,,9336.735
2024-08-12 00:00:00+00:00,36.77,36.25,29.57745,67.93388,0.7950712,0.42857142857142855,-10.0,10148.984402965325,0.0,10138.984402965325,0,,9247.45
2024-08-13 00:00:00+00:00,36.32,36.26,29.6183,63.53505,0.79042846,0.42857142857142855,-10.0,10151.78400331719,0.0,10141.78400331719,0,,9250.001
2024-08-14 00:00:00+00:00,36.24,36.33,29.66045,64.412224,0.7793571,0.42857142857142855,-10.0,10171.382981113473,0.0,10161.382981113473,0,,9267.859
2024-08-15 00:00:00+00:00,36.74,36.3,29.7049,64.91231,0.7650716,0.42857142857142855,-10.0,10162.983225683052,0.0,10152.983225683052,0,,9260.206
2024-08-16 00:00:00+00:00,36.88,36.76,29.75085,61.81508,0.77464294,0.42857142857142855,-10.0,10291.770438395408,0.0,10281.770438395408,0,,9377.553
2024-08-19 00:00:00+00:00,36.65,36.88,29.79855,63.01824,0.8025003,0.5745614035087719,-10.0,10325.36840047153,0.0,10315.36840047153,0,,9408.166
2024-08-20 00:00:00+00:00,36.79,37.15,29.8434,59.747307,0.7796432,0.5745614035087719,-10.0,10400.960423555474,0.0,10390.960423555474,0,,9477.044
2024-08-21 00:00:00+00:00,37.2,37.57,29.88965,65.80883,0.7821432,0.42857142857142855,-10.0,10518.547976065824,0.0,10508.547976065824,0,,9584.187
2024-08-22 00:00:00+00:00,37.69,37.93,29.93525,71.04794,0.77107185,0.42857142857142855,-10.0,10619.338405760971,0.0,10609.338405760971,0,,9676.023
2024-08-23 00:00:00+00:00,38.04,38.14,29.97825,76.89593,0.7514289,0.42857142857142855,-10.0,10678.131704193649,0.0,10668.131704193649,0,,9729.594
2024-08-26 00:00:00+00:00,38.14,38.2,30.0246,90.67458,0.6950005,0.5745614035087719,-10.0,10694.93059431943,0.0,10684.93059431943,0,,9744.9
2024-08-27 00:00:00+00:00,38.17,38.11,30.07315,84.06778,0.5432151,0.42857142857142855,-10.0,10669.73277743895,0.0,10659.73277743895,0,,9721.94
2024-08-28 00:00:00+00:00,38.16,38.27,30.1227,79.026184,0.49392918,0.5454545454545454,-10.0,10714.527652697854,0.0,10704.527652697854,0,,9762.756
2024-08-29 00:00:00+00:00,38.35,38.23,30.17555,79.25925,0.44535774,0.42857142857142855,-10.0,10703.32853855891,0.0,10693.32853855891,0,,9752.552
2024-08-30 00:00:00+00:00,38.22,38.43,30.2263,80.75468,0.44000053,0.5745614035087719,-10.0,10759.322998297004,0.0,10749.322998297004,0,,9803.572
2024-09-03 00:00:00+00:00,38.23,38.03,30.2806,93.59988,0.41857174,0.42857142857142855,-10.0,10647.333720861248,0.0,10637.333720861248,0,,9701.531
2024-09-04 00:00:00+00:00,37.98,38.19,30.33015,80.622734,0.43535724,0.5745614035087719,-10.0,10692.12975245676,0.0,10682.12975245676,0,,9742.348
2024-09-05 00:00:00+00:00,38.34,37.37,30.3788,81.207924,0.45714298,0.5454545454545454,-10.0,10462.553046934416,0.0,10452.553046934416,0,,9533.164
2024-09-06 00:00:00+00:00,37.45,37.36,30.42495,64.19096,0.47321457,0.5745614035087719,-10.0,10459.753631308624,0.0,10449.753631308624,0,,9530.613
2024-09-09 00:00:00+00:00,37.46,37.09,30.4696,59.03617,0.4553574,0.5745614035087719,-10.0,10384.160954428113,0.0,10374.160954428113,0,,9461.735
2024-09-10 00:00:00+00:00,37.14,36.85,30.51185,53.02592,0.47035736,0.5634229942688054,-10.0,10316.967131475923,0.0,10306.967131475923,0,,9400.511
2024-09-11 00:00:00+00:00,36.86,36.43,30.55465,45.639492,0.46750015,0.556073292753138,-10.0,10199.379694981897,0.0,10189.379694981897,0,,9293.368
2024-09-12 00:00:00+00:00,36.58,36.04,30.59505,33.430252,0.49535698,0.5745614035087719,-10.0,10090.190531043356,0.0,10080.190531043356,0,,9193.879
2024-09-13 00:00:00+00:00,36.26,36.78,30.633049,22.766588,0.51285714,0.5454545454545454,-10.0,10297.369661032197,0.0,10287.369661032197,0,,9382.654
2024-09-16 00:00:00+00:00,36.78,36.77,30.67575,32.999992,0.54214257,0.3333333333333333,-10.0,10294.57025122404,0.0,10284.57025122404,0,,9380.104
2024-09-17 00:00:00+00:00,36.77,37.44,30.7202,31.898716,0.5667853,0.42857142857142855,-10.0,10482.151510479462,0.0,10472.151510479462,0,,9551.022
2024-09-18 00:00:00+00:00,37.47,37.56,30.76895,42.604828,0.62249976,0.3333333333333333,-10.0,10515.748694620414,0.0,10505.748694620414,0,,9581.636
2024-09-19 00:00:00+00:00,37.8,37.53,30.818449,42.093548,0.6714284,0.42857142857142855,-10.0,10507.34911579538,0.0,10497.34911579538,0,,9573.982
2024-09-20 00:00:00+00:00,37.66,37.28,30.8648,42.187492,0.685357,0.42857142857142855,-10.0,10437.355928020233,0.0,10427.355928020233,0,,9510.207
2024-09-23 00:00:00+00:00,37.44,37.82,30.91035,37.306824,0.7295712,0.42857142857142855,-10.0,10588.541044961901,0.0,10578.541044961901,0,,9647.962
2024-09-24 00:00:00+00:00,37.72,38.86,30.96215,47.751614,0.73028564,0.3333333333333333,-10.0,10879.712392352032,0.0,10869.712392352032,0,,9913.269
2024-09-25 00:00:00+00:00,38.87,38.44,31.02,56.036057,0.7770713,0.42857142857142855,-10.0,10762.123909948707,0.0,10752.123909948707,0,,9806.126
2024-09-26 00:00:00+00:00,38.51,38.67,31.07555,60.388344,0.7549283,0.5745614035087719,-10.0,10826.51749268474,0.0,10816.51749268474,0,,9864.8
2024-09-27 00:00:00+00:00,38.67,38.84,31.128849,62.197365,0.74564254,0.42857142857142855,-10.0,10874.113030835435,0.0,10864.113030835435,0,,9908.167
2024-09-30 00:00:00+00:00,38.95,38.8,31.18495,66.6034,0.7349284,0.42857142857142855,-10.0,10862.913687686976,0.0,10852.913687686976,0,,9897.963
2024-10-01 00:00:00+00:00,38.85,39.0,31.2432,69.23077,0.73778564,0.5454545454545454,-10.0,10918.907767736442,0.0,10908.907767736442,0,,9948.983
2024-10-02 00:00:00+00:00,38.83,38.67,31.30015,76.49481,0.7142146,0.5745614035087719,-10.0,10826.51639693193,0.0,10816.51639693193,0,,9864.799
2024-10-03 00:00:00+00:00,38.6,38.49,31.3535,77.45295,0.703143,0.42857142857142855,-10.0,10776.12215124864,0.0,10766.12215124864,0,,9818.881
2024-10-04 00:00:00+00:00,38.63,38.54,31.4077,70.21277,0.68100005,0.5745614035087719,-10.0,10790.120588543858,0.0,10780.120588543858,0,,9831.636
2024-10-07 00:00:00+00:00,38.56,38.34,31.46225,70.72596,0.65600014,0.5745614035087719,-10.0,10734.126133985903,0.0,10724.126133985903,0,,9780.615
2024-10-08 00:00:00+00:00,38.2,38.52,31.51445,61.84209,0.63307136,0.5745614035087719,-10.0,10784.520918142554,0.0,10774.520918142554,0,,9826.534
2024-10-09 00:00:00+00:00,38.47,38.49,31.56975,62.435196,0.6016426,0.5745614035087719,-10.0,10776.121994845838,0.0,10766.121994845838,0,,9818.881
2024-10-10 00:00:00+00:00,38.52,38.05,31.62275,62.435257,0.5969998,0.42857142857142855,-10.0,10652.933949976446,0.0,10642.933949976446,0,,9706.636
2024-10-11 00:00:00+00:00,38.16,38.0,31.67425,59.50616,0.5685,0.5745614035087719,-10.0,10638.935526050738,0.0,10628.935526050738,0,,9693.881
2024-10-14 00:00:00+00:00,38.06,38.21,31.725,52.52809,0.5617142,0.5745614035087719,-10.0,10697.729520610581,0.0,10687.729520610581,0,,9747.453
2024-10-15 00:00:00+00:00,38.38,38.46,31.77785,38.095226,0.4927856,0.5650409761966168,-10.0,10767.722645183658,0.0,10757.722645183658,0,,9811.229
2024-10-16 00:00:00+00:00,38.46,38.75,31.83165,50.390633,0.4899284,0.5454545454545454,-10.0,10848.91499085958,0.0,10838.91499085958,0,,9885.209
2024-10-17 00:00:00+00:00,38.63,39.07,31.88715,51.526752,0.486357,0.5745614035087719,-10.0,10938.506462660003,0.0,10928.506462660003,0,,9966.842
2024-10-18 00:00:00+00:00,39.24,38.97,31.9418,54.151615,0.4870712,0.5454545454545454,-10.0,10910.509540762288,0.0,10900.509540762288,0,,9941.332
2024-10-21 00:00:00+00:00,38.86,38.52,31.9968,53.00357,0.486357,0.5745614035087719,-10.0,10784.52166858728,0.0,10774.52166858728,0,,9826.535
2024-10-22 00:00:00+00:00,38.6,38.7,32.04945,42.207794,0.48421398,0.42857142857142855,-10.0,10834.9164974894,0.0,10824.9164974894,0,,9872.454
2024-10-23 00:00:00+00:00,38.72,38.41,32.10245,50.51199,0.47099957,0.5,-10.0,10753.724448881283,0.0,10743.724448881283,0,,9798.475
2024-10-24 00:00:00+00:00,38.44,38.34,32.1521,48.68418,0.47207123,0.5745614035087719,-10.0,10734.126732250315,0.0,10724.126732250315,0,,9780.617
2024-10-25 00:00:00+00:00,38.41,38.35,32.20295,46.732014,0.46778542,0.5518341194520721,-10.0,10736.926513726594,0.0,10726.926513726594,0,,9783.168
2024-10-28 00:00:00+00:00,38.47,38.68,32.2522,50.174187,0.45107105,0.5733136634840191,-10.0,10829.31780242036,0.0,10819.31780242036,0,,9867.353
2024-10-29 00:00:00+00:00,38.69,38.77,32.3025,52.649002,0.44464275,0.5745614035087719,-10.0,10854.51595856086,0.0,10844.51595856086,0,,9890.3125
2024-10-30 00:00:00+00:00,38.61,38.95,32.3526,54.545433,0.44285694,0.5745614035087719,-10.0,10904.910491065193,0.0,10894.910491065193,0,,9936.23
2024-10-31 00:00:00+00:00,39.0,38.96,32.4051,65.95747,0.45607105,0.5745614035087719,-10.0,10907.709319224437,0.0,10897.709319224437,0,,9938.781
2024-11-01 00:00:00+00:00,38.96,38.89,32.458,67.26618,0.45785686,0.5745614035087719,-10.0,10888.111193425813,0.0,10878.111193425813,0,,9920.924
2024-11-04 00:00:00+00:00,41.94,39.96,32.50955,62.878796,0.46464238,0.5745614035087719,-10.0,11187.681284606933,0.0,11177.681284606933,0,,10193.883
2024-11-05 00:00:00+00:00,39.75,40.66,32.5657,71.67631,0.6503568,0.3333333333333333,-10.0,11383.662237514784,0.0,11373.662237514784,0,,10372.455
2024-11-06 00:00:00+00:00,42.18,42.38,32.6243,74.67701,0.7024997,0.5745614035087719,-10.0,11865.214059139218,0.0,11855.214059139218,0,,10811.231
2024-11-07 00:00:00+00:00,42.75,41.57,32.6903,81.40418,0.79535675,0.01,-10.0,11638.436294568291,0.0,11628.436294568291,0,,10604.599
2024-11-08 00:00:00+00:00,41.69,41.56,32.75285,71.739105,0.85892814,0.42857142857142855,-10.0,11635.637195453839,0.0,11625.637195453839,0,,10602.049
2024-11-11 00:00:00+00:00,41.58,42.5,32.8121,77.43683,0.8703567,0.01,-10.0,11898.809907346902,0.0,11888.809907346902,0,,10841.844
2024-11-12 00:00:00+00:00,42.63,43.65,32.8759,80.15873,0.91392815,0.01,-10.0,12220.777898416343,0.0,12210.777898416343,0,,11135.212
2024-11-13 00:00:00+00:00,43.64,43.455,32.94455,86.59219,0.9674996,0.01,-10.0,12166.183184759066,0.0,12156.183184759066,0,,11085.468
2024-11-14 00:00:00+00:00,43.63,44.22,33.012825,85.10639,0.9889284,0.5745614035087719,-10.0,12380.360944405538,0.0,12370.360944405538,0,,11280.62
2024-11-15 00:00:00+00:00,44.19,42.87,33.083874,86.50499,1.0182141,0.01,-10.0,12002.398416300768,0.0,11992.398416300768,0,,10936.231
2024-11-18 00:00:00+00:00,42.81,42.75,33.147625,73.12361,1.1121423,0.5454545454545454,-10.0,11968.801862830494,0.0,11958.801862830494,0,,10905.62
2024-11-19 00:00:00+00:00,42.32,43.21,33.213573,71.89219,1.1207136,0.42857142857142855,-10.0,12097.588422238761,0.0,12087.588422238761,0,,11022.966
2024-11-20 00:00:00+00:00,43.34,43.37,33.283726,72.73212,1.1439279,0.42857142857142855,-10.0,12142.384327777747,0.0,12132.384327777747,0,,11063.783
2024-11-21 00:00:00+00:00,43.37,44.12,33.353874,73.161766,1.1474993,0.42857142857142855,-10.0,12352.363740632547,0.0,12342.363740632547,0,,11255.11
2024-11-22 00:00:00+00:00,44.17,44.37,33.437275,75.63725,1.2049993,0.3333333333333333,-10.0,12422.356867702436,0.0,12412.356867702436,0,,11318.887
2024-11-25 00:00:00+00:00,44.588,43.71,33.526024,73.50746,1.0128566,0.5745614035087719,-10.0,12237.575114883386,0.0,12227.575114883386,0,,11150.519
2024-11-26 00:00:00+00:00,43.83,43.81,33.607327,66.32762,1.016428,0.3333333333333333,-10.0,12265.57303081948,0.0,12255.57303081948,0,,11176.029
2024-11-27 00:00:00+00:00,43.94,44.36,33.686325,59.261658,0.91999954,0.42857142857142855,-10.0,12419.557103864932,0.0,12409.557103864932,0,,11316.335
2024-11-29 00:00:00+00:00,44.56,44.73,33.771324,68.69974,0.87714225,0.42857142857142855,-10.0,12523.146587536505,0.0,12513.146587536505,0,,11410.723
2024-12-02 00:00:00+00:00,44.7,44.41,33.856274,70.26853,0.86607087,0.5,-10.0,12433.555402135478,0.0,12423.555402135478,0,,11329.09
2024-12-03 00:00:00+00:00,44.45,44.05,33.937626,63.263885,0.8374996,0.3333333333333333,-10.0,12332.765380224464,0.0,12322.765380224464,0,,11237.253
2024-12-04 00:00:00+00:00,43.86,44.02,34.018124,53.120106,0.79785675,0.42857142857142855,-10.0,12324.366240746589,0.0,12314.366240746589,0,,11229.6
2024-12-05 00:00:00+00:00,43.98,44.25,34.100075,54.52361,0.7777852,0.5488848656330694,-10.0,12388.76035384997,0.0,12378.76035384997,0,,11288.273
2024-12-06 00:00:00+00:00,44.19,44.64,34.184025,50.262688,0.74099976,0.5745614035087719,-10.0,12497.94869823812,0.0,12487.94869823812,0,,11387.763
2024-12-09 00:00:00+00:00,44.61,43.75,34.270176,68.6316,0.6577857,0.5745614035087719,-10.0,12248.773635106605,0.0,12238.773635106605,0,,11160.722
2024-12-10 00:00:00+00:00,43.84,43.93,34.350525,59.057976,0.7113571,0.5,-10.0,12299.168399585817,0.0,12289.168399585817,0,,11206.64
2024-12-11 00:00:00+00:00,43.95,43.76,34.434074,56.870243,0.6870714,0.5745614035087719,-10.0,12251.572689526227,0.0,12241.572689526227,0,,11163.271
2024-12-12 00:00:00+00:00,43.76,44.96,34.517326,53.71428,0.68778557,0.5745614035087719,-10.0,12587.539100596474,0.0,12577.539100596474,0,,11469.394
2024-12-13 00:00:00+00:00,44.95,44.72,34.607327,57.36842,0.7045716,0.3333333333333333,-10.0,12520.346651072541,0.0,12510.346651072541,0,,11408.171
2024-12-16 00:00:00+00:00,44.84,44.65,34.694023,53.075592,0.71042854,0.5454545454545454,-10.0,12500.74883321028,0.0,12490.74883321028,0,,11390.314
2024-12-17 00:00:00+00:00,44.9,46.47,34.782326,59.215714,0.6586429,0.42857142857142855,-10.0,13010.297741686783,0.0,13000.297741686783,0,,11854.6
2024-12-18 00:00:00+00:00,46.77,46.53,34.881824,69.50148,0.77721435,0.01,-10.0,13027.096063272464,0.0,13017.096063272464,0,,11869.906
2024-12-19 00:00:00+00:00,46.24,45.97,34.982826,67.1406,0.8207858,0.3333333333333333,-10.0,12870.312473205566,0.0,12860.312473205566,0,,11727.05
2024-12-20 00:00:00+00:00,45.96,46.65,35.083176,59.509224,0.8511429,0.5454545454545454,-10.0,13060.692759607098,0.0,13050.692759607098,0,,11900.518
2024-12-23 00:00:00+00:00,46.49,46.61,35.185875,66.2791,0.89757127,0.3333333333333333,-10.0,13049.493575783054,0.0,13039.493575783054,0,,11890.313
2024-12-24 00:00:00+00:00,46.87,47.15,35.287327,69.51222,0.912214,0.5745614035087719,-10.0,13200.678144504831,0.0,13190.678144504831,0,,12028.068
2024-12-26 00:00:00+00:00,47.02,46.92,35.386925,72.1358,0.925857,0.5745614035087719,-10.0,13136.283867169162,0.0,13126.283867169162,0,,11969.395
2024-12-27 00:00:00+00:00,46.76,46.63,35.487373,68.88259,0.9362139,0.42857142857142855,-10.0,13055.093172639019,0.0,13045.093172639019,0,,11895.416
2024-12-30 00:00:00+00:00,46.44,46.08,35.585075,64.27548,0.94335693,0.42857142857142855,-10.0,12901.108553101783,0.0,12891.108553101783,0,,11755.11
2024-12-31 00:00:00+00:00,46.08,45.74,35.681927,67.57166,0.9076429,0.5745614035087719,-10.0,12805.91825288818,0.0,12795.91825288818,0,,11668.376
2025-01-02 00:00:00+00:00,46.04,46.24,35.776176,63.32844,0.9055001,0.5745614035087719,-10.0,12945.904517340112,0.0,12935.904517340112,0,,11795.928
2025-01-03 00:00:00+00:00,46.25,46.72,35.872375,67.415764,0.9147859,0.5745614035087719,-10.0,13080.29110680352,0.0,13070.29110680352,0,,11918.377
2025-01-06 00:00:00+00:00,47.11,47.07,35.970474,63.75003,0.89621437,0.5745614035087719,-10.0,13178.280147861791,0.0,13168.280147861791,0,,12007.661
2025-01-07 00:00:00+00:00,47.4,46.81,36.067924,68.04916,0.91321427,0.5,-10.0,13105.487523754035,0.0,13095.487523754035,0,,11941.334
2025-01-08 00:00:00+00:00,46.85,46.61,36.163025,66.119415,0.9403572,0.5745614035087719,-10.0,13049.493277946045,0.0,13039.493277946045,0,,11890.313
2025-01-10 00:00:00+00:00,46.49,45.86,36.259476,51.37795,0.85321426,0.5745614035087719,-10.0,12839.514023682354,0.0,12829.514023682354,0,,11698.986
2025-01-13 00:00:00+00:00,45.69,45.94,36.351074,44.19412,0.85178596,0.42857142857142855,-10.0,12861.911137566867,0.0,12851.911137566867,0,,11719.394
2025-01-14 00:00:00+00:00,46.06,46.54,36.441025,49.716423,0.8248574,0.5745614035087719,-10.0,13029.895025266927,0.0,13019.895025266927,0,,11872.456
2025-01-15 00:00:00+00:00,46.9,46.18,36.530724,48.944332,0.8087861,0.5745614035087719,-10.0,12929.104722114482,0.0,12919.104722114482,0,,11780.618
2025-01-16 00:00:00+00:00,46.29,45.94,36.618526,46.112114,0.8084292,0.42857142857142855,-10.0,12861.91077122088,0.0,12851.91077122088,0,,11719.394
2025-01-17 00:00:00+00:00,46.1,45.66,36.705276,38.432095,0.8141436,0.42857142857142855,-10.0,12783.519059156662,0.0,12773.519059156662,0,,11647.966
2025-01-21 00:00:00+00:00,45.83,45.64,36.791473,38.068188,0.8252152,0.42857142857142855,-10.0,12777.919436336897,0.0,12767.919436336897,0,,11642.863
2025-01-22 00:00:00+00:00,45.63,45.78,36.876125,40.11974,0.83378655,0.5122916579067162,-10.0,12817.115620368362,0.0,12807.115620368362,0,,11678.578
2025-01-23 00:00:00+00:00,45.91,46.03,36.962925,46.739098,0.8237863,0.42857142857142855,-10.0,12887.108073163088,0.0,12877.108073163088,0,,11742.353
2025-01-24 00:00:00+00:00,45.85,46.55,37.050823,53.215046,0.8037864,0.5745614035087719,-10.0,13032.693572409373,0.0,13022.693572409373,0,,11875.006
2025-01-27 00:00:00+00:00,46.61,47.7,37.140427,53.421608,0.8123578,0.5745614035087719,-10.0,13354.662288858988,0.0,13344.662288858988,0,,12168.374
2025-01-28 00:00:00+00:00,47.53,47.58,37.234924,59.423073,0.8386435,0.3333333333333333,-10.0,13321.066317002658,0.0,13311.066317002658,0,,12137.763
2025-01-29 00:00:00+00:00,47.7,47.85,37.330975,55.130806,0.8150722,0.5745614035087719,-10.0,13396.658047933697,0.0,13386.658047933697,0,,12206.639
2025-01-30 00:00:00+00:00,47.97,48.37,37.429024,60.44174,0.816858,0.42857142857142855,-10.0,13542.244316950646,0.0,13532.244316950646,0,,12339.293
2025-01-31 00:00:00+00:00,48.43,48.6,37.532574,66.60376,0.81042945,0.3333333333333333,-10.0,13606.637961440236,0.0,13596.637961440236,0,,12397.967
2025-02-03 00:00:00+00:00,48.06,49.19,37.635975,78.66107,0.7832865,0.47926696134897345,-10.0,13771.821409049087,0.0,13761.821409049087,0,,12548.477
2025-02-04 00:00:00+00:00,52.37,51.55,37.742176,80.71833,0.8552151,0.5454545454545454,-10.0,14432.554964357514,0.0,14422.554964357514,0,,13150.517
2025-02-05 00:00:00+00:00,51.66,51.27,37.859974,85.531906,1.0241438,0.3333333333333333,-10.0,14354.163207570393,0.0,14344.163207570393,0,,13079.089
2025-02-06 00:00:00+00:00,51.5,50.46,37.974876,86.51364,1.0434295,0.504399475682682,-10.0,14127.385406912917,0.0,14117.385406912917,0,,12872.455
2025-02-07 00:00:00+00:00,50.58,50.1,38.082825,79.97349,1.0812865,0.5454545454545454,-10.0,14026.595299884406,0.0,14016.595299884406,0,,12780.619
2025-02-10 00:00:00+00:00,50.4,50.35,38.188477,79.13385,1.0982863,0.5526559296628074,-10.0,14096.587753061127,0.0,14086.587753061127,0,,12844.394
2025-02-11 00:00:00+00:00,50.16,50.55,38.294327,80.0,1.1225717,0.5745614035087719,-10.0,14152.581834620278,0.0,14142.581834620278,0,,12895.414
2025-02-12 00:00:00+00:00,50.33,51.45,38.400524,80.15171,1.1182861,0.5585128092089572,-10.0,14404.556465234107,0.0,14394.556465234107,0,,13125.006
2025-02-13 00:00:00+00:00,51.43,52.17,38.511524,81.65888,1.201143,0.3333333333333333,-10.0,14606.135235872847,0.0,14596.135235872847,0,,13308.679
2025-02-14 00:00:00+00:00,52.3,52.39,38.628326,82.07763,1.2229288,0.5745614035087719,-10.0,14667.729726158841,0.0,14657.729726158841,0,,13364.802
2025-02-18 00:00:00+00:00,52.54,52.75,38.744526,79.94891,1.1645001,0.5745614035087719,-10.0,14768.52022019611,0.0,14758.52022019611,0,,13456.639
2025-02-19 00:00:00+00:00,52.82,53.61,38.864876,82.03221,1.2066427,0.5745614035087719,-10.0,15009.295848566688,0.0,14999.295848566688,0,,13676.027
2025-02-20 00:00:00+00:00,53.46,53.37,38.988575,83.25635,1.2580711,0.3333333333333333,-10.0,14942.102448148278,0.0,14932.102448148278,0,,13614.803
2025-02-21 00:00:00+00:00,53.37,53.01,39.109177,79.83292,1.2723569,0.5745614035087719,-10.0,14841.312019512532,0.0,14831.312019512532,0,,13522.965
2025-02-24 00:00:00+00:00,53.2,54.23,39.226326,75.910675,1.2832854,0.5745614035087719,-10.0,15182.878069384822,0.0,15172.878069384822,0,,13834.189
2025-02-25 00:00:00+00:00,54.53,53.28,39.347374,77.5711,1.2754282,0.5454545454545454,-10.0,14916.904655605897,0.0,14906.904655605897,0,,13591.843
2025-02-26 00:00:00+00:00,53.38,53.31,39.464523,61.190155,1.1439993,0.42857142857142855,-10.0,14925.305031162017,0.0,14915.305031162017,0,,13599.497
2025-02-27 00:00:00+00:00,53.32,52.9,39.578125,63.63635,1.1589993,0.5454545454545454,-10.0,14810.516794932844,0.0,14800.516794932844,0,,13494.905
2025-02-28 00:00:00+00:00,53.05,54.07,39.688625,67.231636,1.1575705,0.5745614035087719,-10.0,15138.08303738898,0.0,15128.08303738898,0,,13793.374
2025-03-03 00:00:00+00:00,54.02,53.45,39.804276,75.15842,1.1948564,0.5745614035087719,-10.0,14964.50035605694,0.0,14954.50035605694,0,,13635.211
2025-03-04 00:00:00+00:00,53.4,52.61,39.917824,68.76514,1.2402136,0.5745614035087719,-10.0,14729.324268327046,0.0,14719.324268327046,0,,13420.925
2025-03-05 00:00:00+00:00,52.31,52.57,40.026073,61.573036,1.2952137,0.5745614035087719,-10.0,14718.125314915062,0.0,14708.125314915062,0,,13410.721
2025-03-06 00:00:00+00:00,52.4,51.5,40.135876,56.965164,1.2417853,0.608040201005025,-10.0,14418.555622748185,0.0,14408.555622748185,0,,13137.762
2025-03-07 00:00:00+00:00,51.33,51.6,40.242023,46.007164,1.273571,0.5060240963855421,-10.0,14446.55185692474,0.0,14436.55185692474,0,,13163.2705
2025-03-10 00:00:00+00:00,51.01,50.0,40.347374,45.223698,1.3235711,0.608040201005025,-10.0,13998.597408065945,0.0,13988.597408065945,0,,12755.107
2025-03-11 00:00:00+00:00,49.9,48.99,40.444473,35.54154,1.3742856,0.608040201005025,-10.0,13715.826377222917,0.0,13705.826377222917,0,,12497.455
2025-03-12 00:00:00+00:00,49.27,48.42,40.537426,26.086962,1.3567857,0.5060240963855421,-10.0,13556.241027188335,0.0,13546.241027188335,0,,12352.046
2025-03-13 00:00:00+00:00,48.12,47.12,40.626675,25.225225,1.4005002,0.608040201005025,-10.0,13192.27797369199,0.0,13182.27797369199,0,,12020.414
2025-03-14 00:00:00+00:00,47.44,48.47,40.709026,23.055813,1.4302858,0.608040201005025,-10.0,13570.24048178454,0.0,13560.24048178454,0,,12364.803
2025-03-17 00:00:00+00:00,48.28,48.67,40.795723,23.960228,1.4231431,0.5060240963855421,-10.0,13626.23388781758,0.0,13616.23388781758,0,,12415.821
2025-03-18 00:00:00+00:00,48.755,48.45,40.883625,27.643057,1.364929,0.608040201005025,-10.0,13564.640887339041,0.0,13554.640887339041,0,,12359.7
2025-03-19 00:00:00+00:00,48.4,49.08,40.969524,26.857122,1.3181432,0.608040201005025,-10.0,13741.023416920727,0.0,13731.023416920727,0,,12520.415
2025-03-20 00:00:00+00:00,48.75,49.4,41.056374,32.182827,1.294572,0.5060240963855421,-10.0,13830.61370338323,0.0,13820.61370338323,0,,12602.047
2025-03-21 00:00:00+00:00,49.28,49.7,41.143677,26.34245,1.2581433,0.5060240963855421,-10.0,13914.605344653324,0.0,13904.605344653324,0,,12678.578
2025-03-24 00:00:00+00:00,50.2,49.71,41.230774,30.366482,1.195286,0.5060240963855421,-10.0,13917.40531502049,0.0,13907.40531502049,0,,12681.129
2025-03-25 00:00:00+00:00,49.86,50.86,41.318474,33.37154,1.165286,0.5060240963855421,-10.0,14239.3737923953,0.0,14229.3737923953,0,,12974.497
2025-03-26 00:00:00+00:00,51.11,51.16,41.411476,41.302135,1.2040716,0.3076923076923077,-10.0,14323.364391937885,0.0,14313.364391937885,0,,13051.027
2025-03-27 00:00:00+00:00,50.87,50.73,41.507374,48.12362,1.149786,0.5060240963855421,-10.0,14202.976087763918,0.0,14192.976087763918,0,,12941.333
2025-03-28 00:00:00+00:00,50.73,50.52,41.602177,45.367416,1.0915716,0.5060240963855421,-10.0,14144.182263490857,0.0,14134.182263490857,0,,12887.762
2025-03-31 00:00:00+00:00,50.52,52.71,41.697777,53.250004,1.0322857,0.5060240963855421,-10.0,14757.320497404464,0.0,14747.320497404464,0,,13446.435
2025-04-01 00:00:00+00:00,52.35,51.77,41.805824,70.26143,1.1219283,0.3076923076923077,-10.0,14494.147125480247,0.0,14484.147125480247,0,,13206.64
2025-04-02 00:00:00+00:00,51.79,53.0,41.908974,67.53929,1.0942854,0.5060240963855421,-10.0,14838.511947235742,0.0,14828.511947235742,0,,13520.415
2025-04-03 00:00:00+00:00,51.45,47.9,42.019123,81.01269,1.0814283,0.5060240963855421,-10.0,13410.65544760858,0.0,13400.65544760858,0,,12219.395
2025-04-04 00:00:00+00:00,46.86,45.73,42.103924,47.845802,1.3478568,0.608040201005025,-10.0,12803.115894229957,0.0,12793.115894229957,0,,11665.822
2025-04-07 00:00:00+00:00,43.94,44.53,42.177425,40.32895,1.4774996,0.608040201005025,-10.0,12467.149272857816,0.0,12457.149272857816,0,,11359.7
2025-04-08 00:00:00+00:00,46.13,43.81,42.244026,37.886272,1.6874994,0.608040201005025,-10.0,12265.570021035011,0.0,12255.570021035011,0,,11176.027
2025-04-09 00:00:00+00:00,43.59,47.71,42.303524,33.80454,1.8482138,0.608040201005025,-10.0,13357.460006704638,0.0,13347.460006704638,0,,12170.925
2025-04-10 00:00:00+00:00,47.04,46.01,42.381775,45.743065,2.1174996,0.5060240963855421,-10.0,12881.507597240035,0.0,12871.507597240035,0,,11737.251
2025-04-11 00:00:00+00:00,46.13,45.65,42.451473,41.31764,2.2596424,0.5553213460905163,-10.0,12780.718795195065,0.0,12770.718795195065,0,,11645.416
2025-04-14 00:00:00+00:00,46.23,46.04,42.518677,40.601852,2.3139281,0.5060240963855421,-10.0,12889.907708680646,0.0,12879.907708680646,0,,11744.905
2025-04-15 00:00:00+00:00,46.13,46.34,42.588375,38.435696,2.3185709,0.5060240963855421,-10.0,12973.899623103658,0.0,12963.899623103658,0,,11821.437
2025-04-16 00:00:00+00:00,46.0,44.7,42.661224,38.435696,2.3267853,0.5060240963855421,-10.0,12514.746103788182,0.0,12504.746103788182,0,,11403.069
2025-04-17 00:00:00+00:00,45.19,44.57,42.724625,36.326527,2.430714,0.608040201005025,-10.0,12478.349599943793,0.0,12468.349599943793,0,,11369.906
2025-04-21 00:00:00+00:00,44.17,43.95,42.788475,36.4588,2.4067855,0.608040201005025,-10.0,12304.767631020339,0.0,12294.767631020339,0,,11211.743
2025-04-22 00:00:00+00:00,44.14,44.78,42.846725,28.529406,2.3331428,0.608040201005025,-10.0,12537.14337003909,0.0,12527.14337003909,0,,11423.477
2025-04-23 00:00:00+00:00,45.62,45.05,42.908424,32.774754,2.3099284,0.608040201005025,-10.0,12612.73590869547,0.0,12602.73590869547,0,,11492.3545
2025-04-24 00:00:00+00:00,44.7,45.74,42.972874,29.436098,2.3406427,0.608040201005025,-10.0,12805.917202630879,0.0,12795.917202630879,0,,11668.376
2025-04-25 00:00:00+00:00,45.84,45.79,43.040874,42.76139,2.0777853,0.608040201005025,-10.0,12819.915980586426,0.0,12809.915980586426,0,,11681.131
2025-04-28 00:00:00+00:00,45.84,45.92,43.106026,50.23438,1.9349283,0.608040201005025,-10.0,12856.311327594853,0.0,12846.311327594853,0,,11714.294
2025-04-29 00:00:00+00:00,45.57,46.03,43.170975,55.924984,1.7209996,0.608040201005025,-10.0,12887.10875860224,0.0,12877.10875860224,0,,11742.355
2025-04-30 00:00:00+00:00,45.79,46.24,43.234875,59.98201,1.5652853,0.608040201005025,-10.0,12945.90308291689,0.0,12935.90308291689,0,,11795.928
2025-05-01 00:00:00+00:00,46.13,45.87,43.299324,40.107685,1.3513567,0.608040201005025,-10.0,12842.312499289937,0.0,12832.312499289937,0,,11701.538
2025-05-02 00:00:00+00:00,46.28,46.17,43.360924,48.852463,1.2102854,0.608040201005025,-10.0,12926.303525053514,0.0,12916.303525053514,0,,11778.068
2025-05-05 00:00:00+00:00,45.43,45.82,43.420673,54.304607,1.1731428,0.608040201005025,-10.0,12828.313898233226,0.0,12818.313898233226,0,,11688.783
2025-05-06 00:00:00+00:00,45.16,45.97,43.475525,48.166656,1.205286,0.5587670471113855,-10.0,12870.310276687587,0.0,12860.310276687587,0,,11727.05
2025-05-07 00:00:00+00:00,46.32,47.32,43.532326,46.837616,1.2038574,0.5060240963855421,-10.0,13248.272293275015,0.0,13238.272293275015,0,,12071.4375
2025-05-08 00:00:00+00:00,47.4,46.96,43.597275,73.561134,1.1610001,0.5060240963855421,-10.0,13147.481853492334,0.0,13137.481853492334,0,,11979.601
2025-05-09 00:00:00+00:00,47.43,46.72,43.659924,70.63902,1.1799289,0.608040201005025,-10.0,13080.289267036751,0.0,13070.289267036751,0,,11918.377
2025-05-12 00:00:00+00:00,48.93,48.72,43.720776,75.600746,1.1350002,0.5060240963855421,-10.0,13640.232580168342,0.0,13630.232580168342,0,,12428.58
2025-05-13 00:00:00+00:00,48.74,51.08,43.792027,79.93922,1.2971429,0.5060240963855421,-10.0,14300.966793495332,0.0,14290.966793495332,0,,13030.622
2025-05-14 00:00:00+00:00,50.92,50.54,43.875126,84.77509,1.3753573,0.3076923076923077,-10.0,14149.781854742996,0.0,14139.781854742996,0,,12892.866
2025-05-15 00:00:00+00:00,50.57,51.31,43.953224,78.16901,1.3396429,0.5060240963855421,-10.0,14365.359781398238,0.0,14355.359781398238,0,,13089.295
2025-05-16 00:00:00+00:00,51.31,51.85,44.033825,79.870125,1.365357,0.3076923076923077,-10.0,14516.543035828672,0.0,14506.543035828672,0,,13227.048
2025-05-19 00:00:00+00:00,51.51,51.67,44.114075,80.72539,1.3789285,0.3191758136925921,-10.0,14466.148082575655,0.0,14456.148082575655,0,,13181.13
2025-05-20 00:00:00+00:00,51.75,52.16,44.195274,79.01234,1.355357,0.5060240963855421,-10.0,14603.335445754989,0.0,14593.335445754989,0,,13306.132
2025-05-21 00:00:00+00:00,51.71,50.85,44.280075,79.59999,1.2942857,0.5060240963855421,-10.0,14236.571613975106,0.0,14226.571613975106,0,,12971.947
2025-05-22 00:00:00+00:00,50.85,50.51,44.359924,72.76051,1.3378569,0.5060240963855421,-10.0,14141.381200350312,0.0,14131.381200350312,0,,12885.213
2025-05-23 00:00:00+00:00,49.93,50.43,44.442276,69.76321,1.3092853,0.5060240963855421,-10.0,14118.983874044463,0.0,14108.983874044463,0,,12864.806
2025-05-27 00:00:00+00:00,50.97,51.15,44.513474,71.52195,1.2269995,0.5060240963855421,-10.0,14320.563709776305,0.0,14310.563709776305,0,,13048.4795
2025-05-28 00:00:00+00:00,51.05,51.5,44.586426,72.961,1.2205709,0.5060240963855421,-10.0,14418.55378833775,0.0,14408.55378833775,0,,13137.765
2025-05-29 00:00:00+00:00,51.57,50.17,44.660477,70.33074,1.183857,0.5060240963855421,-10.0,14046.19085808783,0.0,14036.19085808783,0,,12798.479
2025-05-30 00:00:00+00:00,50.0,50.28,44.728325,64.26666,1.2617139,0.5060240963855421,-10.0,14076.988767401604,0.0,14066.988767401604,0,,12826.54
2025-06-02 00:00:00+00:00,49.87,50.58,44.798473,66.00718,1.2513567,0.5060240963855421,-10.0,14160.981420507576,0.0,14150.981420507576,0,,12903.071
2025-06-03 00:00:00+00:00,50.6,50.72,44.870075,59.87261,1.1163567,0.5060240963855421,-10.0,14200.17789119768,0.0,14190.17789119768,0,,12938.787
2025-06-04 00:00:00+00:00,50.58,49.55,44.942024,47.499996,0.9677854,0.5060240963855421,-10.0,13872.609726934797,0.0,13862.609726934797,0,,12640.316
2025-06-05 00:00:00+00:00,49.6,49.3,45.008274,43.678154,0.9992142,0.5060240963855421,-10.0,13802.616668005021,0.0,13792.616668005021,0,,12576.541
2025-06-06 00:00:00+00:00,49.74,49.79,45.070976,36.251705,1.0113572,0.5060240963855421,-10.0,13939.803548988324,0.0,13929.803548988324,0,,12701.541
2025-06-09 00:00:00+00:00,49.79,49.56,45.135525,35.81271,0.99135727,0.5060240963855421,-10.0,13875.40974760613,0.0,13865.40974760613,0,,12642.867
2025-06-10 00:00:00+00:00,49.69,50.31,45.197575,35.567757,1.0806433,0.5060240963855421,-10.0,14085.388300164506,0.0,14075.388300164506,0,,12834.193
2025-06-11 00:00:00+00:00,50.38,50.12,45.261276,37.780735,1.0950004,0.3076923076923077,-10.0,14032.193283298375,0.0,14022.193283298375,0,,12785.725
2025-06-12 00:00:00+00:00,49.92,49.48,45.322224,44.341095,1.0207149,0.5060240963855421,-10.0,13853.01141570758,0.0,13843.01141570758,0,,12622.459
2025-06-13 00:00:00+00:00,49.29,49.3,45.378925,42.370388,1.0907148,0.5060240963855421,-10.0,13802.616234186708,0.0,13792.616234186708,0,,12576.541
2025-06-16 00:00:00+00:00,49.7,50.78,45.434425,41.751827,1.093929,0.5060240963855421,-10.0,14216.974044329078,0.0,14206.974044329078,0,,12954.092
2025-06-17 00:00:00+00:00,50.7,49.63,45.497776,47.568974,1.1464291,0.5060240963855421,-10.0,13895.006987685429,0.0,13885.006987685429,0,,12660.726
2025-06-18 00:00:00+00:00,49.63,50.22,45.554573,38.882298,1.1988574,0.5060240963855421,-10.0,14060.19120857642,0.0,14050.19120857642,0,,12811.236
2025-06-20 00:00:00+00:00,50.88,50.74,45.614525,50.325966,1.1331433,0.5060240963855421,-10.0,14205.776047942587,0.0,14195.776047942587,0,,12943.889
2025-06-23 00:00:00+00:00,50.97,51.4,45.676075,52.84655,1.1585004,0.5060240963855421,-10.0,14390.557987147668,0.0,14380.557987147668,0,,13112.257
2025-06-24 00:00:00+00:00,51.67,51.31,45.742924,54.857815,1.159572,0.5060240963855421,-10.0,14365.360896555852,0.0,14355.360896555852,0,,13089.298
2025-06-25 00:00:00+00:00,51.19,51.38,45.808525,53.51609,1.1495718,0.5060240963855421,-10.0,14384.95856879184,0.0,14374.95856879184,0,,13107.154
2025-06-26 00:00:00+00:00,51.31,52.21,45.878574,62.551453,1.0992146,0.5060240963855421,-10.0,14617.333920656773,0.0,14607.333920656773,0,,13318.888
2025-06-27 00:00:00+00:00,52.38,52.35,45.952824,68.48793,1.0927857,0.3076923076923077,-10.0,14656.530210340503,0.0,14646.530210340503,0,,13354.604
2025-06-30 00:00:00+00:00,52.5,51.63,46.029125,67.02127,1.1091429,0.5060240963855421,-10.0,14454.951133101751,0.0,14444.951133101751,0,,13170.93
2025-07-01 00:00:00+00:00,51.52,51.59,46.103024,62.921356,1.1019999,0.5060240963855421,-10.0,14443.752287308262,0.0,14433.752287308262,0,,13160.726
2025-07-02 00:00:00+00:00,51.54,50.77,46.178825,58.76712,1.0834997,0.5060240963855421,-10.0,14214.175601435745,0.0,14204.175601435745,0,,12951.542
2025-07-03 00:00:00+00:00,50.97,51.77,46.252476,54.098373,1.1327852,0.608040201005025,-10.0,14494.148131594984,0.0,14484.148131594984,0,,13206.6455
2025-07-07 00:00:00+00:00,51.66,50.37,46.327423,63.81184,1.2084997,0.3076923076923077,-10.0,14102.186557302746,0.0,14092.186557302746,0,,12849.501
2025-07-08 00:00:00+00:00,50.38,50.53,46.395424,55.62566,1.2668569,0.5060240963855421,-10.0,14146.981458078404,0.0,14136.981458078404,0,,12890.317
2025-07-09 00:00:00+00:00,50.53,50.61,46.460876,48.473747,1.1964997,0.5060240963855421,-10.0,14169.379221896279,0.0,14159.379221896279,0,,12910.726
2025-07-10 00:00:00+00:00,50.7,51.9,46.526127,56.88202,1.1029284,0.5060240963855421,-10.0,14530.543830668965,0.0,14520.543830668965,0,,13239.81
2025-07-11 00:00:00+00:00,51.79,50.59,46.597977,60.74169,1.1407855,0.3076923076923077,-10.0,14163.779854031778,0.0,14153.779854031778,0,,12905.625
2025-07-14 00:00:00+00:00,50.61,51.32,46.664524,49.12891,1.2136427,0.5060240963855421,-10.0,14368.158784651885,0.0,14358.158784651885,0,,13091.849
2025-07-15 00:00:00+00:00,51.28,51.02,46.732025,49.53916,1.1864997,0.5060240963855421,-10.0,14284.167328343166,0.0,14274.167328343166,0,,13015.318
2025-07-16 00:00:00+00:00,51.2,51.09,46.792824,48.36895,1.2070711,0.608040201005025,-10.0,14303.764916141035,0.0,14293.764916141035,0,,13033.174
2025-07-17 00:00:00+00:00,51.02,51.76,46.856075,48.36895,1.2343568,0.5060240963855421,-10.0,14491.34584430692,0.0,14481.34584430692,0,,13204.093
2025-07-18 00:00:00+00:00,51.86,51.68,46.921524,47.422676,1.2307856,0.5060240963855421,-10.0,14468.948767357866,0.0,14458.948767357866,0,,13183.686
2025-07-21 00:00:00+00:00,51.67,51.07,46.985725,46.136112,1.2079996,0.5060240963855421,-10.0,14298.166142487187,0.0,14288.166142487187,0,,13028.073
2025-07-22 00:00:00+00:00,51.17,51.37,47.047073,46.728966,1.1915711,0.5998985970598029,-10.0,14382.157519006789,0.0,14372.157519006789,0,,13104.604
2025-07-23 00:00:00+00:00,51.51,51.91,47.108925,48.752827,1.2064285,0.5060240963855421,-10.0,14533.34267775822,0.0,14523.34267775822,0,,13242.359
2025-07-24 00:00:00+00:00,51.88,51.69,47.175125,56.67447,1.1814287,0.5060240963855421,-10.0,14471.748501599357,0.0,14461.748501599357,0,,13186.236
2025-07-25 00:00:00+00:00,51.69,52.12,47.241123,49.484524,1.0314285,0.5060240963855421,-10.0,14592.13582041162,0.0,14582.13582041162,0,,13295.931
2025-07-28 00:00:00+00:00,52.01,51.92,47.309025,62.886597,0.9742854,0.5060240963855421,-10.0,14536.141601109546,0.0,14526.141601109546,0,,13244.91
2025-07-29 00:00:00+00:00,52.22,51.31,47.376926,60.17569,0.9939281,0.5060240963855421,-10.0,14365.359515257049,0.0,14355.359515257049,0,,13089.298
2025-07-30 00:00:00+00:00,51.36,50.97,47.440876,54.755444,1.0517853,0.5060240963855421,-10.0,14270.16936284856,0.0,14260.16936284856,0,,13002.563
2025-07-31 00:00:00+00:00,50.97,51.14,47.503277,42.745705,0.9971425,0.5060240963855421,-10.0,14317.763766882432,0.0,14307.763766882432,0,,13045.931
2025-08-01 00:00:00+00:00,50.9,50.73,47.568726,55.218216,0.8817855,0.5060240963855421,-10.0,14202.97564391684,0.0,14192.97564391684,0,,12941.339
2025-08-04 00:00:00+00:00,50.88,52.02,47.632374,44.040394,0.8957141,0.5248355109421862,-10.0,14564.139872899192,0.0,14554.139872899192,0,,13270.421
2025-08-05 00:00:00+00:00,52.22,50.07,47.701424,58.417515,0.94264275,0.5060240963855421,-10.0,14018.194358302146,0.0,14008.194358302146,0,,12772.972
2025-08-06 00:00:00+00:00,50.15,49.5,47.759476,43.478256,1.0802858,0.608040201005025,-10.0,13858.610253580886,0.0,13848.610253580886,0,,12627.563
2025-08-07 00:00:00+00:00,49.75,49.06,47.813225,35.3627,1.140643,0.608040201005025,-10.0,13735.423275054978,0.0,13725.423275054978,0,,12515.319
2025-08-08 00:00:00+00:00,49.16,49.19,47.863174,33.787132,1.1781434,0.5060240963855421,-10.0,13771.819181093015,0.0,13761.819181093015,0,,12548.482
2025-08-11 00:00:00+00:00,49.42,49.63,47.914276,37.631565,1.1060007,0.5060240963855421,-10.0,13895.007941859103,0.0,13885.007941859103,0,,12660.729
2025-08-12 00:00:00+00:00,49.84,51.15,47.969826,38.7597,1.0817146,0.5060240963855421,-10.0,14320.565551105206,0.0,14310.565551105206,0,,13048.484
2025-08-13 00:00:00+00:00,51.26,53.78,48.032074,45.642212,1.1331431,0.5060240963855421,-10.0,15056.891093257456,0.0,15046.891093257456,0,,13719.402
2025-08-14 00:00:00+00:00,53.175,54.58,48.108925,59.389046,1.2702857,0.3076923076923077,-10.0,15280.87034643893,0.0,15270.87034643893,0,,13923.486
2025-08-15 00:00:00+00:00,54.76,53.39,48.190125,60.695667,1.330286,0.3076923076923077,-10.0,14947.703024413357,0.0,14937.703024413357,0,,13619.914
2025-08-18 00:00:00+00:00,53.51,52.75,48.265324,55.884712,1.3924291,0.3076923076923077,-10.0,14768.520888452966,0.0,14758.520888452966,0,,13456.648
2025-08-19 00:00:00+00:00,52.9,53.22,48.335674,55.750793,1.3788575,0.3076923076923077,-10.0,14900.107534085322,0.0,14890.107534085322,0,,13576.547
2025-08-20 00:00:00+00:00,53.36,54.01,48.407925,58.89328,1.3895719,0.5060240963855421,-10.0,15121.283847264374,0.0,15111.283847264374,0,,13778.076
2025-08-21 00:00:00+00:00,54.0,53.98,48.483227,60.81386,1.4356433,0.5060240963855421,-10.0,15112.884644192025,0.0,15102.884644192025,0,,13770.423
2025-08-22 00:00:00+00:00,54.29,54.43,48.558327,62.606674,1.3992149,0.5060240963855421,-10.0,15238.872070956155,0.0,15228.872070956155,0,,13885.219
2025-08-25 00:00:00+00:00,54.41,54.64,48.636024,60.0,1.3702863,0.5060240963855421,-10.0,15297.666819092734,0.0,15287.666819092734,0,,13938.792
2025-08-26 00:00:00+00:00,54.67,53.95,48.709427,72.16295,1.2077149,0.5060240963855421,-10.0,15104.486682235685,0.0,15094.486682235685,0,,13762.772
2025-08-27 00:00:00+00:00,53.68,54.4,48.775875,71.3327,1.1623576,0.5060240963855421,-10.0,15230.474323231192,0.0,15220.474323231192,0,,13877.568
2025-08-28 00:00:00+00:00,54.49,54.3,48.835976,75.574715,1.146286,0.5060240963855421,-10.0,15202.476647180363,0.0,15192.476647180363,0,,13852.058
2025-08-29 00:00:00+00:00,54.36,54.55,48.899624,74.5437,1.1498574,0.5060240963855421,-10.0,15272.470387866231,0.0,15262.470387866231,0,,13915.833
2025-09-02 00:00:00+00:00,54.01,55.62,48.964577,74.070435,1.1466435,0.5060240963855421,-10.0,15572.040721231513,0.0,15562.040721231513,0,,14188.793
2025-09-03 00:00:00+00:00,55.1,54.87,49.030174,72.87614,1.1580724,0.3076923076923077,-10.0,15362.061737092297,0.0,15352.061737092297,0,,13997.466
2025-09-04 00:00:00+00:00,55.16,55.32,49.086273,56.907475,1.0530726,0.5060240963855421,-10.0,15488.049715232024,0.0,15478.049715232024,0,,14112.262
2025-09-05 00:00:00+00:00,55.29,55.97,49.1456,54.907146,0.9930725,0.5060240963855421,-10.0,15670.032187196603,0.0,15660.032187196603,0,,14278.079
2025-09-08 00:00:00+00:00,55.83,56.81,49.20435,68.42858,0.9355722,0.5060240963855421,-10.0,15905.209470754433,0.0,15895.209470754433,0,,14492.366
2025-09-09 00:00:00+00:00,54.16,53.02,49.27405,78.19445,0.96485794,0.5060240963855421,-10.0,14844.115192709622,0.0,14834.115192709622,0,,13525.527
2025-09-10 00:00:00+00:00,52.88,51.8,49.3254,49.049427,1.2030722,0.608040201005025,-10.0,14502.549217889964,0.0,14492.549217889964,0,,13214.304
2025-09-11 00:00:00+00:00,51.86,52.84,49.36835,39.908684,1.3159292,0.608040201005025,-10.0,14793.720213039222,0.0,14783.720213039222,0,,13479.609
2025-09-12 00:00:00+00:00,52.6,52.79,49.4157,45.23412,1.3930719,0.5060240963855421,-10.0,14779.722043832722,0.0,14769.722043832722,0,,13466.855
2025-09-15 00:00:00+00:00,52.68,53.08,49.45905,42.90658,1.3970002,0.608040201005025,-10.0,14860.914767458136,0.0,14850.914767458136,0,,13540.835
2025-09-16 00:00:00+00:00,53.08,52.01,49.5026,43.298985,1.4157145,0.5060240963855421,-10.0,14561.344125084912,0.0,14551.344125084912,0,,13267.875
2025-09-17 00:00:00+00:00,52.02,53.57,49.5441,41.930115,1.4135717,0.5060240963855421,-10.0,14998.100711554636,0.0,14988.100711554636,0,,13665.835
2025-09-18 00:00:00+00:00,53.555,54.02,49.5929,46.839294,1.4907144,0.5060240963855421,-10.0,15124.087784110703,0.0,15114.087784110703,0,,13780.631
2025-09-19 00:00:00+00:00,53.94,54.55,49.6412,48.96143,1.5442859,0.5060240963855421,-10.0,15272.47267380967,0.0,15262.47267380967,0,,13915.834
2025-09-22 00:00:00+00:00,56.035,56.02,49.6903,50.0,1.5792857,0.5060240963855421,-10.0,15684.031246794053,0.0,15674.031246794053,0,,14290.835
2025-09-23 00:00:00+00:00,55.95,55.43,49.74835,51.412434,1.570357,0.3076923076923077,-10.0,15518.847626984021,0.0,15508.847626984021,0,,14140.324
2025-09-24 00:00:00+00:00,55.49,54.3,49.80525,52.000004,1.560357,0.5060240963855421,-10.0,15202.478850240828,0.0,15192.478850240828,0,,13852.059
2025-09-25 00:00:00+00:00,54.31,54.46,49.85665,46.525887,1.6196425,0.5060240963855421,-10.0,15247.27470578924,0.0,15237.27470578924,0,,13892.876
2025-09-26 00:00:00+00:00,54.94,55.29,49.9077,44.679348,1.6210711,0.5060240963855421,-10.0,15479.651558934724,0.0,15469.651558934724,0,,14104.61
2025-09-29 00:00:00+00:00,55.35,57.0,49.96095,44.640343,1.5953571,0.5060240963855421,-10.0,15958.402774881586,0.0,15948.402774881586,0,,14540.834
2025-09-30 00:00:00+00:00,57.2,57.29,50.0272,66.446266,1.4260714,0.4516091594467908,-10.0,16039.594871595269,0.0,16029.594871595269,0,,14614.814
2025-10-01 00:00:00+00:00,56.62,55.95,50.094,74.57474,1.3960716,0.5060240963855421,-10.0,15664.43265031034,0.0,15654.43265031034,0,,14272.978
2025-10-02 00:00:00+00:00,55.83,55.88,50.15495,63.5571,1.3996432,0.5060240963855421,-10.0,15644.834855221452,0.0,15634.834855221452,0,,14255.121
2025-10-03 00:00:00+00:00,55.74,55.75,50.20955,63.446465,1.3771433,0.5060240963855421,-10.0,15608.438259431414,0.0,15598.438259431414,0,,14221.957
2025-10-06 00:00:00+00:00,55.75,55.07,50.2647,61.78286,1.3578576,0.5060240963855421,-10.0,15418.057210507965,0.0,15408.057210507965,0,,14048.487
2025-10-07 00:00:00+00:00,55.02,55.07,50.3168,63.985374,1.3553573,0.5060240963855421,-10.0,15418.057210507965,0.0,15408.057210507965,0,,14048.487
2025-10-08 00:00:00+00:00,55.14,53.76,50.3598,57.99573,1.2992861,0.5060240963855421,-10.0,15051.293765224333,0.0,15041.293765224333,0,,13714.303
2025-10-09 00:00:00+00:00,53.97,52.66,50.39595,48.730457,1.344286,0.5060240963855421,-10.0,14743.325311005974,0.0,14733.325311005974,0,,13433.691
2025-10-10 00:00:00+00:00,53.11,51.4,50.4294,41.258102,1.3635718,0.5060240963855421,-10.0,14390.56128053323,0.0,14380.56128053323,0,,13112.263
2025-10-13 00:00:00+00:00,51.7,51.95,50.45315,28.207558,1.3846433,0.608040201005025,-10.0,14544.5452515451,0.0,14534.5452515451,0,,13252.568
2025-10-14 00:00:00+00:00,51.57,52.11,50.47985,33.52273,1.3860719,0.5060240963855421,-10.0,14589.340868543643,0.0,14579.340868543643,0,,13293.385
2025-10-15 00:00:00+00:00,52.31,51.6,50.50465,38.581863,1.3400004,0.5060240963855421,-10.0,14446.55465292396,0.0,14436.55465292396,0,,13163.281
2025-10-16 00:00:00+00:00,51.755,51.27,50.52805,35.61368,1.3539293,0.5060240963855421,-10.0,14354.164024583708,0.0,14344.164024583708,0,,13079.099
2025-10-17 00:00:00+00:00,51.44,51.89,50.55125,28.707623,1.3696433,0.608040201005025,-10.0,14527.746471991171,0.0,14517.746471991171,0,,13237.262
2025-10-20 00:00:00+00:00,52.21,52.11,50.5803,19.401188,1.2803574,0.5060240963855421,-10.0,14589.341176502676,0.0,14579.341176502676,0,,13293.386
2025-10-21 00:00:00+00:00,52.29,52.47,50.61215,18.7198,1.166786,0.5060240963855421,-10.0,14690.130425429397,0.0,14680.130425429397,0,,13385.222
2025-10-22 00:00:00+00:00,52.47,52.49,50.6433,26.164385,1.1010712,0.5060240963855421,-10.0,14695.73076306593,0.0,14685.73076306593,0,,13390.325
2025-10-23 00:00:00+00:00,52.79,52.83,50.67215,26.620693,1.1214286,0.5060240963855421,-10.0,14790.921994134627,0.0,14780.921994134627,0,,13477.061
2025-10-24 00:00:00+00:00,53.0,52.9,50.70095,30.428965,1.117857,0.5060240963855421,-10.0,14810.520132224381,0.0,14800.520132224381,0,,13494.918
2025-10-27 00:00:00+00:00,53.0,54.81,50.7314,34.160595,1.1182142,0.5060240963855421,-10.0,15345.266864531797,0.0,15335.266864531797,0,,13982.164
2025-10-28 00:00:00+00:00,55.4,54.53,50.7724,48.51599,1.1792853,0.3076923076923077,-10.0,15266.874112574304,0.0,15256.874112574304,0,,13910.734
2025-10-29 00:00:00+00:00,54.24,54.35,50.81575,54.9806,1.1146425,0.5060240963855421,-10.0,15216.478698029454,0.0,15206.478698029454,0,,13864.815
2025-10-30 00:00:00+00:00,56.245,58.83,50.8578,62.40821,1.093571,0.5060240963855421,-10.0,16470.754974853397,0.0,16460.754974853397,0,,15007.676
2025-10-31 00:00:00+00:00,58.79,58.41,50.91925,87.038864,1.3635712,0.3076923076923077,-10.0,16353.16588148874,0.0,16343.16588148874,0,,14900.532
2025-11-03 00:00:00+00:00,58.13,57.32,50.9804,82.62623,1.3792856,0.5060240963855421,-10.0,16047.996165984443,0.0,16037.996165984443,0,,14622.47
2025-11-04 00:00:00+00:00,57.21,58.15,51.0373,74.05353,1.4660712,0.49447183910452097,-10.0,16280.37297966912,0.0,16270.37297966912,0,,14834.205
2025-11-05 00:00:00+00:00,58.15,58.36,51.09975,79.372185,1.5424995,0.3076923076923077,-10.0,16339.166717443743,0.0,16329.166717443743,0,,14887.776
2025-11-06 00:00:00+00:00,58.56,59.34,51.16335,82.13959,1.5424995,0.5060240963855421,-10.0,16613.538863631285,0.0,16603.538863631285,0,,15137.776
2025-11-07 00:00:00+00:00,59.32,59.48,51.23115,82.7041,1.5836424,0.5060240963855421,-10.0,16652.734704901985,0.0,16642.734704901985,0,,15173.49
2025-11-10 00:00:00+00:00,59.48,60.05,51.2984,82.58176,1.6136423,0.5060240963855421,-10.0,16812.317801103127,0.0,16802.317801103127,0,,15318.898
2025-11-11 00:00:00+00:00,60.27,59.99,51.3659,82.89928,1.657214,0.5060240963855421,-10.0,16795.519729045172,0.0,16785.519729045172,0,,15303.592
2025-11-12 00:00:00+00:00,59.62,60.27,51.42735,82.43943,1.6536424,0.5060240963855421,-10.0,16873.911159894164,0.0,16863.911159894164,0,,15375.02
2025-11-13 00:00:00+00:00,60.16,58.95,51.4908,82.34781,1.6772143,0.608040201005025,-10.0,16504.348397744154,0.0,16494.348397744154,0,,15038.284
2025-11-14 00:00:00+00:00,58.82,58.46,51.5463,73.72548,1.708643,0.5060240963855421,-10.0,16367.161518478404,0.0,16357.161518478404,0,,14913.283
2025-11-17 00:00:00+00:00,58.54,58.06,51.59675,66.10766,1.6329288,0.5060240963855421,-10.0,16255.173216047762,0.0,16245.173216047762,0,,14811.243
2025-11-18 00:00:00+00:00,57.89,58.52,51.64405,65.414856,1.6936433,0.608040201005025,-10.0,16383.95919187495,0.0,16373.95919187495,0,,14928.589
2025-11-19 00:00:00+00:00,58.41,58.26,51.6907,67.77495,1.7482861,0.5060240963855421,-10.0,16311.165427872535,0.0,16301.165427872535,0,,14862.261
2025-11-20 00:00:00+00:00,58.62,58.65,51.72425,46.205036,1.420429,0.5060240963855421,-10.0,16420.355593225617,0.0,16410.355593225617,0,,14961.752
2025-11-21 00:00:00+00:00,58.73,59.14,51.76115,51.60429,1.4111432,0.5060240963855421,-10.0,16557.542144486044,0.0,16547.542144486044,0,,15086.752
2025-11-24 00:00:00+00:00,58.82,57.71,51.80455,63.226746,1.3418573,0.5060240963855421,-10.0,16157.181844133593,0.0,16147.181844133593,0,,14721.955
2025-11-25 00:00:00+00:00,57.8,57.97,51.8426,47.058807,1.3550718,0.608040201005025,-10.0,16229.974418710368,0.0,16219.974418710368,0,,14788.282
2025-11-26 00:00:00+00:00,57.85,58.12,51.8807,47.410362,1.3208574,0.5978643545259654,-10.0,16271.970400014123,0.0,16261.970400014123,0,,14826.547
2025-11-28 00:00:00+00:00,58.54,58.26,51.91855,40.895508,1.2890006,0.5060240963855421,-10.0,16311.165393260044,0.0,16301.165393260044,0,,14862.261
2025-12-01 00:00:00+00:00,57.71,59.34,51.9526,40.895508,1.2632866,0.5060240963855421,-10.0,16613.535914624124,0.0,16603.535914624124,0,,15137.772
2025-12-02 00:00:00+00:00,59.46,59.22,51.98845,45.07629,1.3090008,0.3076923076923077,-10.0,16579.93990960306,0.0,16569.93990960306,0,,15107.161
2025-12-03 00:00:00+00:00,59.35,59.33,52.0226,44.70426,1.3104295,0.5060240963855421,-10.0,16610.737465487357,0.0,16600.737465487357,0,,15135.223
2025-12-04 00:00:00+00:00,59.37,60.19,52.0555,43.380295,1.3190005,0.5060240963855421,-10.0,16851.5123367626,0.0,16841.5123367626,0,,15354.609
2025-12-05 00:00:00+00:00,60.07,60.89,52.0884,59.337334,1.2836435,0.3076923076923077,-10.0,17047.49238977615,0.0,17037.49238977615,0,,15533.181
2025-12-08 00:00:00+00:00,61.12,61.26,52.126,67.737236,1.3072861,0.5060240963855421,-10.0,17151.080712127612,0.0,17141.080712127612,0,,15627.566
2025-12-09 00:00:00+00:00,61.24,62.2,52.16725,73.46039,1.2447861,0.5060240963855421,-10.0,17414.255479405372,0.0,17404.255479405372,0,,15867.363
2025-12-10 00:00:00+00:00,62.17,63.43,52.2071,75.20547,1.2051432,0.3076923076923077,-10.0,17758.620880190065,0.0,17748.620880190065,0,,16181.139
2025-12-11 00:00:00+00:00,63.55,63.44,52.25785,81.25757,1.2459286,0.5060240963855421,-10.0,17761.41954437888,0.0,17751.41954437888,0,,16183.688
2025-12-12 00:00:00+00:00,63.89,63.08,52.3085,80.35488,1.2284287,0.5060240963855421,-10.0,17660.63058235425,0.0,17650.63058235425,0,,16091.853
2025-12-15 00:00:00+00:00,63.33,63.21,52.3594,75.386635,1.214286,0.5060240963855421,-10.0,17697.027202807578,0.0,17687.027202807578,0,,16125.017
2025-12-16 00:00:00+00:00,63.37,62.57,52.4051,92.56972,1.1196431,0.5060240963855421,-10.0,17517.84513148456,0.0,17507.84513148456,0,,15961.751
2025-12-17 00:00:00+00:00,62.46,63.12,52.4507,83.62578,1.145643,0.5060240963855421,-10.0,17671.82936181935,0.0,17661.82936181935,0,,16102.057
2025-12-18 00:00:00+00:00,63.26,63.41,52.50325,84.53043,1.151357,0.5060240963855421,-10.0,17753.02161391098,0.0,17743.02161391098,0,,16176.036
2025-12-19 00:00:00+00:00,63.27,63.6,52.55745,84.84444,1.1656426,0.5060240963855421,-10.0,17806.215445148016,0.0,17796.215445148016,0,,16224.505
2025-12-22 00:00:00+00:00,63.96,64.55,52.61795,82.76927,1.0849283,0.5060240963855421,-10.0,18072.189776968975,0.0,18062.189776968975,0,,16466.852
2025-12-23 00:00:00+00:00,64.7,64.5,52.6827,86.357475,1.1285,0.5060240963855421,-10.0,18058.190661839177,0.0,18048.190661839177,0,,16454.098
2025-12-24 00:00:00+00:00,64.5,64.94,52.7552,85.55709,1.1120718,0.5060240963855421,-10.0,18181.379152781148,0.0,18171.379152781148,0,,16566.344
2025-12-26 00:00:00+00:00,64.75,65.42,52.83495,84.67155,1.0806429,0.5060240963855421,-10.0,18315.763791044123,0.0,18305.763791044123,0,,16688.791
2025-12-29 00:00:00+00:00,65.1,65.12,52.91995,84.1629,1.0605719,0.5060240963855421,-10.0,18231.773498062023,0.0,18221.773498062023,0,,16612.26
2025-12-30 00:00:00+00:00,64.92,65.39,53.00995,79.42079,1.0362862,0.5060240963855421,-10.0,18307.36423758193,0.0,18297.36423758193,0,,16681.137
2025-12-31 00:00:00+00:00,65.39,64.93,53.09455,77.07984,1.0105718,0.5060240963855421,-10.0,18178.577074717,0.0,18168.577074717,0,,16563.79
2026-01-02 00:00:00+00:00,64.95,65.96,53.17585,64.648476,0.9555005,0.5060240963855421,-10.0,18466.947117915177,0.0,18456.947117915177,0,,16826.543
2026-01-05 00:00:00+00:00,65.85,67.76,53.2634,70.52122,1.0083574,0.3076923076923077,-10.0,18970.8966489084,0.0,18960.8966489084,0,,17285.727
2026-01-06 00:00:00+00:00,67.66,67.73,53.3568,80.870735,1.1078576,0.5060240963855421,-10.0,18962.497411495704,0.0,18952.497411495704,0,,17278.074
2026-01-07 00:00:00+00:00,67.68,67.07,53.448452,80.21395,1.0889293,0.5060240963855421,-10.0,18777.714621740204,0.0,18767.714621740204,0,,17109.705
2026-01-08 00:00:00+00:00,67.11,67.55,53.5353,80.0,1.1317866,0.5060240963855421,-10.0,18912.10164963758,0.0,18902.10164963758,0,,17232.154
2026-01-09 00:00:00+00:00,67.65,66.42,53.6245,79.811584,1.1385721,0.5060240963855421,-10.0,18595.732426008304,0.0,18585.732426008304,0,,16943.889
2026-01-12 00:00:00+00:00,65.99,66.75,53.7023,68.19828,1.193215,0.5060240963855421,-10.0,18688.12355169342,0.0,18678.12355169342,0,,17028.072
2026-01-13 00:00:00+00:00,66.68,66.52,53.78025,68.72769,1.2075005,0.5060240963855421,-10.0,18623.729052479524,0.0,18613.729052479524,0,,16969.398
2026-01-14 00:00:00+00:00,66.44,66.21,53.8592,62.808784,1.1546434,0.5060240963855421,-10.0,18536.938952383767,0.0,18526.938952383767,0,,16890.316
2026-01-15 00:00:00+00:00,66.48,65.62,53.93765,60.754704,1.1775006,0.5060240963855421,-10.0,18371.756037217194,0.0,18361.756037217194,0,,16739.807
2026-01-16 00:00:00+00:00,65.55,65.42,54.0022,54.197533,1.2378578,0.608040201005025,-10.0,18315.759969888793,0.0,18305.759969888793,0,,16688.785
2026-01-20 00:00:00+00:00,65.01,65.14,54.07045,50.0,1.2353575,0.608040201005025,-10.0,18237.367954422236,0.0,18227.367954422236,0,,16617.357
2026-01-21 00:00:00+00:00,65.09,65.47,54.13115,50.128185,1.2632147,0.608040201005025,-10.0,18329.759138508925,0.0,18319.759138508925,0,,16701.541
2026-01-22 00:00:00+00:00,65.47,65.03,54.219,50.508915,1.2710718,0.5060240963855421,-10.0,18206.571020652933,0.0,18196.571020652933,0,,16589.295
2026-01-23 00:00:00+00:00,64.8,65.53,54.3155,50.637745,1.2660719,0.5060240963855421,-10.0,18346.556989444187,0.0,18336.556989444187,0,,16716.848
2026-01-26 00:00:00+00:00,65.53,65.34,54.4205,47.05883,1.2075005,0.5060240963855421,-10.0,18293.361735550363,0.0,18283.361735550363,0,,16668.377
2026-01-27 00:00:00+00:00,65.16,64.9,54.52815,28.771954,1.0892857,0.608040201005025,-10.0,18170.175079981447,0.0,18160.175079981447,0,,16556.133
2026-01-28 00:00:00+00:00,64.85,64.29,54.6141,26.84129,1.095714,0.5060240963855421,-10.0,17999.392578977568,0.0,17989.392578977568,0,,16400.521
2026-01-29 00:00:00+00:00,64.73,64.7,54.7055,27.062765,1.0689284,0.608040201005025,-10.0,18114.18081378334,0.0,18104.18081378334,0,,16505.113
2026-01-30 00:00:00+00:00,64.7,65.57,54.80075,26.210321,1.0564281,0.5060240963855421,-10.0,18357.756563373016,0.0,18347.756563373016,0,,16727.05
2026-02-02 00:00:00+00:00,65.48,65.28,54.8984,42.582916,1.0207138,0.5060240963855421,-10.0,18276.564174092495,0.0,18266.564174092495,0,,16653.072
2026-02-03 00:00:00+00:00,64.97,63.18,54.9931,37.082596,1.0071428,0.5060240963855421,-10.0,17688.623487314002,0.0,17678.623487314002,0,,16117.357
2026-02-04 00:00:00+00:00,61.88,60.8,55.0855,27.91007,1.117285,0.608040201005025,-10.0,17022.28958944883,0.0,17012.28958944883,0,,15510.213
2026-02-05 00:00:00+00:00,60.28,59.15,55.16665,21.9107,1.3708564,0.608040201005025,-10.0,16560.336754445976,0.0,16550.336754445976,0,,15089.295
2026-02-06 00:00:00+00:00,59.45,58.35,55.24265,19.738073,1.4451419,0.608040201005025,-10.0,16336.358048227683,0.0,16326.358048227683,0,,14885.212
2026-02-09 00:00:00+00:00,58.3,56.75,55.3105,18.68911,1.5244277,0.608040201005025,-10.0,15888.403681687918,0.0,15878.403681687918,0,,14477.049
2026-02-10 00:00:00+00:00,57.45,57.48,55.369,16.732756,1.640856,0.5060240963855421,-10.0,16092.782535447233,0.0,16082.782535447233,0,,14663.273
2026-02-11 00:00:00+00:00,57.63,55.45,55.4277,19.292841,1.6633562,0.608040201005025,-10.0,15524.440389097805,0.0,15514.440389097805,0,,14145.416
2026-02-12 00:00:00+00:00,55.51,51.39,55.476,17.191776,1.772999,0.608040201005025,-10.0,14387.75451751501,0.0,14377.75451751501,0,,13109.7
2026-02-13 00:00:00+00:00,52.62,51.56,55.50335,11.068275,2.037642,0.608040201005025,-10.0,14435.350040855836,0.0,14425.350040855836,0,,13153.067
2026-02-17 00:00:00+00:00,51.64,51.6,55.531,12.017645,2.096571,0.608040201005025,-10.0,14446.547467498713,0.0,14436.547467498713,0,,13163.2705
2026-02-18 00:00:00+00:00,51.13,52.26,55.5578,12.514079,2.1344283,0.608040201005025,-10.0,14631.328632272742,0.0,14621.328632272742,0,,13331.639
2026-02-19 00:00:00+00:00,51.64,51.47,55.58975,16.188858,2.158714,0.608040201005025,-10.0,14410.151349796168,0.0,14400.151349796168,0,,13130.108
2026-02-20 00:00:00+00:00,51.495,52.25,55.61625,13.593844,2.1676428,0.608040201005025,-10.0,14628.52971368477,0.0,14618.52971368477,0,,13329.088
2026-02-23 00:00:00+00:00,51.88,50.85,55.6484,13.163706,2.1697857,0.5060240963855421,-10.0,14236.56828955388,0.0,14226.56828955388,0,,12971.943
2026-02-24 00:00:00+00:00,50.84,51.46,55.6728,12.402282,2.216214,0.608040201005025,-10.0,14407.350601348377,0.0,14397.350601348377,0,,13127.556
2026-02-25 00:00:00+00:00,49.57,49.62,55.6935,16.892647,2.1010716,0.608040201005025,-10.0,13892.202348176344,0.0,13882.202348176344,0,,12658.168
2026-02-26 00:00:00+00:00,49.87,52.03,55.7068,17.424234,1.9532144,0.608040201005025,-10.0,14566.933880047955,0.0,14556.933880047955,0,,13272.964
2026-02-27 00:00:00+00:00,51.51,51.73,55.73335,30.133919,1.9660718,0.5060240963855421,-10.0,14482.942178694148,0.0,14472.942178694148,0,,13196.433
2026-03-02 00:00:00+00:00,51.62,51.99,55.7484,30.998848,1.8915002,0.608040201005025,-10.0,14555.734924300821,0.0,14545.734924300821,0,,13262.76
2026-03-03 00:00:00+00:00,51.49,52.38,55.75295,35.19901,1.7715002,0.608040201005025,-10.0,14664.924521857589,0.0,14654.924521857589,0,,13362.25
2026-03-04 00:00:00+00:00,52.01,53.24,55.76215,33.79924,1.7654285,0.608040201005025,-10.0,14905.699954986232,0.0,14895.699954986232,0,,13581.639
2026-03-05 00:00:00+00:00,53.05,53.5,55.7718,42.415928,1.7597144,0.5060240963855421,-10.0,14978.4923544351,0.0,14968.4923544351,0,,13647.965
2026-03-06 00:00:00+00:00,53.18,54.31,55.78005,59.795734,1.5022142,0.608040201005025,-10.0,15205.269362190742,0.0,15195.269362190742,0,,13854.598
2026-03-09 00:00:00+00:00,53.78,54.04,55.79325,62.05084,1.5354284,0.5060240963855421,-10.0,15129.677207825427,0.0,15119.677207825427,0,,13785.72
2026-03-10 00:00:00+00:00,53.83,53.08,55.80265,60.48111,1.5264999,0.5060240963855421,-10.0,14860.90412147442,0.0,14850.90412147442,0,,13540.822
2026-03-11 00:00:00+00:00,53.08,52.77,55.8138,53.43385,1.5007856,0.5060240963855421,-10.0,14774.112846418151,0.0,14764.112846418151,0,,13461.74
2026-03-12 00:00:00+00:00,52.37,52.48,55.8251,55.671898,1.4975711,0.5060240963855421,-10.0,14692.920996444964,0.0,14682.920996444964,0,,13387.76
2026-03-13 00:00:00+00:00,52.82,52.03,55.83535,51.04831,1.4750712,0.5060240963855421,-10.0,14566.93325124644,0.0,14556.93325124644,0,,13272.964
2026-03-16 00:00:00+00:00,52.14,52.15,55.83975,55.88822,1.5593569,0.5060240963855421,-10.0,14600.531319548729,0.0,14590.531319548729,0,,13303.578
2026-03-17 00:00:00+00:00,52.55,52.71,55.843,53.62016,1.5664997,0.5060240963855421,-10.0,14757.315527457076,0.0,14747.315527457076,0,,13446.435
2026-03-18 00:00:00+00:00,52.38,52.14,55.8557,68.727264,1.4864995,0.5060240963855421,-10.0,14597.731512790999,0.0,14587.731512790999,0,,13301.026
2026-03-19 00:00:00+00:00,52.13,52.02,55.865,50.85804,1.3886422,0.608040201005025,-10.0,14564.135497267811,0.0,14554.135497267811,0,,13270.415
2026-03-20 00:00:00+00:00,51.93,52.18,55.8722,52.327454,1.4399995,0.608040201005025,-10.0,14608.930683783263,0.0,14598.930683783263,0,,13311.231
2026-03-23 00:00:00+00:00,52.93,51.63,55.8795,51.549744,1.4285711,0.608040201005025,-10.0,14454.946334223148,0.0,14444.946334223148,0,,13170.926
2026-03-24 00:00:00+00:00,51.63,52.52,55.8899,44.03816,1.4414285,0.5060240963855421,-10.0,14704.121001196223,0.0,14694.121001196223,0,,13397.967
2026-03-25 00:00:00+00:00,52.52,52.35,55.906,44.303787,1.3989285,0.5060240963855421,-10.0,14656.52538133349,0.0,14646.52538133349,0,,13354.6
2026-03-26 00:00:00+00:00,52.33,52.55,55.9188,40.77046,1.4392859,0.5301764402007308,-10.0,14712.51945394017,0.0,14702.51945394017,0,,13405.62
2026-03-27 00:00:00+00:00,52.96,53.38,55.93375,34.341625,1.357857,0.5060240963855421,-10.0,14944.896572114048,0.0,14934.896572114048,0,,13617.3545
2026-03-30 00:00:00+00:00,53.66,53.78,55.9491,44.6602,1.382857,0.5060240963855421,-10.0,15056.884312347769,0.0,15046.884312347769,0,,13719.395
2026-03-31 00:00:00+00:00,54.15,53.1,55.9674,56.227726,1.3782139,0.5060240963855421,-10.0,14866.503379073067,0.0,14856.503379073067,0,,13545.925
2026-04-01 00:00:00+00:00,53.31,52.88,55.9855,52.754574,1.5039283,0.5060240963855421,-10.0,14804.910574678346,0.0,14794.910574678346,0,,13489.803
2026-04-02 00:00:00+00:00,52.88,52.87,56.0034,53.37839,1.5517856,0.5060240963855421,-10.0,14802.110588002759,0.0,14792.110588002759,0,,13487.252
2026-04-06 00:00:00+00:00,52.8,53.48,56.01385,57.664234,1.4610716,0.608040201005025,-10.0,14972.894235941778,0.0,14962.894235941778,0,,13642.865
2026-04-07 00:00:00+00:00,53.34,53.75,56.0331,61.139015,1.4746429,0.608040201005025,-10.0,15048.486878223594,0.0,15038.486878223594,0,,13711.743
2026-04-08 00:00:00+00:00,53.72,54.48,56.05075,59.154938,1.4142859,0.5060240963855421,-10.0,15252.866324914765,0.0,15242.866324914765,0,,13897.969
2026-04-09 00:00:00+00:00,54.43,55.97,56.06945,70.03425,1.3828572,0.608040201005025,-10.0,15670.024166087847,0.0,15660.024166087847,0,,14278.071
2026-04-10 00:00:00+00:00,55.79,54.925,56.0923,77.3925,1.4367858,0.5060240963855421,-10.0,15377.45325445043,0.0,15367.45325445043,0,,14011.489
2026-04-13 00:00:00+00:00,54.67,56.25,56.110374,66.954895,1.5,0.5060240963855421,-10.0,15748.415674894546,0.0,15738.415674894546,0,,14349.5
2026-04-14 00:00:00+00:00,56.14,56.82,56.134724,76.042816,1.5207144,0.5060240963855421,-10.0,15908.000444434905,0.0,15898.000444434905,0,,14494.909
2026-04-15 00:00:00+00:00,56.82,57.05,56.157776,75.14617,1.5325001,0.5060240963855421,-10.0,15972.39397231119,0.0,15962.39397231119,0,,14553.583
2026-04-16 00:00:00+00:00,56.95,57.9,56.181274,77.29384,1.4910715,0.5060240963855421,-10.0,16210.370724620434,0.0,16200.370724620434,0,,14770.42
2026-04-17 00:00:00+00:00,57.87,58.53,56.212624,78.88768,1.519643,0.5060240963855421,-10.0,16386.752978730976,0.0,16376.752978730976,0,,14931.134
2026-04-20 00:00:00+00:00,58.35,57.99,56.247326,78.421616,1.4810715,0.3076923076923077,-10.0,16235.569376721807,0.0,16225.569376721807,0,,14793.379
2026-04-21 00:00:00+00:00,57.74,57.63,56.283424,72.88045,1.4628574,0.5060240963855421,-10.0,16134.778920349683,0.0,16124.778920349683,0,,14701.542
2026-04-22 00:00:00+00:00,57.61,58.57,56.312725,75.50677,1.3321432,0.5060240963855421,-10.0,16397.95217395216,0.0,16387.95217395216,0,,14941.337
2026-04-23 00:00:00+00:00,58.8,57.74,56.353725,79.6354,1.3076433,0.5060240963855421,-10.0,16165.57574586604,0.0,16155.57574586604,0,,14729.603
2026-04-24 00:00:00+00:00,57.56,56.17,56.389774,73.36854,1.3369291,0.5060240963855421,-10.0,15726.018809342415,0.0,15716.018809342415,0,,14329.092
2026-04-27 00:00:00+00:00,56.03,57.12,56.417576,61.818974,1.374072,0.608040201005025,-10.0,15991.991977309528,0.0,15981.991977309528,0,,14571.4375
2026-04-28 00:00:00+00:00,57.63,56.58,56.443676,63.9718,1.4187148,0.5060240963855421,-10.0,15840.808260562653,0.0,15830.808260562653,0,,14433.684
2026-04-29 00:00:00+00:00,56.47,56.62,56.473625,58.84584,1.453715,0.5060240963855421,-10.0,15852.006303549659,0.0,15842.006303549659,0,,14443.887
2026-04-30 00:00:00+00:00,56.07,57.02,56.500126,53.11899,1.3362149,0.5060240963855421,-10.0,15963.99597448997,0.0,15953.99597448997,0,,14545.929
2026-05-01 00:00:00+00:00,57.11,56.93,56.530125,60.716125,1.3340721,0.5060240963855421,-10.0,15938.798553332581,0.0,15928.798553332581,0,,14522.969
2026-05-04 00:00:00+00:00,56.97,56.07,56.559326,53.98127,1.269786,0.5060240963855421,-10.0,15698.022905921523,0.0,15688.022905921523,0,,14303.58
2026-05-05 00:00:00+00:00,56.07,55.91,56.580875,45.753113,1.226929,0.5060240963855421,-10.0,15653.227461515193,0.0,15643.227461515193,0,,14262.765
2026-05-06 00:00:00+00:00,56.54,56.22,56.602024,43.49315,1.2455003,0.608040201005025,-10.0,15740.019324442866,0.0,15730.019324442866,0,,14341.847
2026-05-07 00:00:00+00:00,55.87,56.5,56.627773,39.781013,1.2205003,0.608040201005025,-10.0,15818.411623541346,0.0,15808.411623541346,0,,14413.275
2026-05-08 00:00:00+00:00,56.21,56.6,56.653423,37.10292,1.234072,0.5060240963855421,-10.0,15846.408635366755,0.0,15836.408635366755,0,,14438.785
2026-05-11 00:00:00+00:00,57.97,61.18,56.676876,40.646004,1.234072,0.5060240963855421,-10.0,17128.680830712205,0.0,17118.680830712205,0,,15607.154
2026-05-12 00:00:00+00:00,61.58,59.47,56.724323,65.23605,1.5197862,0.3076923076923077,-10.0,16649.929287870757,0.0,16639.929287870757,0,,15170.93
2026-05-13 00:00:00+00:00,59.49,59.47,56.761074,53.623196,1.6107148,0.5060240963855421,-10.0,16649.929287870757,0.0,16639.929287870757,0,,15170.93
2026-05-14 00:00:00+00:00,59.52,58.6,56.798824,57.46333,1.5492859,0.44570131424368065,-10.0,16406.35339634284,0.0,16396.35339634284,0,,14948.99
2026-05-15 00:00:00+00:00,58.7,57.87,56.835274,61.15703,1.5485715,0.5060240963855421,-10.0,16201.974347191763,0.0,16191.974347191763,0,,14762.767
2026-05-18 00:00:00+00:00,58.21,58.99,56.869774,53.514526,1.5749999,0.5060240963855421,-10.0,16515.54326556784,0.0,16505.54326556784,0,,15048.481
2026-05-19 00:00:00+00:00,58.98,58.09,56.909023,60.711105,1.5671431,0.5060240963855421,-10.0,16263.568559927906,0.0,16253.568559927906,0,,14818.889
2026-05-20 00:00:00+00:00,58.09,57.38,56.945824,56.069366,1.6071428,0.5060240963855421,-10.0,16064.788569149836,0.0,16054.788569149836,0,,14637.766
2026-05-21 00:00:00+00:00,57.19,57.63,56.972626,51.449276,1.5617856,0.5060240963855421,-10.0,16134.78062177946,0.0,16124.78062177946,0,,14701.54
2026-05-22 00:00:00+00:00,57.57,57.24,57.010426,52.782196,1.602857,0.5060240963855421,-10.0,16025.592157336114,0.0,16015.592157336114,0,,14602.051
2026-05-26 00:00:00+00:00,57.17,58.08,57.049126,54.830727,1.6382141,0.608040201005025,-10.0,16260.768061531964,0.0,16250.768061531964,0,,14816.337
2026-05-27 00:00:00+00:00,58.08,58.62,57.094227,58.483196,1.6339285,0.5060240963855421,-10.0,16411.952391926596,0.0,16401.952391926596,0,,14954.092
2026-05-28 00:00:00+00:00,58.27,59.23,57.141376,59.21658,1.6696428,0.5060240963855421,-10.0,16582.735452500656,0.0,16572.735452500656,0,,15109.703
2026-05-29 00:00:00+00:00,58.72,57.39,57.189377,60.224716,1.6928569,0.5060240963855421,-10.0,16067.587057767654,0.0,16057.587057767654,0,,14640.315
2026-06-01 00:00:00+00:00,57.435,59.84,57.220573,52.61763,1.7764282,0.608040201005025,-10.0,16753.51871699149,0.0,16743.51871699149,0,,15265.317
2026-06-02 00:00:00+00:00,59.92,58.65,57.250874,44.830246,1.6385708,0.5060240963855421,-10.0,16420.352968622934,0.0,16410.352968622934,0,,14961.746
2026-06-03 00:00:00+00:00,58.43,57.44,57.271225,46.70418,1.6199995,0.5060240963855421,-10.0,16081.586372742158,0.0,16071.586372742158,0,,14653.071
2026-06-04 00:00:00+00:00,58.28,58.73,57.291473,42.564095,1.6617854,0.5060240963855421,-10.0,16442.749786447985,0.0,16432.749786447985,0,,14982.153
2026-06-05 00:00:00+00:00,58.91,59.88,57.321377,50.46198,1.7074999,0.5060240963855421,-10.0,16764.718537064553,0.0,16754.718537064553,0,,15275.521
2026-06-08 00:00:00+00:00,59.44,60.34,57.354675,56.93582,1.6817856,0.5060240963855421,-10.0,16893.504531981347,0.0,16883.504531981347,0,,15392.867
2026-06-09 00:00:00+00:00,60.63,60.9,57.386326,54.880688,1.713571,0.5060240963855421,-10.0,17050.289782684245,0.0,17040.289782684245,0,,15535.726
2026-06-10 00:00:00+00:00,61.13,61.03,57.420925,60.415127,1.7035713,0.5060240963855421,-10.0,17086.68467547799,0.0,17076.68467547799,0,,15568.887
2026-06-11 00:00:00+00:00,61.48,61.36,57.453926,64.13632,1.7492856,0.5060240963855421,-10.0,17179.076038883577,0.0,17169.076038883577,0,,15653.071
2026-06-12 00:00:00+00:00,61.68,58.92,57.487526,64.35719,1.7179285,0.5060240963855421,-10.0,16495.943930583053,0.0,16485.943930583053,0,,15030.621
2026-06-15 00:00:00+00:00,52.03,49.955,57.512375,55.585094,1.8672142,0.608040201005025,-10.0,13985.996994623458,0.0,13975.996994623458,0,,12743.632
2026-06-16 00:00:00+00:00,49.5,47.95,57.49015,32.46277,2.547214,0.608040201005025,-10.0,13424.652802937508,0.0,13414.652802937508,0,,12232.151
2026-06-17 00:00:00+00:00,47.47,46.73,57.4584,28.339432,2.6554284,0.608040201005025,-10.0,13083.086726457434,0.0,13073.086726457434,0,,11920.927
2026-06-18 00:00:00+00:00,46.82,46.95,57.4193,25.237722,2.6986427,0.608040201005025,-10.0,13144.68101529391,0.0,13134.68101529391,0,,11977.049
2026-06-22 00:00:00+00:00,47.0,44.93,57.37595,27.900093,2.7099285,0.608040201005025,-10.0,12579.137945338167,0.0,12569.137945338167,0,,11461.743
2026-06-23 00:00:00+00:00,45.51,44.55,57.326252,17.852531,2.6995716,0.608040201005025,-10.0,12472.748614786915,0.0,12462.748614786915,0,,11364.805
2026-06-24 00:00:00+00:00,44.72,45.37,57.2724,18.498667,2.6324286,0.608040201005025,-10.0,12702.325417561457,0.0,12692.325417561457,0,,11573.988
2026-06-25 00:00:00+00:00,45.22,44.39,57.2194,22.555716,2.6543572,0.608040201005025,-10.0,12427.952815432742,0.0,12417.952815432742,0,,11323.988
2026-06-26 00:00:00+00:00,44.46,45.91,57.1573,16.928051,2.580071,0.608040201005025,-10.0,12853.509716245193,0.0,12843.509716245193,0,,11711.744
2026-06-29 00:00:00+00:00,46.525,45.71,57.12175,18.321997,2.6236424,0.608040201005025,-10.0,12797.514888608657,0.0,12787.514888608657,0,,11660.724
2026-06-30 00:00:00+00:00,45.39,46.84,57.0913,16.42956,2.6132855,0.608040201005025,-10.0,13113.884117870546,0.0,13103.884117870546,0,,11948.989
2026-07-01 00:00:00+00:00,47.9,48.42,57.0613,18.55993,2.6732852,0.608040201005025,-10.0,13556.239272819377,0.0,13546.239272819377,0,,12352.051
2026-07-02 00:00:00+00:00,48.35,50.56,57.03945,23.519533,2.729714,0.5060240963855421,-10.0,14155.380650525727,0.0,14145.380650525727,0,,12897.971
2026-07-06 00:00:00+00:00,50.05,49.9,57.02685,28.922724,2.830714,0.4814172642335397,-10.0,13970.599498828746,0.0,13960.599498828746,0,,12729.604
2026-07-07 00:00:00+00:00,50.5,49.2,57.0163,31.082226,2.6442854,0.5060240963855421,-10.0,13774.618918186025,0.0,13764.618918186025,0,,12551.031
2026-07-08 00:00:00+00:00,49.39,47.95,56.99445,47.57624,2.0028572,0.5060240963855421,-10.0,13424.654340399293,0.0,13414.654340399293,0,,12232.153
2026-07-09 00:00:00+00:00,47.75,48.44,56.9641,50.0,1.9107143,0.608040201005025,-10.0,13561.840586797032,0.0,13551.840586797032,0,,12357.154
2026-07-10 00:00:00+00:00,49.23,48.75,56.93355,56.068127,1.8353574,0.608040201005025,-10.0,13648.632985714969,0.0,13638.632985714969,0,,12436.236
2026-07-13 00:00:00+00:00,49.18,50.22,56.8972,56.346962,1.7762146,0.608040201005025,-10.0,14060.192098395359,0.0,14050.192098395359,0,,12811.236
2026-07-14 00:00:00+00:00,50.3,49.5,56.87115,69.405716,1.7126433,0.5347407429247171,-10.0,13858.611916904256,0.0,13848.611916904256,0,,12627.5625
2026-07-15 00:00:00+00:00,49.55,50.39,56.84715,67.71653,1.7047861,0.608040201005025,-10.0,14107.786171127016,0.0,14097.786171127016,0,,12854.603
2026-07-16 00:00:00+00:00,50.8,51.08,56.8268,67.87749,1.6753576,0.39379103411157107,-10.0,14300.967098656214,0.0,14290.967098656214,0,,13030.623
2026-07-17 00:00:00+00:00,51.19,51.63,56.80575,74.32727,1.6396435,0.5060240963855421,-10.0,14454.952187984387,0.0,14444.952187984387,0,,13170.93
2026-07-20 00:00:00+00:00,51.45,51.55,56.7789,72.37871,1.565715,0.5060240963855421,-10.0,14432.553633180596,0.0,14422.553633180596,0,,13150.521
2026-07-21 00:00:00+00:00,51.315,51.47,56.7502,73.06476,1.5739291,0.5060240963855421,-10.0,14410.15623623503,0.0,14400.15623623503,0,,13130.114
2026-07-22 00:00:00+00:00,51.74,50.63,56.7278,69.939705,1.4782151,0.5060240963855421,-10.0,14174.980051546534,0.0,14164.980051546534,0,,12915.828
2026-07-23 00:00:00+00:00,50.76,49.18,56.70155,60.1656,1.3982152,0.5060240963855421,-10.0,13769.020845319033,0.0,13759.020845319033,0,,12545.93
2026-07-24 00:00:00+00:00,49.11,49.41,56.6687,43.222,1.383215,0.608040201005025,-10.0,13833.414420127001,0.0,13823.414420127001,0,,12604.604
2026-07-27 00:00:00+00:00,50.0,50.81,56.6404,47.48717,1.3831435,0.5060240963855421,-10.0,14225.375629884604,0.0,14215.375629884604,0,,12961.748
2026-07-28 00:00:00+00:00,51.29,51.63,56.6191,57.70335,1.4402864,0.5060240963855421,-10.0,14454.952617243385,0.0,14444.952617243385,0,,13170.932
2026-07-29 00:00:00+00:00,51.86,52.73,56.60845,68.363266,1.4310004,0.5060240963855421,-10.0,14762.921769766854,0.0,14752.921769766854,0,,13451.544
2026-07-30 00:00:00+00:00,51.64,52.34,56.6088,70.178734,1.4392145,0.5060240963855421,-10.0,14653.732815315469,0.0,14643.732815315469,0,,13352.055
2026-07-31 00:00:00+00:00,52.2,51.94,56.6135,66.76003,1.4385,0.5060240963855421,-10.0,14541.743298454381,0.0,14531.743298454381,0,,13250.013
2026-08-03 00:00:00+00:00,52.35,52.62,56.61345,58.921146,1.3602856,0.5060240963855421,-10.0,14732.124398156437,0.0,14722.124398156437,0,,13423.482
2026-08-04 00:00:00+00:00,52.02,52.82,56.616,66.24999,1.3952857,0.5060240963855421,-10.0,14788.119272909295,0.0,14778.119272909295,0,,13474.503
2026-08-05 00:00:00+00:00,53.16,52.2,56.6221,63.63636,1.3652856,0.5060240963855421,-10.0,14614.537176307926,0.0,14604.537176307926,0,,13316.339
2026-08-06 00:00:00+00:00,53.73,55.37,56.62675,56.334835,1.4052855,0.5060240963855421,-10.0,15502.04811637883,0.0,15492.04811637883,0,,14125.014
2026-08-07 00:00:00+00:00,55.38,57.03,56.64415,66.31762,1.5770711,0.3076923076923077,-10.0,15966.802350321379,0.0,15956.802350321379,0,,14548.484
2026-08-10 00:00:00+00:00,56.11,56.33,56.66875,71.012276,1.591714,0.3076923076923077,-10.0,15770.822534147192,0.0,15760.822534147192,0,,14369.913
2026-08-11 00:00:00+00:00,56.22,55.34,56.68805,67.78917,1.6659995,0.4050209772200294,-10.0,15493.649925031434,0.0,15483.649925031434,0,,14117.361
2026-08-12 00:00:00+00:00,55.24,55.97,56.7023,67.05286,1.6689281,0.31824460822677175,-10.0,15670.033489568083,0.0,15660.033489568083,0,,14278.077
2026-08-13 00:00:00+00:00,56.07,58.1,56.718,76.1355,1.6232141,0.5060240963855421,-10.0,16266.372534271239,0.0,16256.372534271239,0,,14821.443
2026-08-14 00:00:00+00:00,59.85,61.41,56.744,79.180664,1.692571,0.3076923076923077,-10.0,17193.079416508543,0.0,17183.079416508543,0,,15665.832
2026-08-17 00:00:00+00:00,61.28,61.49,56.777,81.54762,1.7618569,0.3076923076923077,-10.0,17215.477169730962,0.0,17205.477169730962,0,,15686.24
2026-08-18 00:00:00+00:00,61.72,61.23,56.811802,80.69739,1.724357,0.3076923076923077,-10.0,17142.684046579856,0.0,17132.684046579856,0,,15619.913
2026-08-19 00:00:00+00:00,61.45,60.39,56.8462,77.92378,1.7600714,0.3591393675616317,-10.0,16907.507269442758,0.0,16897.507269442758,0,,15405.628
2026-08-20 00:00:00+00:00,60.95,60.45,56.854,75.68602,1.7443572,0.44456249352415034,-10.0,16924.306728076517,0.0,16914.306728076517,0,,15420.936
2026-08-21 00:00:00+00:00,60.84,61.05,56.8642,77.756035,1.7486428,0.5060240963855421,-10.0,17092.28867484127,0.0,17082.28867484127,0,,15573.995
2026-08-24 00:00:00+00:00,60.99,61.59,56.88285,77.63934,1.7129282,0.5060240963855421,-10.0,17243.473558839254,0.0,17233.473558839254,0,,15711.75
2026-08-25 00:00:00+00:00,61.29,62.69,56.90005,78.12701,1.7350712,0.5060240963855421,-10.0,17551.442944470204,0.0,17541.442944470204,0,,15992.362
2026-08-26 00:00:00+00:00,62.48,62.23,56.9217,82.63845,1.7465,0.3076923076923077,-10.0,17422.655907626788,0.0,17412.655907626788,0,,15875.016
2026-08-27 00:00:00+00:00,61.96,60.4,56.93615,75.67365,1.5972146,0.5060240963855421,-10.0,16910.307440525095,0.0,16900.307440525095,0,,15408.179
2026-08-28 00:00:00+00:00,60.5,61.32,56.94075,62.45382,1.623643,0.5060240963855421,-10.0,17167.880653220003,0.0,17157.880653220003,0,,15642.872
2026-08-31 00:00:00+00:00,61.12,60.22,56.9471,68.14545,1.618643,0.5060240963855421,-10.0,16859.911647559366,0.0,16849.911647559366,0,,15362.259
2026-09-01 00:00:00+00:00,59.92,59.03,56.94825,67.60462,1.6175717,0.5060240963855421,-10.0,16526.744506583753,0.0,16516.744506583753,0,,15058.687
2026-09-02 00:00:00+00:00,59.11,60.27,56.94205,60.610256,1.6304286,0.5060240963855421,-10.0,16873.911015792808,0.0,16863.911015792808,0,,15375.015
2026-09-03 00:00:00+00:00,61.0,60.47,56.94865,58.019222,1.6125717,0.5060240963855421,-10.0,16929.905891336715,0.0,16919.905891336715,0,,15426.035
2026-09-04 00:00:00+00:00,60.13,58.42,56.9587,45.489452,1.4661429,0.5060240963855421,-10.0,16355.962527664346,0.0,16345.962527664346,0,,14903.074
