,Open,Close,sma200,rsi,atr,prob_up,cash,holdings,borrowed_margin,total,signal,stop_loss,benchmark
2016-09-19 00:00:00+00:00,47.44224,47.23704,,,,0.5324333167843988,10000.0,0.0,0.0,10000.0,0,0.0,10000.0
2016-09-20 00:00:00+00:00,47.46276,47.83212,,,,0.47317073170731705,10000.0,0.0,0.0,10000.0,0,0.0,10125.977
2016-09-21 00:00:00+00:00,47.8116,47.83212,,,,0.5714285714285714,10000.0,0.0,0.0,10000.0,0,0.0,10125.977
2016-09-22 00:00:00+00:00,48.05784,48.36564,,,,0.5714285714285714,10000.0,0.0,0.0,10000.0,0,0.0,10238.923
2016-09-23 00:00:00+00:00,48.09888,48.4272,,,,0.47317073170731705,10000.0,0.0,0.0,10000.0,0,0.0,10251.955
2016-09-26 00:00:00+00:00,47.99628,47.0934,,,,0.5714285714285714,10000.0,0.0,0.0,10000.0,0,0.0,9969.592
2016-09-27 00:00:00+00:00,47.17548,47.31912,,,,0.6296296296296297,10000.0,0.0,0.0,10000.0,0,0.0,10017.376
2016-09-28 00:00:00+00:00,47.48328,46.90872,,,,0.6,10000.0,0.0,0.0,10000.0,0,0.0,9930.495
2016-09-29 00:00:00+00:00,46.7856,46.82664,,,,0.6,10000.0,0.0,0.0,10000.0,0,0.0,9913.12
2016-09-30 00:00:00+00:00,46.8882,47.05236,,,,0.6,10000.0,0.0,0.0,10000.0,0,0.0,9960.904
2016-10-03 00:00:00+00:00,47.07288,46.94976,,,,0.47317073170731705,10000.0,0.0,0.0,10000.0,0,0.0,9939.184
2016-10-04 00:00:00+00:00,47.15496,46.84716,,,,0.6,10000.0,0.0,0.0,10000.0,0,0.0,9917.463
2016-10-05 00:00:00+00:00,46.80612,46.66248,,,,0.6,10000.0,0.0,0.0,10000.0,0,0.0,9878.366
2016-10-06 00:00:00+00:00,46.683,46.23156,,42.55316,,0.5714285714285714,10000.0,0.0,0.0,10000.0,0,0.0,9787.142
2016-10-07 00:00:00+00:00,46.25208,46.02636,,38.277485,0.7533774,0.47317073170731705,-10.0,9995.002498750626,0.0,9985.002498750626,1,,9743.701
2016-10-10 00:00:00+00:00,46.29312,46.84716,,36.52965,0.76070595,0.6,-10.0,10173.245705943416,0.0,10163.245705943416,0,,9917.463
2016-10-11 00:00:00+00:00,46.72404,46.2726,,39.56523,0.7724318,0.47317073170731705,-10.0,10048.474821672204,0.0,10038.474821672204,0,,9795.829
2016-10-12 00:00:00+00:00,46.31364,46.683,,35.27132,0.75777465,0.6,-10.0,10137.596464587501,0.0,10127.596464587501,0,,9882.71
2016-10-13 00:00:00+00:00,46.12896,46.62144,,33.730167,0.7504463,0.6,-10.0,10124.2286897084,0.0,10114.2286897084,0,,9869.678
2016-10-14 00:00:00+00:00,46.7856,46.97028,,32.53969,0.80174637,0.5714285714285714,-10.0,10199.982314405957,0.0,10189.982314405957,0,,9943.527
2016-10-17 00:00:00+00:00,46.80612,46.683,,48.52942,0.7548436,0.6296296296296297,-10.0,10137.59706614855,0.0,10127.59706614855,0,,9882.71
2016-10-18 00:00:00+00:00,47.11392,47.25756,,42.512077,0.76803505,0.47317073170731705,-10.0,10262.36820923862,0.0,10252.36820923862,0,,10004.344
2016-10-19 00:00:00+00:00,47.46276,47.4012,,53.953518,0.7533782,0.47317073170731705,-10.0,10293.560464524713,0.0,10283.560464524713,0,,10034.752
2016-10-20 00:00:00+00:00,47.4012,47.196,,56.421997,0.73285836,0.47317073170731705,-10.0,10248.999376262038,0.0,10238.999376262038,0,,9991.312
2016-10-21 00:00:00+00:00,46.9908,47.01132,,51.61289,0.7357897,0.47317073170731705,-10.0,10208.894581220262,0.0,10198.894581220262,0,,9952.215
2016-10-24 00:00:00+00:00,48.26304,47.07288,,50.678707,0.7489812,0.47317073170731705,-10.0,10222.263272065597,0.0,10212.263272065597,0,,9965.247
2016-10-25 00:00:00+00:00,46.76508,46.64196,,52.511406,0.8281299,0.6296296296296297,-10.0,10128.68540536966,0.0,10118.68540536966,0,,9874.022
2016-10-26 00:00:00+00:00,45.36972,45.80064,,49.783558,0.8383898,0.6,-10.0,9945.985640355013,0.0,9935.985640355013,0,,9695.916
2016-10-27 00:00:00+00:00,44.7336,45.657,,45.81674,0.88675827,0.6296296296296297,-10.0,9914.793458025542,0.0,9904.793458025542,0,,9665.508
2016-10-28 00:00:00+00:00,45.69804,45.657,,46.370987,0.9190039,0.6296296296296297,-10.0,9914.793458025542,0.0,9904.793458025542,0,,9665.508
2016-10-31 00:00:00+00:00,46.3752,46.3752,,36.057713,0.89115554,0.47317073170731705,-10.0,10070.755754839716,0.0,10060.755754839716,0,,9817.549
2016-11-01 00:00:00+00:00,46.683,46.04688,,51.162792,0.90874374,0.6296296296296297,-10.0,9999.458219164393,0.0,9989.458219164393,0,,9748.044
2016-11-02 00:00:00+00:00,46.04688,45.7596,,42.654022,0.951249,0.6,-10.0,9937.073417550113,0.0,9927.073417550113,0,,9687.228
2016-11-03 00:00:00+00:00,45.98532,45.71856,,40.54054,0.92046875,0.6,-10.0,9928.160551387617,0.0,9918.160551387617,0,,9678.539
2016-11-04 00:00:00+00:00,45.67752,46.35468,,35.26569,0.94098854,0.5714285714285714,-10.0,10066.29968522685,0.0,10056.29968522685,0,,9813.205
2016-11-07 00:00:00+00:00,46.8882,47.01132,,46.428574,0.9732342,0.6,-10.0,10208.894061468513,0.0,10198.894061468513,0,,9952.215
2016-11-08 00:00:00+00:00,46.29312,47.8116,,47.36839,0.9703026,0.47317073170731705,-10.0,10382.682165629747,0.0,10372.682165629747,0,,10121.633
2016-11-09 00:00:00+00:00,47.36016,48.44772,,53.84616,1.0787653,0.47317073170731705,-10.0,10520.82074489601,0.0,10510.82074489601,0,,10256.299
2016-11-10 00:00:00+00:00,48.40668,48.13992,,60.854103,1.1828308,0.47317073170731705,-10.0,10453.979244899916,0.0,10443.979244899916,0,,10191.138
2016-11-11 00:00:00+00:00,48.24252,48.65292,,59.581898,1.1740366,0.6,-10.0,10565.38182404527,0.0,10555.38182404527,0,,10299.74
2016-11-14 00:00:00+00:00,48.81708,49.90464,,62.459557,1.0919563,0.47317073170731705,-10.0,10837.202795355623,0.0,10827.202795355623,0,,10564.727
2016-11-15 00:00:00+00:00,49.90464,50.25348,,72.77938,1.1711047,0.4166666666666667,-10.0,10912.955656892515,0.0,10902.955656892515,0,,10638.574
2016-11-16 00:00:00+00:00,50.08932,50.3766,,83.384636,1.1051475,0.46153846153846156,-10.0,10939.69228168896,0.0,10929.69228168896,0,,10664.639
2016-11-17 00:00:00+00:00,50.3766,50.41764,,85.49383,1.0758332,0.4166666666666667,-10.0,10948.604589553752,0.0,10938.604589553752,0,,10673.326
2016-11-18 00:00:00+00:00,50.43816,50.10984,,85.582825,1.0787646,0.46153846153846156,-10.0,10881.76329567728,0.0,10871.76329567728,0,,10608.165
2016-11-21 00:00:00+00:00,50.33556,50.54076,,79.73857,1.0553131,0.3888888888888889,-10.0,10975.341233831448,0.0,10965.341233831448,0,,10699.391
2016-11-22 00:00:00+00:00,50.66388,50.9922,,85.20901,1.0010817,0.46153846153846156,-10.0,11073.375537414326,0.0,11063.375537414326,0,,10794.959
2016-11-23 00:00:00+00:00,50.97168,51.36156,,89.96861,0.974699,0.4166666666666667,-10.0,11153.585688822033,0.0,11143.585688822033,0,,10873.152
2016-11-25 00:00:00+00:00,51.5052,51.93612,,91.04477,0.9585762,0.4166666666666667,-10.0,11278.356387493262,0.0,11268.356387493262,0,,10994.786
2016-11-28 00:00:00+00:00,51.64884,50.91012,,90.96385,0.9453847,0.4166666666666667,-10.0,11055.55171898993,0.0,11045.55171898993,0,,10777.583
2016-11-29 00:00:00+00:00,51.07428,50.91012,,77.142845,0.9688361,0.47317073170731705,-10.0,11055.55171898993,0.0,11045.55171898993,0,,10777.583
2016-11-30 00:00:00+00:00,50.8896,51.44364,,74.27651,0.8691676,0.47317073170731705,-10.0,11171.410458797107,0.0,11161.410458797107,0,,10890.529
2016-12-01 00:00:00+00:00,51.68988,51.73092,,73.85621,0.78855354,0.47317073170731705,-10.0,11233.795627223424,0.0,11223.795627223424,0,,10951.346
2016-12-02 00:00:00+00:00,51.62832,51.83352,,78.688515,0.8032107,0.47317073170731705,-10.0,11256.075445025152,0.0,11246.075445025152,0,,10973.066
2016-12-05 00:00:00+00:00,52.96212,53.53668,,77.19297,0.797348,0.46153846153846156,-10.0,11625.93041444195,0.0,11615.93041444195,0,,11333.622
2016-12-06 00:00:00+00:00,53.70084,53.98812,,78.82735,0.8017453,0.47317073170731705,-10.0,11723.964774111153,0.0,11713.964774111153,0,,11429.191
2016-12-07 00:00:00+00:00,54.09072,55.48608,,79.166664,0.80907387,0.4166666666666667,-10.0,12049.258854504365,0.0,12039.258854504365,0,,11746.308
2016-12-08 00:00:00+00:00,55.5066,53.84448,,82.849594,0.905811,0.01,-10.0,11692.771430184823,0.0,11682.771430184823,0,,11398.783
2016-12-09 00:00:00+00:00,54.13176,54.41904,,68.27132,1.0201367,0.46153846153846156,-10.0,11817.542434984443,0.0,11807.542434984443,0,,11520.417
2016-12-12 00:00:00+00:00,53.98812,53.33148,,72.340416,1.0641085,0.01,-10.0,11581.369315552065,0.0,11571.369315552065,0,,11290.182
2016-12-13 00:00:00+00:00,53.57772,54.13176,,63.545795,1.1461887,0.4166666666666667,-10.0,11755.157339346128,0.0,11745.157339346128,0,,11459.601
2016-12-14 00:00:00+00:00,54.23436,54.74736,,64.739876,1.1769687,0.01,-10.0,11888.83944067946,0.0,11878.83944067946,0,,11589.922
2016-12-15 00:00:00+00:00,55.36296,56.04012,,65.536705,1.206283,0.4166666666666667,-10.0,12169.573156462659,0.0,12159.573156462659,0,,11863.597
2016-12-16 00:00:00+00:00,56.18376,56.49156,,67.66783,1.2487888,0.01,-10.0,12267.607428134565,0.0,12257.607428134565,0,,11959.165
2016-12-19 00:00:00+00:00,56.5326,56.8404,,75.2788,1.2312001,0.3888888888888889,-10.0,12343.360409413148,0.0,12333.360409413148,0,,12033.013
2016-12-20 00:00:00+00:00,56.96352,56.92248,,76.036026,1.237063,0.01,-10.0,12361.185472641711,0.0,12351.185472641711,0,,12050.391
2016-12-21 00:00:00+00:00,57.10716,56.90196,,75.04688,1.2106802,0.01,-10.0,12356.728665807728,0.0,12346.728665807728,0,,12046.045
2016-12-22 00:00:00+00:00,56.98404,56.3274,,74.230736,1.1901602,0.01,-10.0,12231.95876240831,0.0,12221.95876240831,0,,11924.412
2016-12-23 00:00:00+00:00,56.20428,56.16324,,70.165726,1.2297344,0.01,-10.0,12196.309590600144,0.0,12186.309590600144,0,,11889.659
2016-12-27 00:00:00+00:00,56.45052,56.28636,,63.675194,1.1300659,0.01,-10.0,12223.047058052567,0.0,12213.047058052567,0,,11915.725
2016-12-28 00:00:00+00:00,56.47104,55.5066,,62.389362,1.119806,0.01,-10.0,12053.715193554086,0.0,12043.715193554086,0,,11750.65
2016-12-29 00:00:00+00:00,55.67076,55.917,,50.1199,1.0494516,0.4166666666666667,-10.0,12142.836961724657,0.0,12132.836961724657,0,,11837.531
2016-12-30 00:00:00+00:00,55.917,55.8144,,64.14564,0.9336602,0.3888888888888889,-10.0,12120.556441939389,0.0,12110.556441939389,0,,11815.812
2017-01-03 00:00:00+00:00,56.57364,56.20428,,60.17961,0.89408576,0.3888888888888889,-10.0,12205.22224654348,0.0,12195.22224654348,0,,11898.349
2017-01-04 00:00:00+00:00,57.3,58.0,,73.333305,0.8691684,0.4166666666666667,-10.0,12595.17760509729,0.0,12585.17760509729,0,,12278.5
2017-01-05 00:00:00+00:00,58.06,57.32,,77.04514,1.057191,0.4166666666666667,-10.0,12447.510301739723,0.0,12437.510301739723,0,,12134.545
2017-01-06 00:00:00+00:00,57.18,57.47,,67.82631,1.0835711,0.4166666666666667,-10.0,12480.083971428876,0.0,12470.083971428876,0,,12166.3
2017-01-09 00:00:00+00:00,57.3,56.96,,61.77227,1.0745054,0.4166666666666667,-10.0,12369.332741779917,0.0,12359.332741779917,0,,12058.333
2017-01-10 00:00:00+00:00,56.96,56.02,,53.819828,1.0880572,0.47317073170731705,-10.0,12165.204147050652,0.0,12155.204147050652,0,,11859.337
2017-01-11 00:00:00+00:00,55.76,56.0,,43.898384,1.1165714,0.47317073170731705,-10.0,12160.86078204654,0.0,12150.86078204654,0,,11855.103
2017-01-12 00:00:00+00:00,56.11,55.4,,43.075226,1.1125257,0.47317073170731705,-10.0,12030.56648710054,0.0,12020.56648710054,0,,11728.084
2017-01-13 00:00:00+00:00,55.57,56.22,,39.627666,1.1672742,0.5714285714285714,-10.0,12208.635509605569,0.0,12198.635509605569,0,,11901.676
2017-01-17 00:00:00+00:00,56.32,56.09,,49.282635,1.1503056,0.47317073170731705,-10.0,12180.404722412082,0.0,12170.404722412082,0,,11874.155
2017-01-18 00:00:00+00:00,56.13,56.95,,49.508564,1.1667055,0.5714285714285714,-10.0,12367.160295516369,0.0,12357.160295516369,0,,12056.215
2017-01-19 00:00:00+00:00,57.49,57.5,,54.05233,1.1950256,0.47317073170731705,-10.0,12486.597647241586,0.0,12476.597647241586,0,,12172.648
2017-01-20 00:00:00+00:00,57.54,57.7,,62.52356,1.1844485,0.47317073170731705,-10.0,12530.029638121505,0.0,12520.029638121505,0,,12214.988
2017-01-23 00:00:00+00:00,57.71,57.75,,61.505898,1.1760428,0.47317073170731705,-10.0,12540.887313845475,0.0,12530.887313845475,0,,12225.573
2017-01-24 00:00:00+00:00,58.01,58.1,,62.576015,1.1755687,0.47317073170731705,-10.0,12616.892619020768,0.0,12606.892619020768,0,,12299.668
2017-01-25 00:00:00+00:00,58.1,58.78,,62.381054,1.1268374,0.3888888888888889,-10.0,12764.560327100042,0.0,12754.560327100042,0,,12443.622
2017-01-26 00:00:00+00:00,59.05,58.75,,55.96329,0.9328575,0.4166666666666667,-10.0,12758.046125606741,0.0,12748.046125606741,0,,12437.272
2017-01-27 00:00:00+00:00,58.87,58.55,,62.13922,0.8621434,0.4166666666666667,-10.0,12714.614423564048,0.0,12704.614423564048,0,,12394.933
2017-01-30 00:00:00+00:00,58.24,58.04,,59.090893,0.8050003,0.3888888888888889,-10.0,12603.863729132338,0.0,12593.863729132338,0,,12286.966
2017-01-31 00:00:00+00:00,57.77,57.58,,59.09093,0.8000001,0.46153846153846156,-10.0,12503.970924736244,0.0,12493.970924736244,0,,12189.585
2017-02-01 00:00:00+00:00,57.93,57.35,,64.285736,0.7464286,0.47317073170731705,-10.0,12454.023506793777,0.0,12444.023506793777,0,,12140.894
2017-02-02 00:00:00+00:00,57.53,57.3,,61.90475,0.76642853,0.47317073170731705,-10.0,12443.165626568962,0.0,12433.165626568962,0,,12130.31
2017-02-03 00:00:00+00:00,57.33,57.8,,68.55467,0.71357125,0.4670327542197077,-10.0,12551.744699604586,0.0,12541.744699604586,0,,12236.159
2017-02-06 00:00:00+00:00,57.56,57.72,,66.45831,0.69,0.46153846153846156,-10.0,12534.372835767057,0.0,12524.372835767057,0,,12219.224
2017-02-07 00:00:00+00:00,57.98,57.81,,67.15792,0.70428574,0.47317073170731705,-10.0,12553.917150710828,0.0,12543.917150710828,0,,12238.277
2017-02-08 00:00:00+00:00,57.72,58.26,,60.80404,0.6814286,0.47317073170731705,-10.0,12651.636954543594,0.0,12641.636954543594,0,,12333.54
2017-02-09 00:00:00+00:00,58.26,58.64,,59.793808,0.6814286,0.4166666666666667,-10.0,12734.157715552792,0.0,12724.157715552792,0,,12413.985
2017-02-10 00:00:00+00:00,58.84,58.69,,61.576355,0.6921428,0.46153846153846156,-10.0,12745.01618338671,0.0,12735.01618338671,0,,12424.571
2017-02-13 00:00:00+00:00,58.87,58.85,,61.576355,0.6714284,0.4166666666666667,-10.0,12779.761611364494,0.0,12769.761611364494,0,,12458.443
2017-02-14 00:00:00+00:00,58.79,58.47,,59.689934,0.66714257,0.47317073170731705,-10.0,12697.242297366229,0.0,12687.242297366229,0,,12377.999
2017-02-15 00:00:00+00:00,58.42,59.46,,45.658287,0.6421427,0.47317073170731705,-10.0,12912.229111920456,0.0,12902.229111920456,0,,12587.581
2017-02-16 00:00:00+00:00,59.54,59.24,,57.83665,0.7671427,0.6,-10.0,12864.455171959658,0.0,12854.455171959658,0,,12541.008
2017-02-17 00:00:00+00:00,59.03,58.5,,57.582466,0.8257144,0.47317073170731705,-10.0,12703.757751827005,0.0,12693.757751827005,0,,12384.352
2017-02-21 00:00:00+00:00,58.65,58.02,,54.811714,0.84428596,0.47317073170731705,-10.0,12599.521948439913,0.0,12589.521948439913,0,,12282.736
2017-02-22 00:00:00+00:00,57.87,57.85,,54.58333,0.8585717,0.47317073170731705,-10.0,12562.604780541413,0.0,12552.604780541413,0,,12246.747
2017-02-23 00:00:00+00:00,58.09,57.21,,55.274273,0.83428603,0.47317073170731705,-10.0,12423.62344131882,0.0,12413.62344131882,0,,12111.26
2017-02-24 00:00:00+00:00,57.32,57.78,,49.15572,0.8721433,0.47317073170731705,-10.0,12547.403405763283,0.0,12537.403405763283,0,,12231.927
2017-02-27 00:00:00+00:00,57.77,58.02,,49.81481,0.89428604,0.47317073170731705,-10.0,12599.521912703936,0.0,12589.521912703936,0,,12282.735
2017-02-28 00:00:00+00:00,58.04,57.2,,52.697838,0.8835716,0.47317073170731705,-10.0,12421.452414207466,0.0,12411.452414207466,0,,12109.143
2017-03-01 00:00:00+00:00,57.89,57.7,,45.151024,0.9207145,0.6,-10.0,12530.0315540572,0.0,12520.0315540572,0,,12214.992
2017-03-02 00:00:00+00:00,57.52,58.17,,45.583614,0.9228573,0.47317073170731705,-10.0,12632.095812643216,0.0,12622.095812643216,0,,12314.49
2017-03-03 00:00:00+00:00,57.72,57.75,,46.34524,0.942143,0.47317073170731705,-10.0,12540.889445253983,0.0,12530.889445253983,0,,12225.576
2017-03-06 00:00:00+00:00,57.44,57.31,,43.088238,1.037857,0.6,-10.0,12445.340116078687,0.0,12435.340116078687,0,,12132.43
2017-03-07 00:00:00+00:00,57.22,56.64,,39.1243,1.0557142,0.47317073170731705,-10.0,12299.843449029298,0.0,12289.843449029298,0,,11990.591
2017-03-08 00:00:00+00:00,56.93,56.29,,37.58478,1.0928571,0.6,-10.0,12223.838623792039,0.0,12213.838623792039,0,,11916.498
2017-03-09 00:00:00+00:00,56.31,55.84,,26.448736,0.9771429,0.6296296296296297,-10.0,12126.116933391268,0.0,12116.116933391268,0,,11821.233
2017-03-10 00:00:00+00:00,56.07,56.48,,25.5747,0.9392856,0.6296296296296297,-10.0,12265.097487309626,0.0,12255.097487309626,0,,11956.719
2017-03-13 00:00:00+00:00,56.5,57.51,,35.27696,0.90214264,0.47317073170731705,-10.0,12488.7701572581,0.0,12478.7701572581,0,,12174.769
2017-03-14 00:00:00+00:00,57.34,57.29,,46.55869,0.932857,0.5714285714285714,-10.0,12440.996034309295,0.0,12430.996034309295,0,,12128.195
2017-03-15 00:00:00+00:00,57.45,58.15,,46.246662,0.92571396,0.6,-10.0,12627.751689672421,0.0,12617.751689672421,0,,12310.256
2017-03-16 00:00:00+00:00,58.21,58.21,,56.119812,0.92499954,0.47317073170731705,-10.0,12640.780453309262,0.0,12630.780453309262,0,,12322.957
2017-03-17 00:00:00+00:00,58.59,57.92,,52.99861,0.91785675,0.47317073170731705,-10.0,12577.804152985693,0.0,12567.804152985693,0,,12261.564
2017-03-20 00:00:00+00:00,57.92,57.5,,49.30746,0.9264284,0.47317073170731705,-10.0,12486.598441630496,0.0,12476.598441630496,0,,12172.652
2017-03-21 00:00:00+00:00,57.89,56.69,,52.199413,0.9014282,0.4166666666666667,-10.0,12310.70020704289,0.0,12300.70020704289,0,,12001.177
2017-03-22 00:00:00+00:00,56.62,57.7,,42.917225,0.953571,0.6,-10.0,12530.029931121448,0.0,12520.029931121448,0,,12214.992
2017-03-23 00:00:00+00:00,57.81,58.32,,46.93613,0.9849998,0.47317073170731705,-10.0,12664.66720442132,0.0,12654.66720442132,0,,12346.244
2017-03-24 00:00:00+00:00,58.37,58.31,,53.621346,0.9428572,0.47317073170731705,-10.0,12662.496189702315,0.0,12652.496189702315,0,,12344.128
2017-03-27 00:00:00+00:00,57.96,57.85,,56.720436,0.9407144,0.4166666666666667,-10.0,12562.602856941274,0.0,12552.602856941274,0,,12246.746
2017-03-28 00:00:00+00:00,57.92,58.67,,58.36791,0.9385714,0.6,-10.0,12740.672483356599,0.0,12730.672483356599,0,,12420.339
2017-03-29 00:00:00+00:00,58.44,58.61,,65.45454,0.997857,0.47317073170731705,-10.0,12727.64340166647,0.0,12717.64340166647,0,,12407.637
2017-03-30 00:00:00+00:00,58.62,58.77,,68.94667,0.98285705,0.47317073170731705,-10.0,12762.388502867785,0.0,12752.388502867785,0,,12441.508
2017-03-31 00:00:00+00:00,58.66,58.46,,66.7643,0.9957142,0.46153846153846156,-10.0,12695.069044422577,0.0,12685.069044422577,0,,12375.881
2017-04-03 00:00:00+00:00,57.87,57.62,,57.77415,0.975714,0.47317073170731705,-10.0,12512.656485366244,0.0,12502.656485366244,0,,12198.055
2017-04-04 00:00:00+00:00,57.41,57.07,,52.451694,1.0449998,0.6267915425003547,-10.0,12393.219842985529,0.0,12383.219842985529,0,,12081.621
2017-04-05 00:00:00+00:00,57.31,56.75,,41.588768,1.0292857,0.47317073170731705,-10.0,12323.72947121769,0.0,12313.72947121769,0,,12013.878
2017-04-06 00:00:00+00:00,56.99,57.1,,39.071865,1.0485715,0.6,-10.0,12399.734985830235,0.0,12389.734985830235,0,,12087.972
2017-04-07 00:00:00+00:00,57.08,56.6,,43.916916,1.0321426,0.47317073170731705,-10.0,12291.155739636868,0.0,12281.155739636868,0,,11982.123
2017-04-10 00:00:00+00:00,57.35,57.18,,43.40175,1.0614283,0.6296296296296297,-10.0,12417.107511198363,0.0,12407.107511198363,0,,12104.908
2017-04-11 00:00:00+00:00,57.35,57.48,,53.717766,1.0064286,0.6296296296296297,-10.0,12482.254114624742,0.0,12472.254114624742,0,,12168.417
2017-04-12 00:00:00+00:00,57.62,57.42,,48.129242,0.9464286,0.6,-10.0,12469.224436976829,0.0,12459.224436976829,0,,12155.715
2017-04-13 00:00:00+00:00,57.39,57.11,,41.54134,0.90071434,0.6,-10.0,12401.906207742395,0.0,12391.906207742395,0,,12090.089
2017-04-17 00:00:00+00:00,57.34,57.33,,39.323833,0.89428574,0.5714285714285714,-10.0,12449.68142850646,0.0,12439.68142850646,0,,12136.663
2017-04-18 00:00:00+00:00,57.1,56.86,,45.167316,0.86214286,0.47317073170731705,-10.0,12347.616429598353,0.0,12337.616429598353,0,,12037.164
2017-04-19 00:00:00+00:00,57.17,56.92,,32.007973,0.83428574,0.6,-10.0,12360.644664201564,0.0,12350.644664201564,0,,12049.864
2017-04-20 00:00:00+00:00,57.09,57.59,,33.200768,0.84071434,0.6,-10.0,12506.141363467113,0.0,12496.141363467113,0,,12191.703
2017-04-21 00:00:00+00:00,57.64,57.35,,39.350178,0.89285713,0.6296296296296297,-10.0,12454.0228003008,0.0,12444.0228003008,0,,12140.8955
2017-04-24 00:00:00+00:00,58.0,58.04,,39.853745,0.8692856,0.47317073170731705,-10.0,12603.862578147846,0.0,12593.862578147846,0,,12286.967
2017-04-25 00:00:00+00:00,58.2,58.54,,53.947384,0.8271427,0.47317073170731705,-10.0,12712.442062738428,0.0,12702.442062738428,0,,12392.816
2017-04-26 00:00:00+00:00,58.38,60.6,,63.94687,0.8149997,0.4166666666666667,-10.0,13159.788177538867,0.0,13149.788177538867,0,,12828.915
2017-04-27 00:00:00+00:00,60.74,60.24,,77.460754,0.9392856,0.47317073170731705,-10.0,13081.611711997588,0.0,13071.611711997588,0,,12752.705
2017-04-28 00:00:00+00:00,60.36,58.97,,72.36469,0.95928574,0.47317073170731705,-10.0,12805.82070427803,0.0,12795.82070427803,0,,12483.849
2017-05-01 00:00:00+00:00,59.4,59.32,,65.21182,1.0142858,0.47317073170731705,-10.0,12881.8257102605,0.0,12871.8257102605,0,,12557.942
2017-05-02 00:00:00+00:00,61.46,61.49,,64.15344,1.0285712,0.47317073170731705,-10.0,13353.059355747904,0.0,13343.059355747904,0,,13017.329
2017-05-03 00:00:00+00:00,61.45,61.0,,71.26194,1.1642854,0.47317073170731705,-10.0,13246.651718300347,0.0,13236.651718300347,0,,12913.597
2017-05-04 00:00:00+00:00,61.15,60.5,,68.15417,1.2099997,0.46153846153846156,-10.0,13138.072735291651,0.0,13128.072735291651,0,,12807.747
2017-05-05 00:00:00+00:00,60.68,61.07,,66.86566,1.2464284,0.47317073170731705,-10.0,13261.852664272516,0.0,13251.852664272516,0,,12928.414
2017-05-08 00:00:00+00:00,61.07,60.68,,67.98076,1.252857,0.4166666666666667,-10.0,13177.161130450526,0.0,13167.161130450526,0,,12845.853
2017-05-09 00:00:00+00:00,61.8,62.33,,68.50775,1.2335714,0.46153846153846156,-10.0,13535.472879930061,0.0,13525.472879930061,0,,13195.154
2017-05-10 00:00:00+00:00,62.16,62.12,,72.71201,1.3785714,0.5714285714285714,-10.0,13489.86900023924,0.0,13479.86900023924,0,,13150.698
2017-05-11 00:00:00+00:00,61.8,62.21,,69.78165,1.3242857,0.47317073170731705,-10.0,13509.414062760805,0.0,13499.414062760805,0,,13169.751
2017-05-12 00:00:00+00:00,62.1,62.1,,71.504425,1.3500004,0.47317073170731705,-10.0,13485.526292728764,0.0,13475.526292728764,0,,13146.464
2017-05-15 00:00:00+00:00,62.24,62.62,,68.936554,1.3242863,0.4166666666666667,-10.0,13598.448940131068,0.0,13588.448940131068,0,,13256.548
2017-05-16 00:00:00+00:00,62.69,62.43,,68.9944,1.3214294,0.47317073170731705,-10.0,13557.18887390212,0.0,13547.18887390212,0,,13216.325
2017-05-17 00:00:00+00:00,61.82,61.3,,60.315678,1.1764292,0.4166666666666667,-10.0,13311.800207527698,0.0,13301.800207527698,0,,12977.106
2017-05-18 00:00:00+00:00,61.3,62.44,,55.49791,1.2157148,0.6296296296296297,-10.0,13559.35984647792,0.0,13549.35984647792,0,,13218.442
2017-05-19 00:00:00+00:00,62.8,63.85,,68.24393,1.207858,0.46153846153846156,-10.0,13865.553195405235,0.0,13855.553195405235,0,,13516.9375
2017-05-22 00:00:00+00:00,63.78,65.25,,71.42855,1.2407156,0.46153846153846156,-10.0,14169.57490321865,0.0,14159.57490321865,0,,13813.315
2017-05-23 00:00:00+00:00,65.5,65.49,,69.183655,1.1800014,0.47317073170731705,-10.0,14221.69178173579,0.0,14211.69178173579,0,,13864.123
2017-05-24 00:00:00+00:00,65.77,65.48,,73.507835,1.2064296,0.3888888888888889,-10.0,14219.521723785696,0.0,14209.521723785696,0,,13862.007
2017-05-25 00:00:00+00:00,65.76,65.13,,77.48347,1.2078582,0.01,-10.0,14143.515176027971,0.0,14133.515176027971,0,,13787.911
2017-05-26 00:00:00+00:00,65.16,65.34,,72.963776,1.2335728,0.01,-10.0,14189.117456521473,0.0,14179.117456521473,0,,13832.366
2017-05-30 00:00:00+00:00,65.26,65.54,,76.90528,1.2135726,0.01,-10.0,14232.549450116967,0.0,14222.549450116967,0,,13874.706
2017-05-31 00:00:00+00:00,65.85,66.47,,72.26072,1.059287,0.01,-10.0,14434.507040541477,0.0,14424.507040541477,0,,14071.586
2017-06-01 00:00:00+00:00,66.71,66.64,,77.42749,1.089287,0.3888888888888889,-10.0,14471.42352466468,0.0,14461.42352466468,0,,14107.574
2017-06-02 00:00:00+00:00,66.97,67.41,,77.65293,1.1128584,0.01,-10.0,14638.636742805127,0.0,14628.636742805127,0,,14270.583
2017-06-05 00:00:00+00:00,67.67,66.99,,80.62285,1.1521441,0.01,-10.0,14547.429359172533,0.0,14537.429359172533,0,,14181.669
2017-06-06 00:00:00+00:00,66.58,65.76,,75.49588,1.1642867,0.01,-10.0,14280.325277247004,0.0,14270.325277247004,0,,13921.28
2017-06-07 00:00:00+00:00,65.76,66.15,,67.3257,1.2164294,0.3888888888888889,-10.0,14365.017061932025,0.0,14355.017061932025,0,,14003.842
2017-06-08 00:00:00+00:00,65.26,65.02,,77.33934,1.1764292,0.01,-10.0,14119.62733637318,0.0,14109.62733637318,0,,13764.622
2017-06-09 00:00:00+00:00,65.35,64.75,,64.55979,1.1507146,0.47317073170731705,-10.0,14060.99507001442,0.0,14050.99507001442,0,,13707.464
2017-06-12 00:00:00+00:00,66.31,65.85,,55.829018,1.1671431,0.6,-10.0,14299.86883148148,0.0,14289.86883148148,0,,13940.332
2017-06-13 00:00:00+00:00,66.14,66.45,,54.043114,1.1714287,0.6296296296296297,-10.0,14430.164128897388,0.0,14420.164128897388,0,,14067.352
2017-06-14 00:00:00+00:00,66.62,66.25,,56.169655,1.125715,0.47317073170731705,-10.0,14386.733136670271,0.0,14376.733136670271,0,,14025.013
2017-06-15 00:00:00+00:00,65.81,66.85,,54.83059,1.110715,0.6,-10.0,14517.027565717273,0.0,14507.027565717273,0,,14152.031
2017-06-16 00:00:00+00:00,67.27,66.41,,60.46229,1.1450005,0.46153846153846156,-10.0,14421.478770914588,0.0,14411.478770914588,0,,14058.885
2017-06-19 00:00:00+00:00,66.59,66.84,,56.331406,1.1650003,0.6296296296296297,-10.0,14514.855719681562,0.0,14504.855719681562,0,,14149.914
2017-06-20 00:00:00+00:00,67.04,65.88,,57.488464,1.1964285,0.47317073170731705,-10.0,14306.384170618054,0.0,14296.384170618054,0,,13946.684
2017-06-21 00:00:00+00:00,66.3,65.6,,46.61306,1.2071425,0.6,-10.0,14245.580475697161,0.0,14235.580475697161,0,,13887.409
2017-06-22 00:00:00+00:00,65.45,65.2,,44.104294,1.1992853,0.47317073170731705,-10.0,14158.717262952936,0.0,14148.717262952936,0,,13802.7295
2017-06-23 00:00:00+00:00,65.1,65.4,,36.923008,1.1778564,0.47317073170731705,-10.0,14202.15072310837,0.0,14192.15072310837,0,,13845.072
2017-06-26 00:00:00+00:00,65.38,65.23,,40.340218,1.1764276,0.46153846153846156,-10.0,14165.234241074953,0.0,14155.234241074953,0,,13809.084
2017-06-27 00:00:00+00:00,65.05,63.45,,46.304043,1.1142851,0.47317073170731705,-10.0,13778.692206342823,0.0,13768.692206342823,0,,13432.261
2017-06-28 00:00:00+00:00,63.8,63.36,,34.228943,1.1828569,0.6,-10.0,13759.147526395533,0.0,13749.147526395533,0,,13413.208
2017-06-29 00:00:00+00:00,63.25,62.25,,38.962765,1.1407144,0.47317073170731705,-10.0,13518.10187962013,0.0,13508.10187962013,0,,13178.223
2017-06-30 00:00:00+00:00,62.65,61.85,,35.04782,1.1307142,0.47317073170731705,-10.0,13431.238094160473,0.0,13421.238094160473,0,,13093.542
2017-07-03 00:00:00+00:00,61.98,61.31,,23.8903,1.0864285,0.6,-10.0,13313.973054862152,0.0,13303.973054862152,0,,12979.225
2017-07-05 00:00:00+00:00,61.31,61.51,,16.184181,1.0821427,0.6296296296296297,-10.0,13357.403807458202,0.0,13347.403807458202,0,,13021.563
2017-07-06 00:00:00+00:00,61.02,61.08,56.310776,18.815725,1.0878565,0.6,-10.0,13264.026589917823,0.0,13254.026589917823,0,,12930.534
2017-07-07 00:00:00+00:00,61.21,61.76,56.37999,11.170873,1.0492853,0.5714285714285714,-10.0,13411.69282717743,0.0,13401.69282717743,0,,13074.487
2017-07-10 00:00:00+00:00,61.76,62.2,56.44963,19.687006,1.0564281,0.6,-10.0,13507.243413177328,0.0,13497.243413177328,0,,13167.635
2017-07-11 00:00:00+00:00,61.89,62.46,56.52147,19.791681,1.0314285,0.6,-10.0,13563.70468664285,0.0,13553.70468664285,0,,13222.677
2017-07-12 00:00:00+00:00,62.8,61.93,56.59194,25.50143,0.9892859,0.6296296296296297,-10.0,13448.610732640002,0.0,13438.610732640002,0,,13110.477
2017-07-13 00:00:00+00:00,62.04,62.08,56.659454,24.619638,0.9935717,0.47317073170731705,-10.0,13481.184536644883,0.0,13471.184536644883,0,,13142.231
2017-07-14 00:00:00+00:00,61.96,62.45,56.734386,27.650452,0.9857148,0.47317073170731705,-10.0,13561.53222986098,0.0,13551.53222986098,0,,13220.56
2017-07-17 00:00:00+00:00,62.4,62.62,56.810043,29.370596,0.9850009,0.6296296296296297,-10.0,13598.448675172154,0.0,13588.448675172154,0,,13256.548
2017-07-18 00:00:00+00:00,62.56,62.49,56.8886,31.748196,0.99428666,0.47317073170731705,-10.0,13570.21870132503,0.0,13560.21870132503,0,,13229.026
2017-07-19 00:00:00+00:00,62.44,62.12,56.966915,41.272713,0.90571487,0.6,-10.0,13489.869352222519,0.0,13479.869352222519,0,,13150.698
2017-07-20 00:00:00+00:00,62.11,62.01,57.04225,39.27332,0.88142914,0.47317073170731705,-10.0,13465.981567229754,0.0,13455.981567229754,0,,13127.41
2017-07-21 00:00:00+00:00,61.88,62.47,57.117554,47.489517,0.81142914,0.6,-10.0,13565.87431474705,0.0,13555.87431474705,0,,13224.791
2017-07-24 00:00:00+00:00,62.5,62.01,57.195667,56.405003,0.7800007,0.47317073170731705,-10.0,13465.981214911902,0.0,13455.981214911902,0,,13127.409
2017-07-25 00:00:00+00:00,62.32,63.08,57.272408,57.352917,0.781429,0.6,-10.0,13698.340844649765,0.0,13688.340844649765,0,,13353.927
2017-07-26 00:00:00+00:00,63.9,62.52,57.356647,63.94319,0.8064292,0.47317073170731705,-10.0,13576.73197449611,0.0,13566.73197449611,0,,13235.376
2017-07-27 00:00:00+00:00,62.83,62.56,57.439117,62.499973,0.92857224,0.6296296296296297,-10.0,13585.418316795944,0.0,13575.418316795944,0,,13243.844
2017-07-28 00:00:00+00:00,62.23,62.46,57.51768,57.812515,0.9350011,0.47317073170731705,-10.0,13563.702333141693,0.0,13553.702333141693,0,,13222.673
2017-07-31 00:00:00+00:00,62.81,62.53,57.598618,52.719643,0.92500114,0.46153846153846156,-10.0,13578.902991657846,0.0,13568.902991657846,0,,13237.492
2017-08-01 00:00:00+00:00,62.88,62.77,57.677853,50.762524,0.9100009,0.47317073170731705,-10.0,13631.021285851877,0.0,13621.021285851877,0,,13288.3
2017-08-02 00:00:00+00:00,62.69,61.98,57.758595,59.76741,0.8942866,0.47317073170731705,-10.0,13459.466159748106,0.0,13449.466159748106,0,,13121.058
2017-08-03 00:00:00+00:00,62.1,62.13,57.833645,48.987835,1.0157152,0.47317073170731705,-10.0,13492.040584727221,0.0,13482.040584727221,0,,13152.8125
2017-08-04 00:00:00+00:00,62.31,62.98,57.91088,46.610184,1.0071439,0.47317073170731705,-10.0,13676.624313716064,0.0,13666.624313716064,0,,13332.756
2017-08-07 00:00:00+00:00,63.34,63.77,57.98949,53.33333,1.0285723,0.47317073170731705,-10.0,13848.179489114229,0.0,13838.179489114229,0,,13499.998
2017-08-08 00:00:00+00:00,62.84,62.08,58.071335,60.561012,1.0514295,0.47317073170731705,-10.0,13481.182282150365,0.0,13471.182282150365,0,,13142.229
2017-08-09 00:00:00+00:00,61.76,61.37,58.145756,49.72902,1.1564293,0.6296296296296297,-10.0,13326.999623053842,0.0,13316.999623053842,0,,12991.922
2017-08-10 00:00:00+00:00,60.99,61.0,58.21755,45.989986,1.1828578,0.6,-10.0,13246.651011468231,0.0,13236.651011468231,0,,12913.593
2017-08-11 00:00:00+00:00,60.92,61.3,58.287186,40.68442,1.1907147,0.6296296296296297,-10.0,13311.797766147687,0.0,13301.797766147687,0,,12977.102
2017-08-14 00:00:00+00:00,61.87,61.75,58.360474,45.407516,1.1900005,0.47317073170731705,-10.0,13409.518449536323,0.0,13399.518449536323,0,,13072.365
2017-08-15 00:00:00+00:00,61.97,62.21,58.44022,40.646973,1.1350005,0.47317073170731705,-10.0,13509.411162118855,0.0,13499.411162118855,0,,13169.746
2017-08-16 00:00:00+00:00,62.3,62.44,58.522987,47.788864,1.0028574,0.47317073170731705,-10.0,13559.357574894604,0.0,13549.357574894604,0,,13218.4375
2017-08-17 00:00:00+00:00,62.03,60.82,58.606903,49.16665,0.97285736,0.47317073170731705,-10.0,13207.56155323804,0.0,13197.56155323804,0,,12875.486
2017-08-18 00:00:00+00:00,60.72,61.06,58.679127,40.596336,1.0614287,0.99,-10.0,13259.679461541215,0.0,13249.679461541215,0,,12926.294
2017-08-21 00:00:00+00:00,61.21,61.78,58.754192,41.7323,1.0907143,0.5714285714285714,-10.0,13416.032123858771,0.0,13406.032123858771,0,,13078.715
2017-08-22 00:00:00+00:00,61.88,63.32,58.834293,44.717175,1.0857143,0.47317073170731705,-10.0,13750.455425225025,0.0,13740.455425225025,0,,13404.7295
2017-08-23 00:00:00+00:00,62.89,63.12,58.922302,56.620556,1.0349998,0.47317073170731705,-10.0,13707.023658363734,0.0,13697.023658363734,0,,13362.39
2017-08-24 00:00:00+00:00,63.47,62.91,59.006126,54.86725,1.035714,0.47317073170731705,-10.0,13661.421042319518,0.0,13651.421042319518,0,,13317.935
2017-08-25 00:00:00+00:00,63.16,63.48,59.08562,49.63274,1.0271426,0.47317073170731705,-10.0,13785.200375710885,0.0,13775.200375710885,0,,13438.602
2017-08-28 00:00:00+00:00,63.72,63.17,59.163963,48.442528,1.020714,0.46153846153846156,-10.0,13717.880788719673,0.0,13707.880788719673,0,,13372.975
2017-08-29 00:00:00+00:00,62.82,62.89,59.237576,56.872612,0.9364286,0.47317073170731705,-10.0,13657.077107884166,0.0,13647.077107884166,0,,13313.7
2017-08-30 00:00:00+00:00,62.93,64.32,59.311325,60.133343,0.9042857,0.47317073170731705,-10.0,13967.613080555071,0.0,13957.613080555071,0,,13616.429
2017-08-31 00:00:00+00:00,64.33,64.33,59.38966,69.392525,0.9921431,0.4166666666666667,-10.0,13969.784330833669,0.0,13959.784330833669,0,,13618.546
2017-09-01 00:00:00+00:00,64.7,64.59,59.46179,68.319244,0.9878575,0.46153846153846156,-10.0,14026.243948230054,0.0,14016.243948230054,0,,13673.586
2017-09-05 00:00:00+00:00,64.42,63.6,59.53347,67.57425,0.9842864,0.3888888888888889,-10.0,13811.258180774279,0.0,13801.258180774279,0,,13464.005
2017-09-06 00:00:00+00:00,63.8,63.67,59.599586,58.072014,1.0492859,0.6,-10.0,13826.459671508272,0.0,13816.459671508272,0,,13478.824
2017-09-07 00:00:00+00:00,63.88,63.89,59.665848,57.27811,1.0528573,0.46153846153846156,-10.0,13874.233978470604,0.0,13864.233978470604,0,,13525.396
2017-09-08 00:00:00+00:00,63.89,65.14,59.73475,71.77306,0.97285736,0.47317073170731705,-10.0,14145.681521258937,0.0,14135.681521258937,0,,13790.02
2017-09-11 00:00:00+00:00,65.67,65.95,59.807743,75.31018,1.0164286,0.47317073170731705,-10.0,14321.579124232221,0.0,14311.579124232221,0,,13961.495
2017-09-12 00:00:00+00:00,65.98,66.07,59.882534,75.58283,1.0392859,0.46153846153846156,-10.0,14347.638821353874,0.0,14337.638821353874,0,,13986.899
2017-09-13 00:00:00+00:00,65.87,66.68,59.956078,70.430916,0.96785706,0.3888888888888889,-10.0,14480.105409263935,0.0,14470.105409263935,0,,14116.036
2017-09-14 00:00:00+00:00,66.6,66.52,60.029797,74.93,0.992857,0.4166666666666667,-10.0,14445.359472657638,0.0,14435.359472657638,0,,14082.163
2017-09-15 00:00:00+00:00,66.46,66.63,60.107845,75.45837,0.98785675,0.4166666666666667,-10.0,14469.247348525088,0.0,14459.247348525088,0,,14105.451
2017-09-18 00:00:00+00:00,66.59,66.56,60.186443,73.75564,0.98928535,0.46153846153846156,-10.0,14454.046080700611,0.0,14444.046080700611,0,,14090.632
2017-09-19 00:00:00+00:00,66.56,66.89,60.262028,76.52582,0.9628563,0.46153846153846156,-10.0,14525.708003214613,0.0,14515.708003214613,0,,14160.492
2017-09-20 00:00:00+00:00,67.02,67.04,60.337822,81.055885,0.97857064,0.46153846153846156,-10.0,14558.282849834752,0.0,14548.282849834752,0,,14192.249
2017-09-21 00:00:00+00:00,66.99,67.34,60.413853,76.35658,0.88785636,0.4166666666666667,-10.0,14623.42939400717,0.0,14613.42939400717,0,,14255.758
2017-09-22 00:00:00+00:00,67.34,68.19,60.482872,77.61465,0.88571304,0.4166666666666667,-10.0,14808.015018322174,0.0,14798.015018322174,0,,14435.702
2017-09-25 00:00:00+00:00,68.19,68.71,60.55388,79.80133,0.9285701,0.4166666666666667,-10.0,14920.936484280179,0.0,14910.936484280179,0,,14545.785
2017-09-26 00:00:00+00:00,69.08,69.5,60.62,95.87068,0.90571296,0.4166666666666667,-10.0,15092.49169379436,0.0,15082.49169379436,0,,14713.027
2017-09-27 00:00:00+00:00,69.69,69.11,60.698277,96.34335,0.9128557,0.4166666666666667,-10.0,15007.800489335154,0.0,14997.800489335154,0,,14630.466
2017-09-28 00:00:00+00:00,69.03,69.36,60.771732,90.40244,0.9421411,0.3888888888888889,-10.0,15062.089795242508,0.0,15052.089795242508,0,,14683.39
2017-09-29 00:00:00+00:00,68.95,69.45,60.851875,88.64465,0.8692845,0.01,-10.0,15081.632463743816,0.0,15071.632463743816,0,,14702.44
2017-10-02 00:00:00+00:00,69.25,69.43,60.928467,86.91979,0.85856956,0.01,-10.0,15077.289707089056,0.0,15067.289707089056,0,,14698.207
2017-10-03 00:00:00+00:00,69.49,68.86,61.00188,86.20691,0.854284,0.01,-10.0,14953.509601075304,0.0,14943.509601075304,0,,14577.539
2017-10-04 00:00:00+00:00,68.87,68.91,61.06598,73.69566,0.83714134,0.4166666666666667,-10.0,14964.367400960595,0.0,14954.367400960595,0,,14588.124
2017-10-05 00:00:00+00:00,68.94,69.37,61.12807,76.61479,0.80999863,0.01,-10.0,15064.259979246717,0.0,15054.259979246717,0,,14685.505
2017-10-06 00:00:00+00:00,69.36,69.48,61.19072,78.30586,0.8092842,0.01,-10.0,15088.147707251643,0.0,15078.147707251643,0,,14708.792
2017-10-09 00:00:00+00:00,69.5,69.66,61.253506,79.918106,0.8107131,0.4166666666666667,-10.0,15127.235911870812,0.0,15117.235911870812,0,,14746.897
2017-10-10 00:00:00+00:00,69.8,69.92,61.317295,79.28126,0.7857132,0.3888888888888889,-10.0,15183.695652171558,0.0,15173.695652171558,0,,14801.9375
2017-10-11 00:00:00+00:00,70.0,70.22,61.385258,79.752106,0.76714164,0.3982940498499925,-10.0,15248.844334480782,0.0,15238.844334480782,0,,14865.448
2017-10-12 00:00:00+00:00,70.15,70.38,61.455544,79.75214,0.75428444,0.4166666666666667,-10.0,15283.58802041353,0.0,15273.58802041353,0,,14899.318
2017-10-13 00:00:00+00:00,70.58,71.16,61.526012,76.38557,0.7164274,0.3888888888888889,-10.0,15452.9724873799,0.0,15442.9724873799,0,,15064.443
2017-10-16 00:00:00+00:00,71.09,71.13,61.60428,77.777855,0.68999916,0.33360102059276725,-10.0,15446.455924658874,0.0,15436.455924658874,0,,15058.091
2017-10-17 00:00:00+00:00,71.04,71.22,61.680344,72.32872,0.67785645,0.17504105868824302,-10.0,15466.000130704064,0.0,15456.000130704064,0,,15077.144
2017-10-18 00:00:00+00:00,71.54,71.06,61.75737,81.49249,0.6385711,0.3888888888888889,-10.0,15431.253932233085,0.0,15421.253932233085,0,,15043.271
2017-10-19 00:00:00+00:00,70.95,71.1,61.83165,76.073494,0.6442855,0.3888888888888889,-10.0,15439.940281752339,0.0,15429.940281752339,0,,15051.739
2017-10-20 00:00:00+00:00,71.37,71.04,61.89715,75.70084,0.6285716,0.3888888888888889,-10.0,15426.911705702012,0.0,15416.911705702012,0,,15039.039
2017-10-23 00:00:00+00:00,71.27,70.42,61.96575,74.76913,0.6542865,0.01,-10.0,15292.273474145359,0.0,15282.273474145359,0,,14907.786
2017-10-24 00:00:00+00:00,70.79,71.14,62.0305,73.63619,0.6607148,0.46153846153846156,-10.0,15448.626913396603,0.0,15438.626913396603,0,,15060.208
2017-10-25 00:00:00+00:00,71.16,71.32,62.1014,78.08547,0.68285805,0.46153846153846156,-10.0,15487.715294476855,0.0,15477.715294476855,0,,15098.313
2017-10-26 00:00:00+00:00,72.1,72.48,62.1779,76.4226,0.66785866,0.4166666666666667,-10.0,15739.619828228238,0.0,15729.619828228238,0,,15343.884
2017-10-27 00:00:00+00:00,71.8,71.91,62.2603,81.64543,0.7771443,0.4166666666666667,-10.0,15615.83973025868,0.0,15605.83973025868,0,,15223.216
2017-10-30 00:00:00+00:00,71.76,72.65,62.34285,71.92974,0.8278585,0.4166666666666667,-10.0,15776.536445241052,0.0,15766.536445241052,0,,15379.872
2017-10-31 00:00:00+00:00,72.65,72.28,62.425,74.33148,0.8750016,0.4166666666666667,-10.0,15696.186884676292,0.0,15686.186884676292,0,,15301.544
2017-11-01 00:00:00+00:00,72.93,72.44,62.50595,68.133705,0.880716,0.4166666666666667,-10.0,15730.933792679198,0.0,15720.933792679198,0,,15335.417
2017-11-02 00:00:00+00:00,72.97,72.44,62.5834,68.13375,0.890716,0.01,-10.0,15730.933792679198,0.0,15720.933792679198,0,,15335.417
2017-11-03 00:00:00+00:00,72.38,73.16,62.6581,63.061146,0.92071587,0.3888888888888889,-10.0,15887.288466402444,0.0,15877.288466402444,0,,15487.84
2017-11-06 00:00:00+00:00,72.59,73.39,62.7354,68.15742,0.9350014,0.3888888888888889,-10.0,15937.234723449616,0.0,15927.234723449616,0,,15536.531
2017-11-07 00:00:00+00:00,73.4,72.61,62.8136,68.93538,0.9607157,0.4166666666666667,-10.0,15767.851182057944,0.0,15757.851182057944,0,,15371.406
2017-11-08 00:00:00+00:00,72.67,72.9,62.88615,62.204735,1.0000011,0.4166666666666667,-10.0,15830.827791050004,0.0,15820.827791050004,0,,15432.799
2017-11-09 00:00:00+00:00,72.4,72.05,62.95675,63.636375,1.0214293,0.25612922309766956,-10.0,15646.243489241086,0.0,15636.243489241086,0,,15252.856
2017-11-10 00:00:00+00:00,72.22,72.69,63.02325,56.83357,1.0435721,0.46153846153846156,-10.0,15785.22533072865,0.0,15775.22533072865,0,,15388.344
2017-11-13 00:00:00+00:00,72.45,72.62,63.09395,65.31716,1.0664297,0.46153846153846156,-10.0,15770.024590603278,0.0,15760.024590603278,0,,15373.524
2017-11-14 00:00:00+00:00,71.93,72.91,63.16685,60.946766,1.0471437,0.3976663059448712,-10.0,15833.00048049593,0.0,15823.00048049593,0,,15434.917
2017-11-15 00:00:00+00:00,72.53,73.38,63.2435,61.572075,1.0828574,0.4166666666666667,-10.0,15935.063838443139,0.0,15925.063838443139,0,,15534.414
2017-11-16 00:00:00+00:00,73.75,74.02,63.32365,57.281513,1.0442859,0.47317073170731705,-10.0,16074.044832144598,0.0,16064.044832144598,0,,15669.9
2017-11-17 00:00:00+00:00,74.05,74.11,63.40725,66.87997,1.0307143,0.3888888888888889,-10.0,16093.589821884001,0.0,16083.589821884001,0,,15688.953
2017-11-20 00:00:00+00:00,74.17,74.31,63.4888,63.03571,0.9850001,0.3888888888888889,-10.0,16137.020947332683,0.0,16127.020947332683,0,,15731.293
2017-11-21 00:00:00+00:00,74.76,75.64,63.57175,68.69247,0.9835712,0.01,-10.0,16425.840759631887,0.0,16415.840759631887,0,,16012.851
2017-11-22 00:00:00+00:00,75.71,75.68,63.6609,74.24243,1.0628569,0.4166666666666667,-10.0,16434.52694804476,0.0,16424.52694804476,0,,16021.318
2017-11-24 00:00:00+00:00,75.78,75.76,63.748,74.397606,1.028571,0.3888888888888889,-10.0,16451.900675005807,0.0,16441.900675005807,0,,16038.256
2017-11-27 00:00:00+00:00,75.76,76.0,63.8336,71.66668,0.9992856,0.01,-10.0,16504.018119108285,0.0,16494.018119108285,0,,16089.0625
2017-11-28 00:00:00+00:00,76.05,76.13,63.92015,71.71384,0.97285736,0.01,-10.0,16532.24880481813,0.0,16522.24880481813,0,,16116.583
2017-11-29 00:00:00+00:00,76.13,76.56,64.00655,82.83583,0.942143,0.01,-10.0,16625.62716754781,0.0,16615.62716754781,0,,16207.614
2017-11-30 00:00:00+00:00,76.57,77.56,64.097,83.272736,0.9264292,0.01,-10.0,16842.785168389073,0.0,16832.785168389073,0,,16419.312
2017-12-01 00:00:00+00:00,77.27,77.25,64.1875,98.76106,0.9592863,0.3888888888888889,-10.0,16775.467098320027,0.0,16765.467098320027,0,,16353.686
2017-12-04 00:00:00+00:00,78.03,77.66,64.27755,92.857185,0.9928573,0.01,-10.0,16864.501816136308,0.0,16854.501816136308,0,,16440.482
2017-12-05 00:00:00+00:00,77.7,77.63,64.37335,94.52301,1.0571431,0.01,-10.0,16857.986092623407,0.0,16847.986092623407,0,,16434.13
2017-12-06 00:00:00+00:00,77.75,76.75,64.4714,93.70363,1.0285715,0.01,-10.0,16666.88749980244,0.0,16656.88749980244,0,,16247.836
2017-12-07 00:00:00+00:00,76.83,77.28,64.5659,79.00172,1.0100005,0.01,-10.0,16781.98162019626,0.0,16771.98162019626,0,,16360.036
2017-12-08 00:00:00+00:00,77.61,78.38,64.66625,78.59649,0.9928578,0.01,-10.0,17020.855453780605,0.0,17010.855453780605,0,,16592.904
2017-12-11 00:00:00+00:00,78.16,77.47,64.76925,81.81816,1.0385721,0.01,-10.0,16823.24279213822,0.0,16813.24279213822,0,,16400.26
2017-12-12 00:00:00+00:00,77.57,77.0,64.8665,71.29383,1.077858,0.01,-10.0,16721.17855409075,0.0,16711.17855409075,0,,16300.762
2017-12-13 00:00:00+00:00,77.22,76.75,64.9655,60.365864,0.9878578,0.46153846153846156,-10.0,16666.889492245216,0.0,16656.889492245216,0,,16247.838
2017-12-14 00:00:00+00:00,77.09,76.02,65.06075,57.90251,0.98357284,0.46153846153846156,-10.0,16508.362859601606,0.0,16498.362859601606,0,,16093.297
2017-12-15 00:00:00+00:00,76.44,77.09,65.15,51.751984,1.0300009,0.46153846153846156,-10.0,16740.722676577065,0.0,16730.722676577065,0,,16319.814
2017-12-18 00:00:00+00:00,77.49,78.09,65.2467,56.606037,1.0914296,0.46153846153846156,-10.0,16957.88128963592,0.0,16947.88128963592,0,,16531.514
2017-12-19 00:00:00+00:00,78.39,77.81,65.3506,60.745605,1.1414299,0.4166666666666667,-10.0,16897.077500326697,0.0,16887.077500326697,0,,16472.24
2017-12-20 00:00:00+00:00,77.92,78.35,65.45645,56.96767,1.1385727,0.47317073170731705,-10.0,17014.34334000314,0.0,17004.34334000314,0,,16586.557
2017-12-21 00:00:00+00:00,78.49,79.37,65.56675,54.6416,1.0964296,0.4166666666666667,-10.0,17235.846407910838,0.0,17225.846407910838,0,,16802.49
2017-12-22 00:00:00+00:00,79.38,79.35,65.6844,61.49675,1.0914296,0.4166666666666667,-10.0,17231.50282917807,0.0,17221.50282917807,0,,16798.256
2017-12-26 00:00:00+00:00,79.4,79.37,65.79875,59.56961,1.0257149,0.3888888888888889,-10.0,17235.847367447554,0.0,17225.847367447554,0,,16802.49
2017-12-27 00:00:00+00:00,79.46,80.15,65.90805,59.863968,1.0257149,0.3888888888888889,-10.0,17405.230510071175,0.0,17395.230510071175,0,,16967.615
2017-12-28 00:00:00+00:00,80.18,80.45,66.02235,69.4954,1.0135716,0.01,-10.0,17470.377126477044,0.0,17460.377126477044,0,,17031.123
2017-12-29 00:00:00+00:00,80.79,79.86,66.13385,68.669,0.9957145,0.01,-10.0,17342.25469357372,0.0,17332.25469357372,0,,16906.223
2018-01-02 00:00:00+00:00,80.28,79.68,66.2421,59.2732,0.9942861,0.3888888888888889,-10.0,17303.16612481252,0.0,17293.16612481252,0,,16868.117
2018-01-03 00:00:00+00:00,79.81,80.85,66.3509,65.241356,1.014286,0.01,-10.0,17557.241030993606,0.0,17547.241030993606,0,,17115.805
2018-01-04 00:00:00+00:00,80.86,80.25,66.46765,74.21381,1.0592859,0.3888888888888889,-10.0,17426.946359231326,0.0,17416.946359231326,0,,16988.785
2018-01-05 00:00:00+00:00,80.24,79.29,66.58545,71.08433,1.0678569,0.01,-10.0,17218.474899642835,0.0,17208.474899642835,0,,16785.555
2018-01-08 00:00:00+00:00,80.3,80.94,66.6934,69.16767,1.0864285,0.46153846153846156,-10.0,17576.78534308962,0.0,17566.78534308962,0,,17134.855
2018-01-09 00:00:00+00:00,81.11,81.93,66.8065,71.13066,1.1164278,0.4166666666666667,-10.0,17791.771060214207,0.0,17781.771060214207,0,,17344.438
2018-01-10 00:00:00+00:00,81.66,81.65,66.9246,71.09892,1.0914274,0.3888888888888889,-10.0,17730.9667660286,0.0,17720.9667660286,0,,17285.16
2018-01-11 00:00:00+00:00,81.98,83.07,67.0436,71.09892,1.0835702,0.01,-10.0,18039.331754657123,0.0,18029.331754657123,0,,17585.771
2018-01-12 00:00:00+00:00,83.25,83.95,67.1656,73.64731,1.1199989,0.409614115659725,-10.0,18230.429869749143,0.0,18220.429869749143,0,,17772.064
2018-01-16 00:00:00+00:00,84.57,83.4,67.2923,73.272354,1.1228561,0.01,-10.0,18110.994219690547,0.0,18100.994219690547,0,,17655.633
2018-01-17 00:00:00+00:00,82.9,84.03,67.41545,69.527534,1.2342845,0.01,-10.0,18247.80349373448,0.0,18237.80349373448,0,,17789.002
2018-01-18 00:00:00+00:00,84.18,83.95,67.5433,71.220436,1.2992848,0.47317073170731705,-10.0,18230.430398865494,0.0,18220.430398865494,0,,17772.064
2018-01-19 00:00:00+00:00,84.64,85.49,67.67495,68.48251,1.2885704,0.47317073170731705,-10.0,18564.85457520901,0.0,18554.85457520901,0,,18098.082
2018-01-22 00:00:00+00:00,85.42,85.77,67.81705,71.87504,1.3999994,0.47317073170731705,-10.0,18625.659583555313,0.0,18615.659583555313,0,,18157.357
2018-01-23 00:00:00+00:00,85.69,86.53,67.96215,76.36041,1.3764278,0.47317073170731705,-10.0,18790.700541781665,0.0,18780.700541781665,0,,18318.248
2018-01-24 00:00:00+00:00,86.8,85.79,68.1093,79.05007,1.3764284,0.46153846153846156,-10.0,18630.00443215101,0.0,18620.00443215101,0,,18161.592
2018-01-25 00:00:00+00:00,86.04,86.63,68.25525,71.743,1.417857,0.47317073170731705,-10.0,18812.415556146163,0.0,18802.415556146163,0,,18339.416
2018-01-26 00:00:00+00:00,86.94,87.69,68.4025,77.50003,1.4428569,0.47317073170731705,-10.0,19042.604256098468,0.0,19032.604256098468,0,,18563.818
2018-01-29 00:00:00+00:00,87.44,87.28,68.55355,85.89748,1.4442858,0.46153846153846156,-10.0,18953.568146158334,0.0,18943.568146158334,0,,18477.02
2018-01-30 00:00:00+00:00,86.5,86.41,68.70285,80.30593,1.3950005,0.6,-10.0,18764.641564907517,0.0,18754.641564907517,0,,18292.844
2018-01-31 00:00:00+00:00,86.52,85.65,68.84935,71.66348,1.3907149,0.47317073170731705,-10.0,18599.600519124993,0.0,18589.600519124993,0,,18131.953
2018-02-01 00:00:00+00:00,85.33,85.76,68.99095,68.4843,1.4371436,0.6,-10.0,18623.489118519916,0.0,18613.489118519916,0,,18155.24
2018-02-02 00:00:00+00:00,85.55,82.65,69.13545,64.14303,1.4092865,0.47317073170731705,-10.0,17948.12686586074,0.0,17938.12686586074,0,,17496.857
2018-02-05 00:00:00+00:00,82.13,79.91,69.2641,44.46339,1.5414298,0.6296296296296297,-10.0,17353.114056693987,0.0,17343.114056693987,0,,16916.805
2018-02-06 00:00:00+00:00,78.58,80.69,69.3757,37.473087,1.6257161,0.99,-10.0,17522.49738371036,0.0,17512.49738371036,0,,17081.93
2018-02-07 00:00:00+00:00,80.99,82.02,69.4924,38.139217,1.7385733,0.6296296296296297,-10.0,17811.31564125124,0.0,17801.31564125124,0,,17363.486
2018-02-08 00:00:00+00:00,81.95,78.66,69.6123,43.70515,1.8692877,0.47317073170731705,-10.0,17081.66517335214,0.0,17071.66517335214,0,,16652.182
2018-02-09 00:00:00+00:00,79.23,80.43,69.7129,30.087465,1.9857161,0.6296296296296297,-10.0,17466.033835763923,0.0,17456.033835763923,0,,17026.887
2018-02-12 00:00:00+00:00,80.91,81.82,69.81205,35.675964,2.1928592,0.47317073170731705,-10.0,17767.884074000376,0.0,17757.884074000376,0,,17321.146
2018-02-13 00:00:00+00:00,81.74,83.21,69.91995,37.778923,2.2157161,0.6,-10.0,18069.734054281467,0.0,18059.734054281467,0,,17615.408
2018-02-14 00:00:00+00:00,82.12,85.97,70.04115,43.524086,2.2192874,0.6,-10.0,18669.09177995722,0.0,18659.09177995722,0,,18199.695
2018-02-15 00:00:00+00:00,86.09,84.56,70.1744,48.489017,2.4871445,0.47317073170731705,-10.0,18362.89791324942,0.0,18352.89791324942,0,,17901.2
2018-02-16 00:00:00+00:00,84.46,83.27,70.28975,42.947258,2.5314298,0.4166666666666667,-10.0,18082.763620199326,0.0,18072.763620199326,0,,17628.11
2018-02-20 00:00:00+00:00,82.73,84.31,70.4011,41.309048,2.5585725,0.4166666666666667,-10.0,18308.609331965603,0.0,18298.609331965603,0,,17848.277
2018-02-21 00:00:00+00:00,84.43,84.29,70.52015,45.481915,2.6228578,0.47317073170731705,-10.0,18304.267136184615,0.0,18294.267136184615,0,,17844.045
2018-02-22 00:00:00+00:00,84.74,83.38,70.63625,46.977776,2.6807148,0.4166666666666667,-10.0,18106.651894054456,0.0,18096.651894054456,0,,17651.396
2018-02-23 00:00:00+00:00,83.75,83.81,70.74975,44.892693,2.7228572,0.4166666666666667,-10.0,18200.0299452864,0.0,18190.0299452864,0,,17742.428
2018-02-26 00:00:00+00:00,84.03,82.14,70.85715,52.812794,2.5371425,0.46153846153846156,-10.0,17837.375938161553,0.0,17827.375938161553,0,,17388.893
2018-02-27 00:00:00+00:00,82.36,79.84,70.95725,55.703316,2.4635713,0.4166666666666667,-10.0,17337.91138868841,0.0,17327.91138868841,0,,16901.986
2018-02-28 00:00:00+00:00,80.4,80.79,71.0454,47.9829,2.4364285,0.6,-10.0,17544.213033164102,0.0,17534.213033164102,0,,17103.1
2018-03-01 00:00:00+00:00,80.51,79.35,71.13885,47.02756,2.4050004,0.47317073170731705,-10.0,17231.50508252448,0.0,17221.50508252448,0,,16798.254
2018-03-02 00:00:00+00:00,78.73,78.9,71.222496,51.838024,2.2814288,0.47317073170731705,-10.0,17133.784798088032,0.0,17123.784798088032,0,,16702.99
2018-03-05 00:00:00+00:00,78.29,78.22,71.30485,45.61605,2.1707137,0.6,-10.0,16986.116697916972,0.0,16976.116697916972,0,,16559.035
2018-03-06 00:00:00+00:00,78.62,78.94,71.38945,39.247326,2.177142,0.6,-10.0,17142.47160053566,0.0,17132.47160053566,0,,16711.459
2018-03-07 00:00:00+00:00,78.25,79.2,71.47195,36.714397,2.1228566,0.47317073170731705,-10.0,17198.930575061542,0.0,17188.930575061542,0,,16766.498
2018-03-08 00:00:00+00:00,79.53,79.21,71.5487,25.055267,1.8435713,0.46153846153846156,-10.0,17201.10181342183,0.0,17191.10181342183,0,,16768.615
2018-03-09 00:00:00+00:00,80.01,81.47,71.6185,28.019737,1.7657144,0.6296296296296297,-10.0,17691.88003434096,0.0,17681.88003434096,0,,17247.053
2018-03-12 00:00:00+00:00,81.52,81.13,71.6984,43.150707,1.846429,0.47317073170731705,-10.0,17618.045831791238,0.0,17608.045831791238,0,,17175.076
2018-03-13 00:00:00+00:00,81.42,81.25,71.77665,37.21866,1.7785721,0.47317073170731705,-10.0,17644.105544282378,0.0,17634.105544282378,0,,17200.48
2018-03-14 00:00:00+00:00,81.47,81.24,71.85725,37.8788,1.6771437,0.47317073170731705,-10.0,17641.93384440387,0.0,17631.93384440387,0,,17198.363
2018-03-15 00:00:00+00:00,81.4,81.89,71.93675,40.807575,1.5850008,0.6,-10.0,17783.086425837508,0.0,17773.086425837508,0,,17335.967
2018-03-16 00:00:00+00:00,82.0,81.51,72.0185,41.905582,1.6071434,0.6,-10.0,17700.566844255896,0.0,17690.566844255896,0,,17255.521
2018-03-19 00:00:00+00:00,81.31,81.3,72.0937,47.019886,1.5314287,0.5714285714285714,-10.0,17654.96396823188,0.0,17644.96396823188,0,,17211.064
2018-03-20 00:00:00+00:00,81.61,81.35,72.167,58.60852,1.3935716,0.6296296296296297,-10.0,17665.82178386853,0.0,17655.82178386853,0,,17221.65
2018-03-21 00:00:00+00:00,81.3,81.84,72.2367,53.693913,1.2907143,0.47317073170731705,-10.0,17772.22811222164,0.0,17762.22811222164,0,,17325.38
2018-03-22 00:00:00+00:00,81.25,80.44,72.31095,68.778275,1.2214285,0.4166666666666667,-10.0,17468.20796394558,0.0,17458.20796394558,0,,17029.006
2018-03-23 00:00:00+00:00,80.49,78.17,72.384346,60.158325,1.1721426,0.6296296296296297,-10.0,16975.258295744967,0.0,16965.258295744967,0,,16548.45
2018-03-26 00:00:00+00:00,79.04,79.98,72.44445,49.727356,1.220714,0.6,-10.0,17368.315912733662,0.0,17358.315912733662,0,,16931.625
2018-03-27 00:00:00+00:00,80.16,78.79,72.51925,55.06823,1.2749999,0.46153846153846156,-10.0,17109.897084997272,0.0,17099.897084997272,0,,16679.703
2018-03-28 00:00:00+00:00,78.74,78.31,72.58945,48.168026,1.3378569,0.6,-10.0,17005.66032837105,0.0,16995.66032837105,0,,16578.086
2018-03-29 00:00:00+00:00,78.77,78.76,72.65175,46.140648,1.3578568,0.47317073170731705,-10.0,17103.383080003874,0.0,17093.383080003874,0,,16673.354
2018-04-02 00:00:00+00:00,78.72,77.07,72.7133,36.24368,1.2599994,0.47317073170731705,-10.0,16736.385313186165,0.0,16726.385313186165,0,,16315.582
2018-04-03 00:00:00+00:00,77.5,77.53,72.7674,31.87503,1.4285709,0.99,-10.0,16836.27761234481,0.0,16826.27761234481,0,,16412.963
2018-04-04 00:00:00+00:00,76.37,78.03,72.8208,33.882156,1.4692851,0.6296296296296297,-10.0,16944.856506787157,0.0,16934.856506787157,0,,16518.81
2018-04-05 00:00:00+00:00,77.23,79.04,72.8789,36.658363,1.5771425,0.6296296296296297,-10.0,17164.186402701587,0.0,17154.186402701587,0,,16732.625
2018-04-06 00:00:00+00:00,78.69,77.51,72.9399,38.498802,1.7357146,0.6296296296296297,-10.0,16831.934714440093,0.0,16821.934714440093,0,,16408.729
2018-04-09 00:00:00+00:00,76.84,76.15,72.99805,35.228962,1.8435718,0.6296296296296297,-10.0,16536.599613457707,0.0,16526.599613457707,0,,16120.819
2018-04-10 00:00:00+00:00,76.74,75.01,73.0508,32.471077,2.03,0.6296296296296297,-10.0,16289.03974225409,0.0,16279.03974225409,0,,15879.483
2018-04-11 00:00:00+00:00,77.39,79.61,73.09985,29.91131,2.1242855,0.99,-10.0,17287.96823929758,0.0,17277.96823929758,0,,16853.295
2018-04-12 00:00:00+00:00,80.39,79.95,73.1709,44.394184,2.4321425,0.6,-10.0,17361.80155587896,0.0,17351.80155587896,0,,16925.273
2018-04-13 00:00:00+00:00,80.49,79.61,73.2445,48.69887,2.4442863,0.6,-10.0,17287.968539983634,0.0,17277.968539983634,0,,16853.297
2018-04-16 00:00:00+00:00,80.09,80.53,73.3253,54.26036,2.4857152,0.47317073170731705,-10.0,17487.752933083724,0.0,17477.752933083724,0,,17048.059
2018-04-17 00:00:00+00:00,81.45,81.16,73.41115,51.717663,2.4257147,0.4166666666666667,-10.0,17624.56362610771,0.0,17614.56362610771,0,,17181.43
2018-04-18 00:00:00+00:00,81.67,82.18,73.5057,57.66991,2.4121437,0.3888888888888889,-10.0,17846.064886489174,0.0,17836.064886489174,0,,17397.361
2018-04-19 00:00:00+00:00,82.0,81.98,73.60735,62.101322,2.4592862,0.01,-10.0,17802.63367422396,0.0,17792.63367422396,0,,17355.021
2018-04-20 00:00:00+00:00,82.05,82.33,73.7107,60.228725,2.4514291,0.01,-10.0,17878.63955295958,0.0,17868.63955295958,0,,17429.117
2018-04-23 00:00:00+00:00,82.28,82.09,73.8148,68.263916,2.282143,0.01,-10.0,17826.520744734415,0.0,17816.520744734415,0,,17378.309
2018-04-24 00:00:00+00:00,82.6,82.04,73.91985,66.07899,2.2378573,0.05972859052978081,-10.0,17815.66367589953,0.0,17805.66367589953,0,,17367.725
2018-04-25 00:00:00+00:00,81.72,81.83,74.02125,64.60308,2.2550006,0.46153846153846156,-10.0,17770.060539088183,0.0,17760.060539088183,0,,17323.268
2018-04-26 00:00:00+00:00,81.93,81.93,74.1194,60.78888,2.082143,0.46153846153846156,-10.0,17791.7758094389,0.0,17781.7758094389,0,,17344.438
2018-04-27 00:00:00+00:00,82.35,80.17,74.21675,69.21741,2.0607142,0.46153846153846156,-10.0,17409.577286821976,0.0,17399.577286821976,0,,16971.848
2018-04-30 00:00:00+00:00,80.3,78.84,74.30795,66.89076,1.9957144,0.4166666666666667,-10.0,17120.756564346855,0.0,17110.756564346855,0,,16690.29
2018-05-01 00:00:00+00:00,78.76,80.24,74.39175,65.83953,1.9792856,0.4166666666666667,-10.0,17424.77899793556,0.0,17414.77899793556,0,,16986.666
2018-05-02 00:00:00+00:00,79.96,79.45,74.4807,53.543297,1.7157141,0.47317073170731705,-10.0,17253.223419532147,0.0,17243.223419532147,0,,16819.424
2018-05-03 00:00:00+00:00,79.24,79.87,74.56485,47.323338,1.701428,0.47317073170731705,-10.0,17344.431811408675,0.0,17334.431811408675,0,,16908.34
2018-05-04 00:00:00+00:00,79.6,81.16,74.65175,51.380054,1.6057135,0.47317073170731705,-10.0,17624.567089256005,0.0,17614.567089256005,0,,17181.432
2018-05-07 00:00:00+00:00,81.6,81.35,74.74695,53.21759,1.7035702,0.47317073170731705,-10.0,17665.82676529508,0.0,17655.82676529508,0,,17221.654
2018-05-08 00:00:00+00:00,81.47,82.43,74.84365,51.016014,1.6228555,0.47317073170731705,-10.0,17900.35794488657,0.0,17890.35794488657,0,,17450.287
2018-05-09 00:00:00+00:00,82.97,82.85,74.94345,51.328373,1.6157134,0.47317073170731705,-10.0,17991.564626529143,0.0,17981.564626529143,0,,17539.201
2018-05-10 00:00:00+00:00,83.16,82.76,75.04765,54.517105,1.6499988,0.46153846153846156,-10.0,17972.021558492477,0.0,17962.021558492477,0,,17520.148
2018-05-11 00:00:00+00:00,82.83,83.51,75.14605,52.29456,1.643571,0.47317073170731705,-10.0,18134.88923318613,0.0,18124.88923318613,0,,17678.922
2018-05-14 00:00:00+00:00,83.49,82.97,75.251,57.186268,1.6835709,0.47317073170731705,-10.0,18017.623071253147,0.0,18007.623071253147,0,,17564.604
2018-05-15 00:00:00+00:00,82.82,83.02,75.35305,54.48409,1.5949991,0.47317073170731705,-10.0,18028.48054422425,0.0,18018.48054422425,0,,17575.188
2018-05-16 00:00:00+00:00,83.12,84.2,75.45585,55.827595,1.5707136,0.6,-10.0,18284.72732125429,0.0,18274.72732125429,0,,17824.992
2018-05-17 00:00:00+00:00,84.39,83.3,75.5642,60.053127,1.533571,0.47317073170731705,-10.0,18089.285861773413,0.0,18079.285861773413,0,,17634.465
2018-05-18 00:00:00+00:00,83.63,83.84,75.66685,65.00483,1.4399997,0.46153846153846156,-10.0,18206.549330978003,0.0,18196.549330978003,0,,17748.78
2018-05-21 00:00:00+00:00,84.46,83.92,75.77615,75.933655,1.4635713,0.6,-10.0,18223.923301414394,0.0,18213.923301414394,0,,17765.717
2018-05-22 00:00:00+00:00,84.09,82.76,75.8851,72.115425,1.4414291,0.47317073170731705,-10.0,17972.021023157115,0.0,17962.021023157115,0,,17520.148
2018-05-23 00:00:00+00:00,82.69,82.33,75.984,69.04495,1.4578574,0.47317073170731705,-10.0,17878.64313062783,0.0,17868.64313062783,0,,17429.117
2018-05-24 00:00:00+00:00,82.48,82.03,76.0768,64.13797,1.3914293,0.47317073170731705,-10.0,17813.4946073096,0.0,17803.4946073096,0,,17365.607
2018-05-25 00:00:00+00:00,81.85,81.83,76.17655,55.64201,1.2850015,0.6,-10.0,17770.064089193995,0.0,17760.064089193995,0,,17323.27
2018-05-29 00:00:00+00:00,80.97,80.33,76.27885,53.108837,1.3000014,0.47317073170731705,-10.0,17444.32649543216,0.0,17434.32649543216,0,,17005.72
2018-05-30 00:00:00+00:00,80.85,81.73,76.3755,37.100708,1.3064297,0.99,-10.0,17748.349003693267,0.0,17738.349003693267,0,,17302.1
2018-05-31 00:00:00+00:00,81.6,80.71,76.47765,43.85966,1.314287,0.6296296296296297,-10.0,17526.847128108468,0.0,17516.847128108468,0,,17086.168
2018-06-01 00:00:00+00:00,81.09,82.65,76.57245,39.80097,1.3314296,0.6,-10.0,17948.133746082392,0.0,17938.133746082392,0,,17496.861
2018-06-04 00:00:00+00:00,83.18,83.19,76.67465,46.17437,1.4121443,0.6,-10.0,18065.400080896856,0.0,18055.400080896856,0,,17611.18
2018-06-05 00:00:00+00:00,82.9,83.07,76.7784,50.978653,1.414287,0.6,-10.0,18039.34088565506,0.0,18029.34088565506,0,,17585.775
2018-06-06 00:00:00+00:00,83.04,84.68,76.88965,50.221058,1.4464296,0.5714285714285714,-10.0,18388.966487408245,0.0,18378.966487408245,0,,17926.611
2018-06-07 00:00:00+00:00,84.88,84.17,77.00775,52.044308,1.4507158,0.6296296296296297,-10.0,18278.215411082252,0.0,18268.215411082252,0,,17818.645
2018-06-08 00:00:00+00:00,84.09,84.14,77.1197,53.832577,1.444287,0.47317073170731705,-10.0,18271.700401192753,0.0,18261.700401192753,0,,17812.293
2018-06-11 00:00:00+00:00,84.23,83.99,77.2238,51.383778,1.3535728,0.47317073170731705,-10.0,18239.126071876155,0.0,18229.126071876155,0,,17780.537
2018-06-12 00:00:00+00:00,84.5,83.81,77.32815,50.320805,1.3078581,0.47317073170731705,-10.0,18200.036987188898,0.0,18190.036987188898,0,,17742.432
2018-06-13 00:00:00+00:00,84.0,82.73,77.43265,55.286976,1.3492868,0.5714285714285714,-10.0,17965.507194138292,0.0,17955.507194138292,0,,17513.799
2018-06-14 00:00:00+00:00,83.12,82.93,77.5289,51.890366,1.4135721,0.47317073170731705,-10.0,18008.937822961325,0.0,17998.937822961325,0,,17556.137
2018-06-15 00:00:00+00:00,82.75,83.84,77.6277,54.2939,1.3964288,0.47317073170731705,-10.0,18206.55162463924,0.0,18196.55162463924,0,,17748.781
2018-06-18 00:00:00+00:00,83.09,84.33,77.73245,58.981205,1.4485713,0.47317073170731705,-10.0,18312.959339304318,0.0,18302.959339304318,0,,17852.514
2018-06-19 00:00:00+00:00,83.68,82.98,77.8325,69.64635,1.4135715,0.47317073170731705,-10.0,18019.79639776314,0.0,18009.79639776314,0,,17566.72
2018-06-20 00:00:00+00:00,83.19,82.01,77.92575,56.16979,1.4550002,0.47317073170731705,-10.0,17809.152125809265,0.0,17799.152125809265,0,,17361.373
2018-06-21 00:00:00+00:00,81.92,81.02,78.01285,56.448425,1.5107138,0.619615409001567,-10.0,17594.16381134802,0.0,17584.16381134802,0,,17151.791
2018-06-22 00:00:00+00:00,81.62,80.87,78.09995,41.073364,1.4485708,0.6296296296296297,-10.0,17561.591379308014,0.0,17551.591379308014,0,,17120.037
2018-06-25 00:00:00+00:00,80.06,79.27,78.18595,36.727688,1.4599997,0.6296296296296297,-10.0,17214.13656939903,0.0,17204.13656939903,0,,16781.318
2018-06-26 00:00:00+00:00,79.29,79.19,78.26285,31.408989,1.5371426,0.99,-10.0,17196.765669953023,0.0,17186.765669953023,0,,16764.385
2018-06-27 00:00:00+00:00,79.55,78.26,78.3331,18.41196,1.4599997,0.6296296296296297,-10.0,16994.808519258244,0.0,16984.808519258244,0,,16567.506
2018-06-28 00:00:00+00:00,78.12,78.25,78.39465,17.563114,1.4971428,0.6296296296296297,-10.0,16992.63671259704,0.0,16982.63671259704,0,,16565.389
2018-06-29 00:00:00+00:00,78.38,79.16,78.45555,17.601751,1.5299999,0.6296296296296297,-10.0,17190.25193964036,0.0,17180.25193964036,0,,16758.035
2018-07-02 00:00:00+00:00,78.49,79.3,78.51795,25.48226,1.6128572,0.6296296296296297,-10.0,17220.654430467977,0.0,17210.654430467977,0,,16787.674
2018-07-03 00:00:00+00:00,79.42,79.45,78.58185,27.013273,1.5828574,0.6296296296296297,-10.0,17253.227191508693,0.0,17243.227191508693,0,,16819.428
2018-07-05 00:00:00+00:00,79.65,79.69,78.64595,31.53149,1.5185716,0.6296296296296297,-10.0,17305.347165437623,0.0,17295.347165437623,0,,16870.236
2018-07-06 00:00:00+00:00,79.53,80.56,78.7116,31.838589,1.5457147,0.6296296296296297,-10.0,17494.272871992365,0.0,17484.272871992365,0,,17054.412
2018-07-09 00:00:00+00:00,81.01,80.94,78.77995,31.53155,1.5392865,0.6296296296296297,-10.0,17576.793223792316,0.0,17566.793223792316,0,,17134.857
2018-07-10 00:00:00+00:00,80.94,81.28,78.84945,30.67276,1.5242865,0.6296296296296297,-10.0,17650.625910076713,0.0,17640.625910076713,0,,17206.834
2018-07-11 00:00:00+00:00,80.5,80.61,78.91915,39.046364,1.462144,0.6296296296296297,-10.0,17505.13031886182,0.0,17495.13031886182,0,,17064.996
2018-07-12 00:00:00+00:00,81.0,81.0,78.98125,40.61661,1.4135731,0.6296296296296297,-10.0,17589.822047691083,0.0,17579.822047691083,0,,17147.559
2018-07-13 00:00:00+00:00,80.99,80.97,79.0427,49.85425,1.3600017,0.6296296296296297,-10.0,17583.307072011903,0.0,17573.307072011903,0,,17141.207
2018-07-16 00:00:00+00:00,81.18,80.08,79.10005,50.74183,1.310002,0.6296296296296297,-10.0,17390.036766786667,0.0,17380.036766786667,0,,16952.797
2018-07-17 00:00:00+00:00,80.22,81.07,79.1549,56.716473,1.2528589,0.5714285714285714,-10.0,17605.02282441382,0.0,17595.02282441382,0,,17162.377
2018-07-18 00:00:00+00:00,81.21,82.96,79.21345,63.54466,1.2957153,0.6296296296296297,-10.0,18015.45162126027,0.0,18005.45162126027,0,,17562.486
2018-07-19 00:00:00+00:00,83.0,82.14,79.281,79.74684,1.3300008,0.47317073170731705,-10.0,17837.38153157404,0.0,17827.38153157404,0,,17388.893
2018-07-20 00:00:00+00:00,81.95,81.96,79.34455,72.33067,1.3335718,0.47317073170731705,-10.0,17798.293322182904,0.0,17788.293322182904,0,,17350.79
2018-07-23 00:00:00+00:00,82.0,81.61,79.41005,67.54385,1.2814287,0.6,-10.0,17722.287939342998,0.0,17712.287939342998,0,,17276.693
2018-07-24 00:00:00+00:00,81.65,80.49,79.47355,64.10257,1.2050002,0.47317073170731705,-10.0,17479.069913571748,0.0,17469.069913571748,0,,17039.592
2018-07-25 00:00:00+00:00,80.07,80.37,79.52915,55.676865,1.3014287,0.6296296296296297,-10.0,17453.01156773664,0.0,17443.01156773664,0,,17014.188
2018-07-26 00:00:00+00:00,79.92,79.61,79.5836,53.76107,1.4314287,0.6296296296296297,-10.0,17287.971057724644,0.0,17277.971057724644,0,,16853.297
2018-07-27 00:00:00+00:00,79.91,78.45,79.63335,44.680862,1.4185721,0.6296296296296297,-10.0,17036.066809682925,0.0,17026.066809682925,0,,16607.727
2018-07-30 00:00:00+00:00,78.13,77.28,79.676,37.178127,1.4828573,0.6296296296296297,-10.0,16781.99233029862,0.0,16771.99233029862,0,,16360.04
2018-07-31 00:00:00+00:00,77.42,78.66,79.7113,31.024656,1.4914284,0.99,-10.0,17081.671622155118,0.0,17071.671622155118,0,,16652.184
2018-08-01 00:00:00+00:00,79.2,78.54,79.7527,41.333347,1.5121428,0.6,-10.0,17055.612150478228,0.0,17045.612150478228,0,,16626.78
2018-08-02 00:00:00+00:00,77.86,78.44,79.7896,38.79782,1.5449998,0.6,-10.0,17033.89669237443,0.0,17023.89669237443,0,,16605.61
2018-08-03 00:00:00+00:00,78.48,78.18,79.82615,38.552044,1.6114279,0.6,-10.0,16977.434879582626,0.0,16967.434879582626,0,,16550.566
2018-08-06 00:00:00+00:00,78.06,78.13,79.86095,40.882915,1.5628564,0.6,-10.0,16966.57581609481,0.0,16956.57581609481,0,,16539.98
2018-08-07 00:00:00+00:00,77.66,77.6,79.8963,34.493675,1.5142854,0.6,-10.0,16851.482285257873,0.0,16841.482285257873,0,,16427.781
2018-08-08 00:00:00+00:00,77.66,76.89,79.9288,16.995111,1.4435709,0.6296296296296297,-10.0,16697.299786490858,0.0,16687.299786490858,0,,16277.476
2018-08-09 00:00:00+00:00,76.84,76.15,79.95805,17.228504,1.4728568,0.6296296296296297,-10.0,16536.60291000518,0.0,16526.60291000518,0,,16120.819
2018-08-10 00:00:00+00:00,76.09,75.65,79.9867,16.102728,1.4714285,0.6296296296296297,-10.0,16428.02377268208,0.0,16418.02377268208,0,,16014.97
2018-08-13 00:00:00+00:00,75.64,75.31,80.00925,15.825728,1.4935712,0.6296296296296297,-10.0,16354.189192227534,0.0,16344.189192227534,0,,15942.991
2018-08-14 00:00:00+00:00,75.62,76.54,80.0292,17.380392,1.4278575,0.6296296296296297,-10.0,16621.294103871936,0.0,16611.294103871936,0,,16203.38
2018-08-15 00:00:00+00:00,75.92,76.22,80.0495,28.839811,1.3414285,0.99,-10.0,16551.803980419165,0.0,16541.803980419165,0,,16135.637
2018-08-16 00:00:00+00:00,76.92,77.24,80.07105,30.31363,1.3149997,0.6296296296296297,-10.0,16773.305445625057,0.0,16763.305445625057,0,,16351.568
2018-08-17 00:00:00+00:00,76.53,77.2,80.094,42.857155,1.2921426,0.6296296296296297,-10.0,16764.618470919777,0.0,16754.618470919777,0,,16343.1
2018-08-20 00:00:00+00:00,77.19,76.29,80.1186,49.45503,1.2778571,0.6,-10.0,16567.004964719104,0.0,16557.004964719104,0,,16150.455
2018-08-21 00:00:00+00:00,76.22,76.73,80.13785,32.75108,1.268571,0.6296296296296297,-10.0,16662.554580006657,0.0,16652.554580006657,0,,16243.604
2018-08-22 00:00:00+00:00,76.54,77.2,80.1593,37.413094,1.2535712,0.47317073170731705,-10.0,16764.61824086487,0.0,16754.61824086487,0,,16343.102
2018-08-23 00:00:00+00:00,77.22,76.77,80.1795,41.798904,1.2257146,0.47317073170731705,-10.0,16671.240409562448,0.0,16661.240409562448,0,,16252.07
2018-08-24 00:00:00+00:00,76.77,77.11,80.1964,40.87966,1.2407144,0.47317073170731705,-10.0,16745.07505813538,0.0,16735.07505813538,0,,16324.049
2018-08-27 00:00:00+00:00,77.64,77.76,80.2189,43.640915,1.2507144,0.47317073170731705,-10.0,16886.228125189038,0.0,16876.228125189038,0,,16461.654
2018-08-28 00:00:00+00:00,77.93,77.47,80.2432,50.982822,1.240715,0.46153846153846156,-10.0,16823.251568542626,0.0,16813.251568542626,0,,16400.262
2018-08-29 00:00:00+00:00,77.55,78.18,80.2703,53.75649,1.1628581,0.47317073170731705,-10.0,16977.43347578988,0.0,16967.43347578988,0,,16550.566
2018-08-30 00:00:00+00:00,78.18,77.58,80.29775,63.198948,1.1535727,0.47317073170731705,-10.0,16847.138891785253,0.0,16837.138891785253,0,,16423.547
2018-08-31 00:00:00+00:00,77.34,77.62,80.32255,62.387676,1.145716,0.47317073170731705,-10.0,16855.824942642197,0.0,16845.824942642197,0,,16432.016
2018-09-04 00:00:00+00:00,77.63,77.16,80.3461,65.4206,1.1071445,0.47317073170731705,-10.0,16755.932081599454,0.0,16745.932081599454,0,,16334.634
2018-09-05 00:00:00+00:00,76.84,75.72,80.365,54.61312,1.0592874,0.47317073170731705,-10.0,16443.223294257066,0.0,16433.223294257066,0,,16029.787
2018-09-06 00:00:00+00:00,75.9,75.69,80.3735,46.811222,1.0900018,0.6296296296296297,-10.0,16436.708619519795,0.0,16426.708619519795,0,,16023.437
2018-09-07 00:00:00+00:00,75.39,76.44,80.3814,38.68616,1.0457159,0.6296296296296297,-10.0,16599.576601569155,0.0,16589.576601569155,0,,16182.209
2018-09-10 00:00:00+00:00,76.79,76.59,80.39205,44.97358,1.0385731,0.6,-10.0,16632.14804022284,0.0,16622.14804022284,0,,16213.962
2018-09-11 00:00:00+00:00,76.29,77.41,80.3968,52.20585,0.9992872,0.47317073170731705,-10.0,16810.218881033197,0.0,16800.218881033197,0,,16387.555
2018-09-12 00:00:00+00:00,77.25,77.96,80.40545,54.73538,1.0128587,0.47317073170731705,-10.0,16929.655366267514,0.0,16919.655366267514,0,,16503.988
2018-09-13 00:00:00+00:00,78.43,78.94,80.41645,55.234173,1.0114299,0.47317073170731705,-10.0,17142.471623550355,0.0,17132.471623550355,0,,16711.455
2018-09-14 00:00:00+00:00,79.05,80.06,80.43115,63.892475,1.0857157,0.6,-10.0,17385.68784550519,0.0,17375.68784550519,0,,16948.557
2018-09-17 00:00:00+00:00,80.17,79.1,80.4508,67.17112,1.1178583,0.5205479452054794,-10.0,17177.215644991866,0.0,17167.215644991866,0,,16745.326
2018-09-18 00:00:00+00:00,79.2,79.39,80.4635,57.528076,1.1285722,0.4161849710982659,-10.0,17240.192156370358,0.0,17230.192156370358,0,,16806.719
2018-09-19 00:00:00+00:00,79.52,80.43,80.47265,60.786514,1.1178578,0.5205479452054794,-10.0,17466.037101808688,0.0,17456.037101808688,0,,17026.885
2018-09-20 00:00:00+00:00,80.66,81.08,80.48855,62.188522,1.1300005,0.5205479452054794,-10.0,17607.18984768058,0.0,17597.18984768058,0,,17164.488
2018-09-21 00:00:00+00:00,81.55,80.96,80.50565,68.85776,1.1478571,0.6222222222222222,-10.0,17581.13045075157,0.0,17571.13045075157,0,,17139.084
2018-09-24 00:00:00+00:00,80.69,80.16,80.5223,67.84186,1.1821425,0.5205479452054794,-10.0,17407.404668810963,0.0,17397.404668810963,0,,16969.725
2018-09-25 00:00:00+00:00,80.4,80.11,80.53935,65.46392,1.2092851,0.5205479452054794,-10.0,17396.54658068364,0.0,17386.54658068364,0,,16959.14
2018-09-26 00:00:00+00:00,80.28,80.66,80.5535,76.41396,1.149285,0.5205479452054794,-10.0,17515.984669484704,0.0,17505.984669484704,0,,17075.576
2018-09-27 00:00:00+00:00,80.37,82.04,80.5649,78.1427,1.1564282,0.6222222222222222,-10.0,17815.662113439623,0.0,17805.662113439623,0,,17367.719
2018-09-28 00:00:00+00:00,81.77,80.78,80.58775,79.598305,1.2007135,0.6222222222222222,-10.0,17542.042254672106,0.0,17532.042254672106,0,,17100.979
2018-10-01 00:00:00+00:00,81.34,78.39,80.60665,69.820244,1.2349995,0.5205479452054794,-10.0,17023.033681713747,0.0,17013.033681713747,0,,16595.02
2018-10-02 00:00:00+00:00,78.33,77.08,80.61485,54.03623,1.3592851,0.4161849710982659,-10.0,16738.556750004194,0.0,16728.556750004194,0,,16317.695
2018-10-03 00:00:00+00:00,77.39,76.55,80.62015,46.589157,1.4185704,0.4161849710982659,-10.0,16623.463568386713,0.0,16613.463568386713,0,,16205.495
2018-10-04 00:00:00+00:00,76.57,75.41,80.61745,40.401608,1.354999,0.2857142857142857,-10.0,16375.903283500267,0.0,16365.903283500267,0,,15964.16
2018-10-05 00:00:00+00:00,75.46,74.38,80.60405,31.355278,1.4199992,0.4161849710982659,-10.0,16152.22871837374,0.0,16142.22871837374,0,,15746.109
2018-10-08 00:00:00+00:00,74.23,74.95,80.5869,31.180231,1.4964284,0.5205479452054794,-10.0,16276.009210102602,0.0,16266.009210102602,0,,15866.778
2018-10-09 00:00:00+00:00,75.0,75.23,80.5699,32.683308,1.5478565,0.5205479452054794,-10.0,16336.814751693699,0.0,16326.814751693699,0,,15926.055
2018-10-10 00:00:00+00:00,74.66,73.4,80.5492,28.441164,1.528571,0.6222222222222222,-10.0,15939.41470160446,0.0,15929.41470160446,0,,15538.647
2018-10-11 00:00:00+00:00,73.2,73.1,80.51945,20.997007,1.5828569,0.6222222222222222,-10.0,15874.266971199224,0.0,15864.266971199224,0,,15475.138
2018-10-12 00:00:00+00:00,74.24,73.62,80.4881,20.715378,1.6035712,0.6222222222222222,-10.0,15987.189774717086,0.0,15977.189774717086,0,,15585.221
2018-10-15 00:00:00+00:00,73.34,72.99,80.45545,25.114195,1.6192856,0.788131678459854,-10.0,15850.379422919392,0.0,15840.379422919392,0,,15451.851
2018-10-16 00:00:00+00:00,73.55,74.63,80.41815,24.052513,1.62,0.6666666666666666,-10.0,16206.518512311897,0.0,16196.518512311897,0,,15799.036
2018-10-17 00:00:00+00:00,74.48,74.52,80.392,29.64214,1.6571432,0.8700803797834076,-10.0,16182.630699441695,0.0,16172.630699441695,0,,15775.748
2018-10-18 00:00:00+00:00,74.53,72.05,80.3662,22.230461,1.6157144,0.6222222222222222,-10.0,15646.251448095081,0.0,15636.251448095081,0,,15252.856
2018-10-19 00:00:00+00:00,71.8,70.66,80.3222,20.406824,1.7042857,0.5205479452054794,-10.0,15344.40121501985,0.0,15334.40121501985,0,,14958.595
2018-10-22 00:00:00+00:00,70.62,70.16,80.274254,21.890955,1.6035718,0.6666666666666666,-10.0,15235.82201907669,0.0,15225.82201907669,0,,14852.745
2018-10-23 00:00:00+00:00,68.87,68.87,80.2286,23.26125,1.5400009,0.6222222222222222,-10.0,14955.68792547411,0.0,14945.68792547411,0,,14579.655
2018-10-24 00:00:00+00:00,69.18,63.82,80.16825,21.970842,1.6985724,0.6222222222222222,-10.0,13859.038363536954,0.0,13849.038363536954,0,,13510.579
2018-10-25 00:00:00+00:00,66.75,67.55,80.0777,17.092594,2.032858,0.6222222222222222,-10.0,14669.039452012918,0.0,14659.039452012918,0,,14300.214
2018-10-26 00:00:00+00:00,67.17,68.27,80.0072,33.185654,2.1850007,0.7968901106075649,-10.0,14825.391195525539,0.0,14815.391195525539,0,,14452.635
2018-10-29 00:00:00+00:00,68.92,68.6,79.9332,33.675476,2.3142867,0.6222222222222222,-10.0,14897.05443066388,0.0,14887.05443066388,0,,14522.496
2018-10-30 00:00:00+00:00,68.6,68.7,79.85645,33.837147,2.4185717,0.6222222222222222,-10.0,14918.769735703543,0.0,14908.769735703543,0,,14543.666
2018-10-31 00:00:00+00:00,69.93,71.17,79.78295,37.48668,2.4071429,0.6789635578128834,-10.0,15455.15026910294,0.0,15445.15026910294,0,,15066.561
2018-11-01 00:00:00+00:00,71.48,72.65,79.71865,45.393795,2.5678573,0.6222222222222222,-10.0,15776.545455711183,0.0,15766.545455711183,0,,15379.875
2018-11-02 00:00:00+00:00,73.16,72.82,79.66215,47.786396,2.579286,0.6222222222222222,-10.0,15813.46192752035,0.0,15803.46192752035,0,,15415.863
2018-11-05 00:00:00+00:00,72.48,72.4,79.5988,49.603733,2.6750007,0.6222222222222222,-10.0,15722.255517385527,0.0,15712.255517385527,0,,15326.949
2018-11-06 00:00:00+00:00,71.31,70.59,79.53195,44.48839,2.6292858,0.6222222222222222,-10.0,15329.19763005976,0.0,15319.19763005976,0,,14943.773
2018-11-07 00:00:00+00:00,71.13,72.97,79.45225,41.039673,2.7421432,0.5205479452054794,-10.0,15846.034468366208,0.0,15836.034468366208,0,,15447.615
2018-11-08 00:00:00+00:00,72.49,72.02,79.38815,52.10622,2.7285721,0.5205479452054794,-10.0,15639.733599812187,0.0,15629.733599812187,0,,15246.502
2018-11-09 00:00:00+00:00,71.71,71.16,79.3151,53.17755,2.7200005,0.5205479452054794,-10.0,15452.97929503447,0.0,15442.97929503447,0,,15064.443
2018-11-12 00:00:00+00:00,71.16,70.19,79.23245,52.297794,2.750714,0.4161849710982659,-10.0,15242.335341956803,0.0,15232.335341956803,0,,14859.096
2018-11-13 00:00:00+00:00,70.66,70.86,79.147,53.078358,2.612857,0.4161849710982659,-10.0,15387.830222375163,0.0,15377.830222375163,0,,15000.933
2018-11-14 00:00:00+00:00,71.56,71.08,79.06925,70.63306,2.2371428,0.5205479452054794,-10.0,15435.604614778711,0.0,15425.604614778711,0,,15047.505
2018-11-15 00:00:00+00:00,70.53,72.89,78.9964,63.02582,2.0292854,0.5205479452054794,-10.0,15828.659584823594,0.0,15818.659584823594,0,,15430.677
2018-11-16 00:00:00+00:00,72.32,73.04,78.93205,65.77869,1.9878567,0.5205479452054794,-10.0,15861.23354112395,0.0,15851.23354112395,0,,15462.432
2018-11-19 00:00:00+00:00,72.93,71.2,78.884,65.3527,1.9021426,0.5205479452054794,-10.0,15461.661718691943,0.0,15451.661718691943,0,,15072.906
2018-11-20 00:00:00+00:00,70.17,71.49,78.84045,57.716045,1.9578574,0.4161849710982659,-10.0,15524.637434799139,0.0,15514.637434799139,0,,15134.299
2018-11-21 00:00:00+00:00,71.97,72.57,78.79445,51.141224,1.8342863,0.5205479452054794,-10.0,15759.168685776629,0.0,15749.168685776629,0,,15362.933
2018-11-23 00:00:00+00:00,72.2,73.12,78.7472,49.706306,1.8335718,0.6222222222222222,-10.0,15878.606936739794,0.0,15868.606936739794,0,,15479.368
2018-11-26 00:00:00+00:00,73.86,75.09,78.7195,51.071438,1.7807143,0.6222222222222222,-10.0,16306.406705275633,0.0,16296.406705275633,0,,15896.411
2018-11-27 00:00:00+00:00,74.52,75.17,78.6928,58.649494,1.8564284,0.6222222222222222,-10.0,16323.779117566808,0.0,16313.779117566808,0,,15913.347
2018-11-28 00:00:00+00:00,75.25,76.95,78.65955,66.57018,1.75,0.6222222222222222,-10.0,16710.31990718701,0.0,16700.31990718701,0,,16290.169
2018-11-29 00:00:00+00:00,76.83,76.46,78.62825,65.05293,1.7264284,0.6222222222222222,-10.0,16603.91288431477,0.0,16593.91288431477,0,,16186.4375
2018-11-30 00:00:00+00:00,75.75,75.54,78.5807,67.39814,1.7064285,0.6222222222222222,-10.0,16404.128134928662,0.0,16394.128134928662,0,,15991.676
2018-12-03 00:00:00+00:00,76.99,77.97,78.5356,67.08267,1.7342856,0.5205479452054794,-10.0,16931.822499590144,0.0,16921.822499590144,0,,16506.102
2018-12-04 00:00:00+00:00,77.58,75.15,78.5091,77.2409,1.8249997,0.6222222222222222,-10.0,16319.436731783595,0.0,16309.436731783595,0,,15909.114
2018-12-06 00:00:00+00:00,73.67,75.59,78.4633,63.05539,1.9299997,0.6222222222222222,-10.0,16414.98450510246,0.0,16404.98450510246,0,,16002.259
2018-12-07 00:00:00+00:00,75.24,72.86,78.4198,63.543533,1.9892856,0.6222222222222222,-10.0,15822.143794445508,0.0,15812.143794445508,0,,15424.324
2018-12-10 00:00:00+00:00,73.01,72.67,78.3672,49.91463,2.0550003,0.5205479452054794,-10.0,15780.883396227426,0.0,15770.883396227426,0,,15384.102
2018-12-11 00:00:00+00:00,74.11,72.4,78.3115,48.94945,2.1328578,0.5205479452054794,-10.0,15722.251166325846,0.0,15712.251166325846,0,,15326.943
2018-12-12 00:00:00+00:00,73.39,72.78,78.2628,53.740665,2.1242862,0.5205479452054794,-10.0,15804.770134234586,0.0,15794.770134234586,0,,15407.387
2018-12-13 00:00:00+00:00,73.23,72.22,78.2275,53.998768,2.1364284,0.6222222222222222,-10.0,15683.16248630132,0.0,15673.16248630132,0,,15288.837
2018-12-14 00:00:00+00:00,71.44,71.86,78.18465,48.878925,2.0992856,0.5205479452054794,-10.0,15604.985119931842,0.0,15594.985119931842,0,,15212.625
2018-12-17 00:00:00+00:00,71.75,70.27,78.1472,45.914383,2.1221428,0.6222222222222222,-10.0,15259.702411750633,0.0,15249.702411750633,0,,14876.023
2018-12-18 00:00:00+00:00,70.79,70.49,78.10405,33.97605,2.1942859,0.5205479452054794,-10.0,15307.47738996392,0.0,15297.47738996392,0,,14922.598
2018-12-19 00:00:00+00:00,70.76,69.66,78.0654,34.584965,2.1942859,0.6222222222222222,-10.0,15127.237061146683,0.0,15117.237061146683,0,,14746.889
2018-12-20 00:00:00+00:00,68.58,67.5,78.019,24.38509,2.2728572,0.5205479452054794,-10.0,14658.174321527962,0.0,14648.174321527962,0,,14289.62
2018-12-21 00:00:00+00:00,67.89,66.47,77.9605,21.823877,2.4150004,0.5205479452054794,-10.0,14434.501341952226,0.0,14424.501341952226,0,,14071.57
2018-12-24 00:00:00+00:00,66.06,66.51,77.8968,21.673931,2.4871433,0.5205479452054794,-10.0,14443.187570081394,0.0,14433.187570081394,0,,14080.038
2018-12-26 00:00:00+00:00,66.79,69.51,77.822,7.92948,2.4535725,0.6666666666666666,-10.0,15094.66275919557,0.0,15084.66275919557,0,,14715.133
2018-12-27 00:00:00+00:00,68.62,70.33,77.7639,29.5652,2.4692867,0.9812517588471419,-10.0,15272.731961140305,0.0,15262.731961140305,0,,14888.724
2018-12-28 00:00:00+00:00,70.92,70.95,77.7093,31.45276,2.487144,0.99,-10.0,15407.369141531417,0.0,15397.369141531417,0,,15019.976
2018-12-31 00:00:00+00:00,71.41,71.8,77.65785,42.0878,2.3392863,0.99,-10.0,15591.953971813822,0.0,15581.953971813822,0,,15199.92
2019-01-02 00:00:00+00:00,70.69,70.94,77.6074,46.582893,2.270715,0.6666666666666666,-10.0,15405.197722952396,0.0,15395.197722952396,0,,15017.86
2019-01-03 00:00:00+00:00,70.45,67.3,77.55455,44.519524,2.2150006,0.6222222222222222,-10.0,14614.74229305317,0.0,14604.74229305317,0,,14247.279
2019-01-04 00:00:00+00:00,68.41,69.94,77.48455,33.47408,2.3292868,0.5205479452054794,-10.0,15188.040144517794,0.0,15178.040144517794,0,,14806.162
2019-01-07 00:00:00+00:00,69.7,70.74,77.4275,43.89068,2.4357152,0.5205479452054794,-10.0,15361.76475292799,0.0,15351.76475292799,0,,14975.52
2019-01-08 00:00:00+00:00,71.76,71.86,77.372,47.068054,2.4835722,0.5205479452054794,-10.0,15604.982390931264,0.0,15594.982390931264,0,,15212.622
2019-01-09 00:00:00+00:00,71.91,71.04,77.3291,54.267323,2.3592868,0.5205479452054794,-10.0,15426.912831666232,0.0,15416.912831666232,0,,15039.029
2019-01-10 00:00:00+00:00,70.5,72.07,77.29345,51.430065,2.3635724,0.5205479452054794,-10.0,15650.58501579397,0.0,15640.58501579397,0,,15257.077
2019-01-11 00:00:00+00:00,71.49,71.89,77.2539,56.20174,2.300001,0.5205479452054794,-10.0,15611.496837318364,0.0,15601.496837318364,0,,15218.972
2019-01-14 00:00:00+00:00,71.4,70.99,77.2194,62.578796,2.144286,0.4161849710982659,-10.0,15416.054616766218,0.0,15406.054616766218,0,,15028.443
2019-01-15 00:00:00+00:00,71.19,72.5,77.1828,63.04849,2.038572,0.45454545454545453,-10.0,15743.963852878362,0.0,15733.963852878362,0,,15348.107
2019-01-16 00:00:00+00:00,72.72,72.04,77.1515,65.93932,1.9950006,0.5205479452054794,-10.0,15644.07162616976,0.0,15634.07162616976,0,,15250.727
2019-01-17 00:00:00+00:00,71.61,72.0,77.12635,57.78461,1.8442857,0.5205479452054794,-10.0,15635.384835031742,0.0,15625.384835031742,0,,15242.259
2019-01-18 00:00:00+00:00,72.51,73.08,77.0987,55.397537,1.7342856,0.5205479452054794,-10.0,15869.915383891244,0.0,15859.915383891244,0,,15470.893
2019-01-22 00:00:00+00:00,72.72,71.01,77.07395,56.685513,1.7214285,0.6222222222222222,-10.0,15420.397801296693,0.0,15410.397801296693,0,,15032.677
2019-01-23 00:00:00+00:00,71.35,70.73,77.0338,47.69679,1.7999998,0.45454545454545453,-10.0,15359.593851693435,0.0,15349.593851693435,0,,14973.4
2019-01-24 00:00:00+00:00,70.85,71.06,76.9999,49.36633,1.8035709,0.5205479452054794,-10.0,15431.25394411565,0.0,15421.25394411565,0,,15043.259
2019-01-25 00:00:00+00:00,71.81,71.76,76.97445,64.17796,1.6014279,0.5205479452054794,-10.0,15583.265060819636,0.0,15573.265060819636,0,,15191.447
2019-01-28 00:00:00+00:00,71.2,72.31,76.9582,58.038868,1.4885706,0.5205479452054794,-10.0,15702.70023535101,0.0,15692.70023535101,0,,15307.88
2019-01-29 00:00:00+00:00,72.3,73.15,76.9217,57.091236,1.4564279,0.5205479452054794,-10.0,15885.113900709373,0.0,15875.113900709373,0,,15485.706
2019-01-30 00:00:00+00:00,73.64,74.13,76.8877,55.97776,1.4628563,0.5205479452054794,-10.0,16097.928321827087,0.0,16087.928321827087,0,,15693.17
2019-01-31 00:00:00+00:00,74.14,74.48,76.8603,64.10957,1.4692851,0.6222222222222222,-10.0,16173.935049885258,0.0,16163.935049885258,0,,15767.266
2019-02-01 00:00:00+00:00,74.41,74.42,76.83005,61.733215,1.4049999,0.5205479452054794,-10.0,16160.904098858025,0.0,16150.904098858025,0,,15754.5625
2019-02-04 00:00:00+00:00,74.5,74.73,76.79635,62.463036,1.4142859,0.5205479452054794,-10.0,16228.224759548153,0.0,16218.224759548153,0,,15820.19
2019-02-05 00:00:00+00:00,74.8,74.62,76.7591,69.56067,1.3785716,0.5205479452054794,-10.0,16204.336872626878,0.0,16194.336872626878,0,,15796.903
2019-02-06 00:00:00+00:00,74.63,75.57,76.7223,62.990196,1.3207147,0.5205479452054794,-10.0,16410.635505326016,0.0,16400.635505326016,0,,15998.016
2019-02-07 00:00:00+00:00,74.79,74.68,76.6885,70.404594,1.3164291,0.6222222222222222,-10.0,16217.36478340014,0.0,16207.36478340014,0,,15809.604
2019-02-08 00:00:00+00:00,74.07,73.91,76.65145,64.105255,1.3907149,0.5205479452054794,-10.0,16050.154179905085,0.0,16040.154179905085,0,,15646.597
2019-02-11 00:00:00+00:00,74.11,74.4,76.6108,54.515785,1.3857149,0.5205479452054794,-10.0,16156.561974209128,0.0,16146.561974209128,0,,15750.329
2019-02-12 00:00:00+00:00,74.66,74.32,76.57365,72.273315,1.3000003,0.5205479452054794,-10.0,16139.189343492879,0.0,16129.189343492879,0,,15733.394
2019-02-13 00:00:00+00:00,77.6,79.37,76.5356,74.22398,1.2714293,0.5205479452054794,-10.0,17235.83780590527,0.0,17225.83780590527,0,,16802.469
2019-02-14 00:00:00+00:00,79.68,80.16,76.5316,84.2539,1.5900007,0.5205479452054794,-10.0,17407.39264284652,0.0,17397.39264284652,0,,16969.709
2019-02-15 00:00:00+00:00,81.0,81.75,76.5382,84.369865,1.6264294,0.6222222222222222,-10.0,17752.672343822323,0.0,17742.672343822323,0,,17306.307
2019-02-19 00:00:00+00:00,81.13,81.39,76.54575,85.59576,1.6400005,0.6222222222222222,-10.0,17674.495774751867,0.0,17664.495774751867,0,,17230.098
2019-02-20 00:00:00+00:00,81.86,83.34,76.55545,82.23785,1.6235722,0.5205479452054794,-10.0,18097.953416449946,0.0,18087.953416449946,0,,17642.906
2019-02-21 00:00:00+00:00,83.23,83.25,76.5728,83.49089,1.6864297,0.6222222222222222,-10.0,18078.41020844417,0.0,18068.41020844417,0,,17623.855
2019-02-22 00:00:00+00:00,83.52,85.03,76.58325,82.505554,1.6871436,0.5205479452054794,-10.0,18464.95153389251,0.0,18454.95153389251,0,,18000.676
2019-02-25 00:00:00+00:00,85.65,83.55,76.601654,84.87839,1.7628577,0.6222222222222222,-10.0,18143.55853566964,0.0,18133.55853566964,0,,17687.365
2019-02-26 00:00:00+00:00,83.56,83.49,76.607254,76.9231,1.880715,0.5205479452054794,-10.0,18130.528260754167,0.0,18120.528260754167,0,,17674.662
2019-02-27 00:00:00+00:00,83.15,83.49,76.61045,77.15861,1.9350003,0.6222222222222222,-10.0,18130.528260754167,0.0,18120.528260754167,0,,17674.662
2019-02-28 00:00:00+00:00,82.93,83.1,76.6141,75.747734,1.9114293,0.6222222222222222,-10.0,18045.836646853786,0.0,18035.836646853786,0,,17592.1
2019-03-01 00:00:00+00:00,83.93,83.78,76.61205,78.29302,1.8200008,0.6222222222222222,-10.0,18193.503621511558,0.0,18183.503621511558,0,,17736.053
2019-03-04 00:00:00+00:00,84.28,83.38,76.6161,83.36714,1.8207152,0.6222222222222222,-10.0,18106.63962529846,0.0,18096.63962529846,0,,17651.373
2019-03-05 00:00:00+00:00,83.61,84.01,76.6179,80.54421,1.8735727,0.6222222222222222,-10.0,18243.450540693517,0.0,18233.450540693517,0,,17784.744
2019-03-06 00:00:00+00:00,84.13,83.96,76.61695,81.7705,1.852144,0.6222222222222222,-10.0,18232.591820325408,0.0,18222.591820325408,0,,17774.158
2019-03-07 00:00:00+00:00,83.63,82.92,76.62025,72.39023,1.5250009,0.6222222222222222,-10.0,18006.747286028145,0.0,17996.747286028145,0,,17553.992
2019-03-08 00:00:00+00:00,82.27,82.45,76.615654,63.14283,1.5235721,0.5205479452054794,-10.0,17904.683175202794,0.0,17894.683175202794,0,,17454.494
2019-03-11 00:00:00+00:00,82.77,82.8,76.6083,53.731323,1.4721434,0.5205479452054794,-10.0,17980.68932161814,0.0,17970.68932161814,0,,17528.588
2019-03-12 00:00:00+00:00,83.13,83.41,76.6085,57.524025,1.4450008,0.5205479452054794,-10.0,18113.15547095734,0.0,18103.15547095734,0,,17657.725
2019-03-13 00:00:00+00:00,83.82,83.67,76.6139,50.43591,1.3635718,0.5205479452054794,-10.0,18169.615707179437,0.0,18159.615707179437,0,,17712.766
2019-03-14 00:00:00+00:00,84.51,85.0,76.6221,52.56096,1.3585718,0.5205479452054794,-10.0,18458.437075022364,0.0,18448.437075022364,0,,17994.324
2019-03-15 00:00:00+00:00,85.0,85.76,76.63795,49.80646,1.3050003,0.5205479452054794,-10.0,18623.477164435884,0.0,18613.477164435884,0,,18155.215
2019-03-18 00:00:00+00:00,86.13,86.21,76.6651,65.71829,1.2078574,0.5205479452054794,-10.0,18721.196711096047,0.0,18711.196711096047,0,,18250.477
2019-03-19 00:00:00+00:00,86.4,85.7,76.6875,68.32882,1.1957141,0.6222222222222222,-10.0,18610.44546996206,0.0,18600.44546996206,0,,18142.51
2019-03-20 00:00:00+00:00,85.77,84.92,76.71245,63.934395,1.2335712,0.6222222222222222,-10.0,18441.06231352107,0.0,18431.06231352107,0,,17977.387
2019-03-21 00:00:00+00:00,84.49,85.79,76.7238,60.937477,1.2792854,0.5205479452054794,-10.0,18629.99036168905,0.0,18619.99036168905,0,,18161.564
2019-03-22 00:00:00+00:00,85.37,84.57,76.7368,61.809624,1.2935709,0.6222222222222222,-10.0,18365.05747589658,0.0,18355.05747589658,0,,17903.293
2019-03-25 00:00:00+00:00,84.65,84.02,76.7443,56.377277,1.2685705,0.7458521525287249,-10.0,18245.61991329665,0.0,18235.61991329665,0,,17786.857
2019-03-26 00:00:00+00:00,84.16,83.5,76.741,50.054024,1.274285,0.6222222222222222,-10.0,18132.697978091353,0.0,18122.697978091353,0,,17676.775
2019-03-27 00:00:00+00:00,83.5,82.45,76.73765,47.63375,1.3071425,0.4161849710982659,-10.0,17904.68091269541,0.0,17894.68091269541,0,,17454.492
2019-03-28 00:00:00+00:00,82.6,83.21,76.7292,47.584785,1.3378569,0.5205479452054794,-10.0,18069.72159011093,0.0,18059.72159011093,0,,17615.383
2019-03-29 00:00:00+00:00,82.92,83.11,76.7253,53.79242,1.3142859,0.5205479452054794,-10.0,18048.00632300703,0.0,18038.00632300703,0,,17594.213
2019-04-01 00:00:00+00:00,83.94,84.15,76.7218,51.586475,1.3214285,0.4161849710982659,-10.0,18273.85038101193,0.0,18263.85038101193,0,,17814.379
2019-04-02 00:00:00+00:00,84.1,85.04,76.7289,53.627438,1.3578573,0.4161849710982659,-10.0,18467.121336056407,0.0,18457.121336056407,0,,18002.791
2019-04-03 00:00:00+00:00,85.62,86.79,76.73945,56.32503,1.3607146,0.5205479452054794,-10.0,18847.147059112813,0.0,18837.147059112813,0,,18373.26
2019-04-04 00:00:00+00:00,87.16,87.31,76.7542,57.955555,1.4028571,0.5205479452054794,-10.0,18960.068965964463,0.0,18950.068965964463,0,,18483.344
2019-04-05 00:00:00+00:00,87.45,87.44,76.769104,57.039032,1.3857138,0.6222222222222222,-10.0,18988.30132840813,0.0,18978.30132840813,0,,18510.865
2019-04-08 00:00:00+00:00,87.73,88.18,76.7914,55.75305,1.3542856,0.5205479452054794,-10.0,19148.997535443475,0.0,19138.997535443475,0,,18667.521
2019-04-09 00:00:00+00:00,87.86,87.1,76.82225,61.35532,1.3421429,0.6222222222222222,-10.0,18914.466710330536,0.0,18904.466710330536,0,,18438.887
2019-04-10 00:00:00+00:00,87.19,87.99,76.85265,59.71479,1.3292857,0.5205479452054794,-10.0,19107.73744470538,0.0,19097.73744470538,0,,18627.299
2019-04-11 00:00:00+00:00,88.28,88.53,76.88825,59.786457,1.2999998,0.5205479452054794,-10.0,19225.00188612294,0.0,19215.00188612294,0,,18741.615
2019-04-12 00:00:00+00:00,88.9,88.73,76.93455,68.749985,1.2407144,0.6222222222222222,-10.0,19268.43376549362,0.0,19258.43376549362,0,,18783.955
2019-04-15 00:00:00+00:00,88.93,88.17,76.982254,73.06564,1.2421428,0.4161849710982659,-10.0,19146.823800757706,0.0,19136.823800757706,0,,18665.402
2019-04-16 00:00:00+00:00,88.39,88.15,77.0318,72.78044,1.2421428,0.6222222222222222,-10.0,19142.48138396091,0.0,19132.48138396091,0,,18661.168
2019-04-17 00:00:00+00:00,88.51,87.76,77.0813,80.91106,1.130715,0.6222222222222222,-10.0,19057.789801895848,0.0,19047.789801895848,0,,18578.607
2019-04-18 00:00:00+00:00,87.68,87.23,77.1243,75.706215,1.1392866,0.6222222222222222,-10.0,18942.695955543873,0.0,18932.695955543873,0,,18466.406
2019-04-22 00:00:00+00:00,86.75,87.91,77.16395,72.19827,1.1950008,0.5205479452054794,-10.0,19090.362852914794,0.0,19080.362852914794,0,,18610.361
2019-04-23 00:00:00+00:00,87.87,87.91,77.20625,71.07623,1.1907152,0.6222222222222222,-10.0,19090.362852914794,0.0,19080.362852914794,0,,18610.361
2019-04-24 00:00:00+00:00,87.12,87.5,77.24735,67.87049,1.1642865,0.6222222222222222,-10.0,19001.32760283802,0.0,18991.32760283802,0,,18523.564
2019-04-25 00:00:00+00:00,87.33,87.63,77.28205,55.30641,1.1042868,0.5205479452054794,-10.0,19029.55797740245,0.0,19019.55797740245,0,,18551.086
2019-04-26 00:00:00+00:00,87.94,88.01,77.3155,52.539677,1.1028584,0.6222222222222222,-10.0,19112.07920506549,0.0,19102.07920506549,0,,18631.531
2019-04-29 00:00:00+00:00,88.46,87.25,77.34915,54.351135,1.1157156,0.6222222222222222,-10.0,18947.038723315032,0.0,18937.038723315032,0,,18470.64
2019-04-30 00:00:00+00:00,87.51,86.99,77.38235,42.92239,1.1285722,0.5205479452054794,-10.0,18890.576665008644,0.0,18880.576665008644,0,,18415.598
2019-05-01 00:00:00+00:00,90.86,92.6,77.4123,49.043476,1.1335722,0.6222222222222222,-10.0,20108.83371504202,0.0,20098.83371504202,0,,19603.225
2019-05-02 00:00:00+00:00,92.45,91.23,77.47045,72.01525,1.5400015,0.5205479452054794,-10.0,19811.32820753832,0.0,19801.32820753832,0,,19313.2
2019-05-03 00:00:00+00:00,91.62,93.33,77.5262,61.94691,1.6485727,0.45454545454545453,-10.0,20267.35958011344,0.0,20257.35958011344,0,,19757.764
2019-05-06 00:00:00+00:00,91.29,92.3,77.5875,67.42423,1.7292868,0.5205479452054794,-10.0,20043.687013517414,0.0,20033.687013517414,0,,19539.715
2019-05-07 00:00:00+00:00,91.34,90.49,77.6342,65.106094,1.8035725,0.6222222222222222,-10.0,19650.629362306317,0.0,19640.629362306317,0,,19156.541
2019-05-08 00:00:00+00:00,90.18,90.7,77.67595,57.5679,1.9342864,0.6222222222222222,-10.0,19696.23154109403,0.0,19686.23154109403,0,,19200.996
2019-05-09 00:00:00+00:00,90.04,91.14,77.71965,59.6204,1.9400003,0.5205479452054794,-10.0,19791.782333617033,0.0,19781.782333617033,0,,19294.145
2019-05-10 00:00:00+00:00,90.38,91.53,77.7673,62.87029,1.9350003,0.5205479452054794,-10.0,19876.474074922327,0.0,19866.474074922327,0,,19376.705
2019-05-13 00:00:00+00:00,89.99,89.37,77.8225,62.14763,1.9678568,0.5205479452054794,-10.0,19407.413333933393,0.0,19397.413333933393,0,,18919.44
2019-05-14 00:00:00+00:00,89.94,91.74,77.8675,54.27901,2.0849996,0.8274645510221388,-10.0,19922.07738165464,0.0,19912.07738165464,0,,19421.162
2019-05-15 00:00:00+00:00,91.5,93.65,77.928154,61.14616,2.2171423,0.5205479452054794,-10.0,20336.850713848562,0.0,20326.850713848562,0,,19825.508
2019-05-16 00:00:00+00:00,93.82,94.05,78.00415,64.47116,2.3657138,0.5205479452054794,-10.0,20423.714870699994,0.0,20413.714870699994,0,,19910.188
2019-05-17 00:00:00+00:00,92.78,92.93,78.088,64.50529,2.3599994,0.5205479452054794,-10.0,20180.49720781947,0.0,20170.49720781947,0,,19673.086
2019-05-20 00:00:00+00:00,92.12,91.47,78.15935,63.40888,2.3664284,0.5205479452054794,-10.0,19863.447238680877,0.0,19853.447238680877,0,,19364.006
2019-05-21 00:00:00+00:00,92.12,92.11,78.224,60.008945,2.402857,0.5205479452054794,-10.0,20002.429197574074,0.0,19992.429197574074,0,,19499.494
2019-05-22 00:00:00+00:00,91.54,92.02,78.29235,48.59277,1.9999994,0.5205479452054794,-10.0,19982.88365293395,0.0,19972.88365293395,0,,19480.44
2019-05-23 00:00:00+00:00,91.37,90.66,78.36155,52.44883,1.9142848,0.6222222222222222,-10.0,19687.550035065116,0.0,19677.550035065116,0,,19192.531
2019-05-24 00:00:00+00:00,91.19,89.91,78.4242,41.325542,1.9021426,0.4161849710982659,-10.0,19524.681866444844,0.0,19514.681866444844,0,,19033.758
2019-05-28 00:00:00+00:00,90.32,89.2,78.48575,42.09133,1.8857133,0.5205479452054794,-10.0,19370.498566519535,0.0,19360.498566519535,0,,18883.453
2019-05-29 00:00:00+00:00,89.0,88.91,78.5473,45.396145,1.8199991,0.4161849710982659,-10.0,19307.52476304024,0.0,19297.52476304024,0,,18822.062
2019-05-30 00:00:00+00:00,89.21,89.66,78.6111,43.648,1.8278563,0.5205479452054794,-10.0,19470.39315160748,0.0,19460.39315160748,0,,18980.836
2019-05-31 00:00:00+00:00,88.8,89.44,78.68115,44.861122,1.8214275,0.6222222222222222,-10.0,19422.617783222628,0.0,19412.617783222628,0,,18934.262
2019-06-03 00:00:00+00:00,89.15,88.43,78.7518,42.656372,1.7878565,0.4161849710982659,-10.0,19203.287538123797,0.0,19193.287538123797,0,,18720.447
2019-06-04 00:00:00+00:00,89.48,90.32,78.81125,46.40672,1.7135707,0.5205479452054794,-10.0,19613.71546801814,0.0,19603.71546801814,0,,19120.555
2019-06-05 00:00:00+00:00,90.46,90.0,78.88175,44.36509,1.6357133,0.5205479452054794,-10.0,19544.22486474198,0.0,19534.22486474198,0,,19052.812
2019-06-06 00:00:00+00:00,90.27,91.0,78.94555,33.424156,1.5257127,0.5205479452054794,-10.0,19761.38348831433,0.0,19751.38348831433,0,,19264.512
2019-06-07 00:00:00+00:00,91.39,92.51,79.01455,36.864758,1.5321416,0.5205479452054794,-10.0,20089.29314102899,0.0,20079.29314102899,0,,19584.176
2019-06-10 00:00:00+00:00,92.92,93.03,79.09565,48.250008,1.5999985,0.5205479452054794,-10.0,20202.214182301366,0.0,20192.214182301366,0,,19694.256
2019-06-11 00:00:00+00:00,93.84,93.93,79.17715,57.052433,1.5885696,0.4161849710982659,-10.0,20397.656678809784,0.0,20387.656678809784,0,,19884.785
2019-06-12 00:00:00+00:00,93.99,93.35,79.2608,58.038868,1.63857,0.5205479452054794,-10.0,20271.705171640897,0.0,20261.705171640897,0,,19762.002
2019-06-13 00:00:00+00:00,93.56,93.03,79.3437,55.63083,1.6642848,0.5205479452054794,-10.0,20202.21412450701,0.0,20192.21412450701,0,,19694.256
2019-06-14 00:00:00+00:00,92.94,93.42,79.4233,61.002758,1.5964273,0.5205479452054794,-10.0,20286.906514962797,0.0,20276.906514962797,0,,19776.82
2019-06-17 00:00:00+00:00,93.31,93.21,79.5016,66.85876,1.5342848,0.4161849710982659,-10.0,20241.302977861928,0.0,20231.302977861928,0,,19732.363
2019-06-18 00:00:00+00:00,93.82,95.1,79.5803,70.23211,1.4999989,0.4161849710982659,-10.0,20651.731524376017,0.0,20641.731524376017,0,,20132.473
2019-06-19 00:00:00+00:00,94.9,95.76,79.6649,76.88963,1.5599992,0.6222222222222222,-10.0,20795.057151927824,0.0,20785.057151927824,0,,20272.195
2019-06-20 00:00:00+00:00,95.71,96.87,79.7558,76.70751,1.5535709,0.6222222222222222,-10.0,21036.10169438646,0.0,21026.10169438646,0,,20507.178
2019-06-21 00:00:00+00:00,96.56,96.14,79.85205,80.1787,1.542142,0.5205479452054794,-10.0,20877.575010971006,0.0,20867.575010971006,0,,20352.639
2019-06-24 00:00:00+00:00,96.3,95.51,79.94695,82.04487,1.4964278,0.6222222222222222,-10.0,20740.765626344488,0.0,20730.765626344488,0,,20219.27
2019-06-25 00:00:00+00:00,95.5,93.25,80.0459,74.09471,1.4571425,0.6222222222222222,-10.0,20249.98833969559,0.0,20239.98833969559,0,,19740.832
2019-06-26 00:00:00+00:00,93.69,94.52,80.1337,62.785202,1.5571425,0.5205479452054794,-10.0,20525.779080882352,0.0,20515.779080882352,0,,20009.69
2019-06-27 00:00:00+00:00,94.88,96.53,80.2241,63.559307,1.595714,0.5205479452054794,-10.0,20962.267727497067,0.0,20952.267727497067,0,,20435.201
2019-06-28 00:00:00+00:00,96.66,97.74,80.3238,64.910965,1.5942857,0.5205479452054794,-10.0,21225.029250483247,0.0,21215.029250483247,0,,20691.357
2019-07-01 00:00:00+00:00,99.0,99.3,80.42545,66.619606,1.5614287,0.5205479452054794,-10.0,21563.797964114634,0.0,21553.797964114634,0,,21021.607
2019-07-02 00:00:00+00:00,99.3,100.39,80.53215,68.10519,1.547857,0.5205479452054794,-10.0,21800.49927576678,0.0,21790.49927576678,0,,21252.355
2019-07-03 00:00:00+00:00,100.53,100.64,80.6394,72.94654,1.5735713,0.4161849710982659,-10.0,21854.788667984267,0.0,21844.788667984267,0,,21305.28
2019-07-05 00:00:00+00:00,100.32,100.6,80.7423,74.91814,1.5642853,0.5205479452054794,-10.0,21846.102618353736,0.0,21836.102618353736,0,,21296.81
2019-07-08 00:00:00+00:00,100.27,100.19,80.8498,74.06165,1.5542859,0.5754899458294336,-10.0,21757.068233111717,0.0,21747.068233111717,0,,21210.016
2019-07-09 00:00:00+00:00,99.04,99.0,80.953804,73.082016,1.5785713,0.5205479452054794,-10.0,21498.649151907754,0.0,21488.649151907754,0,,20958.092
2019-07-10 00:00:00+00:00,99.27,99.19,81.04665,63.522884,1.5499998,0.6222222222222222,-10.0,21539.91085484413,0.0,21529.91085484413,0,,20998.316
2019-07-11 00:00:00+00:00,99.26,100.7,81.1372,62.293903,1.538571,0.5205479452054794,-10.0,21867.81861927719,0.0,21857.81861927719,0,,21317.979
2019-07-12 00:00:00+00:00,99.3,99.54,81.2359,63.34493,1.5749991,0.6222222222222222,-10.0,21615.916375067023,0.0,21605.916375067023,0,,21072.408
2019-07-15 00:00:00+00:00,99.69,99.2,81.3328,61.50204,1.625714,0.5205479452054794,-10.0,21542.08151952806,0.0,21532.08151952806,0,,21000.43
2019-07-16 00:00:00+00:00,98.95,99.88,81.42825,62.732903,1.5914285,0.5205479452054794,-10.0,21689.750156996568,0.0,21679.750156996568,0,,21144.385
2019-07-17 00:00:00+00:00,99.62,97.77,81.52435,75.677765,1.4871428,0.6222222222222222,-10.0,21231.546024714222,0.0,21221.546024714222,0,,20697.703
2019-07-18 00:00:00+00:00,97.58,97.1,81.603,61.81818,1.5335715,0.5205479452054794,-10.0,21086.05036691215,0.0,21076.05036691215,0,,20555.865
2019-07-19 00:00:00+00:00,96.78,94.53,81.6846,52.296535,1.4607141,0.6222222222222222,-10.0,20527.954027356882,0.0,20517.954027356882,0,,20011.8
2019-07-22 00:00:00+00:00,94.76,93.24,81.7653,38.344227,1.5614281,0.4161849710982659,-10.0,20247.81964304882,0.0,20237.81964304882,0,,19738.71
2019-07-23 00:00:00+00:00,93.58,95.12,81.8461,27.555523,1.5978568,0.4,-10.0,20656.077629883497,0.0,20646.077629883497,0,,20136.705
2019-07-24 00:00:00+00:00,95.6,95.31,81.93895,31.560545,1.6228567,0.4161849710982659,-10.0,20697.337542942532,0.0,20687.337542942532,0,,20176.928
2019-07-25 00:00:00+00:00,94.49,96.4,82.03845,31.271948,1.8185713,0.4161849710982659,-10.0,20934.041865581014,0.0,20924.041865581014,0,,20407.682
2019-07-26 00:00:00+00:00,97.19,97.21,82.14855,36.256554,1.913571,0.5205479452054794,-10.0,21109.939456801807,0.0,21099.939456801807,0,,20579.156
2019-07-29 00:00:00+00:00,97.25,97.4,82.25985,40.49744,1.9014288,0.5205479452054794,-10.0,21151.200005313993,0.0,21141.200005313993,0,,20619.38
2019-07-30 00:00:00+00:00,97.05,97.31,82.3707,44.550415,1.8278569,0.5907516126694209,-10.0,21131.65522185991,0.0,21121.65522185991,0,,20600.326
2019-07-31 00:00:00+00:00,97.35,96.55,82.49025,43.552795,1.7935715,0.4161849710982659,-10.0,20966.61580677605,0.0,20956.61580677605,0,,20439.436
2019-08-01 00:00:00+00:00,96.44,95.25,82.6075,34.99641,1.8092864,0.4161849710982659,-10.0,20684.30933962923,0.0,20674.30933962923,0,,20164.227
2019-08-02 00:00:00+00:00,94.94,93.91,82.71565,34.645676,1.8657144,0.4161849710982659,-10.0,20393.318622701823,0.0,20383.318622701823,0,,19880.553
2019-08-05 00:00:00+00:00,92.19,91.35,82.82025,32.331352,1.9257143,0.5205479452054794,-10.0,19837.392998802563,0.0,19827.392998802563,0,,19338.605
2019-08-06 00:00:00+00:00,91.82,92.56,82.90385,24.68844,2.0978572,0.7487762401232525,-10.0,20100.153190752877,0.0,20090.153190752877,0,,19594.758
2019-08-07 00:00:00+00:00,91.3,93.4,82.99405,33.66772,2.107143,0.6222222222222222,-10.0,20282.567789487115,0.0,20272.567789487115,0,,19772.586
2019-08-08 00:00:00+00:00,93.53,95.77,83.1008,38.52359,2.23,0.6222222222222222,-10.0,20797.230867620536,0.0,20787.230867620536,0,,20274.31
2019-08-09 00:00:00+00:00,95.51,95.58,83.22635,53.894463,2.2221434,0.6222222222222222,-10.0,20755.971636518196,0.0,20745.971636518196,0,,20234.09
2019-08-12 00:00:00+00:00,95.0,93.88,83.35345,57.89475,2.1814291,0.5205479452054794,-10.0,20386.8016738586,0.0,20376.8016738586,0,,19874.201
2019-08-13 00:00:00+00:00,93.82,95.26,83.4785,45.765007,2.168572,0.5205479452054794,-10.0,20686.481491344828,0.0,20676.481491344828,0,,20166.344
2019-08-14 00:00:00+00:00,93.86,92.01,83.6357,49.842087,2.0921428,0.6222222222222222,-10.0,19980.717446385737,0.0,19970.717446385737,0,,19478.326
2019-08-15 00:00:00+00:00,92.34,91.61,83.758,37.798782,2.2135713,0.99,-10.0,19893.853595530683,0.0,19883.853595530683,0,,19393.646
2019-08-16 00:00:00+00:00,92.5,93.01,83.8747,34.072823,2.2664282,0.6222222222222222,-10.0,20197.87453148724,0.0,20187.87453148724,0,,19690.023
2019-08-19 00:00:00+00:00,94.41,93.46,83.99675,38.31826,2.3492856,0.6222222222222222,-10.0,20295.594050370517,0.0,20285.594050370517,0,,19785.285
2019-08-20 00:00:00+00:00,93.22,92.73,84.12055,39.947784,2.4207141,0.6222222222222222,-10.0,20137.06980349054,0.0,20127.06980349054,0,,19630.746
2019-08-21 00:00:00+00:00,93.6,91.62,84.22835,40.010464,2.340714,0.6222222222222222,-10.0,19896.02460758762,0.0,19886.02460758762,0,,19395.762
2019-08-22 00:00:00+00:00,92.02,92.41,84.3232,40.412052,2.332143,0.6222222222222222,-10.0,20067.578619396423,0.0,20057.578619396423,0,,19563.002
2019-08-23 00:00:00+00:00,92.15,91.08,84.42115,45.91948,2.313572,0.6222222222222222,-10.0,19778.758483579255,0.0,19768.758483579255,0,,19281.445
2019-08-26 00:00:00+00:00,91.9,91.65,84.51455,49.212837,2.230715,0.99,-10.0,19902.53888467452,0.0,19892.53888467452,0,,19402.113
2019-08-27 00:00:00+00:00,92.23,91.13,84.61985,47.244106,2.1471438,0.6666666666666666,-10.0,19789.615347243096,0.0,19779.615347243096,0,,19292.03
2019-08-28 00:00:00+00:00,91.0,91.91,84.71065,42.989487,2.0278583,0.7680983663640136,-10.0,19958.999157039914,0.0,19948.999157039914,0,,19457.154
2019-08-29 00:00:00+00:00,92.72,92.54,84.8101,36.780857,1.957858,0.7173472119974574,-10.0,20095.808798345097,0.0,20085.808798345097,0,,19590.525
2019-08-30 00:00:00+00:00,93.23,92.37,84.917,39.893623,1.9657146,0.6666666666666666,-10.0,20058.892493091294,0.0,20048.892493091294,0,,19554.537
2019-09-03 00:00:00+00:00,91.16,91.31,85.0279,44.41157,1.9421431,0.6222222222222222,-10.0,19828.704211984204,0.0,19818.704211984204,0,,19330.135
2019-09-04 00:00:00+00:00,92.03,92.3,85.13015,35.02653,1.870715,0.5205479452054794,-10.0,20043.69106996877,0.0,20033.69106996877,0,,19539.717
2019-09-05 00:00:00+00:00,93.22,93.47,85.23625,51.326626,1.6678581,0.6222222222222222,-10.0,20297.76490989955,0.0,20287.76490989955,0,,19787.404
2019-09-06 00:00:00+00:00,93.4,93.74,85.33915,57.94871,1.6428577,0.5205479452054794,-10.0,20356.39622769766,0.0,20346.39622769766,0,,19844.56
2019-09-09 00:00:00+00:00,93.97,92.53,85.44265,53.453148,1.5857146,0.5205479452054794,-10.0,20093.635020864152,0.0,20083.635020864152,0,,19588.406
2019-09-10 00:00:00+00:00,91.76,93.58,85.5493,45.895855,1.6000001,0.4161849710982659,-10.0,20321.650588079963,0.0,20311.650588079963,0,,19810.69
2019-09-11 00:00:00+00:00,94.14,95.18,85.65975,53.648056,1.7099997,0.5205479452054794,-10.0,20669.104308321268,0.0,20659.104308321268,0,,20149.404
2019-09-12 00:00:00+00:00,95.46,94.77,85.7728,64.66225,1.6885709,0.5205479452054794,-10.0,20580.06827055036,0.0,20570.06827055036,0,,20062.61
2019-09-13 00:00:00+00:00,95.29,96.05,85.88105,60.03397,1.690713,0.4161849710982659,-10.0,20858.031162016185,0.0,20848.031162016185,0,,20333.584
2019-09-16 00:00:00+00:00,95.06,93.66,85.98585,71.221146,1.7021414,0.5205479452054794,-10.0,20339.023838092413,0.0,20329.023838092413,0,,19827.625
2019-09-17 00:00:00+00:00,93.63,94.86,86.0783,57.427933,1.8071414,0.5205479452054794,-10.0,20599.612634832785,0.0,20589.612634832785,0,,20081.664
2019-09-18 00:00:00+00:00,94.5,95.35,86.16785,63.124557,1.8607129,0.5205479452054794,-10.0,20706.0190630602,0.0,20696.0190630602,0,,20185.395
2019-09-19 00:00:00+00:00,95.74,95.78,86.2623,62.356297,1.8328558,0.6222222222222222,-10.0,20799.396736823903,0.0,20789.396736823903,0,,20276.426
2019-09-20 00:00:00+00:00,95.96,95.22,86.3635,61.807564,1.764285,0.5205479452054794,-10.0,20677.789336328387,0.0,20667.789336328387,0,,20157.877
2019-09-23 00:00:00+00:00,94.88,94.25,86.44975,60.09921,1.735714,0.4161849710982659,-10.0,20467.145311856,0.0,20457.145311856,0,,19952.53
2019-09-24 00:00:00+00:00,94.65,92.22,86.54525,60.485027,1.7257135,0.4161849710982659,-10.0,20026.31500400482,0.0,20016.31500400482,0,,19522.783
2019-09-25 00:00:00+00:00,92.05,92.77,86.6284,49.73439,1.8364279,0.4161849710982659,-10.0,20145.750375562933,0.0,20135.750375562933,0,,19639.215
2019-09-26 00:00:00+00:00,92.45,92.01,86.72795,47.57616,1.8478568,0.5205479452054794,-10.0,19980.71152949524,0.0,19970.71152949524,0,,19478.326
2019-09-27 00:00:00+00:00,92.54,91.45,86.82465,44.206306,1.885,0.5205479452054794,-10.0,19859.10193612171,0.0,19849.10193612171,0,,19359.773
2019-09-30 00:00:00+00:00,91.8,93.11,86.9199,46.21848,1.8778572,0.4161849710982659,-10.0,20219.584325072687,0.0,20209.584325072687,0,,19711.191
2019-10-01 00:00:00+00:00,93.45,92.15,87.02155,48.421757,1.8364296,0.5205479452054794,-10.0,20011.113296448704,0.0,20001.113296448704,0,,19507.963
2019-10-02 00:00:00+00:00,91.62,90.94,87.1212,39.368423,1.8535722,0.4161849710982659,-10.0,19748.35168945854,0.0,19738.35168945854,0,,19251.809
2019-10-03 00:00:00+00:00,91.13,91.99,87.2166,37.275764,1.8578584,0.5205479452054794,-10.0,19976.366468893044,0.0,19966.366468893044,0,,19474.09
2019-10-04 00:00:00+00:00,92.3,93.35,87.3252,36.30226,1.7642871,0.5205479452054794,-10.0,20271.701403259467,0.0,20261.701403259467,0,,19761.998
2019-10-07 00:00:00+00:00,93.03,91.0,87.4395,48.875977,1.6985724,0.6222222222222222,-10.0,19761.379943526932,0.0,19751.379943526932,0,,19264.508
2019-10-08 00:00:00+00:00,90.19,90.7,87.5462,37.081646,1.717144,0.5205479452054794,-10.0,19696.231952067774,0.0,19686.231952067774,0,,19200.998
2019-10-09 00:00:00+00:00,91.47,91.5,87.6622,34.237274,1.8307152,0.5205479452054794,-10.0,19869.958534849266,0.0,19859.958534849266,0,,19370.357
2019-10-10 00:00:00+00:00,91.39,91.55,87.78735,35.84656,1.8650011,0.5205479452054794,-10.0,19880.816580656596,0.0,19870.816580656596,0,,19380.941
2019-10-11 00:00:00+00:00,92.96,93.43,87.91255,37.440117,1.8978577,0.5205479452054794,-10.0,20289.073734384256,0.0,20279.073734384256,0,,19778.934
2019-10-14 00:00:00+00:00,93.01,91.53,88.03215,47.35825,2.0121439,0.6222222222222222,-10.0,19876.47327409821,0.0,19866.47327409821,0,,19376.707
2019-10-15 00:00:00+00:00,91.61,91.66,88.13815,47.758278,1.9850006,0.4161849710982659,-10.0,19904.705393069664,0.0,19894.705393069664,0,,19404.229
2019-10-16 00:00:00+00:00,91.79,92.2,88.2417,46.29261,1.9785722,0.6082937584625097,-10.0,20021.970443543534,0.0,20011.970443543534,0,,19518.545
2019-10-17 00:00:00+00:00,92.42,92.2,88.3437,50.64405,1.942858,0.6222222222222222,-10.0,20021.970443543534,0.0,20011.970443543534,0,,19518.545
2019-10-18 00:00:00+00:00,90.89,91.15,88.45,52.642704,2.0142865,0.6222222222222222,-10.0,19793.95539391583,0.0,19783.95539391583,0,,19296.264
2019-10-21 00:00:00+00:00,91.76,92.39,88.56925,42.783504,1.9857146,0.5205479452054794,-10.0,20063.230892501873,0.0,20053.230892501873,0,,19558.768
2019-10-22 00:00:00+00:00,92.25,90.73,88.6815,50.865795,1.9150003,0.5205479452054794,-10.0,19702.74913060129,0.0,19692.74913060129,0,,19207.35
2019-10-23 00:00:00+00:00,91.5,95.77,88.78145,49.26625,1.9449997,0.5205479452054794,-10.0,20797.224691430434,0.0,20787.224691430434,0,,20274.305
2019-10-24 00:00:00+00:00,95.56,96.91,88.901,60.327873,2.2799993,0.6222222222222222,-10.0,21044.787442194658,0.0,21034.787442194658,0,,20515.645
2019-10-25 00:00:00+00:00,96.73,97.69,89.03035,59.84515,2.3349996,0.6222222222222222,-10.0,21214.16964645723,0.0,21204.16964645723,0,,20680.768
2019-10-28 00:00:00+00:00,97.87,97.19,89.15845,70.26046,2.3157141,0.5205479452054794,-10.0,21105.59020469876,0.0,21095.59020469876,0,,20574.92
2019-10-29 00:00:00+00:00,97.1,97.31,89.28495,69.41953,2.2764287,0.6222222222222222,-10.0,21131.648234559027,0.0,21121.648234559027,0,,20600.324
2019-10-30 00:00:00+00:00,97.35,97.32,89.41655,68.122284,2.2828565,0.6222222222222222,-10.0,21133.81968908142,0.0,21123.81968908142,0,,20602.441
2019-10-31 00:00:00+00:00,96.9,96.96,89.54065,68.042534,2.2678566,0.6222222222222222,-10.0,21055.643072429168,0.0,21045.643072429168,0,,20526.23
2019-11-01 00:00:00+00:00,97.85,96.31,89.66525,62.19766,2.1235707,0.6222222222222222,-10.0,20914.49037868074,0.0,20904.49037868074,0,,20388.627
2019-11-04 00:00:00+00:00,96.81,97.99,89.7868,68.07868,2.1178563,0.5205479452054794,-10.0,21279.31557353209,0.0,21269.31557353209,0,,20744.28
2019-11-05 00:00:00+00:00,97.8,100.15,89.91135,71.42858,2.1742847,0.6222222222222222,-10.0,21748.377844890747,0.0,21738.377844890747,0,,21201.547
2019-11-06 00:00:00+00:00,100.44,99.57,90.05705,74.25262,2.322142,0.6222222222222222,-10.0,21622.42632300742,0.0,21612.42632300742,0,,21078.76
2019-11-07 00:00:00+00:00,100.0,98.93,90.20125,71.714806,2.2042851,0.5205479452054794,-10.0,21483.445027790116,0.0,21473.445027790116,0,,20943.275
2019-11-08 00:00:00+00:00,98.62,99.09,90.3406,73.49034,2.2350001,0.6222222222222222,-10.0,21518.19047050147,0.0,21508.19047050147,0,,20977.146
2019-11-11 00:00:00+00:00,98.26,98.13,90.47725,71.64082,2.232143,0.5205479452054794,-10.0,21309.719251016944,0.0,21299.719251016944,0,,20773.916
2019-11-12 00:00:00+00:00,98.29,98.09,90.60635,75.03381,2.1800003,0.6222222222222222,-10.0,21301.032638771045,0.0,21291.032638771045,0,,20765.447
2019-11-13 00:00:00+00:00,97.85,97.76,90.73105,61.86093,1.8435718,0.5205479452054794,-10.0,21229.371590585368,0.0,21219.371590585368,0,,20695.588
2019-11-14 00:00:00+00:00,97.9,98.85,90.8492,54.73801,1.755,0.5205479452054794,-10.0,21466.074074983142,0.0,21456.074074983142,0,,20926.34
2019-11-15 00:00:00+00:00,99.49,99.69,90.97105,56.249985,1.7099997,0.5205479452054794,-10.0,21648.486654562625,0.0,21638.486654562625,0,,21104.166
2019-11-18 00:00:00+00:00,99.52,100.17,91.0974,62.99377,1.6721426,0.4161849710982659,-10.0,21752.72115639866,0.0,21742.72115639866,0,,21205.781
2019-11-19 00:00:00+00:00,100.58,100.21,91.2246,64.32867,1.6535715,0.5205479452054794,-10.0,21761.40812995541,0.0,21751.40812995541,0,,21214.25
2019-11-20 00:00:00+00:00,99.61,99.26,91.35255,64.43557,1.6000001,0.5205479452054794,-10.0,21555.108693764014,0.0,21545.108693764014,0,,21013.137
2019-11-21 00:00:00+00:00,98.92,99.08,91.471,60.84908,1.6300005,0.5205479452054794,-10.0,21516.020407191376,0.0,21506.020407191376,0,,20975.03
2019-11-22 00:00:00+00:00,99.45,101.22,91.593,63.672295,1.5514292,0.5205479452054794,-10.0,21980.738406344055,0.0,21970.738406344055,0,,21428.062
2019-11-25 00:00:00+00:00,101.86,103.09,91.72955,65.25027,1.5521431,0.5205479452054794,-10.0,22386.82329137642,0.0,22376.82329137642,0,,21823.938
2019-11-26 00:00:00+00:00,103.2,105.32,91.873,64.27185,1.4928572,0.5205479452054794,-10.0,22871.086063892417,0.0,22861.086063892417,0,,22296.023
2019-11-27 00:00:00+00:00,105.56,106.37,92.028,74.05862,1.5828569,0.6222222222222222,-10.0,23099.10146270583,0.0,23089.10146270583,0,,22518.307
2019-11-29 00:00:00+00:00,105.82,105.0,92.163,80.09713,1.5292848,0.5205479452054794,-10.0,22801.59404309179,0.0,22791.59404309179,0,,22228.28
2019-12-02 00:00:00+00:00,105.06,104.75,92.2872,71.776,1.5549997,0.5205479452054794,-10.0,22747.30419693106,0.0,22737.30419693106,0,,22175.355
2019-12-03 00:00:00+00:00,103.26,103.95,92.4022,75.73875,1.5614287,0.5205479452054794,-10.0,22573.57706715213,0.0,22563.57706715213,0,,22005.996
2019-12-04 00:00:00+00:00,104.1,104.18,92.515,71.51249,1.6042856,0.6222222222222222,-10.0,22623.524348506013,0.0,22613.524348506013,0,,22054.69
2019-12-05 00:00:00+00:00,104.62,104.91,92.6192,73.74259,1.5757141,0.5205479452054794,-10.0,22782.050144586265,0.0,22772.050144586265,0,,22209.229
2019-12-06 00:00:00+00:00,105.86,105.47,92.7275,73.024315,1.5485715,0.6222222222222222,-10.0,22903.65695459862,0.0,22893.65695459862,0,,22327.78
2019-12-09 00:00:00+00:00,105.6,104.75,92.8297,72.437874,1.5264282,0.5205479452054794,-10.0,22747.30331793643,0.0,22737.30331793643,0,,22175.355
2019-12-10 00:00:00+00:00,104.92,104.7,92.9357,67.45426,1.5521425,0.5205479452054794,-10.0,22736.444355861113,0.0,22726.444355861113,0,,22164.77
2019-12-11 00:00:00+00:00,105.11,105.7,93.04175,67.09822,1.577143,0.6222222222222222,-10.0,22953.601233592388,0.0,22943.601233592388,0,,22376.465
2019-12-12 00:00:00+00:00,105.67,106.52,93.1528,74.43091,1.5585715,0.6222222222222222,-10.0,23131.670289564307,0.0,23121.670289564307,0,,22550.059
2019-12-13 00:00:00+00:00,106.54,107.2,93.2699,76.917465,1.6021429,0.5205479452054794,-10.0,23279.337706575145,0.0,23269.337706575145,0,,22694.014
2019-12-16 00:00:00+00:00,108.04,108.48,93.387,74.19089,1.5221432,0.5205479452054794,-10.0,23557.3013809659,0.0,23547.3013809659,0,,22964.988
2019-12-17 00:00:00+00:00,108.32,108.8,93.5125,72.89717,1.5100011,0.6222222222222222,-10.0,23626.791506463716,0.0,23616.791506463716,0,,23032.73
2019-12-18 00:00:00+00:00,109.04,109.25,93.63645,67.64703,1.4092871,0.6222222222222222,-10.0,23724.511119934363,0.0,23714.511119934363,0,,23127.992
2019-12-19 00:00:00+00:00,109.27,110.34,93.7629,65.55071,1.3928587,0.6222222222222222,-10.0,23961.21299391295,0.0,23951.21299391295,0,,23358.744
2019-12-20 00:00:00+00:00,111.18,111.42,93.9,79.73268,1.3871439,0.6222222222222222,-10.0,24195.743361202876,0.0,24185.743361202876,0,,23587.377
2019-12-23 00:00:00+00:00,111.06,111.28,94.04485,83.99587,1.3928583,0.6222222222222222,-10.0,24165.340792278595,0.0,24155.340792278595,0,,23557.738
2019-12-24 00:00:00+00:00,111.43,111.37,94.18725,90.05461,1.2964298,0.4161849710982659,-10.0,24184.88656641366,0.0,24174.88656641366,0,,23576.793
2019-12-26 00:00:00+00:00,111.43,111.94,94.32705,89.90008,1.2914298,0.5205479452054794,-10.0,24308.665116437198,0.0,24298.665116437198,0,,23697.459
2019-12-27 00:00:00+00:00,112.32,112.39,94.4684,89.71748,1.2600011,0.6222222222222222,-10.0,24406.38535858661,0.0,24396.38535858661,0,,23792.723
2019-12-30 00:00:00+00:00,112.5,111.37,94.60535,89.588066,1.2378584,0.6222222222222222,-10.0,24184.88466100549,0.0,24174.88466100549,0,,23576.791
2019-12-31 00:00:00+00:00,111.08,110.91,94.7334,86.61506,1.2635727,0.6222222222222222,-10.0,24084.99229701202,0.0,24074.99229701202,0,,23479.412
2020-01-02 00:00:00+00:00,111.15,111.45,94.8569,82.857185,1.2535722,0.6222222222222222,-10.0,24202.256002193448,0.0,24192.256002193448,0,,23593.727
2020-01-03 00:00:00+00:00,110.0,109.99,94.98565,81.98001,1.2471439,0.5205479452054794,-10.0,23885.205769981258,0.0,23875.205769981258,0,,23284.648
2020-01-06 00:00:00+00:00,109.02,109.42,95.111,68.01664,1.3150008,0.5205479452054794,-10.0,23761.42627459506,0.0,23751.42627459506,0,,23163.979
2020-01-07 00:00:00+00:00,109.27,108.29,95.22915,61.659683,1.3242863,0.6222222222222222,-10.0,23516.038215112327,0.0,23506.038215112327,0,,22924.762
2020-01-08 00:00:00+00:00,108.14,109.21,95.34775,48.98611,1.2692854,0.5205479452054794,-10.0,23715.823149093794,0.0,23705.823149093794,0,,23119.523
2020-01-09 00:00:00+00:00,109.89,109.09,95.4737,52.056152,1.3399996,0.6222222222222222,-10.0,23689.76392688711,0.0,23679.76392688711,0,,23094.12
2020-01-10 00:00:00+00:00,109.45,108.6,95.60165,49.170105,1.3399991,0.4161849710982659,-10.0,23583.35692646449,0.0,23573.35692646449,0,,22990.389
2020-01-13 00:00:00+00:00,108.94,109.29,95.7324,40.376102,1.307142,0.6222222222222222,-10.0,23733.196537215965,0.0,23723.196537215965,0,,23136.46
2020-01-14 00:00:00+00:00,109.14,109.09,95.8628,37.68786,1.2864276,0.6222222222222222,-10.0,23689.763804795868,0.0,23679.763804795868,0,,23094.12
2020-01-15 00:00:00+00:00,108.94,109.63,95.9927,37.42822,1.3057137,0.6222222222222222,-10.0,23807.02923813479,0.0,23797.02923813479,0,,23208.438
2020-01-16 00:00:00+00:00,110.32,111.6,96.1201,40.50214,1.3364285,0.6222222222222222,-10.0,24234.829390475585,0.0,24224.829390475585,0,,23625.48
2020-01-17 00:00:00+00:00,112.17,113.92,96.2529,48.390133,1.4321431,0.6222222222222222,-10.0,24738.636362134872,0.0,24728.636362134872,0,,24116.621
2020-01-21 00:00:00+00:00,112.49,110.62,96.38855,56.154465,1.5271432,0.5205479452054794,-10.0,24022.015496307762,0.0,24012.015496307762,0,,23418.02
2020-01-22 00:00:00+00:00,110.98,110.85,96.5051,47.450714,1.6892859,0.5205479452054794,-10.0,24071.960370626733,0.0,24061.960370626733,0,,23466.709
2020-01-23 00:00:00+00:00,109.19,110.96,96.62215,49.7928,1.7714288,0.5205479452054794,-10.0,24095.846931796965,0.0,24085.846931796965,0,,23489.994
2020-01-24 00:00:00+00:00,111.45,108.49,96.73605,48.256233,1.9385713,0.5205479452054794,-10.0,23559.46595117238,0.0,23549.46595117238,0,,22967.1
2020-01-27 00:00:00+00:00,104.3,104.94,96.843,45.01992,2.0214283,0.4161849710982659,-10.0,22788.556001821635,0.0,22778.556001821635,0,,22215.574
2020-01-28 00:00:00+00:00,106.0,107.86,96.92775,37.583157,2.2757137,0.6222222222222222,-10.0,23422.65567458274,0.0,23412.65567458274,0,,22833.73
2020-01-29 00:00:00+00:00,108.13,110.01,97.0244,48.915783,2.4021428,0.5205479452054794,-10.0,23889.54471036297,0.0,23879.54471036297,0,,23288.88
2020-01-30 00:00:00+00:00,108.3,109.07,97.1308,51.89934,2.4107137,0.5205479452054794,-10.0,23685.416112894905,0.0,23675.416112894905,0,,23089.885
2020-01-31 00:00:00+00:00,108.81,107.8,97.2353,49.954304,2.527857,0.5205479452054794,-10.0,23409.625814404008,0.0,23399.625814404008,0,,22821.031
2020-02-03 00:00:00+00:00,108.54,107.85,97.33355,48.234783,2.5992856,0.6222222222222222,-10.0,23420.481422917128,0.0,23410.481422917128,0,,22831.613
2020-02-04 00:00:00+00:00,109.92,110.94,97.434,46.73024,2.668571,0.6222222222222222,-10.0,24091.50161436567,0.0,24081.50161436567,0,,23485.764
2020-02-05 00:00:00+00:00,112.44,113.26,97.55255,53.713383,2.8992848,0.5205479452054794,-10.0,24595.307201561838,0.0,24585.307201561838,0,,23976.9
2020-02-06 00:00:00+00:00,113.7,112.7,97.6793,56.800312,2.9971416,0.5205479452054794,-10.0,24473.697089753157,0.0,24463.697089753157,0,,23858.35
2020-02-07 00:00:00+00:00,111.42,110.84,97.80325,52.175632,3.0014267,0.5205479452054794,-10.0,24069.783445148543,0.0,24059.783445148543,0,,23464.592
2020-02-10 00:00:00+00:00,110.42,111.37,97.91995,43.795322,2.9957123,0.5205479452054794,-10.0,24184.878482793858,0.0,24174.878482793858,0,,23576.793
2020-02-11 00:00:00+00:00,110.44,112.94,98.03865,51.70068,2.7978554,0.5205479452054794,-10.0,24525.815001103307,0.0,24515.815001103307,0,,23909.158
2020-02-12 00:00:00+00:00,113.49,113.7,98.1633,54.467728,3.0814269,0.6222222222222222,-10.0,24690.85522362858,0.0,24680.85522362858,0,,24070.049
2020-02-13 00:00:00+00:00,112.66,112.96,98.29555,55.69883,3.0128555,0.6222222222222222,-10.0,24530.158486841116,0.0,24520.158486841116,0,,23913.393
2020-02-14 00:00:00+00:00,113.09,113.23,98.4254,60.017933,2.9099987,0.6222222222222222,-10.0,24588.792077517857,0.0,24578.792077517857,0,,23970.55
2020-02-18 00:00:00+00:00,112.98,111.93,98.52855,71.781395,2.6628559,0.6222222222222222,-10.0,24306.485542347567,0.0,24296.485542347567,0,,23695.342
2020-02-19 00:00:00+00:00,112.05,112.67,98.63205,61.688675,2.5449994,0.4161849710982659,-10.0,24467.181259884142,0.0,24457.181259884142,0,,23851.998
2020-02-20 00:00:00+00:00,112.32,112.0,98.72875,58.312485,2.491428,0.5205479452054794,-10.0,24321.685292450995,0.0,24311.685292450995,0,,23710.16
2020-02-21 00:00:00+00:00,111.14,109.57,98.82725,59.31341,2.4392853,0.5205479452054794,-10.0,23793.991104299403,0.0,23783.991104299403,0,,23195.734
2020-02-24 00:00:00+00:00,104.62,104.02,98.92265,55.239777,2.4835713,0.4161849710982659,-10.0,22588.76445725894,0.0,22578.76445725894,0,,22020.81
2020-02-25 00:00:00+00:00,104.82,98.88,98.98925,41.447075,2.7685716,0.6222222222222222,-10.0,21472.573148290532,0.0,21462.573148290532,0,,20932.684
2020-02-26 00:00:00+00:00,99.64,97.9,99.02795,25.327332,2.9428575,0.5205479452054794,-10.0,21259.759740037847,0.0,21249.759740037847,0,,20725.22
2020-02-27 00:00:00+00:00,95.53,95.83,99.0598,16.753254,3.077143,0.6222222222222222,-10.0,20810.24268961294,0.0,20800.24268961294,0,,20287.006
2020-02-28 00:00:00+00:00,92.95,97.2,99.0921,15.725326,3.4621434,0.6222222222222222,-10.0,21107.747060339185,0.0,21097.747060339185,0,,20577.03
2020-03-02 00:00:00+00:00,97.04,96.46,99.1194,21.724705,3.7021434,0.6222222222222222,-10.0,20947.051197046017,0.0,20937.051197046017,0,,20420.375
2020-03-03 00:00:00+00:00,96.58,93.33,99.13345,19.358791,3.9807146,0.6666666666666666,-10.0,20267.347676654466,0.0,20257.347676654466,0,,19757.762
2020-03-04 00:00:00+00:00,94.7,98.39,99.12985,12.12821,3.8742862,0.6222222222222222,-10.0,21366.165166832467,0.0,21356.165166832467,0,,20828.951
2020-03-05 00:00:00+00:00,94.1,91.5,99.15715,24.643915,4.1585717,0.99,-10.0,19869.947937541823,0.0,19859.947937541823,0,,19370.354
2020-03-06 00:00:00+00:00,89.02,90.45,99.1573,20.473299,4.485,0.6222222222222222,-10.0,19641.931465880305,0.0,19631.931465880305,0,,19148.07
2020-03-09 00:00:00+00:00,83.4,86.18,99.149,19.315714,4.7985716,0.5205479452054794,-10.0,18714.66792172233,0.0,18704.66792172233,0,,18244.121
2020-03-10 00:00:00+00:00,89.99,90.32,99.1198,17.884745,5.1985707,0.6222222222222222,-10.0,19613.701096129298,0.0,19603.701096129298,0,,19120.55
2020-03-11 00:00:00+00:00,88.22,81.09,99.1181,24.30443,5.507857,0.6666666666666666,-10.0,17609.333378445102,0.0,17599.333378445102,0,,17166.578
2020-03-12 00:00:00+00:00,71.41,76.72,99.074,20.307386,6.157142,0.4161849710982659,-10.0,16660.35398618754,0.0,16650.35398618754,0,,16241.46
2020-03-13 00:00:00+00:00,80.85,78.63,99.0116,19.577692,6.657856,0.4161849710982659,-10.0,17075.124628286372,0.0,17065.124628286372,0,,16645.803
2020-03-16 00:00:00+00:00,69.42,69.54,98.9602,24.786484,6.604999,0.6222222222222222,-10.0,15101.159991085711,0.0,15091.159991085711,0,,14721.47
2020-03-17 00:00:00+00:00,70.57,64.83,98.8596,22.983416,7.1921415,0.4161849710982659,-10.0,14078.34657929496,0.0,14068.34657929496,0,,13724.374
2020-03-18 00:00:00+00:00,58.01,56.68,98.73655,21.506105,7.522856,0.5205479452054794,-10.0,12308.509651900738,0.0,12298.509651900738,0,,11999.036
2020-03-19 00:00:00+00:00,55.0,58.03,98.5778,19.46653,8.455713,0.5205479452054794,-10.0,12601.672465080244,0.0,12591.672465080244,0,,12284.828
2020-03-20 00:00:00+00:00,61.29,61.6,98.41635,19.441402,8.894284,0.5205479452054794,-10.0,13376.925606288429,0.0,13366.925606288429,0,,13040.589
2020-03-23 00:00:00+00:00,61.25,63.33,98.27435,23.953968,9.598571,0.6222222222222222,-10.0,13752.610094535525,0.0,13742.610094535525,0,,13406.827
2020-03-24 00:00:00+00:00,68.43,69.39,98.136,27.106224,9.825713,0.5205479452054794,-10.0,15068.586043140296,0.0,15058.586043140296,0,,14689.716
2020-03-25 00:00:00+00:00,75.31,72.25,98.0204,28.202042,10.241427,0.5205479452054794,-10.0,15689.658512761438,0.0,15679.658512761438,0,,15295.173
2020-03-26 00:00:00+00:00,75.6,73.2,97.9165,34.597534,10.404285,0.5205479452054794,-10.0,15895.95845358089,0.0,15885.95845358089,0,,15496.286
2020-03-27 00:00:00+00:00,69.0,69.15,97.81285,36.175667,10.592143,0.5205479452054794,-10.0,15016.46952367374,0.0,15006.46952367374,0,,14638.91
2020-03-30 00:00:00+00:00,66.79,68.68,97.69185,36.30368,10.588572,0.4161849710982659,-10.0,14914.405030212873,0.0,14904.405030212873,0,,14539.412
2020-03-31 00:00:00+00:00,68.75,68.24,97.5701,31.504269,10.545714,0.5205479452054794,-10.0,14818.855213707715,0.0,14808.855213707715,0,,14446.265
2020-04-01 00:00:00+00:00,65.0,63.04,97.4442,37.07503,10.030715,0.5205479452054794,-10.0,13689.634473698177,0.0,13679.634473698177,0,,13345.436
2020-04-02 00:00:00+00:00,62.33,57.86,97.29335,36.46616,9.758573,0.4161849710982659,-10.0,12564.756261429635,0.0,12554.756261429635,0,,12248.84
2020-04-03 00:00:00+00:00,58.0,55.94,97.10715,30.700613,10.019286,0.5205479452054794,-10.0,12147.812733736291,0.0,12137.812733736291,0,,11842.38
2020-04-06 00:00:00+00:00,60.87,63.8,96.90805,35.420235,9.375001,0.4161849710982659,-10.0,13854.673937406382,0.0,13844.673937406382,0,,13506.325
2020-04-07 00:00:00+00:00,70.18,65.83,96.7427,48.965652,9.320715,0.5205479452054794,-10.0,14295.50570297548,0.0,14285.50570297548,0,,13936.074
2020-04-08 00:00:00+00:00,67.31,70.09,96.59115,60.476303,8.545715,0.4161849710982659,-10.0,15220.597148162336,0.0,15210.597148162336,0,,14837.905
2020-04-09 00:00:00+00:00,70.22,68.45,96.46405,62.94547,8.015716,0.5205479452054794,-10.0,14864.4586304798,0.0,14854.4586304798,0,,14490.722
2020-04-13 00:00:00+00:00,68.53,66.64,96.34005,57.670773,7.3100004,0.4161849710982659,-10.0,14471.402998360962,0.0,14461.402998360962,0,,14107.548
2020-04-14 00:00:00+00:00,68.25,70.01,96.20065,53.699974,7.0850005,0.5205479452054794,-10.0,15203.225459435158,0.0,15193.225459435158,0,,14820.971
2020-04-15 00:00:00+00:00,66.04,69.87,96.06805,50.737396,6.53643,0.5205479452054794,-10.0,15172.823930901544,0.0,15162.823930901544,0,,14791.334
2020-04-16 00:00:00+00:00,69.81,70.15,95.9287,46.973553,6.2714295,0.5205479452054794,-10.0,15233.628395967156,0.0,15223.628395967156,0,,14850.609
2020-04-17 00:00:00+00:00,74.67,75.62,95.78295,46.05434,5.8721433,0.5205479452054794,-10.0,16421.4819948991,0.0,16411.4819948991,0,,16008.597
2020-04-20 00:00:00+00:00,73.5,72.28,95.6591,58.07337,5.779286,0.5205479452054794,-10.0,15696.174137632426,0.0,15686.174137632426,0,,15301.524
2020-04-21 00:00:00+00:00,70.33,71.35,95.5173,54.191895,5.7021437,0.4161849710982659,-10.0,15494.217488424705,0.0,15484.217488424705,0,,15104.6455
2020-04-22 00:00:00+00:00,72.51,70.79,95.37105,53.580475,5.590715,0.4161849710982659,-10.0,15372.609256734728,0.0,15362.609256734728,0,,14986.096
2020-04-23 00:00:00+00:00,71.59,71.94,95.22405,59.98969,5.4571443,0.45454545454545453,-10.0,15622.341074750486,0.0,15612.341074750486,0,,15229.548
2020-04-24 00:00:00+00:00,72.46,71.37,95.08875,70.25317,5.035716,0.45454545454545453,-10.0,15498.561432224182,0.0,15488.561432224182,0,,15108.881
2020-04-27 00:00:00+00:00,73.15,75.19,94.94965,73.091896,4.8050013,0.4161849710982659,-10.0,16328.104855401873,0.0,16318.104855401873,0,,15917.567
2020-04-28 00:00:00+00:00,77.0,75.75,94.8221,69.39054,4.535715,0.45454545454545453,-10.0,16449.71200153936,0.0,16439.71200153936,0,,16036.117
2020-04-29 00:00:00+00:00,77.02,79.28,94.70315,67.77778,4.0885725,0.6222222222222222,-10.0,17216.280086146693,0.0,17206.280086146693,0,,16783.412
2020-04-30 00:00:00+00:00,77.79,75.71,94.603546,66.91204,4.205001,0.6222222222222222,-10.0,16441.025900450903,0.0,16431.025900450903,0,,16027.649
2020-05-01 00:00:00+00:00,73.11,72.03,94.4827,62.47423,4.1621437,0.5205479452054794,-10.0,15641.884929544198,0.0,15631.884929544198,0,,15248.602
2020-05-04 00:00:00+00:00,70.0,71.41,94.354,58.70197,4.1414294,0.45454545454545453,-10.0,15507.248231727912,0.0,15497.248231727912,0,,15117.35
2020-05-05 00:00:00+00:00,72.76,71.74,94.22555,52.480515,4.058572,0.5205479452054794,-10.0,15578.909522576516,0.0,15568.909522576516,0,,15187.209
2020-05-06 00:00:00+00:00,72.49,70.79,94.1116,53.29109,3.8157146,0.6222222222222222,-10.0,15372.60979020067,0.0,15362.60979020067,0,,14986.096
2020-05-07 00:00:00+00:00,71.97,71.9,93.99935,51.10041,3.7657144,0.5205479452054794,-10.0,15613.65529247638,0.0,15603.65529247638,0,,15221.081
2020-05-08 00:00:00+00:00,72.78,72.19,93.88325,42.475723,3.549286,0.6222222222222222,-10.0,15676.632132831888,0.0,15666.632132831888,0,,15282.475
2020-05-11 00:00:00+00:00,71.11,68.3,93.76765,49.792347,3.416428,0.5205479452054794,-10.0,14831.887731872475,0.0,14821.887731872475,0,,14458.97
2020-05-12 00:00:00+00:00,68.94,67.0,93.62715,43.80837,3.527142,0.5205479452054794,-10.0,14549.581584947859,0.0,14539.581584947859,0,,14183.762
2020-05-13 00:00:00+00:00,67.0,64.85,93.4761,42.530544,3.4392848,0.6222222222222222,-10.0,14082.691462283006,0.0,14072.691462283006,0,,13728.611
2020-05-14 00:00:00+00:00,63.36,68.17,93.31335,36.55668,3.4428558,0.5205479452054794,-10.0,14803.65521001502,0.0,14793.65521001502,0,,14431.448
2020-05-15 00:00:00+00:00,67.28,68.54,93.16765,44.505486,3.6707132,0.6222222222222222,-10.0,14884.003513537129,0.0,14874.003513537129,0,,14509.775
2020-05-18 00:00:00+00:00,72.17,73.07,93.0276,37.04713,3.5064278,0.6901467188073384,-10.0,15867.727932653666,0.0,15857.727932653666,0,,15468.767
2020-05-19 00:00:00+00:00,73.04,75.29,92.9167,45.47908,3.6999986,0.6222222222222222,-10.0,16349.818049231297,0.0,16339.818049231297,0,,15938.736
2020-05-20 00:00:00+00:00,76.86,77.72,92.8236,42.957996,3.6471417,0.6222222222222222,-10.0,16877.511694937602,0.0,16867.511694937602,0,,16453.162
2020-05-21 00:00:00+00:00,77.15,77.66,92.75545,53.696217,3.5421414,0.6222222222222222,-10.0,16864.482266725387,0.0,16854.482266725387,0,,16440.46
2020-05-22 00:00:00+00:00,78.0,78.39,92.68095,61.94316,3.4521413,0.5205479452054794,-10.0,17023.006560111826,0.0,17013.006560111826,0,,16594.998
2020-05-26 00:00:00+00:00,85.13,81.69,92.6059,64.738174,3.3521411,0.6222222222222222,-10.0,17739.62765715417,0.0,17729.62765715417,0,,17293.602
2020-05-27 00:00:00+00:00,84.14,83.15,92.5355,68.66792,3.7035701,0.5205479452054794,-10.0,18056.67831400914,0.0,18046.67831400914,0,,17602.682
2020-05-28 00:00:00+00:00,83.98,80.62,92.47335,72.75405,3.812856,0.5205479452054794,-10.0,17507.2692172283,0.0,17497.2692172283,0,,17067.086
2020-05-29 00:00:00+00:00,79.54,79.31,92.40705,65.255424,3.9149988,0.4161849710982659,-10.0,17222.791494723286,0.0,17212.791494723286,0,,16789.76
2020-06-01 00:00:00+00:00,79.65,81.91,92.3273,62.027016,3.9099994,0.5205479452054794,-10.0,17787.402703952743,0.0,17777.402703952743,0,,17340.176
2020-06-02 00:00:00+00:00,83.0,83.6,92.2768,74.03743,3.8735712,0.6222222222222222,-10.0,18154.399266170458,0.0,18144.399266170458,0,,17697.945
2020-06-03 00:00:00+00:00,84.49,86.11,92.23675,78.91985,3.847143,0.6222222222222222,-10.0,18699.465723534828,0.0,18689.465723534828,0,,18229.309
2020-06-04 00:00:00+00:00,86.19,86.34,92.20225,86.57949,3.8957143,0.5205479452054794,-10.0,18749.412058969923,0.0,18739.412058969923,0,,18278.0
2020-06-05 00:00:00+00:00,90.42,87.2,92.16665,84.982666,3.7057147,0.6222222222222222,-10.0,18936.16841640125,0.0,18926.16841640125,0,,18460.06
2020-06-08 00:00:00+00:00,89.86,89.7,92.139,85.260765,4.0671434,0.6222222222222222,-10.0,19479.062966721885,0.0,19469.062966721885,0,,18989.305
2020-06-09 00:00:00+00:00,87.8,86.13,92.1294,84.03602,3.885001,0.6222222222222222,-10.0,18703.80926060846,0.0,18693.80926060846,0,,18233.543
2020-06-10 00:00:00+00:00,85.38,82.83,92.098,71.02404,3.827858,0.5205479452054794,-10.0,17987.189565901295,0.0,17977.189565901295,0,,17534.941
2020-06-11 00:00:00+00:00,78.0,77.59,92.05675,59.587246,3.8814294,0.6222222222222222,-10.0,16849.28101902238,0.0,16839.28101902238,0,,16425.643
2020-06-12 00:00:00+00:00,80.93,77.45,91.98645,49.89003,4.100715,0.6222222222222222,-10.0,16818.87898837511,0.0,16808.87898837511,0,,16396.006
2020-06-15 00:00:00+00:00,74.54,77.48,91.91805,48.495514,4.296429,0.5205479452054794,-10.0,16825.395129874654,0.0,16815.395129874654,0,,16402.357
2020-06-16 00:00:00+00:00,81.29,78.25,91.8459,42.474083,4.1100006,0.6222222222222222,-10.0,16992.60593414601,0.0,16982.60593414601,0,,16565.365
2020-06-17 00:00:00+00:00,77.86,76.42,91.77445,41.019062,4.200001,0.6222222222222222,-10.0,16595.20669642186,0.0,16585.20669642186,0,,16177.957
2020-06-18 00:00:00+00:00,75.74,78.16,91.6947,42.099316,4.094287,0.6222222222222222,-10.0,16973.062531265565,0.0,16963.062531265565,0,,16546.312
2020-06-19 00:00:00+00:00,79.23,76.17,91.62895,47.87117,4.1992865,0.6222222222222222,-10.0,16540.917149231213,0.0,16530.917149231213,0,,16125.033
2020-06-22 00:00:00+00:00,75.95,76.08,91.5483,39.12878,4.231429,0.5205479452054794,-10.0,16521.373346454326,0.0,16511.373346454326,0,,16105.98
2020-06-23 00:00:00+00:00,76.74,75.68,91.46135,34.838722,4.200714,0.6222222222222222,-10.0,16434.50948170362,0.0,16424.50948170362,0,,16021.301
2020-06-24 00:00:00+00:00,75.0,73.19,91.37105,27.016315,4.0557137,0.6222222222222222,-10.0,15893.787089807285,0.0,15883.787089807285,0,,15494.174
2020-06-25 00:00:00+00:00,72.49,72.51,91.27435,23.64732,4.1278567,0.5205479452054794,-10.0,15746.119916503698,0.0,15736.119916503698,0,,15350.219
2020-06-26 00:00:00+00:00,72.19,71.16,91.169,20.34722,3.7707138,0.6222222222222222,-10.0,15452.956973550641,0.0,15442.956973550641,0,,15064.427
2020-06-29 00:00:00+00:00,71.52,73.92,91.0489,10.75363,3.706428,0.6222222222222222,-10.0,16052.310665486239,0.0,16042.310665486239,0,,15648.711
2020-06-30 00:00:00+00:00,73.55,73.45,90.94465,23.235432,3.6607137,0.7513319960466744,-10.0,15950.245806338566,0.0,15940.245806338566,0,,15549.212
2020-07-01 00:00:00+00:00,74.68,74.44,90.83165,26.526527,3.527857,0.99,-10.0,16165.23337550204,0.0,16155.23337550204,0,,15758.793
2020-07-02 00:00:00+00:00,76.79,74.52,90.73555,39.987312,3.312143,0.99,-10.0,16182.605695066879,0.0,16172.605695066879,0,,15775.7295
2020-07-06 00:00:00+00:00,76.08,76.24,90.63385,40.65093,3.1700008,0.99,-10.0,16556.117456430322,0.0,16546.117456430322,0,,16139.851
2020-07-07 00:00:00+00:00,75.26,74.17,90.5383,46.428555,2.9735723,0.99,-10.0,16106.60052681857,0.0,16096.60052681857,0,,15701.636
2020-07-08 00:00:00+00:00,74.3,75.09,90.43025,39.06752,2.7928581,0.6222222222222222,-10.0,16306.386235963226,0.0,16296.386235963226,0,,15896.399
2020-07-09 00:00:00+00:00,75.41,74.13,90.3296,46.253517,2.726429,0.6666666666666666,-10.0,16097.914634349585,0.0,16087.914634349585,0,,15693.169
2020-07-10 00:00:00+00:00,73.83,75.24,90.229,38.126083,2.6807148,0.6222222222222222,-10.0,16338.960938969614,0.0,16328.960938969614,0,,15928.154
2020-07-13 00:00:00+00:00,75.55,73.58,90.1441,47.110004,2.5307143,0.6222222222222222,-10.0,15978.48001105168,0.0,15968.48001105168,0,,15576.737
2020-07-14 00:00:00+00:00,73.21,73.51,90.04815,42.921852,2.5828574,0.4161849710982659,-10.0,15963.27888832331,0.0,15953.27888832331,0,,15561.918
2020-07-15 00:00:00+00:00,76.6,80.92,89.95565,43.73918,2.577858,0.6222222222222222,-10.0,17572.417959431885,0.0,17562.417959431885,0,,17130.6
2020-07-16 00:00:00+00:00,79.8,80.89,89.903,67.37079,2.8550007,0.6222222222222222,-10.0,17565.903145549317,0.0,17555.903145549317,0,,17124.248
2020-07-17 00:00:00+00:00,80.67,79.9,89.841896,69.398155,2.846429,0.5205479452054794,-10.0,17350.917560897782,0.0,17340.917560897782,0,,16914.666
2020-07-20 00:00:00+00:00,79.44,78.17,89.78065,70.5744,2.8250003,0.4161849710982659,-10.0,16975.233715913797,0.0,16965.233715913797,0,,16548.428
2020-07-21 00:00:00+00:00,79.31,80.12,89.7168,60.514603,2.7521434,0.5205479452054794,-10.0,17398.69341356472,0.0,17388.69341356472,0,,16961.24
2020-07-22 00:00:00+00:00,79.61,79.62,89.65745,65.37576,2.774286,0.6222222222222222,-10.0,17290.11398065442,0.0,17280.11398065442,0,,16855.39
2020-07-23 00:00:00+00:00,78.72,78.86,89.5888,62.216988,2.6657143,0.6222222222222222,-10.0,17125.07317153377,0.0,17115.07317153377,0,,16694.5
2020-07-24 00:00:00+00:00,78.42,77.43,89.5281,59.917744,2.6414282,0.5205479452054794,-10.0,16814.537337648733,0.0,16804.537337648733,0,,16391.771
2020-07-27 00:00:00+00:00,76.55,77.34,89.46175,52.755913,2.648571,0.5205479452054794,-10.0,16794.99195496076,0.0,16784.99195496076,0,,16372.718
2020-07-28 00:00:00+00:00,77.02,76.67,89.39095,58.082607,2.6199994,0.5205479452054794,-10.0,16649.496961886463,0.0,16639.496961886463,0,,16230.881
2020-07-29 00:00:00+00:00,77.25,77.39,89.31655,54.08058,2.5764287,0.5205479452054794,-10.0,16805.851558759572,0.0,16795.851558759572,0,,16383.305
2020-07-30 00:00:00+00:00,76.5,76.14,89.23635,58.52511,2.4528575,0.5205479452054794,-10.0,16534.40403822634,0.0,16524.40403822634,0,,16118.683
2020-07-31 00:00:00+00:00,75.68,75.05,89.1594,52.336452,2.4700007,0.5205479452054794,-10.0,16297.703052872806,0.0,16287.703052872806,0,,15887.933
2020-08-03 00:00:00+00:00,74.4,74.74,89.07635,53.932587,2.427858,0.5205479452054794,-10.0,16230.3827585363,0.0,16220.3827585363,0,,15822.306
2020-08-04 00:00:00+00:00,74.8,78.32,88.98905,53.2488,2.4564297,0.5205479452054794,-10.0,17007.807793276832,0.0,16997.807793276832,0,,16580.184
2020-08-05 00:00:00+00:00,79.61,80.0,88.91965,41.390743,2.1692865,0.6222222222222222,-10.0,17372.6341070493,0.0,17362.6341070493,0,,16935.838
2020-08-06 00:00:00+00:00,79.3,82.7,88.8639,47.34329,2.1650004,0.5205479452054794,-10.0,17958.95943125294,0.0,17948.95943125294,0,,17507.42
2020-08-07 00:00:00+00:00,82.35,83.7,88.81545,57.583946,2.3928578,0.5205479452054794,-10.0,18176.11692519588,0.0,18166.11692519588,0,,17719.12
2020-08-10 00:00:00+00:00,84.53,86.2,88.7803,65.595024,2.3828578,0.6222222222222222,-10.0,18719.012141220923,0.0,18709.012141220923,0,,18248.363
2020-08-11 00:00:00+00:00,87.55,87.02,88.73245,66.63017,2.4750006,0.5205479452054794,-10.0,18897.082024788888,0.0,18887.082024788888,0,,18421.957
2020-08-12 00:00:00+00:00,88.61,85.89,88.683,69.89245,2.525001,0.6222222222222222,-10.0,18651.694572548866,0.0,18641.694572548866,0,,18182.738
2020-08-13 00:00:00+00:00,85.25,85.5,88.624,68.52925,2.5842862,0.4161849710982659,-10.0,18567.00316173692,0.0,18557.00316173692,0,,18100.178
2020-08-14 00:00:00+00:00,85.89,86.0,88.56555,72.50418,2.645715,0.4161849710982659,-10.0,18675.581713399148,0.0,18665.581713399148,0,,18206.025
2020-08-17 00:00:00+00:00,86.07,84.98,88.509,73.60961,2.6100006,0.5205479452054794,-10.0,18454.08127928417,0.0,18444.08127928417,0,,17990.094
2020-08-18 00:00:00+00:00,85.01,84.07,88.447296,72.23116,2.6757147,0.45454545454545453,-10.0,18256.46664915283,0.0,18246.46664915283,0,,17797.45
2020-08-19 00:00:00+00:00,84.6,84.49,88.38285,67.69068,2.7128575,0.5205479452054794,-10.0,18347.672723430314,0.0,18337.672723430314,0,,17886.361
2020-08-20 00:00:00+00:00,83.47,85.1,88.32375,73.130196,2.6778576,0.6222222222222222,-10.0,18480.13909339561,0.0,18470.13909339561,0,,18015.498
2020-08-21 00:00:00+00:00,85.5,87.35,88.2593,78.59988,2.7114284,0.6222222222222222,-10.0,18968.743406474037,0.0,18958.743406474037,0,,18491.818
2020-08-24 00:00:00+00:00,87.85,88.4,88.1953,82.31677,2.7271428,0.6222222222222222,-10.0,19196.758854345153,0.0,19186.758854345153,0,,18714.1
2020-08-25 00:00:00+00:00,89.72,88.44,88.13945,79.68199,2.617143,0.5205479452054794,-10.0,19205.44574215909,0.0,19195.44574215909,0,,18722.568
2020-08-26 00:00:00+00:00,88.21,86.8,88.087,77.509796,2.6271434,0.5205479452054794,-10.0,18849.306473862795,0.0,18839.306473862795,0,,18375.383
2020-08-27 00:00:00+00:00,87.66,88.8,88.02555,64.35577,2.3535724,0.5205479452054794,-10.0,19283.62251904062,0.0,19273.62251904062,0,,18798.78
2020-08-28 00:00:00+00:00,89.21,91.73,87.9789,66.6885,2.3421435,0.6222222222222222,-10.0,19919.894561142857,0.0,19909.894561142857,0,,19419.055
2020-08-31 00:00:00+00:00,91.61,90.36,87.9471,67.60027,2.3235714,0.6222222222222222,-10.0,19622.38822992643,0.0,19612.38822992643,0,,19129.027
2020-09-01 00:00:00+00:00,89.52,91.71,87.9101,60.270615,2.322857,0.5205479452054794,-10.0,19915.551848023762,0.0,19905.551848023762,0,,19414.82
2020-09-02 00:00:00+00:00,91.89,91.34,87.8744,67.65776,2.3092859,0.5205479452054794,-10.0,19835.2033588622,0.0,19825.2033588622,0,,19336.49
2020-09-03 00:00:00+00:00,91.93,91.3,87.83265,67.73996,2.2235718,0.6222222222222222,-10.0,19826.518401603844,0.0,19816.518401603844,0,,19328.023
2020-09-04 00:00:00+00:00,92.68,90.94,87.7883,66.56251,2.3628578,0.8898319836643905,-10.0,19748.341922751733,0.0,19738.341922751733,0,,19251.814
2020-09-08 00:00:00+00:00,90.12,91.9,87.74195,69.42633,2.408572,0.6222222222222222,-10.0,19956.814493007412,0.0,19946.814493007412,0,,19455.045
2020-09-09 00:00:00+00:00,91.7,90.39,87.70515,75.43861,2.5428576,0.6222222222222222,-10.0,19628.905782336053,0.0,19618.905782336053,0,,19135.38
2020-09-10 00:00:00+00:00,90.9,89.36,87.6617,67.90049,2.5607147,0.4161849710982659,-10.0,19405.233671256978,0.0,19395.233671256978,0,,18917.332
2020-09-11 00:00:00+00:00,89.61,87.37,87.6024,62.603554,2.6521437,0.5205479452054794,-10.0,18973.090221531984,0.0,18963.090221531984,0,,18496.055
2020-09-14 00:00:00+00:00,88.18,92.31,87.5238,50.06011,2.7300007,0.5205479452054794,-10.0,20045.849333075024,0.0,20035.849333075024,0,,19541.842
2020-09-15 00:00:00+00:00,92.45,91.94,87.45875,59.522644,2.9292865,0.5107296137339055,-10.0,19965.50208212159,0.0,19955.50208212159,0,,19463.514
2020-09-16 00:00:00+00:00,92.46,94.03,87.3866,58.389267,2.904286,0.47368421052631576,-10.0,20419.360643344364,0.0,20409.360643344364,0,,19905.96
2020-09-17 00:00:00+00:00,92.68,91.17,87.33175,66.96387,3.0257144,0.47368421052631576,-10.0,19798.288780123785,0.0,19788.288780123785,0,,19300.506
2020-09-18 00:00:00+00:00,90.34,89.64,87.26385,55.345055,3.0914285,0.5107296137339055,-10.0,19466.037719958535,0.0,19456.037719958535,0,,18976.607
2020-09-21 00:00:00+00:00,87.2,85.48,87.1923,44.96869,3.006429,0.5107296137339055,-10.0,18562.661368808655,0.0,18552.661368808655,0,,18095.943
2020-09-22 00:00:00+00:00,85.07,85.24,87.0988,39.64346,3.2828577,0.5107296137339055,-10.0,18510.542308862172,0.0,18500.542308862172,0,,18045.135
2020-09-23 00:00:00+00:00,85.69,83.86,87.00045,35.590187,3.1921437,0.5107296137339055,-10.0,18210.864492246834,0.0,18200.864492246834,0,,17752.992
2020-09-24 00:00:00+00:00,83.37,83.07,86.8924,34.057964,3.3392863,0.5107296137339055,-10.0,18039.30987185361,0.0,18029.30987185361,0,,17585.752
2020-09-25 00:00:00+00:00,83.06,85.93,86.784,33.002872,3.3200002,0.47368421052631576,-10.0,18660.382293415092,0.0,18650.382293415092,0,,18191.209
2020-09-28 00:00:00+00:00,87.82,89.06,86.69015,40.62148,3.3621428,0.5107296137339055,-10.0,19340.08661523636,0.0,19330.08661523636,0,,18853.822
2020-09-29 00:00:00+00:00,88.9,86.6,86.60695,45.08309,3.3457146,0.3958333333333333,-10.0,18805.87850115039,0.0,18795.87850115039,0,,18333.047
2020-09-30 00:00:00+00:00,87.54,85.32,86.50735,43.647327,3.4071426,0.3958333333333333,-10.0,18527.916690735612,0.0,18517.916690735612,0,,18062.072
2020-10-01 00:00:00+00:00,85.92,87.22,86.39795,43.28457,3.3957138,0.3958333333333333,-10.0,18940.517271576467,0.0,18930.517271576467,0,,18464.299
2020-10-02 00:00:00+00:00,84.91,87.96,86.29165,49.749912,3.2878566,0.3958333333333333,-10.0,19101.213248159875,0.0,19091.213248159875,0,,18620.955
2020-10-05 00:00:00+00:00,88.45,89.3,86.18745,41.566498,3.1599994,0.16666666666666666,-10.0,19392.20556128684,0.0,19382.20556128684,0,,18904.63
2020-10-06 00:00:00+00:00,90.28,89.6,86.0877,45.067265,3.1714282,0.19115249056714145,-10.0,19457.352453944433,0.0,19447.352453944433,0,,18968.14
2020-10-07 00:00:00+00:00,90.41,91.72,85.984,41.129353,3.1464276,0.3958333333333333,-10.0,19917.728570269257,0.0,19907.728570269257,0,,19416.941
2020-10-08 00:00:00+00:00,92.28,92.54,85.8855,51.134964,3.0849996,0.16666666666666666,-10.0,20095.7974431807,0.0,20085.7974431807,0,,19590.533
2020-10-09 00:00:00+00:00,93.0,91.37,85.7918,56.16497,3.0649998,0.47368421052631576,-10.0,19841.72309221239,0.0,19831.72309221239,0,,19342.848
2020-10-12 00:00:00+00:00,91.44,91.35,85.6918,64.344864,2.8307135,0.47368421052631576,-10.0,19837.379186231938,0.0,19827.379186231938,0,,19338.613
2020-10-13 00:00:00+00:00,90.8,88.64,85.58885,65.041855,2.7957132,0.47368421052631576,-10.0,19248.881000259044,0.0,19238.881000259044,0,,18764.91
2020-10-14 00:00:00+00:00,89.0,88.3,85.4701,61.04436,2.7607129,0.47368421052631576,-10.0,19175.048488945566,0.0,19165.048488945566,0,,18692.934
2020-10-15 00:00:00+00:00,87.36,88.68,85.35475,62.340736,2.700713,0.3958333333333333,-10.0,19257.567454005195,0.0,19247.567454005195,0,,18773.379
2020-10-16 00:00:00+00:00,88.88,89.5,85.2436,57.349014,2.6328561,0.3958333333333333,-10.0,19435.636537064605,0.0,19425.636537064605,0,,18946.969
2020-10-19 00:00:00+00:00,89.65,87.55,85.13385,51.341473,2.494999,0.3958333333333333,-10.0,19012.178659854882,0.0,19002.178659854882,0,,18534.158
2020-10-20 00:00:00+00:00,88.53,89.57,85.02165,52.98932,2.5835702,0.3958333333333333,-10.0,19450.836793707396,0.0,19440.836793707396,0,,18961.787
2020-10-21 00:00:00+00:00,89.33,88.97,84.9224,62.77812,2.5271416,0.5107296137339055,-10.0,19320.542095644214,0.0,19310.542095644214,0,,18834.768
2020-10-22 00:00:00+00:00,90.21,94.39,84.8258,55.707767,2.4921417,0.5107296137339055,-10.0,20497.538005644416,0.0,20487.538005644416,0,,19982.172
2020-10-23 00:00:00+00:00,94.8,94.61,84.7517,66.06698,2.6385705,0.3958333333333333,-10.0,20545.313257877726,0.0,20535.313257877726,0,,20028.746
2020-10-26 00:00:00+00:00,92.92,90.38,84.6793,64.05506,2.5928557,0.5107296137339055,-10.0,19626.73392759789,0.0,19616.73392759789,0,,19133.262
2020-10-27 00:00:00+00:00,90.25,87.67,84.5882,51.709026,2.810713,0.5107296137339055,-10.0,19038.236630866315,0.0,19028.236630866315,0,,18559.562
2020-10-28 00:00:00+00:00,85.98,84.02,84.4801,41.34984,2.8421414,0.3958333333333333,-10.0,18245.609593162102,0.0,18235.609593162102,0,,17786.863
2020-10-29 00:00:00+00:00,84.02,86.51,84.35475,33.76523,2.9878557,0.5107296137339055,-10.0,18786.334767982342,0.0,18776.334767982342,0,,18313.994
2020-10-30 00:00:00+00:00,85.76,87.81,84.23915,41.182873,3.0585697,0.5107296137339055,-10.0,19068.64012804298,0.0,19058.64012804298,0,,18589.203
2020-11-02 00:00:00+00:00,88.0,88.0,84.1202,43.862686,3.1949985,0.5107296137339055,-10.0,19109.900237820922,0.0,19099.900237820922,0,,18629.424
2020-11-03 00:00:00+00:00,88.75,90.65,83.9906,48.784195,3.1114278,0.47368421052631576,-10.0,19685.36998427664,0.0,19675.36998427664,0,,19190.426
2020-11-04 00:00:00+00:00,91.27,93.09,83.89075,54.104084,3.219999,0.47368421052631576,-10.0,20215.23366903337,0.0,20205.23366903337,0,,19706.967
2020-11-05 00:00:00+00:00,93.33,94.08,83.80195,57.184746,3.4885707,0.16666666666666666,-10.0,20430.22064018303,0.0,20420.22064018303,0,,19916.549
2020-11-06 00:00:00+00:00,93.65,92.84,83.71755,57.420612,3.5907135,0.16666666666666666,-10.0,20160.943886522407,0.0,20150.943886522407,0,,19654.043
2020-11-09 00:00:00+00:00,112.39,104.19,83.6393,58.77279,3.5128567,0.47368421052631576,-10.0,22625.688186125946,0.0,22615.688186125946,0,,22056.816
2020-11-10 00:00:00+00:00,105.0,104.24,83.63555,68.5157,5.0107145,0.16666666666666666,-10.0,22636.544384788365,0.0,22626.544384788365,0,,22067.398
2020-11-11 00:00:00+00:00,104.65,103.75,83.61745,69.612114,5.1735716,0.16666666666666666,-10.0,22530.13767008898,0.0,22520.13767008898,0,,21963.668
2020-11-12 00:00:00+00:00,102.33,102.05,83.58615,63.7647,5.0200005,0.16666666666666666,-10.0,22160.970197015948,0.0,22150.970197015948,0,,21603.781
2020-11-13 00:00:00+00:00,102.91,105.8,83.55105,60.48478,5.120715,0.16666666666666666,-10.0,22975.313614554467,0.0,22965.313614554467,0,,22397.652
2020-11-16 00:00:00+00:00,109.47,106.58,83.541046,72.02857,4.958572,0.16666666666666666,-10.0,23144.696341125848,0.0,23134.696341125848,0,,22562.775
2020-11-17 00:00:00+00:00,104.56,103.34,83.5347,78.590866,5.024286,0.3958333333333333,-10.0,22441.103595941542,0.0,22431.103595941542,0,,21876.873
2020-11-18 00:00:00+00:00,103.37,103.35,83.4967,79.57745,5.039286,0.3958333333333333,-10.0,22443.275848610865,0.0,22433.275848610865,0,,21878.99
2020-11-19 00:00:00+00:00,102.33,102.8,83.44715,77.899254,4.960715,0.3958333333333333,-10.0,22323.839882739558,0.0,22313.839882739558,0,,21762.557
2020-11-20 00:00:00+00:00,102.85,101.76,83.39765,75.46722,4.837143,0.47368421052631576,-10.0,22097.99504250282,0.0,22087.99504250282,0,,21542.389
2020-11-23 00:00:00+00:00,102.89,105.05,83.35225,72.72127,4.832143,0.47368421052631576,-10.0,22812.44509565434,0.0,22802.44509565434,0,,22238.877
2020-11-24 00:00:00+00:00,107.97,108.94,83.32065,73.2859,4.7850003,0.5107296137339055,-10.0,23657.189518097624,0.0,23647.189518097624,0,,23062.38
2020-11-25 00:00:00+00:00,108.0,106.3,83.30065,74.482544,4.6800003,0.3958333333333333,-10.0,23083.892542034228,0.0,23073.892542034228,0,,22503.5
2020-11-27 00:00:00+00:00,106.62,104.41,83.26365,67.96002,4.659286,0.3958333333333333,-10.0,22673.463547521,0.0,22663.463547521,0,,22103.39
2020-11-30 00:00:00+00:00,104.04,103.63,83.2209,66.685905,4.6628575,0.3958333333333333,-10.0,22504.07899485195,0.0,22494.07899485195,0,,21938.264
2020-12-01 00:00:00+00:00,105.26,104.84,83.1729,48.838165,3.1450005,0.47368421052631576,-10.0,22766.84094836185,0.0,22756.84094836185,0,,22194.418
2020-12-02 00:00:00+00:00,104.3,106.75,83.13745,51.187645,3.0235722,0.3958333333333333,-10.0,23181.613606086987,0.0,23171.613606086987,0,,22598.762
2020-12-03 00:00:00+00:00,107.13,109.16,83.10785,55.62219,3.029286,0.3958333333333333,-10.0,23704.963886365666,0.0,23694.963886365666,0,,23108.955
2020-12-04 00:00:00+00:00,109.87,110.85,83.09365,62.979183,3.1628575,0.3958333333333333,-10.0,24071.96009895376,0.0,24061.96009895376,0,,23466.723
2020-12-07 00:00:00+00:00,110.28,109.83,83.10005,59.968403,3.072858,0.01,-10.0,23850.45988198116,0.0,23840.45988198116,0,,23250.793
2020-12-08 00:00:00+00:00,108.64,109.05,83.1291,56.355103,2.9735723,0.3958333333333333,-10.0,23681.076457762385,0.0,23671.076457762385,0,,23085.668
2020-12-09 00:00:00+00:00,109.5,106.7,83.17995,62.353973,2.8385723,0.3958333333333333,-10.0,23170.753501379266,0.0,23160.753501379266,0,,22588.176
2020-12-10 00:00:00+00:00,106.25,107.36,83.22395,56.581528,2.9478586,0.47368421052631576,-10.0,23314.07969190254,0.0,23304.07969190254,0,,22727.9
2020-12-11 00:00:00+00:00,106.81,104.74,83.2816,58.920177,3.0250015,0.47368421052631576,-10.0,22745.124529838962,0.0,22735.124529838962,0,,22173.25
2020-12-14 00:00:00+00:00,106.39,103.04,83.3193,55.49004,3.1242867,0.5107296137339055,-10.0,22375.956538254555,0.0,22365.956538254555,0,,21813.363
2020-12-15 00:00:00+00:00,105.55,104.97,83.3522,46.066532,3.1328578,0.5107296137339055,-10.0,22795.0725340332,0.0,22785.0725340332,0,,22221.941
2020-12-16 00:00:00+00:00,104.97,104.41,83.4104,41.58542,3.0200005,0.3958333333333333,-10.0,22673.464147273076,0.0,22663.464147273076,0,,22103.39
2020-12-17 00:00:00+00:00,105.04,104.7,83.4405,45.606697,2.9728572,0.47368421052631576,-10.0,22736.438724362306,0.0,22726.438724362306,0,,22164.781
2020-12-18 00:00:00+00:00,105.01,104.61,83.5065,50.72826,2.8992856,0.5107296137339055,-10.0,22716.895423325706,0.0,22706.895423325706,0,,22145.729
2020-12-21 00:00:00+00:00,101.95,103.99,83.5773,52.54944,2.8892848,0.5107296137339055,-10.0,22582.257203467394,0.0,22572.257203467394,0,,22014.475
2020-12-22 00:00:00+00:00,104.04,102.95,83.66635,47.71874,2.9978561,0.5107296137339055,-10.0,22356.413310675205,0.0,22346.413310675205,0,,21794.31
2020-12-23 00:00:00+00:00,104.02,106.51,83.7295,39.30179,2.8921416,0.5107296137339055,-10.0,23129.497910686798,0.0,23119.497910686798,0,,22547.955
2020-12-24 00:00:00+00:00,106.56,106.89,83.8566,42.99312,2.827142,0.47368421052631576,-10.0,23212.016919021797,0.0,23202.016919021797,0,,22628.4
2020-12-28 00:00:00+00:00,107.99,107.38,84.00745,38.75,2.7292845,0.3958333333333333,-10.0,23318.42252274104,0.0,23308.42252274104,0,,22732.13
2020-12-29 00:00:00+00:00,108.18,107.95,84.1512,42.823654,2.7285707,0.47368421052631576,-10.0,23442.203016061878,0.0,23432.203016061878,0,,22852.8
2020-12-30 00:00:00+00:00,108.1,110.18,84.34325,46.737823,2.7371423,0.5107296137339055,-10.0,23926.466836787957,0.0,23916.466836787957,0,,23324.889
2020-12-31 00:00:00+00:00,109.68,111.26,84.57,60.394276,2.6392848,0.3958333333333333,-10.0,24160.996530167566,0.0,24150.996530167566,0,,23553.521
2021-01-04 00:00:00+00:00,110.97,107.46,84.8429,61.363644,2.6585705,0.5107296137339055,-10.0,23335.796145029715,0.0,23325.796145029715,0,,22749.068
2021-01-05 00:00:00+00:00,107.0,107.95,85.09005,57.41549,2.800713,0.5107296137339055,-10.0,23442.204447616215,0.0,23432.204447616215,0,,22852.803
2021-01-06 00:00:00+00:00,108.07,110.77,85.3218,64.33157,2.7142851,0.3958333333333333,-10.0,24054.589047783164,0.0,24044.589047783164,0,,23449.791
2021-01-07 00:00:00+00:00,111.45,113.29,85.559,66.09322,2.7957141,0.47368421052631576,-10.0,24601.82856283488,0.0,24591.82856283488,0,,23983.271
2021-01-08 00:00:00+00:00,113.92,114.16,85.7785,72.22221,2.871429,0.47368421052631576,-10.0,24790.757381062864,0.0,24780.757381062864,0,,24167.45
2021-01-11 00:00:00+00:00,112.49,113.18,85.98805,73.00584,2.9314291,0.5107296137339055,-10.0,24577.941140212763,0.0,24567.941140212763,0,,23959.984
2021-01-12 00:00:00+00:00,113.18,112.33,86.18795,69.97667,2.9557152,0.5107296137339055,-10.0,24393.357714349637,0.0,24383.357714349637,0,,23780.043
2021-01-13 00:00:00+00:00,112.28,111.87,86.40385,69.234314,2.8435724,0.5107296137339055,-10.0,24293.465023666828,0.0,24283.465023666828,0,,23682.66
2021-01-14 00:00:00+00:00,112.56,112.11,86.6198,71.13744,2.8878582,0.5107296137339055,-10.0,24345.58156035157,0.0,24335.58156035157,0,,23733.469
2021-01-15 00:00:00+00:00,111.43,108.41,86.83915,65.748024,2.7942865,0.5107296137339055,-10.0,23542.09774356627,0.0,23532.09774356627,0,,22950.188
2021-01-19 00:00:00+00:00,108.41,107.93,87.066,53.601906,2.9942868,0.5107296137339055,-10.0,23437.861069926075,0.0,23427.861069926075,0,,22848.57
2021-01-20 00:00:00+00:00,108.02,107.7,87.31635,51.303944,2.9521441,0.5107296137339055,-10.0,23387.913936454523,0.0,23377.913936454523,0,,22799.879
2021-01-21 00:00:00+00:00,107.68,108.82,87.57515,49.39759,2.9885724,0.5107296137339055,-10.0,23631.132842399413,0.0,23621.132842399413,0,,23036.982
2021-01-22 00:00:00+00:00,107.51,104.96,87.80025,46.537678,2.980715,0.5107296137339055,-10.0,22792.902546734982,0.0,22782.902546734982,0,,22219.828
2021-01-25 00:00:00+00:00,104.1,105.12,87.9959,35.950047,3.0685725,0.5107296137339055,-10.0,22827.649150434623,0.0,22817.649150434623,0,,22253.7
2021-01-26 00:00:00+00:00,105.73,104.67,88.17105,43.76998,2.9142876,0.5107296137339055,-10.0,22729.927061761904,0.0,22719.927061761904,0,,22158.434
2021-01-27 00:00:00+00:00,102.95,98.67,88.35215,41.24868,2.8757155,0.47368421052631576,-10.0,21426.97857592464,0.0,21416.97857592464,0,,20888.244
2021-01-28 00:00:00+00:00,100.88,104.0,88.5123,22.399666,3.0164294,0.5107296137339055,-10.0,22584.43176385457,0.0,22574.43176385457,0,,22016.598
2021-01-29 00:00:00+00:00,103.23,101.39,88.68225,31.217157,3.234286,0.5107296137339055,-10.0,22017.648843042178,0.0,22007.648843042178,0,,21464.064
2021-02-01 00:00:00+00:00,102.38,101.92,88.83985,25.87836,3.4014294,0.5107296137339055,-10.0,22132.74230095169,0.0,22122.74230095169,0,,21576.264
2021-02-02 00:00:00+00:00,103.18,105.79,88.9987,28.362804,3.3721433,0.5107296137339055,-10.0,22973.145095869313,0.0,22963.145095869313,0,,22395.537
2021-02-03 00:00:00+00:00,105.81,106.6,89.14955,38.739674,3.5985723,0.5107296137339055,-10.0,23149.043425647338,0.0,23139.043425647338,0,,22567.012
2021-02-04 00:00:00+00:00,107.39,110.52,89.32115,41.034363,3.6050012,0.3958333333333333,-10.0,24000.302421380973,0.0,23990.302421380973,0,,23396.87
2021-02-05 00:00:00+00:00,111.3,111.67,89.517,47.596004,3.7021441,0.16666666666666666,-10.0,24250.035678371296,0.0,24240.035678371296,0,,23640.322
2021-02-08 00:00:00+00:00,112.69,112.32,89.7214,55.340748,3.5750012,0.16666666666666666,-10.0,24391.189102408218,0.0,24381.189102408218,0,,23777.926
2021-02-09 00:00:00+00:00,112.24,110.35,89.9233,57.15216,3.6192868,0.16666666666666666,-10.0,23963.3870812573,0.0,23953.3870812573,0,,23360.879
2021-02-10 00:00:00+00:00,110.17,109.34,90.1182,54.085724,3.5871441,0.3958333333333333,-10.0,23744.057138194243,0.0,23734.057138194243,0,,23147.062
2021-02-11 00:00:00+00:00,110.14,109.5,90.28895,50.80445,3.5085728,0.47368421052631576,-10.0,23778.80450574658,0.0,23768.80450574658,0,,23180.938
2021-02-12 00:00:00+00:00,109.12,112.14,90.4577,57.931515,3.3871439,0.3958333333333333,-10.0,24352.102017809273,0.0,24342.102017809273,0,,23739.822
2021-02-16 00:00:00+00:00,112.83,113.61,90.622,61.286163,3.4157147,0.3958333333333333,-10.0,24671.32425279562,0.0,24661.32425279562,0,,24051.018
2021-02-17 00:00:00+00:00,110.83,111.43,90.8115,63.91656,3.4414291,0.5107296137339055,-10.0,24197.919443238527,0.0,24187.919443238527,0,,23589.516
2021-02-18 00:00:00+00:00,108.97,114.12,91.0085,72.54417,3.4714296,0.5107296137339055,-10.0,24782.074534606712,0.0,24772.074534606712,0,,24158.982
2021-02-19 00:00:00+00:00,114.96,116.91,91.22205,69.719406,3.510001,0.47368421052631576,-10.0,25387.944659167937,0.0,25377.944659167937,0,,24749.62
2021-02-22 00:00:00+00:00,118.75,119.96,91.4479,80.03095,3.4164293,0.16666666666666666,-10.0,26050.27442221511,0.0,26040.27442221511,0,,25395.299
2021-02-23 00:00:00+00:00,121.58,121.95,91.69375,81.80535,3.6157146,0.3958333333333333,-10.0,26482.41739966407,0.0,26472.41739966407,0,,25816.576
2021-02-24 00:00:00+00:00,123.35,127.26,91.944,80.51358,3.5364282,0.16666666666666666,-10.0,27635.52817344426,0.0,27625.52817344426,0,,26940.693
2021-02-25 00:00:00+00:00,127.76,122.98,92.21935,83.344086,3.7442856,0.16666666666666666,-10.0,26706.09227824771,0.0,26696.09227824771,0,,26034.627
2021-02-26 00:00:00+00:00,123.59,123.68,92.49275,69.87875,3.968572,0.5107296137339055,-10.0,26858.103493231385,0.0,26848.103493231385,0,,26182.816
2021-03-01 00:00:00+00:00,125.72,123.76,92.77615,69.43995,4.124286,0.47368421052631576,-10.0,26875.476109707713,0.0,26865.476109707713,0,,26199.75
2021-03-02 00:00:00+00:00,123.9,124.25,93.0707,68.86543,4.160714,0.47368421052631576,-10.0,26981.88413211521,0.0,26971.88413211521,0,,26303.484
2021-03-03 00:00:00+00:00,124.25,123.13,93.3511,74.09847,4.1792855,0.3958333333333333,-10.0,26738.6659306527,0.0,26728.6659306527,0,,26066.383
2021-03-04 00:00:00+00:00,123.25,120.72,93.62405,73.816925,4.2528567,0.3958333333333333,-10.0,26215.3155188615,0.0,26205.3155188615,0,,25556.19
2021-03-05 00:00:00+00:00,121.9,122.87,93.8623,67.980774,4.5292854,0.47368421052631576,-10.0,26682.206824131445,0.0,26672.206824131445,0,,26011.344
2021-03-08 00:00:00+00:00,123.52,125.41,94.1002,67.46989,4.7399993,0.3958333333333333,-10.0,27233.789977115382,0.0,27223.789977115382,0,,26549.059
2021-03-09 00:00:00+00:00,126.97,124.12,94.33865,68.56514,4.9342856,0.3958333333333333,-10.0,26953.655817472885,0.0,26943.655817472885,0,,26275.967
2021-03-10 00:00:00+00:00,124.39,124.51,94.57095,70.540634,4.7085714,0.5107296137339055,-10.0,27038.34739681918,0.0,27028.34739681918,0,,26358.527
2021-03-11 00:00:00+00:00,124.56,124.66,94.80155,68.17069,4.4564285,0.5107296137339055,-10.0,27070.921280208684,0.0,27060.921280208684,0,,26390.283
2021-03-12 00:00:00+00:00,125.32,126.1,95.0164,64.93256,4.4,0.3958333333333333,-10.0,27383.627783129337,0.0,27373.627783129337,0,,26695.127
2021-03-15 00:00:00+00:00,126.96,127.26,95.23115,62.612984,4.187144,0.3958333333333333,-10.0,27635.53041168711,0.0,27625.53041168711,0,,26940.695
2021-03-16 00:00:00+00:00,127.39,123.96,95.46435,61.293076,4.1750007,0.47368421052631576,-10.0,26918.90851135539,0.0,26908.90851135539,0,,26242.092
2021-03-17 00:00:00+00:00,123.5,127.14,95.6876,42.325573,4.066429,0.5107296137339055,-10.0,27609.472232406384,0.0,27599.472232406384,0,,26915.293
2021-03-18 00:00:00+00:00,126.57,125.64,95.91375,60.196068,3.859286,0.3958333333333333,-10.0,27283.735011479024,0.0,27273.735011479024,0,,26597.746
2021-03-19 00:00:00+00:00,125.0,124.39,96.12395,54.62264,3.797857,0.5107296137339055,-10.0,27012.28672824502,0.0,27002.28672824502,0,,26333.123
2021-03-22 00:00:00+00:00,124.51,122.92,96.31535,51.40813,3.8500001,0.5107296137339055,-10.0,26693.063797275085,0.0,26683.063797275085,0,,26021.926
2021-03-23 00:00:00+00:00,122.16,118.9,96.49825,47.15203,3.8385718,0.5107296137339055,-10.0,25820.08918041327,0.0,25810.08918041327,0,,25170.9
2021-03-24 00:00:00+00:00,119.83,118.5,96.65675,41.942863,3.9821434,0.47368421052631576,-10.0,25733.225097986193,0.0,25723.225097986193,0,,25086.223
2021-03-25 00:00:00+00:00,117.54,120.4,96.80075,45.42079,3.7578578,0.5107296137339055,-10.0,26145.825675925254,0.0,26135.825675925254,0,,25488.447
2021-03-26 00:00:00+00:00,121.08,121.12,96.9721,44.85202,3.6250005,0.47368421052631576,-10.0,26302.18121727762,0.0,26292.18121727762,0,,25640.871
2021-03-29 00:00:00+00:00,120.93,119.05,97.16355,40.324764,3.4785717,0.5107296137339055,-10.0,25852.66380493631,0.0,25842.66380493631,0,,25202.656
2021-03-30 00:00:00+00:00,118.95,122.06,97.37085,38.95425,3.4692857,0.47368421052631576,-10.0,26506.308488819544,0.0,26496.308488819544,0,,25839.865
2021-03-31 00:00:00+00:00,122.31,120.92,97.5939,45.20922,3.5221426,0.3958333333333333,-10.0,26258.747778964756,0.0,26248.747778964756,0,,25598.53
2021-04-01 00:00:00+00:00,121.9,121.65,97.811104,42.959328,3.4578574,0.5107296137339055,-10.0,26417.27488665296,0.0,26407.27488665296,0,,25753.068
2021-04-05 00:00:00+00:00,123.12,125.4,98.0281,41.39266,3.4207141,0.3958333333333333,-10.0,27231.61622652601,0.0,27221.61622652601,0,,26546.936
2021-04-06 00:00:00+00:00,125.55,126.66,98.273,46.729958,3.4635713,0.5107296137339055,-10.0,27505.237126263062,0.0,27495.237126263062,0,,26813.676
2021-04-07 00:00:00+00:00,126.97,124.52,98.5155,55.113644,3.3299997,0.47368421052631576,-10.0,27040.51821662485,0.0,27030.51821662485,0,,26360.643
2021-04-08 00:00:00+00:00,124.37,124.75,98.75725,44.83438,3.2507133,0.47368421052631576,-10.0,27090.466054188197,0.0,27080.466054188197,0,,26409.336
2021-04-09 00:00:00+00:00,124.4,124.35,99.0006,48.152763,3.2321422,0.5107296137339055,-10.0,27003.602320575596,0.0,26993.602320575596,0,,26324.656
2021-04-12 00:00:00+00:00,124.48,125.28,99.24395,49.91394,3.1321423,0.47368421052631576,-10.0,27205.557758091087,0.0,27195.557758091087,0,,26521.533
2021-04-13 00:00:00+00:00,123.78,126.11,99.5044,55.198235,3.1707137,0.47368421052631576,-10.0,27385.799352162914,0.0,27375.799352162914,0,,26697.242
2021-04-14 00:00:00+00:00,126.0,126.52,99.7724,68.477684,3.1507137,0.47368421052631576,-10.0,27474.832660184005,0.0,27464.832660184005,0,,26784.037
2021-04-15 00:00:00+00:00,127.37,127.28,100.0492,70.543015,3.1121423,0.47368421052631576,-10.0,27639.87277384132,0.0,27629.87277384132,0,,26944.926
2021-04-16 00:00:00+00:00,128.52,128.05,100.316,68.71597,2.9292853,0.47368421052631576,-10.0,27807.08386101179,0.0,27797.08386101179,0,,27107.932
2021-04-19 00:00:00+00:00,127.49,125.93,100.589,68.80085,2.8635712,0.47368421052631576,-10.0,27346.709097906274,0.0,27336.709097906274,0,,26659.133
2021-04-20 00:00:00+00:00,124.95,122.22,100.84645,68.61469,2.832143,0.5107296137339055,-10.0,26541.05350487927,0.0,26531.05350487927,0,,25873.734
2021-04-21 00:00:00+00:00,122.51,123.91,101.08495,50.41711,2.9278576,0.5107296137339055,-10.0,26908.051576579004,0.0,26898.051576579004,0,,26231.506
2021-04-22 00:00:00+00:00,123.44,125.5,101.3233,57.577297,2.976429,0.47368421052631576,-10.0,27253.33050482962,0.0,27243.33050482962,0,,26568.104
2021-04-23 00:00:00+00:00,125.94,127.4,101.57995,59.349186,3.1335716,0.5107296137339055,-10.0,27665.931227235873,0.0,27655.931227235873,0,,26970.33
2021-04-26 00:00:00+00:00,128.6,127.57,101.8415,55.336174,2.9535718,0.5107296137339055,-10.0,27702.846144255054,0.0,27692.846144255054,0,,27006.316
2021-04-27 00:00:00+00:00,127.72,130.01,102.1087,52.57789,3.0200005,0.5107296137339055,-10.0,28232.712190601156,0.0,28222.712190601156,0,,27522.86
2021-04-28 00:00:00+00:00,129.82,129.11,102.38255,65.29247,3.0000012,0.5107296137339055,-10.0,28037.271707876465,0.0,28027.271707876465,0,,27332.332
2021-04-29 00:00:00+00:00,130.88,130.39,102.6602,61.707848,2.8550007,0.5107296137339055,-10.0,28315.234356934037,0.0,28305.234356934037,0,,27603.307
2021-04-30 00:00:00+00:00,129.71,128.7,102.9446,65.48719,2.9878583,0.5107296137339055,-10.0,27948.23637935635,0.0,27938.23637935635,0,,27245.535
2021-05-03 00:00:00+00:00,129.64,128.67,103.1835,58.440273,2.9764295,0.5107296137339055,-10.0,27941.72126072882,0.0,27931.72126072882,0,,27239.184
2021-05-04 00:00:00+00:00,128.17,128.25,103.4224,56.57759,2.7864292,0.5107296137339055,-10.0,27850.515873529817,0.0,27840.515873529817,0,,27150.273
2021-05-05 00:00:00+00:00,127.11,122.62,103.66415,54.44274,2.8235724,0.5107296137339055,-10.0,26627.91604592391,0.0,26617.91604592391,0,,25958.414
2021-05-06 00:00:00+00:00,122.15,120.77,103.8864,40.427284,3.0992868,0.5107296137339055,-10.0,26226.1725150966,0.0,26216.1725150966,0,,25566.771
2021-05-07 00:00:00+00:00,121.2,123.44,104.08965,35.68055,3.2057152,0.5107296137339055,-10.0,26805.98590918204,0.0,26795.98590918204,0,,26132.006
2021-05-10 00:00:00+00:00,122.47,121.58,104.30875,45.20601,3.2735722,0.47368421052631576,-10.0,26402.07186063899,0.0,26392.07186063899,0,,25738.248
2021-05-11 00:00:00+00:00,119.26,121.83,104.52235,48.6733,3.0850003,0.5107296137339055,-10.0,26456.360884220037,0.0,26446.360884220037,0,,25791.174
2021-05-12 00:00:00+00:00,121.03,118.29,104.74435,45.414455,3.1807141,0.5107296137339055,-10.0,25687.620874382173,0.0,25677.620874382173,0,,25041.762
2021-05-13 00:00:00+00:00,118.84,120.16,104.9491,35.363377,3.2378573,0.5107296137339055,-10.0,26093.705743217808,0.0,26083.705743217808,0,,25437.637
2021-05-14 00:00:00+00:00,121.29,123.61,105.16655,35.284557,3.3092859,0.5107296137339055,-10.0,26842.89978374989,0.0,26832.89978374989,0,,26167.994
2021-05-17 00:00:00+00:00,123.43,121.71,105.39765,42.898136,3.395,0.5107296137339055,-10.0,26430.29851056887,0.0,26420.29851056887,0,,25765.768
2021-05-18 00:00:00+00:00,122.15,120.79,105.6255,34.820786,3.426428,0.5107296137339055,-10.0,26230.513421283897,0.0,26220.513421283897,0,,25571.006
2021-05-19 00:00:00+00:00,118.24,120.57,105.8542,34.795326,3.5235715,0.5107296137339055,-10.0,26182.738760779186,0.0,26172.738760779186,0,,25524.434
2021-05-20 00:00:00+00:00,120.71,120.58,106.08335,31.330807,3.427857,0.5107296137339055,-10.0,26184.911133856756,0.0,26174.911133856756,0,,25526.55
2021-05-21 00:00:00+00:00,121.32,120.98,106.29465,33.509357,3.380714,0.5107296137339055,-10.0,26271.77580878649,0.0,26261.77580878649,0,,25611.23
2021-05-24 00:00:00+00:00,122.09,123.59,106.49955,34.613865,3.370714,0.5107296137339055,-10.0,26838.55737197544,0.0,26828.55737197544,0,,26163.762
2021-05-25 00:00:00+00:00,124.63,123.8,106.704,41.427517,3.3535707,0.5107296137339055,-10.0,26884.161695932424,0.0,26874.161695932424,0,,26208.219
2021-05-26 00:00:00+00:00,124.42,126.22,106.9045,52.711395,3.0699992,0.5107296137339055,-10.0,27409.685247226702,0.0,27399.685247226702,0,,26720.531
2021-05-27 00:00:00+00:00,127.0,126.27,107.1046,62.20332,3.022856,0.5107296137339055,-10.0,27420.543113523057,0.0,27410.543113523057,0,,26731.117
2021-05-28 00:00:00+00:00,125.9,125.27,107.30085,57.17908,2.9392848,0.5107296137339055,-10.0,27203.38475289829,0.0,27193.38475289829,0,,26519.418
2021-06-01 00:00:00+00:00,127.6,126.61,107.49775,59.787785,2.8899994,0.47368421052631576,-10.0,27494.376312004053,0.0,27484.376312004053,0,,26803.094
2021-06-02 00:00:00+00:00,126.88,125.17,107.7033,61.985954,2.7707138,0.47368421052631576,-10.0,27181.668475951195,0.0,27171.668475951195,0,,26498.248
2021-06-03 00:00:00+00:00,124.13,123.13,107.89915,69.2825,2.6078568,0.5107296137339055,-10.0,26738.666611117584,0.0,26728.666611117584,0,,26066.385
2021-06-04 00:00:00+00:00,123.75,124.75,108.0899,58.2454,2.6114278,0.5107296137339055,-10.0,27090.464329706392,0.0,27080.464329706392,0,,26409.338
2021-06-07 00:00:00+00:00,125.53,124.9,108.2933,53.522865,2.441428,0.5107296137339055,-10.0,27123.039640615396,0.0,27113.039640615396,0,,26441.096
2021-06-08 00:00:00+00:00,125.17,127.84,108.49535,61.053364,2.3028564,0.5107296137339055,-10.0,27761.48420273543,0.0,27751.48420273543,0,,27063.486
2021-06-09 00:00:00+00:00,128.35,126.45,108.70905,71.42855,2.356428,0.5107296137339055,-10.0,27459.634692942233,0.0,27449.634692942233,0,,26769.227
2021-06-10 00:00:00+00:00,126.79,126.59,108.90455,66.68558,2.3199997,0.5107296137339055,-10.0,27490.03516312672,0.0,27480.03516312672,0,,26798.861
2021-06-11 00:00:00+00:00,126.79,128.61,109.0955,66.929565,2.3099997,0.5107296137339055,-10.0,27928.696872776974,0.0,27918.696872776974,0,,27226.494
2021-06-14 00:00:00+00:00,128.35,128.61,109.29635,69.6954,2.346429,0.5107296137339055,-10.0,27928.696872776974,0.0,27918.696872776974,0,,27226.494
2021-06-15 00:00:00+00:00,128.37,129.25,109.5054,64.976135,2.299287,0.5107296137339055,-10.0,28067.67768130411,0.0,28057.67768130411,0,,27361.979
2021-06-16 00:00:00+00:00,129.48,126.93,109.70765,65.85223,2.2907155,0.5107296137339055,-10.0,27563.87127724911,0.0,27553.87127724911,0,,26870.84
2021-06-17 00:00:00+00:00,127.01,126.24,109.88365,52.077236,2.3414295,0.5107296137339055,-10.0,27414.032341621907,0.0,27404.032341621907,0,,26724.768
2021-06-18 00:00:00+00:00,124.49,123.72,110.06305,49.9154,2.3700006,0.5107296137339055,-10.0,26866.794712005456,0.0,26856.794712005456,0,,26191.29
2021-06-21 00:00:00+00:00,124.57,126.74,110.2231,45.97404,2.4357147,0.5555555555555556,-10.0,27522.610220276172,0.0,27512.610220276172,0,,26830.615
2021-06-22 00:00:00+00:00,126.86,126.1,110.4001,50.31055,2.5050006,0.5107296137339055,-10.0,27383.62914392466,0.0,27373.62914392466,0,,26695.129
2021-06-23 00:00:00+00:00,125.8,125.68,110.5741,52.309986,2.4428575,0.5107296137339055,-10.0,27292.42391577874,0.0,27282.42391577874,0,,26606.219
2021-06-24 00:00:00+00:00,126.77,124.51,110.7478,56.88818,2.3021436,0.5107296137339055,-10.0,27038.349149781458,0.0,27028.349149781458,0,,26358.533
2021-06-25 00:00:00+00:00,125.04,124.48,110.91085,49.335552,2.3507152,0.5107296137339055,-10.0,27031.835017325666,0.0,27021.835017325666,0,,26352.182
2021-06-28 00:00:00+00:00,124.06,120.72,111.0813,48.829437,2.3521435,0.5107296137339055,-10.0,26215.320409882745,0.0,26205.320409882745,0,,25556.197
2021-06-29 00:00:00+00:00,120.76,118.95,111.2381,31.023462,2.4642863,0.5107296137339055,-10.0,25830.949102253002,0.0,25820.949102253002,0,,25181.488
2021-06-30 00:00:00+00:00,119.06,120.62,111.396,30.407522,2.475714,0.5555555555555556,-10.0,26193.603137066708,0.0,26183.603137066708,0,,25535.025
2021-07-01 00:00:00+00:00,120.63,123.62,111.53755,35.5588,2.4678574,0.5107296137339055,-10.0,26845.07651354445,0.0,26835.07651354445,0,,26170.121
2021-07-02 00:00:00+00:00,124.49,126.81,111.69595,38.475758,2.5442848,0.5107296137339055,-10.0,27537.810418580593,0.0,27527.810418580593,0,,26845.436
2021-07-06 00:00:00+00:00,127.06,125.83,111.85985,46.376804,2.6264267,0.5107296137339055,-10.0,27324.997112140416,0.0,27314.997112140416,0,,26637.975
2021-07-07 00:00:00+00:00,124.63,124.45,112.03315,43.208897,2.7714272,0.47368421052631576,-10.0,27025.318539507345,0.0,27015.318539507345,0,,26345.83
2021-07-08 00:00:00+00:00,122.19,123.13,112.2072,44.88448,2.8607128,0.5107296137339055,-10.0,26738.670538187856,0.0,26728.670538187856,0,,26066.389
2021-07-09 00:00:00+00:00,124.23,126.05,112.39545,43.747486,2.917856,0.5555555555555556,-10.0,27372.77224908481,0.0,27362.77224908481,0,,26684.549
2021-07-12 00:00:00+00:00,125.0,125.85,112.5995,54.610214,2.9357135,0.5107296137339055,-10.0,27329.338906506226,0.0,27319.338906506226,0,,26642.209
2021-07-13 00:00:00+00:00,125.18,123.46,112.80945,48.01782,2.83857,0.5107296137339055,-10.0,26810.330866891214,0.0,26800.330866891214,0,,26136.248
2021-07-14 00:00:00+00:00,123.72,123.87,113.0114,44.54546,2.9071414,0.5107296137339055,-10.0,26899.366163008264,0.0,26889.366163008264,0,,26223.045
2021-07-15 00:00:00+00:00,123.0,122.9,113.2011,46.258793,2.984284,0.5107296137339055,-10.0,26688.72264342016,0.0,26678.72264342016,0,,26017.697
2021-07-16 00:00:00+00:00,124.17,119.75,113.3703,46.644436,2.9421413,0.5107296137339055,-10.0,26004.67484765374,0.0,25994.67484765374,0,,25350.848
2021-07-19 00:00:00+00:00,116.0,117.01,113.53605,41.276283,3.24857,0.5107296137339055,-10.0,25409.66262537309,0.0,25399.66262537309,0,,24770.797
2021-07-20 00:00:00+00:00,117.34,120.9,113.6945,42.890003,3.2542844,0.5107296137339055,-10.0,26254.406032539264,0.0,26244.406032539264,0,,25594.3
2021-07-21 00:00:00+00:00,121.89,124.93,113.8629,53.456226,3.4092848,0.5107296137339055,-10.0,27129.552065685482,0.0,27119.552065685482,0,,26447.443
2021-07-22 00:00:00+00:00,124.08,123.21,114.04775,57.04939,3.5892847,0.5107296137339055,-10.0,26756.040008956865,0.0,26746.040008956865,0,,26083.324
2021-07-23 00:00:00+00:00,124.6,125.26,114.2173,49.300095,3.5457137,0.5107296137339055,-10.0,27201.214466522426,0.0,27191.214466522426,0,,26517.305
2021-07-26 00:00:00+00:00,124.73,126.67,114.3956,47.246902,3.4742856,0.5107296137339055,-10.0,27507.40699315263,0.0,27497.40699315263,0,,26815.799
2021-07-27 00:00:00+00:00,125.79,128.5,114.57035,51.46955,3.482143,0.5107296137339055,-10.0,27904.80578130677,0.0,27894.80578130677,0,,27203.205
2021-07-28 00:00:00+00:00,129.23,129.53,114.75015,56.975544,3.4264293,0.16666666666666666,-10.0,28128.47712653226,0.0,28118.47712653226,0,,27421.252
2021-07-29 00:00:00+00:00,130.0,134.5,114.94095,61.134304,3.3935726,0.5107296137339055,-10.0,29207.753753510842,0.0,29197.753753510842,0,,28473.395
2021-07-30 00:00:00+00:00,133.37,131.45,115.1567,63.721977,3.8428578,0.3958333333333333,-10.0,28545.421581383882,0.0,28535.421581383882,0,,27827.713
2021-08-02 00:00:00+00:00,132.47,127.87,115.37075,58.32342,3.953573,0.5107296137339055,-10.0,27767.996344693296,0.0,27757.996344693296,0,,27069.836
2021-08-03 00:00:00+00:00,128.15,126.08,115.5686,56.330753,4.192145,0.5107296137339055,-10.0,27379.282502925867,0.0,27369.282502925867,0,,26690.896
2021-08-04 00:00:00+00:00,124.56,124.39,115.7556,53.051643,4.3771443,0.47368421052631576,-10.0,27012.285383399572,0.0,27002.285383399572,0,,26333.125
2021-08-05 00:00:00+00:00,125.34,126.4,115.93005,52.017326,4.4478583,0.47368421052631576,-10.0,27448.77201905114,0.0,27438.77201905114,0,,26758.637
2021-08-06 00:00:00+00:00,126.77,126.66,116.1243,59.290306,4.2600017,0.5107296137339055,-10.0,27505.232943341405,0.0,27495.232943341405,0,,26813.68
2021-08-09 00:00:00+00:00,125.99,124.61,116.30975,64.48514,4.037144,0.47368421052631576,-10.0,27060.057864313523,0.0,27050.057864313523,0,,26379.697
2021-08-10 00:00:00+00:00,124.69,126.35,116.48795,55.8945,3.9750018,0.47368421052631576,-10.0,27437.913150665725,0.0,27427.913150665725,0,,26748.05
2021-08-11 00:00:00+00:00,125.55,125.03,116.64775,52.43317,3.880716,0.47368421052631576,-10.0,27151.26530697284,0.0,27141.26530697284,0,,26468.611
2021-08-12 00:00:00+00:00,124.47,123.43,116.79985,53.16192,3.8507156,0.5107296137339055,-10.0,26803.81223683229,0.0,26793.81223683229,0,,26129.895
2021-08-13 00:00:00+00:00,123.08,122.21,116.9651,46.770206,3.855715,0.47368421052631576,-10.0,26538.878568491746,0.0,26528.878568491746,0,,25871.623
2021-08-16 00:00:00+00:00,121.13,121.49,117.1378,42.07534,3.7221434,0.47368421052631576,-10.0,26382.52471488782,0.0,26372.52471488782,0,,25719.2
2021-08-17 00:00:00+00:00,120.11,119.99,117.32515,37.032925,3.6235716,0.5107296137339055,-10.0,26056.7879945037,0.0,26046.7879945037,0,,25401.652
2021-08-18 00:00:00+00:00,119.39,119.0,117.49255,32.65455,3.5392854,0.47368421052631576,-10.0,25841.802459086906,0.0,25831.802459086906,0,,25192.072
2021-08-19 00:00:00+00:00,118.8,119.23,117.6485,17.049326,3.0357137,0.5555555555555556,-10.0,25891.751030419793,0.0,25881.751030419793,0,,25240.764
2021-08-20 00:00:00+00:00,118.5,121.77,117.80465,20.483114,2.9249992,0.5107296137339055,-10.0,26443.33066888796,0.0,26433.33066888796,0,,25778.477
2021-08-23 00:00:00+00:00,122.69,123.03,117.96025,34.486256,2.7914276,0.5107296137339055,-10.0,26716.949498383805,0.0,26706.949498383805,0,,26045.217
2021-08-24 00:00:00+00:00,124.16,126.86,118.10995,42.02822,2.595714,0.5107296137339055,-10.0,27548.666076731064,0.0,27538.666076731064,0,,26856.021
2021-08-25 00:00:00+00:00,126.87,127.32,118.27385,55.8063,2.7349994,0.5107296137339055,-10.0,27648.55723579535,0.0,27638.55723579535,0,,26953.402
2021-08-26 00:00:00+00:00,126.69,125.62,118.44625,52.332653,2.7007136,0.47368421052631576,-10.0,27279.38939510563,0.0,27269.38939510563,0,,26593.516
2021-08-27 00:00:00+00:00,125.48,127.56,118.5534,47.54253,2.7578566,0.47368421052631576,-10.0,27700.673872501302,0.0,27690.673872501302,0,,27004.209
2021-08-30 00:00:00+00:00,127.9,125.72,118.67,57.007122,2.6607132,0.5107296137339055,-10.0,27301.103772203325,0.0,27291.103772203325,0,,26614.686
2021-08-31 00:00:00+00:00,125.72,124.86,118.779854,48.510643,2.629999,0.47368421052631576,-10.0,27114.348205873328,0.0,27104.348205873328,0,,26432.623
2021-09-01 00:00:00+00:00,125.61,125.32,118.8939,49.589176,2.626428,0.5107296137339055,-10.0,27214.24188683953,0.0,27204.24188683953,0,,26530.006
2021-09-02 00:00:00+00:00,124.72,124.39,118.9915,54.83376,2.5778568,0.5107296137339055,-10.0,27012.284543506816,0.0,27002.284543506816,0,,26333.127
2021-09-03 00:00:00+00:00,123.91,123.08,119.08055,55.6594,2.5521426,0.5107296137339055,-10.0,26727.808291955986,0.0,26717.808291955986,0,,26055.803
2021-09-07 00:00:00+00:00,122.5,123.37,119.17925,54.00505,2.6335711,0.47368421052631576,-10.0,26790.78359499679,0.0,26780.78359499679,0,,26117.195
2021-09-08 00:00:00+00:00,123.89,122.76,119.27935,59.066544,2.6321428,0.5107296137339055,-10.0,26658.316476905027,0.0,26648.316476905027,0,,25988.059
2021-09-09 00:00:00+00:00,122.68,125.75,119.37915,60.295742,2.6628575,0.5107296137339055,-10.0,27307.619346655505,0.0,27297.619346655505,0,,26621.037
2021-09-10 00:00:00+00:00,126.7,127.4,119.4991,65.50905,2.841429,0.47368421052631576,-10.0,27665.929373046896,0.0,27655.929373046896,0,,26970.338
2021-09-13 00:00:00+00:00,128.26,130.21,119.61085,63.984123,2.8064291,0.5107296137339055,-10.0,28276.1451461905,0.0,28266.1451461905,0,,27565.213
2021-09-14 00:00:00+00:00,130.6,131.82,119.7172,66.55907,2.919286,0.5107296137339055,-10.0,28625.769103687762,0.0,28615.769103687762,0,,27906.047
2021-09-15 00:00:00+00:00,131.12,131.4,119.8448,62.744114,2.7528572,0.5107296137339055,-10.0,28534.559230787763,0.0,28524.559230787763,0,,27817.13
2021-09-16 00:00:00+00:00,131.12,132.02,119.97975,60.504616,2.792143,0.5107296137339055,-10.0,28669.200749794618,0.0,28659.200749794618,0,,27948.387
2021-09-17 00:00:00+00:00,132.12,131.21,120.1217,67.44819,2.7192852,0.5107296137339055,-10.0,28493.303617685207,0.0,28483.303617685207,0,,27776.912
2021-09-20 00:00:00+00:00,129.2,128.83,120.25355,60.604313,2.7271428,0.5107296137339055,-10.0,27976.46684590293,0.0,27966.46684590293,0,,27273.068
2021-09-21 00:00:00+00:00,130.11,127.82,120.36395,58.76055,2.8385718,0.5555555555555556,-10.0,27757.136971134576,0.0,27747.136971134576,0,,27059.252
2021-09-22 00:00:00+00:00,128.39,129.19,120.45725,58.26814,2.9114292,0.5107296137339055,-10.0,28054.644250317448,0.0,28044.644250317448,0,,27349.28
2021-09-23 00:00:00+00:00,129.9,134.49,120.54895,60.287067,2.9435725,0.5107296137339055,-10.0,29205.58387958523,0.0,29195.58387958523,0,,28471.281
2021-09-24 00:00:00+00:00,134.36,135.48,120.67225,71.786,3.2407155,0.5107296137339055,-10.0,29420.56777190449,0.0,29410.56777190449,0,,28680.861
2021-09-27 00:00:00+00:00,137.33,138.8,120.8044,77.12156,3.153572,0.5107296137339055,-10.0,30141.533378494652,0.0,30131.533378494652,0,,29383.7
2021-09-28 00:00:00+00:00,138.23,136.55,120.9649,79.79911,3.2807148,0.47368421052631576,-10.0,29652.92775255038,0.0,29642.92775255038,0,,28907.38
2021-09-29 00:00:00+00:00,137.31,135.16,121.11085,75.04537,3.3785717,0.5555555555555556,-10.0,29351.078726619256,0.0,29341.078726619256,0,,28613.12
2021-09-30 00:00:00+00:00,135.03,132.11,121.26295,68.14499,3.3328574,0.5107296137339055,-10.0,28688.746931089638,0.0,28678.746931089638,0,,27967.441
2021-10-01 00:00:00+00:00,134.77,138.15,121.4083,58.61689,3.3257146,0.5107296137339055,-10.0,30000.378801419658,0.0,29990.378801419658,0,,29246.094
2021-10-04 00:00:00+00:00,138.46,138.51,121.5742,62.990807,3.5364292,0.5107296137339055,-10.0,30078.557240631388,0.0,30068.557240631388,0,,29322.307
2021-10-05 00:00:00+00:00,138.75,139.75,121.7447,61.412453,3.674287,0.5107296137339055,-10.0,30347.835477284498,0.0,30337.835477284498,0,,29584.816
2021-10-06 00:00:00+00:00,137.95,139.36,121.91995,63.85662,3.6750019,0.5107296137339055,-10.0,30263.144092429797,0.0,30253.144092429797,0,,29502.254
2021-10-07 00:00:00+00:00,140.86,141.17,122.0937,62.27424,3.8421457,0.5107296137339055,-10.0,30656.200939526992,0.0,30646.200939526992,0,,29885.428
2021-10-08 00:00:00+00:00,141.37,141.51,122.2796,66.116486,3.9385736,0.47368421052631576,-10.0,30730.0328825122,0.0,30720.0328825122,0,,29957.404
2021-10-11 00:00:00+00:00,141.43,142.85,122.4724,71.96811,3.7514305,0.5107296137339055,-10.0,31021.027545991812,0.0,31011.027545991812,0,,30241.082
2021-10-12 00:00:00+00:00,143.22,144.7,122.6541,75.74512,3.7128584,0.5107296137339055,-10.0,31422.766591315412,0.0,31412.766591315412,0,,30632.72
2021-10-13 00:00:00+00:00,145.0,140.83,122.84315,76.137505,3.7135718,0.5107296137339055,-10.0,30582.365901110148,0.0,30572.365901110148,0,,29813.45
2021-10-14 00:00:00+00:00,142.29,141.58,123.0104,61.22521,3.6157138,0.5107296137339055,-10.0,30745.233997255087,0.0,30735.233997255087,0,,29972.223
2021-10-15 00:00:00+00:00,143.21,144.52,123.17855,60.892868,3.5735714,0.47368421052631576,-10.0,31383.679140496,0.0,31373.679140496,0,,30594.615
2021-10-18 00:00:00+00:00,143.37,144.06,123.35025,60.35482,3.5721424,0.5107296137339055,-10.0,31283.784662564693,0.0,31273.784662564693,0,,30497.234
2021-10-19 00:00:00+00:00,144.98,140.95,123.51425,64.537346,3.4214282,0.5107296137339055,-10.0,30608.423865699806,0.0,30598.423865699806,0,,29838.854
2021-10-20 00:00:00+00:00,140.53,140.24,123.6817,60.508152,3.4492853,0.5107296137339055,-10.0,30454.243464083094,0.0,30444.243464083094,0,,29688.549
2021-10-21 00:00:00+00:00,140.09,141.5,123.84315,66.124565,3.3785706,0.5107296137339055,-10.0,30727.861616391678,0.0,30717.861616391678,0,,29955.287
2021-10-22 00:00:00+00:00,140.57,141.66,123.9968,58.198746,3.0499997,0.5107296137339055,-10.0,30762.609275990635,0.0,30752.609275990635,0,,29989.162
2021-10-25 00:00:00+00:00,141.77,142.17,124.13865,57.785492,2.8907132,0.5107296137339055,-10.0,30873.358377645513,0.0,30863.358377645513,0,,30097.127
2021-10-26 00:00:00+00:00,143.46,144.45,124.2787,56.205128,2.9007123,0.5107296137339055,-10.0,31368.477714392,0.0,31358.477714392,0,,30579.799
2021-10-27 00:00:00+00:00,141.08,147.22,124.43505,61.898083,2.8314264,0.5107296137339055,-10.0,31970.00732003009,0.0,31960.00732003009,0,,31166.203
2021-10-28 00:00:00+00:00,148.35,146.04,124.6095,63.534687,3.1657116,0.5107296137339055,-10.0,31713.758919559255,0.0,31703.758919559255,0,,30916.398
2021-10-29 00:00:00+00:00,145.58,143.95,124.78035,59.767136,3.2749972,0.5107296137339055,-10.0,31259.899040164182,0.0,31249.899040164182,0,,30473.95
2021-11-01 00:00:00+00:00,144.3,144.78,124.93955,52.297394,3.3492835,0.5107296137339055,-10.0,31440.140958343534,0.0,31430.140958343534,0,,30649.66
2021-11-02 00:00:00+00:00,144.51,141.34,125.1214,50.174522,3.3528552,0.5107296137339055,-10.0,30693.116935393333,0.0,30683.116935393333,0,,29921.418
2021-11-03 00:00:00+00:00,140.49,145.24,125.28845,51.133823,3.3385708,0.5107296137339055,-10.0,31540.036280152515,0.0,31530.036280152515,0,,30747.045
2021-11-04 00:00:00+00:00,145.99,147.44,125.47615,57.137287,3.710714,0.5107296137339055,-10.0,32017.783566703227,0.0,32007.783566703227,0,,31212.781
2021-11-05 00:00:00+00:00,152.19,151.84,125.66925,55.86345,3.6378567,0.5107296137339055,-10.0,32973.27795892198,0.0,32963.27795892198,0,,32144.25
2021-11-08 00:00:00+00:00,152.26,151.17,125.90365,63.48821,3.949999,0.5107296137339055,-10.0,32827.78231963958,0.0,32817.78231963958,0,,32002.414
2021-11-09 00:00:00+00:00,150.87,148.46,126.1339,69.356064,3.9307132,0.5107296137339055,-10.0,32239.2867886625,0.0,32229.2867886625,0,,31428.713
2021-11-10 00:00:00+00:00,147.43,146.53,126.35285,64.47184,4.1399984,0.5107296137339055,-10.0,31820.16992662682,0.0,31810.16992662682,0,,31020.133
2021-11-11 00:00:00+00:00,145.81,143.58,126.59215,58.651527,4.2892838,0.5107296137339055,-10.0,31179.55471995206,0.0,31169.55471995206,0,,30395.625
2021-11-12 00:00:00+00:00,143.7,143.47,126.79005,53.01318,4.39357,0.5107296137339055,-10.0,31155.66810987232,0.0,31145.66810987232,0,,30372.338
2021-11-15 00:00:00+00:00,144.25,142.91,127.00045,52.06612,4.3564277,0.5107296137339055,-10.0,31034.060989467183,0.0,31024.060989467183,0,,30253.79
2021-11-16 00:00:00+00:00,142.87,141.74,127.2054,47.410908,4.278571,0.5107296137339055,-10.0,30779.98710658058,0.0,30769.98710658058,0,,30006.104
2021-11-17 00:00:00+00:00,140.81,144.53,127.38515,40.262978,3.9457135,0.5107296137339055,-10.0,31385.855383062037,0.0,31375.855383062037,0,,30596.738
2021-11-18 00:00:00+00:00,145.09,143.59,127.5748,47.462193,4.0699987,0.5107296137339055,-10.0,31181.72554520136,0.0,31171.72554520136,0,,30397.74
2021-11-19 00:00:00+00:00,140.73,144.37,127.74015,49.37063,4.0499988,0.5107296137339055,-10.0,31351.108697882202,0.0,31341.108697882202,0,,30562.863
2021-11-22 00:00:00+00:00,145.55,143.87,127.90365,49.281956,4.459999,0.5107296137339055,-10.0,31242.52952891338,0.0,31232.52952891338,0,,30457.016
2021-11-23 00:00:00+00:00,145.55,145.73,128.0614,54.939476,4.422855,0.5107296137339055,-10.0,31646.444406082534,0.0,31636.444406082534,0,,30850.775
2021-11-24 00:00:00+00:00,143.98,145.29,128.2383,51.039436,4.1385694,0.5107296137339055,-10.0,31550.895142045512,0.0,31540.895142045512,0,,30757.627
2021-11-26 00:00:00+00:00,135.8,136.21,128.41805,45.071045,4.179284,0.5107296137339055,-10.0,29579.10335858007,0.0,29569.10335858007,0,,28835.41
2021-11-29 00:00:00+00:00,138.47,138.07,128.5516,20.498293,4.662856,0.5107296137339055,-10.0,29983.01855997288,0.0,29973.01855997288,0,,29229.172
2021-11-30 00:00:00+00:00,135.99,135.07,128.68124,26.336702,4.682141,0.5107296137339055,-10.0,29331.54458259804,0.0,29321.54458259804,0,,28594.076
2021-12-01 00:00:00+00:00,137.56,129.96,128.78854,26.06363,4.605714,0.5107296137339055,-10.0,28221.865957880647,0.0,28211.865957880647,0,,27512.297
2021-12-02 00:00:00+00:00,131.66,139.59,128.8812,23.402884,4.9457135,0.47368421052631576,-10.0,30313.096627660056,0.0,30303.096627660056,0,,29550.951
2021-12-03 00:00:00+00:00,139.58,138.74,129.00854,44.726395,5.435714,0.5107296137339055,-10.0,30128.513801076566,0.0,30118.513801076566,0,,29371.01
2021-12-06 00:00:00+00:00,141.52,144.31,129.1177,43.86829,5.5928564,0.47368421052631576,-10.0,31338.081645036513,0.0,31328.081645036513,0,,30550.166
2021-12-07 00:00:00+00:00,145.88,143.15,129.23946,51.606236,5.969284,0.47368421052631576,-10.0,31086.17729507466,0.0,31076.17729507466,0,,30304.594
2021-12-08 00:00:00+00:00,144.42,144.39,129.34544,51.618073,6.1585703,0.47368421052631576,-10.0,31355.452720385903,0.0,31345.452720385903,0,,30567.1
2021-12-09 00:00:00+00:00,143.21,144.31,129.4311,49.833412,6.066428,0.16666666666666666,-10.0,31338.079141331506,0.0,31328.079141331506,0,,30550.162
2021-12-10 00:00:00+00:00,145.0,146.13,129.53775,50.874638,6.017856,0.3958333333333333,-10.0,31733.307060285064,0.0,31723.307060285064,0,,30935.455
2021-12-13 00:00:00+00:00,144.55,142.41,129.65,52.08532,5.7435694,0.47368421052631576,-10.0,30925.4790484382,0.0,30915.4790484382,0,,30147.936
2021-12-14 00:00:00+00:00,142.12,141.98,129.74326,48.392788,5.845713,0.47368421052631576,-10.0,30832.09920263334,0.0,30822.09920263334,0,,30056.904
2021-12-15 00:00:00+00:00,141.82,140.29,129.8319,45.737667,5.9035697,0.3958333333333333,-10.0,30465.101421662705,0.0,30455.101421662705,0,,29699.133
2021-12-16 00:00:00+00:00,141.1,139.0,129.9177,44.473915,5.979284,0.47368421052631576,-10.0,30184.968460608863,0.0,30174.968460608863,0,,29426.043
2021-12-17 00:00:00+00:00,138.5,140.94,130.0091,53.724957,5.2657123,0.47368421052631576,-10.0,30606.257180072167,0.0,30596.257180072167,0,,29836.74
2021-12-20 00:00:00+00:00,139.0,140.37,130.09946,53.8236,5.2635694,0.47368421052631576,-10.0,30482.474642585647,0.0,30472.474642585647,0,,29716.07
2021-12-21 00:00:00+00:00,142.55,148.55,130.17426,57.54984,5.235711,0.5107296137339055,-10.0,32258.829474246097,0.0,32248.829474246097,0,,31447.764
2021-12-22 00:00:00+00:00,148.22,152.74,130.2964,74.35157,5.2042823,0.5107296137339055,-10.0,33168.72172133547,0.0,33158.72172133547,0,,32334.777
2021-12-23 00:00:00+00:00,154.01,154.71,130.43755,70.0886,4.8214254,0.47368421052631576,-10.0,33596.52293435176,0.0,33586.52293435176,0,,32751.822
2021-12-27 00:00:00+00:00,153.71,155.29,130.5878,73.58934,4.6678543,0.3958333333333333,-10.0,33722.47272879197,0.0,33712.47272879197,0,,32874.605
2021-12-28 00:00:00+00:00,154.93,155.02,130.73375,69.02284,4.37214,0.3958333333333333,-10.0,33663.84257185615,0.0,33653.84257185615,0,,32817.45
2021-12-29 00:00:00+00:00,154.43,155.37,130.87254,71.21917,4.0492826,0.16666666666666666,-10.0,33739.845588622265,0.0,33729.845588622265,0,,32891.54
2021-12-30 00:00:00+00:00,155.38,154.98,131.0296,70.273254,3.9185681,0.47368421052631576,-10.0,33655.154176335884,0.0,33645.154176335884,0,,32808.98
2021-12-31 00:00:00+00:00,154.83,155.99,131.1688,69.477905,3.8871405,0.47368421052631576,-10.0,33874.48658806213,0.0,33864.48658806213,0,,33022.797
2022-01-03 00:00:00+00:00,155.95,154.48,131.32056,68.54778,3.757141,0.3958333333333333,-10.0,33546.57641102079,0.0,33536.57641102079,0,,32703.13
2022-01-04 00:00:00+00:00,157.49,155.96,131.471,74.76403,3.6964264,0.5107296137339055,-10.0,33867.97314966931,0.0,33857.97314966931,0,,33016.445
2022-01-05 00:00:00+00:00,156.22,151.8,131.6362,77.49804,3.7649982,0.47368421052631576,-10.0,32964.593892451536,0.0,32954.593892451536,0,,32135.78
2022-01-06 00:00:00+00:00,152.24,152.18,131.8007,70.63464,3.779285,0.5107296137339055,-10.0,33047.11336494895,0.0,33037.11336494895,0,,32216.225
2022-01-07 00:00:00+00:00,152.57,152.0,131.9691,74.425476,3.7442856,0.5107296137339055,-10.0,33008.027388437666,0.0,32998.027388437666,0,,32178.121
2022-01-10 00:00:00+00:00,150.84,148.61,132.1271,71.92703,3.6657147,0.5107296137339055,-10.0,32271.861646988305,0.0,32261.861646988305,0,,31460.465
2022-01-11 00:00:00+00:00,149.19,152.5,132.26456,64.693306,3.8164291,0.5107296137339055,-10.0,33116.60526936094,0.0,33106.60526936094,0,,32283.969
2022-01-12 00:00:00+00:00,153.93,150.0,132.4318,58.31579,3.6364288,0.5107296137339055,-10.0,32573.710748192232,0.0,32563.710748192232,0,,31754.725
2022-01-13 00:00:00+00:00,150.59,149.9,132.5715,43.789646,3.5778568,0.5107296137339055,-10.0,32551.994573427688,0.0,32541.994573427688,0,,31733.557
2022-01-14 00:00:00+00:00,149.15,147.98,132.7164,38.088123,3.6007135,0.5107296137339055,-10.0,32135.05229493056,0.0,32125.05229493056,0,,31327.098
2022-01-18 00:00:00+00:00,146.3,144.52,132.84805,33.023693,3.624285,0.5107296137339055,-10.0,31383.68748124239,0.0,31373.68748124239,0,,30594.623
2022-01-19 00:00:00+00:00,144.96,142.21,132.94365,28.762136,3.7742856,0.5107296137339055,-10.0,30882.05252958564,0.0,30872.05252958564,0,,30105.6
2022-01-20 00:00:00+00:00,143.06,142.24,133.0214,25.33736,3.9157138,0.5107296137339055,-10.0,30888.56865633484,0.0,30878.56865633484,0,,30111.951
2022-01-21 00:00:00+00:00,142.25,142.26,133.11,25.797897,4.104999,0.5107296137339055,-10.0,30892.909975233735,0.0,30882.909975233735,0,,30116.184
2022-01-24 00:00:00+00:00,138.24,140.48,133.19756,22.897713,4.2235694,0.5107296137339055,-10.0,30506.36964846492,0.0,30496.36964846492,0,,29739.363
2022-01-25 00:00:00+00:00,138.14,142.39,133.2782,22.656223,4.4592843,0.5107296137339055,-10.0,30921.143289560798,0.0,30911.143289560798,0,,30143.709
2022-01-26 00:00:00+00:00,144.57,144.82,133.36375,23.933876,4.7621408,0.5107296137339055,-10.0,31448.8398933585,0.0,31438.8398933585,0,,30658.139
2022-01-27 00:00:00+00:00,145.76,137.25,133.4573,35.63785,4.8871408,0.5107296137339055,-10.0,29804.9510732874,0.0,29794.9510732874,0,,29055.582
2022-01-28 00:00:00+00:00,138.22,143.39,133.51096,26.294065,5.418569,0.5107296137339055,-10.0,31138.302637596367,0.0,31128.302637596367,0,,30355.408
2022-01-31 00:00:00+00:00,142.19,145.11,133.5915,38.504673,5.688569,0.5107296137339055,-10.0,31511.81640348047,0.0,31501.81640348047,0,,30719.531
2022-02-01 00:00:00+00:00,145.93,145.72,133.6768,45.109,5.5485697,0.5107296137339055,-10.0,31644.28190691512,0.0,31634.28190691512,0,,30848.666
2022-02-02 00:00:00+00:00,145.99,144.59,133.77576,39.569233,5.327142,0.5107296137339055,-10.0,31398.892402460293,0.0,31388.892402460293,0,,30609.445
2022-02-03 00:00:00+00:00,144.17,144.15,133.8876,41.310627,5.2428565,0.47368421052631576,-10.0,31303.341957642297,0.0,31293.341957642297,0,,30516.297
2022-02-04 00:00:00+00:00,143.42,145.5,133.9888,40.864315,5.2557144,0.47368421052631576,-10.0,31596.50777858378,0.0,31586.50777858378,0,,30802.092
2022-02-07 00:00:00+00:00,146.48,148.64,134.0888,45.987064,5.3428574,0.47368421052631576,-10.0,32278.382410962902,0.0,32268.382410962902,0,,31466.822
2022-02-08 00:00:00+00:00,149.25,153.38,134.195,56.736416,5.326429,0.47368421052631576,-10.0,33307.71421013948,0.0,33297.71421013948,0,,32470.273
2022-02-09 00:00:00+00:00,154.85,153.14,134.32405,66.9191,5.4207153,0.47368421052631576,-10.0,33255.59427431945,0.0,33245.59427431945,0,,32419.465
2022-02-10 00:00:00+00:00,151.96,154.2,134.4397,66.405754,5.3985724,0.47368421052631576,-10.0,33485.781788856315,0.0,33475.781788856315,0,,32643.863
2022-02-11 00:00:00+00:00,154.69,149.53,134.56516,67.42555,5.51286,0.47368421052631576,-10.0,32471.652885107025,0.0,32461.652885107025,0,,31655.232
2022-02-14 00:00:00+00:00,149.76,151.43,134.66084,62.18034,5.4307175,0.16666666666666666,-10.0,32884.250661683385,0.0,32874.250661683385,0,,32057.457
2022-02-15 00:00:00+00:00,153.99,158.0,134.7745,62.170147,5.1450033,0.47368421052631576,-10.0,34310.98186629099,0.0,34300.98186629099,0,,33448.316
2022-02-16 00:00:00+00:00,157.9,156.34,134.92114,65.96413,5.23286,0.5107296137339055,-10.0,33950.499302281234,0.0,33940.499302281234,0,,33096.9
2022-02-17 00:00:00+00:00,154.13,153.04,135.0616,76.98612,4.935003,0.5107296137339055,-10.0,33233.87717210087,0.0,33223.87717210087,0,,32398.293
2022-02-18 00:00:00+00:00,153.16,150.41,135.2137,64.83244,4.8971457,0.5107296137339055,-10.0,32662.753898087383,0.0,32652.753898087383,0,,31841.53
2022-02-22 00:00:00+00:00,150.0,147.16,135.3619,57.92464,4.934289,0.5107296137339055,-10.0,31956.990902047684,0.0,31946.990902047684,0,,31153.51
2022-02-23 00:00:00+00:00,148.33,143.37,135.4805,51.995567,5.080718,0.5107296137339055,-10.0,31133.959931301277,0.0,31123.959931301277,0,,30351.172
2022-02-24 00:00:00+00:00,138.97,146.09,135.58945,48.4254,5.235003,0.5107296137339055,-10.0,31724.630928819188,0.0,31714.630928819188,0,,30926.99
2022-02-25 00:00:00+00:00,147.0,150.67,135.71075,52.3647,5.6221457,0.5107296137339055,-10.0,32719.21376235693,0.0,32709.21376235693,0,,31896.566
2022-02-28 00:00:00+00:00,147.22,148.86,135.87265,55.841805,5.693574,0.5107296137339055,-10.0,32326.15725418929,0.0,32316.15725418929,0,,31513.393
2022-03-01 00:00:00+00:00,147.37,142.17,136.01614,50.25629,5.8235736,0.5107296137339055,-10.0,30873.369818376625,0.0,30863.369818376625,0,,30097.13
2022-03-02 00:00:00+00:00,143.8,145.91,136.10895,37.508354,6.020002,0.47368421052631576,-10.0,31685.5441097537,0.0,31675.5441097537,0,,30888.887
2022-03-03 00:00:00+00:00,148.13,142.01,136.22995,42.526367,6.0364304,0.5107296137339055,-10.0,30838.625368384364,0.0,30828.625368384364,0,,30063.262
2022-03-04 00:00:00+00:00,139.93,137.67,136.33604,38.09803,6.192858,0.47368421052631576,-10.0,29896.159701709843,0.0,29886.159701709843,0,,29144.492
2022-03-07 00:00:00+00:00,137.84,129.09,136.42155,38.34513,6.350001,0.5107296137339055,-10.0,28032.942111791108,0.0,28022.942111791108,0,,27328.121
2022-03-08 00:00:00+00:00,130.97,133.92,136.4641,30.594175,6.654286,0.47368421052631576,-10.0,29081.81546585169,0.0,29071.81546585169,0,,28350.623
2022-03-09 00:00:00+00:00,138.5,138.52,136.5288,28.430677,6.7728577,0.5555555555555556,-10.0,30080.745718443122,0.0,30070.745718443122,0,,29324.436
2022-03-10 00:00:00+00:00,135.49,142.94,136.60345,34.836636,6.8292856,0.5107296137339055,-10.0,31040.584729451344,0.0,31030.584729451344,0,,30260.143
2022-03-11 00:00:00+00:00,144.58,141.77,136.69914,41.566475,7.030715,0.5107296137339055,-10.0,30786.50924168528,0.0,30776.50924168528,0,,30012.455
2022-03-14 00:00:00+00:00,143.19,141.56,136.7769,42.605278,7.0099998,0.3958333333333333,-10.0,30740.905350808844,0.0,30730.905350808844,0,,29967.998
2022-03-15 00:00:00+00:00,143.49,144.24,136.85335,44.94402,6.935,0.16666666666666666,-10.0,31322.89170676659,0.0,31312.89170676659,0,,30535.35
2022-03-16 00:00:00+00:00,146.22,150.79,136.9482,50.801556,6.845715,0.16666666666666666,-10.0,32745.276581332026,0.0,32735.276581332026,0,,31921.973
2022-03-17 00:00:00+00:00,147.64,151.14,137.0691,54.044746,6.718571,0.3958333333333333,-10.0,32821.282431207845,0.0,32811.282431207845,0,,31996.068
2022-03-18 00:00:00+00:00,150.21,151.79,137.19894,50.436237,6.5699997,0.5107296137339055,-10.0,32962.43345232938,0.0,32952.43345232938,0,,32133.672
2022-03-21 00:00:00+00:00,150.56,150.35,137.34225,52.77935,6.444286,0.3958333333333333,-10.0,32649.72758559284,0.0,32639.72758559284,0,,31828.828
2022-03-22 00:00:00+00:00,151.71,151.42,137.47025,58.61779,6.1557136,0.16666666666666666,-10.0,32882.08509796346,0.0,32872.08509796346,0,,32055.342
2022-03-23 00:00:00+00:00,149.57,148.41,137.60284,56.15092,6.0807137,0.3958333333333333,-10.0,32228.44031025874,0.0,32218.44031025874,0,,31418.133
2022-03-24 00:00:00+00:00,148.41,151.89,137.7057,57.289307,5.738571,0.3958333333333333,-10.0,32984.14783754192,0.0,32974.14783754192,0,,32154.84
2022-03-25 00:00:00+00:00,152.21,151.5,137.8329,66.51952,5.4200006,0.47368421052631576,-10.0,32899.45612703729,0.0,32889.45612703729,0,,32072.277
2022-03-28 00:00:00+00:00,152.0,150.68,137.95744,82.15211,4.9664283,0.47368421052631576,-10.0,32721.38523541951,0.0,32711.38523541951,0,,31898.684
2022-03-29 00:00:00+00:00,153.6,155.31,138.0678,77.17251,4.5228567,0.47368421052631576,-10.0,33726.827885532824,0.0,33716.827885532824,0,,32878.848
2022-03-30 00:00:00+00:00,153.82,153.15,138.2013,77.194695,4.425715,0.5107296137339055,-10.0,33257.76626027944,0.0,33247.76626027944,0,,32421.58
2022-03-31 00:00:00+00:00,152.74,151.74,138.3208,67.84341,4.0057144,0.5107296137339055,-10.0,32951.575541012964,0.0,32941.575541012964,0,,32123.086
2022-04-01 00:00:00+00:00,153.11,150.71,138.44485,67.279045,3.9557147,0.5107296137339055,-10.0,32727.90366805373,0.0,32717.90366805373,0,,31905.04
2022-04-04 00:00:00+00:00,150.0,152.34,138.5672,65.41965,3.979285,0.5107296137339055,-10.0,33081.86844840678,0.0,33071.86844840678,0,,32250.104
2022-04-05 00:00:00+00:00,152.66,151.55,138.7103,64.150955,3.9628568,0.5107296137339055,-10.0,32910.31503222925,0.0,32900.31503222925,0,,32082.863
2022-04-06 00:00:00+00:00,150.01,145.61,138.83435,51.662315,3.7192852,0.5107296137339055,-10.0,31620.395197505874,0.0,31610.395197505874,0,,30825.375
2022-04-07 00:00:00+00:00,145.3,145.55,138.9319,40.28118,3.9442859,0.5107296137339055,-10.0,31607.366111392876,0.0,31597.366111392876,0,,30812.674
2022-04-08 00:00:00+00:00,144.71,145.48,139.03125,38.801147,3.962858,0.5107296137339055,-10.0,31592.16266854998,0.0,31582.16266854998,0,,30797.854
2022-04-11 00:00:00+00:00,144.3,143.7,139.1361,40.807823,3.9228592,0.5107296137339055,-10.0,31205.62170777397,0.0,31195.62170777397,0,,30421.031
2022-04-12 00:00:00+00:00,145.0,144.88,139.2322,35.80881,3.9071448,0.47368421052631576,-10.0,31461.87018734511,0.0,31451.87018734511,0,,30670.836
2022-04-13 00:00:00+00:00,146.41,153.93,139.353,43.042965,3.9214303,0.5107296137339055,-10.0,33427.149415368214,0.0,33417.149415368214,0,,32586.703
2022-04-14 00:00:00+00:00,154.46,155.58,139.5279,53.296696,4.2864294,0.5107296137339055,-10.0,33785.46105041905,0.0,33775.46105041905,0,,32936.004
2022-04-18 00:00:00+00:00,155.74,156.57,139.7027,56.335407,4.3257165,0.3958333333333333,-10.0,34000.44715126085,0.0,33990.44715126085,0,,33145.586
2022-04-19 00:00:00+00:00,157.38,163.14,139.86745,59.097954,4.4578595,0.47368421052631576,-10.0,35427.17485132566,0.0,35417.17485132566,0,,34536.44
2022-04-20 00:00:00+00:00,163.8,162.91,140.0491,61.410675,4.557144,0.47368421052631576,-10.0,35377.22860477567,0.0,35367.22860477567,0,,34487.754
2022-04-21 00:00:00+00:00,166.71,156.96,140.2345,65.07106,4.5714297,0.47368421052631576,-10.0,34085.13819803565,0.0,34075.13819803565,0,,33228.15
2022-04-22 00:00:00+00:00,156.0,153.35,140.39705,57.069344,5.115001,0.5107296137339055,-10.0,33301.19823916158,0.0,33291.19823916158,0,,32463.92
2022-04-25 00:00:00+00:00,152.96,155.94,140.54816,53.341774,5.155717,0.5555555555555556,-10.0,33863.637259476534,0.0,33853.637259476534,0,,33012.22
2022-04-26 00:00:00+00:00,155.11,151.72,140.6976,54.44885,5.280716,0.5107296137339055,-10.0,32947.22963925233,0.0,32937.22963925233,0,,32118.852
2022-04-27 00:00:00+00:00,151.69,157.06,140.82695,50.193665,5.4321465,0.5555555555555556,-10.0,34106.85428779468,0.0,34096.85428779468,0,,33249.32
2022-04-28 00:00:00+00:00,158.83,161.22,140.99495,63.224762,5.438575,0.5107296137339055,-10.0,35010.234161266206,0.0,35000.234161266206,0,,34129.99
2022-04-29 00:00:00+00:00,161.04,155.29,141.1817,66.53302,5.550003,0.5107296137339055,-10.0,33722.484721123605,0.0,33712.484721123605,0,,32874.613
2022-05-02 00:00:00+00:00,158.03,155.41,141.34364,59.211266,5.830003,0.47368421052631576,-10.0,33748.54659795073,0.0,33738.54659795073,0,,32900.02
2022-05-03 00:00:00+00:00,153.12,148.96,141.52196,61.349102,6.143574,0.5107296137339055,-10.0,32347.878245857468,0.0,32337.878245857468,0,,31534.568
2022-05-04 00:00:00+00:00,148.99,151.39,141.6817,53.58776,6.60786,0.5107296137339055,-10.0,32875.571642744784,0.0,32865.571642744784,0,,32048.996
2022-05-05 00:00:00+00:00,149.57,149.89,141.83415,47.47214,6.500717,0.5107296137339055,-10.0,32549.83392646833,0.0,32539.83392646833,0,,31731.447
2022-05-06 00:00:00+00:00,149.75,143.48,141.95895,44.32022,6.606431,0.5555555555555556,-10.0,31157.849285111562,0.0,31147.849285111562,0,,30374.463
2022-05-09 00:00:00+00:00,142.55,133.31,142.0603,38.20932,6.8121448,0.5107296137339055,-10.0,28949.351343491486,0.0,28939.351343491486,0,,28221.492
2022-05-10 00:00:00+00:00,135.86,137.79,142.10056,24.767382,7.1121445,0.5107296137339055,-10.0,29922.217859585493,0.0,29912.217859585493,0,,29169.898
2022-05-11 00:00:00+00:00,137.97,134.51,142.15614,30.17676,7.329288,0.5555555555555556,-10.0,29209.940200015357,0.0,29199.940200015357,0,,28475.527
2022-05-12 00:00:00+00:00,134.28,132.43,142.1862,31.504356,7.0250015,0.5107296137339055,-10.0,28758.25138371884,0.0,28748.25138371884,0,,28035.195
2022-05-13 00:00:00+00:00,134.92,136.59,142.2007,32.319126,7.163572,0.5555555555555556,-10.0,29661.62972993835,0.0,29651.62972993835,0,,28915.861
2022-05-16 00:00:00+00:00,135.46,132.85,142.21115,34.06883,7.104287,0.5107296137339055,-10.0,28849.461024253847,0.0,28839.461024253847,0,,28124.113
2022-05-17 00:00:00+00:00,136.05,135.08,142.21815,34.340252,6.9964294,0.47368421052631576,-10.0,29333.72403986087,0.0,29323.72403986087,0,,28596.201
2022-05-18 00:00:00+00:00,133.11,128.66,142.2542,30.766542,6.7950006,0.5107296137339055,-10.0,27939.56920071878,0.0,27929.56920071878,0,,27237.098
2022-05-19 00:00:00+00:00,127.49,131.71,142.2671,22.592592,6.96,0.47368421052631576,-10.0,28601.903491611254,0.0,28591.903491611254,0,,27882.78
2022-05-20 00:00:00+00:00,133.62,130.28,142.3037,29.140135,6.918571,0.5107296137339055,-10.0,28291.366205293252,0.0,28281.366205293252,0,,27580.049
2022-05-23 00:00:00+00:00,131.49,132.35,142.3231,28.272514,6.774285,0.5107296137339055,-10.0,28740.88572462694,0.0,28730.88572462694,0,,28018.268
2022-05-24 00:00:00+00:00,130.67,128.28,142.35155,34.462112,6.379285,0.47368421052631576,-10.0,27857.051054327243,0.0,27847.051054327243,0,,27156.654
2022-05-25 00:00:00+00:00,128.32,131.74,142.3699,29.025236,6.248572,0.5107296137339055,-10.0,28608.419621263747,0.0,28598.419621263747,0,,27889.13
2022-05-26 00:00:00+00:00,133.47,138.47,142.39685,34.09291,6.267857,0.5107296137339055,-10.0,30069.894243849267,0.0,30059.894243849267,0,,29313.86
2022-05-27 00:00:00+00:00,139.34,142.25,142.46405,45.633614,6.2728567,0.5107296137339055,-10.0,30890.752177891514,0.0,30880.752177891514,0,,30114.078
2022-05-31 00:00:00+00:00,140.63,140.86,142.55815,58.768147,5.9271426,0.01,-10.0,30588.90239415556,0.0,30578.90239415556,0,,29819.818
2022-06-01 00:00:00+00:00,141.11,138.42,142.6514,53.20527,5.6792855,0.47368421052631576,-10.0,30059.0358396578,0.0,30049.0358396578,0,,29303.273
2022-06-02 00:00:00+00:00,138.25,142.29,142.73605,54.155155,5.615714,0.16666666666666666,-10.0,30899.438179777477,0.0,30889.438179777477,0,,30122.547
2022-06-03 00:00:00+00:00,140.34,142.17,142.84755,60.094185,5.453571,0.16666666666666666,-10.0,30873.381100261573,0.0,30863.381100261573,0,,30097.146
2022-06-06 00:00:00+00:00,143.73,144.42,142.9634,56.22768,5.3299985,0.47368421052631576,-10.0,31361.986504339297,0.0,31351.986504339297,0,,30573.467
2022-06-07 00:00:00+00:00,142.32,143.82,143.08936,63.357178,5.30857,0.47368421052631576,-10.0,31231.693026485824,0.0,31221.693026485824,0,,30446.45
2022-06-08 00:00:00+00:00,141.83,140.71,143.1996,60.48465,5.297141,0.47368421052631576,-10.0,30556.330554455664,0.0,30546.330554455664,0,,29788.066
2022-06-09 00:00:00+00:00,140.05,135.8,143.288,65.70237,4.967141,0.47368421052631576,-10.0,29490.083704611443,0.0,29480.083704611443,0,,28748.629
2022-06-10 00:00:00+00:00,132.4,127.47,143.3327,55.083263,4.850714,0.47368421052631576,-10.0,27681.15569403315,0.0,27671.15569403315,0,,26985.184
2022-06-13 00:00:00+00:00,123.65,120.85,143.33345,47.018887,5.0264287,0.5107296137339055,-10.0,26243.56739797798,0.0,26233.56739797798,0,,25583.74
2022-06-14 00:00:00+00:00,120.79,119.14,143.3096,38.873833,5.3050003,0.5107296137339055,-10.0,25872.22656056636,0.0,25862.22656056636,0,,25221.734
2022-06-15 00:00:00+00:00,121.31,121.89,143.2675,40.733982,5.161428,0.5107296137339055,-10.0,26469.412841322686,0.0,26459.412841322686,0,,25803.904
2022-06-16 00:00:00+00:00,118.46,115.42,143.24835,39.868332,5.1114283,0.5107296137339055,-10.0,25064.398461810106,0.0,25054.398461810106,0,,24434.217
2022-06-17 00:00:00+00:00,116.3,116.28,143.20116,26.163383,5.063572,0.5107296137339055,-10.0,25251.15473429977,0.0,25241.15473429977,0,,24616.277
2022-06-21 00:00:00+00:00,118.36,114.44,143.15594,21.417559,4.8885717,0.5107296137339055,-10.0,24851.584474319694,0.0,24841.584474319694,0,,24226.754
2022-06-22 00:00:00+00:00,113.16,112.02,143.1062,21.207493,4.9742856,0.5107296137339055,-10.0,24326.061032992202,0.0,24316.061032992202,0,,23714.441
2022-06-23 00:00:00+00:00,112.69,110.52,143.0509,21.21674,4.777143,0.5107296137339055,-10.0,24000.323363442803,0.0,23990.323363442803,0,,23396.895
2022-06-24 00:00:00+00:00,112.41,116.71,142.98665,13.474364,4.7664294,0.5107296137339055,-10.0,25344.53302558496,0.0,25334.53302558496,0,,24707.309
2022-06-27 00:00:00+00:00,116.68,117.03,142.9564,24.313967,5.073573,0.5107296137339055,-10.0,25414.02301243241,0.0,25404.02301243241,0,,24775.049
2022-06-28 00:00:00+00:00,117.87,115.28,142.9128,21.247116,5.0650015,0.47368421052631576,-10.0,25033.996084765153,0.0,25023.996084765153,0,,24404.578
2022-06-29 00:00:00+00:00,114.7,113.06,142.8522,20.746206,5.2264304,0.47368421052631576,-10.0,24551.904258979604,0.0,24541.904258979604,0,,23934.607
2022-06-30 00:00:00+00:00,111.04,111.44,142.76645,21.13176,5.2357154,0.47368421052631576,-10.0,24200.108405344687,0.0,24190.108405344687,0,,23591.656
2022-07-01 00:00:00+00:00,111.09,112.99,142.66455,22.690586,5.174286,0.47368421052631576,-10.0,24536.701514498625,0.0,24526.701514498625,0,,23919.787
2022-07-05 00:00:00+00:00,110.25,112.03,142.5725,30.856686,4.766429,0.5107296137339055,-10.0,24328.22925560989,0.0,24318.22925560989,0,,23716.557
2022-07-06 00:00:00+00:00,112.18,109.75,142.47255,36.28731,4.452143,0.5107296137339055,-10.0,23833.10823921589,0.0,23823.10823921589,0,,23233.887
2022-07-07 00:00:00+00:00,111.4,113.9,142.36525,35.65536,4.5121427,0.5107296137339055,-10.0,24734.31400940795,0.0,24724.31400940795,0,,24112.432
2022-07-08 00:00:00+00:00,113.36,111.59,142.2906,38.294758,4.5507135,0.5107296137339055,-10.0,24232.676970788005,0.0,24222.676970788005,0,,23623.406
2022-07-11 00:00:00+00:00,111.1,111.59,142.20946,43.610275,4.2692857,0.5107296137339055,-10.0,24232.676970788005,0.0,24222.676970788005,0,,23623.406
2022-07-12 00:00:00+00:00,112.3,112.64,142.12144,41.944344,4.1728578,0.5107296137339055,-10.0,24460.69259133652,0.0,24450.69259133652,0,,23845.69
2022-07-13 00:00:00+00:00,110.01,114.12,142.0122,46.82203,4.0771437,0.5107296137339055,-10.0,24782.087694960042,0.0,24772.087694960042,0,,24159.004
2022-07-14 00:00:00+00:00,112.18,113.31,141.9054,53.834927,4.2428575,0.5107296137339055,-10.0,24606.188393974036,0.0,24596.188393974036,0,,23987.527
2022-07-15 00:00:00+00:00,115.17,116.34,141.77795,55.226677,4.1664286,0.5107296137339055,-10.0,25264.177296085025,0.0,25254.177296085025,0,,24628.973
2022-07-18 00:00:00+00:00,117.72,117.42,141.6769,49.213764,3.906428,0.5107296137339055,-10.0,25498.709327928453,0.0,25488.709327928453,0,,24857.61
2022-07-19 00:00:00+00:00,119.53,121.41,141.5882,50.8028,3.932143,0.5107296137339055,-10.0,26365.17097376123,0.0,26355.17097376123,0,,25702.285
2022-07-20 00:00:00+00:00,120.52,122.69,141.5347,61.552963,3.841429,0.47368421052631576,-10.0,26643.132389498915,0.0,26633.132389498915,0,,25973.258
2022-07-21 00:00:00+00:00,120.54,121.97,141.4574,68.81595,3.8250008,0.16666666666666666,-10.0,26486.778901379043,0.0,26476.778901379043,0,,25820.834
2022-07-22 00:00:00+00:00,122.54,120.83,141.3747,71.3244,3.794287,0.3958333333333333,-10.0,26239.219037290368,0.0,26229.219037290368,0,,25579.5
2022-07-25 00:00:00+00:00,121.31,122.19,141.2801,66.144966,3.9457152,0.5107296137339055,-10.0,26534.554638031623,0.0,26524.554638031623,0,,25867.41
2022-07-26 00:00:00+00:00,121.29,120.22,141.19424,70.58346,3.8800006,0.5107296137339055,-10.0,26106.75233256919,0.0,26096.75233256919,0,,25450.363
2022-07-27 00:00:00+00:00,126.34,129.25,141.0895,71.48131,3.6807153,0.5107296137339055,-10.0,28067.6885519004,0.0,28057.6885519004,0,,27361.996
2022-07-28 00:00:00+00:00,129.22,128.0,141.0282,76.239296,4.0400014,0.5107296137339055,-10.0,27796.241679785944,0.0,27786.241679785944,0,,27097.373
2022-07-29 00:00:00+00:00,127.9,128.07,140.95395,79.10606,4.1221437,0.5107296137339055,-10.0,27811.444339968282,0.0,27801.444339968282,0,,27112.193
2022-08-01 00:00:00+00:00,127.1,128.69,140.8708,79.157814,4.107143,0.3958333333333333,-10.0,27946.082024152132,0.0,27936.082024152132,0,,27243.445
2022-08-02 00:00:00+00:00,127.76,128.68,140.8101,78.83578,4.125714,0.5107296137339055,-10.0,27943.908264391186,0.0,27933.908264391186,0,,27241.326
2022-08-03 00:00:00+00:00,129.33,130.97,140.7456,77.61756,3.9964283,0.3958333333333333,-10.0,28441.202493093926,0.0,28431.202493093926,0,,27726.115
2022-08-04 00:00:00+00:00,130.41,131.05,140.67786,81.71693,4.012143,0.5107296137339055,-10.0,28458.575187297138,0.0,28448.575187297138,0,,27743.05
2022-08-05 00:00:00+00:00,129.52,130.32,140.6128,79.549995,3.8785722,0.47368421052631576,-10.0,28300.05090388034,0.0,28290.05090388034,0,,27588.514
2022-08-08 00:00:00+00:00,131.75,130.72,140.55965,76.283615,3.775001,0.47368421052631576,-10.0,28386.91172877789,0.0,28376.91172877789,0,,27673.19
2022-08-09 00:00:00+00:00,130.58,131.45,140.51205,72.21955,3.6178577,0.3958333333333333,-10.0,28545.437823553846,0.0,28535.437823553846,0,,27827.73
2022-08-10 00:00:00+00:00,134.79,133.66,140.4618,71.470566,3.558572,0.3958333333333333,-10.0,29025.359793683703,0.0,29015.359793683703,0,,28295.586
2022-08-11 00:00:00+00:00,135.81,134.69,140.4218,76.701675,3.5657141,0.47368421052631576,-10.0,29249.034014544053,0.0,29239.034014544053,0,,28513.637
2022-08-12 00:00:00+00:00,135.39,137.44,140.3844,81.81816,3.437857,0.3958333333333333,-10.0,29846.217784931105,0.0,29836.217784931105,0,,29095.805
2022-08-15 00:00:00+00:00,136.28,137.02,140.34935,82.90891,3.4492853,0.47368421052631576,-10.0,29755.011607480945,0.0,29745.011607480945,0,,29006.89
2022-08-16 00:00:00+00:00,136.22,139.02,140.29836,88.852905,3.4542859,0.47368421052631576,-10.0,30189.329511150587,0.0,30179.329511150587,0,,29430.29
2022-08-17 00:00:00+00:00,136.92,137.46,140.26324,83.48183,2.952143,0.5107296137339055,-10.0,29850.562701979907,0.0,29840.562701979907,0,,29100.04
2022-08-18 00:00:00+00:00,137.11,138.77,140.2308,81.74497,2.8292868,0.5107296137339055,-10.0,30135.04057776658,0.0,30125.04057776658,0,,29377.365
2022-08-19 00:00:00+00:00,136.76,135.48,140.20074,83.14745,2.8164313,0.5107296137339055,-10.0,29420.588684185877,0.0,29410.588684185877,0,,28680.875
2022-08-22 00:00:00+00:00,132.2,131.58,140.17145,68.04888,2.849289,0.5107296137339055,-10.0,28573.67348388397,0.0,28563.67348388397,0,,27855.254
2022-08-23 00:00:00+00:00,132.27,132.28,140.10315,56.387688,2.8828604,0.47368421052631576,-10.0,28725.68408284929,0.0,28715.68408284929,0,,28003.441
2022-08-24 00:00:00+00:00,132.04,133.3,140.02734,53.10279,2.8235736,0.5107296137339055,-10.0,28947.185927877097,0.0,28937.185927877097,0,,28219.375
2022-08-25 00:00:00+00:00,134.33,136.08,139.93465,55.102043,2.848574,0.5107296137339055,-10.0,29550.884943177178,0.0,29540.884943177178,0,,28807.895
2022-08-26 00:00:00+00:00,136.02,131.09,139.8592,61.9502,2.8742871,0.5107296137339055,-10.0,28467.263698727755,0.0,28457.263698727755,0,,27751.52
2022-08-29 00:00:00+00:00,129.78,129.47,139.77235,50.644814,3.0835724,0.5107296137339055,-10.0,28115.468368088816,0.0,28105.468368088816,0,,27408.568
2022-08-30 00:00:00+00:00,130.36,126.83,139.68706,46.653152,3.0414288,0.5107296137339055,-10.0,27542.17123439324,0.0,27532.17123439324,0,,26849.688
2022-08-31 00:00:00+00:00,127.14,127.36,139.6033,38.620453,3.1221433,0.47368421052631576,-10.0,27657.26342495101,0.0,27647.26342495101,0,,26961.885
2022-09-01 00:00:00+00:00,126.01,127.67,139.52275,37.580475,3.0928578,0.47368421052631576,-10.0,27724.581626565705,0.0,27714.581626565705,0,,27027.51
2022-09-02 00:00:00+00:00,129.78,127.49,139.44655,31.95418,3.149287,0.5107296137339055,-10.0,27685.49306420859,0.0,27675.49306420859,0,,26989.402
2022-09-06 00:00:00+00:00,127.84,126.87,139.3753,32.240013,3.2492867,0.5107296137339055,-10.0,27550.85620350323,0.0,27540.85620350323,0,,26858.15
2022-09-07 00:00:00+00:00,127.05,131.18,139.287,26.129654,3.3371434,0.5107296137339055,-10.0,28486.80472399594,0.0,28476.80472399594,0,,27770.566
2022-09-08 00:00:00+00:00,129.79,132.97,139.22495,38.865215,3.4728568,0.5107296137339055,-10.0,28875.51886936272,0.0,28865.51886936272,0,,28149.508
2022-09-09 00:00:00+00:00,134.14,135.91,139.16795,39.888416,3.6207135,0.5107296137339055,-10.0,29513.963053043277,0.0,29503.963053043277,0,,28771.898
2022-09-12 00:00:00+00:00,137.37,136.65,139.12814,50.758926,3.632141,0.16666666666666666,-10.0,29674.65964876985,0.0,29664.65964876985,0,,28928.555
2022-09-13 00:00:00+00:00,132.56,130.46,139.08275,60.071507,3.4757123,0.47266881028938906,-10.0,28330.45396284237,0.0,28320.45396284237,0,,27618.146
2022-09-14 00:00:00+00:00,131.09,134.83,139.0086,47.031975,3.7921405,0.375,-10.0,29279.43511918285,0.0,29269.43511918285,0,,28543.268
2022-09-15 00:00:00+00:00,135.58,135.24,139.0017,52.24934,4.028568,0.47266881028938906,-10.0,29368.471239413433,0.0,29358.471239413433,0,,28630.066
2022-09-16 00:00:00+00:00,134.02,130.8,138.98755,48.67257,4.055711,0.47266881028938906,-10.0,28404.288576388462,0.0,28394.288576388462,0,,27690.125
2022-09-19 00:00:00+00:00,128.88,132.3,138.9662,49.533623,4.09214,0.47266881028938906,-10.0,28730.02707329386,0.0,28720.02707329386,0,,28007.672
2022-09-20 00:00:00+00:00,131.59,131.68,138.9779,54.568947,4.244283,0.47266881028938906,-10.0,28595.38623785145,0.0,28585.38623785145,0,,27876.416
2022-09-21 00:00:00+00:00,131.58,124.63,138.93835,58.3765,4.114283,0.47266881028938906,-10.0,27064.421889142817,0.0,27054.421889142817,0,,26383.943
2022-09-22 00:00:00+00:00,124.63,119.42,138.8678,46.15167,4.43214,0.47266881028938906,-10.0,25933.028439124035,0.0,25923.028439124035,0,,25280.998
2022-09-23 00:00:00+00:00,118.03,118.33,138.74335,39.782013,4.6071396,0.47266881028938906,-10.0,25696.326328120136,0.0,25686.326328120136,0,,25050.246
2022-09-26 00:00:00+00:00,118.83,117.48,138.61925,38.905037,4.5678535,0.47266881028938906,-10.0,25511.741563653868,0.0,25501.741563653868,0,,24870.303
2022-09-27 00:00:00+00:00,120.16,118.17,138.4847,38.68947,4.478568,0.47266881028938906,-10.0,25661.580249059083,0.0,25651.580249059083,0,,25016.375
2022-09-28 00:00:00+00:00,118.53,123.67,138.354,32.831882,4.43714,0.6153846153846154,-10.0,26855.950292313057,0.0,26845.950292313057,0,,26180.715
2022-09-29 00:00:00+00:00,121.69,121.86,138.2417,38.822105,4.6078534,0.6153846153846154,-10.0,26462.89514117974,0.0,26452.89514117974,0,,25797.543
2022-09-30 00:00:00+00:00,120.53,120.62,138.13895,32.641445,4.6078534,0.6153846153846154,-10.0,26193.61968256301,0.0,26183.61968256301,0,,25535.037
2022-10-03 00:00:00+00:00,123.32,121.77,138.03215,30.436905,4.724997,0.47266881028938906,-10.0,26443.349687988506,0.0,26433.349687988506,0,,25778.488
2022-10-04 00:00:00+00:00,124.02,125.97,137.93954,37.90702,4.5071406,0.6153846153846154,-10.0,27355.415210495277,0.0,27345.415210495277,0,,26667.623
2022-10-05 00:00:00+00:00,124.22,125.92,137.8744,37.611855,4.521427,0.47266881028938906,-10.0,27344.556015185288,0.0,27334.556015185288,0,,26657.037
2022-10-06 00:00:00+00:00,125.55,123.35,137.7993,36.836147,4.510713,0.47266881028938906,-10.0,26786.460111421293,0.0,26776.460111421293,0,,26112.975
2022-10-07 00:00:00+00:00,121.45,121.37,137.7142,38.890537,4.3578563,0.47266881028938906,-10.0,26356.488437914417,0.0,26346.488437914417,0,,25693.812
2022-10-10 00:00:00+00:00,122.03,120.33,137.5783,33.93119,4.3578568,0.47266881028938906,-10.0,26130.64434469162,0.0,26120.64434469162,0,,25473.646
2022-10-11 00:00:00+00:00,120.66,117.88,137.41624,33.517284,4.427857,0.47266881028938906,-10.0,25598.605919152527,0.0,25588.605919152527,0,,24954.986
2022-10-12 00:00:00+00:00,117.31,121.0,137.2321,38.685883,4.2364287,0.6153846153846154,-10.0,26276.138601309776,0.0,26266.138601309776,0,,25615.484
2022-10-13 00:00:00+00:00,118.32,123.1,137.06065,52.847878,4.178572,0.6153846153846154,-10.0,26732.169469667064,0.0,26722.169469667064,0,,26060.049
2022-10-14 00:00:00+00:00,125.3,122.58,136.90105,58.295647,4.4157147,0.6153846153846154,-10.0,26619.247942620186,0.0,26609.247942620186,0,,25949.967
2022-10-17 00:00:00+00:00,124.7,126.41,136.7371,58.972553,4.530715,0.6153846153846154,-10.0,27450.962990576736,0.0,27440.962990576736,0,,26760.771
2022-10-18 00:00:00+00:00,130.0,128.6,136.59425,63.05451,4.591429,0.6153846153846154,-10.0,27926.539033760244,0.0,27916.539033760244,0,,27224.39
2022-10-19 00:00:00+00:00,127.8,128.7,136.4573,58.725677,4.5078573,0.47266881028938906,-10.0,27948.25144272943,0.0,27938.25144272943,0,,27245.557
2022-10-20 00:00:00+00:00,129.24,126.55,136.3284,62.886208,4.463572,0.47266881028938906,-10.0,27481.363230757597,0.0,27471.363230757597,0,,26790.408
2022-10-21 00:00:00+00:00,126.59,131.23,136.18135,60.80146,4.572857,0.47266881028938906,-10.0,28497.660984112157,0.0,28487.660984112157,0,,27781.154
2022-10-24 00:00:00+00:00,131.94,130.63,136.0785,65.26792,4.730714,0.6153846153846154,-10.0,28367.368712531024,0.0,28357.368712531024,0,,27654.137
2022-10-25 00:00:00+00:00,130.51,130.64,135.97075,58.509876,4.6535697,0.47266881028938906,-10.0,28369.53973431598,0.0,28359.53973431598,0,,27656.254
2022-10-26 00:00:00+00:00,131.58,129.99,135.86395,58.632053,4.6642838,0.47266881028938906,-10.0,28228.388844932288,0.0,28218.388844932288,0,,27518.654
2022-10-27 00:00:00+00:00,131.15,133.4,135.77084,63.060616,4.8957124,0.47266881028938906,-10.0,28968.8962492192,0.0,28958.8962492192,0,,28240.543
2022-10-28 00:00:00+00:00,133.62,134.64,135.67535,72.40226,4.929283,0.47266881028938906,-10.0,29238.172115373975,0.0,29228.172115373975,0,,28503.049
2022-10-31 00:00:00+00:00,134.77,135.26,135.59856,76.45106,4.89714,0.47266881028938906,-10.0,29372.808530911887,0.0,29362.808530911887,0,,28634.3
2022-11-01 00:00:00+00:00,136.65,133.74,135.52534,84.45685,4.851425,0.47266881028938906,-10.0,29042.72978266334,0.0,29032.72978266334,0,,28312.521
2022-11-02 00:00:00+00:00,133.0,129.73,135.45415,76.96876,4.7435684,0.47266881028938906,-10.0,28171.923036458815,0.0,28161.923036458815,0,,27463.607
2022-11-03 00:00:00+00:00,128.03,128.5,135.3802,62.984745,4.6335683,0.47266881028938906,-10.0,27904.819635419964,0.0,27894.819635419964,0,,27203.219
2022-11-04 00:00:00+00:00,131.39,130.01,135.31165,61.28051,4.560711,0.47266881028938906,-10.0,28232.727399227962,0.0,28222.727399227962,0,,27522.883
2022-11-07 00:00:00+00:00,130.14,128.87,135.2505,57.525085,4.5957108,0.47266881028938906,-10.0,27985.167077351245,0.0,27975.167077351245,0,,27281.547
2022-11-08 00:00:00+00:00,129.42,130.83,135.18355,50.59027,4.5335684,0.47266881028938906,-10.0,28410.799024439104,0.0,28400.799024439104,0,,27696.477
2022-11-09 00:00:00+00:00,129.23,129.89,135.1353,54.30653,4.563568,0.47266881028938906,-10.0,28206.669629740783,0.0,28196.669629740783,0,,27497.48
2022-11-10 00:00:00+00:00,135.09,136.62,135.0728,57.100346,4.4235687,0.47266881028938906,-10.0,29668.141983819183,0.0,29658.141983819183,0,,28922.207
2022-11-11 00:00:00+00:00,138.5,140.63,135.0318,60.53971,4.524283,0.47266881028938906,-10.0,30538.949184622223,0.0,30528.949184622223,0,,29771.121
2022-11-14 00:00:00+00:00,140.04,138.76,135.0487,67.25329,4.6035695,0.47266881028938906,-10.0,30132.861202537177,0.0,30122.861202537177,0,,29375.244
2022-11-15 00:00:00+00:00,140.5,138.54,135.02554,63.164715,4.571427,0.25,-10.0,30085.086046755223,0.0,30075.086046755223,0,,29328.668
2022-11-16 00:00:00+00:00,137.39,138.38,134.9927,64.05785,4.382141,0.47266881028938906,-10.0,30050.34258620993,0.0,30040.34258620993,0,,29294.799
2022-11-17 00:00:00+00:00,135.85,137.96,134.956,59.16791,4.255712,0.47266881028938906,-10.0,29959.13594651283,0.0,29949.13594651283,0,,29205.885
2022-11-18 00:00:00+00:00,139.98,139.51,134.92285,56.302216,4.2149987,0.47266881028938906,-10.0,30295.72680001499,0.0,30285.72680001499,0,,29534.014
2022-11-21 00:00:00+00:00,139.11,137.91,134.89964,57.79245,4.152856,0.47266881028938906,-10.0,29948.27574585651,0.0,29938.27574585651,0,,29195.299
2022-11-22 00:00:00+00:00,138.63,139.99,134.8617,57.623398,4.0899987,0.47266881028938906,-10.0,30399.966401489215,0.0,30389.966401489215,0,,29635.633
2022-11-23 00:00:00+00:00,140.09,138.54,134.81845,70.18099,3.9192853,0.47266881028938906,-10.0,30085.084280324536,0.0,30075.084280324536,0,,29328.666
2022-11-25 00:00:00+00:00,138.3,138.25,134.74425,69.57877,3.8535712,0.47266881028938906,-10.0,30022.110304799848,0.0,30012.110304799848,0,,29267.275
2022-11-28 00:00:00+00:00,136.4,137.0,134.6698,66.87143,3.6264288,0.47266881028938906,-10.0,29750.662170707397,0.0,29740.662170707397,0,,29002.652
2022-11-29 00:00:00+00:00,137.19,138.75,134.5838,66.571556,3.5171432,0.47266881028938906,-10.0,30130.68975743454,0.0,30120.68975743454,0,,29373.127
2022-11-30 00:00:00+00:00,139.2,142.62,134.5299,66.2829,3.4264286,0.47266881028938906,-10.0,30971.09116912358,0.0,30961.09116912358,0,,30192.396
2022-12-01 00:00:00+00:00,143.12,142.3,134.48586,73.3578,3.4985712,0.47266881028938906,-10.0,30901.601404857607,0.0,30891.601404857607,0,,30124.654
2022-12-02 00:00:00+00:00,140.3,141.42,134.40735,63.62767,3.1092856,0.47266881028938906,-10.0,30710.500935592732,0.0,30700.500935592732,0,,29938.36
2022-12-05 00:00:00+00:00,140.81,139.14,134.33275,52.230362,2.845,0.47266881028938906,-10.0,30215.381253902768,0.0,30205.381253902768,0,,29455.688
2022-12-06 00:00:00+00:00,139.1,137.57,134.26324,51.04858,2.8242853,0.47266881028938906,-10.0,29874.44548937239,0.0,29864.44548937239,0,,29123.326
2022-12-07 00:00:00+00:00,136.1,134.32,134.19905,47.509018,2.7742856,0.47266881028938906,-10.0,29168.680817560435,0.0,29158.680817560435,0,,28435.307
2022-12-08 00:00:00+00:00,135.31,137.16,134.13486,41.001766,2.8371441,0.6153846153846154,-10.0,29785.410443406177,0.0,29775.410443406177,0,,29036.53
2022-12-09 00:00:00+00:00,136.83,137.43,134.1038,48.398712,2.8492868,0.47266881028938906,-10.0,29844.03956247355,0.0,29834.03956247355,0,,29093.686
2022-12-12 00:00:00+00:00,137.46,138.75,134.0605,45.611805,2.7542865,0.47266881028938906,-10.0,30130.689499582022,0.0,30120.689499582022,0,,29373.129
2022-12-13 00:00:00+00:00,140.69,138.11,134.0009,51.79333,2.7350006,0.47266881028938906,-10.0,29991.707938618383,0.0,29981.707938618383,0,,29237.643
2022-12-14 00:00:00+00:00,137.1,136.05,133.94714,45.72337,2.9371426,0.6153846153846154,-10.0,29544.362266387445,0.0,29534.362266387445,0,,28801.543
2022-12-15 00:00:00+00:00,134.59,133.25,133.91655,44.488724,3.01,0.6153846153846154,-10.0,28936.318344566676,0.0,28926.318344566676,0,,28208.787
2022-12-16 00:00:00+00:00,132.16,130.99,133.85326,40.03983,3.1578565,0.47266881028938906,-10.0,28445.542144196796,0.0,28435.542144196796,0,,27730.35
2022-12-19 00:00:00+00:00,131.07,129.9,133.79816,38.490997,3.1585715,0.6153846153846154,-10.0,28208.836978500105,0.0,28198.836978500105,0,,27499.598
2022-12-20 00:00:00+00:00,129.9,129.49,133.75931,32.61294,3.2035718,0.6153846153846154,-10.0,28119.80466612566,0.0,28109.80466612566,0,,27412.803
2022-12-21 00:00:00+00:00,130.07,127.25,133.7613,20.14551,3.0571442,0.6153846153846154,-10.0,27633.368645428207,0.0,27623.368645428207,0,,26938.598
2022-12-22 00:00:00+00:00,126.32,125.94,133.72795,18.52779,3.2414305,0.6153846153846154,-10.0,27348.892073214807,0.0,27338.892073214807,0,,26661.275
2022-12-23 00:00:00+00:00,125.53,126.43,133.66505,18.200478,3.2957158,0.47266881028938906,-10.0,27455.299851416577,0.0,27445.299851416577,0,,26765.008
2022-12-27 00:00:00+00:00,126.5,125.74,133.5825,21.81816,3.260716,0.6153846153846154,-10.0,27305.46035359434,0.0,27295.46035359434,0,,26618.936
2022-12-28 00:00:00+00:00,125.75,124.02,133.50235,22.704166,3.1100018,0.5953441889332146,-10.0,26931.948208950766,0.0,26921.948208950766,0,,26254.816
2022-12-29 00:00:00+00:00,124.49,126.04,133.41466,24.42896,3.0235727,0.47266881028938906,-10.0,27370.607282749083,0.0,27360.607282749083,0,,26682.445
2022-12-30 00:00:00+00:00,125.04,126.36,133.32365,21.221525,2.9885728,0.6153846153846154,-10.0,27440.09904990616,0.0,27430.09904990616,0,,26750.19
2023-01-03 00:00:00+00:00,127.77,125.03,133.2015,21.42492,2.9971445,0.47266881028938906,-10.0,27151.277611884267,0.0,27141.277611884267,0,,26468.629
2023-01-04 00:00:00+00:00,126.47,127.84,133.07095,14.602689,3.087145,0.6153846153846154,-10.0,27761.489743404603,0.0,27751.489743404603,0,,27063.5
2023-01-05 00:00:00+00:00,127.13,126.84,132.9512,26.171688,2.9600024,0.7594236986716725,-10.0,27544.33173173178,0.0,27534.33173173178,0,,26851.803
2023-01-06 00:00:00+00:00,127.85,130.25,132.83365,27.525612,2.845003,0.6153846153846154,-10.0,28284.842288525426,0.0,28274.842288525426,0,,27573.695
2023-01-09 00:00:00+00:00,128.89,129.08,132.7278,42.891,2.8107173,0.6153846153846154,-10.0,28030.76752683122,0.0,28020.76752683122,0,,27326.01
2023-01-10 00:00:00+00:00,128.89,129.46,132.63115,45.22738,2.7492888,0.6153846153846154,-10.0,28113.289899415875,0.0,28103.289899415875,0,,27406.457
2023-01-11 00:00:00+00:00,130.58,134.44,132.519,48.860138,2.6757176,0.47266881028938906,-10.0,29194.735270455112,0.0,29184.735270455112,0,,28460.713
2023-01-12 00:00:00+00:00,134.22,135.0,132.4337,60.368652,2.9164302,0.8,-10.0,29316.343341760894,0.0,29306.343341760894,0,,28579.264
2023-01-13 00:00:00+00:00,134.47,136.88,132.3553,67.46282,2.7928586,0.5174130496242207,-10.0,29724.600100551048,0.0,29714.600100551048,0,,28977.256
2023-01-17 00:00:00+00:00,136.68,136.19,132.26315,74.03339,2.7814298,0.47266881028938906,-10.0,29574.760067240164,0.0,29564.760067240164,0,,28831.184
2023-01-18 00:00:00+00:00,137.61,134.53,132.17834,71.25435,2.7885737,0.47266881028938906,-10.0,29214.27769877389,0.0,29204.27769877389,0,,28479.764
2023-01-19 00:00:00+00:00,133.17,135.06,132.0923,68.36606,2.937859,0.47266881028938906,-10.0,29329.371102755704,0.0,29319.371102755704,0,,28591.965
2023-01-20 00:00:00+00:00,135.51,138.72,132.01405,74.27439,2.9557164,0.47266881028938906,-10.0,30124.171617520828,0.0,30114.171617520828,0,,29366.781
2023-01-23 00:00:00+00:00,138.86,140.0,131.94595,76.004906,3.0721447,0.6153846153846154,-10.0,30402.132067658797,0.0,30392.132067658797,0,,29637.754
2023-01-24 00:00:00+00:00,140.0,140.24,131.8882,76.913956,3.1135728,0.47266881028938906,-10.0,30454.25192607452,0.0,30444.25192607452,0,,29688.562
2023-01-25 00:00:00+00:00,138.65,142.27,131.86134,81.36082,2.9692867,0.47266881028938906,-10.0,30895.084117616603,0.0,30885.084117616603,0,,30118.312
2023-01-26 00:00:00+00:00,143.12,144.06,131.84496,80.74136,3.0314305,0.47266881028938906,-10.0,31283.79698428359,0.0,31273.79698428359,0,,30497.254
2023-01-27 00:00:00+00:00,144.06,144.71,131.83784,85.49051,3.0257154,0.47266881028938906,-10.0,31424.951716493644,0.0,31414.951716493644,0,,30634.86
2023-01-30 00:00:00+00:00,143.19,142.92,131.8429,83.6279,2.885715,0.47266881028938906,-10.0,31036.236605487116,0.0,31026.236605487116,0,,30255.916
2023-01-31 00:00:00+00:00,142.91,145.09,131.8331,81.28386,2.9107153,0.47266881028938906,-10.0,31507.470014859813,0.0,31497.470014859813,0,,30715.3
2023-02-01 00:00:00+00:00,144.53,147.38,131.7889,82.68502,2.9764295,0.47266881028938906,-10.0,32004.762179420064,0.0,31994.762179420064,0,,31200.09
2023-02-02 00:00:00+00:00,148.48,147.09,131.7479,80.49007,2.8692877,0.47266881028938906,-10.0,31941.7836006981,0.0,31931.7836006981,0,,31138.693
2023-02-03 00:00:00+00:00,145.0,146.82,131.7005,78.85435,2.8550012,0.47266881028938906,-10.0,31883.153657209055,0.0,31873.153657209055,0,,31081.54
2023-02-06 00:00:00+00:00,145.53,146.23,131.6189,75.698006,2.8535724,0.47266881028938906,-10.0,31755.027864304993,0.0,31745.027864304993,0,,30956.633
2023-02-07 00:00:00+00:00,145.51,148.19,131.5355,76.09141,2.8414285,0.47266881028938906,-10.0,32180.657488192395,0.0,32170.657488192395,0,,31371.562
2023-02-08 00:00:00+00:00,147.04,147.28,131.49165,84.95388,2.845,0.47266881028938906,-10.0,31983.04351947905,0.0,31973.04351947905,0,,31178.918
2023-02-09 00:00:00+00:00,149.75,150.8,131.4613,80.67262,2.807142,0.47266881028938906,-10.0,32747.439284441884,0.0,32737.439284441884,0,,31924.096
2023-02-10 00:00:00+00:00,150.5,147.17,131.43561,80.53583,2.8978565,0.47266881028938906,-10.0,31959.15491758279,0.0,31949.15491758279,0,,31155.629
2023-02-13 00:00:00+00:00,147.93,149.0,131.41286,66.199684,3.1842859,0.47266881028938906,-10.0,32356.554282328187,0.0,32346.554282328187,0,,31543.037
2023-02-14 00:00:00+00:00,148.55,151.37,131.37254,68.465385,3.2342856,0.6153846153846154,-10.0,32871.21686774603,0.0,32861.21686774603,0,,32044.762
2023-02-15 00:00:00+00:00,151.2,152.76,131.3233,68.911,3.2578561,0.5250986802990659,-10.0,33173.0670324622,0.0,33163.0670324622,0,,32339.021
2023-02-16 00:00:00+00:00,150.29,148.28,131.31065,68.385414,3.2571423,0.47266881028938906,-10.0,32200.199336193982,0.0,32190.199336193982,0,,31390.615
2023-02-17 00:00:00+00:00,147.57,146.34,131.275,56.493248,3.4557135,0.47266881028938906,-10.0,31778.911301582484,0.0,31768.911301582484,0,,30979.92
2023-02-21 00:00:00+00:00,144.58,144.08,131.2619,56.186676,3.5092838,0.47266881028938906,-10.0,31288.135456506792,0.0,31278.135456506792,0,,30501.482
2023-02-22 00:00:00+00:00,144.24,143.91,131.22536,48.17888,3.4821408,0.47266881028938906,-10.0,31251.219400746315,0.0,31241.219400746315,0,,30465.496
2023-02-23 00:00:00+00:00,144.77,145.39,131.19545,43.225304,3.3271408,0.47266881028938906,-10.0,31572.61273533799,0.0,31562.61273533799,0,,30778.809
2023-02-24 00:00:00+00:00,143.71,144.79,131.205,46.828365,3.3628552,0.6153846153846154,-10.0,31442.31739980934,0.0,31432.31739980934,0,,30651.79
2023-02-27 00:00:00+00:00,145.95,145.09,131.2624,46.25873,3.3271408,0.47266881028938906,-10.0,31507.465147650946,0.0,31497.465147650946,0,,30715.299
2023-02-28 00:00:00+00:00,144.91,144.51,131.2989,47.876305,3.3564267,0.6153846153846154,-10.0,31381.513907286782,0.0,31371.513907286782,0,,30592.514
2023-03-01 00:00:00+00:00,144.27,145.5,131.3489,42.772964,3.1928546,0.6153846153846154,-10.0,31596.49985504164,0.0,31586.49985504164,0,,30802.096
2023-03-02 00:00:00+00:00,145.09,146.19,131.41425,46.515274,3.1971414,0.6153846153846154,-10.0,31746.33882245237,0.0,31736.33882245237,0,,30948.166
2023-03-03 00:00:00+00:00,147.64,147.58,131.46225,39.85029,2.988569,0.6153846153846154,-10.0,32048.187232162156,0.0,32038.187232162156,0,,31242.426
2023-03-06 00:00:00+00:00,147.86,148.64,131.5359,51.001476,2.6928537,0.47266881028938906,-10.0,32278.372660891808,0.0,32268.372660891808,0,,31466.822
2023-03-07 00:00:00+00:00,149.02,146.99,131.6037,49.086292,2.679997,0.47266881028938906,-10.0,31920.06367272318,0.0,31910.06367272318,0,,31117.523
2023-03-08 00:00:00+00:00,146.79,147.44,131.69534,38.461563,2.5921402,0.47266881028938906,-10.0,32017.78419502905,0.0,32007.78419502905,0,,31212.785
2023-03-09 00:00:00+00:00,148.71,142.41,131.774,35.255005,2.554997,0.47266881028938906,-10.0,30925.47978451162,0.0,30915.47978451162,0,,30147.943
2023-03-10 00:00:00+00:00,141.66,140.55,131.83466,34.211952,2.699997,0.99,-10.0,30521.566181814895,0.0,30511.566181814895,0,,29754.186
2023-03-13 00:00:00+00:00,139.22,137.54,131.87566,34.359818,2.8464258,0.47266881028938906,-10.0,29867.91788110004,0.0,29857.91788110004,0,,29116.97
2023-03-14 00:00:00+00:00,140.1,139.07,131.92195,33.021793,2.9807117,0.6153846153846154,-10.0,30200.172603813597,0.0,30190.172603813597,0,,29440.873
2023-03-15 00:00:00+00:00,135.71,135.83,131.9586,38.263844,3.0635693,0.8,-10.0,29496.579023945957,0.0,29486.579023945957,0,,28754.969
2023-03-16 00:00:00+00:00,134.87,138.33,131.9454,28.641684,3.229999,0.8912700235241403,-10.0,30039.47294846861,0.0,30029.47294846861,0,,29284.213
2023-03-17 00:00:00+00:00,137.94,136.54,131.9258,36.696903,3.3735712,0.8,-10.0,29650.758900938938,0.0,29640.758900938938,0,,28905.273
2023-03-20 00:00:00+00:00,136.94,138.03,131.9042,33.41096,3.4464285,0.6153846153846154,-10.0,29974.32392156582,0.0,29964.32392156582,0,,29220.703
2023-03-21 00:00:00+00:00,140.16,140.86,131.90225,37.8561,3.508572,0.6153846153846154,-10.0,30588.88166121346,0.0,30578.88166121346,0,,29819.809
2023-03-22 00:00:00+00:00,140.76,137.64,131.8951,41.865368,3.623572,0.8,-10.0,29889.632876748354,0.0,29879.632876748354,0,,29138.14
2023-03-23 00:00:00+00:00,138.2,135.67,131.87245,36.231895,3.6664298,0.8,-10.0,29461.831990487193,0.0,29451.831990487193,0,,28721.096
2023-03-24 00:00:00+00:00,134.22,131.83,131.8287,31.172953,3.9292874,0.8,-10.0,28627.946618752412,0.0,28617.946618752412,0,,27908.178
2023-03-27 00:00:00+00:00,133.45,132.3,131.76875,25.573988,4.16643,0.47266881028938906,-10.0,28730.01075138646,0.0,28720.01075138646,0,,28007.674
2023-03-28 00:00:00+00:00,132.0,132.51,131.7267,27.896503,4.115001,0.6400021803786364,-10.0,28775.613084116125,0.0,28765.613084116125,0,,28052.129
2023-03-29 00:00:00+00:00,134.04,135.91,131.71025,27.371944,4.1035724,0.6153846153846154,-10.0,29513.95181500116,0.0,29503.95181500116,0,,28771.906
2023-03-30 00:00:00+00:00,137.56,137.46,131.75246,39.636494,3.8878589,0.6153846153846154,-10.0,29850.54761923821,0.0,29840.54761923821,0,,29100.04
2023-03-31 00:00:00+00:00,139.01,140.87,131.8355,45.02417,3.7200012,0.6153846153846154,-10.0,30591.053005581285,0.0,30581.053005581285,0,,29821.928
2023-04-03 00:00:00+00:00,140.62,139.57,131.94415,55.294117,3.6807153,0.6153846153846154,-10.0,30308.749923735697,0.0,30298.749923735697,0,,29546.723
2023-04-04 00:00:00+00:00,140.06,139.0,132.03255,50.80077,3.614285,0.47266881028938906,-10.0,30184.96745374637,0.0,30174.96745374637,0,,29426.053
2023-04-05 00:00:00+00:00,138.3,139.49,132.15045,55.55166,3.3428552,0.47266881028938906,-10.0,30291.377224895787,0.0,30281.377224895787,0,,29529.785
2023-04-06 00:00:00+00:00,139.82,140.63,132.2665,52.185387,3.2028546,0.6153846153846154,-10.0,30538.937481425495,0.0,30528.937481425495,0,,29771.123
2023-04-10 00:00:00+00:00,139.9,141.0,132.39745,57.898827,3.0792835,0.47266881028938906,-10.0,30619.283869075873,0.0,30609.283869075873,0,,29849.447
2023-04-11 00:00:00+00:00,141.62,141.75,132.54234,55.99516,3.0828552,0.47266881028938906,-10.0,30782.15146835315,0.0,30772.15146835315,0,,30008.22
2023-04-12 00:00:00+00:00,142.71,138.36,132.6985,51.961216,2.9414258,0.47266881028938906,-10.0,30045.98552877761,0.0,30035.98552877761,0,,29290.564
2023-04-13 00:00:00+00:00,139.44,142.41,132.80675,51.574806,3.0642831,0.47266881028938906,-10.0,30925.476096060618,0.0,30915.476096060618,0,,30147.943
2023-04-14 00:00:00+00:00,142.41,144.31,132.93365,63.512447,2.9571402,0.47266881028938906,-10.0,31338.07344638607,0.0,31328.07344638607,0,,30550.168
2023-04-17 00:00:00+00:00,144.78,145.15,133.0788,77.13044,2.7014258,0.47266881028938906,-10.0,31520.484574697246,0.0,31510.484574697246,0,,30727.992
2023-04-18 00:00:00+00:00,146.23,147.02,133.23926,77.492516,2.6364255,0.47266881028938906,-10.0,31926.572608545204,0.0,31916.572608545204,0,,31123.87
2023-04-19 00:00:00+00:00,146.62,146.99,133.41714,78.98524,2.7549973,0.47266881028938906,-10.0,31920.058735323386,0.0,31910.058735323386,0,,31117.52
2023-04-20 00:00:00+00:00,146.72,147.01,133.58714,75.57712,2.6378543,0.47266881028938906,-10.0,31924.400431468563,0.0,31914.400431468563,0,,31121.752
2023-04-21 00:00:00+00:00,147.3,148.02,133.76205,73.72082,2.5542831,0.47266881028938906,-10.0,32143.733480535444,0.0,32133.733480535444,0,,31335.57
2023-04-24 00:00:00+00:00,148.58,148.45,133.9534,70.1636,2.4364254,0.47266881028938906,-10.0,32237.111385568933,0.0,32227.111385568933,0,,31426.602
2023-04-25 00:00:00+00:00,148.0,146.33,134.12614,76.33449,2.4185693,0.6153846153846154,-10.0,31776.73785111586,0.0,31766.73785111586,0,,30977.803
2023-04-26 00:00:00+00:00,147.5,141.34,134.29985,69.90768,2.490713,0.6153846153846154,-10.0,30693.117121900817,0.0,30683.117121900817,0,,29921.428
2023-04-27 00:00:00+00:00,142.21,141.74,134.4486,54.03752,2.981428,0.47266881028938906,-10.0,30779.983178055907,0.0,30769.983178055907,0,,30006.107
2023-04-28 00:00:00+00:00,141.37,144.02,134.5941,52.503384,3.0821414,0.47266881028938906,-10.0,31275.102104831043,0.0,31265.102104831043,0,,30488.78
2023-05-01 00:00:00+00:00,143.46,144.45,134.7436,56.27077,3.1685693,0.47266881028938906,-10.0,31368.476945116283,0.0,31358.476945116283,0,,30579.809
2023-05-02 00:00:00+00:00,145.09,145.96,134.8993,55.681812,3.2907126,0.47266881028938906,-10.0,31696.38614570323,0.0,31686.38614570323,0,,30899.473
2023-05-03 00:00:00+00:00,146.38,145.73,135.0474,67.36747,3.2228558,0.47266881028938906,-10.0,31646.43810563984,0.0,31636.43810563984,0,,30850.78
2023-05-04 00:00:00+00:00,145.25,142.62,135.18895,59.191555,3.164285,0.47266881028938906,-10.0,30971.076311445664,0.0,30961.076311445664,0,,30192.398
2023-05-05 00:00:00+00:00,144.66,144.61,135.295,45.614944,3.2857132,0.47266881028938906,-10.0,31403.222209799966,0.0,31393.222209799966,0,,30613.68
2023-05-08 00:00:00+00:00,145.0,145.55,135.4046,48.677784,3.3392847,0.375,-10.0,31607.350820965963,0.0,31597.350820965963,0,,30812.676
2023-05-09 00:00:00+00:00,145.63,145.72,135.5225,46.228836,3.231428,0.47266881028938906,-10.0,31644.268605578596,0.0,31634.268605578596,0,,30848.666
2023-05-10 00:00:00+00:00,146.26,142.41,135.64696,46.76515,3.277856,0.47266881028938906,-10.0,30925.475572981974,0.0,30915.475572981974,0,,30147.943
2023-05-11 00:00:00+00:00,141.45,141.7,135.74805,39.96513,3.664285,0.47266881028938906,-10.0,30771.29257835986,0.0,30761.29257835986,0,,29997.637
2023-05-12 00:00:00+00:00,141.55,141.58,135.85545,36.03006,3.655001,0.47266881028938906,-10.0,30745.235349695653,0.0,30735.235349695653,0,,29972.236
2023-05-15 00:00:00+00:00,141.98,143.26,135.9171,34.603348,3.643572,0.47266881028938906,-10.0,31110.05749676384,0.0,31100.05749676384,0,,30327.885
2023-05-16 00:00:00+00:00,143.02,142.47,135.9934,42.981243,3.6092868,0.47266881028938906,-10.0,30938.504714742638,0.0,30928.504714742638,0,,30160.646
2023-05-17 00:00:00+00:00,143.79,144.2,136.0654,53.19752,3.0642865,0.47266881028938906,-10.0,31314.18778006803,0.0,31304.18778006803,0,,30526.883
2023-05-18 00:00:00+00:00,143.72,146.25,136.14294,56.473663,3.1021435,0.47266881028938906,-10.0,31759.363520536506,0.0,31749.363520536506,0,,30960.867
2023-05-19 00:00:00+00:00,145.78,144.18,136.2308,55.94032,3.1042862,0.47266881028938906,-10.0,31309.844736271156,0.0,31299.844736271156,0,,30522.648
2023-05-22 00:00:00+00:00,144.04,143.55,136.29684,49.33855,3.0414288,0.47266881028938906,-10.0,31173.038320469997,0.0,31163.038320469997,0,,30389.283
2023-05-23 00:00:00+00:00,141.98,137.71,136.35934,43.829994,2.865,0.47266881028938906,-10.0,29904.835781900412,0.0,29894.835781900412,0,,29152.965
2023-05-24 00:00:00+00:00,136.66,136.85,136.3963,34.049335,3.0892856,0.375,-10.0,29718.079572514253,0.0,29708.079572514253,0,,28970.904
2023-05-25 00:00:00+00:00,137.8,139.93,136.42696,37.39626,2.9671435,0.47266881028938906,-10.0,30386.92171545053,0.0,30376.92171545053,0,,29622.932
2023-05-26 00:00:00+00:00,140.0,138.09,136.46935,40.241837,3.018572,0.6153846153846154,-10.0,29987.352514002236,0.0,29977.352514002236,0,,29233.408
2023-05-30 00:00:00+00:00,138.16,136.08,136.4915,35.008,3.123572,0.6153846153846154,-10.0,29550.865826739617,0.0,29540.865826739617,0,,28807.895
2023-05-31 00:00:00+00:00,136.32,136.12,136.49844,31.961048,3.1914291,0.8,-10.0,29559.549375221428,0.0,29549.549375221428,0,,28816.361
2023-06-01 00:00:00+00:00,136.58,137.67,136.49185,36.58844,2.8692868,0.47266881028938906,-10.0,29896.14368453598,0.0,29886.14368453598,0,,29144.492
2023-06-02 00:00:00+00:00,138.61,142.8,136.4951,41.70439,2.9878573,0.6153846153846154,-10.0,31010.16475616439,0.0,31000.16475616439,0,,30230.506
2023-06-05 00:00:00+00:00,142.37,142.57,136.514,52.081917,3.257857,0.8,-10.0,30960.218646390214,0.0,30950.218646390214,0,,30181.816
2023-06-06 00:00:00+00:00,142.73,144.6,136.53955,48.761242,3.2485712,0.47266881028938906,-10.0,31401.04869060758,0.0,31391.04869060758,0,,30611.562
2023-06-07 00:00:00+00:00,144.95,142.63,136.5687,53.661064,3.364999,0.47266881028938906,-10.0,30973.24789826137,0.0,30963.24789826137,0,,30194.52
2023-06-08 00:00:00+00:00,142.35,142.88,136.60445,47.32357,3.4014282,0.47266881028938906,-10.0,31027.53576865037,0.0,31017.53576865037,0,,30247.443
2023-06-09 00:00:00+00:00,142.94,141.53,136.66095,43.879406,3.277857,0.47266881028938906,-10.0,30734.371219177654,0.0,30724.371219177654,0,,29961.648
2023-06-12 00:00:00+00:00,142.72,142.67,136.7072,45.05782,3.2557144,0.47266881028938906,-10.0,30981.932045587542,0.0,30971.932045587542,0,,30202.984
2023-06-13 00:00:00+00:00,143.37,143.29,136.75404,48.389446,3.278572,0.47266881028938906,-10.0,31116.568847162947,0.0,31106.568847162947,0,,30334.236
2023-06-14 00:00:00+00:00,143.72,143.55,136.7901,62.624416,2.9100003,0.47266881028938906,-10.0,31173.03309140842,0.0,31163.03309140842,0,,30389.281
2023-06-15 00:00:00+00:00,142.15,140.67,136.8524,65.5814,2.9464285,0.47266881028938906,-10.0,30547.616489543794,0.0,30537.616489543794,0,,29779.586
2023-06-16 00:00:00+00:00,142.24,140.81,136.9084,51.737103,3.0614285,0.47266881028938906,-10.0,30578.019871138356,0.0,30568.019871138356,0,,29809.225
2023-06-20 00:00:00+00:00,139.97,139.63,136.9783,56.938778,3.0321426,0.47266881028938906,-10.0,30321.774369753453,0.0,30311.774369753453,0,,29559.422
2023-06-21 00:00:00+00:00,139.57,141.15,137.03966,59.456585,2.9400003,0.47266881028938906,-10.0,30651.852193168586,0.0,30641.852193168586,0,,29881.201
2023-06-22 00:00:00+00:00,141.15,141.07,137.10706,62.41975,2.972143,0.6153846153846154,-10.0,30634.482972983278,0.0,30624.482972983278,0,,29864.268
2023-06-23 00:00:00+00:00,138.83,137.11,137.17496,59.052216,2.8614285,0.47266881028938906,-10.0,29774.535518202505,0.0,29764.535518202505,0,,29025.941
2023-06-26 00:00:00+00:00,137.1,138.34,137.22615,33.844387,2.7742865,0.47266881028938906,-10.0,30041.638608649846,0.0,30031.638608649846,0,,29286.328
2023-06-27 00:00:00+00:00,138.96,141.35,137.26195,38.635105,2.847143,0.47266881028938906,-10.0,30695.286970672576,0.0,30685.286970672576,0,,29923.541
2023-06-28 00:00:00+00:00,141.34,141.92,137.30385,41.70495,2.893572,0.47266881028938906,-10.0,30819.065489391884,0.0,30809.065489391884,0,,30044.207
2023-06-29 00:00:00+00:00,140.99,143.92,137.3339,48.04836,2.7049997,0.47266881028938906,-10.0,31253.38148626454,0.0,31243.38148626454,0,,30467.604
2023-06-30 00:00:00+00:00,144.5,145.55,137.37025,52.607807,2.8228564,0.47266881028938906,-10.0,31607.34843940689,0.0,31597.34843940689,0,,30812.672
2023-07-03 00:00:00+00:00,144.49,145.48,137.4457,59.94067,2.8185709,0.47266881028938906,-10.0,31592.145005064387,0.0,31582.145005064387,0,,30797.852
2023-07-05 00:00:00+00:00,145.08,145.0,137.49895,57.33681,2.8178558,0.375,-10.0,31487.90940442866,0.0,31477.90940442866,0,,30696.236
2023-07-06 00:00:00+00:00,142.89,145.7,137.54774,54.49765,2.8571408,0.47266881028938906,-10.0,31639.921021511156,0.0,31629.921021511156,0,,30844.426
2023-07-07 00:00:00+00:00,145.83,148.32,137.62225,55.52698,2.8985693,0.47266881028938906,-10.0,32208.87781701416,0.0,32198.87781701416,0,,31399.078
2023-07-10 00:00:00+00:00,148.25,152.14,137.70235,69.9323,2.8607123,0.47266881028938906,-10.0,33038.41900471635,0.0,33028.41900471635,0,,32207.764
2023-07-11 00:00:00+00:00,152.97,152.16,137.80466,74.77047,2.959998,0.47266881028938906,-10.0,33042.7631552789,0.0,33032.7631552789,0,,32211.998
2023-07-12 00:00:00+00:00,153.55,151.03,137.9423,78.85768,3.0414264,0.47266881028938906,-10.0,32797.37303362034,0.0,32787.37303362034,0,,31972.777
2023-07-13 00:00:00+00:00,152.12,151.89,138.10036,73.17074,3.0592837,0.47266881028938906,-10.0,32984.13013535843,0.0,32974.13013535843,0,,32154.84
2023-07-14 00:00:00+00:00,151.82,147.78,138.26814,74.4796,3.0342844,0.47266881028938906,-10.0,32091.60997812081,0.0,32081.60997812081,0,,31284.76
2023-07-17 00:00:00+00:00,147.03,149.0,138.41965,73.97751,3.037855,0.47266881028938906,-10.0,32356.541677659618,0.0,32346.541677659618,0,,31543.031
2023-07-18 00:00:00+00:00,148.16,149.97,138.5738,73.96581,3.037142,0.47266881028938906,-10.0,32567.183388539062,0.0,32557.183388539062,0,,31748.375
2023-07-19 00:00:00+00:00,149.77,148.92,138.7053,71.33661,2.9449985,0.47266881028938906,-10.0,32339.16751096132,0.0,32329.16751096132,0,,31526.094
2023-07-20 00:00:00+00:00,148.7,149.29,138.8406,66.924545,2.9357135,0.47266881028938906,-10.0,32419.51611340686,0.0,32409.51611340686,0,,31604.422
2023-07-21 00:00:00+00:00,150.48,151.84,138.98395,64.09446,2.8099997,0.47266881028938906,-10.0,32973.27072517433,0.0,32963.27072517433,0,,32144.254
2023-07-24 00:00:00+00:00,151.54,150.46,139.13431,65.7486,2.8878577,0.47266881028938906,-10.0,32673.594584216025,0.0,32663.594584216025,0,,31852.111
2023-07-25 00:00:00+00:00,147.68,151.13,139.25674,61.701153,2.9307153,0.47266881028938906,-10.0,32819.088264704944,0.0,32809.088264704944,0,,31993.947
2023-07-26 00:00:00+00:00,151.7,150.26,139.3828,64.27574,3.0892868,0.47266881028938906,-10.0,32630.159400482567,0.0,32620.159400482567,0,,31809.77
2023-07-27 00:00:00+00:00,152.1,152.64,139.51735,60.53603,3.2292874,0.47266881028938906,-10.0,33146.99564427685,0.0,33136.99564427685,0,,32313.611
2023-07-28 00:00:00+00:00,153.89,154.17,139.6737,60.093433,3.1985736,0.47266881028938906,-10.0,33479.24766770593,0.0,33469.24766770593,0,,32637.51
2023-07-31 00:00:00+00:00,154.87,155.49,139.8429,55.311348,3.0992877,0.6153846153846154,-10.0,33765.89594179833,0.0,33755.89594179833,0,,32916.953
2023-08-01 00:00:00+00:00,154.7,154.57,140.03094,58.157764,3.0171454,0.47266881028938906,-10.0,33566.11075738785,0.0,33556.11075738785,0,,32722.19
2023-08-02 00:00:00+00:00,153.4,153.24,140.1988,58.762394,2.9750028,0.47266881028938906,-10.0,33277.290267210185,0.0,33267.290267210185,0,,32440.63
2023-08-03 00:00:00+00:00,150.81,150.66,140.3495,53.265614,3.0357165,0.375,-10.0,32717.022321091586,0.0,32707.022321091586,0,,31894.45
2023-08-04 00:00:00+00:00,151.99,151.35,140.4899,57.523518,3.080003,0.47266881028938906,-10.0,32866.863067083534,0.0,32856.863067083534,0,,32040.525
2023-08-07 00:00:00+00:00,151.53,153.48,140.6146,56.31382,3.1121457,0.47266881028938906,-10.0,33329.40673575711,0.0,33319.40673575711,0,,32491.438
2023-08-08 00:00:00+00:00,152.4,153.73,140.739,58.87707,3.0950034,0.47266881028938906,-10.0,33383.696197565005,0.0,33373.696197565005,0,,32544.363
2023-08-09 00:00:00+00:00,154.29,154.19,140.86415,62.677906,3.1464322,0.47266881028938906,-10.0,33483.58930953961,0.0,33473.58930953961,0,,32641.744
2023-08-10 00:00:00+00:00,155.73,155.38,141.00235,62.85416,3.167146,0.47266881028938906,-10.0,33742.00656488029,0.0,33732.00656488029,0,,32893.664
2023-08-11 00:00:00+00:00,154.47,154.84,141.12311,60.00002,3.1292877,0.47266881028938906,-10.0,33624.73866305528,0.0,33614.73866305528,0,,32779.344
2023-08-14 00:00:00+00:00,154.42,155.32,141.24416,62.98927,3.0750024,0.47266881028938906,-10.0,33728.976616352506,0.0,33718.976616352506,0,,32880.96
2023-08-15 00:00:00+00:00,154.63,153.66,141.36755,62.56746,2.8942883,0.47266881028938906,-10.0,33368.49314471445,0.0,33358.49314471445,0,,32529.543
2023-08-16 00:00:00+00:00,152.97,153.7,141.4859,59.736546,2.657146,0.47266881028938906,-10.0,33377.176757124864,0.0,33367.176757124864,0,,32538.008
2023-08-17 00:00:00+00:00,154.5,149.79,141.5874,53.505276,2.503574,0.6153846153846154,-10.0,32528.087989193154,0.0,32518.087989193154,0,,31710.268
2023-08-18 00:00:00+00:00,148.69,150.8,141.66315,37.48572,2.6678598,0.47266881028938906,-10.0,32747.419520829004,0.0,32737.419520829004,0,,31924.084
2023-08-21 00:00:00+00:00,150.8,149.0,141.74084,36.358368,2.732859,0.47266881028938906,-10.0,32356.53431759733,0.0,32346.53431759733,0,,31543.025
2023-08-22 00:00:00+00:00,149.38,149.99,141.81715,34.587727,2.799288,0.47266881028938906,-10.0,32571.52304436343,0.0,32561.52304436343,0,,31752.61
2023-08-23 00:00:00+00:00,149.94,149.87,141.91846,40.834766,2.7185733,0.47266881028938906,-10.0,32545.46150201054,0.0,32535.46150201054,0,,31727.205
2023-08-24 00:00:00+00:00,148.92,147.11,142.0253,47.413208,2.461429,0.6153846153846154,-10.0,31946.106629941587,0.0,31936.106629941587,0,,31142.92
2023-08-25 00:00:00+00:00,147.34,147.02,142.1108,37.77395,2.472143,0.6153846153846154,-10.0,31926.562574572108,0.0,31916.562574572108,0,,31123.867
2023-08-28 00:00:00+00:00,147.54,148.72,142.20155,28.888985,2.4285715,0.6153846153846154,-10.0,32295.731418390813,0.0,32285.731418390813,0,,31483.756
2023-08-29 00:00:00+00:00,148.32,149.83,142.291,35.044834,2.4657135,0.6153846153846154,-10.0,32536.776862891908,0.0,32526.776862891908,0,,31718.74
2023-08-30 00:00:00+00:00,149.83,150.42,142.3907,37.47129,2.5121427,0.6702778279340572,-10.0,32664.89762063086,0.0,32654.89762063086,0,,31843.64
2023-08-31 00:00:00+00:00,150.69,148.65,142.4597,35.238106,2.4550006,0.6153846153846154,-10.0,32280.52685116784,0.0,32270.52685116784,0,,31468.936
2023-09-01 00:00:00+00:00,150.05,151.0,142.4998,32.834187,2.5249994,0.6153846153846154,-10.0,32790.84776118863,0.0,32780.84776118863,0,,31966.426
2023-09-05 00:00:00+00:00,150.61,148.58,142.561,39.145725,2.6228573,0.47266881028938906,-10.0,32265.32534161506,0.0,32255.32534161506,0,,31454.117
2023-09-06 00:00:00+00:00,147.86,149.2,142.6112,37.70572,2.719999,0.47266881028938906,-10.0,32399.96215480956,0.0,32389.96215480956,0,,31585.37
2023-09-07 00:00:00+00:00,148.6,148.36,142.6653,39.40679,2.7471423,0.47266881028938906,-10.0,32217.549838886902,0.0,32207.549838886902,0,,31407.543
2023-09-08 00:00:00+00:00,149.01,154.12,142.7173,46.064964,2.5421414,0.6153846153846154,-10.0,33468.378138907385,0.0,33458.378138907385,0,,32626.922
2023-09-11 00:00:00+00:00,155.0,154.74,142.79034,57.242565,2.7349985,0.47266881028938906,-10.0,33603.01994801966,0.0,33593.01994801966,0,,32758.18
2023-09-12 00:00:00+00:00,154.54,155.74,142.8745,63.20148,2.6764264,0.47266881028938906,-10.0,33820.17794543736,0.0,33810.17794543736,0,,32969.88
2023-09-13 00:00:00+00:00,155.29,153.39,142.95325,63.21839,2.7214267,0.47266881028938906,-10.0,33309.85603219769,0.0,33299.85603219769,0,,32472.387
2023-09-14 00:00:00+00:00,154.41,156.15,143.0275,57.33946,2.826428,0.47266881028938906,-10.0,33909.21129586526,0.0,33899.21129586526,0,,33056.67
2023-09-15 00:00:00+00:00,155.95,154.41,143.117,68.84903,2.7821426,0.47266881028938906,-10.0,33531.35795882996,0.0,33521.35795882996,0,,32688.316
2023-09-18 00:00:00+00:00,154.02,153.36,143.20406,64.4167,2.867143,0.47266881028938906,-10.0,33303.34086496594,0.0,33293.34086496594,0,,32466.033
2023-09-19 00:00:00+00:00,152.99,152.15,143.2771,59.28743,2.8221436,0.47266881028938906,-10.0,33040.577970515675,0.0,33030.577970515675,0,,32209.875
2023-09-20 00:00:00+00:00,153.03,152.74,143.32475,54.625183,2.7528577,0.47266881028938906,-10.0,33168.70530718236,0.0,33158.70530718236,0,,32334.781
2023-09-21 00:00:00+00:00,150.85,147.71,143.37695,54.62521,2.7564294,0.47266881028938906,-10.0,32076.401960290113,0.0,32066.401960290113,0,,31269.94
2023-09-22 00:00:00+00:00,147.75,147.59,143.4084,48.34159,2.9285736,0.47266881028938906,-10.0,32050.34081670582,0.0,32040.34081670582,0,,31244.533
2023-09-25 00:00:00+00:00,146.54,147.81,143.45065,43.469933,2.888574,0.47266881028938906,-10.0,32098.114828982,0.0,32088.114828982,0,,31291.105
2023-09-26 00:00:00+00:00,147.11,147.34,143.50185,48.389786,2.8435733,0.47266881028938906,-10.0,31996.049609705064,0.0,31986.049609705064,0,,31191.607
2023-09-27 00:00:00+00:00,148.05,149.36,143.56696,46.08586,2.8592877,0.47266881028938906,-10.0,32434.708524439633,0.0,32424.708524439633,0,,31619.236
2023-09-28 00:00:00+00:00,149.72,153.67,143.62794,52.00481,2.916431,0.6153846153846154,-10.0,33370.65733966243,0.0,33360.65733966243,0,,32531.654
2023-09-29 00:00:00+00:00,154.01,150.18,143.70915,49.042152,2.8400028,0.5369738464921537,-10.0,32612.775053065125,0.0,32602.775053065125,0,,31792.826
2023-10-02 00:00:00+00:00,148.97,149.22,143.7663,41.350517,3.040002,0.47266881028938906,-10.0,32404.30440688843,0.0,32394.30440688843,0,,31589.596
2023-10-03 00:00:00+00:00,148.17,146.77,143.82185,37.613983,3.0857162,0.47266881028938906,-10.0,31872.268001568173,0.0,31862.268001568173,0,,31070.936
2023-10-04 00:00:00+00:00,147.14,151.0,143.87546,37.471626,3.0828586,0.47266881028938906,-10.0,32790.84316935896,0.0,32780.84316935896,0,,31966.416
2023-10-05 00:00:00+00:00,151.31,149.83,143.9642,40.767315,3.2078574,0.47266881028938906,-10.0,32536.76968912238,0.0,32526.76968912238,0,,31718.73
2023-10-06 00:00:00+00:00,149.0,151.39,144.0584,41.617867,3.2714288,0.47266881028938906,-10.0,32875.534054395845,0.0,32865.534054395845,0,,32048.979
2023-10-09 00:00:00+00:00,149.29,149.68,144.16585,46.460655,3.3885715,0.47266881028938906,-10.0,32504.192463456187,0.0,32494.192463456187,0,,31686.973
2023-10-10 00:00:00+00:00,151.52,153.07,144.2668,45.640663,3.6157138,0.6153846153846154,-10.0,33240.362161925776,0.0,33230.362161925776,0,,32404.635
2023-10-11 00:00:00+00:00,153.6,153.69,144.3959,50.530037,3.7942853,0.47266881028938906,-10.0,33374.9980616097,0.0,33364.9980616097,0,,32535.887
2023-10-12 00:00:00+00:00,154.29,153.0,144.53465,61.190105,3.6071417,0.47266881028938906,-10.0,33225.15764833764,0.0,33215.15764833764,0,,32389.812
2023-10-13 00:00:00+00:00,152.55,149.98,144.6675,59.91206,3.604284,0.47266881028938906,-10.0,32569.339067849327,0.0,32559.339067849327,0,,31750.484
2023-10-16 00:00:00+00:00,151.88,153.8,144.7887,53.605846,3.7221417,0.47266881028938906,-10.0,33398.88461532247,0.0,33388.88461532247,0,,32559.174
2023-10-17 00:00:00+00:00,153.61,154.83,144.9376,59.659096,3.864285,0.47266881028938906,-10.0,33622.55890536013,0.0,33612.55890536013,0,,32777.223
2023-10-18 00:00:00+00:00,153.79,152.28,145.08154,58.42835,3.8799994,0.47266881028938906,-10.0,33068.804874507005,0.0,33058.804874507005,0,,32237.39
2023-10-19 00:00:00+00:00,152.76,150.31,145.21115,47.73542,3.7564282,0.47266881028938906,-10.0,32641.003292434463,0.0,32631.003292434463,0,,31820.346
2023-10-20 00:00:00+00:00,149.41,147.57,145.33755,50.22284,3.6128573,0.47266881028938906,-10.0,32045.992136952616,0.0,32035.992136952616,0,,31240.295
2023-10-23 00:00:00+00:00,148.27,147.86,145.4362,47.334423,3.6185718,0.6153846153846154,-10.0,32108.967803520616,0.0,32098.967803520616,0,,31301.688
2023-10-24 00:00:00+00:00,148.87,149.65,145.5413,51.893013,3.635,0.6153846153846154,-10.0,32497.67709812386,0.0,32487.67709812386,0,,31680.623
2023-10-25 00:00:00+00:00,149.0,150.75,145.6383,47.43832,3.4792874,0.6153846153846154,-10.0,32736.553353582145,0.0,32726.553353582145,0,,31913.492
2023-10-26 00:00:00+00:00,151.92,148.47,145.74664,51.750378,3.5871441,0.6153846153846154,-10.0,32241.4332615058,0.0,32231.4332615058,0,,31430.822
2023-10-27 00:00:00+00:00,149.78,149.17,145.8417,44.592598,3.5821445,0.6153846153846154,-10.0,32393.44283037498,0.0,32383.44283037498,0,,31579.008
2023-10-30 00:00:00+00:00,151.17,151.28,145.91534,49.018864,3.4807162,0.6153846153846154,-10.0,32851.644757617374,0.0,32841.644757617374,0,,32025.69
2023-10-31 00:00:00+00:00,150.56,151.53,145.99675,46.377968,3.3585727,0.47266881028938906,-10.0,32905.935332558394,0.0,32895.935332558394,0,,32078.617
2023-11-01 00:00:00+00:00,152.2,151.13,146.07,45.56285,3.3442874,0.47266881028938906,-10.0,32819.07317628211,0.0,32809.07317628211,0,,31993.938
2023-11-02 00:00:00+00:00,151.06,152.62,146.1447,46.112274,3.3450012,0.47266881028938906,-10.0,33142.63529873414,0.0,33132.63529873414,0,,32309.365
2023-11-03 00:00:00+00:00,154.12,156.81,146.23515,55.86146,3.3571439,0.6153846153846154,-10.0,34052.5259226211,0.0,34042.5259226211,0,,33196.38
2023-11-06 00:00:00+00:00,157.51,156.32,146.3439,56.57492,3.3550012,0.47266881028938906,-10.0,33946.12152161872,0.0,33936.12152161872,0,,33092.652
2023-11-07 00:00:00+00:00,155.81,158.05,146.4319,53.33335,3.3028576,0.47266881028938906,-10.0,34321.80436240738,0.0,34311.80436240738,0,,33458.887
2023-11-08 00:00:00+00:00,158.41,156.91,146.52216,63.39995,3.3514285,0.47266881028938906,-10.0,34074.245399734216,0.0,34064.245399734216,0,,33217.555
2023-11-09 00:00:00+00:00,157.37,158.26,146.6055,65.94208,3.2864282,0.47266881028938906,-10.0,34367.405652184876,0.0,34357.405652184876,0,,33503.344
2023-11-10 00:00:00+00:00,158.37,161.8,146.68546,77.67999,3.2642856,0.47266881028938906,-10.0,35136.14650038881,0.0,35126.14650038881,0,,34252.758
2023-11-13 00:00:00+00:00,161.09,162.67,146.77415,80.89544,3.3778577,0.47266881028938906,-10.0,35325.07127645416,0.0,35315.07127645416,0,,34436.934
2023-11-14 00:00:00+00:00,164.9,167.03,146.86395,80.08323,3.3935711,0.47266881028938906,-10.0,36271.88132833111,0.0,36261.88132833111,0,,35359.94
2023-11-15 00:00:00+00:00,167.39,165.57,146.9845,82.69081,3.3678567,0.47266881028938906,-10.0,35954.83237020617,0.0,35944.83237020617,0,,35050.863
2023-11-16 00:00:00+00:00,165.23,167.17,147.0869,85.50672,3.3135703,0.47266881028938906,-10.0,36302.284835651975,0.0,36292.284835651975,0,,35389.58
2023-11-17 00:00:00+00:00,168.25,168.29,147.18585,86.02889,3.2178574,0.47266881028938906,-10.0,36545.4985738608,0.0,36535.4985738608,0,,35626.676
2023-11-20 00:00:00+00:00,168.61,169.17,147.29185,85.45234,3.1278567,0.47266881028938906,-10.0,36736.599206402265,0.0,36726.599206402265,0,,35812.973
2023-11-21 00:00:00+00:00,168.5,169.86,147.4036,85.82461,3.1035712,0.47266881028938906,-10.0,36886.43845766386,0.0,36876.43845766386,0,,35959.043
2023-11-22 00:00:00+00:00,171.34,171.05,147.52174,87.5954,3.058572,0.47266881028938906,-10.0,37144.85786428275,0.0,37134.85786428275,0,,36210.965
2023-11-24 00:00:00+00:00,170.83,169.82,147.63605,87.44419,2.9185715,0.47266881028938906,-10.0,36877.75353139935,0.0,36867.75353139935,0,,35950.58
2023-11-27 00:00:00+00:00,169.47,168.77,147.74875,80.046265,2.7257135,0.47266881028938906,-10.0,36649.73734058282,0.0,36639.73734058282,0,,35728.293
2023-11-28 00:00:00+00:00,168.63,167.37,147.83861,78.02794,2.7242856,0.6153846153846154,-10.0,36345.71467705504,0.0,36335.71467705504,0,,35431.918
2023-11-29 00:00:00+00:00,168.24,166.66,147.9396,71.29798,2.5721436,0.6153846153846154,-10.0,36191.53388129214,0.0,36181.53388129214,0,,35281.613
2023-11-30 00:00:00+00:00,166.66,167.52,148.0279,72.727295,2.5342865,0.6153846153846154,-10.0,36378.28988742802,0.0,36368.28988742802,0,,35463.676
2023-12-01 00:00:00+00:00,167.72,170.84,148.10866,72.08973,2.5307148,0.6153846153846154,-10.0,37099.25030368481,0.0,37089.25030368481,0,,36166.508
2023-12-04 00:00:00+00:00,170.61,171.57,148.19905,71.79365,2.4857144,0.6153846153846154,-10.0,37257.77751429419,0.0,37247.77751429419,0,,36321.047
2023-12-05 00:00:00+00:00,169.73,167.43,148.3155,71.601974,2.5342865,0.47266881028938906,-10.0,36358.74117384567,0.0,36348.74117384567,0,,35444.613
2023-12-06 00:00:00+00:00,169.09,168.06,148.42094,50.98134,2.520716,0.47266881028938906,-10.0,36495.55334401174,0.0,36485.55334401174,0,,35577.984
2023-12-07 00:00:00+00:00,168.29,170.43,148.54085,56.368256,2.4957166,0.47266881028938906,-10.0,37010.21733521703,0.0,37000.21733521703,0,,36079.71
2023-12-08 00:00:00+00:00,170.82,171.33,148.67345,58.02163,2.5050015,0.47266881028938906,-10.0,37205.662827214364,0.0,37195.662827214364,0,,36270.242
2023-12-11 00:00:00+00:00,172.62,177.01,148.80315,57.562195,2.4807162,0.47266881028938906,-10.0,38439.1176797446,0.0,38429.1176797446,0,,37472.684
2023-12-12 00:00:00+00:00,177.11,178.58,148.96425,65.74295,2.8271441,0.47266881028938906,-10.0,38780.05912221559,0.0,38770.05912221559,0,,37805.055
2023-12-13 00:00:00+00:00,178.67,178.09,149.1317,66.912315,2.8407156,0.47266881028938906,-10.0,38673.65052488388,0.0,38663.65052488388,0,,37701.32
2023-12-14 00:00:00+00:00,179.1,176.76,149.2996,64.03506,2.801431,0.47266881028938906,-10.0,38384.82936155646,0.0,38374.82936155646,0,,37419.76
2023-12-15 00:00:00+00:00,175.95,177.23,149.4559,63.78073,2.9685733,0.47266881028938906,-10.0,38486.89321039879,0.0,38476.89321039879,0,,37519.258
2023-12-18 00:00:00+00:00,177.51,178.49,149.6111,67.195076,2.944288,0.47266881028938906,-10.0,38760.51206793531,0.0,38750.51206793531,0,,37785.996
2023-12-19 00:00:00+00:00,179.06,179.74,149.76566,72.73097,2.9414303,0.47266881028938906,-10.0,39031.959226087776,0.0,39021.959226087776,0,,38050.62
2023-12-20 00:00:00+00:00,178.62,177.67,149.92116,76.15996,2.9342868,0.47266881028938906,-10.0,38582.440241665914,0.0,38572.440241665914,0,,37612.402
2023-12-21 00:00:00+00:00,179.0,181.52,150.07455,69.362785,2.9314303,0.47266881028938906,-10.0,39418.49810220357,0.0,39408.49810220357,0,,38427.44
2023-12-22 00:00:00+00:00,181.84,181.51,150.24495,69.97005,2.924288,0.47266881028938906,-10.0,39416.324791044884,0.0,39406.324791044884,0,,38425.32
2023-12-26 00:00:00+00:00,181.0,181.21,150.44044,69.10062,2.8457162,0.47266881028938906,-10.0,39351.18073771648,0.0,39341.18073771648,0,,38361.816
2023-12-27 00:00:00+00:00,181.2,181.52,150.64375,81.064,2.60643,0.375,-10.0,39418.49696510322,0.0,39408.49696510322,0,,38427.44
2023-12-28 00:00:00+00:00,181.54,181.74,150.86365,80.7868,2.530001,0.47266881028938906,-10.0,39466.27221680699,0.0,39456.27221680699,0,,38474.016
2023-12-29 00:00:00+00:00,182.34,182.09,151.077,78.691,2.424286,0.47266881028938906,-10.0,39542.27739283411,0.0,39532.27739283411,0,,38548.11
2024-01-02 00:00:00+00:00,181.3,180.07,151.3083,78.07929,2.481428,0.47266881028938906,-10.0,39103.61996008456,0.0,39093.61996008456,0,,38120.48
2024-01-03 00:00:00+00:00,179.35,178.92,151.517,59.871,2.2985709,0.47266881028938906,-10.0,38853.88629939478,0.0,38843.88629939478,0,,37877.027
2024-01-04 00:00:00+00:00,179.93,178.75,151.7289,51.127308,2.2914276,0.47266881028938906,-10.0,38816.968982391845,0.0,38806.968982391845,0,,37841.04
2024-01-05 00:00:00+00:00,178.23,180.5,151.9325,52.235783,2.2957132,0.47266881028938906,-10.0,39196.99417782926,0.0,39186.99417782926,0,,38211.51
2024-01-08 00:00:00+00:00,180.68,182.2,152.1307,62.31885,2.2549994,0.47266881028938906,-10.0,39566.161234152976,0.0,39556.161234152976,0,,38571.395
2024-01-09 00:00:00+00:00,179.77,181.65,152.3535,65.1432,2.3278558,0.47266881028938906,-10.0,39446.72376397296,0.0,39436.72376397296,0,,38454.96
2024-01-10 00:00:00+00:00,181.71,182.52,152.5834,60.06366,2.3864267,0.47266881028938906,-10.0,39635.65272819028,0.0,39625.65272819028,0,,38639.14
2024-01-11 00:00:00+00:00,182.72,182.15,152.83685,59.073097,2.3585706,0.47266881028938906,-10.0,39555.302794986914,0.0,39545.302794986914,0,,38560.81
2024-01-12 00:00:00+00:00,182.54,182.16,153.0861,66.44637,2.3221414,0.47266881028938906,-10.0,39557.47657573677,0.0,39547.47657573677,0,,38562.93
2024-01-16 00:00:00+00:00,181.0,182.39,153.33435,53.271976,2.199284,0.47266881028938906,-10.0,39607.41969316622,0.0,39597.41969316622,0,,38611.617
2024-01-17 00:00:00+00:00,181.19,183.52,153.56676,54.400024,2.1485693,0.47266881028938906,-10.0,39852.80925199329,0.0,39842.80925199329,0,,38850.836
2024-01-18 00:00:00+00:00,184.19,185.71,153.79704,60.66479,2.2392828,0.47266881028938906,-10.0,40328.38584555464,0.0,40318.38584555464,0,,39314.457
2024-01-19 00:00:00+00:00,186.25,187.38,154.02126,66.48306,2.3671396,0.47266881028938906,-10.0,40691.04098288606,0.0,40681.04098288606,0,,39667.992
2024-01-22 00:00:00+00:00,187.99,188.45,154.2603,69.91522,2.4849973,0.6153846153846154,-10.0,40923.39676278675,0.0,40913.39676278675,0,,39894.508
2024-01-23 00:00:00+00:00,188.35,187.38,154.50755,71.37094,2.5042834,0.47266881028938906,-10.0,40691.03867356466,0.0,40681.03867356466,0,,39667.99
2024-01-24 00:00:00+00:00,188.43,187.57,154.747,76.23828,2.3621411,0.47266881028938906,-10.0,40732.29915146008,0.0,40722.29915146008,0,,39708.215
2024-01-25 00:00:00+00:00,189.43,191.77,154.9817,83.346176,2.3549979,0.47266881028938906,-10.0,41644.36363356659,0.0,41634.36363356659,0,,40597.348
2024-01-26 00:00:00+00:00,191.49,192.63,155.23555,88.2941,2.5278537,0.47266881028938906,-10.0,41831.119209167584,0.0,41821.119209167584,0,,40779.41
2024-01-29 00:00:00+00:00,192.42,193.17,155.48994,87.6474,2.4342816,0.47266881028938906,-10.0,41948.385458743534,0.0,41938.385458743534,0,,40893.727
2024-01-30 00:00:00+00:00,192.57,194.18,155.764,86.688934,2.372854,0.47266881028938906,-10.0,42167.71340757849,0.0,42157.71340757849,0,,41107.54
2024-01-31 00:00:00+00:00,194.0,190.96,156.02286,90.6554,2.3871396,0.47266881028938906,-10.0,41468.46776326566,0.0,41458.46776326566,0,,40425.87
2024-02-01 00:00:00+00:00,191.8,193.72,156.2561,73.7613,2.514281,0.47266881028938906,-10.0,42067.82363220382,0.0,42057.82363220382,0,,41010.16
2024-02-02 00:00:00+00:00,193.6,195.01,156.49895,78.70975,2.6271396,0.47266881028938906,-10.0,42347.954570268266,0.0,42337.954570268266,0,,41283.25
2024-02-05 00:00:00+00:00,194.19,193.67,156.7389,79.981384,2.7385669,0.6153846153846154,-10.0,42056.96473937354,0.0,42046.96473937354,0,,40999.574
2024-02-06 00:00:00+00:00,193.93,194.62,156.9723,75.02224,2.833567,0.6153846153846154,-10.0,42263.26356572182,0.0,42253.26356572182,0,,41200.684
2024-02-07 00:00:00+00:00,192.5,196.03,157.21036,74.82116,2.854997,0.6153846153846154,-10.0,42569.458567706264,0.0,42559.458567706264,0,,41499.18
2024-02-08 00:00:00+00:00,197.63,194.55,157.4504,73.91108,3.1199973,0.47266881028938906,-10.0,42248.06671881557,0.0,42238.06671881557,0,,41185.87
2024-02-09 00:00:00+00:00,193.74,192.16,157.6809,66.760216,3.363569,0.47266881028938906,-10.0,41729.05954009088,0.0,41719.05954009088,0,,40679.914
2024-02-12 00:00:00+00:00,191.97,193.57,157.91005,58.168243,3.3928561,0.47266881028938906,-10.0,42035.25441793846,0.0,42025.25441793846,0,,40978.406
2024-02-13 00:00:00+00:00,190.21,190.11,158.1712,63.42736,3.3878555,0.47266881028938906,-10.0,41283.886111248794,0.0,41273.886111248794,0,,40245.93
2024-02-14 00:00:00+00:00,190.85,192.7,158.41306,54.825222,3.739285,0.375,-10.0,41846.3259868918,0.0,41836.3259868918,0,,40794.23
2024-02-15 00:00:00+00:00,193.5,196.16,158.65645,51.881817,3.6342862,0.47266881028938906,-10.0,42597.69444593431,0.0,42587.69444593431,0,,41526.707
2024-02-16 00:00:00+00:00,195.49,197.57,158.915,56.46284,3.760001,0.47266881028938906,-10.0,42903.89015560401,0.0,42893.89015560401,0,,41825.203
2024-02-20 00:00:00+00:00,198.1,197.09,159.17305,57.806976,3.8421435,0.47266881028938906,-10.0,42799.65322698411,0.0,42789.65322698411,0,,41723.59
2024-02-21 00:00:00+00:00,196.99,199.04,159.42986,55.262215,3.8121436,0.47266881028938906,-10.0,43223.108467618404,0.0,43213.108467618404,0,,42136.4
2024-02-22 00:00:00+00:00,200.73,202.45,159.71194,65.314606,3.761431,0.47266881028938906,-10.0,43963.61896191403,0.0,43953.61896191403,0,,42858.29
2024-02-23 00:00:00+00:00,202.11,204.54,160.00114,66.148705,3.8607166,0.47266881028938906,-10.0,44417.47845828121,0.0,44407.47845828121,0,,43300.74
2024-02-26 00:00:00+00:00,204.54,203.01,160.2961,67.121796,3.7957175,0.47266881028938906,-10.0,44085.22665356708,0.0,44075.22665356708,0,,42976.844
2024-02-27 00:00:00+00:00,203.01,203.59,160.58255,66.66665,3.7500033,0.47266881028938906,-10.0,44211.176816213774,0.0,44201.176816213774,0,,43099.63
2024-02-28 00:00:00+00:00,202.9,203.96,160.88844,66.220604,3.6507165,0.47266881028938906,-10.0,44291.52907510345,0.0,44281.52907510345,0,,43177.957
2024-02-29 00:00:00+00:00,203.75,204.32,161.19975,64.90041,3.3464313,0.47266881028938906,-10.0,44369.70418824331,0.0,44359.70418824331,0,,43254.164
2024-03-01 00:00:00+00:00,203.95,204.88,161.51344,69.16436,3.097859,0.47266881028938906,-10.0,44491.31004573384,0.0,44481.31004573384,0,,43372.71
2024-03-04 00:00:00+00:00,204.53,202.41,161.82155,76.880775,3.098573,0.47266881028938906,-10.0,43954.931075362336,0.0,43944.931075362336,0,,42849.816
2024-03-05 00:00:00+00:00,202.11,203.81,162.12125,67.880226,3.1492877,0.47266881028938906,-10.0,44258.95160605391,0.0,44248.95160605391,0,,43146.195
2024-03-06 00:00:00+00:00,204.11,203.61,162.4193,80.22945,2.8892865,0.47266881028938906,-10.0,44215.521568538126,0.0,44205.521568538126,0,,43103.855
2024-03-07 00:00:00+00:00,204.78,204.94,162.7061,76.911674,2.9014294,0.47266881028938906,-10.0,44504.34058408254,0.0,44494.34058408254,0,,43385.414
2024-03-08 00:00:00+00:00,204.28,205.71,163.0099,74.20064,2.7642865,0.47266881028938906,-10.0,44671.55400096042,0.0,44661.55400096042,0,,43548.426
2024-03-11 00:00:00+00:00,205.4,204.19,163.3207,73.25712,2.722858,0.47266881028938906,-10.0,44341.47282382167,0.0,44331.47282382167,0,,43226.645
2024-03-12 00:00:00+00:00,205.2,207.03,163.6531,69.1478,2.7742877,0.47266881028938906,-10.0,44958.20172571416,0.0,44948.20172571416,0,,43827.867
2024-03-13 00:00:00+00:00,207.34,208.53,164.004,70.561,2.8514295,0.47266881028938906,-10.0,45283.937483599795,0.0,45273.937483599795,0,,44145.414
2024-03-14 00:00:00+00:00,209.56,206.92,164.347,67.3516,2.6871436,0.6153846153846154,-10.0,44934.313386841095,0.0,44924.313386841095,0,,43804.58
2024-03-15 00:00:00+00:00,204.71,204.66,164.69115,56.983578,2.7392871,0.6153846153846154,-10.0,44443.53747660476,0.0,44433.53747660476,0,,43326.145
2024-03-18 00:00:00+00:00,206.09,206.5,165.03406,54.64268,2.8042874,0.47266881028938906,-10.0,44843.10826467956,0.0,44833.10826467956,0,,43715.668
2024-03-19 00:00:00+00:00,207.29,208.12,165.38596,57.645832,2.934288,0.6153846153846154,-10.0,45194.90442821352,0.0,45184.90442821352,0,,44058.617
2024-03-20 00:00:00+00:00,208.59,210.51,165.7382,60.25639,2.9107165,0.6153846153846154,-10.0,45713.91315150624,0.0,45703.91315150624,0,,44564.574
2024-03-21 00:00:00+00:00,211.44,210.55,166.07675,63.872684,2.9857166,0.47266881028938906,-10.0,45722.599691342584,0.0,45712.599691342584,0,,44573.043
2024-03-22 00:00:00+00:00,210.53,211.3,166.41666,63.010555,2.8950021,0.47266881028938906,-10.0,45885.46783363473,0.0,45875.46783363473,0,,44731.816
2024-03-25 00:00:00+00:00,210.75,210.12,166.75015,72.14749,2.7778583,0.47266881028938906,-10.0,45629.218695652795,0.0,45619.218695652795,0,,44482.01
2024-03-26 00:00:00+00:00,212.82,213.04,167.0876,65.894196,2.73143,0.47266881028938906,-10.0,46263.319868272345,0.0,46253.319868272345,0,,45100.168
2024-03-27 00:00:00+00:00,214.17,214.34,167.4384,70.89054,2.763574,0.47266881028938906,-10.0,46545.62809876029,0.0,46535.62809876029,0,,45375.38
2024-03-28 00:00:00+00:00,214.63,213.31,167.80244,70.8518,2.8250024,0.47266881028938906,-10.0,46321.95561170533,0.0,46311.95561170533,0,,45157.332
2024-04-01 00:00:00+00:00,213.31,212.7,168.15565,66.66664,2.8342874,0.47266881028938906,-10.0,46189.48817572916,0.0,46179.48817572916,0,,45028.195
2024-04-02 00:00:00+00:00,211.17,210.37,168.5027,69.43809,2.7942874,0.47266881028938906,-10.0,45683.51096861159,0.0,45673.51096861159,0,,44534.94
2024-04-03 00:00:00+00:00,210.89,212.17,168.8368,57.811028,2.7028592,0.47266881028938906,-10.0,46074.39580710721,0.0,46064.39580710721,0,,44915.996
2024-04-04 00:00:00+00:00,214.07,208.79,169.1943,58.39483,2.7085736,0.5142810106574793,-10.0,45340.40061290115,0.0,45330.40061290115,0,,44200.453
2024-04-05 00:00:00+00:00,209.26,211.69,169.5342,53.987194,2.9564297,0.47266881028938906,-10.0,45970.15842695224,0.0,45960.15842695224,0,,44814.375
2024-04-08 00:00:00+00:00,211.57,211.58,169.8945,64.591095,2.992859,0.47266881028938906,-10.0,45946.270802142135,0.0,45936.270802142135,0,,44791.09
2024-04-09 00:00:00+00:00,212.21,209.91,170.24664,61.35956,2.8628595,0.6153846153846154,-10.0,45583.618436448014,0.0,45573.618436448014,0,,44437.55
2024-04-10 00:00:00+00:00,209.15,209.59,170.59085,53.993767,3.030716,0.6153846153846154,-10.0,45514.12584549913,0.0,45504.12584549913,0,,44369.81
2024-04-11 00:00:00+00:00,208.89,210.76,170.95325,47.738457,2.9121454,0.6153846153846154,-10.0,45768.20083447144,0.0,45758.20083447144,0,,44617.496
2024-04-12 00:00:00+00:00,208.68,205.1,171.31535,50.489033,3.108574,0.6153846153846154,-10.0,44539.09071520169,0.0,44529.09071520169,0,,43419.29
2024-04-15 00:00:00+00:00,209.19,204.43,171.6341,38.248688,3.4864316,0.47266881028938906,-10.0,44393.59256194265,0.0,44383.59256194265,0,,43277.45
2024-04-16 00:00:00+00:00,203.76,202.5,171.94666,39.002712,3.7192895,0.47266881028938906,-10.0,43974.479789032135,0.0,43964.479789032135,0,,42868.875
2024-04-17 00:00:00+00:00,202.63,200.48,172.23955,28.81836,3.6900036,0.47266881028938906,-10.0,43535.820538979395,0.0,43525.820538979395,0,,42441.242
2024-04-18 00:00:00+00:00,201.22,198.82,172.5142,22.929708,3.7750037,0.6153846153846154,-10.0,43175.3396593261,0.0,43165.3396593261,0,,42089.824
2024-04-19 00:00:00+00:00,198.94,194.47,172.7809,22.378986,3.8771482,0.7655968956859165,-10.0,42230.70050679397,0.0,42220.70050679397,0,,41168.938
2024-04-22 00:00:00+00:00,196.09,195.14,173.02824,19.586277,4.150005,0.6153846153846154,-10.0,42376.196574240064,0.0,42366.196574240064,0,,41310.777
2024-04-23 00:00:00+00:00,195.24,197.04,173.27545,23.101397,4.183576,0.6153846153846154,-10.0,42788.794019656234,0.0,42778.794019656234,0,,41713.0
2024-04-24 00:00:00+00:00,205.56,204.7,173.51904,23.372047,4.2092896,0.6153846153846154,-10.0,44452.222995923825,0.0,44442.222995923825,0,,43334.61
2024-04-25 00:00:00+00:00,203.08,203.93,173.78185,43.74427,4.657147,0.6153846153846154,-10.0,44285.00932988575,0.0,44275.00932988575,0,,43171.598
2024-04-26 00:00:00+00:00,203.31,202.12,174.0407,37.303646,4.587861,0.6153846153846154,-10.0,43891.95292712532,0.0,43881.95292712532,0,,42788.426
2024-04-29 00:00:00+00:00,202.33,202.16,174.29614,35.337868,4.705718,0.47266881028938906,-10.0,43900.638592477546,0.0,43890.638592477546,0,,42796.895
2024-04-30 00:00:00+00:00,201.61,197.28,174.5475,37.349007,4.5950046,0.47266881028938906,-10.0,42840.90594528471,0.0,42830.90594528471,0,,41763.805
2024-05-01 00:00:00+00:00,196.69,197.74,174.795,32.50924,4.8257184,0.47266881028938906,-10.0,42940.79952957066,0.0,42930.79952957066,0,,41861.19
2024-05-02 00:00:00+00:00,198.76,197.53,175.0387,31.11951,4.8457184,0.6153846153846154,-10.0,42895.194873469314,0.0,42885.194873469314,0,,41816.73
2024-05-03 00:00:00+00:00,198.65,197.54,175.2765,36.961765,4.525004,0.47266881028938906,-10.0,42897.36299988866,0.0,42887.36299988866,0,,41818.844
2024-05-06 00:00:00+00:00,198.58,200.1,175.5196,37.856895,4.327146,0.6153846153846154,-10.0,43453.29052999186,0.0,43443.29052999186,0,,42360.793
2024-05-07 00:00:00+00:00,200.3,199.71,175.77365,45.862083,4.293575,0.47266881028938906,-10.0,43368.59953316377,0.0,43358.59953316377,0,,42278.234
2024-05-08 00:00:00+00:00,199.0,200.39,176.013,48.593372,4.1785746,0.47266881028938906,-10.0,43516.26335770608,0.0,43506.26335770608,0,,42422.184
2024-05-09 00:00:00+00:00,198.73,203.48,176.26265,52.974594,4.0342875,0.47266881028938906,-10.0,44187.28239898754,0.0,44177.28239898754,0,,43076.336
2024-05-10 00:00:00+00:00,204.8,208.08,176.5244,67.92676,4.0607157,0.47266881028938906,-10.0,45186.21238199087,0.0,45176.21238199087,0,,44050.15
2024-05-13 00:00:00+00:00,208.63,206.09,176.8135,72.26427,4.1971445,0.47266881028938906,-10.0,44754.06570466876,0.0,44744.06570466876,0,,43628.867
2024-05-14 00:00:00+00:00,205.96,205.3,177.08075,65.52314,4.2671456,0.47266881028938906,-10.0,44582.51288449091,0.0,44572.51288449091,0,,43461.63
2024-05-15 00:00:00+00:00,205.17,204.57,177.3364,51.34651,3.5642886,0.47266881028938906,-10.0,44423.987513616674,0.0,44413.987513616674,0,,43307.09
2024-05-16 00:00:00+00:00,204.77,205.79,177.5818,51.43888,3.6235745,0.375,-10.0,44688.91809844597,0.0,44678.91809844597,0,,43565.36
2024-05-17 00:00:00+00:00,206.5,204.19,177.8379,58.475742,3.597145,0.47266881028938906,-10.0,44341.466699734796,0.0,44331.466699734796,0,,43226.645
2024-05-20 00:00:00+00:00,204.43,205.57,178.09265,54.373116,3.57643,0.47266881028938906,-10.0,44641.14635016962,0.0,44631.14635016962,0,,43518.785
2024-05-21 00:00:00+00:00,205.31,205.8,178.3672,71.02997,3.4214292,0.47266881028938906,-10.0,44691.08993538618,0.0,44681.08993538618,0,,43567.477
2024-05-22 00:00:00+00:00,205.34,204.43,178.63945,70.6879,3.2828577,0.47266881028938906,-10.0,44393.581154994754,0.0,44383.581154994754,0,,43277.45
2024-05-23 00:00:00+00:00,204.86,200.03,178.8942,66.71511,3.4992862,0.47266881028938906,-10.0,43438.08757637786,0.0,43428.08757637786,0,,42345.977
2024-05-24 00:00:00+00:00,200.86,203.24,179.1257,54.974045,3.6857147,0.47266881028938906,-10.0,44135.16449727693,0.0,44125.16449727693,0,,43025.527
2024-05-28 00:00:00+00:00,202.71,200.0,179.37096,56.113712,3.7278574,0.47266881028938906,-10.0,43431.57058984454,0.0,43421.57058984454,0,,42339.62
2024-05-29 00:00:00+00:00,198.39,196.48,179.59406,50.508224,3.8757138,0.25,-10.0,42667.17495160523,0.0,42657.17495160523,0,,41594.44
2024-05-30 00:00:00+00:00,197.05,196.53,179.80225,43.767925,4.049286,0.47266881028938906,-10.0,42678.03425251924,0.0,42668.03425251924,0,,41605.027
2024-05-31 00:00:00+00:00,197.35,200.6,180.0083,37.733856,3.7935727,0.47266881028938906,-10.0,43561.87053911773,0.0,43551.87053911773,0,,42466.645
2024-06-03 00:00:00+00:00,200.71,198.16,180.243,36.546772,3.770001,0.47266881028938906,-10.0,43032.00486170631,0.0,43022.00486170631,0,,41950.1
2024-06-04 00:00:00+00:00,197.02,200.44,180.4653,35.964615,3.8728573,0.6153846153846154,-10.0,43527.1243195761,0.0,43517.1243195761,0,,42432.77
2024-06-05 00:00:00+00:00,201.4,202.58,180.71855,41.829185,3.9635708,0.6153846153846154,-10.0,43991.84180085375,0.0,43981.84180085375,0,,42885.805
2024-06-06 00:00:00+00:00,202.6,201.17,180.97745,46.80577,3.969998,0.47266881028938906,-10.0,43685.64920354731,0.0,43675.64920354731,0,,42587.31
2024-06-07 00:00:00+00:00,200.67,202.18,181.2383,42.629242,4.092141,0.47266881028938906,-10.0,43904.97817944613,0.0,43894.97817944613,0,,42801.12
2024-06-10 00:00:00+00:00,201.57,204.82,181.49925,46.731693,4.0335703,0.47266881028938906,-10.0,44478.276596759686,0.0,44468.276596759686,0,,43360.008
2024-06-11 00:00:00+00:00,204.03,205.88,181.774,48.82849,4.095714,0.47266881028938906,-10.0,44708.462036572244,0.0,44698.462036572244,0,,43584.41
2024-06-12 00:00:00+00:00,207.22,210.71,182.06786,50.121807,4.1585717,0.47266881028938906,-10.0,45757.3345813777,0.0,45747.3345813777,0,,44606.91
2024-06-13 00:00:00+00:00,210.3,211.64,182.3863,58.65015,4.1664286,0.47266881028938906,-10.0,45959.28937000782,0.0,45949.28937000782,0,,44803.785
2024-06-14 00:00:00+00:00,210.14,210.32,182.7009,67.681984,4.0428567,0.47266881028938906,-10.0,45672.64264146905,0.0,45662.64264146905,0,,44524.344
2024-06-17 00:00:00+00:00,209.96,214.62,183.00336,61.441498,4.078571,0.25,-10.0,46606.41932721061,0.0,46596.41932721061,0,,45434.65
2024-06-18 00:00:00+00:00,215.0,216.0,183.32436,72.84374,4.1671424,0.47266881028938906,-10.0,46906.09999557542,0.0,46896.09999557542,0,,45726.79
2024-06-20 00:00:00+00:00,215.71,217.81,183.6611,82.685875,4.055713,0.47266881028938906,-10.0,47299.15334685719,0.0,47289.15334685719,0,,46109.96
2024-06-21 00:00:00+00:00,217.5,215.88,183.99515,83.64959,4.057141,0.47266881028938906,-10.0,46880.04093656831,0.0,46870.04093656831,0,,45701.39
2024-06-24 00:00:00+00:00,216.0,217.04,184.33165,75.91589,4.007855,0.47266881028938906,-10.0,47131.944213633564,0.0,47121.944213633564,0,,45946.96
2024-06-25 00:00:00+00:00,217.71,215.08,184.67085,83.4752,3.8385696,0.47266881028938906,-10.0,46706.31539631851,0.0,46696.31539631851,0,,45532.03
2024-06-26 00:00:00+00:00,214.19,213.05,185.00446,76.25542,3.8021414,0.47266881028938906,-10.0,46265.4855031651,0.0,46255.4855031651,0,,45102.285
2024-06-27 00:00:00+00:00,213.53,215.07,185.2991,68.85131,3.7564282,0.47266881028938906,-10.0,46704.142952588685,0.0,46694.142952588685,0,,45529.914
2024-06-28 00:00:00+00:00,215.11,218.2,185.60075,74.48913,3.6385715,0.47266881028938906,-10.0,47383.84275259578,0.0,47373.84275259578,0,,46192.527
2024-07-01 00:00:00+00:00,218.73,214.23,185.91306,76.262344,3.749285,0.47266881028938906,-10.0,46521.7260581317,0.0,46511.7260581317,0,,45352.086
2024-07-02 00:00:00+00:00,214.36,215.6,186.21725,64.78166,3.932142,0.47266881028938906,-10.0,46819.237220426396,0.0,46809.237220426396,0,,45642.117
2024-07-03 00:00:00+00:00,216.29,216.12,186.5145,65.12137,3.8714273,0.47266881028938906,-10.0,46932.157839371,0.0,46922.157839371,0,,45752.2
2024-07-05 00:00:00+00:00,216.52,214.41,186.82304,59.719727,3.6378555,0.47266881028938906,-10.0,46560.82034855087,0.0,46550.82034855087,0,,45390.2
2024-07-08 00:00:00+00:00,215.4,214.57,187.1283,54.84098,3.6135712,0.47266881028938906,-10.0,46595.5663678406,0.0,46585.5663678406,0,,45424.074
2024-07-09 00:00:00+00:00,214.53,215.25,187.4404,57.741364,3.564999,0.47266881028938906,-10.0,46743.23050190464,0.0,46733.23050190464,0,,45568.027
2024-07-10 00:00:00+00:00,214.23,219.85,187.75294,51.321877,3.4307141,0.47266881028938906,-10.0,47742.15811764803,0.0,47732.15811764803,0,,46541.84
2024-07-11 00:00:00+00:00,220.0,216.86,188.11365,57.116474,3.6271439,0.47266881028938906,-10.0,47092.85377619256,0.0,47082.85377619256,0,,45908.86
2024-07-12 00:00:00+00:00,217.88,220.72,188.46,48.317398,3.673573,0.47266881028938906,-10.0,47931.08286925361,0.0,47921.08286925361,0,,46726.016
2024-07-15 00:00:00+00:00,221.28,222.99,188.82455,58.023872,3.8200018,0.47266881028938906,-10.0,48424.03215385233,0.0,48414.03215385233,0,,47206.574
2024-07-16 00:00:00+00:00,224.0,228.19,189.2028,59.513935,3.7950015,0.47266881028938906,-10.0,49553.24976633823,0.0,49543.24976633823,0,,48307.4
2024-07-17 00:00:00+00:00,226.5,219.79,189.59695,68.9945,3.925001,0.47266881028938906,-10.0,47729.12175033177,0.0,47719.12175033177,0,,46529.133
2024-07-18 00:00:00+00:00,219.27,219.0,189.92755,58.243626,4.339287,0.375,-10.0,47557.56711165332,0.0,47547.56711165332,0,,46361.89
2024-07-19 00:00:00+00:00,219.19,219.19,190.27165,54.955856,4.414287,0.375,-10.0,47598.82830462343,0.0,47588.82830462343,0,,46402.117
2024-07-22 00:00:00+00:00,218.91,220.15,190.6215,51.348415,4.3978586,0.375,-10.0,47807.29923948078,0.0,47797.29923948078,0,,46605.344
2024-07-23 00:00:00+00:00,219.59,220.66,190.9884,58.783382,4.307859,0.47266881028938906,-10.0,47918.04934797564,0.0,47908.04934797564,0,,46713.31
2024-07-24 00:00:00+00:00,219.3,214.6,191.3367,57.704018,4.3928595,0.47266881028938906,-10.0,46602.07219722088,0.0,46592.07219722088,0,,45430.418
2024-07-25 00:00:00+00:00,214.15,213.18,191.66055,48.019817,4.7171454,0.47266881028938906,-10.0,46293.70583626001,0.0,46283.70583626001,0,,45129.805
2024-07-26 00:00:00+00:00,215.06,215.61,191.9695,48.38539,4.875001,0.47266881028938906,-10.0,46821.403690989784,0.0,46811.403690989784,0,,45644.234
2024-07-29 00:00:00+00:00,215.8,217.82,192.29915,51.288395,4.9292874,0.47266881028938906,-10.0,47301.321783903695,0.0,47291.321783903695,0,,46112.09
2024-07-30 00:00:00+00:00,218.68,218.76,192.6229,53.067562,4.874287,0.47266881028938906,-10.0,47505.444786024826,0.0,47495.444786024826,0,,46311.08
2024-07-31 00:00:00+00:00,215.25,214.67,192.94826,48.574406,4.7192864,0.47266881028938906,-10.0,46617.27118371338,0.0,46607.27118371338,0,,45445.23
2024-08-01 00:00:00+00:00,214.66,208.71,193.2566,47.215862,4.951428,0.47266881028938906,-10.0,45323.01323211125,0.0,45313.01323211125,0,,44183.516
2024-08-02 00:00:00+00:00,203.95,204.96,193.55025,35.50568,5.1421423,0.47266881028938906,-10.0,44508.67098821609,0.0,44498.67098821609,0,,43389.65
2024-08-05 00:00:00+00:00,199.67,201.82,193.80605,28.990915,5.5707145,0.6153846153846154,-10.0,43826.79536077235,0.0,43816.79536077235,0,,42724.918
2024-08-06 00:00:00+00:00,204.07,207.12,194.041,17.723389,5.6614304,0.6153846153846154,-10.0,44977.72960759979,0.0,44967.72960759979,0,,43846.918
2024-08-07 00:00:00+00:00,207.64,203.52,194.3152,33.21854,5.5550003,0.8,-10.0,44195.963087134594,0.0,44185.963087134594,0,,43084.81
2024-08-08 00:00:00+00:00,203.17,205.04,194.58125,30.917156,5.816428,0.6153846153846154,-10.0,44526.03895757806,0.0,44516.03895757806,0,,43406.586
2024-08-09 00:00:00+00:00,205.2,206.32,194.8686,33.110504,5.8199997,0.6153846153846154,-10.0,44804.0039796807,0.0,44794.0039796807,0,,43677.562
2024-08-12 00:00:00+00:00,206.41,205.59,195.1609,33.617638,5.721428,0.47266881028938906,-10.0,44645.47617123848,0.0,44635.47617123848,0,,43523.02
2024-08-13 00:00:00+00:00,206.52,205.16,195.4406,32.241325,5.5914283,0.47266881028938906,-10.0,44552.09895306064,0.0,44542.09895306064,0,,43431.992
2024-08-14 00:00:00+00:00,204.28,207.79,195.71265,37.173904,5.2821426,0.47266881028938906,-10.0,45123.21992580336,0.0,45113.21992580336,0,,43988.754
2024-08-15 00:00:00+00:00,209.44,210.59,196.00925,42.909756,5.1549997,0.47266881028938906,-10.0,45731.26342169361,0.0,45721.26342169361,0,,44581.508
2024-08-16 00:00:00+00:00,210.42,212.46,196.31635,43.46012,5.123571,0.6153846153846154,-10.0,46137.35246677499,0.0,46127.35246677499,0,,44977.387
2024-08-19 00:00:00+00:00,212.7,214.55,196.62225,42.954777,5.1264277,0.6153846153846154,-10.0,46591.21255006393,0.0,46581.21255006393,0,,45419.836
2024-08-20 00:00:00+00:00,214.14,212.41,196.93735,44.62874,5.0914283,0.47266881028938906,-10.0,46126.49500154141,0.0,46116.49500154141,0,,44966.8
2024-08-21 00:00:00+00:00,213.46,216.43,197.24374,46.965633,4.787143,0.47266881028938906,-10.0,46999.469677011366,0.0,46989.469677011366,0,,45817.83
2024-08-22 00:00:00+00:00,216.61,215.83,197.5628,60.934834,4.472857,0.47266881028938906,-10.0,46869.17718183947,0.0,46859.17718183947,0,,45690.812
2024-08-23 00:00:00+00:00,216.25,217.09,197.8579,66.90514,4.027142,0.375,-10.0,47142.79556345285,0.0,47132.79556345285,0,,45957.55
2024-08-26 00:00:00+00:00,218.0,215.29,198.16174,75.22301,3.700713,0.47266881028938906,-10.0,46751.911878982144,0.0,46741.911878982144,0,,45576.496
2024-08-27 00:00:00+00:00,215.25,218.34,198.44795,65.25963,3.5328565,0.47266881028938906,-10.0,47414.243932120175,0.0,47404.243932120175,0,,46222.176
2024-08-28 00:00:00+00:00,217.85,217.08,198.7551,78.26087,3.354285,0.47266881028938906,-10.0,47140.62569480237,0.0,47130.62569480237,0,,45955.438
2024-08-29 00:00:00+00:00,219.42,217.66,199.0492,73.189545,3.267142,0.47266881028938906,-10.0,47266.57780076532,0.0,47256.57780076532,0,,46078.223
2024-08-30 00:00:00+00:00,218.66,219.64,199.3285,72.44656,3.2407138,0.6153846153846154,-10.0,47696.549648943066,0.0,47686.549648943066,0,,46497.387
2024-09-03 00:00:00+00:00,219.07,215.65,199.61336,76.49947,3.3157132,0.6153846153846154,-10.0,46830.08817450321,0.0,46820.08817450321,0,,45652.71
2024-09-04 00:00:00+00:00,214.84,214.25,199.85645,67.442635,3.5607126,0.8,-10.0,46526.06915765903,0.0,46516.06915765903,0,,45356.336
2024-09-05 00:00:00+00:00,214.81,216.0,200.09985,61.19974,3.4721417,0.6153846153846154,-10.0,46906.09325778917,0.0,46896.09325778917,0,,45726.805
2024-09-06 00:00:00+00:00,216.56,213.1,200.344,59.73373,3.4528558,0.6153846153846154,-10.0,46276.33736740642,0.0,46266.33736740642,0,,45112.883
2024-09-09 00:00:00+00:00,214.75,214.94,200.56805,51.11034,3.7035697,0.47266881028938906,-10.0,46675.90799841679,0.0,46665.90799841679,0,,45502.406
2024-09-10 00:00:00+00:00,215.04,210.65,200.7969,50.682533,3.7907116,0.47266881028938906,-10.0,45744.299249949,0.0,45734.299249949,0,,44594.215
2024-09-11 00:00:00+00:00,210.21,211.58,201.00085,47.1354,3.996426,0.47266881028938906,-10.0,45946.256490378146,0.0,45936.256490378146,0,,44791.098
2024-09-12 00:00:00+00:00,213.96,216.13,201.2035,41.22332,4.0507126,0.5787037037037036,-10.0,46934.32517660574,0.0,46924.32517660574,0,,45754.324
2024-09-13 00:00:00+00:00,216.7,216.82,201.43504,50.47499,4.2321405,0.575,-10.0,47084.16507406604,0.0,47074.16507406604,0,,45900.4
2024-09-16 00:00:00+00:00,218.15,218.1,201.6753,49.564674,4.189283,0.575,-10.0,47362.1256156479,0.0,47352.1256156479,0,,46171.37
2024-09-17 00:00:00+00:00,219.5,220.38,201.92896,54.60809,4.112854,0.5787037037037036,-10.0,47857.2464084825,0.0,47847.2464084825,0,,46654.043
2024-09-18 00:00:00+00:00,222.0,220.98,202.19756,53.432045,3.9514248,0.575,-10.0,47987.53784580761,0.0,47977.53784580761,0,,46781.06
2024-09-19 00:00:00+00:00,225.03,225.54,202.46484,56.710243,4.0421395,0.5787037037037036,-10.0,48977.77827380055,0.0,48967.77827380055,0,,47746.402
2024-09-20 00:00:00+00:00,225.17,224.64,202.73836,61.924927,4.1464257,0.575,-10.0,48782.33677147535,0.0,48772.33677147535,0,,47555.87
2024-09-23 00:00:00+00:00,224.73,224.66,203.0037,57.82228,4.0678535,0.575,-10.0,48786.68080633409,0.0,48776.68080633409,0,,47560.105
2024-09-24 00:00:00+00:00,226.26,228.47,203.28986,66.095055,3.9085693,0.575,-10.0,49614.05178193227,0.0,49604.05178193227,0,,48366.676
2024-09-25 00:00:00+00:00,228.68,227.39,203.5919,73.38817,3.9957123,0.575,-10.0,49379.51994907505,0.0,49369.51994907505,0,,48138.043
2024-09-26 00:00:00+00:00,228.93,232.91,203.8767,69.15574,3.9399981,0.575,-10.0,50578.23452524666,0.0,50568.23452524666,0,,49306.617
2024-09-27 00:00:00+00:00,233.72,234.36,204.1846,80.618225,3.882855,0.5787037037037036,-10.0,50893.11367085062,0.0,50883.11367085062,0,,49613.582
2024-09-30 00:00:00+00:00,233.64,230.5,204.47134,80.38172,3.7707126,0.5787037037037036,-10.0,50054.885122006446,0.0,50044.885122006446,0,,48796.426
2024-10-01 00:00:00+00:00,231.56,229.83,204.73096,81.47797,3.73857,0.5787037037037036,-10.0,49909.38859965465,0.0,49899.38859965465,0,,48654.586
2024-10-02 00:00:00+00:00,228.51,231.46,204.98965,79.181335,3.7642844,0.575,-10.0,50263.35783571239,0.0,50253.35783571239,0,,48999.652
2024-10-03 00:00:00+00:00,230.11,230.88,205.26315,77.03705,3.6707132,0.5787037037037036,-10.0,50137.40595986057,0.0,50127.40595986057,0,,48876.867
2024-10-04 00:00:00+00:00,233.45,233.72,205.5314,74.89377,3.7028568,0.5787037037037036,-10.0,50754.13264101841,0.0,50744.13264101841,0,,49478.086
2024-10-07 00:00:00+00:00,233.55,232.5,205.80756,76.20805,3.6914291,0.5787037037037036,-10.0,50489.199298074636,0.0,50479.199298074636,0,,49219.812
2024-10-08 00:00:00+00:00,233.84,234.19,206.07135,71.085594,3.7564304,0.5787037037037036,-10.0,50856.19450481216,0.0,50846.19450481216,0,,49577.58
2024-10-09 00:00:00+00:00,234.48,236.98,206.35394,72.14215,3.684288,0.5787037037037036,-10.0,51462.065646988245,0.0,51452.065646988245,0,,50168.22
2024-10-10 00:00:00+00:00,236.27,235.95,206.63126,70.384895,3.577858,0.6,-10.0,51238.39243285198,0.0,51228.39243285198,0,,49950.17
2024-10-11 00:00:00+00:00,236.0,238.13,206.90346,70.0603,3.5714307,0.5787037037037036,-10.0,51711.80013118622,0.0,51701.80013118622,0,,50411.676
2024-10-14 00:00:00+00:00,237.14,237.76,207.18805,72.1911,3.5700018,0.5787037037037036,-10.0,51631.44860459087,0.0,51621.44860459087,0,,50333.348
2024-10-15 00:00:00+00:00,237.89,236.12,207.46925,67.261215,3.452145,0.5787037037037036,-10.0,51275.31098567259,0.0,51265.31098567259,0,,49986.164
2024-10-16 00:00:00+00:00,236.49,237.49,207.74115,65.890045,3.5078595,0.575,-10.0,51572.818264150104,0.0,51562.818264150104,0,,50276.188
2024-10-17 00:00:00+00:00,238.77,238.47,208.01816,59.819893,3.2350028,0.575,-10.0,51785.62986581436,0.0,51775.62986581436,0,,50483.652
2024-10-18 00:00:00+00:00,240.0,238.81,208.31015,58.993427,3.1835742,0.5787037037037036,-10.0,51859.46287043147,0.0,51849.46287043147,0,,50555.63
2024-10-21 00:00:00+00:00,237.95,236.95,208.6096,71.49506,3.0071454,0.5787037037037036,-10.0,51455.550333766136,0.0,51445.550333766136,0,,50161.87
2024-10-22 00:00:00+00:00,238.14,238.13,208.9006,67.3489,2.8342874,0.5787037037037036,-10.0,51711.79733150319,0.0,51701.79733150319,0,,50411.676
2024-10-23 00:00:00+00:00,237.5,233.5,209.18875,66.61682,2.732859,0.5787037037037036,-10.0,50706.3568750454,0.0,50696.3568750454,0,,49431.516
2024-10-24 00:00:00+00:00,233.1,235.21,209.44525,55.43116,3.047858,0.575,-10.0,51077.69901213235,0.0,51067.69901213235,0,,49793.52
2024-10-25 00:00:00+00:00,237.32,236.11,209.71304,53.240547,3.0842874,0.5787037037037036,-10.0,51273.141686637035,0.0,51263.141686637035,0,,49984.05
2024-10-28 00:00:00+00:00,237.91,237.17,209.981,57.962055,2.9864295,0.6,-10.0,51503.32844896027,0.0,51493.32844896027,0,,50208.45
2024-10-29 00:00:00+00:00,236.5,239.15,210.2561,56.760418,2.9857144,0.5787037037037036,-10.0,51933.302182139545,0.0,51923.302182139545,0,,50627.613
2024-10-30 00:00:00+00:00,238.59,238.41,210.54105,55.110683,2.9935727,0.5787037037037036,-10.0,51772.6072541979,0.0,51762.6072541979,0,,50470.957
2024-10-31 00:00:00+00:00,238.47,234.85,210.82115,55.873936,3.0628586,0.5787037037037036,-10.0,50999.524454612074,0.0,50989.524454612074,0,,49717.312
2024-11-01 00:00:00+00:00,234.85,236.47,211.0778,42.652336,3.3057163,0.5787037037037036,-10.0,51351.32149681098,0.0,51341.32149681098,0,,50060.26
2024-11-04 00:00:00+00:00,235.28,233.4,211.3316,47.263485,3.4342868,0.5787037037037036,-10.0,50684.64441587068,0.0,50674.64441587068,0,,49410.348
2024-11-05 00:00:00+00:00,233.82,235.65,211.5617,44.559998,3.4750018,0.5787037037037036,-10.0,51173.24933577851,0.0,51163.24933577851,0,,49886.67
2024-11-06 00:00:00+00:00,244.86,246.43,211.7977,46.445107,3.558573,0.5787037037037036,-10.0,53514.21310391609,0.0,53504.21310391609,0,,52168.78
2024-11-07 00:00:00+00:00,246.43,246.23,212.09296,61.154697,4.3921456,0.575,-10.0,53470.78220777558,0.0,53460.78220777558,0,,52126.44
2024-11-08 00:00:00+00:00,246.54,247.65,212.38625,60.438942,4.4192877,0.575,-10.0,53779.14755645626,0.0,53769.14755645626,0,,52427.055
2024-11-11 00:00:00+00:00,249.59,250.36,212.66565,65.242165,4.425003,0.575,-10.0,54367.64932326816,0.0,54357.64932326816,0,,53000.76
2024-11-12 00:00:00+00:00,249.69,250.6,212.9543,66.69396,4.5978613,0.575,-10.0,54419.77056148286,0.0,54409.77056148286,0,,53051.57
2024-11-13 00:00:00+00:00,250.13,252.65,213.24146,76.51987,4.262861,0.575,-10.0,54864.93846963872,0.0,54854.93846963872,0,,53485.547
2024-11-14 00:00:00+00:00,254.41,250.04,213.5338,76.76489,4.2485743,0.5787037037037036,-10.0,54298.15632051801,0.0,54288.15632051801,0,,52933.016
2024-11-15 00:00:00+00:00,249.29,248.41,213.8292,70.31205,4.5050025,0.575,-10.0,53944.19204786283,0.0,53934.19204786283,0,,52587.953
2024-11-18 00:00:00+00:00,248.14,249.04,214.10265,66.12165,4.610717,0.5787037037037036,-10.0,54080.99767063436,0.0,54070.99767063436,0,,52721.32
2024-11-19 00:00:00+00:00,246.3,249.76,214.3728,64.756805,4.53286,0.5787037037037036,-10.0,54237.34927932894,0.0,54227.34927932894,0,,52873.74
2024-11-20 00:00:00+00:00,250.0,250.14,214.65324,66.94536,4.6407156,0.5787037037037036,-10.0,54319.869679477815,0.0,54309.869679477815,0,,52954.188
2024-11-21 00:00:00+00:00,251.02,251.83,214.93085,75.2227,4.338572,0.575,-10.0,54686.86484888905,0.0,54676.86484888905,0,,53311.953
2024-11-22 00:00:00+00:00,251.86,253.0,215.20985,75.2798,4.2378583,0.575,-10.0,54940.9369409162,0.0,54930.9369409162,0,,53559.637
2024-11-25 00:00:00+00:00,255.01,253.63,215.5021,84.41015,4.1492867,0.5787037037037036,-10.0,55077.74882099914,0.0,55067.74882099914,0,,53693.008
2024-11-26 00:00:00+00:00,253.73,253.0,215.80945,83.46988,4.1021433,0.5787037037037036,-10.0,54940.93767757902,0.0,54930.93767757902,0,,53559.637
2024-11-27 00:00:00+00:00,250.96,250.42,216.1066,69.65892,3.3064282,0.5787037037037036,-10.0,54380.6698032558,0.0,54370.6698032558,0,,53013.453
2024-11-29 00:00:00+00:00,251.46,253.44,216.40816,60.974342,3.3278568,0.575,-10.0,55036.49022788958,0.0,55026.49022788958,0,,53652.79
2024-12-02 00:00:00+00:00,253.44,250.47,216.71185,63.992287,3.4278564,0.575,-10.0,54391.5313580315,0.0,54381.5313580315,0,,53024.043
2024-12-03 00:00:00+00:00,251.73,251.02,216.9834,50.26253,3.4357126,0.575,-10.0,54510.96619246588,0.0,54500.96619246588,0,,53140.477
2024-12-04 00:00:00+00:00,250.78,254.01,217.25066,50.987766,3.4342837,0.575,-10.0,55160.267690634726,0.0,55150.267690634726,0,,53773.457
2024-12-05 00:00:00+00:00,254.47,255.39,217.53525,53.063065,3.4428546,0.5787037037037036,-10.0,55459.944828931446,0.0,55449.944828931446,0,,54065.598
2024-12-06 00:00:00+00:00,255.62,258.46,217.817,62.756332,3.220712,0.575,-10.0,56126.619194530576,0.0,56116.619194530576,0,,54715.516
2024-12-09 00:00:00+00:00,258.34,250.0,218.09705,72.423,3.2049985,0.5787037037037036,-10.0,54289.46541305629,0.0,54279.46541305629,0,,52924.547
2024-12-10 00:00:00+00:00,252.32,253.72,218.32436,51.58731,3.6849976,0.575,-10.0,55097.29597818151,0.0,55087.29597818151,0,,53712.066
2024-12-11 00:00:00+00:00,256.32,256.95,218.5779,55.956688,3.7214267,0.575,-10.0,55798.7175289444,0.0,55788.7175289444,0,,54395.85
2024-12-12 00:00:00+00:00,257.62,255.9,218.8447,59.43476,3.8328552,0.575,-10.0,55570.69637967956,0.0,55560.69637967956,0,,54173.566
2024-12-13 00:00:00+00:00,256.42,252.76,219.1044,55.740463,3.8607123,0.575,-10.0,54888.82220765901,0.0,54878.82220765901,0,,53508.836
2024-12-16 00:00:00+00:00,251.66,253.0,219.3466,49.67931,4.0314264,0.575,-10.0,54940.93925364376,0.0,54930.93925364376,0,,53559.64
2024-12-17 00:00:00+00:00,252.07,250.27,219.5872,49.149334,4.121427,0.575,-10.0,54348.10084726906,0.0,54338.10084726906,0,,52981.71
2024-12-18 00:00:00+00:00,250.5,242.53,219.8265,46.511635,4.173571,0.575,-10.0,52667.29643669721,0.0,52657.29643669721,0,,51343.164
2024-12-19 00:00:00+00:00,245.23,245.75,220.0201,41.092804,4.642857,0.7142857142857143,-10.0,53366.54413143324,0.0,53356.54413143324,0,,52024.832
2024-12-20 00:00:00+00:00,245.28,249.42,220.2308,41.35761,4.6585717,0.5787037037037036,-10.0,54163.51073775472,0.0,54153.51073775472,0,,52801.76
2024-12-23 00:00:00+00:00,247.75,250.71,220.4532,48.838234,4.890714,0.5787037037037036,-10.0,54443.64518638651,0.0,54433.64518638651,0,,53074.85
2024-12-24 00:00:00+00:00,250.86,253.26,220.6782,49.662533,5.031429,0.5787037037037036,-10.0,54997.39453919304,0.0,54987.39453919304,0,,53614.68
2024-12-26 00:00:00+00:00,251.0,251.76,220.92355,49.175644,4.950715,0.5787037037037036,-10.0,54671.65628198931,0.0,54661.65628198931,0,,53297.13
2024-12-27 00:00:00+00:00,249.2,249.94,221.1472,46.020607,4.912858,0.5787037037037036,-10.0,54276.42997265975,0.0,54266.42997265975,0,,52911.84
2024-12-30 00:00:00+00:00,246.66,248.2,221.35425,40.39677,4.951429,0.5787037037037036,-10.0,53898.57357098103,0.0,53888.57357098103,0,,52543.484
2024-12-31 00:00:00+00:00,248.64,247.16,221.56065,47.608925,4.654287,0.575,-10.0,53672.73062877498,0.0,53662.73062877498,0,,52323.316
2025-01-02 00:00:00+00:00,248.56,245.12,221.77315,40.61786,4.54143,0.575,-10.0,53229.725958241426,0.0,53219.725958241426,0,,51891.45
2025-01-03 00:00:00+00:00,246.0,246.52,221.96625,32.48444,4.5828586,0.5787037037037036,-10.0,53533.75049128806,0.0,53523.75049128806,0,,52187.832
2025-01-06 00:00:00+00:00,246.6,243.55,222.15825,36.254417,4.596429,0.5787037037037036,-10.0,52888.79149537643,0.0,52878.79149537643,0,,51559.09
2025-01-07 00:00:00+00:00,243.34,241.38,222.32346,36.43595,4.5542865,0.5787037037037036,-10.0,52417.55865083873,0.0,52407.55865083873,0,,51099.707
2025-01-08 00:00:00+00:00,241.56,243.3,222.4776,33.807144,4.587143,0.5787037037037036,-10.0,52834.50048445132,0.0,52824.50048445132,0,,51506.168
2025-01-10 00:00:00+00:00,242.28,240.69,222.6376,40.062733,4.557857,0.5787037037037036,-10.0,52267.717072460284,0.0,52257.717072460284,0,,50953.633
2025-01-13 00:00:00+00:00,238.98,241.47,222.79045,46.927193,4.201428,0.5787037037037036,-10.0,52437.10130028626,0.0,52427.10130028626,0,,51118.754
2025-01-14 00:00:00+00:00,244.03,244.97,222.9326,42.218185,4.1357126,0.5787037037037036,-10.0,53197.15287380126,0.0,53187.15287380126,0,,51859.7
2025-01-15 00:00:00+00:00,248.99,243.92,223.08575,41.85877,3.864999,0.5787037037037036,-10.0,52969.137661962304,0.0,52959.137661962304,0,,51637.414
2025-01-16 00:00:00+00:00,244.46,246.65,223.2388,37.46768,4.034284,0.5787037037037036,-10.0,53561.97898053013,0.0,53551.97898053013,0,,52215.35
2025-01-17 00:00:00+00:00,248.31,246.61,223.40855,37.880455,4.1157126,0.5787037037037036,-10.0,53553.2952643029,0.0,53543.2952643029,0,,52206.887
2025-01-21 00:00:00+00:00,247.61,247.5,223.58975,40.02326,4.105714,0.5787037037037036,-10.0,53746.566002526866,0.0,53736.566002526866,0,,52395.3
2025-01-22 00:00:00+00:00,247.75,248.0,223.7664,45.09646,4.105714,0.5787037037037036,-10.0,53855.14695589181,0.0,53845.14695589181,0,,52501.152
2025-01-23 00:00:00+00:00,248.06,250.11,223.96245,49.576996,3.981428,0.5787037037037036,-10.0,54313.35118875011,0.0,54303.35118875011,0,,52947.836
2025-01-24 00:00:00+00:00,250.12,247.73,224.15456,55.969234,4.039286,0.5787037037037036,-10.0,53796.515010212934,0.0,53786.515010212934,0,,52443.996
2025-01-27 00:00:00+00:00,245.35,249.72,224.3353,55.209583,3.952143,0.5787037037037036,-10.0,54228.65800270504,0.0,54218.65800270504,0,,52865.273
2025-01-28 00:00:00+00:00,250.11,253.66,224.53435,56.240242,4.0542865,0.5787037037037036,-10.0,55084.261885093154,0.0,55074.261885093154,0,,53699.363
2025-01-29 00:00:00+00:00,254.15,253.93,224.7547,68.99662,4.1235723,0.5787037037037036,-10.0,55142.89466115946,0.0,55132.89466115946,0,,53756.523
2025-01-30 00:00:00+00:00,255.38,256.79,224.97055,75.39456,4.0564294,0.5787037037037036,-10.0,55763.96979430205,0.0,55753.96979430205,0,,54361.98
2025-01-31 00:00:00+00:00,257.35,256.07,225.229,76.296295,4.1464286,0.5787037037037036,-10.0,55607.61531313582,0.0,55597.61531313582,0,,54209.555
2025-02-03 00:00:00+00:00,251.95,256.27,225.4872,82.36532,3.9992862,0.5787037037037036,-10.0,55651.041527343994,0.0,55641.041527343994,0,,54251.89
2025-02-04 00:00:00+00:00,257.11,258.74,225.75606,81.92406,4.221429,0.5787037037037036,-10.0,56187.42348839984,0.0,56177.42348839984,0,,54774.785
2025-02-05 00:00:00+00:00,258.74,257.85,226.04735,81.0835,4.1400003,0.5787037037037036,-10.0,55994.15758333737,0.0,55984.15758333737,0,,54586.38
2025-02-06 00:00:00+00:00,257.68,270.39,226.3425,81.673546,3.9492886,0.5787037037037036,-10.0,58717.320295216516,0.0,58707.320295216516,0,,57241.08
2025-02-07 00:00:00+00:00,270.07,269.69,226.7221,87.32709,4.7942886,0.5787037037037036,-10.0,58565.305395544085,0.0,58555.305395544085,0,,57092.887
2025-02-10 00:00:00+00:00,271.11,267.48,227.09485,85.551445,5.069288,0.5787037037037036,-10.0,58085.38814846387,0.0,58075.38814846387,0,,56625.03
2025-02-11 00:00:00+00:00,263.5,269.12,227.44705,79.57373,5.202859,0.575,-10.0,58441.5265886723,0.0,58431.5265886723,0,,56972.22
2025-02-12 00:00:00+00:00,268.18,273.45,227.76915,80.240555,5.538574,0.5787037037037036,-10.0,59381.82495547481,0.0,59371.82495547481,0,,57888.875
2025-02-13 00:00:00+00:00,275.22,269.52,228.11674,81.42166,5.694287,0.5787037037037036,-10.0,58528.38989229663,0.0,58518.38989229663,0,,57056.895
2025-02-14 00:00:00+00:00,270.78,265.87,228.45375,78.159706,5.9842877,0.5787037037037036,-10.0,57735.76375681271,0.0,57725.76375681271,0,,56284.195
2025-02-18 00:00:00+00:00,265.78,268.87,228.7723,70.01238,6.1021457,0.5787037037037036,-10.0,58387.23998724345,0.0,58377.23998724345,0,,56919.293
2025-02-19 00:00:00+00:00,267.73,269.51,229.13025,69.29712,6.1750007,0.5787037037037036,-10.0,58526.22328555293,0.0,58516.22328555293,0,,57054.78
2025-02-20 00:00:00+00:00,269.7,267.81,229.4891,69.58271,6.2557144,0.5787037037037036,-10.0,58157.05270137256,0.0,58147.05270137256,0,,56694.895
2025-02-21 00:00:00+00:00,268.56,259.49,229.8405,64.2672,6.2935715,0.5787037037037036,-10.0,56350.29714528114,0.0,56340.29714528114,0,,54933.562
2025-02-24 00:00:00+00:00,262.08,258.9,230.15025,53.699677,7.0250006,0.575,-10.0,56222.17467043764,0.0,56212.17467043764,0,,54808.66
2025-02-25 00:00:00+00:00,259.95,257.95,230.44424,52.821285,7.012859,0.575,-10.0,56015.877434061425,0.0,56005.877434061425,0,,54607.547
2025-02-26 00:00:00+00:00,260.14,259.96,230.73544,49.124,7.202145,0.575,-10.0,56452.359604700156,0.0,56442.359604700156,0,,55033.06
2025-02-27 00:00:00+00:00,260.96,259.1,231.0333,52.28304,7.265713,0.575,-10.0,56265.60857220344,0.0,56255.60857220344,0,,54851.004
2025-02-28 00:00:00+00:00,260.18,264.96,231.3114,33.651882,6.4907126,0.5787037037037036,-10.0,57538.15343961698,0.0,57528.15343961698,0,,56091.55
2025-03-03 00:00:00+00:00,264.9,263.58,231.5958,44.0413,6.5042844,0.5787037037037036,-10.0,57238.47327075818,0.0,57228.47327075818,0,,55799.406
2025-03-04 00:00:00+00:00,259.69,259.56,231.88326,44.981953,6.566429,0.5787037037037036,-10.0,56365.49970568188,0.0,56355.49970568188,0,,54948.383
2025-03-05 00:00:00+00:00,259.55,259.49,232.15456,38.409313,6.5735703,0.5787037037037036,-10.0,56350.297309398244,0.0,56340.297309398244,0,,54933.562
2025-03-06 00:00:00+00:00,255.08,251.12,232.42915,31.124893,6.477856,0.5787037037037036,-10.0,54532.68522514919,0.0,54522.68522514919,0,,53161.65
2025-03-07 00:00:00+00:00,250.11,247.14,232.6558,27.78849,6.6007113,0.5787037037037036,-10.0,53668.39701030248,0.0,53658.39701030248,0,,52319.094
2025-03-10 00:00:00+00:00,242.63,238.9,232.87054,27.568842,6.786425,0.7137439535633667,-10.0,51879.01390201848,0.0,51869.01390201848,0,,50574.7
2025-03-11 00:00:00+00:00,236.76,231.83,233.0372,18.110209,7.05214,0.7142857142857143,-10.0,50343.70924131626,0.0,50333.70924131626,0,,49077.992
2025-03-12 00:00:00+00:00,234.87,228.4,233.16734,14.732261,7.4342837,0.5787037037037036,-10.0,49598.855790873364,0.0,49588.855790873364,0,,48351.863
2025-03-13 00:00:00+00:00,227.43,221.78,233.2872,14.270125,7.826428,0.5787037037037036,-10.0,48161.27317878497,0.0,48151.27317878497,0,,46950.426
2025-03-14 00:00:00+00:00,224.7,229.37,233.39595,14.723997,7.4457126,0.5787037037037036,-10.0,49809.50026834003,0.0,49799.50026834003,0,,48557.215
2025-03-17 00:00:00+00:00,228.36,234.65,233.5266,25.574823,7.5757117,0.5787037037037036,-10.0,50956.092661358874,0.0,50946.092661358874,0,,49674.977
2025-03-18 00:00:00+00:00,234.03,227.05,233.69984,32.01602,7.672854,0.5787037037037036,-10.0,49305.694755809556,0.0,49295.694755809556,0,,48066.074
2025-03-19 00:00:00+00:00,228.35,232.95,233.8527,26.616447,7.904284,0.5787037037037036,-10.0,50586.926868963594,0.0,50576.926868963594,0,,49315.09
2025-03-20 00:00:00+00:00,230.74,231.91,234.0348,32.661434,8.091426,0.5787037037037036,-10.0,50361.084189855676,0.0,50351.084189855676,0,,49094.926
2025-03-21 00:00:00+00:00,227.26,229.33,234.19135,26.590166,7.8707113,0.5787037037037036,-10.0,49800.815711415395,0.0,49790.815711415395,0,,48548.742
2025-03-24 00:00:00+00:00,232.46,232.56,234.3472,26.1457,8.263567,0.5787037037037036,-10.0,50502.23322615539,0.0,50492.23322615539,0,,49232.527
2025-03-25 00:00:00+00:00,234.0,234.67,234.5078,30.985907,7.9821396,0.5787037037037036,-10.0,50960.4349288228,0.0,50950.4349288228,0,,49679.207
2025-03-26 00:00:00+00:00,235.0,234.86,234.66824,33.009308,7.847141,0.5787037037037036,-10.0,51001.696038417685,0.0,50991.696038417685,0,,49719.434
2025-03-27 00:00:00+00:00,233.41,232.05,234.8367,37.46531,7.444285,0.5787037037037036,-10.0,50391.48320875729,0.0,50381.48320875729,0,,49124.56
2025-03-28 00:00:00+00:00,230.93,225.71,234.98605,38.153553,7.1978564,0.5787037037037036,-10.0,49014.70240935669,0.0,49004.70240935669,0,,47782.39
2025-03-31 00:00:00+00:00,222.16,227.55,235.0905,39.326756,7.0328565,0.5787037037037036,-10.0,49414.27065829161,0.0,49404.27065829161,0,,48171.914
2025-04-01 00:00:00+00:00,226.24,227.28,235.19885,46.216408,6.9928565,0.5787037037037036,-10.0,49355.63817206775,0.0,49345.63817206775,0,,48114.758
2025-04-02 00:00:00+00:00,224.39,231.38,235.2817,48.951313,6.5992837,0.5787037037037036,-10.0,50245.98747698536,0.0,50235.98747698536,0,,48982.72
2025-04-03 00:00:00+00:00,219.85,217.38,235.3804,59.43397,6.6085696,0.5787037037037036,-10.0,47205.77749736183,0.0,47195.77749736183,0,,46018.95
2025-04-04 00:00:00+00:00,212.18,208.85,235.4157,39.5357,7.1085696,0.5787037037037036,-10.0,45353.41985042948,0.0,45343.41985042948,0,,44213.16
2025-04-07 00:00:00+00:00,202.16,204.14,235.38686,28.691776,7.324998,0.5787037037037036,-10.0,44330.60621507852,0.0,44320.60621507852,0,,43216.062
2025-04-08 00:00:00+00:00,211.01,201.28,235.32755,30.13009,7.797142,0.5787037037037036,-10.0,43709.53388339679,0.0,43699.53388339679,0,,42610.6
2025-04-09 00:00:00+00:00,199.7,218.65,235.2449,21.00348,8.202857,0.5787037037037036,-10.0,47481.56312117581,0.0,47471.56312117581,0,,46287.793
2025-04-10 00:00:00+00:00,213.69,209.92,235.25874,40.654068,9.636429,0.5787037037037036,-10.0,45585.774966936515,0.0,45575.774966936515,0,,44439.668
2025-04-11 00:00:00+00:00,208.53,212.41,235.22314,37.410816,9.778571,0.5787037037037036,-10.0,46126.49893049937,0.0,46116.49893049937,0,,44966.797
2025-04-14 00:00:00+00:00,211.75,210.13,235.2098,36.804195,10.122856,0.5787037037037036,-10.0,45631.37884106392,0.0,45621.37884106392,0,,44484.125
2025-04-15 00:00:00+00:00,211.32,211.32,235.1952,33.96498,10.369285,0.5787037037037036,-10.0,45889.79648118056,0.0,45879.79648118056,0,,44736.047
2025-04-16 00:00:00+00:00,209.27,209.09,235.17645,34.816826,10.325713,0.5787037037037036,-10.0,45405.53229171032,0.0,45395.53229171032,0,,44263.957
2025-04-17 00:00:00+00:00,210.8,210.45,235.1309,35.07928,10.377855,0.5787037037037036,-10.0,45700.86878358509,0.0,45690.86878358509,0,,44551.867
2025-04-21 00:00:00+00:00,209.0,204.59,235.112,39.396885,10.079999,0.5787037037037036,-10.0,44428.32422294129,0.0,44418.32422294129,0,,43311.32
2025-04-22 00:00:00+00:00,206.6,210.64,235.05695,34.890762,10.088571,0.5787037037037036,-10.0,45742.12729532127,0.0,45732.12729532127,0,,44592.09
2025-04-23 00:00:00+00:00,217.17,215.36,235.02956,39.82388,10.22,0.575,-10.0,46767.111823127176,0.0,46757.111823127176,0,,45591.3
2025-04-24 00:00:00+00:00,214.5,219.36,235.0343,40.276768,10.4707155,0.5787037037037036,-10.0,47635.74183000247,0.0,47625.74183000247,0,,46438.094
2025-04-25 00:00:00+00:00,219.56,219.62,235.05824,51.36778,9.814287,0.5787037037037036,-10.0,47692.204377902635,0.0,47682.204377902635,0,,46493.133
2025-04-28 00:00:00+00:00,220.91,221.6,235.0801,58.399616,9.375716,0.5787037037037036,-10.0,48122.1820005185,0.0,48112.1820005185,0,,46912.305
2025-04-29 00:00:00+00:00,224.6,226.41,235.08885,64.22288,8.750715,0.5787037037037036,-10.0,49166.70989130043,0.0,49156.70989130043,0,,47930.57
2025-04-30 00:00:00+00:00,223.04,225.48,235.1366,69.840515,8.214286,0.5787037037037036,-10.0,48964.7500540927,0.0,48954.7500540927,0,,47733.688
2025-05-01 00:00:00+00:00,226.91,234.09,235.1604,57.283,7.23,0.5787037037037036,-10.0,50834.48072956079,0.0,50824.48072956079,0,,49556.414
2025-05-02 00:00:00+00:00,235.2,240.9,235.2159,75.839195,6.9385715,0.5787037037037036,-10.0,52313.32481660349,0.0,52303.32481660349,0,,50998.08
2025-05-05 00:00:00+00:00,238.41,238.96,235.27945,77.88214,6.8357153,0.575,-10.0,51892.042245685785,0.0,51882.042245685785,0,,50587.387
2025-05-06 00:00:00+00:00,238.0,236.59,235.3753,78.40393,6.6392865,0.575,-10.0,51377.375202384,0.0,51367.375202384,0,,50085.66
2025-05-07 00:00:00+00:00,238.07,241.65,235.46326,74.33081,6.712143,0.5787037037037036,-10.0,52476.19439952428,0.0,52466.19439952428,0,,51156.85
2025-05-08 00:00:00+00:00,242.9,243.18,235.57555,79.72972,6.827858,0.5787037037037036,-10.0,52808.44447450066,0.0,52798.44447450066,0,,51480.746
2025-05-09 00:00:00+00:00,242.55,243.01,235.6907,79.79246,6.9028583,0.5787037037037036,-10.0,52771.529086584276,0.0,52761.529086584276,0,,51444.758
2025-05-12 00:00:00+00:00,256.01,252.42,235.80244,89.01299,6.442858,0.575,-10.0,54814.988000529855,0.0,54804.988000529855,0,,53436.844
2025-05-13 00:00:00+00:00,253.92,256.01,235.99155,89.71482,7.1607156,0.5787037037037036,-10.0,55594.58778137445,0.0,55584.58778137445,0,,54196.84
2025-05-14 00:00:00+00:00,255.5,253.0,236.2057,89.48902,6.7635717,0.575,-10.0,54940.94143102629,0.0,54930.94143102629,0,,53559.63
2025-05-15 00:00:00+00:00,251.72,252.49,236.39265,83.32011,6.633571,0.5787037037037036,-10.0,54830.193157996015,0.0,54820.193157996015,0,,53451.66
2025-05-16 00:00:00+00:00,252.35,255.77,236.566,82.396996,6.5235715,0.5787037037037036,-10.0,55542.46993133031,0.0,55532.46993133031,0,,54146.03
2025-05-19 00:00:00+00:00,252.82,256.45,236.75105,82.836815,6.484286,0.5787037037037036,-10.0,55690.14207274859,0.0,55680.14207274859,0,,54289.99
2025-05-20 00:00:00+00:00,254.83,253.41,236.95995,81.35699,6.4271426,0.5787037037037036,-10.0,55029.98156367317,0.0,55019.98156367317,0,,53646.426
2025-05-21 00:00:00+00:00,250.11,246.76,237.18346,77.92441,6.039286,0.5787037037037036,-10.0,53585.88053087626,0.0,53575.88053087626,0,,52238.633
2025-05-22 00:00:00+00:00,246.68,246.64,237.39246,63.184174,5.797143,0.5787037037037036,-10.0,53559.82414503901,0.0,53549.82414503901,0,,52213.23
2025-05-23 00:00:00+00:00,243.12,244.77,237.61655,56.93907,5.4757133,0.5787037037037036,-10.0,53153.73946980318,0.0,53143.73946980318,0,,51817.355
2025-05-27 00:00:00+00:00,247.97,253.08,237.8048,57.03559,5.4571414,0.575,-10.0,54958.32006676308,0.0,54948.32006676308,0,,53576.566
2025-05-28 00:00:00+00:00,253.0,250.78,238.0526,67.45712,5.797142,0.5787037037037036,-10.0,54458.85668873782,0.0,54448.85668873782,0,,53089.656
2025-05-29 00:00:00+00:00,250.99,248.26,238.2813,60.265347,5.489284,0.575,-10.0,53911.61665855059,0.0,53901.61665855059,0,,52556.176
2025-05-30 00:00:00+00:00,247.76,248.44,238.491,55.587326,5.57857,0.5787037037037036,-10.0,53950.70424644567,0.0,53940.70424644567,0,,52594.28
2025-06-02 00:00:00+00:00,247.66,249.13,238.70525,55.970974,5.6114273,0.5787037037037036,-10.0,54100.54358898423,0.0,54090.54358898423,0,,52740.355
2025-06-03 00:00:00+00:00,248.82,251.1,238.9251,45.523823,4.85357,0.575,-10.0,54528.34416780351,0.0,54518.34416780351,0,,53157.402
2025-06-04 00:00:00+00:00,251.12,249.43,239.14165,43.011673,4.7249985,0.575,-10.0,54165.686757960786,0.0,54155.686757960786,0,,52803.86
2025-06-05 00:00:00+00:00,249.0,248.47,239.33585,44.71737,4.6185694,0.575,-10.0,53957.217572152585,0.0,53947.217572152585,0,,52600.633
2025-06-06 00:00:00+00:00,250.98,252.81,239.5159,44.129673,4.699998,0.575,-10.0,54899.68304322055,0.0,54889.68304322055,0,,53519.402
2025-06-09 00:00:00+00:00,252.82,252.07,239.7072,45.80736,4.660713,0.575,-10.0,54738.988108203535,0.0,54728.988108203535,0,,53362.746
2025-06-10 00:00:00+00:00,252.53,253.54,239.9055,43.806557,4.489285,0.575,-10.0,55058.203949409275,0.0,55048.203949409275,0,,53673.934
2025-06-11 00:00:00+00:00,254.32,253.54,240.09105,50.19235,4.3792844,0.575,-10.0,55058.203949409275,0.0,55048.203949409275,0,,53673.934
2025-06-12 00:00:00+00:00,251.9,250.55,240.2796,62.490795,4.1935706,0.5787037037037036,-10.0,54408.90487464011,0.0,54398.90487464011,0,,53040.96
2025-06-13 00:00:00+00:00,245.83,243.88,240.4469,56.514507,4.2728567,0.575,-10.0,52960.463583136494,0.0,52950.463583136494,0,,51628.938
2025-06-16 00:00:00+00:00,246.7,247.35,240.58984,48.72163,4.6678576,0.575,-10.0,53714.00327547029,0.0,53704.00327547029,0,,52363.535
2025-06-17 00:00:00+00:00,245.65,246.97,240.7349,40.440445,4.3985715,0.575,-10.0,53631.48193018718,0.0,53621.48193018718,0,,52283.086
2025-06-18 00:00:00+00:00,247.75,247.56,240.88435,43.208557,4.4200006,0.5787037037037036,-10.0,53759.60508219059,0.0,53749.60508219059,0,,52407.99
2025-06-20 00:00:00+00:00,249.29,248.86,241.03384,48.660034,4.2835717,0.5787037037037036,-10.0,54041.91227349999,0.0,54031.91227349999,0,,52683.2
2025-06-23 00:00:00+00:00,248.79,252.34,241.17995,50.770924,4.3450003,0.5787037037037036,-10.0,54797.61959434877,0.0,54787.61959434877,0,,53419.91
2025-06-24 00:00:00+00:00,254.37,255.93,241.3634,55.344646,4.557143,0.575,-10.0,55577.21405331602,0.0,55567.21405331602,0,,54179.902
2025-06-25 00:00:00+00:00,256.76,253.72,241.5718,57.630318,4.635002,0.575,-10.0,55097.29573380698,0.0,55087.29573380698,0,,53712.047
2025-06-26 00:00:00+00:00,254.55,257.49,241.7604,56.663586,4.7992883,0.575,-10.0,55915.97774001592,0.0,55905.97774001592,0,,54510.145
2025-06-27 00:00:00+00:00,257.69,265.5,241.98235,62.88572,4.8492866,0.575,-10.0,57655.41319095014,0.0,57645.41319095014,0,,56205.85
2025-06-30 00:00:00+00:00,265.61,266.34,242.23515,66.40809,5.1278577,0.575,-10.0,57837.82422578307,0.0,57827.82422578307,0,,56383.676
2025-07-01 00:00:00+00:00,265.42,268.96,242.5136,68.40341,5.2071447,0.575,-10.0,58406.77671674312,0.0,58396.77671674312,0,,56938.324
2025-07-02 00:00:00+00:00,268.69,270.11,242.8005,69.313644,5.4471445,0.575,-10.0,58656.505379770344,0.0,58646.505379770344,0,,57181.773
2025-07-03 00:00:00+00:00,271.32,273.42,243.0704,70.17288,5.336429,0.5787037037037036,-10.0,59375.30315688953,0.0,59365.30315688953,0,,57882.5
2025-07-07 00:00:00+00:00,272.1,270.85,243.3534,77.62746,5.3464313,0.575,-10.0,58817.20655838761,0.0,58807.20655838761,0,,57338.434
2025-07-08 00:00:00+00:00,271.85,272.96,243.61716,86.162506,5.136429,0.575,-10.0,59275.40482338987,0.0,59265.40482338987,0,,57785.11
2025-07-09 00:00:00+00:00,274.56,272.53,243.88005,85.638725,5.067143,0.5787037037037036,-10.0,59182.028802357694,0.0,59172.028802357694,0,,57694.082
2025-07-10 00:00:00+00:00,273.9,277.48,244.1378,85.51975,5.1392865,0.575,-10.0,60256.964076057746,0.0,60246.964076057746,0,,58741.992
2025-07-11 00:00:00+00:00,275.99,277.31,244.3975,87.0848,5.231429,0.5787037037037036,-10.0,60220.0460716798,0.0,60210.0460716798,0,,58706.004
2025-07-14 00:00:00+00:00,277.27,278.65,244.66084,86.279,5.1264277,0.5787037037037036,-10.0,60511.03828010288,0.0,60501.03828010288,0,,58989.676
2025-07-15 00:00:00+00:00,278.65,274.34,244.9308,85.48691,4.864286,0.5787037037037036,-10.0,59575.08952473807,0.0,59565.08952473807,0,,58077.258
2025-07-16 00:00:00+00:00,275.26,273.47,245.16016,74.35829,4.923571,0.575,-10.0,59386.1646719452,0.0,59376.1646719452,0,,57893.086
2025-07-17 00:00:00+00:00,273.27,272.21,245.39055,77.091896,4.857143,0.5787037037037036,-10.0,59112.542998640994,0.0,59102.542998640994,0,,57626.344
2025-07-18 00:00:00+00:00,273.39,272.68,245.58705,71.68531,4.865001,0.5787037037037036,-10.0,59214.60833210184,0.0,59204.60833210184,0,,57725.84
2025-07-21 00:00:00+00:00,273.85,270.85,245.77866,63.598457,4.4357147,0.5787037037037036,-10.0,58817.21167162225,0.0,58807.21167162225,0,,57338.434
2025-07-22 00:00:00+00:00,272.51,273.84,245.9804,58.232944,4.415,0.5787037037037036,-10.0,59466.5099902037,0.0,59456.5099902037,0,,57971.406
2025-07-23 00:00:00+00:00,264.9,266.85,246.20045,58.78963,4.3299994,0.5787037037037036,-10.0,57948.57925388102,0.0,57938.57925388102,0,,56491.637
2025-07-24 00:00:00+00:00,266.43,267.57,246.3774,45.14884,4.835,0.575,-10.0,58104.93512875708,0.0,58094.93512875708,0,,56644.062
2025-07-25 00:00:00+00:00,269.19,273.65,246.56085,40.567543,4.89357,0.575,-10.0,59425.25121750898,0.0,59415.25121750898,0,,57931.184
2025-07-28 00:00:00+00:00,273.16,270.57,246.7605,54.055607,4.9385705,0.5787037037037036,-10.0,58756.4078520392,0.0,58746.4078520392,0,,57279.156
2025-07-29 00:00:00+00:00,271.52,273.06,246.95085,46.632874,4.930714,0.575,-10.0,59297.12654736525,0.0,59287.12654736525,0,,57806.28
2025-07-30 00:00:00+00:00,273.64,273.29,247.1452,50.705727,4.825714,0.575,-10.0,59347.074464371704,0.0,59337.074464371704,0,,57854.973
2025-07-31 00:00:00+00:00,273.06,268.08,247.32675,43.61863,4.7278595,0.5787037037037036,-10.0,58215.67775404541,0.0,58205.67775404541,0,,56752.02
2025-08-01 00:00:00+00:00,264.7,260.84,247.4874,37.813545,5.0271454,0.5787037037037036,-10.0,56643.458300312435,0.0,56633.458300312435,0,,55219.324
2025-08-04 00:00:00+00:00,261.49,262.42,247.60095,29.654999,5.4007154,0.5787037037037036,-10.0,56986.56934407724,0.0,56976.56934407724,0,,55553.81
2025-08-05 00:00:00+00:00,261.62,260.15,247.72424,35.477596,5.1557136,0.575,-10.0,56493.61825876206,0.0,56483.61825876206,0,,55073.25
2025-08-06 00:00:00+00:00,259.73,260.95,247.8444,34.30725,5.202857,0.5787037037037036,-10.0,56667.349808766696,0.0,56657.349808766696,0,,55242.613
2025-08-07 00:00:00+00:00,264.42,260.92,247.9617,36.58888,5.1642847,0.5787037037037036,-10.0,56660.83434650042,0.0,56650.83434650042,0,,55236.26
2025-08-08 00:00:00+00:00,261.21,262.3,248.07394,35.844997,5.385714,0.5787037037037036,-10.0,56960.50439624131,0.0,56950.50439624131,0,,55528.4
2025-08-11 00:00:00+00:00,260.9,261.05,248.1914,39.595985,5.5992846,0.5787037037037036,-10.0,56689.058511090385,0.0,56679.058511090385,0,,55263.777
2025-08-12 00:00:00+00:00,262.66,268.77,248.3119,33.7484,5.5192847,0.5787037037037036,-10.0,58365.51522359128,0.0,58355.51522359128,0,,56898.082
2025-08-13 00:00:00+00:00,268.45,272.85,248.4651,52.395187,5.385714,0.5787037037037036,-10.0,59251.524134676714,0.0,59241.524134676714,0,,57761.816
2025-08-14 00:00:00+00:00,271.36,270.34,248.66185,56.077343,5.4499993,0.5787037037037036,-10.0,58706.45739175741,0.0,58696.45739175741,0,,57230.453
2025-08-15 00:00:00+00:00,271.12,267.73,248.8375,45.84902,5.21,0.575,-10.0,58139.678109901,0.0,58129.678109901,0,,56677.92
2025-08-18 00:00:00+00:00,267.36,269.15,248.9956,46.39595,5.1871424,0.5787037037037036,-10.0,58448.03587543106,0.0,58438.03587543106,0,,56978.527
2025-08-19 00:00:00+00:00,268.53,271.73,249.1555,44.89956,5.259999,0.5787037037037036,-10.0,59008.30344458905,0.0,58998.30344458905,0,,57524.71
2025-08-20 00:00:00+00:00,269.85,269.9,249.3184,48.0826,5.375713,0.5787037037037036,-10.0,58610.902040333385,0.0,58600.902040333385,0,,57137.297
2025-08-21 00:00:00+00:00,268.66,269.19,249.47585,52.439686,5.1307135,0.575,-10.0,58456.72070591842,0.0,58446.72070591842,0,,56986.996
2025-08-22 00:00:00+00:00,271.01,277.5,249.64755,63.568398,4.607856,0.5787037037037036,-10.0,60261.30525606126,0.0,60251.30525606126,0,,58746.21
2025-08-25 00:00:00+00:00,277.55,274.07,249.8527,70.106636,5.1057153,0.575,-10.0,59516.45537193508,0.0,59506.45537193508,0,,58020.086
2025-08-26 00:00:00+00:00,274.36,275.34,250.05605,68.00312,5.116429,0.575,-10.0,59792.24178807975,0.0,59782.24178807975,0,,58288.938
2025-08-27 00:00:00+00:00,275.12,276.4,250.2545,68.38742,5.085,0.575,-10.0,60022.426659789606,0.0,60012.426659789606,0,,58513.336
2025-08-28 00:00:00+00:00,277.62,276.3,250.40434,69.272896,4.8871436,0.5787037037037036,-10.0,60000.71053419255,0.0,59990.71053419255,0,,58492.164
2025-08-29 00:00:00+00:00,274.4,276.06,250.5547,68.00411,4.5428576,0.5787037037037036,-10.0,59948.59638403174,0.0,59938.59638403174,0,,58441.363
2025-09-02 00:00:00+00:00,273.1,276.01,250.69675,69.81781,4.6221423,0.5787037037037036,-10.0,59937.740957492875,0.0,59927.740957492875,0,,58430.78
2025-09-03 00:00:00+00:00,275.78,275.0,250.825,61.986797,4.424286,0.575,-10.0,59718.41030510076,0.0,59708.41030510076,0,,58216.96
2025-09-04 00:00:00+00:00,275.74,278.06,250.947,53.962395,4.367144,0.575,-10.0,60382.91100112789,0.0,60372.91100112789,0,,58864.754
2025-09-05 00:00:00+00:00,278.2,272.3,251.07405,63.945107,4.4492884,0.5787037037037036,-10.0,59132.079105697085,0.0,59122.079105697085,0,,57645.375
2025-09-08 00:00:00+00:00,272.45,277.8,251.18535,57.41158,4.8814306,0.575,-10.0,60326.44925094084,0.0,60316.44925094084,0,,58809.715
2025-09-09 00:00:00+00:00,277.08,274.97,251.3323,62.38899,5.002145,0.575,-10.0,59711.89472089385,0.0,59701.89472089385,0,,58210.613
2025-09-10 00:00:00+00:00,274.31,273.1,251.46194,54.6075,4.8307147,0.575,-10.0,59305.811372382996,0.0,59295.811372382996,0,,57814.74
2025-09-11 00:00:00+00:00,273.49,278.22,251.57864,54.54548,4.8735723,0.575,-10.0,60417.658181424566,0.0,60407.658181424566,0,,58898.63
2025-09-12 00:00:00+00:00,277.83,274.73,251.71906,61.398647,5.0942864,0.575,-10.0,59659.78050867747,0.0,59649.78050867747,0,,58159.81
2025-09-15 00:00:00+00:00,274.81,271.25,251.83356,46.018982,4.671428,0.575,-10.0,58904.070051450086,0.0,58894.070051450086,0,,57423.1
2025-09-16 00:00:00+00:00,271.74,273.88,251.9248,45.95291,4.594999,0.5787037037037036,-10.0,59475.19729182593,0.0,59465.19729182593,0,,57979.87
2025-09-17 00:00:00+00:00,274.43,266.41,252.02605,47.983437,4.6121435,0.5787037037037036,-10.0,57853.02747357028,0.0,57843.02747357028,0,,56398.48
2025-09-18 00:00:00+00:00,266.78,266.3,252.0931,38.27741,5.145,0.5787037037037036,-10.0,57829.137587767,0.0,57819.137587767,0,,56375.195
2025-09-19 00:00:00+00:00,267.81,268.61,252.1725,38.268417,5.247144,0.5787037037037036,-10.0,58330.76968521528,0.0,58320.76968521528,0,,56864.215
2025-09-22 00:00:00+00:00,266.2,266.58,252.24835,41.664787,5.177146,0.5787037037037036,-10.0,57889.94118602162,0.0,57879.94118602162,0,,56434.47
2025-09-23 00:00:00+00:00,267.27,263.7,252.3289,39.89713,5.042145,0.5787037037037036,-10.0,57264.53291030367,0.0,57254.53291030367,0,,55824.785
2025-09-24 00:00:00+00:00,264.02,263.17,252.3923,38.360123,5.04143,0.5787037037037036,-10.0,57149.43872246372,0.0,57139.43872246372,0,,55712.586
2025-09-25 00:00:00+00:00,262.76,261.28,252.4381,33.818745,5.14643,0.6914059980651402,-10.0,56739.00836725872,0.0,56729.00836725872,0,,55312.477
2025-09-26 00:00:00+00:00,263.03,261.75,252.46754,36.924545,4.6714325,0.5787037037037036,-10.0,56841.07436393683,0.0,56831.07436393683,0,,55411.977
2025-09-29 00:00:00+00:00,263.03,262.28,252.484,28.375109,4.4878607,0.7142857142857143,-10.0,56956.164453743324,0.0,56946.164453743324,0,,55524.17
2025-09-30 00:00:00+00:00,260.89,259.44,252.5454,31.772474,4.5085754,0.5787037037037036,-10.0,56339.43527938843,0.0,56329.43527938843,0,,54922.95
2025-10-01 00:00:00+00:00,257.81,256.75,252.574,30.911118,4.5828595,0.5787037037037036,-10.0,55755.281738980375,0.0,55745.281738980375,0,,54353.48
2025-10-02 00:00:00+00:00,256.64,258.91,252.573,17.811098,4.4507174,0.5787037037037036,-10.0,56224.34189090109,0.0,56214.34189090109,0,,54810.75
2025-10-03 00:00:00+00:00,258.9,258.43,252.58804,25.296694,4.493575,0.6,-10.0,56120.105173070515,0.0,56110.105173070515,0,,54709.133
2025-10-06 00:00:00+00:00,258.23,260.18,252.6164,27.911787,4.3935733,0.5787037037037036,-10.0,56500.13277411663,0.0,56490.13277411663,0,,55079.61
2025-10-07 00:00:00+00:00,260.59,258.64,252.6523,25.657417,4.4464297,0.6,-10.0,56165.71300596987,0.0,56155.71300596987,0,,54753.594
2025-10-08 00:00:00+00:00,258.56,260.06,252.69415,32.507896,4.037858,0.5787037037037036,-10.0,56474.073095330335,0.0,56464.073095330335,0,,55054.203
2025-10-09 00:00:00+00:00,261.06,260.1,252.7818,36.73469,4.2378573,0.5787037037037036,-10.0,56482.764409594405,0.0,56472.764409594405,0,,55062.676
2025-10-10 00:00:00+00:00,260.87,259.53,252.85355,29.97649,4.277142,0.5787037037037036,-10.0,56358.98333655776,0.0,56348.98333655776,0,,54942.008
2025-10-13 00:00:00+00:00,260.54,263.36,252.9041,32.187984,4.506429,0.5787037037037036,-10.0,57190.69510365497,0.0,57180.69510365497,0,,55752.81
2025-10-14 00:00:00+00:00,261.54,268.4,252.96735,49.180264,4.570002,0.5787037037037036,-10.0,58285.17531171337,0.0,58275.17531171337,0,,56819.77
2025-10-15 00:00:00+00:00,268.4,265.11,253.04305,60.356396,4.656428,0.5787037037037036,-10.0,57570.72297597544,0.0,57560.72297597544,0,,56123.28
2025-10-16 00:00:00+00:00,265.52,257.47,253.1098,57.18572,4.9749985,0.575,-10.0,55911.63893718549,0.0,55901.63893718549,0,,54505.91
2025-10-17 00:00:00+00:00,257.43,260.27,253.14745,43.672382,5.4142838,0.5787037037037036,-10.0,56519.67726412646,0.0,56509.67726412646,0,,55098.664
2025-10-20 00:00:00+00:00,260.53,261.04,253.2078,47.21528,5.4949985,0.575,-10.0,56686.8927723897,0.0,56676.8927723897,0,,55261.676
2025-10-21 00:00:00+00:00,260.0,265.96,253.2772,52.351566,5.404998,0.5787037037037036,-10.0,57755.30378668178,0.0,57745.30378668178,0,,56303.223
2025-10-22 00:00:00+00:00,274.0,275.06,253.3814,62.703445,5.6478553,0.5787037037037036,-10.0,59731.44128213526,0.0,59721.44128213526,0,,58229.68
2025-10-23 00:00:00+00:00,274.12,267.63,253.5241,68.696465,6.327142,0.5787037037037036,-10.0,58117.95835349608,0.0,58107.95835349608,0,,56656.76
2025-10-24 00:00:00+00:00,269.53,267.77,253.6445,59.17433,6.803571,0.5787037037037036,-10.0,58148.3592974018,0.0,58138.3592974018,0,,56686.4
2025-10-27 00:00:00+00:00,268.99,266.22,253.77644,57.819912,6.7457147,0.5787037037037036,-10.0,57811.767224368516,0.0,57801.767224368516,0,,56358.266
2025-10-28 00:00:00+00:00,265.22,260.9,253.89105,57.807987,6.8307147,0.5787037037037036,-10.0,56656.48748296134,0.0,56646.48748296134,0,,55232.035
2025-10-29 00:00:00+00:00,260.37,260.39,253.9921,50.80091,6.816428,0.575,-10.0,56545.742479111104,0.0,56535.742479111104,0,,55124.074
2025-10-30 00:00:00+00:00,260.01,260.18,254.0867,50.27406,6.9657135,0.5787037037037036,-10.0,56500.13437659712,0.0,56490.13437659712,0,,55079.613
2025-10-31 00:00:00+00:00,259.95,256.96,254.16275,50.618454,6.8699975,0.575,-10.0,55800.884757267006,0.0,55790.884757267006,0,,54397.945
2025-11-03 00:00:00+00:00,255.76,259.09,254.22795,43.839046,6.894282,0.5787037037037036,-10.0,56263.4304527622,0.0,56253.4304527622,0,,54848.863
2025-11-04 00:00:00+00:00,257.24,258.64,254.29015,40.50581,6.8107123,0.5787037037037036,-10.0,56165.71436944226,0.0,56155.71436944226,0,,54753.605
2025-11-05 00:00:00+00:00,259.31,264.46,254.3503,42.99634,6.614999,0.5787037037037036,-10.0,57429.565603855015,0.0,57419.565603855015,0,,55985.68
2025-11-06 00:00:00+00:00,264.3,265.27,254.4351,57.876945,6.529999,0.5787037037037036,-10.0,57605.463420162545,0.0,57595.463420162545,0,,56157.156
2025-11-07 00:00:00+00:00,266.47,273.32,254.52145,55.899017,6.555712,0.5787037037037036,-10.0,59353.5883528753,0.0,59343.5883528753,0,,57861.33
2025-11-10 00:00:00+00:00,274.23,274.54,254.6375,62.36409,6.8957148,0.575,-10.0,59618.523341169544,0.0,59608.523341169544,0,,58119.6
2025-11-11 00:00:00+00:00,273.99,273.61,254.77155,59.33423,6.7164283,0.575,-10.0,59416.56139733023,0.0,59406.56139733023,0,,57922.715
2025-11-12 00:00:00+00:00,273.22,274.8,254.891,48.081486,5.9099994,0.575,-10.0,59674.97779085109,0.0,59664.97779085109,0,,58174.633
2025-11-13 00:00:00+00:00,274.79,269.89,254.9967,61.362892,5.5971417,0.575,-10.0,58608.738350859836,0.0,58598.738350859836,0,,57135.2
2025-11-14 00:00:00+00:00,268.5,269.67,255.07649,52.91854,5.8785706,0.575,-10.0,58560.96325481968,0.0,58550.96325481968,0,,57088.63
2025-11-17 00:00:00+00:00,270.26,266.05,255.1409,54.93,5.779999,0.575,-10.0,57774.84558783623,0.0,57764.84558783623,0,,56322.273
2025-11-18 00:00:00+00:00,264.91,267.94,255.1908,57.735043,5.7464294,0.5787037037037036,-10.0,58185.2803552155,0.0,58175.2803552155,0,,56722.387
2025-11-19 00:00:00+00:00,268.02,267.01,255.24915,60.888344,5.6892877,0.5787037037037036,-10.0,57983.32520093693,0.0,57973.32520093693,0,,56525.51
2025-11-20 00:00:00+00:00,268.01,264.32,255.2905,59.64964,5.577859,0.5787037037037036,-10.0,57399.16895144727,0.0,57389.16895144727,0,,55956.043
2025-11-21 00:00:00+00:00,266.39,274.48,255.32285,60.55653,5.557858,0.5787037037037036,-10.0,59605.49658451589,0.0,59595.49658451589,0,,58106.9
2025-11-24 00:00:00+00:00,274.84,274.33,255.34329,67.94125,6.0307136,0.5787037037037036,-10.0,59572.91773450406,0.0,59562.91773450406,0,,58075.137
2025-11-25 00:00:00+00:00,275.85,284.73,255.3665,68.41976,5.989284,0.575,-10.0,61831.36163594441,0.0,61821.36163594441,0,,60276.8
2025-11-26 00:00:00+00:00,284.8,285.77,255.45274,71.486084,6.2192864,0.575,-10.0,62057.19780437232,0.0,62047.19780437232,0,,60496.96
2025-11-28 00:00:00+00:00,285.0,285.03,255.536,71.624435,6.134286,0.5787037037037036,-10.0,61896.50291307372,0.0,61886.50291307372,0,,60340.305
2025-12-01 00:00:00+00:00,283.95,283.04,255.5939,64.60461,5.7471423,0.575,-10.0,61464.36190256774,0.0,61454.36190256774,0,,59919.027
2025-12-02 00:00:00+00:00,283.67,281.18,255.6615,60.40136,5.6014276,0.5787037037037036,-10.0,61060.44326118864,0.0,61050.44326118864,0,,59525.266
2025-12-03 00:00:00+00:00,280.83,280.24,255.73805,59.05719,5.8692846,0.5787037037037036,-10.0,60856.31540820097,0.0,60846.31540820097,0,,59326.273
2025-12-04 00:00:00+00:00,276.05,273.45,255.7949,56.5479,5.8621435,0.5787037037037036,-10.0,59381.817464036525,0.0,59371.817464036525,0,,57888.848
2025-12-05 00:00:00+00:00,273.31,272.25,255.8146,54.099487,5.8992853,0.5787037037037036,-10.0,59121.226773019036,0.0,59111.226773019036,0,,57634.805
2025-12-08 00:00:00+00:00,271.46,269.82,255.83679,52.905388,5.8114276,0.575,-10.0,58593.53336157466,0.0,58583.53336157466,0,,57120.38
2025-12-09 00:00:00+00:00,269.36,269.25,255.88844,54.36244,5.7471423,0.575,-10.0,58469.75057169257,0.0,58459.75057169257,0,,56999.71
2025-12-10 00:00:00+00:00,270.44,271.23,255.9402,51.563614,5.5507135,0.575,-10.0,58899.724409219205,0.0,58889.724409219205,0,,57418.875
2025-12-11 00:00:00+00:00,272.16,278.18,256.0066,54.91383,5.594999,0.5787037037037036,-10.0,60408.966092945186,0.0,60398.966092945186,0,,58890.17
2025-12-12 00:00:00+00:00,280.07,280.24,256.0977,64.68218,5.8378577,0.575,-10.0,60856.31146582394,0.0,60846.31146582394,0,,59326.266
2025-12-15 00:00:00+00:00,284.63,285.85,256.2034,57.3657,5.242859,0.575,-10.0,62074.5682578725,0.0,62064.5682578725,0,,60513.9
2025-12-16 00:00:00+00:00,285.85,285.83,256.30786,62.926414,5.4607153,0.575,-10.0,62070.22083707855,0.0,62060.22083707855,0,,60509.656
2025-12-17 00:00:00+00:00,285.8,293.0,256.4191,51.609093,4.9000006,0.575,-10.0,63627.24321314904,0.0,63617.24321314904,0,,62027.535
2025-12-18 00:00:00+00:00,292.86,287.67,256.5863,58.968006,5.3257165,0.575,-10.0,62469.79372214409,0.0,62459.79372214409,0,,60899.188
2025-12-19 00:00:00+00:00,288.49,292.25,256.7272,52.93988,5.7492895,0.5787037037037036,-10.0,63464.37509971722,0.0,63454.37509971722,0,,61868.76
2025-12-22 00:00:00+00:00,292.67,292.55,256.93286,59.696766,5.947148,0.5787037037037036,-10.0,63529.52199107078,0.0,63519.52199107078,0,,61932.273
2025-12-23 00:00:00+00:00,292.22,291.38,257.1599,62.37753,5.723576,0.575,-10.0,63275.452614631155,0.0,63265.452614631155,0,,61684.59
2025-12-24 00:00:00+00:00,291.28,293.3,257.4223,62.066746,5.585717,0.575,-10.0,63692.393141983695,0.0,63682.393141983695,0,,62091.047
2025-12-26 00:00:00+00:00,292.81,293.48,257.72964,74.03728,5.2278595,0.5787037037037036,-10.0,63731.48808268042,0.0,63721.48808268042,0,,62129.16
2025-12-29 00:00:00+00:00,292.52,292.36,258.05505,76.3596,5.1414313,0.575,-10.0,63488.26538596138,0.0,63478.26538596138,0,,61892.05
2025-12-30 00:00:00+00:00,291.4,290.43,258.40796,78.92706,5.032146,0.575,-10.0,63069.1505969191,0.0,63059.1505969191,0,,61483.473
2025-12-31 00:00:00+00:00,289.77,287.25,258.71326,76.26487,5.0142865,0.5787037037037036,-10.0,62378.59044520186,0.0,62368.59044520186,0,,60810.273
2026-01-02 00:00:00+00:00,286.87,292.98,258.97626,69.2919,4.945716,0.5787037037037036,-10.0,63622.90404926554,0.0,63612.90404926554,0,,62023.305
2026-01-05 00:00:00+00:00,291.23,285.77,259.3059,68.3623,4.7735724,0.5787037037037036,-10.0,62057.19097092522,0.0,62047.19097092522,0,,60496.96
2026-01-06 00:00:00+00:00,286.03,293.28,259.57,56.083603,4.9871454,0.575,-10.0,63688.049376029194,0.0,63678.049376029194,0,,62086.816
2026-01-07 00:00:00+00:00,291.99,293.5,259.87686,57.845814,5.1050043,0.5787037037037036,-10.0,63735.827135429005,0.0,63725.827135429005,0,,62133.395
2026-01-08 00:00:00+00:00,292.93,298.33,260.1977,58.065205,5.2285743,0.5787037037037036,-10.0,64784.69480555551,0.0,64774.69480555551,0,,63155.89
2026-01-09 00:00:00+00:00,300.0,300.36,260.52655,55.8947,4.9942865,0.5787037037037036,-10.0,65225.52779765574,0.0,65215.52779765574,0,,63585.64
2026-01-12 00:00:00+00:00,298.08,300.4,260.855,65.13955,4.7049994,0.5787037037037036,-10.0,65234.21301867811,0.0,65224.21301867811,0,,63594.11
2026-01-13 00:00:00+00:00,300.45,300.62,261.1827,60.904453,4.594999,0.575,-10.0,65281.98420676721,0.0,65271.98420676721,0,,63640.676
2026-01-14 00:00:00+00:00,299.84,300.13,261.52554,60.820595,4.6042852,0.575,-10.0,65175.577926957834,0.0,65165.577926957834,0,,63536.945
2026-01-15 00:00:00+00:00,302.75,301.86,261.89764,61.95027,4.8307147,0.575,-10.0,65551.25822093536,0.0,65541.25822093536,0,,63903.18
2026-01-16 00:00:00+00:00,301.0,300.85,262.2692,61.751766,5.0500007,0.5787037037037036,-10.0,65331.93373176063,0.0,65321.93373176063,0,,63689.37
2026-01-20 00:00:00+00:00,298.18,289.98,262.63705,59.892612,5.1392865,0.575,-10.0,62971.427936656284,0.0,62961.427936656284,0,,61388.21
2026-01-21 00:00:00+00:00,292.08,296.46,262.93005,47.46811,5.8678565,0.5787037037037036,-10.0,64378.60372225003,0.0,64368.60372225003,0,,62760.008
2026-01-22 00:00:00+00:00,297.49,295.92,263.32544,55.848694,6.240001,0.5787037037037036,-10.0,64261.34461486627,0.0,64251.34461486627,0,,62645.7
2026-01-23 00:00:00+00:00,295.87,298.11,263.7608,58.863243,6.432144,0.5787037037037036,-10.0,64736.91151150644,0.0,64726.91151150644,0,,63109.31
2026-01-26 00:00:00+00:00,298.73,297.12,264.23065,55.6535,6.2249994,0.575,-10.0,64521.92846396962,0.0,64511.92846396962,0,,62899.727
2026-01-27 00:00:00+00:00,297.88,296.17,264.70984,64.49558,6.1964264,0.575,-10.0,64315.63170492066,0.0,64305.63170492066,0,,62698.617
2026-01-28 00:00:00+00:00,294.99,296.31,265.09744,54.433918,5.9464264,0.575,-10.0,64346.03144224419,0.0,64336.03144224419,0,,62728.254
2026-01-29 00:00:00+00:00,298.82,299.28,265.5294,54.321766,5.8585706,0.575,-10.0,64990.98691873031,0.0,64980.98691873031,0,,63356.992
2026-01-30 00:00:00+00:00,299.3,298.51,265.96375,51.54978,5.797858,0.575,-10.0,64823.77586593424,0.0,64813.77586593424,0,,63193.984
2026-02-02 00:00:00+00:00,299.92,302.93,266.40564,46.852695,5.788572,0.575,-10.0,65783.6128706592,0.0,65773.6128706592,0,,64129.69
2026-02-03 00:00:00+00:00,303.31,304.6,266.8637,53.74595,5.8307147,0.575,-10.0,66146.26698171119,0.0,66136.26698171119,0,,64483.227
2026-02-04 00:00:00+00:00,305.64,308.81,267.34125,55.65024,5.969999,0.575,-10.0,67060.4985784664,0.0,67050.4985784664,0,,65374.473
2026-02-05 00:00:00+00:00,308.0,308.72,267.83304,61.145393,5.95357,0.575,-10.0,67040.95667249404,0.0,67030.95667249404,0,,65355.426
2026-02-06 00:00:00+00:00,309.06,314.38,268.3537,59.195774,5.875713,0.575,-10.0,68270.07167362965,0.0,68260.07167362965,0,,66553.63
2026-02-09 00:00:00+00:00,312.88,314.03,268.8724,66.126396,6.1507134,0.575,-10.0,68194.06690628803,0.0,68184.06690628803,0,,66479.54
2026-02-10 00:00:00+00:00,318.05,323.7,269.36575,88.259766,5.4564276,0.575,-10.0,70293.98789493884,0.0,70283.98789493884,0,,68526.664
2026-02-11 00:00:00+00:00,321.76,325.13,269.88745,89.34156,5.701427,0.5787037037037036,-10.0,70604.52268252346,0.0,70594.52268252346,0,,68829.39
2026-02-12 00:00:00+00:00,325.51,322.17,270.415,91.12934,5.991427,0.5787037037037036,-10.0,69961.73815888565,0.0,69951.73815888565,0,,68202.766
2026-02-13 00:00:00+00:00,324.32,314.62,270.91785,83.15886,6.661427,0.5787037037037036,-10.0,68322.19340274701,0.0,68312.19340274701,0,,66604.445
2026-02-17 00:00:00+00:00,316.7,317.82,271.3589,70.42485,6.9757123,0.5787037037037036,-10.0,69017.10224379857,0.0,69007.10224379857,0,,67281.88
2026-02-18 00:00:00+00:00,316.24,315.88,271.8206,74.00754,7.0535693,0.5787037037037036,-10.0,68595.8141444627,0.0,68585.8141444627,0,,66871.19
2026-02-19 00:00:00+00:00,315.36,312.73,272.22955,70.86799,7.1692834,0.5787037037037036,-10.0,67911.77013563398,0.0,67901.77013563398,0,,66204.336
2026-02-20 00:00:00+00:00,311.12,315.96,272.5887,64.28724,7.269283,0.5787037037037036,-10.0,68613.1827853312,0.0,68603.1827853312,0,,66888.12
2026-02-23 00:00:00+00:00,315.12,311.8,272.9737,67.61557,7.3178535,0.5787037037037036,-10.0,67709.80454993146,0.0,67699.80454993146,0,,66007.45
2026-02-24 00:00:00+00:00,309.75,312.78,273.34976,59.00141,7.8014245,0.575,-10.0,67922.62134942472,0.0,67912.62134942472,0,,66214.92
2026-02-25 00:00:00+00:00,313.72,313.35,273.7054,58.41909,7.7892804,0.5787037037037036,-10.0,68046.40030209107,0.0,68036.40030209107,0,,66335.586
2026-02-26 00:00:00+00:00,315.32,317.83,274.05624,55.051186,7.726423,0.575,-10.0,69019.26026658464,0.0,69009.26026658464,0,,67283.984
2026-02-27 00:00:00+00:00,314.03,311.78,274.43036,59.233715,7.812136,0.575,-10.0,67705.45933921526,0.0,67695.45933921526,0,,66003.22
2026-03-02 00:00:00+00:00,301.15,304.8,274.72714,47.385353,8.01642,0.575,-10.0,66189.69498720787,0.0,66179.69498720787,0,,64525.562
2026-03-03 00:00:00+00:00,298.0,305.94,274.9711,41.81011,8.742135,0.575,-10.0,66437.25711911624,0.0,66427.25711911624,0,,64766.9
2026-03-04 00:00:00+00:00,307.95,304.91,275.2358,31.430357,8.794279,0.575,-10.0,66213.58618385147,0.0,66203.58618385147,0,,64548.85
2026-03-05 00:00:00+00:00,302.02,307.36,275.4979,28.679886,8.430708,0.575,-10.0,66745.6165695305,0.0,66735.6165695305,0,,65067.504
2026-03-06 00:00:00+00:00,303.35,298.64,275.75586,34.214424,8.211424,0.6,-10.0,64852.006102266525,0.0,64842.006102266525,0,,63221.504
2026-03-09 00:00:00+00:00,294.08,303.46,275.9668,33.38187,8.564994,0.7142857142857143,-10.0,65898.70098968835,0.0,65888.70098968835,0,,64241.883
2026-03-10 00:00:00+00:00,302.3,298.37,276.21704,35.55328,9.142851,0.5787037037037036,-10.0,64793.36732478792,0.0,64783.36732478792,0,,63164.34
2026-03-11 00:00:00+00:00,298.02,296.85,276.4751,33.43421,9.122136,0.5787037037037036,-10.0,64463.291135835294,0.0,64453.291135835294,0,,62842.56
2026-03-12 00:00:00+00:00,292.42,294.26,276.72614,34.49821,9.042851,0.5787037037037036,-10.0,63900.8535683352,0.0,63890.8535683352,0,,62294.266
2026-03-13 00:00:00+00:00,295.64,291.55,276.9736,28.54882,9.164995,0.5787037037037036,-10.0,63312.3501666653,0.0,63302.3501666653,0,,61720.56
2026-03-16 00:00:00+00:00,295.72,296.0,277.16595,29.391388,8.95214,0.5787037037037036,-10.0,64278.70676488034,0.0,64268.70676488034,0,,62662.617
2026-03-17 00:00:00+00:00,299.78,301.31,277.39206,34.049416,9.12357,0.5787037037037036,-10.0,65431.81598008184,0.0,65421.81598008184,0,,63786.734
2026-03-18 00:00:00+00:00,299.0,294.56,277.6573,39.5012,9.426429,0.5787037037037036,-10.0,63966.00149042814,0.0,63956.00149042814,0,,62357.773
2026-03-19 00:00:00+00:00,294.26,297.83,277.8879,30.481457,9.500715,0.5787037037037036,-10.0,64676.10380094195,0.0,64666.10380094195,0,,63050.023
2026-03-20 00:00:00+00:00,296.95,292.58,278.1314,37.726532,9.204287,0.5787037037037036,-10.0,63536.02722696862,0.0,63526.02722696862,0,,61938.61
2026-03-23 00:00:00+00:00,298.1,300.67,278.3388,38.91106,8.832143,0.5787037037037036,-10.0,65292.83616538788,0.0,65282.83616538788,0,,63651.25
2026-03-24 00:00:00+00:00,298.93,299.91,278.595,45.75343,8.906428,0.5787037037037036,-10.0,65127.794563962365,0.0,65117.794563962365,0,,63490.355
2026-03-25 00:00:00+00:00,302.53,303.16,278.8522,45.95338,8.857142,0.5787037037037036,-10.0,65833.55850442096,0.0,65823.55850442096,0,,64178.375
2026-03-26 00:00:00+00:00,301.81,301.7,279.10394,46.64431,8.464286,0.5787037037037036,-10.0,65516.50829418106,0.0,65506.50829418106,0,,63869.297
2026-03-27 00:00:00+00:00,300.27,294.04,279.3521,52.765724,7.6092877,0.5787037037037036,-10.0,63853.07739744999,0.0,63843.07739744999,0,,62247.688
2026-03-30 00:00:00+00:00,296.87,295.87,279.5546,41.90167,7.2435737,0.5787037037037036,-10.0,64250.470816201785,0.0,64240.470816201785,0,,62635.09
2026-03-31 00:00:00+00:00,299.18,304.08,279.76624,47.723133,7.2171454,0.5787037037037036,-10.0,66033.338109953,0.0,66023.338109953,0,,64373.13
2026-04-01 00:00:00+00:00,304.35,308.26,280.0339,55.869442,7.475002,0.575,-10.0,66941.06539328906,0.0,66931.06539328906,0,,65258.035
2026-04-02 00:00:00+00:00,303.27,304.95,280.3558,61.079445,7.54,0.5787037037037036,-10.0,66222.27515726478,0.0,66212.27515726478,0,,64557.32
2026-04-06 00:00:00+00:00,302.85,306.88,280.6438,60.504875,7.5064282,0.575,-10.0,66641.39198932731,0.0,66631.39198932731,0,,64965.9
2026-04-07 00:00:00+00:00,306.58,302.16,280.94336,58.880184,7.3535724,0.5787037037037036,-10.0,65616.40599913121,0.0,65606.40599913121,0,,63966.68
2026-04-08 00:00:00+00:00,314.13,317.2,281.21634,50.700516,7.317858,0.5787037037037036,-10.0,68882.4628955907,0.0,68872.4628955907,0,,67150.625
2026-04-09 00:00:00+00:00,315.95,322.51,281.55804,66.41532,8.020715,0.575,-10.0,70035.56930097274,0.0,70025.56930097274,0,,68274.734
2026-04-10 00:00:00+00:00,322.99,323.43,281.9089,67.38029,8.200002,0.575,-10.0,70235.34990078179,0.0,70225.34990078179,0,,68469.49
2026-04-13 00:00:00+00:00,323.43,327.26,282.2464,73.136345,7.840003,0.5787037037037036,-10.0,71067.06941289798,0.0,71057.06941289798,0,,69280.305
2026-04-14 00:00:00+00:00,327.27,331.38,282.6141,71.30267,7.435002,0.5787037037037036,-10.0,71961.75658858767,0.0,71951.75658858767,0,,70152.5
2026-04-15 00:00:00+00:00,330.71,328.91,282.98355,73.924286,7.540002,0.5787037037037036,-10.0,71425.37667997136,0.0,71415.37667997136,0,,69629.6
2026-04-16 00:00:00+00:00,330.85,330.38,283.3006,69.810745,7.6064324,0.5787037037037036,-10.0,71744.59636422753,0.0,71734.59636422753,0,,69940.8
2026-04-17 00:00:00+00:00,334.7,341.03,283.6208,72.06153,7.5842896,0.5787037037037036,-10.0,74057.32808229607,0.0,74047.32808229607,0,,72195.38
2026-04-20 00:00:00+00:00,339.86,342.89,283.98114,84.55655,7.944288,0.5787037037037036,-10.0,74461.24144604143,0.0,74451.24144604143,0,,72589.14
2026-04-21 00:00:00+00:00,342.06,340.21,284.34506,84.56337,7.847146,0.5787037037037036,-10.0,73879.25557956517,0.0,73869.25557956517,0,,72021.78
2026-04-22 00:00:00+00:00,342.53,333.67,284.679,78.90861,7.503575,0.575,-10.0,72459.05009171857,0.0,72449.05009171857,0,,70637.29
2026-04-23 00:00:00+00:00,332.53,334.28,284.9931,69.59136,7.5621467,0.5787037037037036,-10.0,72591.51063024373,0.0,72581.51063024373,0,,70766.42
2026-04-24 00:00:00+00:00,335.2,335.63,285.2997,73.59613,7.48429,0.5787037037037036,-10.0,72884.67669511783,0.0,72874.67669511783,0,,71052.22
2026-04-27 00:00:00+00:00,334.44,332.45,285.6152,73.347404,7.5242896,0.5787037037037036,-10.0,72194.11663302056,0.0,72184.11663302056,0,,70379.016
2026-04-28 00:00:00+00:00,323.42,323.36,285.89005,75.22906,7.46286,0.5787037037037036,-10.0,70220.14481842994,0.0,70210.14481842994,0,,68454.67
2026-04-29 00:00:00+00:00,321.55,314.5,286.1203,55.69524,7.2207184,0.5787037037037036,-10.0,68296.12841357029,0.0,68286.12841357029,0,,66579.03
2026-04-30 00:00:00+00:00,317.69,324.07,286.29956,43.050488,7.4728613,0.575,-10.0,70374.32797215253,0.0,70364.32797215253,0,,68604.98
2026-05-01 00:00:00+00:00,325.74,318.61,286.5482,50.48281,8.033576,0.575,-10.0,69188.642566129,0.0,69178.642566129,0,,67449.1
2026-05-04 00:00:00+00:00,314.75,311.38,286.7739,43.631264,8.308577,0.5787037037037036,-10.0,67618.59568366181,0.0,67608.59568366181,0,,65918.53
2026-05-05 00:00:00+00:00,311.39,312.77,286.96976,35.919464,8.653575,0.5787037037037036,-10.0,67920.43908056038,0.0,67910.43908056038,0,,66212.79
2026-05-06 00:00:00+00:00,317.96,321.51,287.1702,38.46153,8.545003,0.5787037037037036,-10.0,69818.40570926841,0.0,69808.40570926841,0,,68063.03
2026-05-07 00:00:00+00:00,321.08,320.3,287.4235,44.25593,8.981432,0.5787037037037036,-10.0,69555.64019600955,0.0,69545.64019600955,0,,67806.875
2026-05-08 00:00:00+00:00,321.71,316.78,287.6558,34.705624,8.302146,0.5787037037037036,-10.0,68791.24694287509,0.0,68781.24694287509,0,,67061.7
2026-05-11 00:00:00+00:00,314.58,315.53,287.90546,31.196884,8.529288,0.5787037037037036,-10.0,68519.80034946458,0.0,68509.80034946458,0,,66797.08
2026-05-12 00:00:00+00:00,316.71,313.57,288.14526,31.852947,8.520002,0.5787037037037036,-10.0,68094.17195478815,0.0,68084.17195478815,0,,66382.15
2026-05-13 00:00:00+00:00,312.88,311.41,288.34485,34.153263,8.301431,0.5787037037037036,-10.0,67625.10871100308,0.0,67615.10871100308,0,,65924.88
2026-05-14 00:00:00+00:00,314.38,316.52,288.54904,32.399582,8.254288,0.5787037037037036,-10.0,68734.7798523974,0.0,68724.7798523974,0,,67006.66
2026-05-15 00:00:00+00:00,314.91,316.17,288.76636,36.097763,8.352858,0.5787037037037036,-10.0,68658.77803534732,0.0,68648.77803534732,0,,66932.56
2026-05-18 00:00:00+00:00,314.99,318.14,288.98074,37.647953,8.076431,0.5787037037037036,-10.0,69086.57928799276,0.0,69076.57928799276,0,,67349.61
2026-05-19 00:00:00+00:00,317.57,315.39,289.23105,45.55974,7.6585736,0.5787037037037036,-10.0,68489.39594711528,0.0,68479.39594711528,0,,66767.44
2026-05-20 00:00:00+00:00,317.17,323.87,289.5038,50.8449,7.168575,0.5787037037037036,-10.0,70330.89072046551,0.0,70320.89072046551,0,,68562.63
2026-05-21 00:00:00+00:00,320.59,322.76,289.81104,49.806114,7.121432,0.5787037037037036,-10.0,70089.84797437303,0.0,70079.84797437303,0,,68327.66
2026-05-22 00:00:00+00:00,325.85,321.08,290.1241,54.39343,6.8657184,0.575,-10.0,69725.01949246602,0.0,69715.01949246602,0,,67972.0
2026-05-26 00:00:00+00:00,322.03,323.81,290.42474,61.636265,6.6435766,0.575,-10.0,70317.86362289864,0.0,70307.86362289864,0,,68549.945
2026-05-27 00:00:00+00:00,328.11,336.72,290.7392,62.831253,6.6014338,0.575,-10.0,73121.37145366437,0.0,73111.37145366437,0,,71282.96
2026-05-28 00:00:00+00:00,335.25,337.55,291.1113,66.1157,6.8642907,0.575,-10.0,73301.60762604808,0.0,73291.60762604808,0,,71458.67
2026-05-29 00:00:00+00:00,337.26,327.66,291.4938,68.425575,6.841435,0.575,-10.0,71153.92045636105,0.0,71143.92045636105,0,,69364.98
2026-06-01 00:00:00+00:00,323.46,332.65,291.78824,60.229427,7.0692925,0.5787037037037036,-10.0,72237.53953191459,0.0,72227.53953191459,0,,70421.35
2026-06-02 00:00:00+00:00,331.57,332.85,292.08725,65.038666,7.495721,0.5787037037037036,-10.0,72280.97536172079,0.0,72270.97536172079,0,,70463.695
2026-06-03 00:00:00+00:00,331.2,331.37,292.3998,67.47645,7.312864,0.575,-10.0,71959.57753493091,0.0,71949.57753493091,0,,70150.38
2026-06-04 00:00:00+00:00,335.16,338.15,292.718,68.31866,7.165006,0.575,-10.0,73431.9054933011,0.0,73421.9054933011,0,,71585.695
2026-06-05 00:00:00+00:00,338.99,343.1,293.063,69.260925,7.2600074,0.5787037037037036,-10.0,74506.84160890704,0.0,74496.84160890704,0,,72633.6
2026-06-08 00:00:00+00:00,340.94,340.63,293.41986,72.164604,7.600721,0.5787037037037036,-10.0,73970.46320562942,0.0,73960.46320562942,0,,72110.71
2026-06-09 00:00:00+00:00,343.64,342.57,293.7735,68.35918,7.474293,0.575,-10.0,74391.75036675463,0.0,74381.75036675463,0,,72521.41
2026-06-10 00:00:00+00:00,342.56,338.22,294.1404,72.4851,7.680721,0.5787037037037036,-10.0,73447.11101192166,0.0,73437.11101192166,0,,71600.516
2026-06-11 00:00:00+00:00,341.1,341.86,294.444,62.741962,8.147864,0.5787037037037036,-10.0,74237.56458683615,0.0,74227.56458683615,0,,72371.09
2026-06-12 00:00:00+00:00,346.04,345.95,294.78296,66.23043,8.157863,0.5787037037037036,-10.0,75125.74895032817,0.0,75115.74895032817,0,,73236.945
2026-06-15 00:00:00+00:00,350.0,347.11,295.136,70.302055,8.138578,0.5787037037037036,-10.0,75377.64556305889,0.0,75367.64556305889,0,,73482.51
2026-06-16 00:00:00+00:00,346.0,350.22,295.48956,69.52077,8.332864,0.5787037037037036,-10.0,76053.0119457197,0.0,76043.0119457197,0,,74140.9
2026-06-17 00:00:00+00:00,348.49,349.3,295.85916,63.53248,8.042147,0.5787037037037036,-10.0,75853.22406699872,0.0,75843.22406699872,0,,73946.13
2026-06-18 00:00:00+00:00,350.17,348.84,296.22534,61.757046,8.424291,0.5787037037037036,-10.0,75753.33257531522,0.0,75743.33257531522,0,,73848.75
2026-06-22 00:00:00+00:00,347.0,342.93,296.5895,76.122314,8.347146,0.575,-10.0,74469.93132499991,0.0,74459.93132499991,0,,72597.62
2026-06-23 00:00:00+00:00,341.55,343.83,296.92914,62.397476,8.118574,0.575,-10.0,74665.36965494927,0.0,74655.36965494927,0,,72788.14
2026-06-24 00:00:00+00:00,343.81,343.42,297.258,63.02179,8.432859,0.575,-10.0,74576.33934622897,0.0,74566.33934622897,0,,72701.35
2026-06-25 00:00:00+00:00,342.22,340.55,297.6136,64.66296,8.657144,0.5787037037037036,-10.0,73953.0924058704,0.0,73943.0924058704,0,,72093.77
2026-06-26 00:00:00+00:00,341.29,332.86,297.92734,53.22753,8.652858,0.575,-10.0,72283.15019663978,0.0,72273.15019663978,0,,70465.82
2026-06-29 00:00:00+00:00,337.85,332.54,298.2168,37.174328,8.834285,0.575,-10.0,72213.6641361175,0.0,72203.6641361175,0,,70398.08
2026-06-30 00:00:00+00:00,332.49,330.46,298.514,39.290443,8.9728565,0.575,-10.0,71761.97406343535,0.0,71751.97406343535,0,,69957.74
2026-07-01 00:00:00+00:00,329.78,332.12,298.7752,34.027943,8.666428,0.575,-10.0,72122.46031157796,0.0,72112.46031157796,0,,70309.164
2026-07-02 00:00:00+00:00,333.84,338.12,299.06216,41.340137,7.882141,0.5787037037037036,-10.0,73425.41099098016,0.0,73415.41099098016,0,,71579.36
2026-07-06 00:00:00+00:00,337.54,339.41,299.39648,45.023964,7.859998,0.5787037037037036,-10.0,73705.55047047025,0.0,73695.55047047025,0,,71852.45
2026-07-07 00:00:00+00:00,340.42,341.12,299.72415,40.598034,7.8121405,0.5787037037037036,-10.0,74076.88951498555,0.0,74066.88951498555,0,,72214.46
2026-07-08 00:00:00+00:00,337.52,333.13,300.0977,41.522804,7.7049975,0.5787037037037036,-10.0,72341.79858734274,0.0,72331.79858734274,0,,70522.99
2026-07-09 00:00:00+00:00,333.0,337.65,300.43185,28.749067,7.612141,0.575,-10.0,73323.35252017793,0.0,73313.35252017793,0,,71479.87
2026-07-10 00:00:00+00:00,337.81,335.48,300.77704,36.703945,7.479998,0.5787037037037036,-10.0,72852.12154605307,0.0,72842.12154605307,0,,71020.484
2026-07-13 00:00:00+00:00,335.69,322.45,301.12155,35.325134,7.181427,0.575,-10.0,70022.55413138506,0.0,70012.55413138506,0,,68262.055
2026-07-14 00:00:00+00:00,322.86,325.86,301.4153,30.547113,8.084285,0.5787037037037036,-10.0,70763.05491525162,0.0,70753.05491525162,0,,68983.94
2026-07-15 00:00:00+00:00,327.53,328.48,301.72876,33.70805,8.030714,0.5787037037037036,-10.0,71332.01173918105,0.0,71322.01173918105,0,,69538.59
2026-07-16 00:00:00+00:00,329.76,323.2,302.06476,36.976982,7.7542877,0.5787037037037036,-10.0,70185.41660314663,0.0,70175.41660314663,0,,68420.83
2026-07-17 00:00:00+00:00,322.47,321.32,302.372,35.486042,7.94143,0.5787037037037036,-10.0,69777.16085879065,0.0,69767.16085879065,0,,68022.836
2026-07-20 00:00:00+00:00,323.54,323.43,302.6672,39.306908,7.4800024,0.5787037037037036,-10.0,70235.36261358793,0.0,70225.36261358793,0,,68469.516
2026-07-21 00:00:00+00:00,327.78,323.94,302.98715,41.82958,7.1871448,0.5787037037037036,-10.0,70346.11679075923,0.0,70336.11679075923,0,,68577.484
2026-07-22 00:00:00+00:00,324.36,324.23,303.3231,43.983025,7.491431,0.5787037037037036,-10.0,70409.09497940491,0.0,70399.09497940491,0,,68638.875
2026-07-23 00:00:00+00:00,318.01,320.18,303.6497,42.529835,7.365716,0.5787037037037036,-10.0,69529.60324445026,0.0,69519.60324445026,0,,67781.49
2026-07-24 00:00:00+00:00,320.51,324.97,303.95844,32.363342,7.4107165,0.5787037037037036,-10.0,70569.79449171903,0.0,70559.79449171903,0,,68795.53
2026-07-27 00:00:00+00:00,328.03,330.85,304.2824,36.71817,7.5192895,0.5787037037037036,-10.0,71846.68037282547,0.0,71836.68037282547,0,,70040.32
2026-07-28 00:00:00+00:00,320.62,322.43,304.64346,41.22673,7.7928596,0.5787037037037036,-10.0,70018.2086820809,0.0,70008.2086820809,0,,68257.82
2026-07-29 00:00:00+00:00,317.59,321.72,304.9553,40.926044,8.558574,0.5787037037037036,-10.0,69864.03037959365,0.0,69854.03037959365,0,,68107.516
2026-07-30 00:00:00+00:00,321.07,322.02,305.2634,35.557583,8.575716,0.5787037037037036,-10.0,69929.17544843334,0.0,69919.17544843334,0,,68171.02
2026-07-31 00:00:00+00:00,322.63,320.49,305.57584,37.368607,8.807859,0.5787037037037036,-10.0,69596.92340122115,0.0,69586.92340122115,0,,67847.125
2026-08-03 00:00:00+00:00,320.0,314.34,305.8615,47.654354,7.9000025,0.5787037037037036,-10.0,68261.40313924904,0.0,68251.40313924904,0,,66545.18
2026-08-04 00:00:00+00:00,316.69,312.07,306.0912,37.062023,7.999287,0.5787037037037036,-10.0,67768.45612356189,0.0,67758.45612356189,0,,66064.63
2026-08-05 00:00:00+00:00,313.2,324.56,306.326,31.424046,8.197859,0.5787037037037036,-10.0,70480.75903746756,0.0,70470.75903746756,0,,68708.74
2026-08-06 00:00:00+00:00,324.66,321.98,306.66144,51.32346,8.327857,0.5787037037037036,-10.0,69920.49525895795,0.0,69910.49525895795,0,,68162.56
2026-08-07 00:00:00+00:00,322.2,317.6,306.97,50.633644,8.337143,0.5787037037037036,-10.0,68969.34371206418,0.0,68959.34371206418,0,,67235.32
2026-08-10 00:00:00+00:00,316.73,311.0,307.2528,44.636627,8.482858,0.5787037037037036,-10.0,67536.10134107171,0.0,67526.10134107171,0,,65838.11
2026-08-11 00:00:00+00:00,312.37,314.66,307.478,39.295166,8.42,0.5787037037037036,-10.0,68330.89726674758,0.0,68320.89726674758,0,,66612.92
2026-08-12 00:00:00+00:00,321.86,322.53,307.676,42.50117,8.451429,0.5787037037037036,-10.0,70039.92561730846,0.0,70029.92561730846,0,,68278.984
2026-08-13 00:00:00+00:00,324.95,320.82,307.9505,51.7374,8.584285,0.5787037037037036,-10.0,69668.58561765299,0.0,69658.58561765299,0,,67916.98
2026-08-14 00:00:00+00:00,321.84,327.21,308.21576,46.78544,8.455712,0.5787037037037036,-10.0,71056.21714764976,0.0,71046.21714764976,0,,69269.73
2026-08-17 00:00:00+00:00,327.45,326.12,308.5207,47.202568,8.445714,0.5787037037037036,-10.0,70819.51578647352,0.0,70809.51578647352,0,,69038.98
2026-08-18 00:00:00+00:00,326.3,327.74,308.8468,53.19592,7.3607135,0.5787037037037036,-10.0,71171.30826775556,0.0,71161.30826775556,0,,69381.92
2026-08-19 00:00:00+00:00,329.93,334.73,309.18356,55.13301,7.315,0.5787037037037036,-10.0,72689.24796702398,0.0,72679.24796702398,0,,70861.695
2026-08-20 00:00:00+00:00,333.08,329.61,309.5563,59.727562,7.301429,0.5787037037037036,-10.0,71577.39451229767,0.0,71567.39451229767,0,,69777.8
2026-08-21 00:00:00+00:00,330.42,326.63,309.91956,56.616364,7.31,0.575,-10.0,70930.26674363723,0.0,70920.26674363723,0,,69146.94
2026-08-24 00:00:00+00:00,327.92,330.07,310.25726,59.34602,7.185,0.575,-10.0,71677.28892848603,0.0,71667.28892848603,0,,69875.18
2026-08-25 00:00:00+00:00,333.92,329.31,310.6144,63.4489,7.1535687,0.575,-10.0,71512.24573248757,0.0,71502.24573248757,0,,69714.28
2026-08-26 00:00:00+00:00,330.34,332.56,310.93866,54.303314,6.6492853,0.575,-10.0,72218.0071412578,0.0,72208.0071412578,0,,70402.305
2026-08-27 00:00:00+00:00,330.45,325.68,311.2751,59.47009,6.7071424,0.5787037037037036,-10.0,70723.96120153587,0.0,70713.96120153587,0,,68945.82
2026-08-28 00:00:00+00:00,327.78,321.85,311.5369,56.922535,6.7914276,0.575,-10.0,69892.24767140888,0.0,69882.24767140888,0,,68135.016
2026-08-31 00:00:00+00:00,320.02,316.28,311.77344,59.758957,6.714286,0.575,-10.0,68682.67785294833,0.0,68672.67785294833,0,,66955.85
2026-09-01 00:00:00+00:00,317.26,311.99,311.9868,51.40869,6.865714,0.5787037037037036,-10.0,67751.07075045849,0.0,67741.07075045849,0,,66047.67
2026-09-02 00:00:00+00:00,313.25,311.51,312.17276,40.226257,6.7464294,0.575,-10.0,67646.8387439599,0.0,67636.8387439599,0,,65946.06
2026-09-03 00:00:00+00:00,312.19,314.35,312.38086,41.16531,6.5992866,0.575,-10.0,68263.5673994723,0.0,68253.5673994723,0,,66547.28
2026-09-04 00:00:00+00:00,312.5,311.18,312.60425,36.914955,6.482856,0.5787037037037036,-10.0,67575.17498814408,0.0,67565.17498814408,0,,65876.195
2026-09-08 00:00:00+00:00,308.03,304.47,312.8299,35.41586,6.534284,0.5787037037037036,-10.0,66118.04789953111,0.0,66108.04789953111,0,,64455.703
2026-09-09 00:00:00+00:00,301.88,306.99,313.01254,29.337616,6.6085687,0.5787037037037036,-10.0,66665.28721094779,0.0,66655.28721094779,0,,64989.184
2026-09-10 00:00:00+00:00,308.28,306.24,313.21246,23.244577,6.639282,0.5787037037037036,-10.0,66502.41890239157,0.0,66492.41890239157,0,,64830.414
2026-09-11 00:00:00+00:00,309.49,306.19,313.42206,25.384443,6.5014257,0.5787037037037036,-10.0,66491.56190887289,0.0,66481.56190887289,0,,64819.83
2026-09-14 00:00:00+00:00,306.2,310.6,313.5806,27.05432,6.342141,0.5787037037037036,-10.0,67449.23098934846,0.0,67439.23098934846,0,,65753.414
2026-09-15 00:00:00+00:00,310.42,307.79,313.76196,28.609085,6.29643,0.5787037037037036,-10.0,66839.01969879487,0.0,66829.01969879487,0,,65158.547
2026-09-16 00:00:00+00:00,309.0,305.63,313.87726,27.375942,6.2864313,0.5787037037037036,-10.0,66369.95740977646,0.0,66359.95740977646,0,,64701.28
2026-09-17 00:00:00+00:00,308.6,302.54,313.97656,21.024307,6.3392878,0.5787037037037036,-10.0,65698.93994682188,0.0,65688.93994682188,0,,64047.133
2026-09-18 00:00:00+00:00,302.19,305.73,314.0641,22.89128,6.2592883,0.5787037037037036,-10.0,66391.67362066817,0.0,66381.67362066817,0,,64722.45
