,Open,Close,sma200,rsi,atr,prob_up,cash,holdings,borrowed_margin,total,signal,stop_loss,benchmark
2016-09-19 00:00:00+00:00,16.05,16.02,,,,0.5196850393700787,10000.0,0.0,0.0,10000.0,0,0.0,10000.0
2016-09-20 00:00:00+00:00,16.16,16.03,,,,0.5196850393700787,10000.0,0.0,0.0,10000.0,0,0.0,10006.242
2016-09-21 00:00:00+00:00,16.06,15.98,,,,0.5196850393700787,10000.0,0.0,0.0,10000.0,0,0.0,9975.03
2016-09-22 00:00:00+00:00,16.15,16.31,,,,0.5196850393700787,10000.0,0.0,0.0,10000.0,0,0.0,10181.022
2016-09-23 00:00:00+00:00,16.28,16.25,,,,0.5196850393700787,10000.0,0.0,0.0,10000.0,0,0.0,10143.569
2016-09-26 00:00:00+00:00,16.2,16.01,,,,0.5196850393700787,10000.0,0.0,0.0,10000.0,0,0.0,9993.758
2016-09-27 00:00:00+00:00,15.99,15.74,,,,0.5196850393700787,10000.0,0.0,0.0,10000.0,0,0.0,9825.219
2016-09-28 00:00:00+00:00,15.54,15.6,,,,0.5196850393700787,10000.0,0.0,0.0,10000.0,0,0.0,9737.828
2016-09-29 00:00:00+00:00,15.56,15.65,,,,0.5196850393700787,10000.0,0.0,0.0,10000.0,0,0.0,9769.038
2016-09-30 00:00:00+00:00,15.78,15.57,,,,0.5196850393700787,10000.0,0.0,0.0,10000.0,0,0.0,9719.101
2016-10-03 00:00:00+00:00,15.5,15.58,,,,0.5196850393700787,10000.0,0.0,0.0,10000.0,0,0.0,9725.343
2016-10-04 00:00:00+00:00,15.57,15.44,,,,0.5196850393700787,10000.0,0.0,0.0,10000.0,0,0.0,9637.952
2016-10-05 00:00:00+00:00,15.51,15.41,,,,0.5196850393700787,10000.0,0.0,0.0,10000.0,0,0.0,9619.226
2016-10-06 00:00:00+00:00,15.35,15.55,,28.36877,,0.5196850393700787,10000.0,0.0,0.0,10000.0,0,0.0,9706.617
2016-10-07 00:00:00+00:00,15.55,15.49,,34.838703,0.32285705,0.5196850393700787,10000.0,0.0,0.0,10000.0,0,0.0,9669.163
2016-10-10 00:00:00+00:00,15.53,15.69,,33.540356,0.33285698,0.5196850393700787,10000.0,0.0,0.0,10000.0,0,0.0,9794.007
2016-10-11 00:00:00+00:00,15.63,15.45,,40.555527,0.3414285,0.5196850393700787,10000.0,0.0,0.0,10000.0,0,0.0,9644.194
2016-10-12 00:00:00+00:00,15.5,15.53,,36.683414,0.3407142,0.5196850393700787,10000.0,0.0,0.0,10000.0,0,0.0,9694.132
2016-10-13 00:00:00+00:00,15.43,15.51,,27.586199,0.32357135,0.5196850393700787,10000.0,0.0,0.0,10000.0,0,0.0,9681.647
2016-10-14 00:00:00+00:00,15.6,15.44,,28.235287,0.32714278,0.5196850393700787,10000.0,0.0,0.0,10000.0,0,0.0,9637.952
2016-10-17 00:00:00+00:00,15.45,15.49,,31.372524,0.32785708,0.5196850393700787,10000.0,0.0,0.0,10000.0,0,0.0,9669.163
2016-10-18 00:00:00+00:00,15.59,15.7,,40.45801,0.3207142,0.5196850393700787,10000.0,0.0,0.0,10000.0,0,0.0,9800.249
2016-10-19 00:00:00+00:00,15.76,15.72,,53.62317,0.3214285,0.5196850393700787,10000.0,0.0,0.0,10000.0,0,0.0,9812.733
2016-10-20 00:00:00+00:00,15.73,15.51,,52.592613,0.30071422,0.5196850393700787,10000.0,0.0,0.0,10000.0,0,0.0,9681.647
2016-10-21 00:00:00+00:00,15.38,15.47,,47.972992,0.31857136,0.5196850393700787,10000.0,0.0,0.0,10000.0,0,0.0,9656.679
2016-10-24 00:00:00+00:00,15.54,15.54,,46.35763,0.32857138,0.5196850393700787,10000.0,0.0,0.0,10000.0,0,0.0,9700.373
2016-10-25 00:00:00+00:00,15.5,15.4,,53.472233,0.32999992,0.5196850393700787,10000.0,0.0,0.0,10000.0,0,0.0,9612.982
2016-10-26 00:00:00+00:00,15.34,15.01,,49.677414,0.3199999,0.5196850393700787,10000.0,0.0,0.0,10000.0,0,0.0,9369.537
2016-10-27 00:00:00+00:00,15.03,14.89,,35.000004,0.32214266,0.5196850393700787,10000.0,0.0,0.0,10000.0,0,0.0,9294.631
2016-10-28 00:00:00+00:00,14.96,15.0,,33.87098,0.30928558,0.5196850393700787,10000.0,0.0,0.0,10000.0,0,0.0,9363.296
2016-10-31 00:00:00+00:00,15.09,15.48,,30.50848,0.30571413,0.5196850393700787,10000.0,0.0,0.0,10000.0,0,0.0,9662.92
2016-11-01 00:00:00+00:00,15.46,15.26,,50.74626,0.3142856,0.5196850393700787,10000.0,0.0,0.0,10000.0,0,0.0,9525.593
2016-11-02 00:00:00+00:00,15.37,15.24,,43.72094,0.33214277,0.5196850393700787,10000.0,0.0,0.0,10000.0,0,0.0,9513.107
2016-11-03 00:00:00+00:00,15.14,14.83,,43.720917,0.3507142,0.5196850393700787,10000.0,0.0,0.0,10000.0,0,0.0,9257.178
2016-11-04 00:00:00+00:00,14.82,15.16,,37.751003,0.36428562,0.5196850393700787,10000.0,0.0,0.0,10000.0,0,0.0,9463.17
2016-11-07 00:00:00+00:00,15.37,15.71,,44.04332,0.3885714,0.5196850393700787,10000.0,0.0,0.0,10000.0,0,0.0,9806.491
2016-11-08 00:00:00+00:00,15.63,15.97,,50.160774,0.40785715,0.5196850393700787,10000.0,0.0,0.0,10000.0,0,0.0,9968.788
2016-11-09 00:00:00+00:00,15.65,16.11,,53.731346,0.4421429,0.5063291139240506,10000.0,0.0,0.0,10000.0,0,0.0,10056.179
2016-11-10 00:00:00+00:00,16.16,16.07,,59.14635,0.47000006,0.4716981132075472,10000.0,0.0,0.0,10000.0,0,0.0,10031.209
2016-11-11 00:00:00+00:00,16.03,16.48,,59.14633,0.46928576,0.5063291139240506,10000.0,0.0,0.0,10000.0,0,0.0,10287.14
2016-11-14 00:00:00+00:00,16.54,17.38,,62.98342,0.48500007,0.4716981132075472,10000.0,0.0,0.0,10000.0,0,0.0,10848.9375
2016-11-15 00:00:00+00:00,17.35,17.12,,72.60274,0.5378572,0.4716981132075472,10000.0,0.0,0.0,10000.0,0,0.0,10686.641
2016-11-16 00:00:00+00:00,17.06,16.98,,74.82355,0.5485715,0.4716981132075472,10000.0,0.0,0.0,10000.0,0,0.0,10599.25
2016-11-17 00:00:00+00:00,17.01,16.69,,74.47306,0.55,0.5063291139240506,10000.0,0.0,0.0,10000.0,0,0.0,10418.227
2016-11-18 00:00:00+00:00,16.66,16.41,,68.98878,0.5607142,0.5196850393700787,10000.0,0.0,0.0,10000.0,0,0.0,10243.444
2016-11-21 00:00:00+00:00,16.49,16.68,,60.94118,0.5435714,0.5196850393700787,10000.0,0.0,0.0,10000.0,0,0.0,10411.983
2016-11-22 00:00:00+00:00,16.76,16.93,,66.51163,0.5364285,0.5196850393700787,10000.0,0.0,0.0,10000.0,0,0.0,10568.039
2016-11-23 00:00:00+00:00,16.78,16.89,,68.65343,0.5199999,0.5196850393700787,10000.0,0.0,0.0,10000.0,0,0.0,10543.07
2016-11-25 00:00:00+00:00,16.89,16.94,,74.7596,0.5135714,0.5196850393700787,10000.0,0.0,0.0,10000.0,0,0.0,10574.282
2016-11-28 00:00:00+00:00,16.9,16.97,,72.93813,0.5128571,0.5196850393700787,10000.0,0.0,0.0,10000.0,0,0.0,10593.008
2016-11-29 00:00:00+00:00,17.0,17.3,,68.74998,0.48928562,0.5196850393700787,10000.0,0.0,0.0,10000.0,0,0.0,10799.0
2016-11-30 00:00:00+00:00,17.18,17.84,,69.38773,0.46857134,0.5196850393700787,10000.0,0.0,0.0,10000.0,0,0.0,11136.079
2016-12-01 00:00:00+00:00,17.81,18.14,,72.58484,0.45357132,0.5063291139240506,10000.0,0.0,0.0,10000.0,0,0.0,11323.345
2016-12-02 00:00:00+00:00,18.17,17.74,,75.30562,0.46357128,0.4716981132075472,10000.0,0.0,0.0,10000.0,0,0.0,11073.657
2016-12-05 00:00:00+00:00,17.84,18.27,,65.44118,0.4592856,0.5063291139240506,10000.0,0.0,0.0,10000.0,0,0.0,11404.494
2016-12-06 00:00:00+00:00,18.31,18.48,,61.994625,0.42785713,0.5063291139240506,10000.0,0.0,0.0,10000.0,0,0.0,11535.579
2016-12-07 00:00:00+00:00,18.5,18.92,,68.57921,0.4157144,0.5196850393700787,10000.0,0.0,0.0,10000.0,0,0.0,11810.236
2016-12-08 00:00:00+00:00,18.85,19.01,,74.49495,0.43357155,0.5063291139240506,10000.0,0.0,0.0,10000.0,0,0.0,11866.417
2016-12-09 00:00:00+00:00,19.08,19.18,,80.85104,0.44214302,0.5063291139240506,10000.0,0.0,0.0,10000.0,0,0.0,11972.534
2016-12-12 00:00:00+00:00,19.14,18.99,,87.9452,0.44142872,0.4716981132075472,10000.0,0.0,0.0,10000.0,0,0.0,11853.933
2016-12-13 00:00:00+00:00,19.05,19.05,,82.35292,0.44642872,0.4716981132075472,10000.0,0.0,0.0,10000.0,0,0.0,11891.386
2016-12-14 00:00:00+00:00,19.06,18.87,,81.36092,0.4557145,0.4716981132075472,10000.0,0.0,0.0,10000.0,0,0.0,11779.027
2016-12-15 00:00:00+00:00,18.79,18.92,,78.12503,0.46857166,0.5196850393700787,10000.0,0.0,0.0,10000.0,0,0.0,11810.237
2016-12-16 00:00:00+00:00,19.03,19.01,,78.12502,0.4657146,0.5063291139240506,10000.0,0.0,0.0,10000.0,0,0.0,11866.418
2016-12-19 00:00:00+00:00,19.11,19.18,,78.491646,0.4685718,0.5063291139240506,10000.0,0.0,0.0,10000.0,0,0.0,11972.536
2016-12-20 00:00:00+00:00,19.24,19.12,,77.48541,0.4614289,0.4716981132075472,10000.0,0.0,0.0,10000.0,0,0.0,11935.083
2016-12-21 00:00:00+00:00,19.17,19.17,,71.768745,0.43642887,0.4716981132075472,10000.0,0.0,0.0,10000.0,0,0.0,11966.293
2016-12-22 00:00:00+00:00,19.14,18.8,,69.14502,0.42642894,0.4716981132075472,10000.0,0.0,0.0,10000.0,0,0.0,11735.331
2016-12-23 00:00:00+00:00,18.82,18.93,,69.92482,0.42571464,0.4716981132075472,10000.0,0.0,0.0,10000.0,0,0.0,11816.48
2016-12-27 00:00:00+00:00,18.98,18.96,,64.601776,0.40071446,0.4716981132075472,10000.0,0.0,0.0,10000.0,0,0.0,11835.207
2016-12-28 00:00:00+00:00,18.69,18.57,,61.53846,0.38928577,0.5196850393700787,10000.0,0.0,0.0,10000.0,0,0.0,11591.763
2016-12-29 00:00:00+00:00,18.59,18.75,,41.379288,0.38714287,0.5063291139240506,10000.0,0.0,0.0,10000.0,0,0.0,11704.122
2016-12-30 00:00:00+00:00,18.74,18.84,,43.867912,0.36857143,0.5196850393700787,10000.0,0.0,0.0,10000.0,0,0.0,11760.302
2017-01-03 00:00:00+00:00,19.04,19.13,,41.666653,0.3742857,0.5196850393700787,10000.0,0.0,0.0,10000.0,0,0.0,11941.325
2017-01-04 00:00:00+00:00,19.15,19.34,,53.27102,0.36785713,0.5,10000.0,0.0,0.0,10000.0,0,0.0,12072.413
2017-01-05 00:00:00+00:00,19.3,18.5,,56.331905,0.36714283,0.4716981132075472,10000.0,0.0,0.0,10000.0,0,0.0,11548.068
2017-01-06 00:00:00+00:00,18.5,18.25,,43.728798,0.4014285,0.4716981132075472,10000.0,0.0,0.0,10000.0,0,0.0,11392.014
2017-01-09 00:00:00+00:00,18.28,18.2,,39.365078,0.39714268,0.5063291139240506,10000.0,0.0,0.0,10000.0,0,0.0,11360.804
2017-01-10 00:00:00+00:00,18.29,18.03,,36.977493,0.40499973,0.5196850393700787,10000.0,0.0,0.0,10000.0,0,0.0,11254.687
2017-01-11 00:00:00+00:00,18.13,18.18,,31.511253,0.42214257,0.5063291139240506,10000.0,0.0,0.0,10000.0,0,0.0,11348.319
2017-01-12 00:00:00+00:00,18.12,18.02,,35.312485,0.4207141,0.5063291139240506,10000.0,0.0,0.0,10000.0,0,0.0,11248.444
2017-01-13 00:00:00+00:00,18.11,18.26,,32.628403,0.4307142,0.5196850393700787,10000.0,0.0,0.0,10000.0,0,0.0,11398.257
2017-01-17 00:00:00+00:00,18.06,18.15,,41.509445,0.4149998,0.4716981132075472,10000.0,0.0,0.0,10000.0,0,0.0,11329.593
2017-01-18 00:00:00+00:00,18.19,18.31,,37.65821,0.42714283,0.5063291139240506,10000.0,0.0,0.0,10000.0,0,0.0,11429.467
2017-01-19 00:00:00+00:00,18.12,18.22,,40.121582,0.4299999,0.5063291139240506,10000.0,0.0,0.0,10000.0,0,0.0,11373.287
2017-01-20 00:00:00+00:00,18.24,18.33,,44.147152,0.42357144,0.5063291139240506,10000.0,0.0,0.0,10000.0,0,0.0,11441.952
2017-01-23 00:00:00+00:00,18.27,18.24,,42.80822,0.42785713,0.5,10000.0,0.0,0.0,10000.0,0,0.0,11385.772
2017-01-24 00:00:00+00:00,18.29,18.27,,39.72602,0.41642842,0.4716981132075472,10000.0,0.0,0.0,10000.0,0,0.0,11404.499
2017-01-25 00:00:00+00:00,18.31,18.48,,33.83462,0.41214275,0.5063291139240506,10000.0,0.0,0.0,10000.0,0,0.0,11535.584
2017-01-26 00:00:00+00:00,18.46,18.61,,33.834576,0.4028571,0.5063291139240506,10000.0,0.0,0.0,10000.0,0,0.0,11616.733
2017-01-27 00:00:00+00:00,18.65,18.59,,52.820526,0.35571426,0.4716981132075472,10000.0,0.0,0.0,10000.0,0,0.0,11604.248
2017-01-30 00:00:00+00:00,18.55,17.94,,59.883717,0.35428566,0.5063291139240506,10000.0,0.0,0.0,10000.0,0,0.0,11198.505
2017-01-31 00:00:00+00:00,17.96,18.07,,44.39655,0.38785717,0.5063291139240506,10000.0,0.0,0.0,10000.0,0,0.0,11279.653
2017-02-01 00:00:00+00:00,18.15,17.87,,50.87717,0.3792858,0.5196850393700787,10000.0,0.0,0.0,10000.0,0,0.0,11154.811
2017-02-02 00:00:00+00:00,17.83,17.91,,43.347652,0.39071423,0.5196850393700787,10000.0,0.0,0.0,10000.0,0,0.0,11179.777
2017-02-03 00:00:00+00:00,18.04,18.09,,47.5113,0.36714268,0.5196850393700787,10000.0,0.0,0.0,10000.0,0,0.0,11292.137
2017-02-06 00:00:00+00:00,18.05,17.88,,46.04651,0.36785698,0.5196850393700787,10000.0,0.0,0.0,10000.0,0,0.0,11161.051
2017-02-07 00:00:00+00:00,17.96,18.01,,43.99999,0.36928558,0.5196850393700787,10000.0,0.0,0.0,10000.0,0,0.0,11242.2
2017-02-08 00:00:00+00:00,17.96,18.33,,43.243263,0.3757143,0.5196850393700787,10000.0,0.0,0.0,10000.0,0,0.0,11441.951
2017-02-09 00:00:00+00:00,18.35,18.35,,52.24491,0.38285705,0.5196850393700787,10000.0,0.0,0.0,10000.0,0,0.0,11454.436
2017-02-10 00:00:00+00:00,18.36,18.36,,50.423737,0.38071427,0.5063291139240506,10000.0,0.0,0.0,10000.0,0,0.0,11460.679
2017-02-13 00:00:00+00:00,18.45,18.56,,52.631596,0.3778572,0.5063291139240506,10000.0,0.0,0.0,10000.0,0,0.0,11585.522
2017-02-14 00:00:00+00:00,18.52,18.75,,55.91835,0.3778572,0.5196850393700787,10000.0,0.0,0.0,10000.0,0,0.0,11704.125
2017-02-15 00:00:00+00:00,18.65,18.62,,55.555565,0.39500004,0.5196850393700787,10000.0,0.0,0.0,10000.0,0,0.0,11622.978
2017-02-16 00:00:00+00:00,18.65,18.58,,50.205765,0.405,0.5063291139240506,10000.0,0.0,0.0,10000.0,0,0.0,11598.008
2017-02-17 00:00:00+00:00,18.57,18.39,,49.795914,0.40214294,0.5063291139240506,10000.0,0.0,0.0,10000.0,0,0.0,11479.405
2017-02-21 00:00:00+00:00,18.35,18.69,,61.306503,0.375,0.5196850393700787,10000.0,0.0,0.0,10000.0,0,0.0,11666.672
2017-02-22 00:00:00+00:00,19.71,18.35,,64.35186,0.37357125,0.5196850393700787,10000.0,0.0,0.0,10000.0,0,0.0,11454.437
2017-02-23 00:00:00+00:00,18.41,18.03,,60.434757,0.4814284,0.5063291139240506,10000.0,0.0,0.0,10000.0,0,0.0,11254.6875
2017-02-24 00:00:00+00:00,17.98,18.01,,52.325596,0.5121427,0.5196850393700787,10000.0,0.0,0.0,10000.0,0,0.0,11242.202
2017-02-27 00:00:00+00:00,18.02,18.21,,48.34711,0.5214285,0.5063291139240506,10000.0,0.0,0.0,10000.0,0,0.0,11367.046
2017-02-28 00:00:00+00:00,18.13,17.99,,56.846466,0.5221427,0.5196850393700787,10000.0,0.0,0.0,10000.0,0,0.0,11229.718
2017-03-01 00:00:00+00:00,18.14,18.39,,49.59999,0.5249996,0.5196850393700787,10000.0,0.0,0.0,10000.0,0,0.0,11479.405
2017-03-02 00:00:00+00:00,18.34,18.61,,51.16278,0.53642833,0.5196850393700787,10000.0,0.0,0.0,10000.0,0,0.0,11616.734
2017-03-03 00:00:00+00:00,18.6,18.38,,54.67626,0.5507141,0.5063291139240506,10000.0,0.0,0.0,10000.0,0,0.0,11473.163
2017-03-06 00:00:00+00:00,18.19,18.5,,50.33331,0.5749998,0.5196850393700787,10000.0,0.0,0.0,10000.0,0,0.0,11548.069
2017-03-07 00:00:00+00:00,18.4,18.18,,48.972614,0.5842856,0.5196850393700787,10000.0,0.0,0.0,10000.0,0,0.0,11348.32
2017-03-08 00:00:00+00:00,18.11,18.13,,40.65575,0.5771427,0.5196850393700787,10000.0,0.0,0.0,10000.0,0,0.0,11317.108
2017-03-09 00:00:00+00:00,18.18,17.84,,41.750828,0.5735713,0.5196850393700787,10000.0,0.0,0.0,10000.0,0,0.0,11136.085
2017-03-10 00:00:00+00:00,17.84,17.91,,38.50933,0.5885714,0.5196850393700787,10000.0,0.0,0.0,10000.0,0,0.0,11179.779
2017-03-13 00:00:00+00:00,17.94,17.87,,42.258076,0.58071434,0.5063291139240506,10000.0,0.0,0.0,10000.0,0,0.0,11154.812
2017-03-14 00:00:00+00:00,17.87,17.75,,35.563385,0.5778573,0.5196850393700787,10000.0,0.0,0.0,10000.0,0,0.0,11079.904
2017-03-15 00:00:00+00:00,17.87,18.34,,38.549614,0.44714314,0.5063291139240506,10000.0,0.0,0.0,10000.0,0,0.0,11448.193
2017-03-16 00:00:00+00:00,18.38,18.24,,55.36331,0.44785744,0.4716981132075472,10000.0,0.0,0.0,10000.0,0,0.0,11385.772
2017-03-17 00:00:00+00:00,18.31,18.44,,53.872044,0.43428597,0.4716981132075472,10000.0,0.0,0.0,10000.0,0,0.0,11510.616
2017-03-20 00:00:00+00:00,18.45,18.38,,53.872074,0.42214325,0.5063291139240506,10000.0,0.0,0.0,10000.0,0,0.0,11473.162
2017-03-21 00:00:00+00:00,18.42,17.97,,56.93948,0.41000053,0.5196850393700787,10000.0,0.0,0.0,10000.0,0,0.0,11217.231
2017-03-22 00:00:00+00:00,17.97,18.09,,42.553204,0.40500042,0.49654198777571085,10000.0,0.0,0.0,10000.0,0,0.0,11292.14
2017-03-23 00:00:00+00:00,18.13,18.02,,40.441185,0.40500027,0.5196850393700787,10000.0,0.0,0.0,10000.0,0,0.0,11248.444
2017-03-24 00:00:00+00:00,18.13,18.05,,42.968784,0.394286,0.5196850393700787,10000.0,0.0,0.0,10000.0,0,0.0,11267.17
2017-03-27 00:00:00+00:00,17.95,18.02,,40.89068,0.38642883,0.5196850393700787,10000.0,0.0,0.0,10000.0,0,0.0,11248.444
2017-03-28 00:00:00+00:00,17.99,18.17,,46.33028,0.37500027,0.5196850393700787,10000.0,0.0,0.0,10000.0,0,0.0,11342.077
2017-03-29 00:00:00+00:00,17.95,18.24,,50.877213,0.37285736,0.5196850393700787,10000.0,0.0,0.0,10000.0,0,0.0,11385.772
2017-03-30 00:00:00+00:00,18.22,18.54,,59.708733,0.3642859,0.5196850393700787,10000.0,0.0,0.0,10000.0,0,0.0,11573.039
2017-03-31 00:00:00+00:00,18.52,18.66,,63.755478,0.3678574,0.5196850393700787,10000.0,0.0,0.0,10000.0,0,0.0,11647.945
2017-04-03 00:00:00+00:00,18.65,18.37,,66.66664,0.36785752,0.4716981132075472,10000.0,0.0,0.0,10000.0,0,0.0,11466.923
2017-04-04 00:00:00+00:00,18.27,18.3,,62.204746,0.38500023,0.5196850393700787,10000.0,0.0,0.0,10000.0,0,0.0,11423.227
2017-04-05 00:00:00+00:00,18.41,18.26,,49.00988,0.35642883,0.5196850393700787,10000.0,0.0,0.0,10000.0,0,0.0,11398.258
2017-04-06 00:00:00+00:00,18.28,18.52,,50.510216,0.37357166,0.5196850393700787,10000.0,0.0,0.0,10000.0,0,0.0,11560.556
2017-04-07 00:00:00+00:00,18.44,18.3,,51.980198,0.39285728,0.5063291139240506,10000.0,0.0,0.0,10000.0,0,0.0,11423.227
2017-04-10 00:00:00+00:00,18.42,18.43,,48.16514,0.39500004,0.5196850393700787,10000.0,0.0,0.0,10000.0,0,0.0,11504.376
2017-04-11 00:00:00+00:00,18.45,18.57,,62.105293,0.37142876,0.5196850393700787,10000.0,0.0,0.0,10000.0,0,0.0,11591.766
2017-04-12 00:00:00+00:00,18.58,18.38,,62.5,0.3600002,0.5063291139240506,10000.0,0.0,0.0,10000.0,0,0.0,11473.163
2017-04-13 00:00:00+00:00,18.38,18.45,,58.8235,0.3585716,0.5063291139240506,10000.0,0.0,0.0,10000.0,0,0.0,11516.86
2017-04-17 00:00:00+00:00,18.5,18.47,,59.615414,0.35928577,0.5196850393700787,10000.0,0.0,0.0,10000.0,0,0.0,11529.345
2017-04-18 00:00:00+00:00,18.44,18.61,,60.86953,0.35571438,0.5196850393700787,10000.0,0.0,0.0,10000.0,0,0.0,11616.735
2017-04-19 00:00:00+00:00,18.69,19.0,,60.679607,0.3428572,0.5196850393700787,10000.0,0.0,0.0,10000.0,0,0.0,11860.18
2017-04-20 00:00:00+00:00,19.02,19.05,,65.96637,0.3407143,0.5196850393700787,10000.0,0.0,0.0,10000.0,0,0.0,11891.39
2017-04-21 00:00:00+00:00,19.03,18.82,,61.971786,0.35499996,0.5063291139240506,10000.0,0.0,0.0,10000.0,0,0.0,11747.82
2017-04-24 00:00:00+00:00,19.04,19.0,,53.571423,0.3521426,0.5196850393700787,10000.0,0.0,0.0,10000.0,0,0.0,11860.18
2017-04-25 00:00:00+00:00,19.11,19.05,,64.78869,0.33928558,0.5196850393700787,10000.0,0.0,0.0,10000.0,0,0.0,11891.39
2017-04-26 00:00:00+00:00,19.01,19.27,,67.77251,0.3407142,0.5196850393700787,10000.0,0.0,0.0,10000.0,0,0.0,12028.719
2017-04-27 00:00:00+00:00,19.27,19.24,,72.052376,0.3414285,0.5196850393700787,10000.0,0.0,0.0,10000.0,0,0.0,12009.991
2017-04-28 00:00:00+00:00,19.41,17.95,,67.475685,0.32571426,0.5196850393700787,10000.0,0.0,0.0,10000.0,0,0.0,11204.748
2017-05-01 00:00:00+00:00,18.04,18.05,,44.408974,0.42857143,0.47941318580436304,10000.0,0.0,0.0,10000.0,0,0.0,11267.169
2017-05-02 00:00:00+00:00,18.08,18.44,,43.87095,0.4378571,0.5,10000.0,0.0,0.0,10000.0,0,0.0,11510.614
2017-05-03 00:00:00+00:00,18.46,18.2,,48.059715,0.45357147,0.5063291139240506,10000.0,0.0,0.0,10000.0,0,0.0,11360.802
2017-05-04 00:00:00+00:00,18.21,18.0,,47.352966,0.45857143,0.5196850393700787,10000.0,0.0,0.0,10000.0,0,0.0,11235.957
2017-05-05 00:00:00+00:00,18.1,18.13,,43.62605,0.46285725,0.5063291139240506,10000.0,0.0,0.0,10000.0,0,0.0,11317.105
2017-05-08 00:00:00+00:00,18.19,17.8,,45.329666,0.4742858,0.5196850393700787,10000.0,0.0,0.0,10000.0,0,0.0,11111.113
2017-05-09 00:00:00+00:00,17.85,17.83,,39.425564,0.5000001,0.5063291139240506,10000.0,0.0,0.0,10000.0,0,0.0,11129.84
2017-05-10 00:00:00+00:00,17.79,18.01,,33.141205,0.49785736,0.5196850393700787,10000.0,0.0,0.0,10000.0,0,0.0,11242.199
2017-05-11 00:00:00+00:00,17.88,17.68,,35.555573,0.4878574,0.5196850393700787,10000.0,0.0,0.0,10000.0,0,0.0,11036.206
2017-05-12 00:00:00+00:00,17.62,17.48,,34.594604,0.5028575,0.5196850393700787,10000.0,0.0,0.0,10000.0,0,0.0,10911.362
2017-05-15 00:00:00+00:00,17.55,17.75,,29.569893,0.5028573,0.4716981132075472,10000.0,0.0,0.0,10000.0,0,0.0,11079.902
2017-05-16 00:00:00+00:00,17.73,17.68,,33.50256,0.507143,0.5063291139240506,10000.0,0.0,0.0,10000.0,0,0.0,11036.208
2017-05-17 00:00:00+00:00,17.5,17.64,,29.02375,0.48714298,0.5196850393700787,10000.0,0.0,0.0,10000.0,0,0.0,11011.238
2017-05-18 00:00:00+00:00,17.57,18.03,,28.94737,0.49500003,0.4716981132075472,10000.0,0.0,0.0,10000.0,0,0.0,11254.685
2017-05-19 00:00:00+00:00,18.07,18.09,,51.379307,0.43000004,0.4716981132075472,10000.0,0.0,0.0,10000.0,0,0.0,11292.137
2017-05-22 00:00:00+00:00,18.12,18.11,,50.699314,0.41785717,0.4716981132075472,10000.0,0.0,0.0,10000.0,0,0.0,11304.622
2017-05-23 00:00:00+00:00,18.17,18.16,,43.373505,0.39857143,0.4716981132075472,10000.0,0.0,0.0,10000.0,0,0.0,11335.833
2017-05-24 00:00:00+00:00,18.19,18.21,,49.130417,0.38999993,0.5063291139240506,10000.0,0.0,0.0,10000.0,0,0.0,11367.043
2017-05-25 00:00:00+00:00,18.21,18.09,,54.883698,0.38928562,0.5063291139240506,10000.0,0.0,0.0,10000.0,0,0.0,11292.138
2017-05-26 00:00:00+00:00,18.04,18.07,,49.065445,0.38714272,0.4716981132075472,10000.0,0.0,0.0,10000.0,0,0.0,11279.653
2017-05-30 00:00:00+00:00,18.07,17.85,,57.377056,0.3564284,0.5063291139240506,10000.0,0.0,0.0,10000.0,0,0.0,11142.325
2017-05-31 00:00:00+00:00,17.96,17.99,,50.49506,0.34571403,0.5063291139240506,10000.0,0.0,0.0,10000.0,0,0.0,11229.717
2017-06-01 00:00:00+00:00,18.02,17.88,,49.494938,0.33714253,0.5196850393700787,10000.0,0.0,0.0,10000.0,0,0.0,11161.052
2017-06-02 00:00:00+00:00,17.98,18.17,,55.681786,0.3192854,0.5196850393700787,10000.0,0.0,0.0,10000.0,0,0.0,11342.076
2017-06-05 00:00:00+00:00,18.15,17.87,,68.64866,0.32071415,0.5196850393700787,10000.0,0.0,0.0,10000.0,0,0.0,11154.812
2017-06-06 00:00:00+00:00,17.83,17.85,,53.191513,0.31857124,0.5196850393700787,10000.0,0.0,0.0,10000.0,0,0.0,11142.326
2017-06-07 00:00:00+00:00,17.87,17.98,,54.64481,0.32785702,0.5196850393700787,10000.0,0.0,0.0,10000.0,0,0.0,11223.475
2017-06-08 00:00:00+00:00,17.98,18.14,,58.85418,0.32714286,0.5196850393700787,10000.0,0.0,0.0,10000.0,0,0.0,11323.35
2017-06-09 00:00:00+00:00,18.17,18.38,,53.254406,0.30500004,0.5196850393700787,10000.0,0.0,0.0,10000.0,0,0.0,11473.162
2017-06-12 00:00:00+00:00,18.39,18.63,,57.753998,0.32642868,0.5196850393700787,10000.0,0.0,0.0,10000.0,0,0.0,11629.218
2017-06-13 00:00:00+00:00,18.63,18.7,,62.38094,0.34500012,0.5196850393700787,10000.0,0.0,0.0,10000.0,0,0.0,11672.914
2017-06-14 00:00:00+00:00,18.8,18.57,,62.735878,0.34857163,0.5063291139240506,10000.0,0.0,0.0,10000.0,0,0.0,11591.765
2017-06-15 00:00:00+00:00,18.4,18.59,,58.181828,0.35214314,0.5196850393700787,10000.0,0.0,0.0,10000.0,0,0.0,11604.249
2017-06-16 00:00:00+00:00,18.63,18.74,,61.904747,0.34857163,0.5196850393700787,10000.0,0.0,0.0,10000.0,0,0.0,11697.883
2017-06-19 00:00:00+00:00,18.82,19.1,,65.022415,0.35785744,0.5196850393700787,10000.0,0.0,0.0,10000.0,0,0.0,11922.602
2017-06-20 00:00:00+00:00,19.12,18.92,,76.37128,0.369286,0.5196850393700787,10000.0,0.0,0.0,10000.0,0,0.0,11810.242
2017-06-21 00:00:00+00:00,18.93,18.6,,69.294586,0.3700003,0.5196850393700787,10000.0,0.0,0.0,10000.0,0,0.0,11610.491
2017-06-22 00:00:00+00:00,18.6,18.67,,63.740467,0.39000034,0.5196850393700787,10000.0,0.0,0.0,10000.0,0,0.0,11654.187
2017-06-23 00:00:00+00:00,18.71,18.72,,60.41666,0.38642883,0.5196850393700787,10000.0,0.0,0.0,10000.0,0,0.0,11685.396
2017-06-26 00:00:00+00:00,18.75,18.95,,69.767395,0.37928608,0.5196850393700787,10000.0,0.0,0.0,10000.0,0,0.0,11828.969
2017-06-27 00:00:00+00:00,18.92,18.81,,73.30507,0.3721432,0.4716981132075472,10000.0,0.0,0.0,10000.0,0,0.0,11741.577
2017-06-28 00:00:00+00:00,18.7,18.6,,67.51051,0.369286,0.5196850393700787,10000.0,0.0,0.0,10000.0,0,0.0,11610.491
2017-06-29 00:00:00+00:00,18.63,18.48,,59.50414,0.35785744,0.5196850393700787,10000.0,0.0,0.0,10000.0,0,0.0,11535.584
2017-06-30 00:00:00+00:00,18.6,18.27,,52.173916,0.34500027,0.5196850393700787,10000.0,0.0,0.0,10000.0,0,0.0,11404.499
2017-07-03 00:00:00+00:00,18.38,18.81,,42.035442,0.3371431,0.5196850393700787,10000.0,0.0,0.0,10000.0,0,0.0,11741.577
2017-07-05 00:00:00+00:00,18.79,18.71,,52.014626,0.35428593,0.5063291139240506,10000.0,0.0,0.0,10000.0,0,0.0,11679.156
2017-07-06 00:00:00+00:00,18.61,18.3,17.74805,52.59258,0.35142857,0.5196850393700787,10000.0,0.0,0.0,10000.0,0,0.0,11423.226
2017-07-07 00:00:00+00:00,18.36,18.26,17.75945,45.30743,0.36428574,0.5196850393700787,10000.0,0.0,0.0,10000.0,0,0.0,11398.257
2017-07-10 00:00:00+00:00,18.28,17.92,17.7706,41.946316,0.36285713,0.5196850393700787,10000.0,0.0,0.0,10000.0,0,0.0,11186.021
2017-07-11 00:00:00+00:00,17.96,18.02,17.7803,30.067556,0.36857143,0.5196850393700787,10000.0,0.0,0.0,10000.0,0,0.0,11248.444
2017-07-12 00:00:00+00:00,18.14,18.05,17.78885,34.375004,0.3621427,0.5196850393700787,10000.0,0.0,0.0,10000.0,0,0.0,11267.17
2017-07-13 00:00:00+00:00,18.08,18.11,17.79785,39.38221,0.3592855,0.5196850393700787,10000.0,0.0,0.0,10000.0,0,0.0,11304.624
2017-07-14 00:00:00+00:00,18.14,18.15,17.80835,39.147297,0.3521426,0.5,10000.0,0.0,0.0,10000.0,0,0.0,11329.593
2017-07-17 00:00:00+00:00,18.09,18.48,17.8204,38.91051,0.3542854,0.5063291139240506,10000.0,0.0,0.0,10000.0,0,0.0,11535.585
2017-07-18 00:00:00+00:00,18.45,18.62,17.8348,41.19847,0.38928536,0.5063291139240506,10000.0,0.0,0.0,10000.0,0,0.0,11622.978
2017-07-19 00:00:00+00:00,18.66,18.61,17.84965,46.44197,0.38785675,0.5196850393700787,10000.0,0.0,0.0,10000.0,0,0.0,11616.734
2017-07-20 00:00:00+00:00,18.57,18.05,17.86485,50.202435,0.37499958,0.5063291139240506,10000.0,0.0,0.0,10000.0,0,0.0,11267.171
2017-07-21 00:00:00+00:00,18.01,17.96,17.8772,42.61168,0.38928524,0.5063291139240506,10000.0,0.0,0.0,10000.0,0,0.0,11210.991
2017-07-24 00:00:00+00:00,17.94,17.97,17.8898,44.44442,0.39142814,0.5063291139240506,10000.0,0.0,0.0,10000.0,0,0.0,11217.234
2017-07-25 00:00:00+00:00,18.06,18.44,17.9026,31.415943,0.3614281,0.5196850393700787,10000.0,0.0,0.0,10000.0,0,0.0,11510.618
2017-07-26 00:00:00+00:00,18.46,18.02,17.91705,44.866955,0.3764282,0.5063291139240506,10000.0,0.0,0.0,10000.0,0,0.0,11248.445
2017-07-27 00:00:00+00:00,18.02,18.68,17.9297,44.697,0.385714,0.5063291139240506,10000.0,0.0,0.0,10000.0,0,0.0,11660.431
2017-07-28 00:00:00+00:00,18.68,18.71,17.94465,56.44171,0.41928536,0.4716981132075472,10000.0,0.0,0.0,10000.0,0,0.0,11679.157
2017-07-31 00:00:00+00:00,18.67,18.66,17.96095,63.3898,0.40499973,0.5063291139240506,10000.0,0.0,0.0,10000.0,0,0.0,11647.947
2017-08-01 00:00:00+00:00,18.72,18.91,17.9766,61.034466,0.4149998,0.4716981132075472,10000.0,0.0,0.0,10000.0,0,0.0,11804.003
2017-08-02 00:00:00+00:00,18.83,18.64,17.9936,63.782047,0.40499988,0.5063291139240506,10000.0,0.0,0.0,10000.0,0,0.0,11635.463
2017-08-03 00:00:00+00:00,18.61,18.39,18.0096,57.957935,0.43357128,0.5063291139240506,10000.0,0.0,0.0,10000.0,0,0.0,11479.409
2017-08-04 00:00:00+00:00,18.45,18.65,18.0241,53.389824,0.44214264,0.5063291139240506,10000.0,0.0,0.0,10000.0,0,0.0,11641.706
2017-08-07 00:00:00+00:00,18.67,18.74,18.03885,52.449566,0.4135712,0.4716981132075472,10000.0,0.0,0.0,10000.0,0,0.0,11697.886
2017-08-08 00:00:00+00:00,18.52,18.21,18.05395,51.754368,0.40571418,0.4716981132075472,10000.0,0.0,0.0,10000.0,0,0.0,11367.049
2017-08-09 00:00:00+00:00,18.21,17.97,18.06745,44.923843,0.4357142,0.4716981132075472,10000.0,0.0,0.0,10000.0,0,0.0,11217.236
2017-08-10 00:00:00+00:00,17.91,17.83,18.07995,48.895027,0.4214284,0.5063291139240506,10000.0,0.0,0.0,10000.0,0,0.0,11129.846
2017-08-11 00:00:00+00:00,17.78,17.85,18.0914,48.228893,0.40285683,0.4716981132075472,10000.0,0.0,0.0,10000.0,0,0.0,11142.33
2017-08-14 00:00:00+00:00,17.94,18.0,18.10365,48.36958,0.4099997,0.5063291139240506,10000.0,0.0,0.0,10000.0,0,0.0,11235.963
2017-08-15 00:00:00+00:00,18.03,17.95,18.1186,43.45237,0.39285687,0.5196850393700787,10000.0,0.0,0.0,10000.0,0,0.0,11204.753
2017-08-16 00:00:00+00:00,18.01,18.23,18.1339,48.829437,0.36428532,0.5063291139240506,10000.0,0.0,0.0,10000.0,0,0.0,11379.533
2017-08-17 00:00:00+00:00,18.24,17.92,18.15005,41.379284,0.3328567,0.5196850393700787,10000.0,0.0,0.0,10000.0,0,0.0,11186.025
2017-08-18 00:00:00+00:00,17.87,17.43,18.16225,36.332184,0.35214233,0.5063291139240506,10000.0,0.0,0.0,10000.0,0,0.0,10880.157
2017-08-21 00:00:00+00:00,17.47,17.38,18.1731,31.531527,0.361428,0.5196850393700787,10000.0,0.0,0.0,10000.0,0,0.0,10848.944
2017-08-22 00:00:00+00:00,17.44,17.65,18.1838,25.559088,0.3557137,0.5196850393700787,10000.0,0.0,0.0,10000.0,0,0.0,11017.483
2017-08-23 00:00:00+00:00,17.58,17.57,18.1979,34.185303,0.3392853,0.5063291139240506,10000.0,0.0,0.0,10000.0,0,0.0,10967.546
2017-08-24 00:00:00+00:00,17.72,17.6,18.20995,36.14865,0.33214256,0.5063291139240506,10000.0,0.0,0.0,10000.0,0,0.0,10986.273
2017-08-25 00:00:00+00:00,17.62,17.7,18.2194,30.769241,0.32928547,0.5196850393700787,10000.0,0.0,0.0,10000.0,0,0.0,11048.696
2017-08-28 00:00:00+00:00,17.77,17.53,18.22805,31.021914,0.33142826,0.5063291139240506,10000.0,0.0,0.0,10000.0,0,0.0,10942.578
2017-08-29 00:00:00+00:00,17.38,17.68,18.23515,35.714314,0.31714264,0.5196850393700787,10000.0,0.0,0.0,10000.0,0,0.0,11036.211
2017-08-30 00:00:00+00:00,17.66,18.02,18.2432,43.66814,0.31642845,0.5063291139240506,10000.0,0.0,0.0,10000.0,0,0.0,11248.445
2017-08-31 00:00:00+00:00,18.09,18.12,18.2509,53.815273,0.3357142,0.5196850393700787,10000.0,0.0,0.0,10000.0,0,0.0,11310.868
2017-09-01 00:00:00+00:00,18.15,18.14,18.2546,55.25293,0.33357129,0.5063291139240506,10000.0,0.0,0.0,10000.0,0,0.0,11323.352
2017-09-05 00:00:00+00:00,18.14,17.62,18.2597,52.868843,0.3264284,0.5063291139240506,10000.0,0.0,0.0,10000.0,0,0.0,10998.758
2017-09-06 00:00:00+00:00,17.68,17.98,18.2629,44.329895,0.35642856,0.5063291139240506,10000.0,0.0,0.0,10000.0,0,0.0,11223.478
2017-09-07 00:00:00+00:00,18.01,17.94,18.26935,45.819393,0.36285713,0.5196850393700787,10000.0,0.0,0.0,10000.0,0,0.0,11198.509
2017-09-08 00:00:00+00:00,17.91,18.15,18.277,50.367657,0.3407143,0.5196850393700787,10000.0,0.0,0.0,10000.0,0,0.0,11329.595
2017-09-11 00:00:00+00:00,18.32,18.21,18.28435,64.754105,0.33428574,0.5196850393700787,10000.0,0.0,0.0,10000.0,0,0.0,11367.048
2017-09-12 00:00:00+00:00,18.23,18.38,18.29075,66.938805,0.3414286,0.5196850393700787,10000.0,0.0,0.0,10000.0,0,0.0,11473.166
2017-09-13 00:00:00+00:00,18.35,18.44,18.2982,65.53194,0.33571434,0.5196850393700787,10000.0,0.0,0.0,10000.0,0,0.0,11510.62
2017-09-14 00:00:00+00:00,18.37,18.27,18.3057,68.66958,0.33357143,0.5196850393700787,10000.0,0.0,0.0,10000.0,0,0.0,11404.502
2017-09-15 00:00:00+00:00,18.26,18.25,18.3122,63.56278,0.33214283,0.5196850393700787,10000.0,0.0,0.0,10000.0,0,0.0,11392.018
2017-09-18 00:00:00+00:00,18.28,18.31,18.31695,61.506283,0.3385714,0.5196850393700787,10000.0,0.0,0.0,10000.0,0,0.0,11429.471
2017-09-19 00:00:00+00:00,18.29,18.34,18.3193,67.10527,0.32142857,0.5196850393700787,10000.0,0.0,0.0,10000.0,0,0.0,11448.198
2017-09-20 00:00:00+00:00,18.3,18.46,18.3203,65.2778,0.3185715,0.5196850393700787,10000.0,0.0,0.0,10000.0,0,0.0,11523.1045
2017-09-21 00:00:00+00:00,18.47,18.29,18.3239,61.340202,0.30500016,0.5063291139240506,10000.0,0.0,0.0,10000.0,0,0.0,11416.988
2017-09-22 00:00:00+00:00,18.33,18.33,18.324,54.228874,0.30857155,0.5196850393700787,10000.0,0.0,0.0,10000.0,0,0.0,11441.955
2017-09-25 00:00:00+00:00,18.35,18.36,18.32325,54.679832,0.30428585,0.5196850393700787,10000.0,0.0,0.0,10000.0,0,0.0,11460.684
2017-09-26 00:00:00+00:00,18.38,18.5,18.32045,74.02604,0.2821429,0.5063291139240506,10000.0,0.0,0.0,10000.0,0,0.0,11548.073
2017-09-27 00:00:00+00:00,18.61,18.54,18.3179,69.69705,0.27000004,0.4716981132075472,10000.0,0.0,0.0,10000.0,0,0.0,11573.043
2017-09-28 00:00:00+00:00,18.3,18.49,18.3147,72.727325,0.26857144,0.5063291139240506,10000.0,0.0,0.0,10000.0,0,0.0,11541.831
2017-09-29 00:00:00+00:00,18.45,18.49,18.3122,64.65518,0.2650002,0.5196850393700787,10000.0,0.0,0.0,10000.0,0,0.0,11541.831
2017-10-02 00:00:00+00:00,18.48,18.43,18.3094,62.7273,0.25714302,0.5196850393700787,10000.0,0.0,0.0,10000.0,0,0.0,11504.378
2017-10-03 00:00:00+00:00,18.44,18.24,18.3072,52.52531,0.25428566,0.5196850393700787,10000.0,0.0,0.0,10000.0,0,0.0,11385.777
2017-10-04 00:00:00+00:00,18.24,18.2,18.3038,41.071384,0.26071426,0.5196850393700787,10000.0,0.0,0.0,10000.0,0,0.0,11360.809
2017-10-05 00:00:00+00:00,18.28,18.32,18.29975,46.464653,0.25571427,0.5196850393700787,10000.0,0.0,0.0,10000.0,0,0.0,11435.714
2017-10-06 00:00:00+00:00,18.28,18.34,18.29545,53.211006,0.25,0.5063291139240506,10000.0,0.0,0.0,10000.0,0,0.0,11448.198
2017-10-09 00:00:00+00:00,18.34,18.39,18.29155,51.428608,0.25857136,0.5196850393700787,10000.0,0.0,0.0,10000.0,0,0.0,11479.409
2017-10-10 00:00:00+00:00,18.42,18.55,18.28765,52.336422,0.24142838,0.5063291139240506,10000.0,0.0,0.0,10000.0,0,0.0,11579.283
2017-10-11 00:00:00+00:00,18.55,18.67,18.2864,54.054073,0.2399999,0.5196850393700787,10000.0,0.0,0.0,10000.0,0,0.0,11654.189
2017-10-12 00:00:00+00:00,18.84,19.4,18.285099,67.9245,0.23642853,0.5063291139240506,10000.0,0.0,0.0,10000.0,0,0.0,12109.871
2017-10-13 00:00:00+00:00,19.44,19.51,18.2873,80.57142,0.2785714,0.5,10000.0,0.0,0.0,10000.0,0,0.0,12178.537
2017-10-16 00:00:00+00:00,19.5,19.4,18.292,81.42075,0.2835714,0.4716981132075472,10000.0,0.0,0.0,10000.0,0,0.0,12109.872
2017-10-17 00:00:00+00:00,19.39,19.34,18.29525,74.99998,0.2828572,0.5038392977804662,10000.0,0.0,0.0,10000.0,0,0.0,12072.419
2017-10-18 00:00:00+00:00,19.33,19.85,18.29775,71.978004,0.27857155,0.5196850393700787,10000.0,0.0,0.0,10000.0,0,0.0,12390.772
2017-10-19 00:00:00+00:00,19.78,19.83,18.30135,79.82459,0.2885715,0.4716981132075472,10000.0,0.0,0.0,10000.0,0,0.0,12378.287
2017-10-20 00:00:00+00:00,19.83,19.46,18.3038,79.13045,0.2907144,0.5063291139240506,10000.0,0.0,0.0,10000.0,0,0.0,12147.325
2017-10-23 00:00:00+00:00,19.53,19.33,18.3086,69.73177,0.30785736,0.5063291139240506,10000.0,0.0,0.0,10000.0,0,0.0,12066.177
2017-10-24 00:00:00+00:00,19.38,19.66,18.314,71.37256,0.30928597,0.5196850393700787,10000.0,0.0,0.0,10000.0,0,0.0,12272.171
2017-10-25 00:00:00+00:00,19.62,19.35,18.3213,75.70421,0.31857163,0.5196850393700787,10000.0,0.0,0.0,10000.0,0,0.0,12078.663
2017-10-26 00:00:00+00:00,19.46,19.4,18.3279,66.996704,0.3307145,0.5196850393700787,10000.0,0.0,0.0,10000.0,0,0.0,12109.874
2017-10-27 00:00:00+00:00,19.39,19.44,18.334,67.32026,0.3292859,0.5196850393700787,10000.0,0.0,0.0,10000.0,0,0.0,12134.843
2017-10-30 00:00:00+00:00,19.43,19.3,18.3411,67.21313,0.34428582,0.5196850393700787,10000.0,0.0,0.0,10000.0,0,0.0,12047.45
2017-10-31 00:00:00+00:00,19.37,19.56,18.3463,62.37623,0.345,0.5196850393700787,10000.0,0.0,0.0,10000.0,0,0.0,12209.748
2017-11-01 00:00:00+00:00,19.66,19.73,18.35335,64.037834,0.34857136,0.5063291139240506,10000.0,0.0,0.0,10000.0,0,0.0,12315.866
2017-11-02 00:00:00+00:00,19.43,19.46,18.36045,56.32183,0.31857136,0.5063291139240506,10000.0,0.0,0.0,10000.0,0,0.0,12147.326
2017-11-03 00:00:00+00:00,19.42,19.63,18.36665,49.097454,0.3392857,0.5063291139240506,10000.0,0.0,0.0,10000.0,0,0.0,12253.444
2017-11-06 00:00:00+00:00,19.79,19.79,18.37315,54.063595,0.3621427,0.5063291139240506,10000.0,0.0,0.0,10000.0,0,0.0,12353.321
2017-11-07 00:00:00+00:00,19.78,19.79,18.3809,57.679184,0.37571415,0.5196850393700787,10000.0,0.0,0.0,10000.0,0,0.0,12353.321
2017-11-08 00:00:00+00:00,19.79,20.19,18.3885,48.760345,0.36642838,0.5063291139240506,10000.0,0.0,0.0,10000.0,0,0.0,12603.009
2017-11-09 00:00:00+00:00,20.1,20.0,18.39705,56.428574,0.37785694,0.4716981132075472,10000.0,0.0,0.0,10000.0,0,0.0,12484.406
2017-11-10 00:00:00+00:00,19.93,19.99,18.404,60.30535,0.3814283,0.4716981132075472,10000.0,0.0,0.0,10000.0,0,0.0,12478.163
2017-11-13 00:00:00+00:00,19.92,20.03,18.411,63.199978,0.37214252,0.5063291139240506,10000.0,0.0,0.0,10000.0,0,0.0,12503.133
2017-11-14 00:00:00+00:00,19.92,19.97,18.42145,58.37104,0.36785683,0.5063291139240506,10000.0,0.0,0.0,10000.0,0,0.0,12465.68
2017-11-15 00:00:00+00:00,19.85,19.76,18.43095,65.816246,0.3549998,0.5196850393700787,10000.0,0.0,0.0,10000.0,0,0.0,12334.594
2017-11-16 00:00:00+00:00,19.78,19.97,18.4404,58.490555,0.3535712,0.5196850393700787,10000.0,0.0,0.0,10000.0,0,0.0,12465.68
2017-11-17 00:00:00+00:00,19.82,19.89,18.4507,61.572002,0.35857132,0.5063291139240506,10000.0,0.0,0.0,10000.0,0,0.0,12415.741
2017-11-20 00:00:00+00:00,19.92,19.7,18.4597,63.228683,0.35499996,0.5196850393700787,10000.0,0.0,0.0,10000.0,0,0.0,12297.141
2017-11-21 00:00:00+00:00,19.82,19.79,18.4688,53.24077,0.35500008,0.5196850393700787,10000.0,0.0,0.0,10000.0,0,0.0,12353.321
2017-11-22 00:00:00+00:00,19.78,19.78,18.4777,51.44234,0.3478572,0.5196850393700787,10000.0,0.0,0.0,10000.0,0,0.0,12347.078
2017-11-24 00:00:00+00:00,19.85,19.8,18.48495,58.791245,0.3192858,0.5196850393700787,10000.0,0.0,0.0,10000.0,0,0.0,12359.562
2017-11-27 00:00:00+00:00,19.78,19.6,18.4922,55.08982,0.28928593,0.5063291139240506,10000.0,0.0,0.0,10000.0,0,0.0,12234.719
2017-11-28 00:00:00+00:00,19.62,19.46,18.4984,44.44442,0.28714302,0.5196850393700787,10000.0,0.0,0.0,10000.0,0,0.0,12147.328
2017-11-29 00:00:00+00:00,19.46,19.67,18.5029,41.081024,0.2900001,0.5196850393700787,10000.0,0.0,0.0,10000.0,0,0.0,12278.415
2017-11-30 00:00:00+00:00,19.77,19.79,18.5075,34.337334,0.28000015,0.5063291139240506,10000.0,0.0,0.0,10000.0,0,0.0,12353.321
2017-12-01 00:00:00+00:00,19.89,19.51,18.51335,43.396255,0.2642859,0.5196850393700787,10000.0,0.0,0.0,10000.0,0,0.0,12178.539
2017-12-04 00:00:00+00:00,19.95,19.86,18.518,37.09679,0.29071453,0.5196850393700787,10000.0,0.0,0.0,10000.0,0,0.0,12397.017
2017-12-05 00:00:00+00:00,19.88,19.73,18.52535,46.082947,0.31071445,0.5196850393700787,10000.0,0.0,0.0,10000.0,0,0.0,12315.867
2017-12-06 00:00:00+00:00,19.7,19.61,18.53055,44.64286,0.31142876,0.5196850393700787,10000.0,0.0,0.0,10000.0,0,0.0,12240.961
2017-12-07 00:00:00+00:00,19.59,19.65,18.53685,46.511635,0.32357162,0.5196850393700787,10000.0,0.0,0.0,10000.0,0,0.0,12265.928
2017-12-08 00:00:00+00:00,19.69,19.84,18.54495,41.919197,0.31571442,0.5196850393700787,10000.0,0.0,0.0,10000.0,0,0.0,12384.529
2017-12-11 00:00:00+00:00,19.78,19.83,18.5541,48.803844,0.31642872,0.5196850393700787,10000.0,0.0,0.0,10000.0,0,0.0,12378.287
2017-12-12 00:00:00+00:00,19.86,19.85,18.5622,53.403114,0.30928585,0.5196850393700787,10000.0,0.0,0.0,10000.0,0,0.0,12390.772
2017-12-13 00:00:00+00:00,19.87,19.85,18.5715,51.630417,0.30928597,0.5063291139240506,10000.0,0.0,0.0,10000.0,0,0.0,12390.772
2017-12-14 00:00:00+00:00,19.81,19.78,18.5788,51.91256,0.3021431,0.5196850393700787,10000.0,0.0,0.0,10000.0,0,0.0,12347.077
2017-12-15 00:00:00+00:00,19.84,20.14,18.58465,49.468124,0.31071445,0.5196850393700787,10000.0,0.0,0.0,10000.0,0,0.0,12571.796
2017-12-18 00:00:00+00:00,20.3,20.58,18.59345,63.235252,0.31571442,0.4716981132075472,10000.0,0.0,0.0,10000.0,0,0.0,12846.454
2017-12-19 00:00:00+00:00,20.65,20.28,18.60385,73.93162,0.31857163,0.5063291139240506,10000.0,0.0,0.0,10000.0,0,0.0,12659.188
2017-12-20 00:00:00+00:00,20.41,20.05,18.61435,62.551453,0.33071437,0.5196850393700787,10000.0,0.0,0.0,10000.0,0,0.0,12515.617
2017-12-21 00:00:00+00:00,20.17,20.05,18.62395,55.118076,0.34,0.5196850393700787,10000.0,0.0,0.0,10000.0,0,0.0,12515.617
2017-12-22 00:00:00+00:00,20.09,20.14,18.635,61.94688,0.3185715,0.5196850393700787,10000.0,0.0,0.0,10000.0,0,0.0,12571.799
2017-12-26 00:00:00+00:00,20.15,20.18,18.64615,56.99997,0.2885715,0.5196850393700787,10000.0,0.0,0.0,10000.0,0,0.0,12596.769
2017-12-27 00:00:00+00:00,20.23,20.15,18.6577,61.780125,0.2828572,0.5063291139240506,10000.0,0.0,0.0,10000.0,0,0.0,12578.042
2017-12-28 00:00:00+00:00,19.97,20.12,18.6697,64.83512,0.26571438,0.5196850393700787,10000.0,0.0,0.0,10000.0,0,0.0,12559.316
2017-12-29 00:00:00+00:00,20.13,19.85,18.6786,62.983448,0.27000004,0.5063291139240506,10000.0,0.0,0.0,10000.0,0,0.0,12390.777
2018-01-02 00:00:00+00:00,19.97,19.94,18.68665,50.264557,0.2749999,0.5063291139240506,10000.0,0.0,0.0,10000.0,0,0.0,12446.957
2018-01-03 00:00:00+00:00,19.94,19.87,18.694149,52.791893,0.28071418,0.5196850393700787,10000.0,0.0,0.0,10000.0,0,0.0,12403.262
2018-01-04 00:00:00+00:00,19.85,19.82,18.7016,50.49506,0.28357124,0.5196850393700787,10000.0,0.0,0.0,10000.0,0,0.0,12372.05
2018-01-05 00:00:00+00:00,19.87,19.86,18.71085,49.275345,0.2864283,0.5196850393700787,10000.0,0.0,0.0,10000.0,0,0.0,12397.02
2018-01-08 00:00:00+00:00,20.0,20.39,18.7197,51.96078,0.28285694,0.5196850393700787,10000.0,0.0,0.0,10000.0,0,0.0,12727.856
2018-01-09 00:00:00+00:00,20.4,20.44,18.73155,55.6561,0.2942855,0.5063291139240506,10000.0,0.0,0.0,10000.0,0,0.0,12759.068
2018-01-10 00:00:00+00:00,20.35,20.65,18.7435,46.15387,0.27428547,0.4716981132075472,10000.0,0.0,0.0,10000.0,0,0.0,12890.154
2018-01-11 00:00:00+00:00,20.76,20.57,18.756649,60.69359,0.28071404,0.5063291139240506,10000.0,0.0,0.0,10000.0,0,0.0,12840.218
2018-01-12 00:00:00+00:00,20.63,20.36,18.76865,66.45569,0.27642837,0.5063291139240506,10000.0,0.0,0.0,10000.0,0,0.0,12709.131
2018-01-16 00:00:00+00:00,20.4,20.32,18.77925,58.659252,0.28214264,0.5063291139240506,10000.0,0.0,0.0,10000.0,0,0.0,12684.162
2018-01-17 00:00:00+00:00,20.43,20.93,18.78815,55.172417,0.30285698,0.5196850393700787,10000.0,0.0,0.0,10000.0,0,0.0,13064.9375
2018-01-18 00:00:00+00:00,20.89,20.5,18.7995,66.23376,0.33714253,0.5196850393700787,10000.0,0.0,0.0,10000.0,0,0.0,12796.522
2018-01-19 00:00:00+00:00,20.5,20.72,18.81015,56.45757,0.36071396,0.5196850393700787,10000.0,0.0,0.0,10000.0,0,0.0,12933.851
2018-01-22 00:00:00+00:00,20.76,20.81,18.82225,60.344795,0.3564283,0.5063291139240506,10000.0,0.0,0.0,10000.0,0,0.0,12990.03
2018-01-23 00:00:00+00:00,20.84,21.3,18.835,67.64703,0.34785694,0.5063291139240506,10000.0,0.0,0.0,10000.0,0,0.0,13295.897
2018-01-24 00:00:00+00:00,21.32,21.29,18.8489,71.794846,0.36928543,0.4716981132075472,10000.0,0.0,0.0,10000.0,0,0.0,13289.656
2018-01-25 00:00:00+00:00,21.31,21.17,18.86385,73.20262,0.37357125,0.5063291139240506,10000.0,0.0,0.0,10000.0,0,0.0,13214.749
2018-01-26 00:00:00+00:00,21.27,21.24,18.87755,71.565506,0.38642842,0.4716981132075472,10000.0,0.0,0.0,10000.0,0,0.0,13258.444
2018-01-29 00:00:00+00:00,21.14,20.95,18.8909,71.83544,0.3892855,0.4716981132075472,10000.0,0.0,0.0,10000.0,0,0.0,13077.42
2018-01-30 00:00:00+00:00,20.83,20.83,18.90375,59.58907,0.37428555,0.4716981132075472,10000.0,0.0,0.0,10000.0,0,0.0,13002.514
2018-01-31 00:00:00+00:00,20.87,20.76,18.91565,56.521732,0.375,0.5063291139240506,10000.0,0.0,0.0,10000.0,0,0.0,12958.818
2018-02-01 00:00:00+00:00,20.76,20.57,18.9271,51.929836,0.36857155,0.5196850393700787,10000.0,0.0,0.0,10000.0,0,0.0,12840.216
2018-02-02 00:00:00+00:00,20.44,20.11,18.9369,50.0,0.37428585,0.5196850393700787,10000.0,0.0,0.0,10000.0,0,0.0,12553.074
2018-02-05 00:00:00+00:00,20.05,19.35,18.94245,46.10592,0.38714287,0.4716981132075472,10000.0,0.0,0.0,10000.0,0,0.0,12078.667
2018-02-06 00:00:00+00:00,19.04,19.42,18.94395,37.65904,0.42571434,0.4716981132075472,10000.0,0.0,0.0,10000.0,0,0.0,12122.361
2018-02-07 00:00:00+00:00,19.36,19.45,18.94695,27.728594,0.43500015,0.5196850393700787,10000.0,0.0,0.0,10000.0,0,0.0,12141.088
2018-02-08 00:00:00+00:00,19.45,18.75,18.9492,32.44147,0.43500027,0.5063291139240506,10000.0,0.0,0.0,10000.0,0,0.0,11704.134
2018-02-09 00:00:00+00:00,18.97,19.52,18.9477,21.613836,0.46928596,0.5,10000.0,0.0,0.0,10000.0,0,0.0,12184.783
2018-02-12 00:00:00+00:00,19.58,19.42,18.94895,34.45784,0.524286,0.4716981132075472,10000.0,0.0,0.0,10000.0,0,0.0,12122.361
2018-02-13 00:00:00+00:00,19.3,19.52,18.94985,25.000013,0.53285736,0.5196850393700787,10000.0,0.0,0.0,10000.0,0,0.0,12184.784
2018-02-14 00:00:00+00:00,19.33,19.64,18.9577,27.012995,0.5500002,0.5196850393700787,10000.0,0.0,0.0,10000.0,0,0.0,12259.69
2018-02-15 00:00:00+00:00,19.7,19.56,18.96565,30.129864,0.5585717,0.5063291139240506,10000.0,0.0,0.0,10000.0,0,0.0,12209.753
2018-02-16 00:00:00+00:00,19.59,19.88,18.97125,28.238342,0.57785743,0.4716981132075472,10000.0,0.0,0.0,10000.0,0,0.0,12409.504
2018-02-20 00:00:00+00:00,19.8,19.51,18.97965,36.24677,0.58357173,0.4716981132075472,10000.0,0.0,0.0,10000.0,0,0.0,12178.543
2018-02-21 00:00:00+00:00,19.3,19.22,18.9872,34.057972,0.6007144,0.4716981132075472,10000.0,0.0,0.0,10000.0,0,0.0,11997.519
2018-02-22 00:00:00+00:00,18.8,19.11,18.99265,32.339443,0.59499997,0.5063291139240506,10000.0,0.0,0.0,10000.0,0,0.0,11928.855
2018-02-23 00:00:00+00:00,19.2,19.21,18.9992,32.94393,0.6399999,0.5,10000.0,0.0,0.0,10000.0,0,0.0,11991.276
2018-02-26 00:00:00+00:00,19.25,19.0,19.0061,38.520382,0.6185716,0.5063291139240506,10000.0,0.0,0.0,10000.0,0,0.0,11860.191
2018-02-27 00:00:00+00:00,19.06,18.49,19.01105,44.80711,0.57857144,0.4716981132075472,10000.0,0.0,0.0,10000.0,0,0.0,11541.839
2018-02-28 00:00:00+00:00,18.54,18.56,19.0151,37.795265,0.5671429,0.5063291139240506,10000.0,0.0,0.0,10000.0,0,0.0,11585.535
2018-03-01 00:00:00+00:00,18.51,18.41,19.0205,38.441532,0.5628571,0.5,10000.0,0.0,0.0,10000.0,0,0.0,11491.902
2018-03-02 00:00:00+00:00,18.3,18.44,19.0238,44.848476,0.54714286,0.5196850393700787,10000.0,0.0,0.0,10000.0,0,0.0,11510.629
2018-03-05 00:00:00+00:00,18.25,18.12,19.0276,28.906216,0.51785713,0.5196850393700787,10000.0,0.0,0.0,10000.0,0,0.0,11310.878
2018-03-06 00:00:00+00:00,18.13,18.2,19.03,26.618677,0.49928585,0.5063291139240506,10000.0,0.0,0.0,10000.0,0,0.0,11360.815
2018-03-07 00:00:00+00:00,18.1,18.54,19.03085,26.086914,0.47714287,0.5196850393700787,10000.0,0.0,0.0,10000.0,0,0.0,11573.05
2018-03-08 00:00:00+00:00,18.58,18.61,19.0331,31.543623,0.48071426,0.5,10000.0,0.0,0.0,10000.0,0,0.0,11616.745
2018-03-09 00:00:00+00:00,18.74,18.91,19.0356,34.00673,0.4635714,0.4716981132075472,10000.0,0.0,0.0,10000.0,0,0.0,11804.011
2018-03-12 00:00:00+00:00,18.86,18.73,19.03935,33.559307,0.45499992,0.4716981132075472,10000.0,0.0,0.0,10000.0,0,0.0,11691.651
2018-03-13 00:00:00+00:00,18.8,18.7,19.04195,35.869534,0.4385714,0.4716981132075472,10000.0,0.0,0.0,10000.0,0,0.0,11672.926
2018-03-14 00:00:00+00:00,18.78,18.92,19.045,39.600006,0.43000004,0.5063291139240506,10000.0,0.0,0.0,10000.0,0,0.0,11810.254
2018-03-15 00:00:00+00:00,18.96,19.05,19.04925,46.360134,0.37999997,0.4716981132075472,10000.0,0.0,0.0,10000.0,0,0.0,11891.402
2018-03-16 00:00:00+00:00,19.08,19.18,19.05525,46.969696,0.38214275,0.4716981132075472,10000.0,0.0,0.0,10000.0,0,0.0,11972.553
2018-03-19 00:00:00+00:00,19.13,18.94,19.0612,53.515633,0.37499985,0.4716981132075472,10000.0,0.0,0.0,10000.0,0,0.0,11822.74
2018-03-20 00:00:00+00:00,18.99,18.92,19.0665,59.825356,0.3614284,0.4716981132075472,10000.0,0.0,0.0,10000.0,0,0.0,11810.255
2018-03-21 00:00:00+00:00,18.9,18.75,19.07025,58.035736,0.3514283,0.4716981132075472,10000.0,0.0,0.0,10000.0,0,0.0,11704.138
2018-03-22 00:00:00+00:00,18.65,18.4,19.07465,57.522133,0.33642823,0.4716981132075472,10000.0,0.0,0.0,10000.0,0,0.0,11485.66
2018-03-23 00:00:00+00:00,18.45,17.98,19.0774,49.22479,0.32785675,0.4716981132075472,10000.0,0.0,0.0,10000.0,0,0.0,11223.488
2018-03-26 00:00:00+00:00,18.16,18.39,19.0774,47.388035,0.3357138,0.5196850393700787,10000.0,0.0,0.0,10000.0,0,0.0,11479.418
2018-03-27 00:00:00+00:00,18.39,18.33,19.07865,53.156124,0.35214233,0.5063291139240506,10000.0,0.0,0.0,10000.0,0,0.0,11441.965
2018-03-28 00:00:00+00:00,18.4,18.57,19.0784,46.153824,0.33928517,0.5,10000.0,0.0,0.0,10000.0,0,0.0,11591.777
2018-03-29 00:00:00+00:00,18.6,18.64,19.0781,49.31033,0.3578566,0.5,10000.0,0.0,0.0,10000.0,0,0.0,11635.473
2018-04-02 00:00:00+00:00,18.66,18.29,19.0778,44.94381,0.3571423,0.5063291139240506,10000.0,0.0,0.0,10000.0,0,0.0,11416.997
2018-04-03 00:00:00+00:00,18.38,18.65,19.0764,42.253536,0.38071388,0.4716981132075472,10000.0,0.0,0.0,10000.0,0,0.0,11641.715
2018-04-04 00:00:00+00:00,18.48,18.81,19.0767,49.211338,0.3921423,0.5,10000.0,0.0,0.0,10000.0,0,0.0,11741.591
2018-04-05 00:00:00+00:00,18.85,18.64,19.07705,48.2315,0.3978567,0.4716981132075472,10000.0,0.0,0.0,10000.0,0,0.0,11635.473
2018-04-06 00:00:00+00:00,18.56,18.45,19.07475,43.49206,0.4057139,0.4716981132075472,10000.0,0.0,0.0,10000.0,0,0.0,11516.871
2018-04-09 00:00:00+00:00,18.5,18.24,19.0724,38.629272,0.41071388,0.4716981132075472,10000.0,0.0,0.0,10000.0,0,0.0,11385.784
2018-04-10 00:00:00+00:00,18.41,18.25,19.0706,38.993687,0.40285683,0.5196850393700787,10000.0,0.0,0.0,10000.0,0,0.0,11392.026
2018-04-11 00:00:00+00:00,18.21,18.48,19.0685,39.432163,0.40285698,0.4716981132075472,10000.0,0.0,0.0,10000.0,0,0.0,11535.596
2018-04-12 00:00:00+00:00,18.58,19.23,19.0673,45.82042,0.41357136,0.4716981132075472,10000.0,0.0,0.0,10000.0,0,0.0,12003.762
2018-04-13 00:00:00+00:00,19.33,19.14,19.0687,61.43252,0.44999996,0.4716981132075472,10000.0,0.0,0.0,10000.0,0,0.0,11947.582
2018-04-16 00:00:00+00:00,19.29,19.45,19.07035,67.57578,0.4378571,0.4716981132075472,10000.0,0.0,0.0,10000.0,0,0.0,12141.091
2018-04-17 00:00:00+00:00,19.46,19.67,19.0746,66.56254,0.4342857,0.4716981132075472,10000.0,0.0,0.0,10000.0,0,0.0,12278.42
2018-04-18 00:00:00+00:00,19.72,19.78,19.08055,69.9405,0.43000004,0.4716981132075472,10000.0,0.0,0.0,10000.0,0,0.0,12347.086
2018-04-19 00:00:00+00:00,19.73,19.46,19.0881,68.73068,0.4135715,0.4716981132075472,10000.0,0.0,0.0,10000.0,0,0.0,12147.334
2018-04-20 00:00:00+00:00,19.46,19.42,19.09135,61.781605,0.42285728,0.5063291139240506,10000.0,0.0,0.0,10000.0,0,0.0,12122.365
2018-04-23 00:00:00+00:00,19.44,19.46,19.0949,67.82333,0.39642853,0.4716981132075472,10000.0,0.0,0.0,10000.0,0,0.0,12147.334
2018-04-24 00:00:00+00:00,19.59,19.3,19.1007,64.21052,0.3800001,0.5063291139240506,10000.0,0.0,0.0,10000.0,0,0.0,12047.459
2018-04-25 00:00:00+00:00,19.27,19.62,19.1059,58.596485,0.3785715,0.4716981132075472,10000.0,0.0,0.0,10000.0,0,0.0,12247.21
2018-04-26 00:00:00+00:00,19.62,19.6,19.1144,66.33334,0.38071442,0.5,10000.0,0.0,0.0,10000.0,0,0.0,12234.725
2018-04-27 00:00:00+00:00,19.58,19.75,19.1223,70.317986,0.37142876,0.4716981132075472,10000.0,0.0,0.0,10000.0,0,0.0,12328.356
2018-04-30 00:00:00+00:00,19.81,19.56,19.1308,77.2563,0.37357154,0.4716981132075472,10000.0,0.0,0.0,10000.0,0,0.0,12209.754
2018-05-01 00:00:00+00:00,19.58,19.53,19.13805,72.20336,0.3778572,0.4716981132075472,10000.0,0.0,0.0,10000.0,0,0.0,12191.028
2018-05-02 00:00:00+00:00,19.43,19.43,19.14495,69.09092,0.36714283,0.4716981132075472,10000.0,0.0,0.0,10000.0,0,0.0,12128.605
2018-05-03 00:00:00+00:00,19.49,19.43,19.1497,54.761917,0.3171429,0.5063291139240506,10000.0,0.0,0.0,10000.0,0,0.0,12128.605
2018-05-04 00:00:00+00:00,19.46,19.84,19.15375,57.213947,0.32642868,0.5063291139240506,10000.0,0.0,0.0,10000.0,0,0.0,12384.536
2018-05-07 00:00:00+00:00,19.91,20.12,19.1599,59.241688,0.33785725,0.5,10000.0,0.0,0.0,10000.0,0,0.0,12559.318
2018-05-08 00:00:00+00:00,20.14,20.03,19.17025,60.36867,0.34,0.4716981132075472,10000.0,0.0,0.0,10000.0,0,0.0,12503.139
2018-05-09 00:00:00+00:00,20.11,20.61,19.1806,55.81395,0.33357143,0.4716981132075472,10000.0,0.0,0.0,10000.0,0,0.0,12865.186
2018-05-10 00:00:00+00:00,20.67,20.92,19.1938,73.858955,0.34642845,0.4444444444444444,10000.0,0.0,0.0,10000.0,0,0.0,13058.693
2018-05-11 00:00:00+00:00,20.94,20.73,19.2062,77.98507,0.35785702,0.4444444444444444,10000.0,0.0,0.0,10000.0,0,0.0,12940.091
2018-05-14 00:00:00+00:00,20.8,20.88,19.21975,72.438156,0.36571422,0.4716981132075472,10000.0,0.0,0.0,10000.0,0,0.0,13033.724
2018-05-15 00:00:00+00:00,20.75,20.34,19.23075,78.01417,0.35857132,0.5063291139240506,10000.0,0.0,0.0,10000.0,0,0.0,12696.6455
2018-05-16 00:00:00+00:00,20.35,20.21,19.2389,61.8421,0.37214252,0.4716981132075472,10000.0,0.0,0.0,10000.0,0,0.0,12615.496
2018-05-17 00:00:00+00:00,20.28,20.31,19.24665,59.68252,0.3821426,0.5063291139240506,10000.0,0.0,0.0,10000.0,0,0.0,12677.918
2018-05-18 00:00:00+00:00,20.34,20.5,19.25365,59.03225,0.37428555,0.5196850393700787,10000.0,0.0,0.0,10000.0,0,0.0,12796.52
2018-05-21 00:00:00+00:00,20.66,21.11,19.26295,65.1613,0.3714285,0.5063291139240506,10000.0,0.0,0.0,10000.0,0,0.0,13177.294
2018-05-22 00:00:00+00:00,21.1,21.22,19.27655,71.46738,0.39428574,0.4716981132075472,10000.0,0.0,0.0,10000.0,0,0.0,13245.957
2018-05-23 00:00:00+00:00,21.19,21.41,19.2894,74.25472,0.40214294,0.4716981132075472,10000.0,0.0,0.0,10000.0,0,0.0,13364.559
2018-05-24 00:00:00+00:00,21.45,21.66,19.30275,75.51545,0.39571434,0.4716981132075472,10000.0,0.0,0.0,10000.0,0,0.0,13520.614
2018-05-25 00:00:00+00:00,21.65,21.56,19.32,74.46236,0.37500015,0.4716981132075472,10000.0,0.0,0.0,10000.0,0,0.0,13458.192
2018-05-29 00:00:00+00:00,21.43,21.52,19.33795,70.33896,0.3685717,0.4716981132075472,10000.0,0.0,0.0,10000.0,0,0.0,13433.224
2018-05-30 00:00:00+00:00,21.53,21.82,19.3564,71.3467,0.37642875,0.3333333333333333,10000.0,0.0,0.0,10000.0,0,0.0,13620.488
2018-05-31 00:00:00+00:00,21.78,21.63,19.37625,68.84734,0.3657145,0.4716981132075472,10000.0,0.0,0.0,10000.0,0,0.0,13501.886
2018-06-01 00:00:00+00:00,21.78,21.91,19.3944,61.48866,0.3592859,0.4716981132075472,10000.0,0.0,0.0,10000.0,0,0.0,13676.668
2018-06-04 00:00:00+00:00,21.99,22.15,19.4142,68.55346,0.39857143,0.4716981132075472,10000.0,0.0,0.0,10000.0,0,0.0,13826.481
2018-06-05 00:00:00+00:00,22.07,21.94,19.4338,69.41897,0.39642864,0.4716981132075472,10000.0,0.0,0.0,10000.0,0,0.0,13695.395
2018-06-06 00:00:00+00:00,22.15,22.25,19.4539,77.210884,0.37500015,0.4716981132075472,10000.0,0.0,0.0,10000.0,0,0.0,13888.902
2018-06-07 00:00:00+00:00,22.27,22.09,19.478,82.69234,0.37000003,0.4716981132075472,10000.0,0.0,0.0,10000.0,0,0.0,13789.028
2018-06-08 00:00:00+00:00,22.01,22.09,19.50155,77.98745,0.3735714,0.4716981132075472,10000.0,0.0,0.0,10000.0,0,0.0,13789.028
2018-06-11 00:00:00+00:00,21.85,21.57,19.52375,76.58865,0.37142834,0.5063291139240506,10000.0,0.0,0.0,10000.0,0,0.0,13464.433
2018-06-12 00:00:00+00:00,21.58,21.46,19.54375,57.931026,0.36785683,0.5196850393700787,10000.0,0.0,0.0,10000.0,0,0.0,13395.769
2018-06-13 00:00:00+00:00,21.47,21.08,19.56305,54.137928,0.36285672,0.5196850393700787,10000.0,0.0,0.0,10000.0,0,0.0,13158.564
2018-06-14 00:00:00+00:00,21.19,21.33,19.57995,44.66019,0.37214252,0.5196850393700787,10000.0,0.0,0.0,10000.0,0,0.0,13314.619
2018-06-15 00:00:00+00:00,21.36,21.29,19.59895,44.66019,0.37928528,0.5063291139240506,10000.0,0.0,0.0,10000.0,0,0.0,13289.65
2018-06-18 00:00:00+00:00,21.17,21.18,19.617,45.544575,0.37285668,0.5196850393700787,10000.0,0.0,0.0,10000.0,0,0.0,13220.986
2018-06-19 00:00:00+00:00,21.01,21.11,19.6328,44.516125,0.36999962,0.5196850393700787,10000.0,0.0,0.0,10000.0,0,0.0,13177.29
2018-06-20 00:00:00+00:00,21.23,21.49,19.64775,37.630672,0.3592855,0.5196850393700787,10000.0,0.0,0.0,10000.0,0,0.0,13414.494
2018-06-21 00:00:00+00:00,21.41,21.63,19.6645,47.712425,0.3699999,0.5196850393700787,10000.0,0.0,0.0,10000.0,0,0.0,13501.885
2018-06-22 00:00:00+00:00,21.67,21.42,19.68455,45.205463,0.33500004,0.5063291139240506,10000.0,0.0,0.0,10000.0,0,0.0,13370.799
2018-06-25 00:00:00+00:00,21.4,21.04,19.70175,37.37023,0.3457143,0.5196850393700787,10000.0,0.0,0.0,10000.0,0,0.0,13133.596
2018-06-26 00:00:00+00:00,21.07,20.95,19.71725,35.2941,0.35500008,0.4716981132075472,10000.0,0.0,0.0,10000.0,0,0.0,13077.416
2018-06-27 00:00:00+00:00,20.99,21.05,19.73125,27.11266,0.35142872,0.5196850393700787,10000.0,0.0,0.0,10000.0,0,0.0,13139.837
2018-06-28 00:00:00+00:00,20.94,20.86,19.74545,31.294914,0.375,0.5,10000.0,0.0,0.0,10000.0,0,0.0,13021.235
2018-06-29 00:00:00+00:00,20.86,21.07,19.75785,29.292892,0.3778572,0.5196850393700787,10000.0,0.0,0.0,10000.0,0,0.0,13152.321
2018-07-02 00:00:00+00:00,21.03,20.84,19.771,40.601475,0.37071434,0.5,10000.0,0.0,0.0,10000.0,0,0.0,13008.751
2018-07-03 00:00:00+00:00,20.84,21.02,19.78385,38.848904,0.3792858,0.5063291139240506,10000.0,0.0,0.0,10000.0,0,0.0,13121.111
2018-07-05 00:00:00+00:00,21.06,21.11,19.7977,48.837215,0.36857155,0.5196850393700787,10000.0,0.0,0.0,10000.0,0,0.0,13177.291
2018-07-06 00:00:00+00:00,21.14,21.32,19.8117,45.454544,0.35928577,0.5196850393700787,10000.0,0.0,0.0,10000.0,0,0.0,13308.377
2018-07-09 00:00:00+00:00,21.34,21.34,19.8266,50.57913,0.36571434,0.4716981132075472,10000.0,0.0,0.0,10000.0,0,0.0,13320.861
2018-07-10 00:00:00+00:00,21.45,21.37,19.841,53.20001,0.36571434,0.5,10000.0,0.0,0.0,10000.0,0,0.0,13339.588
2018-07-11 00:00:00+00:00,21.28,21.13,19.8564,55.284573,0.36642864,0.5063291139240506,10000.0,0.0,0.0,10000.0,0,0.0,13189.773
2018-07-12 00:00:00+00:00,21.17,21.17,19.8704,42.241352,0.3578573,0.5,10000.0,0.0,0.0,10000.0,0,0.0,13214.742
2018-07-13 00:00:00+00:00,21.21,21.18,19.88445,39.63965,0.35214302,0.5063291139240506,10000.0,0.0,0.0,10000.0,0,0.0,13220.985
2018-07-16 00:00:00+00:00,21.15,21.02,19.89785,44.059406,0.33428589,0.5196850393700787,10000.0,0.0,0.0,10000.0,0,0.0,13121.11
2018-07-17 00:00:00+00:00,21.06,21.03,19.91025,49.44443,0.32500023,0.4716981132075472,10000.0,0.0,0.0,10000.0,0,0.0,13127.354
2018-07-18 00:00:00+00:00,21.07,21.11,19.92295,52.32558,0.31928593,0.5196850393700787,10000.0,0.0,0.0,10000.0,0,0.0,13177.291
2018-07-19 00:00:00+00:00,21.06,21.47,19.93605,51.764744,0.29071468,0.5196850393700787,10000.0,0.0,0.0,10000.0,0,0.0,13402.01
2018-07-20 00:00:00+00:00,21.4,21.28,19.95125,66.31012,0.30571476,0.5,10000.0,0.0,0.0,10000.0,0,0.0,13283.409
2018-07-23 00:00:00+00:00,21.32,21.58,19.96645,55.6757,0.2885719,0.5063291139240506,10000.0,0.0,0.0,10000.0,0,0.0,13470.675
2018-07-24 00:00:00+00:00,21.63,21.13,19.98335,69.27083,0.28428608,0.4716981132075472,10000.0,0.0,0.0,10000.0,0,0.0,13189.774
2018-07-25 00:00:00+00:00,21.12,21.05,19.9974,52.511387,0.304286,0.5063291139240506,10000.0,0.0,0.0,10000.0,0,0.0,13139.837
2018-07-26 00:00:00+00:00,21.1,21.07,20.01095,48.62382,0.3157147,0.5196850393700787,10000.0,0.0,0.0,10000.0,0,0.0,13152.32
2018-07-27 00:00:00+00:00,21.17,20.81,20.02435,43.718597,0.31428608,0.5196850393700787,10000.0,0.0,0.0,10000.0,0,0.0,12990.022
2018-07-30 00:00:00+00:00,20.81,20.69,20.03565,38.116585,0.32357174,0.5196850393700787,10000.0,0.0,0.0,10000.0,0,0.0,12915.118
2018-07-31 00:00:00+00:00,20.76,20.94,20.04575,35.34482,0.31642887,0.5196850393700787,10000.0,0.0,0.0,10000.0,0,0.0,13071.174
2018-08-01 00:00:00+00:00,20.92,21.51,20.05345,45.92277,0.32142884,0.5196850393700787,10000.0,0.0,0.0,10000.0,0,0.0,13426.979
2018-08-02 00:00:00+00:00,21.39,21.94,20.06345,55.944065,0.34857163,0.4716981132075472,10000.0,0.0,0.0,10000.0,0,0.0,13695.393
2018-08-03 00:00:00+00:00,21.94,21.63,20.07615,61.58538,0.38214302,0.4716981132075472,10000.0,0.0,0.0,10000.0,0,0.0,13501.884
2018-08-06 00:00:00+00:00,21.56,21.64,20.0876,58.892113,0.39642864,0.5,10000.0,0.0,0.0,10000.0,0,0.0,13508.126
2018-08-07 00:00:00+00:00,21.58,21.38,20.09655,58.892113,0.4042857,0.5063291139240506,10000.0,0.0,0.0,10000.0,0,0.0,13345.828
2018-08-08 00:00:00+00:00,21.46,20.55,20.1043,53.739594,0.41357136,0.4716981132075472,10000.0,0.0,0.0,10000.0,0,0.0,12827.726
2018-08-09 00:00:00+00:00,20.53,20.49,20.10975,38.72549,0.4678571,0.47944489406421376,10000.0,0.0,0.0,10000.0,0,0.0,12790.272
2018-08-10 00:00:00+00:00,20.41,20.27,20.11555,39.99999,0.4657142,0.5196850393700787,10000.0,0.0,0.0,10000.0,0,0.0,12652.944
2018-08-13 00:00:00+00:00,20.27,20.1,20.1186,33.074947,0.4685714,0.5063291139240506,10000.0,0.0,0.0,10000.0,0,0.0,12546.826
2018-08-14 00:00:00+00:00,20.1,20.29,20.12235,35.654613,0.45071426,0.47780512405479186,10000.0,0.0,0.0,10000.0,0,0.0,12665.429
2018-08-15 00:00:00+00:00,20.26,20.79,20.1268,39.729755,0.44357136,0.5063291139240506,10000.0,0.0,0.0,10000.0,0,0.0,12977.539
2018-08-16 00:00:00+00:00,20.79,20.9,20.13355,46.650734,0.47357136,0.4716981132075472,10000.0,0.0,0.0,10000.0,0,0.0,13046.204
2018-08-17 00:00:00+00:00,20.86,20.93,20.14155,51.116627,0.4721429,0.4716981132075472,10000.0,0.0,0.0,10000.0,0,0.0,13064.931
2018-08-20 00:00:00+00:00,21.03,20.9,20.1484,53.04568,0.47999996,0.4716981132075472,10000.0,0.0,0.0,10000.0,0,0.0,13046.204
2018-08-21 00:00:00+00:00,20.95,21.06,20.15425,49.462353,0.47142845,0.4716981132075472,10000.0,0.0,0.0,10000.0,0,0.0,13146.078
2018-08-22 00:00:00+00:00,21.09,21.3,20.16225,43.202408,0.44428566,0.4716981132075472,10000.0,0.0,0.0,10000.0,0,0.0,13295.893
2018-08-23 00:00:00+00:00,21.33,20.88,20.1706,39.743572,0.42571422,0.4716981132075472,10000.0,0.0,0.0,10000.0,0,0.0,13033.721
2018-08-24 00:00:00+00:00,20.86,20.96,20.17605,38.39009,0.42857143,0.5063291139240506,10000.0,0.0,0.0,10000.0,0,0.0,13083.657
2018-08-27 00:00:00+00:00,20.96,20.93,20.1819,39.696964,0.42500004,0.4716981132075472,10000.0,0.0,0.0,10000.0,0,0.0,13064.932
2018-08-28 00:00:00+00:00,20.99,21.4,20.1856,42.671024,0.4128572,0.5196850393700787,10000.0,0.0,0.0,10000.0,0,0.0,13358.315
2018-08-29 00:00:00+00:00,21.44,21.65,20.1926,65.68268,0.35499996,0.5063291139240506,10000.0,0.0,0.0,10000.0,0,0.0,13514.371
2018-08-30 00:00:00+00:00,21.66,21.75,20.2009,70.000015,0.37428585,0.5063291139240506,10000.0,0.0,0.0,10000.0,0,0.0,13576.794
2018-08-31 00:00:00+00:00,21.7,21.53,20.2095,76.618706,0.37357154,0.5063291139240506,10000.0,0.0,0.0,10000.0,0,0.0,13439.466
2018-09-04 00:00:00+00:00,21.57,21.22,20.2173,75.26504,0.37500015,0.5063291139240506,10000.0,0.0,0.0,10000.0,0,0.0,13245.957
2018-09-05 00:00:00+00:00,21.16,21.24,20.2246,65.76269,0.38428578,0.5196850393700787,10000.0,0.0,0.0,10000.0,0,0.0,13258.443
2018-09-06 00:00:00+00:00,21.33,21.27,20.23095,59.10929,0.35500008,0.5,10000.0,0.0,0.0,10000.0,0,0.0,13277.171
2018-09-07 00:00:00+00:00,21.25,21.41,20.23785,57.7406,0.3457143,0.5196850393700787,10000.0,0.0,0.0,10000.0,0,0.0,13364.562
2018-09-10 00:00:00+00:00,21.53,21.28,20.2464,59.59999,0.3435715,0.5196850393700787,10000.0,0.0,0.0,10000.0,0,0.0,13283.414
2018-09-11 00:00:00+00:00,21.15,21.29,20.25385,57.307716,0.3471429,0.5,10000.0,0.0,0.0,10000.0,0,0.0,13289.655
2018-09-12 00:00:00+00:00,21.29,21.34,20.2614,54.69391,0.3478572,0.5196850393700787,10000.0,0.0,0.0,10000.0,0,0.0,13320.867
2018-09-13 00:00:00+00:00,21.46,21.47,20.2691,50.884975,0.33857155,0.5196850393700787,10000.0,0.0,0.0,10000.0,0,0.0,13402.015
2018-09-14 00:00:00+00:00,21.46,21.57,20.27845,64.97464,0.3171429,0.5196850393700787,10000.0,0.0,0.0,10000.0,0,0.0,13464.437
2018-09-17 00:00:00+00:00,21.59,21.4,20.289,65.32667,0.32714286,0.477124183006536,10000.0,0.0,0.0,10000.0,0,0.0,13358.318
2018-09-18 00:00:00+00:00,21.38,21.49,20.29765,61.032852,0.33500004,0.5074626865671642,10000.0,0.0,0.0,10000.0,0,0.0,13414.499
2018-09-19 00:00:00+00:00,21.51,21.14,20.30615,52.571434,0.32142872,0.477124183006536,10000.0,0.0,0.0,10000.0,0,0.0,13196.021
2018-09-20 00:00:00+00:00,21.17,21.22,20.3143,36.216213,0.32142872,0.5074626865671642,10000.0,0.0,0.0,10000.0,0,0.0,13245.959
2018-09-21 00:00:00+00:00,21.19,21.12,20.3211,35.519108,0.3207144,0.5074626865671642,10000.0,0.0,0.0,10000.0,0,0.0,13183.538
2018-09-24 00:00:00+00:00,21.12,20.89,20.32805,38.011692,0.30857155,0.5074626865671642,10000.0,0.0,0.0,10000.0,0,0.0,13039.966
2018-09-25 00:00:00+00:00,21.05,21.17,20.33445,39.877296,0.30357155,0.5074626865671642,10000.0,0.0,0.0,10000.0,0,0.0,13214.747
2018-09-26 00:00:00+00:00,21.14,21.02,20.34205,48.148155,0.32357162,0.477124183006536,10000.0,0.0,0.0,10000.0,0,0.0,13121.114
2018-09-27 00:00:00+00:00,20.98,21.18,20.34795,43.78109,0.32571453,0.5185185185185184,10000.0,0.0,0.0,10000.0,0,0.0,13220.988
2018-09-28 00:00:00+00:00,21.17,21.1,20.3547,44.334984,0.3307145,0.5074626865671642,10000.0,0.0,0.0,10000.0,0,0.0,13171.051
2018-10-01 00:00:00+00:00,21.1,20.97,20.36095,45.454536,0.33142895,0.5185185185185184,10000.0,0.0,0.0,10000.0,0,0.0,13089.901
2018-10-02 00:00:00+00:00,20.92,20.71,20.36655,42.380917,0.32571453,0.5185185185185184,10000.0,0.0,0.0,10000.0,0,0.0,12927.604
2018-10-03 00:00:00+00:00,20.73,20.79,20.3712,36.36362,0.32642883,0.6363636363636364,10000.0,0.0,0.0,10000.0,0,0.0,12977.543
2018-10-04 00:00:00+00:00,20.78,20.26,20.37445,34.955814,0.3335717,0.5185185185185184,-10.0,9995.002498750626,0.0,9985.002498750626,1,19.810714721679688,12646.705
2018-10-05 00:00:00+00:00,20.18,20.1,20.37285,25.650606,0.351429,0.6363636363636364,-10.0,9916.068791509093,0.0,9906.068791509093,0,19.810714721679688,12546.83
2018-10-08 00:00:00+00:00,20.17,20.45,20.37195,25.74632,0.34714317,0.5185185185185184,-10.0,10088.736314937978,0.0,10078.736314937978,0,19.810714721679688,12765.308
2018-10-09 00:00:00+00:00,20.43,20.15,20.37395,32.31297,0.35642883,0.5185185185185184,-10.0,9940.735009443142,0.0,9930.735009443142,0,19.810714721679688,12578.04
2018-10-10 00:00:00+00:00,20.12,19.79,20.37445,32.872005,0.34714302,0.6363636363636364,-10.0,9763.134276850471,0.0,9753.134276850471,0,19.810714721679688,12353.321
2018-10-11 00:00:00+00:00,19.81,19.24,20.3727,27.444847,0.35571438,0.6363636363636364,9467.560940175437,0.0,0.0,9467.560940175437,-1,0.0,12010.0
2018-10-12 00:00:00+00:00,19.39,19.18,20.368,24.033182,0.38642856,0.6363636363636364,-9.467560940174735,9462.829525412732,0.0,9453.361964472557,1,18.70642852783203,11972.547
2018-10-15 00:00:00+00:00,19.13,19.18,20.36315,25.217438,0.39428574,0.6363636363636364,-9.467560940174735,9462.829525412732,0.0,9453.361964472557,0,18.70642852783203,11972.547
2018-10-16 00:00:00+00:00,19.27,19.43,20.35845,18.61203,0.37571415,0.5185185185185184,-9.467560940174735,9586.172426063013,0.0,9576.704865122838,0,18.70642852783203,12128.603
2018-10-17 00:00:00+00:00,19.44,19.33,20.35635,25.688103,0.38142845,0.6363636363636364,-9.467560940174735,9536.835442473288,0.0,9527.367881533113,0,18.86642837524414,12066.181
2018-10-18 00:00:00+00:00,19.3,19.07,20.3533,21.183838,0.37928554,0.5074626865671642,-9.467560940174735,9408.55906853316,0.0,9399.091507592986,0,18.86642837524414,11903.883
2018-10-19 00:00:00+00:00,19.08,19.1,20.3493,20.059032,0.3814283,0.5074626865671642,-9.467560940174735,9423.360660648019,0.0,9413.893099707844,0,18.86642837524414,11922.611
2018-10-22 00:00:00+00:00,19.15,18.87,20.3457,21.580605,0.3828569,0.5185185185185184,-9.467560940174735,9309.88580695894,0.0,9300.418246018766,0,18.86642837524414,11779.04
2018-10-23 00:00:00+00:00,18.62,18.71,20.34075,21.779203,0.38928536,0.5185185185185184,9207.631649107769,0.0,0.0,9207.631649107769,-1,0.0,11679.163
2018-10-24 00:00:00+00:00,18.74,18.35,20.33235,18.862286,0.40642834,0.5074626865671642,9207.631649107769,0.0,0.0,9207.631649107769,0,0.0,11454.444
2018-10-25 00:00:00+00:00,18.43,18.71,20.3219,19.873838,0.39357117,0.5185185185185184,9207.631649107769,0.0,0.0,9207.631649107769,0,0.0,11679.163
2018-10-26 00:00:00+00:00,18.55,18.43,20.3122,29.37684,0.4164283,0.5185185185185184,9207.631649107769,0.0,0.0,9207.631649107769,0,0.0,11504.382
2018-10-29 00:00:00+00:00,18.61,18.68,20.3015,19.393925,0.42999962,0.5185185185185184,9207.631649107769,0.0,0.0,9207.631649107769,0,0.0,11660.437
2018-10-30 00:00:00+00:00,18.75,18.97,20.2931,27.384613,0.44142818,0.5185185185185184,9207.631649107769,0.0,0.0,9207.631649107769,0,0.0,11841.461
2018-10-31 00:00:00+00:00,19.05,19.11,20.28635,37.106888,0.44071403,0.5074626865671642,9207.631649107769,0.0,0.0,9207.631649107769,0,0.0,11928.852
2018-11-01 00:00:00+00:00,19.12,19.33,20.27725,47.653442,0.43785694,0.5074626865671642,9207.631649107769,0.0,0.0,9207.631649107769,0,0.0,12066.18
2018-11-02 00:00:00+00:00,19.72,18.68,20.2714,52.559723,0.43999985,0.5074626865671642,9207.631649107769,0.0,0.0,9207.631649107769,0,0.0,11660.437
2018-11-05 00:00:00+00:00,18.73,19.25,20.2612,43.016754,0.512857,0.5185185185185184,9207.631649107769,0.0,0.0,9207.631649107769,0,0.0,12016.241
2018-11-06 00:00:00+00:00,19.11,18.5,20.2534,47.692303,0.5449998,0.5074626865671642,9207.631649107769,0.0,0.0,9207.631649107769,0,0.0,11548.075
2018-11-07 00:00:00+00:00,18.45,18.99,20.2394,40.879116,0.58857125,0.5185185185185184,9207.631649107769,0.0,0.0,9207.631649107769,0,0.0,11853.944
2018-11-08 00:00:00+00:00,18.98,19.02,20.2279,49.16318,0.60428554,0.5185185185185184,9207.631649107769,0.0,0.0,9207.631649107769,0,0.0,11872.671
2018-11-09 00:00:00+00:00,18.92,18.9,20.21715,49.16318,0.6157141,0.5074626865671642,9207.631649107769,0.0,0.0,9207.631649107769,0,0.0,11797.763
2018-11-12 00:00:00+00:00,18.93,18.8,20.20545,50.321186,0.6135713,0.5074626865671642,9207.631649107769,0.0,0.0,9207.631649107769,0,0.0,11735.341
2018-11-13 00:00:00+00:00,18.89,18.84,20.1947,50.976143,0.5928568,0.477124183006536,9207.631649107769,0.0,0.0,9207.631649107769,0,0.0,11760.31
2018-11-14 00:00:00+00:00,18.94,18.83,20.18475,55.710953,0.58285683,0.5074626865671642,9207.631649107769,0.0,0.0,9207.631649107769,0,0.0,11754.068
2018-11-15 00:00:00+00:00,18.66,19.05,20.1751,51.522854,0.5735712,0.477124183006536,9207.631649107769,0.0,0.0,9207.631649107769,0,0.0,11891.396
2018-11-16 00:00:00+00:00,19.02,19.26,20.1675,57.989674,0.572857,0.5074626865671642,9207.631649107769,0.0,0.0,9207.631649107769,0,0.0,12022.482
2018-11-19 00:00:00+00:00,19.22,19.15,20.16325,57.55208,0.5621428,0.477124183006536,9207.631649107769,0.0,0.0,9207.631649107769,0,0.0,11953.817
2018-11-20 00:00:00+00:00,19.08,19.18,20.16225,52.45902,0.5499999,0.477124183006536,9207.631649107769,0.0,0.0,9207.631649107769,0,0.0,11972.545
2018-11-21 00:00:00+00:00,19.2,19.04,20.16105,50.98591,0.52999985,0.477124183006536,9207.631649107769,0.0,0.0,9207.631649107769,0,0.0,11885.155
2018-11-23 00:00:00+00:00,18.9,18.93,20.159,45.821342,0.5135712,0.5074626865671642,9207.631649107769,0.0,0.0,9207.631649107769,0,0.0,11816.491
2018-11-26 00:00:00+00:00,19.12,19.17,20.1599,54.266205,0.44142833,0.477124183006536,9207.631649107769,0.0,0.0,9207.631649107769,0,0.0,11966.304
2018-11-27 00:00:00+00:00,19.15,19.15,20.15815,48.461544,0.40857124,0.5185185185185184,9207.631649107769,0.0,0.0,9207.631649107769,0,0.0,11953.818
2018-11-28 00:00:00+00:00,19.13,19.21,20.1568,67.37962,0.35999966,0.5155368838888187,9207.631649107769,0.0,0.0,9207.631649107769,0,0.0,11991.271
2018-11-29 00:00:00+00:00,19.15,19.3,20.15525,57.638844,0.3478568,0.5074626865671642,9207.631649107769,0.0,0.0,9207.631649107769,0,0.0,12047.452
2018-11-30 00:00:00+00:00,19.34,19.0,20.15355,59.333267,0.34571403,0.5074626865671642,9207.631649107769,0.0,0.0,9207.631649107769,0,0.0,11860.186
2018-12-03 00:00:00+00:00,19.17,19.35,20.15075,52.976196,0.36285686,0.5074626865671642,9207.631649107769,0.0,0.0,9207.631649107769,0,0.0,12078.663
2018-12-04 00:00:00+00:00,19.33,18.72,20.1481,64.24872,0.37428555,0.5074626865671642,9207.631649107769,0.0,0.0,9207.631649107769,0,0.0,11685.403
2018-12-06 00:00:00+00:00,18.57,18.85,20.14415,47.619034,0.39857128,0.5185185185185184,9207.631649107769,0.0,0.0,9207.631649107769,0,0.0,11766.553
2018-12-07 00:00:00+00:00,18.81,18.39,20.1423,50.378796,0.41999993,0.5127466133398761,9207.631649107769,0.0,0.0,9207.631649107769,0,0.0,11479.411
2018-12-10 00:00:00+00:00,18.41,18.11,20.1387,38.541687,0.4114286,0.5074626865671642,9207.631649107769,0.0,0.0,9207.631649107769,0,0.0,11304.63
2018-12-11 00:00:00+00:00,18.29,17.97,20.1332,30.5085,0.42357144,0.5185185185185184,9207.631649107769,0.0,0.0,9207.631649107769,0,0.0,11217.239
2018-12-12 00:00:00+00:00,18.11,17.85,20.12805,30.201359,0.4371429,0.5185185185185184,9207.631649107769,0.0,0.0,9207.631649107769,0,0.0,11142.333
2018-12-13 00:00:00+00:00,17.86,17.78,20.12485,28.338776,0.4392858,0.5185185185185184,9207.631649107769,0.0,0.0,9207.631649107769,0,0.0,11098.638
2018-12-14 00:00:00+00:00,17.73,17.78,20.12095,29.00001,0.44142872,0.5185185185185184,9207.631649107769,0.0,0.0,9207.631649107769,0,0.0,11098.638
2018-12-17 00:00:00+00:00,17.78,17.32,20.1178,30.10382,0.45071453,0.5185185185185184,9207.631649107769,0.0,0.0,9207.631649107769,0,0.0,10811.496
2018-12-18 00:00:00+00:00,17.57,17.59,20.1122,20.257252,0.47428593,0.5185185185185184,9207.631649107769,0.0,0.0,9207.631649107769,0,0.0,10980.036
2018-12-19 00:00:00+00:00,17.58,17.22,20.10955,26.78574,0.4921432,0.5140415102863318,9207.631649107769,0.0,0.0,9207.631649107769,0,0.0,10749.074
2018-12-20 00:00:00+00:00,17.0,16.52,20.10465,22.888315,0.52500045,0.5185185185185184,9207.631649107769,0.0,0.0,9207.631649107769,0,0.0,10312.121
2018-12-21 00:00:00+00:00,16.66,16.54,20.09455,17.5234,0.5621432,0.5185185185185184,9207.631649107769,0.0,0.0,9207.631649107769,0,0.0,10324.605
2018-12-24 00:00:00+00:00,16.46,15.94,20.0842,19.25004,0.5571432,0.5074626865671642,9207.631649107769,0.0,0.0,9207.631649107769,0,0.0,9950.073
2018-12-26 00:00:00+00:00,15.98,16.84,20.06935,9.882388,0.56857187,0.5074626865671642,9207.631649107769,0.0,0.0,9207.631649107769,0,0.0,10511.871
2018-12-27 00:00:00+00:00,16.66,16.84,20.0599,29.20357,0.58642894,0.6363636363636364,9207.631649107769,0.0,0.0,9207.631649107769,0,0.0,10511.871
2018-12-28 00:00:00+00:00,16.73,16.68,20.0506,27.107075,0.5821431,0.5185185185185184,-9.207631649107498,9203.03013404075,0.0,9193.822502391642,1,15.960356712341309,10411.997
2018-12-31 00:00:00+00:00,16.75,16.67,20.0394,29.095377,0.58642864,0.5185185185185184,-9.207631649107498,9197.512336563605,0.0,9188.304704914497,0,15.960356712341309,10405.754
2019-01-02 00:00:00+00:00,16.44,16.39,20.0275,31.151842,0.5757144,0.5185185185185184,-9.207631649107498,9043.024406535864,0.0,9033.816774886756,0,15.960356712341309,10230.972
2019-01-03 00:00:00+00:00,16.29,16.35,20.01355,30.05052,0.5757144,0.5074626865671642,-9.207631649107498,9020.955334330964,0.0,9011.747702681856,0,15.960356712341309,10206.003
2019-01-04 00:00:00+00:00,16.57,16.87,20.0006,30.670118,0.5714287,0.5074626865671642,-9.207631649107498,9307.860713324415,0.0,9298.653081675307,0,15.960356712341309,10530.599
2019-01-07 00:00:00+00:00,16.91,16.98,19.99035,39.49193,0.59214294,0.5185185185185184,-9.207631649107498,9368.551599993181,0.0,9359.343968344074,0,16.01285743713379,10599.262
2019-01-08 00:00:00+00:00,17.13,17.4,19.9815,40.990982,0.58428574,0.5074626865671642,-9.207631649107498,9600.282479369806,0.0,9591.074847720698,0,16.091785430908203,10861.434
2019-01-09 00:00:00+00:00,17.45,17.46,19.9765,50.90909,0.5685715,0.5074626865671642,-9.207631649107498,9633.386633360342,0.0,9624.179001711234,0,16.523571014404297,10898.887
2019-01-10 00:00:00+00:00,17.46,17.68,19.9739,48.448673,0.5578572,0.5,-9.207631649107498,9754.770220930479,0.0,9745.562589281371,0,16.607141494750977,11036.216
2019-01-11 00:00:00+00:00,17.64,17.74,19.97035,55.69308,0.53428584,0.5074626865671642,-9.207631649107498,9787.874497426585,0.0,9778.666865777477,0,16.84321403503418,11073.669
2019-01-14 00:00:00+00:00,17.65,17.5,19.9674,67.941154,0.4892859,0.477124183006536,-9.207631649107498,9655.456650862923,0.0,9646.249019213816,0,16.93857192993164,10923.856
2019-01-15 00:00:00+00:00,17.54,17.46,19.96205,63.25965,0.47714302,0.5074626865671642,-9.207631649107498,9633.386415425533,0.0,9624.178783776426,0,16.93857192993164,10898.887
2019-01-16 00:00:00+00:00,17.44,17.47,19.95615,74.836586,0.4600001,0.5185185185185184,-9.207631649107498,9638.904425293931,0.0,9629.696793644824,0,16.93857192993164,10905.13
2019-01-17 00:00:00+00:00,17.41,17.53,19.95205,64.516106,0.41999993,0.5185185185185184,-9.207631649107498,9672.009616929676,0.0,9662.801985280568,0,16.93857192993164,10942.584
2019-01-18 00:00:00+00:00,17.58,17.52,19.94645,65.470856,0.39714295,0.5185185185185184,-9.207631649107498,9666.491967038082,0.0,9657.284335388975,0,16.93857192993164,10936.341
2019-01-22 00:00:00+00:00,17.48,17.26,19.94,70.19229,0.38571438,0.5185185185185184,-9.207631649107498,9523.039431737992,0.0,9513.831800088885,0,16.93857192993164,10774.044
2019-01-23 00:00:00+00:00,17.28,17.05,19.9331,62.66094,0.39142868,0.5074626865671642,-9.207631649107498,9407.173398298215,0.0,9397.965766649108,0,16.93857192993164,10642.956
2019-01-24 00:00:00+00:00,17.0,17.19,19.9261,64.60175,0.3935716,0.5185185185185184,-9.207631649107498,9484.41809859273,0.0,9475.210466943623,0,16.93857192993164,10730.349
2019-01-25 00:00:00+00:00,17.36,17.49,19.92085,67.79658,0.3957145,0.5074626865671642,-9.207631649107498,9649.940178155606,0.0,9640.732546506499,0,16.93857192993164,10917.614
2019-01-28 00:00:00+00:00,17.37,17.68,19.91705,64.48593,0.37714306,0.5185185185185184,-9.207631649107498,9754.771563588702,0.0,9745.563931939594,0,16.93857192993164,11036.217
2019-01-29 00:00:00+00:00,17.67,17.89,19.91305,65.76575,0.38785744,0.5074626865671642,-9.207631649107498,9870.636547272867,0.0,9861.42891562376,0,17.114286422729492,11167.304
2019-01-30 00:00:00+00:00,17.9,18.16,19.90635,62.189026,0.37928596,0.5185185185185184,-9.207631649107498,10019.606698076717,0.0,10010.39906642761,0,17.308212280273438,11335.843
2019-01-31 00:00:00+00:00,18.13,18.06,19.90145,65.76575,0.38071457,0.5074626865671642,-9.207631649107498,9964.432384030304,0.0,9955.224752381197,0,17.5910701751709,11273.42
2019-02-01 00:00:00+00:00,18.1,18.04,19.8945,59.04758,0.364286,0.5074626865671642,-9.207631649107498,9953.398418393186,0.0,9944.190786744079,0,17.5910701751709,11260.937
2019-02-04 00:00:00+00:00,17.96,18.22,19.88635,57.28157,0.38428593,0.5185185185185184,-9.207631649107498,10052.710425131501,0.0,10043.502793482394,0,17.5910701751709,11373.295
2019-02-05 00:00:00+00:00,18.23,18.32,19.87855,67.99996,0.387143,0.5074626865671642,10083.51541712407,0.0,0.0,10083.51541712407,-1,0.0,11435.718
2019-02-06 00:00:00+00:00,18.31,18.21,19.87285,70.87379,0.37357154,0.477124183006536,10083.51541712407,0.0,0.0,10083.51541712407,0,0.0,11367.053
2019-02-07 00:00:00+00:00,18.1,18.19,19.8668,67.12961,0.3614288,0.5074626865671642,10083.51541712407,0.0,0.0,10083.51541712407,0,0.0,11354.569
2019-02-08 00:00:00+00:00,18.03,17.97,19.86045,65.56604,0.35214287,0.5074626865671642,10083.51541712407,0.0,0.0,10083.51541712407,0,0.0,11217.24
2019-02-11 00:00:00+00:00,18.03,17.9,19.8538,59.656628,0.35142872,0.5395162640366867,10083.51541712407,0.0,0.0,10083.51541712407,0,0.0,11173.545
2019-02-12 00:00:00+00:00,18.09,17.98,19.8452,64.95326,0.3350002,0.5185185185185184,-10.083515417123635,10078.476179034553,0.0,10068.39266361743,1,17.37285614013672,11223.483
2019-02-13 00:00:00+00:00,18.07,18.36,19.8371,73.13435,0.3178572,0.5074626865671642,-10.083515417123635,10291.48089230534,0.0,10281.397376888217,0,17.47749900817871,11460.687
2019-02-14 00:00:00+00:00,18.33,18.34,19.83015,76.00002,0.32357147,0.477124183006536,-10.083515417123635,10280.270027237633,0.0,10270.18651182051,0,17.883214950561523,11448.202
2019-02-15 00:00:00+00:00,18.49,18.64,19.82405,71.57362,0.31571442,0.5074626865671642,-10.083515417123635,10448.431192069449,0.0,10438.347676652325,0,17.883214950561523,11635.468
2019-02-19 00:00:00+00:00,18.65,18.52,19.8196,73.07692,0.30785725,0.477124183006536,-10.083515417123635,10381.167129440593,0.0,10371.08361402347,0,18.166427612304688,11560.562
2019-02-20 00:00:00+00:00,18.89,19.68,19.81505,65.82919,0.30357155,0.5074626865671642,-10.083515417123635,11031.390960754523,0.0,11021.3074453374,0,18.166427612304688,12284.657
2019-02-21 00:00:00+00:00,19.69,19.79,19.8163,76.38892,0.37214294,0.477124183006536,11066.327665364612,0.0,0.0,11066.327665364612,-1,0.0,12353.321
2019-02-22 00:00:00+00:00,19.89,20.14,19.81605,79.93085,0.37999997,0.477124183006536,11066.327665364612,0.0,0.0,11066.327665364612,0,0.0,12571.798
2019-02-25 00:00:00+00:00,20.26,19.8,19.81615,82.608696,0.38071427,0.477124183006536,11066.327665364612,0.0,0.0,11066.327665364612,0,0.0,12359.562
2019-02-26 00:00:00+00:00,19.85,19.7,19.815,73.37279,0.39500004,0.477124183006536,11066.327665364612,0.0,0.0,11066.327665364612,0,0.0,12297.141
2019-02-27 00:00:00+00:00,19.59,19.5,19.81045,70.41423,0.4128572,0.477124183006536,11066.327665364612,0.0,0.0,11066.327665364612,0,0.0,12172.296
2019-02-28 00:00:00+00:00,19.53,19.61,19.80335,68.58792,0.42428574,0.5185185185185184,11066.327665364612,0.0,0.0,11066.327665364612,0,0.0,12240.962
2019-03-01 00:00:00+00:00,19.71,19.55,19.79775,69.943825,0.42714295,0.5074626865671642,11066.327665364612,0.0,0.0,11066.327665364612,0,0.0,12203.508
2019-03-04 00:00:00+00:00,19.65,19.8,19.7911,73.2353,0.4335714,0.477124183006536,11066.327665364612,0.0,0.0,11066.327665364612,0,0.0,12359.562
2019-03-05 00:00:00+00:00,19.8,19.84,19.7884,76.53631,0.43999985,0.5059258743021827,11066.327665364612,0.0,0.0,11066.327665364612,0,0.0,12384.531
2019-03-06 00:00:00+00:00,19.85,19.73,19.78655,76.27119,0.44214275,0.477124183006536,11066.327665364612,0.0,0.0,11066.327665364612,0,0.0,12315.867
2019-03-07 00:00:00+00:00,19.76,19.38,19.78365,70.94799,0.43071407,0.477124183006536,11066.327665364612,0.0,0.0,11066.327665364612,0,0.0,12097.39
2019-03-08 00:00:00+00:00,19.23,19.29,19.77805,64.44443,0.44285694,0.5074626865671642,11066.327665364612,0.0,0.0,11066.327665364612,0,0.0,12041.211
2019-03-11 00:00:00+00:00,19.41,19.44,19.76895,59.587044,0.4435711,0.5074626865671642,11066.327665364612,0.0,0.0,11066.327665364612,0,0.0,12134.844
2019-03-12 00:00:00+00:00,19.38,19.16,19.76005,63.450294,0.4549995,0.477124183006536,11066.327665364612,0.0,0.0,11066.327665364612,0,0.0,11960.062
2019-03-13 00:00:00+00:00,19.25,19.17,19.7488,39.763775,0.38357094,0.5074626865671642,11066.327665364612,0.0,0.0,11066.327665364612,0,0.0,11966.304
2019-03-14 00:00:00+00:00,19.16,19.22,19.73635,37.295067,0.3764282,0.5074626865671642,11066.327665364612,0.0,0.0,11066.327665364612,0,0.0,11997.514
2019-03-15 00:00:00+00:00,19.2,19.16,19.72465,28.504684,0.35285679,0.5074626865671642,11066.327665364612,0.0,0.0,11066.327665364612,0,0.0,11960.061
2019-03-18 00:00:00+00:00,19.24,19.2,19.71285,32.79572,0.32499966,0.5074626865671642,11066.327665364612,0.0,0.0,11066.327665364612,0,0.0,11985.03
2019-03-19 00:00:00+00:00,19.26,19.09,19.69975,36.111134,0.31499973,0.5074626865671642,11066.327665364612,0.0,0.0,11066.327665364612,0,0.0,11916.365
2019-03-20 00:00:00+00:00,19.07,19.12,19.68705,38.011723,0.31357113,0.5074626865671642,11066.327665364612,0.0,0.0,11066.327665364612,0,0.0,11935.092
2019-03-21 00:00:00+00:00,19.05,19.15,19.6731,34.96936,0.32714257,0.5185185185185184,11066.327665364612,0.0,0.0,11066.327665364612,0,0.0,11953.818
2019-03-22 00:00:00+00:00,19.1,18.8,19.6581,37.500015,0.3235712,0.5185185185185184,11066.327665364612,0.0,0.0,11066.327665364612,0,0.0,11735.342
2019-03-25 00:00:00+00:00,18.8,18.7,19.6424,20.58825,0.34428555,0.5185185185185184,11066.327665364612,0.0,0.0,11066.327665364612,0,0.0,11672.92
2019-03-26 00:00:00+00:00,18.86,19.09,19.62465,17.613623,0.34999985,0.5185185185185184,11066.327665364612,0.0,0.0,11066.327665364612,0,0.0,11916.365
2019-03-27 00:00:00+00:00,19.08,19.0,19.60965,34.313717,0.35714272,0.5185185185185184,11066.327665364612,0.0,0.0,11066.327665364612,0,0.0,11860.186
2019-03-28 00:00:00+00:00,18.88,18.97,19.5942,39.325848,0.35285705,0.5185185185185184,11066.327665364612,0.0,0.0,11066.327665364612,0,0.0,11841.459
2019-03-29 00:00:00+00:00,19.03,18.9,19.5812,40.697624,0.3471429,0.5185185185185184,11066.327665364612,0.0,0.0,11066.327665364612,0,0.0,11797.765
2019-04-01 00:00:00+00:00,19.03,19.28,19.5684,33.536552,0.3350002,0.5185185185185184,11066.327665364612,0.0,0.0,11066.327665364612,0,0.0,12034.968
2019-04-02 00:00:00+00:00,19.34,19.44,19.5594,53.4483,0.33928585,0.477124183006536,11066.327665364612,0.0,0.0,11066.327665364612,0,0.0,12134.843
2019-04-03 00:00:00+00:00,19.53,19.3,19.54995,57.14287,0.3392857,0.477124183006536,11066.327665364612,0.0,0.0,11066.327665364612,0,0.0,12047.45
2019-04-04 00:00:00+00:00,19.28,19.25,19.54,52.0202,0.35285717,0.5074626865671642,11066.327665364612,0.0,0.0,11066.327665364612,0,0.0,12016.239
2019-04-05 00:00:00+00:00,19.29,19.33,19.53035,52.284267,0.35714287,0.5185185185185184,11066.327665364612,0.0,0.0,11066.327665364612,0,0.0,12066.177
2019-04-08 00:00:00+00:00,19.3,19.39,19.52145,53.23381,0.3464286,0.5185185185185184,11066.327665364612,0.0,0.0,11066.327665364612,0,0.0,12103.63
2019-04-09 00:00:00+00:00,19.36,18.95,19.51095,57.653046,0.33714294,0.5074626865671642,11066.327665364612,0.0,0.0,11066.327665364612,0,0.0,11828.975
2019-04-10 00:00:00+00:00,19.0,19.16,19.49755,46.413494,0.3407143,0.5185185185185184,11066.327665364612,0.0,0.0,11066.327665364612,0,0.0,11960.06
2019-04-11 00:00:00+00:00,19.23,19.07,19.48625,50.196083,0.33000007,0.5074626865671642,11066.327665364612,0.0,0.0,11066.327665364612,0,0.0,11903.88
2019-04-12 00:00:00+00:00,19.14,19.22,19.4764,55.895214,0.3135715,0.5185185185185184,11066.327665364612,0.0,0.0,11066.327665364612,0,0.0,11997.513
2019-04-15 00:00:00+00:00,19.22,19.02,19.46775,61.111088,0.3128572,0.5074626865671642,11066.327665364612,0.0,0.0,11066.327665364612,0,0.0,11872.67
2019-04-16 00:00:00+00:00,19.05,19.0,19.4576,48.372097,0.31142876,0.5185185185185184,11066.327665364612,0.0,0.0,11066.327665364612,0,0.0,11860.185
2019-04-17 00:00:00+00:00,19.14,18.81,19.4483,50.0,0.30285725,0.5185185185185184,11066.327665364612,0.0,0.0,11066.327665364612,0,0.0,11741.582
2019-04-18 00:00:00+00:00,18.79,18.9,19.437,46.42857,0.3107143,0.5185185185185184,11066.327665364612,0.0,0.0,11066.327665364612,0,0.0,11797.762
2019-04-22 00:00:00+00:00,18.83,18.69,19.4273,50.0,0.3114286,0.5074626865671642,11066.327665364612,0.0,0.0,11066.327665364612,0,0.0,11666.676
2019-04-23 00:00:00+00:00,18.74,18.92,19.41565,35.88514,0.3107143,0.6363636363636364,11066.327665364612,0.0,0.0,11066.327665364612,0,0.0,11810.245
2019-04-24 00:00:00+00:00,19.0,18.95,19.4047,37.96293,0.31571442,0.5185185185185184,-11.066327665364952,11060.797266731246,0.0,11049.730939065881,1,18.453927993774414,11828.972
2019-04-25 00:00:00+00:00,18.83,18.9,19.39285,41.463432,0.3007145,0.5074626865671642,-11.066327665364952,11031.612485811476,0.0,11020.546158146111,0,18.476428985595703,11797.761
2019-04-26 00:00:00+00:00,18.96,19.18,19.38065,41.463394,0.31357166,0.5074626865671642,-11.066327665364952,11195.044210513204,0.0,11183.97788284784,0,18.476428985595703,11972.543
2019-04-29 00:00:00+00:00,19.2,19.23,19.3697,46.66667,0.3278573,0.5074626865671642,-11.066327665364952,11224.22822135213,0.0,11213.161893686765,0,18.70964241027832,12003.754
2019-04-30 00:00:00+00:00,19.21,19.24,19.3602,46.42857,0.34071445,0.5074626865671642,-11.066327665364952,11230.064718122696,0.0,11218.998390457331,0,18.73821449279785,12009.996
2019-05-01 00:00:00+00:00,19.32,19.48,19.35055,58.011024,0.32285744,0.5074626865671642,-11.066327665364952,11370.149219878453,0.0,11359.082892213088,0,18.73821449279785,12159.811
2019-05-02 00:00:00+00:00,19.5,19.6,19.34205,58.695644,0.33142895,0.477124183006536,-11.066327665364952,11440.192286748003,0.0,11429.125959082638,0,18.73821449279785,12234.718
2019-05-03 00:00:00+00:00,19.67,19.88,19.33495,64.171135,0.3428575,0.477124183006536,-11.066327665364952,11603.623254444552,0.0,11592.556926779187,0,18.73821449279785,12409.499
2019-05-06 00:00:00+00:00,19.63,19.88,19.3292,66.49999,0.3400003,0.477124183006536,-11.066327665364952,11603.623254444552,0.0,11592.556926779187,0,18.85142707824707,12409.499
2019-05-07 00:00:00+00:00,19.69,19.36,19.32305,73.88884,0.34285736,0.4230769230769231,-11.066327665364952,11300.109106128337,0.0,11289.042778462972,0,18.85999870300293,12084.905
2019-05-08 00:00:00+00:00,19.38,19.07,19.3125,57.826103,0.37428585,0.5074626865671642,-11.066327665364952,11130.84067567603,0.0,11119.774348010666,0,18.85999870300293,11903.881
2019-05-09 00:00:00+00:00,18.91,19.01,19.30145,55.41667,0.37642875,0.5185185185185184,-11.066327665364952,11095.819814294366,0.0,11084.753486629,0,18.85999870300293,11866.428
2019-05-10 00:00:00+00:00,18.88,19.21,19.288599,52.32069,0.3800001,0.5185185185185184,-11.066327665364952,11212.55556853282,0.0,11201.489240867455,0,18.85999870300293,11991.2705
2019-05-13 00:00:00+00:00,18.86,18.83,19.279,61.016926,0.38571438,0.6363636363636364,-11.066327665364952,10990.756738541788,0.0,10979.690410876423,0,18.85999870300293,11754.068
2019-05-14 00:00:00+00:00,18.85,18.99,19.2679,48.20717,0.39857143,0.5185185185185184,11056.45395847427,0.0,0.0,11056.45395847427,-1,0.0,11853.944
2019-05-15 00:00:00+00:00,18.89,19.28,19.2575,50.757557,0.4114286,0.5185185185185184,11056.45395847427,0.0,0.0,11056.45395847427,0,0.0,12034.968
2019-05-16 00:00:00+00:00,19.28,19.34,19.24985,56.597248,0.41857147,0.5074626865671642,11056.45395847427,0.0,0.0,11056.45395847427,0,0.0,12072.42
2019-05-17 00:00:00+00:00,19.17,19.18,19.2431,53.00752,0.4085714,0.5,11056.45395847427,0.0,0.0,11056.45395847427,0,0.0,11972.545
2019-05-20 00:00:00+00:00,19.14,18.97,19.2343,49.097485,0.3999999,0.5185185185185184,11056.45395847427,0.0,0.0,11056.45395847427,0,0.0,11841.458
2019-05-21 00:00:00+00:00,19.09,19.18,19.2216,45.454533,0.40928555,0.5074626865671642,11056.45395847427,0.0,0.0,11056.45395847427,0,0.0,11972.544
2019-05-22 00:00:00+00:00,19.16,19.12,19.2078,44.89797,0.40214267,0.5091170746081849,11056.45395847427,0.0,0.0,11056.45395847427,0,0.0,11935.091
2019-05-23 00:00:00+00:00,18.93,19.14,19.19525,41.666668,0.37499985,0.5074626865671642,11056.45395847427,0.0,0.0,11056.45395847427,0,0.0,11947.574
2019-05-24 00:00:00+00:00,19.28,19.26,19.18275,35.87785,0.37999997,0.5074626865671642,11056.45395847427,0.0,0.0,11056.45395847427,0,0.0,12022.482
2019-05-28 00:00:00+00:00,19.32,18.88,19.17215,38.686142,0.37142864,0.5074626865671642,11056.45395847427,0.0,0.0,11056.45395847427,0,0.0,11785.277
2019-05-29 00:00:00+00:00,18.8,18.58,19.1638,40.769203,0.35571453,0.5074626865671642,11056.45395847427,0.0,0.0,11056.45395847427,0,0.0,11598.013
2019-05-30 00:00:00+00:00,18.62,18.4,19.15425,40.613026,0.3585716,0.5074626865671642,11056.45395847427,0.0,0.0,11056.45395847427,0,0.0,11485.653
2019-05-31 00:00:00+00:00,18.1,18.11,19.1449,38.827827,0.364286,0.5074626865671642,11056.45395847427,0.0,0.0,11056.45395847427,0,0.0,11304.629
2019-06-03 00:00:00+00:00,18.14,18.05,19.13495,30.496479,0.3664289,0.5074626865671642,11056.45395847427,0.0,0.0,11056.45395847427,0,0.0,11267.175
2019-06-04 00:00:00+00:00,18.15,18.1,19.12375,34.399998,0.3528576,0.5185185185185184,11056.45395847427,0.0,0.0,11056.45395847427,0,0.0,11298.387
2019-06-05 00:00:00+00:00,18.26,18.21,19.1103,31.38079,0.34785762,0.5074626865671642,11056.45395847427,0.0,0.0,11056.45395847427,0,0.0,11367.051
2019-06-06 00:00:00+00:00,18.19,18.13,19.09685,25.79183,0.34071472,0.5074626865671642,11056.45395847427,0.0,0.0,11056.45395847427,0,0.0,11317.113
2019-06-07 00:00:00+00:00,18.21,18.34,19.08285,22.869951,0.34571484,0.5074626865671642,11056.45395847427,0.0,0.0,11056.45395847427,0,0.0,11448.201
2019-06-10 00:00:00+00:00,18.46,18.48,19.07005,31.578964,0.35000065,0.5074626865671642,11056.45395847427,0.0,0.0,11056.45395847427,0,0.0,11535.592
2019-06-11 00:00:00+00:00,18.6,18.58,19.05715,38.914036,0.33857208,0.5074626865671642,11056.45395847427,0.0,0.0,11056.45395847427,0,0.0,11598.015
2019-06-12 00:00:00+00:00,18.59,18.43,19.04355,35.71428,0.33785778,0.5074626865671642,11056.45395847427,0.0,0.0,11056.45395847427,0,0.0,11504.382
2019-06-13 00:00:00+00:00,18.43,18.54,19.0313,34.246567,0.34357193,0.5074626865671642,11056.45395847427,0.0,0.0,11056.45395847427,0,0.0,11573.047
2019-06-14 00:00:00+00:00,18.5,18.31,19.0192,36.842155,0.33000034,0.5074626865671642,11056.45395847427,0.0,0.0,11056.45395847427,0,0.0,11429.475
2019-06-17 00:00:00+00:00,18.34,18.54,19.0061,30.125534,0.33071464,0.5074626865671642,11056.45395847427,0.0,0.0,11056.45395847427,0,0.0,11573.047
2019-06-18 00:00:00+00:00,18.64,18.65,18.9918,42.410767,0.32071453,0.5074626865671642,11056.45395847427,0.0,0.0,11056.45395847427,0,0.0,11641.71
2019-06-19 00:00:00+00:00,18.65,18.47,18.9768,51.707306,0.31785747,0.477124183006536,11056.45395847427,0.0,0.0,11056.45395847427,0,0.0,11529.351
2019-06-20 00:00:00+00:00,18.7,18.65,18.9604,51.707306,0.31642872,0.5001841373370735,11056.45395847427,0.0,0.0,11056.45395847427,0,0.0,11641.711
2019-06-21 00:00:00+00:00,18.59,18.17,18.946,63.91747,0.3007145,0.5074626865671642,11056.45395847427,0.0,0.0,11056.45395847427,0,0.0,11342.086
2019-06-24 00:00:00+00:00,18.17,17.87,18.93075,52.54239,0.31000015,0.5074626865671642,11056.45395847427,0.0,0.0,11056.45395847427,0,0.0,11154.819
2019-06-25 00:00:00+00:00,18.01,17.8,18.9139,45.59388,0.32714286,0.5074626865671642,11056.45395847427,0.0,0.0,11056.45395847427,0,0.0,11111.124
2019-06-26 00:00:00+00:00,17.84,17.82,18.89655,42.02336,0.32428578,0.5074626865671642,11056.45395847427,0.0,0.0,11056.45395847427,0,0.0,11123.608
2019-06-27 00:00:00+00:00,17.77,18.01,18.8786,43.824722,0.32214287,0.5074626865671642,11056.45395847427,0.0,0.0,11056.45395847427,0,0.0,11242.211
2019-06-28 00:00:00+00:00,18.04,18.22,18.86225,43.373505,0.32642856,0.5185185185185184,11056.45395847427,0.0,0.0,11056.45395847427,0,0.0,11373.296
2019-07-01 00:00:00+00:00,18.36,18.17,18.846899,44.92188,0.32785702,0.5074626865671642,11056.45395847427,0.0,0.0,11056.45395847427,0,0.0,11342.086
2019-07-02 00:00:00+00:00,18.15,18.24,18.83105,41.83268,0.34499985,0.5074626865671642,11056.45395847427,0.0,0.0,11056.45395847427,0,0.0,11385.78
2019-07-03 00:00:00+00:00,18.28,18.46,18.8149,46.090527,0.34928566,0.5074626865671642,11056.45395847427,0.0,0.0,11056.45395847427,0,0.0,11523.108
2019-07-05 00:00:00+00:00,18.33,18.41,18.79935,48.42516,0.35285717,0.477124183006536,11056.45395847427,0.0,0.0,11056.45395847427,0,0.0,11491.898
2019-07-08 00:00:00+00:00,18.35,18.34,18.784399,52.118652,0.35785702,0.477124183006536,11056.45395847427,0.0,0.0,11056.45395847427,0,0.0,11448.203
2019-07-09 00:00:00+00:00,18.2,18.08,18.76865,45.45452,0.34714276,0.5074626865671642,11056.45395847427,0.0,0.0,11056.45395847427,0,0.0,11285.906
2019-07-10 00:00:00+00:00,18.25,18.34,18.75335,37.872337,0.34714276,0.5074626865671642,11056.45395847427,0.0,0.0,11056.45395847427,0,0.0,11448.203
2019-07-11 00:00:00+00:00,18.34,18.16,18.73895,47.32512,0.3407143,0.5074626865671642,11056.45395847427,0.0,0.0,11056.45395847427,0,0.0,11335.844
2019-07-12 00:00:00+00:00,18.2,18.2,18.72415,39.917694,0.35357136,0.5074626865671642,11056.45395847427,0.0,0.0,11056.45395847427,0,0.0,11360.813
2019-07-15 00:00:00+00:00,18.18,18.13,18.7107,50.753788,0.33285713,0.5074626865671642,11056.45395847427,0.0,0.0,11056.45395847427,0,0.0,11317.117
2019-07-16 00:00:00+00:00,18.12,18.3,18.6955,57.386307,0.3085714,0.5074626865671642,11056.45395847427,0.0,0.0,11056.45395847427,0,0.0,11423.235
2019-07-17 00:00:00+00:00,18.26,17.9,18.6819,63.440857,0.30857128,0.5074626865671642,11056.45395847427,0.0,0.0,11056.45395847427,0,0.0,11173.546
2019-07-18 00:00:00+00:00,17.86,17.8,18.6655,51.785713,0.3249998,0.5,11056.45395847427,0.0,0.0,11056.45395847427,0,0.0,11111.124
2019-07-19 00:00:00+00:00,17.81,17.67,18.649,45.116257,0.31857124,0.5074626865671642,11056.45395847427,0.0,0.0,11056.45395847427,0,0.0,11029.976
2019-07-22 00:00:00+00:00,17.59,17.47,18.6325,36.714993,0.31714275,0.5074626865671642,11056.45395847427,0.0,0.0,11056.45395847427,0,0.0,10905.131
2019-07-23 00:00:00+00:00,17.61,17.85,18.6163,34.234226,0.29999992,0.5074626865671642,11056.45395847427,0.0,0.0,11056.45395847427,0,0.0,11142.336
2019-07-24 00:00:00+00:00,17.83,17.85,18.6016,42.29251,0.3071428,0.5185185185185184,11056.45395847427,0.0,0.0,11056.45395847427,0,0.0,11142.336
2019-07-25 00:00:00+00:00,17.86,17.72,18.58955,36.796585,0.30428573,0.5185185185185184,11056.45395847427,0.0,0.0,11056.45395847427,0,0.0,11061.187
2019-07-26 00:00:00+00:00,17.73,17.61,18.57765,35.564873,0.29357162,0.5074626865671642,11056.45395847427,0.0,0.0,11056.45395847427,0,0.0,10992.523
2019-07-29 00:00:00+00:00,17.68,17.5,18.56345,34.979458,0.29785728,0.5185185185185184,11056.45395847427,0.0,0.0,11056.45395847427,0,0.0,10923.858
2019-07-30 00:00:00+00:00,17.43,17.68,18.5502,37.280727,0.28928593,0.5074626865671642,11056.45395847427,0.0,0.0,11056.45395847427,0,0.0,11036.219
2019-07-31 00:00:00+00:00,17.68,17.39,18.53965,35.000034,0.28857163,0.5074626865671642,11056.45395847427,0.0,0.0,11056.45395847427,0,0.0,10855.193
2019-08-01 00:00:00+00:00,17.43,17.06,18.5304,33.333363,0.29285744,0.5074626865671642,11056.45395847427,0.0,0.0,11056.45395847427,0,0.0,10649.2
2019-08-02 00:00:00+00:00,17.05,17.07,18.5198,28.076933,0.3057146,0.5074626865671642,11056.45395847427,0.0,0.0,11056.45395847427,0,0.0,10655.442
2019-08-05 00:00:00+00:00,16.93,16.6,18.50925,29.133892,0.30928612,0.5185185185185184,11056.45395847427,0.0,0.0,11056.45395847427,0,0.0,10362.059
2019-08-06 00:00:00+00:00,16.76,16.76,18.4951,20.070465,0.33285755,0.5074626865671642,11056.45395847427,0.0,0.0,11056.45395847427,0,0.0,10461.934
2019-08-07 00:00:00+00:00,16.48,16.62,18.48225,28.076954,0.3228576,0.5185185185185184,11056.45395847427,0.0,0.0,11056.45395847427,0,0.0,10374.544
2019-08-08 00:00:00+00:00,16.66,16.8,18.47,27.651556,0.35714325,0.5074626865671642,11056.45395847427,0.0,0.0,11056.45395847427,0,0.0,10486.903
2019-08-09 00:00:00+00:00,16.75,16.64,18.4585,33.828983,0.37571472,0.5185185185185184,11056.45395847427,0.0,0.0,11056.45395847427,0,0.0,10387.028
2019-08-12 00:00:00+00:00,16.5,16.32,18.44735,34.339622,0.3907148,0.477124183006536,11056.45395847427,0.0,0.0,11056.45395847427,0,0.0,10187.277
2019-08-13 00:00:00+00:00,16.26,16.5,18.4354,20.463287,0.38928604,0.5185185185185184,11056.45395847427,0.0,0.0,11056.45395847427,0,0.0,10299.639
2019-08-14 00:00:00+00:00,16.32,15.82,18.42615,25.63175,0.4014289,0.5185185185185184,11056.45395847427,0.0,0.0,11056.45395847427,0,0.0,9875.168
2019-08-15 00:00:00+00:00,15.8,15.6,18.4117,21.385529,0.43714312,0.5185185185185184,11056.45395847427,0.0,0.0,11056.45395847427,0,0.0,9737.84
2019-08-16 00:00:00+00:00,15.66,15.85,18.39755,20.699692,0.44642884,0.5185185185185184,11056.45395847427,0.0,0.0,11056.45395847427,0,0.0,9893.895
2019-08-19 00:00:00+00:00,16.04,15.99,18.3834,26.890747,0.45000023,0.5185185185185184,11056.45395847427,0.0,0.0,11056.45395847427,0,0.0,9981.286
2019-08-20 00:00:00+00:00,15.93,15.95,18.3685,26.062294,0.4450001,0.5185185185185184,11056.45395847427,0.0,0.0,11056.45395847427,0,0.0,9956.317
2019-08-21 00:00:00+00:00,16.09,15.94,18.3527,28.04876,0.41857153,0.5185185185185184,11056.45395847427,0.0,0.0,11056.45395847427,0,0.0,9950.075
2019-08-22 00:00:00+00:00,15.91,16.09,18.33575,31.081059,0.4078572,0.6363636363636364,11056.45395847427,0.0,0.0,11056.45395847427,0,0.0,10043.709
2019-08-23 00:00:00+00:00,16.02,15.69,18.3228,34.19354,0.41000012,0.5074626865671642,-11.056453958473867,11050.928494227157,0.0,11039.872040268683,1,15.478214263916016,9794.0205
2019-08-26 00:00:00+00:00,15.8,15.77,18.305,34.983475,0.3907145,0.5185185185185184,-11.056453958473867,11107.275186497804,0.0,11096.21873253933,0,15.478214263916016,9843.959
2019-08-27 00:00:00+00:00,15.84,15.74,18.29135,33.220337,0.38571453,0.5185185185185184,-11.056453958473867,11086.144690107494,0.0,11075.08823614902,0,15.478214263916016,9825.231
2019-08-28 00:00:00+00:00,15.72,15.78,18.2751,34.507023,0.35000023,0.6363636363636364,-11.056453958473867,11114.317949902648,0.0,11103.261495944174,0,15.478214263916016,9850.2
2019-08-29 00:00:00+00:00,15.94,15.98,18.2589,31.111132,0.33142874,0.5185185185185184,-11.056453958473867,11255.183176900464,0.0,11244.12672294199,0,15.478214263916016,9975.044
2019-08-30 00:00:00+00:00,16.01,16.04,18.2443,37.956215,0.3278573,0.5185185185185184,-11.056453958473867,11297.443407027182,0.0,11286.386953068708,0,15.482856750488281,10012.498
2019-09-03 00:00:00+00:00,15.91,16.03,18.2305,44.35487,0.31642872,0.5074626865671642,-11.056453958473867,11290.399851169195,0.0,11279.343397210721,0,15.54821491241455,10006.255
2019-09-04 00:00:00+00:00,16.16,16.34,18.21645,39.82687,0.30571446,0.5074626865671642,-11.056453958473867,11508.741811582166,0.0,11497.685357623692,0,15.555357933044434,10199.763
2019-09-05 00:00:00+00:00,16.43,16.72,18.204,63.402058,0.27928576,0.477124183006536,-11.056453958473867,11776.385725665275,0.0,11765.329271706802,0,15.881428718566895,10436.965
2019-09-06 00:00:00+00:00,16.7,16.66,18.19235,76.66661,0.2821429,0.477124183006536,-11.056453958473867,11734.126193296277,0.0,11723.069739337803,0,16.301071166992188,10399.512
2019-09-09 00:00:00+00:00,16.68,17.14,18.17935,71.204155,0.27285713,0.477124183006536,-11.056453958473867,12072.203439414512,0.0,12061.146985456038,0,16.301071166992188,10699.138
2019-09-10 00:00:00+00:00,17.13,17.43,18.1693,75.55553,0.29714283,0.477124183006536,12246.987866681595,0.0,0.0,12246.987866681595,-1,0.0,10880.161
2019-09-11 00:00:00+00:00,17.5,17.42,18.16055,79.599976,0.3085715,0.477124183006536,12246.987866681595,0.0,0.0,12246.987866681595,0,0.0,10873.919
2019-09-12 00:00:00+00:00,17.46,17.08,18.15245,79.599976,0.3200001,0.477124183006536,12246.987866681595,0.0,0.0,12246.987866681595,0,0.0,10661.685
2019-09-13 00:00:00+00:00,17.21,17.32,18.1432,68.40147,0.3392857,0.5074626865671642,12246.987866681595,0.0,0.0,12246.987866681595,0,0.0,10811.497
2019-09-16 00:00:00+00:00,17.22,17.41,18.13395,82.21342,0.3357142,0.477124183006536,12246.987866681595,0.0,0.0,12246.987866681595,0,0.0,10867.677
2019-09-17 00:00:00+00:00,17.38,17.25,18.12525,82.28344,0.3364285,0.5074626865671642,12246.987866681595,0.0,0.0,12246.987866681595,0,0.0,10767.802
2019-09-18 00:00:00+00:00,17.28,17.3,18.11545,78.27716,0.33285713,0.5185185185185184,12246.987866681595,0.0,0.0,12246.987866681595,0,0.0,10799.012
2019-09-19 00:00:00+00:00,17.33,17.27,18.10545,78.35821,0.3314286,0.6363636363636364,12246.987866681595,0.0,0.0,12246.987866681595,0,0.0,10780.287
2019-09-20 00:00:00+00:00,17.3,17.24,18.0968,75.69724,0.3171429,0.6363636363636364,12246.987866681595,0.0,0.0,12246.987866681595,0,0.0,10761.559
2019-09-23 00:00:00+00:00,17.04,17.22,18.08625,74.19355,0.3185715,0.5074626865671642,12246.987866681595,0.0,0.0,12246.987866681595,0,0.0,10749.074
2019-09-24 00:00:00+00:00,17.29,17.1,18.07875,73.89558,0.32571426,0.6363636363636364,12246.987866681595,0.0,0.0,12246.987866681595,0,0.0,10674.169
2019-09-25 00:00:00+00:00,17.13,17.06,18.07,66.52177,0.32500008,0.5074626865671642,-12.246987866681593,12240.867432965113,0.0,12228.620445098431,1,16.61142921447754,10649.199
2019-09-26 00:00:00+00:00,17.11,16.9,18.06335,58.673477,0.31000015,0.5185185185185184,-12.246987866681593,12126.064356647672,0.0,12113.81736878099,0,16.61142921447754,10549.323
2019-09-27 00:00:00+00:00,16.8,17.11,18.0573,55.825237,0.31714302,0.5185185185185184,-12.246987866681593,12276.744504821032,0.0,12264.49751695435,0,16.61142921447754,10680.411
2019-09-30 00:00:00+00:00,17.14,17.29,18.053,49.162045,0.3057146,0.5074626865671642,-12.246987866681593,12405.89855547526,0.0,12393.651567608578,0,16.634286880493164,10792.771
2019-10-01 00:00:00+00:00,17.37,16.98,18.0502,45.83335,0.30857155,0.5185185185185184,-12.246987866681593,12183.467067034218,0.0,12171.220079167537,0,16.83142852783203,10599.263
2019-10-02 00:00:00+00:00,16.87,16.59,18.0462,38.88888,0.3114286,0.5185185185185184,-12.246987866681593,11903.63508736935,0.0,11891.388099502668,0,16.83142852783203,10355.817
2019-10-03 00:00:00+00:00,16.55,16.65,18.04025,37.931046,0.30071434,0.5185185185185184,11916.518417878997,0.0,0.0,11916.518417878997,-1,0.0,10393.27
2019-10-04 00:00:00+00:00,16.67,16.62,18.0369,31.891893,0.30071434,0.5185185185185184,11916.518417878997,0.0,0.0,11916.518417878997,0,0.0,10374.544
2019-10-07 00:00:00+00:00,16.61,16.8,18.03205,27.932976,0.30071434,0.5185185185185184,11916.518417878997,0.0,0.0,11916.518417878997,0,0.0,10486.903
2019-10-08 00:00:00+00:00,16.72,16.45,18.02995,37.569023,0.3128572,0.5185185185185184,11916.518417878997,0.0,0.0,11916.518417878997,0,0.0,10268.427
2019-10-09 00:00:00+00:00,16.53,16.43,18.0296,29.857826,0.32642856,0.5074626865671642,11916.518417878997,0.0,0.0,11916.518417878997,0,0.0,10255.942
2019-10-10 00:00:00+00:00,16.52,16.51,18.02905,29.99998,0.32785702,0.5185185185185184,11916.518417878997,0.0,0.0,11916.518417878997,0,0.0,10305.879
2019-10-11 00:00:00+00:00,16.69,16.66,18.0319,33.023247,0.32785702,0.6363636363636364,11916.518417878997,0.0,0.0,11916.518417878997,0,0.0,10399.512
2019-10-14 00:00:00+00:00,16.59,16.31,18.031,37.71929,0.34357125,0.5185185185185184,-11.916518417878251,11910.563136310842,0.0,11898.646617892964,1,16.168214797973633,10181.035
2019-10-15 00:00:00+00:00,16.38,16.41,18.02835,34.26292,0.3549998,0.5185185185185184,-11.916518417878251,11983.58884966242,0.0,11971.672331244541,0,16.168214797973633,10243.456
2019-10-16 00:00:00+00:00,16.35,16.35,18.027,37.354084,0.3599998,0.5185185185185184,-11.916518417878251,11939.773635790463,0.0,11927.857117372585,0,16.168214797973633,10206.003
2019-10-17 00:00:00+00:00,16.42,16.42,18.0254,38.8664,0.3614284,0.5185185185185184,-11.916518417878251,11990.891178814976,0.0,11978.974660397098,0,16.168214797973633,10249.698
2019-10-18 00:00:00+00:00,16.37,16.44,18.02555,35.193096,0.3492854,0.6363636363636364,-11.916518417878251,12005.497049784883,0.0,11993.580531367004,0,16.168214797973633,10262.183
2019-10-21 00:00:00+00:00,16.52,16.8,18.026,30.414703,0.34142834,0.6363636363636364,-11.916518417878251,12268.389505669344,0.0,12256.472987251465,0,16.168214797973633,10486.9
2019-10-22 00:00:00+00:00,16.79,16.78,18.02565,45.945927,0.33785683,0.5074626865671642,-11.916518417878251,12253.785652037268,0.0,12241.86913361939,0,16.287857055664062,10474.417
2019-10-23 00:00:00+00:00,16.81,16.85,18.02465,55.13517,0.32357106,0.5185185185185184,-11.916518417878251,12304.903665312819,0.0,12292.98714689494,0,16.287857055664062,10518.112
2019-10-24 00:00:00+00:00,16.9,16.79,18.0219,55.376385,0.30928543,0.5074626865671642,-11.916518417878251,12261.088592241947,0.0,12249.17207382407,0,16.364643096923828,10480.659
2019-10-25 00:00:00+00:00,16.66,16.68,18.01855,54.49737,0.30999961,0.5185185185185184,-11.916518417878251,12180.759288810827,0.0,12168.842770392948,0,16.364643096923828,10411.994
2019-10-28 00:00:00+00:00,16.79,16.7,18.01355,46.70332,0.29857105,0.5185185185185184,-11.916518417878251,12195.365556940907,0.0,12183.44903852303,0,16.364643096923828,10424.4795
2019-10-29 00:00:00+00:00,16.65,16.61,18.00835,58.389275,0.2835711,0.5185185185185184,-11.916518417878251,12129.64212748775,0.0,12117.725609069872,0,16.364643096923828,10368.3
2019-10-30 00:00:00+00:00,16.56,16.66,18.0039,55.76925,0.2828568,0.5074626865671642,-11.916518417878251,12166.154215471977,0.0,12154.237697054099,0,16.364643096923828,10399.51
2019-10-31 00:00:00+00:00,16.63,16.39,17.9999,54.90196,0.2864283,0.5185185185185184,-11.916518417878251,11968.983401721542,0.0,11957.066883303663,0,16.364643096923828,10230.971
2019-11-01 00:00:00+00:00,16.48,16.76,17.9945,41.818157,0.26999977,0.5074626865671642,-11.916518417878251,12239.180597223753,0.0,12227.264078805874,0,16.364643096923828,10461.933
2019-11-04 00:00:00+00:00,16.85,17.13,17.99065,63.47309,0.2635712,0.5074626865671642,-11.916518417878251,12509.375797144796,0.0,12497.459278726918,0,16.364643096923828,10692.892
2019-11-05 00:00:00+00:00,17.15,17.41,17.9887,68.55672,0.27499977,0.5074626865671642,-11.916518417878251,12713.84930230526,0.0,12701.932783887381,0,16.734642028808594,10867.675
2019-11-06 00:00:00+00:00,17.49,17.43,17.98945,74.53705,0.28285694,0.5,12697.446024430457,0.0,0.0,12697.446024430457,-1,0.0,10880.159
2019-11-07 00:00:00+00:00,17.45,16.95,17.99135,73.93367,0.30999988,0.477124183006536,12697.446024430457,0.0,0.0,12697.446024430457,0,0.0,10580.534
2019-11-08 00:00:00+00:00,16.9,17.17,17.99015,59.92219,0.33785698,0.5185185185185184,12697.446024430457,0.0,0.0,12697.446024430457,0,0.0,10717.861
2019-11-11 00:00:00+00:00,17.01,17.04,17.98855,57.61319,0.3421428,0.5185185185185184,12697.446024430457,0.0,0.0,12697.446024430457,0,0.0,10636.714
2019-11-12 00:00:00+00:00,16.97,16.79,17.98535,55.11812,0.35214287,0.5185185185185184,12697.446024430457,0.0,0.0,12697.446024430457,0,0.0,10480.658
2019-11-13 00:00:00+00:00,16.7,16.85,17.97985,48.897068,0.36499992,0.5185185185185184,12697.446024430457,0.0,0.0,12697.446024430457,0,0.0,10518.111
2019-11-14 00:00:00+00:00,16.85,17.06,17.973299,51.102932,0.36071438,0.5185185185185184,12697.446024430457,0.0,0.0,12697.446024430457,0,0.0,10649.197
2019-11-15 00:00:00+00:00,17.11,17.14,17.9683,56.73758,0.36500004,0.5185185185185184,12697.446024430457,0.0,0.0,12697.446024430457,0,0.0,10699.135
2019-11-18 00:00:00+00:00,17.15,17.22,17.9638,57.638874,0.36500004,0.5185185185185184,12697.446024430457,0.0,0.0,12697.446024430457,0,0.0,10749.072
2019-11-19 00:00:00+00:00,17.33,17.19,17.9588,60.627167,0.36785713,0.5185185185185184,12697.446024430457,0.0,0.0,12697.446024430457,0,0.0,10730.347
2019-11-20 00:00:00+00:00,17.09,16.85,17.95315,59.298267,0.36571422,0.5185185185185184,12697.446024430457,0.0,0.0,12697.446024430457,0,0.0,10518.111
2019-11-21 00:00:00+00:00,16.77,16.76,17.94635,57.87674,0.3721428,0.5185185185185184,12697.446024430457,0.0,0.0,12697.446024430457,0,0.0,10461.932
2019-11-22 00:00:00+00:00,16.83,16.91,17.9392,50.0,0.35999992,0.5185185185185184,12697.446024430457,0.0,0.0,12697.446024430457,0,0.0,10555.564
2019-11-25 00:00:00+00:00,16.96,17.14,17.9339,45.45455,0.35499996,0.6580012467829763,12697.446024430457,0.0,0.0,12697.446024430457,0,0.0,10699.135
2019-11-26 00:00:00+00:00,17.21,17.48,17.9301,44.303776,0.3442857,0.6363636363636364,-12.697446024430974,12691.100474193361,0.0,12678.40302816893,1,16.607500076293945,10911.37
2019-11-27 00:00:00+00:00,17.46,17.75,17.9276,50.929356,0.32714286,0.5185185185185184,-12.697446024430974,12887.131086392985,0.0,12874.433640368554,0,16.963571548461914,11079.911
2019-11-29 00:00:00+00:00,17.7,17.49,17.92455,66.12904,0.30928585,0.5074626865671642,-12.697446024430974,12698.361665315486,0.0,12685.664219291055,0,17.25928497314453,10917.613
2019-12-02 00:00:00+00:00,17.53,17.5,17.9203,56.34921,0.2985716,0.477124183006536,-12.697446024430974,12705.621671093186,0.0,12692.924225068755,0,17.25928497314453,10923.855
2019-12-03 00:00:00+00:00,17.37,17.54,17.9146,59.583324,0.2900001,0.477124183006536,-12.697446024430974,12734.663150909806,0.0,12721.965704885375,0,17.25928497314453,10948.823
2019-12-04 00:00:00+00:00,17.49,17.55,17.9097,67.1233,0.28714302,0.5074626865671642,-12.697446024430974,12741.922657992227,0.0,12729.225211967796,0,17.25928497314453,10955.065
2019-12-05 00:00:00+00:00,17.66,17.72,17.89905,66.35513,0.29285732,0.5074626865671642,-12.697446024430974,12865.348428921143,0.0,12852.650982896712,0,17.25928497314453,11061.184
2019-12-06 00:00:00+00:00,17.88,17.89,17.8887,65.714294,0.28785732,0.5074626865671642,-12.697446024430974,12988.775046407944,0.0,12976.077600383513,0,17.28071403503418,11167.301
2019-12-09 00:00:00+00:00,17.94,17.95,17.877449,67.1233,0.3000002,0.5074626865671642,-12.697446024430974,13032.338792136758,0.0,13019.641346112327,0,17.28071403503418,11204.755
2019-12-10 00:00:00+00:00,17.82,17.9,17.8682,66.82031,0.29500034,0.477124183006536,-12.697446024430974,12996.036385282621,0.0,12983.33893925819,0,17.28071403503418,11173.544
2019-12-11 00:00:00+00:00,17.94,17.91,17.8592,66.21001,0.28928608,0.5074626865671642,-12.697446024430974,13003.296162649907,0.0,12990.598716625476,0,17.28071403503418,11179.786
2019-12-12 00:00:00+00:00,17.51,17.86,17.85125,78.49457,0.2778575,0.477124183006536,-12.697446024430974,12966.994825028098,0.0,12954.297379003667,0,17.28071403503418,11148.575
2019-12-13 00:00:00+00:00,17.91,17.95,17.8425,80.219765,0.2928576,0.477124183006536,-12.697446024430974,13032.33830099498,0.0,13019.640854970548,0,17.28071403503418,11204.755
2019-12-16 00:00:00+00:00,18.08,18.27,17.8345,79.54545,0.2857147,0.5074626865671642,-12.697446024430974,13264.669346093355,0.0,13251.971900068924,0,17.28071403503418,11404.506
2019-12-17 00:00:00+00:00,18.34,18.34,17.82685,80.540535,0.29214314,0.477124183006536,13282.820738873084,0.0,0.0,13282.820738873084,-1,0.0,11448.201
2019-12-18 00:00:00+00:00,18.36,18.51,17.81935,77.21518,0.28071457,0.5074626865671642,13282.820738873084,0.0,0.0,13282.820738873084,0,0.0,11554.318
2019-12-19 00:00:00+00:00,18.5,18.64,17.81325,75.67566,0.27571446,0.477124183006536,13282.820738873084,0.0,0.0,13282.820738873084,0,0.0,11635.467
2019-12-20 00:00:00+00:00,18.68,18.71,17.80955,92.59257,0.27428585,0.4230769230769231,13282.820738873084,0.0,0.0,13282.820738873084,0,0.0,11679.162
2019-12-23 00:00:00+00:00,18.72,18.7,17.80665,92.907776,0.2714288,0.4230769230769231,13282.820738873084,0.0,0.0,13282.820738873084,0,0.0,11672.921
2019-12-24 00:00:00+00:00,18.67,18.72,17.80295,92.02906,0.25928593,0.477124183006536,13282.820738873084,0.0,0.0,13282.820738873084,0,0.0,11685.404
2019-12-26 00:00:00+00:00,18.75,18.82,17.80075,92.08641,0.24928583,0.477124183006536,13282.820738873084,0.0,0.0,13282.820738873084,0,0.0,11747.826
2019-12-27 00:00:00+00:00,18.9,18.86,17.799,91.66675,0.24642862,0.477124183006536,13282.820738873084,0.0,0.0,13282.820738873084,0,0.0,11772.796
2019-12-30 00:00:00+00:00,18.64,18.63,17.7972,90.7564,0.23428576,0.477124183006536,13282.820738873084,0.0,0.0,13282.820738873084,0,0.0,11629.225
2019-12-31 00:00:00+00:00,18.59,18.55,17.79455,74.99996,0.24000004,0.477124183006536,13282.820738873084,0.0,0.0,13282.820738873084,0,0.0,11579.287
2020-01-02 00:00:00+00:00,18.65,18.23,17.7913,73.381325,0.23857157,0.477124183006536,13282.820738873084,0.0,0.0,13282.820738873084,0,0.0,11379.536
2020-01-03 00:00:00+00:00,17.94,18.04,17.787,59.411774,0.25928593,0.477124183006536,13282.820738873084,0.0,0.0,13282.820738873084,0,0.0,11260.936
2020-01-06 00:00:00+00:00,17.93,17.57,17.781599,54.891323,0.24857153,0.477124183006536,13282.820738873084,0.0,0.0,13282.820738873084,0,0.0,10967.55
2020-01-07 00:00:00+00:00,17.57,17.52,17.7737,41.441406,0.26714298,0.477124183006536,13282.820738873084,0.0,0.0,13282.820738873084,0,0.0,10936.34
2020-01-08 00:00:00+00:00,17.54,17.64,17.7673,30.769201,0.2550001,0.5074626865671642,13282.820738873084,0.0,0.0,13282.820738873084,0,0.0,11011.246
2020-01-09 00:00:00+00:00,17.62,17.43,17.762,32.499947,0.26071438,0.5074626865671642,13282.820738873084,0.0,0.0,13282.820738873084,0,0.0,10880.16
2020-01-10 00:00:00+00:00,17.44,17.52,17.7537,23.529352,0.25928593,0.5185185185185184,13282.820738873084,0.0,0.0,13282.820738873084,0,0.0,10936.34
2020-01-13 00:00:00+00:00,17.52,17.67,17.7463,21.999973,0.25714302,0.5074626865671642,13282.820738873084,0.0,0.0,13282.820738873084,0,0.0,11029.973
2020-01-14 00:00:00+00:00,17.69,17.68,17.7398,24.999977,0.25857162,0.5074626865671642,13282.820738873084,0.0,0.0,13282.820738873084,0,0.0,11036.215
2020-01-15 00:00:00+00:00,17.64,17.64,17.7337,25.480736,0.26071438,0.5185185185185184,13282.820738873084,0.0,0.0,13282.820738873084,0,0.0,11011.245
2020-01-16 00:00:00+00:00,17.73,17.88,17.7255,24.28572,0.26642868,0.5074626865671642,13282.820738873084,0.0,0.0,13282.820738873084,0,0.0,11161.058
2020-01-17 00:00:00+00:00,17.92,17.88,17.7177,29.017843,0.27357155,0.5074626865671642,13282.820738873084,0.0,0.0,13282.820738873084,0,0.0,11161.058
2020-01-21 00:00:00+00:00,17.83,17.59,17.7106,27.727228,0.27500015,0.477124183006536,13282.820738873084,0.0,0.0,13282.820738873084,0,0.0,10980.035
2020-01-22 00:00:00+00:00,17.61,17.52,17.7023,26.991137,0.2828572,0.5074626865671642,13282.820738873084,0.0,0.0,13282.820738873084,0,0.0,10936.34
2020-01-23 00:00:00+00:00,17.48,17.45,17.69325,27.1111,0.28999996,0.5074626865671642,13282.820738873084,0.0,0.0,13282.820738873084,0,0.0,10892.6455
2020-01-24 00:00:00+00:00,17.43,17.08,17.68355,30.499992,0.26999992,0.5074626865671642,13282.820738873084,0.0,0.0,13282.820738873084,0,0.0,10661.683
2020-01-27 00:00:00+00:00,16.65,16.66,17.6742,27.981613,0.29357132,0.5074626865671642,13282.820738873084,0.0,0.0,13282.820738873084,0,0.0,10399.51
2020-01-28 00:00:00+00:00,16.77,16.89,17.6617,28.638474,0.29857132,0.5074626865671642,13282.820738873084,0.0,0.0,13282.820738873084,0,0.0,10543.081
2020-01-29 00:00:00+00:00,16.95,16.77,17.6508,36.363598,0.3107142,0.5074626865671642,13282.820738873084,0.0,0.0,13282.820738873084,0,0.0,10468.174
2020-01-30 00:00:00+00:00,16.61,16.55,17.63855,31.168835,0.31071404,0.5185185185185184,13282.820738873084,0.0,0.0,13282.820738873084,0,0.0,10330.845
2020-01-31 00:00:00+00:00,16.49,16.34,17.6262,31.034458,0.31785694,0.5074626865671642,13282.820738873084,0.0,0.0,13282.820738873084,0,0.0,10199.759
2020-02-03 00:00:00+00:00,16.38,16.35,17.6129,25.819653,0.3214283,0.5185185185185184,13282.820738873084,0.0,0.0,13282.820738873084,0,0.0,10206.002
2020-02-04 00:00:00+00:00,16.55,16.84,17.6006,21.304344,0.32785687,0.5185185185185184,13282.820738873084,0.0,0.0,13282.820738873084,0,0.0,10511.87
2020-02-05 00:00:00+00:00,16.95,17.04,17.5903,34.89208,0.3621427,0.5074626865671642,13282.820738873084,0.0,0.0,13282.820738873084,0,0.0,10636.716
2020-02-06 00:00:00+00:00,17.2,17.0,17.58205,39.79594,0.37499985,0.5074626865671642,13282.820738873084,0.0,0.0,13282.820738873084,0,0.0,10611.746
2020-02-07 00:00:00+00:00,16.84,16.7,17.57245,33.94162,0.37785694,0.5074626865671642,13282.820738873084,0.0,0.0,13282.820738873084,0,0.0,10424.48
2020-02-10 00:00:00+00:00,16.7,16.69,17.5612,30.592125,0.39285687,0.5185185185185184,13282.820738873084,0.0,0.0,13282.820738873084,0,0.0,10418.238
2020-02-11 00:00:00+00:00,16.84,16.93,17.55015,33.69566,0.38142845,0.5185185185185184,13282.820738873084,0.0,0.0,13282.820738873084,0,0.0,10568.052
2020-02-12 00:00:00+00:00,17.03,17.09,17.5389,39.93174,0.38214275,0.5074626865671642,13282.820738873084,0.0,0.0,13282.820738873084,0,0.0,10667.926
2020-02-13 00:00:00+00:00,16.97,16.87,17.5282,44.039726,0.38857132,0.5074626865671642,13282.820738873084,0.0,0.0,13282.820738873084,0,0.0,10530.599
2020-02-14 00:00:00+00:00,16.92,16.91,17.51635,46.341476,0.35999992,0.5074626865671642,13282.820738873084,0.0,0.0,13282.820738873084,0,0.0,10555.566
2020-02-18 00:00:00+00:00,16.82,16.85,17.5035,55.020084,0.32857132,0.5074626865671642,13282.820738873084,0.0,0.0,13282.820738873084,0,0.0,10518.113
2020-02-19 00:00:00+00:00,16.9,16.71,17.48975,49.13795,0.31857136,0.477124183006536,13282.820738873084,0.0,0.0,13282.820738873084,0,0.0,10430.721
2020-02-20 00:00:00+00:00,17.33,17.18,17.4739,48.71792,0.31857136,0.5074626865671642,13282.820738873084,0.0,0.0,13282.820738873084,0,0.0,10724.105
2020-02-21 00:00:00+00:00,17.1,17.38,17.4604,62.16218,0.33714268,0.477124183006536,13282.820738873084,0.0,0.0,13282.820738873084,0,0.0,10848.949
2020-02-24 00:00:00+00:00,16.94,16.43,17.4505,70.15502,0.34857136,0.477124183006536,13282.820738873084,0.0,0.0,13282.820738873084,0,0.0,10255.941
2020-02-25 00:00:00+00:00,16.51,15.39,17.4373,51.136364,0.40357128,0.5074626865671642,13282.820738873084,0.0,0.0,13282.820738873084,0,0.0,9606.752
2020-02-26 00:00:00+00:00,15.47,14.89,17.4192,32.18673,0.4357141,0.5185185185185184,13282.820738873084,0.0,0.0,13282.820738873084,0,0.0,9294.643
2020-02-27 00:00:00+00:00,14.55,14.78,17.3976,25.40044,0.45428556,0.567569645737465,13282.820738873084,0.0,0.0,13282.820738873084,0,0.0,9225.978
2020-02-28 00:00:00+00:00,14.41,14.48,17.37735,24.999985,0.5135713,0.5074626865671642,-13.282820738873852,13276.18264754931,0.0,13262.899826810437,1,14.09857177734375,9038.711
2020-03-02 00:00:00+00:00,14.58,14.97,17.3548,24.999979,0.5278571,0.5185185185185184,-13.282820738873852,13725.446302732289,0.0,13712.163481993415,0,14.09857177734375,9344.579
2020-03-03 00:00:00+00:00,14.93,14.17,17.33325,32.52032,0.57785696,0.6363636363636364,-13.282820738873852,12991.955526002042,0.0,12978.672705263169,0,14.178215026855469,8845.203
2020-03-04 00:00:00+00:00,14.42,14.27,17.3074,24.817514,0.6328569,0.6363636363636364,-13.282820738873852,13083.642223859342,0.0,13070.359403120468,0,14.178215026855469,8907.625
2020-03-05 00:00:00+00:00,13.91,13.15,17.28285,23.985243,0.64857113,0.6363636363636364,12025.386517305737,0.0,0.0,12025.386517305737,-1,0.0,8208.498
2020-03-06 00:00:00+00:00,12.68,13.46,17.25375,20.569618,0.7207141,0.5185185185185184,-12.025386517305378,12019.376828891292,0.0,12007.351442373987,1,12.177143096923828,8402.007
2020-03-09 00:00:00+00:00,12.48,12.07,17.22515,23.82399,0.78571415,0.5074626865671642,-12.025386517305378,10778.148031758034,0.0,10766.122645240728,0,12.378929138183594,7534.34
2020-03-10 00:00:00+00:00,12.62,12.62,17.1899,19.823242,0.87857133,0.5185185185185184,-12.025386517305378,11269.281427053587,0.0,11257.256040536282,0,12.378929138183594,7877.661
2020-03-11 00:00:00+00:00,12.25,11.55,17.157299,25.450193,0.9357143,0.5074626865671642,10286.307392564931,0.0,0.0,10286.307392564931,-1,0.0,7209.745
2020-03-12 00:00:00+00:00,10.5,10.51,17.11875,18.477047,0.9735715,0.5185185185185184,10286.307392564931,0.0,0.0,10286.307392564931,0,0.0,6560.5557
2020-03-13 00:00:00+00:00,11.12,11.41,17.0769,14.841365,1.0564287,0.5185185185185184,10286.307392564931,0.0,0.0,10286.307392564931,0,0.0,7122.354
2020-03-16 00:00:00+00:00,10.15,9.62,17.04105,24.17696,1.1007144,0.5185185185185184,10286.307392564931,0.0,0.0,10286.307392564931,0,0.0,6005.0
2020-03-17 00:00:00+00:00,9.77,10.07,16.99715,22.445087,1.1942859,0.5185185185185184,10286.307392564931,0.0,0.0,10286.307392564931,0,0.0,6285.899
2020-03-18 00:00:00+00:00,9.31,9.31,16.95695,26.871405,1.3042859,0.5074626865671642,10286.307392564931,0.0,0.0,10286.307392564931,0,0.0,5811.4917
2020-03-19 00:00:00+00:00,9.17,10.35,16.91325,25.293592,1.3678572,0.6363636363636364,10286.307392564931,0.0,0.0,10286.307392564931,0,0.0,6460.68
2020-03-20 00:00:00+00:00,10.56,10.64,16.8745,32.514824,1.4800001,0.5185185185185184,-10.286307392565504,10281.166809160351,0.0,10270.880501767786,1,8.298213958740234,6641.7046
2020-03-23 00:00:00+00:00,10.54,10.68,16.83665,31.352283,1.5392859,0.5185185185185184,-10.286307392565504,10319.817664760432,0.0,10309.531357367867,0,8.420000076293945,6666.6733
2020-03-24 00:00:00+00:00,11.43,11.11,16.7994,33.917053,1.542143,0.477124183006536,-10.286307392565504,10735.315227353556,0.0,10725.02891996099,0,8.420000076293945,6935.0874
2020-03-25 00:00:00+00:00,11.35,12.14,16.76325,35.867615,1.6335716,0.477124183006536,-10.286307392565504,11730.57881851711,0.0,11720.292511124544,0,8.796785354614258,7578.034
2020-03-26 00:00:00+00:00,12.35,12.46,16.73155,45.44635,1.6792858,0.477124183006536,-10.286307392565504,12039.786098918725,0.0,12029.49979152616,0,9.689642906188965,7777.7847
2020-03-27 00:00:00+00:00,11.79,11.28,16.70095,45.495495,1.7321429,0.477124183006536,-10.286307392565504,10899.581293639267,0.0,10889.294986246701,0,9.941071510314941,7041.2046
2020-03-30 00:00:00+00:00,11.37,11.42,16.6652,46.372818,1.74,0.5074626865671642,-10.286307392565504,11034.859877023537,0.0,11024.573569630971,0,9.941071510314941,7128.5957
2020-03-31 00:00:00+00:00,11.38,11.04,16.6296,44.27481,1.7392856,0.5,-10.286307392565504,10667.675481840985,0.0,10657.389174448419,0,9.941071510314941,6891.392
2020-04-01 00:00:00+00:00,10.26,10.28,16.59325,47.395298,1.7199999,0.5185185185185184,-10.286307392565504,9933.30605675555,0.0,9923.019749362984,0,9.941071510314941,6416.9844
2020-04-02 00:00:00+00:00,10.11,9.55,16.55195,48.790745,1.6771427,0.5185185185185184,-10.286307392565504,9227.926071781925,0.0,9217.63976438936,0,9.941071510314941,5961.3037
2020-04-03 00:00:00+00:00,9.41,9.06,16.50645,40.042828,1.6342856,0.6961126663209574,8731.033624876276,0.0,0.0,8731.033624876276,-1,0.0,5655.436
2020-04-06 00:00:00+00:00,9.9,10.42,16.4594,46.517414,1.522857,0.6363636363636364,-8.731033624875636,8726.670289731412,0.0,8717.939256106536,1,6.608572006225586,6504.3755
2020-04-07 00:00:00+00:00,11.35,10.69,16.41825,51.95531,1.4707141,0.5185185185185184,-8.731033624875636,8952.793054579512,0.0,8944.062020954636,0,8.135714530944824,6672.9146
2020-04-08 00:00:00+00:00,10.9,11.26,16.38085,58.156025,1.4064285,0.5185185185185184,-8.731033624875636,9430.1639008268,0.0,9421.432867201924,0,8.483928680419922,7028.72
2020-04-09 00:00:00+00:00,11.82,11.91,16.3478,55.69462,1.3042855,0.477124183006536,-8.731033624875636,9974.53315589176,0.0,9965.802122266885,0,9.150357246398926,7434.463
2020-04-13 00:00:00+00:00,11.92,11.41,16.31835,57.60479,1.252857,0.477124183006536,-8.731033624875636,9555.787109987083,0.0,9547.056076362207,0,9.953571319580078,7122.3525
2020-04-14 00:00:00+00:00,11.76,11.44,16.2863,54.143017,1.2292855,0.5074626865671642,-8.731033624875636,9580.911950782824,0.0,9572.180917157948,0,9.953571319580078,7141.079
2020-04-15 00:00:00+00:00,10.9,11.27,16.25345,51.96195,1.140714,0.5074626865671642,-8.731033624875636,9438.539273549028,0.0,9429.808239924152,0,9.953571319580078,7034.963
2020-04-16 00:00:00+00:00,11.2,11.0,16.2187,44.23841,1.0685713,0.477124183006536,-8.731033624875636,9212.416117176062,0.0,9203.685083551187,0,9.953571319580078,6866.423
2020-04-17 00:00:00+00:00,11.45,11.37,16.18285,40.266666,0.98142844,0.5074626865671642,-8.731033624875636,9522.288000145756,0.0,9513.55696652088,0,9.953571319580078,7097.3843
2020-04-20 00:00:00+00:00,11.06,10.8,16.1485,50.672646,0.9085713,0.5074626865671642,-8.731033624875636,9044.917448474096,0.0,9036.18641484922,0,9.953571319580078,6741.5786
2020-04-21 00:00:00+00:00,10.39,10.56,16.1102,45.64607,0.87285703,0.5185185185185184,-8.731033624875636,8843.919294932874,0.0,8835.188261307998,0,9.953571319580078,6591.766
2020-04-22 00:00:00+00:00,10.84,10.62,16.07095,46.561607,0.842857,0.5185185185185184,-8.731033624875636,8894.16826132099,0.0,8885.437227696115,0,9.953571319580078,6629.2183
2020-04-23 00:00:00+00:00,11.01,10.81,16.03235,52.70701,0.81357133,0.5074626865671642,-8.731033624875636,9053.292144388455,0.0,9044.56111076358,0,9.953571319580078,6747.8203
2020-04-24 00:00:00+00:00,11.18,11.1,15.996,60.975616,0.7671428,0.5074626865671642,-8.731033624875636,9296.164611127313,0.0,9287.433577502437,0,9.953571319580078,6928.8438
2020-04-27 00:00:00+00:00,11.26,11.57,15.9598,68.41156,0.7442856,0.5185185185185184,-8.731033624875636,9689.785650126887,0.0,9681.054616502011,0,9.953571319580078,7222.227
2020-04-28 00:00:00+00:00,11.92,11.69,15.92685,62.365593,0.68928564,0.477124183006536,-8.731033624875636,9790.285054879576,0.0,9781.5540212547,0,10.453571319580078,7297.134
2020-04-29 00:00:00+00:00,12.13,12.57,15.8943,61.111115,0.6428571,0.5074626865671642,-8.731033624875636,10527.278561535893,0.0,10518.547527911018,0,10.656070709228516,7846.4478
2020-04-30 00:00:00+00:00,12.33,12.31,15.8665,63.617466,0.66928566,0.5074626865671642,-8.731033624875636,10309.531036500672,0.0,10300.800002875796,0,11.605713844299316,7684.151
2020-05-01 00:00:00+00:00,11.86,11.44,15.83655,54.524895,0.6435713,0.477124183006536,-8.731033624875636,9580.912145169863,0.0,9572.181111544987,0,11.605713844299316,7141.0786
2020-05-04 00:00:00+00:00,11.2,11.11,15.80425,50.31315,0.6599999,0.5185185185185184,9281.851924024426,0.0,0.0,9281.851924024426,-1,0.0,6935.0864
2020-05-05 00:00:00+00:00,11.35,10.97,15.7708,46.75835,0.6542856,0.6363636363636364,9281.851924024426,0.0,0.0,9281.851924024426,0,0.0,6847.696
2020-05-06 00:00:00+00:00,11.05,10.53,15.7373,47.035572,0.6371428,0.5185185185185184,-9.281851924024522,9277.213317365744,0.0,9267.93146544172,1,9.988572120666504,6573.038
2020-05-07 00:00:00+00:00,10.74,11.05,15.7026005,45.506687,0.6457142,0.6363636363636364,-9.281851924024522,9735.34814120764,0.0,9726.066289283615,0,9.988572120666504,6897.6333
2020-05-08 00:00:00+00:00,11.25,11.06,15.6686,47.026024,0.6535714,0.5074626865671642,-9.281851924024522,9744.158990765522,0.0,9734.877138841497,0,10.081428527832031,6903.8755
2020-05-11 00:00:00+00:00,10.78,10.17,15.63465,52.697098,0.6528571,0.6363636363636364,-9.281851924024522,8960.044525527257,0.0,8950.762673603233,0,10.081428527832031,6348.319
2020-05-12 00:00:00+00:00,10.19,9.83,15.5969,46.435097,0.6835714,0.6363636363636364,-9.281851924024522,8660.495460061153,0.0,8651.213608137128,0,10.081428527832031,6136.084
2020-05-13 00:00:00+00:00,9.68,9.45,15.558,43.130436,0.68571424,0.6363636363636364,8303.93464578279,0.0,0.0,8303.93464578279,-1,0.0,5898.8804
2020-05-14 00:00:00+00:00,9.13,10.04,15.51775,38.552185,0.6878571,0.5185185185185184,-8.303934645782647,8299.784753406087,0.0,8291.480818760305,1,8.421428680419922,6267.1704
2020-05-15 00:00:00+00:00,9.88,10.06,15.47955,41.50641,0.71928567,0.5185185185185184,-8.303934645782647,8316.318808044733,0.0,8308.01487339895,0,9.008213996887207,6279.6553
2020-05-18 00:00:00+00:00,10.63,11.78,15.4429,36.960285,0.7085714,0.5185185185185184,-8.303934645782647,9738.194225951498,0.0,9729.890291305715,0,9.008213996887207,7353.3135
2020-05-19 00:00:00+00:00,11.64,11.55,15.4165,50.608932,0.80857134,0.477124183006536,9525.434104595995,0.0,0.0,9525.434104595995,-1,0.0,7209.743
2020-05-20 00:00:00+00:00,11.71,11.54,15.3889,42.43324,0.7757142,0.5074626865671642,9525.434104595995,0.0,0.0,9525.434104595995,0,0.0,7203.501
2020-05-21 00:00:00+00:00,11.39,11.43,15.3636,44.067795,0.75357145,0.477124183006536,9525.434104595995,0.0,0.0,9525.434104595995,0,0.0,7134.837
2020-05-22 00:00:00+00:00,11.43,11.23,15.33695,49.912746,0.70857143,0.477124183006536,9525.434104595995,0.0,0.0,9525.434104595995,0,0.0,7009.992
2020-05-26 00:00:00+00:00,12.22,12.17,15.31,51.071426,0.7157144,0.477124183006536,9525.434104595995,0.0,0.0,9525.434104595995,0,0.0,7596.76
2020-05-27 00:00:00+00:00,12.57,12.52,15.28685,59.374996,0.74142873,0.477124183006536,9525.434104595995,0.0,0.0,9525.434104595995,0,0.0,7815.237
2020-05-28 00:00:00+00:00,12.64,12.03,15.26625,65.76862,0.7392859,0.477124183006536,9525.434104595995,0.0,0.0,9525.434104595995,0,0.0,7509.3687
2020-05-29 00:00:00+00:00,11.81,11.94,15.2448,57.80254,0.74571437,0.5074626865671642,9525.434104595995,0.0,0.0,9525.434104595995,0,0.0,7453.1885
2020-06-01 00:00:00+00:00,11.86,12.25,15.222,56.91823,0.7492858,0.5074626865671642,9525.434104595995,0.0,0.0,9525.434104595995,0,0.0,7646.697
2020-06-02 00:00:00+00:00,12.43,12.28,15.20415,67.99307,0.7257143,0.477124183006536,9525.434104595995,0.0,0.0,9525.434104595995,0,0.0,7665.4224
2020-06-03 00:00:00+00:00,12.5,12.61,15.18755,72.39487,0.70785725,0.5041811815741044,9525.434104595995,0.0,0.0,9525.434104595995,0,0.0,7871.4155
2020-06-04 00:00:00+00:00,12.57,13.06,15.1713505,79.151276,0.71857154,0.5074626865671642,9525.434104595995,0.0,0.0,9525.434104595995,0,0.0,8152.315
2020-06-05 00:00:00+00:00,14.16,14.01,15.1567,78.59847,0.70642865,0.477124183006536,9525.434104595995,0.0,0.0,9525.434104595995,0,0.0,8745.324
2020-06-08 00:00:00+00:00,14.48,14.82,15.147,81.80353,0.77928585,0.477124183006536,9525.434104595995,0.0,0.0,9525.434104595995,0,0.0,9250.941
2020-06-09 00:00:00+00:00,14.24,14.45,15.1414,78.67923,0.71285725,0.477124183006536,9525.434104595995,0.0,0.0,9525.434104595995,0,0.0,9019.98
2020-06-10 00:00:00+00:00,14.26,13.29,15.1332,76.654396,0.72714293,0.477124183006536,9525.434104595995,0.0,0.0,9525.434104595995,0,0.0,8295.886
2020-06-11 00:00:00+00:00,12.06,12.17,15.1212,63.27769,0.79785717,0.5185185185185184,9525.434104595995,0.0,0.0,9525.434104595995,0,0.0,7596.7593
2020-06-12 00:00:00+00:00,12.82,12.64,15.1032,54.86842,0.8757143,0.5074626865671642,9525.434104595995,0.0,0.0,9525.434104595995,0,0.0,7890.1436
2020-06-15 00:00:00+00:00,12.0,12.45,15.0877,58.958073,0.8892857,0.5185185185185184,9525.434104595995,0.0,0.0,9525.434104595995,0,0.0,7771.541
2020-06-16 00:00:00+00:00,13.17,12.81,15.07105,51.96629,0.8728571,0.5074626865671642,9525.434104595995,0.0,0.0,9525.434104595995,0,0.0,7996.261
2020-06-17 00:00:00+00:00,12.87,12.31,15.0552,52.03366,0.8957142,0.5074626865671642,9525.434104595995,0.0,0.0,9525.434104595995,0,0.0,7684.151
2020-06-18 00:00:00+00:00,12.1,12.2,15.03655,51.96079,0.8878571,0.5185185185185184,9525.434104595995,0.0,0.0,9525.434104595995,0,0.0,7615.4863
2020-06-19 00:00:00+00:00,12.36,11.67,15.0174,51.815643,0.8735714,0.5074626865671642,9525.434104595995,0.0,0.0,9525.434104595995,0,0.0,7284.6494
2020-06-22 00:00:00+00:00,11.52,11.29,14.99405,46.07046,0.89500004,0.6212835211921731,9525.434104595995,0.0,0.0,9525.434104595995,0,0.0,7047.446
2020-06-23 00:00:00+00:00,11.47,11.24,14.9669,43.596382,0.9121428,0.6363636363636364,-9.52543410459657,9520.67376771214,0.0,9511.148333607543,1,9.947500228881836,7016.2344
2020-06-24 00:00:00+00:00,10.97,10.98,14.9398,40.80537,0.8928571,0.5074626865671642,-9.52543410459657,9300.444697576631,0.0,9290.919263472035,0,9.947500228881836,6853.937
2020-06-25 00:00:00+00:00,10.78,10.86,14.909,35.674927,0.8878571,0.5185185185185184,-9.52543410459657,9198.8007991841,0.0,9189.275365079504,0,9.947500228881836,6779.031
2020-06-26 00:00:00+00:00,10.74,10.74,14.87615,25.505444,0.8064285,0.5074626865671642,-9.52543410459657,9097.156921644755,0.0,9087.631487540159,0,9.947500228881836,6704.124
2020-06-29 00:00:00+00:00,10.73,10.96,14.84275,14.459941,0.7614285,0.5185185185185184,-9.52543410459657,9283.504985885438,0.0,9273.979551780842,0,9.947500228881836,6841.4526
2020-06-30 00:00:00+00:00,10.97,10.79,14.81215,18.783556,0.73428565,0.5074626865671642,-9.52543410459657,9139.508759933411,0.0,9129.983325828814,0,9.947500228881836,6735.335
2020-07-01 00:00:00+00:00,10.9,10.89,14.7795,22.826101,0.6749999,0.5185185185185184,-9.52543410459657,9224.213052772106,0.0,9214.687618667509,0,9.947500228881836,6797.758
2020-07-02 00:00:00+00:00,11.2,10.95,14.7469,32.12292,0.62428564,0.5074626865671642,-9.52543410459657,9275.034914858523,0.0,9265.509480753926,0,9.947500228881836,6835.211
2020-07-06 00:00:00+00:00,11.24,11.21,14.7154,23.343857,0.6049999,0.5074626865671642,-9.52543410459657,9495.2645410863,0.0,9485.739106981704,0,10.013571739196777,6997.5083
2020-07-07 00:00:00+00:00,11.02,10.84,14.68495,30.86421,0.58642846,0.5074626865671642,-9.52543410459657,9181.86145767722,0.0,9172.336023572623,0,10.302499771118164,6766.547
2020-07-08 00:00:00+00:00,10.8,10.73,14.6528,19.692312,0.55928564,0.5185185185185184,-9.52543410459657,9088.687314165682,0.0,9079.161880061085,0,10.302499771118164,6697.8823
2020-07-09 00:00:00+00:00,10.68,10.51,14.62025,22.377623,0.5249999,0.5074626865671642,-9.52543410459657,8902.339931910014,0.0,8892.814497805417,0,10.302499771118164,6560.5547
2020-07-10 00:00:00+00:00,10.46,10.84,14.5867,21.548832,0.52142847,0.5185185185185184,-9.52543410459657,9181.861423080623,0.0,9172.335988976027,0,10.302499771118164,6766.547
2020-07-13 00:00:00+00:00,10.96,10.82,14.5554,35.018055,0.48999983,0.5074626865671642,-9.52543410459657,9164.920321508618,0.0,9155.394887404022,0,10.302499771118164,6754.062
2020-07-14 00:00:00+00:00,10.7,10.61,14.5242,40.24896,0.47857127,0.5185185185185184,-9.52543410459657,8987.04274515686,0.0,8977.517311052263,0,10.302499771118164,6622.976
2020-07-15 00:00:00+00:00,11.06,11.62,14.49275,37.74319,0.47642845,0.5185185185185184,-9.52543410459657,9842.548703556015,0.0,9833.023269451418,0,10.302499771118164,7253.439
2020-07-16 00:00:00+00:00,11.33,11.25,14.4653,59.638557,0.4964285,0.477124183006536,-9.52543410459657,9529.145853338108,0.0,9519.620419233512,0,10.905357360839844,7022.4775
2020-07-17 00:00:00+00:00,11.26,11.01,14.4351,55.46219,0.49499995,0.477124183006536,-9.52543410459657,9325.857375145322,0.0,9316.331941040726,0,10.905357360839844,6872.6646
2020-07-20 00:00:00+00:00,10.94,10.6,14.40525,53.658543,0.49857146,0.5074626865671642,-9.52543410459657,8978.57329910283,0.0,8969.047864998234,0,10.905357360839844,6616.735
2020-07-21 00:00:00+00:00,10.75,10.89,14.3753,45.36083,0.49500003,0.6363636363636364,9200.852128658873,0.0,0.0,9200.852128658873,-1,0.0,6797.759
2020-07-22 00:00:00+00:00,10.75,10.87,14.3465,51.250004,0.48428568,0.5074626865671642,-9.20085212865888,9196.254001658044,0.0,9187.053149529385,1,10.147500038146973,6785.274
2020-07-23 00:00:00+00:00,10.73,10.73,14.31775,49.744892,0.45071426,0.5185185185185184,-9.20085212865888,9077.810932367747,0.0,9068.610080239088,0,10.147500038146973,6697.883
2020-07-24 00:00:00+00:00,10.5,10.5,14.2874,47.249996,0.43571424,0.5,-9.20085212865888,8883.226228866828,0.0,8874.02537673817,0,10.147500038146973,6554.3125
2020-07-27 00:00:00+00:00,10.5,10.32,14.25765,41.057934,0.42928568,0.5074626865671642,-9.20085212865888,8730.942042045583,0.0,8721.741189916924,0,10.147500038146973,6441.9526
2020-07-28 00:00:00+00:00,10.28,10.52,14.2271,43.12169,0.4121428,0.5185185185185184,-9.20085212865888,8900.147466678298,0.0,8890.946614549639,0,10.147500038146973,6566.7974
2020-07-29 00:00:00+00:00,10.77,11.02,14.19715,47.286835,0.42214283,0.5185185185185184,-9.20085212865888,9323.158172944428,0.0,9313.957320815769,0,10.147500038146973,6878.9077
2020-07-30 00:00:00+00:00,10.78,10.84,14.16895,56.144577,0.4335714,0.5074626865671642,-9.20085212865888,9170.874288693469,0.0,9161.67343656481,0,10.386786460876465,6766.5483
2020-07-31 00:00:00+00:00,10.76,10.78,14.1416,50.0,0.43071434,0.5074626865671642,-9.20085212865888,9120.112893056019,0.0,9110.91204092736,0,10.386786460876465,6729.095
2020-08-03 00:00:00+00:00,10.67,10.31,14.11345,49.50495,0.4421429,0.5074626865671642,-9.20085212865888,8722.483373460971,0.0,8713.282521332312,0,10.386786460876465,6435.712
2020-08-04 00:00:00+00:00,10.23,10.91,14.08325,46.51164,0.45357147,0.6363636363636364,9207.049532312665,0.0,0.0,9207.049532312665,-1,0.0,6810.2437
2020-08-05 00:00:00+00:00,11.06,10.89,14.0557,40.874035,0.4707143,0.5006842803082712,-9.207049532313249,9202.448308158586,0.0,9193.241258626273,1,10.229642868041992,6797.76
2020-08-06 00:00:00+00:00,10.79,10.76,14.02795,44.91526,0.465,0.5074626865671642,-9.207049532313249,9092.59354174742,0.0,9083.386492215106,0,10.229642868041992,6716.611
2020-08-07 00:00:00+00:00,10.67,11.5,13.99775,46.355686,0.45857137,0.5074626865671642,-9.207049532313249,9717.920929242053,0.0,9708.71387970974,0,10.229642868041992,7178.534
2020-08-10 00:00:00+00:00,11.6,11.88,13.97135,61.96808,0.49428564,0.477124183006536,-9.207049532313249,10039.035086019396,0.0,10029.828036487082,0,10.812143325805664,7415.7383
2020-08-11 00:00:00+00:00,12.24,11.67,13.9465,62.85714,0.4992857,0.477124183006536,9837.57794930441,0.0,0.0,9837.57794930441,-1,0.0,7284.652
2020-08-12 00:00:00+00:00,11.79,11.57,13.9209,59.900993,0.5442857,0.477124183006536,9837.57794930441,0.0,0.0,9837.57794930441,0,0.0,7222.23
2020-08-13 00:00:00+00:00,11.49,11.27,13.89535,60.5,0.55499995,0.5074626865671642,9837.57794930441,0.0,0.0,9837.57794930441,0,0.0,7034.9644
2020-08-14 00:00:00+00:00,11.2,11.25,13.8682,59.459465,0.56,0.5074626865671642,9837.57794930441,0.0,0.0,9837.57794930441,0,0.0,7022.48
2020-08-17 00:00:00+00:00,11.27,10.89,13.8414,61.892586,0.5521428,0.5074626865671642,9837.57794930441,0.0,0.0,9837.57794930441,0,0.0,6797.7607
2020-08-18 00:00:00+00:00,10.87,10.78,13.81255,54.545456,0.57,0.6363636363636364,9837.57794930441,0.0,0.0,9837.57794930441,0,0.0,6729.096
2020-08-19 00:00:00+00:00,10.73,10.79,13.7845,46.73912,0.5528571,0.5185185185185184,-9.837577949303522,9832.661618495164,0.0,9822.82404054586,1,9.924999237060547,6735.3384
2020-08-20 00:00:00+00:00,10.69,10.74,13.75465,49.287746,0.54428566,0.5074626865671642,-9.837577949303522,9787.097427300992,0.0,9777.259849351689,0,9.960714340209961,6704.127
2020-08-21 00:00:00+00:00,10.77,10.6,13.7227,49.428574,0.52,0.5074626865671642,-9.837577949303522,9659.51970171404,0.0,9649.682123764736,0,9.960714340209961,6616.737
2020-08-24 00:00:00+00:00,10.65,11.09,13.68865,54.574135,0.5071429,0.5074626865671642,-9.837577949303522,10106.04435185053,0.0,10096.206773901227,0,9.960714340209961,6922.6045
2020-08-25 00:00:00+00:00,11.21,11.3,13.65695,52.94118,0.45785713,0.5074626865671642,-9.837577949303522,10297.412791901419,0.0,10287.575213952116,0,10.329285621643066,7053.691
2020-08-26 00:00:00+00:00,11.23,11.01,13.6287,56.30769,0.45571423,0.5074626865671642,-9.837577949303522,10033.142734452207,0.0,10023.305156502904,0,10.613214492797852,6872.667
2020-08-27 00:00:00+00:00,11.04,11.33,13.5979,53.665688,0.45785713,0.5074626865671642,-9.837577949303522,10324.750177556807,0.0,10314.912599607504,0,10.613214492797852,7072.417
2020-08-28 00:00:00+00:00,11.46,11.69,13.56935,47.15719,0.42285714,0.5074626865671642,-9.837577949303522,10652.809244368129,0.0,10642.971666418825,0,10.643214225769043,7297.136
2020-08-31 00:00:00+00:00,11.64,11.23,13.54385,46.80134,0.42142862,0.477124183006536,-9.837577949303522,10233.622755992692,0.0,10223.785178043388,0,11.055713653564453,7009.995
2020-09-01 00:00:00+00:00,11.08,11.28,13.51575,43.16769,0.39142862,0.5185185185185184,-9.837577949303522,10279.186403300275,0.0,10269.348825350971,0,11.055713653564453,7041.2056
2020-09-02 00:00:00+00:00,11.26,11.42,13.48685,45.425865,0.38642862,0.5074626865671642,-9.837577949303522,10406.765044857159,0.0,10396.927466907855,0,11.055713653564453,7128.5967
2020-09-03 00:00:00+00:00,11.51,11.57,13.45825,52.491688,0.37142864,0.5185185185185184,-9.837577949303522,10543.45620898564,0.0,10533.618631036337,0,11.055713653564453,7222.23
2020-09-04 00:00:00+00:00,11.75,11.94,13.43,55.09554,0.38285717,0.477124183006536,-9.837577949303522,10880.627537778057,0.0,10870.789959828753,0,11.055713653564453,7453.1914
2020-09-08 00:00:00+00:00,11.79,11.64,13.40375,66.66666,0.3685715,0.477124183006536,-9.837577949303522,10607.24564352383,0.0,10597.408065574526,0,11.365714073181152,7265.9253
2020-09-09 00:00:00+00:00,11.7,11.65,13.3777,62.874268,0.38285717,0.5074626865671642,-9.837577949303522,10616.35750238137,0.0,10606.519924432067,0,11.365714073181152,7272.167
2020-09-10 00:00:00+00:00,11.68,11.4,13.35215,62.874256,0.38000005,0.5074626865671642,-9.837577949303522,10388.538731606031,0.0,10378.701153656728,0,11.365714073181152,7116.1123
2020-09-11 00:00:00+00:00,11.42,11.13,13.3246,59.32204,0.39571428,0.5185185185185184,-9.837577949303522,10142.49508412849,0.0,10132.657506179186,0,11.365714073181152,6947.5728
2020-09-14 00:00:00+00:00,11.26,11.92,13.29455,57.22071,0.41285712,0.6363636363636364,10836.27167895858,0.0,0.0,10836.27167895858,-1,0.0,7440.707
2020-09-15 00:00:00+00:00,11.88,12.02,13.26675,60.453407,0.42857143,0.4799999999999999,-10.836271678957928,10830.856250833163,0.0,10820.019979154205,1,11.300714492797852,7503.1284
2020-09-16 00:00:00+00:00,12.12,12.06,13.2381,59.326435,0.4357143,0.51875,-10.836271678957928,10866.898387054334,0.0,10856.062115375376,0,11.377142906188965,7528.097
2020-09-17 00:00:00+00:00,11.86,11.65,13.21095,64.542946,0.44357142,0.51875,-10.836271678957928,10497.459041460728,0.0,10486.62276978177,0,11.406429290771484,7272.166
2020-09-18 00:00:00+00:00,11.59,11.15,13.1817,54.32432,0.45000002,0.51875,-10.836271678957928,10046.924436808687,0.0,10036.08816512973,0,11.406429290771484,6960.0557
2020-09-21 00:00:00+00:00,10.92,10.49,13.14975,42.96875,0.45642853,0.51875,9427.203884052404,0.0,0.0,9427.203884052404,-1,0.0,6548.0703
2020-09-22 00:00:00+00:00,10.53,10.4,13.11445,40.841583,0.47928566,0.51875,9427.203884052404,0.0,0.0,9427.203884052404,0,0.0,6491.8906
2020-09-23 00:00:00+00:00,10.37,10.24,13.07785,39.215683,0.46999994,0.51875,9427.203884052404,0.0,0.0,9427.203884052404,0,0.0,6392.015
2020-09-24 00:00:00+00:00,10.18,10.19,13.0396,35.60975,0.48571417,0.4799999999999999,9427.203884052404,0.0,0.0,9427.203884052404,0,0.0,6360.804
2020-09-25 00:00:00+00:00,10.11,10.64,13.0008,32.749996,0.47999987,0.51875,9427.203884052404,0.0,0.0,9427.203884052404,0,0.0,6641.7036
2020-09-28 00:00:00+00:00,10.89,10.93,12.9645,34.068638,0.49142843,0.4799999999999999,9427.203884052404,0.0,0.0,9427.203884052404,0,0.0,6822.728
2020-09-29 00:00:00+00:00,10.3,10.73,12.9296,41.27764,0.49214274,0.4799999999999999,9427.203884052404,0.0,0.0,9427.203884052404,0,0.0,6697.884
2020-09-30 00:00:00+00:00,10.74,10.79,12.89395,39.20188,0.5192856,0.51875,9427.203884052404,0.0,0.0,9427.203884052404,0,0.0,6735.3374
2020-10-01 00:00:00+00:00,10.88,11.14,12.85815,42.506153,0.5171428,0.4799999999999999,9427.203884052404,0.0,0.0,9427.203884052404,0,0.0,6953.8145
2020-10-02 00:00:00+00:00,10.74,11.29,12.8225,50.120483,0.50571424,0.4799999999999999,9427.203884052404,0.0,0.0,9427.203884052404,0,0.0,7047.447
2020-10-05 00:00:00+00:00,11.39,11.38,12.78725,41.025646,0.49285704,0.4799999999999999,9427.203884052404,0.0,0.0,9427.203884052404,0,0.0,7103.627
2020-10-06 00:00:00+00:00,11.5,11.3,12.7516,40.857147,0.48571423,0.51875,9427.203884052404,0.0,0.0,9427.203884052404,0,0.0,7053.689
2020-10-07 00:00:00+00:00,11.38,11.61,12.7149,39.26554,0.48428562,0.4799999999999999,9427.203884052404,0.0,0.0,9427.203884052404,0,0.0,7247.1973
2020-10-08 00:00:00+00:00,11.76,11.85,12.6794,49.418606,0.4742856,0.4799999999999999,9427.203884052404,0.0,0.0,9427.203884052404,0,0.0,7397.01
2020-10-09 00:00:00+00:00,11.94,11.58,12.64515,61.006294,0.45714277,0.4799999999999999,9427.203884052404,0.0,0.0,9427.203884052404,0,0.0,7228.4697
2020-10-12 00:00:00+00:00,11.58,11.49,12.60945,69.534035,0.43428558,0.51875,9427.203884052404,0.0,0.0,9427.203884052404,0,0.0,7172.29
2020-10-13 00:00:00+00:00,11.56,11.17,12.5728,69.534035,0.43285704,0.51875,9427.203884052404,0.0,0.0,9427.203884052404,0,0.0,6972.54
2020-10-14 00:00:00+00:00,11.16,10.95,12.53435,65.7627,0.42857137,0.51875,9427.203884052404,0.0,0.0,9427.203884052404,0,0.0,6835.2114
2020-10-15 00:00:00+00:00,10.84,11.02,12.49595,62.17948,0.42785713,0.51875,9427.203884052404,0.0,0.0,9427.203884052404,0,0.0,6878.907
2020-10-16 00:00:00+00:00,11.01,10.95,12.4583,56.934303,0.41357136,0.51875,9427.203884052404,0.0,0.0,9427.203884052404,0,0.0,6835.2114
2020-10-19 00:00:00+00:00,10.84,10.67,12.4219,50.396816,0.4007142,0.51875,9427.203884052404,0.0,0.0,9427.203884052404,0,0.0,6660.4297
2020-10-20 00:00:00+00:00,10.81,10.78,12.38505,48.846165,0.37714276,0.51875,9427.203884052404,0.0,0.0,9427.203884052404,0,0.0,6729.0938
2020-10-21 00:00:00+00:00,11.14,11.04,12.3511,49.811317,0.36428562,0.51875,9427.203884052404,0.0,0.0,9427.203884052404,0,0.0,6891.391
2020-10-22 00:00:00+00:00,11.08,11.48,12.3187,48.046867,0.37357134,0.51875,9427.203884052404,0.0,0.0,9427.203884052404,0,0.0,7166.048
2020-10-23 00:00:00+00:00,11.57,11.64,12.2879,53.333324,0.36642852,0.4799999999999999,9427.203884052404,0.0,0.0,9427.203884052404,0,0.0,7265.924
2020-10-26 00:00:00+00:00,11.48,11.19,12.25895,54.452057,0.36642852,0.4799999999999999,9427.203884052404,0.0,0.0,9427.203884052404,0,0.0,6985.0244
2020-10-27 00:00:00+00:00,11.12,10.86,12.2273,48.32826,0.3828571,0.4799999999999999,9427.203884052404,0.0,0.0,9427.203884052404,0,0.0,6779.0317
2020-10-28 00:00:00+00:00,10.62,10.45,12.19325,38.670708,0.3807142,0.51875,9427.203884052404,0.0,0.0,9427.203884052404,0,0.0,6523.1016
2020-10-29 00:00:00+00:00,10.4,10.52,12.1571,29.885063,0.39571422,0.4799999999999999,9427.203884052404,0.0,0.0,9427.203884052404,0,0.0,6566.797
2020-10-30 00:00:00+00:00,10.47,10.48,12.1215,33.841484,0.38571432,0.51875,9427.203884052404,0.0,0.0,9427.203884052404,0,0.0,6541.827
2020-11-02 00:00:00+00:00,10.58,10.94,12.0845,34.365337,0.39357144,0.51875,9427.203884052404,0.0,0.0,9427.203884052404,0,0.0,6828.9688
2020-11-03 00:00:00+00:00,11.17,11.38,12.0498,46.587532,0.4042857,0.4799999999999999,9427.203884052404,0.0,0.0,9427.203884052404,0,0.0,7103.6255
2020-11-04 00:00:00+00:00,11.5,10.99,12.01875,55.988857,0.42142853,0.4799999999999999,9427.203884052404,0.0,0.0,9427.203884052404,0,0.0,6860.179
2020-11-05 00:00:00+00:00,11.02,10.93,11.9861,49.61636,0.43857145,0.51875,9427.203884052404,0.0,0.0,9427.203884052404,0,0.0,6822.726
2020-11-06 00:00:00+00:00,10.94,10.49,11.9535,49.743595,0.44785723,0.4799999999999999,9427.203884052404,0.0,0.0,9427.203884052404,0,0.0,6548.0693
2020-11-09 00:00:00+00:00,13.0,13.64,11.92055,47.78325,0.47214296,0.51875,9427.203884052404,0.0,0.0,9427.203884052404,0,0.0,8514.363
2020-11-10 00:00:00+00:00,13.59,13.38,11.90545,70.14084,0.77285725,0.4799999999999999,9427.203884052404,0.0,0.0,9427.203884052404,0,0.0,8352.065
2020-11-11 00:00:00+00:00,13.18,12.82,11.8879,66.47887,0.77428585,0.4799999999999999,9427.203884052404,0.0,0.0,9427.203884052404,0,0.0,8002.5024
2020-11-12 00:00:00+00:00,12.66,12.21,11.86815,59.279774,0.78785723,0.4799999999999999,9427.203884052404,0.0,0.0,9427.203884052404,0,0.0,7621.728
2020-11-13 00:00:00+00:00,12.32,13.25,11.84645,53.71577,0.82071435,0.4799999999999999,9427.203884052404,0.0,0.0,9427.203884052404,0,0.0,8270.918
2020-11-16 00:00:00+00:00,14.0,13.73,11.831,62.46973,0.8535715,0.4799999999999999,9427.203884052404,0.0,0.0,9427.203884052404,0,0.0,8570.543
2020-11-17 00:00:00+00:00,13.43,14.14,11.8179,67.06301,0.8857144,0.51875,9427.203884052404,0.0,0.0,9427.203884052404,0,0.0,8826.474
2020-11-18 00:00:00+00:00,14.09,14.15,11.8044,71.93816,0.9242859,0.5,9427.203884052404,0.0,0.0,9427.203884052404,0,0.0,8832.716
2020-11-19 00:00:00+00:00,13.97,14.45,11.78995,71.73652,0.94785726,0.51875,9427.203884052404,0.0,0.0,9427.203884052404,0,0.0,9019.981
2020-11-20 00:00:00+00:00,14.48,14.15,11.7772,73.05459,0.9892858,0.4799999999999999,9427.203884052404,0.0,0.0,9427.203884052404,0,0.0,8832.716
2020-11-23 00:00:00+00:00,14.39,14.71,11.76445,68.99408,0.9828572,0.51875,9427.203884052404,0.0,0.0,9427.203884052404,0,0.0,9182.279
2020-11-24 00:00:00+00:00,15.09,14.83,11.75455,69.42823,0.9971429,0.4799999999999999,9427.203884052404,0.0,0.0,9427.203884052404,0,0.0,9257.187
2020-11-25 00:00:00+00:00,14.51,14.73,11.74405,73.13253,0.9850001,0.51875,9427.203884052404,0.0,0.0,9427.203884052404,0,0.0,9194.764
2020-11-27 00:00:00+00:00,14.52,14.62,11.73225,72.78176,0.98857147,0.4799999999999999,9427.203884052404,0.0,0.0,9427.203884052404,0,0.0,9126.1
2020-11-30 00:00:00+00:00,14.57,14.03,11.721,75.78027,0.96857136,0.4799999999999999,9427.203884052404,0.0,0.0,9427.203884052404,0,0.0,8757.81
2020-12-01 00:00:00+00:00,14.4,14.51,11.7066,53.577976,0.69285715,0.51875,9427.203884052404,0.0,0.0,9427.203884052404,0,0.0,9057.437
2020-12-02 00:00:00+00:00,14.08,14.9,11.6949,59.964725,0.6942857,0.4799999999999999,9427.203884052404,0.0,0.0,9427.203884052404,0,0.0,9300.882
2020-12-03 00:00:00+00:00,15.18,15.11,11.68585,68.90909,0.7057142,0.51875,9427.203884052404,0.0,0.0,9427.203884052404,0,0.0,9431.969
2020-12-04 00:00:00+00:00,15.25,15.65,11.6755,78.431366,0.67999995,0.51875,9427.203884052404,0.0,0.0,9427.203884052404,0,0.0,9769.048
2020-12-07 00:00:00+00:00,15.48,15.17,11.66685,76.08695,0.6478571,0.4799999999999999,9427.203884052404,0.0,0.0,9427.203884052404,0,0.0,9469.422
2020-12-08 00:00:00+00:00,15.12,15.14,11.66055,65.652176,0.63571423,0.4799999999999999,9427.203884052404,0.0,0.0,9427.203884052404,0,0.0,9450.695
2020-12-09 00:00:00+00:00,15.37,15.18,11.6593,61.848343,0.58857137,0.5,9427.203884052404,0.0,0.0,9427.203884052404,0,0.0,9475.664
2020-12-10 00:00:00+00:00,14.43,14.83,11.66075,62.117657,0.5685714,0.4799999999999999,9427.203884052404,0.0,0.0,9427.203884052404,0,0.0,9257.1875
2020-12-11 00:00:00+00:00,14.72,14.51,11.661,54.418606,0.55642855,0.51875,9427.203884052404,0.0,0.0,9427.203884052404,0,0.0,9057.4375
2020-12-14 00:00:00+00:00,14.67,14.03,11.66115,54.166676,0.5507144,0.51875,9427.203884052404,0.0,0.0,9427.203884052404,0,0.0,8757.811
2020-12-15 00:00:00+00:00,14.42,14.51,11.65645,41.98113,0.5542857,0.4799999999999999,9427.203884052404,0.0,0.0,9427.203884052404,0,0.0,9057.4375
2020-12-16 00:00:00+00:00,14.46,14.42,11.65815,46.521744,0.56,0.51875,9427.203884052404,0.0,0.0,9427.203884052404,0,0.0,9001.258
2020-12-17 00:00:00+00:00,14.5,14.29,11.6589,46.6231,0.5507144,0.51875,9427.203884052404,0.0,0.0,9427.203884052404,0,0.0,8920.108
2020-12-18 00:00:00+00:00,14.19,14.09,11.6646,46.420826,0.56642866,0.51875,9427.203884052404,0.0,0.0,9427.203884052404,0,0.0,8795.265
2020-12-21 00:00:00+00:00,13.86,13.77,11.66775,50.710907,0.5471429,0.5,9427.203884052404,0.0,0.0,9427.203884052404,0,0.0,8595.515
2020-12-22 00:00:00+00:00,13.75,13.62,11.67625,40.8867,0.5471429,0.4799999999999999,9427.203884052404,0.0,0.0,9427.203884052404,0,0.0,8501.882
2020-12-23 00:00:00+00:00,13.77,14.04,11.68125,33.24608,0.5035715,0.51875,9427.203884052404,0.0,0.0,9427.203884052404,0,0.0,8764.054
2020-12-24 00:00:00+00:00,14.05,14.2,11.6937,36.72457,0.50785726,0.51875,9427.203884052404,0.0,0.0,9427.203884052404,0,0.0,8863.93
2020-12-28 00:00:00+00:00,14.3,14.56,11.71215,30.136992,0.48571438,0.4799999999999999,9427.203884052404,0.0,0.0,9427.203884052404,0,0.0,9088.649
2020-12-29 00:00:00+00:00,14.48,14.35,11.7279,41.359783,0.47214296,0.51875,9427.203884052404,0.0,0.0,9427.203884052404,0,0.0,8957.563
2020-12-30 00:00:00+00:00,14.36,14.6,11.75155,39.353107,0.47357157,0.4,9427.203884052404,0.0,0.0,9427.203884052404,0,0.0,9113.618
2020-12-31 00:00:00+00:00,14.63,14.63,11.7742,42.602047,0.48142868,0.51875,9427.203884052404,0.0,0.0,9427.203884052404,0,0.0,9132.345
2021-01-04 00:00:00+00:00,14.72,14.15,11.8008,47.222225,0.45000002,0.4799999999999999,9427.203884052404,0.0,0.0,9427.203884052404,0,0.0,8832.719
2021-01-05 00:00:00+00:00,14.13,13.95,11.8198,45.21276,0.47999996,0.4799999999999999,9427.203884052404,0.0,0.0,9427.203884052404,0,0.0,8707.874
2021-01-06 00:00:00+00:00,14.27,14.75,11.83635,48.850574,0.44571427,0.51875,9427.203884052404,0.0,0.0,9427.203884052404,0,0.0,9207.25
2021-01-07 00:00:00+00:00,14.83,14.68,11.8567,53.15789,0.47928572,0.4799999999999999,9427.203884052404,0.0,0.0,9427.203884052404,0,0.0,9163.556
2021-01-08 00:00:00+00:00,14.81,14.72,11.87455,53.439156,0.4764285,0.51875,9427.203884052404,0.0,0.0,9427.203884052404,0,0.0,9188.523
2021-01-11 00:00:00+00:00,14.53,14.37,11.88745,55.82656,0.45785713,0.4799999999999999,9427.203884052404,0.0,0.0,9427.203884052404,0,0.0,8970.047
2021-01-12 00:00:00+00:00,14.24,14.59,11.897,53.64583,0.46928576,0.4799999999999999,9427.203884052404,0.0,0.0,9427.203884052404,0,0.0,9107.375
2021-01-13 00:00:00+00:00,14.59,14.75,11.91355,60.96256,0.46071428,0.5,9427.203884052404,0.0,0.0,9427.203884052404,0,0.0,9207.25
2021-01-14 00:00:00+00:00,14.81,15.01,11.9302,65.066666,0.4621428,0.51875,9427.203884052404,0.0,0.0,9427.203884052404,0,0.0,9369.548
2021-01-15 00:00:00+00:00,14.78,14.69,11.95005,63.50975,0.46571425,0.51875,9427.203884052404,0.0,0.0,9427.203884052404,0,0.0,9169.797
2021-01-19 00:00:00+00:00,14.82,14.76,11.9721,56.533325,0.48999998,0.51875,9427.203884052404,0.0,0.0,9427.203884052404,0,0.0,9213.493
2021-01-20 00:00:00+00:00,14.36,14.95,11.99815,52.890167,0.49142852,0.51875,9427.203884052404,0.0,0.0,9427.203884052404,0,0.0,9332.094
2021-01-21 00:00:00+00:00,14.61,14.64,12.0276,58.720917,0.52285707,0.51875,9427.203884052404,0.0,0.0,9427.203884052404,0,0.0,9138.587
2021-01-22 00:00:00+00:00,14.5,14.42,12.0487,50.571426,0.51785713,0.51875,9427.203884052404,0.0,0.0,9427.203884052404,0,0.0,9001.258
2021-01-25 00:00:00+00:00,14.3,13.89,12.06735,47.154472,0.5235715,0.51875,9427.203884052404,0.0,0.0,9427.203884052404,0,0.0,8670.421
2021-01-26 00:00:00+00:00,14.08,13.5,12.0805,46.524075,0.5028572,0.5,9427.203884052404,0.0,0.0,9427.203884052404,0,0.0,8426.975
2021-01-27 00:00:00+00:00,13.37,13.6,12.08845,44.274815,0.52500004,0.51875,9427.203884052404,0.0,0.0,9427.203884052404,0,0.0,8489.397
2021-01-28 00:00:00+00:00,13.76,14.25,12.0994,32.198154,0.5057143,0.4799999999999999,9427.203884052404,0.0,0.0,9427.203884052404,0,0.0,8895.141
2021-01-29 00:00:00+00:00,14.12,13.55,12.11345,44.356953,0.56714284,0.51875,9427.203884052404,0.0,0.0,9427.203884052404,0,0.0,8458.186
2021-02-01 00:00:00+00:00,13.66,13.64,12.12485,36.912754,0.6057142,0.4799999999999999,9427.203884052404,0.0,0.0,9427.203884052404,0,0.0,8514.366
2021-02-02 00:00:00+00:00,13.74,14.19,12.13805,41.330173,0.58928555,0.51875,9427.203884052404,0.0,0.0,9427.203884052404,0,0.0,8857.6875
2021-02-03 00:00:00+00:00,14.17,14.19,12.15215,45.594707,0.60285705,0.4799999999999999,9427.203884052404,0.0,0.0,9427.203884052404,0,0.0,8857.6875
2021-02-04 00:00:00+00:00,14.32,14.13,12.1691,43.6073,0.59857136,0.4799999999999999,9427.203884052404,0.0,0.0,9427.203884052404,0,0.0,8820.234
2021-02-05 00:00:00+00:00,14.22,14.2,12.18695,39.473682,0.60285705,0.51875,9427.203884052404,0.0,0.0,9427.203884052404,0,0.0,8863.929
2021-02-08 00:00:00+00:00,14.19,14.3,12.20485,43.765903,0.5828571,0.4799999999999999,9427.203884052404,0.0,0.0,9427.203884052404,0,0.0,8926.351
2021-02-09 00:00:00+00:00,14.29,13.87,12.2223,44.191917,0.57714283,0.51875,9427.203884052404,0.0,0.0,9427.203884052404,0,0.0,8657.937
2021-02-10 00:00:00+00:00,14.01,14.09,12.23615,37.142853,0.55571425,0.5,9427.203884052404,0.0,0.0,9427.203884052404,0,0.0,8795.266
2021-02-11 00:00:00+00:00,14.06,14.6,12.24875,43.309,0.5635714,0.51875,9427.203884052404,0.0,0.0,9427.203884052404,0,0.0,9113.618
2021-02-12 00:00:00+00:00,14.6,14.9,12.2633,52.04546,0.5771428,0.4799999999999999,9427.203884052404,0.0,0.0,9427.203884052404,0,0.0,9300.884
2021-02-16 00:00:00+00:00,14.95,15.61,12.27495,62.110306,0.56571424,0.4799999999999999,9427.203884052404,0.0,0.0,9427.203884052404,0,0.0,9744.08
2021-02-17 00:00:00+00:00,15.6,15.66,12.29145,73.49666,0.575,0.3333333333333333,9427.203884052404,0.0,0.0,9427.203884052404,0,0.0,9775.291
2021-02-18 00:00:00+00:00,15.21,16.03,12.31255,73.1982,0.5542857,0.4799999999999999,9427.203884052404,0.0,0.0,9427.203884052404,0,0.0,10006.254
2021-02-19 00:00:00+00:00,16.14,16.74,12.33715,71.39424,0.5328571,0.4799999999999999,9427.203884052404,0.0,0.0,9427.203884052404,0,0.0,10449.449
2021-02-22 00:00:00+00:00,16.83,16.69,12.366,88.249405,0.53285724,0.4799999999999999,9427.203884052404,0.0,0.0,9427.203884052404,0,0.0,10418.238
2021-02-23 00:00:00+00:00,16.7,16.59,12.3968,86.92496,0.56857157,0.4799999999999999,9427.203884052404,0.0,0.0,9427.203884052404,0,0.0,10355.815
2021-02-24 00:00:00+00:00,16.75,17.12,12.4245,82.60871,0.5757145,0.4799999999999999,9427.203884052404,0.0,0.0,9427.203884052404,0,0.0,10686.654
2021-02-25 00:00:00+00:00,17.14,16.36,12.4548,84.79811,0.61285734,0.4799999999999999,9427.203884052404,0.0,0.0,9427.203884052404,0,0.0,10212.246
2021-02-26 00:00:00+00:00,16.41,16.59,12.48575,72.708755,0.6457146,0.4799999999999999,9427.203884052404,0.0,0.0,9427.203884052404,0,0.0,10355.817
2021-03-01 00:00:00+00:00,16.85,16.42,12.51955,73.57002,0.66500026,0.51875,9427.203884052404,0.0,0.0,9427.203884052404,0,0.0,10249.699
2021-03-02 00:00:00+00:00,16.34,16.01,12.5544,70.62257,0.679286,0.51875,9427.203884052404,0.0,0.0,9427.203884052404,0,0.0,9993.77
2021-03-03 00:00:00+00:00,16.14,16.23,12.58425,70.89844,0.67785746,0.51875,9427.203884052404,0.0,0.0,9427.203884052404,0,0.0,10131.098
2021-03-04 00:00:00+00:00,16.12,15.84,12.6151,70.89844,0.68571454,0.4799999999999999,9427.203884052404,0.0,0.0,9427.203884052404,0,0.0,9887.652
2021-03-05 00:00:00+00:00,16.0,15.8,12.6354,62.4,0.7085716,0.4799999999999999,9427.203884052404,0.0,0.0,9427.203884052404,0,0.0,9862.684
2021-03-08 00:00:00+00:00,16.23,16.44,12.65665,59.49368,0.73285735,0.51875,9427.203884052404,0.0,0.0,9427.203884052404,0,0.0,10262.186
2021-03-09 00:00:00+00:00,16.42,16.45,12.68115,58.88652,0.7307145,0.4799999999999999,9427.203884052404,0.0,0.0,9427.203884052404,0,0.0,10268.429
2021-03-10 00:00:00+00:00,16.55,16.54,12.70625,58.53133,0.73857164,0.51875,9427.203884052404,0.0,0.0,9427.203884052404,0,0.0,10324.608
2021-03-11 00:00:00+00:00,16.55,16.93,12.7328005,55.862072,0.7100002,0.5,9427.203884052404,0.0,0.0,9427.203884052404,0,0.0,10568.054
2021-03-12 00:00:00+00:00,17.05,17.23,12.7566,52.357327,0.6964288,0.4799999999999999,9427.203884052404,0.0,0.0,9427.203884052404,0,0.0,10755.319
2021-03-15 00:00:00+00:00,17.39,18.0,12.78015,56.308403,0.66428584,0.4799999999999999,9427.203884052404,0.0,0.0,9427.203884052404,0,0.0,11235.971
2021-03-16 00:00:00+00:00,17.88,17.72,12.81,64.242424,0.67642874,0.4799999999999999,9427.203884052404,0.0,0.0,9427.203884052404,0,0.0,11061.1875
2021-03-17 00:00:00+00:00,17.75,18.42,12.8389,56.382965,0.6592859,0.4799999999999999,9427.203884052404,0.0,0.0,9427.203884052404,0,0.0,11498.144
2021-03-18 00:00:00+00:00,18.43,17.99,12.86975,72.19827,0.6371431,0.4799999999999999,9427.203884052404,0.0,0.0,9427.203884052404,0,0.0,11229.729
2021-03-19 00:00:00+00:00,17.77,17.82,12.8983,64.46281,0.634286,0.4799999999999999,9427.203884052404,0.0,0.0,9427.203884052404,0,0.0,11123.61
2021-03-22 00:00:00+00:00,17.75,17.56,12.92435,64.46281,0.63428587,0.51875,9427.203884052404,0.0,0.0,9427.203884052404,0,0.0,10961.313
2021-03-23 00:00:00+00:00,17.55,16.86,12.94685,66.52451,0.62857157,0.51875,9427.203884052404,0.0,0.0,9427.203884052404,0,0.0,10524.358
2021-03-24 00:00:00+00:00,16.92,17.07,12.9611,56.092854,0.64071447,0.4799999999999999,9427.203884052404,0.0,0.0,9427.203884052404,0,0.0,10655.445
2021-03-25 00:00:00+00:00,17.07,17.01,12.97235,62.324646,0.6264287,0.51875,9427.203884052404,0.0,0.0,9427.203884052404,0,0.0,10617.991
2021-03-26 00:00:00+00:00,17.22,17.19,12.98515,62.07585,0.62142867,0.51875,9427.203884052404,0.0,0.0,9427.203884052404,0,0.0,10730.352
2021-03-29 00:00:00+00:00,17.16,16.92,13.00465,58.24176,0.59357136,0.51875,9427.203884052404,0.0,0.0,9427.203884052404,0,0.0,10561.812
2021-03-30 00:00:00+00:00,17.0,17.3,13.0284,54.885647,0.59357136,0.4799999999999999,9427.203884052404,0.0,0.0,9427.203884052404,0,0.0,10799.015
2021-03-31 00:00:00+00:00,17.14,16.85,13.0517,57.450966,0.59857136,0.4799999999999999,9427.203884052404,0.0,0.0,9427.203884052404,0,0.0,10518.117
2021-04-01 00:00:00+00:00,16.94,17.11,13.0737,49.224808,0.59142846,0.51875,9427.203884052404,0.0,0.0,9427.203884052404,0,0.0,10680.414
2021-04-05 00:00:00+00:00,17.22,17.3,13.0952,48.828136,0.59357125,0.51875,9427.203884052404,0.0,0.0,9427.203884052404,0,0.0,10799.016
2021-04-06 00:00:00+00:00,17.48,17.33,13.12015,42.290737,0.56214267,0.51875,9427.203884052404,0.0,0.0,9427.203884052404,0,0.0,10817.742
2021-04-07 00:00:00+00:00,17.35,17.52,13.1458,45.454548,0.55999976,0.51875,9427.203884052404,0.0,0.0,9427.203884052404,0,0.0,10936.345
2021-04-08 00:00:00+00:00,17.47,17.54,13.17505,38.095234,0.5342854,0.5,9427.203884052404,0.0,0.0,9427.203884052404,0,0.0,10948.83
2021-04-09 00:00:00+00:00,17.67,17.34,13.2063,43.323452,0.5171424,0.51875,9427.203884052404,0.0,0.0,9427.203884052404,0,0.0,10823.985
2021-04-12 00:00:00+00:00,17.3,17.25,13.2368,42.941177,0.5178567,0.51875,9427.203884052404,0.0,0.0,9427.203884052404,0,0.0,10767.806
2021-04-13 00:00:00+00:00,17.15,17.19,13.26815,45.201244,0.5164281,0.51875,9427.203884052404,0.0,0.0,9427.203884052404,0,0.0,10730.353
2021-04-14 00:00:00+00:00,17.31,17.43,13.2998,56.37066,0.48999962,0.51875,9427.203884052404,0.0,0.0,9427.203884052404,0,0.0,10880.165
2021-04-15 00:00:00+00:00,17.36,17.56,13.33325,56.870243,0.48357105,0.51875,9427.203884052404,0.0,0.0,9427.203884052404,0,0.0,10961.313
2021-04-16 00:00:00+00:00,17.76,17.48,13.36625,60.223038,0.46642822,0.51875,9427.203884052404,0.0,0.0,9427.203884052404,0,0.0,10911.375
2021-04-19 00:00:00+00:00,17.33,17.4,13.3997,55.598442,0.46357128,0.51875,9427.203884052404,0.0,0.0,9427.203884052404,0,0.0,10861.4375
2021-04-20 00:00:00+00:00,17.06,16.94,13.43225,60.0,0.44785705,0.4799999999999999,9427.203884052404,0.0,0.0,9427.203884052404,0,0.0,10574.297
2021-04-21 00:00:00+00:00,16.98,17.35,13.4622,42.741955,0.45714283,0.51875,9427.203884052404,0.0,0.0,9427.203884052404,0,0.0,10830.228
2021-04-22 00:00:00+00:00,17.42,17.09,13.4929,60.245907,0.4642857,0.51875,9427.203884052404,0.0,0.0,9427.203884052404,0,0.0,10667.93
2021-04-23 00:00:00+00:00,17.11,17.29,13.52415,49.590153,0.4714286,0.51875,9427.203884052404,0.0,0.0,9427.203884052404,0,0.0,10792.774
2021-04-26 00:00:00+00:00,17.54,17.43,13.55695,49.79595,0.47285706,0.51875,9427.203884052404,0.0,0.0,9427.203884052404,0,0.0,10880.165
2021-04-27 00:00:00+00:00,17.32,17.95,13.59155,51.953133,0.4678571,0.51875,9427.203884052404,0.0,0.0,9427.203884052404,0,0.0,11204.76
2021-04-28 00:00:00+00:00,18.02,18.28,13.6271,57.439453,0.49214268,0.4799999999999999,9427.203884052404,0.0,0.0,9427.203884052404,0,0.0,11410.753
2021-04-29 00:00:00+00:00,18.47,18.43,13.6644,61.5625,0.49857125,0.4799999999999999,9427.203884052404,0.0,0.0,9427.203884052404,0,0.0,11504.386
2021-04-30 00:00:00+00:00,18.34,18.16,13.7035,67.301605,0.4864284,0.4799999999999999,9427.203884052404,0.0,0.0,9427.203884052404,0,0.0,11335.846
2021-05-03 00:00:00+00:00,18.43,18.07,13.7362,63.66367,0.48999992,0.4799999999999999,9427.203884052404,0.0,0.0,9427.203884052404,0,0.0,11279.666
2021-05-04 00:00:00+00:00,17.94,17.57,13.7703,63.09523,0.4971428,0.51875,9427.203884052404,0.0,0.0,9427.203884052404,0,0.0,10967.557
2021-05-05 00:00:00+00:00,17.74,17.53,13.8031,51.933693,0.4985714,0.5,9427.203884052404,0.0,0.0,9427.203884052404,0,0.0,10942.588
2021-05-06 00:00:00+00:00,17.96,17.12,13.83775,49.57509,0.51857144,0.51875,9427.203884052404,0.0,0.0,9427.203884052404,0,0.0,10686.657
2021-05-07 00:00:00+00:00,17.06,17.58,13.8689,45.336803,0.5721427,0.51875,9427.203884052404,0.0,0.0,9427.203884052404,0,0.0,10973.798
2021-05-10 00:00:00+00:00,17.67,17.11,13.90245,52.122646,0.59928554,0.51875,9427.203884052404,0.0,0.0,9427.203884052404,0,0.0,10680.414
2021-05-11 00:00:00+00:00,16.86,16.99,13.93435,52.0,0.60142833,0.4799999999999999,9427.203884052404,0.0,0.0,9427.203884052404,0,0.0,10605.507
2021-05-12 00:00:00+00:00,16.95,16.51,13.9668,45.454536,0.58428544,0.51875,9427.203884052404,0.0,0.0,9427.203884052404,0,0.0,10305.882
2021-05-13 00:00:00+00:00,16.6,16.7,13.99775,43.0622,0.60142833,0.5,9427.203884052404,0.0,0.0,9427.203884052404,0,0.0,10424.484
2021-05-14 00:00:00+00:00,17.02,17.33,14.02865,42.925655,0.60214263,0.51875,9427.203884052404,0.0,0.0,9427.203884052404,0,0.0,10817.742
2021-05-17 00:00:00+00:00,17.22,17.38,14.0602,48.927032,0.630714,0.51875,9427.203884052404,0.0,0.0,9427.203884052404,0,0.0,10848.952
2021-05-18 00:00:00+00:00,17.34,17.35,14.0929,43.198067,0.60285693,0.51875,9427.203884052404,0.0,0.0,9427.203884052404,0,0.0,10830.228
2021-05-19 00:00:00+00:00,17.2,17.01,14.12575,38.046253,0.60285705,0.4799999999999999,9427.203884052404,0.0,0.0,9427.203884052404,0,0.0,10617.991
2021-05-20 00:00:00+00:00,17.01,16.97,14.15925,32.598022,0.6178571,0.51875,9427.203884052404,0.0,0.0,9427.203884052404,0,0.0,10593.022
2021-05-21 00:00:00+00:00,16.94,16.94,14.18955,34.545433,0.6192856,0.51875,9427.203884052404,0.0,0.0,9427.203884052404,0,0.0,10574.297
2021-05-24 00:00:00+00:00,17.01,17.01,14.2198,35.09234,0.60357124,0.51875,9427.203884052404,0.0,0.0,9427.203884052404,0,0.0,10617.993
2021-05-25 00:00:00+00:00,17.24,16.79,14.25105,41.66666,0.5771426,0.51875,9427.203884052404,0.0,0.0,9427.203884052404,0,0.0,10480.665
2021-05-26 00:00:00+00:00,17.02,17.06,14.2775,39.54801,0.5678568,0.4979625998038941,9427.203884052404,0.0,0.0,9427.203884052404,0,0.0,10649.203
2021-05-27 00:00:00+00:00,17.22,17.13,14.3034,49.117626,0.5321425,0.51875,9427.203884052404,0.0,0.0,9427.203884052404,0,0.0,10692.899
2021-05-28 00:00:00+00:00,17.33,17.17,14.3307,42.52489,0.505714,0.51875,9427.203884052404,0.0,0.0,9427.203884052404,0,0.0,10717.869
2021-06-01 00:00:00+00:00,17.42,17.67,14.3587,51.16278,0.4857141,0.4799999999999999,9427.203884052404,0.0,0.0,9427.203884052404,0,0.0,11029.979
2021-06-02 00:00:00+00:00,17.79,17.7,14.3907,61.48651,0.49214268,0.4799999999999999,9427.203884052404,0.0,0.0,9427.203884052404,0,0.0,11048.706
2021-06-03 00:00:00+00:00,17.59,17.43,14.42295,73.70522,0.4628571,0.4799999999999999,9427.203884052404,0.0,0.0,9427.203884052404,0,0.0,10880.166
2021-06-04 00:00:00+00:00,17.52,17.48,14.45565,64.092674,0.45785713,0.51875,9427.203884052404,0.0,0.0,9427.203884052404,0,0.0,10911.377
2021-06-07 00:00:00+00:00,17.48,17.8,14.48915,53.731342,0.41928577,0.51875,9427.203884052404,0.0,0.0,9427.203884052404,0,0.0,11111.127
2021-06-08 00:00:00+00:00,17.79,18.1,14.5242,59.21054,0.43500015,0.51875,9427.203884052404,0.0,0.0,9427.203884052404,0,0.0,11298.395
2021-06-09 00:00:00+00:00,18.14,17.81,14.561,64.70589,0.4364286,0.4799999999999999,9427.203884052404,0.0,0.0,9427.203884052404,0,0.0,11117.37
2021-06-10 00:00:00+00:00,17.9,18.01,14.59705,65.999985,0.41857132,0.51875,9427.203884052404,0.0,0.0,9427.203884052404,0,0.0,11242.215
2021-06-11 00:00:00+00:00,17.83,17.91,14.63165,69.54889,0.4128572,0.48386188541812575,9427.203884052404,0.0,0.0,9427.203884052404,0,0.0,11179.793
2021-06-14 00:00:00+00:00,18.03,17.67,14.6647,67.76555,0.4064286,0.4799999999999999,9427.203884052404,0.0,0.0,9427.203884052404,0,0.0,11029.98
2021-06-15 00:00:00+00:00,17.48,17.75,14.698,61.379303,0.43071434,0.51875,9427.203884052404,0.0,0.0,9427.203884052404,0,0.0,11079.918
2021-06-16 00:00:00+00:00,17.78,17.96,14.7301,67.39127,0.42642865,0.51875,9427.203884052404,0.0,0.0,9427.203884052404,0,0.0,11211.004
2021-06-17 00:00:00+00:00,18.03,17.8,14.76145,66.66664,0.42214298,0.5,9427.203884052404,0.0,0.0,9427.203884052404,0,0.0,11111.128
2021-06-18 00:00:00+00:00,17.55,17.14,14.7943,62.007156,0.42857143,0.51875,9427.203884052404,0.0,0.0,9427.203884052404,0,0.0,10699.144
2021-06-21 00:00:00+00:00,17.32,17.63,14.8236,49.56011,0.44857135,0.51875,9427.203884052404,0.0,0.0,9427.203884052404,0,0.0,11005.011
2021-06-22 00:00:00+00:00,17.64,17.5,14.8546505,49.41175,0.44714275,0.51875,9427.203884052404,0.0,0.0,9427.203884052404,0,0.0,10923.862
2021-06-23 00:00:00+00:00,17.57,17.61,14.8843,47.142845,0.45428547,0.51875,9427.203884052404,0.0,0.0,9427.203884052404,0,0.0,10992.527
2021-06-24 00:00:00+00:00,17.62,17.63,14.91265,52.694614,0.45214257,0.51875,9427.203884052404,0.0,0.0,9427.203884052404,0,0.0,11005.01
2021-06-25 00:00:00+00:00,17.73,17.57,14.9426,52.265854,0.45928532,0.51875,9427.203884052404,0.0,0.0,9427.203884052404,0,0.0,10967.557
2021-06-28 00:00:00+00:00,17.57,16.95,14.9722,46.229515,0.45071384,0.51875,9427.203884052404,0.0,0.0,9427.203884052404,0,0.0,10580.54
2021-06-29 00:00:00+00:00,17.02,16.92,14.99995,32.937675,0.4864281,0.51875,9427.203884052404,0.0,0.0,9427.203884052404,0,0.0,10561.813
2021-06-30 00:00:00+00:00,16.94,17.09,15.0289,35.691315,0.48499966,0.51875,9427.203884052404,0.0,0.0,9427.203884052404,0,0.0,10667.931
2021-07-01 00:00:00+00:00,17.2,17.32,15.05475,35.064915,0.4835709,0.51875,9427.203884052404,0.0,0.0,9427.203884052404,0,0.0,10811.502
2021-07-02 00:00:00+00:00,17.32,17.25,15.08125,40.80995,0.49714237,0.51875,9427.203884052404,0.0,0.0,9427.203884052404,0,0.0,10767.807
2021-07-06 00:00:00+00:00,17.21,16.73,15.1072,43.092094,0.47642818,0.51875,9427.203884052404,0.0,0.0,9427.203884052404,0,0.0,10443.212
2021-07-07 00:00:00+00:00,16.73,16.58,15.1326,35.344803,0.48999962,0.4799999999999999,9427.203884052404,0.0,0.0,9427.203884052404,0,0.0,10349.579
2021-07-08 00:00:00+00:00,16.27,16.61,15.15975,29.824553,0.48999962,0.51875,9427.203884052404,0.0,0.0,9427.203884052404,0,0.0,10368.307
2021-07-09 00:00:00+00:00,17.0,17.11,15.19035,31.914898,0.53142834,0.4799999999999999,9427.203884052404,0.0,0.0,9427.203884052404,0,0.0,10680.417
2021-07-12 00:00:00+00:00,17.24,17.09,15.2239,49.520786,0.5192855,0.51875,9427.203884052404,0.0,0.0,9427.203884052404,0,0.0,10667.932
2021-07-13 00:00:00+00:00,17.12,16.56,15.25815,39.849636,0.5128569,0.51875,9427.203884052404,0.0,0.0,9427.203884052404,0,0.0,10337.094
2021-07-14 00:00:00+00:00,16.72,16.56,15.29,34.64051,0.52785695,0.4799999999999999,9427.203884052404,0.0,0.0,9427.203884052404,0,0.0,10337.094
2021-07-15 00:00:00+00:00,16.44,16.36,15.3196,32.203365,0.52857125,0.51875,9427.203884052404,0.0,0.0,9427.203884052404,0,0.0,10212.251
2021-07-16 00:00:00+00:00,16.37,15.98,15.34675,29.712479,0.53071415,0.51875,9427.203884052404,0.0,0.0,9427.203884052404,0,0.0,9975.047
2021-07-19 00:00:00+00:00,15.59,15.39,15.373,26.956524,0.5442856,0.4799999999999999,9427.203884052404,0.0,0.0,9427.203884052404,0,0.0,9606.757
2021-07-20 00:00:00+00:00,15.5,15.8,15.396,27.192984,0.5371427,0.4799999999999999,9427.203884052404,0.0,0.0,9427.203884052404,0,0.0,9862.6875
2021-07-21 00:00:00+00:00,15.95,16.37,15.4193,35.26316,0.57285696,0.51875,9427.203884052404,0.0,0.0,9427.203884052404,0,0.0,10218.494
2021-07-22 00:00:00+00:00,16.25,15.91,15.4447,41.42858,0.60714275,0.4799999999999999,9427.203884052404,0.0,0.0,9427.203884052404,0,0.0,9931.352
2021-07-23 00:00:00+00:00,16.11,15.78,15.46735,34.08579,0.617857,0.4799999999999999,9427.203884052404,0.0,0.0,9427.203884052404,0,0.0,9850.203
2021-07-26 00:00:00+00:00,15.78,16.18,15.48975,33.630295,0.6249999,0.51875,9427.203884052404,0.0,0.0,9427.203884052404,0,0.0,10099.892
2021-07-27 00:00:00+00:00,16.11,16.05,15.5126,43.707108,0.61071414,0.4799999999999999,9427.203884052404,0.0,0.0,9427.203884052404,0,0.0,10018.742
2021-07-28 00:00:00+00:00,16.04,16.09,15.5336,43.908043,0.5971427,0.4799999999999999,9427.203884052404,0.0,0.0,9427.203884052404,0,0.0,10043.712
2021-07-29 00:00:00+00:00,16.22,16.28,15.55615,44.036697,0.5592855,0.51875,9427.203884052404,0.0,0.0,9427.203884052404,0,0.0,10162.314
2021-07-30 00:00:00+00:00,16.24,15.93,15.5801,39.7531,0.55499995,0.51875,9427.203884052404,0.0,0.0,9427.203884052404,0,0.0,9943.836
2021-08-02 00:00:00+00:00,16.08,15.8,15.6039,36.758007,0.5628571,0.5,9427.203884052404,0.0,0.0,9427.203884052404,0,0.0,9862.6875
2021-08-03 00:00:00+00:00,15.83,15.79,15.62815,40.452282,0.5742856,0.4799999999999999,9427.203884052404,0.0,0.0,9427.203884052404,0,0.0,9856.445
2021-08-04 00:00:00+00:00,15.46,15.16,15.652,40.350895,0.5864286,0.51875,9427.203884052404,0.0,0.0,9427.203884052404,0,0.0,9463.186
2021-08-05 00:00:00+00:00,15.27,15.78,15.67305,36.42535,0.61500007,0.51875,9427.203884052404,0.0,0.0,9427.203884052404,0,0.0,9850.203
2021-08-06 00:00:00+00:00,16.04,16.14,15.6986,47.85408,0.6221429,0.4799999999999999,9427.203884052404,0.0,0.0,9427.203884052404,0,0.0,10074.922
2021-08-09 00:00:00+00:00,16.02,15.87,15.7254,58.464993,0.597143,0.4799999999999999,9427.203884052404,0.0,0.0,9427.203884052404,0,0.0,9906.383
2021-08-10 00:00:00+00:00,15.85,16.2,15.74955,50.815845,0.5664286,0.4799999999999999,9427.203884052404,0.0,0.0,9427.203884052404,0,0.0,10112.376
2021-08-11 00:00:00+00:00,16.23,16.46,15.77315,47.901237,0.5528572,0.5,9427.203884052404,0.0,0.0,9427.203884052404,0,0.0,10274.673
2021-08-12 00:00:00+00:00,16.47,16.17,15.79725,57.14284,0.55071443,0.3333333333333333,9427.203884052404,0.0,0.0,9427.203884052404,0,0.0,10093.649
2021-08-13 00:00:00+00:00,16.16,15.91,15.82215,54.862846,0.55285734,0.4799999999999999,9427.203884052404,0.0,0.0,9427.203884052404,0,0.0,9931.353
2021-08-16 00:00:00+00:00,15.77,15.57,15.8474,46.511623,0.5428572,0.51875,9427.203884052404,0.0,0.0,9427.203884052404,0,0.0,9719.116
2021-08-17 00:00:00+00:00,15.57,15.33,15.873,44.117653,0.55071443,0.51875,9427.203884052404,0.0,0.0,9427.203884052404,0,0.0,9569.304
2021-08-18 00:00:00+00:00,15.34,15.33,15.89705,41.12149,0.5492858,0.4799999999999999,9427.203884052404,0.0,0.0,9427.203884052404,0,0.0,9569.304
2021-08-19 00:00:00+00:00,15.19,14.86,15.9213,38.386295,0.5335714,0.4799999999999999,9427.203884052404,0.0,0.0,9427.203884052404,0,0.0,9275.92
2021-08-20 00:00:00+00:00,14.78,15.16,15.9409,37.29215,0.5392858,0.51875,9427.203884052404,0.0,0.0,9427.203884052404,0,0.0,9463.187
2021-08-23 00:00:00+00:00,15.27,15.43,15.9598,42.694057,0.5235715,0.51875,9427.203884052404,0.0,0.0,9427.203884052404,0,0.0,9631.728
2021-08-24 00:00:00+00:00,15.5,15.94,15.982,46.120693,0.5085715,0.4799999999999999,9427.203884052404,0.0,0.0,9427.203884052404,0,0.0,9950.079
2021-08-25 00:00:00+00:00,15.9,16.17,16.00705,58.62832,0.4935715,0.4799999999999999,9427.203884052404,0.0,0.0,9427.203884052404,0,0.0,10093.649
2021-08-26 00:00:00+00:00,16.12,15.87,16.03545,54.721558,0.48642868,0.4799999999999999,9427.203884052404,0.0,0.0,9427.203884052404,0,0.0,9906.383
2021-08-27 00:00:00+00:00,15.87,16.42,16.0466,46.683052,0.4892859,0.4799999999999999,9427.203884052404,0.0,0.0,9427.203884052404,0,0.0,10249.705
2021-08-30 00:00:00+00:00,16.48,16.36,16.0618,56.321842,0.5050002,0.4799999999999999,9427.203884052404,0.0,0.0,9427.203884052404,0,0.0,10212.252
2021-08-31 00:00:00+00:00,16.19,16.56,16.0795,51.960785,0.48071447,0.4799999999999999,9427.203884052404,0.0,0.0,9427.203884052404,0,0.0,10337.097
2021-09-01 00:00:00+00:00,16.6,16.4,16.10125,51.243786,0.47285727,0.4799999999999999,9427.203884052404,0.0,0.0,9427.203884052404,0,0.0,10237.221
2021-09-02 00:00:00+00:00,16.48,16.51,16.117,52.95629,0.47214285,0.51875,9427.203884052404,0.0,0.0,9427.203884052404,0,0.0,10305.885
2021-09-03 00:00:00+00:00,16.51,16.17,16.1309,58.021397,0.4721429,0.4799999999999999,9427.203884052404,0.0,0.0,9427.203884052404,0,0.0,10093.649
2021-09-07 00:00:00+00:00,16.09,16.3,16.14105,58.021397,0.48428577,0.51875,9427.203884052404,0.0,0.0,9427.203884052404,0,0.0,10174.798
2021-09-08 00:00:00+00:00,16.25,16.13,16.1518,63.360874,0.47714296,0.4799999999999999,9427.203884052404,0.0,0.0,9427.203884052404,0,0.0,10068.68
2021-09-09 00:00:00+00:00,15.91,16.09,16.1602,60.526306,0.4885715,0.4799999999999999,9427.203884052404,0.0,0.0,9427.203884052404,0,0.0,10043.712
2021-09-10 00:00:00+00:00,16.34,15.99,16.1699,68.249275,0.47857147,0.51875,9427.203884052404,0.0,0.0,9427.203884052404,0,0.0,9981.289
2021-09-13 00:00:00+00:00,16.18,16.69,16.1763,63.091488,0.47142866,0.4799999999999999,9427.203884052404,0.0,0.0,9427.203884052404,0,0.0,10418.244
2021-09-14 00:00:00+00:00,16.76,16.63,16.1856,67.50001,0.50142866,0.4799999999999999,9427.203884052404,0.0,0.0,9427.203884052404,0,0.0,10380.79
2021-09-15 00:00:00+00:00,16.68,16.54,16.1951,60.952374,0.47928587,0.51875,9427.203884052404,0.0,0.0,9427.203884052404,0,0.0,10324.611
2021-09-16 00:00:00+00:00,16.51,16.41,16.2047,56.1462,0.462143,0.51875,9427.203884052404,0.0,0.0,9427.203884052404,0,0.0,10243.462
2021-09-17 00:00:00+00:00,16.56,16.26,16.2166,59.507046,0.4421429,0.51875,9427.203884052404,0.0,0.0,9427.203884052404,0,0.0,10149.829
2021-09-20 00:00:00+00:00,15.98,16.17,16.22535,46.721313,0.4235716,0.51875,9427.203884052404,0.0,0.0,9427.203884052404,0,0.0,10093.649
2021-09-21 00:00:00+00:00,16.26,16.21,16.2317,46.153835,0.43785736,0.51875,9427.203884052404,0.0,0.0,9427.203884052404,0,0.0,10118.618
2021-09-22 00:00:00+00:00,16.4,16.52,16.2372,42.424232,0.42928585,0.51875,9427.203884052404,0.0,0.0,9427.203884052404,0,0.0,10312.127
2021-09-23 00:00:00+00:00,16.71,16.92,16.24155,52.43904,0.43571457,0.51875,9427.203884052404,0.0,0.0,9427.203884052404,0,0.0,10561.815
2021-09-24 00:00:00+00:00,16.92,16.96,16.2503,57.454544,0.45000023,0.4799999999999999,9427.203884052404,0.0,0.0,9427.203884052404,0,0.0,10586.784
2021-09-27 00:00:00+00:00,17.15,17.0,16.2594,66.12244,0.43214306,0.5,9427.203884052404,0.0,0.0,9427.203884052404,0,0.0,10611.754
2021-09-28 00:00:00+00:00,16.91,16.92,16.2685,64.83052,0.44642878,0.4799999999999999,9427.203884052404,0.0,0.0,9427.203884052404,0,0.0,10561.815
2021-09-29 00:00:00+00:00,16.95,16.66,16.27895,67.400894,0.4507146,0.4799999999999999,9427.203884052404,0.0,0.0,9427.203884052404,0,0.0,10399.518
2021-09-30 00:00:00+00:00,16.68,16.33,16.2897,61.44577,0.44571468,0.51875,9427.203884052404,0.0,0.0,9427.203884052404,0,0.0,10193.525
2021-10-01 00:00:00+00:00,16.5,16.77,16.3012,56.25,0.44857174,0.51875,9427.203884052404,0.0,0.0,9427.203884052404,0,0.0,10468.183
2021-10-04 00:00:00+00:00,16.84,16.64,16.3125,51.626015,0.44285747,0.51875,9427.203884052404,0.0,0.0,9427.203884052404,0,0.0,10387.033
2021-10-05 00:00:00+00:00,16.54,16.59,16.3236,50.19763,0.4542859,0.4799999999999999,9427.203884052404,0.0,0.0,9427.203884052404,0,0.0,10355.822
2021-10-06 00:00:00+00:00,16.3,16.37,16.3351,51.004,0.4528573,0.51875,9427.203884052404,0.0,0.0,9427.203884052404,0,0.0,10218.494
2021-10-07 00:00:00+00:00,16.51,16.47,16.3465,49.224827,0.4914288,0.51875,9427.203884052404,0.0,0.0,9427.203884052404,0,0.0,10280.915
2021-10-08 00:00:00+00:00,16.44,16.46,16.36,54.15018,0.49000004,0.51875,9427.203884052404,0.0,0.0,9427.203884052404,0,0.0,10274.673
2021-10-11 00:00:00+00:00,16.51,16.52,16.3742,55.91835,0.4707143,0.51875,9427.203884052404,0.0,0.0,9427.203884052404,0,0.0,10312.127
2021-10-12 00:00:00+00:00,16.47,16.56,16.3866,56.27533,0.4678572,0.4799999999999999,9427.203884052404,0.0,0.0,9427.203884052404,0,0.0,10337.096
2021-10-13 00:00:00+00:00,16.53,16.23,16.3984,50.90907,0.44571427,0.51875,9427.203884052404,0.0,0.0,9427.203884052404,0,0.0,10131.102
2021-10-14 00:00:00+00:00,16.45,16.48,16.40675,33.8028,0.44714287,0.51875,9427.203884052404,0.0,0.0,9427.203884052404,0,0.0,10287.157
2021-10-15 00:00:00+00:00,16.77,16.78,16.4174,39.7436,0.45000008,0.51875,9427.203884052404,0.0,0.0,9427.203884052404,0,0.0,10474.425
2021-10-18 00:00:00+00:00,16.56,16.89,16.4283,45.769245,0.4378572,0.51875,9427.203884052404,0.0,0.0,9427.203884052404,0,0.0,10543.088
2021-10-19 00:00:00+00:00,16.88,16.58,16.4396,49.429646,0.4328571,0.4799999999999999,9427.203884052404,0.0,0.0,9427.203884052404,0,0.0,10349.58
2021-10-20 00:00:00+00:00,16.46,16.72,16.45175,48.50746,0.43357128,0.4799999999999999,9427.203884052404,0.0,0.0,9427.203884052404,0,0.0,10436.97
2021-10-21 00:00:00+00:00,16.68,16.75,16.4656,57.831318,0.42499977,0.51875,9427.203884052404,0.0,0.0,9427.203884052404,0,0.0,10455.698
2021-10-22 00:00:00+00:00,16.74,16.89,16.4756,49.51922,0.3899998,0.51875,9427.203884052404,0.0,0.0,9427.203884052404,0,0.0,10543.088
2021-10-25 00:00:00+00:00,16.87,16.83,16.48665,55.980873,0.38214275,0.4799999999999999,9427.203884052404,0.0,0.0,9427.203884052404,0,0.0,10505.635
2021-10-26 00:00:00+00:00,16.91,16.83,16.4972,55.71429,0.37999985,0.4799999999999999,9427.203884052404,0.0,0.0,9427.203884052404,0,0.0,10505.635
2021-10-27 00:00:00+00:00,16.82,16.74,16.5095,62.234035,0.3421428,0.4799999999999999,9427.203884052404,0.0,0.0,9427.203884052404,0,0.0,10449.455
2021-10-28 00:00:00+00:00,16.72,16.87,16.52025,57.21927,0.33785725,0.4799999999999999,9427.203884052404,0.0,0.0,9427.203884052404,0,0.0,10530.6045
2021-10-29 00:00:00+00:00,16.84,16.83,16.53085,60.30155,0.34500012,0.51875,9427.203884052404,0.0,0.0,9427.203884052404,0,0.0,10505.635
2021-11-01 00:00:00+00:00,16.81,17.25,16.53995,57.868008,0.3457143,0.51875,9427.203884052404,0.0,0.0,9427.203884052404,0,0.0,10767.807
2021-11-02 00:00:00+00:00,17.21,17.37,16.55275,64.68086,0.37071434,0.4799999999999999,9427.203884052404,0.0,0.0,9427.203884052404,0,0.0,10842.714
2021-11-03 00:00:00+00:00,17.34,17.8,16.5658,76.63553,0.35214287,0.4799999999999999,9427.203884052404,0.0,0.0,9427.203884052404,0,0.0,11111.128
2021-11-04 00:00:00+00:00,17.73,17.92,16.58005,78.44827,0.37642846,0.4799999999999999,9427.203884052404,0.0,0.0,9427.203884052404,0,0.0,11186.036
2021-11-05 00:00:00+00:00,18.53,18.37,16.59645,76.635506,0.4092857,0.4799999999999999,9427.203884052404,0.0,0.0,9427.203884052404,0,0.0,11466.936
2021-11-08 00:00:00+00:00,18.39,18.38,16.6162,79.83872,0.45857143,0.4799999999999999,9427.203884052404,0.0,0.0,9427.203884052404,0,0.0,11473.178
2021-11-09 00:00:00+00:00,18.3,18.33,16.63865,91.28438,0.45714283,0.4799999999999999,9427.203884052404,0.0,0.0,9427.203884052404,0,0.0,11441.968
2021-11-10 00:00:00+00:00,18.25,18.03,16.6628,88.51676,0.44928578,0.51875,9427.203884052404,0.0,0.0,9427.203884052404,0,0.0,11254.701
2021-11-11 00:00:00+00:00,18.03,17.81,16.68495,77.118675,0.46071434,0.51875,9427.203884052404,0.0,0.0,9427.203884052404,0,0.0,11117.372
2021-11-12 00:00:00+00:00,17.86,17.87,16.70275,68.852455,0.46500015,0.51875,9427.203884052404,0.0,0.0,9427.203884052404,0,0.0,11154.827
2021-11-15 00:00:00+00:00,17.92,17.92,16.72435,71.31147,0.4600002,0.51875,9427.203884052404,0.0,0.0,9427.203884052404,0,0.0,11186.037
2021-11-16 00:00:00+00:00,17.92,17.42,16.74575,71.887535,0.4528573,0.51875,9427.203884052404,0.0,0.0,9427.203884052404,0,0.0,10873.927
2021-11-17 00:00:00+00:00,17.31,17.37,16.7619,61.724136,0.47714287,0.51875,9427.203884052404,0.0,0.0,9427.203884052404,0,0.0,10842.717
2021-11-18 00:00:00+00:00,17.47,17.31,16.7778,58.86525,0.47571427,0.51875,9427.203884052404,0.0,0.0,9427.203884052404,0,0.0,10805.263
2021-11-19 00:00:00+00:00,17.0,17.05,16.7937,58.450695,0.47642857,0.51875,9427.203884052404,0.0,0.0,9427.203884052404,0,0.0,10642.965
2021-11-22 00:00:00+00:00,17.2,17.08,16.80795,46.268642,0.47571427,0.51875,9427.203884052404,0.0,0.0,9427.203884052404,0,0.0,10661.691
2021-11-23 00:00:00+00:00,17.24,17.45,16.82185,44.401527,0.4721429,0.51875,9427.203884052404,0.0,0.0,9427.203884052404,0,0.0,10892.653
2021-11-24 00:00:00+00:00,17.35,17.52,16.83975,43.083042,0.45785728,0.51875,9427.203884052404,0.0,0.0,9427.203884052404,0,0.0,10936.349
2021-11-26 00:00:00+00:00,16.55,16.43,16.8569,41.935497,0.42214298,0.51875,9427.203884052404,0.0,0.0,9427.203884052404,0,0.0,10255.948
2021-11-29 00:00:00+00:00,16.71,16.42,16.86605,18.910255,0.48214298,0.4799999999999999,9427.203884052404,0.0,0.0,9427.203884052404,0,0.0,10249.705
2021-11-30 00:00:00+00:00,16.07,15.7,16.87365,18.589787,0.50571454,0.51875,9427.203884052404,0.0,0.0,9427.203884052404,0,0.0,9800.266
2021-12-01 00:00:00+00:00,16.13,15.36,16.8741,15.303463,0.5464288,0.4799999999999999,9427.203884052404,0.0,0.0,9427.203884052404,0,0.0,9588.031
2021-12-02 00:00:00+00:00,15.46,15.79,16.8726,15.143632,0.582143,0.4799999999999999,9427.203884052404,0.0,0.0,9427.203884052404,0,0.0,9856.447
2021-12-03 00:00:00+00:00,15.79,15.45,16.8714,25.000029,0.6085715,0.5,9427.203884052404,0.0,0.0,9427.203884052404,0,0.0,9644.212
2021-12-06 00:00:00+00:00,15.7,16.42,16.86495,21.990746,0.6285715,0.4799999999999999,9427.203884052404,0.0,0.0,9427.203884052404,0,0.0,10249.706
2021-12-07 00:00:00+00:00,16.61,16.58,16.8636,35.68703,0.7,0.4799999999999999,9427.203884052404,0.0,0.0,9427.203884052404,0,0.0,10349.581
2021-12-08 00:00:00+00:00,16.63,16.94,16.86355,41.428577,0.68285716,0.4799999999999999,9427.203884052404,0.0,0.0,9427.203884052404,0,0.0,10574.3
2021-12-09 00:00:00+00:00,16.72,16.84,16.86265,45.87332,0.7021429,0.4799999999999999,9427.203884052404,0.0,0.0,9427.203884052404,0,0.0,10511.879
2021-12-10 00:00:00+00:00,16.5,16.63,16.86505,45.52382,0.7107144,0.4799999999999999,9427.203884052404,0.0,0.0,9427.203884052404,0,0.0,10380.791
2021-12-13 00:00:00+00:00,16.52,16.19,16.86525,45.96154,0.7050001,0.51875,9427.203884052404,0.0,0.0,9427.203884052404,0,0.0,10106.135
2021-12-14 00:00:00+00:00,16.19,16.07,16.8641,42.067745,0.72714293,0.4799999999999999,9427.203884052404,0.0,0.0,9427.203884052404,0,0.0,10031.229
2021-12-15 00:00:00+00:00,16.2,15.81,16.8644,37.12686,0.7264286,0.5,9427.203884052404,0.0,0.0,9427.203884052404,0,0.0,9868.932
2021-12-16 00:00:00+00:00,15.85,15.47,16.8623,34.5946,0.75714296,0.51875,9427.203884052404,0.0,0.0,9427.203884052404,0,0.0,9656.696
2021-12-17 00:00:00+00:00,15.5,15.71,16.86045,40.000004,0.65857154,0.4799999999999999,9427.203884052404,0.0,0.0,9427.203884052404,0,0.0,9806.509
2021-12-20 00:00:00+00:00,15.4,15.49,16.86,42.94235,0.6478572,0.51875,9427.203884052404,0.0,0.0,9427.203884052404,0,0.0,9669.181
2021-12-21 00:00:00+00:00,15.65,16.86,16.85525,47.68212,0.63142866,0.5,9427.203884052404,0.0,0.0,9427.203884052404,0,0.0,10524.363
2021-12-22 00:00:00+00:00,16.82,17.21,16.8573,63.489212,0.6700001,0.4799999999999999,9427.203884052404,0.0,0.0,9427.203884052404,0,0.0,10742.84
2021-12-23 00:00:00+00:00,17.27,17.35,16.86065,62.956196,0.66714287,0.4799999999999999,9427.203884052404,0.0,0.0,9427.203884052404,0,0.0,10830.23
2021-12-27 00:00:00+00:00,17.24,17.48,16.86275,67.992424,0.6514287,0.4799999999999999,9427.203884052404,0.0,0.0,9427.203884052404,0,0.0,10911.379
2021-12-28 00:00:00+00:00,17.32,17.48,16.864,61.936928,0.59357154,0.4799999999999999,9427.203884052404,0.0,0.0,9427.203884052404,0,0.0,10911.379
2021-12-29 00:00:00+00:00,17.45,17.48,16.8614,60.51401,0.59000003,0.4799999999999999,9427.203884052404,0.0,0.0,9427.203884052404,0,0.0,10911.379
2021-12-30 00:00:00+00:00,17.44,17.55,16.8602,56.88774,0.57,0.4799999999999999,9427.203884052404,0.0,0.0,9427.203884052404,0,0.0,10955.075
2021-12-31 00:00:00+00:00,17.52,17.39,16.85585,59.125954,0.565,0.51875,9427.203884052404,0.0,0.0,9427.203884052404,0,0.0,10855.199
2022-01-03 00:00:00+00:00,17.49,17.66,16.85285,59.89584,0.547857,0.51875,9427.203884052404,0.0,0.0,9427.203884052404,0,0.0,11023.738
2022-01-04 00:00:00+00:00,18.02,17.91,16.85205,70.02724,0.5514285,0.4799999999999999,9427.203884052404,0.0,0.0,9427.203884052404,0,0.0,11179.794
2022-01-05 00:00:00+00:00,18.02,17.38,16.8538,74.21053,0.5749999,0.51875,9427.203884052404,0.0,0.0,9427.203884052404,0,0.0,10848.956
2022-01-06 00:00:00+00:00,17.68,17.35,16.8564,69.28745,0.58785695,0.4799999999999999,9427.203884052404,0.0,0.0,9427.203884052404,0,0.0,10830.23
2022-01-07 00:00:00+00:00,17.45,18.21,16.8578,75.00001,0.58214265,0.51875,9427.203884052404,0.0,0.0,9427.203884052404,0,0.0,11367.06
2022-01-10 00:00:00+00:00,18.18,17.75,16.8638,78.53881,0.61928546,0.4799999999999999,9427.203884052404,0.0,0.0,9427.203884052404,0,0.0,11079.919
2022-01-11 00:00:00+00:00,17.77,18.08,16.8666,74.45889,0.6242854,0.4799999999999999,9427.203884052404,0.0,0.0,9427.203884052404,0,0.0,11285.912
2022-01-12 00:00:00+00:00,17.9,17.93,16.8724,67.039116,0.5685712,0.51875,9427.203884052404,0.0,0.0,9427.203884052404,0,0.0,11192.279
2022-01-13 00:00:00+00:00,17.94,18.07,16.87555,60.650913,0.547857,0.4799999999999999,9427.203884052404,0.0,0.0,9427.203884052404,0,0.0,11279.669
2022-01-14 00:00:00+00:00,18.13,17.94,16.88165,60.65089,0.54857117,0.4799999999999999,9427.203884052404,0.0,0.0,9427.203884052404,0,0.0,11198.5205
2022-01-18 00:00:00+00:00,17.64,17.7,16.8858,56.804756,0.56071407,0.51875,9427.203884052404,0.0,0.0,9427.203884052404,0,0.0,11048.708
2022-01-19 00:00:00+00:00,17.73,17.35,16.8878,53.038696,0.5707141,0.4799999999999999,9427.203884052404,0.0,0.0,9427.203884052404,0,0.0,10830.23
2022-01-20 00:00:00+00:00,17.37,17.29,16.8879,48.36273,0.5792855,0.51875,9427.203884052404,0.0,0.0,9427.203884052404,0,0.0,10792.777
2022-01-21 00:00:00+00:00,17.24,17.04,16.88675,46.71719,0.5999997,0.4799999999999999,9427.203884052404,0.0,0.0,9427.203884052404,0,0.0,10636.722
2022-01-24 00:00:00+00:00,16.58,17.0,16.88425,45.679028,0.6135713,0.4799999999999999,9427.203884052404,0.0,0.0,9427.203884052404,0,0.0,10611.752
2022-01-25 00:00:00+00:00,16.72,17.04,16.88255,41.361248,0.6342855,0.51875,9427.203884052404,0.0,0.0,9427.203884052404,0,0.0,10636.721
2022-01-26 00:00:00+00:00,17.23,17.05,16.8815,37.95014,0.61928546,0.5,9427.203884052404,0.0,0.0,9427.203884052404,0,0.0,10642.961
2022-01-27 00:00:00+00:00,17.29,16.59,16.8808,44.660187,0.60214263,0.4799999999999999,9427.203884052404,0.0,0.0,9427.203884052404,0,0.0,10355.82
2022-01-28 00:00:00+00:00,16.5,16.78,16.8766,39.204525,0.6449998,0.5,9427.203884052404,0.0,0.0,9427.203884052404,0,0.0,10474.422
2022-01-31 00:00:00+00:00,16.65,17.34,16.8727,24.91228,0.6214284,0.51875,9427.203884052404,0.0,0.0,9427.203884052404,0,0.0,10823.985
2022-02-01 00:00:00+00:00,17.34,17.37,16.872,43.050842,0.6335712,0.4799999999999999,9427.203884052404,0.0,0.0,9427.203884052404,0,0.0,10842.712
2022-02-02 00:00:00+00:00,17.4,17.18,16.87185,36.60378,0.61714256,0.51875,9427.203884052404,0.0,0.0,9427.203884052404,0,0.0,10724.109
2022-02-03 00:00:00+00:00,17.11,17.08,16.87305,36.05947,0.61642826,0.4799999999999999,9427.203884052404,0.0,0.0,9427.203884052404,0,0.0,10661.687
2022-02-04 00:00:00+00:00,17.04,17.46,16.8717,31.320757,0.61928546,0.4799999999999999,9427.203884052404,0.0,0.0,9427.203884052404,0,0.0,10898.89
2022-02-07 00:00:00+00:00,17.45,17.84,16.87355,41.724113,0.630714,0.4799999999999999,9427.203884052404,0.0,0.0,9427.203884052404,0,0.0,11136.093
2022-02-08 00:00:00+00:00,17.91,18.17,16.8763,52.30262,0.6299997,0.4799999999999999,9427.203884052404,0.0,0.0,9427.203884052404,0,0.0,11342.086
2022-02-09 00:00:00+00:00,18.43,18.45,16.88,63.576153,0.6299998,0.4799999999999999,9427.203884052404,0.0,0.0,9427.203884052404,0,0.0,11516.868
2022-02-10 00:00:00+00:00,18.32,18.54,16.8825,67.90122,0.6342856,0.4799999999999999,9427.203884052404,0.0,0.0,9427.203884052404,0,0.0,11573.048
2022-02-11 00:00:00+00:00,18.54,18.06,16.8838,74.35063,0.6507142,0.3333333333333333,9427.203884052404,0.0,0.0,9427.203884052404,0,0.0,11273.421
2022-02-14 00:00:00+00:00,18.14,17.93,16.88195,65.0568,0.64142853,0.4799999999999999,9427.203884052404,0.0,0.0,9427.203884052404,0,0.0,11192.272
2022-02-15 00:00:00+00:00,18.34,18.72,16.8808,62.32686,0.6350001,0.51875,9427.203884052404,0.0,0.0,9427.203884052404,0,0.0,11685.407
2022-02-16 00:00:00+00:00,18.83,19.31,16.88405,69.02049,0.64571434,0.5,9427.203884052404,0.0,0.0,9427.203884052404,0,0.0,12053.698
2022-02-17 00:00:00+00:00,19.5,19.3,16.89275,80.08847,0.6128573,0.4799999999999999,9427.203884052404,0.0,0.0,9427.203884052404,0,0.0,12047.455
2022-02-18 00:00:00+00:00,19.37,19.11,16.9016,79.03223,0.6100001,0.4799999999999999,9427.203884052404,0.0,0.0,9427.203884052404,0,0.0,11928.854
2022-02-22 00:00:00+00:00,18.9,18.59,16.91155,72.29219,0.5964286,0.4799999999999999,9427.203884052404,0.0,0.0,9427.203884052404,0,0.0,11604.259
2022-02-23 00:00:00+00:00,18.72,18.34,16.9166,63.67712,0.61214286,0.51875,9427.203884052404,0.0,0.0,9427.203884052404,0,0.0,11448.203
2022-02-24 00:00:00+00:00,17.79,18.49,16.92275,62.831856,0.6228571,0.4799999999999999,9427.203884052404,0.0,0.0,9427.203884052404,0,0.0,11541.836
2022-02-25 00:00:00+00:00,18.59,18.75,16.93025,65.4267,0.66785705,0.51875,9427.203884052404,0.0,0.0,9427.203884052404,0,0.0,11704.134
2022-02-28 00:00:00+00:00,18.41,18.27,16.94145,64.49439,0.6499999,0.4799999999999999,9427.203884052404,0.0,0.0,9427.203884052404,0,0.0,11404.509
2022-03-01 00:00:00+00:00,18.22,17.42,16.9493,54.725277,0.65857136,0.4799999999999999,9427.203884052404,0.0,0.0,9427.203884052404,0,0.0,10873.921
2022-03-02 00:00:00+00:00,17.53,17.92,16.94975,42.60355,0.697857,0.4799999999999999,9427.203884052404,0.0,0.0,9427.203884052404,0,0.0,11186.031
2022-03-03 00:00:00+00:00,18.11,17.59,16.95245,44.99054,0.6935714,0.51875,9427.203884052404,0.0,0.0,9427.203884052404,0,0.0,10980.039
2022-03-04 00:00:00+00:00,17.25,17.26,16.95365,41.41048,0.697857,0.4799999999999999,9427.203884052404,0.0,0.0,9427.203884052404,0,0.0,10774.046
2022-03-07 00:00:00+00:00,17.2,16.57,16.9549,42.56506,0.6821427,0.4799999999999999,9427.203884052404,0.0,0.0,9427.203884052404,0,0.0,10343.333
2022-03-08 00:00:00+00:00,16.62,17.44,16.9529,38.55218,0.6964283,0.3333333333333333,9427.203884052404,0.0,0.0,9427.203884052404,0,0.0,10886.405
2022-03-09 00:00:00+00:00,17.9,18.07,16.9554,39.368782,0.71571416,0.4799999999999999,9427.203884052404,0.0,0.0,9427.203884052404,0,0.0,11279.664
2022-03-10 00:00:00+00:00,17.76,18.25,16.9607,39.76898,0.7399998,0.4799999999999999,9427.203884052404,0.0,0.0,9427.203884052404,0,0.0,11392.023
2022-03-11 00:00:00+00:00,18.47,18.02,16.968,41.57304,0.7449999,0.4799999999999999,9427.203884052404,0.0,0.0,9427.203884052404,0,0.0,11248.454
2022-03-14 00:00:00+00:00,18.21,17.9,16.9728,41.307816,0.7542857,0.4799999999999999,9427.203884052404,0.0,0.0,9427.203884052404,0,0.0,11173.546
2022-03-15 00:00:00+00:00,18.13,18.15,16.97665,44.122654,0.7514286,0.4799999999999999,9427.203884052404,0.0,0.0,9427.203884052404,0,0.0,11329.601
2022-03-16 00:00:00+00:00,18.62,18.86,16.98155,48.381596,0.7428573,0.4799999999999999,9427.203884052404,0.0,0.0,9427.203884052404,0,0.0,11772.798
2022-03-17 00:00:00+00:00,18.66,18.84,16.9875,52.877144,0.7300001,0.4799999999999999,9427.203884052404,0.0,0.0,9427.203884052404,0,0.0,11760.313
2022-03-18 00:00:00+00:00,18.73,19.03,16.9932,50.72698,0.7257144,0.4799999999999999,9427.203884052404,0.0,0.0,9427.203884052404,0,0.0,11878.916
2022-03-21 00:00:00+00:00,19.03,18.45,17.0012,56.440678,0.7242858,0.4799999999999999,9427.203884052404,0.0,0.0,9427.203884052404,0,0.0,11516.868
2022-03-22 00:00:00+00:00,18.47,18.6,17.00605,59.147427,0.70357144,0.4799999999999999,9427.203884052404,0.0,0.0,9427.203884052404,0,0.0,11610.501
2022-03-23 00:00:00+00:00,18.44,18.36,17.01005,56.439392,0.6849999,0.51875,9427.203884052404,0.0,0.0,9427.203884052404,0,0.0,11460.688
2022-03-24 00:00:00+00:00,18.39,18.7,17.01135,57.418114,0.6521428,0.5,9427.203884052404,0.0,0.0,9427.203884052404,0,0.0,11672.924
2022-03-25 00:00:00+00:00,18.63,19.09,17.0158,63.846153,0.6442856,0.51875,9427.203884052404,0.0,0.0,9427.203884052404,0,0.0,11916.369
2022-03-28 00:00:00+00:00,19.04,19.1,17.0212,75.71428,0.6307141,0.51875,9427.203884052404,0.0,0.0,9427.203884052404,0,0.0,11922.611
2022-03-29 00:00:00+00:00,19.28,19.82,17.02715,70.54455,0.5721427,0.4799999999999999,9427.203884052404,0.0,0.0,9427.203884052404,0,0.0,12372.049
2022-03-30 00:00:00+00:00,19.98,19.93,17.0379,71.18643,0.5592856,0.4799999999999999,9427.203884052404,0.0,0.0,9427.203884052404,0,0.0,12440.715
2022-03-31 00:00:00+00:00,20.01,19.43,17.0488,70.68965,0.53357124,0.4799999999999999,9427.203884052404,0.0,0.0,9427.203884052404,0,0.0,12128.6045
2022-04-01 00:00:00+00:00,19.59,19.55,17.05615,66.281746,0.53928554,0.4799999999999999,9427.203884052404,0.0,0.0,9427.203884052404,0,0.0,12203.511
2022-04-04 00:00:00+00:00,19.35,19.45,17.0649,69.053116,0.52571404,0.51875,9427.203884052404,0.0,0.0,9427.203884052404,0,0.0,12141.09
2022-04-05 00:00:00+00:00,19.5,19.01,17.07645,65.55026,0.52428544,0.4799999999999999,9427.203884052404,0.0,0.0,9427.203884052404,0,0.0,11866.433
2022-04-06 00:00:00+00:00,18.85,18.32,17.08335,51.918156,0.5149998,0.4799999999999999,9427.203884052404,0.0,0.0,9427.203884052404,0,0.0,11435.72
2022-04-07 00:00:00+00:00,18.2,17.95,17.08745,44.323135,0.53928554,0.51875,9427.203884052404,0.0,0.0,9427.203884052404,0,0.0,11204.759
2022-04-08 00:00:00+00:00,17.95,17.82,17.08915,38.655453,0.5464284,0.5,9427.203884052404,0.0,0.0,9427.203884052404,0,0.0,11123.609
2022-04-11 00:00:00+00:00,17.86,17.85,17.0901,42.6914,0.52999985,0.51875,9427.203884052404,0.0,0.0,9427.203884052404,0,0.0,11142.337
2022-04-12 00:00:00+00:00,18.02,18.22,17.0915,41.050117,0.53214276,0.4799999999999999,9427.203884052404,0.0,0.0,9427.203884052404,0,0.0,11373.298
2022-04-13 00:00:00+00:00,18.44,19.7,17.09785,48.379612,0.547857,0.5,9427.203884052404,0.0,0.0,9427.203884052404,0,0.0,12297.1455
2022-04-14 00:00:00+00:00,19.79,19.58,17.11175,59.15751,0.6242857,0.4799999999999999,9427.203884052404,0.0,0.0,9427.203884052404,0,0.0,12222.237
2022-04-18 00:00:00+00:00,19.5,19.44,17.1242,54.720615,0.6278572,0.4799999999999999,9427.203884052404,0.0,0.0,9427.203884052404,0,0.0,12134.848
2022-04-19 00:00:00+00:00,19.5,20.43,17.1348,53.19549,0.6407142,0.4799999999999999,9427.203884052404,0.0,0.0,9427.203884052404,0,0.0,12752.826
2022-04-20 00:00:00+00:00,20.54,20.43,17.1507,55.456177,0.65857136,0.3333333333333333,9427.203884052404,0.0,0.0,9427.203884052404,0,0.0,12752.826
2022-04-21 00:00:00+00:00,20.89,20.64,17.1692,54.562046,0.6814285,0.4799999999999999,9427.203884052404,0.0,0.0,9427.203884052404,0,0.0,12883.912
2022-04-22 00:00:00+00:00,20.53,20.56,17.1895,61.65703,0.6757141,0.4799999999999999,9427.203884052404,0.0,0.0,9427.203884052404,0,0.0,12833.975
2022-04-25 00:00:00+00:00,20.27,20.93,17.20925,59.80583,0.6735713,0.4799999999999999,9427.203884052404,0.0,0.0,9427.203884052404,0,0.0,13064.9375
2022-04-26 00:00:00+00:00,20.89,20.42,17.22835,63.653126,0.6971427,0.4799999999999999,9427.203884052404,0.0,0.0,9427.203884052404,0,0.0,12746.584
2022-04-27 00:00:00+00:00,20.33,21.06,17.245,62.841526,0.697857,0.4799999999999999,9427.203884052404,0.0,0.0,9427.203884052404,0,0.0,13146.086
2022-04-28 00:00:00+00:00,21.01,21.24,17.2675,75.18382,0.71714264,0.4799999999999999,9427.203884052404,0.0,0.0,9427.203884052404,0,0.0,13258.446
2022-04-29 00:00:00+00:00,21.03,20.35,17.2909,81.33331,0.7442856,0.4799999999999999,9427.203884052404,0.0,0.0,9427.203884052404,0,0.0,12702.891
2022-05-02 00:00:00+00:00,20.43,20.13,17.31085,71.048256,0.7749999,0.4799999999999999,9427.203884052404,0.0,0.0,9427.203884052404,0,0.0,12565.562
2022-05-03 00:00:00+00:00,20.22,19.88,17.3316,68.387085,0.8107142,0.4799999999999999,9427.203884052404,0.0,0.0,9427.203884052404,0,0.0,12409.506
2022-05-04 00:00:00+00:00,19.95,20.13,17.35405,63.65131,0.84642845,0.51875,9427.203884052404,0.0,0.0,9427.203884052404,0,0.0,12565.562
2022-05-05 00:00:00+00:00,20.9,19.75,17.3757,54.432972,0.8014285,0.51875,9427.203884052404,0.0,0.0,9427.203884052404,0,0.0,12328.357
2022-05-06 00:00:00+00:00,19.72,20.24,17.3926,51.663406,0.90571415,0.4799999999999999,9427.203884052404,0.0,0.0,9427.203884052404,0,0.0,12634.225
2022-05-09 00:00:00+00:00,19.9,19.11,17.41425,57.326,0.9364285,0.4799999999999999,9427.203884052404,0.0,0.0,9427.203884052404,0,0.0,11928.856
2022-05-10 00:00:00+00:00,19.36,19.5,17.4309,38.214287,0.9499999,0.4799999999999999,9427.203884052404,0.0,0.0,9427.203884052404,0,0.0,12172.302
2022-05-11 00:00:00+00:00,19.57,19.29,17.4475,42.237057,0.9557142,0.5,9427.203884052404,0.0,0.0,9427.203884052404,0,0.0,12041.216
2022-05-12 00:00:00+00:00,19.1,19.2,17.4637,38.731228,0.96428573,0.4799999999999999,9427.203884052404,0.0,0.0,9427.203884052404,0,0.0,11985.036
2022-05-13 00:00:00+00:00,19.39,19.9,17.47925,38.666676,0.9914285,0.4799999999999999,9427.203884052404,0.0,0.0,9427.203884052404,0,0.0,12421.989
2022-05-16 00:00:00+00:00,19.91,20.18,17.49735,41.86413,0.9935713,0.4799999999999999,9427.203884052404,0.0,0.0,9427.203884052404,0,0.0,12596.771
2022-05-17 00:00:00+00:00,20.45,20.72,17.5186,48.032787,0.987857,0.4799999999999999,9427.203884052404,0.0,0.0,9427.203884052404,0,0.0,12933.851
2022-05-18 00:00:00+00:00,20.6,19.77,17.5432,47.166664,0.9599999,0.4799999999999999,9427.203884052404,0.0,0.0,9427.203884052404,0,0.0,12340.841
2022-05-19 00:00:00+00:00,19.63,19.45,17.5631,39.143276,0.97785705,0.4799999999999999,9427.203884052404,0.0,0.0,9427.203884052404,0,0.0,12141.091
2022-05-20 00:00:00+00:00,19.6,18.61,17.58455,42.741932,0.9621428,0.5,9427.203884052404,0.0,0.0,9427.203884052404,0,0.0,11616.745
2022-05-23 00:00:00+00:00,18.72,18.73,17.5987,38.856304,1.0185715,0.4799999999999999,9427.203884052404,0.0,0.0,9427.203884052404,0,0.0,11691.65
2022-05-24 00:00:00+00:00,18.62,18.55,17.61165,41.405075,0.97642857,0.4799999999999999,9427.203884052404,0.0,0.0,9427.203884052404,0,0.0,11579.289
2022-05-25 00:00:00+00:00,18.5,19.35,17.62505,38.066452,0.97357136,0.4799999999999999,9427.203884052404,0.0,0.0,9427.203884052404,0,0.0,12078.665
2022-05-26 00:00:00+00:00,19.3,20.36,17.6408,47.159092,0.90642864,0.4799999999999999,9427.203884052404,0.0,0.0,9427.203884052404,0,0.0,12709.128
2022-05-27 00:00:00+00:00,20.49,20.7,17.6603,50.793655,0.9307143,0.4799999999999999,9427.203884052404,0.0,0.0,9427.203884052404,0,0.0,12921.363
2022-05-31 00:00:00+00:00,20.51,19.99,17.68295,61.742992,0.89500016,0.4799999999999999,9427.203884052404,0.0,0.0,9427.203884052404,0,0.0,12478.166
2022-06-01 00:00:00+00:00,20.15,20.43,17.70335,53.45557,0.90428597,0.4799999999999999,9427.203884052404,0.0,0.0,9427.203884052404,0,0.0,12752.822
2022-06-02 00:00:00+00:00,20.34,20.69,17.72765,57.78688,0.90357167,0.4799999999999999,9427.203884052404,0.0,0.0,9427.203884052404,0,0.0,12915.12
2022-06-03 00:00:00+00:00,20.54,20.56,17.75445,59.946594,0.88571453,0.3333333333333333,9427.203884052404,0.0,0.0,9427.203884052404,0,0.0,12833.971
2022-06-06 00:00:00+00:00,20.69,21.16,17.7806,54.768784,0.8550002,0.4799999999999999,9427.203884052404,0.0,0.0,9427.203884052404,0,0.0,13208.504
2022-06-07 00:00:00+00:00,20.9,21.16,17.8121,56.767952,0.8685716,0.4799999999999999,9427.203884052404,0.0,0.0,9427.203884052404,0,0.0,13208.504
2022-06-08 00:00:00+00:00,20.71,20.94,17.8421,53.283585,0.8550002,0.4799999999999999,9427.203884052404,0.0,0.0,9427.203884052404,0,0.0,13071.176
2022-06-09 00:00:00+00:00,20.94,19.91,17.86965,59.798992,0.797143,0.4799999999999999,9427.203884052404,0.0,0.0,9427.203884052404,0,0.0,12428.228
2022-06-10 00:00:00+00:00,19.5,18.64,17.8895,53.443104,0.822143,0.4799999999999999,9427.203884052404,0.0,0.0,9427.203884052404,0,0.0,11635.468
2022-06-13 00:00:00+00:00,18.07,17.13,17.90185,50.21096,0.7957144,0.4799999999999999,9427.203884052404,0.0,0.0,9427.203884052404,0,0.0,10692.895
2022-06-14 00:00:00+00:00,17.1,17.18,17.90815,40.588238,0.8800001,0.4799999999999999,9427.203884052404,0.0,0.0,9427.203884052404,0,0.0,10724.107
2022-06-15 00:00:00+00:00,17.4,17.61,17.91195,41.81602,0.85857147,0.51875,9427.203884052404,0.0,0.0,9427.203884052404,0,0.0,10992.521
2022-06-16 00:00:00+00:00,17.17,16.66,17.9182,39.125008,0.83357143,0.51875,9427.203884052404,0.0,0.0,9427.203884052404,0,0.0,10399.511
2022-06-17 00:00:00+00:00,16.63,16.2,17.9187,26.700266,0.8164286,0.4799999999999999,9427.203884052404,0.0,0.0,9427.203884052404,0,0.0,10112.37
2022-06-21 00:00:00+00:00,16.4,16.47,17.9177,22.084385,0.8185714,0.5,9427.203884052404,0.0,0.0,9427.203884052404,0,0.0,10280.908
2022-06-22 00:00:00+00:00,16.18,15.7,17.9175,26.902893,0.8142856,0.51875,9427.203884052404,0.0,0.0,9427.203884052404,0,0.0,9800.26
2022-06-23 00:00:00+00:00,15.72,15.4,17.91515,20.251575,0.80571413,0.4799999999999999,9427.203884052404,0.0,0.0,9427.203884052404,0,0.0,9612.993
2022-06-24 00:00:00+00:00,15.47,16.09,17.91065,16.896122,0.81499994,0.4799999999999999,9427.203884052404,0.0,0.0,9427.203884052404,0,0.0,10043.706
2022-06-27 00:00:00+00:00,16.08,16.02,17.91045,23.859657,0.86785716,0.51875,9427.203884052404,0.0,0.0,9427.203884052404,0,0.0,10000.011
2022-06-28 00:00:00+00:00,16.24,16.13,17.9101,17.955118,0.8492857,0.49947541672503154,9427.203884052404,0.0,0.0,9427.203884052404,0,0.0,10068.674
2022-06-29 00:00:00+00:00,15.97,15.7,17.9108,19.065184,0.8849999,0.51875,9427.203884052404,0.0,0.0,9427.203884052404,0,0.0,9800.26
2022-06-30 00:00:00+00:00,15.5,15.68,17.90585,18.585125,0.90357125,0.4799999999999999,9427.203884052404,0.0,0.0,9427.203884052404,0,0.0,9787.775
2022-07-01 00:00:00+00:00,15.57,15.71,17.9011,21.145971,0.8928569,0.51875,9427.203884052404,0.0,0.0,9427.203884052404,0,0.0,9806.502
2022-07-05 00:00:00+00:00,15.29,15.82,17.89695,25.944166,0.84142834,0.51875,9427.203884052404,0.0,0.0,9427.203884052404,0,0.0,9875.166
2022-07-06 00:00:00+00:00,15.79,15.47,17.894,36.03411,0.78642833,0.51875,9427.203884052404,0.0,0.0,9427.203884052404,0,0.0,9656.689
2022-07-07 00:00:00+00:00,15.81,16.11,17.89005,32.865715,0.807857,0.5,9427.203884052404,0.0,0.0,9427.203884052404,0,0.0,10056.19
2022-07-08 00:00:00+00:00,16.15,15.95,17.88975,35.57691,0.81928545,0.51875,9427.203884052404,0.0,0.0,9427.203884052404,0,0.0,9956.315
2022-07-11 00:00:00+00:00,15.66,15.74,17.88845,41.950104,0.77785677,0.4799999999999999,9427.203884052404,0.0,0.0,9427.203884052404,0,0.0,9825.2295
2022-07-12 00:00:00+00:00,15.64,15.94,17.88455,44.471138,0.758571,0.4799999999999999,9427.203884052404,0.0,0.0,9427.203884052404,0,0.0,9950.073
2022-07-13 00:00:00+00:00,15.63,15.87,17.87965,43.520782,0.73499966,0.4799999999999999,9427.203884052404,0.0,0.0,9427.203884052404,0,0.0,9906.378
2022-07-14 00:00:00+00:00,15.56,15.71,17.8742,52.507378,0.7092854,0.4799999999999999,9427.203884052404,0.0,0.0,9427.203884052404,0,0.0,9806.504
2022-07-15 00:00:00+00:00,15.99,15.96,17.86775,54.76924,0.6935711,0.51875,9427.203884052404,0.0,0.0,9427.203884052404,0,0.0,9962.56
2022-07-18 00:00:00+00:00,16.21,16.35,17.86295,47.68683,0.6471425,0.51875,9427.203884052404,0.0,0.0,9427.203884052404,0,0.0,10206.006
2022-07-19 00:00:00+00:00,16.73,17.12,17.8614,55.27157,0.6599998,0.51875,9427.203884052404,0.0,0.0,9427.203884052404,0,0.0,10686.655
2022-07-20 00:00:00+00:00,16.97,17.34,17.86535,63.06071,0.6514284,0.4,9427.203884052404,0.0,0.0,9427.203884052404,0,0.0,10823.983
2022-07-21 00:00:00+00:00,17.15,17.22,17.8682,72.90504,0.6292857,0.4799999999999999,9427.203884052404,0.0,0.0,9427.203884052404,0,0.0,10749.076
2022-07-22 00:00:00+00:00,17.41,16.92,17.8711,70.9239,0.59999996,0.4799999999999999,9427.203884052404,0.0,0.0,9427.203884052404,0,0.0,10561.811
2022-07-25 00:00:00+00:00,17.07,17.3,17.87275,65.31646,0.60857135,0.4799999999999999,9427.203884052404,0.0,0.0,9427.203884052404,0,0.0,10799.014
2022-07-26 00:00:00+00:00,17.3,16.94,17.8774,67.535545,0.5785713,0.4799999999999999,9427.203884052404,0.0,0.0,9427.203884052404,0,0.0,10574.294
2022-07-27 00:00:00+00:00,17.18,17.59,17.87975,67.37589,0.5464284,0.4799999999999999,9427.203884052404,0.0,0.0,9427.203884052404,0,0.0,10980.037
2022-07-28 00:00:00+00:00,17.55,17.91,17.8854,67.452835,0.5285713,0.4799999999999999,9427.203884052404,0.0,0.0,9427.203884052404,0,0.0,11179.788
2022-07-29 00:00:00+00:00,17.86,17.81,17.89235,72.27274,0.55499995,0.5,9427.203884052404,0.0,0.0,9427.203884052404,0,0.0,11117.366
2022-08-01 00:00:00+00:00,17.72,17.84,17.8986,74.125885,0.5471428,0.48712985011906423,9427.203884052404,0.0,0.0,9427.203884052404,0,0.0,11136.093
2022-08-02 00:00:00+00:00,17.75,17.3,17.90665,73.05827,0.53857136,0.48076411262081514,9427.203884052404,0.0,0.0,9427.203884052404,0,0.0,10799.014
2022-08-03 00:00:00+00:00,17.45,17.34,17.91075,65.57734,0.5485713,0.51875,9427.203884052404,0.0,0.0,9427.203884052404,0,0.0,10823.983
2022-08-04 00:00:00+00:00,18.9,17.68,17.91355,68.232666,0.55428565,0.51875,9427.203884052404,0.0,0.0,9427.203884052404,0,0.0,11036.219
2022-08-05 00:00:00+00:00,18.05,17.97,17.9175,68.85965,0.67928565,0.51875,9427.203884052404,0.0,0.0,9427.203884052404,0,0.0,11217.241
2022-08-08 00:00:00+00:00,18.08,18.12,17.92445,68.16143,0.66285706,0.51875,9427.203884052404,0.0,0.0,9427.203884052404,0,0.0,11310.874
2022-08-09 00:00:00+00:00,18.13,18.22,17.93145,63.020832,0.6385713,0.51875,9427.203884052404,0.0,0.0,9427.203884052404,0,0.0,11373.296
2022-08-10 00:00:00+00:00,18.57,18.74,17.9388,61.82795,0.625714,0.5,9427.203884052404,0.0,0.0,9427.203884052404,0,0.0,11697.891
2022-08-11 00:00:00+00:00,18.9,19.16,17.94805,68.44661,0.6357141,0.4799999999999999,9427.203884052404,0.0,0.0,9427.203884052404,0,0.0,11960.0625
2022-08-12 00:00:00+00:00,19.3,19.53,17.9597,76.41509,0.6178571,0.4799999999999999,9427.203884052404,0.0,0.0,9427.203884052404,0,0.0,12191.025
2022-08-15 00:00:00+00:00,19.36,19.19,17.9732,76.359344,0.6157144,0.4799999999999999,9427.203884052404,0.0,0.0,9427.203884052404,0,0.0,11978.79
2022-08-16 00:00:00+00:00,19.15,19.52,17.98545,76.72207,0.612143,0.51875,9427.203884052404,0.0,0.0,9427.203884052404,0,0.0,12184.782
2022-08-17 00:00:00+00:00,19.32,19.35,17.9987,74.80718,0.5992858,0.4799999999999999,9427.203884052404,0.0,0.0,9427.203884052404,0,0.0,12078.664
2022-08-18 00:00:00+00:00,19.38,19.55,18.0113,69.25133,0.5664287,0.51875,9427.203884052404,0.0,0.0,9427.203884052404,0,0.0,12203.508
2022-08-19 00:00:00+00:00,19.29,18.78,18.0228,72.656235,0.5692859,0.5,9427.203884052404,0.0,0.0,9427.203884052404,0,0.0,11722.859
2022-08-22 00:00:00+00:00,18.46,18.4,18.02985,60.262016,0.59785736,0.51875,9427.203884052404,0.0,0.0,9427.203884052404,0,0.0,11485.655
2022-08-23 00:00:00+00:00,18.46,18.46,18.03285,62.443443,0.5900003,0.4799999999999999,9427.203884052404,0.0,0.0,9427.203884052404,0,0.0,11523.108
2022-08-24 00:00:00+00:00,18.55,18.7,18.03555,62.612606,0.5785716,0.51875,9427.203884052404,0.0,0.0,9427.203884052404,0,0.0,11672.923
2022-08-25 00:00:00+00:00,18.78,19.13,18.0372,61.751156,0.4435715,0.4799999999999999,9427.203884052404,0.0,0.0,9427.203884052404,0,0.0,11941.335
2022-08-26 00:00:00+00:00,19.13,18.24,18.04095,62.946426,0.44571427,0.51875,9427.203884052404,0.0,0.0,9427.203884052404,0,0.0,11385.779
2022-08-29 00:00:00+00:00,18.27,17.97,18.0405,51.149414,0.48000008,0.4799999999999999,9427.203884052404,0.0,0.0,9427.203884052404,0,0.0,11217.24
2022-08-30 00:00:00+00:00,17.89,17.87,18.0402,47.68089,0.4885717,0.4799999999999999,9427.203884052404,0.0,0.0,9427.203884052404,0,0.0,11154.818
2022-08-31 00:00:00+00:00,18.02,17.77,18.0405,41.24749,0.46714306,0.51875,9427.203884052404,0.0,0.0,9427.203884052404,0,0.0,11092.3955
2022-09-01 00:00:00+00:00,17.36,17.37,18.04,35.053764,0.45928589,0.4799999999999999,9427.203884052404,0.0,0.0,9427.203884052404,0,0.0,10842.708
2022-09-02 00:00:00+00:00,17.65,17.26,18.03725,26.923061,0.48642868,0.5,9427.203884052404,0.0,0.0,9427.203884052404,0,0.0,10774.044
2022-09-06 00:00:00+00:00,17.37,17.0,18.03645,28.314589,0.5007143,0.51875,9427.203884052404,0.0,0.0,9427.203884052404,0,0.0,10611.746
2022-09-07 00:00:00+00:00,17.1,17.64,18.0346,21.232853,0.52571434,0.4799999999999999,9427.203884052404,0.0,0.0,9427.203884052404,0,0.0,11011.246
2022-09-08 00:00:00+00:00,17.42,17.67,18.03625,32.371113,0.5521428,0.4799999999999999,9427.203884052404,0.0,0.0,9427.203884052404,0,0.0,11029.975
2022-09-09 00:00:00+00:00,17.84,18.24,18.03935,29.914532,0.5607142,0.4799999999999999,9427.203884052404,0.0,0.0,9427.203884052404,0,0.0,11385.779
2022-09-12 00:00:00+00:00,18.23,18.49,18.04515,43.9732,0.5485713,0.4799999999999999,9427.203884052404,0.0,0.0,9427.203884052404,0,0.0,11541.834
2022-09-13 00:00:00+00:00,17.95,17.88,18.05035,51.034485,0.53785706,0.4919786096256685,9427.203884052404,0.0,0.0,9427.203884052404,0,0.0,11161.06
2022-09-14 00:00:00+00:00,17.89,18.32,18.05215,44.081635,0.5685714,0.4919786096256685,9427.203884052404,0.0,0.0,9427.203884052404,0,0.0,11435.716
2022-09-15 00:00:00+00:00,18.29,18.13,18.0616,46.274498,0.59357136,0.5174418604651162,9427.203884052404,0.0,0.0,9427.203884052404,0,0.0,11317.113
2022-09-16 00:00:00+00:00,18.06,17.77,18.07015,39.711937,0.58642864,0.5174418604651162,9427.203884052404,0.0,0.0,9427.203884052404,0,0.0,11092.3955
2022-09-19 00:00:00+00:00,17.55,17.82,18.0805,44.572758,0.5678571,0.5174418604651162,9427.203884052404,0.0,0.0,9427.203884052404,0,0.0,11123.606
2022-09-20 00:00:00+00:00,17.56,17.7,18.0928,48.175186,0.58999985,0.5174418604651162,9427.203884052404,0.0,0.0,9427.203884052404,0,0.0,11048.699
2022-09-21 00:00:00+00:00,17.85,16.8,18.10235,47.941887,0.60142845,0.5174418604651162,9427.203884052404,0.0,0.0,9427.203884052404,0,0.0,10486.9
2022-09-22 00:00:00+00:00,16.83,16.19,18.1091,40.16226,0.65499973,0.4919786096256685,9427.203884052404,0.0,0.0,9427.203884052404,0,0.0,10106.127
2022-09-23 00:00:00+00:00,15.95,15.82,18.10795,38.521397,0.66285694,0.4919786096256685,9427.203884052404,0.0,0.0,9427.203884052404,0,0.0,9875.165
2022-09-26 00:00:00+00:00,15.5,15.52,18.10415,36.66666,0.68214273,0.4919786096256685,9427.203884052404,0.0,0.0,9427.203884052404,0,0.0,9687.9
2022-09-27 00:00:00+00:00,15.75,15.76,18.09705,36.39706,0.6585713,0.4919786096256685,9427.203884052404,0.0,0.0,9427.203884052404,0,0.0,9837.713
2022-09-28 00:00:00+00:00,15.84,16.55,18.09165,31.34921,0.64428556,0.5174418604651162,9427.203884052404,0.0,0.0,9427.203884052404,0,0.0,10330.847
2022-09-29 00:00:00+00:00,16.22,15.79,18.09125,40.344814,0.6764285,0.5174418604651162,9427.203884052404,0.0,0.0,9427.203884052404,0,0.0,9856.439
2022-09-30 00:00:00+00:00,15.63,15.88,18.08925,29.54924,0.69928557,0.4919786096256685,9427.203884052404,0.0,0.0,9427.203884052404,0,0.0,9912.62
2022-10-03 00:00:00+00:00,15.99,16.37,18.0883,27.615772,0.71071404,0.5174418604651162,9427.203884052404,0.0,0.0,9427.203884052404,0,0.0,10218.489
2022-10-04 00:00:00+00:00,16.57,16.85,18.0911,36.77759,0.71857125,0.5174418604651162,9427.203884052404,0.0,0.0,9427.203884052404,0,0.0,10518.114
2022-10-05 00:00:00+00:00,16.52,16.73,18.098,37.21739,0.70857114,0.4919786096256685,9427.203884052404,0.0,0.0,9427.203884052404,0,0.0,10443.208
2022-10-06 00:00:00+00:00,16.65,16.56,18.1031,37.676052,0.72999984,0.4919786096256685,9427.203884052404,0.0,0.0,9427.203884052404,0,0.0,10337.091
2022-10-07 00:00:00+00:00,16.42,16.3,18.10845,38.97995,0.71499985,0.5174418604651162,9427.203884052404,0.0,0.0,9427.203884052404,0,0.0,10174.793
2022-10-10 00:00:00+00:00,16.44,16.34,18.10565,36.66666,0.6935712,0.5174418604651162,9427.203884052404,0.0,0.0,9427.203884052404,0,0.0,10199.763
2022-10-11 00:00:00+00:00,16.49,16.53,18.1013,37.900352,0.6928569,0.5174418604651162,9427.203884052404,0.0,0.0,9427.203884052404,0,0.0,10318.365
2022-10-12 00:00:00+00:00,16.52,16.62,18.0972,47.250523,0.65499985,0.5174418604651162,9427.203884052404,0.0,0.0,9427.203884052404,0,0.0,10374.545
2022-10-13 00:00:00+00:00,16.32,16.83,18.0929,54.897495,0.637857,0.5174418604651162,9427.203884052404,0.0,0.0,9427.203884052404,0,0.0,10505.631
2022-10-14 00:00:00+00:00,17.07,16.81,18.08965,61.938538,0.63071424,0.5174418604651162,9427.203884052404,0.0,0.0,9427.203884052404,0,0.0,10493.146
2022-10-17 00:00:00+00:00,17.38,17.38,18.0863,66.3291,0.63357145,0.5174418604651162,9427.203884052404,0.0,0.0,9427.203884052404,0,0.0,10848.951
2022-10-18 00:00:00+00:00,17.7,17.65,18.08545,68.92522,0.6464287,0.4919786096256685,9427.203884052404,0.0,0.0,9427.203884052404,0,0.0,11017.49
2022-10-19 00:00:00+00:00,17.55,17.53,18.08675,64.627655,0.6142859,0.4919786096256685,9427.203884052404,0.0,0.0,9427.203884052404,0,0.0,10942.584
2022-10-20 00:00:00+00:00,17.62,17.24,18.0861,77.88461,0.56857157,0.4919786096256685,9427.203884052404,0.0,0.0,9427.203884052404,0,0.0,10761.559
2022-10-21 00:00:00+00:00,17.29,17.84,18.08275,70.4819,0.58500016,0.4919786096256685,9427.203884052404,0.0,0.0,9427.203884052404,0,0.0,11136.091
2022-10-24 00:00:00+00:00,17.88,17.84,18.08505,71.42855,0.5750002,0.4919786096256685,9427.203884052404,0.0,0.0,9427.203884052404,0,0.0,11136.091
2022-10-25 00:00:00+00:00,17.68,18.0,18.0875,66.77964,0.5628575,0.5174418604651162,9427.203884052404,0.0,0.0,9427.203884052404,0,0.0,11235.966
2022-10-26 00:00:00+00:00,18.04,18.1,18.08645,71.23746,0.5564288,0.4919786096256685,9427.203884052404,0.0,0.0,9427.203884052404,0,0.0,11298.389
2022-10-27 00:00:00+00:00,18.28,18.51,18.0882,76.36986,0.5521431,0.4919786096256685,9427.203884052404,0.0,0.0,9427.203884052404,0,0.0,11554.318
2022-10-28 00:00:00+00:00,18.55,18.65,18.09035,85.993484,0.562143,0.4919786096256685,9427.203884052404,0.0,0.0,9427.203884052404,0,0.0,11641.71
2022-10-31 00:00:00+00:00,18.54,18.88,18.09395,86.435326,0.5571431,0.4919786096256685,9427.203884052404,0.0,0.0,9427.203884052404,0,0.0,11785.28
2022-11-01 00:00:00+00:00,19.04,18.86,18.098,86.60435,0.5500002,0.4919786096256685,9427.203884052404,0.0,0.0,9427.203884052404,0,0.0,11772.797
2022-11-02 00:00:00+00:00,18.71,18.0,18.1026,85.668816,0.52857155,0.4919786096256685,9427.203884052404,0.0,0.0,9427.203884052404,0,0.0,11235.968
2022-11-03 00:00:00+00:00,18.1,16.99,18.1041,65.43536,0.5464287,0.5174418604651162,9427.203884052404,0.0,0.0,9427.203884052404,0,0.0,10605.506
2022-11-04 00:00:00+00:00,17.22,17.2,18.1023,51.88285,0.61214286,0.4919786096256685,9427.203884052404,0.0,0.0,9427.203884052404,0,0.0,10736.592
2022-11-07 00:00:00+00:00,17.41,17.17,18.10185,47.963818,0.60857135,0.4919786096256685,9427.203884052404,0.0,0.0,9427.203884052404,0,0.0,10717.865
2022-11-08 00:00:00+00:00,17.17,17.25,18.1025,44.25838,0.6271428,0.5174418604651162,9427.203884052404,0.0,0.0,9427.203884052404,0,0.0,10767.803
2022-11-09 00:00:00+00:00,17.06,16.8,18.10375,46.61835,0.6278572,0.5174418604651162,9427.203884052404,0.0,0.0,9427.203884052404,0,0.0,10486.903
2022-11-10 00:00:00+00:00,17.4,18.13,18.10255,44.883717,0.6164287,0.4919786096256685,9427.203884052404,0.0,0.0,9427.203884052404,0,0.0,11317.116
2022-11-11 00:00:00+00:00,18.43,18.56,18.10795,52.882694,0.6685715,0.4919786096256685,9427.203884052404,0.0,0.0,9427.203884052404,0,0.0,11585.531
2022-11-14 00:00:00+00:00,18.43,18.09,18.1178,56.5934,0.6878572,0.4919786096256685,9427.203884052404,0.0,0.0,9427.203884052404,0,0.0,11292.148
2022-11-15 00:00:00+00:00,18.52,18.56,18.12435,50.779896,0.6914287,0.4919786096256685,9427.203884052404,0.0,0.0,9427.203884052404,0,0.0,11585.532
2022-11-16 00:00:00+00:00,18.29,18.28,18.13045,53.745922,0.70571434,0.4919786096256685,9427.203884052404,0.0,0.0,9427.203884052404,0,0.0,11410.751
2022-11-17 00:00:00+00:00,17.94,17.87,18.135,48.086525,0.70571434,0.4919786096256685,9427.203884052404,0.0,0.0,9427.203884052404,0,0.0,11154.821
2022-11-18 00:00:00+00:00,18.17,18.33,18.13845,43.789818,0.71642876,0.4919786096256685,9427.203884052404,0.0,0.0,9427.203884052404,0,0.0,11441.963
2022-11-21 00:00:00+00:00,18.28,18.17,18.1447,45.775734,0.71857166,0.4919786096256685,9427.203884052404,0.0,0.0,9427.203884052404,0,0.0,11342.088
2022-11-22 00:00:00+00:00,18.3,18.53,18.14825,44.812027,0.7221432,0.4919786096256685,9427.203884052404,0.0,0.0,9427.203884052404,0,0.0,11566.809
2022-11-23 00:00:00+00:00,18.38,18.27,18.151701,54.30895,0.6814288,0.5174418604651162,9427.203884052404,0.0,0.0,9427.203884052404,0,0.0,11404.511
2022-11-25 00:00:00+00:00,18.23,18.46,18.1522,61.85186,0.60142887,0.4919786096256685,9427.203884052404,0.0,0.0,9427.203884052404,0,0.0,11523.112
2022-11-28 00:00:00+00:00,18.22,18.2,18.15225,61.710026,0.5750002,0.4919786096256685,9427.203884052404,0.0,0.0,9427.203884052404,0,0.0,11360.815
2022-11-29 00:00:00+00:00,18.2,18.66,18.15055,59.18005,0.547143,0.4919786096256685,9427.203884052404,0.0,0.0,9427.203884052404,0,0.0,11647.956
2022-11-30 00:00:00+00:00,18.57,18.94,18.15355,61.769627,0.5607143,0.5174418604651162,9427.203884052404,0.0,0.0,9427.203884052404,0,0.0,11822.737
2022-12-01 00:00:00+00:00,18.97,18.69,18.1586,68.38491,0.5707143,0.5174418604651162,9427.203884052404,0.0,0.0,9427.203884052404,0,0.0,11666.683
2022-12-02 00:00:00+00:00,18.45,18.57,18.15845,55.907196,0.5092856,0.4919786096256685,9427.203884052404,0.0,0.0,9427.203884052404,0,0.0,11591.775
2022-12-05 00:00:00+00:00,18.41,17.68,18.15475,50.11287,0.49214283,0.5174418604651162,9427.203884052404,0.0,0.0,9427.203884052404,0,0.0,11036.22
2022-12-06 00:00:00+00:00,17.63,17.41,18.14665,45.773193,0.50999993,0.4919786096256685,9427.203884052404,0.0,0.0,9427.203884052404,0,0.0,10867.679
2022-12-07 00:00:00+00:00,17.37,17.58,18.13815,37.634403,0.49071434,0.4919786096256685,9427.203884052404,0.0,0.0,9427.203884052404,0,0.0,10973.797
2022-12-08 00:00:00+00:00,17.74,17.69,18.1331,42.290737,0.4828573,0.5174418604651162,9427.203884052404,0.0,0.0,9427.203884052404,0,0.0,11042.461
2022-12-09 00:00:00+00:00,17.55,17.69,18.12985,47.877354,0.46928582,0.4919786096256685,9427.203884052404,0.0,0.0,9427.203884052404,0,0.0,11042.461
2022-12-12 00:00:00+00:00,17.7,18.1,18.12585,41.534397,0.45714298,0.4919786096256685,9427.203884052404,0.0,0.0,9427.203884052404,0,0.0,11298.392
2022-12-13 00:00:00+00:00,18.69,18.07,18.1226,49.131516,0.4692857,0.4919786096256685,9427.203884052404,0.0,0.0,9427.203884052404,0,0.0,11279.665
2022-12-14 00:00:00+00:00,18.09,17.58,18.1216,43.783768,0.5064286,0.5174418604651162,9427.203884052404,0.0,0.0,9427.203884052404,0,0.0,10973.797
2022-12-15 00:00:00+00:00,17.32,17.12,18.1224,41.221363,0.53357136,0.5174418604651162,9427.203884052404,0.0,0.0,9427.203884052404,0,0.0,10686.656
2022-12-16 00:00:00+00:00,16.91,17.0,18.1184,34.047634,0.54642856,0.4919786096256685,9427.203884052404,0.0,0.0,9427.203884052404,0,0.0,10611.75
2022-12-19 00:00:00+00:00,16.99,16.78,18.11545,35.221672,0.555,0.5174418604651162,9427.203884052404,0.0,0.0,9427.203884052404,0,0.0,10474.422
2022-12-20 00:00:00+00:00,16.7,16.91,18.11305,25.39269,0.54214287,0.5174418604651162,9427.203884052404,0.0,0.0,9427.203884052404,0,0.0,10555.57
2022-12-21 00:00:00+00:00,16.78,15.88,18.11475,22.343315,0.51714283,0.5174418604651162,9427.203884052404,0.0,0.0,9427.203884052404,0,0.0,9912.623
2022-12-22 00:00:00+00:00,15.77,16.05,18.10695,18.42696,0.5507143,0.4919786096256685,9427.203884052404,0.0,0.0,9427.203884052404,0,0.0,10018.739
2022-12-23 00:00:00+00:00,16.06,16.34,18.09685,21.999983,0.5549999,0.5174418604651162,9427.203884052404,0.0,0.0,9427.203884052404,0,0.0,10199.764
2022-12-27 00:00:00+00:00,16.39,16.16,18.0873,32.82051,0.52214277,0.5174418604651162,9427.203884052404,0.0,0.0,9427.203884052404,0,0.0,10087.404
2022-12-28 00:00:00+00:00,16.2,15.84,18.078,33.5958,0.52285707,0.5174418604651162,9427.203884052404,0.0,0.0,9427.203884052404,0,0.0,9887.653
2022-12-29 00:00:00+00:00,15.61,15.81,18.0677,28.0303,0.5192857,0.4919786096256685,9427.203884052404,0.0,0.0,9427.203884052404,0,0.0,9868.927
2022-12-30 00:00:00+00:00,15.67,16.05,18.056,25.773184,0.5142856,0.5174418604651162,9427.203884052404,0.0,0.0,9427.203884052404,0,0.0,10018.739
2023-01-03 00:00:00+00:00,16.15,15.93,18.04195,30.097057,0.5264285,0.5174418604651162,9427.203884052404,0.0,0.0,9427.203884052404,0,0.0,9943.834
2023-01-04 00:00:00+00:00,16.05,16.17,18.027401,21.670988,0.51857144,0.5174418604651162,9427.203884052404,0.0,0.0,9427.203884052404,0,0.0,10093.647
2023-01-05 00:00:00+00:00,16.02,15.79,18.0131,26.485125,0.48214287,0.5174418604651162,9427.203884052404,0.0,0.0,9427.203884052404,0,0.0,9856.443
2023-01-06 00:00:00+00:00,15.88,16.17,17.9998,27.226439,0.4664286,0.5174418604651162,9427.203884052404,0.0,0.0,9427.203884052404,0,0.0,10093.647
2023-01-09 00:00:00+00:00,16.1,16.2,17.98765,37.662315,0.4664287,0.5174418604651162,9427.203884052404,0.0,0.0,9427.203884052404,0,0.0,10112.375
2023-01-10 00:00:00+00:00,16.23,16.45,17.97685,39.361702,0.44714293,0.7312576214528573,9427.203884052404,0.0,0.0,9427.203884052404,0,0.0,10268.431
2023-01-11 00:00:00+00:00,16.67,17.26,17.965601,45.646435,0.45571443,0.5174418604651162,-9.427203884051778,9422.492637733538,0.0,9413.065433849486,1,15.77928638458252,10774.05
2023-01-12 00:00:00+00:00,17.38,17.4,17.95645,53.914997,0.4935716,0.4919786096256685,-9.427203884051778,9498.920722590605,0.0,9489.493518706553,0,16.57642936706543,10861.44
2023-01-13 00:00:00+00:00,17.23,17.01,17.94795,71.22906,0.43857166,0.4919786096256685,-9.427203884051778,9286.014472321014,0.0,9276.587268436962,0,16.65964126586914,10617.995
2023-01-17 00:00:00+00:00,17.1,17.41,17.9339,62.6316,0.4407145,0.4919786096256685,-9.427203884051778,9504.38050788418,0.0,9494.953304000128,0,16.65964126586914,10867.684
2023-01-18 00:00:00+00:00,17.35,17.14,17.9213,63.682873,0.4392858,0.4919786096256685,-9.427203884051778,9356.983213171823,0.0,9347.556009287771,0,16.74892807006836,10699.144
2023-01-19 00:00:00+00:00,17.07,17.08,17.90985,62.250008,0.4421429,0.5174418604651162,-9.427203884051778,9324.228337505348,0.0,9314.801133621297,0,16.74892807006836,10661.69
2023-01-20 00:00:00+00:00,17.16,17.61,17.8975,66.57755,0.4328571,0.5174418604651162,-9.427203884051778,9613.564137788024,0.0,9604.136933903972,0,16.74892807006836,10992.528
2023-01-23 00:00:00+00:00,17.67,17.96,17.8883,71.22643,0.45571417,0.4919786096256685,-9.427203884051778,9804.633055747288,0.0,9795.205851863237,0,16.96071434020996,11211.004
2023-01-24 00:00:00+00:00,17.95,18.13,17.88305,71.95404,0.44857126,0.4919786096256685,9873.165017167998,0.0,0.0,9873.165017167998,-1,0.0,11317.122
2023-01-25 00:00:00+00:00,18.08,18.25,17.8821,75.0,0.44642836,0.4919786096256685,9873.165017167998,0.0,0.0,9873.165017167998,0,0.0,11392.028
2023-01-26 00:00:00+00:00,18.29,18.34,17.8836,74.29907,0.4449999,0.4919786096256685,9873.165017167998,0.0,0.0,9873.165017167998,0,0.0,11448.209
2023-01-27 00:00:00+00:00,18.39,18.63,17.8862,81.9549,0.43214273,0.4919786096256685,9873.165017167998,0.0,0.0,9873.165017167998,0,0.0,11629.233
2023-01-30 00:00:00+00:00,18.37,18.53,17.8901,81.53847,0.4307142,0.4919786096256685,9873.165017167998,0.0,0.0,9873.165017167998,0,0.0,11566.813
2023-01-31 00:00:00+00:00,18.56,18.85,17.89165,79.34512,0.4364285,0.4919786096256685,9873.165017167998,0.0,0.0,9873.165017167998,0,0.0,11766.563
2023-02-01 00:00:00+00:00,18.62,18.8,17.8874,79.703,0.42857128,0.4919786096256685,9873.165017167998,0.0,0.0,9873.165017167998,0,0.0,11735.353
2023-02-02 00:00:00+00:00,18.94,19.23,17.8835,73.47562,0.41071415,0.5174418604651162,9873.165017167998,0.0,0.0,9873.165017167998,0,0.0,12003.768
2023-02-03 00:00:00+00:00,18.98,19.07,17.88245,75.630264,0.42857128,0.5174418604651162,9873.165017167998,0.0,0.0,9873.165017167998,0,0.0,11903.893
2023-02-06 00:00:00+00:00,19.04,18.52,17.87565,80.83833,0.4292856,0.4919786096256685,9873.165017167998,0.0,0.0,9873.165017167998,0,0.0,11560.571
2023-02-07 00:00:00+00:00,18.52,18.71,17.8661,65.902596,0.44571427,0.9823019648228063,9873.165017167998,0.0,0.0,9873.165017167998,0,0.0,11679.173
2023-02-08 00:00:00+00:00,18.61,18.55,17.85645,73.02055,0.45428577,0.5174418604651162,-4951.3922561097515,14802.346352575709,4936.582508583999,4914.3715878819585,1,17.37285614013672,11579.297
2023-02-09 00:00:00+00:00,18.71,18.45,17.8464,70.940186,0.45928574,0.4919786096256685,-4952.371736766217,14722.550407359313,4936.582508583999,4833.596162009098,0,17.37285614013672,11516.875
2023-02-10 00:00:00+00:00,18.36,18.18,17.834,63.63639,0.44357163,0.5174418604651162,-4953.351217422682,14507.097778117055,4936.582508583999,4617.1640521103745,0,17.37285614013672,11348.335
2023-02-13 00:00:00+00:00,18.18,18.46,17.8228,53.66669,0.4564288,0.4919786096256685,-4954.330698079147,14730.528591863434,4936.582508583999,4839.615385200288,0,17.37285614013672,11523.115
2023-02-14 00:00:00+00:00,18.38,18.53,17.8098,55.305473,0.4607146,0.5,-4955.310178735612,14786.387455992879,4936.582508583999,4894.4947686732685,0,17.37285614013672,11566.812
2023-02-15 00:00:00+00:00,18.39,18.43,17.79625,54.57518,0.46857166,0.5174418604651162,-4956.289659392077,14706.590289010404,4936.582508583999,4813.718121034328,0,17.37285614013672,11504.389
2023-02-16 00:00:00+00:00,17.0,17.35,17.78665,51.4658,0.46785736,0.5174418604651162,8866.745906708395,0.0,0.0,8866.745906708395,-1,0.0,10830.23
2023-02-17 00:00:00+00:00,17.25,16.94,17.77275,33.419693,0.5692859,0.4919786096256685,8866.745906708395,0.0,0.0,8866.745906708395,0,0.0,10574.3
2023-02-21 00:00:00+00:00,16.76,16.99,17.75805,30.935242,0.5807145,0.4919786096256685,8866.745906708395,0.0,0.0,8866.745906708395,0,0.0,10605.511
2023-02-22 00:00:00+00:00,17.04,17.08,17.74235,26.153824,0.58714306,0.5174418604651162,8866.745906708395,0.0,0.0,8866.745906708395,0,0.0,10661.69
2023-02-23 00:00:00+00:00,17.16,17.35,17.729,28.172579,0.5650001,0.5174418604651162,8866.745906708395,0.0,0.0,8866.745906708395,0,0.0,10830.2295
2023-02-24 00:00:00+00:00,16.99,16.98,17.71455,25.132265,0.56,0.5174418604651162,8866.745906708395,0.0,0.0,8866.745906708395,0,0.0,10599.268
2023-02-27 00:00:00+00:00,17.23,17.08,17.7039,23.809507,0.5628572,0.5174418604651162,8866.745906708395,0.0,0.0,8866.745906708395,0,0.0,10661.69
2023-02-28 00:00:00+00:00,17.14,16.8,17.6918,29.661003,0.5414287,0.5174418604651162,8866.745906708395,0.0,0.0,8866.745906708395,0,0.0,10486.908
2023-03-01 00:00:00+00:00,16.97,17.01,17.67935,23.69147,0.53357154,0.5174418604651162,8866.745906708395,0.0,0.0,8866.745906708395,0,0.0,10617.995
2023-03-02 00:00:00+00:00,16.86,16.98,17.6684,29.076113,0.5371429,0.4919786096256685,8866.745906708395,0.0,0.0,8866.745906708395,0,0.0,10599.269
2023-03-03 00:00:00+00:00,17.1,17.07,17.6538,29.639896,0.52999985,0.5174418604651162,8866.745906708395,0.0,0.0,8866.745906708395,0,0.0,10655.449
2023-03-06 00:00:00+00:00,17.07,16.95,17.63825,33.819252,0.5078569,0.5174418604651162,8866.745906708395,0.0,0.0,8866.745906708395,0,0.0,10580.543
2023-03-07 00:00:00+00:00,17.0,16.92,17.6194,26.911371,0.5078568,0.5174418604651162,8866.745906708395,0.0,0.0,8866.745906708395,0,0.0,10561.816
2023-03-08 00:00:00+00:00,16.9,16.97,17.60515,25.077415,0.49499974,0.5174418604651162,8866.745906708395,0.0,0.0,8866.745906708395,0,0.0,10593.028
2023-03-09 00:00:00+00:00,16.97,16.1,17.59275,27.044025,0.4871427,0.5,8866.745906708395,0.0,0.0,8866.745906708395,0,0.0,10049.956
2023-03-10 00:00:00+00:00,15.98,15.9,17.5802,28.956238,0.4192855,0.4919786096256685,8866.745906708395,0.0,0.0,8866.745906708395,0,0.0,9925.111
2023-03-13 00:00:00+00:00,15.74,15.77,17.56605,31.159418,0.42642838,0.5174418604651162,8866.745906708395,0.0,0.0,8866.745906708395,0,0.0,9843.964
2023-03-14 00:00:00+00:00,16.11,15.96,17.55215,28.521154,0.42571416,0.5174418604651162,8866.745906708395,0.0,0.0,8866.745906708395,0,0.0,9962.564
2023-03-15 00:00:00+00:00,15.54,15.76,17.5352,30.952393,0.4399999,0.5174418604651162,8866.745906708395,0.0,0.0,8866.745906708395,0,0.0,9837.721
2023-03-16 00:00:00+00:00,15.52,15.87,17.5122,22.299658,0.44928572,0.5174418604651162,8866.745906708395,0.0,0.0,8866.745906708395,0,0.0,9906.385
2023-03-17 00:00:00+00:00,15.69,15.34,17.48805,28.735636,0.4564286,0.8755819071204394,8866.745906708395,0.0,0.0,8866.745906708395,0,0.0,9575.548
2023-03-20 00:00:00+00:00,15.41,15.69,17.4648,21.381573,0.4685714,0.4919786096256685,-4446.67307221426,13293.472124000593,4433.372953354197,4413.426098432135,1,14.655357360839844,9794.025
2023-03-21 00:00:00+00:00,15.87,15.85,17.4411,32.154335,0.47357136,0.5174418604651162,-4447.552709705005,13429.034159963592,4433.372953354197,4548.1084969043895,0,14.987142562866211,9893.901
2023-03-22 00:00:00+00:00,15.53,15.08,17.4169,31.045738,0.47357145,0.5174418604651162,-4448.4323471957505,12776.645399700416,4433.372953354197,3894.8400991504677,0,15.139643669128418,9413.251
2023-03-23 00:00:00+00:00,15.06,14.86,17.3895,24.999987,0.50857157,0.4919786096256685,8122.0509368388575,0.0,0.0,8122.0509368388575,-1,0.0,9275.922
2023-03-24 00:00:00+00:00,14.71,15.06,17.358,21.882933,0.52785736,0.5174418604651162,8122.0509368388575,0.0,0.0,8122.0509368388575,0,0.0,9400.767
2023-03-27 00:00:00+00:00,15.23,15.14,17.3275,26.433907,0.53571457,0.5174418604651162,8122.0509368388575,0.0,0.0,8122.0509368388575,0,0.0,9450.704
2023-03-28 00:00:00+00:00,15.0,15.25,17.2985,28.078814,0.53428584,0.5174418604651162,8122.0509368388575,0.0,0.0,8122.0509368388575,0,0.0,9519.368
2023-03-29 00:00:00+00:00,15.51,15.76,17.2752,29.126217,0.5421429,0.5174418604651162,8122.0509368388575,0.0,0.0,8122.0509368388575,0,0.0,9837.721
2023-03-30 00:00:00+00:00,15.82,15.79,17.2608,45.47872,0.51500005,0.4919786096256685,8122.0509368388575,0.0,0.0,8122.0509368388575,0,0.0,9856.447
2023-03-31 00:00:00+00:00,15.95,16.49,17.2541,48.46797,0.49928576,0.4919786096256685,8122.0509368388575,0.0,0.0,8122.0509368388575,0,0.0,10293.401
2023-04-03 00:00:00+00:00,16.51,16.28,17.25065,58.65384,0.5200001,0.4919786096256685,8122.0509368388575,0.0,0.0,8122.0509368388575,0,0.0,10162.315
2023-04-04 00:00:00+00:00,16.32,16.16,17.244,53.82776,0.51428586,0.4919786096256685,8122.0509368388575,0.0,0.0,8122.0509368388575,0,0.0,10087.408
2023-04-05 00:00:00+00:00,16.14,16.08,17.2415,54.878044,0.4992859,0.4919786096256685,8122.0509368388575,0.0,0.0,8122.0509368388575,0,0.0,10037.471
2023-04-06 00:00:00+00:00,16.18,16.08,17.2409,52.579853,0.4692859,0.4919786096256685,8122.0509368388575,0.0,0.0,8122.0509368388575,0,0.0,10037.471
2023-04-10 00:00:00+00:00,16.03,16.27,17.23895,60.451973,0.44785732,0.5174418604651162,8122.0509368388575,0.0,0.0,8122.0509368388575,0,0.0,10156.072
2023-04-11 00:00:00+00:00,16.3,16.4,17.2418,58.57989,0.4378573,0.4919786096256685,8122.0509368388575,0.0,0.0,8122.0509368388575,0,0.0,10237.221
2023-04-12 00:00:00+00:00,16.58,16.11,17.2468,58.208942,0.4264288,0.5174418604651162,8122.0509368388575,0.0,0.0,8122.0509368388575,0,0.0,10056.197
2023-04-13 00:00:00+00:00,16.2,16.3,17.2469,67.94427,0.40928596,0.4919786096256685,8122.0509368388575,0.0,0.0,8122.0509368388575,0,0.0,10174.799
2023-04-14 00:00:00+00:00,16.36,16.29,17.2483,75.35213,0.39285734,0.5174418604651162,8122.0509368388575,0.0,0.0,8122.0509368388575,0,0.0,10168.559
2023-04-17 00:00:00+00:00,16.34,16.52,17.2491,73.2076,0.37785742,0.5174418604651162,8122.0509368388575,0.0,0.0,8122.0509368388575,0,0.0,10312.128
2023-04-18 00:00:00+00:00,16.55,16.63,17.2532,74.64291,0.37714323,0.4919786096256685,8122.0509368388575,0.0,0.0,8122.0509368388575,0,0.0,10380.791
2023-04-19 00:00:00+00:00,16.52,16.47,17.25795,74.6429,0.38142887,0.5174418604651162,8122.0509368388575,0.0,0.0,8122.0509368388575,0,0.0,10280.917
2023-04-20 00:00:00+00:00,16.41,16.1,17.26175,64.489815,0.36214304,0.5174418604651162,8122.0509368388575,0.0,0.0,8122.0509368388575,0,0.0,10049.956
2023-04-21 00:00:00+00:00,16.15,16.22,17.26315,55.55558,0.36857155,0.5174418604651162,8122.0509368388575,0.0,0.0,8122.0509368388575,0,0.0,10124.861
2023-04-24 00:00:00+00:00,16.11,16.36,17.2669,43.89137,0.3335715,0.5174418604651162,8122.0509368388575,0.0,0.0,8122.0509368388575,0,0.0,10212.252
2023-04-25 00:00:00+00:00,16.18,15.92,17.26815,51.869164,0.32428572,0.5174418604651162,8122.0509368388575,0.0,0.0,8122.0509368388575,0,0.0,9937.595
2023-04-26 00:00:00+00:00,15.91,15.8,17.268,45.121944,0.33214283,0.49360180059614334,8122.0509368388575,0.0,0.0,8122.0509368388575,0,0.0,9862.688
2023-04-27 00:00:00+00:00,15.89,15.91,17.2683,44.39999,0.3414285,0.5174418604651162,8122.0509368388575,0.0,0.0,8122.0509368388575,0,0.0,9931.354
2023-04-28 00:00:00+00:00,15.97,16.17,17.26815,46.743286,0.3492856,0.99,8122.0509368388575,0.0,0.0,8122.0509368388575,0,0.0,10093.65
2023-05-01 00:00:00+00:00,16.35,16.18,17.26965,48.134315,0.35714278,0.5174418604651162,-4073.2085448246853,12176.987911302635,4061.025468419428,4042.7538980585214,1,15.646071434020996,10099.894
2023-05-02 00:00:00+00:00,16.15,15.98,17.272,45.70313,0.37071413,0.5174418604651162,-4074.014303846197,12026.468284923045,4061.025468419428,3891.4285126574196,0,15.646071434020996,9975.049
2023-05-03 00:00:00+00:00,16.08,16.27,17.2721,47.368393,0.37642834,0.4919786096256685,-4074.8200628677087,12244.72110742792,4061.025468419428,4108.875576140784,0,15.646071434020996,10156.073
2023-05-04 00:00:00+00:00,17.1,17.31,17.2717,49.416367,0.39571407,0.4919786096256685,-4075.6258218892203,13027.418535298424,4061.025468419428,4890.767244989776,0,15.705357551574707,10805.263
2023-05-05 00:00:00+00:00,17.87,17.76,17.27265,64.16665,0.45571396,0.4919786096256685,9269.60596777141,0.0,0.0,9269.60596777141,-1,0.0,11086.162
2023-05-08 00:00:00+00:00,17.76,17.42,17.27475,66.23036,0.49214253,0.4919786096256685,9269.60596777141,0.0,0.0,9269.60596777141,0,0.0,10873.927
2023-05-09 00:00:00+00:00,17.28,17.5,17.27575,59.753094,0.49857113,0.4919786096256685,9269.60596777141,0.0,0.0,9269.60596777141,0,0.0,10923.865
2023-05-10 00:00:00+00:00,17.64,17.32,17.27865,62.972298,0.5064283,0.4919786096256685,9269.60596777141,0.0,0.0,9269.60596777141,0,0.0,10811.505
2023-05-11 00:00:00+00:00,17.21,16.86,17.27875,66.13754,0.5221427,0.4919786096256685,9269.60596777141,0.0,0.0,9269.60596777141,0,0.0,10524.364
2023-05-12 00:00:00+00:00,16.87,16.74,17.27835,57.767002,0.53785694,0.5174418604651162,9269.60596777141,0.0,0.0,9269.60596777141,0,0.0,10449.457
2023-05-15 00:00:00+00:00,16.81,16.92,17.2741,54.634132,0.53999996,0.5174418604651162,9269.60596777141,0.0,0.0,9269.60596777141,0,0.0,10561.816
2023-05-16 00:00:00+00:00,16.95,16.96,17.26915,63.020824,0.52285707,0.5174418604651162,9269.60596777141,0.0,0.0,9269.60596777141,0,0.0,10586.785
2023-05-17 00:00:00+00:00,17.04,17.04,17.2649,65.425514,0.5385713,0.5174418604651162,9269.60596777141,0.0,0.0,9269.60596777141,0,0.0,10636.725
2023-05-18 00:00:00+00:00,17.03,17.35,17.2609,65.14745,0.54071426,0.5174418604651162,9269.60596777141,0.0,0.0,9269.60596777141,0,0.0,10830.231
2023-05-19 00:00:00+00:00,17.45,17.07,17.26115,65.60846,0.5485714,0.5174418604651162,9269.60596777141,0.0,0.0,9269.60596777141,0,0.0,10655.449
2023-05-22 00:00:00+00:00,17.13,17.12,17.2598,60.98764,0.56071436,0.5174418604651162,9269.60596777141,0.0,0.0,9269.60596777141,0,0.0,10686.662
2023-05-23 00:00:00+00:00,17.04,16.82,17.257,64.61539,0.53214294,0.5174418604651162,9269.60596777141,0.0,0.0,9269.60596777141,0,0.0,10499.3955
2023-05-24 00:00:00+00:00,16.64,16.57,17.25125,57.03323,0.51500005,0.5174418604651162,9269.60596777141,0.0,0.0,9269.60596777141,0,0.0,10343.34
2023-05-25 00:00:00+00:00,16.58,16.73,17.2435,38.14105,0.45571437,0.5,9269.60596777141,0.0,0.0,9269.60596777141,0,0.0,10443.214
2023-05-26 00:00:00+00:00,16.72,16.78,17.23605,31.802132,0.42571422,0.4919786096256685,9269.60596777141,0.0,0.0,9269.60596777141,0,0.0,10474.426
2023-05-30 00:00:00+00:00,16.79,16.59,17.22625,37.40161,0.40428558,0.5174418604651162,9269.60596777141,0.0,0.0,9269.60596777141,0,0.0,10355.823
2023-05-31 00:00:00+00:00,16.54,16.6,17.2134,32.830227,0.4071428,0.5174418604651162,9269.60596777141,0.0,0.0,9269.60596777141,0,0.0,10362.066
2023-06-01 00:00:00+00:00,16.65,16.75,17.19875,35.483917,0.38714287,0.5174418604651162,9269.60596777141,0.0,0.0,9269.60596777141,0,0.0,10455.698
2023-06-02 00:00:00+00:00,16.99,17.6,17.18655,47.46543,0.36785725,0.5174418604651162,9269.60596777141,0.0,0.0,9269.60596777141,0,0.0,10986.286
2023-06-05 00:00:00+00:00,17.55,17.41,17.17695,64.82757,0.4092857,0.5174418604651162,9269.60596777141,0.0,0.0,9269.60596777141,0,0.0,10867.684
2023-06-06 00:00:00+00:00,17.38,17.61,17.16725,58.419224,0.4085714,0.4919786096256685,9269.60596777141,0.0,0.0,9269.60596777141,0,0.0,10992.529
2023-06-07 00:00:00+00:00,17.65,17.72,17.15755,60.58632,0.39928573,0.4919786096256685,9269.60596777141,0.0,0.0,9269.60596777141,0,0.0,11061.192
2023-06-08 00:00:00+00:00,17.61,17.83,17.15225,60.9677,0.39857143,0.5174418604651162,9269.60596777141,0.0,0.0,9269.60596777141,0,0.0,11129.857
2023-06-09 00:00:00+00:00,17.79,17.73,17.1494,58.27584,0.39071423,0.4919786096256685,9269.60596777141,0.0,0.0,9269.60596777141,0,0.0,11067.435
2023-06-12 00:00:00+00:00,17.73,17.62,17.14575,62.132328,0.36428562,0.4919786096256685,9269.60596777141,0.0,0.0,9269.60596777141,0,0.0,10998.771
2023-06-13 00:00:00+00:00,17.63,17.44,17.14035,58.992798,0.3735714,0.4919786096256685,9269.60596777141,0.0,0.0,9269.60596777141,0,0.0,10886.41
2023-06-14 00:00:00+00:00,17.47,17.46,17.1319,61.654144,0.3714285,0.5174418604651162,9269.60596777141,0.0,0.0,9269.60596777141,0,0.0,10898.895
2023-06-15 00:00:00+00:00,17.47,17.11,17.128,68.312744,0.3742857,0.5174418604651162,9269.60596777141,0.0,0.0,9269.60596777141,0,0.0,10680.418
2023-06-16 00:00:00+00:00,17.21,17.05,17.1237,57.25193,0.39357144,0.5174418604651162,9269.60596777141,0.0,0.0,9269.60596777141,0,0.0,10642.964
2023-06-20 00:00:00+00:00,17.0,16.61,17.1196,55.133053,0.40285736,0.5174418604651162,9269.60596777141,0.0,0.0,9269.60596777141,0,0.0,10368.308
2023-06-21 00:00:00+00:00,16.53,16.64,17.1138,50.34723,0.40714306,0.5174418604651162,9269.60596777141,0.0,0.0,9269.60596777141,0,0.0,10387.033
2023-06-22 00:00:00+00:00,16.66,16.5,17.11015,50.68964,0.40071434,0.5174418604651162,9269.60596777141,0.0,0.0,9269.60596777141,0,0.0,10299.642
2023-06-23 00:00:00+00:00,16.28,16.24,17.10635,45.674732,0.4078571,0.5174418604651162,9269.60596777141,0.0,0.0,9269.60596777141,0,0.0,10137.345
2023-06-26 00:00:00+00:00,16.18,16.43,17.10255,20.43471,0.37000003,0.4919786096256685,9269.60596777141,0.0,0.0,9269.60596777141,0,0.0,10255.947
2023-06-27 00:00:00+00:00,16.23,16.63,17.0965,28.69562,0.3792858,0.5174418604651162,9269.60596777141,0.0,0.0,9269.60596777141,0,0.0,10380.791
2023-06-28 00:00:00+00:00,16.63,16.53,17.0913,28.69556,0.39642864,0.5174418604651162,9269.60596777141,0.0,0.0,9269.60596777141,0,0.0,10318.37
2023-06-29 00:00:00+00:00,16.31,16.69,17.08275,24.017422,0.38499996,0.5174418604651162,9269.60596777141,0.0,0.0,9269.60596777141,0,0.0,10418.244
2023-06-30 00:00:00+00:00,16.8,16.83,17.07375,25.64096,0.38428566,0.5174418604651162,9269.60596777141,0.0,0.0,9269.60596777141,0,0.0,10505.635
2023-07-03 00:00:00+00:00,16.83,17.32,17.0685,31.092379,0.39071423,0.4919786096256685,9269.60596777141,0.0,0.0,9269.60596777141,0,0.0,10811.502
2023-07-05 00:00:00+00:00,17.23,17.18,17.0635,44.56518,0.4028571,0.4919786096256685,9269.60596777141,0.0,0.0,9269.60596777141,0,0.0,10724.111
2023-07-06 00:00:00+00:00,16.98,17.17,17.05875,45.22057,0.4078572,0.4919786096256685,9269.60596777141,0.0,0.0,9269.60596777141,0,0.0,10717.869
2023-07-07 00:00:00+00:00,17.17,17.45,17.05575,44.649452,0.40642875,0.4919786096256685,9269.60596777141,0.0,0.0,9269.60596777141,0,0.0,10892.651
2023-07-10 00:00:00+00:00,17.4,17.79,17.0539,56.439407,0.3928574,0.4919786096256685,9269.60596777141,0.0,0.0,9269.60596777141,0,0.0,11104.887
2023-07-11 00:00:00+00:00,17.89,17.82,17.05435,62.671288,0.40785736,0.4919786096256685,9269.60596777141,0.0,0.0,9269.60596777141,0,0.0,11123.612
2023-07-12 00:00:00+00:00,17.99,17.63,17.05945,74.10362,0.3900002,0.4919786096256685,9269.60596777141,0.0,0.0,9269.60596777141,0,0.0,11005.01
2023-07-13 00:00:00+00:00,17.69,17.79,17.06665,68.539345,0.40142876,0.5174418604651162,9269.60596777141,0.0,0.0,9269.60596777141,0,0.0,11104.886
2023-07-14 00:00:00+00:00,17.67,17.4,17.0765,73.97772,0.40642875,0.4919786096256685,9269.60596777141,0.0,0.0,9269.60596777141,0,0.0,10861.438
2023-07-17 00:00:00+00:00,17.38,17.44,17.0859,70.567375,0.43071446,0.5174418604651162,9269.60596777141,0.0,0.0,9269.60596777141,0,0.0,10886.408
2023-07-18 00:00:00+00:00,17.44,17.68,17.0943,68.913864,0.4250002,0.5174418604651162,9269.60596777141,0.0,0.0,9269.60596777141,0,0.0,11036.221
2023-07-19 00:00:00+00:00,17.83,17.67,17.09995,69.37271,0.40214306,0.5174418604651162,9269.60596777141,0.0,0.0,9269.60596777141,0,0.0,11029.978
2023-07-20 00:00:00+00:00,17.84,17.47,17.10935,71.75569,0.40642887,0.4919786096256685,9269.60596777141,0.0,0.0,9269.60596777141,0,0.0,10905.134
2023-07-21 00:00:00+00:00,17.55,17.57,17.1173,64.66161,0.4107147,0.5174418604651162,9269.60596777141,0.0,0.0,9269.60596777141,0,0.0,10967.555
2023-07-24 00:00:00+00:00,17.49,17.43,17.1233,64.12211,0.4028575,0.5174418604651162,9269.60596777141,0.0,0.0,9269.60596777141,0,0.0,10880.165
2023-07-25 00:00:00+00:00,17.4,17.47,17.1262,52.422916,0.38428608,0.5174418604651162,9269.60596777141,0.0,0.0,9269.60596777141,0,0.0,10905.132
2023-07-26 00:00:00+00:00,17.39,17.42,17.1299,56.68199,0.37571457,0.5174418604651162,9269.60596777141,0.0,0.0,9269.60596777141,0,0.0,10873.922
2023-07-27 00:00:00+00:00,17.54,17.53,17.1342,55.6561,0.36857155,0.6666666666666666,9269.60596777141,0.0,0.0,9269.60596777141,0,0.0,10942.587
2023-07-28 00:00:00+00:00,17.79,18.18,17.14035,51.96078,0.36500004,0.4919786096256685,-9.269605967770985,9264.973481030895,0.0,9255.703875063124,1,16.424285888671875,11348.328
2023-07-31 00:00:00+00:00,18.26,18.4,17.14955,58.29785,0.38857132,0.5,-9.269605967770985,9377.090531679394,0.0,9367.820925711623,0,17.08500099182129,11485.656
2023-08-01 00:00:00+00:00,18.4,18.39,17.1589,61.41731,0.39928558,0.4919786096256685,-9.269605967770985,9371.994315986167,0.0,9362.724710018396,0,17.234285354614258,11479.415
2023-08-02 00:00:00+00:00,18.1,18.15,17.16775,66.101685,0.39928558,0.4919786096256685,-9.269605967770985,9249.684577619932,0.0,9240.41497165216,0,17.234285354614258,11329.602
2023-08-03 00:00:00+00:00,16.79,16.81,17.17435,57.37702,0.40499988,0.4919786096256685,8544.667666634949,0.0,0.0,8544.667666634949,-1,0.0,10493.146
2023-08-04 00:00:00+00:00,16.84,16.59,17.17435,41.29793,0.5292855,0.4919786096256685,8544.667666634949,0.0,0.0,8544.667666634949,0,0.0,10355.818
2023-08-07 00:00:00+00:00,16.56,16.79,17.1704,38.095226,0.5471426,0.5174418604651162,8544.667666634949,0.0,0.0,8544.667666634949,0,0.0,10480.662
2023-08-08 00:00:00+00:00,16.58,16.76,17.1661,37.393772,0.5528569,0.5174418604651162,8544.667666634949,0.0,0.0,8544.667666634949,0,0.0,10461.936
2023-08-09 00:00:00+00:00,16.78,16.84,17.16225,37.183098,0.5621427,0.5174418604651162,8544.667666634949,0.0,0.0,8544.667666634949,0,0.0,10511.874
2023-08-10 00:00:00+00:00,16.84,16.66,17.16025,40.816334,0.5421427,0.5174418604651162,8544.667666634949,0.0,0.0,8544.667666634949,0,0.0,10399.515
2023-08-11 00:00:00+00:00,16.53,16.29,17.15435,37.037033,0.5614284,0.5174418604651162,8544.667666634949,0.0,0.0,8544.667666634949,0,0.0,10168.554
2023-08-14 00:00:00+00:00,16.27,16.18,17.1466,34.759357,0.58357126,0.5174418604651162,8544.667666634949,0.0,0.0,8544.667666634949,0,0.0,10099.889
2023-08-15 00:00:00+00:00,16.03,16.02,17.1375,33.070877,0.5885712,0.5174418604651162,8544.667666634949,0.0,0.0,8544.667666634949,0,0.0,10000.013
2023-08-16 00:00:00+00:00,16.01,16.03,17.1271,32.142864,0.58999985,0.4919786096256685,8544.667666634949,0.0,0.0,8544.667666634949,0,0.0,10006.255
2023-08-17 00:00:00+00:00,16.01,15.81,17.1147,30.366491,0.572857,0.5174418604651162,8544.667666634949,0.0,0.0,8544.667666634949,0,0.0,9868.927
2023-08-18 00:00:00+00:00,15.62,16.11,17.1005,15.044253,0.5349999,0.4919786096256685,8544.667666634949,0.0,0.0,8544.667666634949,0,0.0,10056.193
2023-08-21 00:00:00+00:00,16.18,15.95,17.08665,17.002907,0.55214274,0.4919786096256685,8544.667666634949,0.0,0.0,8544.667666634949,0,0.0,9956.317
2023-08-22 00:00:00+00:00,15.95,15.88,17.0721,16.298365,0.54142857,0.5174418604651162,8544.667666634949,0.0,0.0,8544.667666634949,0,0.0,9912.623
2023-08-23 00:00:00+00:00,15.93,15.91,17.0615,17.101473,0.53142864,0.4919786096256685,8544.667666634949,0.0,0.0,8544.667666634949,0,0.0,9931.349
2023-08-24 00:00:00+00:00,15.92,15.64,17.0561,28.971985,0.37285724,0.5174418604651162,8544.667666634949,0.0,0.0,8544.667666634949,0,0.0,9762.81
2023-08-25 00:00:00+00:00,15.61,15.44,17.0483,28.310522,0.3621429,0.4919786096256685,8544.667666634949,0.0,0.0,8544.667666634949,0,0.0,9637.965
2023-08-28 00:00:00+00:00,15.62,15.83,17.03965,19.178072,0.35785717,0.5174418604651162,8544.667666634949,0.0,0.0,8544.667666634949,0,0.0,9881.412
2023-08-29 00:00:00+00:00,15.89,16.14,17.03255,31.764708,0.36714274,0.5174418604651162,8544.667666634949,0.0,0.0,8544.667666634949,0,0.0,10074.92
2023-08-30 00:00:00+00:00,16.14,16.0,17.02925,37.41006,0.37857136,0.5174418604651162,8544.667666634949,0.0,0.0,8544.667666634949,0,0.0,9987.529
2023-08-31 00:00:00+00:00,15.97,15.79,17.0186,37.956207,0.3699999,0.5174418604651162,8544.667666634949,0.0,0.0,8544.667666634949,0,0.0,9856.442
2023-09-01 00:00:00+00:00,15.89,15.82,17.00475,40.310062,0.34714276,0.5174418604651162,8544.667666634949,0.0,0.0,8544.667666634949,0,0.0,9875.169
2023-09-05 00:00:00+00:00,15.77,15.9,16.9934,42.799988,0.33999988,0.5174418604651162,8544.667666634949,0.0,0.0,8544.667666634949,0,0.0,9925.106
2023-09-06 00:00:00+00:00,15.83,15.97,16.9801,47.520645,0.3414285,0.5174418604651162,8544.667666634949,0.0,0.0,8544.667666634949,0,0.0,9968.803
2023-09-07 00:00:00+00:00,15.95,15.71,16.96855,48.790314,0.3485713,0.5174418604651162,8544.667666634949,0.0,0.0,8544.667666634949,0,0.0,9806.505
2023-09-08 00:00:00+00:00,15.81,16.05,16.95775,48.015865,0.34857145,0.5174418604651162,8544.667666634949,0.0,0.0,8544.667666634949,0,0.0,10018.739
2023-09-11 00:00:00+00:00,16.11,16.14,16.94635,48.8281,0.33000007,0.4919786096256685,8544.667666634949,0.0,0.0,8544.667666634949,0,0.0,10074.92
2023-09-12 00:00:00+00:00,16.08,16.35,16.9362,53.815254,0.32500002,0.4919786096256685,8544.667666634949,0.0,0.0,8544.667666634949,0,0.0,10206.007
2023-09-13 00:00:00+00:00,16.4,16.01,16.9253,58.935368,0.3235714,0.4919786096256685,8544.667666634949,0.0,0.0,8544.667666634949,0,0.0,9993.771
2023-09-14 00:00:00+00:00,16.19,16.26,16.914,51.700687,0.345,0.4919786096256685,8544.667666634949,0.0,0.0,8544.667666634949,0,0.0,10149.827
2023-09-15 00:00:00+00:00,16.26,16.6,16.903,60.616432,0.33999994,0.4919786096256685,8544.667666634949,0.0,0.0,8544.667666634949,0,0.0,10362.0625
2023-09-18 00:00:00+00:00,16.55,16.42,16.895,68.95426,0.35214287,0.4919786096256685,8544.667666634949,0.0,0.0,8544.667666634949,0,0.0,10249.703
2023-09-19 00:00:00+00:00,16.47,16.32,16.8838,60.35088,0.33785704,0.5174418604651162,8544.667666634949,0.0,0.0,8544.667666634949,0,0.0,10187.28
2023-09-20 00:00:00+00:00,16.43,16.2,16.8707,53.409096,0.3249998,0.5174418604651162,8544.667666634949,0.0,0.0,8544.667666634949,0,0.0,10112.374
2023-09-21 00:00:00+00:00,16.07,15.91,16.85825,53.816807,0.3264284,0.5174418604651162,8544.667666634949,0.0,0.0,8544.667666634949,0,0.0,9931.35
2023-09-22 00:00:00+00:00,15.93,15.8,16.84495,52.222218,0.33071417,0.4919786096256685,8544.667666634949,0.0,0.0,8544.667666634949,0,0.0,9862.686
2023-09-25 00:00:00+00:00,15.72,16.12,16.83555,49.640297,0.3364285,0.5174418604651162,8544.667666634949,0.0,0.0,8544.667666634949,0,0.0,10062.436
2023-09-26 00:00:00+00:00,16.0,15.84,16.8291,53.642403,0.34499985,0.5174418604651162,8544.667666634949,0.0,0.0,8544.667666634949,0,0.0,9887.654
2023-09-27 00:00:00+00:00,15.86,16.04,16.8204,47.987617,0.3521428,0.5174418604651162,8544.667666634949,0.0,0.0,8544.667666634949,0,0.0,10012.499
2023-09-28 00:00:00+00:00,15.95,16.42,16.812151,55.205055,0.35357136,0.5174418604651162,8544.667666634949,0.0,0.0,8544.667666634949,0,0.0,10249.702
2023-09-29 00:00:00+00:00,16.6,16.07,16.8058,55.76325,0.3714285,0.5174418604651162,8544.667666634949,0.0,0.0,8544.667666634949,0,0.0,10031.225
2023-10-02 00:00:00+00:00,15.97,15.92,16.79565,48.99136,0.39857128,0.5174418604651162,8544.667666634949,0.0,0.0,8544.667666634949,0,0.0,9937.592
2023-10-03 00:00:00+00:00,15.84,15.47,16.7849,43.695015,0.39857134,0.5174418604651162,8544.667666634949,0.0,0.0,8544.667666634949,0,0.0,9656.692
2023-10-04 00:00:00+00:00,15.63,15.88,16.77435,42.329548,0.4014285,0.4919786096256685,8544.667666634949,0.0,0.0,8544.667666634949,0,0.0,9912.623
2023-10-05 00:00:00+00:00,15.85,16.08,16.76815,44.836956,0.41428566,0.5174418604651162,8544.667666634949,0.0,0.0,8544.667666634949,0,0.0,10037.466
2023-10-06 00:00:00+00:00,16.08,16.15,16.76355,42.65536,0.3999999,0.5174418604651162,8544.667666634949,0.0,0.0,8544.667666634949,0,0.0,10081.161
2023-10-09 00:00:00+00:00,16.02,16.02,16.7604,46.064133,0.4085715,0.5174418604651162,8544.667666634949,0.0,0.0,8544.667666634949,0,0.0,10000.013
2023-10-10 00:00:00+00:00,16.05,16.26,16.75595,45.66475,0.42071438,0.5174418604651162,8544.667666634949,0.0,0.0,8544.667666634949,0,0.0,10149.826
2023-10-11 00:00:00+00:00,16.36,16.17,16.75785,50.837982,0.42285714,0.4919786096256685,8544.667666634949,0.0,0.0,8544.667666634949,0,0.0,10093.646
2023-10-12 00:00:00+00:00,16.17,16.06,16.75845,53.846157,0.43214288,0.5174418604651162,8544.667666634949,0.0,0.0,8544.667666634949,0,0.0,10024.981
2023-10-13 00:00:00+00:00,16.07,15.85,16.75705,53.84614,0.42857137,0.4919786096256685,8544.667666634949,0.0,0.0,8544.667666634949,0,0.0,9893.8955
2023-10-16 00:00:00+00:00,16.01,16.26,16.7555,45.87155,0.4171428,0.5174418604651162,8544.667666634949,0.0,0.0,8544.667666634949,0,0.0,10149.826
2023-10-17 00:00:00+00:00,16.18,16.32,16.7576,56.176476,0.42428556,0.5174418604651162,8544.667666634949,0.0,0.0,8544.667666634949,0,0.0,10187.279
2023-10-18 00:00:00+00:00,16.18,16.03,16.76015,54.294464,0.42357126,0.4919786096256685,8544.667666634949,0.0,0.0,8544.667666634949,0,0.0,10006.255
2023-10-19 00:00:00+00:00,15.98,15.75,16.76005,43.848583,0.40214267,0.5174418604651162,8544.667666634949,0.0,0.0,8544.667666634949,0,0.0,9831.473
2023-10-20 00:00:00+00:00,15.8,15.49,16.75915,44.838707,0.38357136,0.4919786096256685,8544.667666634949,0.0,0.0,8544.667666634949,0,0.0,9669.175
2023-10-23 00:00:00+00:00,15.49,15.64,16.75575,43.30217,0.39285707,0.5174418604651162,8544.667666634949,0.0,0.0,8544.667666634949,0,0.0,9762.809
2023-10-24 00:00:00+00:00,15.79,15.77,16.755,52.920967,0.38999987,0.5174418604651162,8544.667666634949,0.0,0.0,8544.667666634949,0,0.0,9843.957
2023-10-25 00:00:00+00:00,15.67,15.6,16.753,47.90875,0.377857,0.5174418604651162,8544.667666634949,0.0,0.0,8544.667666634949,0,0.0,9737.839
2023-10-26 00:00:00+00:00,15.6,15.53,16.75,40.769234,0.3707142,0.5174418604651162,8544.667666634949,0.0,0.0,8544.667666634949,0,0.0,9694.144
2023-10-27 00:00:00+00:00,15.58,15.05,16.7454,38.076923,0.3621427,0.5174418604651162,8544.667666634949,0.0,0.0,8544.667666634949,0,0.0,9394.519
2023-10-30 00:00:00+00:00,15.23,15.38,16.73435,33.559315,0.38285705,0.5174418604651162,8544.667666634949,0.0,0.0,8544.667666634949,0,0.0,9600.511
2023-10-31 00:00:00+00:00,15.4,15.48,16.72425,35.526314,0.3828571,0.5174418604651162,8544.667666634949,0.0,0.0,8544.667666634949,0,0.0,9662.933
2023-11-01 00:00:00+00:00,15.58,15.6,16.7166,38.688515,0.37428564,0.5174418604651162,8544.667666634949,0.0,0.0,8544.667666634949,0,0.0,9737.839
2023-11-02 00:00:00+00:00,15.9,16.3,16.70755,42.483673,0.38642856,0.5174418604651162,8544.667666634949,0.0,0.0,8544.667666634949,0,0.0,10174.792
2023-11-03 00:00:00+00:00,16.56,16.76,16.70335,56.338013,0.42857137,0.4919786096256685,8544.667666634949,0.0,0.0,8544.667666634949,0,0.0,10461.934
2023-11-06 00:00:00+00:00,16.76,16.67,16.70175,56.944443,0.43642855,0.4919786096256685,8544.667666634949,0.0,0.0,8544.667666634949,0,0.0,10405.754
2023-11-07 00:00:00+00:00,16.69,16.58,16.69705,54.820942,0.43357134,0.4919786096256685,8544.667666634949,0.0,0.0,8544.667666634949,0,0.0,10349.574
2023-11-08 00:00:00+00:00,16.59,16.13,16.69015,58.017475,0.42857137,0.4919786096256685,8544.667666634949,0.0,0.0,8544.667666634949,0,0.0,10068.675
2023-11-09 00:00:00+00:00,16.24,16.25,16.680151,55.277763,0.4407141,0.5174418604651162,8544.667666634949,0.0,0.0,8544.667666634949,0,0.0,10143.583
2023-11-10 00:00:00+00:00,16.27,16.41,16.67015,60.982655,0.42999983,0.5174418604651162,8544.667666634949,0.0,0.0,8544.667666634949,0,0.0,10243.458
2023-11-13 00:00:00+00:00,16.42,16.39,16.6605,61.095085,0.4221427,0.5174418604651162,8544.667666634949,0.0,0.0,8544.667666634949,0,0.0,10230.973
2023-11-14 00:00:00+00:00,16.86,16.98,16.6493,59.226166,0.4207141,0.5174418604651162,8544.667666634949,0.0,0.0,8544.667666634949,0,0.0,10599.264
2023-11-15 00:00:00+00:00,17.0,17.16,16.64155,68.253944,0.45428556,0.4919786096256685,8544.667666634949,0.0,0.0,8544.667666634949,0,0.0,10711.623
2023-11-16 00:00:00+00:00,17.12,17.07,16.6331,70.95115,0.44714266,0.4919786096256685,8544.667666634949,0.0,0.0,8544.667666634949,0,0.0,10655.443
2023-11-17 00:00:00+00:00,17.27,17.26,16.62445,78.85711,0.42285696,0.4919786096256685,8544.667666634949,0.0,0.0,8544.667666634949,0,0.0,10774.046
2023-11-20 00:00:00+00:00,17.26,17.51,16.6146,77.976166,0.4135712,0.4919786096256685,8544.667666634949,0.0,0.0,8544.667666634949,0,0.0,10930.102
2023-11-21 00:00:00+00:00,17.5,17.29,16.6068,78.91736,0.4135712,0.4919786096256685,8544.667666634949,0.0,0.0,8544.667666634949,0,0.0,10792.774
2023-11-22 00:00:00+00:00,17.43,17.39,16.60065,73.407196,0.40499973,0.4919786096256685,8544.667666634949,0.0,0.0,8544.667666634949,0,0.0,10855.194
2023-11-24 00:00:00+00:00,17.36,17.42,16.59405,68.1063,0.3578569,0.5174418604651162,8544.667666634949,0.0,0.0,8544.667666634949,0,0.0,10873.922
2023-11-27 00:00:00+00:00,17.35,17.43,16.5884,62.790684,0.33214256,0.5174418604651162,8544.667666634949,0.0,0.0,8544.667666634949,0,0.0,10880.165
2023-11-28 00:00:00+00:00,17.4,17.59,16.5833,65.19999,0.33071408,0.6666666666666666,8544.667666634949,0.0,0.0,8544.667666634949,0,0.0,10980.041
2023-11-29 00:00:00+00:00,17.65,17.44,16.58035,69.649796,0.33642837,0.5174418604651162,-8.544667666634268,8540.397467900999,0.0,8531.852800234365,1,16.597858428955078,10886.408
2023-11-30 00:00:00+00:00,17.47,17.47,16.57525,78.85465,0.32428566,0.4919786096256685,-8.544667666634268,8555.087556538392,0.0,8546.542888871758,0,16.597858428955078,10905.134
2023-12-01 00:00:00+00:00,17.48,17.72,16.56995,77.98166,0.31857136,0.5174418604651162,-8.544667666634268,8677.512919071669,0.0,8668.968251405035,0,16.597858428955078,11061.1875
2023-12-04 00:00:00+00:00,17.71,18.09,16.5664,78.85463,0.31928566,0.4919786096256685,-8.544667666634268,8858.703386891688,0.0,8850.158719225054,0,16.764286041259766,11292.151
2023-12-05 00:00:00+00:00,18.02,17.68,16.5701,82.44278,0.32857147,0.4919786096256685,-8.544667666634268,8657.92594395646,0.0,8649.381276289825,0,17.132143020629883,11036.221
2023-12-06 00:00:00+00:00,17.85,17.58,16.5738,64.344284,0.31999996,0.5174418604651162,-8.544667666634268,8608.955648495888,0.0,8600.410980829254,0,17.132143020629883,10973.798
2023-12-07 00:00:00+00:00,17.61,17.78,16.57675,58.89831,0.32857147,0.5174418604651162,-8.544667666634268,8706.896459815067,0.0,8698.351792148433,0,17.132143020629883,11098.643
2023-12-08 00:00:00+00:00,17.8,17.99,16.58025,64.37249,0.32428566,0.8847545401791552,-8.544667666634268,8809.733770539988,0.0,8801.189102873353,0,17.132143020629883,11229.729
2023-12-11 00:00:00+00:00,18.04,18.36,16.58345,64.65864,0.32999992,0.5174418604651162,-8.544667666634268,8990.924089326787,0.0,8982.379421660153,0,17.132143020629883,11460.69
2023-12-12 00:00:00+00:00,18.4,18.61,16.59035,66.28354,0.3349999,0.5174418604651162,-8.544667666634268,9113.349563634236,0.0,9104.804895967602,0,17.3700008392334,11616.746
2023-12-13 00:00:00+00:00,18.57,18.78,16.598,75.0,0.3414285,0.4919786096256685,9174.259430955017,0.0,0.0,9174.259430955017,-1,0.0,11722.864
2023-12-14 00:00:00+00:00,19.2,19.46,16.6079,75.64577,0.36714283,0.4919786096256685,9174.259430955017,0.0,0.0,9174.259430955017,0,0.0,12147.332
2023-12-15 00:00:00+00:00,19.3,19.15,16.62015,80.35714,0.4414286,0.4919786096256685,9174.259430955017,0.0,0.0,9174.259430955017,0,0.0,11953.825
2023-12-18 00:00:00+00:00,19.26,19.25,16.631,73.49727,0.45499992,0.4919786096256685,9174.259430955017,0.0,0.0,9174.259430955017,0,0.0,12016.247
2023-12-19 00:00:00+00:00,19.35,19.23,16.6419,73.055565,0.45642838,0.4919786096256685,9174.259430955017,0.0,0.0,9174.259430955017,0,0.0,12003.763
2023-12-20 00:00:00+00:00,19.15,19.11,16.6533,75.792496,0.4478569,0.5174418604651162,9174.259430955017,0.0,0.0,9174.259430955017,0,0.0,11928.857
2023-12-21 00:00:00+00:00,19.3,19.57,16.66425,73.03373,0.46071392,0.26666666666666666,9174.259430955017,0.0,0.0,9174.259430955017,0,0.0,12215.998
2023-12-22 00:00:00+00:00,19.69,19.77,16.67725,74.53582,0.46785682,0.4919786096256685,9174.259430955017,0.0,0.0,9174.259430955017,0,0.0,12340.844
2023-12-26 00:00:00+00:00,19.71,20.11,16.6956,73.33335,0.45928532,0.4919786096256685,9174.259430955017,0.0,0.0,9174.259430955017,0,0.0,12553.078
2023-12-27 00:00:00+00:00,20.09,20.17,16.71665,84.41928,0.44999966,0.4919786096256685,9174.259430955017,0.0,0.0,9174.259430955017,0,0.0,12590.531
2023-12-28 00:00:00+00:00,19.66,19.67,16.73865,87.10604,0.44142818,0.4919786096256685,9174.259430955017,0.0,0.0,9174.259430955017,0,0.0,12278.421
2023-12-29 00:00:00+00:00,19.56,19.47,16.7572,74.93405,0.46571404,0.4919786096256685,9174.259430955017,0.0,0.0,9174.259430955017,0,0.0,12153.576
2024-01-02 00:00:00+00:00,19.47,19.7,16.77575,69.57672,0.45857117,0.5174418604651162,9174.259430955017,0.0,0.0,9174.259430955017,0,0.0,12297.148
2024-01-03 00:00:00+00:00,19.5,19.56,16.7949,68.4066,0.45928547,0.5174418604651162,9174.259430955017,0.0,0.0,9174.259430955017,0,0.0,12209.758
2024-01-04 00:00:00+00:00,19.47,19.7,16.816,63.45607,0.45428547,0.5174418604651162,9174.259430955017,0.0,0.0,9174.259430955017,0,0.0,12297.149
2024-01-05 00:00:00+00:00,19.61,19.83,16.83605,63.142853,0.43928555,0.5174418604651162,9174.259430955017,0.0,0.0,9174.259430955017,0,0.0,12378.298
2024-01-08 00:00:00+00:00,19.98,20.39,16.85595,56.271194,0.38214275,0.5174418604651162,9174.259430955017,0.0,0.0,9174.259430955017,0,0.0,12727.86
2024-01-09 00:00:00+00:00,20.17,19.84,16.8825,69.37498,0.38928562,0.4919786096256685,9174.259430955017,0.0,0.0,9174.259430955017,0,0.0,12384.54
2024-01-10 00:00:00+00:00,19.96,19.74,16.9074,58.08219,0.4085714,0.5174418604651162,9174.259430955017,0.0,0.0,9174.259430955017,0,0.0,12322.117
2024-01-11 00:00:00+00:00,19.6,19.85,16.9308,56.83646,0.41428566,0.4919786096256685,9174.259430955017,0.0,0.0,9174.259430955017,0,0.0,12390.781
2024-01-12 00:00:00+00:00,19.9,19.75,16.95435,59.946224,0.41285706,0.5174418604651162,9174.259430955017,0.0,0.0,9174.259430955017,0,0.0,12328.36
2024-01-16 00:00:00+00:00,19.66,19.8,16.97685,52.678574,0.41142845,0.5174418604651162,9174.259430955017,0.0,0.0,9174.259430955017,0,0.0,12359.571
2024-01-17 00:00:00+00:00,19.58,19.7,16.99705,50.46727,0.4214284,0.4919786096256685,9174.259430955017,0.0,0.0,9174.259430955017,0,0.0,12297.149
2024-01-18 00:00:00+00:00,19.8,19.62,17.0166,43.09765,0.42571408,0.5174418604651162,9174.259430955017,0.0,0.0,9174.259430955017,0,0.0,12247.212
2024-01-19 00:00:00+00:00,19.7,19.96,17.03225,40.802692,0.43714264,0.5174418604651162,9174.259430955017,0.0,0.0,9174.259430955017,0,0.0,12459.446
2024-01-22 00:00:00+00:00,20.03,19.92,17.05065,55.123657,0.42642826,0.4919786096256685,9174.259430955017,0.0,0.0,9174.259430955017,0,0.0,12434.478
2024-01-23 00:00:00+00:00,20.01,19.59,17.06945,58.426987,0.43357113,0.4919786096256685,9174.259430955017,0.0,0.0,9174.259430955017,0,0.0,12228.485
2024-01-24 00:00:00+00:00,19.88,19.46,17.087,48.014427,0.44071403,0.4919786096256685,9174.259430955017,0.0,0.0,9174.259430955017,0,0.0,12147.336
2024-01-25 00:00:00+00:00,19.67,19.57,17.1039,48.188396,0.45071396,0.5174418604651162,9174.259430955017,0.0,0.0,9174.259430955017,0,0.0,12216.001
2024-01-26 00:00:00+00:00,19.59,19.7,17.1204,47.619026,0.45714256,0.5174418604651162,9174.259430955017,0.0,0.0,9174.259430955017,0,0.0,12297.148
2024-01-29 00:00:00+00:00,19.58,19.82,17.1369,47.61906,0.4442854,0.5174418604651162,9174.259430955017,0.0,0.0,9174.259430955017,0,0.0,12372.055
2024-01-30 00:00:00+00:00,19.81,19.68,17.15545,37.554577,0.42928547,0.4919786096256685,9174.259430955017,0.0,0.0,9174.259430955017,0,0.0,12284.664
2024-01-31 00:00:00+00:00,19.69,19.22,17.17235,45.74468,0.39785698,0.5174418604651162,9174.259430955017,0.0,0.0,9174.259430955017,0,0.0,11997.522
2024-02-01 00:00:00+00:00,19.26,19.42,17.187,38.392838,0.41857132,0.4919786096256685,9174.259430955017,0.0,0.0,9174.259430955017,0,0.0,12122.367
2024-02-02 00:00:00+00:00,19.24,19.41,17.2015,40.77252,0.4135715,0.4919786096256685,9174.259430955017,0.0,0.0,9174.259430955017,0,0.0,12116.126
2024-02-05 00:00:00+00:00,19.12,19.21,17.2154,42.4107,0.4078572,0.5174418604651162,9174.259430955017,0.0,0.0,9174.259430955017,0,0.0,11991.28
2024-02-06 00:00:00+00:00,19.22,19.47,17.2291,37.6569,0.4078572,0.5,9174.259430955017,0.0,0.0,9174.259430955017,0,0.0,12153.578
2024-02-07 00:00:00+00:00,19.55,19.23,17.24595,45.49017,0.40428585,0.4919786096256685,9174.259430955017,0.0,0.0,9174.259430955017,0,0.0,12003.765
2024-02-08 00:00:00+00:00,19.23,19.55,17.261,42.804405,0.40214306,0.5174418604651162,9174.259430955017,0.0,0.0,9174.259430955017,0,0.0,12203.516
2024-02-09 00:00:00+00:00,19.6,19.58,17.27695,42.379192,0.40071446,0.4919786096256685,9174.259430955017,0.0,0.0,9174.259430955017,0,0.0,12222.243
2024-02-12 00:00:00+00:00,19.61,19.71,17.29525,43.656723,0.3985717,0.5174418604651162,9174.259430955017,0.0,0.0,9174.259430955017,0,0.0,12303.392
2024-02-13 00:00:00+00:00,19.23,19.17,17.3148,52.41933,0.38000026,0.4919786096256685,9174.259430955017,0.0,0.0,9174.259430955017,0,0.0,11966.313
2024-02-14 00:00:00+00:00,19.25,19.42,17.3311,44.98272,0.40571457,0.4919786096256685,9174.259430955017,0.0,0.0,9174.259430955017,0,0.0,12122.369
2024-02-15 00:00:00+00:00,19.55,19.9,17.34735,47.52476,0.40142876,0.4919786096256685,9174.259430955017,0.0,0.0,9174.259430955017,0,0.0,12421.994
2024-02-16 00:00:00+00:00,19.73,19.72,17.36595,52.958565,0.41642871,0.4919786096256685,9174.259430955017,0.0,0.0,9174.259430955017,0,0.0,12309.635
2024-02-20 00:00:00+00:00,19.5,19.66,17.38465,48.546505,0.41714287,0.4919786096256685,9174.259430955017,0.0,0.0,9174.259430955017,0,0.0,12272.182
2024-02-21 00:00:00+00:00,19.7,20.21,17.4016,49.702374,0.4299999,0.4919786096256685,9174.259430955017,0.0,0.0,9174.259430955017,0,0.0,12615.503
2024-02-22 00:00:00+00:00,20.32,20.66,17.4161,64.347824,0.43214267,0.4919786096256685,9174.259430955017,0.0,0.0,9174.259430955017,0,0.0,12896.403
2024-02-23 00:00:00+00:00,20.73,20.27,17.4306,66.75676,0.49714264,0.4919786096256685,9174.259430955017,0.0,0.0,9174.259430955017,0,0.0,12652.957
2024-02-26 00:00:00+00:00,20.2,20.05,17.44485,60.539227,0.5171427,0.4919786096256685,9174.259430955017,0.0,0.0,9174.259430955017,0,0.0,12515.628
2024-02-27 00:00:00+00:00,20.17,20.23,17.4576,60.243908,0.5085713,0.5174418604651162,9174.259430955017,0.0,0.0,9174.259430955017,0,0.0,12627.988
2024-02-28 00:00:00+00:00,20.16,20.63,17.47215,59.452744,0.5064284,0.5174418604651162,9174.259430955017,0.0,0.0,9174.259430955017,0,0.0,12877.677
2024-02-29 00:00:00+00:00,20.74,20.74,17.491,66.746414,0.52571404,0.4919786096256685,9174.259430955017,0.0,0.0,9174.259430955017,0,0.0,12946.342
2024-03-01 00:00:00+00:00,20.69,20.95,17.511,64.98741,0.5199999,0.4919786096256685,9174.259430955017,0.0,0.0,9174.259430955017,0,0.0,13077.43
2024-03-04 00:00:00+00:00,20.99,21.07,17.53115,66.506035,0.52571404,0.4919786096256685,9174.259430955017,0.0,0.0,9174.259430955017,0,0.0,13152.336
2024-03-05 00:00:00+00:00,21.02,20.79,17.5517,66.42513,0.5278568,0.4919786096256685,9174.259430955017,0.0,0.0,9174.259430955017,0,0.0,12977.555
2024-03-06 00:00:00+00:00,21.07,20.92,17.57045,70.876305,0.5085711,0.4919786096256685,9174.259430955017,0.0,0.0,9174.259430955017,0,0.0,13058.703
2024-03-07 00:00:00+00:00,20.99,20.81,17.5883,69.946815,0.5142854,0.4919786096256685,9174.259430955017,0.0,0.0,9174.259430955017,0,0.0,12990.038
2024-03-08 00:00:00+00:00,20.96,20.88,17.607,63.42183,0.5014282,0.4919786096256685,9174.259430955017,0.0,0.0,9174.259430955017,0,0.0,13033.733
2024-03-11 00:00:00+00:00,20.87,20.88,17.6258,67.68293,0.5085712,0.4919786096256685,9174.259430955017,0.0,0.0,9174.259430955017,0,0.0,13033.733
2024-03-12 00:00:00+00:00,20.93,20.95,17.6461,68.94409,0.5071427,0.4919786096256685,9174.259430955017,0.0,0.0,9174.259430955017,0,0.0,13077.43
2024-03-13 00:00:00+00:00,20.96,20.81,17.668,63.503674,0.48214272,0.4919786096256685,9174.259430955017,0.0,0.0,9174.259430955017,0,0.0,12990.038
2024-03-14 00:00:00+00:00,20.85,20.67,17.6884,53.08641,0.42571408,0.4919786096256685,9174.259430955017,0.0,0.0,9174.259430955017,0,0.0,12902.647
2024-03-15 00:00:00+00:00,20.6,20.51,17.70785,59.174294,0.39714256,0.5174418604651162,9174.259430955017,0.0,0.0,9174.259430955017,0,0.0,12802.772
2024-03-18 00:00:00+00:00,20.57,20.65,17.72745,60.849075,0.4142854,0.5174418604651162,9174.259430955017,0.0,0.0,9174.259430955017,0,0.0,12890.164
2024-03-19 00:00:00+00:00,20.68,20.71,17.7477,60.096157,0.4085711,0.4919786096256685,9174.259430955017,0.0,0.0,9174.259430955017,0,0.0,12927.615
2024-03-20 00:00:00+00:00,20.69,20.78,17.7675,52.298847,0.37642834,0.4919786096256685,9174.259430955017,0.0,0.0,9174.259430955017,0,0.0,12971.312
2024-03-21 00:00:00+00:00,20.82,21.15,17.7834,51.1765,0.37428543,0.5174418604651162,9174.259430955017,0.0,0.0,9174.259430955017,0,0.0,13202.273
2024-03-22 00:00:00+00:00,21.22,20.85,17.8021,55.376316,0.37642834,0.4919786096256685,9174.259430955017,0.0,0.0,9174.259430955017,0,0.0,13015.008
2024-03-25 00:00:00+00:00,20.89,20.56,17.8183,44.607857,0.38714272,0.5174418604651162,9174.259430955017,0.0,0.0,9174.259430955017,0,0.0,12833.982
2024-03-26 00:00:00+00:00,20.61,20.27,17.8325,44.390213,0.37785706,0.5174418604651162,9174.259430955017,0.0,0.0,9174.259430955017,0,0.0,12652.959
2024-03-27 00:00:00+00:00,20.27,20.61,17.8447,35.294132,0.3735714,0.4919786096256685,9174.259430955017,0.0,0.0,9174.259430955017,0,0.0,12865.194
2024-03-28 00:00:00+00:00,20.66,20.68,17.8591,45.901665,0.37999997,0.4919786096256685,9174.259430955017,0.0,0.0,9174.259430955017,0,0.0,12908.889
2024-04-01 00:00:00+00:00,20.84,20.71,17.8744,45.901665,0.37928566,0.4919786096256685,9174.259430955017,0.0,0.0,9174.259430955017,0,0.0,12927.615
2024-04-02 00:00:00+00:00,20.51,20.32,17.89075,46.5587,0.3742857,0.4919786096256685,9174.259430955017,0.0,0.0,9174.259430955017,0,0.0,12684.17
2024-04-03 00:00:00+00:00,20.31,20.28,17.90505,38.70965,0.38928562,0.5174418604651162,9174.259430955017,0.0,0.0,9174.259430955017,0,0.0,12659.201
2024-04-04 00:00:00+00:00,20.51,20.08,17.9209,40.1487,0.3757143,0.5174418604651162,9174.259430955017,0.0,0.0,9174.259430955017,0,0.0,12534.357
2024-04-05 00:00:00+00:00,20.12,20.28,17.93605,39.27271,0.39714295,0.5174418604651162,9174.259430955017,0.0,0.0,9174.259430955017,0,0.0,12659.201
2024-04-08 00:00:00+00:00,20.23,20.55,17.9544,45.87814,0.38285717,0.4919786096256685,9174.259430955017,0.0,0.0,9174.259430955017,0,0.0,12827.739
2024-04-09 00:00:00+00:00,20.6,20.72,17.97395,48.287663,0.38785717,0.4919786096256685,9174.259430955017,0.0,0.0,9174.259430955017,0,0.0,12933.857
2024-04-10 00:00:00+00:00,20.5,20.14,17.99505,50.16502,0.4042857,0.4919786096256685,9174.259430955017,0.0,0.0,9174.259430955017,0,0.0,12571.81
2024-04-11 00:00:00+00:00,20.18,20.35,18.01455,40.960423,0.42428562,0.5174418604651162,9174.259430955017,0.0,0.0,9174.259430955017,0,0.0,12702.896
2024-04-12 00:00:00+00:00,20.24,20.0,18.03415,38.165684,0.42857128,0.5174418604651162,9174.259430955017,0.0,0.0,9174.259430955017,0,0.0,12484.419
2024-04-15 00:00:00+00:00,20.14,19.57,18.051,37.609318,0.4307142,0.5174418604651162,9174.259430955017,0.0,0.0,9174.259430955017,0,0.0,12216.004
2024-04-16 00:00:00+00:00,19.68,19.08,18.0662,36.13445,0.4514284,0.5174418604651162,9174.259430955017,0.0,0.0,9174.259430955017,0,0.0,11910.136
2024-04-17 00:00:00+00:00,19.21,18.74,18.07815,34.217495,0.46785694,0.4919786096256685,9174.259430955017,0.0,0.0,9174.259430955017,0,0.0,11697.9
2024-04-18 00:00:00+00:00,18.86,18.59,18.0877,25.198917,0.48214272,0.4919786096256685,9174.259430955017,0.0,0.0,9174.259430955017,0,0.0,11604.268
2024-04-19 00:00:00+00:00,18.65,18.71,18.09405,22.85713,0.47785705,0.4919786096256685,9174.259430955017,0.0,0.0,9174.259430955017,0,0.0,11679.174
2024-04-22 00:00:00+00:00,18.77,19.0,18.1017,24.61928,0.47785705,0.5174418604651162,9174.259430955017,0.0,0.0,9174.259430955017,0,0.0,11860.199
2024-04-23 00:00:00+00:00,19.0,19.29,18.11085,32.812504,0.46500015,0.5174418604651162,9174.259430955017,0.0,0.0,9174.259430955017,0,0.0,12041.223
2024-04-24 00:00:00+00:00,19.32,19.33,18.12005,37.89732,0.48000008,0.4919786096256685,9174.259430955017,0.0,0.0,9174.259430955017,0,0.0,12066.191
2024-04-25 00:00:00+00:00,19.1,18.89,18.12775,40.458015,0.46071434,0.5174418604651162,9174.259430955017,0.0,0.0,9174.259430955017,0,0.0,11791.533
2024-04-26 00:00:00+00:00,18.9,18.86,18.1331,33.333317,0.46571445,0.49726791609752863,9174.259430955017,0.0,0.0,9174.259430955017,0,0.0,11772.807
2024-04-29 00:00:00+00:00,18.94,19.19,18.13925,28.498747,0.4621431,0.5174418604651162,9174.259430955017,0.0,0.0,9174.259430955017,0,0.0,11978.799
2024-04-30 00:00:00+00:00,18.96,18.87,18.14625,31.295858,0.50428593,0.5174418604651162,9174.259430955017,0.0,0.0,9174.259430955017,0,0.0,11779.049
2024-05-01 00:00:00+00:00,18.79,18.84,18.1536,33.420383,0.48714325,0.5174418604651162,9174.259430955017,0.0,0.0,9174.259430955017,0,0.0,11760.322
2024-05-02 00:00:00+00:00,18.98,18.45,18.1606,29.315063,0.48714325,0.4919786096256685,9174.259430955017,0.0,0.0,9174.259430955017,0,0.0,11516.876
2024-05-03 00:00:00+00:00,18.6,18.65,18.16445,28.997292,0.5528574,0.5174418604651162,9174.259430955017,0.0,0.0,9174.259430955017,0,0.0,11641.72
2024-05-06 00:00:00+00:00,18.82,18.77,18.16935,36.70519,0.5307146,0.4919786096256685,9174.259430955017,0.0,0.0,9174.259430955017,0,0.0,11716.626
2024-05-07 00:00:00+00:00,19.04,18.72,18.17585,44.983826,0.5028575,0.5174418604651162,9174.259430955017,0.0,0.0,9174.259430955017,0,0.0,11685.413
2024-05-08 00:00:00+00:00,18.63,18.23,18.1816,49.64285,0.49357182,0.5174418604651162,9174.259430955017,0.0,0.0,9174.259430955017,0,0.0,11379.545
2024-05-09 00:00:00+00:00,18.23,18.42,18.1856,44.267506,0.5028573,0.4977151894884117,9174.259430955017,0.0,0.0,9174.259430955017,0,0.0,11498.147
2024-05-10 00:00:00+00:00,18.45,18.34,18.19035,45.482883,0.512143,0.5174418604651162,9174.259430955017,0.0,0.0,9174.259430955017,0,0.0,11448.209
2024-05-13 00:00:00+00:00,18.52,18.45,18.19495,39.000004,0.50999993,0.5174418604651162,9174.259430955017,0.0,0.0,9174.259430955017,0,0.0,11516.875
2024-05-14 00:00:00+00:00,18.5,18.53,18.19955,35.10638,0.5007142,0.5,9174.259430955017,0.0,0.0,9174.259430955017,0,0.0,11566.812
2024-05-15 00:00:00+00:00,18.71,18.48,18.2013,36.014004,0.49214268,0.5174418604651162,9174.259430955017,0.0,0.0,9174.259430955017,0,0.0,11535.601
2024-05-16 00:00:00+00:00,18.54,18.75,18.2017,41.700413,0.4842855,0.5174418604651162,9174.259430955017,0.0,0.0,9174.259430955017,0,0.0,11704.14
2024-05-17 00:00:00+00:00,18.87,18.42,18.2035,47.97047,0.48642826,0.5174418604651162,9174.259430955017,0.0,0.0,9174.259430955017,0,0.0,11498.147
2024-05-20 00:00:00+00:00,18.47,18.38,18.20485,35.793365,0.45714256,0.5174418604651162,9174.259430955017,0.0,0.0,9174.259430955017,0,0.0,11473.178
2024-05-21 00:00:00+00:00,18.34,18.34,18.2127,39.91768,0.4435711,0.5174418604651162,9174.259430955017,0.0,0.0,9174.259430955017,0,0.0,11448.209
2024-05-22 00:00:00+00:00,18.36,18.41,18.22145,39.75411,0.42571408,0.5174418604651162,9174.259430955017,0.0,0.0,9174.259430955017,0,0.0,11491.904
2024-05-23 00:00:00+00:00,18.5,18.15,18.22955,49.056583,0.34642845,0.5174418604651162,9174.259430955017,0.0,0.0,9174.259430955017,0,0.0,11329.606
2024-05-24 00:00:00+00:00,18.28,18.3,18.2365,38.53213,0.34714276,0.5174418604651162,9174.259430955017,0.0,0.0,9174.259430955017,0,0.0,11423.239
2024-05-28 00:00:00+00:00,18.32,18.17,18.2438,39.3665,0.34714276,0.5174418604651162,9174.259430955017,0.0,0.0,9174.259430955017,0,0.0,11342.092
2024-05-29 00:00:00+00:00,17.99,17.79,18.25135,37.991287,0.34142834,0.4919786096256685,9174.259430955017,0.0,0.0,9174.259430955017,0,0.0,11104.888
2024-05-30 00:00:00+00:00,17.93,17.81,18.25885,39.90829,0.34928554,0.4919786096256685,9174.259430955017,0.0,0.0,9174.259430955017,0,0.0,11117.371
2024-05-31 00:00:00+00:00,17.85,17.94,18.267,34.825844,0.3414285,0.5174418604651162,9174.259430955017,0.0,0.0,9174.259430955017,0,0.0,11198.5205
2024-06-03 00:00:00+00:00,18.05,18.15,18.2766,40.291267,0.3378571,0.5174418604651162,9174.259430955017,0.0,0.0,9174.259430955017,0,0.0,11329.606
2024-06-04 00:00:00+00:00,18.04,18.01,18.287199,43.055523,0.33357143,0.5174418604651162,9174.259430955017,0.0,0.0,9174.259430955017,0,0.0,11242.217
2024-06-05 00:00:00+00:00,18.07,18.1,18.2982,38.288265,0.33928585,0.5174418604651162,9174.259430955017,0.0,0.0,9174.259430955017,0,0.0,11298.396
2024-06-06 00:00:00+00:00,18.03,17.98,18.30815,41.592926,0.33642864,0.5174418604651162,9174.259430955017,0.0,0.0,9174.259430955017,0,0.0,11223.489
2024-06-07 00:00:00+00:00,17.75,17.81,18.3183,31.753515,0.32928577,0.5174418604651162,9174.259430955017,0.0,0.0,9174.259430955017,0,0.0,11117.371
2024-06-10 00:00:00+00:00,17.77,18.11,18.32795,34.358932,0.3071428,0.5174418604651162,9174.259430955017,0.0,0.0,9174.259430955017,0,0.0,11304.639
2024-06-11 00:00:00+00:00,18.07,17.97,18.33895,43.891426,0.32642856,0.4919786096256685,9174.259430955017,0.0,0.0,9174.259430955017,0,0.0,11217.247
2024-06-12 00:00:00+00:00,18.35,18.33,18.3506,41.99132,0.3249998,0.5174418604651162,9174.259430955017,0.0,0.0,9174.259430955017,0,0.0,11441.968
2024-06-13 00:00:00+00:00,18.36,18.3,18.36505,48.46154,0.34714276,0.4919786096256685,9174.259430955017,0.0,0.0,9174.259430955017,0,0.0,11423.241
2024-06-14 00:00:00+00:00,18.16,17.82,18.3774,53.164547,0.34285694,0.4919786096256685,9174.259430955017,0.0,0.0,9174.259430955017,0,0.0,11123.615
2024-06-17 00:00:00+00:00,17.79,17.96,18.3858,41.111122,0.36714253,0.5174418604651162,9174.259430955017,0.0,0.0,9174.259430955017,0,0.0,11211.006
2024-06-18 00:00:00+00:00,18.0,17.94,18.3956,46.125443,0.35999966,0.5174418604651162,9174.259430955017,0.0,0.0,9174.259430955017,0,0.0,11198.521
2024-06-20 00:00:00+00:00,17.9,18.06,18.40635,53.191483,0.33714253,0.5174418604651162,9174.259430955017,0.0,0.0,9174.259430955017,0,0.0,11273.428
2024-06-21 00:00:00+00:00,18.12,18.33,18.41755,55.10204,0.3371424,0.5174418604651162,9174.259430955017,0.0,0.0,9174.259430955017,0,0.0,11441.968
2024-06-24 00:00:00+00:00,18.34,18.11,18.4297,57.528946,0.34857097,0.5174418604651162,9174.259430955017,0.0,0.0,9174.259430955017,0,0.0,11304.64
2024-06-25 00:00:00+00:00,18.18,18.08,18.4404,49.23079,0.3585709,0.8368519108800836,9174.259430955017,0.0,0.0,9174.259430955017,0,0.0,11285.913
2024-06-26 00:00:00+00:00,17.94,17.86,18.45225,51.405617,0.3607137,0.5174418604651162,-4600.891104623941,13754.511890487282,4587.1297154775075,4566.491070385833,1,17.542142868041992,11148.585
2024-06-27 00:00:00+00:00,17.85,18.02,18.4613,45.419853,0.36642796,0.5174418604651162,-4601.801249408758,13877.732759619576,4587.1297154775075,4688.80179473331,0,17.542142868041992,11248.461
2024-06-28 00:00:00+00:00,17.96,17.98,18.4707,50.751896,0.3649995,0.5174418604651162,-4602.711394193575,13846.927021442649,4587.1297154775075,4657.085911771566,0,17.542142868041992,11223.491
2024-07-01 00:00:00+00:00,17.89,17.63,18.47885,53.359684,0.35999966,0.5174418604651162,-4603.621538978392,13577.381325949911,4587.1297154775075,4386.630071494012,0,17.542142868041992,11005.015
2024-07-02 00:00:00+00:00,17.68,17.65,18.48695,40.697647,0.35785675,0.4919786096256685,-4604.531683763209,13592.785066126955,4587.1297154775075,4401.123666886238,0,17.542142868041992,11017.499
2024-07-03 00:00:00+00:00,17.74,17.68,18.4939,43.495937,0.35714245,0.5174418604651162,-4605.441828548026,13615.890153676391,4587.1297154775075,4423.318609650858,0,17.542142868041992,11036.227
2024-07-05 00:00:00+00:00,17.61,17.48,18.4993,34.741787,0.3307138,0.4919786096256685,-4606.351973332843,13461.863850356107,4587.1297154775075,4268.382161545756,0,17.542142868041992,10911.383
2024-07-08 00:00:00+00:00,17.6,17.69,18.5046,32.173912,0.32571396,0.5174418604651162,-4607.26211811766,13623.591895935902,4587.1297154775075,4429.200062340735,0,17.542142868041992,11042.47
2024-07-09 00:00:00+00:00,17.57,17.54,18.51145,46.79805,0.30214268,0.5174418604651162,-4608.172262902477,13508.072599819321,4587.1297154775075,4312.7706214393365,0,17.542142868041992,10948.837
2024-07-10 00:00:00+00:00,17.66,17.88,18.51815,39.705933,0.30142853,0.4919786096256685,-4609.082407687294,13769.915047716066,4587.1297154775075,4573.702924551264,0,17.542142868041992,11161.071
2024-07-11 00:00:00+00:00,18.23,17.86,18.528,48.728786,0.3071428,0.5174418604651162,-4609.992552472111,13754.51365717127,4587.1297154775075,4557.3913892216515,0,17.542142868041992,11148.588
2024-07-12 00:00:00+00:00,18.02,18.18,18.5383,45.57525,0.32285717,0.7076600913757028,-4610.902697256928,14000.955427089812,4587.1297154775075,4802.923014355376,0,17.542142868041992,11348.338
2024-07-15 00:00:00+00:00,18.24,18.31,18.5486,46.753254,0.32071427,0.4919786096256685,-4611.812842041745,14101.071359356352,4587.1297154775075,4902.1288018371,0,17.695714950561523,11429.486
2024-07-16 00:00:00+00:00,18.36,18.56,18.56095,54.50448,0.3121429,0.5174418604651162,-4612.722986826562,14293.603935585357,4587.1297154775075,5093.751233281288,0,17.828927993774414,11585.542
2024-07-17 00:00:00+00:00,18.46,18.86,18.57355,59.836063,0.33142868,0.49478568150020186,-4613.633131611379,14524.64326235255,4587.1297154775075,5323.880415263664,0,18.091785430908203,11772.809
2024-07-18 00:00:00+00:00,18.72,17.99,18.58575,69.84126,0.34071445,0.2857142857142857,-4614.543276396196,13854.630103582367,4587.1297154775075,4652.957111708663,0,18.091785430908203,11229.736
2024-07-19 00:00:00+00:00,17.79,17.86,18.59535,49.535595,0.3878573,0.4919786096256685,9118.429011020193,0.0,0.0,9118.429011020193,-1,0.0,11148.589
2024-07-22 00:00:00+00:00,17.86,17.93,18.60505,48.192787,0.39714295,0.5174418604651162,9118.429011020193,0.0,0.0,9118.429011020193,0,0.0,11192.283
2024-07-23 00:00:00+00:00,17.92,17.93,18.61735,54.93423,0.39071438,0.6386547305050903,9118.429011020193,0.0,0.0,9118.429011020193,0,0.0,11192.283
2024-07-24 00:00:00+00:00,17.89,17.18,18.6276,54.635777,0.40642887,0.5174418604651162,-9.118429011019543,9113.872074982703,0.0,9104.753645971683,1,17.343929290771484,10724.118
2024-07-25 00:00:00+00:00,17.2,17.19,18.6331,43.315506,0.44857174,0.4919786096256685,9096.380055560423,0.0,0.0,9096.380055560423,-1,0.0,10730.36
2024-07-26 00:00:00+00:00,17.32,17.45,18.6383,45.915504,0.4635717,0.5174418604651162,9096.380055560423,0.0,0.0,9096.380055560423,0,0.0,10892.658
2024-07-29 00:00:00+00:00,17.5,17.7,18.64545,46.666668,0.48000023,0.5174418604651162,9096.380055560423,0.0,0.0,9096.380055560423,0,0.0,11048.714
2024-07-30 00:00:00+00:00,17.71,17.8,18.65265,52.162163,0.49214295,0.5174418604651162,9096.380055560423,0.0,0.0,9096.380055560423,0,0.0,11111.136
2024-07-31 00:00:00+00:00,17.57,17.51,18.660799,48.84393,0.48000008,0.5174418604651162,9096.380055560423,0.0,0.0,9096.380055560423,0,0.0,10930.111
2024-08-01 00:00:00+00:00,16.8,16.75,18.66805,45.308304,0.47,0.5174418604651162,9096.380055560423,0.0,0.0,9096.380055560423,0,0.0,10455.702
2024-08-02 00:00:00+00:00,16.65,16.2,18.67255,32.853706,0.5021429,0.4919786096256685,9096.380055560423,0.0,0.0,9096.380055560423,0,0.0,10112.381
2024-08-05 00:00:00+00:00,15.81,15.92,18.67225,27.015255,0.54214287,0.4919786096256685,9096.380055560423,0.0,0.0,9096.380055560423,0,0.0,9937.599
2024-08-06 00:00:00+00:00,15.92,16.27,18.67025,21.428572,0.5364285,0.4919786096256685,9096.380055560423,0.0,0.0,9096.380055560423,0,0.0,10156.076
2024-08-07 00:00:00+00:00,16.42,16.03,18.67145,22.269794,0.54428566,0.5174418604651162,9096.380055560423,0.0,0.0,9096.380055560423,0,0.0,10006.264
2024-08-08 00:00:00+00:00,16.19,16.23,18.67285,25.742569,0.5092856,0.5174418604651162,9096.380055560423,0.0,0.0,9096.380055560423,0,0.0,10131.107
2024-08-09 00:00:00+00:00,16.21,16.33,18.67655,30.170288,0.5099998,0.5174418604651162,9096.380055560423,0.0,0.0,9096.380055560423,0,0.0,10193.53
2024-08-12 00:00:00+00:00,16.31,16.05,18.68,30.676311,0.517857,0.5174418604651162,9096.380055560423,0.0,0.0,9096.380055560423,0,0.0,10018.748
2024-08-13 00:00:00+00:00,16.12,16.09,18.6814,28.733011,0.5142855,0.4919786096256685,9096.380055560423,0.0,0.0,9096.380055560423,0,0.0,10043.718
2024-08-14 00:00:00+00:00,16.02,16.16,18.68385,35.309967,0.4785711,0.5174418604651162,9096.380055560423,0.0,0.0,9096.380055560423,0,0.0,10087.414
2024-08-15 00:00:00+00:00,16.4,16.43,18.687,36.339508,0.46071392,0.5174418604651162,9096.380055560423,0.0,0.0,9096.380055560423,0,0.0,10255.953
2024-08-16 00:00:00+00:00,16.42,16.45,18.6939,36.507927,0.46071392,0.5174418604651162,9096.380055560423,0.0,0.0,9096.380055560423,0,0.0,10268.4375
2024-08-19 00:00:00+00:00,16.46,16.83,18.69925,32.394363,0.44142818,0.5174418604651162,9096.380055560423,0.0,0.0,9096.380055560423,0,0.0,10505.642
2024-08-20 00:00:00+00:00,16.77,16.52,18.706,37.336823,0.46142823,0.5174418604651162,9096.380055560423,0.0,0.0,9096.380055560423,0,0.0,10312.134
2024-08-21 00:00:00+00:00,16.64,16.92,18.7106,37.14286,0.45857117,0.4919786096256685,9096.380055560423,0.0,0.0,9096.380055560423,0,0.0,10561.822
2024-08-22 00:00:00+00:00,16.88,17.09,18.7137,52.43553,0.43214267,0.4919786096256685,9096.380055560423,0.0,0.0,9096.380055560423,0,0.0,10667.94
2024-08-23 00:00:00+00:00,17.14,17.41,18.71535,64.30867,0.4071428,0.4919786096256685,9096.380055560423,0.0,0.0,9096.380055560423,0,0.0,10867.691
2024-08-26 00:00:00+00:00,17.56,17.34,18.71905,73.650795,0.40642855,0.4919786096256685,9096.380055560423,0.0,0.0,9096.380055560423,0,0.0,10823.996
2024-08-27 00:00:00+00:00,17.29,17.3,18.72285,68.64111,0.38571426,0.4919786096256685,9096.380055560423,0.0,0.0,9096.380055560423,0,0.0,10799.026
2024-08-28 00:00:00+00:00,17.3,17.24,18.7287,73.782745,0.375,0.5174418604651162,9096.380055560423,0.0,0.0,9096.380055560423,0,0.0,10761.573
2024-08-29 00:00:00+00:00,17.34,17.65,18.73365,69.96047,0.36142868,0.4919786096256685,9096.380055560423,0.0,0.0,9096.380055560423,0,0.0,11017.504
2024-08-30 00:00:00+00:00,17.77,17.7,18.73985,73.23943,0.36642864,0.5174418604651162,9096.380055560423,0.0,0.0,9096.380055560423,0,0.0,11048.715
2024-09-03 00:00:00+00:00,17.62,17.37,18.7464,81.609215,0.3764286,0.5174418604651162,9096.380055560423,0.0,0.0,9096.380055560423,0,0.0,10842.723
2024-09-04 00:00:00+00:00,17.29,16.93,18.74835,72.06898,0.3878573,0.4919786096256685,9096.380055560423,0.0,0.0,9096.380055560423,0,0.0,10568.064
2024-09-05 00:00:00+00:00,16.9,16.73,18.7472,61.773705,0.41785732,0.5174418604651162,9096.380055560423,0.0,0.0,9096.380055560423,0,0.0,10443.22
2024-09-06 00:00:00+00:00,16.74,16.73,18.7455,54.68749,0.4071429,0.5174418604651162,9096.380055560423,0.0,0.0,9096.380055560423,0,0.0,10443.22
2024-09-09 00:00:00+00:00,16.76,16.77,18.74285,54.402496,0.4142858,0.4919786096256685,9096.380055560423,0.0,0.0,9096.380055560423,0,0.0,10468.189
2024-09-10 00:00:00+00:00,16.76,16.77,18.73915,48.943672,0.40500015,0.6156928765164342,9096.380055560423,0.0,0.0,9096.380055560423,0,0.0,10468.189
2024-09-11 00:00:00+00:00,16.72,16.82,18.73655,54.94071,0.41214302,0.5174418604651162,-9.096380055560076,9091.834138491178,0.0,9082.737758435618,1,16.162500381469727,10499.399
2024-09-12 00:00:00+00:00,16.92,17.2,18.7337,47.706417,0.40571445,0.6388888888888888,-9.096380055560076,9297.238554864483,0.0,9288.142174808923,0,16.201786041259766,10736.604
2024-09-13 00:00:00+00:00,17.26,17.42,18.7326,52.301266,0.4042857,0.54296875,-9.096380055560076,9416.156557467864,0.0,9407.060177412304,0,16.591428756713867,10873.932
2024-09-16 00:00:00+00:00,17.5,17.46,18.73255,50.218346,0.39857143,0.54296875,-9.096380055560076,9437.778024058023,0.0,9428.681644002463,0,16.81357192993164,10898.9
2024-09-17 00:00:00+00:00,17.59,17.81,18.7319,52.654842,0.39357144,0.54296875,-9.096380055560076,9626.96655679093,0.0,9617.87017673537,0,16.86214256286621,11117.379
2024-09-18 00:00:00+00:00,17.84,17.88,18.73375,59.922176,0.4057143,0.54296875,9641.210129291896,0.0,0.0,9641.210129291896,-1,0.0,11161.073
2024-09-19 00:00:00+00:00,18.26,18.53,18.7358,62.40308,0.43214294,0.42718446601941745,-9.641210129291721,9636.391933325234,0.0,9626.750723195943,1,17.271427154541016,11566.819
2024-09-20 00:00:00+00:00,18.55,18.73,18.73985,65.60284,0.45214298,0.42718446601941745,-9.641210129291721,9740.399526199197,0.0,9730.758316069905,0,17.881786346435547,11691.662
2024-09-23 00:00:00+00:00,18.88,18.63,18.74305,67.34004,0.45642868,0.42718446601941745,-9.641210129291721,9688.395275484432,0.0,9678.75406535514,0,18.05178451538086,11629.24
2024-09-24 00:00:00+00:00,18.7,18.68,18.7478,72.99265,0.46428585,0.42718446601941745,-9.641210129291721,9714.397745886226,0.0,9704.756535756935,0,18.05178451538086,11660.452
2024-09-25 00:00:00+00:00,18.74,18.21,18.7533,87.23401,0.44071442,0.42718446601941745,-9.641210129291721,9469.976987228772,0.0,9460.33577709948,0,18.05178451538086,11367.067
2024-09-26 00:00:00+00:00,18.35,18.24,18.75545,78.24424,0.4600002,0.42718446601941745,-9.641210129291721,9485.578512769542,0.0,9475.93730264025,0,18.05178451538086,11385.794
2024-09-27 00:00:00+00:00,18.42,18.13,18.7567,78.49053,0.464286,0.42718446601941745,-9.641210129291721,9428.373470625273,0.0,9418.73226049598,0,18.05178451538086,11317.129
2024-09-30 00:00:00+00:00,17.91,17.6,18.75555,74.99995,0.4635717,0.42718446601941745,9129.380881812182,0.0,0.0,9129.380881812182,-1,0.0,10986.292
2024-10-01 00:00:00+00:00,17.58,17.55,18.7505,62.769222,0.48071453,0.54296875,9129.380881812182,0.0,0.0,9129.380881812182,0,0.0,10955.08
2024-10-02 00:00:00+00:00,17.38,17.57,18.74435,61.230747,0.48785728,0.42718446601941745,-9.129380881811812,9124.818472575895,0.0,9115.689091694083,1,16.828927993774414,10967.564
2024-10-03 00:00:00+00:00,17.46,17.38,18.7349,56.40136,0.47928593,0.54296875,-9.129380881811812,9026.143672118893,0.0,9017.014291237081,0,16.838212966918945,10848.962
2024-10-04 00:00:00+00:00,17.61,17.86,18.72605,49.300686,0.48000023,0.54296875,-9.129380881811812,9275.428164555002,0.0,9266.29878367319,0,16.838212966918945,11148.589
2024-10-07 00:00:00+00:00,17.75,17.48,18.719099,56.060616,0.50500023,0.54296875,-9.129380881811812,9078.078099806235,0.0,9068.948718924423,0,17.139999389648438,10911.384
2024-10-08 00:00:00+00:00,17.53,17.46,18.71035,45.04506,0.52214307,0.54296875,-9.129380881811812,9067.691228277377,0.0,9058.561847395566,0,17.139999389648438,10898.898
2024-10-09 00:00:00+00:00,17.4,17.45,18.7021,43.597576,0.52500015,0.54296875,-9.129380881811812,9062.498870401669,0.0,9053.369489519857,0,17.139999389648438,10892.658
2024-10-10 00:00:00+00:00,17.39,17.61,18.6915,29.545496,0.48928574,0.42718446601941745,-9.129380881811812,9145.59384433725,0.0,9136.464463455439,0,17.139999389648438,10992.534
2024-10-11 00:00:00+00:00,17.68,17.81,18.6807,28.461609,0.47071442,0.42718446601941745,-9.129380881811812,9249.460984815147,0.0,9240.331603933335,0,17.139999389648438,11117.377
2024-10-14 00:00:00+00:00,17.75,17.9,18.6692,34.814846,0.45499992,0.42718446601941745,-9.129380881811812,9296.202220143738,0.0,9287.072839261926,0,17.139999389648438,11173.559
2024-10-15 00:00:00+00:00,17.95,17.92,18.65785,35.76643,0.45357132,0.42718446601941745,-9.129380881811812,9306.589319339386,0.0,9297.459938457574,0,17.217498779296875,11186.043
2024-10-16 00:00:00+00:00,17.93,17.99,18.6491,43.66815,0.4328571,0.42718446601941745,-9.129380881811812,9342.943183868056,0.0,9333.813802986244,0,17.239643096923828,11229.738
2024-10-17 00:00:00+00:00,18.19,18.04,18.6417,44.635197,0.42642853,0.42718446601941745,-9.129380881811812,9368.910629281154,0.0,9359.781248399342,0,17.340713500976562,11260.949
2024-10-18 00:00:00+00:00,17.99,17.77,18.6334,48.017662,0.42714283,0.42718446601941745,-9.129380881811812,9228.688149703903,0.0,9219.558768822091,0,17.400358200073242,11092.409
2024-10-21 00:00:00+00:00,17.68,17.63,18.62445,54.228848,0.41571426,0.54296875,-9.129380881811812,9155.979543006113,0.0,9146.850162124301,0,17.400358200073242,11005.017
2024-10-22 00:00:00+00:00,17.56,17.59,18.6141,51.904755,0.40214294,0.54296875,-9.129380881811812,9135.206537203185,0.0,9126.077156321373,0,17.400358200073242,10980.048
2024-10-23 00:00:00+00:00,17.5,17.38,18.6029,50.471706,0.39071438,0.54296875,-9.129380881811812,9026.144672363262,0.0,9017.01529148145,0,17.400358200073242,10848.961
2024-10-24 00:00:00+00:00,17.47,17.66,18.58785,50.0,0.39785725,0.6388888888888888,-9.129380881811812,9171.560732065484,0.0,9162.431351183672,0,17.400358200073242,11023.743
2024-10-25 00:00:00+00:00,17.8,17.58,18.57695,44.84535,0.3771429,0.54296875,-9.129380881811812,9130.013446318091,0.0,9120.88406543628,0,17.400358200073242,10973.806
2024-10-28 00:00:00+00:00,17.76,17.71,18.56615,53.04879,0.3457143,0.54296875,-9.129380881811812,9197.526895997533,0.0,9188.397515115721,0,17.400358200073242,11054.953
2024-10-29 00:00:00+00:00,17.67,17.62,18.55545,57.142857,0.32500008,0.54296875,-9.129380881811812,9150.787153951,0.0,9141.657773069188,0,17.400358200073242,10998.774
2024-10-30 00:00:00+00:00,17.62,17.75,18.5448,54.64481,0.3207144,0.42718446601941745,-9.129380881811812,9218.301498136016,0.0,9209.172117254204,0,17.400358200073242,11079.924
2024-10-31 00:00:00+00:00,17.68,17.24,18.53455,53.888874,0.32214287,0.54296875,-9.129380881811812,8953.4373968944,0.0,8944.308016012588,0,17.400358200073242,10761.571
2024-11-01 00:00:00+00:00,17.2,17.33,18.52225,36.4929,0.3371431,0.42718446601941745,8977.548391796801,0.0,0.0,8977.548391796801,-1,0.0,10817.751
2024-11-04 00:00:00+00:00,17.33,17.39,18.5108,36.4929,0.33928585,0.6388888888888888,8977.548391796801,0.0,0.0,8977.548391796801,0,0.0,10855.204
2024-11-05 00:00:00+00:00,17.24,17.65,18.49795,37.6744,0.33357158,0.54296875,-8.977548391796518,8973.061860866368,0.0,8964.084312474572,1,16.881071090698242,11017.501
2024-11-06 00:00:00+00:00,18.5,17.99,18.4866,42.73504,0.34714302,0.54296875,9123.218071155568,0.0,0.0,9123.218071155568,-1,0.0,11229.736
2024-11-07 00:00:00+00:00,18.35,18.0,18.4786,49.049408,0.40285724,0.54296875,-9.123218071155861,9118.658741784677,0.0,9109.53552371352,1,17.46928596496582,11235.979
2024-11-08 00:00:00+00:00,18.06,18.01,18.4713,54.852314,0.4407143,0.42718446601941745,-9.123218071155861,9123.724296133707,0.0,9114.601078062551,0,17.46928596496582,11242.221
2024-11-11 00:00:00+00:00,18.05,18.06,18.4635,58.482174,0.44571415,0.42718446601941745,-9.123218071155861,9149.053086251013,0.0,9139.929868179857,0,17.46928596496582,11273.431
2024-11-12 00:00:00+00:00,17.96,17.99,18.4553,60.44444,0.48214272,0.42718446601941745,-9.123218071155861,9113.591623270937,0.0,9104.468405199781,0,17.46928596496582,11229.735
2024-11-13 00:00:00+00:00,18.01,18.0,18.44615,64.45501,0.4807141,0.42718446601941745,-9.123218071155861,9118.65762203251,0.0,9109.534403961354,0,17.46928596496582,11235.978
2024-11-14 00:00:00+00:00,17.98,17.46,18.43775,59.239155,0.47857136,0.54296875,-9.123218071155861,8845.097610744073,0.0,8835.974392672917,0,17.46928596496582,10898.897
2024-11-15 00:00:00+00:00,17.51,17.26,18.42895,47.391285,0.5092856,0.54296875,-9.123218071155861,8743.779658550004,0.0,8734.656440478848,0,17.46928596496582,10774.055
2024-11-18 00:00:00+00:00,17.31,17.41,18.41815,40.50634,0.5185713,0.42718446601941745,8797.415441273699,0.0,0.0,8797.415441273699,-1,0.0,10867.6875
2024-11-19 00:00:00+00:00,17.2,17.33,18.40815,45.67899,0.5228571,0.54296875,8797.415441273699,0.0,0.0,8797.415441273699,0,0.0,10817.749
2024-11-20 00:00:00+00:00,17.23,17.42,18.39875,41.176464,0.52357143,0.54296875,-8.797415441273188,8793.018931807796,0.0,8784.221516366522,1,16.545713424682617,10873.931
2024-11-21 00:00:00+00:00,17.54,17.89,18.3885,54.591846,0.5049998,0.54296875,-8.797415441273188,9030.258100546898,0.0,9021.460685105625,0,16.6346435546875,11167.3125
2024-11-22 00:00:00+00:00,17.9,18.25,18.3818,61.96581,0.5207142,0.42718446601941745,-8.797415441273188,9211.974028672843,0.0,9203.17661323157,0,17.13249969482422,11392.033
2024-11-25 00:00:00+00:00,18.33,18.42,18.3753,66.287895,0.53357136,0.54296875,-8.797415441273188,9297.783694662778,0.0,9288.986279221504,0,17.468929290771484,11498.149
2024-11-26 00:00:00+00:00,18.32,18.31,18.3695,65.09805,0.5249999,0.42718446601941745,-8.797415441273188,9242.259288922978,0.0,9233.461873481705,0,17.468929290771484,11429.485
2024-11-27 00:00:00+00:00,18.31,18.43,18.3625,56.896545,0.45857129,0.54296875,-8.797415441273188,9302.83202413559,0.0,9294.034608694317,0,17.522499084472656,11504.393
2024-11-29 00:00:00+00:00,18.58,18.42,18.3588,58.84774,0.4057143,0.54296875,9275.040391309454,0.0,0.0,9275.040391309454,-1,0.0,11498.15
2024-12-02 00:00:00+00:00,18.46,18.39,18.3538,58.43621,0.39714295,0.54296875,-9.275040391308721,9270.405188715096,0.0,9261.130148323788,1,17.202857971191406,11479.424
2024-12-03 00:00:00+00:00,18.57,18.52,18.34625,56.846466,0.37142864,0.54296875,-9.275040391308721,9335.938710807297,0.0,9326.663670415988,0,17.202857971191406,11560.573
2024-12-04 00:00:00+00:00,18.52,18.53,18.34025,60.728745,0.38500008,0.54296875,-9.275040391308721,9340.98028652045,0.0,9331.70524612914,0,17.40571403503418,11566.816
2024-12-05 00:00:00+00:00,18.53,18.8,18.3346,60.728745,0.3785715,0.42718446601941745,-9.275040391308721,9477.08614334927,0.0,9467.811102957961,0,17.40571403503418,11735.3545
2024-12-06 00:00:00+00:00,18.92,18.8,18.32755,80.45454,0.37142864,0.42718446601941745,-9.275040391308721,9477.08614334927,0.0,9467.811102957961,0,17.664283752441406,11735.3545
2024-12-09 00:00:00+00:00,18.91,18.94,18.31825,88.49994,0.36928585,0.42718446601941745,-9.275040391308721,9547.660915026392,0.0,9538.385874635083,0,17.685712814331055,11822.747
2024-12-10 00:00:00+00:00,19.01,19.07,18.3116,88.44216,0.37357154,0.2,-9.275040391308721,9613.193321893476,0.0,9603.918281502167,0,17.832143783569336,11903.8955
2024-12-11 00:00:00+00:00,19.23,18.93,18.3067,92.646996,0.37999997,0.42718446601941745,-9.275040391308721,9542.619742708606,0.0,9533.344702317298,0,17.94928550720215,11816.505
2024-12-12 00:00:00+00:00,18.91,18.82,18.3002,86.124374,0.39500004,0.42718446601941745,-9.275040391308721,9487.168376919646,0.0,9477.893336528337,0,17.94928550720215,11747.841
2024-12-13 00:00:00+00:00,18.82,18.58,18.29115,76.87857,0.37285724,0.42718446601941745,-9.275040391308721,9366.184645943447,0.0,9356.909605552139,0,17.94928550720215,11598.028
2024-12-16 00:00:00+00:00,18.59,18.66,18.28035,60.24843,0.37142864,0.54296875,-9.275040391308721,9406.51281758132,0.0,9397.237777190012,0,17.94928550720215,11647.966
2024-12-17 00:00:00+00:00,18.51,18.72,18.2689,57.89472,0.38571438,0.54296875,-9.275040391308721,9436.75882147477,0.0,9427.483781083462,0,17.94928550720215,11685.419
2024-12-18 00:00:00+00:00,18.74,17.55,18.25715,63.94556,0.39928585,0.54296875,-9.275040391308721,8846.961395132597,0.0,8837.686354741289,0,17.94928550720215,10955.081
2024-12-19 00:00:00+00:00,17.6,17.63,18.24095,32.539665,0.47,0.2819864391545337,8864.683798375674,0.0,0.0,8864.683798375674,-1,0.0,11005.019
2024-12-20 00:00:00+00:00,17.43,18.2,18.2245,34.74902,0.4750001,0.54296875,8864.683798375674,0.0,0.0,8864.683798375674,0,0.0,11360.826
2024-12-23 00:00:00+00:00,18.18,18.07,18.21145,46.964878,0.52214307,0.54296875,-8.864683798376063,8860.253671539904,0.0,8851.388987741528,1,17.48750114440918,11279.677
2024-12-24 00:00:00+00:00,18.09,18.22,18.1974,42.811493,0.49428585,0.42718446601941745,-8.864683798376063,8933.802811535958,0.0,8924.938127737581,0,17.48750114440918,11373.311
2024-12-26 00:00:00+00:00,18.19,18.28,18.1841,45.25992,0.49857154,0.42718446601941745,-8.864683798376063,8963.223223440851,0.0,8954.358539642475,0,17.48750114440918,11410.765
2024-12-27 00:00:00+00:00,18.14,17.98,18.17075,41.5033,0.4742858,0.54296875,-8.864683798376063,8816.123969554166,0.0,8807.25928575579,0,17.48750114440918,11223.497
2024-12-30 00:00:00+00:00,17.88,17.78,18.156599,37.797638,0.47857147,0.42718446601941745,-8.864683798376063,8718.058530377713,0.0,8709.193846579337,0,17.48750114440918,11098.654
2024-12-31 00:00:00+00:00,17.55,17.52,18.14215,33.040947,0.48571423,0.54296875,-8.864683798376063,8590.572920869632,0.0,8581.708237071256,0,17.48750114440918,10936.356
2025-01-02 00:00:00+00:00,17.57,17.2,18.1272,28.169044,0.4835716,0.54296875,-8.864683798376063,8433.667565901273,0.0,8424.802882102897,0,17.48750114440918,10736.606
2025-01-03 00:00:00+00:00,17.21,17.45,18.10995,26.809679,0.47785732,0.42718446601941745,8534.550441031708,0.0,0.0,8534.550441031708,-1,0.0,10892.66
2025-01-06 00:00:00+00:00,17.54,17.28,18.09365,32.299767,0.4900002,0.54296875,8534.550441031708,0.0,0.0,8534.550441031708,0,0.0,10786.543
2025-01-07 00:00:00+00:00,17.43,17.05,18.07615,32.89476,0.48785728,0.54296875,-8.53455044103248,8530.285298382518,0.0,8521.750747941485,1,16.545000076293945,10642.971
2025-01-08 00:00:00+00:00,17.12,16.96,18.05565,29.62027,0.48500007,0.42718446601941745,-8.53455044103248,8485.257442388725,0.0,8476.722891947693,0,16.545000076293945,10586.791
2025-01-10 00:00:00+00:00,16.63,17.08,18.0362,27.889473,0.48071438,0.54296875,-8.53455044103248,8545.295290174143,0.0,8536.76073973311,0,16.545000076293945,10661.698
2025-01-13 00:00:00+00:00,16.96,17.16,18.0188,41.97955,0.4285717,0.54296875,-8.53455044103248,8585.32019028227,0.0,8576.785639841237,0,16.545000076293945,10711.637
2025-01-14 00:00:00+00:00,17.34,17.28,18.00325,41.97955,0.43142876,0.54296875,-8.53455044103248,8645.357809515679,0.0,8636.823259074647,0,16.545000076293945,10786.544
2025-01-15 00:00:00+00:00,17.45,17.32,17.9866,31.45165,0.3771429,0.42718446601941745,-8.53455044103248,8665.370135511264,0.0,8656.835585070232,0,16.632858276367188,10811.513
2025-01-16 00:00:00+00:00,17.36,17.07,17.969799,34.309643,0.38857147,0.54296875,-8.53455044103248,8540.292806896905,0.0,8531.758256455872,0,16.75428581237793,10655.458
2025-01-17 00:00:00+00:00,17.2,17.06,17.9516,26.907671,0.39714295,0.54296875,-8.53455044103248,8535.28944173793,0.0,8526.754891296898,0,16.75428581237793,10649.215
2025-01-21 00:00:00+00:00,17.11,17.21,17.9353,25.0,0.39785725,0.54296875,-8.53455044103248,8610.336141184878,0.0,8601.801590743846,0,16.75428581237793,10742.848
2025-01-22 00:00:00+00:00,17.14,17.29,17.91995,33.18777,0.38357148,0.54296875,-8.53455044103248,8650.361859137785,0.0,8641.827308696753,0,16.75428581237793,10792.787
2025-01-23 00:00:00+00:00,17.31,17.43,17.906,38.7097,0.37714306,0.54296875,-8.53455044103248,8720.405325100204,0.0,8711.870774659172,0,16.75428581237793,10880.178
2025-01-24 00:00:00+00:00,17.4,16.94,17.89175,47.80488,0.37714306,0.54296875,-8.53455044103248,8475.253702162712,0.0,8466.71915172168,0,16.864286422729492,10574.31
2025-01-27 00:00:00+00:00,16.97,17.18,17.8737,44.144146,0.3964288,0.54296875,-8.53455044103248,8595.328269569001,0.0,8586.793719127969,0,16.864286422729492,10724.122
2025-01-28 00:00:00+00:00,17.21,17.05,17.856,43.8914,0.39857155,0.42718446601941745,-8.53455044103248,8530.287519673037,0.0,8521.752969232004,0,16.864286422729492,10642.974
2025-01-29 00:00:00+00:00,17.05,16.59,17.84055,44.700436,0.40285736,0.6388888888888888,-8.53455044103248,8300.145084664462,0.0,8291.61053422343,0,16.864286422729492,10355.831
2025-01-30 00:00:00+00:00,16.84,16.64,17.82175,40.41669,0.41214317,0.54296875,8304.138179625488,0.0,0.0,8304.138179625488,-1,0.0,10387.043
2025-01-31 00:00:00+00:00,16.7,16.71,17.80495,43.22035,0.41428593,0.6388888888888888,-8.304138179624715,8299.988185532722,0.0,8291.684047353097,1,16.02178382873535,10430.737
2025-02-03 00:00:00+00:00,16.5,16.49,17.79065,41.99132,0.39714295,0.6388888888888888,-8.304138179624715,8190.71292851909,0.0,8182.408790339466,0,16.08856964111328,10293.41
2025-02-04 00:00:00+00:00,16.46,16.39,17.7777,36.326523,0.42500004,0.54296875,-8.304138179624715,8141.042022763726,0.0,8132.737884584101,0,16.08856964111328,10230.987
2025-02-05 00:00:00+00:00,16.47,16.37,17.76595,31.687204,0.42785725,0.54296875,-8.304138179624715,8131.1085945210425,0.0,8122.804456341418,0,16.08856964111328,10218.504
2025-02-06 00:00:00+00:00,16.47,16.69,17.75485,30.290462,0.41642871,0.6388888888888888,-8.304138179624715,8290.055011772816,0.0,8281.750873593191,0,16.08856964111328,10418.254
2025-02-07 00:00:00+00:00,16.75,16.76,17.74475,42.33872,0.4128572,0.54296875,-8.304138179624715,8324.824666699975,0.0,8316.52052852035,0,16.08856964111328,10461.95
2025-02-10 00:00:00+00:00,16.75,16.55,17.73355,44.094498,0.41714302,0.54296875,-8.304138179624715,8220.515366100897,0.0,8212.211227921272,0,16.140714645385742,10330.863
2025-02-11 00:00:00+00:00,16.4,16.49,17.71985,37.30769,0.42500004,0.54296875,-8.304138179624715,8190.713257925599,0.0,8182.409119745974,0,16.140714645385742,10293.41
2025-02-12 00:00:00+00:00,16.26,16.31,17.70565,34.49608,0.41928563,0.54296875,-8.304138179624715,8101.305916892962,0.0,8093.001778713337,0,16.140714645385742,10181.051
2025-02-13 00:00:00+00:00,16.35,16.42,17.692749,28.625914,0.4121426,0.54296875,-8.304138179624715,8155.944241100523,0.0,8147.640102920898,0,16.140714645385742,10249.715
2025-02-14 00:00:00+00:00,16.5,16.39,17.68055,38.392838,0.3771425,0.54296875,-8.304138179624715,8141.042832021541,0.0,8132.738693841916,0,16.140714645385742,10230.988
2025-02-18 00:00:00+00:00,16.4,17.05,17.66655,30.541838,0.36785683,0.54296875,-8.304138179624715,8468.869773569595,0.0,8460.56563538997,0,16.140714645385742,10642.975
2025-02-19 00:00:00+00:00,16.92,17.08,17.65745,50.0,0.3871426,0.54296875,-8.304138179624715,8483.770996496913,0.0,8475.466858317288,0,16.498214721679688,10661.701
2025-02-20 00:00:00+00:00,16.7,16.76,17.64865,61.502346,0.36857113,0.54296875,-8.304138179624715,8324.824584528687,0.0,8316.520446349063,0,16.499286651611328,10461.95
2025-02-21 00:00:00+00:00,16.8,16.34,17.6402,52.50002,0.39499977,0.54296875,-8.304138179624715,8116.207473984365,0.0,8107.90333580474,0,16.499286651611328,10199.778
2025-02-24 00:00:00+00:00,16.47,16.25,17.62865,43.272747,0.4185712,0.42718446601941745,8051.0924474342655,0.0,0.0,8051.0924474342655,-1,0.0,10143.599
2025-02-25 00:00:00+00:00,16.32,16.02,17.61605,45.419853,0.39499977,0.6388888888888888,8051.0924474342655,0.0,0.0,8051.0924474342655,0,0.0,10000.027
2025-02-26 00:00:00+00:00,16.05,16.01,17.60255,43.272747,0.4092855,0.6388888888888888,-8.051092447434712,8047.0689129777775,0.0,8039.017820530343,1,15.42750072479248,9993.785
2025-02-27 00:00:00+00:00,16.08,16.0,17.59145,43.43065,0.4128569,0.54296875,-8.051092447434712,8042.04273729171,0.0,8033.9916448442755,0,15.42750072479248,9987.543
2025-02-28 00:00:00+00:00,16.1,16.13,17.57935,35.80247,0.4142855,0.6388888888888888,-8.051092447434712,8107.3839127102765,0.0,8099.332820262842,0,15.42750072479248,10068.692
2025-03-03 00:00:00+00:00,16.25,16.14,17.5683,37.349384,0.410714,0.6388888888888888,-8.051092447434712,8112.410551662771,0.0,8104.359459215336,0,15.508570671081543,10074.935
2025-03-04 00:00:00+00:00,16.05,15.85,17.55675,41.048042,0.41428566,0.54296875,-8.051092447434712,7966.649184819926,0.0,7958.598092372491,0,15.52392864227295,9893.911
2025-03-05 00:00:00+00:00,15.78,16.08,17.54335,37.3016,0.42928573,0.6388888888888888,-8.051092447434712,8082.253145014582,0.0,8074.202052567147,0,15.52392864227295,10037.481
2025-03-06 00:00:00+00:00,15.97,15.8,17.53135,45.5253,0.437143,0.6388888888888888,-8.051092447434712,7941.517671752238,0.0,7933.466579304803,0,15.52392864227295,9862.7
2025-03-07 00:00:00+00:00,15.83,16.33,17.5166,38.686127,0.44642878,0.6388888888888888,-8.051092447434712,8207.910338766165,0.0,8199.85924631873,0,15.52392864227295,10193.537
2025-03-10 00:00:00+00:00,16.19,15.9,17.50615,49.07408,0.4642859,0.6388888888888888,-8.051092447434712,7991.780451792143,0.0,7983.729359344708,0,15.660356521606445,9925.122
2025-03-11 00:00:00+00:00,15.89,15.34,17.49375,30.897005,0.4528573,0.54296875,-8.051092447434712,7710.309252395192,0.0,7702.258159947757,0,15.660356521606445,9575.559
2025-03-12 00:00:00+00:00,15.42,15.11,17.47875,25.423712,0.48000008,0.54296875,7575.261667389701,0.0,0.0,7575.261667389701,-1,0.0,9431.987
2025-03-13 00:00:00+00:00,15.08,14.52,17.46225,26.086933,0.4585715,0.54296875,-7.575261667389896,7571.475929424989,0.0,7563.900667757599,1,14.389999389648438,9063.697
2025-03-14 00:00:00+00:00,14.74,14.91,17.4441,24.861862,0.4678572,0.54296875,-7.575261667389896,7774.84125011783,0.0,7767.26598845044,0,14.389999389648438,9307.143
2025-03-17 00:00:00+00:00,14.9,15.3,17.42715,32.908146,0.4721429,0.6388888888888888,-7.575261667389896,7978.207940031354,0.0,7970.632678363964,0,14.389999389648438,9550.59
2025-03-18 00:00:00+00:00,15.26,15.07,17.4128,41.17646,0.4721429,0.54296875,-7.575261667389896,7858.273864560699,0.0,7850.698602893309,0,14.591785430908203,9407.019
2025-03-19 00:00:00+00:00,15.06,15.12,17.3992,39.069756,0.4678572,0.54296875,-7.575261667389896,7884.346304493338,0.0,7876.771042825948,0,14.591785430908203,9438.2295
2025-03-20 00:00:00+00:00,15.02,14.96,17.38575,39.861744,0.46214294,0.99,-7.575261667389896,7800.913916792015,0.0,7793.338655124625,0,14.591785430908203,9338.354
2025-03-21 00:00:00+00:00,14.8,14.69,17.37085,36.613277,0.4642858,0.6388888888888888,-7.575261667389896,7660.121717885069,0.0,7652.546456217679,0,14.591785430908203,9169.814
2025-03-24 00:00:00+00:00,14.92,15.02,17.35355,34.341248,0.48571423,0.6388888888888888,-7.575261667389896,7832.200801447579,0.0,7824.625539780189,0,14.591785430908203,9375.807
2025-03-25 00:00:00+00:00,15.07,14.8,17.3386,41.11349,0.4778571,0.6388888888888888,-7.575261667389896,7717.4815679021485,0.0,7709.906306234759,0,14.591785430908203,9238.479
2025-03-26 00:00:00+00:00,14.83,14.81,17.3221,36.266098,0.48071426,0.54296875,-7.575261667389896,7722.69610236685,0.0,7715.12084069946,0,14.591785430908203,9244.721
2025-03-27 00:00:00+00:00,14.72,14.53,17.30625,38.72438,0.4778571,0.99,-7.575261667389896,7576.689449964088,0.0,7569.114188296699,0,14.591785430908203,9069.938
2025-03-28 00:00:00+00:00,14.47,14.27,17.28985,28.26088,0.4635714,0.6388888888888888,7422.375465889541,0.0,0.0,7422.375465889541,-1,0.0,8907.642
2025-03-31 00:00:00+00:00,13.96,14.21,17.27065,29.47105,0.45357147,0.54296875,-7.422375465889672,7418.66613282313,0.0,7411.243757357241,1,13.5746431350708,8870.188
2025-04-01 00:00:00+00:00,14.23,14.44,17.25185,33.717587,0.4342858,0.6388888888888888,-7.422375465889672,7538.7428860639775,0.0,7531.320510598088,0,13.5746431350708,9013.759
2025-04-02 00:00:00+00:00,14.3,14.65,17.2324,40.345825,0.43857145,0.6388888888888888,-7.422375465889672,7648.37835101661,0.0,7640.955975550721,0,13.788570404052734,9144.846
2025-04-03 00:00:00+00:00,14.02,13.3,17.21415,52.103546,0.41571432,0.54296875,-7.422375465889672,6943.5791254851665,0.0,6936.156750019277,0,13.992142677307129,8302.146
2025-04-04 00:00:00+00:00,12.87,13.14,17.19155,30.123472,0.48214293,0.54296875,6842.334970267492,0.0,0.0,6842.334970267492,-1,0.0,8202.271
2025-04-07 00:00:00+00:00,12.75,12.92,17.16745,21.727762,0.5235715,0.54296875,-6.842334970267075,6838.9155125112375,0.0,6832.07317754097,1,12.416786193847656,8064.943
2025-04-08 00:00:00+00:00,13.28,12.7,17.14235,21.784792,0.59142864,0.54296875,-6.842334970267075,6722.463451357932,0.0,6715.621116387665,0,12.416786193847656,7927.6143
2025-04-09 00:00:00+00:00,12.46,14.22,17.11555,19.598,0.63571423,0.54296875,-6.842334970267075,7527.0418513728455,0.0,7520.199516402578,0,12.416786193847656,8876.432
2025-04-10 00:00:00+00:00,13.9,13.45,17.095,43.071167,0.76714283,0.54296875,-6.842334970267075,7119.459375367378,0.0,7112.617040397111,0,13.26642894744873,8395.781
2025-04-11 00:00:00+00:00,13.38,13.71,17.0717,39.383568,0.8,0.54296875,-6.842334970267075,7257.084642020701,0.0,7250.242307050434,0,13.26642894744873,8558.078
2025-04-14 00:00:00+00:00,13.86,13.78,17.04985,38.64818,0.8221429,0.6388888888888888,-6.842334970267075,7294.137384885517,0.0,7287.29504991525,0,13.26642894744873,8601.773
2025-04-15 00:00:00+00:00,13.74,13.59,17.02945,40.925262,0.8342857,0.54296875,-6.842334970267075,7193.565494378854,0.0,7186.723159408587,0,13.26642894744873,8483.172
2025-04-16 00:00:00+00:00,13.5,13.41,17.0073,39.482758,0.8392857,0.54296875,-6.842334970267075,7098.286387503589,0.0,7091.444052533322,0,13.26642894744873,8370.812
2025-04-17 00:00:00+00:00,13.51,13.66,16.98445,40.175438,0.84,0.54296875,-6.842334970267075,7230.618201468734,0.0,7223.775866498467,0,13.26642894744873,8526.866
2025-04-21 00:00:00+00:00,13.5,13.51,16.9646,44.639713,0.83999985,0.54296875,-6.842334970267075,7151.219045419447,0.0,7144.37671044918,0,13.26642894744873,8433.233
2025-04-22 00:00:00+00:00,13.65,13.82,16.9439,43.944637,0.83142847,0.42718446601941745,-6.842334970267075,7315.310065853173,0.0,7308.467730882906,0,13.26642894744873,8626.742
2025-04-23 00:00:00+00:00,14.33,13.77,16.9246,44.7099,0.8192857,0.54296875,7271.068530743606,0.0,0.0,7271.068530743606,-1,0.0,8595.531
2025-04-24 00:00:00+00:00,13.78,13.93,16.90605,42.28071,0.83857137,0.54296875,-7.2710685307438325,7267.434813336938,0.0,7260.163744806194,1,12.541071891784668,8695.406
2025-04-25 00:00:00+00:00,13.88,13.88,16.88725,56.98448,0.7635714,0.54296875,-7.2710685307438325,7241.349143076797,0.0,7234.078074546053,0,12.67214298248291,8664.195
2025-04-28 00:00:00+00:00,13.91,13.98,16.86895,58.40909,0.705,0.54296875,-7.2710685307438325,7293.519679214734,0.0,7286.248610683991,0,12.73464298248291,8726.616
2025-04-29 00:00:00+00:00,13.91,14.03,16.84945,62.383175,0.64142853,0.54296875,-7.2710685307438325,7319.605077103848,0.0,7312.334008573104,0,12.922499656677246,8757.827
2025-04-30 00:00:00+00:00,13.82,14.12,16.8303,66.18005,0.5964286,0.54296875,-7.2710685307438325,7366.559540634521,0.0,7359.288472103777,0,13.067856788635254,8814.008
2025-05-01 00:00:00+00:00,14.81,14.53,16.81,48.13432,0.47928572,0.54296875,-7.2710685307438325,7580.460564474075,0.0,7573.189495943331,0,13.225357055664062,9069.938
2025-05-02 00:00:00+00:00,14.85,14.79,16.7911,73.27588,0.45714283,0.42718446601941745,-7.2710685307438325,7716.105550327621,0.0,7708.834481796877,0,13.811071395874023,9232.235
2025-05-05 00:00:00+00:00,14.7,14.75,16.77225,73.27588,0.43571424,0.42718446601941745,-7.2710685307438325,7695.237333977509,0.0,7687.966265446765,0,14.104286193847656,9207.268
2025-05-06 00:00:00+00:00,14.68,14.48,16.7517,71.17906,0.4171428,0.54296875,-7.2710685307438325,7554.375069201249,0.0,7547.104000670505,0,14.104286193847656,9038.728
2025-05-07 00:00:00+00:00,14.5,14.6,16.73415,68.77637,0.42214283,0.54296875,-7.2710685307438325,7616.980521790737,0.0,7609.709453259993,0,14.104286193847656,9113.634
2025-05-08 00:00:00+00:00,14.68,14.85,16.71785,75.75759,0.4121428,0.54296875,-7.2710685307438325,7747.408680923998,0.0,7740.137612393254,0,14.104286193847656,9269.689
2025-05-09 00:00:00+00:00,14.84,14.77,16.70245,75.75759,0.4114285,0.54296875,-7.2710685307438325,7705.671941562755,0.0,7698.400873032011,0,14.231785774230957,9219.753
2025-05-12 00:00:00+00:00,15.46,15.7,16.68665,78.12501,0.3999999,0.54296875,-7.2710685307438325,8190.862604204031,0.0,8183.591535673288,0,14.231785774230957,9800.278
2025-05-13 00:00:00+00:00,15.71,15.76,16.67925,82.86714,0.47214276,0.42718446601941745,-7.2710685307438325,8222.165874571197,0.0,8214.894806040455,0,15.100000381469727,9837.731
2025-05-14 00:00:00+00:00,15.74,15.5,16.6721,84.668976,0.44,0.54296875,-7.2710685307438325,8086.520752335448,0.0,8079.249683804705,0,15.100000381469727,9675.434
2025-05-15 00:00:00+00:00,15.45,15.4,16.66235,76.43096,0.4378571,0.54296875,-7.2710685307438325,8034.349218467521,0.0,8027.078149936777,0,15.100000381469727,9613.011
2025-05-16 00:00:00+00:00,15.43,15.56,16.65085,75.16554,0.43499994,0.54296875,-7.2710685307438325,8117.823581095448,0.0,8110.552512564705,0,15.100000381469727,9712.887
2025-05-19 00:00:00+00:00,15.26,15.42,16.63965,75.649345,0.42785713,0.54296875,-7.2710685307438325,8044.783947749039,0.0,8037.512879218295,0,15.100000381469727,9625.496
2025-05-20 00:00:00+00:00,15.31,15.14,16.6292,71.92428,0.43714285,0.54296875,-7.2710685307438325,7898.705172761695,0.0,7891.434104230952,0,15.100000381469727,9450.714
2025-05-21 00:00:00+00:00,15.05,14.76,16.62115,65.178566,0.42428568,0.99,7681.633041448345,0.0,0.0,7681.633041448345,-1,0.0,9213.51
2025-05-22 00:00:00+00:00,14.74,14.83,16.61395,53.453457,0.39571428,0.42718446601941745,-3852.338970286345,11516.691216564235,3840.816520724172,3823.5357255537183,1,14.123571395874023,9257.204
2025-05-23 00:00:00+00:00,14.46,14.7,16.6085,50.63694,0.39071423,0.54296875,-3853.10103705633,11415.735953156474,3840.816520724172,3721.8183953759726,0,14.236428260803223,9176.056
2025-05-27 00:00:00+00:00,14.85,15.47,16.60065,49.226006,0.39214283,0.54296875,-3853.8631038263147,12013.704059517002,3840.816520724172,4319.024434966515,0,14.236428260803223,9656.707
2025-05-28 00:00:00+00:00,15.5,15.42,16.59785,63.27078,0.4185714,0.54296875,-3854.6251705962995,11974.875024793522,3840.816520724172,4279.433333473051,0,14.881786346435547,9625.496
2025-05-29 00:00:00+00:00,15.49,15.48,16.5938,61.202175,0.41499996,0.54296875,-3855.3872373662844,12021.46915826707,3840.816520724172,4325.265400176613,0,14.881786346435547,9662.949
2025-05-30 00:00:00+00:00,15.28,15.49,16.58955,59.077793,0.40499994,0.54296875,-3856.149304136269,12029.23496891988,3840.816520724172,4332.269144059439,0,14.881786346435547,9669.191
2025-06-02 00:00:00+00:00,15.42,15.44,16.58675,60.58822,0.42214283,0.54296875,-3856.911370906254,11990.40592721583,3840.816520724172,4292.678035585404,0,14.882499694824219,9637.9795
2025-06-03 00:00:00+00:00,15.37,15.67,16.5835,44.84127,0.34642854,0.54296875,-3857.673437676239,12169.019724006059,3840.816520724172,4470.529765605647,0,14.882499694824219,9781.551
2025-06-04 00:00:00+00:00,15.66,15.47,16.58105,48.327137,0.35999992,0.54296875,-3858.4355044462236,12013.704064809614,3840.816520724172,4314.452039639218,0,15.150357246398926,9656.707
2025-06-05 00:00:00+00:00,15.44,15.37,16.57625,49.429665,0.36357144,0.54296875,-3859.1975712162084,11936.045995328443,3840.816520724172,4236.031903388062,0,15.150357246398926,9594.285
2025-06-06 00:00:00+00:00,15.56,15.76,16.57085,49.429665,0.37142855,0.54296875,-3859.9596379861932,12238.913304694865,3840.816520724172,4538.1371459845,0,15.150357246398926,9837.731
2025-06-09 00:00:00+00:00,15.85,15.92,16.5655,53.4965,0.38428572,0.54296875,8483.899001073474,0.0,0.0,8483.899001073474,-1,0.0,9937.606
2025-06-10 00:00:00+00:00,16.03,16.07,16.5625,58.680553,0.38142857,0.54296875,-8.48389900107395,8479.65917148773,0.0,8471.175272486656,1,15.343571662902832,10031.239
2025-06-11 00:00:00+00:00,16.17,15.97,16.55825,66.90907,0.3778572,0.54296875,-8.48389900107395,8426.892585094414,0.0,8418.40868609334,0,15.497857093811035,9968.817
2025-06-12 00:00:00+00:00,15.76,15.69,16.55265,74.49393,0.37357146,0.54296875,-8.48389900107395,8279.144343581886,0.0,8270.660444580812,0,15.497857093811035,9794.034
2025-06-13 00:00:00+00:00,15.47,15.22,16.54405,66.04476,0.37214294,0.54296875,8010.609254464459,0.0,0.0,8010.609254464459,-1,0.0,9500.65
2025-06-16 00:00:00+00:00,15.34,15.64,16.53345,58.60928,0.39000008,0.42718446601941745,-8.010609254464725,8006.605951488715,0.0,7998.59534223425,1,14.661786079406738,9762.824
2025-06-17 00:00:00+00:00,15.55,15.57,16.52515,53.18352,0.36571434,0.54296875,-8.010609254464725,7970.770205706862,0.0,7962.759596452397,0,15.055000305175781,9719.128
2025-06-18 00:00:00+00:00,15.58,15.73,16.5168,52.788097,0.37642866,0.42718446601941745,-8.010609254464725,8052.679421639058,0.0,8044.668812384593,0,15.055000305175781,9819.004
2025-06-20 00:00:00+00:00,15.85,15.67,16.5072,54.480286,0.39071444,0.54296875,-8.010609254464725,8021.963767330955,0.0,8013.953158076491,0,15.165356636047363,9781.551
2025-06-23 00:00:00+00:00,15.59,15.77,16.49705,53.169018,0.38000017,0.54296875,-8.010609254464725,8073.156979167356,0.0,8065.146369912892,0,15.165356636047363,9843.973
2025-06-24 00:00:00+00:00,15.85,15.67,16.48905,55.70936,0.38714308,0.54296875,-8.010609254464725,8021.963804355595,0.0,8013.95319510113,0,15.199999809265137,9781.551
2025-06-25 00:00:00+00:00,15.69,15.5,16.48275,50.0,0.37714306,0.6388888888888888,-8.010609254464725,7934.935439461302,0.0,7926.924830206837,0,15.199999809265137,9675.433
2025-06-26 00:00:00+00:00,15.6,15.71,16.4766,50.549446,0.3728573,0.54296875,-8.010609254464725,8042.440913857728,0.0,8034.430304603264,0,15.199999809265137,9806.52
2025-06-27 00:00:00+00:00,15.79,15.76,16.4715,55.985916,0.36857155,0.54296875,-8.010609254464725,8068.037185315183,0.0,8060.026576060718,0,15.199999809265137,9837.7295
2025-06-30 00:00:00+00:00,15.57,15.36,16.46645,50.0,0.35642868,0.54296875,-8.010609254464725,7863.2645068102065,0.0,7855.253897555742,0,15.20714282989502,9588.041
2025-07-01 00:00:00+00:00,15.36,15.87,16.4594,39.781017,0.3707144,0.54296875,-8.010609254464725,8124.349461137889,0.0,8116.3388518834245,0,15.20714282989502,9906.395
2025-07-02 00:00:00+00:00,15.92,16.17,16.45465,46.774197,0.405,0.54296875,-8.010609254464725,8277.929019963374,0.0,8269.91841070891,0,15.313928604125977,10093.661
2025-07-03 00:00:00+00:00,16.29,16.21,16.4495,53.030296,0.40071434,0.54296875,8277.948013443376,0.0,0.0,8277.948013443376,-1,0.0,10118.63
2025-07-07 00:00:00+00:00,16.15,16.01,16.443449,58.496723,0.3992858,0.54296875,-8.277948013443165,8273.811107889433,0.0,8265.53315987599,1,15.608927726745605,9993.786
2025-07-08 00:00:00+00:00,16.09,16.18,16.4362,64.15771,0.38071442,0.42718446601941745,-8.277948013443165,8361.665156715297,0.0,8353.387208701854,0,15.608927726745605,10099.903
2025-07-09 00:00:00+00:00,16.2,16.15,16.42805,60.62992,0.3728573,0.54296875,-8.277948013443165,8346.161113631206,0.0,8337.883165617763,0,15.608928680419922,10081.177
2025-07-10 00:00:00+00:00,16.22,16.58,16.4194,61.6,0.3657144,0.54296875,-8.277948013443165,8568.380948522707,0.0,8560.103000509263,0,15.608928680419922,10349.592
2025-07-11 00:00:00+00:00,16.52,16.52,16.40965,65.342964,0.37142876,0.54296875,-8.277948013443165,8537.37389034764,0.0,8529.095942334197,0,15.608928680419922,10312.139
2025-07-14 00:00:00+00:00,16.43,16.5,16.3986,65.342964,0.37071446,0.54296875,-8.277948013443165,8527.037781039591,0.0,8518.759833026148,0,15.608928680419922,10299.654
2025-07-15 00:00:00+00:00,16.6,16.33,16.387949,63.568764,0.3628572,0.54296875,-8.277948013443165,8439.183536170873,0.0,8430.90558815743,0,15.608928680419922,10193.536
2025-07-16 00:00:00+00:00,16.42,16.15,16.3762,61.956516,0.36071444,0.6388888888888888,-8.277948013443165,8346.161057867912,0.0,8337.883109854469,0,15.785714149475098,10081.176
2025-07-17 00:00:00+00:00,16.19,16.06,16.3659,61.73284,0.36357158,0.54296875,-8.277948013443165,8299.650103481597,0.0,8291.372155468154,0,15.785714149475098,10024.996
2025-07-18 00:00:00+00:00,16.16,16.14,16.355,56.60376,0.3707144,0.54296875,-8.277948013443165,8340.992979346589,0.0,8332.715031333146,0,15.785714149475098,10074.933
2025-07-21 00:00:00+00:00,16.2,16.08,16.34505,57.089535,0.36499998,0.54296875,-8.277948013443165,8309.985984495006,0.0,8301.708036481563,0,15.785714149475098,10037.4795
2025-07-22 00:00:00+00:00,16.12,16.47,16.33745,65.38463,0.3442857,0.54296875,-8.277948013443165,8511.534107672944,0.0,8503.2561596595,0,15.785714149475098,10280.926
2025-07-23 00:00:00+00:00,16.62,16.6,16.33205,63.51351,0.32285723,0.54296875,-8.277948013443165,8578.717388602432,0.0,8570.439440588989,0,15.785714149475098,10362.075
2025-07-24 00:00:00+00:00,16.54,16.43,16.3272,60.487816,0.32428584,0.54296875,-8.277948013443165,8490.862983668816,0.0,8482.585035655373,0,15.785714149475098,10255.958
2025-07-25 00:00:00+00:00,16.55,16.55,16.32245,55.0459,0.32500014,0.54296875,-8.277948013443165,8552.87681271178,0.0,8544.598864698337,0,15.785714149475098,10330.863
2025-07-28 00:00:00+00:00,16.68,16.4,16.3159,62.857117,0.32642862,0.54296875,-8.277948013443165,8475.358475029048,0.0,8467.080527015605,0,15.785714149475098,10237.23
2025-07-29 00:00:00+00:00,16.45,16.28,16.3105,55.288445,0.32642847,0.54296875,-8.277948013443165,8413.34422123175,0.0,8405.066273218306,0,15.785714149475098,10162.323
2025-07-30 00:00:00+00:00,16.41,16.13,16.3046,52.99542,0.33214277,0.54296875,-8.277948013443165,8335.824805033575,0.0,8327.546857020132,0,15.79035758972168,10068.689
2025-07-31 00:00:00+00:00,16.35,15.72,16.298,38.095215,0.33357129,0.54296875,-8.277948013443165,8123.941469436861,0.0,8115.6635214234175,0,15.79035758972168,9812.76
2025-08-01 00:00:00+00:00,15.69,15.53,16.28855,32.142845,0.37571415,0.42718446601941745,8005.434305721227,0.0,0.0,8005.434305721227,-1,0.0,9694.157
2025-08-04 00:00:00+00:00,15.69,15.69,16.27715,29.875504,0.39214283,0.54296875,8005.434305721227,0.0,0.0,8005.434305721227,0,0.0,9794.033
2025-08-05 00:00:00+00:00,15.73,15.4,16.2661,36.666653,0.39142847,0.6388888888888888,-8.005434305720883,8001.433588926764,0.0,7993.428154621043,1,15.101785659790039,9613.009
2025-08-06 00:00:00+00:00,15.39,15.3,16.2535,35.05975,0.39428553,0.54296875,-8.005434305720883,7949.476686300914,0.0,7941.471251995193,0,15.101785659790039,9550.588
2025-08-07 00:00:00+00:00,15.47,15.27,16.24005,34.920635,0.39285707,0.54296875,-8.005434305720883,7933.889714954025,0.0,7925.884280648304,0,15.101785659790039,9531.861
2025-08-08 00:00:00+00:00,15.29,15.35,16.2262,32.388668,0.40357146,0.54296875,-8.005434305720883,7975.455441376431,0.0,7967.45000707071,0,15.101785659790039,9581.798
2025-08-11 00:00:00+00:00,15.34,15.31,16.2141,35.341362,0.40071425,0.54296875,-8.005434305720883,7954.672557229172,0.0,7946.667122923451,0,15.101785659790039,9556.829
2025-08-12 00:00:00+00:00,15.44,15.75,16.2025,22.897202,0.3857142,0.54296875,-8.005434305720883,8183.284541972585,0.0,8175.279107666865,0,15.101785659790039,9831.486
2025-08-13 00:00:00+00:00,15.82,16.1,16.1933,32.65303,0.3914284,0.54296875,-8.005434305720883,8365.135786494595,0.0,8357.130352188873,0,15.171428680419922,10049.964
2025-08-14 00:00:00+00:00,16.0,15.98,16.1869,43.72623,0.40071407,0.42718446601941745,-8.005434305720883,8302.786735267646,0.0,8294.781300961924,0,15.512857437133789,9975.058
2025-08-15 00:00:00+00:00,16.08,15.72,16.1785,39.1635,0.40285704,0.42718446601941745,-8.005434305720883,8167.698071264869,0.0,8159.692636959148,0,15.512857437133789,9812.761
2025-08-18 00:00:00+00:00,15.66,15.85,16.1692,37.591248,0.4057143,0.54296875,-8.005434305720883,8235.243193244558,0.0,8227.237758938838,0,15.512857437133789,9893.91
2025-08-19 00:00:00+00:00,15.88,16.13,16.1599,42.181812,0.40071434,0.42718446601941745,-8.005434305720883,8380.722926421233,0.0,8372.717492115513,0,15.512857437133789,10068.69
2025-08-20 00:00:00+00:00,16.11,16.12,16.15245,50.0,0.3814285,0.54296875,-8.005434305720883,8375.527814286133,0.0,8367.522379980412,0,15.52892780303955,10062.449
2025-08-21 00:00:00+00:00,16.06,16.15,16.1443,58.064537,0.3371428,0.54296875,-8.005434305720883,8391.114472371577,0.0,8383.109038065857,0,15.547858238220215,10081.175
2025-08-22 00:00:00+00:00,16.23,16.91,16.13885,63.362095,0.32071427,0.54296875,-8.005434305720883,8785.990424005562,0.0,8777.984989699842,0,15.547858238220215,10555.582
2025-08-25 00:00:00+00:00,16.88,16.9,16.13675,70.89045,0.35571432,0.42718446601941745,8759.617787193318,0.0,0.0,8759.617787193318,-1,0.0,10549.339
2025-08-26 00:00:00+00:00,16.89,16.93,16.1343,78.40914,0.34571436,0.42718446601941745,8759.617787193318,0.0,0.0,8759.617787193318,0,0.0,10568.065
2025-08-27 00:00:00+00:00,16.96,17.37,16.1307,81.712105,0.3385714,0.42718446601941745,8759.617787193318,0.0,0.0,8759.617787193318,0,0.0,10842.724
2025-08-28 00:00:00+00:00,17.42,17.29,16.1276,85.23493,0.35142857,0.42718446601941745,8759.617787193318,0.0,0.0,8759.617787193318,0,0.0,10792.786
2025-08-29 00:00:00+00:00,17.29,17.21,16.12405,82.55037,0.35642868,0.42718446601941745,8759.617787193318,0.0,0.0,8759.617787193318,0,0.0,10742.847
2025-09-02 00:00:00+00:00,17.08,17.07,16.12005,81.45694,0.3607145,0.54296875,8759.617787193318,0.0,0.0,8759.617787193318,0,0.0,10655.456
2025-09-03 00:00:00+00:00,17.11,17.19,16.1151,74.26471,0.35071447,0.42718446601941745,8759.617787193318,0.0,0.0,8759.617787193318,0,0.0,10730.362
2025-09-04 00:00:00+00:00,17.28,17.59,16.1111,71.88756,0.3378573,0.6388888888888888,8759.617787193318,0.0,0.0,8759.617787193318,0,0.0,10980.05
2025-09-05 00:00:00+00:00,17.59,17.43,16.10905,79.0614,0.33928585,0.54296875,-8.759617787192838,8755.240167109763,0.0,8746.48054932257,1,16.576427459716797,10880.174
2025-09-08 00:00:00+00:00,17.45,17.39,16.1089,82.022484,0.35142878,0.54296875,-8.759617787192838,8735.147261817596,0.0,8726.387644030403,0,16.576427459716797,10855.204
2025-09-09 00:00:00+00:00,17.3,17.44,16.10955,79.84494,0.35000032,0.54296875,-8.759617787192838,8760.263675882366,0.0,8751.504058095174,0,16.576427459716797,10886.416
2025-09-10 00:00:00+00:00,17.48,17.59,16.1097,77.872345,0.3571432,0.42718446601941745,-8.759617787192838,8835.61026785745,0.0,8826.850650070257,0,16.576427459716797,10980.05
2025-09-11 00:00:00+00:00,17.63,17.68,16.111,79.51801,0.3614288,0.42718446601941745,-8.759617787192838,8880.818391577943,0.0,8872.05877379075,0,16.576427459716797,11036.2295
2025-09-12 00:00:00+00:00,17.57,17.6,16.1123,79.999954,0.36357158,0.42718446601941745,-8.759617787192838,8840.633695368713,0.0,8831.87407758152,0,16.595714569091797,10986.291
2025-09-15 00:00:00+00:00,17.61,17.66,16.11085,68.449165,0.32500023,0.54296875,-8.759617787192838,8870.77166364503,0.0,8862.012045857837,0,16.595714569091797,11023.743
2025-09-16 00:00:00+00:00,17.7,17.66,16.1079,69.79163,0.3292859,0.54296875,-8.759617787192838,8870.77166364503,0.0,8862.012045857837,0,16.684999465942383,11023.743
2025-09-17 00:00:00+00:00,17.66,17.52,16.1041,69.312126,0.34642887,0.54296875,-8.759617787192838,8800.44882211778,0.0,8791.689204330587,0,16.684999465942383,10936.354
2025-09-18 00:00:00+00:00,17.56,17.6,16.10015,54.716965,0.34571457,0.54296875,-8.759617787192838,8840.633366643213,0.0,8831.87374885602,0,16.684999465942383,10986.291
2025-09-19 00:00:00+00:00,17.64,17.42,16.096,59.748398,0.34214306,0.54296875,-8.759617787192838,8750.21788434773,0.0,8741.458266560538,0,16.684999465942383,10873.932
2025-09-22 00:00:00+00:00,17.43,17.17,16.091,56.213043,0.34285736,0.54296875,-8.759617787192838,8624.64080939657,0.0,8615.881191609376,0,16.684999465942383,10717.876
2025-09-23 00:00:00+00:00,17.19,17.43,16.0849,52.777786,0.3400003,0.54296875,-8.759617787192838,8755.240978513353,0.0,8746.48136072616,0,16.684999465942383,10880.174
2025-09-24 00:00:00+00:00,17.39,17.37,16.07945,56.18556,0.34785748,0.54296875,-8.759617787192838,8725.10292241447,0.0,8716.343304627277,0,16.684999465942383,10842.721
2025-09-25 00:00:00+00:00,17.33,17.32,16.07365,43.125023,0.33214325,0.54296875,-8.759617787192838,8699.986786004352,0.0,8691.22716821716,0,16.684999465942383,10811.509
2025-09-26 00:00:00+00:00,17.43,17.55,16.06625,46.30871,0.31571457,0.54296875,-8.759617787192838,8815.517721293467,0.0,8806.758103506274,0,16.684999465942383,10955.08
2025-09-29 00:00:00+00:00,17.61,17.43,16.06,54.761898,0.32714298,0.54296875,-8.759617787192838,8755.2412060839,0.0,8746.481588296707,0,16.684999465942383,10880.174
2025-09-30 00:00:00+00:00,17.14,17.02,16.05245,49.71428,0.3207144,0.54296875,-8.759617787192838,8549.294512319273,0.0,8540.53489453208,0,16.684999465942383,10624.243
2025-10-01 00:00:00+00:00,16.91,17.05,16.0422,35.820892,0.34000015,0.54296875,-8.759617787192838,8564.362723799013,0.0,8555.60310601182,0,16.684999465942383,10642.969
2025-10-02 00:00:00+00:00,17.07,17.11,16.0328,33.8461,0.33785725,0.54296875,-8.759617787192838,8594.502235857422,0.0,8585.74261807023,0,16.684999465942383,10680.423
2025-10-03 00:00:00+00:00,17.12,16.91,16.02425,37.305695,0.3371428,0.54296875,-8.759617787192838,8494.040012090605,0.0,8485.280394303412,0,16.684999465942383,10555.578
2025-10-06 00:00:00+00:00,16.99,16.62,16.0159,31.884056,0.3435714,0.54296875,-8.759617787192838,8348.370898671625,0.0,8339.611280884432,0,16.684999465942383,10374.555
2025-10-07 00:00:00+00:00,16.66,16.43,16.0057,27.96611,0.3435714,0.54296875,8231.792875668472,0.0,0.0,8231.792875668472,-1,0.0,10255.952
2025-10-08 00:00:00+00:00,16.42,16.25,15.99425,27.385887,0.32928562,0.42718446601941745,-8.23179287566927,8227.679036150397,0.0,8219.447243274728,1,15.399286270141602,10143.593
2025-10-09 00:00:00+00:00,16.31,16.19,15.98775,23.107565,0.33285698,0.42718446601941745,-8.23179287566927,8197.300229227165,0.0,8189.068436351496,0,15.399286270141602,10106.14
2025-10-10 00:00:00+00:00,16.17,15.82,15.98055,24.267786,0.33142826,0.42718446601941745,-8.23179287566927,8009.961814367959,0.0,8001.73002149229,0,15.399286270141602,9875.177
2025-10-13 00:00:00+00:00,16.05,16.26,15.96865,23.107565,0.34428534,0.42718446601941745,-8.23179287566927,8232.7425439996,0.0,8224.510751123931,0,15.399286270141602,10149.834
2025-10-14 00:00:00+00:00,16.02,16.38,15.9596,28.25279,0.353571,0.54296875,-8.23179287566927,8293.500255578676,0.0,8285.268462703007,0,15.399286270141602,10224.74
2025-10-15 00:00:00+00:00,16.45,16.57,15.9504,31.99997,0.37499946,0.42718446601941745,-8.23179287566927,8389.701049425381,0.0,8381.469256549712,0,15.399286270141602,10343.343
2025-10-16 00:00:00+00:00,16.59,16.19,15.94185,37.02422,0.37214237,0.42718446601941745,-8.23179287566927,8197.300482581188,0.0,8189.068689705518,0,15.445001602172852,10106.14
2025-10-17 00:00:00+00:00,16.16,16.28,15.9329,27.631594,0.37999958,0.54296875,-8.23179287566927,8242.86901029207,0.0,8234.6372174164,0,15.445001602172852,10162.319
2025-10-20 00:00:00+00:00,16.36,16.49,15.9254,30.897018,0.37928528,0.54296875,-8.23179287566927,8349.195099689461,0.0,8340.963306813792,0,15.445001602172852,10293.404
2025-10-21 00:00:00+00:00,16.52,16.65,15.92025,40.56938,0.35499954,0.54296875,-8.23179287566927,8430.205684133152,0.0,8421.973891257483,0,15.445001602172852,10393.278
2025-10-22 00:00:00+00:00,16.67,16.8,15.9175,43.19729,0.35999966,0.54296875,-8.23179287566927,8506.15343782089,0.0,8497.921644945221,0,15.585000991821289,10486.911
2025-10-23 00:00:00+00:00,16.78,16.63,15.91425,44.884464,0.37571388,0.54296875,-8.23179287566927,8420.078986068058,0.0,8411.847193192389,0,15.720000267028809,10380.794
2025-10-24 00:00:00+00:00,16.69,16.49,15.911,45.33332,0.36357102,0.54296875,-8.23179287566927,8349.194547558518,0.0,8340.962754682849,0,15.720000267028809,10293.402
2025-10-27 00:00:00+00:00,16.55,16.64,15.9082,47.719276,0.3542854,0.54296875,-8.23179287566927,8425.142027658434,0.0,8416.910234782765,0,15.720000267028809,10387.035
2025-10-28 00:00:00+00:00,16.58,16.31,15.9066,53.73664,0.36357117,0.54296875,-8.23179287566927,8258.05699516052,0.0,8249.82520228485,0,15.720000267028809,10181.043
2025-10-29 00:00:00+00:00,16.22,16.31,15.90275,51.013504,0.37357125,0.54296875,-8.23179287566927,8258.05699516052,0.0,8249.82520228485,0,15.720000267028809,10181.043
2025-10-30 00:00:00+00:00,16.24,16.08,15.8985,52.068947,0.38071415,0.54296875,-8.23179287566927,8141.603991970298,0.0,8133.372199094629,0,15.720000267028809,10037.473
2025-10-31 00:00:00+00:00,16.05,16.02,15.8925,54.710155,0.37642854,0.54296875,-8.23179287566927,8111.225140586294,0.0,8102.993347710625,0,15.720000267028809,10000.02
2025-11-03 00:00:00+00:00,15.94,16.13,15.886,44.957977,0.3757143,0.6388888888888888,-8.23179287566927,8166.919536709302,0.0,8158.687743833632,0,15.720000267028809,10068.683
2025-11-04 00:00:00+00:00,15.98,16.05,15.8813,44.725727,0.36714295,0.54296875,-8.23179287566927,8126.414045533079,0.0,8118.18225265741,0,15.720000267028809,10018.744
2025-11-05 00:00:00+00:00,16.07,16.21,15.87625,38.495537,0.36999995,0.54296875,-8.23179287566927,8207.42526629315,0.0,8199.193473417481,0,15.720000267028809,10118.62
2025-11-06 00:00:00+00:00,16.9,17.32,15.87125,50.49016,0.36499983,0.54296875,-8.23179287566927,8769.439539565828,0.0,8761.20774669016,0,15.720000267028809,10811.507
2025-11-07 00:00:00+00:00,17.47,17.84,15.8714,66.99347,0.42928568,0.42718446601941745,9010.944401397672,0.0,0.0,9010.944401397672,-1,0.0,11136.102
2025-11-10 00:00:00+00:00,18.03,18.18,15.87345,70.02969,0.4764285,0.42718446601941745,9010.944401397672,0.0,0.0,9010.944401397672,0,0.0,11348.337
2025-11-11 00:00:00+00:00,18.0,17.95,15.87965,71.549324,0.48499987,0.54296875,9010.944401397672,0.0,0.0,9010.944401397672,0,0.0,11204.766
2025-11-12 00:00:00+00:00,17.92,18.06,15.8835,65.840256,0.48142847,0.42718446601941745,-9.010944401397865,9006.44118080727,0.0,8997.430236405871,1,16.4950008392334,11273.43
2025-11-13 00:00:00+00:00,17.97,17.57,15.88855,70.02804,0.49071428,0.42718446601941745,-9.010944401397865,8762.080257055752,0.0,8753.069312654354,0,16.61571502685547,10967.561
2025-11-14 00:00:00+00:00,17.58,17.59,15.89345,63.775524,0.5107142,0.54296875,-9.010944401397865,8772.0543915456,0.0,8763.043447144202,0,16.61571502685547,10980.046
2025-11-17 00:00:00+00:00,17.57,17.23,15.8982,62.533,0.49571425,0.6388888888888888,-9.010944401397865,8592.52369776378,0.0,8583.512753362382,0,16.61571502685547,10755.325
2025-11-18 00:00:00+00:00,17.16,17.2,15.9008,62.041893,0.49928576,0.42718446601941745,-9.010944401397865,8577.563669996856,0.0,8568.552725595458,0,16.61571502685547,10736.601
2025-11-19 00:00:00+00:00,17.15,17.0,15.90435,61.558468,0.4900001,0.42718446601941745,-9.010944401397865,8477.823998733082,0.0,8468.813054331684,0,16.61571502685547,10611.756
2025-11-20 00:00:00+00:00,17.11,16.81,15.9074,62.041893,0.4871429,0.54296875,-9.010944401397865,8383.07137375487,0.0,8374.060429353473,0,16.61571502685547,10493.153
2025-11-21 00:00:00+00:00,16.85,17.42,15.9096,59.99999,0.48857144,0.42718446601941745,-9.010944401397865,8687.27546119439,0.0,8678.264516792991,0,16.61571502685547,10873.928
2025-11-24 00:00:00+00:00,17.44,17.33,15.91325,64.49439,0.51285726,0.54296875,-9.010944401397865,8642.392904416145,0.0,8633.381960014747,0,16.61571502685547,10817.748
2025-11-25 00:00:00+00:00,17.42,17.79,15.9161,64.34978,0.5064287,0.54296875,-9.010944401397865,8871.793273782423,0.0,8862.782329381025,0,16.61571502685547,11104.89
2025-11-26 00:00:00+00:00,17.8,17.74,15.9223,66.59665,0.51785743,0.54296875,-9.010944401397865,8846.857705698589,0.0,8837.84676129719,0,16.61571502685547,11073.678
2025-11-28 00:00:00+00:00,17.72,17.63,15.92855,55.675674,0.44785744,0.54296875,-9.010944401397865,8792.000722634084,0.0,8782.989778232686,0,16.61571502685547,11005.013
2025-12-01 00:00:00+00:00,17.49,17.55,15.93515,46.8085,0.40571472,0.54296875,-9.010944401397865,8752.105246828436,0.0,8743.094302427038,0,16.61571502685547,10955.075
2025-12-02 00:00:00+00:00,17.56,17.53,15.9408,39.60395,0.39571476,0.54296875,-9.010944401397865,8742.132033864566,0.0,8733.121089463168,0,16.61571502685547,10942.592
2025-12-03 00:00:00+00:00,17.53,17.66,15.9465,42.553196,0.38142914,0.54296875,-9.010944401397865,8806.96168731394,0.0,8797.950742912542,0,16.61571502685547,11023.739
2025-12-04 00:00:00+00:00,17.64,17.16,15.94955,42.95776,0.37357193,0.54296875,-9.010944401397865,8557.614021810663,0.0,8548.603077409265,0,16.61571502685547,10711.629
2025-12-05 00:00:00+00:00,17.16,17.26,15.94995,42.807026,0.37285763,0.42718446601941745,-9.010944401397865,8607.48391219727,0.0,8598.472967795871,0,16.61571502685547,10774.052
2025-12-08 00:00:00+00:00,17.29,17.1,15.95245,44.368607,0.37928608,0.54296875,-9.010944401397865,8527.692942827824,0.0,8518.681998426426,0,16.61571502685547,10674.178
2025-12-09 00:00:00+00:00,17.16,17.45,15.95625,47.619064,0.3664288,0.54296875,-9.010944401397865,8702.23671638414,0.0,8693.225771982743,0,16.61571502685547,10892.654
2025-12-10 00:00:00+00:00,17.43,17.83,15.96225,54.09836,0.37714306,0.54296875,-9.010944401397865,8891.74043260604,0.0,8882.729488204643,0,16.61571502685547,11129.857
2025-12-11 00:00:00+00:00,17.82,18.13,15.9713,62.84829,0.3964288,0.54296875,-9.010944401397865,9041.348915906168,0.0,9032.33797150477,0,16.698570251464844,11317.123
2025-12-12 00:00:00+00:00,18.28,18.36,15.9819,69.760475,0.40285736,0.54296875,-9.010944401397865,9156.04975204379,0.0,9147.038807642391,0,16.940711975097656,11460.695
2025-12-15 00:00:00+00:00,18.46,18.64,15.9937,65.87838,0.37785736,0.42718446601941745,-9.010944401397865,9295.683579822959,0.0,9286.67263542156,0,17.15142822265625,11635.477
2025-12-16 00:00:00+00:00,18.55,18.29,16.00625,70.79365,0.3942859,0.42718446601941745,-9.010944401397865,9121.141180356955,0.0,9112.130235955558,0,17.506427764892578,11417.0
2025-12-17 00:00:00+00:00,18.32,18.57,16.017,58.223694,0.38428578,0.54296875,-9.010944401397865,9260.775426036505,0.0,9251.764481635108,0,17.506427764892578,11591.781
2025-12-18 00:00:00+00:00,18.66,18.46,16.0306,62.69115,0.39857143,0.54296875,-9.010944401397865,9205.91858193228,0.0,9196.907637530881,0,17.506427764892578,11523.117
2025-12-19 00:00:00+00:00,18.49,18.51,16.0425,62.69115,0.40285698,0.54296875,-9.010944401397865,9230.854409428171,0.0,9221.843465026774,0,17.506427764892578,11554.329
2025-12-22 00:00:00+00:00,18.54,18.63,16.05605,64.81485,0.40857124,0.42718446601941745,-9.010944401397865,9290.697658194586,0.0,9281.686713793188,0,17.506427764892578,11629.235
2025-12-23 00:00:00+00:00,18.64,18.36,16.06755,66.467064,0.4135712,0.42718446601941745,-9.010944401397865,9156.050451918107,0.0,9147.039507516709,0,17.506427764892578,11460.696
2025-12-24 00:00:00+00:00,18.36,18.52,16.07985,60.057495,0.4221427,0.42718446601941745,-9.010944401397865,9235.841372674753,0.0,9226.830428273355,0,17.506427764892578,11560.571
2025-12-26 00:00:00+00:00,18.43,18.44,16.09575,71.65609,0.39571422,0.42718446601941745,-9.010944401397865,9195.945605942032,0.0,9186.934661540634,0,17.506427764892578,11510.633
2025-12-29 00:00:00+00:00,18.48,18.39,16.1124,68.91029,0.39071438,0.42718446601941745,-9.010944401397865,9171.010482170273,0.0,9161.999537768876,0,17.506427764892578,11479.422
2025-12-30 00:00:00+00:00,18.38,18.29,16.13175,71.42858,0.38571438,0.42718446601941745,-9.010944401397865,9121.141533992106,0.0,9112.130589590708,0,17.506427764892578,11417.0
2025-12-31 00:00:00+00:00,17.9,17.73,16.14865,65.21742,0.37214294,0.54296875,-9.010944401397865,8841.871400818303,0.0,8832.860456416905,0,17.506427764892578,11067.436
2026-01-02 00:00:00+00:00,17.75,18.16,16.1608,48.299313,0.37000015,0.42718446601941745,-9.010944401397865,9056.310240851224,0.0,9047.299296449826,0,17.506427764892578,11335.851
2026-01-05 00:00:00+00:00,18.14,18.12,16.17625,50.48861,0.37285736,0.54296875,-9.010944401397865,9036.363079633882,0.0,9027.352135232484,0,17.506427764892578,11310.883
2026-01-06 00:00:00+00:00,18.17,18.26,16.19125,45.833332,0.37000015,0.54296875,-9.010944401397865,9106.179760055382,0.0,9097.168815653984,0,17.506427764892578,11398.272
2026-01-07 00:00:00+00:00,18.24,17.79,16.20775,43.065697,0.3642859,0.54296875,-9.010944401397865,8871.792956517551,0.0,8862.782012116153,0,17.506427764892578,11104.889
2026-01-08 00:00:00+00:00,17.79,18.21,16.22325,41.25873,0.3685717,0.54296875,-9.010944401397865,9081.244317730348,0.0,9072.23337332895,0,17.506427764892578,11367.062
2026-01-09 00:00:00+00:00,18.33,18.44,16.2392,43.99998,0.38000026,0.54296875,-9.010944401397865,9195.94463486904,0.0,9186.933690467642,0,17.506427764892578,11510.632
2026-01-12 00:00:00+00:00,18.54,18.34,16.2574,49.67951,0.38642898,0.42718446601941745,-9.010944401397865,9146.074940712733,0.0,9137.063996311335,0,17.506427764892578,11448.209
2026-01-13 00:00:00+00:00,18.45,18.51,16.27505,47.318607,0.38071483,0.42718446601941745,-9.010944401397865,9230.853171995563,0.0,9221.842227594165,0,17.506427764892578,11554.327
2026-01-14 00:00:00+00:00,18.51,18.22,16.29495,48.13666,0.3871434,0.54296875,-9.010944401397865,9086.23099816061,0.0,9077.220053759213,0,17.506427764892578,11373.303
2026-01-15 00:00:00+00:00,18.28,18.47,16.3147,47.839485,0.40357193,0.54296875,-9.010944401397865,9210.905242129369,0.0,9201.894297727971,0,17.506427764892578,11529.358
2026-01-16 00:00:00+00:00,18.42,18.59,16.336,49.249233,0.4178576,0.54296875,-9.010944401397865,9270.748728271681,0.0,9261.737783870283,0,17.506427764892578,11604.265
2026-01-20 00:00:00+00:00,18.39,18.24,16.35675,52.225513,0.4314289,0.42718446601941745,-9.010944401397865,9096.20538324953,0.0,9087.194438848132,0,17.506427764892578,11385.788
2026-01-21 00:00:00+00:00,18.33,18.68,16.3747,47.95641,0.44642898,0.42718446601941745,-9.010944401397865,9315.631637609993,0.0,9306.620693208595,0,17.506427764892578,11660.444
2026-01-22 00:00:00+00:00,18.89,18.81,16.4016,54.86283,0.47142902,0.42718446601941745,-9.010944401397865,9380.462090930978,0.0,9371.45114652958,0,17.506427764892578,11741.594
2026-01-23 00:00:00+00:00,18.74,18.7,16.42995,65.0838,0.47428593,0.42718446601941745,-9.010944401397865,9325.606355855305,0.0,9316.595411453907,0,17.506427764892578,11672.931
2026-01-26 00:00:00+00:00,18.7,18.73,16.45885,58.282227,0.44857162,0.54296875,-9.010944401397865,9340.566488064456,0.0,9331.555543663058,0,17.506427764892578,11691.656
2026-01-27 00:00:00+00:00,18.73,18.58,16.489,59.3846,0.4435715,0.54296875,-9.010944401397865,9265.762190742253,0.0,9256.751246340855,0,17.506427764892578,11598.023
2026-01-28 00:00:00+00:00,18.62,18.44,16.5108,54.907974,0.4421429,0.54296875,-9.010944401397865,9195.944850779242,0.0,9186.933906377844,0,17.506427764892578,11510.632
2026-01-29 00:00:00+00:00,18.59,18.66,16.53575,61.092148,0.4371428,0.42718446601941745,-9.010944401397865,9305.657851626444,0.0,9296.646907225046,0,17.506427764892578,11647.961
2026-01-30 00:00:00+00:00,18.55,18.53,16.5605,58.24177,0.41714272,0.54296875,-9.010944401397865,9240.8280311715,0.0,9231.817086770103,0,17.506427764892578,11566.813
2026-02-02 00:00:00+00:00,18.68,18.67,16.58425,51.711033,0.40285698,0.54296875,-9.010944401397865,9310.644763454091,0.0,9301.633819052693,0,17.506427764892578,11654.203
2026-02-03 00:00:00+00:00,18.72,18.87,16.60965,56.179783,0.40214252,0.54296875,-9.010944401397865,9410.38397641213,0.0,9401.373032010732,0,17.506427764892578,11779.047
2026-02-04 00:00:00+00:00,19.04,19.31,16.63695,56.666687,0.4057139,0.42718446601941745,-9.010944401397865,9629.809071229554,0.0,9620.798126828156,0,17.66357421875,12053.703
2026-02-05 00:00:00+00:00,19.24,19.0,16.6652,69.12285,0.40142807,0.42718446601941745,9451.989744021505,0.0,0.0,9451.989744021505,-1,0.0,11860.194
2026-02-06 00:00:00+00:00,19.11,19.35,16.69265,59.10656,0.40999943,0.2,9451.989744021505,0.0,0.0,9451.989744021505,0,0.0,12078.672
2026-02-09 00:00:00+00:00,19.33,19.54,16.7203,62.10194,0.41071373,0.42718446601941745,9451.989744021505,0.0,0.0,9451.989744021505,0,0.0,12197.274
2026-02-10 00:00:00+00:00,19.61,19.93,16.74915,71.81214,0.40571377,0.2,9451.989744021505,0.0,0.0,9451.989744021505,0,0.0,12440.72
2026-02-11 00:00:00+00:00,19.93,19.96,16.77915,71.33111,0.39857087,0.42718446601941745,9451.989744021505,0.0,0.0,9451.989744021505,0,0.0,12459.446
2026-02-12 00:00:00+00:00,20.07,19.54,16.80955,70.31807,0.37357086,0.42718446601941745,9451.989744021505,0.0,0.0,9451.989744021505,0,0.0,12197.275
2026-02-13 00:00:00+00:00,19.55,19.89,16.83735,63.375835,0.43071365,0.42718446601941745,9451.989744021505,0.0,0.0,9451.989744021505,0,0.0,12415.751
2026-02-17 00:00:00+00:00,20.02,20.01,16.86665,66.76305,0.4528566,0.54296875,9451.989744021505,0.0,0.0,9451.989744021505,0,0.0,12490.657
2026-02-18 00:00:00+00:00,19.81,20.26,16.8961,70.84553,0.4578567,0.42718446601941745,-9.451989744022285,9447.266110966022,0.0,9437.814121222,1,18.651430130004883,12646.712
2026-02-19 00:00:00+00:00,20.81,20.07,16.92475,75.70626,0.46642834,0.42718446601941745,-9.451989744022285,9358.668372066239,0.0,9349.216382322216,0,18.886430740356445,12528.109
2026-02-20 00:00:00+00:00,20.09,20.4,16.95115,70.0855,0.5235713,0.42718446601941745,-9.451989744022285,9512.54751028449,0.0,9503.095520540468,0,18.886430740356445,12734.102
2026-02-23 00:00:00+00:00,20.41,19.76,16.9794,75.20217,0.547857,0.2,-9.451989744022285,9214.114665004727,0.0,9204.662675260704,0,18.886430740356445,12334.601
2026-02-24 00:00:00+00:00,19.77,19.89,17.0058,62.945385,0.60499984,0.42718446601941745,-9.451989744022285,9274.733609188586,0.0,9265.281619444564,0,18.886430740356445,12415.749
2026-02-25 00:00:00+00:00,20.02,19.71,17.03225,62.31884,0.60714275,0.54296875,-9.451989744022285,9190.79937338432,0.0,9181.347383640297,0,18.886430740356445,12303.39
2026-02-26 00:00:00+00:00,19.87,20.3,17.05655,55.15464,0.59785706,0.42718446601941745,-9.451989744022285,9465.917208983941,0.0,9456.465219239919,0,18.886430740356445,12671.68
2026-02-27 00:00:00+00:00,20.1,19.59,17.0842,65.62501,0.6050001,0.42718446601941745,-9.451989744022285,9134.843442445888,0.0,9125.391452701866,0,18.886430740356445,12228.483
2026-03-02 00:00:00+00:00,19.31,19.7,17.10365,52.65487,0.63499993,0.54296875,-9.451989744022285,9186.136640395956,0.0,9176.684650651934,0,18.886430740356445,12297.147
2026-03-03 00:00:00+00:00,19.28,19.6,17.12335,51.801804,0.66857135,0.54296875,-9.451989744022285,9139.506249463237,0.0,9130.054259719214,0,18.886430740356445,12234.725
2026-03-04 00:00:00+00:00,19.9,20.12,17.14385,46.024094,0.6814286,0.42718446601941745,-9.451989744022285,9381.983048158478,0.0,9372.531058414455,0,18.886430740356445,12559.319
2026-03-05 00:00:00+00:00,19.92,19.96,17.16745,51.72416,0.7042859,0.42718446601941745,-9.451989744022285,9307.373840271886,0.0,9297.921850527864,0,18.886430740356445,12459.442
2026-03-06 00:00:00+00:00,19.51,19.23,17.18945,54.7945,0.65857166,0.2,-9.451989744022285,8966.974214283782,0.0,8957.52222453976,0,18.886430740356445,12003.762
2026-03-09 00:00:00+00:00,18.91,19.16,17.2085,43.06723,0.687143,0.54296875,-9.451989744022285,8934.333394600675,0.0,8924.881404856653,0,18.886430740356445,11960.066
2026-03-10 00:00:00+00:00,19.13,19.25,17.2286,40.976643,0.71500015,0.54296875,-9.451989744022285,8976.30084296408,0.0,8966.848853220057,0,18.886430740356445,12016.246
2026-03-11 00:00:00+00:00,19.16,19.19,17.251049,38.9011,0.72357136,0.54296875,-9.451989744022285,8948.323094827543,0.0,8938.87110508352,0,18.886430740356445,11978.793
2026-03-12 00:00:00+00:00,18.89,18.7,17.27285,40.045258,0.66714287,0.54296875,-9.451989744022285,8719.835777330036,0.0,8710.383787586014,0,18.886430740356445,11672.926
2026-03-13 00:00:00+00:00,18.88,18.51,17.29285,31.441061,0.6628572,0.54296875,8608.839508052448,0.0,0.0,8608.839508052448,-1,0.0,11554.323
2026-03-16 00:00:00+00:00,18.75,18.71,17.30805,34.866833,0.6235715,0.54296875,-8.60883950805328,8604.537239432731,0.0,8595.928399924678,1,16.52142906188965,11679.167
2026-03-17 00:00:00+00:00,18.88,18.8,17.3245,35.95238,0.6271429,0.54296875,-8.60883950805328,8645.926905292472,0.0,8637.318065784419,0,16.839284896850586,11735.347
2026-03-18 00:00:00+00:00,18.77,19.07,17.3411,38.929443,0.6228572,0.54296875,-8.60883950805328,8770.097452290867,0.0,8761.488612782814,0,16.91857147216797,11903.887
2026-03-19 00:00:00+00:00,19.01,19.1,17.359,33.773098,0.62,0.54296875,-8.60883950805328,8783.894613402446,0.0,8775.285773894393,0,17.201427459716797,11922.614
2026-03-20 00:00:00+00:00,19.02,18.6,17.3773,42.122196,0.58357155,0.54296875,-8.60883950805328,8553.949799504915,0.0,8545.340959996862,0,17.239999771118164,11610.504
2026-03-23 00:00:00+00:00,19.06,19.14,17.39195,34.285717,0.5650001,0.54296875,-8.60883950805328,8802.290040719123,0.0,8793.68120121107,0,17.239999771118164,11947.583
2026-03-24 00:00:00+00:00,18.97,18.97,17.4103,44.162426,0.57642853,0.54296875,-8.60883950805328,8724.108747223961,0.0,8715.499907715908,0,17.44499969482422,11841.465
2026-03-25 00:00:00+00:00,19.21,19.48,17.4283,33.983265,0.5657142,0.54296875,-8.60883950805328,8958.652535789231,0.0,8950.043696281178,0,17.44499969482422,12159.817
2026-03-26 00:00:00+00:00,19.48,19.42,17.4469,43.908634,0.5742856,0.42718446601941745,-8.60883950805328,8931.059258705185,0.0,8922.450419197132,0,17.782855987548828,12122.364
2026-03-27 00:00:00+00:00,19.29,18.84,17.4644,52.90521,0.5485713,0.42718446601941745,-8.60883950805328,8664.323355516039,0.0,8655.714516007985,0,17.782855987548828,11760.315
2026-03-30 00:00:00+00:00,19.06,18.96,17.47825,45.767197,0.53571415,0.42718446601941745,-8.60883950805328,8719.509483761061,0.0,8710.900644253008,0,17.782855987548828,11835.221
2026-03-31 00:00:00+00:00,19.08,19.16,17.4932,46.19421,0.5064286,0.54296875,-8.60883950805328,8811.488028377647,0.0,8802.879188869594,0,17.782855987548828,11960.066
2026-04-01 00:00:00+00:00,19.37,19.1,17.51055,49.620243,0.5199999,0.54296875,-8.60883950805328,8783.894775835932,0.0,8775.285936327879,0,17.782855987548828,11922.613
2026-04-02 00:00:00+00:00,18.94,19.14,17.52995,55.681816,0.507857,0.54296875,-8.60883950805328,8802.2895654753,0.0,8793.680725967246,0,17.782855987548828,11947.581
2026-04-06 00:00:00+00:00,19.13,19.23,17.54745,59.347176,0.5028571,0.54296875,-8.60883950805328,8843.679783245658,0.0,8835.070943737604,0,17.782855987548828,12003.761
2026-04-07 00:00:00+00:00,19.12,19.09,17.56575,57.97547,0.49000004,0.54296875,-8.60883950805328,8779.2957557595,0.0,8770.686916251447,0,17.782855987548828,11916.37
2026-04-08 00:00:00+00:00,19.74,19.71,17.58255,54.38068,0.49500003,0.54296875,-8.60883950805328,9064.427409734317,0.0,9055.818570226264,0,17.782855987548828,12303.387
2026-04-09 00:00:00+00:00,19.76,19.91,17.60275,58.74317,0.50999993,0.54296875,-8.60883950805328,9156.406093866892,0.0,9147.797254358838,0,18.224998474121094,12428.232
2026-04-10 00:00:00+00:00,19.93,20.14,17.62345,60.574417,0.5228571,0.42718446601941745,-8.60883950805328,9262.180679176656,0.0,9253.571839668602,0,18.380001068115234,12571.804
2026-04-13 00:00:00+00:00,20.12,20.27,17.6458,71.62923,0.5057143,0.2,-8.60883950805328,9321.966438296093,0.0,9313.35759878804,0,18.571428298950195,12652.953
2026-04-14 00:00:00+00:00,20.2,20.91,17.66965,67.93654,0.48428577,0.42718446601941745,-8.60883950805328,9616.296085222866,0.0,9607.687245714813,0,18.752857208251953,13052.454
2026-04-15 00:00:00+00:00,20.84,20.69,17.69565,76.79561,0.5100002,0.2,9492.239272029323,0.0,0.0,9492.239272029323,-1,0.0,12915.126
2026-04-16 00:00:00+00:00,20.57,20.57,17.7203,68.168205,0.5142859,0.42718446601941745,9492.239272029323,0.0,0.0,9492.239272029323,0,0.0,12840.219
2026-04-17 00:00:00+00:00,20.9,21.12,17.74635,66.96166,0.4921431,0.42718446601941745,9492.239272029323,0.0,0.0,9492.239272029323,0,0.0,13183.541
2026-04-20 00:00:00+00:00,21.04,21.29,17.7726,83.9286,0.489286,0.42718446601941745,9492.239272029323,0.0,0.0,9492.239272029323,0,0.0,13289.659
2026-04-21 00:00:00+00:00,21.41,21.12,17.7982,84.16425,0.49785736,0.2,9492.239272029323,0.0,0.0,9492.239272029323,0,0.0,13183.541
2026-04-22 00:00:00+00:00,21.33,20.85,17.82275,78.9941,0.49857166,0.39079118010029745,9492.239272029323,0.0,0.0,9492.239272029323,0,0.0,13015.001
2026-04-23 00:00:00+00:00,20.97,21.07,17.84695,74.37326,0.5135716,0.42718446601941745,9492.239272029323,0.0,0.0,9492.239272029323,0,0.0,13152.33
2026-04-24 00:00:00+00:00,21.07,20.9,17.8714,75.59682,0.5014287,0.42718446601941745,9492.239272029323,0.0,0.0,9492.239272029323,0,0.0,13046.212
2026-04-27 00:00:00+00:00,20.98,20.88,17.89515,71.68831,0.5064286,0.42718446601941745,9492.239272029323,0.0,0.0,9492.239272029323,0,0.0,13033.728
2026-04-28 00:00:00+00:00,20.89,20.94,17.91665,73.99461,0.49642864,0.42718446601941745,9492.239272029323,0.0,0.0,9492.239272029323,0,0.0,13071.182
2026-04-29 00:00:00+00:00,20.85,21.06,17.93875,69.40063,0.46500015,0.54296875,9492.239272029323,0.0,0.0,9492.239272029323,0,0.0,13146.088
2026-04-30 00:00:00+00:00,21.12,21.13,17.96155,68.6084,0.44642872,0.54296875,-9.49223927202911,9487.49552426719,0.0,9478.00328499516,1,19.66499900817871,13189.783
2026-05-01 00:00:00+00:00,21.14,21.13,17.98555,66.89418,0.4428572,0.54296875,-9.49223927202911,9487.49552426719,0.0,9478.00328499516,0,19.790712356567383,13189.783
2026-05-04 00:00:00+00:00,21.0,20.86,18.01045,65.35712,0.42285714,0.54296875,-9.49223927202911,9366.264456907928,0.0,9356.772217635898,0,19.801427841186523,13021.244
2026-05-05 00:00:00+00:00,21.0,21.31,18.03445,48.97121,0.39214283,0.42718446601941745,-9.49223927202911,9568.316805599268,0.0,9558.82456632724,0,19.801427841186523,13302.143
2026-05-06 00:00:00+00:00,21.63,21.68,18.0603,61.654118,0.38928562,0.54296875,-9.49223927202911,9734.449892606735,0.0,9724.957653334706,0,20.13357162475586,13533.105
2026-05-07 00:00:00+00:00,22.16,21.67,18.0883,69.072174,0.41499996,0.42718446601941745,-9.49223927202911,9729.959582192965,0.0,9720.467342920936,0,20.512144088745117,13526.863
2026-05-08 00:00:00+00:00,21.88,22.27,18.1143,61.603363,0.42857143,0.42718446601941745,-9.49223927202911,9999.362960250262,0.0,9989.870720978233,0,20.512144088745117,13901.395
2026-05-11 00:00:00+00:00,22.3,21.78,18.14265,67.5,0.4442858,0.42718446601941745,9755.188742650751,0.0,0.0,9755.188742650751,-1,0.0,13595.526
2026-05-12 00:00:00+00:00,21.94,21.76,18.1694,60.576923,0.45571437,0.54296875,9755.188742650751,0.0,0.0,9755.188742650751,0,0.0,13583.041
2026-05-13 00:00:00+00:00,21.71,21.56,18.19545,65.85366,0.44285733,0.42718446601941745,-9.755188742650716,9750.313585857823,0.0,9740.558397115172,1,20.39285659790039,13458.197
2026-05-14 00:00:00+00:00,21.71,21.54,18.22125,58.596485,0.44214302,0.54296875,-9.755188742650716,9741.26951203633,0.0,9731.514323293679,0,20.39285659790039,13445.714
2026-05-15 00:00:00+00:00,21.38,21.38,18.24755,61.85188,0.44785732,0.42718446601941745,-9.755188742650716,9668.910294011212,0.0,9659.15510526856,0,20.39285659790039,13345.838
2026-05-18 00:00:00+00:00,21.47,21.87,18.2738,58.80282,0.4571431,0.54296875,-9.755188742650716,9890.50915969732,0.0,9880.753970954669,0,20.39285659790039,13651.707
2026-05-19 00:00:00+00:00,21.97,21.79,18.30455,64.220184,0.47857162,0.42718446601941745,-9.755188742650716,9854.329710279742,0.0,9844.574521537092,0,20.498571395874023,13601.77
2026-05-20 00:00:00+00:00,21.79,22.3,18.33585,61.300327,0.502143,0.54296875,-9.755188742650716,10084.972211672964,0.0,10075.217022930314,0,20.498571395874023,13920.121
2026-05-21 00:00:00+00:00,22.13,22.41,18.3689,65.940056,0.52785736,0.42718446601941745,-9.755188742650716,10134.718971224349,0.0,10124.963782481698,0,20.793569564819336,13988.786
2026-05-22 00:00:00+00:00,22.39,22.38,18.40395,66.93122,0.5478574,0.42718446601941745,-9.755188742650716,10121.151416983306,0.0,10111.396228240656,0,20.826427459716797,13970.06
2026-05-26 00:00:00+00:00,22.52,23.11,18.43935,71.46889,0.53714305,0.2,-9.755188742650716,10451.288423661963,0.0,10441.533234919312,0,20.826427459716797,14425.741
2026-05-27 00:00:00+00:00,23.36,23.48,18.47855,73.56019,0.5535717,0.2,10592.933410391723,0.0,0.0,10592.933410391723,-1,0.0,14656.701
2026-05-28 00:00:00+00:00,23.52,23.28,18.5192,73.56018,0.53642887,0.2501747715486186,10592.933410391723,0.0,0.0,10592.933410391723,0,0.0,14531.856
2026-05-29 00:00:00+00:00,23.1,22.98,18.55905,70.07481,0.50714314,0.42718446601941745,10592.933410391723,0.0,0.0,10592.933410391723,0,0.0,14344.59
2026-06-01 00:00:00+00:00,22.89,23.18,18.5952,59.568714,0.5000001,0.42718446601941745,10592.933410391723,0.0,0.0,10592.933410391723,0,0.0,14469.434
2026-06-02 00:00:00+00:00,23.24,23.65,18.6306,70.467804,0.49142864,0.42718446601941745,10592.933410391723,0.0,0.0,10592.933410391723,0,0.0,14762.817
2026-06-03 00:00:00+00:00,23.47,23.85,18.66895,74.41858,0.5092858,0.2,10592.933410391723,0.0,0.0,10592.933410391723,0,0.0,14887.662
2026-06-04 00:00:00+00:00,24.07,24.45,18.7096,79.586555,0.53357154,0.42718446601941745,10592.933410391723,0.0,0.0,10592.933410391723,0,0.0,15262.193
2026-06-05 00:00:00+00:00,24.47,24.62,18.7526,82.696594,0.5457144,0.2,10592.933410391723,0.0,0.0,10592.933410391723,0,0.0,15368.312
2026-06-08 00:00:00+00:00,24.69,24.44,18.79505,86.32287,0.54785717,0.2,10592.933410391723,0.0,0.0,10592.933410391723,0,0.0,15255.951
2026-06-09 00:00:00+00:00,24.71,24.47,18.83665,80.96384,0.5499999,0.2,10592.933410391723,0.0,0.0,10592.933410391723,0,0.0,15274.678
2026-06-10 00:00:00+00:00,24.47,23.95,18.87825,82.68291,0.5514284,0.2,10592.933410391723,0.0,0.0,10592.933410391723,0,0.0,14950.083
2026-06-11 00:00:00+00:00,23.95,24.34,18.91345,70.073006,0.5521427,0.42718446601941745,10592.933410391723,0.0,0.0,10592.933410391723,0,0.0,15193.529
2026-06-12 00:00:00+00:00,24.63,24.89,18.95065,71.98178,0.5592856,0.42718446601941745,10592.933410391723,0.0,0.0,10592.933410391723,0,0.0,15536.85
2026-06-15 00:00:00+00:00,25.08,24.81,18.99045,75.5601,0.582857,0.42718446601941745,10592.933410391723,0.0,0.0,10592.933410391723,0,0.0,15486.913
2026-06-16 00:00:00+00:00,24.87,24.9,19.02765,69.95306,0.5714284,0.42718446601941745,10592.933410391723,0.0,0.0,10592.933410391723,0,0.0,15543.093
2026-06-17 00:00:00+00:00,24.86,24.62,19.0657,67.83921,0.5685712,0.54296875,10592.933410391723,0.0,0.0,10592.933410391723,0,0.0,15368.312
2026-06-18 00:00:00+00:00,24.98,25.01,19.10275,66.50247,0.58642834,0.3105973263519828,-10.592933410391197,10587.639590596425,0.0,10577.046657186034,1,22.914287567138672,15611.757
2026-06-22 00:00:00+00:00,25.12,25.13,19.14245,74.45786,0.60214275,0.2,-10.592933410391197,10638.439664444424,0.0,10627.846731034033,0,23.250715255737305,15686.663
2026-06-23 00:00:00+00:00,24.86,24.82,19.18215,73.955795,0.59357136,0.2,-10.592933410391197,10507.20560800782,0.0,10496.612674597429,0,23.323570251464844,15493.155
2026-06-24 00:00:00+00:00,25.13,24.58,19.2183,64.96166,0.58785695,0.42718446601941745,-10.592933410391197,10405.60511251551,0.0,10395.012179105119,0,23.323570251464844,15343.343
2026-06-25 00:00:00+00:00,24.86,24.98,19.25405,59.240517,0.59714264,0.54296875,-10.592933410391197,10574.939471626652,0.0,10564.346538216261,0,23.323570251464844,15593.031
2026-06-26 00:00:00+00:00,24.93,25.06,19.292,57.066666,0.5842856,0.54296875,-10.592933410391197,10608.806324018044,0.0,10598.213390607652,0,23.323570251464844,15642.97
2026-06-29 00:00:00+00:00,24.79,24.92,19.3301,56.01092,0.5807142,0.42718446601941745,-10.592933410391197,10549.539542787401,0.0,10538.94660937701,0,23.323570251464844,15555.58
2026-06-30 00:00:00+00:00,24.0,23.71,19.36675,56.629845,0.5585714,0.42718446601941745,-10.592933410391197,10037.302074422973,0.0,10026.709141012581,0,23.323570251464844,14800.272
2026-07-01 00:00:00+00:00,23.46,23.35,19.3969,42.08332,0.60714287,0.42718446601941745,-10.592933410391197,9884.90181064094,0.0,9874.30887723055,0,23.323570251464844,14575.554
2026-07-02 00:00:00+00:00,23.51,23.35,19.42565,43.53447,0.6164285,0.42718446601941745,-10.592933410391197,9884.90181064094,0.0,9874.30887723055,0,23.323570251464844,14575.554
2026-07-06 00:00:00+00:00,23.45,23.25,19.4541,38.35293,0.59357136,0.42718446601941745,-10.592933410391197,9842.568202967512,0.0,9831.97526955712,0,23.323570251464844,14513.133
2026-07-07 00:00:00+00:00,23.51,23.35,19.48205,28.421034,0.57714283,0.42718446601941745,-10.592933410391197,9884.901789274449,0.0,9874.308855864057,0,23.323570251464844,14575.554
2026-07-08 00:00:00+00:00,23.42,22.76,19.5112,30.890043,0.5771427,0.54296875,-10.592933410391197,9635.133445622498,0.0,9624.540512212106,0,23.323570251464844,14207.265
2026-07-09 00:00:00+00:00,22.92,23.16,19.537,25.231464,0.60499996,0.42718446601941745,9779.168081411375,0.0,0.0,9779.168081411375,-1,0.0,14456.951
2026-07-10 00:00:00+00:00,23.12,23.18,19.5657,33.558537,0.60857135,0.42718446601941745,9779.168081411375,0.0,0.0,9779.168081411375,0,0.0,14469.437
2026-07-13 00:00:00+00:00,23.17,23.07,19.59575,27.518415,0.5785713,0.42718446601941745,9779.168081411375,0.0,0.0,9779.168081411375,0,0.0,14400.771
2026-07-14 00:00:00+00:00,23.31,23.38,19.62395,24.630545,0.5735713,0.54296875,9779.168081411375,0.0,0.0,9779.168081411375,0,0.0,14594.28
2026-07-15 00:00:00+00:00,23.27,23.8,19.654,32.266003,0.56,0.42718446601941745,-9.779168081411626,9774.280940940906,0.0,9764.501772859494,1,21.659284591674805,14856.454
2026-07-16 00:00:00+00:00,23.75,23.67,19.6864,40.80188,0.5450001,0.42718446601941745,-9.779168081411626,9720.892160261928,0.0,9711.112992180517,0,22.119998931884766,14775.306
2026-07-17 00:00:00+00:00,23.62,23.94,19.717,33.501263,0.54928577,0.42718446601941745,-9.779168081411626,9831.777390449242,0.0,9821.99822236783,0,22.119998931884766,14943.847
2026-07-20 00:00:00+00:00,23.95,24.06,19.74955,36.538475,0.5607142,0.42718446601941745,-9.779168081411626,9881.059294635683,0.0,9871.280126554271,0,22.292142868041992,15018.753
2026-07-21 00:00:00+00:00,24.17,24.44,19.78475,39.613518,0.5514285,0.42718446601941745,-9.779168081411626,10037.119950335293,0.0,10027.340782253881,0,22.377857208251953,15255.958
2026-07-22 00:00:00+00:00,24.45,24.5,19.8217,61.027214,0.505,0.42718446601941745,-9.779168081411626,10061.76104075902,0.0,10051.981872677608,0,22.785715103149414,15293.411
2026-07-23 00:00:00+00:00,24.48,23.96,19.85865,69.10298,0.4742858,0.42718446601941745,-9.779168081411626,9839.991335660388,0.0,9830.212167578977,0,22.985000610351562,14956.331
2026-07-24 00:00:00+00:00,24.06,24.5,19.8939,58.59153,0.5057144,0.42718446601941745,-9.779168081411626,10061.761016867165,0.0,10051.981848785754,0,22.985000610351562,15293.411
2026-07-27 00:00:00+00:00,24.55,24.97,19.9333,65.664154,0.53857166,0.42718446601941745,-9.779168081411626,10254.782174832626,0.0,10245.003006751214,0,22.985000610351562,15586.795
2026-07-28 00:00:00+00:00,24.98,25.47,19.976,68.577965,0.53000027,0.42718446601941745,10434.65520580244,0.0,0.0,10434.65520580244,-1,0.0,15898.906
2026-07-29 00:00:00+00:00,25.47,25.54,20.0221,81.73301,0.5471431,0.2989214098713824,10434.65520580244,0.0,0.0,10434.65520580244,0,0.0,15942.603
2026-07-30 00:00:00+00:00,25.68,25.09,20.06885,80.20304,0.52714306,0.2,10434.65520580244,0.0,0.0,10434.65520580244,0,0.0,15661.702
2026-07-31 00:00:00+00:00,25.33,25.13,20.1152,71.85353,0.5700001,0.2,10434.65520580244,0.0,0.0,10434.65520580244,0,0.0,15686.669
2026-08-03 00:00:00+00:00,25.13,25.09,20.15955,73.953476,0.5721429,0.31365251136015065,10434.65520580244,0.0,0.0,10434.65520580244,0,0.0,15661.701
2026-08-04 00:00:00+00:00,25.02,24.98,20.2031,71.21589,0.5871428,0.42718446601941745,10434.65520580244,0.0,0.0,10434.65520580244,0,0.0,15593.036
2026-08-05 00:00:00+00:00,24.9,25.13,20.24515,65.860214,0.5714284,0.42718446601941745,10434.65520580244,0.0,0.0,10434.65520580244,0,0.0,15686.669
2026-08-06 00:00:00+00:00,23.74,23.38,20.28985,69.51869,0.5742855,0.42718446601941745,10434.65520580244,0.0,0.0,10434.65520580244,0,0.0,14594.283
2026-08-07 00:00:00+00:00,23.3,23.29,20.32535,44.636,0.6707141,0.42718446601941745,10434.65520580244,0.0,0.0,10434.65520580244,0,0.0,14538.1045
2026-08-10 00:00:00+00:00,23.24,22.67,20.35935,42.5819,0.68428546,0.3057045790145738,10434.65520580244,0.0,0.0,10434.65520580244,0,0.0,14151.087
2026-08-11 00:00:00+00:00,22.76,22.29,20.38945,33.701653,0.6921426,0.2,10434.65520580244,0.0,0.0,10434.65520580244,0,0.0,13913.883
2026-08-12 00:00:00+00:00,22.75,22.8,20.4169,30.782618,0.70785683,0.2,10434.65520580244,0.0,0.0,10434.65520580244,0,0.0,14232.235
2026-08-13 00:00:00+00:00,23.04,22.75,20.44775,39.860138,0.6964282,0.42718446601941745,10434.65520580244,0.0,0.0,10434.65520580244,0,0.0,14201.023
2026-08-14 00:00:00+00:00,22.76,22.9,20.47905,33.269585,0.67428523,0.42718446601941745,10434.65520580244,0.0,0.0,10434.65520580244,0,0.0,14294.655
2026-08-17 00:00:00+00:00,22.82,22.81,20.51035,28.920557,0.6642851,0.42718446601941745,10434.65520580244,0.0,0.0,10434.65520580244,0,0.0,14238.476
2026-08-18 00:00:00+00:00,22.87,22.92,20.54285,20.444422,0.61642796,0.42718446601941745,10434.65520580244,0.0,0.0,10434.65520580244,0,0.0,14307.14
2026-08-19 00:00:00+00:00,22.96,23.15,20.5759,21.145334,0.61714226,0.42718446601941745,10434.65520580244,0.0,0.0,10434.65520580244,0,0.0,14450.711
2026-08-20 00:00:00+00:00,23.11,23.09,20.61125,27.546259,0.5871424,0.42718446601941745,10434.65520580244,0.0,0.0,10434.65520580244,0,0.0,14413.258
2026-08-21 00:00:00+00:00,23.2,23.21,20.6466,26.497677,0.5807138,0.42718446601941745,10434.65520580244,0.0,0.0,10434.65520580244,0,0.0,14488.164
2026-08-24 00:00:00+00:00,23.17,23.19,20.682,28.732992,0.5707139,0.42718446601941745,10434.65520580244,0.0,0.0,10434.65520580244,0,0.0,14475.681
2026-08-25 00:00:00+00:00,23.29,23.0,20.7177,29.330229,0.5735711,0.42718446601941745,10434.65520580244,0.0,0.0,10434.65520580244,0,0.0,14357.078
2026-08-26 00:00:00+00:00,22.99,22.43,20.75165,25.629263,0.55857116,0.42718446601941745,10434.65520580244,0.0,0.0,10434.65520580244,0,0.0,14001.272
2026-08-27 00:00:00+00:00,22.26,22.34,20.7772,35.109703,0.46499974,0.42718446601941745,10434.65520580244,0.0,0.0,10434.65520580244,0,0.0,13945.093
2026-08-28 00:00:00+00:00,22.46,22.28,20.7997,35.10968,0.45357132,0.42718446601941745,10434.65520580244,0.0,0.0,10434.65520580244,0,0.0,13907.64
2026-08-31 00:00:00+00:00,22.36,21.93,20.8202,42.585545,0.41928563,0.2,10434.65520580244,0.0,0.0,10434.65520580244,0,0.0,13689.163
2026-09-01 00:00:00+00:00,21.9,21.64,20.8401,43.076897,0.41785717,0.42718446601941745,10434.65520580244,0.0,0.0,10434.65520580244,0,0.0,13508.138
2026-09-02 00:00:00+00:00,21.68,22.11,20.858,25.630228,0.4128572,0.42718446601941745,10434.65520580244,0.0,0.0,10434.65520580244,0,0.0,13801.522
2026-09-03 00:00:00+00:00,22.15,21.99,20.8807,38.571438,0.41928592,0.42718446601941745,10434.65520580244,0.0,0.0,10434.65520580244,0,0.0,13726.616
2026-09-04 00:00:00+00:00,21.98,22.05,20.9027,33.574013,0.41357177,0.42718446601941745,10434.65520580244,0.0,0.0,10434.65520580244,0,0.0,13764.068
2026-09-08 00:00:00+00:00,21.97,22.07,20.9268,36.131382,0.40500027,0.42718446601941745,10434.65520580244,0.0,0.0,10434.65520580244,0,0.0,13776.553
2026-09-09 00:00:00+00:00,21.95,22.04,20.95115,33.962254,0.39714321,0.42718446601941745,10434.65520580244,0.0,0.0,10434.65520580244,0,0.0,13757.826
2026-09-10 00:00:00+00:00,22.12,22.14,20.97635,27.346954,0.37857178,0.42718446601941745,10434.65520580244,0.0,0.0,10434.65520580244,0,0.0,13820.246
2026-09-11 00:00:00+00:00,22.39,22.24,21.003,30.923662,0.37857178,0.42718446601941745,10434.65520580244,0.0,0.0,10434.65520580244,0,0.0,13882.669
2026-09-14 00:00:00+00:00,22.27,22.37,21.0271,30.364382,0.37642902,0.42718446601941745,10434.65520580244,0.0,0.0,10434.65520580244,0,0.0,13963.819
2026-09-15 00:00:00+00:00,22.43,22.13,21.0523,34.108543,0.37285763,0.2,10434.65520580244,0.0,0.0,10434.65520580244,0,0.0,13814.006
2026-09-16 00:00:00+00:00,22.18,21.76,21.074,33.46008,0.381429,0.42718446601941745,10434.65520580244,0.0,0.0,10434.65520580244,0,0.0,13583.045
2026-09-17 00:00:00+00:00,21.93,21.9,21.094099,36.214005,0.40000042,0.42718446601941745,10434.65520580244,0.0,0.0,10434.65520580244,0,0.0,13670.437
2026-09-18 00:00:00+00:00,21.84,21.84,21.11545,41.12903,0.4028575,0.42718446601941745,10434.65520580244,0.0,0.0,10434.65520580244,0,0.0,13632.983
