,Open,Close,sma200,rsi,atr,prob_up,cash,holdings,borrowed_margin,total,signal,stop_loss,benchmark
2016-09-12 00:00:00+00:00,78.77,81.16,,,,0.6090225563909775,10000.0,0.0,0.0,10000.0,0,0.0,10000.0
2016-09-13 00:00:00+00:00,80.17,79.21,,,,0.6090225563909775,10000.0,0.0,0.0,10000.0,0,0.0,9759.733
2016-09-14 00:00:00+00:00,79.22,80.05,,,,0.6090225563909775,10000.0,0.0,0.0,10000.0,0,0.0,9863.232
2016-09-15 00:00:00+00:00,80.03,80.36,,,,0.6090225563909775,10000.0,0.0,0.0,10000.0,0,0.0,9901.428
2016-09-16 00:00:00+00:00,80.35,82.15,,,,0.6090225563909775,10000.0,0.0,0.0,10000.0,0,0.0,10121.9795
2016-09-19 00:00:00+00:00,82.35,83.51,,,,0.6090225563909775,10000.0,0.0,0.0,10000.0,0,0.0,10289.55
2016-09-20 00:00:00+00:00,83.51,85.06,,,,0.6090225563909775,10000.0,0.0,0.0,10000.0,0,0.0,10480.53
2016-09-21 00:00:00+00:00,85.29,86.71,,,,0.6090225563909775,10000.0,0.0,0.0,10000.0,0,0.0,10683.832
2016-09-22 00:00:00+00:00,87.81,89.27,,,,0.6090225563909775,10000.0,0.0,0.0,10000.0,0,0.0,10999.259
2016-09-23 00:00:00+00:00,88.39,88.98,,,,0.6090225563909775,10000.0,0.0,0.0,10000.0,0,0.0,10963.527
2016-09-26 00:00:00+00:00,88.63,88.76,,,,0.6090225563909775,10000.0,0.0,0.0,10000.0,0,0.0,10936.42
2016-09-27 00:00:00+00:00,88.56,89.07,,,,0.6090225563909775,10000.0,0.0,0.0,10000.0,0,0.0,10974.617
2016-09-28 00:00:00+00:00,94.98,93.2,,,,0.6090225563909775,10000.0,0.0,0.0,10000.0,0,0.0,11483.488
2016-09-29 00:00:00+00:00,94.14,92.29,,85.49528,,0.6090225563909775,10000.0,0.0,0.0,10000.0,0,0.0,11371.364
2016-09-30 00:00:00+00:00,92.71,94.29,,81.141594,3.145,0.6090225563909775,10000.0,0.0,0.0,10000.0,0,0.0,11617.792
2016-10-03 00:00:00+00:00,93.72,95.54,,83.03977,3.2107146,0.6090225563909775,10000.0,0.0,0.0,10000.0,0,0.0,11771.809
2016-10-04 00:00:00+00:00,95.8,94.17,,92.592636,3.1235716,0.6090225563909775,10000.0,0.0,0.0,10000.0,0,0.0,11603.006
2016-10-05 00:00:00+00:00,94.45,95.69,,85.837585,3.1457143,0.6090225563909775,10000.0,0.0,0.0,10000.0,0,0.0,11790.291
2016-10-06 00:00:00+00:00,94.8,94.78,,86.65713,3.1035717,0.6090225563909775,10000.0,0.0,0.0,10000.0,0,0.0,11678.166
2016-10-07 00:00:00+00:00,96.0,97.83,,81.52772,3.154286,0.6090225563909775,10000.0,0.0,0.0,10000.0,0,0.0,12053.968
2016-10-10 00:00:00+00:00,98.69,95.95,,82.96502,3.1800003,0.6090225563909775,10000.0,0.0,0.0,10000.0,0,0.0,11822.326
2016-10-11 00:00:00+00:00,95.41,92.11,,74.69387,3.279286,0.6090225563909775,10000.0,0.0,0.0,10000.0,0,0.0,11349.187
2016-10-12 00:00:00+00:00,92.46,89.97,,61.13862,3.5092854,0.6090225563909775,-10.0,9995.002498750626,0.0,9985.002498750626,1,87.19107055664062,11085.51
2016-10-13 00:00:00+00:00,88.99,89.53,,51.469364,3.5471425,0.6090225563909775,-10.0,9946.121328297644,0.0,9936.121328297644,0,87.19107055664062,11031.296
2016-10-14 00:00:00+00:00,89.83,87.1,,51.14726,3.4721425,0.6090225563909775,-10.0,9676.166191139155,0.0,9666.166191139155,0,87.19107055664062,10731.888
2016-10-17 00:00:00+00:00,86.77,86.7,,46.829636,3.5942852,0.6090225563909775,9607.28159108532,0.0,0.0,9607.28159108532,-1,0.0,10682.602
2016-10-18 00:00:00+00:00,87.63,88.78,,45.489147,3.7042859,0.6090225563909775,-9.607281591084757,9602.480350909866,0.0,9592.87306931878,1,81.3085708618164,10938.885
2016-10-19 00:00:00+00:00,88.55,87.96,,40.87532,3.4735718,0.5714285714285714,-9.607281591084757,9513.788618313885,0.0,9504.1813367228,0,83.22357177734375,10837.851
2016-10-20 00:00:00+00:00,88.07,88.49,,41.02777,3.299286,0.5714285714285714,-9.607281591084757,9571.11331935042,0.0,9561.506037759335,0,83.22357177734375,10903.153
2016-10-21 00:00:00+00:00,88.09,87.72,,37.20212,3.222143,0.5714285714285714,-9.607281591084757,9487.830245439229,0.0,9478.222963848144,0,83.54106903076172,10808.279
2016-10-24 00:00:00+00:00,87.99,88.18,,32.371517,3.2314284,0.5714285714285714,-9.607281591084757,9537.583454155934,0.0,9527.97617256485,0,83.54106903076172,10864.958
2016-10-25 00:00:00+00:00,87.86,87.2,,35.919147,3.1357138,0.5510204081632654,-9.607281591084757,9431.586150400168,0.0,9421.978868809083,0,83.54106903076172,10744.208
2016-10-26 00:00:00+00:00,87.5,87.25,,29.522429,3.1028569,0.5714285714285714,-9.607281591084757,9436.994190611777,0.0,9427.386909020692,0,83.54106903076172,10750.369
2016-10-27 00:00:00+00:00,88.1,87.01,,31.05185,3.0328572,0.5510204081632654,-9.607281591084757,9411.035900219464,0.0,9401.428618628379,0,83.54106903076172,10720.798
2016-10-28 00:00:00+00:00,86.05,87.13,,18.288404,3.0992856,0.5714285714285714,-9.607281591084757,9424.014963531235,0.0,9414.40768194015,0,83.54106903076172,10735.583
2016-10-31 00:00:00+00:00,87.52,86.97,,21.176462,3.1264284,0.6090225563909775,-9.607281591084757,9406.709645831537,0.0,9397.102364240453,0,83.54106903076172,10715.87
2016-11-01 00:00:00+00:00,90.0,90.03,,27.882954,2.792143,0.5714285714285714,-9.607281591084757,9737.680045838015,0.0,9728.07276424693,0,83.54106903076172,11092.902
2016-11-02 00:00:00+00:00,90.0,87.19,,50.239223,2.8485718,0.5714285714285714,-9.607281591084757,9430.505090564198,0.0,9420.897808973114,0,85.84178161621094,10742.977
2016-11-03 00:00:00+00:00,87.53,83.28,,42.168682,2.9328575,0.6090225563909775,-9.607281591084757,9007.597603769154,0.0,8997.99032217807,0,85.84178161621094,10261.211
2016-11-04 00:00:00+00:00,84.3,87.57,,38.36784,3.0050006,0.5714285714285714,9447.79089840224,0.0,0.0,9447.79089840224,-1,0.0,10789.797
2016-11-07 00:00:00+00:00,89.46,92.15,,52.14181,3.169286,0.6090225563909775,-9.447790898402673,9443.06936372038,0.0,9433.621572821978,1,83.0625,11354.115
2016-11-08 00:00:00+00:00,92.16,92.16,,57.38712,3.3242857,0.6090225563909775,-9.447790898402673,9444.094877868896,0.0,9434.647086970494,0,87.39607238769531,11355.348
2016-11-09 00:00:00+00:00,95.68,104.13,,59.545467,3.4657152,0.6090225563909775,-9.447790898402673,10670.71935629951,0.0,10661.271565401108,0,87.39607238769531,12830.211
2016-11-10 00:00:00+00:00,105.0,104.71,,73.38518,4.5214286,0.6090225563909775,10704.61154511287,0.0,0.0,10704.61154511287,-1,0.0,12901.675
2016-11-11 00:00:00+00:00,103.88,104.51,,75.548874,4.7964287,0.6090225563909775,-10.70461154511213,10699.261914155793,0.0,10688.557302610681,1,97.9278564453125,12877.031
2016-11-14 00:00:00+00:00,104.88,104.89,,74.74993,4.9342866,0.6090225563909775,-10.70461154511213,10738.164457658084,0.0,10727.459846112972,0,97.9278564453125,12923.853
2016-11-15 00:00:00+00:00,104.27,103.16,,77.30783,5.1985717,0.5714285714285714,-10.70461154511213,10561.055189962157,0.0,10550.350578417045,0,97.9278564453125,12710.693
2016-11-16 00:00:00+00:00,102.71,100.74,,73.34901,5.2621427,0.6090225563909775,-10.70461154511213,10313.30573175175,0.0,10302.601120206638,0,97.9278564453125,12412.516
2016-11-17 00:00:00+00:00,106.9,105.55,,68.937935,5.201428,0.6090225563909775,-10.70461154511213,10805.73284617083,0.0,10795.028234625717,0,97.9278564453125,13005.173
2016-11-18 00:00:00+00:00,105.3,103.63,,72.496346,5.454285,0.5714285714285714,-10.70461154511213,10609.17112911411,0.0,10598.466517568997,0,97.9278564453125,12768.603
2016-11-21 00:00:00+00:00,103.66,108.1,,69.50819,5.5028563,0.6090225563909775,-10.70461154511213,11066.789370981429,0.0,11056.084759436317,0,97.9278564453125,13319.366
2016-11-22 00:00:00+00:00,107.91,106.8,,70.48288,5.622142,0.6090225563909775,-10.70461154511213,10933.702008722445,0.0,10922.997397177332,0,99.84571838378906,13159.189
2016-11-23 00:00:00+00:00,104.88,106.8,,73.032646,5.68357,0.6090225563909775,-10.70461154511213,10933.702008722445,0.0,10922.997397177332,0,99.84571838378906,13159.189
2016-11-25 00:00:00+00:00,107.51,107.73,,80.41904,5.5857124,0.5714285714285714,-10.70461154511213,11028.911384417572,0.0,11018.20677287246,0,99.84571838378906,13273.778
2016-11-28 00:00:00+00:00,107.13,105.17,,78.555244,5.3349986,0.5714285714285714,-10.70461154511213,10766.829380422416,0.0,10756.124768877304,0,99.84571838378906,12958.352
2016-11-29 00:00:00+00:00,105.44,105.07,,69.56129,5.16857,0.6090225563909775,-10.70461154511213,10756.592135919127,0.0,10745.887524374015,0,99.84571838378906,12946.03
2016-11-30 00:00:00+00:00,105.33,102.29,,69.34371,5.1321406,0.5714285714285714,-10.70461154511213,10471.988182216282,0.0,10461.28357067117,0,99.84571838378906,12603.496
2016-12-01 00:00:00+00:00,102.53,99.93,,46.195213,4.184998,0.6090225563909775,-10.70461154511213,10230.382170730472,0.0,10219.67755918536,0,99.84571838378906,12312.713
2016-12-02 00:00:00+00:00,100.22,102.02,,40.793533,3.9999983,0.6090225563909775,-10.70461154511213,10444.34605717762,0.0,10433.641445632507,0,99.84571838378906,12570.228
2016-12-05 00:00:00+00:00,102.66,104.76,,45.529613,4.164284,0.6090225563909775,-10.70461154511213,10724.855032402585,0.0,10714.150420857473,0,99.84571838378906,12907.832
2016-12-06 00:00:00+00:00,104.37,107.21,,49.784843,4.0514274,0.5714285714285714,-10.70461154511213,10975.674180223868,0.0,10964.969568678756,0,99.84571838378906,13209.703
2016-12-07 00:00:00+00:00,104.76,101.96,,56.54703,4.0428567,0.5714285714285714,-10.70461154511213,10438.202786842967,0.0,10427.498175297855,0,101.13285827636719,12562.833
2016-12-08 00:00:00+00:00,101.43,102.88,,51.806873,4.336428,0.6090225563909775,-10.70461154511213,10532.387424763696,0.0,10521.682813218584,0,101.13285827636719,12676.1875
2016-12-09 00:00:00+00:00,103.85,100.63,,45.530624,4.132857,0.5714285714285714,-10.70461154511213,10302.042676630615,0.0,10291.338065085503,0,101.13285827636719,12398.958
2016-12-12 00:00:00+00:00,100.12,100.86,,45.03311,4.3407145,0.5714285714285714,10299.396027291199,0.0,0.0,10299.396027291199,-1,0.0,12427.298
2016-12-13 00:00:00+00:00,101.23,101.54,,36.055473,4.027858,0.5714285714285714,-10.29939602729064,10294.24890283978,0.0,10283.949506812489,1,94.34893035888672,12511.083
2016-12-14 00:00:00+00:00,101.5,102.42,,39.62115,3.905001,0.5714285714285714,-10.29939602729064,10383.46416897648,0.0,10373.164772949189,0,95.49821472167969,12619.511
2016-12-15 00:00:00+00:00,103.14,104.58,,41.647587,3.8271434,0.5714285714285714,-10.29939602729064,10602.448033346604,0.0,10592.148637319313,0,96.5625,12885.652
2016-12-16 00:00:00+00:00,104.85,103.0,,44.262295,3.928572,0.5714285714285714,-10.29939602729064,10442.265729830908,0.0,10431.966333803617,0,98.83928680419922,12690.976
2016-12-19 00:00:00+00:00,102.88,100.79,,45.901024,4.0600004,0.6090225563909775,-10.29939602729064,10218.213330992665,0.0,10207.913934965374,0,98.83928680419922,12418.674
2016-12-20 00:00:00+00:00,101.31,102.21,,42.51225,4.0942864,0.5714285714285714,-10.29939602729064,10362.173964784355,0.0,10351.874568757064,0,98.83928680419922,12593.637
2016-12-21 00:00:00+00:00,101.84,99.76,,49.853046,3.9014294,0.5510204081632654,-10.29939602729064,10113.79010248957,0.0,10103.490706462278,0,98.83928680419922,12291.764
2016-12-22 00:00:00+00:00,100.64,101.47,,49.688763,3.8542862,0.5714285714285714,-10.29939602729064,10287.15162788651,0.0,10276.852231859219,0,98.83928680419922,12502.458
2016-12-23 00:00:00+00:00,100.84,102.94,,48.978844,3.6435711,0.5714285714285714,-10.29939602729064,10436.181882814446,0.0,10425.882486787155,0,98.83928680419922,12683.581
2016-12-27 00:00:00+00:00,103.1,102.53,,46.453625,3.5964284,0.5714285714285714,-10.29939602729064,10394.614975530465,0.0,10384.315579503174,0,98.83928680419922,12633.0625
2016-12-28 00:00:00+00:00,102.35,101.1,,40.093143,3.5778568,0.5714285714285714,-10.29939602729064,10249.639936967196,0.0,10239.340540939906,0,98.83928680419922,12456.868
2016-12-29 00:00:00+00:00,100.88,101.96,,47.82828,3.207857,0.5510204081632654,-10.29939602729064,10336.827651184163,0.0,10326.528255156873,0,98.83928680419922,12562.83
2016-12-30 00:00:00+00:00,101.93,100.27,,47.669712,2.9821422,0.5510204081632654,-10.29939602729064,10165.493103343833,0.0,10155.193707316543,0,98.83928680419922,12354.6
2017-01-03 00:00:00+00:00,101.14,102.32,,49.06152,2.8135703,0.5714285714285714,-10.29939602729064,10373.325288277958,0.0,10363.025892250667,0,98.83928680419922,12607.1875
2017-01-04 00:00:00+00:00,103.1,102.84,,53.47619,2.9049988,0.5510204081632654,-10.29939602729064,10426.04264381115,0.0,10415.74324778386,0,98.83928680419922,12671.257
2017-01-05 00:00:00+00:00,102.82,104.81,,53.11899,2.9199986,0.5510204081632654,-10.29939602729064,10625.763699380715,0.0,10615.464303353425,0,98.83928680419922,12913.987
2017-01-06 00:00:00+00:00,105.42,108.31,,55.449154,2.9492848,0.5624139967584991,-10.29939602729064,10980.597696608434,0.0,10970.298300581144,0,100.43000030517578,13345.234
2017-01-09 00:00:00+00:00,113.55,118.53,,58.0146,2.9785707,0.5714285714285714,11988.389272131091,0.0,0.0,11988.389272131091,-1,0.0,14604.475
2017-01-10 00:00:00+00:00,119.09,119.3,,74.33406,3.4649997,0.6090225563909775,-11.988389272131826,11982.398073094544,0.0,11970.409683822412,1,114.06214141845703,14699.35
2017-01-11 00:00:00+00:00,118.8,115.29,,80.37413,3.451428,0.5510204081632654,-11.988389272131826,11579.636270244648,0.0,11567.647880972516,0,114.10250091552734,14205.264
2017-01-12 00:00:00+00:00,114.43,117.55,,69.78221,3.7607138,0.6090225563909775,-11.988389272131826,11806.629281275684,0.0,11794.640892003552,0,114.10250091552734,14483.726
2017-01-13 00:00:00+00:00,117.97,117.75,,77.061134,3.9235713,0.5714285714285714,-11.988389272131826,11826.71654880593,0.0,11814.728159533799,0,114.10250091552734,14508.368
2017-01-17 00:00:00+00:00,115.7,113.64,,75.95662,3.9442863,0.5714285714285714,-11.988389272131826,11413.911157793456,0.0,11401.922768521325,0,114.10250091552734,14001.961
2017-01-18 00:00:00+00:00,114.51,115.09,,65.73528,4.037143,0.6090225563909775,-11.988389272131826,11559.547714034305,0.0,11547.559324762173,0,114.10250091552734,14180.62
2017-01-19 00:00:00+00:00,115.5,117.53,,67.92236,3.97,0.6090225563909775,-11.988389272131826,11804.619096938648,0.0,11792.630707666516,0,114.10250091552734,14481.26
2017-01-20 00:00:00+00:00,118.32,117.22,,72.78779,4.1350007,0.5510204081632654,-11.988389272131826,11773.482941555196,0.0,11761.494552283064,0,114.10250091552734,14443.063
2017-01-23 00:00:00+00:00,118.27,117.42,,71.49296,4.4314294,0.5510204081632654,-11.988389272131826,11793.569955736755,0.0,11781.581566464623,0,114.10250091552734,14467.705
2017-01-24 00:00:00+00:00,117.55,118.3,,75.21317,4.3942866,0.5513368547774377,-11.988389272131826,11881.956271556646,0.0,11869.967882284514,0,114.10250091552734,14576.134
2017-01-25 00:00:00+00:00,119.13,120.91,,74.330086,4.400001,0.5510204081632654,-11.988389272131826,12144.102407721559,0.0,12132.114018449427,0,114.10250091552734,14897.72
2017-01-26 00:00:00+00:00,120.51,120.64,,75.86602,4.4592867,0.5510204081632654,-11.988389272131826,12116.983558163605,0.0,12104.995168891473,0,114.31000518798828,14864.452
2017-01-27 00:00:00+00:00,121.44,121.72,,73.81883,4.680716,0.5510204081632654,-11.988389272131826,12225.457945602786,0.0,12213.469556330654,0,114.31000518798828,14997.522
2017-01-30 00:00:00+00:00,121.83,118.23,,71.76241,4.567858,0.5714285714285714,-11.988389272131826,11874.92548890266,0.0,11862.937099630528,0,114.69892883300781,14567.509
2017-01-31 00:00:00+00:00,117.95,121.21,,49.377087,4.0564294,0.6090225563909775,-11.988389272131826,12174.233177466262,0.0,12162.24478819413,0,114.69892883300781,14934.683
2017-02-01 00:00:00+00:00,121.12,124.27,,53.632553,4.115715,0.5714285714285714,-11.988389272131826,12481.57690564199,0.0,12469.588516369859,0,115.12535095214844,15311.716
2017-02-02 00:00:00+00:00,123.03,120.92,,67.71902,4.0178576,0.5510204081632654,-11.988389272131826,12145.106135574137,0.0,12133.117746302005,0,118.09642028808594,14898.952
2017-02-03 00:00:00+00:00,121.76,120.34,,56.375324,3.9942856,0.5714285714285714,-11.988389272131826,12086.851349675924,0.0,12074.862960403792,0,118.09642028808594,14827.488
2017-02-06 00:00:00+00:00,120.28,119.68,,54.83028,3.9771423,0.5545092509655776,-11.988389272131826,12020.562195787834,0.0,12008.573806515702,0,118.09642028808594,14746.169
2017-02-07 00:00:00+00:00,120.09,118.18,,62.92809,3.8335707,0.5510204081632654,-11.988389272131826,11869.903365605192,0.0,11857.91497633306,0,118.09642028808594,14561.35
2017-02-08 00:00:00+00:00,117.32,122.73,,56.599754,3.9092853,0.5714285714285714,12296.423814767411,0.0,0.0,12296.423814767411,-1,0.0,15121.972
2017-02-09 00:00:00+00:00,121.92,122.96,,60.1881,4.0371423,0.5714285714285714,-12.296423814766968,12290.278675429698,0.0,12277.98225161493,1,116.86607360839844,15150.31
2017-02-10 00:00:00+00:00,123.01,121.7,,61.281445,3.816428,0.5714285714285714,-12.296423814766968,12164.337356567266,0.0,12152.0409327525,0,116.90428161621094,14995.062
2017-02-13 00:00:00+00:00,122.27,121.15,,58.07547,3.7635705,0.5714285714285714,-12.296423814766968,12109.3632641605,0.0,12097.066840345733,0,116.90428161621094,14927.294
2017-02-14 00:00:00+00:00,119.94,123.32,,55.445164,3.6921413,0.5714285714285714,-12.296423814766968,12326.26221424771,0.0,12313.965790432943,0,116.90428161621094,15194.668
2017-02-15 00:00:00+00:00,122.39,120.94,,54.683243,3.8842838,0.5714285714285714,-12.296423814766968,12088.372898025564,0.0,12076.076474210797,0,117.78178405761719,14901.42
2017-02-16 00:00:00+00:00,121.39,120.18,,50.5388,3.7742832,0.6090225563909775,-12.296423814766968,12012.408139948966,0.0,12000.111716134199,0,117.78178405761719,14807.777
2017-02-17 00:00:00+00:00,120.18,120.49,,47.20203,3.8307126,0.5714285714285714,-12.296423814766968,12043.39355342069,0.0,12031.097129605923,0,117.78178405761719,14845.974
2017-02-21 00:00:00+00:00,121.09,122.36,,54.642555,3.6357121,0.5714285714285714,-12.296423814766968,12230.306739745929,0.0,12218.010315931162,0,117.78178405761719,15076.382
2017-02-22 00:00:00+00:00,121.7,121.36,,52.47525,3.542141,0.5714285714285714,-12.296423814766968,12130.352952519637,0.0,12118.05652870487,0,117.78178405761719,14953.169
2017-02-23 00:00:00+00:00,121.4,121.95,,43.12707,3.3178554,0.5714285714285714,-12.296423814766968,12189.325794510782,0.0,12177.029370696015,0,117.78178405761719,15025.865
2017-02-24 00:00:00+00:00,128.27,131.21,,52.79739,3.1971414,0.5714285714285714,-12.296423814766968,13114.89616812406,0.0,13102.599744309293,0,117.78178405761719,16166.821
2017-02-27 00:00:00+00:00,131.88,134.02,,70.062775,3.7042847,0.6090225563909775,13363.375604953844,0.0,0.0,13363.375604953844,-1,0.0,16513.053
2017-02-28 00:00:00+00:00,133.59,133.1,,74.52121,3.86357,0.5714285714285714,-13.363375604953035,13356.697256325682,0.0,13343.33388072073,1,128.4635772705078,16399.695
2017-03-01 00:00:00+00:00,133.9,133.22,,76.02932,3.8371413,0.5510204081632654,-13.363375604953035,13368.73938552633,0.0,13355.376009921378,0,128.4635772705078,16414.48
2017-03-02 00:00:00+00:00,134.7,132.8,,71.64673,3.6342838,0.5714285714285714,-13.363375604953035,13326.592182300323,0.0,13313.22880669537,0,128.4635772705078,16362.731
2017-03-03 00:00:00+00:00,133.19,136.91,,70.14744,3.7171407,0.5714285714285714,-13.363375604953035,13739.03366038492,0.0,13725.670284779966,0,128.4635772705078,16869.137
2017-03-06 00:00:00+00:00,136.95,134.38,,77.88781,3.9507124,0.5510204081632654,-13.363375604953035,13485.146105693915,0.0,13471.782730088962,0,131.33428955078125,16557.408
2017-03-07 00:00:00+00:00,133.13,133.39,,72.615395,4.081427,0.6090225563909775,-13.363375604953035,13385.79842227553,0.0,13372.435046670576,0,131.33428955078125,16435.426
2017-03-08 00:00:00+00:00,133.39,136.0,,67.9373,3.9028566,0.5714285714285714,-13.363375604953035,13647.713724032035,0.0,13634.350348427082,0,131.33428955078125,16757.012
2017-03-09 00:00:00+00:00,135.43,138.02,,76.607765,3.9392858,0.5510204081632654,-13.363375604953035,13850.423224721482,0.0,13837.05984911653,0,131.33428955078125,17005.904
2017-03-10 00:00:00+00:00,138.81,149.24,,80.17592,3.9685712,0.5510204081632654,-13.363375604953035,14976.360544772768,0.0,14962.997169167815,0,132.11106872558594,18388.357
2017-03-13 00:00:00+00:00,149.24,151.03,,85.52014,4.733571,0.5714285714285714,15119.889720569769,0.0,0.0,15119.889720569769,-1,0.0,18608.908
2017-03-14 00:00:00+00:00,149.99,150.96,,85.491455,4.979286,0.5510204081632654,15119.889720569769,0.0,0.0,15119.889720569769,0,0.0,18600.285
2017-03-15 00:00:00+00:00,151.35,152.66,,87.50635,5.0864286,0.5510204081632654,15119.889720569769,0.0,0.0,15119.889720569769,0,0.0,18809.746
2017-03-16 00:00:00+00:00,151.69,148.44,,87.84818,5.2221427,0.5510204081632654,15119.889720569769,0.0,0.0,15119.889720569769,0,0.0,18289.785
2017-03-17 00:00:00+00:00,148.01,147.96,,74.24712,4.9178576,0.6090225563909775,15119.889720569769,0.0,0.0,15119.889720569769,0,0.0,18230.643
2017-03-20 00:00:00+00:00,147.61,148.52,,70.99399,4.7571445,0.5714285714285714,-15.119889720570427,15112.333553792872,0.0,15097.213664072302,1,140.58322143554688,18299.643
2017-03-21 00:00:00+00:00,148.36,140.73,,73.47748,4.729287,0.5714285714285714,-15.119889720570427,14319.67812868142,0.0,14304.55823896085,0,141.38429260253906,17339.809
2017-03-22 00:00:00+00:00,141.75,141.28,,59.26931,5.0835733,0.6090225563909775,-15.119889720570427,14375.641683990083,0.0,14360.521794269513,0,141.38429260253906,17407.576
2017-03-23 00:00:00+00:00,141.13,138.97,,60.433067,5.0764313,0.5714285714285714,14104.261864737373,0.0,0.0,14104.261864737373,-1,0.0,17122.953
2017-03-24 00:00:00+00:00,138.97,139.64,,52.6519,4.895002,0.6090225563909775,-14.104261864737055,14097.213258108319,0.0,14083.108996243582,1,131.3553466796875,17205.506
2017-03-27 00:00:00+00:00,139.15,139.89,,57.111946,4.8035746,0.5510204081632654,-14.104261864737055,14122.451289103481,0.0,14108.347027238744,0,132.29750061035156,17236.309
2017-03-28 00:00:00+00:00,139.46,139.48,,58.967995,4.764289,0.5510204081632654,-14.104261864737055,14081.060084818586,0.0,14066.955822953849,0,132.68463134765625,17185.791
2017-03-29 00:00:00+00:00,139.5,139.28,,55.11163,4.6314306,0.5714285714285714,-14.104261864737055,14060.869966183862,0.0,14046.765704319125,0,132.68463134765625,17161.148
2017-03-30 00:00:00+00:00,140.1,137.77,,51.9553,4.452144,0.5714285714285714,-14.104261864737055,13908.430039483317,0.0,13894.32577761858,0,132.68463134765625,16975.098
2017-03-31 00:00:00+00:00,137.8,133.67,,24.522408,3.7978592,0.5714285714285714,-14.104261864737055,13494.518434560696,0.0,13480.414172695959,0,132.68463134765625,16469.924
2017-04-03 00:00:00+00:00,135.0,138.52,,15.028191,3.7357156,0.5894094613114103,-14.104261864737055,13984.145091614158,0.0,13970.040829749421,0,132.68463134765625,17067.508
2017-04-04 00:00:00+00:00,138.01,141.55,,28.986486,4.095716,0.6090225563909775,-14.104261864737055,14290.035262581208,0.0,14275.931000716471,0,132.9164276123047,17440.844
2017-04-05 00:00:00+00:00,141.55,138.43,,32.040092,4.095002,0.5510204081632654,-14.104261864737055,13975.05804883685,0.0,13960.953786972113,0,135.40643310546875,17056.418
2017-04-06 00:00:00+00:00,137.84,135.5,,33.22158,4.175717,0.5714285714285714,-14.104261864737055,13679.263264503608,0.0,13665.159002638871,0,135.40643310546875,16695.402
2017-04-07 00:00:00+00:00,139.48,140.11,,30.700123,4.365716,0.5714285714285714,-14.104261864737055,14144.660428987012,0.0,14130.556167122275,0,135.40643310546875,17263.414
2017-04-10 00:00:00+00:00,140.18,136.88,,38.425545,4.559288,0.5510204081632654,-14.104261864737055,13818.57949195197,0.0,13804.475230087233,0,135.40643310546875,16865.436
2017-04-11 00:00:00+00:00,137.11,136.07,,43.94084,4.32286,0.5714285714285714,-14.104261864737055,13736.807368855922,0.0,13722.703106991185,0,135.40643310546875,16765.635
2017-04-12 00:00:00+00:00,136.48,138.27,,41.867012,4.320002,0.5510204081632654,-14.104261864737055,13958.905684789053,0.0,13944.801422924316,0,135.40643310546875,17036.703
2017-04-13 00:00:00+00:00,139.66,140.84,,48.903515,4.5964303,0.5510204081632654,-14.104261864737055,14218.356442013048,0.0,14204.25218014831,0,135.40643310546875,17353.36
2017-04-17 00:00:00+00:00,124.97,126.07,,51.774094,4.7307153,0.5714285714285714,12694.071766454645,0.0,0.0,12694.071766454645,-1,0.0,15533.5
2017-04-18 00:00:00+00:00,125.11,125.9,,35.705418,5.7285714,0.6090225563909775,-12.694071766454726,12687.727902503393,0.0,12675.033830736938,1,118.97392272949219,15512.554
2017-04-19 00:00:00+00:00,125.9,124.54,,35.883575,5.8214293,0.5510204081632654,-12.694071766454726,12550.672409178482,0.0,12537.978337412027,0,118.97392272949219,15344.983
2017-04-20 00:00:00+00:00,125.28,123.11,,35.03857,5.8585725,0.6090225563909775,-12.694071766454726,12406.562591858126,0.0,12393.868520091672,0,118.97392272949219,15168.788
2017-04-21 00:00:00+00:00,123.5,123.01,,35.095562,5.801429,0.5714285714285714,-12.694071766454726,12396.484839089024,0.0,12383.790767322569,0,118.97392272949219,15156.467
2017-04-24 00:00:00+00:00,124.06,123.91,,38.202744,5.613571,0.5714285714285714,-12.694071766454726,12487.183350331781,0.0,12474.489278565326,0,118.97392272949219,15267.359
2017-04-25 00:00:00+00:00,124.66,124.39,,32.28231,5.152142,0.5510204081632654,-12.694071766454726,12535.555025700212,0.0,12522.860953933758,0,118.97392272949219,15326.5
2017-04-26 00:00:00+00:00,124.68,123.08,,27.817976,4.8492846,0.5714285714285714,-12.694071766454726,12403.538509323127,0.0,12390.844437556672,0,118.97392272949219,15165.091
2017-04-27 00:00:00+00:00,123.0,124.17,,29.18361,4.5878553,0.5714285714285714,-12.694071766454726,12513.384967264376,0.0,12500.69089549792,0,118.97392272949219,15299.393
2017-04-28 00:00:00+00:00,124.26,124.28,,33.82813,4.4214263,0.5510204081632654,-12.694071766454726,12524.469877143552,0.0,12511.775805377098,0,118.97392272949219,15312.946
2017-05-01 00:00:00+00:00,124.78,124.0,,24.07465,4.182141,0.5510204081632654,-12.694071766454726,12496.252297010702,0.0,12483.558225244247,0,118.97392272949219,15278.445
2017-05-02 00:00:00+00:00,123.98,123.71,,26.649714,3.9792836,0.5510204081632654,-12.694071766454726,12467.027218703442,0.0,12454.333146936988,0,118.97392272949219,15242.714
2017-05-03 00:00:00+00:00,123.43,123.21,,27.161825,3.9357126,0.5714285714285714,-12.694071766454726,12416.638843857874,0.0,12403.94477209142,0,118.97392272949219,15181.106
2017-05-04 00:00:00+00:00,126.23,125.0,,20.307535,3.5992851,0.5510204081632654,-12.694071766454726,12597.028221440061,0.0,12584.334149673607,0,118.97392272949219,15401.658
2017-05-05 00:00:00+00:00,124.14,122.41,,17.778671,3.6099994,0.5714285714285714,-12.694071766454726,12336.018484102135,0.0,12323.32441233568,0,119.60107421875,15082.536
2017-05-08 00:00:00+00:00,121.72,117.79,,35.241936,2.732143,0.5714285714285714,-12.694071766454726,11870.432243795973,0.0,11857.738172029518,0,119.60107421875,14513.29
2017-05-09 00:00:00+00:00,117.47,119.73,,25.934704,2.8542857,0.5714285714285714,12035.144755588914,0.0,0.0,12035.144755588914,-1,0.0,14752.323
2017-05-10 00:00:00+00:00,119.67,118.22,,36.20195,2.9085715,0.5510204081632654,-12.0351447555895,12029.130190493668,0.0,12017.095045738079,1,115.44857788085938,14566.271
2017-05-11 00:00:00+00:00,117.87,116.43,,36.03655,2.8657146,0.5510204081632654,-12.0351447555895,11846.994138598602,0.0,11834.958993843013,0,115.44857788085938,14345.72
2017-05-12 00:00:00+00:00,115.99,115.19,,32.864574,2.820001,0.5714285714285714,-12.0351447555895,11720.821780044907,0.0,11708.786635289318,0,115.44857788085938,14192.936
2017-05-15 00:00:00+00:00,115.0,117.35,,27.686785,2.9485724,0.5714285714285714,11910.66013671841,0.0,0.0,11910.66013671841,-1,0.0,14459.076
2017-05-16 00:00:00+00:00,117.49,117.76,,33.41187,3.1242867,0.5714285714285714,-11.910660136718434,11904.707782826998,0.0,11892.79712269028,1,112.92713928222656,14509.595
2017-05-17 00:00:00+00:00,116.98,120.49,,36.90945,3.1685727,0.5510204081632654,-11.910660136718434,12180.691644182081,0.0,12168.780984045363,0,113.07357025146484,14845.968
2017-05-18 00:00:00+00:00,128.16,128.8,,41.621128,3.3678584,0.5714285714285714,12989.332821553679,0.0,0.0,12989.332821553679,-1,0.0,15869.87
2017-05-19 00:00:00+00:00,129.03,131.43,,57.493374,4.045001,0.5510204081632654,-12.989332821553035,12982.841400853253,0.0,12969.8520680317,1,123.74821472167969,16193.919
2017-05-22 00:00:00+00:00,131.2,134.43,,61.427242,4.232144,0.5510204081632654,-12.989332821553035,13279.185624222753,0.0,13266.1962914012,0,125.36248779296875,16563.559
2017-05-23 00:00:00+00:00,134.17,136.16,,65.21862,4.3571434,0.3902439024390244,-12.989332821553035,13450.078635800237,0.0,13437.089302978684,0,128.08177185058594,16776.719
2017-05-24 00:00:00+00:00,136.4,138.1,,67.76406,4.432858,0.5714285714285714,-12.989332821553035,13641.715537730746,0.0,13628.726204909193,0,129.62428283691406,17015.754
2017-05-25 00:00:00+00:00,138.99,138.41,,67.89618,4.3721437,0.5714285714285714,13638.83940690645,0.0,0.0,13638.83940690645,-1,0.0,17053.95
2017-05-26 00:00:00+00:00,138.46,134.38,,73.31002,4.1850004,0.5714285714285714,-13.63883940690721,13632.023395208847,0.0,13618.38455580194,1,131.85179138183594,16557.4
2017-05-30 00:00:00+00:00,133.8,130.49,,74.592354,4.2471437,0.6090225563909775,-13.63883940690721,13237.406709211164,0.0,13223.767869804256,0,131.85179138183594,16078.101
2017-05-31 00:00:00+00:00,131.8,129.33,,65.078476,4.3792877,0.6090225563909775,13086.412816589882,0.0,0.0,13086.412816589882,-1,0.0,15935.172
2017-06-01 00:00:00+00:00,130.0,129.28,,65.72318,4.6050024,0.6090225563909775,-13.086412816590382,13079.872880149807,0.0,13066.786467333217,1,122.76107025146484,15929.01
2017-06-02 00:00:00+00:00,131.56,131.5,,69.12771,4.6700025,0.5714285714285714,-13.086412816590382,13304.481741165315,0.0,13291.395328348724,0,122.76107025146484,16202.544
2017-06-05 00:00:00+00:00,132.5,124.03,,73.589806,4.646432,0.5714285714285714,-13.086412816590382,12548.706187315729,0.0,12535.619774499139,0,124.4949951171875,15282.141
2017-06-06 00:00:00+00:00,124.15,122.27,,58.375122,5.224289,0.6090225563909775,12338.995952196796,0.0,0.0,12338.995952196796,-1,0.0,15065.285
2017-06-07 00:00:00+00:00,121.53,119.15,,55.46931,5.1564317,0.5949401892546364,-12.338995952197365,12332.829537428082,0.0,12320.490541475885,1,114.43356323242188,14680.86
2017-06-08 00:00:00+00:00,119.88,119.75,,48.3902,5.115003,0.6090225563909775,-12.338995952197365,12394.933212474054,0.0,12382.594216521857,0,114.43356323242188,14754.788
2017-06-09 00:00:00+00:00,119.1,119.04,,36.65585,4.5957174,0.5714285714285714,-12.338995952197365,12321.443737431757,0.0,12309.10474147956,0,114.43356323242188,14667.308
2017-06-12 00:00:00+00:00,117.8,116.44,,30.634594,4.5221457,0.5714285714285714,-12.338995952197365,12052.326072125605,0.0,12039.987076173407,0,114.43356323242188,14346.952
2017-06-13 00:00:00+00:00,115.82,118.52,,21.525826,4.5471463,0.6090225563909775,-12.338995952197365,12267.620070516741,0.0,12255.281074564544,0,114.43356323242188,14603.235
2017-06-14 00:00:00+00:00,118.59,120.09,,22.385708,4.5928597,0.5714285714285714,-12.338995952197365,12430.125006956243,0.0,12417.786011004046,0,114.43356323242188,14796.681
2017-06-15 00:00:00+00:00,119.0,120.37,,21.476063,4.5750017,0.5714285714285714,-12.338995952197365,12459.107266588719,0.0,12446.768270636521,0,114.43356323242188,14831.181
2017-06-16 00:00:00+00:00,120.0,118.05,,21.401394,4.773574,0.5714285714285714,-12.338995952197365,12218.971963810316,0.0,12206.632967858119,0,114.43356323242188,14545.326
2017-06-19 00:00:00+00:00,118.38,122.28,,22.628225,4.5485725,0.5714285714285714,-12.338995952197365,12656.80566039001,0.0,12644.466664437812,0,114.43356323242188,15066.519
2017-06-20 00:00:00+00:00,122.98,124.58,,36.393757,4.5385714,0.5714285714285714,-12.338995952197365,12894.871549786554,0.0,12882.532553834357,0,115.45713806152344,15349.91
2017-06-21 00:00:00+00:00,124.49,133.99,,42.414562,4.5099998,0.5714285714285714,-12.338995952197365,13868.871060892801,0.0,13856.532064940604,0,117.77214813232422,16509.348
2017-06-22 00:00:00+00:00,134.86,135.63,,55.790516,5.012856,0.5510204081632654,14005.224878397448,0.0,0.0,14005.224878397448,-1,0.0,16711.418
2017-06-23 00:00:00+00:00,135.34,136.28,,55.150917,5.019997,0.5714285714285714,-14.005224878397712,13998.225765514691,0.0,13984.220540636294,1,128.1107177734375,16791.506
2017-06-26 00:00:00+00:00,136.97,134.67,,68.40999,4.411426,0.5714285714285714,-14.005224878397712,13832.851585564105,0.0,13818.846360685708,0,128.75,16593.133
2017-06-27 00:00:00+00:00,134.49,130.31,,68.71982,4.486427,0.5714285714285714,-14.005224878397712,13385.006722880638,0.0,13371.00149800224,0,128.75,16055.921
2017-06-28 00:00:00+00:00,130.41,134.33,114.81,66.239815,4.493569,0.5714285714285714,-14.005224878397712,13797.928504990456,0.0,13783.923280112058,0,128.75,16551.24
2017-06-29 00:00:00+00:00,133.58,128.78,115.07585,69.29593,4.613569,0.5510204081632654,-14.005224878397712,13227.850376430108,0.0,13213.84515155171,0,128.75,15867.405
2017-06-30 00:00:00+00:00,129.74,125.91,115.3237,61.426556,4.818569,0.5714285714285714,-14.005224878397712,12933.05374270694,0.0,12919.048517828542,0,128.75,15513.782
2017-07-03 00:00:00+00:00,126.2,125.87,115.553,61.03987,4.7428546,0.5510204081632654,12895.546362825266,0.0,0.0,12895.546362825266,-1,0.0,15508.8545
2017-07-05 00:00:00+00:00,126.0,128.34,115.78055,58.996334,4.714998,0.5510204081632654,-12.895546362824462,12889.101811919307,0.0,12876.206265556482,1,111.64144134521484,15813.191
2017-07-06 00:00:00+00:00,127.05,127.22,116.0115,59.88024,4.706427,0.5510204081632654,-12.895546362824462,12776.621512125532,0.0,12763.725965762707,0,114.19500732421875,15675.193
2017-07-07 00:00:00+00:00,127.58,130.84,116.23005,58.041794,4.665713,0.5510204081632654,-12.895546362824462,13140.175950697081,0.0,13127.280404334257,0,114.19500732421875,16121.226
2017-07-10 00:00:00+00:00,130.41,129.56,116.458954,64.57052,4.702855,0.48387096774193544,-12.895546362824462,13011.626787427806,0.0,12998.731241064981,0,116.84285736083984,15963.513
2017-07-11 00:00:00+00:00,128.6,131.92,116.6732,58.89106,4.6485696,0.5046368185210696,-12.895546362824462,13248.64055753118,0.0,13235.745011168356,0,116.84285736083984,16254.296
2017-07-12 00:00:00+00:00,133.24,133.22,116.88645,58.951218,4.6242833,0.5510204081632654,-12.895546362824462,13379.19843694196,0.0,13366.302890579136,0,117.97428894042969,16414.473
2017-07-13 00:00:00+00:00,133.32,133.42,117.10765,48.829426,4.0857124,0.5510204081632654,-12.895546362824462,13399.283324198155,0.0,13386.38777783533,0,119.34715270996094,16439.115
2017-07-14 00:00:00+00:00,134.06,134.27,117.33095,46.486473,4.095,0.5510204081632654,-12.895546362824462,13484.648845950409,0.0,13471.753299587584,0,121.16285705566406,16543.848
2017-07-17 00:00:00+00:00,133.34,130.62,117.55695,46.824654,4.023571,0.5510204081632654,-12.895546362824462,13118.080415421293,0.0,13105.184869058468,0,121.98500061035156,16094.117
2017-07-18 00:00:00+00:00,130.31,130.85,117.74405,43.98931,4.062142,0.5714285714285714,-12.895546362824462,13141.180825393556,0.0,13128.285279030732,0,121.98500061035156,16122.458
2017-07-19 00:00:00+00:00,131.71,130.45,117.93685,50.91341,3.8649995,0.5510204081632654,-12.895546362824462,13101.008195907663,0.0,13088.112649544839,0,121.98500061035156,16073.172
2017-07-20 00:00:00+00:00,130.52,133.79,118.11765,42.5212,3.7014275,0.5510204081632654,-12.895546362824462,13436.441850610428,0.0,13423.546304247604,0,121.98500061035156,16484.703
2017-07-21 00:00:00+00:00,133.02,134.22,118.3089,60.55624,3.5599988,0.5510204081632654,-12.895546362824462,13479.626596963377,0.0,13466.731050600552,0,122.68571472167969,16537.686
2017-07-24 00:00:00+00:00,134.24,138.27,118.50915,69.516174,3.4492836,0.5714285714285714,-12.895546362824462,13886.365899103846,0.0,13873.470352741022,0,123.54000854492188,17036.701
2017-07-25 00:00:00+00:00,134.13,133.56,118.72205,74.505905,3.5692837,0.48387096774193544,-12.895546362824462,13413.343285228324,0.0,13400.4477388655,0,127.92214965820312,16456.365
2017-07-26 00:00:00+00:00,133.52,137.19,118.91595,59.47711,3.7135692,0.5510204081632654,-12.895546362824462,13777.90298042794,0.0,13765.007434065115,0,127.92214965820312,16903.63
2017-07-27 00:00:00+00:00,138.73,132.72,119.11275,66.589,3.7928548,0.5510204081632654,13296.094318589434,0.0,0.0,13296.094318589434,-1,0.0,16352.868
2017-07-28 00:00:00+00:00,132.6,135.74,119.2966,53.042072,4.0471406,0.5510204081632654,-13.296094318589894,13289.449593792539,0.0,13276.153499473949,1,121.34143829345703,16724.973
2017-07-31 00:00:00+00:00,135.31,133.29,119.51475,59.466908,4.104284,0.5510204081632654,-13.296094318589894,13049.584335000885,0.0,13036.288240682296,0,123.59858703613281,16423.1
2017-08-01 00:00:00+00:00,132.92,128.76,119.73135,52.09287,4.049285,0.5510204081632654,-13.296094318589894,12606.080744085772,0.0,12592.784649767182,0,123.59858703613281,15864.943
2017-08-02 00:00:00+00:00,128.5,125.71,119.9275,43.798668,4.3942847,0.5714285714285714,-13.296094318589894,12307.475186261017,0.0,12294.179091942427,0,123.59858703613281,15489.144
2017-08-03 00:00:00+00:00,125.65,125.98,120.12055,40.067013,4.482141,0.5714285714285714,-13.296094318589894,12333.909104788485,0.0,12320.613010469895,0,123.59858703613281,15522.411
2017-08-04 00:00:00+00:00,125.88,128.7,120.31695,39.157745,4.5149984,0.5714285714285714,-13.296094318589894,12600.20695556693,0.0,12586.91086124834,0,123.59858703613281,15857.551
2017-08-07 00:00:00+00:00,128.87,132.0,120.51655,47.42628,4.5557127,0.5510204081632654,-13.296094318589894,12923.289916970509,0.0,12909.993822651919,0,123.59858703613281,16264.156
2017-08-08 00:00:00+00:00,131.62,130.7,120.73675,51.424316,4.7349977,0.5510204081632654,-13.296094318589894,12796.014443121274,0.0,12782.718348802684,0,123.59858703613281,16103.979
2017-08-09 00:00:00+00:00,130.21,130.08,120.9478,50.302883,4.684284,0.5510204081632654,-13.296094318589894,12735.314812774033,0.0,12722.018718455443,0,123.59858703613281,16027.587
2017-08-10 00:00:00+00:00,129.04,122.12,121.1596,45.188084,4.52357,0.5510204081632654,-13.296094318589894,11956.001310907308,0.0,11942.705216588718,0,123.59858703613281,15046.809
2017-08-11 00:00:00+00:00,122.74,124.1,121.3293,36.87067,4.9278564,0.34782608695652173,12118.329501840184,0.0,0.0,12118.329501840184,-1,0.0,15290.7705
2017-08-14 00:00:00+00:00,125.0,126.28,121.5138,33.901386,4.802142,0.5510204081632654,12118.329501840184,0.0,0.0,12118.329501840184,0,0.0,15559.375
2017-08-15 00:00:00+00:00,126.26,126.37,121.708954,41.22469,4.6149993,0.5510204081632654,-12.11832950183998,12112.273365157605,0.0,12100.155035655765,1,111.87357330322266,15570.465
2017-08-16 00:00:00+00:00,127.38,124.34,121.905754,35.740646,4.324285,0.5510204081632654,-12.11832950183998,11917.701948638305,0.0,11905.583619136465,0,112.52500915527344,15320.342
2017-08-17 00:00:00+00:00,123.37,121.74,122.0918,38.19718,4.099286,0.5510204081632654,-12.11832950183998,11668.498245102664,0.0,11656.379915600824,0,112.52500915527344,14999.987
2017-08-18 00:00:00+00:00,121.6,121.19,122.26565,30.045605,4.0350003,0.48387096774193544,-12.11832950183998,11615.782377762946,0.0,11603.664048261106,0,115.59107208251953,14932.22
2017-08-21 00:00:00+00:00,121.37,120.89,122.42145,31.766134,3.8907144,0.3902439024390244,-12.11832950183998,11587.027507246094,0.0,11574.909177744254,0,115.59107208251953,14895.256
2017-08-22 00:00:00+00:00,121.1,123.86,122.58995,36.407608,3.5507143,0.48387096774193544,-12.11832950183998,11871.695773896336,0.0,11859.577444394496,0,115.59107208251953,15261.199
2017-08-23 00:00:00+00:00,123.23,123.65,122.79285,46.795986,3.471429,0.3902439024390244,-12.11832950183998,11851.567858377546,0.0,11839.449528875706,0,115.59107208251953,15235.325
2017-08-24 00:00:00+00:00,124.15,123.82,122.97325,45.95626,3.486429,0.48387096774193544,-12.11832950183998,11867.861876659324,0.0,11855.743547157484,0,115.59107208251953,15256.271
2017-08-25 00:00:00+00:00,124.38,121.76,123.1316,40.70831,3.269286,0.48387096774193544,-12.11832950183998,11670.415935056213,0.0,11658.297605554373,0,115.59107208251953,15002.452
2017-08-28 00:00:00+00:00,121.65,123.54,123.2796,29.536373,3.135715,0.3902439024390244,-12.11832950183998,11841.024270425778,0.0,11828.905940923938,0,116.85607147216797,15221.771
2017-08-29 00:00:00+00:00,122.62,124.97,123.37665,35.96079,3.2142863,0.3902439024390244,-12.11832950183998,11978.08675524547,0.0,11965.96842574363,0,116.85607147216797,15397.966
2017-08-30 00:00:00+00:00,125.87,138.27,123.47795,40.28886,3.4292858,0.5510204081632654,-12.11832950183998,13252.860911790447,0.0,13240.742582288607,0,116.85607147216797,17036.703
2017-08-31 00:00:00+00:00,140.0,137.41,123.64675,75.51343,3.8064291,0.5510204081632654,13138.557523856167,0.0,0.0,13138.557523856167,-1,0.0,16930.738
2017-09-01 00:00:00+00:00,137.4,138.03,123.80935,71.79823,4.2300005,0.5714285714285714,13138.557523856167,0.0,0.0,13138.557523856167,0,0.0,17007.129
2017-09-05 00:00:00+00:00,135.27,135.34,123.9837,70.2796,4.332858,0.5510204081632654,-13.138557523856434,13131.991528092121,0.0,13118.852970568265,1,125.33999633789062,16675.686
2017-09-06 00:00:00+00:00,136.56,135.86,124.1567,64.20651,4.613572,0.5714285714285714,-13.138557523856434,13182.44772045943,0.0,13169.309162935573,0,125.33999633789062,16739.758
2017-09-07 00:00:00+00:00,135.85,134.34,124.30825,69.16168,4.5307145,0.5510204081632654,-13.138557523856434,13034.962096687219,0.0,13021.823539163363,0,125.33999633789062,16552.473
2017-09-08 00:00:00+00:00,132.24,129.46,124.4618,71.73913,4.627143,0.5510204081632654,-13.138557523856434,12561.45806359535,0.0,12548.319506071493,0,125.33999633789062,15951.192
2017-09-11 00:00:00+00:00,131.5,124.95,124.5686,62.413696,5.1178565,0.6090225563909775,-13.138557523856434,12123.853705818023,0.0,12110.715148294166,0,125.33999633789062,15395.499
2017-09-12 00:00:00+00:00,125.07,123.15,124.65935,55.410442,5.45857,0.6090225563909775,11918.138415772964,0.0,0.0,11918.138415772964,-1,0.0,15173.717
2017-09-13 00:00:00+00:00,123.31,123.59,124.741104,49.023384,5.621427,0.5714285714285714,-11.918138415772773,11912.18232461066,0.0,11900.264186194887,1,114.96214294433594,15227.93
2017-09-14 00:00:00+00:00,124.25,119.76,124.820404,49.91798,5.6321416,0.5714285714285714,-11.918138415772773,11543.029420466914,0.0,11531.11128205114,0,115.15785217285156,14756.022
2017-09-15 00:00:00+00:00,119.92,119.15,124.89335,44.95527,5.8628554,0.5510204081632654,-11.918138415772773,11484.234827900065,0.0,11472.316689484293,0,115.15785217285156,14680.862
2017-09-18 00:00:00+00:00,118.84,118.4,124.96375,46.63573,5.9157133,0.5510204081632654,-11.918138415772773,11411.946070144593,0.0,11400.02793172882,0,115.15785217285156,14588.452
2017-09-19 00:00:00+00:00,118.38,117.09,125.044304,43.193855,5.8849993,0.5714285714285714,-11.918138415772773,11285.68165814902,0.0,11273.763519733247,0,115.15785217285156,14427.042
2017-09-20 00:00:00+00:00,117.63,114.87,125.130104,39.532406,5.6707144,0.5510204081632654,-11.918138415772773,11071.708507638097,0.0,11059.790369222324,0,115.15785217285156,14153.509
2017-09-21 00:00:00+00:00,114.53,115.05,125.19435,5.948776,5.001428,0.5510204081632654,11060.506217200815,0.0,0.0,11060.506217200815,-1,0.0,14175.688
2017-09-22 00:00:00+00:00,114.36,110.85,125.245804,6.8005996,4.6149993,0.5510204081632654,-11.060506217201691,11054.978727836897,0.0,11043.918221619695,1,107.54785919189453,13658.192
2017-09-25 00:00:00+00:00,110.43,109.69,125.264,3.8696518,4.659285,0.5510204081632654,-11.060506217201691,10939.293360530937,0.0,10928.232854313736,0,107.54785919189453,13515.265
2017-09-26 00:00:00+00:00,110.16,109.15,125.30265,4.0816317,4.5164275,0.48387096774193544,-11.060506217201691,10885.439372132641,0.0,10874.37886591544,0,107.54785919189453,13448.7295
2017-09-27 00:00:00+00:00,109.06,110.31,125.334,2.2182302,4.484285,0.5510204081632654,-11.060506217201691,11001.124467922744,0.0,10990.063961705542,0,107.54785919189453,13591.655
2017-09-28 00:00:00+00:00,109.86,113.14,125.3824,6.4515853,4.306428,0.3902439024390244,-11.060506217201691,11283.35865942885,0.0,11272.298153211648,0,107.54785919189453,13940.35
2017-09-29 00:00:00+00:00,113.26,116.74,125.4438,18.050095,4.125714,0.3902439024390244,-11.060506217201691,11642.383689958202,0.0,11631.323183741,0,107.54785919189453,14383.918
2017-10-02 00:00:00+00:00,116.83,115.19,125.5198,33.333324,3.8621433,0.34782608695652173,-11.060506217201691,11487.803665261374,0.0,11476.743159044172,0,110.55142974853516,14192.9375
2017-10-03 00:00:00+00:00,112.81,112.8,125.58365,33.675133,3.7857149,0.3902439024390244,-11.060506217201691,11249.451070404526,0.0,11238.390564187324,0,110.55142974853516,13898.458
2017-10-04 00:00:00+00:00,112.42,113.83,125.62475,29.510067,3.8328578,0.34782608695652173,-11.060506217201691,11352.17198108373,0.0,11341.111474866528,0,110.55142974853516,14025.367
2017-10-05 00:00:00+00:00,113.58,113.57,125.6789,37.39906,3.6571438,0.3902439024390244,-11.060506217201691,11326.242376166732,0.0,11315.18186994953,0,110.55142974853516,13993.332
2017-10-06 00:00:00+00:00,114.01,114.7,125.7428,37.963753,3.5178578,0.3902439024390244,-11.060506217201691,11438.936260530712,0.0,11427.87575431351,0,110.55142974853516,14132.5625
2017-10-09 00:00:00+00:00,114.58,113.99,125.80525,42.147694,3.5128572,0.3902439024390244,-11.060506217201691,11368.128540791715,0.0,11357.068034574513,0,110.55142974853516,14045.081
2017-10-10 00:00:00+00:00,114.15,114.77,125.8764,43.249126,3.4435709,0.5510204081632654,-11.060506217201691,11445.917602620564,0.0,11434.857096403362,0,110.55142974853516,14141.1875
2017-10-11 00:00:00+00:00,114.41,111.62,125.9429,49.767643,3.301428,0.5510204081632654,-11.060506217201691,11131.771222286741,0.0,11120.71071606954,0,110.55142974853516,13753.066
2017-10-12 00:00:00+00:00,111.3,112.73,125.9863,42.997135,3.291428,0.5510204081632654,-11.060506217201691,11242.470441437661,0.0,11231.40993522046,0,110.55142974853516,13889.832
2017-10-13 00:00:00+00:00,113.47,114.31,126.0373,54.39254,3.0971425,0.5510204081632654,-11.060506217201691,11400.042588951426,0.0,11388.982082734225,0,110.55142974853516,14084.51
2017-10-16 00:00:00+00:00,114.89,116.6,126.10335,60.586617,2.9992855,0.5510204081632654,-11.060506217201691,11628.422381774726,0.0,11617.361875557524,0,110.55142974853516,14366.669
2017-10-17 00:00:00+00:00,116.6,115.64,126.17655,65.804,2.9528575,0.34782608695652173,-11.060506217201691,11532.682682648427,0.0,11521.622176431225,0,112.10107421875,14248.384
2017-10-18 00:00:00+00:00,116.06,115.14,126.2534,61.403522,2.9078572,0.5510204081632654,-11.060506217201691,11482.817893729813,0.0,11471.75738751261,0,112.10107421875,14186.777
2017-10-19 00:00:00+00:00,113.96,114.27,126.3175,54.752857,2.6471431,0.5510204081632654,-11.060506217201691,11396.053478133672,0.0,11384.99297191647,0,112.10107421875,14079.581
2017-10-20 00:00:00+00:00,113.74,114.19,126.37465,43.255043,2.5514286,0.5510204081632654,-11.060506217201691,11388.075596219254,0.0,11377.015090002053,0,112.10107421875,14069.726
2017-10-23 00:00:00+00:00,114.95,113.48,126.42155,47.030876,2.3314285,0.5510204081632654,-11.060506217201691,11317.267752182723,0.0,11306.207245965521,0,112.10107421875,13982.243
2017-10-24 00:00:00+00:00,113.11,114.04,126.4474,52.24275,2.205714,0.5510204081632654,-11.060506217201691,11373.116066452427,0.0,11362.055560235225,0,112.10107421875,14051.243
2017-10-25 00:00:00+00:00,113.36,114.55,126.42495,50.71477,2.1799998,0.5510204081632654,-11.060506217201691,11423.978193903484,0.0,11412.917687686282,0,112.10107421875,14114.082
2017-10-26 00:00:00+00:00,113.49,115.56,126.4012,53.2798,2.2328572,0.48387096774193544,-11.060506217201691,11524.704285664558,0.0,11513.643779447357,0,112.10107421875,14238.526
2017-10-27 00:00:00+00:00,115.53,116.27,126.40255,52.90149,2.230715,0.48387096774193544,-11.060506217201691,11595.511234109266,0.0,11584.450727892065,0,112.21070861816406,14326.008
2017-10-30 00:00:00+00:00,116.53,114.24,126.39615,57.692314,2.2357156,0.34782608695652173,-11.060506217201691,11393.061342829089,0.0,11382.000836611887,0,112.9239273071289,14075.885
2017-10-31 00:00:00+00:00,117.95,113.25,126.3786,48.350967,2.3728578,0.5510204081632654,-11.060506217201691,11294.329992607818,0.0,11283.269486390616,0,112.9239273071289,13953.904
2017-11-01 00:00:00+00:00,113.42,107.96,126.37665,55.859093,2.6185722,0.3902439024390244,-11.060506217201691,10766.762251932196,0.0,10755.701745714994,0,112.9239273071289,13302.105
2017-11-02 00:00:00+00:00,107.74,106.51,126.341,36.815895,3.070001,0.5510204081632654,10595.16127689473,0.0,0.0,10595.16127689473,-1,0.0,13123.446
2017-11-03 00:00:00+00:00,106.08,105.08,126.285904,28.28507,3.2278578,0.5510204081632654,-10.595161276894942,10589.86634372287,0.0,10579.271182445975,1,101.90499877929688,12947.252
2017-11-06 00:00:00+00:00,104.55,105.43,126.2252,16.315765,3.335715,0.5510204081632654,-10.595161276894942,10625.13935391836,0.0,10614.544192641464,0,101.90499877929688,12990.377
2017-11-07 00:00:00+00:00,106.03,108.14,126.16525,19.041813,3.4142864,0.5510204081632654,-10.595161276894942,10898.250747716942,0.0,10887.655586440047,0,101.90499877929688,13324.284
2017-11-08 00:00:00+00:00,108.22,104.98,126.11445,31.283403,3.5757146,0.5510204081632654,-10.595161276894942,10579.789083766233,0.0,10569.193922489338,0,103.01856994628906,12934.931
2017-11-09 00:00:00+00:00,104.36,102.99,126.0348,27.870403,3.7250001,0.5510204081632654,-10.595161276894942,10379.23791232574,0.0,10368.642751048845,0,103.01856994628906,12689.734
2017-11-10 00:00:00+00:00,101.96,104.76,125.94655,25.545826,3.8592856,0.5510204081632654,10531.185619080024,0.0,0.0,10531.185619080024,-1,0.0,12907.822
2017-11-13 00:00:00+00:00,104.3,107.21,125.86175,31.802996,4.055,0.5510204081632654,-10.531185619080134,10525.922657751149,0.0,10515.391472132069,1,98.97107696533203,13209.693
2017-11-14 00:00:00+00:00,106.3,105.12,125.80665,36.78916,4.2178574,0.5510204081632654,-10.531185619080134,10320.725960260374,0.0,10310.194774641293,0,101.12750244140625,12952.179
2017-11-15 00:00:00+00:00,105.13,105.24,125.726204,32.81078,4.2985716,0.5510204081632654,-10.531185619080134,10332.50756595651,0.0,10321.97638033743,0,101.12750244140625,12966.964
2017-11-16 00:00:00+00:00,105.49,106.48,125.63105,30.557638,4.2085714,0.5510204081632654,-10.531185619080134,10454.251846750074,0.0,10443.720661130994,0,101.12750244140625,13119.749
2017-11-17 00:00:00+00:00,106.06,105.47,125.55885,31.91726,4.3171425,0.3902439024390244,-10.531185619080134,10355.089463051365,0.0,10344.558277432285,0,101.12750244140625,12995.303
2017-11-20 00:00:00+00:00,105.29,98.95,125.4845,33.16699,4.157857,0.48387096774193544,-10.531185619080134,9714.952949879127,0.0,9704.421764260047,0,101.12750244140625,12191.952
2017-11-21 00:00:00+00:00,99.36,98.95,125.38085,27.359085,4.2614284,0.5714285714285714,9689.84933483523,0.0,0.0,9689.84933483523,-1,0.0,12191.952
2017-11-22 00:00:00+00:00,99.09,99.0,125.2847,32.864204,3.8999999,0.48387096774193544,-9.689849334834435,9685.00683141952,0.0,9675.316982084685,1,92.55785369873047,12198.113
2017-11-24 00:00:00+00:00,98.71,98.78,125.16605,34.91362,3.7628572,0.5510204081632654,-9.689849334834435,9663.484422117774,0.0,9653.79457278294,0,93.1500015258789,12171.006
2017-11-27 00:00:00+00:00,98.93,97.86,125.04515,36.69763,3.5692859,0.34782608695652173,-9.689849334834435,9573.482754268804,0.0,9563.79290493397,0,93.1500015258789,12057.65
2017-11-28 00:00:00+00:00,98.08,95.83,124.92595,34.391758,3.486429,0.5510204081632654,-9.689849334834435,9374.891323154463,0.0,9365.201473819629,0,93.1500015258789,11807.527
2017-11-29 00:00:00+00:00,96.58,95.96,124.79935,23.886309,3.4178576,0.5510204081632654,-9.689849334834435,9387.608199228083,0.0,9377.918349893249,0,93.1500015258789,11823.545
2017-11-30 00:00:00+00:00,96.43,98.99,124.66255,28.042843,3.2564294,0.5714285714285714,-9.689849334834435,9684.02830961812,0.0,9674.338460283285,0,93.1500015258789,12196.881
2017-12-01 00:00:00+00:00,98.01,97.94,124.5528,40.73216,3.312144,0.5510204081632654,-9.689849334834435,9581.309203784665,0.0,9571.619354449831,0,94.10535430908203,12067.508
2017-12-04 00:00:00+00:00,98.69,93.68,124.4416,33.65292,3.2457156,0.5510204081632654,-9.689849334834435,9164.560457092233,0.0,9154.870607757399,0,94.10535430908203,11542.619
2017-12-05 00:00:00+00:00,94.11,93.71,124.30755,20.1588,3.347858,0.5714285714285714,-9.689849334834435,9167.494914082923,0.0,9157.805064748089,0,94.10535430908203,11546.315
2017-12-06 00:00:00+00:00,94.07,93.79,124.1643,22.319254,3.351429,0.5510204081632654,9151.867986351861,0.0,0.0,9151.867986351861,-1,0.0,11556.171
2017-12-07 00:00:00+00:00,93.93,94.83,124.02645,22.168224,3.330714,0.5510204081632654,-9.151867986351135,9147.29433918227,0.0,9138.142471195919,1,88.76285552978516,11684.3125
2017-12-08 00:00:00+00:00,95.26,96.58,123.890854,21.404026,3.3314285,0.5510204081632654,-9.151867986351135,9316.09919368051,0.0,9306.947325694158,0,89.83393096923828,11899.937
2017-12-11 00:00:00+00:00,96.25,97.25,123.7177,28.94363,3.4314287,0.5510204081632654,-9.151867986351135,9380.727446243634,0.0,9371.575578257283,0,91.58285522460938,11982.488
2017-12-12 00:00:00+00:00,96.95,95.4,123.53385,44.42989,2.948572,0.5510204081632654,-9.151867986351135,9202.276738563296,0.0,9193.124870576945,0,92.10285949707031,11754.544
2017-12-13 00:00:00+00:00,95.6,98.1,123.34535,39.625957,2.879286,0.5510204081632654,-9.151867986351135,9462.71805699569,0.0,9453.56618900934,0,92.10285949707031,12087.219
2017-12-14 00:00:00+00:00,98.82,95.97,123.169754,47.722668,3.0492854,0.5714285714285714,-9.151867986351135,9257.25896174341,0.0,9248.107093757058,0,93.78106689453125,11824.774
2017-12-15 00:00:00+00:00,97.41,96.41,122.9856,43.516384,3.2264278,0.5510204081632654,-9.151867986351135,9299.701543357505,0.0,9290.549675371154,0,93.78106689453125,11878.988
2017-12-18 00:00:00+00:00,96.92,93.56,122.783104,46.57858,3.3021426,0.5510204081632654,-9.151867986351135,9024.789896613554,0.0,9015.638028627203,0,93.78106689453125,11527.83
2017-12-19 00:00:00+00:00,93.81,95.02,122.579,44.843243,3.312857,0.5714285714285714,-9.151867986351135,9165.621497831098,0.0,9156.469629844747,0,93.78106689453125,11707.722
2017-12-20 00:00:00+00:00,95.39,94.03,122.38715,47.986282,3.2949998,0.5510204081632654,-9.151867986351135,9070.126424500733,0.0,9060.974556514382,0,93.78106689453125,11585.741
2017-12-21 00:00:00+00:00,94.49,96.36,122.1773,38.356808,3.158571,0.5714285714285714,-9.151867986351135,9294.877987465938,0.0,9285.726119479586,0,93.78106689453125,11872.828
2017-12-22 00:00:00+00:00,96.06,95.81,121.969,46.501324,3.1457143,0.5510204081632654,-9.151867986351135,9241.824679279542,0.0,9232.67281129319,0,93.78106689453125,11805.06
2017-12-26 00:00:00+00:00,95.56,95.4,121.70185,55.64387,2.8300002,0.5510204081632654,-9.151867986351135,9202.276546798908,0.0,9193.124678812557,0,93.78106689453125,11754.543
2017-12-27 00:00:00+00:00,95.62,96.51,121.4237,54.389618,2.6335716,0.48387096774193544,-9.151867986351135,9309.346730290283,0.0,9300.194862303932,0,93.78106689453125,11891.309
2017-12-28 00:00:00+00:00,96.44,95.38,121.15145,56.70612,2.6271434,0.48387096774193544,-9.151867986351135,9200.34659806623,0.0,9191.194730079878,0,93.78106689453125,11752.077
2017-12-29 00:00:00+00:00,95.54,94.71,120.86505,51.350014,2.577143,0.5510204081632654,-9.151867986351135,9135.718518695057,0.0,9126.566650708706,0,93.78106689453125,11669.525
2018-01-02 00:00:00+00:00,97.36,100.89,120.5964,45.152924,2.4607146,0.5510204081632654,-9.151867986351135,9731.840845190127,0.0,9722.688977203776,0,93.78106689453125,12430.982
2018-01-03 00:00:00+00:00,101.75,100.98,120.36105,57.338707,2.851429,0.34782608695652173,-9.151867986351135,9740.522066799786,0.0,9731.370198813434,0,97.19892883300781,12442.071
2018-01-04 00:00:00+00:00,101.86,98.44,120.12335,62.109375,2.817143,0.3902439024390244,-9.151867986351135,9495.513672360452,0.0,9486.3618043741,0,97.19892883300781,12129.11
2018-01-05 00:00:00+00:00,99.02,99.85,119.9119,50.743015,2.817858,0.5714285714285714,-9.151867986351135,9631.521273892808,0.0,9622.369405906456,0,97.19892883300781,12302.84
2018-01-08 00:00:00+00:00,99.4,100.81,119.70475,58.7545,2.7157152,0.48387096774193544,-9.151867986351135,9724.123223320174,0.0,9714.971355333822,0,97.19892883300781,12421.125
2018-01-09 00:00:00+00:00,101.39,96.29,119.51395,59.70016,2.6992857,0.48387096774193544,-9.151867986351135,9288.12446875084,0.0,9278.97260076449,0,97.19892883300781,11864.202
2018-01-10 00:00:00+00:00,96.12,96.62,119.2972,55.605755,2.8514285,0.5510204081632654,9296.82444234312,0.0,0.0,9296.82444234312,-1,0.0,11904.862
2018-01-11 00:00:00+00:00,96.45,93.06,119.08085,53.44532,2.913571,0.5510204081632654,-9.296824442342768,9292.178353166539,0.0,9282.881528724196,1,92.34285736083984,11466.222
2018-01-12 00:00:00+00:00,93.68,94.07,118.84875,48.119423,3.0328572,0.6090225563909775,-9.296824442342768,9393.029064748924,0.0,9383.732240306581,0,92.34285736083984,11590.668
2018-01-16 00:00:00+00:00,94.07,91.65,118.6227,45.3208,2.904285,0.5510204081632654,-9.296824442342768,9151.38884682458,0.0,9142.092022382238,0,92.34285736083984,11292.492
2018-01-17 00:00:00+00:00,92.0,90.31,118.3921,42.103275,3.072142,0.5510204081632654,8994.764098825008,0.0,0.0,8994.764098825008,-1,0.0,11127.386
2018-01-18 00:00:00+00:00,90.1,91.92,118.1753,40.667397,3.231428,0.5714285714285714,-8.994764098824817,8990.268964342837,0.0,8981.274200244012,1,85.7017822265625,11325.76
2018-01-19 00:00:00+00:00,92.23,93.16,117.9423,41.735683,3.369285,0.5510204081632654,-8.994764098824817,9111.548419386145,0.0,9102.55365528732,0,87.0728530883789,11478.546
2018-01-22 00:00:00+00:00,93.38,94.08,117.70035,46.018665,3.3321424,0.5510204081632654,-8.994764098824817,9201.528757317106,0.0,9192.533993218281,0,88.1060791015625,11591.9
2018-01-23 00:00:00+00:00,94.1,94.63,117.4786,48.880203,3.4199994,0.5510204081632654,-8.994764098824817,9255.321111216446,0.0,9246.326347117621,0,89.081787109375,11659.668
2018-01-24 00:00:00+00:00,94.75,95.34,117.274254,36.08889,3.015714,0.5510204081632654,-8.994764098824817,9324.762984697583,0.0,9315.768220598758,0,89.5,11747.149
2018-01-25 00:00:00+00:00,95.41,94.26,117.0504,37.802753,3.0292854,0.5510204081632654,-8.994764098824817,9219.133905327157,0.0,9210.139141228332,0,90.81642150878906,11614.079
2018-01-26 00:00:00+00:00,94.73,95.51,116.8373,40.350876,2.8685706,0.5510204081632654,-8.994764098824817,9341.390674630276,0.0,9332.395910531452,0,90.81642150878906,11768.097
2018-01-29 00:00:00+00:00,95.9,93.54,116.6345,39.906986,2.8271425,0.3902439024390244,-8.994764098824817,9148.713957494065,0.0,9139.71919339524,0,91.20714569091797,11525.366
2018-01-30 00:00:00+00:00,92.93,92.5,116.41085,33.85163,2.8228574,0.5510204081632654,-8.994764098824817,9046.996422198981,0.0,9038.001658100156,0,91.20714569091797,11397.225
2018-01-31 00:00:00+00:00,92.61,90.29,116.16915,40.042038,2.5471432,0.48387096774193544,-8.994764098824817,8830.846794103485,0.0,8821.85203000466,0,91.20714569091797,11124.923
2018-02-01 00:00:00+00:00,90.52,89.67,115.99025,34.8637,2.5557153,0.5510204081632654,8748.056948499529,0.0,0.0,8748.056948499529,-1,0.0,11048.53
2018-02-02 00:00:00+00:00,89.11,85.92,115.8091,40.567616,2.4057148,0.3902439024390244,-8.748056948499652,8743.685105946555,0.0,8734.937048998056,1,85.83642578125,10586.481
2018-02-05 00:00:00+00:00,86.09,85.34,115.616,30.323511,2.572858,0.48387096774193544,-8.748056948499652,8684.661170569621,0.0,8675.913113621122,0,85.83642578125,10515.018
2018-02-06 00:00:00+00:00,85.06,88.11,115.42715,33.280327,2.4728584,0.5714285714285714,8944.353705741114,0.0,0.0,8944.353705741114,-1,0.0,10856.318
2018-02-07 00:00:00+00:00,87.25,86.34,115.25265,44.581287,2.539287,0.5510204081632654,-8.944353705741378,8939.883763859185,0.0,8930.939410153444,1,84.40071105957031,10638.231
2018-02-08 00:00:00+00:00,86.4,83.92,115.0648,36.363636,2.4314303,0.3902439024390244,-8.944353705741378,8689.310206205031,0.0,8680.36585249929,0,84.40071105957031,10340.056
2018-02-09 00:00:00+00:00,84.45,84.5,114.86245,28.650633,2.5257165,0.6090225563909775,-8.944353705741378,8749.365478524962,0.0,8740.42112481922,0,84.40071105957031,10411.52
2018-02-12 00:00:00+00:00,84.99,87.52,114.66955,27.511736,2.6585736,0.5510204081632654,-8.944353705741378,9062.064828244802,0.0,9053.12047453906,0,84.40071105957031,10783.625
2018-02-13 00:00:00+00:00,87.25,88.03,114.4863,35.044174,2.842859,0.5714285714285714,-8.944353705741378,9114.872268406398,0.0,9105.927914700656,0,84.40071105957031,10846.465
2018-02-14 00:00:00+00:00,87.31,88.17,114.30505,34.49301,2.9028587,0.5714285714285714,-8.944353705741378,9129.368298133,0.0,9120.423944427259,0,84.40071105957031,10863.714
2018-02-15 00:00:00+00:00,87.9,85.59,114.1259,36.544407,2.959288,0.5510204081632654,-8.944353705741378,8862.227930551506,0.0,8853.283576845764,0,84.40071105957031,10545.823
2018-02-16 00:00:00+00:00,85.55,86.03,113.9353,29.298832,3.1885731,0.6090225563909775,-8.944353705741378,8907.78670708238,0.0,8898.842353376638,0,84.40071105957031,10600.037
2018-02-20 00:00:00+00:00,85.6,85.51,113.7494,33.259033,3.2635727,0.6090225563909775,-8.944353705741378,8853.944589630246,0.0,8845.000235924505,0,84.40071105957031,10535.968
2018-02-21 00:00:00+00:00,85.36,84.71,113.55195,34.048393,3.342144,0.5714285714285714,-8.944353705741378,8771.11005673292,0.0,8762.165703027178,0,84.40071105957031,10437.396
2018-02-22 00:00:00+00:00,85.14,85.19,113.36345,36.39025,3.2950003,0.5714285714285714,-8.944353705741378,8820.810456885923,0.0,8811.866103180182,0,84.40071105957031,10496.539
2018-02-23 00:00:00+00:00,85.43,87.8,113.20045,38.998055,3.3542862,0.5714285714285714,-8.944353705741378,9091.057009290324,0.0,9082.112655584582,0,84.40071105957031,10818.125
2018-02-26 00:00:00+00:00,88.5,87.53,113.0408,54.890747,3.298572,0.5714285714285714,-8.944353705741378,9063.099808564213,0.0,9054.155454858472,0,84.40071105957031,10784.856
2018-02-27 00:00:00+00:00,87.68,86.57,112.88735,55.79059,3.4107144,0.6090225563909775,-8.944353705741378,8963.698703728078,0.0,8954.754350022336,0,84.40071105957031,10666.572
2018-02-28 00:00:00+00:00,86.55,85.16,112.73805,45.497078,3.2842853,0.5714285714285714,-8.944353705741378,8817.704013489487,0.0,8808.759659783746,0,84.40071105957031,10492.842
2018-03-01 00:00:00+00:00,84.88,83.09,112.5879,46.475533,3.2807138,0.6090225563909775,-8.944353705741378,8603.369868996555,0.0,8594.425515290814,0,84.40071105957031,10237.79
2018-03-02 00:00:00+00:00,82.3,86.61,112.4166,47.467964,3.3207135,0.5714285714285714,8945.444874694567,0.0,0.0,8945.444874694567,-1,0.0,10671.501
2018-03-05 00:00:00+00:00,86.16,90.97,112.26085,55.457836,3.3421419,0.5714285714285714,-8.945444874694658,8940.974387500817,0.0,8932.028942626122,1,81.6289291381836,11208.712
2018-03-06 00:00:00+00:00,91.21,91.09,112.11325,58.345432,3.4864278,0.5714285714285714,-8.945444874694658,8952.767986820001,0.0,8943.822541945307,0,85.956787109375,11223.496
2018-03-07 00:00:00+00:00,90.53,91.7,111.9247,57.54437,3.4785707,0.5714285714285714,-8.945444874694658,9012.721997595996,0.0,9003.776552721301,0,85.956787109375,11298.656
2018-03-08 00:00:00+00:00,91.81,92.42,111.72605,58.506016,3.3892848,0.6090225563909775,-8.945444874694658,9083.487365863492,0.0,9074.541920988797,0,86.48213958740234,11387.371
2018-03-09 00:00:00+00:00,93.02,94.23,111.516,68.07834,3.178571,0.5714285714285714,-8.945444874694658,9261.383256203773,0.0,9252.437811329079,0,87.33607482910156,11610.388
2018-03-12 00:00:00+00:00,94.55,94.45,111.30635,70.236916,3.0821424,0.5714285714285714,9260.134880590616,0.0,0.0,9260.134880590616,-1,0.0,11637.493
2018-03-13 00:00:00+00:00,94.57,94.63,111.0881,72.39476,2.9735718,0.6090225563909775,-9.260134880591067,9255.507127027104,0.0,9246.246992146513,1,89.8267822265625,11659.672
2018-03-14 00:00:00+00:00,95.4,92.26,110.8692,75.64631,2.9621434,0.6090225563909775,-9.260134880591067,9023.704261095376,0.0,9014.444126214785,0,90.16963958740234,11367.657
2018-03-15 00:00:00+00:00,92.29,88.69,110.6586,66.65096,3.0692863,0.6090225563909775,-9.260134880591067,8674.532225396631,0.0,8665.27209051604,0,90.16963958740234,10927.785
2018-03-16 00:00:00+00:00,89.2,90.03,110.4496,52.005405,3.2235723,0.6090225563909775,8783.12567794472,0.0,0.0,8783.12567794472,-1,0.0,11092.892
2018-03-19 00:00:00+00:00,89.5,86.27,110.2531,55.374035,3.155001,0.6090225563909775,-8.783125677944554,8778.736309789825,0.0,8769.95318411188,1,85.19464111328125,10629.609
2018-03-20 00:00:00+00:00,86.5,87.01,110.03805,49.4244,3.3371441,0.6090225563909775,-8.783125677944554,8854.038761627751,0.0,8845.255635949807,0,85.19464111328125,10720.788
2018-03-21 00:00:00+00:00,87.45,88.79,109.8156,53.64316,3.3014293,0.5714285714285714,-8.783125677944554,9035.169258826354,0.0,9026.38613314841,0,85.19464111328125,10940.107
2018-03-22 00:00:00+00:00,87.64,85.25,109.6394,61.35459,3.2178574,0.5714285714285714,-8.783125677944554,8674.942770014315,0.0,8666.15964433637,0,85.19464111328125,10503.933
2018-03-23 00:00:00+00:00,85.0,83.06,109.4543,47.29299,3.1300006,0.5510204081632654,8430.62930170842,0.0,0.0,8430.62930170842,-1,0.0,10234.095
2018-03-26 00:00:00+00:00,84.5,86.37,109.27385,32.766872,2.894286,0.6090225563909775,-8.430629301708905,8426.41609366159,0.0,8417.985464359881,1,78.36499786376953,10641.933
2018-03-27 00:00:00+00:00,86.93,85.03,109.10695,40.971706,2.9550006,0.5714285714285714,-8.430629301708905,8295.683013496951,0.0,8287.252384195242,0,82.02857208251953,10476.826
2018-03-28 00:00:00+00:00,86.05,84.96,108.9369,37.588398,3.1285722,0.6090225563909775,-8.430629301708905,8288.853514861277,0.0,8280.422885559568,0,82.02857208251953,10468.201
2018-03-29 00:00:00+00:00,85.06,83.33,108.7795,35.774223,3.2478578,0.5714285714285714,-8.430629301708905,8129.8278528855335,0.0,8121.397223583825,0,82.02857208251953,10267.364
2018-04-02 00:00:00+00:00,82.81,80.56,108.603546,29.070658,3.2478578,0.5714285714285714,-8.430629301708905,7859.581064985887,0.0,7851.150435684178,0,82.02857208251953,9926.0625
2018-04-03 00:00:00+00:00,81.0,81.89,108.4059,25.7083,3.4285715,0.6090225563909775,7968.923503934771,0.0,0.0,7968.923503934771,-1,0.0,10089.937
2018-04-04 00:00:00+00:00,80.84,83.98,108.2135,28.581049,3.5014288,0.6090225563909775,-7.968923503935002,7964.941033418063,0.0,7956.972109914128,1,76.74713897705078,10347.452
2018-04-05 00:00:00+00:00,84.8,83.07,108.04315,35.94706,3.484286,0.5714285714285714,-7.968923503935002,7878.633365623102,0.0,7870.664442119167,0,78.72785949707031,10235.327
2018-04-06 00:00:00+00:00,65.99,64.02,107.8471,39.51493,3.2671432,0.5714285714285714,6054.791419146569,0.0,0.0,6054.791419146569,-1,0.0,7888.114
2018-04-09 00:00:00+00:00,64.57,65.36,107.5443,20.781866,4.441429,0.5714285714285714,-6.054791419146568,6051.76553637838,0.0,6045.710744959233,1,59.11928176879883,8053.2197
2018-04-10 00:00:00+00:00,66.21,68.12,107.20115,25.160397,4.515001,0.6090225563909775,-6.054791419146568,6307.317948588175,0.0,6301.263157169028,0,59.11928176879883,8393.289
2018-04-11 00:00:00+00:00,67.51,66.29,106.8636,28.587637,4.6457157,0.6090225563909775,-6.054791419146568,6137.87557670668,0.0,6131.820785287533,0,61.347503662109375,8167.8086
2018-04-12 00:00:00+00:00,67.41,69.83,106.51365,24.524477,4.6900015,0.6090225563909775,-6.054791419146568,6465.648619694859,0.0,6459.593828275712,0,61.347503662109375,8603.983
2018-04-13 00:00:00+00:00,70.32,70.12,106.18945,32.540775,4.738573,0.6090225563909775,-6.054791419146568,6492.5005439489105,0.0,6486.445752529764,0,62.79499816894531,8639.716
2018-04-16 00:00:00+00:00,70.49,70.37,105.8885,34.690033,4.677859,0.6090225563909775,-6.054791419146568,6515.64833035977,0.0,6509.593538940623,0,63.012142181396484,8670.519
2018-04-17 00:00:00+00:00,70.68,70.52,105.5687,29.59185,4.5921445,0.6090225563909775,-6.054791419146568,6529.536187814408,0.0,6523.481396395261,0,63.353214263916016,8689.0
2018-04-18 00:00:00+00:00,70.47,70.07,105.2774,30.912924,4.3728585,0.6090225563909775,-6.054791419146568,6487.870211457243,0.0,6481.815420038097,0,63.631778717041016,8633.554
2018-04-19 00:00:00+00:00,67.72,69.05,104.9982,30.606937,4.2078586,0.6090225563909775,-6.054791419146568,6393.427419121928,0.0,6387.372627702782,0,63.631778717041016,8507.877
2018-04-20 00:00:00+00:00,69.29,68.43,104.7141,31.10112,4.279287,0.6090225563909775,-6.054791419146568,6336.02069045498,0.0,6329.965899035833,0,63.631778717041016,8431.484
2018-04-23 00:00:00+00:00,68.83,68.14,104.41455,32.977837,4.112859,0.6090225563909775,-6.054791419146568,6309.168952531832,0.0,6303.114161112685,0,63.631778717041016,8395.752
2018-04-24 00:00:00+00:00,65.66,62.35,104.11915,30.124321,4.042859,0.6090225563909775,-6.054791419146568,5773.065344993276,0.0,5767.0105535741295,0,63.631778717041016,7682.347
2018-04-25 00:00:00+00:00,62.61,62.99,103.7767,21.755028,4.184287,0.6090225563909775,5817.520477037332,0.0,0.0,5817.520477037332,-1,0.0,7761.2036
2018-04-26 00:00:00+00:00,63.47,62.61,103.44385,23.592854,4.135716,0.6090225563909775,-5.81752047703776,5814.613170452107,0.0,5808.795649975069,1,56.71356964111328,7714.3823
2018-04-27 00:00:00+00:00,62.83,62.96,103.0973,46.3566,2.8657157,0.6090225563909775,-5.81752047703776,5847.117330308189,0.0,5841.299809831151,0,56.71356964111328,7757.5063
2018-04-30 00:00:00+00:00,62.99,61.94,102.746,43.464046,2.5257154,0.6090225563909775,-5.81752047703776,5752.38946372728,0.0,5746.571943250242,0,58.66142654418945,7631.8286
2018-05-01 00:00:00+00:00,62.0,60.85,102.3886,31.407928,2.4071438,0.6090225563909775,-5.81752047703776,5651.160781610363,0.0,5645.3432611333255,0,58.66142654418945,7497.5264
2018-05-02 00:00:00+00:00,60.94,61.05,102.0215,32.871525,2.3314292,0.6090225563909775,-5.81752047703776,5669.735234615029,0.0,5663.917714137991,0,58.66142654418945,7522.1694
2018-05-03 00:00:00+00:00,60.89,62.39,101.67365,14.992007,2.1221435,0.6090225563909775,-5.81752047703776,5794.181228587214,0.0,5788.363708110176,0,58.66142654418945,7687.275
2018-05-04 00:00:00+00:00,62.3,62.13,101.33135,21.55995,2.1557148,0.6090225563909775,-5.81752047703776,5770.035030864188,0.0,5764.2175103871505,0,59.206783294677734,7655.2397
2018-05-07 00:00:00+00:00,62.38,62.87,100.98975,19.705864,2.1292863,0.6090225563909775,-5.81752047703776,5838.758678459081,0.0,5832.9411579820435,0,59.206783294677734,7746.417
2018-05-08 00:00:00+00:00,62.54,62.87,100.63515,23.044403,2.1928575,0.6090225563909775,-5.81752047703776,5838.758678459081,0.0,5832.9411579820435,0,59.67607116699219,7746.417
2018-05-09 00:00:00+00:00,62.78,64.35,100.2784,23.799128,2.191429,0.6090225563909775,-5.81752047703776,5976.206654632405,0.0,5970.389134155367,0,59.67607116699219,7928.7725
2018-05-10 00:00:00+00:00,64.55,65.27,99.9088,33.450695,2.0807152,0.5714285714285714,-5.81752047703776,6061.647107218825,0.0,6055.829586741787,0,61.0628547668457,8042.129
2018-05-11 00:00:00+00:00,65.39,66.45,99.56735,39.103436,2.062858,0.6090225563909775,-5.81752047703776,6171.234437285074,0.0,6165.416916808036,0,62.14892578125,8187.5205
2018-05-14 00:00:00+00:00,66.43,67.22,99.21365,44.509415,2.0692863,0.6090225563909775,-5.81752047703776,6242.745091195269,0.0,6236.927570718231,0,63.355709075927734,8282.3955
2018-05-15 00:00:00+00:00,66.72,67.23,98.88615,73.4812,1.7814293,0.6090225563909775,-5.81752047703776,6243.673844317815,0.0,6237.856323840777,0,64.11607360839844,8283.628
2018-05-16 00:00:00+00:00,67.12,67.02,98.5436,71.765915,1.7821432,0.6090225563909775,-5.81752047703776,6224.170476467084,0.0,6218.352955990046,0,64.557861328125,8257.752
2018-05-17 00:00:00+00:00,65.26,66.64,98.21225,73.04071,1.7828571,0.6090225563909775,-5.81752047703776,6188.880103107527,0.0,6183.0625826304895,0,64.557861328125,8210.932
2018-05-18 00:00:00+00:00,66.77,67.83,97.90165,69.16666,1.8721428,0.6090225563909775,-5.81752047703776,6299.3961354224475,0.0,6293.57861494541,0,64.557861328125,8357.556
2018-05-21 00:00:00+00:00,68.2,66.79,97.61225,80.14329,1.8714284,0.6090225563909775,-5.81752047703776,6202.8108936104845,0.0,6196.993373133447,0,65.02178955078125,8229.414
2018-05-22 00:00:00+00:00,67.14,66.56,97.3163,80.55554,1.8271427,0.6090225563909775,-5.81752047703776,6181.450532071458,0.0,6175.63301159442,0,65.02178955078125,8201.075
2018-05-23 00:00:00+00:00,66.06,66.57,97.0056,78.25637,1.8114283,0.6090225563909775,-5.81752047703776,6182.379745728949,0.0,6176.5622252519115,0,65.02178955078125,8202.308
2018-05-24 00:00:00+00:00,66.71,66.67,96.67845,74.821815,1.7242857,0.5714285714285714,-5.81752047703776,6191.666646151038,0.0,6185.849125674,0,65.02178955078125,8214.629
2018-05-25 00:00:00+00:00,66.95,68.43,96.3583,77.48178,1.6664284,0.6090225563909775,-5.81752047703776,6355.118341051652,0.0,6349.300820574615,0,65.02178955078125,8431.484
2018-05-29 00:00:00+00:00,67.85,67.06,96.05005,79.95685,1.7092857,0.6090225563909775,-5.81752047703776,6227.885790112381,0.0,6222.068269635343,0,65.93035888671875,8262.682
2018-05-30 00:00:00+00:00,67.38,67.87,95.77475,69.67132,1.7700002,0.6090225563909775,-5.81752047703776,6303.110940673398,0.0,6297.29342019636,0,65.93035888671875,8362.485
2018-05-31 00:00:00+00:00,68.21,68.27,95.4936,67.63525,1.7407144,0.5714285714285714,-5.81752047703776,6340.2588800926615,0.0,6334.441359615624,0,65.93035888671875,8411.7705
2018-06-01 00:00:00+00:00,68.53,67.91,95.20355,65.8562,1.745,0.6090225563909775,-5.81752047703776,6306.826037444392,0.0,6301.008516967354,0,65.93035888671875,8367.414
2018-06-04 00:00:00+00:00,67.89,68.04,94.91125,58.4491,1.802857,0.6090225563909775,-5.81752047703776,6318.89895973487,0.0,6313.081439257832,0,65.93035888671875,8383.432
2018-06-05 00:00:00+00:00,68.07,68.41,94.62975,55.124992,1.7642854,0.6090225563909775,-5.81752047703776,6353.260943731049,0.0,6347.443423254012,0,65.93035888671875,8429.0205
2018-06-06 00:00:00+00:00,68.6,68.55,94.3631,57.05741,1.7471428,0.6090225563909775,-5.81752047703776,6366.262675439222,0.0,6360.4451549621845,0,65.93035888671875,8446.2705
2018-06-07 00:00:00+00:00,69.04,69.02,94.0999,59.228024,1.6950003,0.6090225563909775,-5.81752047703776,6409.911065197715,0.0,6404.0935447206775,0,65.93035888671875,8504.18
2018-06-08 00:00:00+00:00,69.1,70.01,93.84055,64.20046,1.6600004,0.6090225563909775,-5.81752047703776,6501.853153683534,0.0,6496.035633206497,0,66.47749328613281,8626.161
2018-06-11 00:00:00+00:00,71.27,69.36,93.5713,63.325184,1.7278578,0.6090225563909775,-5.81752047703776,6441.487109627726,0.0,6435.669589150688,0,67.52000427246094,8546.072
2018-06-12 00:00:00+00:00,69.24,70.58,93.29985,66.49551,1.7871437,0.6090225563909775,-5.81752047703776,6554.789324311339,0.0,6548.971803834302,0,67.52000427246094,8696.393
2018-06-13 00:00:00+00:00,70.91,70.54,93.03365,72.89297,1.8607156,0.6090225563909775,-5.81752047703776,6551.074587796321,0.0,6545.257067319283,0,67.89928436279297,8691.464
2018-06-14 00:00:00+00:00,70.87,73.64,92.77755,72.53123,1.9207153,0.6090225563909775,-5.81752047703776,6838.97219820626,0.0,6833.154677729222,0,67.89928436279297,9073.425
2018-06-15 00:00:00+00:00,74.04,73.96,92.52805,79.5089,2.0978584,0.6090225563909775,6852.569828360493,0.0,0.0,6852.569828360493,-1,0.0,9112.853
2018-06-18 00:00:00+00:00,73.03,72.02,92.273,76.66346,2.1178584,0.6090225563909775,6852.569828360493,0.0,0.0,6852.569828360493,0,0.0,8873.818
2018-06-19 00:00:00+00:00,71.61,72.98,91.94175,72.66911,2.1714299,0.6090225563909775,6852.569828360493,0.0,0.0,6852.569828360493,0,0.0,8992.104
2018-06-20 00:00:00+00:00,73.38,73.43,91.6196,73.03878,2.2185724,0.6090225563909775,-6.852569828360174,6849.145255732627,0.0,6842.292685904267,1,69.72285461425781,9047.55
2018-06-21 00:00:00+00:00,74.18,72.49,91.2966,73.159805,2.222144,0.6090225563909775,-6.852569828360174,6761.46695584551,0.0,6754.61438601715,0,70.10214233398438,8931.729
2018-06-22 00:00:00+00:00,73.0,74.03,90.98235,69.53921,2.2021441,0.6090225563909775,-6.852569828360174,6905.109503715338,0.0,6898.256933886978,0,70.10214233398438,9121.477
2018-06-25 00:00:00+00:00,73.15,71.73,90.6732,72.810326,2.2428584,0.6090225563909775,-6.852569828360174,6690.578494045105,0.0,6683.725924216745,0,70.7267837524414,8838.087
2018-06-26 00:00:00+00:00,71.12,66.73,90.36015,61.02257,2.3514295,0.6090225563909775,-6.852569828360174,6224.20607376805,0.0,6217.35350393969,0,70.7267837524414,8222.0205
2018-06-27 00:00:00+00:00,66.53,65.46,90.0465,45.43173,2.6721442,0.6090225563909775,6089.7357841746025,0.0,0.0,6089.7357841746025,-1,0.0,8065.539
2018-06-28 00:00:00+00:00,65.19,65.76,89.74905,41.40928,2.65143,0.6090225563909775,-6.089735784174991,6086.692437955625,0.0,6080.60270217145,1,61.4517822265625,8102.5034
2018-06-29 00:00:00+00:00,65.68,67.0,89.4621,39.390923,2.6642869,0.6090225563909775,-6.089735784174991,6201.46558305233,0.0,6195.375847268155,0,61.78285598754883,8255.287
2018-07-02 00:00:00+00:00,66.82,68.62,89.17915,44.2774,2.680715,0.6090225563909775,-6.089735784174991,6351.411445672793,0.0,6345.321709888618,0,63.003570556640625,8454.893
2018-07-03 00:00:00+00:00,68.61,68.28,88.92345,45.33778,2.723572,0.6090225563909775,-6.089735784174991,6319.940998962961,0.0,6313.851263178786,0,64.59893035888672,8412.999
2018-07-05 00:00:00+00:00,68.8,69.29,88.6691,44.69981,2.6850007,0.6090225563909775,-6.089735784174991,6413.426101480127,0.0,6407.336365695952,0,64.59893035888672,8537.445
2018-07-06 00:00:00+00:00,69.8,70.83,88.42355,38.689564,2.5300007,0.5714285714285714,-6.089735784174991,6555.9676978672815,0.0,6549.8779620831065,0,65.26249694824219,8727.194
2018-07-09 00:00:00+00:00,71.34,71.62,88.19225,42.347202,2.4800003,0.6090225563909775,-6.089735784174991,6629.089418389668,0.0,6622.999682605493,0,67.03500366210938,8824.532
2018-07-10 00:00:00+00:00,71.94,70.18,87.976,48.96375,2.4335716,0.6090225563909775,6479.970597847948,0.0,0.0,6479.970597847948,-1,0.0,8647.105
2018-07-11 00:00:00+00:00,69.85,70.28,87.75165,42.922142,2.417858,0.6090225563909775,-6.479970597847569,6476.732231732082,0.0,6470.252261134235,1,66.5296401977539,8659.427
2018-07-12 00:00:00+00:00,70.53,71.14,87.5488,41.893982,2.4085717,0.6090225563909775,-6.479970597847569,6555.986926144707,0.0,6549.506955546859,0,66.65321350097656,8765.391
2018-07-13 00:00:00+00:00,69.38,70.19,87.35605,46.511635,2.3107145,0.6090225563909775,-6.479970597847569,6468.439035784329,0.0,6461.959065186481,0,67.52714538574219,8648.338
2018-07-16 00:00:00+00:00,69.93,70.11,87.16125,39.765472,2.3485715,0.6090225563909775,-6.479970597847569,6461.066567596385,0.0,6454.586596998537,0,67.52714538574219,8638.481
2018-07-17 00:00:00+00:00,70.03,70.23,86.96025,45.10278,2.2307143,0.6090225563909775,-6.479970597847569,6472.125374227658,0.0,6465.64540362981,0,67.52714538574219,8653.267
2018-07-18 00:00:00+00:00,70.33,70.37,86.7457,65.00855,1.9335711,0.6090225563909775,-6.479970597847569,6485.027023763294,0.0,6478.547053165446,0,67.52714538574219,8670.517
2018-07-19 00:00:00+00:00,70.38,70.11,86.51385,73.31432,1.895714,0.6090225563909775,-6.479970597847569,6461.066322825246,0.0,6454.5863522273985,0,67.52714538574219,8638.48
2018-07-20 00:00:00+00:00,70.11,69.2,86.28845,70.734,1.8049997,0.6090225563909775,-6.479970597847569,6377.204094158043,0.0,6370.724123560195,0,67.52714538574219,8526.356
2018-07-23 00:00:00+00:00,69.27,68.96,86.07045,60.826736,1.6871431,0.6090225563909775,-6.479970597847569,6355.086956402727,0.0,6348.6069858048795,0,67.52714538574219,8496.786
2018-07-24 00:00:00+00:00,69.21,68.99,85.8461,51.936195,1.5635709,0.6090225563909775,-6.479970597847569,6357.851385531364,0.0,6351.3714149335165,0,67.52714538574219,8500.482
2018-07-25 00:00:00+00:00,69.01,70.1,85.6232,54.191254,1.6528566,0.6090225563909775,-6.479970597847569,6460.144892147839,0.0,6453.664921549991,0,67.52714538574219,8637.249
2018-07-26 00:00:00+00:00,70.27,69.91,85.4002,54.72577,1.6399994,0.6090225563909775,-6.479970597847569,6442.635687489822,0.0,6436.155716891974,0,67.62071228027344,8613.84
2018-07-27 00:00:00+00:00,69.84,68.64,85.1798,43.628822,1.5871423,0.6090225563909775,-6.479970597847569,6325.5968113834915,0.0,6319.116840785644,0,67.62071228027344,8457.357
2018-07-30 00:00:00+00:00,68.52,68.58,84.94915,30.64934,1.5521425,0.6090225563909775,-6.479970597847569,6320.067593828032,0.0,6313.587623230184,0,67.62071228027344,8449.965
2018-07-31 00:00:00+00:00,69.34,66.54,84.73395,37.341785,1.5728563,0.6090225563909775,-6.479970597847569,6132.069004945596,0.0,6125.589034347749,0,67.62071228027344,8198.61
2018-08-01 00:00:00+00:00,65.38,65.59,84.503,27.360794,1.8442851,0.6090225563909775,6028.973357342839,0.0,0.0,6028.973357342839,-1,0.0,8081.5566
2018-08-02 00:00:00+00:00,65.31,64.45,84.2594,16.766474,1.8549995,0.6090225563909775,-6.028973357342693,6025.9603771542625,0.0,6019.93140379692,1,62.823570251464844,7941.0933
2018-08-03 00:00:00+00:00,64.59,63.04,83.99865,16.393444,1.7714278,0.6090225563909775,-6.028973357342693,5894.128342400041,0.0,5888.0993690426985,0,62.823570251464844,7767.3633
2018-08-06 00:00:00+00:00,63.04,61.75,83.73565,14.184409,1.8342851,0.6090225563909775,-6.028973357342693,5773.515448937895,0.0,5767.486475580552,0,62.823570251464844,7608.418
2018-08-07 00:00:00+00:00,61.94,63.01,83.4687,11.594191,1.8599993,0.6090225563909775,5876.457009654933,0.0,0.0,5876.457009654933,-1,0.0,7763.6665
2018-08-08 00:00:00+00:00,63.17,63.61,83.2124,19.736824,1.8778564,0.6090225563909775,-5.876457009654587,5873.520249530168,0.0,5867.643792520514,1,60.220001220703125,7837.5947
2018-08-09 00:00:00+00:00,63.47,64.38,82.9595,24.0,1.9249995,0.6090225563909775,-5.876457009654587,5944.619142244942,0.0,5938.742685235287,0,60.793216705322266,7932.4688
2018-08-10 00:00:00+00:00,63.88,64.44,82.714,30.501608,1.9957134,0.6090225563909775,-5.876457009654587,5950.160106499466,0.0,5944.283649489811,0,61.492496490478516,7939.863
2018-08-13 00:00:00+00:00,64.3,64.87,82.466,31.445005,2.034285,0.5714285714285714,-5.876457009654587,5989.864687059365,0.0,5983.98823004971,0,61.492496490478516,7992.8438
2018-08-14 00:00:00+00:00,65.01,66.45,82.2176,33.624825,2.0135708,0.5714285714285714,-5.876457009654587,6135.756018899072,0.0,6129.879561889417,0,61.81857681274414,8187.5205
2018-08-15 00:00:00+00:00,67.52,66.87,81.97205,36.015316,2.0328562,0.6090225563909775,-5.876457009654587,6174.537652261609,0.0,6168.661195251954,0,63.42964172363281,8239.2705
2018-08-16 00:00:00+00:00,67.02,67.85,81.72505,38.55422,2.0721416,0.6090225563909775,-5.876457009654587,6265.026936700229,0.0,6259.150479690575,0,63.820716857910156,8360.019
2018-08-17 00:00:00+00:00,67.55,68.8,81.4931,46.959194,2.0778556,0.6090225563909775,-5.876457009654587,6352.746640469466,0.0,6346.870183459811,0,64.74178314208984,8477.071
2018-08-20 00:00:00+00:00,69.28,69.05,81.27085,50.79251,2.0949988,0.6090225563909775,6360.390651280554,0.0,0.0,6360.390651280554,-1,0.0,8507.875
2018-08-21 00:00:00+00:00,68.96,69.62,81.0763,60.380486,1.7971418,0.6090225563909775,-6.360390651280795,6357.212045257926,0.0,6350.851654606645,1,65.90750122070312,8578.106
2018-08-22 00:00:00+00:00,69.34,69.48,80.89185,67.20754,1.7978562,0.6090225563909775,-6.360390651280795,6344.428442616649,0.0,6338.068051965368,0,66.9242935180664,8560.857
2018-08-23 00:00:00+00:00,69.3,69.18,80.71385,73.48276,1.7728568,0.6090225563909775,-6.360390651280795,6317.034342140646,0.0,6310.673951489365,0,66.9242935180664,8523.893
2018-08-24 00:00:00+00:00,69.4,70.08,80.5326,81.97914,1.7171427,0.6090225563909775,-6.360390651280795,6399.216104815275,0.0,6392.855714163994,0,66.9242935180664,8634.785
2018-08-27 00:00:00+00:00,70.5,72.36,80.3423,95.222565,1.7028569,0.6090225563909775,-6.360390651280795,6607.409748108402,0.0,6601.049357457121,0,67.50428771972656,8915.711
2018-08-28 00:00:00+00:00,72.26,73.85,80.1792,95.698906,1.8399996,0.5510204081632654,-6.360390651280795,6743.466208897815,0.0,6737.105818246534,0,69.80571746826172,9099.299
2018-08-29 00:00:00+00:00,73.87,74.08,80.0335,96.043144,1.8435707,0.6090225563909775,-6.360390651280795,6764.468477471298,0.0,6758.108086820017,0,71.08999633789062,9127.639
2018-08-30 00:00:00+00:00,73.96,73.65,79.8801,95.841194,1.7685708,0.6090225563909775,-6.360390651280795,6725.203858227553,0.0,6718.843467576272,0,71.31464385986328,9074.656
2018-08-31 00:00:00+00:00,73.74,73.91,79.7123,92.05477,1.860714,0.6090225563909775,-6.360390651280795,6748.945602633484,0.0,6742.585211982203,0,71.31464385986328,9106.692
2018-09-04 00:00:00+00:00,73.44,73.84,79.55625,91.92948,1.787857,0.6090225563909775,-6.360390651280795,6742.553153816502,0.0,6736.192763165222,0,71.31464385986328,9098.066
2018-09-05 00:00:00+00:00,73.56,74.23,79.399254,89.85967,1.7764288,0.6090225563909775,-6.360390651280795,6778.166011466562,0.0,6771.805620815281,0,71.31464385986328,9146.121
2018-09-06 00:00:00+00:00,74.3,72.21,79.238,89.82675,1.7300006,0.6090225563909775,6577.462184581438,0.0,0.0,6577.462184581438,-1,0.0,8897.2295
2018-09-07 00:00:00+00:00,71.63,69.17,79.0717,71.20617,1.8300008,0.6090225563909775,6577.462184581438,0.0,0.0,6577.462184581438,0,0.0,8522.661
2018-09-10 00:00:00+00:00,69.57,68.4,78.9228,51.49553,1.899286,0.5824175824175825,-6.577462184581236,6574.175097032922,0.0,6567.597634848341,1,66.42499542236328,8427.787
2018-09-11 00:00:00+00:00,68.1,66.82,78.77005,47.478664,1.9542857,0.5824175824175825,-6.577462184581236,6422.31544917451,0.0,6415.737986989929,0,66.42499542236328,8233.11
2018-09-12 00:00:00+00:00,66.86,66.51,78.60915,39.928062,2.037857,0.5824175824175825,-6.577462184581236,6392.520607129736,0.0,6385.943144945155,0,66.42499542236328,8194.914
2018-09-13 00:00:00+00:00,67.03,67.48,78.4478,39.44564,2.0671425,0.5824175824175825,-6.577462184581236,6485.751063972811,0.0,6479.1736017882295,0,66.42499542236328,8314.432
2018-09-14 00:00:00+00:00,67.65,68.09,78.2959,44.2334,2.086428,0.5824175824175825,-6.577462184581236,6544.379921487795,0.0,6537.802459303214,0,66.42499542236328,8389.591
2018-09-17 00:00:00+00:00,68.09,67.02,78.1572,43.114174,2.0657136,0.5824175824175825,-6.577462184581236,6441.538481978365,0.0,6434.961019793784,0,66.42499542236328,8257.753
2018-09-18 00:00:00+00:00,66.85,67.82,78.0125,29.833841,1.9692851,0.5824175824175825,-6.577462184581236,6518.429734116496,0.0,6511.852271931914,0,66.42499542236328,8356.324
2018-09-19 00:00:00+00:00,67.79,67.25,77.85665,25.976135,1.9114287,0.5824175824175825,-6.577462184581236,6463.644857824217,0.0,6457.067395639636,0,66.42499542236328,8286.093
2018-09-20 00:00:00+00:00,67.36,68.28,77.7032,23.506617,1.9635718,0.5824175824175825,-6.577462184581236,6562.642104010146,0.0,6556.064641825565,0,66.42499542236328,8413.003
2018-09-21 00:00:00+00:00,68.37,66.59,77.5762,30.096376,1.8557146,0.5824175824175825,-6.577462184581236,6400.2097085365085,0.0,6393.632246351927,0,66.42499542236328,8204.771
2018-09-24 00:00:00+00:00,66.52,66.48,77.4406,25.469166,1.9428575,0.5824175824175825,-6.577462184581236,6389.637691602788,0.0,6383.060229418207,0,66.42499542236328,8191.2188
2018-09-25 00:00:00+00:00,66.71,65.86,77.30405,25.40109,1.9200003,0.5824175824175825,-6.577462184581236,6330.046908442339,0.0,6323.469446257758,0,66.42499542236328,8114.826
2018-09-26 00:00:00+00:00,66.03,67.42,77.1592,22.448961,1.9150003,0.5824175824175825,6463.686305284442,0.0,0.0,6463.686305284442,-1,0.0,8307.038
2018-09-27 00:00:00+00:00,67.55,69.04,77.0134,33.74065,1.9371431,0.5824175824175825,-6.463686305284682,6460.456077245819,0.0,6453.992390940534,1,64.54750061035156,8506.644
2018-09-28 00:00:00+00:00,68.81,69.08,76.87235,49.511654,1.8714288,0.5824175824175825,-6.463686305284682,6464.198988648452,0.0,6457.735302343167,0,66.13428497314453,8511.572
2018-10-01 00:00:00+00:00,69.47,68.82,76.74075,52.702705,1.841429,0.5824175824175825,-6.463686305284682,6439.869069468941,0.0,6433.405383163657,0,66.27285766601562,8479.536
2018-10-02 00:00:00+00:00,68.86,69.85,76.59435,58.881,1.7564288,0.5824175824175825,-6.463686305284682,6536.2520595672695,0.0,6529.788373261985,0,66.27285766601562,8606.445
2018-10-03 00:00:00+00:00,70.0,69.94,76.46375,63.939888,1.7450006,0.5824175824175825,-6.463686305284682,6544.674237419884,0.0,6538.210551114599,0,67.2153549194336,8617.535
2018-10-04 00:00:00+00:00,69.76,66.19,76.3314,61.081078,1.7050008,0.5824175824175825,-6.463686305284682,6193.766094479419,0.0,6187.302408174134,0,67.32250213623047,8155.486
2018-10-05 00:00:00+00:00,66.27,65.08,76.19455,43.328674,1.9114298,0.5824175824175825,6074.298810740121,0.0,0.0,6074.298810740121,-1,0.0,8018.7197
2018-10-08 00:00:00+00:00,64.61,64.17,76.04485,43.207306,2.0021439,0.5824175824175825,-6.074298810740402,6071.2631791505455,0.0,6065.188880339805,1,62.21285629272461,7906.5947
2018-10-09 00:00:00+00:00,64.18,65.5,75.89555,37.31758,2.063572,0.5824175824175825,-6.074298810740402,6197.097417844239,0.0,6191.023119033499,0,62.21285629272461,8070.4683
2018-10-10 00:00:00+00:00,65.5,63.85,75.74125,44.224426,2.0985718,0.5824175824175825,-6.074298810740402,6040.987019492346,0.0,6034.912720681606,0,62.404640197753906,7867.166
2018-10-11 00:00:00+00:00,64.08,61.75,75.58145,35.954353,2.1792858,0.5824175824175825,-6.074298810740402,5842.301705288799,0.0,5836.227406478059,0,62.404640197753906,7608.4185
2018-10-12 00:00:00+00:00,62.69,62.56,75.4132,35.04328,2.2835715,0.5824175824175825,-6.074298810740402,5918.937704103485,0.0,5912.863405292745,0,62.404640197753906,7708.2217
2018-10-15 00:00:00+00:00,62.17,62.03,75.24345,38.38863,2.345714,0.5824175824175825,5853.915530819095,0.0,0.0,5853.915530819095,-1,0.0,7642.9185
2018-10-16 00:00:00+00:00,62.47,64.91,75.0767,38.594406,2.367857,0.5824175824175825,-5.853915530818995,5850.990035801195,0.0,5845.136120270376,1,58.51142883300781,7997.7734
2018-10-17 00:00:00+00:00,64.91,65.04,74.927704,43.070152,2.3400004,0.875,-5.853915530818995,5862.707907538849,0.0,5856.85399200803,0,61.358219146728516,8013.791
2018-10-18 00:00:00+00:00,65.35,64.44,74.74845,37.96632,2.2664292,0.5824175824175825,-5.853915530818995,5808.624013908482,0.0,5802.770098377663,0,61.529998779296875,7939.8633
2018-10-19 00:00:00+00:00,64.49,66.06,74.56575,36.49594,2.3114285,0.5824175824175825,-5.853915530818995,5954.6503252818475,0.0,5948.7964097510285,0,61.529998779296875,8139.468
2018-10-22 00:00:00+00:00,67.07,65.18,74.40385,42.556633,2.4307141,0.5824175824175825,-5.853915530818995,5875.327467991467,0.0,5869.473552460648,0,62.59285354614258,8031.0405
2018-10-23 00:00:00+00:00,64.34,65.04,74.2305,37.30289,2.5357144,0.5824175824175825,-5.853915530818995,5862.707775866353,0.0,5856.853860335534,0,62.59285354614258,8013.79
2018-10-24 00:00:00+00:00,64.89,60.92,74.05165,36.713665,2.6878574,0.5824175824175825,-5.853915530818995,5491.330619685564,0.0,5485.476704154745,0,62.59285354614258,7506.1514
2018-10-25 00:00:00+00:00,61.47,64.29,73.8748,35.991486,2.6950002,0.5824175824175825,5780.556084510277,0.0,0.0,5780.556084510277,-1,0.0,7921.38
2018-10-26 00:00:00+00:00,62.14,63.95,73.71315,48.125294,2.7435718,0.5824175824175825,-5.7805560845099535,5777.667250884835,0.0,5771.886694800325,1,60.247501373291016,7879.4873
2018-10-29 00:00:00+00:00,65.08,63.32,73.5676,49.46342,2.8757148,0.5824175824175825,-5.7805560845099535,5720.748817979981,0.0,5714.968261895471,0,60.247501373291016,7801.863
2018-10-30 00:00:00+00:00,61.41,61.03,73.41385,44.49495,3.0642858,0.5824175824175825,-5.7805560845099535,5513.854873802885,0.0,5508.074317718375,0,60.247501373291016,7519.7046
2018-10-31 00:00:00+00:00,61.66,64.82,73.26075,43.101765,3.2428572,0.5,-5.7805560845099535,5856.268839296222,0.0,5850.488283211712,0,60.247501373291016,7986.683
2018-11-01 00:00:00+00:00,65.05,68.43,73.1333,56.936283,3.302857,0.5824175824175825,-5.7805560845099535,6182.420103179069,0.0,6176.639547094559,0,60.247501373291016,8431.483
2018-11-02 00:00:00+00:00,68.95,67.41,73.015854,61.77296,3.648571,0.5824175824175825,6075.35090220862,0.0,0.0,6075.35090220862,-1,0.0,8305.806
2018-11-05 00:00:00+00:00,67.73,68.97,72.8871,60.58223,3.8221421,0.5824175824175825,-6.075350902208811,6072.314744836202,0.0,6066.239393933994,1,61.93714904785156,8498.019
2018-11-06 00:00:00+00:00,69.1,68.53,72.76155,58.423233,3.8021424,0.5824175824175825,-6.075350902208811,6033.575779338631,0.0,6027.500428436422,0,63.236785888671875,8443.805
2018-11-07 00:00:00+00:00,69.27,69.03,72.63105,57.148705,3.8307133,0.5824175824175825,-6.075350902208811,6077.597263236632,0.0,6071.521912334423,0,63.236785888671875,8505.412
2018-11-08 00:00:00+00:00,68.99,68.67,72.4995,59.44055,3.827142,0.5824175824175825,-6.075350902208811,6045.90193472999,0.0,6039.826583827781,0,63.28392791748047,8461.055
2018-11-09 00:00:00+00:00,68.39,66.03,72.37155,55.661606,3.7192852,0.5824175824175825,-6.075350902208811,5813.4687012129925,0.0,5807.393350310784,0,63.28392791748047,8135.772
2018-11-12 00:00:00+00:00,66.1,62.86,72.22415,51.713017,3.7864277,0.5824175824175825,-6.075350902208811,5534.373126687719,0.0,5528.297775785511,0,63.28392791748047,7745.186
2018-11-13 00:00:00+00:00,62.97,63.73,72.07075,46.08477,3.8235705,0.5824175824175825,5596.4788023600895,0.0,0.0,5596.4788023600895,-1,0.0,7852.382
2018-11-14 00:00:00+00:00,64.17,64.15,71.9269,55.713707,3.6928563,0.5824175824175825,-5.596478802360252,5593.6819613794005,0.0,5588.08548257704,1,57.99464416503906,7904.132
2018-11-15 00:00:00+00:00,62.82,65.03,71.7962,49.676525,3.553571,0.5824175824175825,-5.596478802360252,5670.414807203381,0.0,5664.818328401021,0,58.6107177734375,8012.5586
2018-11-16 00:00:00+00:00,64.86,66.51,71.673,52.43462,3.5142848,0.5824175824175825,-5.596478802360252,5799.466203156372,0.0,5793.869724354012,0,59.699642181396484,8194.914
2018-11-19 00:00:00+00:00,66.32,64.25,71.57595,56.925755,3.3492854,0.5824175824175825,-5.596478802360252,5602.400963677724,0.0,5596.804484875363,0,61.23857498168945,7916.452
2018-11-20 00:00:00+00:00,63.51,63.59,71.4705,57.000004,3.2299998,0.5824175824175825,-5.596478802360252,5544.850951394271,0.0,5539.254472591911,0,61.23857498168945,7835.1313
2018-11-21 00:00:00+00:00,63.94,64.07,71.3479,46.904884,3.0442855,0.5824175824175825,-5.596478802360252,5586.70532845448,0.0,5581.10884965212,0,61.23857498168945,7894.2734
2018-11-23 00:00:00+00:00,63.62,64.67,71.23655,36.977295,2.6600006,0.5824175824175825,-5.596478802360252,5639.023282814416,0.0,5633.426804012056,0,61.23857498168945,7968.201
2018-11-26 00:00:00+00:00,65.5,67.38,71.1403,41.605373,2.5942867,0.5824175824175825,-5.596478802360252,5875.326810108973,0.0,5869.730331306613,0,61.23857498168945,8302.108
2018-11-27 00:00:00+00:00,66.8,67.19,71.0547,45.44933,2.597858,0.5824175824175825,-5.596478802360252,5858.759701434171,0.0,5853.163222631811,0,63.48856735229492,8278.698
2018-11-28 00:00:00+00:00,67.11,65.76,70.95305,46.109184,2.6407154,0.5824175824175825,-5.596478802360252,5734.068238376671,0.0,5728.47175957431,0,63.48856735229492,8102.5034
2018-11-29 00:00:00+00:00,65.22,64.79,70.8417,40.99174,2.65143,0.5824175824175825,-5.596478802360252,5649.487292215876,0.0,5643.890813413515,0,63.48856735229492,7982.9863
2018-11-30 00:00:00+00:00,64.84,64.25,70.7248,39.65885,2.6357155,0.5824175824175825,-5.596478802360252,5602.40086816047,0.0,5596.80438935811,0,63.48856735229492,7916.451
2018-12-03 00:00:00+00:00,65.25,68.32,70.6181,44.657867,2.5078585,0.5824175824175825,-5.596478802360252,5957.292047975904,0.0,5951.695569173544,0,63.48856735229492,8417.929
2018-12-04 00:00:00+00:00,68.07,65.52,70.52955,65.5467,2.5792868,0.5824175824175825,-5.596478802360252,5713.140315420762,0.0,5707.543836618402,0,64.55821228027344,8072.931
2018-12-06 00:00:00+00:00,64.72,65.1,70.4296,54.59209,2.6392868,0.5824175824175825,-5.596478802360252,5676.517708406449,0.0,5670.921229604089,0,64.55821228027344,8021.1816
2018-12-07 00:00:00+00:00,64.7,64.51,70.33155,52.43714,2.665715,0.5824175824175825,-5.596478802360252,5625.071735839791,0.0,5619.47525703743,0,64.55821228027344,7948.4863
2018-12-10 00:00:00+00:00,64.73,65.42,70.22815,48.645844,2.6228578,0.5824175824175825,-5.596478802360252,5704.420537052744,0.0,5698.824058250384,0,64.55821228027344,8060.61
2018-12-11 00:00:00+00:00,66.3,65.6,70.11625,47.0746,2.6000006,0.5824175824175825,-5.596478802360252,5720.116076815208,0.0,5714.519598012847,0,64.55821228027344,8082.788
2018-12-12 00:00:00+00:00,66.65,67.67,70.0066,54.07855,2.4785724,0.5824175824175825,-5.596478802360252,5900.613299435345,0.0,5895.0168206329845,0,64.55821228027344,8337.839
2018-12-13 00:00:00+00:00,67.96,67.29,69.9121,61.358578,2.540001,0.5824175824175825,-5.596478802360252,5867.478565986935,0.0,5861.882087184575,0,64.55821228027344,8291.018
2018-12-14 00:00:00+00:00,66.61,66.25,69.822754,59.01457,2.558572,0.5824175824175825,-5.596478802360252,5776.793842600146,0.0,5771.197363797785,0,64.55821228027344,8162.8765
2018-12-17 00:00:00+00:00,65.75,64.82,69.73855,54.316948,2.4857142,0.5824175824175825,-5.596478802360252,5652.102163230338,0.0,5646.505684427978,0,64.55821228027344,7986.6816
2018-12-18 00:00:00+00:00,66.69,64.26,69.6296,42.47944,2.4735715,0.5824175824175825,-5.596478802360252,5603.272092505547,0.0,5597.675613703187,0,64.55821228027344,7917.6826
2018-12-19 00:00:00+00:00,64.04,62.75,69.49605,41.575615,2.5421429,0.5824175824175825,5457.800856258321,0.0,0.0,5457.800856258321,-1,0.0,7731.6304
2018-12-20 00:00:00+00:00,62.43,61.73,69.35435,41.385223,2.6485717,0.5824175824175825,-5.457800856258473,5455.073319598522,0.0,5449.615518742264,1,58.93678665161133,7605.9526
2018-12-21 00:00:00+00:00,62.02,58.67,69.2045,41.267117,2.7350004,0.5824175824175825,-5.457800856258473,5184.6613023780255,0.0,5179.203501521767,0,58.93678665161133,7228.92
2018-12-24 00:00:00+00:00,58.25,58.5,69.03575,36.077835,2.9514291,0.5824175824175825,5156.426173577851,0.0,0.0,5156.426173577851,-1,0.0,7207.9736
2018-12-26 00:00:00+00:00,58.88,62.02,68.8571,19.578672,2.8400004,0.5824175824175825,-5.156426173577529,5153.849248953375,0.0,5148.692822779797,1,54.07285690307617,7641.6836
2018-12-27 00:00:00+00:00,61.4,62.34,68.694954,39.620407,2.8578572,0.875,-5.156426173577529,5180.441134423908,0.0,5175.28470825033,0,57.7599983215332,7681.112
2018-12-28 00:00:00+00:00,62.74,62.28,68.5335,41.76611,2.8628576,0.875,-5.156426173577529,5175.454981570021,0.0,5170.298555396444,0,58.05321502685547,7673.7188
2018-12-31 00:00:00+00:00,62.8,63.59,68.3836,43.129993,2.8028579,0.875,-5.156426173577529,5284.316130539324,0.0,5279.159704365747,0,58.05321502685547,7835.129
2019-01-02 00:00:00+00:00,62.49,63.56,68.2581,44.497902,2.8028579,0.5824175824175825,-5.156426173577529,5281.823144684387,0.0,5276.66671851081,0,59.385711669921875,7831.432
2019-01-03 00:00:00+00:00,64.47,68.06,68.12575,43.810688,2.8971436,0.5824175824175825,-5.156426173577529,5655.772164401374,0.0,5650.615738227796,0,59.385711669921875,8385.892
2019-01-04 00:00:00+00:00,69.32,72.27,68.0347,51.0312,3.1150005,0.5824175824175825,5991.457667336056,0.0,0.0,5991.457667336056,-1,0.0,8904.619
2019-01-07 00:00:00+00:00,72.93,74.21,67.961,60.94986,3.3642867,0.5824175824175825,-5.991457667336363,5988.463435618248,0.0,5982.471977950911,1,62.92499542236328,9143.653
2019-01-08 00:00:00+00:00,75.56,74.9,67.8881,66.83587,3.4235725,0.5824175824175825,-5.991457667336363,6044.143970766381,0.0,6038.152513099045,0,64.11714172363281,9228.67
2019-01-09 00:00:00+00:00,75.53,73.7,67.83635,72.008736,3.4592862,0.5824175824175825,-5.991457667336363,5947.3081382526825,0.0,5941.316680585346,0,64.62928771972656,9080.813
2019-01-10 00:00:00+00:00,73.48,75.12,67.78955,70.05096,3.3950005,0.5824175824175825,-5.991457667336363,6061.896831055258,0.0,6055.905373387922,0,64.62928771972656,9255.776
2019-01-11 00:00:00+00:00,75.1,74.65,67.7333,76.37526,3.332857,0.5824175824175825,-5.991457667336363,6023.969363807065,0.0,6017.9779061397285,0,64.93499755859375,9197.866
2019-01-14 00:00:00+00:00,74.25,73.54,67.6814,78.209595,3.2621422,0.5824175824175825,-5.991457667336363,5934.396602433494,0.0,5928.405144766158,0,64.93499755859375,9061.1
2019-01-15 00:00:00+00:00,75.0,78.76,67.6243,85.48924,3.0149994,0.5824175824175825,-5.991457667336363,6355.630404771116,0.0,6349.63894710378,0,64.93499755859375,9704.272
2019-01-16 00:00:00+00:00,77.38,76.56,67.60145,88.96152,3.222142,0.5824175824175825,-5.991457667336363,6178.098571025212,0.0,6172.107113357875,0,69.71500396728516,9433.203
2019-01-17 00:00:00+00:00,76.44,78.67,67.58145,79.45702,3.191428,0.5,-5.991457667336363,6348.367677262371,0.0,6342.376219595035,0,69.71500396728516,9693.183
2019-01-18 00:00:00+00:00,79.24,78.42,67.56535,80.846214,3.236428,0.5,-5.991457667336363,6328.1936971030145,0.0,6322.202239435678,0,69.71500396728516,9662.38
2019-01-22 00:00:00+00:00,78.0,77.33,67.53755,80.27004,3.1978567,0.5,-5.991457667336363,6240.2353134830955,0.0,6234.243855815759,0,69.71500396728516,9528.078
2019-01-23 00:00:00+00:00,76.52,75.2,67.50885,75.983345,3.1821423,0.5,-5.991457667336363,6068.351905497159,0.0,6062.360447829823,0,69.71500396728516,9265.633
2019-01-24 00:00:00+00:00,76.99,77.01,67.56475,70.39241,3.2064278,0.5,-5.991457667336363,6214.412220651141,0.0,6208.420762983805,0,69.71500396728516,9488.648
2019-01-25 00:00:00+00:00,77.4,79.95,67.623,67.3114,2.9442852,0.5,-5.991457667336363,6451.658437623436,0.0,6445.6669799561,0,69.71500396728516,9850.895
2019-01-28 00:00:00+00:00,79.52,80.66,67.68215,65.622444,2.810713,0.5,-5.991457667336363,6508.953133831578,0.0,6502.961676164242,0,71.11714172363281,9938.377
2019-01-29 00:00:00+00:00,80.72,79.29,67.754,63.811554,2.7435706,0.3157894736842105,6382.810289432995,0.0,0.0,6382.810289432995,-1,0.0,9769.574
2019-01-30 00:00:00+00:00,79.29,79.98,67.8013,59.134403,2.720714,0.5,6382.810289432995,0.0,0.0,6382.810289432995,0,0.0,9854.592
2019-01-31 00:00:00+00:00,79.61,80.59,67.8506,63.350338,2.6771426,0.3157894736842105,6382.810289432995,0.0,0.0,6382.810289432995,0,0.0,9929.751
2019-02-01 00:00:00+00:00,80.83,82.92,67.9017,62.043133,2.583572,0.45454545454545453,6382.810289432995,0.0,0.0,6382.810289432995,0,0.0,10216.838
2019-02-04 00:00:00+00:00,83.13,81.6,67.9637,66.82945,2.635001,0.5824175824175825,6382.810289432995,0.0,0.0,6382.810289432995,0,0.0,10054.196
2019-02-05 00:00:00+00:00,82.31,81.4,68.02135,66.2631,2.716429,0.5,-6.38281028943311,6379.620479193399,0.0,6373.237668903966,1,73.69499206542969,10029.555
2019-02-06 00:00:00+00:00,81.15,81.42,68.0831,56.680157,2.4100003,0.5,-6.38281028943311,6381.187890354776,0.0,6374.805080065343,0,73.69499206542969,10032.019
2019-02-07 00:00:00+00:00,80.74,79.83,68.14805,63.822525,2.287857,0.5,-6.38281028943311,6256.57395144472,0.0,6250.1911411552865,0,74.18999481201172,9836.11
2019-02-08 00:00:00+00:00,79.5,80.87,68.2065,53.399776,2.2092857,0.5824175824175825,-6.38281028943311,6338.082519697007,0.0,6331.699709407574,0,74.18999481201172,9964.252
2019-02-11 00:00:00+00:00,81.07,80.21,68.2991,56.86276,2.2042859,0.5,-6.38281028943311,6286.35548638427,0.0,6279.972676094837,0,74.24214172363281,9882.93
2019-02-12 00:00:00+00:00,81.53,81.4,68.3852,58.26635,2.155,0.5824175824175825,-6.38281028943311,6379.620314792329,0.0,6373.237504502896,0,74.24214172363281,10029.555
2019-02-13 00:00:00+00:00,81.53,81.06,68.47915,68.81069,2.0228572,0.5,-6.38281028943311,6352.972804715567,0.0,6346.589994426134,0,74.93499755859375,9987.661
2019-02-14 00:00:00+00:00,81.87,83.42,68.56965,63.49099,2.005714,0.5742149320229166,-6.38281028943311,6537.934820123853,0.0,6531.55200983442,0,74.99142456054688,10278.444
2019-02-15 00:00:00+00:00,82.05,84.15,68.67705,62.02356,2.0371425,0.5,-6.38281028943311,6595.147735458036,0.0,6588.7649251686025,0,77.4028549194336,10368.39
2019-02-19 00:00:00+00:00,84.25,84.08,68.79355,62.076115,2.0607135,0.5,-6.38281028943311,6589.6616117891235,0.0,6583.27880149969,0,78.03857421875,10359.766
2019-02-20 00:00:00+00:00,83.73,83.74,68.9087,68.21293,1.9349992,0.5,-6.38281028943311,6563.014222711566,0.0,6556.631412422133,0,78.03857421875,10317.873
2019-02-21 00:00:00+00:00,83.62,83.33,69.01545,64.68748,1.913571,0.5,-6.38281028943311,6530.881411506061,0.0,6524.498601216628,0,78.03857421875,10267.355
2019-02-22 00:00:00+00:00,83.73,84.85,69.12145,60.87303,1.9764279,0.5,-6.38281028943311,6650.00919627085,0.0,6643.626385981417,0,78.03857421875,10454.64
2019-02-25 00:00:00+00:00,85.49,86.88,69.23135,58.184902,1.9128565,0.5,-6.38281028943311,6809.107934182597,0.0,6802.725123893164,0,78.92071533203125,10704.762
2019-02-26 00:00:00+00:00,86.91,85.7,69.3514,71.119995,1.922857,0.5,-6.38281028943311,6716.627096024563,0.0,6710.24428573513,0,81.14142608642578,10559.37
2019-02-27 00:00:00+00:00,85.24,87.0,69.45815,65.94953,1.899286,0.5,-6.38281028943311,6818.513378151709,0.0,6812.130567862276,0,81.14142608642578,10719.549
2019-02-28 00:00:00+00:00,87.02,86.23,69.5668,68.902435,1.9385719,0.5,-6.38281028943311,6758.1660239791445,0.0,6751.783213689711,0,81.30213928222656,10624.675
2019-03-01 00:00:00+00:00,86.72,88.17,69.6657,72.95551,1.9735718,0.5,-6.38281028943311,6910.210515871183,0.0,6903.82770558175,0,81.30213928222656,10863.707
2019-03-04 00:00:00+00:00,88.52,85.41,69.77045,74.595665,2.0728574,0.5,-6.38281028943311,6693.899451597187,0.0,6687.516641307754,0,82.24928283691406,10523.639
2019-03-05 00:00:00+00:00,84.89,85.04,69.86135,65.348305,2.2500005,0.5824175824175825,-6.38281028943311,6664.9010401717105,0.0,6658.518229882277,0,82.24928283691406,10478.05
2019-03-06 00:00:00+00:00,85.19,83.37,69.95145,61.290325,2.285001,0.5824175824175825,-6.38281028943311,6534.016892533432,0.0,6527.634082243999,0,82.24928283691406,10272.283
2019-03-07 00:00:00+00:00,82.84,82.45,70.0351,56.61893,2.2721438,0.5824175824175825,-6.38281028943311,6461.912683617981,0.0,6455.529873328548,0,82.24928283691406,10158.926
2019-03-08 00:00:00+00:00,81.83,82.12,70.1082,46.97064,2.1207156,0.5824175824175825,6420.0130740330305,0.0,0.0,6420.0130740330305,-1,0.0,10118.267
2019-03-11 00:00:00+00:00,82.62,84.17,70.18485,43.497757,2.0728586,0.5824175824175825,-6.420013074032795,6416.804671697182,0.0,6410.384658623149,1,75.75785827636719,10370.853
2019-03-12 00:00:00+00:00,84.05,84.9,70.2729,50.255817,2.1628587,0.5,-6.420013074032795,6472.4573147918,0.0,6466.037301717767,0,77.95142364501953,10460.799
2019-03-13 00:00:00+00:00,85.48,85.06,70.36455,53.22582,2.1657155,0.5,-6.420013074032795,6484.65517618782,0.0,6478.235163113787,0,78.41142272949219,10480.513
2019-03-14 00:00:00+00:00,85.11,84.31,70.4565,54.87873,2.1014295,0.5,-6.420013074032795,6427.4779281739975,0.0,6421.057915099965,0,78.56285095214844,10388.103
2019-03-15 00:00:00+00:00,83.89,84.8,70.535904,48.408016,2.1242862,0.5824175824175825,-6.420013074032795,6464.833978058578,0.0,6458.413964984546,0,78.56285095214844,10448.478
2019-03-18 00:00:00+00:00,84.82,85.62,70.6246,43.255527,2.0207143,0.5,-6.420013074032795,6527.347505090024,0.0,6520.927492015991,0,78.56285095214844,10549.512
2019-03-19 00:00:00+00:00,86.12,85.67,70.71335,49.734413,2.0514286,0.5,-6.420013074032795,6531.158739096898,0.0,6524.738726022865,0,79.557861328125,10555.672
2019-03-20 00:00:00+00:00,85.63,86.31,70.800354,45.184635,1.99,0.5,-6.420013074032795,6579.949685664313,0.0,6573.52967259028,0,79.557861328125,10634.527
2019-03-21 00:00:00+00:00,85.57,87.08,70.89235,50.292377,1.9492857,0.5,-6.420013074032795,6638.651948849783,0.0,6632.231935775751,0,80.33999633789062,10729.402
2019-03-22 00:00:00+00:00,86.75,85.34,70.98755,45.643497,1.9035715,0.3157894736842105,-6.420013074032795,6506.000514703823,0.0,6499.58050162979,0,81.23214721679688,10515.011
2019-03-25 00:00:00+00:00,85.28,86.02,71.0722,49.695354,1.758571,0.5824175824175825,-6.420013074032795,6557.841545588069,0.0,6551.421532514036,0,81.23214721679688,10598.796
2019-03-26 00:00:00+00:00,86.96,87.12,71.15955,54.152523,1.7535706,0.5,-6.420013074032795,6641.702035704941,0.0,6635.282022630909,0,81.23214721679688,10734.33
2019-03-27 00:00:00+00:00,87.04,86.02,71.25005,66.696335,1.7171423,0.5,-6.420013074032795,6557.841581697939,0.0,6551.421568623906,0,81.85929107666016,10598.796
2019-03-28 00:00:00+00:00,86.02,85.74,71.3301,65.64416,1.7421423,0.5824175824175825,-6.420013074032795,6536.495353180758,0.0,6530.075340106725,0,81.85929107666016,10564.295
2019-03-29 00:00:00+00:00,86.52,86.01,71.412,65.93305,1.7592856,0.5824175824175825,-6.420013074032795,6557.079769301404,0.0,6550.659756227371,0,81.85929107666016,10597.564
2019-04-01 00:00:00+00:00,87.36,85.95,71.48915,59.603336,1.6642854,0.5,-6.420013074032795,6552.505075937518,0.0,6546.085062863485,0,81.85929107666016,10590.171
2019-04-02 00:00:00+00:00,85.8,86.7,71.5662,55.892212,1.7000002,0.5,-6.420013074032795,6609.6822403792885,0.0,6603.262227305256,0,81.85929107666016,10682.58
2019-04-03 00:00:00+00:00,86.14,84.35,71.6315,58.63155,1.7578577,0.5,-6.420013074032795,6430.527370441316,0.0,6424.107357367283,0,81.85929107666016,10393.029
2019-04-04 00:00:00+00:00,84.43,83.22,71.68345,50.180183,1.8628578,0.5824175824175825,-6.420013074032795,6344.38080061287,0.0,6337.960787538837,0,81.85929107666016,10253.799
2019-04-05 00:00:00+00:00,83.62,84.76,71.73945,43.270874,1.9385719,0.5824175824175825,-6.420013074032795,6461.784935461172,0.0,6455.364922387139,0,81.85929107666016,10443.548
2019-04-08 00:00:00+00:00,84.75,84.43,71.79835,46.54896,1.9442858,0.5,-6.420013074032795,6436.626780974496,0.0,6430.206767900463,0,81.85929107666016,10402.887
2019-04-09 00:00:00+00:00,84.09,82.73,71.85335,45.133457,2.0600002,0.5824175824175825,-6.420013074032795,6307.025394412255,0.0,6300.605381338222,0,81.85929107666016,10193.426
2019-04-10 00:00:00+00:00,82.75,83.41,71.90455,37.02903,2.062143,0.5824175824175825,-6.420013074032795,6358.86586674625,0.0,6352.445853672217,0,81.85929107666016,10277.211
2019-04-11 00:00:00+00:00,83.62,81.06,71.95145,36.61564,2.0164287,0.5824175824175825,-6.420013074032795,6179.710150246141,0.0,6173.290137172108,0,81.85929107666016,9987.659
2019-04-12 00:00:00+00:00,81.38,79.4,71.9981,35.055893,2.0971434,0.5824175824175825,6037.65854897714,0.0,0.0,6037.65854897714,-1,0.0,9783.126
2019-04-15 00:00:00+00:00,79.33,78.15,72.06145,28.366055,2.1485722,0.5824175824175825,-6.037658548977561,6034.641228362959,0.0,6028.603569813981,1,73.10857391357422,9629.109
2019-04-16 00:00:00+00:00,78.53,76.98,72.1249,20.970892,2.240715,0.5824175824175825,-6.037658548977561,5944.295427812136,0.0,5938.2577692631585,0,73.10857391357422,9484.95
2019-04-17 00:00:00+00:00,77.14,74.32,72.181,20.876318,2.270001,0.5824175824175825,-6.037658548977561,5738.893381383535,0.0,5732.855722834557,0,73.10857391357422,9157.202
2019-04-18 00:00:00+00:00,74.74,73.96,72.2176,18.10058,2.385715,0.5824175824175825,-6.037658548977561,5711.094467230061,0.0,5705.056808681084,0,73.10857391357422,9112.845
2019-04-22 00:00:00+00:00,73.96,73.66,72.2443,16.509174,2.5457149,0.5824175824175825,-6.037658548977561,5687.929378958594,0.0,5681.891720409616,0,73.10857391357422,9075.882
2019-04-23 00:00:00+00:00,73.71,75.41,72.2712,16.291838,2.5592859,0.5824175824175825,-6.037658548977561,5823.06215493043,0.0,5817.024496381452,0,73.10857391357422,9291.505
2019-04-24 00:00:00+00:00,75.03,73.52,72.3018,20.644836,2.561428,0.5824175824175825,-6.037658548977561,5677.118180527016,0.0,5671.080521978039,0,73.10857391357422,9058.631
2019-04-25 00:00:00+00:00,73.03,73.94,72.31525,21.150774,2.4600003,0.5824175824175825,5694.948815654937,0.0,0.0,5694.948815654937,-1,0.0,9110.382
2019-04-26 00:00:00+00:00,74.41,75.03,72.32685,24.307884,2.4150004,0.5824175824175825,-5.694948815655152,5692.1027642728,0.0,5686.407815457145,1,66.55999755859375,9244.684
2019-04-29 00:00:00+00:00,74.43,74.38,72.3511,22.373655,2.3864293,0.5824175824175825,-5.694948815655152,5642.7907284574885,0.0,5637.095779641833,0,67.78499603271484,9164.595
2019-04-30 00:00:00+00:00,74.61,76.8,72.3716,21.974348,2.337858,0.5824175824175825,-5.694948815655152,5826.382717822968,0.0,5820.687769007312,0,67.78499603271484,9462.771
2019-05-01 00:00:00+00:00,77.17,78.91,72.3999,34.10189,2.6492865,0.5824175824175825,-5.694948815655152,5986.456328630771,0.0,5980.761379815116,0,69.78643035888672,9722.751
2019-05-02 00:00:00+00:00,79.25,80.94,72.4435,38.79483,2.7971437,0.5,-5.694948815655152,6140.460814497181,0.0,6134.765865681526,0,70.96214294433594,9972.873
2019-05-03 00:00:00+00:00,80.56,83.06,72.49765,49.69637,2.7714293,0.5,-5.694948815655152,6301.292920171693,0.0,6295.597971356038,0,72.54856872558594,10234.084
2019-05-06 00:00:00+00:00,81.74,85.0,72.5618,59.05043,2.8385723,0.5714285714285714,6433.102523847432,0.0,0.0,6433.102523847432,-1,0.0,10473.118
2019-05-07 00:00:00+00:00,84.04,83.23,72.63495,66.37971,2.9592862,0.5,-6.433102523847083,6429.887580057404,0.0,6423.454477533557,1,76.48428344726562,10255.031
2019-05-08 00:00:00+00:00,82.93,82.85,72.70055,64.52812,2.962143,0.5824175824175825,-6.433102523847083,6400.53054080653,0.0,6394.097438282683,0,76.48428344726562,10208.21
2019-05-09 00:00:00+00:00,82.25,82.02,72.7688,72.17887,2.8264291,0.5824175824175825,-6.433102523847083,6336.409320028505,0.0,6329.976217504658,0,76.48428344726562,10105.942
2019-05-10 00:00:00+00:00,81.92,80.68,72.8341,70.45683,2.745715,0.5824175824175825,-6.433102523847083,6232.8885222160525,0.0,6226.455419692205,0,76.48428344726562,9940.837
2019-05-13 00:00:00+00:00,79.38,75.75,72.89255,66.9238,2.855715,0.5824175824175825,-6.433102523847083,5852.024073610128,0.0,5845.590971086281,0,76.48428344726562,9333.3955
2019-05-14 00:00:00+00:00,76.14,76.11,72.9208,50.710693,3.0650012,0.5824175824175825,5864.583059623125,0.0,0.0,5864.583059623125,-1,0.0,9377.753
2019-05-15 00:00:00+00:00,75.46,75.99,72.9518,55.78384,3.0185726,0.5824175824175825,-5.864583059623328,5861.652233506373,0.0,5855.7876504467495,1,66.91499328613281,9362.967
2019-05-16 00:00:00+00:00,76.16,77.64,72.98855,54.6401,3.0314298,0.5824175824175825,-5.864583059623328,5988.928492698842,0.0,5983.063909639219,0,66.93428039550781,9566.269
2019-05-17 00:00:00+00:00,77.01,77.2,73.03385,55.76159,3.0992868,0.5824175824175825,-5.864583059623328,5954.987979500121,0.0,5949.123396440497,0,68.54570770263672,9512.055
2019-05-20 00:00:00+00:00,76.75,76.83,73.08715,56.28342,3.086429,0.5824175824175825,-5.864583059623328,5926.447566510526,0.0,5920.582983450902,0,68.54570770263672,9466.466
2019-05-21 00:00:00+00:00,77.08,78.68,73.14335,50.073563,2.7257144,0.5824175824175825,-5.864583059623328,6069.150997635148,0.0,6063.286414575525,0,68.54570770263672,9694.41
2019-05-22 00:00:00+00:00,78.5,79.02,73.2145,49.428703,2.6057146,0.5824175824175825,-5.864583059623328,6095.3771193603825,0.0,6089.512536300759,0,70.50285339355469,9736.302
2019-05-23 00:00:00+00:00,78.61,80.5,73.2944,44.793907,2.5371425,0.5824175824175825,-5.864583059623328,6209.540170099097,0.0,6203.675587039474,0,71.20285034179688,9918.657
2019-05-24 00:00:00+00:00,80.79,81.75,73.38815,42.809,2.4642851,0.5,-5.864583059623328,6305.961684070994,0.0,6300.097101011371,0,72.8885726928711,10072.674
2019-05-28 00:00:00+00:00,81.86,81.76,73.48185,40.502632,2.2942848,0.5,-5.864583059623328,6306.7329582428065,0.0,6300.868375183183,0,74.35714721679688,10073.905
2019-05-29 00:00:00+00:00,81.47,77.59,73.5726,45.211723,2.2814276,0.5824175824175825,-5.864583059623328,5985.070787858109,0.0,5979.2062047984855,0,74.87715148925781,9560.105
2019-05-30 00:00:00+00:00,77.87,78.74,73.63865,36.259144,2.4957135,0.5824175824175825,-5.864583059623328,6073.778690432168,0.0,6067.914107372545,0,74.87715148925781,9701.801
2019-05-31 00:00:00+00:00,77.95,78.63,73.71015,41.572464,2.4707134,0.5824175824175825,-5.864583059623328,6065.293538608031,0.0,6059.428955548407,0,74.87715148925781,9688.247
2019-06-03 00:00:00+00:00,78.99,79.56,73.77895,44.377396,2.3864276,0.5824175824175825,-5.864583059623328,6137.03133217522,0.0,6131.166749115597,0,74.87715148925781,9802.836
2019-06-04 00:00:00+00:00,80.68,81.56,73.8445,63.38719,2.1671414,0.5824175824175825,-5.864583059623328,6291.30561488964,0.0,6285.441031830017,0,74.87715148925781,10049.262
2019-06-05 00:00:00+00:00,82.11,81.02,73.91795,67.17074,2.2249985,0.5714285714285714,-5.864583059623328,6249.651610572003,0.0,6243.78702751238,0,75.0585708618164,9982.728
2019-06-06 00:00:00+00:00,81.06,79.86,73.9838,65.43891,2.215713,0.5824175824175825,-5.864583059623328,6160.172890457232,0.0,6154.308307397609,0,75.0585708618164,9839.801
2019-06-07 00:00:00+00:00,80.15,80.83,74.0391,57.02532,2.191427,0.5824175824175825,-5.864583059623328,6234.995795021217,0.0,6229.131211961594,0,75.0585708618164,9959.316
2019-06-10 00:00:00+00:00,80.78,76.8,74.098,61.11453,2.185713,0.5824175824175825,-5.864583059623328,5924.133022994883,0.0,5918.268439935259,0,75.0585708618164,9462.768
2019-06-11 00:00:00+00:00,76.88,75.56,74.1339,49.924965,2.4578564,0.5824175824175825,-5.864583059623328,5828.482652536046,0.0,5822.6180694764225,0,75.0585708618164,9309.983
2019-06-12 00:00:00+00:00,76.84,75.8,74.1643,41.950462,2.514999,0.5824175824175825,-5.864583059623328,5846.995845699539,0.0,5841.131262639916,0,75.0585708618164,9339.555
2019-06-13 00:00:00+00:00,75.74,76.37,74.1974,41.649403,2.5457137,0.5824175824175825,-5.864583059623328,5890.964325922071,0.0,5885.099742862448,0,75.0585708618164,9409.787
2019-06-14 00:00:00+00:00,76.3,77.71,74.22885,38.758865,2.4721425,0.5824175824175825,-5.864583059623328,5994.327525899886,0.0,5988.462942840262,0,75.0585708618164,9574.892
2019-06-17 00:00:00+00:00,79.07,81.84,74.2556,39.057426,2.492143,0.5824175824175825,-5.864583059623328,6312.903513784796,0.0,6307.038930725173,0,75.0585708618164,10083.761
2019-06-18 00:00:00+00:00,82.82,84.28,74.29555,50.177135,2.669286,0.5,-5.864583059623328,6501.117955179313,0.0,6495.25337211969,0,75.0585708618164,10384.401
2019-06-19 00:00:00+00:00,84.71,84.87,74.34655,66.04317,2.5650003,0.5,6530.944930189681,0.0,0.0,6530.944930189681,-1,0.0,10457.098
2019-06-20 00:00:00+00:00,85.6,86.57,74.40265,65.10597,2.5550003,0.5,6530.944930189681,0.0,0.0,6530.944930189681,0,0.0,10666.56
2019-06-21 00:00:00+00:00,87.25,88.7,74.46595,68.144424,2.527857,0.5,6530.944930189681,0.0,0.0,6530.944930189681,0,0.0,10929.004
2019-06-24 00:00:00+00:00,88.7,86.92,74.54025,69.80069,2.5614285,0.5,6530.944930189681,0.0,0.0,6530.944930189681,0,0.0,10709.686
2019-06-25 00:00:00+00:00,87.25,87.61,74.6037,61.723537,2.5978572,0.5,6530.944930189681,0.0,0.0,6530.944930189681,0,0.0,10794.703
2019-06-26 00:00:00+00:00,87.54,85.63,74.6807,64.31987,2.6314282,0.3157894736842105,6530.944930189681,0.0,0.0,6530.944930189681,0,0.0,10550.741
2019-06-27 00:00:00+00:00,86.06,84.72,74.763,62.106575,2.6985714,0.5824175824175825,6530.944930189681,0.0,0.0,6530.944930189681,0,0.0,10438.617
2019-06-28 00:00:00+00:00,84.59,84.96,74.8446,58.18258,2.715714,0.5824175824175825,-6.530944930189435,6527.681089644859,0.0,6521.150144714669,1,76.62428283691406,10468.188
2019-07-01 00:00:00+00:00,85.8,85.42,74.9353,70.42041,2.4971423,0.5824175824175825,-6.530944930189435,6563.023570748934,0.0,6556.492625818744,0,76.81285858154297,10524.865
2019-07-02 00:00:00+00:00,86.0,85.01,75.02985,75.677086,2.4342854,0.5,-6.530944930189435,6531.522480277088,0.0,6524.991535346899,0,77.92857360839844,10474.348
2019-07-03 00:00:00+00:00,84.84,86.52,75.1175,73.77389,2.4349997,0.5824175824175825,-6.530944930189435,6647.538921160811,0.0,6641.007976230621,0,77.92857360839844,10660.399
2019-07-05 00:00:00+00:00,85.61,85.28,75.20965,74.98769,2.537857,0.5,-6.530944930189435,6552.266813226269,0.0,6545.735868296079,0,79.21499633789062,10507.614
2019-07-08 00:00:00+00:00,84.74,83.01,75.30095,68.72836,2.5185711,0.5824175824175825,-6.530944930189435,6377.857378360331,0.0,6371.326433430141,0,79.21499633789062,10227.921
2019-07-09 00:00:00+00:00,82.48,83.82,75.3769,53.18803,2.3978565,0.5824175824175825,-6.530944930189435,6440.091722330831,0.0,6433.560777400641,0,79.21499633789062,10327.725
2019-07-10 00:00:00+00:00,83.94,83.77,75.45975,48.6244,2.3099992,0.5824175824175825,-6.530944930189435,6436.25005766149,0.0,6429.719112731301,0,79.21499633789062,10321.563
2019-07-11 00:00:00+00:00,83.81,81.23,75.5372,46.60072,2.3349986,0.5824175824175825,-6.530944930189435,6241.096123118204,0.0,6234.565178188014,0,79.21499633789062,10008.603
2019-07-12 00:00:00+00:00,81.38,80.1,75.6104,34.31256,2.4457135,0.5824175824175825,-6.530944930189435,6154.275063815476,0.0,6147.744118885286,0,79.21499633789062,9869.37
2019-07-15 00:00:00+00:00,79.99,81.39,75.6785,23.158525,2.4292848,0.5824175824175825,-6.530944930189435,6253.389273535532,0.0,6246.858328605343,0,79.21499633789062,10028.315
2019-07-16 00:00:00+00:00,81.35,79.88,75.75615,32.195736,2.3871417,0.5824175824175825,-6.530944930189435,6137.372262604802,0.0,6130.841317674613,0,79.21499633789062,9842.264
2019-07-17 00:00:00+00:00,79.91,80.23,75.81845,26.360823,2.3521423,0.5824175824175825,-6.530944930189435,6164.264120572691,0.0,6157.733175642502,0,79.21499633789062,9885.39
2019-07-18 00:00:00+00:00,80.35,81.31,75.8744,31.657612,2.239285,0.5824175824175825,-6.530944930189435,6247.242711151627,0.0,6240.711766221438,0,79.21499633789062,10018.458
2019-07-19 00:00:00+00:00,81.81,80.54,75.93555,38.54934,2.1892853,0.5714285714285714,-6.530944930189435,6188.082155105717,0.0,6181.551210175528,0,79.21499633789062,9923.585
2019-07-22 00:00:00+00:00,80.89,81.71,75.99415,35.667953,2.197857,0.5824175824175825,-6.530944930189435,6277.9761970615855,0.0,6271.445252131396,0,79.21499633789062,10067.744
2019-07-23 00:00:00+00:00,81.67,78.51,76.05345,38.49968,2.2264285,0.5824175824175825,-6.530944930189435,6032.112604888597,0.0,6025.581659958408,0,79.21499633789062,9673.463
2019-07-24 00:00:00+00:00,78.54,79.15,76.0963,32.822395,2.3235714,0.5824175824175825,6065.6321248483955,0.0,0.0,6065.6321248483955,-1,0.0,9752.318
2019-07-25 00:00:00+00:00,78.69,78.8,76.1611,29.584488,2.267857,0.5824175824175825,-6.06563212484798,6062.600824436177,0.0,6056.535192311329,1,72.17929077148438,9709.194
2019-07-26 00:00:00+00:00,79.34,80.15,76.2297,31.118881,2.2635715,0.5,-6.06563212484798,6166.464844817413,0.0,6160.399212692565,0,72.17929077148438,9875.531
2019-07-29 00:00:00+00:00,80.09,80.26,76.3096,41.194572,2.1907141,0.5824175824175825,-6.06563212484798,6174.928049887716,0.0,6168.862417762868,0,73.35928344726562,9889.085
2019-07-30 00:00:00+00:00,82.77,85.43,76.3834,38.545692,2.2271423,0.5824175824175825,-6.06563212484798,6572.689585085591,0.0,6566.623952960743,0,73.68785858154297,10526.096
2019-07-31 00:00:00+00:00,85.5,84.92,76.4913,54.017437,2.4771428,0.5,6517.585985709671,0.0,0.0,6517.585985709671,-1,0.0,10463.257
2019-08-01 00:00:00+00:00,84.52,84.85,76.60715,59.90337,2.3957138,0.5,6517.585985709671,0.0,0.0,6517.585985709671,0,0.0,10454.632
2019-08-02 00:00:00+00:00,84.73,83.47,76.7186,63.517365,2.4428575,0.5,6517.585985709671,0.0,0.0,6517.585985709671,0,0.0,10284.598
2019-08-05 00:00:00+00:00,82.32,80.92,76.8258,55.889023,2.5250003,0.5824175824175825,6517.585985709671,0.0,0.0,6517.585985709671,0,0.0,9970.404
2019-08-06 00:00:00+00:00,81.2,82.63,76.90585,52.780754,2.6414287,0.5824175824175825,-6.517585985709957,6514.328821299022,0.0,6507.811235313312,1,73.34500122070312,10181.098
2019-08-07 00:00:00+00:00,81.78,80.46,76.9938,55.982044,2.7407146,0.5824175824175825,-6.517585985709957,6343.25194324739,0.0,6336.73435726168,0,74.7057113647461,9913.726
2019-08-08 00:00:00+00:00,80.66,81.26,77.0739,47.990547,2.8478572,0.5824175824175825,-6.517585985709957,6406.322194572811,0.0,6399.804608587101,0,74.7057113647461,10012.297
2019-08-09 00:00:00+00:00,80.97,81.79,77.1499,51.69972,2.9385715,0.5824175824175825,-6.517585985709957,6448.106136107766,0.0,6441.588550122056,0,74.7057113647461,10077.6
2019-08-12 00:00:00+00:00,81.66,82.48,77.23295,50.194748,2.9514287,0.5824175824175825,-6.517585985709957,6502.504437130559,0.0,6495.986851144849,0,74.7057113647461,10162.617
2019-08-13 00:00:00+00:00,82.3,82.89,77.32015,61.009434,2.9421425,0.5824175824175825,-6.517585985709957,6534.827789529898,0.0,6528.310203544188,0,74.7057113647461,10213.135
2019-08-14 00:00:00+00:00,82.14,81.06,77.43,60.505615,2.9921422,0.5824175824175825,-6.517585985709957,6390.555123646948,0.0,6384.037537661238,0,74.7057113647461,9987.654
2019-08-15 00:00:00+00:00,80.96,80.61,77.51385,55.86098,3.019285,0.5824175824175825,-6.517585985709957,6355.078609989909,0.0,6348.561024004199,0,74.7057113647461,9932.209
2019-08-16 00:00:00+00:00,81.42,83.12,77.59715,51.251358,3.0,0.5824175824175825,-6.517585985709957,6552.960414457107,0.0,6546.442828471397,0,74.7057113647461,10241.474
2019-08-19 00:00:00+00:00,84.08,84.52,77.69615,56.88162,3.0307143,0.5824175824175825,-6.517585985709957,6663.3324543663075,0.0,6656.8148683805975,0,74.7057113647461,10413.972
2019-08-20 00:00:00+00:00,84.23,84.1,77.8136,47.325092,2.765714,0.5824175824175825,-6.517585985709957,6630.220761298726,0.0,6623.703175313016,0,75.4278564453125,10362.223
2019-08-21 00:00:00+00:00,84.75,86.07,77.91,47.57683,2.6492856,0.5824175824175825,-6.517585985709957,6785.530408545854,0.0,6779.012822560144,0,75.8028564453125,10604.952
2019-08-22 00:00:00+00:00,86.32,85.56,77.9982,53.241238,2.5792851,0.5,-6.517585985709957,6745.323311672668,0.0,6738.805725686958,0,78.12214660644531,10542.114
2019-08-23 00:00:00+00:00,85.56,81.91,78.08895,55.821716,2.4721425,0.5824175824175825,-6.517585985709957,6457.56743103905,0.0,6451.04984505334,0,78.12214660644531,10092.386
2019-08-26 00:00:00+00:00,82.29,82.81,78.15365,52.598442,2.529285,0.5824175824175825,-6.517585985709957,6528.520853548041,0.0,6522.003267562331,0,78.12214660644531,10203.278
2019-08-27 00:00:00+00:00,83.51,80.26,78.22505,50.493423,2.4742856,0.5824175824175825,-6.517585985709957,6327.486092209502,0.0,6320.968506223792,0,78.12214660644531,9889.085
2019-08-28 00:00:00+00:00,79.87,81.35,78.2812,49.46295,2.6021428,0.5824175824175825,-6.517585985709957,6413.418409653455,0.0,6406.900823667745,0,78.12214660644531,10023.387
2019-08-29 00:00:00+00:00,82.06,82.44,78.3446,50.23796,2.6057146,0.5824175824175825,-6.517585985709957,6499.351070043382,0.0,6492.833484057672,0,78.12214660644531,10157.688
2019-08-30 00:00:00+00:00,82.77,81.82,78.42665,51.66924,2.5085716,0.5824175824175825,-6.517585985709957,6450.471558650443,0.0,6443.953972664733,0,78.12214660644531,10081.296
2019-09-03 00:00:00+00:00,81.73,80.06,78.52145,48.298958,2.4264286,0.5824175824175825,-6.517585985709957,6311.717653930506,0.0,6305.200067944796,0,78.12214660644531,9864.44
2019-09-04 00:00:00+00:00,81.0,77.62,78.6031,43.180714,2.3957143,0.5824175824175825,-6.517585985709957,6119.3547623443565,0.0,6112.8371763586465,0,78.12214660644531,9563.801
2019-09-05 00:00:00+00:00,79.92,79.27,78.67045,41.94757,2.534286,0.5824175824175825,-6.517585985709957,6249.435607922846,0.0,6242.9180219371365,0,78.12214660644531,9767.101
2019-09-06 00:00:00+00:00,79.45,79.24,78.74165,47.03013,2.5792851,0.5824175824175825,-6.517585985709957,6247.070634695185,0.0,6240.553048709475,0,78.12214660644531,9763.404
2019-09-09 00:00:00+00:00,78.53,78.97,78.8053,40.33862,2.4571424,0.5824175824175825,-6.517585985709957,6225.78499392902,0.0,6219.26740794331,0,78.12214660644531,9730.138
2019-09-10 00:00:00+00:00,78.37,77.91,78.8789,35.356194,2.4842856,0.5824175824175825,-6.517585985709957,6142.21760686803,0.0,6135.70002088232,0,78.12214660644531,9599.532
2019-09-11 00:00:00+00:00,77.85,78.48,78.9505,34.201115,2.562857,0.5824175824175825,6171.356443863127,0.0,0.0,6171.356443863127,-1,0.0,9669.763
2019-09-12 00:00:00+00:00,78.75,76.07,79.02255,29.136866,2.5585713,0.5824175824175825,-6.17135644386326,6168.272307709273,0.0,6162.10095126541,1,74.6357192993164,9372.819
2019-09-13 00:00:00+00:00,76.4,76.43,79.07955,26.381258,2.7199996,0.5824175824175825,-6.17135644386326,6197.4635921683575,0.0,6191.292235724494,0,74.6357192993164,9417.176
2019-09-16 00:00:00+00:00,76.19,78.34,79.1248,33.69045,2.6049995,0.5824175824175825,-6.17135644386326,6352.338714209278,0.0,6346.167357765415,0,74.6357192993164,9652.512
2019-09-17 00:00:00+00:00,77.71,79.1,79.18055,37.450855,2.7007136,0.5824175824175825,-6.17135644386326,6413.965110019055,0.0,6407.793753575192,0,74.6357192993164,9746.154
2019-09-18 00:00:00+00:00,79.52,78.54,79.24725,46.379513,2.4971423,0.5824175824175825,-6.17135644386326,6368.556794365992,0.0,6362.385437922128,0,75.0489273071289,9677.155
2019-09-19 00:00:00+00:00,78.5,78.12,79.316,40.929634,2.4592853,0.5824175824175825,-6.17135644386326,6334.500619019609,0.0,6328.329262575746,0,75.0489273071289,9625.405
2019-09-20 00:00:00+00:00,78.52,81.21,79.38535,35.425087,2.471428,0.5824175824175825,-6.17135644386326,6585.058476401316,0.0,6578.887119957452,0,75.0489273071289,10006.134
2019-09-23 00:00:00+00:00,81.01,77.64,79.4498,48.23597,2.5707135,0.5,-6.17135644386326,6295.578683807401,0.0,6289.407327363538,0,75.0489273071289,9566.263
2019-09-24 00:00:00+00:00,78.38,76.95,79.5104,43.664917,2.781428,0.5824175824175825,-6.17135644386326,6239.628419562622,0.0,6233.457063118759,0,75.0489273071289,9481.245
2019-09-25 00:00:00+00:00,76.62,75.07,79.56965,48.069145,2.6792853,0.5824175824175825,-6.17135644386326,6087.1855152975195,0.0,6081.014158853656,0,75.0489273071289,9249.6045
2019-09-26 00:00:00+00:00,75.19,73.76,79.62245,38.054607,2.677143,0.5824175824175825,-6.17135644386326,5980.962103204439,0.0,5974.7907467605755,0,75.0489273071289,9088.196
2019-09-27 00:00:00+00:00,74.27,72.82,79.66415,35.471897,2.7907147,0.5824175824175825,5889.711841972969,0.0,0.0,5889.711841972969,-1,0.0,8972.375
2019-09-30 00:00:00+00:00,72.93,74.23,79.70025,34.254982,2.7971432,0.5824175824175825,-5.889711841972712,5886.768457744097,0.0,5880.878745902124,1,68.63392639160156,9146.105
2019-10-01 00:00:00+00:00,73.53,73.96,79.73305,40.744465,2.794286,0.5824175824175825,-5.889711841972712,5865.356082464799,0.0,5859.466370622827,0,70.03428649902344,9112.838
2019-10-02 00:00:00+00:00,73.97,73.04,79.7664,38.4576,2.7585711,0.5714285714285714,-5.889711841972712,5792.39614547204,0.0,5786.5064336300675,0,70.03428649902344,8999.482
2019-10-03 00:00:00+00:00,73.64,74.88,79.80035,41.62521,2.5521426,0.5824175824175825,-5.889711841972712,5938.316246953667,0.0,5932.426535111695,0,70.03428649902344,9226.194
2019-10-04 00:00:00+00:00,74.91,74.87,79.85065,46.03985,2.5557141,0.5824175824175825,-5.889711841972712,5937.523750148659,0.0,5931.634038306686,0,71.0517807006836,9224.963
2019-10-07 00:00:00+00:00,73.01,74.76,79.9037,40.18111,2.4842856,0.5824175824175825,-5.889711841972712,5928.800370601217,0.0,5922.910658759244,0,71.0517807006836,9211.41
2019-10-08 00:00:00+00:00,74.44,74.44,79.96375,37.250298,2.513571,0.5824175824175825,-5.889711841972712,5903.422802534263,0.0,5897.53309069229,0,71.0517807006836,9171.981
2019-10-09 00:00:00+00:00,75.13,74.68,80.0273,37.783073,2.452143,0.5824175824175825,-5.889711841972712,5922.455527593598,0.0,5916.565815751625,0,71.0517807006836,9201.552
2019-10-10 00:00:00+00:00,74.55,75.77,80.10735,39.638542,2.4778578,0.5,-5.889711841972712,6008.896778034249,0.0,6003.007066192276,0,71.0517807006836,9335.853
2019-10-11 00:00:00+00:00,76.28,76.12,80.1937,31.369843,2.3528583,0.5824175824175825,-5.889711841972712,6036.65403527512,0.0,6030.764323433147,0,72.05320739746094,9378.979
2019-10-14 00:00:00+00:00,76.39,77.46,80.2642,43.32163,2.0750012,0.5824175824175825,-5.889711841972712,6142.9218139152845,0.0,6137.032102073312,0,72.59071350097656,9544.084
2019-10-15 00:00:00+00:00,77.42,78.52,80.3398,52.119713,2.024287,0.5824175824175825,-5.889711841972712,6226.9839638911535,0.0,6221.094252049181,0,74.34749603271484,9674.689
2019-10-16 00:00:00+00:00,78.06,78.12,80.421,65.38805,1.9685724,0.5824175824175825,-5.889711841972712,6195.262645440112,0.0,6189.372933598139,0,75.48356628417969,9625.404
2019-10-17 00:00:00+00:00,78.35,77.43,80.49365,71.16508,1.8928577,0.5824175824175825,-5.889711841972712,6140.542530352055,0.0,6134.652818510082,0,75.48356628417969,9540.388
2019-10-18 00:00:00+00:00,77.64,77.76,80.563,72.935356,1.8235724,0.5824175824175825,-5.889711841972712,6166.713341593341,0.0,6160.823629751369,0,75.48356628417969,9581.049
2019-10-21 00:00:00+00:00,77.89,78.59,80.6115,69.67673,1.8257152,0.5824175824175825,-5.889711841972712,6232.535368225124,0.0,6226.645656383152,0,75.48356628417969,9683.314
2019-10-22 00:00:00+00:00,78.76,78.51,80.6431,74.291756,1.842144,0.5824175824175825,-5.889711841972712,6226.191466681317,0.0,6220.3017548393445,0,75.85142517089844,9673.458
2019-10-23 00:00:00+00:00,78.67,78.1,80.6646,81.47307,1.9100015,0.5824175824175825,-5.889711841972712,6193.676298995287,0.0,6187.786587153314,0,75.85142517089844,9622.94
2019-10-24 00:00:00+00:00,78.18,77.5,80.6806,72.176384,1.8214302,0.5824175824175825,-5.889711841972712,6146.093735942066,0.0,6140.204024100093,0,75.85142517089844,9549.013
2019-10-25 00:00:00+00:00,76.41,77.55,80.6996,66.75161,1.7507155,0.5824175824175825,-5.889711841972712,6150.05895392566,0.0,6144.169242083687,0,75.85142517089844,9555.174
2019-10-28 00:00:00+00:00,77.79,79.86,80.71175,67.907616,1.73143,0.5824175824175825,-5.889711841972712,6333.251884265743,0.0,6327.36217242377,0,75.85142517089844,9839.795
2019-10-29 00:00:00+00:00,80.0,83.35,80.7378,77.70965,1.7757155,0.5824175824175825,6594.219175625622,0.0,0.0,6594.219175625622,-1,0.0,10269.808
2019-10-30 00:00:00+00:00,83.06,83.66,80.78685,83.26942,2.1385722,0.5,6594.219175625622,0.0,0.0,6594.219175625622,0,0.0,10308.005
2019-10-31 00:00:00+00:00,83.78,83.92,80.81135,82.20413,2.0971434,0.5,6594.219175625622,0.0,0.0,6594.219175625622,0,0.0,10340.04
2019-11-01 00:00:00+00:00,84.14,83.58,80.84815,82.0724,2.1364288,0.5,6594.219175625622,0.0,0.0,6594.219175625622,0,0.0,10298.147
2019-11-04 00:00:00+00:00,84.36,84.43,80.8727,77.41941,2.1407144,0.5824175824175825,6594.219175625622,0.0,0.0,6594.219175625622,0,0.0,10402.879
2019-11-05 00:00:00+00:00,84.29,84.13,80.90275,76.98637,2.1307144,0.5824175824175825,6594.219175625622,0.0,0.0,6594.219175625622,0,0.0,10365.914
2019-11-06 00:00:00+00:00,84.06,83.68,80.93675,77.695854,2.1171434,0.5,6594.219175625622,0.0,0.0,6594.219175625622,0,0.0,10310.469
2019-11-07 00:00:00+00:00,83.84,82.76,80.97915,79.453384,2.0992863,0.5824175824175825,6594.219175625622,0.0,0.0,6594.219175625622,0,0.0,10197.112
2019-11-08 00:00:00+00:00,82.24,85.1,81.0079,72.321465,2.1007152,0.5824175824175825,6594.219175625622,0.0,0.0,6594.219175625622,0,0.0,10485.431
2019-11-11 00:00:00+00:00,85.11,84.86,81.03365,75.609795,2.2435722,0.5,-6.594219175625767,6590.923713768738,0.0,6584.329494593112,1,78.7978515625,10455.86
2019-11-12 00:00:00+00:00,84.88,86.14,81.05465,74.66979,2.196429,0.5,-6.594219175625767,6690.339036123397,0.0,6683.744816947771,0,78.7978515625,10613.572
2019-11-13 00:00:00+00:00,85.95,87.43,81.0889,79.25768,2.2514288,0.5,-6.594219175625767,6790.531325644257,0.0,6783.937106468631,0,79.55071258544922,10772.518
2019-11-14 00:00:00+00:00,87.56,85.79,81.12615,84.407524,2.3478572,0.5,-6.594219175625767,6663.155355707596,0.0,6656.56113653197,0,80.67571258544922,10570.448
2019-11-15 00:00:00+00:00,86.46,86.7,81.15215,75.71787,2.3542857,0.5824175824175825,-6.594219175625767,6733.833060941988,0.0,6727.238841766362,0,80.67571258544922,10682.572
2019-11-18 00:00:00+00:00,86.5,87.49,81.17105,73.39263,2.2728572,0.5,-6.594219175625767,6795.1909481917155,0.0,6788.59672901609,0,80.67571258544922,10779.91
2019-11-19 00:00:00+00:00,87.85,87.94,81.2005,67.36579,1.9085715,0.5,-6.594219175625767,6830.142170592575,0.0,6823.547951416949,0,80.67571258544922,10835.356
2019-11-20 00:00:00+00:00,87.73,88.9,81.2332,67.74463,1.9049999,0.5,-6.594219175625767,6904.703222811232,0.0,6898.109003635606,0,82.21428680419922,10953.641
2019-11-21 00:00:00+00:00,89.5,88.4,81.2706,69.51414,1.9607141,0.3157894736842105,-6.594219175625767,6865.8691399631325,0.0,6859.274920787507,0,83.18500518798828,10892.035
2019-11-22 00:00:00+00:00,89.29,88.73,81.31345,68.65327,1.9328569,0.5,-6.594219175625767,6891.499696560597,0.0,6884.905477384971,0,83.18500518798828,10932.694
2019-11-25 00:00:00+00:00,89.78,94.0,81.35275,67.33873,1.9535713,0.5,-6.594219175625767,7300.810978458307,0.0,7294.216759282681,0,83.18500518798828,11582.027
2019-11-26 00:00:00+00:00,94.0,93.76,81.4217,78.41108,2.2664282,0.5,7264.653328314991,0.0,0.0,7264.653328314991,-1,0.0,11552.457
2019-11-27 00:00:00+00:00,94.41,94.12,81.4835,79.37065,2.322142,0.5,7264.653328314991,0.0,0.0,7264.653328314991,0,0.0,11596.813
2019-11-29 00:00:00+00:00,94.89,94.16,81.5488,84.21689,2.239999,0.5,7264.653328314991,0.0,0.0,7264.653328314991,0,0.0,11601.741
2019-12-02 00:00:00+00:00,94.82,94.47,81.6025,81.67835,2.0614276,0.5,7264.653328314991,0.0,0.0,7264.653328314991,0,0.0,11639.9375
2019-12-03 00:00:00+00:00,94.2,94.1,81.6541,83.43773,2.114285,0.45454545454545453,7264.653328314991,0.0,0.0,7264.653328314991,0,0.0,11594.348
2019-12-04 00:00:00+00:00,93.81,95.0,81.7042,79.56909,2.0985706,0.3157894736842105,7264.653328314991,0.0,0.0,7264.653328314991,0,0.0,11705.24
2019-12-05 00:00:00+00:00,95.14,93.99,81.7605,78.95945,2.053571,0.45454545454545453,7264.653328314991,0.0,0.0,7264.653328314991,0,0.0,11580.794
2019-12-06 00:00:00+00:00,94.54,94.48,81.8138,82.95818,2.0428565,0.5,7264.653328314991,0.0,0.0,7264.653328314991,0,0.0,11641.169
2019-12-09 00:00:00+00:00,94.6,94.79,81.86195,82.362724,2.0464275,0.45454545454545453,7264.653328314991,0.0,0.0,7264.653328314991,0,0.0,11679.364
2019-12-10 00:00:00+00:00,94.64,95.72,81.9015,81.629105,2.0057132,0.3157894736842105,7264.653328314991,0.0,0.0,7264.653328314991,0,0.0,11793.953
2019-12-11 00:00:00+00:00,96.02,94.93,81.9516,82.36271,2.0978558,0.45454545454545453,7264.653328314991,0.0,0.0,7264.653328314991,0,0.0,11696.614
2019-12-12 00:00:00+00:00,94.67,92.85,81.99125,75.443016,2.0649986,0.5,7264.653328314991,0.0,0.0,7264.653328314991,0,0.0,11440.331
2019-12-13 00:00:00+00:00,91.58,91.51,82.02435,66.56737,2.0964274,0.5824175824175825,7264.653328314991,0.0,0.0,7264.653328314991,0,0.0,11275.226
2019-12-16 00:00:00+00:00,91.61,92.66,82.04105,59.626034,2.2278557,0.5824175824175825,-7.264653328315035,7261.0228169065385,0.0,7253.7581635782235,1,85.22071838378906,11416.921
2019-12-17 00:00:00+00:00,93.43,91.31,82.0773,43.507774,1.9485697,0.5,-7.264653328315035,7155.233625645572,0.0,7147.968972317257,0,85.9764404296875,11250.582
2019-12-18 00:00:00+00:00,90.84,91.18,82.10865,39.282585,1.9935701,0.5824175824175825,-7.264653328315035,7145.046601148649,0.0,7137.781947820334,0,85.9764404296875,11234.563
2019-12-19 00:00:00+00:00,90.9,91.14,82.1477,36.875004,2.0142844,0.5824175824175825,-7.264653328315035,7141.91213932945,0.0,7134.647486001135,0,85.9764404296875,11229.636
2019-12-20 00:00:00+00:00,92.01,90.1,82.19115,36.517853,1.9757129,0.5824175824175825,-7.264653328315035,7060.415699782273,0.0,7053.151046453958,0,85.9764404296875,11101.494
2019-12-23 00:00:00+00:00,90.68,90.16,82.23105,31.684841,2.014284,0.5824175824175825,-7.264653328315035,7065.118094090683,0.0,7057.853440762368,0,85.9764404296875,11108.887
2019-12-24 00:00:00+00:00,90.47,91.43,82.261,33.04652,2.03857,0.5824175824175825,-7.264653328315035,7164.637404592967,0.0,7157.372751264652,0,85.9764404296875,11265.367
2019-12-26 00:00:00+00:00,91.2,88.79,82.29365,35.11261,1.9985701,0.3157894736842105,-7.264653328315035,6957.761963729799,0.0,6950.497310401484,0,85.9764404296875,10940.086
2019-12-27 00:00:00+00:00,89.17,88.39,82.3123,30.910452,2.0814269,0.5824175824175825,-7.264653328315035,6926.416979869388,0.0,6919.152326541073,0,85.9764404296875,10890.8
2019-12-30 00:00:00+00:00,88.27,88.05,82.3327,27.494453,2.1128557,0.5824175824175825,-7.264653328315035,6899.774335858672,0.0,6892.509682530357,0,85.9764404296875,10848.908
2019-12-31 00:00:00+00:00,87.7,87.32,82.34895,25.14751,2.1214268,0.5714285714285714,-7.264653328315035,6842.569909866863,0.0,6835.305256538548,0,85.9764404296875,10758.963
2020-01-02 00:00:00+00:00,86.91,85.97,82.35745,18.562887,2.0321414,0.5824175824175825,-7.264653328315035,6736.781233821857,0.0,6729.516580493542,0,85.9764404296875,10592.625
2020-01-03 00:00:00+00:00,76.15,77.9,82.35895,17.816109,2.052856,0.5824175824175825,6087.9788342649845,0.0,0.0,6087.9788342649845,-1,0.0,9598.296
2020-01-06 00:00:00+00:00,77.27,77.34,82.3169,12.456067,2.661427,0.5824175824175825,-6.087978834265414,6084.936366081944,0.0,6078.848387247678,1,74.82071685791016,9529.296
2020-01-07 00:00:00+00:00,77.28,77.14,82.2682,12.96394,2.5678563,0.5824175824175825,-6.087978834265414,6069.20104001578,0.0,6063.113061181514,0,74.82071685791016,9504.654
2020-01-08 00:00:00+00:00,77.29,76.53,82.2272,7.3157387,2.5407138,0.5824175824175825,-6.087978834265414,6021.207688033076,0.0,6015.119709198811,0,74.82071685791016,9429.494
2020-01-09 00:00:00+00:00,76.5,77.95,82.17975,7.6261563,2.4628563,0.5824175824175825,-6.087978834265414,6132.930032841018,0.0,6126.842054006753,0,74.82071685791016,9604.456
2020-01-10 00:00:00+00:00,77.7,76.47,82.1339,14.682325,2.527142,0.5824175824175825,-6.087978834265414,6016.487380337696,0.0,6010.39940150343,0,74.82071685791016,9422.102
2020-01-13 00:00:00+00:00,76.58,77.1,82.08615,13.634111,2.619285,0.5824175824175825,-6.087978834265414,6066.053819294882,0.0,6059.965840460616,0,74.82071685791016,9499.726
2020-01-14 00:00:00+00:00,77.38,81.47,82.04295,17.105253,2.5821424,0.5824175824175825,-6.087978834265414,6409.876085532286,0.0,6403.788106698021,0,74.82071685791016,10038.167
2020-01-15 00:00:00+00:00,81.12,80.54,82.02025,31.948473,2.7399995,0.5824175824175825,-6.087978834265414,6336.705791462233,0.0,6330.617812627967,0,77.59678649902344,9923.579
2020-01-16 00:00:00+00:00,81.08,80.62,81.9932,27.05436,2.7742848,0.5824175824175825,-6.087978834265414,6343.000491293272,0.0,6336.912512459006,0,77.59678649902344,9933.4375
2020-01-17 00:00:00+00:00,80.98,80.5,81.9628,30.703829,2.648571,0.5824175824175825,-6.087978834265414,6333.558891967789,0.0,6327.470913133524,0,77.59678649902344,9918.651
2020-01-21 00:00:00+00:00,80.17,78.65,81.94355,31.115368,2.586428,0.5824175824175825,-6.087978834265414,6188.005185854464,0.0,6181.9172070201985,0,77.59678649902344,9690.707
2020-01-22 00:00:00+00:00,78.83,78.48,81.9207,29.017855,2.6464283,0.5824175824175825,-6.087978834265414,6174.630163916698,0.0,6168.542185082432,0,77.59678649902344,9669.762
2020-01-23 00:00:00+00:00,78.57,78.24,81.8893,29.76191,2.6557138,0.5,-6.087978834265414,6155.746940117812,0.0,6149.658961283547,0,77.59678649902344,9640.189
2020-01-24 00:00:00+00:00,78.15,76.74,81.85835,31.355518,2.5749996,0.5,-6.087978834265414,6037.730348596194,0.0,6031.642369761928,0,77.59678649902344,9455.37
2020-01-27 00:00:00+00:00,75.68,76.07,81.8284,45.903942,2.0121427,0.5,5969.950815375617,0.0,0.0,5969.950815375617,-1,0.0,9372.817
2020-01-28 00:00:00+00:00,79.0,76.46,81.7917,45.550117,1.9492853,0.5,5969.950815375617,0.0,0.0,5969.950815375617,0,0.0,9420.87
2020-01-29 00:00:00+00:00,76.09,74.99,81.7687,47.648685,2.1085706,0.5824175824175825,5969.950815375617,0.0,0.0,5969.950815375617,0,0.0,9239.746
2020-01-30 00:00:00+00:00,74.55,73.14,81.74665,44.97389,2.1278567,0.5824175824175825,-5.969950815375341,5966.967331709762,0.0,5960.997380894387,1,71.82714080810547,9011.802
2020-01-31 00:00:00+00:00,72.55,73.07,81.7216,34.730167,2.1157134,0.5824175824175825,-5.969950815375341,5961.256515657488,0.0,5955.286564842113,0,71.82714080810547,9003.178
2020-02-03 00:00:00+00:00,73.95,72.94,81.70205,38.145046,2.1035707,0.5,-5.969950815375341,5950.650966770275,0.0,5944.6810159548995,0,71.82714080810547,8987.16
2020-02-04 00:00:00+00:00,73.73,73.88,81.69515,34.971115,2.062142,0.5,-5.969950815375341,6027.338430699173,0.0,6021.368479883798,0,71.82714080810547,9102.9795
2020-02-05 00:00:00+00:00,74.56,76.0,81.69475,13.544636,1.8507129,0.5,-5.969950815375341,6200.2942674326205,0.0,6194.324316617245,0,71.82714080810547,9364.191
2020-02-06 00:00:00+00:00,76.19,75.81,81.70645,30.431028,1.9478563,0.5824175824175825,-5.969950815375341,6184.793176980355,0.0,6178.82322616498,0,73.22393035888672,9340.78
2020-02-07 00:00:00+00:00,75.66,74.14,81.70845,29.461975,1.9657135,0.5824175824175825,-5.969950815375341,6048.549950026517,0.0,6042.5799992111415,0,73.22393035888672,9135.015
2020-02-10 00:00:00+00:00,73.66,75.11,81.71155,26.018087,2.0135705,0.5824175824175825,-5.969950815375341,6127.685177893329,0.0,6121.715227077953,0,73.22393035888672,9254.531
2020-02-11 00:00:00+00:00,75.28,76.14,81.7174,35.70274,1.9928561,0.5824175824175825,-5.969950815375341,6211.715599202676,0.0,6205.7456483873,0,73.22393035888672,9381.44
2020-02-12 00:00:00+00:00,76.4,75.83,81.72295,41.163124,2.0185704,0.5824175824175825,-5.969950815375341,6186.425130424379,0.0,6180.455179609004,0,73.22393035888672,9343.245
2020-02-13 00:00:00+00:00,77.6,78.05,81.7302,40.946663,2.0492847,0.5824175824175825,-5.969950815375341,6367.538995281966,0.0,6361.569044466591,0,73.22393035888672,9616.778
2020-02-14 00:00:00+00:00,78.01,78.45,81.73645,54.66859,2.084999,0.5824175824175825,-5.969950815375341,6400.17140597599,0.0,6394.201455160614,0,74.97607421875,9666.062
2020-02-18 00:00:00+00:00,79.0,79.3,81.73415,58.648254,2.0499992,0.5824175824175825,-5.969950815375341,6469.517593002558,0.0,6463.547642187183,0,75.32249450683594,9770.795
2020-02-19 00:00:00+00:00,79.69,82.42,81.72595,59.985954,1.8721428,0.5824175824175825,-5.969950815375341,6724.055532425564,0.0,6718.0855816101885,0,76.22500610351562,10155.219
2020-02-20 00:00:00+00:00,82.0,82.77,81.72275,73.408966,1.9899995,0.5,6736.510190397388,0.0,0.0,6736.510190397388,-1,0.0,10198.343
2020-02-21 00:00:00+00:00,82.28,80.89,81.7116,83.507324,2.0021427,0.5,6736.510190397388,0.0,0.0,6736.510190397388,0,0.0,9966.703
2020-02-24 00:00:00+00:00,79.88,78.87,81.6999,74.16566,2.0471425,0.5824175824175825,6736.510190397388,0.0,0.0,6736.510190397388,0,0.0,9717.813
2020-02-25 00:00:00+00:00,79.06,77.32,81.68,66.408424,2.1857142,0.5824175824175825,-6.736510190396984,6733.143618588095,0.0,6726.407108397698,1,75.79928588867188,9526.833
2020-02-26 00:00:00+00:00,78.06,77.97,81.6565,59.207718,2.2814293,0.5824175824175825,-6.736510190396984,6789.746726992115,0.0,6783.010216801718,0,75.79928588867188,9606.921
2020-02-27 00:00:00+00:00,76.95,75.84,81.64295,55.723423,2.1957147,0.5824175824175825,-6.736510190396984,6604.2628017150055,0.0,6597.5262915246085,0,75.79928588867188,9344.478
2020-02-28 00:00:00+00:00,73.69,75.41,81.6434,50.078327,2.282143,0.5824175824175825,6550.231788937702,0.0,0.0,6550.231788937702,-1,0.0,9291.496
2020-03-02 00:00:00+00:00,75.73,79.06,81.6399,53.54552,2.3685722,0.5824175824175825,-6.550231788937708,6546.958309782811,0.0,6540.408077993873,1,71.98678588867188,9741.223
2020-03-03 00:00:00+00:00,78.55,77.8,81.65525,59.592037,2.5114293,0.5824175824175825,-6.550231788937708,6442.6180660387745,0.0,6436.067834249837,0,75.50714111328125,9585.975
2020-03-04 00:00:00+00:00,79.15,80.16,81.65605,53.986565,2.6164296,0.5824175824175825,-6.550231788937708,6638.049951557845,0.0,6631.499719768907,0,75.50714111328125,9876.758
2020-03-05 00:00:00+00:00,78.35,78.61,81.67085,59.466564,2.654286,0.5824175824175825,-6.550231788937708,6509.694342094101,0.0,6503.144110305163,0,76.23535919189453,9685.777
2020-03-06 00:00:00+00:00,75.18,76.04,81.67975,51.261257,2.563572,0.5824175824175825,6280.877178898548,0.0,0.0,6280.877178898548,-1,0.0,9369.12
2020-03-09 00:00:00+00:00,72.47,71.09,81.66655,45.0554,2.7621434,0.5824175824175825,-6.280877178898663,6277.738309743676,0.0,6271.457432564777,1,72.19464111328125,8759.215
2020-03-10 00:00:00+00:00,72.69,74.31,81.6269,35.581295,3.0350003,0.5824175824175825,-6.280877178898663,6562.086970233021,0.0,6555.806093054122,0,72.19464111328125,9155.961
2020-03-11 00:00:00+00:00,72.18,71.9,81.59595,35.806786,3.0892868,0.5824175824175825,6333.4628045038335,0.0,0.0,6333.4628045038335,-1,0.0,8859.019
2020-03-12 00:00:00+00:00,68.15,68.02,81.5467,32.25596,3.1714292,0.5714285714285714,-6.333462804504052,6330.297655675996,0.0,6323.964192871492,1,67.26606750488281,8380.951
2020-03-13 00:00:00+00:00,69.55,73.84,81.478,30.27888,3.2842865,0.5824175824175825,-6.333462804504052,6871.937316731766,0.0,6865.603853927262,0,67.26606750488281,9098.051
2020-03-16 00:00:00+00:00,67.95,71.6,81.45925,43.09634,3.4635723,0.5824175824175825,-6.333462804504052,6663.471301316101,0.0,6657.137838511597,0,68.91356658935547,8822.054
2020-03-17 00:00:00+00:00,73.11,70.37,81.42355,42.295258,3.841429,0.5824175824175825,-6.333462804504052,6549.001431748729,0.0,6542.667968944225,0,68.91356658935547,8670.502
2020-03-18 00:00:00+00:00,67.9,66.9,81.38225,39.920425,4.153572,0.5824175824175825,6210.392349424857,0.0,0.0,6210.392349424857,-1,0.0,8242.953
2020-03-19 00:00:00+00:00,66.3,66.51,81.31895,38.55021,4.6378584,0.5824175824175825,-6.210392349425092,6207.288705072321,0.0,6201.078312722896,1,60.66964340209961,8194.9
2020-03-20 00:00:00+00:00,67.26,66.96,81.2437,38.58974,4.7035723,0.5824175824175825,-6.210392349425092,6249.28624241643,0.0,6243.0758500670045,0,60.66964340209961,8250.346
2020-03-23 00:00:00+00:00,67.7,63.18,81.1734,33.10056,4.8578577,0.5824175824175825,-6.210392349425092,5896.503918491004,0.0,5890.293526141579,0,60.66964340209961,7784.6
2020-03-24 00:00:00+00:00,65.39,67.43,81.09,30.923796,5.0707145,0.5824175824175825,-6.210392349425092,6293.150729278874,0.0,6286.940336929449,0,60.66964340209961,8308.256
2020-03-25 00:00:00+00:00,66.75,69.59,81.023,34.1706,5.242858,0.5824175824175825,-6.210392349425092,6494.740516889338,0.0,6488.530124539913,0,60.66964340209961,8574.3955
2020-03-26 00:00:00+00:00,68.7,73.05,80.98695,38.95149,5.500715,0.5824175824175825,-6.210392349425092,6817.658558777184,0.0,6811.448166427759,0,61.7257080078125,9000.715
2020-03-27 00:00:00+00:00,71.2,68.96,80.9744,46.41573,5.5571437,0.875,-6.210392349425092,6435.944083129954,0.0,6429.733690780529,0,64.79893493652344,8496.772
2020-03-30 00:00:00+00:00,70.2,72.17,80.9402,47.392902,5.5200005,0.5824175824175825,-6.210392349425092,6735.529069058073,0.0,6729.318676708648,0,64.79893493652344,8892.286
2020-03-31 00:00:00+00:00,71.44,73.23,80.9192,47.38002,5.4857144,0.875,-6.210392349425092,6834.4582121375415,0.0,6828.247819788116,0,64.79893493652344,9022.894
2020-04-01 00:00:00+00:00,72.05,74.18,80.8968,51.68397,5.487858,0.5824175824175825,-6.210392349425092,6923.120488462488,0.0,6916.9100961130625,0,65.00143432617188,9139.945
2020-04-02 00:00:00+00:00,73.51,77.07,80.8585,58.424515,5.440715,0.5824175824175825,-6.210392349425092,7192.840172504986,0.0,7186.629780155561,0,65.94821166992188,9496.031
2020-04-03 00:00:00+00:00,77.59,78.59,80.82245,54.802265,5.292857,0.5824175824175825,7317.487387777,0.0,0.0,7317.487387777,-1,0.0,9683.314
2020-04-06 00:00:00+00:00,80.55,85.11,80.79105,60.61987,4.8792853,0.5824175824175825,-7.317487387776964,7313.83047254073,0.0,7306.512985152953,1,70.65071105957031,10486.665
2020-04-07 00:00:00+00:00,86.21,86.66,80.78375,69.29319,4.8821425,0.875,-7.317487387776964,7447.027922596868,0.0,7439.710435209091,0,70.65071105957031,10677.6455
2020-04-08 00:00:00+00:00,86.74,87.75,80.77355,77.232635,4.3978567,0.5824175824175825,-7.317487387776964,7540.6958306861625,0.0,7533.3783432983855,0,72.01358032226562,10811.947
2020-04-09 00:00:00+00:00,87.34,86.81,80.7777,78.71822,4.310714,0.5824175824175825,-7.317487387776964,7459.91789136163,0.0,7452.600403973853,0,74.55642700195312,10696.127
2020-04-13 00:00:00+00:00,85.68,88.01,80.7737,76.48785,4.0899997,0.5824175824175825,-7.317487387776964,7563.039245794261,0.0,7555.721758406484,0,74.55642700195312,10843.984
2020-04-14 00:00:00+00:00,88.24,91.28,80.7856,85.58325,3.835714,0.5824175824175825,-7.317487387776964,7844.0424090141205,0.0,7836.7249216263435,0,75.74000549316406,11246.89
2020-04-15 00:00:00+00:00,89.22,90.95,80.8184,85.1666,3.755714,0.5824175824175825,-7.317487387776964,7815.684155280227,0.0,7808.36666789245,0,79.77285766601562,11206.2295
2020-04-16 00:00:00+00:00,91.99,95.66,80.84835,83.291756,3.5478566,0.5,-7.317487387776964,8220.433273972229,0.0,8213.11578658445,0,79.77285766601562,11786.564
2020-04-17 00:00:00+00:00,97.83,100.0,80.89955,83.91837,3.591428,0.5,8573.178783029733,0.0,0.0,8573.178783029733,-1,0.0,12321.31
2020-04-20 00:00:00+00:00,99.8,101.19,80.9745,96.21797,3.5992846,0.5824175824175825,8573.178783029733,0.0,0.0,8573.178783029733,0,0.0,12467.934
2020-04-21 00:00:00+00:00,99.5,99.46,81.04785,95.97591,3.5671413,0.5,8573.178783029733,0.0,0.0,8573.178783029733,0,0.0,12254.774
2020-04-22 00:00:00+00:00,100.29,100.97,81.11875,90.69188,3.5614269,0.5,8573.178783029733,0.0,0.0,8573.178783029733,0,0.0,12440.827
2020-04-23 00:00:00+00:00,101.41,101.9,81.20855,90.85085,3.5057127,0.5,8573.178783029733,0.0,0.0,8573.178783029733,0,0.0,12555.416
2020-04-24 00:00:00+00:00,102.74,103.48,81.29895,90.269196,3.4871411,0.5,8573.178783029733,0.0,0.0,8573.178783029733,0,0.0,12750.093
2020-04-27 00:00:00+00:00,104.0,102.98,81.3975,90.2881,3.4821413,0.5,8573.178783029733,0.0,0.0,8573.178783029733,0,0.0,12688.486
2020-04-28 00:00:00+00:00,104.28,97.67,81.50625,85.926796,3.1785693,0.5,8573.178783029733,0.0,0.0,8573.178783029733,0,0.0,12034.225
2020-04-29 00:00:00+00:00,98.14,95.96,81.5941,69.22806,3.5299983,0.5,8573.178783029733,0.0,0.0,8573.178783029733,0,0.0,11823.53
2020-04-30 00:00:00+00:00,95.69,97.66,81.66695,64.03417,3.6099985,0.5824175824175825,8573.178783029733,0.0,0.0,8573.178783029733,0,0.0,12032.994
2020-05-01 00:00:00+00:00,97.25,97.3,81.75585,68.0773,3.6457126,0.45454545454545453,-8.573178783030016,8568.894335861802,0.0,8560.321157078772,1,86.83000946044922,11988.638
2020-05-04 00:00:00+00:00,97.71,100.99,81.8412,65.92388,3.6064274,0.5,-8.573178783030016,8893.860502617166,0.0,8885.287323834136,0,86.83000946044922,12443.293
2020-05-05 00:00:00+00:00,99.35,98.82,81.9396,66.407555,3.6314273,0.5,-8.573178783030016,8702.756022842246,0.0,8694.182844059216,0,90.17071533203125,12175.921
2020-05-06 00:00:00+00:00,96.84,96.08,82.031,62.519882,3.711427,0.5,-8.573178783030016,8461.453081967797,0.0,8452.879903184767,0,90.17071533203125,11838.317
2020-05-07 00:00:00+00:00,97.16,96.47,82.10285,50.71283,3.586427,0.5824175824175825,-8.573178783030016,8495.798765714255,0.0,8487.225586931225,0,90.17071533203125,11886.369
2020-05-08 00:00:00+00:00,96.88,95.92,82.19265,43.08115,3.415713,0.5824175824175825,-8.573178783030016,8447.361638628445,0.0,8438.788459845415,0,90.17071533203125,11818.601
2020-05-11 00:00:00+00:00,96.09,99.33,82.2765,39.4049,3.354285,0.5714285714285714,-8.573178783030016,8747.669358396746,0.0,8739.096179613716,0,90.17071533203125,12238.758
2020-05-12 00:00:00+00:00,100.0,96.74,82.37915,49.755184,3.404285,0.5,-8.573178783030016,8519.57591709737,0.0,8511.00273831434,0,90.17071533203125,11919.635
2020-05-13 00:00:00+00:00,96.98,96.45,82.4621,42.345276,3.466428,0.5824175824175825,-8.573178783030016,8494.036307237517,0.0,8485.463128454487,0,90.17071533203125,11883.902
2020-05-14 00:00:00+00:00,95.85,94.83,82.54305,39.903664,3.4435713,0.5824175824175825,-8.573178783030016,8351.368509006768,0.0,8342.795330223738,0,90.17071533203125,11684.297
2020-05-15 00:00:00+00:00,94.09,96.12,82.59005,33.99926,3.4650002,0.5824175824175825,-8.573178783030016,8464.974927934472,0.0,8456.401749151442,0,90.17071533203125,11843.242
2020-05-18 00:00:00+00:00,97.88,96.46,82.64605,37.670742,3.5021434,0.5824175824175825,-8.573178783030016,8494.91705135491,0.0,8486.34387257188,0,90.17071533203125,11885.134
2020-05-19 00:00:00+00:00,97.33,94.92,82.7041,47.3523,3.1471426,0.5824175824175825,-8.573178783030016,8359.294309946416,0.0,8350.721131163386,0,90.17071533203125,11695.386
2020-05-20 00:00:00+00:00,95.43,98.32,82.76135,47.70723,3.1014285,0.5824175824175825,-8.573178783030016,8658.721303837388,0.0,8650.148125054358,0,90.17071533203125,12114.311
2020-05-21 00:00:00+00:00,98.49,98.68,82.84835,51.35356,3.210714,0.5,-8.573178783030016,8690.425327299608,0.0,8681.852148516578,0,90.17071533203125,12158.667
2020-05-22 00:00:00+00:00,97.67,99.37,82.9286,52.830185,3.2071424,0.5,-8.573178783030016,8751.191736696506,0.0,8742.618557913476,0,90.17071533203125,12243.685
2020-05-26 00:00:00+00:00,100.41,98.68,83.02315,46.211426,3.083572,0.5,-8.573178783030016,8690.42554141417,0.0,8681.85236263114,0,90.17071533203125,12158.667
2020-05-27 00:00:00+00:00,98.73,98.22,83.11025,49.648243,3.0685718,0.5,-8.573178783030016,8649.915118807858,0.0,8641.341940024828,0,90.17071533203125,12101.989
2020-05-28 00:00:00+00:00,98.36,100.55,83.1924,56.07264,3.0507143,0.5824175824175825,-8.573178783030016,8855.11092231869,0.0,8846.53774353566,0,90.17071533203125,12389.076
2020-05-29 00:00:00+00:00,101.21,101.91,83.28275,60.429447,3.246429,0.5,-8.573178783030016,8974.881656671423,0.0,8966.308477888393,0,91.39785766601562,12556.6455
2020-06-01 00:00:00+00:00,101.7,101.75,83.37785,64.703,3.299286,0.5,-8.573178783030016,8960.79068009233,0.0,8952.2175013093,0,92.17071533203125,12536.931
2020-06-02 00:00:00+00:00,101.12,100.9,83.4813,57.06775,3.1614292,0.5,-8.573178783030016,8885.93429771119,0.0,8877.36111892816,0,92.17071533203125,12432.201
2020-06-03 00:00:00+00:00,100.81,98.83,83.58275,63.524063,3.1328578,0.5,-8.573178783030016,8703.63595859083,0.0,8695.0627798078,0,92.17071533203125,12177.149
2020-06-04 00:00:00+00:00,98.19,93.8,83.6613,56.934746,3.1342862,0.5,-8.573178783030016,8260.66046808839,0.0,8252.08728930536,0,92.17071533203125,11557.387
2020-06-05 00:00:00+00:00,93.17,93.51,83.7077,47.496357,3.3642857,0.5824175824175825,-8.573178783030016,8235.121042567509,0.0,8226.547863784479,0,92.17071533203125,11521.655
2020-06-08 00:00:00+00:00,91.87,94.58,83.75475,43.33163,3.5942857,0.572094286961032,8308.2855354039,0.0,0.0,8308.2855354039,-1,0.0,11653.493
2020-06-09 00:00:00+00:00,95.09,93.0,83.7973,45.36947,3.6557143,0.5824175824175825,-8.308285535404138,8304.133468669566,0.0,8295.825183134162,1,83.7971420288086,11458.816
2020-06-10 00:00:00+00:00,94.19,93.04,83.8345,45.280243,3.6235712,0.5824175824175825,-8.308285535404138,8307.705135572462,0.0,8299.396850037057,0,83.7971420288086,11463.745
2020-06-11 00:00:00+00:00,93.39,90.81,83.89015,34.45231,3.4249997,0.5,-8.308285535404138,8108.584233206038,0.0,8100.275947670634,0,83.7971420288086,11188.9795
2020-06-12 00:00:00+00:00,92.35,92.07,83.93015,29.124676,3.513571,0.5824175824175825,-8.308285535404138,8221.091867923926,0.0,8212.783582388522,0,83.7971420288086,11344.228
2020-06-15 00:00:00+00:00,90.49,93.51,83.9892,31.204948,3.6121423,0.5824175824175825,-8.308285535404138,8349.671872266914,0.0,8341.36358673151,0,83.7971420288086,11521.654
2020-06-16 00:00:00+00:00,94.45,95.53,84.05,37.18395,3.591428,0.5824175824175825,-8.308285535404138,8530.040777331196,0.0,8521.732491795792,0,83.7971420288086,11770.544
2020-06-17 00:00:00+00:00,96.24,96.28,84.11545,43.8104,3.527857,0.5,-8.308285535404138,8597.009149856587,0.0,8588.700864321183,0,84.7557144165039,11862.953
2020-06-18 00:00:00+00:00,96.28,97.36,84.18775,39.40446,3.3357136,0.5,-8.308285535404138,8693.444859688683,0.0,8685.136574153279,0,85.69642639160156,11996.023
2020-06-19 00:00:00+00:00,98.34,105.4,84.274254,38.550575,3.269285,0.5,-8.308285535404138,9411.350314865735,0.0,9403.04202933033,0,87.35285949707031,12986.656
2020-06-22 00:00:00+00:00,104.84,108.93,84.41315,56.576576,3.7578561,0.5,9703.652369942514,0.0,0.0,9703.652369942514,-1,0.0,13421.599
2020-06-23 00:00:00+00:00,109.46,106.52,84.56145,63.19421,3.8828561,0.5824175824175825,9703.652369942514,0.0,0.0,9703.652369942514,0,0.0,13124.654
2020-06-24 00:00:00+00:00,105.65,104.33,84.69785,62.495926,3.9449992,0.5,-9.703652369942574,9698.802968458285,0.0,9689.099316088343,1,94.87142944335938,12854.818
2020-06-25 00:00:00+00:00,105.08,105.95,84.82465,68.85069,3.801428,0.5,-9.703652369942574,9849.402159725363,0.0,9839.69850735542,0,94.87142944335938,13054.422
2020-06-26 00:00:00+00:00,105.3,101.43,84.96485,71.25768,3.5349994,0.5,-9.703652369942574,9429.210832987465,0.0,9419.507180617522,0,94.87142944335938,12497.499
2020-06-29 00:00:00+00:00,101.48,102.48,85.0796,60.470802,3.6492848,0.5824175824175825,-9.703652369942574,9526.822169639005,0.0,9517.118517269062,0,94.87142944335938,12626.873
2020-06-30 00:00:00+00:00,102.53,103.97,85.21165,64.72965,3.729285,0.5,-9.703652369942574,9665.336076346772,0.0,9655.63242397683,0,94.87142944335938,12810.46
2020-07-01 00:00:00+00:00,103.99,102.65,85.34935,66.250374,3.7857137,0.5824175824175825,-9.703652369942574,9542.625277351868,0.0,9532.921624981926,0,94.87142944335938,12647.819
2020-07-02 00:00:00+00:00,102.82,106.47,85.4709,68.09292,3.7921426,0.5824175824175825,-9.703652369942574,9897.742648205469,0.0,9888.038995835526,0,94.87142944335938,13118.493
2020-07-06 00:00:00+00:00,106.58,107.79,85.60775,70.40817,3.8728566,0.5,-9.703652369942574,10020.453726510239,0.0,10010.750074140296,0,95.09357452392578,13281.136
2020-07-07 00:00:00+00:00,107.73,108.65,85.754,70.307175,3.8357146,0.5,-9.703652369942574,10100.401308636841,0.0,10090.697656266899,0,96.17143249511719,13387.099
2020-07-08 00:00:00+00:00,108.56,108.27,85.90665,69.29413,3.9214287,0.5,-9.703652369942574,10065.074741440621,0.0,10055.371089070679,0,97.14286041259766,13340.276
2020-07-09 00:00:00+00:00,108.0,107.87,86.041954,67.82635,3.9150004,0.45454545454545453,-9.703652369942574,10027.890177409023,0.0,10018.18652503908,0,97.14286041259766,13290.992
2020-07-10 00:00:00+00:00,107.74,104.76,86.1931,65.94842,4.0314293,0.5,-9.703652369942574,9738.776024597648,0.0,9729.072372227705,0,97.14286041259766,12907.8
2020-07-13 00:00:00+00:00,104.52,100.56,86.33215,48.85796,3.6550004,0.5,-9.703652369942574,9348.33200211519,0.0,9338.628349745248,0,97.14286041259766,12390.304
2020-07-14 00:00:00+00:00,100.2,103.02,86.4596,35.41303,3.6714292,0.5824175824175825,-9.703652369942574,9577.020785580344,0.0,9567.317133210401,0,97.14286041259766,12693.409
2020-07-15 00:00:00+00:00,103.26,104.25,86.6059,43.910923,3.755715,0.5,-9.703652369942574,9691.364728792352,0.0,9681.66107642241,0,97.14286041259766,12844.961
2020-07-16 00:00:00+00:00,103.83,101.58,86.763054,49.856007,3.650001,0.5,-9.703652369942574,9443.154149020667,0.0,9433.450496650725,0,97.14286041259766,12515.981
2020-07-17 00:00:00+00:00,102.32,104.11,86.8998,42.421097,3.7914298,0.5824175824175825,-9.703652369942574,9678.350219633221,0.0,9668.646567263278,0,97.14286041259766,12827.711
2020-07-20 00:00:00+00:00,105.19,109.69,87.05055,54.99255,3.6821446,0.5,-9.703652369942574,10197.082806595017,0.0,10187.379154225075,0,97.14286041259766,13515.241
2020-07-21 00:00:00+00:00,109.67,106.65,87.2338,61.491867,3.832859,0.5,-9.703652369942574,9914.475848041935,0.0,9904.772195671992,0,98.64356994628906,13140.674
2020-07-22 00:00:00+00:00,107.06,105.37,87.39265,54.070473,3.8592877,0.5,-9.703652369942574,9795.483577345174,0.0,9785.779924975232,0,98.64356994628906,12982.961
2020-07-23 00:00:00+00:00,106.33,101.68,87.54515,54.136253,3.8878589,0.5,-9.703652369942574,9452.45105808131,0.0,9442.747405711367,0,98.64356994628906,12528.305
2020-07-24 00:00:00+00:00,100.72,99.42,87.67975,42.687023,3.9464297,0.5824175824175825,-9.703652369942574,9242.354910305088,0.0,9232.651257935146,0,98.64356994628906,12249.843
2020-07-27 00:00:00+00:00,100.15,102.09,87.80465,37.577915,3.9771435,0.5824175824175825,-9.703652369942574,9490.56488732432,0.0,9480.861234954378,0,98.64356994628906,12578.821
2020-07-28 00:00:00+00:00,101.76,100.61,87.9417,40.76056,3.9600008,0.5,-9.703652369942574,9352.980338056424,0.0,9343.276685686482,0,98.64356994628906,12396.467
2020-07-29 00:00:00+00:00,101.09,98.04,88.0659,39.535522,3.9557152,0.5824175824175825,-9.703652369942574,9114.06625042249,0.0,9104.362598052547,0,98.64356994628906,12079.81
2020-07-30 00:00:00+00:00,97.32,100.51,88.1755,37.32267,3.9592862,0.5824175824175825,9319.965129250353,0.0,0.0,9319.965129250353,-1,0.0,12384.146
2020-07-31 00:00:00+00:00,100.39,98.76,88.29075,44.42696,3.9742868,0.5,-9.319965129250704,9315.307475512598,0.0,9305.987510383347,1,88.63214111328125,12168.523
2020-08-03 00:00:00+00:00,100.95,101.79,88.39195,47.477585,3.8392868,0.5824175824175825,-9.319965129250704,9601.105002795168,0.0,9591.785037665917,0,88.63214111328125,12541.858
2020-08-04 00:00:00+00:00,101.0,99.95,88.5103,48.303455,3.7285724,0.5,-9.319965129250704,9427.550825659182,0.0,9418.230860529931,0,90.27214050292969,12315.1455
2020-08-05 00:00:00+00:00,100.0,97.62,88.6229,44.167114,3.9207149,0.5824175824175825,-9.319965129250704,9207.779390510548,0.0,9198.459425381297,0,90.27214050292969,12028.06
2020-08-06 00:00:00+00:00,97.8,97.25,88.7222,44.578316,3.9457147,0.5824175824175825,-9.319965129250704,9172.879518479183,0.0,9163.559553349933,0,90.27214050292969,11982.471
2020-08-07 00:00:00+00:00,97.25,96.93,88.8155,40.01746,3.8000004,0.5824175824175825,-9.319965129250704,9142.69639311335,0.0,9133.3764279841,0,90.27214050292969,11943.042
2020-08-10 00:00:00+00:00,96.76,94.32,88.9076,28.075596,3.5514286,0.5824175824175825,-9.319965129250704,8896.51432891542,0.0,8887.19436378617,0,90.27214050292969,11621.456
2020-08-11 00:00:00+00:00,94.12,92.98,88.9887,28.496681,3.6221428,0.5824175824175825,-9.319965129250704,8770.122031180208,0.0,8760.802066050957,0,90.27214050292969,11456.352
2020-08-12 00:00:00+00:00,93.05,94.22,89.0661,28.437172,3.5171432,0.5824175824175825,-9.319965129250704,8887.081971598474,0.0,8877.762006469224,0,90.27214050292969,11609.135
2020-08-13 00:00:00+00:00,94.59,95.56,89.14945,35.806694,3.2414296,0.5824175824175825,-9.319965129250704,9013.474281318706,0.0,9004.154316189455,0,90.27214050292969,11774.239
2020-08-14 00:00:00+00:00,95.62,94.87,89.22795,42.389584,3.0971434,0.5,-9.319965129250704,8948.391892922846,0.0,8939.071927793595,0,90.27214050292969,11689.223
2020-08-17 00:00:00+00:00,95.3,97.48,89.28555,34.559456,3.0171432,0.5824175824175825,-9.319965129250704,9194.574308149844,0.0,9185.254343020593,0,90.27214050292969,12010.81
2020-08-18 00:00:00+00:00,97.51,97.56,89.35465,43.614853,3.0750003,0.5,-9.319965129250704,9202.119713720984,0.0,9192.799748591733,0,90.27214050292969,12020.665
2020-08-19 00:00:00+00:00,96.96,96.27,89.42285,48.910072,2.937143,0.5,-9.319965129250704,9080.44344543117,0.0,9071.12348030192,0,90.27214050292969,11861.72
2020-08-20 00:00:00+00:00,96.05,95.53,89.4863,39.827232,2.8085709,0.5824175824175825,-9.319965129250704,9010.645031488937,0.0,9001.325066359686,0,90.27214050292969,11770.543
2020-08-21 00:00:00+00:00,95.5,94.11,89.5418,41.85576,2.715713,0.5824175824175825,-9.319965129250704,8876.706796412698,0.0,8867.386831283447,0,90.27214050292969,11595.581
2020-08-24 00:00:00+00:00,94.56,94.04,89.5917,28.924232,2.6078563,0.5824175824175825,-9.319965129250704,8870.104245422568,0.0,8860.784280293317,0,90.27214050292969,11586.956
2020-08-25 00:00:00+00:00,94.04,95.31,89.6435,32.036457,2.3892844,0.5,-9.319965129250704,8989.893786148656,0.0,8980.573821019405,0,90.27214050292969,11743.436
2020-08-26 00:00:00+00:00,94.02,93.75,89.70625,42.4951,2.1828558,0.5,-9.319965129250704,8842.750672335387,0.0,8833.430707206137,0,90.27214050292969,11551.224
2020-08-27 00:00:00+00:00,94.41,94.3,89.749504,39.445095,2.2399983,0.5824175824175825,-9.319965129250704,8894.627966975648,0.0,8885.308001846397,0,90.27214050292969,11618.991
2020-08-28 00:00:00+00:00,94.13,93.9,89.7967,42.177273,2.209284,0.5,-9.319965129250704,8856.898519259305,0.0,8847.578554130054,0,90.27214050292969,11569.705
2020-08-31 00:00:00+00:00,93.79,96.35,89.8355,48.56165,1.979284,0.5,-9.319965129250704,9087.988956755886,0.0,9078.668991626635,0,90.27214050292969,11871.576
2020-09-01 00:00:00+00:00,95.62,92.97,89.880104,60.725655,2.0535698,0.5,-9.319965129250704,8769.178370036576,0.0,8759.858404907325,0,90.41214752197266,11455.116
2020-09-02 00:00:00+00:00,93.09,95.44,89.916,46.498596,2.2157123,0.5824175824175825,-9.319965129250704,9002.155248514695,0.0,8992.835283385444,0,90.41214752197266,11759.453
2020-09-03 00:00:00+00:00,95.98,91.57,89.9597,49.68389,2.3135703,0.5,-9.319965129250704,8637.126496690522,0.0,8627.806531561271,0,90.41214752197266,11282.618
2020-09-04 00:00:00+00:00,91.63,90.49,89.9801,42.554142,2.5442848,0.5824175824175825,-9.319965129250704,8535.257902667972,0.0,8525.937937538722,0,90.41214752197266,11149.548
2020-09-08 00:00:00+00:00,88.94,89.73,89.99285,33.05863,2.5321422,0.5576208178438661,8441.55791616739,0.0,0.0,8441.55791616739,-1,0.0,11055.907
2020-09-09 00:00:00+00:00,90.2,91.51,89.997,31.62835,2.589999,0.5576208178438661,-8.441557916166857,8437.33924654412,0.0,8428.897688627952,1,85.93179321289062,11275.226
2020-09-10 00:00:00+00:00,90.83,88.26,90.01255,39.082577,2.658571,0.5576208178438661,-8.441557916166857,8137.685044199966,0.0,8129.243486283799,0,85.93179321289062,10874.784
2020-09-11 00:00:00+00:00,89.04,88.0,90.0102,35.047306,2.812857,0.5576208178438661,-8.441557916166857,8113.712723170094,0.0,8105.271165253927,0,85.93179321289062,10842.749
2020-09-14 00:00:00+00:00,91.0,93.15,89.9802,36.80345,2.8557134,0.5576208178438661,-8.441557916166857,8588.549109005451,0.0,8580.107551089284,0,85.93179321289062,11477.296
2020-09-15 00:00:00+00:00,93.5,91.43,89.97715,48.423664,3.1799998,0.5576208178438661,-8.441557916166857,8429.96272375955,0.0,8421.521165843384,0,85.93179321289062,11265.37
2020-09-16 00:00:00+00:00,92.6,89.94,89.9637,43.23571,3.2407138,0.5576208178438661,-8.441557916166857,8292.582781328783,0.0,8284.141223412616,0,85.93179321289062,11081.782
2020-09-17 00:00:00+00:00,86.62,90.42,89.942604,43.34149,3.2949998,0.5576208178438661,-8.441557916166857,8336.83930619409,0.0,8328.397748277923,0,85.93179321289062,11140.925
2020-09-18 00:00:00+00:00,90.76,86.79,89.92235,43.20251,3.482143,0.5576208178438661,-8.441557916166857,8002.149108739634,0.0,7993.7075508234675,0,85.93179321289062,10693.662
2020-09-21 00:00:00+00:00,86.37,85.39,89.8858,38.810192,3.792857,0.5576208178438661,-8.441557916166857,7873.0670478305765,0.0,7864.62548991441,0,85.93179321289062,10521.164
2020-09-22 00:00:00+00:00,85.88,86.93,89.83775,32.161457,3.7014287,0.5576208178438661,7994.593156403052,0.0,0.0,7994.593156403052,-1,0.0,10710.913
2020-09-23 00:00:00+00:00,86.7,85.97,89.80245,39.542934,3.5657141,0.5576208178438661,-7.994593156403425,7990.597857474315,0.0,7982.603264317911,1,81.37785339355469,10592.629
2020-09-24 00:00:00+00:00,84.99,85.07,89.7599,32.70003,3.5228572,0.5576208178438661,-7.994593156403425,7906.946038489972,0.0,7898.951445333569,0,81.37785339355469,10481.736
2020-09-25 00:00:00+00:00,84.68,86.55,89.7113,36.680325,3.3528569,0.5576208178438661,-7.994593156403425,8044.5073134718605,0.0,8036.512720315457,0,81.37785339355469,10664.094
2020-09-28 00:00:00+00:00,87.71,90.36,89.66545,42.05646,3.390714,0.5576208178438661,-7.994593156403425,8398.632735611945,0.0,8390.638142455542,0,81.52072143554688,11133.535
2020-09-29 00:00:00+00:00,90.22,87.43,89.6426,51.131054,3.481428,0.5576208178438661,-7.994593156403425,8126.299674733629,0.0,8118.305081577226,0,81.52072143554688,10772.5205
2020-09-30 00:00:00+00:00,87.87,89.74,89.6155,42.965515,3.4971423,0.5576208178438661,-7.994593156403425,8341.005208084247,0.0,8333.010614927844,0,82.20785522460938,11057.142
2020-10-01 00:00:00+00:00,90.1,92.43,89.60665,52.6372,3.4549997,0.5576208178438661,-7.994593156403425,8591.031289001177,0.0,8583.036695844774,0,82.20785522460938,11388.586
2020-10-02 00:00:00+00:00,91.19,88.75,89.6055,57.26468,3.4835718,0.5576208178438661,-7.994593156403425,8248.988521177227,0.0,8240.993928020824,0,82.20785522460938,10935.161
2020-10-05 00:00:00+00:00,89.26,92.3,89.5927,42.419018,3.3857143,0.5576208178438661,-7.994593156403425,8578.948730706437,0.0,8570.954137550034,0,83.52464294433594,11372.568
2020-10-06 00:00:00+00:00,91.97,88.6,89.5983,51.410053,3.4564285,0.5576208178438661,-7.994593156403425,8235.046590140075,0.0,8227.051996983671,0,83.52464294433594,10916.679
2020-10-07 00:00:00+00:00,89.68,90.45,89.5856,47.973377,3.5192854,0.5576208178438661,-7.994593156403425,8406.997175456396,0.0,8399.002582299992,0,83.52464294433594,11144.623
2020-10-08 00:00:00+00:00,90.71,92.78,89.58735,50.043564,3.3742855,0.5576208178438661,-7.994593156403425,8623.561881619986,0.0,8615.567288463582,0,83.52464294433594,11431.708
2020-10-09 00:00:00+00:00,92.99,95.74,89.60045,59.04014,3.2157147,0.5576208178438661,-7.994593156403425,8898.682706024767,0.0,8890.688112868364,0,83.52464294433594,11796.418
2020-10-12 00:00:00+00:00,97.03,97.7,89.622,64.91784,3.3728573,0.5576208178438661,9059.24110213637,0.0,0.0,9059.24110213637,-1,0.0,12037.915
2020-10-13 00:00:00+00:00,97.26,97.08,89.66655,65.3375,3.4228575,0.5576208178438661,-9.059241102137094,9054.713745263738,0.0,9045.654504161601,1,87.5814208984375,11961.523
2020-10-14 00:00:00+00:00,94.43,93.35,89.71,65.97642,3.4150004,0.5576208178438661,-9.059241102137094,8706.814177690923,0.0,8697.754936588786,0,87.5814208984375,11501.938
2020-10-15 00:00:00+00:00,91.3,90.53,89.7365,61.010635,3.5000005,0.5576208178438661,-9.059241102137094,8443.791023649663,0.0,8434.731782547526,0,87.5814208984375,11154.478
2020-10-16 00:00:00+00:00,91.11,90.63,89.75255,55.11042,3.4885716,0.5576208178438661,-9.059241102137094,8453.11797844659,0.0,8444.058737344452,0,87.5814208984375,11166.799
2020-10-19 00:00:00+00:00,91.04,87.76,89.77585,50.38319,3.3607152,0.5576208178438661,-9.059241102137094,8185.43162980478,0.0,8176.372388702643,0,87.5814208984375,10813.178
2020-10-20 00:00:00+00:00,88.62,89.31,89.82515,50.469154,3.4442863,0.5576208178438661,-9.059241102137094,8330.001167373899,0.0,8320.941926271762,0,87.5814208984375,11004.158
2020-10-21 00:00:00+00:00,89.1,88.6,89.885,49.37518,3.3564289,0.5576208178438661,-9.059241102137094,8263.779081677461,0.0,8254.719840575324,0,87.5814208984375,10916.677
2020-10-22 00:00:00+00:00,88.92,90.49,89.9423,44.09497,3.2285712,0.5576208178438661,-9.059241102137094,8440.060257766712,0.0,8431.001016664575,0,87.5814208984375,11149.548
2020-10-23 00:00:00+00:00,90.82,89.69,90.0121,52.839424,3.015714,0.5576208178438661,-9.059241102137094,8365.444384814224,0.0,8356.385143712087,0,87.5814208984375,11050.979
2020-10-26 00:00:00+00:00,88.82,90.44,90.0708,45.3209,2.888571,0.5576208178438661,-9.059241102137094,8435.397686632781,0.0,8426.338445530644,0,87.5814208984375,11143.389
2020-10-27 00:00:00+00:00,90.17,88.35,90.14065,53.688866,2.7392857,0.5294117647058824,-9.059241102137094,8240.461911729084,0.0,8231.402670626947,0,87.5814208984375,10885.873
2020-10-28 00:00:00+00:00,87.35,86.99,90.1969,45.830025,2.7449994,0.5576208178438661,8092.384209481261,0.0,0.0,8092.384209481261,-1,0.0,10718.303
2020-10-29 00:00:00+00:00,86.94,87.02,90.2245,38.04212,2.7385707,0.5576208178438661,-8.09238420948168,8088.34003946153,0.0,8080.247655252048,1,82.87249755859375,10721.999
2020-10-30 00:00:00+00:00,86.55,86.64,90.2569,29.51126,2.6192844,0.5576208178438661,-8.09238420948168,8053.020236225342,0.0,8044.9278520158605,0,82.91213989257812,10675.179
2020-11-02 00:00:00+00:00,86.6,84.44,90.287,21.928915,2.6685698,0.5576208178438661,-8.09238420948168,7848.534619367617,0.0,7840.442235158135,0,82.91213989257812,10404.11
2020-11-03 00:00:00+00:00,84.59,84.95,90.3067,20.30073,2.8642833,0.5576208178438661,-8.09238420948168,7895.937717294026,0.0,7887.845333084544,0,82.91213989257812,10466.947
2020-11-04 00:00:00+00:00,87.62,91.21,90.3382,26.744148,2.7257118,0.5576208178438661,-8.09238420948168,8477.792639984713,0.0,8469.700255775231,0,82.91213989257812,11238.262
2020-11-05 00:00:00+00:00,87.25,84.65,90.40185,51.581398,3.0335693,0.5576208178438661,-8.09238420948168,7868.0538125627545,0.0,7859.961428353273,0,83.03286743164062,10429.984
2020-11-06 00:00:00+00:00,85.17,83.15,90.4339,39.30615,3.371426,0.5576208178438661,-8.09238420948168,7728.631555491127,0.0,7720.539171281645,0,83.03286743164062,10245.165
2020-11-09 00:00:00+00:00,83.39,81.28,90.46595,41.33132,3.2607117,0.5576208178438661,-8.09238420948168,7554.818587902589,0.0,7546.726203693107,0,83.03286743164062,10014.756
2020-11-10 00:00:00+00:00,80.92,83.07,90.492,35.07989,3.353569,0.5576208178438661,7701.521195805783,0.0,0.0,7701.521195805783,-1,0.0,10235.308
2020-11-11 00:00:00+00:00,84.2,82.76,90.52505,40.12147,3.5492837,0.5294117647058824,-7.701521195805981,7697.67235962597,0.0,7689.970838430164,1,78.03964233398438,10197.111
2020-11-12 00:00:00+00:00,82.56,82.32,90.5639,35.365395,3.586427,0.5294117647058824,-7.701521195805981,7656.746798487941,0.0,7649.045277292135,0,78.03964233398438,10142.897
2020-11-13 00:00:00+00:00,82.35,82.53,90.6098,35.85412,3.604284,0.5294117647058824,-7.701521195805981,7676.27885013952,0.0,7668.577328943714,0,78.03964233398438,10168.771
2020-11-16 00:00:00+00:00,83.01,84.35,90.6571,34.496265,3.5571415,0.5294117647058824,-7.701521195805981,7845.560192704021,0.0,7837.858671508215,0,78.03964233398438,10393.019
2020-11-17 00:00:00+00:00,83.85,82.98,90.71415,42.076065,3.5599988,0.5576208178438661,-7.701521195805981,7718.134260533254,0.0,7710.432739337448,0,79.0142822265625,10224.217
2020-11-18 00:00:00+00:00,83.11,82.74,90.75965,42.059414,3.4921412,0.5576208178438661,-7.701521195805981,7695.81098204698,0.0,7688.109460851174,0,79.0142822265625,10194.645
2020-11-19 00:00:00+00:00,83.1,81.69,90.79335,41.594658,3.475713,0.5294117647058824,-7.701521195805981,7598.1487879996685,0.0,7590.4472668038625,0,79.0142822265625,10065.271
2020-11-20 00:00:00+00:00,81.75,81.93,90.822754,40.52813,3.3907132,0.5294117647058824,-7.701521195805981,7620.471487651416,0.0,7612.76996645561,0,79.0142822265625,10094.843
2020-11-23 00:00:00+00:00,82.42,81.39,90.8617,44.807606,3.2042847,0.5576208178438661,-7.701521195805981,7570.244792314537,0.0,7562.543271118731,0,79.0142822265625,10028.308
2020-11-24 00:00:00+00:00,81.4,80.74,90.8931,42.64463,3.192142,0.5576208178438661,-7.701521195805981,7509.786943468349,0.0,7502.085422272543,0,79.0142822265625,9948.219
2020-11-25 00:00:00+00:00,81.34,81.16,90.9161,21.83969,2.7692845,0.5576208178438661,-7.701521195805981,7548.852372780593,0.0,7541.150851584787,0,79.0142822265625,9999.969
2020-11-27 00:00:00+00:00,82.01,83.25,90.94275,35.983948,2.3957133,0.5576208178438661,-7.701521195805981,7743.247329556266,0.0,7735.54580836046,0,79.0142822265625,10257.483
2020-11-30 00:00:00+00:00,83.05,84.54,90.96875,50.38343,2.3949988,0.5576208178438661,-7.701521195805981,7863.233118304494,0.0,7855.531597108688,0,79.65643310546875,10416.429
2020-12-01 00:00:00+00:00,84.46,85.42,90.9992,63.08187,2.2985704,0.5576208178438661,-7.701521195805981,7945.083367196471,0.0,7937.381846000665,0,80.94750213623047,10524.855
2020-12-02 00:00:00+00:00,85.61,82.27,91.0298,60.173157,2.1335704,0.5294117647058824,-7.701521195805981,7652.095556036343,0.0,7644.394034840537,0,81.9721450805664,10136.734
2020-12-03 00:00:00+00:00,81.92,82.9,91.02905,48.29741,2.1964276,0.5576208178438661,7691.425954362819,0.0,0.0,7691.425954362819,-1,0.0,10214.358
2020-12-04 00:00:00+00:00,83.06,83.14,91.0297,51.989033,2.2164273,0.5576208178438661,-7.691425954362785,7687.5821632811785,0.0,7679.890737326816,1,79.60536193847656,10243.93
2020-12-07 00:00:00+00:00,83.44,83.06,91.04095,52.087612,2.229284,0.5576208178438661,-7.691425954362785,7680.184730569815,0.0,7672.493304615452,0,79.81536102294922,10234.072
2020-12-08 00:00:00+00:00,83.2,82.85,91.0619,44.988342,2.1599982,0.5576208178438661,-7.691425954362785,7660.766844080107,0.0,7653.075418125744,0,79.81536102294922,10208.198
2020-12-09 00:00:00+00:00,82.79,80.96,91.089554,49.444897,2.0899985,0.5576208178438661,-7.691425954362785,7486.007079889538,0.0,7478.315653935175,0,79.81536102294922,9975.325
2020-12-10 00:00:00+00:00,81.22,82.05,91.1045,43.33833,2.086427,0.5576208178438661,-7.691425954362785,7586.794914963333,0.0,7579.10348900897,0,79.81536102294922,10109.629
2020-12-11 00:00:00+00:00,81.76,81.3,91.13555,51.343285,2.0278554,0.5576208178438661,-7.691425954362785,7517.445619599071,0.0,7509.754193644708,0,79.81536102294922,10017.219
2020-12-14 00:00:00+00:00,83.2,86.81,91.165,47.735455,1.9757129,0.5576208178438661,-7.691425954362785,8026.9298258378385,0.0,8019.238399883476,0,79.81536102294922,10696.121
2020-12-15 00:00:00+00:00,87.22,86.27,91.20375,64.353806,2.2707126,0.5172413793103449,-7.691425954362785,7976.99815198838,0.0,7969.306726034018,0,83.84642791748047,10629.586
2020-12-16 00:00:00+00:00,85.93,86.23,91.2461,64.73095,2.3299985,0.5576208178438661,-7.691425954362785,7973.299976341947,0.0,7965.608550387584,0,83.84642791748047,10624.658
2020-12-17 00:00:00+00:00,86.97,88.28,91.27645,63.78467,2.3428557,0.5576208178438661,-7.691425954362785,8162.8536298661,0.0,8155.162203911737,0,83.84642791748047,10877.243
2020-12-18 00:00:00+00:00,89.03,88.34,91.3248,63.705727,2.292856,0.5576208178438661,8148.457176690007,0.0,0.0,8148.457176690007,-1,0.0,10884.636
2020-12-21 00:00:00+00:00,87.45,86.97,91.3863,61.098125,2.2799983,0.5576208178438661,-8.14845717668959,8144.384984197909,0.0,8136.236527021219,1,84.90071105957031,10715.834
2020-12-22 00:00:00+00:00,87.11,87.99,91.4657,54.40092,2.343569,0.5172413793103449,-8.14845717668959,8239.903695752953,0.0,8231.755238576265,0,84.90071105957031,10841.512
2020-12-23 00:00:00+00:00,88.69,87.93,91.5341,68.47548,2.256426,0.5576208178438661,-8.14845717668959,8234.285093818078,0.0,8226.13663664139,0,84.90071105957031,10834.119
2020-12-24 00:00:00+00:00,87.95,87.37,91.61425,66.8679,2.182855,0.5576208178438661,-8.14845717668959,8181.8434295998095,0.0,8173.69497242312,0,84.90071105957031,10765.12
2020-12-28 00:00:00+00:00,87.73,86.34,91.711,63.8871,2.1742837,0.5294117647058824,-8.14845717668959,8085.387482057007,0.0,8077.239024880318,0,84.90071105957031,10638.21
2020-12-29 00:00:00+00:00,87.13,85.87,91.7735,60.135983,2.201427,0.5576208178438661,-8.14845717668959,8041.374567007584,0.0,8033.2261098308945,0,84.90071105957031,10580.3
2020-12-30 00:00:00+00:00,86.46,86.86,91.84485,59.184944,2.2871416,0.5294117647058824,-8.14845717668959,8134.0842821950155,0.0,8125.935825018326,0,84.90071105957031,10702.281
2020-12-31 00:00:00+00:00,86.54,86.98,91.9273,68.98331,2.3764272,0.5576208178438661,-8.14845717668959,8145.321653490272,0.0,8137.173196313583,0,84.90071105957031,10717.066
2021-01-04 00:00:00+00:00,86.98,86.45,92.0277,66.918365,2.3957126,0.5576208178438661,-8.14845717668959,8095.688604839175,0.0,8087.540147662486,0,84.90071105957031,10651.763
2021-01-05 00:00:00+00:00,86.64,85.87,92.1274,67.94426,2.5914273,0.5294117647058824,-8.14845717668959,8041.374312547052,0.0,8033.225855370362,0,84.90071105957031,10580.299
2021-01-06 00:00:00+00:00,84.79,84.31,92.22195,45.01063,2.359999,0.5576208178438661,7875.294647975134,0.0,0.0,7875.294647975134,-1,0.0,10388.086
2021-01-07 00:00:00+00:00,85.07,90.05,92.3276,40.613014,2.397856,0.5294117647058824,-7.875294647975352,7871.358968490888,0.0,7863.483673842913,1,80.7699966430664,11095.328
2021-01-08 00:00:00+00:00,90.35,93.83,92.4407,61.833958,2.7185702,0.5576208178438661,-7.875294647975352,8201.772566091207,0.0,8193.897271443231,0,86.45321655273438,11561.073
2021-01-11 00:00:00+00:00,93.24,93.32,92.5619,65.52883,2.84857,0.5576208178438661,8137.081509209643,0.0,0.0,8137.081509209643,-1,0.0,11498.234
2021-01-12 00:00:00+00:00,93.1,94.31,92.66325,63.591713,2.8392851,0.5172413793103449,-8.137081509209565,8133.015001708789,0.0,8124.877920199579,1,84.7742919921875,11620.215
2021-01-13 00:00:00+00:00,94.34,92.74,92.79,70.45707,2.8021426,0.5576208178438661,-8.137081509209565,7997.622914494364,0.0,7989.485832985154,0,85.79214477539062,11426.7705
2021-01-14 00:00:00+00:00,93.4,92.04,92.89285,62.844776,2.7971425,0.5576208178438661,-8.137081509209565,7937.257059983455,0.0,7929.119978474246,0,88.53678131103516,11340.521
2021-01-15 00:00:00+00:00,91.64,90.56,92.9869,60.742287,2.8300002,0.5294117647058824,-8.137081509209565,7809.625792964647,0.0,7801.488711455438,0,88.53678131103516,11158.166
2021-01-19 00:00:00+00:00,91.32,93.96,93.0688,57.955093,2.9635713,0.5576208178438661,-8.137081509209565,8102.831408975511,0.0,8094.694327466302,0,88.53678131103516,11577.09
2021-01-20 00:00:00+00:00,93.98,96.37,93.15325,66.99376,3.100714,0.5576208178438661,-8.137081509209565,8310.663436842113,0.0,8302.526355332902,0,88.53678131103516,11874.034
2021-01-21 00:00:00+00:00,96.4,93.9,93.24215,71.55171,3.1828563,0.5576208178438661,-8.137081509209565,8097.657688302775,0.0,8089.520606793565,0,88.53678131103516,11569.698
2021-01-22 00:00:00+00:00,94.12,97.89,93.2861,63.622284,3.2507138,0.5576208178438661,-8.137081509209565,8441.743618332863,0.0,8433.606536823652,0,88.53678131103516,12061.318
2021-01-25 00:00:00+00:00,98.91,100.5,93.34225,68.36081,3.4435713,0.5576208178438661,-8.137081509209565,8666.822351438946,0.0,8658.685269929738,0,88.53678131103516,12382.904
2021-01-26 00:00:00+00:00,100.21,99.39,93.406,72.098145,3.4014282,0.5294117647058824,-8.137081509209565,8571.09902949185,0.0,8562.96194798264,0,90.1692886352539,12246.138
2021-01-27 00:00:00+00:00,98.04,93.0,93.4689,70.915825,3.4099998,0.5576208178438661,-8.137081509209565,8020.0442811017,0.0,8011.9071995924905,0,90.1692886352539,11458.807
2021-01-28 00:00:00+00:00,93.7,91.27,93.49385,61.695827,3.7000003,0.5294117647058824,-8.137081509209565,7870.853874313001,0.0,7862.716792803792,0,90.1692886352539,11245.647
2021-01-29 00:00:00+00:00,90.99,89.75,93.4938,51.840668,3.532143,0.5294117647058824,-8.137081509209565,7739.773966493228,0.0,7731.636884984018,0,90.1692886352539,11058.364
2021-02-01 00:00:00+00:00,90.0,90.92,93.4878,43.39378,3.5014293,0.5576208178438661,7820.772592948014,0.0,0.0,7820.772592948014,-1,0.0,11202.522
2021-02-02 00:00:00+00:00,92.1,93.05,93.4641,46.195305,3.5214293,0.5576208178438661,-7.820772592947833,7816.864160867581,0.0,7809.043388274633,1,85.66785430908203,11464.967
2021-02-03 00:00:00+00:00,93.0,90.97,93.42935,48.072224,3.5871441,0.5576208178438661,-7.820772592947833,7642.129187966574,0.0,7634.308415373626,0,87.76786041259766,11208.684
2021-02-04 00:00:00+00:00,91.16,90.91,93.37825,47.33354,3.6371439,0.5576208178438661,-7.820772592947833,7637.089009699522,0.0,7629.268237106574,0,87.76786041259766,11201.291
2021-02-05 00:00:00+00:00,91.63,90.24,93.3355,48.264214,3.6500003,0.5576208178438661,-7.820772592947833,7580.80370098851,0.0,7572.982928395562,0,87.76786041259766,11118.737
2021-02-08 00:00:00+00:00,91.08,93.62,93.28185,49.495903,3.5428576,0.5576208178438661,-7.820772592947833,7864.747843288912,0.0,7856.927070695964,0,87.76786041259766,11535.197
2021-02-09 00:00:00+00:00,94.34,89.46,93.24045,49.464066,3.5128577,0.5576208178438661,-7.820772592947833,7515.278050837491,0.0,7507.457278244543,0,87.76786041259766,11022.631
2021-02-10 00:00:00+00:00,87.5,85.17,93.17035,39.677322,3.6414294,0.5576208178438661,7136.334443618117,0.0,0.0,7136.334443618117,-1,0.0,10494.048
2021-02-11 00:00:00+00:00,86.04,84.99,93.0813,37.631058,3.7092862,0.5576208178438661,-7.13633444361767,7132.768059588323,0.0,7125.631725144705,1,79.70785522460938,10471.87
2021-02-12 00:00:00+00:00,84.99,84.33,93.0179,29.51081,3.5364292,0.5172413793103449,-7.13633444361767,7077.377899108571,0.0,7070.241564664953,0,79.70785522460938,10390.55
2021-02-16 00:00:00+00:00,84.99,82.13,92.95975,22.621078,3.423572,0.5576208178438661,-7.13633444361767,6892.7428472756965,0.0,6885.606512832079,0,79.70785522460938,10119.481
2021-02-17 00:00:00+00:00,82.06,83.77,92.8821,21.81582,3.4278576,0.5576208178438661,-7.13633444361767,7030.379827823435,0.0,7023.243493379818,0,79.70785522460938,10321.551
2021-02-18 00:00:00+00:00,83.05,81.55,92.81445,32.16081,3.1857147,0.5576208178438661,-7.13633444361767,6844.067313472551,0.0,6836.9309790289335,0,79.70785522460938,10048.019
2021-02-19 00:00:00+00:00,82.02,80.54,92.71725,31.562992,3.187143,0.5576208178438661,-7.13633444361767,6759.303058493387,0.0,6752.166724049769,0,79.70785522460938,9923.573
2021-02-22 00:00:00+00:00,80.02,79.92,92.62585,32.1857,3.0900002,0.5576208178438661,-7.13633444361767,6707.26954419575,0.0,6700.133209752133,0,79.70785522460938,9847.181
2021-02-23 00:00:00+00:00,79.17,79.02,92.54505,28.260885,3.0599997,0.5576208178438661,6614.653134581847,0.0,0.0,6614.653134581847,-1,0.0,9736.289
2021-02-24 00:00:00+00:00,79.88,80.61,92.4578,20.855843,3.057142,0.5576208178438661,-6.614653134582113,6611.347460851422,0.0,6604.7328077168395,1,74.43000030517578,9932.198
2021-02-25 00:00:00+00:00,79.85,78.45,92.38125,28.032246,3.1085713,0.5576208178438661,-6.614653134582113,6434.1914808720585,0.0,6427.576827737476,0,76.02428436279297,9666.058
2021-02-26 00:00:00+00:00,79.17,78.66,92.27685,25.739883,3.1685715,0.5576208178438661,-6.614653134582113,6451.415578588207,0.0,6444.800925453625,0,76.02428436279297,9691.934
2021-03-01 00:00:00+00:00,79.73,79.63,92.18645,27.042063,3.1807148,0.5576208178438661,-6.614653134582113,6530.97111785187,0.0,6524.356464717288,0,76.02428436279297,9811.449
2021-03-02 00:00:00+00:00,79.15,78.56,92.10235,19.333632,3.0364287,0.5576208178438661,-6.614653134582113,6443.213466828823,0.0,6436.598813694241,0,76.02428436279297,9679.611
2021-03-03 00:00:00+00:00,78.33,76.02,92.021,22.363092,2.74,0.5576208178438661,-6.614653134582113,6234.891468938345,0.0,6228.2768158037625,0,76.02428436279297,9366.65
2021-03-04 00:00:00+00:00,75.75,77.5,91.9205,24.54091,2.572143,0.5576208178438661,6340.127415166147,0.0,0.0,6340.127415166147,-1,0.0,9549.006
2021-03-05 00:00:00+00:00,77.6,80.26,91.8257,30.565664,2.6621432,0.5576208178438661,-6.340127415166535,6336.958935698299,0.0,6330.618808283132,1,73.64178466796875,9889.074
2021-03-08 00:00:00+00:00,79.79,77.84,91.7524,40.477314,2.8185718,0.5294117647058824,-6.340127415166535,6145.886427429715,0.0,6139.546300014548,0,76.26678466796875,9590.898
2021-03-09 00:00:00+00:00,79.7,79.11,91.65,40.06485,2.8242862,0.5576208178438661,-6.340127415166535,6246.160125508129,0.0,6239.819998092962,0,76.26678466796875,9747.38
2021-03-10 00:00:00+00:00,79.28,78.35,91.55215,39.019814,2.7871437,0.5576208178438661,-6.340127415166535,6186.153903346536,0.0,6179.8137759313695,0,76.26678466796875,9653.737
2021-03-11 00:00:00+00:00,78.91,79.48,91.44705,41.902836,2.6728587,0.5576208178438661,-6.340127415166535,6275.373930077596,0.0,6269.0338026624295,0,76.26678466796875,9792.969
2021-03-12 00:00:00+00:00,78.84,79.01,91.35105,47.334015,2.6707158,0.5576208178438661,-6.340127415166535,6238.2649053754685,0.0,6231.924777960302,0,76.26678466796875,9735.059
2021-03-15 00:00:00+00:00,79.49,80.65,91.255,47.693882,2.6957164,0.5576208178438661,-6.340127415166535,6367.751576297376,0.0,6361.41144888221,0,76.26678466796875,9937.128
2021-03-16 00:00:00+00:00,81.38,80.28,91.1555,53.98144,2.617145,0.5576208178438661,-6.340127415166535,6338.537799778816,0.0,6332.19767236365,0,76.60643005371094,9891.539
2021-03-17 00:00:00+00:00,78.79,80.2,91.04735,49.142853,2.530002,0.5576208178438661,-6.340127415166535,6332.221256350246,0.0,6325.88112893508,0,76.60643005371094,9881.682
2021-03-18 00:00:00+00:00,79.36,78.25,90.9396,55.09609,2.5585735,0.5576208178438661,-6.340127415166535,6178.258583176376,0.0,6171.91845576121,0,76.60643005371094,9641.417
2021-03-19 00:00:00+00:00,79.73,79.37,90.82635,48.91591,2.5814302,0.5576208178438661,-6.340127415166535,6266.688627029449,0.0,6260.348499614282,0,76.60643005371094,9779.415
2021-03-22 00:00:00+00:00,78.96,81.67,90.72905,49.31796,2.680002,0.5576208178438661,-6.340127415166535,6448.285415386955,0.0,6441.945287971788,0,76.60643005371094,10062.805
2021-03-23 00:00:00+00:00,81.55,79.85,90.6684,57.663868,2.825002,0.5576208178438661,-6.340127415166535,6304.586627325299,0.0,6298.246499910132,0,77.64999389648438,9838.557
2021-03-24 00:00:00+00:00,79.36,78.48,90.6001,59.785378,2.7735732,0.5576208178438661,-6.340127415166535,6196.41796834821,0.0,6190.077840933043,0,77.64999389648438,9669.755
2021-03-25 00:00:00+00:00,78.92,79.78,90.5196,52.517994,2.687144,0.5576208178438661,-6.340127415166535,6299.059939315482,0.0,6292.719811900315,0,77.64999389648438,9829.932
2021-03-26 00:00:00+00:00,79.78,81.75,90.4535,48.666656,2.5707152,0.5576208178438661,-6.340127415166535,6454.601952575592,0.0,6448.261825160425,0,77.64999389648438,10072.662
2021-03-29 00:00:00+00:00,81.36,81.1,90.39705,61.13961,2.520001,0.5576208178438661,-6.340127415166535,6403.280890924617,0.0,6396.94076350945,0,77.89392852783203,9992.573
2021-03-30 00:00:00+00:00,80.61,80.23,90.3485,55.877136,2.4371436,0.5294117647058824,-6.340127415166535,6334.589918304014,0.0,6328.249790888847,0,77.89392852783203,9885.379
2021-03-31 00:00:00+00:00,81.01,81.27,90.2893,55.51645,2.4228575,0.5576208178438661,-6.340127415166535,6416.703300300938,0.0,6410.363172885772,0,77.89392852783203,10013.52
2021-04-01 00:00:00+00:00,81.57,83.01,90.2281,55.28022,2.4185715,0.5576208178438661,-6.340127415166535,6554.086373409212,0.0,6547.746245994045,0,77.89392852783203,10227.911
2021-04-05 00:00:00+00:00,82.83,83.25,90.1655,60.976955,2.480714,0.5576208178438661,-6.340127415166535,6573.035435853695,0.0,6566.695308438529,0,79.38214111328125,10257.482
2021-04-06 00:00:00+00:00,83.0,83.18,90.10035,57.728897,2.4050004,0.5576208178438661,-6.340127415166535,6567.508546833873,0.0,6561.168419418706,0,79.5289306640625,10248.857
2021-04-07 00:00:00+00:00,83.51,81.38,90.02945,58.777256,2.3214285,0.5576208178438661,-6.340127415166535,6425.38842687548,0.0,6419.0482994603135,0,79.57250213623047,10027.073
2021-04-08 00:00:00+00:00,82.0,80.83,89.90935,53.234653,2.2514284,0.5576208178438661,-6.340127415166535,6381.963517035271,0.0,6375.623389620105,0,79.57250213623047,9959.308
2021-04-09 00:00:00+00:00,80.81,79.96,89.76885,57.660347,2.2714288,0.5576208178438661,-6.340127415166535,6313.272228209836,0.0,6306.932100794669,0,79.57250213623047,9852.112
2021-04-12 00:00:00+00:00,80.64,79.87,89.63605,51.77817,2.1814287,0.5576208178438661,-6.340127415166535,6306.166548728491,0.0,6299.826421313324,0,79.57250213623047,9841.023
2021-04-13 00:00:00+00:00,80.0,80.65,89.51375,43.741314,2.1221428,0.5576208178438661,-6.340127415166535,6367.751709938186,0.0,6361.411582523019,0,79.57250213623047,9937.129
2021-04-14 00:00:00+00:00,80.65,82.21,89.38725,52.998516,2.1014285,0.5576208178438661,-6.340127415166535,6490.921731079102,0.0,6484.581603663935,0,79.57250213623047,10129.341
2021-04-15 00:00:00+00:00,82.87,83.2,89.29115,63.784184,2.1378572,0.5576208178438661,-6.340127415166535,6569.087254063385,0.0,6562.747126648219,0,79.57250213623047,10251.322
2021-04-16 00:00:00+00:00,83.62,82.68,89.19475,62.934956,2.095,0.5576208178438661,-6.340127415166535,6528.030693654357,0.0,6521.69056623919,0,79.99320983886719,10187.252
2021-04-19 00:00:00+00:00,82.79,82.67,89.0883,53.95073,2.083572,0.5576208178438661,-6.340127415166535,6527.240818724683,0.0,6520.900691309516,0,79.99320983886719,10186.019
2021-04-20 00:00:00+00:00,82.9,84.57,88.9884,57.05302,2.096429,0.5172413793103449,-6.340127415166535,6677.256100598151,0.0,6670.915973182984,0,79.99320983886719,10420.123
2021-04-21 00:00:00+00:00,84.46,84.72,88.8789,67.8454,2.083572,0.5294117647058824,6672.725873140788,0.0,0.0,6672.725873140788,-1,0.0,10438.605
2021-04-22 00:00:00+00:00,84.5,84.18,88.76355,65.306145,2.0092862,0.5576208178438661,-6.672725873140735,6669.391177552013,0.0,6662.718451678872,1,81.59464263916016,10372.07
2021-04-23 00:00:00+00:00,84.6,85.58,88.6412,55.80933,1.9392864,0.4166666666666667,-6.672725873140735,6780.309870208942,0.0,6773.637144335801,0,81.59464263916016,10544.568
2021-04-26 00:00:00+00:00,85.47,85.61,88.52775,60.374012,2.0242856,0.5576208178438661,-6.672725873140735,6782.687009697196,0.0,6776.014283824055,0,82.67107391357422,10548.265
2021-04-27 00:00:00+00:00,86.03,84.63,88.41645,60.857914,2.0357144,0.5294117647058824,-6.672725873140735,6705.0434858276585,0.0,6698.370759954518,0,82.67107391357422,10427.516
2021-04-28 00:00:00+00:00,84.27,84.89,88.3158,65.67021,2.0092854,0.5294117647058824,-6.672725873140735,6725.643134865586,0.0,6718.970408992445,0,82.67107391357422,10459.552
2021-04-29 00:00:00+00:00,84.95,84.89,88.23745,70.13887,1.9264287,0.5576208178438661,-6.672725873140735,6725.643134865586,0.0,6718.970408992445,0,82.67107391357422,10459.552
2021-04-30 00:00:00+00:00,84.5,85.38,88.1468,76.76439,1.8850005,0.5576208178438661,-6.672725873140735,6764.464312418548,0.0,6757.791586545407,0,82.67107391357422,10519.926
2021-05-03 00:00:00+00:00,85.4,85.52,88.05245,78.66802,1.827858,0.5576208178438661,-6.672725873140735,6775.556165395504,0.0,6768.883439522363,0,82.67107391357422,10537.175
2021-05-04 00:00:00+00:00,83.49,81.03,87.97215,77.14601,1.7928581,0.5576208178438661,-6.672725873140735,6419.823651765383,0.0,6413.150925892242,0,82.77821350097656,9983.948
2021-05-05 00:00:00+00:00,81.76,81.28,87.85675,45.042015,1.9435719,0.5172413793103449,6423.298277238469,0.0,0.0,6423.298277238469,-1,0.0,10014.751
2021-05-06 00:00:00+00:00,81.21,82.31,87.7147,41.39786,1.9535719,0.5294117647058824,6423.298277238469,0.0,0.0,6423.298277238469,0,0.0,10141.66
2021-05-07 00:00:00+00:00,82.49,82.74,87.593,48.414726,1.9685718,0.5576208178438661,-6.423298277238246,6420.088233121909,0.0,6413.664934844671,1,79.379638671875,10194.642
2021-05-10 00:00:00+00:00,83.0,81.39,87.47985,50.289494,1.9750001,0.5576208178438661,-6.423298277238246,6315.336947036376,0.0,6308.913648759138,0,79.78713989257812,10028.304
2021-05-11 00:00:00+00:00,80.32,80.64,87.3784,36.221836,1.9857146,0.5294117647058824,-6.423298277238246,6257.141887020946,0.0,6250.718588743708,0,79.78713989257812,9935.894
2021-05-12 00:00:00+00:00,79.82,82.37,87.2845,33.196037,2.0607147,0.5576208178438661,-6.423298277238246,6391.37873329578,0.0,6384.955435018542,0,79.78713989257812,10149.052
2021-05-13 00:00:00+00:00,82.48,83.23,87.1859,43.21081,2.1850002,0.5576208178438661,-6.423298277238246,6458.109247297417,0.0,6451.685949020179,0,79.78713989257812,10255.015
2021-05-14 00:00:00+00:00,83.75,82.62,87.099,40.81314,2.1471431,0.5576208178438661,-6.423298277238246,6410.777077927589,0.0,6404.353779650351,0,79.95249938964844,10179.8545
2021-05-17 00:00:00+00:00,82.47,82.27,87.0219,38.81826,2.1257145,0.5576208178438661,-6.423298277238246,6383.618843209944,0.0,6377.195544932706,0,79.95249938964844,10136.7295
2021-05-18 00:00:00+00:00,82.15,81.78,86.9307,40.737835,2.1264288,0.5576208178438661,-6.423298277238246,6345.598046856857,0.0,6339.174748579619,0,79.95249938964844,10076.3545
2021-05-19 00:00:00+00:00,80.82,81.71,86.8458,38.01079,2.1514287,0.5294117647058824,-6.423298277238246,6340.166705449983,0.0,6333.743407172745,0,79.95249938964844,10067.7295
2021-05-20 00:00:00+00:00,81.81,83.51,86.7454,37.806747,2.2185712,0.5576208178438661,-6.423298277238246,6479.835261444842,0.0,6473.411963167604,0,79.95249938964844,10289.514
2021-05-21 00:00:00+00:00,83.99,82.76,86.6632,43.48434,2.3271425,0.5576208178438661,-6.423298277238246,6421.639929284043,0.0,6415.216631006805,0,80.18214416503906,10197.1045
2021-05-24 00:00:00+00:00,83.7,82.91,86.5889,40.775425,2.350714,0.5576208178438661,-6.423298277238246,6433.278882193135,0.0,6426.855583915897,0,80.18214416503906,10215.586
2021-05-25 00:00:00+00:00,82.96,82.68,86.5172,58.85124,2.0964284,0.5576208178438661,-6.423298277238246,6415.432198587522,0.0,6409.008900310284,0,80.18214416503906,10187.247
2021-05-26 00:00:00+00:00,82.86,83.16,86.44595,56.60377,2.0635715,0.5576208178438661,-6.423298277238246,6452.677706245457,0.0,6446.254407968218,0,80.18214416503906,10246.39
2021-05-27 00:00:00+00:00,83.08,82.68,86.39015,54.228878,1.9621423,0.5576208178438661,-6.423298277238246,6415.432500819532,0.0,6409.009202542294,0,80.18214416503906,10187.247
2021-05-28 00:00:00+00:00,83.44,83.78,86.33865,49.702984,1.9199998,0.5576208178438661,-6.423298277238246,6500.784913141274,0.0,6494.361614864036,0,80.18214416503906,10322.78
2021-06-01 00:00:00+00:00,84.13,82.89,86.28645,62.13195,1.8842856,0.5576208178438661,-6.423298277238246,6431.7268291811815,0.0,6425.303530903943,0,80.9000015258789,10213.121
2021-06-02 00:00:00+00:00,82.87,82.26,86.2231,61.26124,1.88,0.5172413793103449,-6.423298277238246,6382.842961029504,0.0,6376.419662752266,0,80.9000015258789,10135.497
2021-06-03 00:00:00+00:00,82.44,82.9,86.16005,49.381325,1.7200001,0.5576208178438661,-6.423298277238246,6432.502719341204,0.0,6426.079421063966,0,80.9000015258789,10214.353
2021-06-04 00:00:00+00:00,83.17,83.33,86.08715,48.096878,1.7150007,0.5576208178438661,-6.423298277238246,6465.868333555622,0.0,6459.445035278383,0,80.9000015258789,10267.335
2021-06-07 00:00:00+00:00,83.48,85.11,86.016,54.181377,1.7428578,0.5294117647058824,-6.423298277238246,6603.98493346745,0.0,6597.561635190212,0,80.9000015258789,10486.654
2021-06-08 00:00:00+00:00,85.88,84.81,85.9602,64.31453,1.7992865,0.5576208178438661,-6.423298277238246,6580.706550391534,0.0,6574.2832521142955,0,82.49571228027344,10449.689
2021-06-09 00:00:00+00:00,84.77,86.2,85.9066,65.57037,1.8471434,0.5576208178438661,-6.423298277238246,6688.56175363707,0.0,6682.138455359832,0,82.49571228027344,10620.956
2021-06-10 00:00:00+00:00,86.38,87.53,85.86705,70.31671,1.8171431,0.5576208178438661,-6.423298277238246,6791.761300900841,0.0,6785.338002623603,0,82.49571228027344,10784.83
2021-06-11 00:00:00+00:00,84.67,82.58,85.8345,68.99808,1.7442862,0.5576208178438661,-6.423298277238246,6407.673664079857,0.0,6401.250365802619,0,82.49571228027344,10174.927
2021-06-14 00:00:00+00:00,82.94,82.64,85.77085,49.391068,2.073572,0.5576208178438661,-6.423298277238246,6412.329355582257,0.0,6405.906057305019,0,82.49571228027344,10182.32
2021-06-15 00:00:00+00:00,82.55,82.76,85.7153,49.080994,2.145715,0.5576208178438661,-6.423298277238246,6421.640624374451,0.0,6415.217326097213,0,82.49571228027344,10197.105
2021-06-16 00:00:00+00:00,82.91,83.12,85.6576,50.274353,2.101429,0.5576208178438661,-6.423298277238246,6449.574420587533,0.0,6443.151122310294,0,82.49571228027344,10241.462
2021-06-17 00:00:00+00:00,82.88,83.13,85.6037,49.861683,2.1492865,0.5576208178438661,-6.423298277238246,6450.350189414777,0.0,6443.926891137538,0,82.49571228027344,10242.693
2021-06-18 00:00:00+00:00,83.0,83.96,85.5376,51.60828,2.1514294,0.5576208178438661,-6.423298277238246,6514.752898435681,0.0,6508.329600158443,0,82.49571228027344,10344.961
2021-06-21 00:00:00+00:00,84.42,84.93,85.49255,50.65598,2.144286,0.5576208178438661,-6.423298277238246,6590.018935083465,0.0,6583.595636806227,0,82.49571228027344,10464.478
2021-06-22 00:00:00+00:00,85.15,85.09,85.44,57.39131,2.087143,0.5576208178438661,-6.423298277238246,6602.433637168856,0.0,6596.010338891618,0,82.49571228027344,10484.191
2021-06-23 00:00:00+00:00,85.5,85.13,85.4076,60.615135,2.2428567,0.5576208178438661,-6.423298277238246,6605.537059790507,0.0,6599.113761513268,0,82.49571228027344,10489.119
2021-06-24 00:00:00+00:00,85.41,86.13,85.3808,58.758823,2.2271423,0.5576208178438661,-6.423298277238246,6683.130745934226,0.0,6676.707447656988,0,82.49571228027344,10612.333
2021-06-25 00:00:00+00:00,85.52,86.83,85.3628,60.526302,2.2642856,0.5576208178438661,-6.423298277238246,6737.446766526147,0.0,6731.023468248909,0,82.49571228027344,10698.583
2021-06-28 00:00:00+00:00,88.12,85.61,85.3394,57.037647,2.2335713,0.5576208178438661,6626.394908681079,0.0,0.0,6626.394908681079,-1,0.0,10548.263
2021-06-29 00:00:00+00:00,85.21,84.7,85.32615,53.04415,2.2771428,0.5576208178438661,-6.626394908681505,6623.083366997581,0.0,6616.456972088899,1,78.90928649902344,10436.138
2021-06-30 00:00:00+00:00,84.87,84.13,85.30965,44.075832,2.2635715,0.5576208178438661,-6.626394908681505,6578.512646535527,0.0,6571.8862516268455,0,81.28428649902344,10365.907
2021-07-01 00:00:00+00:00,84.09,84.02,85.26455,35.714283,2.200714,0.5576208178438661,-6.626394908681505,6569.911323561894,0.0,6563.284928653213,0,81.28428649902344,10352.3545
2021-07-02 00:00:00+00:00,84.05,83.58,85.2275,60.198257,1.8371423,0.5576208178438661,-6.626394908681505,6535.505982474504,0.0,6528.8795875658225,0,81.28428649902344,10298.142
2021-07-06 00:00:00+00:00,83.32,83.34,85.1957,56.31722,1.7757143,0.5576208178438661,-6.626394908681505,6516.738800141174,0.0,6510.112405232492,0,81.28428649902344,10268.569
2021-07-07 00:00:00+00:00,83.42,82.13,85.1603,53.835938,1.7635716,0.4166666666666667,-6.626394908681505,6422.123201380856,0.0,6415.496806472174,0,81.28428649902344,10119.481
2021-07-08 00:00:00+00:00,81.25,81.43,85.137,44.11412,1.7614282,0.5576208178438661,6351.20966806179,0.0,0.0,6351.20966806179,-1,0.0,10033.232
2021-07-09 00:00:00+00:00,81.15,82.04,85.1172,40.659363,1.7464284,0.5294117647058824,-6.351209668061529,6348.035650236671,0.0,6341.68444056861,1,78.78785705566406,10108.393
2021-07-12 00:00:00+00:00,82.04,81.18,85.09275,39.189205,1.7578572,0.5576208178438661,-6.351209668061529,6281.490916125674,0.0,6275.139706457612,0,79.42035675048828,10002.429
2021-07-13 00:00:00+00:00,81.14,80.62,85.0688,28.620306,1.7814287,0.5294117647058824,-6.351209668061529,6238.159782509943,0.0,6231.808572841882,0,79.42035675048828,9933.43
2021-07-14 00:00:00+00:00,80.81,79.87,85.04655,25.627094,1.6221434,0.4166666666666667,-6.351209668061529,6180.126717645379,0.0,6173.775507977318,0,79.42035675048828,9841.02
2021-07-15 00:00:00+00:00,79.8,79.99,85.01315,23.380608,1.6171434,0.5172413793103449,-6.351209668061529,6189.411707124264,0.0,6183.060497456202,0,79.42035675048828,9855.805
2021-07-16 00:00:00+00:00,80.23,78.33,84.961296,15.888892,1.586429,0.5172413793103449,-6.351209668061529,6060.965636329833,0.0,6054.614426661771,0,79.42035675048828,9651.271
2021-07-19 00:00:00+00:00,78.1,77.56,84.9158,7.329281,1.6371433,0.4166666666666667,5986.031624065972,0.0,0.0,5986.031624065972,-1,0.0,9556.396
2021-07-20 00:00:00+00:00,78.46,79.21,84.8549,7.67609,1.5900002,0.4166666666666667,5986.031624065972,0.0,0.0,5986.031624065972,0,0.0,9759.698
2021-07-21 00:00:00+00:00,78.93,79.14,84.7888,23.219503,1.6092862,0.5576208178438661,5986.031624065972,0.0,0.0,5986.031624065972,0,0.0,9751.073
2021-07-22 00:00:00+00:00,78.83,78.62,84.74075,24.410248,1.6357149,0.5576208178438661,-5.9860316240656175,5983.040104013966,0.0,5977.0540723899,1,76.72606658935547,9687.003
2021-07-23 00:00:00+00:00,78.94,79.3,84.67235,23.425196,1.6150006,0.5576208178438661,-5.9860316240656175,6034.788793992891,0.0,6028.802762368826,0,76.72606658935547,9770.788
2021-07-26 00:00:00+00:00,78.77,77.31,84.62585,29.42307,1.5957146,0.5576208178438661,-5.9860316240656175,5883.348012133178,0.0,5877.361980509112,0,76.87750244140625,9525.594
2021-07-27 00:00:00+00:00,76.99,76.34,84.56015,25.185177,1.6914291,0.5576208178438661,-5.9860316240656175,5809.5302509950925,0.0,5803.544219371027,0,76.87750244140625,9406.077
2021-07-28 00:00:00+00:00,76.54,78.01,84.47795,25.692684,1.6900003,0.4166666666666667,5921.727751903963,0.0,0.0,5921.727751903963,-1,0.0,9611.843
2021-07-29 00:00:00+00:00,78.51,77.4,84.3893,36.723614,1.74,0.5576208178438661,5921.727751903963,0.0,0.0,5921.727751903963,0,0.0,9536.683
2021-07-30 00:00:00+00:00,77.38,77.35,84.287796,31.987587,1.7192857,0.5576208178438661,-5.921727751903745,5918.768367720103,0.0,5912.846639968199,1,74.79000091552734,9530.521
2021-08-02 00:00:00+00:00,77.49,78.47,84.18915,34.13422,1.6692854,0.5576208178438661,-5.921727751903745,6004.46998603589,0.0,5998.548258283986,0,74.79000091552734,9668.52
2021-08-03 00:00:00+00:00,77.92,77.95,84.114746,41.48852,1.6785709,0.5576208178438661,-5.921727751903745,5964.679655591465,0.0,5958.7579278395615,0,75.96607208251953,9604.448
2021-08-04 00:00:00+00:00,78.18,77.34,84.05185,42.258053,1.7749994,0.5576208178438661,-5.921727751903745,5918.002736330113,0.0,5912.08100857821,0,75.96607208251953,9529.288
2021-08-05 00:00:00+00:00,77.62,76.92,83.9854,39.720726,1.8399991,0.5576208178438661,-5.921727751903745,5885.864906591001,0.0,5879.9431788390975,0,75.96607208251953,9477.539
2021-08-06 00:00:00+00:00,76.83,76.3,83.9312,43.948494,1.7178563,0.5576208178438661,-5.921727751903745,5838.423207953194,0.0,5832.50148020129,0,75.96607208251953,9401.147
2021-08-09 00:00:00+00:00,76.48,75.31,83.86615,44.52177,1.6314278,0.5576208178438661,-5.921727751903745,5762.668754242298,0.0,5756.747026490394,0,75.96607208251953,9279.166
2021-08-10 00:00:00+00:00,75.32,73.62,83.7997,32.011093,1.6257133,0.5576208178438661,5618.979870595128,0.0,0.0,5618.979870595128,-1,0.0,9070.9375
2021-08-11 00:00:00+00:00,73.98,72.9,83.71535,27.849155,1.695713,0.5576208178438661,-5.618979870595467,5616.171784702777,0.0,5610.552804832181,1,71.18143463134766,8982.224
2021-08-12 00:00:00+00:00,73.3,72.9,83.6314,27.409191,1.7571417,0.5576208178438661,-5.618979870595467,5616.171784702777,0.0,5610.552804832181,0,71.18143463134766,8982.224
2021-08-13 00:00:00+00:00,73.09,73.47,83.5437,23.288849,1.7878554,0.5576208178438661,-5.618979870595467,5660.084279762584,0.0,5654.465299891988,0,71.18143463134766,9052.455
2021-08-16 00:00:00+00:00,73.49,73.99,83.4693,31.818222,1.724284,0.5576208178438661,-5.618979870595467,5700.144623964871,0.0,5694.525644094276,0,71.18143463134766,9116.525
2021-08-17 00:00:00+00:00,73.63,75.66,83.4043,38.37786,1.6821414,0.5576208178438661,-5.618979870595467,5828.8010449905805,0.0,5823.182065119985,0,71.40357208251953,9322.292
2021-08-18 00:00:00+00:00,75.58,74.54,83.3475,38.37786,1.6964275,0.5576208178438661,-5.618979870595467,5742.516652900222,0.0,5736.897673029626,0,73.13679504394531,9184.293
2021-08-19 00:00:00+00:00,74.53,74.51,83.287,36.53485,1.6849992,0.5294117647058824,-5.618979870595467,5740.205573848704,0.0,5734.586593978109,0,73.13679504394531,9180.597
2021-08-20 00:00:00+00:00,74.47,74.9,83.23735,36.603798,1.7092851,0.5294117647058824,-5.618979870595467,5770.251195999191,0.0,5764.632216128595,0,73.13679504394531,9228.649
2021-08-23 00:00:00+00:00,75.18,75.53,83.1871,31.9149,1.7228568,0.5576208178438661,-5.618979870595467,5818.785754281961,0.0,5813.166774411366,0,73.13679504394531,9306.273
2021-08-24 00:00:00+00:00,75.76,75.54,83.1087,37.875755,1.6092851,0.5576208178438661,-5.618979870595467,5819.556403115833,0.0,5813.937423245237,0,73.13679504394531,9307.506
2021-08-25 00:00:00+00:00,75.68,75.76,83.06315,40.40514,1.4664279,0.5576208178438661,-5.618979870595467,5836.50529171386,0.0,5830.886311843265,0,73.13679504394531,9334.613
2021-08-26 00:00:00+00:00,75.95,75.15,83.0262,43.68194,1.4399992,0.5576208178438661,-5.618979870595467,5789.5111924642315,0.0,5783.892212593636,0,73.56036376953125,9259.453
2021-08-27 00:00:00+00:00,75.51,75.68,82.99555,43.72955,1.4421419,0.5576208178438661,-5.618979870595467,5830.341956240221,0.0,5824.722976369626,0,73.56036376953125,9324.756
2021-08-30 00:00:00+00:00,75.75,76.05,82.9586,52.124012,1.4607135,0.5576208178438661,-5.618979870595467,5858.846564431393,0.0,5853.227584560797,0,73.56036376953125,9370.345
2021-08-31 00:00:00+00:00,76.17,76.49,82.92505,66.441124,1.3535712,0.5576208178438661,-5.618979870595467,5892.743416008144,0.0,5887.124436137548,0,73.85893249511719,9424.557
2021-09-01 00:00:00+00:00,76.71,77.03,82.8959,75.2461,1.2957143,0.5576208178438661,-5.618979870595467,5934.345079905519,0.0,5928.726100034924,0,74.45964050292969,9491.093
2021-09-02 00:00:00+00:00,77.21,77.23,82.8684,76.99344,1.4835722,0.5576208178438661,-5.618979870595467,5949.7535922815205,0.0,5944.134612410925,0,75.08642578125,9515.736
2021-09-03 00:00:00+00:00,76.91,76.09,82.8328,75.824165,1.5064294,0.5576208178438661,-5.618979870595467,5861.928033104378,0.0,5856.309053233783,0,75.08642578125,9375.272
2021-09-07 00:00:00+00:00,75.78,74.7,82.79835,63.2911,1.5271437,0.5576208178438661,-5.618979870595467,5754.84344354137,0.0,5749.224463670775,0,75.08642578125,9204.007
2021-09-08 00:00:00+00:00,74.42,74.06,82.75815,43.700752,1.5307149,0.4166666666666667,5691.361122576074,0.0,0.0,5691.361122576074,-1,0.0,9125.151
2021-09-09 00:00:00+00:00,74.18,72.69,82.72,46.638634,1.5221432,0.5576208178438661,5691.361122576074,0.0,0.0,5691.361122576074,0,0.0,8956.35
2021-09-10 00:00:00+00:00,72.72,71.12,82.6738,39.268875,1.6050001,0.5576208178438661,-5.691361122576382,5688.516864144002,0.0,5682.825503021426,1,70.40678405761719,8762.905
2021-09-13 00:00:00+00:00,71.76,72.45,82.62245,30.434797,1.6564287,0.5294117647058824,-5.691361122576382,5794.89621886279,0.0,5789.204857740214,0,70.40678405761719,8926.778
2021-09-14 00:00:00+00:00,72.96,72.24,82.581,35.135128,1.6992857,0.5576208178438661,-5.691361122576382,5778.099629474713,0.0,5772.4082683521365,0,70.40678405761719,8900.904
2021-09-15 00:00:00+00:00,72.62,73.44,82.5364,34.37498,1.74,0.5576208178438661,-5.691361122576382,5874.08159346311,0.0,5868.390232340534,0,70.40678405761719,9048.76
2021-09-16 00:00:00+00:00,72.94,75.04,82.48735,39.94801,1.7878577,0.5576208178438661,-5.691361122576382,6002.056986264649,0.0,5996.3656251420725,0,70.83000183105469,9245.9
2021-09-17 00:00:00+00:00,75.25,75.99,82.43985,49.56105,1.8621434,0.5576208178438661,-5.691361122576382,6078.042471566182,0.0,6072.351110443606,0,72.35821533203125,9362.953
2021-09-20 00:00:00+00:00,78.0,75.91,82.3927,51.196903,1.8607146,0.5576208178438661,6056.845424712901,0.0,0.0,6056.845424712901,-1,0.0,9353.097
2021-09-21 00:00:00+00:00,75.75,76.06,82.3609,49.44708,2.0750003,0.5576208178438661,-6.056845424713174,6053.818515455174,0.0,6047.761670030461,1,73.11893463134766,9371.577
2021-09-22 00:00:00+00:00,73.12,69.59,82.3267,48.26192,2.1342862,0.5576208178438661,-6.056845424713174,5538.853647312612,0.0,5532.796801887899,0,73.11893463134766,8574.39
2021-09-23 00:00:00+00:00,69.23,69.78,82.25895,29.672112,2.3107142,0.5576208178438661,5539.588954180285,0.0,0.0,5539.588954180285,-1,0.0,8597.801
2021-09-24 00:00:00+00:00,69.69,69.0,82.19255,29.633652,2.2949998,0.5576208178438661,-5.5395889541805445,5536.820543908331,0.0,5531.280954954151,1,66.31392669677734,8501.694
2021-09-27 00:00:00+00:00,68.91,69.26,82.1233,30.228653,2.2992854,0.5576208178438661,-5.5395889541805445,5557.684422324505,0.0,5552.144833370325,0,66.31392669677734,8533.731
2021-09-28 00:00:00+00:00,69.07,68.68,82.0648,33.80952,2.234285,0.5576208178438661,-5.5395889541805445,5511.142851405747,0.0,5505.6032624515665,0,66.31392669677734,8462.268
2021-09-29 00:00:00+00:00,68.8,68.67,81.99795,33.930695,2.2321417,0.5576208178438661,-5.5395889541805445,5510.340351039418,0.0,5504.800762085238,0,66.31392669677734,8461.035
2021-09-30 00:00:00+00:00,68.74,68.78,81.9348,36.931057,2.1321416,0.5576208178438661,-5.5395889541805445,5519.166898101447,0.0,5513.627309147267,0,66.31392669677734,8474.589
2021-10-01 00:00:00+00:00,68.39,68.21,81.84465,41.594807,2.052142,0.5576208178438661,-5.5395889541805445,5473.427847762093,0.0,5467.888258807912,0,66.31392669677734,8404.356
2021-10-04 00:00:00+00:00,67.8,66.32,81.75435,33.89058,2.027142,0.5576208178438661,-5.5395889541805445,5321.7672057077225,0.0,5316.227616753542,0,66.31392669677734,8171.4844
2021-10-05 00:00:00+00:00,66.12,65.33,81.6548,30.05391,2.0935707,0.5576208178438661,5228.923096018372,0.0,0.0,5228.923096018372,-1,0.0,8049.5044
2021-10-06 00:00:00+00:00,64.88,65.82,81.54005,22.282959,2.0742848,0.5576208178438661,-5.2289230960186615,5226.309941047849,0.0,5221.08101795183,1,62.18964385986328,8109.878
2021-10-07 00:00:00+00:00,65.82,65.65,81.42745,15.902334,2.0228565,0.5576208178438661,-5.2289230960186615,5212.811488005015,0.0,5207.582564908997,0,62.70857238769531,8088.9316
2021-10-08 00:00:00+00:00,65.85,65.89,81.32085,9.419135,2.001428,0.5576208178438661,-5.2289230960186615,5231.867817385428,0.0,5226.638894289409,0,62.70857238769531,8118.502
2021-10-11 00:00:00+00:00,65.69,64.81,81.21035,11.162756,1.7749994,0.5576208178438661,-5.2289230960186615,5146.112380342601,0.0,5140.883457246582,0,62.887855529785156,7985.4316
2021-10-12 00:00:00+00:00,64.88,64.36,81.09475,9.327554,1.7142851,0.5576208178438661,-5.2289230960186615,5110.381146317473,0.0,5105.152223221455,0,62.887855529785156,7929.9863
2021-10-13 00:00:00+00:00,64.44,64.22,80.9797,16.517302,1.3128569,0.5576208178438661,-5.2289230960186615,5099.264679799139,0.0,5094.035756703121,0,62.887855529785156,7912.7363
2021-10-14 00:00:00+00:00,64.38,65.78,80.8691,14.175248,1.288571,0.5576208178438661,-5.2289230960186615,5223.133546043936,0.0,5217.904622947917,0,62.887855529785156,8104.949
2021-10-15 00:00:00+00:00,65.56,65.56,80.76865,31.147518,1.3057142,0.5576208178438661,-5.2289230960186615,5205.6649000896805,0.0,5200.435976993662,0,63.84714126586914,8077.842
2021-10-18 00:00:00+00:00,65.53,64.58,80.66215,28.235249,1.2478572,0.5294117647058824,-5.2289230960186615,5127.850256510031,0.0,5122.621333414012,0,63.84714126586914,7957.0938
2021-10-19 00:00:00+00:00,64.69,65.47,80.55015,26.966265,1.2678577,0.5294117647058824,-5.2289230960186615,5198.518746056103,0.0,5193.289822960084,0,63.84714126586914,8066.753
2021-10-20 00:00:00+00:00,65.9,65.65,80.44525,33.640068,1.2800009,0.5172413793103449,-5.2289230960186615,5212.811157602845,0.0,5207.582234506826,0,63.84714126586914,8088.9316
2021-10-21 00:00:00+00:00,66.05,65.87,80.34415,34.111664,1.2271434,0.5294117647058824,-5.2289230960186615,5230.279769135458,0.0,5225.050846039439,0,63.84714126586914,8116.0386
2021-10-22 00:00:00+00:00,65.83,65.79,80.25195,37.68421,1.2192868,0.5576208178438661,-5.2289230960186615,5223.927260420325,0.0,5218.6983373243065,0,64.02928924560547,8106.181
2021-10-25 00:00:00+00:00,65.71,66.75,80.13065,46.553967,1.1428587,0.5576208178438661,-5.2289230960186615,5300.1538305868835,0.0,5294.924907490865,0,64.02928924560547,8224.465
2021-10-26 00:00:00+00:00,66.89,66.55,79.99525,59.268932,1.1685731,0.5576208178438661,-5.2289230960186615,5284.273476375795,0.0,5279.044553279777,0,65.03571319580078,8199.822
2021-10-27 00:00:00+00:00,66.66,64.97,79.8614,54.95254,1.1178583,0.5576208178438661,-5.2289230960186615,5158.8163538971285,0.0,5153.58743080111,0,65.03571319580078,8005.145
2021-10-28 00:00:00+00:00,65.29,65.74,79.7147,46.127556,1.1328589,0.5576208178438661,-5.2289230960186615,5219.956319463733,0.0,5214.727396367714,0,65.03571319580078,8100.0186
2021-10-29 00:00:00+00:00,65.89,66.98,79.5797,49.194405,1.1478583,0.5576208178438661,-5.2289230960186615,5318.416427328602,0.0,5313.187504232584,0,65.03571319580078,8252.803
2021-11-01 00:00:00+00:00,66.82,69.35,79.4544,61.45727,1.217858,0.5576208178438661,-5.2289230960186615,5506.601051707671,0.0,5501.372128611652,0,65.25821685791016,8544.817
2021-11-02 00:00:00+00:00,65.54,63.48,79.34835,71.90519,1.3435718,0.5576208178438661,-5.2289230960186615,5040.505127622005,0.0,5035.276204525986,0,67.52320861816406,7821.557
2021-11-03 00:00:00+00:00,64.6,66.79,79.19595,47.83878,1.7992861,0.5576208178438661,5290.145153085742,0.0,0.0,5290.145153085742,-1,0.0,8229.392
2021-11-04 00:00:00+00:00,66.23,67.49,79.04805,52.676212,1.9557146,0.5576208178438661,-5.290145153086087,5287.50140238455,0.0,5282.211257231464,1,64.09107208251953,8315.64
2021-11-05 00:00:00+00:00,67.29,67.86,78.916,54.987083,2.0414293,0.5576208178438661,-5.290145153086087,5316.48915601355,0.0,5311.199010860464,0,64.55642700195312,8361.2295
2021-11-08 00:00:00+00:00,68.28,66.49,78.76585,58.75133,2.129286,0.5294117647058824,-5.290145153086087,5209.156208638172,0.0,5203.866063485086,0,64.79785919189453,8192.427
2021-11-09 00:00:00+00:00,66.9,66.53,78.5958,52.653477,2.25,0.5576208178438661,-5.290145153086087,5212.290293743233,0.0,5207.000148590147,0,64.79785919189453,8197.355
2021-11-10 00:00:00+00:00,67.04,65.39,78.4315,52.306072,2.302857,0.5576208178438661,-5.290145153086087,5122.976952742836,0.0,5117.68680758975,0,64.79785919189453,8056.8926
2021-11-11 00:00:00+00:00,65.6,65.11,78.29345,48.79999,2.4057138,0.5576208178438661,-5.290145153086087,5101.040377313096,0.0,5095.75023216001,0,64.79785919189453,8022.393
2021-11-12 00:00:00+00:00,65.11,65.61,78.16265,48.31683,2.4385707,0.5576208178438661,-5.290145153086087,5140.213017167781,0.0,5134.922872014695,0,64.79785919189453,8083.9995
2021-11-15 00:00:00+00:00,65.93,65.19,78.04195,47.112465,2.3828566,0.5576208178438661,-5.290145153086087,5107.30835660802,0.0,5102.018211454934,0,64.79785919189453,8032.2505
2021-11-16 00:00:00+00:00,65.38,65.72,77.9133,46.593185,2.4335709,0.5576208178438661,-5.290145153086087,5148.831149176307,0.0,5143.541004023221,0,64.79785919189453,8097.553
2021-11-17 00:00:00+00:00,65.85,65.02,77.77665,51.983078,2.3935704,0.5576208178438661,-5.290145153086087,5093.989453299789,0.0,5088.699308146703,0,64.79785919189453,8011.304
2021-11-18 00:00:00+00:00,65.06,65.13,77.6469,48.08917,2.4278564,0.5576208178438661,-5.290145153086087,5102.607557557519,0.0,5097.317412404433,0,64.79785919189453,8024.8574
2021-11-19 00:00:00+00:00,65.18,64.51,77.518,44.776943,2.3535707,0.5576208178438661,-5.290145153086087,5054.03410843447,0.0,5048.743963281384,0,64.79785919189453,7948.4663
2021-11-22 00:00:00+00:00,64.58,63.34,77.38935,34.837105,2.255714,0.5576208178438661,4949.636706455117,0.0,0.0,4949.636706455117,-1,0.0,7804.307
2021-11-23 00:00:00+00:00,63.0,63.81,77.23795,49.378334,1.8271427,0.5576208178438661,-4.949636706454839,4947.163124892671,0.0,4942.213488186216,1,59.95642852783203,7862.2173
2021-11-24 00:00:00+00:00,64.3,66.74,77.1097,32.304047,1.6585712,0.5576208178438661,-4.949636706454839,5174.324542031087,0.0,5169.374905324632,0,61.06928634643555,8223.23
2021-11-26 00:00:00+00:00,68.77,68.38,77.01755,46.478874,1.763571,0.5576208178438661,5288.571209632742,0.0,0.0,5288.571209632742,-1,0.0,8425.3
2021-11-29 00:00:00+00:00,68.77,70.37,76.9345,52.181194,1.8528574,0.5294117647058824,-5.288571209633119,5285.9282455099865,0.0,5280.639674300353,1,65.7346420288086,8670.495
2021-11-30 00:00:00+00:00,69.96,67.72,76.8647,65.47051,1.9000005,0.5294117647058824,-5.288571209633119,5086.870255575499,0.0,5081.581684365866,0,67.59071350097656,8343.98
2021-12-01 00:00:00+00:00,68.0,64.96,76.79265,53.9274,2.1057146,0.5576208178438661,-5.288571209633119,4879.549230315058,0.0,4874.260659105425,0,67.59071350097656,8003.9126
2021-12-02 00:00:00+00:00,64.91,66.63,76.6986,48.71795,2.264286,0.5576208178438661,4992.197008248808,0.0,0.0,4992.197008248808,-1,0.0,8209.678
2021-12-03 00:00:00+00:00,66.79,65.78,76.624,54.185013,2.3999999,0.5576208178438661,-4.992197008248695,4989.702157170223,0.0,4984.709960161974,1,63.23356628417969,8104.9473
2021-12-06 00:00:00+00:00,66.03,65.01,76.5502,50.459206,2.4464285,0.5576208178438661,-4.992197008248695,4931.294515089299,0.0,4926.3023180810505,0,63.23356628417969,8010.0737
2021-12-07 00:00:00+00:00,65.3,66.73,76.47565,49.5228,2.4978578,0.5576208178438661,-4.992197008248695,5061.7638892659725,0.0,5056.771692257724,0,63.23356628417969,8222.0
2021-12-08 00:00:00+00:00,66.95,67.33,76.4142,52.518707,2.5871434,0.5576208178438661,-4.992197008248695,5107.276637401513,0.0,5102.284440393264,0,63.23356628417969,8295.929
2021-12-09 00:00:00+00:00,67.23,66.47,76.3478,55.789486,2.5907152,0.5576208178438661,-4.992197008248695,5042.041812998267,0.0,5037.0496159900185,0,63.44928741455078,8189.965
2021-12-10 00:00:00+00:00,66.49,65.4,76.2879,53.236725,2.6192868,0.5576208178438661,-4.992197008248695,4960.877615405636,0.0,4955.885418397387,0,63.44928741455078,8058.127
2021-12-13 00:00:00+00:00,64.77,67.81,76.2216,52.10402,2.699287,0.5576208178438661,-4.992197008248695,5143.686425800854,0.0,5138.694228792605,0,63.44928741455078,8355.069
2021-12-14 00:00:00+00:00,67.32,68.59,76.1625,59.982132,2.8771439,0.5576208178438661,-4.992197008248695,5202.852927632668,0.0,5197.860730624419,0,63.76106643676758,8451.176
2021-12-15 00:00:00+00:00,68.42,71.99,76.11265,60.528625,2.9614298,0.5576208178438661,-4.992197008248695,5460.758162080028,0.0,5455.76596507178,0,64.27427673339844,8870.101
2021-12-16 00:00:00+00:00,72.32,72.0,76.0925,61.329308,3.0371437,0.5576208178438661,-4.992197008248695,5461.516545742588,0.0,5456.52434873434,0,67.5478515625,8871.332
2021-12-17 00:00:00+00:00,72.59,72.89,76.065,58.402977,2.8507144,0.5576208178438661,5515.740885997617,0.0,0.0,5515.740885997617,-1,0.0,8980.991
2021-12-20 00:00:00+00:00,73.73,73.45,76.02815,56.164375,2.744286,0.5576208178438661,-5.5157408859977295,5512.984393800717,0.0,5507.468652914719,1,68.61392974853516,9049.99
2021-12-21 00:00:00+00:00,73.84,73.68,76.0062,65.613075,2.6028578,0.5576208178438661,-5.5157408859977295,5530.247695895219,0.0,5524.731955009222,0,69.33356475830078,9078.329
2021-12-22 00:00:00+00:00,73.69,73.37,75.97905,77.56007,2.4221432,0.5576208178438661,-5.5157408859977295,5506.979882906589,0.0,5501.464142020592,0,69.77571105957031,9040.134
2021-12-23 00:00:00+00:00,73.52,73.47,75.95415,73.3057,2.2435722,0.5576208178438661,-5.5157408859977295,5514.485454868144,0.0,5508.9697139821465,0,69.77571105957031,9052.454
2021-12-27 00:00:00+00:00,73.71,73.98,75.9241,78.04525,2.2300007,0.5576208178438661,-5.5157408859977295,5552.765226973651,0.0,5547.249486087653,0,70.10464477539062,9115.294
2021-12-28 00:00:00+00:00,73.85,73.3,75.89895,83.34573,2.1500003,0.5576208178438661,-5.5157408859977295,5501.725919950552,0.0,5496.210179064555,0,70.63500213623047,9031.509
2021-12-29 00:00:00+00:00,73.23,73.79,75.8622,76.4706,2.0771434,0.5576208178438661,-5.5157408859977295,5538.503748010601,0.0,5532.988007124603,0,70.63500213623047,9091.882
2021-12-30 00:00:00+00:00,73.9,74.11,75.82975,76.26017,2.0892863,0.5294117647058824,-5.5157408859977295,5562.521998636346,0.0,5557.006257750349,0,70.67428588867188,9131.31
2021-12-31 00:00:00+00:00,74.06,73.4,75.7993,82.48301,2.1214294,0.5576208178438661,-5.5157408859977295,5509.2312903708735,0.0,5503.715549484876,0,70.97607421875,9043.829
2022-01-03 00:00:00+00:00,73.2,73.97,75.77505,85.08774,2.0842862,0.5576208178438661,-5.5157408859977295,5552.014056468494,0.0,5546.498315582497,0,70.97607421875,9114.061
2022-01-04 00:00:00+00:00,73.73,71.81,75.74805,82.2176,1.9321431,0.5576208178438661,-5.5157408859977295,5389.889192459671,0.0,5384.373451573673,0,70.97607421875,8847.92
2022-01-05 00:00:00+00:00,71.72,70.45,75.69875,64.71664,1.9592857,0.5576208178438661,-5.5157408859977295,5287.810625205692,0.0,5282.294884319695,0,70.97607421875,8680.35
2022-01-06 00:00:00+00:00,70.81,72.63,75.65175,41.348312,1.8250002,0.5294117647058824,5437.743687251171,0.0,0.0,5437.743687251171,-1,0.0,8948.954
2022-01-07 00:00:00+00:00,72.69,73.19,75.6225,52.845516,1.8978577,0.5294117647058824,-5.437743687250986,5435.026174164089,0.0,5429.588430476838,1,69.89249420166016,9017.954
2022-01-10 00:00:00+00:00,73.0,74.66,75.58955,51.39666,1.8864288,0.5576208178438661,-5.437743687250986,5544.18725487041,0.0,5538.749511183159,0,70.34321594238281,9199.077
2022-01-11 00:00:00+00:00,74.46,74.44,75.5541,55.193157,1.880715,0.5576208178438661,-5.437743687250986,5527.850007408954,0.0,5522.412263721703,0,71.83036041259766,9171.97
2022-01-12 00:00:00+00:00,73.98,73.62,75.5208,53.26461,1.819287,0.5576208178438661,-5.437743687250986,5466.957456003569,0.0,5461.519712316318,0,71.83036041259766,9070.936
2022-01-13 00:00:00+00:00,72.94,73.65,75.48775,51.028805,1.8771439,0.5576208178438661,-5.437743687250986,5469.185008010364,0.0,5463.747264323113,0,71.83036041259766,9074.631
2022-01-14 00:00:00+00:00,73.48,74.88,75.44965,50.745033,1.8807155,0.5576208178438661,-5.437743687250986,5560.52316620207,0.0,5555.085422514819,0,71.83036041259766,9226.182
2022-01-18 00:00:00+00:00,75.71,75.01,75.409,53.515602,1.9585724,0.5576208178438661,-5.437743687250986,5570.1771468616225,0.0,5564.739403174372,0,72.05892181396484,9242.2
2022-01-19 00:00:00+00:00,75.06,74.78,75.3678,56.979584,1.9842867,0.5576208178438661,-5.437743687250986,5553.097305179716,0.0,5547.659561492465,0,72.0721435546875,9213.86
2022-01-20 00:00:00+00:00,75.27,74.76,75.3258,54.128426,2.0135727,0.5576208178438661,-5.437743687250986,5551.612482279956,0.0,5546.174738592705,0,72.0721435546875,9211.397
2022-01-21 00:00:00+00:00,74.99,74.79,75.2927,52.78016,1.9764296,0.4166666666666667,-5.437743687250986,5553.840113803011,0.0,5548.40237011576,0,72.0721435546875,9215.093
2022-01-24 00:00:00+00:00,73.83,75.34,75.2625,56.312435,1.962858,0.4166666666666667,-5.437743687250986,5594.682508963257,0.0,5589.244765276006,0,72.0721435546875,9282.86
2022-01-25 00:00:00+00:00,74.79,74.15,75.2394,56.232914,2.0021439,0.5576208178438661,-5.437743687250986,5506.314540991381,0.0,5500.87679730413,0,72.0721435546875,9136.237
2022-01-26 00:00:00+00:00,73.21,73.52,75.2108,61.67667,1.967858,0.5576208178438661,-5.437743687250986,5459.530997986057,0.0,5454.093254298806,0,72.0721435546875,9058.613
2022-01-27 00:00:00+00:00,73.6,71.59,75.17515,66.52314,1.9350008,0.5576208178438661,-5.437743687250986,5316.210798747517,0.0,5310.773055060266,0,72.0721435546875,8820.8125
2022-01-28 00:00:00+00:00,71.45,74.23,75.12205,44.247784,1.9764296,0.5576208178438661,5498.549501645941,0.0,0.0,5498.549501645941,-1,0.0,9146.096
2022-01-31 00:00:00+00:00,73.65,74.33,75.0772,54.67626,2.0978584,0.5576208178438661,-5.498549501646266,5495.801600845519,0.0,5490.3030513438725,1,71.2653579711914,9158.417
2022-02-01 00:00:00+00:00,74.1,75.19,75.03545,48.307682,2.0378582,0.5576208178438661,-5.498549501646266,5559.3878979012,0.0,5553.8893483995535,0,71.2653579711914,9264.38
2022-02-02 00:00:00+00:00,74.92,74.39,74.99805,53.60924,2.057858,0.5576208178438661,-5.498549501646266,5500.237527737589,0.0,5494.738978235942,0,71.2653579711914,9165.81
2022-02-03 00:00:00+00:00,73.96,73.05,74.94715,53.712616,2.1035724,0.5576208178438661,-5.498549501646266,5401.16109078538,0.0,5395.662541283734,0,71.30321502685547,9000.704
2022-02-04 00:00:00+00:00,73.02,72.69,74.8888,47.431515,2.1114295,0.5294117647058824,-5.498549501646266,5374.543563837755,0.0,5369.045014336109,0,71.30321502685547,8956.348
2022-02-07 00:00:00+00:00,72.7,73.35,74.83135,39.870518,2.0314298,0.5576208178438661,-5.498549501646266,5423.342138111306,0.0,5417.8435886096595,0,71.30321502685547,9037.668
2022-02-08 00:00:00+00:00,70.63,70.07,74.7702,42.680756,1.9892867,0.5576208178438661,5167.556360702355,0.0,0.0,5167.556360702355,-1,0.0,8633.529
2022-02-09 00:00:00+00:00,66.84,68.28,74.6925,33.63446,2.226429,0.5576208178438661,-5.167556360702292,5164.9738737654725,0.0,5159.80631740477,1,67.08606719970703,8412.979
2022-02-10 00:00:00+00:00,67.28,66.9,74.61075,29.95048,2.3742862,0.5576208178438661,-5.167556360702292,5060.585298744197,0.0,5055.417742383494,0,67.08606719970703,8242.944
2022-02-11 00:00:00+00:00,67.24,66.76,74.5208,27.470013,2.3778572,0.5576208178438661,-5.167556360702292,5049.995216977733,0.0,5044.827660617031,0,67.08606719970703,8225.695
2022-02-14 00:00:00+00:00,66.48,66.02,74.43015,24.912296,2.3150003,0.5576208178438661,4981.359675518882,0.0,0.0,4981.359675518882,-1,0.0,8134.5166
2022-02-15 00:00:00+00:00,66.78,67.5,74.33335,25.585585,2.2071435,0.5576208178438661,-4.9813596755184335,4978.870240398683,0.0,4973.888880723164,1,62.5474967956543,8316.872
2022-02-16 00:00:00+00:00,67.4,67.83,74.24325,32.80002,2.220715,0.5576208178438661,-4.9813596755184335,5003.21140015117,0.0,4998.230040475652,0,64.18928527832031,8357.532
2022-02-17 00:00:00+00:00,67.34,67.83,74.17725,38.176125,2.1035724,0.5576208178438661,-4.9813596755184335,5003.21140015117,0.0,4998.230040475652,0,64.49893188476562,8357.532
2022-02-18 00:00:00+00:00,67.99,68.53,74.11,25.867268,1.976429,0.5576208178438661,-4.9813596755184335,5054.843686187147,0.0,5049.862326511628,0,64.67464447021484,8443.781
2022-02-22 00:00:00+00:00,68.08,68.17,74.0411,29.07647,2.0557148,0.5576208178438661,-4.9813596755184335,5028.28960275409,0.0,5023.308243078572,0,65.56535339355469,8399.425
2022-02-23 00:00:00+00:00,68.76,67.99,73.96825,23.72753,2.000715,0.5576208178438661,-4.9813596755184335,5015.012475643012,0.0,5010.031115967494,0,65.56535339355469,8377.246
2022-02-24 00:00:00+00:00,67.14,67.84,73.90125,24.88225,1.9428575,0.5294117647058824,-4.9813596755184335,5003.948323415762,0.0,4998.966963740244,0,65.56535339355469,8358.764
2022-02-25 00:00:00+00:00,67.56,68.42,73.83725,27.445864,1.9585713,0.5576208178438661,-4.9813596755184335,5046.729935073746,0.0,5041.748575398227,0,65.56535339355469,8430.228
2022-02-28 00:00:00+00:00,67.92,68.3,73.7675,31.860651,2.0457141,0.5576208178438661,-4.9813596755184335,5037.878944443977,0.0,5032.897584768459,0,65.56535339355469,8415.442
2022-03-01 00:00:00+00:00,68.1,68.7,73.69285,27.51561,2.0499997,0.5576208178438661,-4.9813596755184335,5067.382752334834,0.0,5062.401392659315,0,65.56535339355469,8464.727
2022-03-02 00:00:00+00:00,68.6,69.58,73.62325,41.79639,1.7914287,0.5576208178438661,-4.9813596755184335,5132.292863629417,0.0,5127.311503953899,0,65.625,8573.155
2022-03-03 00:00:00+00:00,69.81,69.46,73.5598,58.736576,1.6821431,0.5576208178438661,-4.9813596755184335,5123.441401383886,0.0,5118.4600417083675,0,66.89286041259766,8558.369
2022-03-04 00:00:00+00:00,68.79,70.05,73.4982,70.71193,1.6457149,0.5576208178438661,-4.9813596755184335,5166.960623358998,0.0,5161.97926368348,0,66.93678283691406,8631.065
2022-03-07 00:00:00+00:00,69.93,70.62,73.4399,74.811424,1.6964291,0.5576208178438661,-4.9813596755184335,5209.00411832613,0.0,5204.022758650612,0,67.58142852783203,8701.297
2022-03-08 00:00:00+00:00,69.87,71.15,73.37545,85.60372,1.7342862,0.5576208178438661,-4.9813596755184335,5248.097381865604,0.0,5243.1160221900855,0,68.07535552978516,8766.6
2022-03-09 00:00:00+00:00,71.69,72.01,73.3174,83.1216,1.7821432,0.5576208178438661,-4.9813596755184335,5311.531694916933,0.0,5306.550335241414,0,68.54856872558594,8872.5625
2022-03-10 00:00:00+00:00,71.49,73.47,73.2629,84.602646,1.7799999,0.5576208178438661,-4.9813596755184335,5419.222982808771,0.0,5414.241623133253,0,69.33678436279297,9052.453
2022-03-11 00:00:00+00:00,74.51,73.94,73.21685,87.6,1.8100003,0.5576208178438661,5440.728251115038,0.0,0.0,5440.728251115038,-1,0.0,9110.362
2022-03-14 00:00:00+00:00,73.72,72.19,73.17075,87.2077,1.8264285,0.5576208178438661,5440.728251115038,0.0,0.0,5440.728251115038,0,0.0,8894.74
2022-03-15 00:00:00+00:00,72.37,73.31,73.1183,73.210175,1.9292853,0.5576208178438661,5440.728251115038,0.0,0.0,5440.728251115038,0,0.0,9032.737
2022-03-16 00:00:00+00:00,75.08,74.6,73.06595,77.708336,1.9242853,0.5576208178438661,-5.440728251114706,5438.0092464917925,0.0,5432.568518240678,1,67.52214050292969,9191.682
2022-03-17 00:00:00+00:00,74.61,74.35,73.0245,81.47115,1.9414285,0.5576208178438661,-5.440728251114706,5419.785327107626,0.0,5414.344598856511,0,68.82714080810547,9160.879
2022-03-18 00:00:00+00:00,74.35,75.2,72.98495,78.48224,1.879285,0.5576208178438661,-5.440728251114706,5481.746531212082,0.0,5476.305802960967,0,68.82714080810547,9265.609
2022-03-21 00:00:00+00:00,75.44,76.58,72.94645,80.96945,1.9021422,0.5576208178438661,-5.440728251114706,5582.342489565934,0.0,5576.901761314819,0,69.56214141845703,9435.644
2022-03-22 00:00:00+00:00,76.56,78.05,72.9127,82.50824,1.8835706,0.5576208178438661,-5.440728251114706,5689.499326478846,0.0,5684.058598227732,0,70.87357330322266,9616.768
2022-03-23 00:00:00+00:00,78.08,77.1,72.8774,83.320206,1.9192848,0.5576208178438661,-5.440728251114706,5620.248189790757,0.0,5614.807461539643,0,72.3992919921875,9499.715
2022-03-24 00:00:00+00:00,77.53,78.19,72.83885,78.212685,1.8985704,0.5576208178438661,-5.440728251114706,5699.704485021151,0.0,5694.263756770037,0,72.3992919921875,9634.017
2022-03-25 00:00:00+00:00,78.45,78.46,72.7988,78.98859,1.8699989,0.5576208178438661,-5.440728251114706,5719.386336863269,0.0,5713.9456086121545,0,72.49429321289062,9667.284
2022-03-28 00:00:00+00:00,78.41,78.95,72.75345,78.529816,1.8078558,0.5576208178438661,-5.440728251114706,5755.104683866204,0.0,5749.663955615089,0,72.85000610351562,9727.658
2022-03-29 00:00:00+00:00,78.91,79.71,72.7353,78.467125,1.667856,0.5576208178438661,-5.440728251114706,5810.505557697901,0.0,5805.0648294467865,0,73.52642822265625,9821.301
2022-03-30 00:00:00+00:00,79.75,79.67,72.72065,78.3088,1.6657132,0.5576208178438661,-5.440728251114706,5807.589779162878,0.0,5802.149050911763,0,74.70642852783203,9816.372
2022-03-31 00:00:00+00:00,79.66,79.42,72.7052,75.45153,1.5885702,0.5576208178438661,-5.440728251114706,5789.3658752974325,0.0,5783.925147046318,0,74.70642852783203,9785.568
2022-04-01 00:00:00+00:00,79.73,79.94,72.6867,72.90967,1.4678563,0.5294117647058824,-5.440728251114706,5827.272154944868,0.0,5821.831426693753,0,74.70642852783203,9849.64
2022-04-04 00:00:00+00:00,80.51,80.91,72.67075,86.11366,1.3878566,0.5576208178438661,5883.6930139576525,0.0,0.0,5883.6930139576525,-1,0.0,9969.156
2022-04-05 00:00:00+00:00,80.91,80.7,72.6555,85.916794,1.4092854,0.5576208178438661,5883.6930139576525,0.0,0.0,5883.6930139576525,0,0.0,9943.281
2022-04-06 00:00:00+00:00,80.32,81.87,72.63435,82.10518,1.3821422,0.5576208178438661,5883.6930139576525,0.0,0.0,5883.6930139576525,0,0.0,10087.441
2022-04-07 00:00:00+00:00,81.83,82.18,72.61825,86.08437,1.4257137,0.5576208178438661,5883.6930139576525,0.0,0.0,5883.6930139576525,0,0.0,10125.637
2022-04-08 00:00:00+00:00,82.43,83.18,72.6035,85.32381,1.4414285,0.5576208178438661,5883.6930139576525,0.0,0.0,5883.6930139576525,0,0.0,10248.85
2022-04-11 00:00:00+00:00,82.5,80.95,72.58875,84.73675,1.5407143,0.5576208178438661,5883.6930139576525,0.0,0.0,5883.6930139576525,0,0.0,9974.084
2022-04-12 00:00:00+00:00,81.01,80.07,72.55935,64.13249,1.5364287,0.4166666666666667,5883.6930139576525,0.0,0.0,5883.6930139576525,0,0.0,9865.657
2022-04-13 00:00:00+00:00,80.06,81.99,72.53165,64.57309,1.5792857,0.5294117647058824,5883.6930139576525,0.0,0.0,5883.6930139576525,0,0.0,10102.226
2022-04-14 00:00:00+00:00,81.56,81.74,72.5181,67.24134,1.6171428,0.5576208178438661,-5.883693013957782,5880.752637638833,0.0,5874.868944624875,1,77.25214385986328,10071.423
2022-04-18 00:00:00+00:00,81.69,80.33,72.50615,64.909065,1.6942858,0.5576208178438661,-5.883693013957782,5779.311048307767,0.0,5773.427355293809,0,77.25214385986328,9897.693
2022-04-19 00:00:00+00:00,79.96,79.47,72.4877,55.788605,1.7514284,0.5576208178438661,-5.883693013957782,5717.438734413093,0.0,5711.555041399135,0,77.25214385986328,9791.73
2022-04-20 00:00:00+00:00,79.72,78.71,72.46715,49.001675,1.755,0.5576208178438661,-5.883693013957782,5662.760658347292,0.0,5656.876965333334,0,77.25214385986328,9698.089
2022-04-21 00:00:00+00:00,79.01,76.86,72.444,46.232346,1.7971426,0.5576208178438661,-5.883693013957782,5529.663362993477,0.0,5523.779669979519,0,77.25214385986328,9470.1455
2022-04-22 00:00:00+00:00,76.55,76.58,72.41765,41.073936,1.9049999,0.5576208178438661,5495.370959093725,0.0,0.0,5495.370959093725,-1,0.0,9435.6455
2022-04-25 00:00:00+00:00,76.41,76.56,72.3934,38.08511,1.8957138,0.5576208178438661,-5.495370959093634,5492.62464677034,0.0,5487.129275811247,1,70.86500549316406,9433.18
2022-04-26 00:00:00+00:00,76.07,74.15,72.366,33.460064,1.8878566,0.5576208178438661,-5.495370959093634,5319.724928861145,0.0,5314.229557902051,0,70.87285614013672,9136.237
2022-04-27 00:00:00+00:00,74.13,74.43,72.33085,28.664509,1.951428,0.5576208178438661,-5.495370959093634,5339.812600957231,0.0,5334.317229998137,0,70.87285614013672,9170.736
2022-04-28 00:00:00+00:00,74.72,75.4,72.299904,24.273836,1.908571,0.5576208178438661,-5.495370959093634,5409.403368911467,0.0,5403.907997952373,0,70.87285614013672,9290.254
2022-04-29 00:00:00+00:00,75.07,74.96,72.27755,27.579361,1.9507135,0.5576208178438661,-5.495370959093634,5377.836293847685,0.0,5372.340922888591,0,70.87285614013672,9236.039
2022-05-02 00:00:00+00:00,74.68,76.05,72.2524,21.771969,1.8835706,0.5576208178438661,-5.495370959093634,5456.036213443826,0.0,5450.540842484732,0,70.87285614013672,9370.342
2022-05-03 00:00:00+00:00,76.12,77.18,72.241,31.743687,1.8621417,0.5576208178438661,-5.495370959093634,5537.105292098148,0.0,5531.609921139055,0,70.87285614013672,9509.572
2022-05-04 00:00:00+00:00,77.47,80.72,72.2391,39.42941,1.9864273,0.5576208178438661,-5.495370959093634,5791.074853565604,0.0,5785.57948260651,0,71.59357452392578,9945.747
2022-05-05 00:00:00+00:00,80.48,77.28,72.24665,45.84697,2.1028562,0.5576208178438661,-5.495370959093634,5544.279589962188,0.0,5538.784219003094,0,74.7607192993164,9521.894
2022-05-06 00:00:00+00:00,76.56,75.2,72.23735,37.932903,2.2735705,0.5576208178438661,-5.495370959093634,5395.054567412385,0.0,5389.559196453291,0,74.7607192993164,9265.61
2022-05-09 00:00:00+00:00,74.12,72.65,72.22025,36.60574,2.3557134,0.5576208178438661,5198.797429063899,0.0,0.0,5198.797429063899,-1,0.0,8951.418
2022-05-10 00:00:00+00:00,74.02,76.14,72.187,33.63724,2.474999,0.5576208178438661,-5.198797429064143,5196.199329399199,0.0,5191.000531970135,1,65.5828628540039,9381.431
2022-05-11 00:00:00+00:00,75.75,73.91,72.18115,44.548157,2.6192844,0.5576208178438661,-5.198797429064143,5044.012455660143,0.0,5038.813658231079,0,68.71500396728516,9106.666
2022-05-12 00:00:00+00:00,73.37,75.51,72.169,43.841343,2.651427,0.5576208178438661,-5.198797429064143,5153.204884952113,0.0,5148.006087523049,0,68.71500396728516,9303.807
2022-05-13 00:00:00+00:00,75.87,74.9,72.1565,47.882866,2.7399983,0.5576208178438661,-5.198797429064143,5111.575253571543,0.0,5106.376456142479,0,68.71500396728516,9228.647
2022-05-16 00:00:00+00:00,74.62,74.51,72.144,46.790417,2.774999,0.5576208178438661,-5.198797429064143,5084.959574843827,0.0,5079.760777414763,0,68.71500396728516,9180.594
2022-05-17 00:00:00+00:00,75.24,75.51,72.1298,50.755035,2.6828563,0.5576208178438661,-5.198797429064143,5153.205115555017,0.0,5148.006318125953,0,68.71500396728516,9303.808
2022-05-18 00:00:00+00:00,74.78,73.39,72.115,52.1987,2.706428,0.5576208178438661,-5.198797429064143,5008.524685953327,0.0,5003.325888524263,0,68.71500396728516,9042.596
2022-05-19 00:00:00+00:00,73.34,74.34,72.0922,46.09101,2.7035708,0.5576208178438661,-5.198797429064143,5073.357332984745,0.0,5068.158535555681,0,68.71500396728516,9159.647
2022-05-20 00:00:00+00:00,75.03,74.88,72.0772,48.81769,2.7264285,0.5576208178438661,-5.198797429064143,5110.209687478851,0.0,5105.010890049787,0,68.71500396728516,9226.182
2022-05-23 00:00:00+00:00,75.2,76.91,72.067,47.72106,2.7442856,0.5576208178438661,-5.198797429064143,5248.747982066903,0.0,5243.549184637839,0,68.71500396728516,9476.305
2022-05-24 00:00:00+00:00,76.66,75.11,72.07005,49.491913,2.6785715,0.5576208178438661,-5.198797429064143,5125.906272801761,0.0,5120.7074753726965,0,68.71500396728516,9254.521
2022-05-25 00:00:00+00:00,75.38,76.51,72.06905,38.703182,2.542143,0.5576208178438661,-5.198797429064143,5221.449711355897,0.0,5216.250913926833,0,68.71500396728516,9427.02
2022-05-26 00:00:00+00:00,76.89,76.02,72.0835,48.31067,2.382857,0.5576208178438661,-5.198797429064143,5188.009148271088,0.0,5182.810350842024,0,68.88357543945312,9366.645
2022-05-27 00:00:00+00:00,76.45,77.19,72.0991,51.93396,2.3064291,0.5576208178438661,-5.198797429064143,5267.856519504293,0.0,5262.657722075229,0,68.88357543945312,9510.805
2022-05-31 00:00:00+00:00,76.95,75.89,72.12055,61.45307,2.2128575,0.5576208178438661,-5.198797429064143,5179.137437693072,0.0,5173.9386402640075,0,70.27071380615234,9350.627
2022-06-01 00:00:00+00:00,76.22,74.98,72.13265,49.29098,2.1071434,0.5576208178438661,-5.198797429064143,5117.034584989267,0.0,5111.835787560203,0,70.27071380615234,9238.504
2022-06-02 00:00:00+00:00,74.68,74.63,72.1376,53.28019,2.0542865,0.5576208178438661,-5.198797429064143,5093.148281054335,0.0,5087.949483625271,0,70.27071380615234,9195.379
2022-06-03 00:00:00+00:00,74.37,73.96,72.132454,47.078342,2.0671442,0.5576208178438661,-5.198797429064143,5047.424073835204,0.0,5042.2252764061395,0,70.27071380615234,9112.826
2022-06-06 00:00:00+00:00,74.82,73.89,72.12955,46.891533,2.0028577,0.5576208178438661,-5.198797429064143,5042.64687797217,0.0,5037.448080543106,0,70.27071380615234,9104.202
2022-06-07 00:00:00+00:00,73.69,74.91,72.12645,47.9054,2.0314288,0.5576208178438661,-5.198797429064143,5112.257171577771,0.0,5107.058374148707,0,70.27071380615234,9229.879
2022-06-08 00:00:00+00:00,75.0,74.99,72.1265,47.97572,2.0128572,0.5576208178438661,-5.198797429064143,5117.716432487686,0.0,5112.517635058622,0,70.27071380615234,9239.735
2022-06-09 00:00:00+00:00,74.67,72.78,72.1238,56.259766,1.9242859,0.5576208178438661,-5.198797429064143,4966.894448281211,0.0,4961.695650852147,0,70.27071380615234,8967.435
2022-06-10 00:00:00+00:00,71.63,70.4,72.11,44.44446,1.917857,0.5576208178438661,-5.198797429064143,4804.470771878213,0.0,4799.271974449149,0,70.27071380615234,8674.188
2022-06-13 00:00:00+00:00,69.03,67.75,72.0832,35.894238,1.9264287,0.5576208178438661,4611.486358288603,0.0,0.0,4611.486358288603,-1,0.0,8347.674
2022-06-14 00:00:00+00:00,67.5,66.18,72.0462,22.24244,1.9550002,0.5576208178438661,-4.6114863582888574,4609.181767404901,0.0,4604.570281046612,1,64.86035919189453,8154.2295
2022-06-15 00:00:00+00:00,66.35,68.55,71.9987,22.556871,2.003571,0.5576208178438661,-4.6114863582888574,4774.243131147558,0.0,4769.63164478927,0,64.86035919189453,8446.244
2022-06-16 00:00:00+00:00,67.06,68.04,71.9612,26.914173,2.0664287,0.5576208178438661,-4.6114863582888574,4738.723469981496,0.0,4734.111983623207,0,65.54464721679688,8383.405
2022-06-17 00:00:00+00:00,68.53,71.27,71.91895,26.882992,2.1135712,0.5576208178438661,-4.6114863582888574,4963.680151126915,0.0,4959.068664768626,0,65.54464721679688,8781.383
2022-06-21 00:00:00+00:00,72.15,73.14,71.89015,34.679073,2.297857,0.5576208178438661,-4.6114863582888574,5093.9187905178,0.0,5089.307304159511,0,68.09963989257812,9011.791
2022-06-22 00:00:00+00:00,72.51,73.75,71.8697,43.08698,2.289286,0.5576208178438661,5124.086595720916,0.0,0.0,5124.086595720916,-1,0.0,9086.951
2022-06-23 00:00:00+00:00,74.19,74.78,71.858,46.860634,2.3042858,0.5576208178438661,-5.124086595720655,5121.525832804514,0.0,5116.401746208793,1,66.88214111328125,9213.86
2022-06-24 00:00:00+00:00,75.33,78.19,71.8584,50.37001,2.202143,0.5576208178438661,-5.124086595720655,5355.070143039722,0.0,5349.946056444001,0,67.86714172363281,9634.017
2022-06-27 00:00:00+00:00,77.91,77.36,71.87905,59.19166,2.365715,0.5576208178438661,-5.124086595720655,5298.2251630988085,0.0,5293.101076503088,0,71.58357238769531,9531.75
2022-06-28 00:00:00+00:00,77.32,75.63,71.9024,57.299118,2.360001,0.5576208178438661,-5.124086595720655,5179.740916325215,0.0,5174.616829729494,0,71.58357238769531,9318.592
2022-06-29 00:00:00+00:00,75.7,75.89,71.92495,51.470573,2.4442868,0.5576208178438661,-5.124086595720655,5197.548226940505,0.0,5192.424140344784,0,71.58357238769531,9350.628
2022-06-30 00:00:00+00:00,75.44,75.97,71.942154,51.82482,2.4285724,0.5576208178438661,-5.124086595720655,5203.027314647408,0.0,5197.903228051688,0,71.58357238769531,9360.485
2022-07-01 00:00:00+00:00,75.58,77.67,71.9608,57.079453,2.4128582,0.5576208178438661,-5.124086595720655,5319.456771041332,0.0,5314.332684445611,0,71.58357238769531,9569.947
2022-07-05 00:00:00+00:00,77.2,79.25,71.98195,66.63614,2.4171436,0.5576208178438661,-5.124086595720655,5427.667656648855,0.0,5422.543570053134,0,71.58357238769531,9764.624
2022-07-06 00:00:00+00:00,79.1,79.72,72.003,77.67082,2.3792865,0.5576208178438661,-5.124086595720655,5459.857319810882,0.0,5454.733233215161,0,71.99856567382812,9822.534
2022-07-07 00:00:00+00:00,79.38,80.78,72.02165,84.40038,2.2964299,0.5576208178438661,-5.124086595720655,5532.454230477631,0.0,5527.330143881911,0,72.58213806152344,9953.14
2022-07-08 00:00:00+00:00,80.4,80.48,72.046,83.28794,2.23643,0.5576208178438661,5498.516256935683,0.0,0.0,5498.516256935683,-1,0.0,9916.176
2022-07-11 00:00:00+00:00,80.22,80.96,72.0681,84.2511,2.1550014,0.5576208178438661,5498.516256935683,0.0,0.0,5498.516256935683,0,0.0,9975.317
2022-07-12 00:00:00+00:00,80.63,80.42,72.12495,81.44062,2.0235732,0.5294117647058824,5498.516256935683,0.0,0.0,5498.516256935683,0,0.0,9908.782
2022-07-13 00:00:00+00:00,78.66,79.41,72.17815,75.852264,2.0092876,0.5576208178438661,5498.516256935683,0.0,0.0,5498.516256935683,0,0.0,9784.338
2022-07-14 00:00:00+00:00,79.24,79.63,72.2302,69.54422,1.9707156,0.5576208178438661,5498.516256935683,0.0,0.0,5498.516256935683,0,0.0,9811.443
2022-07-15 00:00:00+00:00,79.62,80.03,72.28205,67.739586,2.0535724,0.5576208178438661,-5.498516256935545,5495.768372749309,0.0,5490.269856492373,1,73.71784973144531,9860.729
2022-07-18 00:00:00+00:00,80.36,78.86,72.3388,58.630386,1.9500008,0.5576208178438661,-5.498516256935545,5415.423153860924,0.0,5409.924637603988,0,73.86927795410156,9716.57
2022-07-19 00:00:00+00:00,79.94,81.36,72.38975,56.81819,1.9900006,0.5576208178438661,-5.498516256935545,5587.101832969406,0.0,5581.603316712471,0,73.86927795410156,10024.604
2022-07-20 00:00:00+00:00,81.68,82.49,72.45265,74.3416,1.9964294,0.5576208178438661,-5.498516256935545,5664.700173523119,0.0,5659.201657266183,0,75.38999938964844,10163.834
2022-07-21 00:00:00+00:00,83.0,82.86,72.52405,76.107635,2.0235722,0.5576208178438661,-5.498516256935545,5690.108442538548,0.0,5684.609926281612,0,76.5007095336914,10209.422
2022-07-22 00:00:00+00:00,83.13,80.9,72.60675,76.64351,1.9892862,0.5576208178438661,-5.498516256935545,5555.512673141814,0.0,5550.0141568848785,0,76.7892837524414,9967.925
2022-07-25 00:00:00+00:00,80.9,80.62,72.6846,62.244156,2.0035717,0.5576208178438661,-5.498516256935545,5536.28469429292,0.0,5530.786178035984,0,76.7892837524414,9933.425
2022-07-26 00:00:00+00:00,80.45,79.84,72.7586,55.761166,1.9371431,0.5576208178438661,-5.498516256935545,5482.720666276453,0.0,5477.222150019517,0,76.7892837524414,9837.318
2022-07-27 00:00:00+00:00,79.76,80.68,72.82955,50.491783,1.927857,0.5576208178438661,-5.498516256935545,5540.404667941993,0.0,5534.906151685057,0,76.7892837524414,9940.817
2022-07-28 00:00:00+00:00,80.61,78.82,72.9035,49.582645,1.8728567,0.5576208178438661,-5.498516256935545,5412.675827907949,0.0,5407.177311651013,0,76.7892837524414,9711.641
2022-07-29 00:00:00+00:00,78.73,77.68,72.97355,43.87,2.005714,0.5576208178438661,-5.498516256935545,5334.39064398082,0.0,5328.892127723884,0,76.7892837524414,9571.179
2022-08-01 00:00:00+00:00,77.43,77.4,73.04015,38.450706,1.9542853,0.5576208178438661,-5.498516256935545,5315.162666001393,0.0,5309.664149744457,0,76.7892837524414,9536.679
2022-08-02 00:00:00+00:00,74.0,72.58,73.10605,39.16787,1.9207132,0.5576208178438661,4971.191887334331,0.0,0.0,4971.191887334331,-1,0.0,8942.792
2022-08-03 00:00:00+00:00,71.56,72.54,73.14005,30.76056,2.221428,0.5576208178438661,-4.9711918873344985,4968.707533567547,0.0,4963.736341680213,1,69.69892883300781,8937.863
2022-08-04 00:00:00+00:00,72.63,71.91,73.17495,29.823582,2.2385707,0.5576208178438661,-4.9711918873344985,4925.555232935933,0.0,4920.584041048599,0,69.69892883300781,8860.24
2022-08-05 00:00:00+00:00,71.29,72.16,73.2116,27.191029,2.225714,0.5576208178438661,-4.9711918873344985,4942.679515392969,0.0,4937.708323505634,0,69.69892883300781,8891.044
2022-08-08 00:00:00+00:00,72.16,74.0,73.24505,30.154043,2.1992853,0.5576208178438661,-4.9711918873344985,5068.712243152158,0.0,5063.741051264824,0,69.69892883300781,9117.755
2022-08-09 00:00:00+00:00,73.5,73.73,73.2868,27.31196,2.1828563,0.5576208178438661,-4.9711918873344985,5050.218645493282,0.0,5045.247453605947,0,69.69892883300781,9084.488
2022-08-10 00:00:00+00:00,74.56,74.13,73.3261,21.484394,2.1607137,0.5576208178438661,-4.9711918873344985,5077.616564234717,0.0,5072.645372347382,0,69.69892883300781,9133.772
2022-08-11 00:00:00+00:00,73.8,73.76,73.3678,21.637402,2.1692853,0.5576208178438661,-4.9711918873344985,5052.2732977561855,0.0,5047.302105868851,0,69.69892883300781,9088.185
2022-08-12 00:00:00+00:00,73.99,73.99,73.40285,24.130415,2.0585713,0.5576208178438661,-4.9711918873344985,5068.027081059614,0.0,5063.055889172279,0,69.69892883300781,9116.522
2022-08-15 00:00:00+00:00,73.75,75.28,73.44005,25.890865,2.037857,0.5576208178438661,-4.9711918873344985,5156.387299192741,0.0,5151.4161073054065,0,69.69892883300781,9275.468
2022-08-16 00:00:00+00:00,75.48,74.96,73.4916,34.011204,2.082857,0.5576208178438661,-4.9711918873344985,5134.468709324838,0.0,5129.497517437503,0,69.69892883300781,9236.04
2022-08-17 00:00:00+00:00,74.49,73.86,73.5377,29.18482,2.0785713,0.5576208178438661,-4.9711918873344985,5059.123026654384,0.0,5054.15183476705,0,69.69892883300781,9100.506
2022-08-18 00:00:00+00:00,73.68,73.62,73.5721,30.893646,1.9378569,0.5576208178438661,-4.9711918873344985,5042.68417936303,0.0,5037.712987475696,0,69.69892883300781,9070.936
2022-08-19 00:00:00+00:00,73.41,74.54,73.59345,33.195335,1.9449997,0.5576208178438661,-4.9711918873344985,5105.700539149832,0.0,5100.729347262498,0,69.69892883300781,9184.291
2022-08-22 00:00:00+00:00,74.33,73.59,73.64875,38.75783,1.9564279,0.5576208178438661,-4.9711918873344985,5040.628878149391,0.0,5035.657686262057,0,69.69892883300781,9067.238
2022-08-23 00:00:00+00:00,73.23,72.99,73.68275,55.7062,1.6521422,0.5294117647058824,-4.9711918873344985,4999.531321581414,0.0,4994.5601296940795,0,70.65535736083984,8993.311
2022-08-24 00:00:00+00:00,73.11,72.97,73.71025,52.391064,1.5999991,0.5576208178438661,-4.9711918873344985,4998.1617352356225,0.0,4993.190543348288,0,70.65535736083984,8990.847
2022-08-25 00:00:00+00:00,73.25,72.68,73.7358,56.02273,1.5207127,0.5576208178438661,-4.9711918873344985,4978.297746477278,0.0,4973.326554589944,0,70.65535736083984,8955.115
2022-08-26 00:00:00+00:00,72.98,71.48,73.76675,52.941166,1.4964273,0.5576208178438661,-4.9711918873344985,4896.102738040393,0.0,4891.1315461530585,0,70.65535736083984,8807.261
2022-08-29 00:00:00+00:00,70.84,70.51,73.791504,34.634117,1.4349992,0.5172413793103449,-4.9711918873344985,4829.661404360693,0.0,4824.690212473359,0,70.65535736083984,8687.743
2022-08-30 00:00:00+00:00,70.47,69.96,73.8171,31.910063,1.4699996,0.5172413793103449,4779.829225683024,0.0,0.0,4779.829225683024,-1,0.0,8619.976
2022-08-31 00:00:00+00:00,70.53,70.43,73.84135,26.961306,1.4435709,0.4166666666666667,4779.829225683024,0.0,0.0,4779.829225683024,0,0.0,8677.886
2022-09-01 00:00:00+00:00,69.9,71.35,73.86545,31.803257,1.4471425,0.5576208178438661,4779.829225683024,0.0,0.0,4779.829225683024,0,0.0,8791.241
2022-09-02 00:00:00+00:00,71.41,70.21,73.89625,36.585365,1.5107138,0.5576208178438661,-4.779829225682988,4777.440505430309,0.0,4772.660676204626,1,69.17928314208984,8650.779
2022-09-06 00:00:00+00:00,70.54,69.11,73.9187,23.838997,1.5099994,0.5632183908045977,-4.779829225682988,4702.591104363179,0.0,4697.811275137496,0,69.17928314208984,8515.245
2022-09-07 00:00:00+00:00,69.13,71.41,73.93915,22.063028,1.5642847,0.5632183908045977,4847.026616735563,0.0,0.0,4847.026616735563,-1,0.0,8798.636
2022-09-08 00:00:00+00:00,71.25,71.72,73.97055,39.50301,1.6849992,0.5632183908045977,-4.847026616736002,4844.604314578274,0.0,4839.757287961538,1,69.0635757446289,8836.831
2022-09-09 00:00:00+00:00,71.72,72.2,74.0066,41.907997,1.6642854,0.5,-4.847026616736002,4877.02754563509,0.0,4872.180519018354,0,69.1925048828125,8895.973
2022-09-12 00:00:00+00:00,72.2,70.53,74.0509,39.645996,1.6364288,0.5632183908045977,-4.847026616736002,4764.221028191484,0.0,4759.374001574748,0,69.70356750488281,8690.208
2022-09-13 00:00:00+00:00,69.9,68.14,74.0845,37.271214,1.6528571,0.5632183908045977,-4.847026616736002,4602.7794251099995,0.0,4597.9323984932635,0,69.70356750488281,8395.7295
2022-09-14 00:00:00+00:00,68.55,68.42,74.0915,32.440254,1.7078574,0.5632183908045977,4609.913343557308,0.0,0.0,4609.913343557308,-1,0.0,8430.229
2022-09-15 00:00:00+00:00,68.22,68.98,74.0917,33.830826,1.7392856,0.5632183908045977,-4.609913343557309,4607.609538787914,0.0,4602.999625444357,1,65.85821533203125,8499.228
2022-09-16 00:00:00+00:00,68.86,68.83,74.08475,37.09903,1.7392856,0.5632183908045977,-4.609913343557309,4597.590032643176,0.0,4592.980119299618,0,66.37107849121094,8480.745
2022-09-19 00:00:00+00:00,68.42,68.81,74.0903,40.030094,1.7271423,0.5632183908045977,-4.609913343557309,4596.253824716952,0.0,4591.643911373395,0,66.37107849121094,8478.281
2022-09-20 00:00:00+00:00,68.2,68.26,74.10955,43.111816,1.7435706,0.5632183908045977,-4.609913343557309,4559.516046655649,0.0,4554.906133312092,0,66.37107849121094,8410.514
2022-09-21 00:00:00+00:00,68.42,66.83,74.1177,43.111843,1.7407134,0.5632183908045977,-4.609913343557309,4463.99735842787,0.0,4459.387445084312,0,66.37107849121094,8234.319
2022-09-22 00:00:00+00:00,66.16,67.41,74.12295,36.466167,1.8078558,0.5632183908045977,4491.375448952984,0.0,0.0,4491.375448952984,-1,0.0,8305.784
2022-09-23 00:00:00+00:00,67.33,66.89,74.13495,34.7994,1.825713,0.5632183908045977,-4.491375448952567,4489.130883511229,0.0,4484.639508062276,1,64.6982192993164,8241.713
2022-09-26 00:00:00+00:00,66.6,66.18,74.13575,36.547817,1.773571,0.5632183908045977,-4.491375448952567,4441.481206898222,0.0,4436.989831449269,0,64.6982192993164,8154.232
2022-09-27 00:00:00+00:00,66.48,66.44,74.13,37.74059,1.7242857,0.6,-4.491375448952567,4458.930282436683,0.0,4454.438906987731,0,64.6982192993164,8186.267
2022-09-28 00:00:00+00:00,66.95,67.66,74.12985,24.924322,1.6371428,0.6,-4.491375448952567,4540.806956856937,0.0,4536.315581407985,0,64.6982192993164,8336.586
2022-09-29 00:00:00+00:00,67.42,66.61,74.14115,31.238472,1.648571,0.6,-4.491375448952567,4470.338881479703,0.0,4465.84750603075,0,65.20429229736328,8207.212
2022-09-30 00:00:00+00:00,66.84,66.64,74.13515,25.460978,1.6721426,0.6,-4.491375448952567,4472.352200053443,0.0,4467.8608246044905,0,65.20429229736328,8210.908
2022-10-03 00:00:00+00:00,67.13,68.83,74.1254,30.051317,1.6300005,0.6,-4.491375448952567,4619.327737008077,0.0,4614.836361559124,0,65.20429229736328,8480.744
2022-10-04 00:00:00+00:00,69.41,69.56,74.109604,53.61257,1.6228578,0.5632183908045977,-4.491375448952567,4668.319458889244,0.0,4663.828083440291,0,66.38500213623047,8570.689
2022-10-05 00:00:00+00:00,69.21,69.5,74.0974,55.69999,1.6307155,0.5632183908045977,-4.491375448952567,4664.292852157258,0.0,4659.801476708305,0,67.1257095336914,8563.297
2022-10-06 00:00:00+00:00,69.12,69.64,74.08045,52.736824,1.6357155,0.6,-4.491375448952567,4673.688597031229,0.0,4669.197221582276,0,67.1257095336914,8580.547
2022-10-07 00:00:00+00:00,69.14,68.42,74.0614,54.267635,1.6335727,0.6,-4.491375448952567,4591.81165248951,0.0,4587.320277040558,0,67.1864242553711,8430.227
2022-10-10 00:00:00+00:00,68.56,67.58,74.0351,48.17587,1.6100012,0.6,-4.491375448952567,4535.437674523111,0.0,4530.946299074159,0,67.1864242553711,8326.729
2022-10-11 00:00:00+00:00,67.76,67.25,74.00615,46.90346,1.6042873,0.6,-4.491375448952567,4513.290631087221,0.0,4508.799255638269,0,67.1864242553711,8286.067
2022-10-12 00:00:00+00:00,67.35,67.51,73.97505,52.125496,1.5564302,0.6,-4.491375448952567,4530.739895821897,0.0,4526.248520372945,0,67.1864242553711,8318.104
2022-10-13 00:00:00+00:00,66.48,68.42,73.9427,50.523003,1.4750017,0.6,4580.432780532876,0.0,0.0,4580.432780532876,-1,0.0,8430.227
2022-10-14 00:00:00+00:00,69.12,69.1,73.9183,57.68844,1.5764296,0.6,-4.580432780532647,4578.143708678536,0.0,4573.563275898004,1,66.2074966430664,8514.012
2022-10-17 00:00:00+00:00,69.72,70.36,73.89485,64.717735,1.5750008,0.6,-4.580432780532647,4661.6238305255565,0.0,4657.043397745024,0,66.7353515625,8669.26
2022-10-18 00:00:00+00:00,71.14,71.11,73.8761,67.948715,1.5721436,0.5632183908045977,-4.580432780532647,4711.314205815227,0.0,4706.733773034694,0,67.99749755859375,8761.67
2022-10-19 00:00:00+00:00,70.53,69.59,73.86465,66.507164,1.577858,0.6,-4.580432780532647,4610.607896705929,0.0,4606.027463925397,0,68.75178527832031,8574.386
2022-10-20 00:00:00+00:00,69.69,68.96,73.84275,63.644672,1.6142862,0.6,-4.580432780532647,4568.868100914823,0.0,4564.2876681342905,0,68.75178527832031,8496.762
2022-10-21 00:00:00+00:00,68.98,70.58,73.8285,60.069447,1.6407144,0.6,-4.580432780532647,4676.199852774819,0.0,4671.619419994287,0,68.75178527832031,8696.368
2022-10-24 00:00:00+00:00,71.26,72.47,73.82915,57.99087,1.6585715,0.6,-4.580432780532647,4801.41960903577,0.0,4796.839176255237,0,68.75178527832031,8929.24
2022-10-25 00:00:00+00:00,72.49,72.42,73.828354,62.014877,1.7628572,0.6,-4.580432780532647,4798.106709363131,0.0,4793.526276582598,0,69.98214721679688,8923.079
2022-10-26 00:00:00+00:00,72.53,73.62,73.8245,62.0661,1.7364284,0.6,-4.580432780532647,4877.6117753528015,0.0,4873.031342572269,0,69.98214721679688,9070.936
2022-10-27 00:00:00+00:00,73.76,72.86,73.8193,65.12158,1.768571,0.6,4815.4374727520735,0.0,0.0,4815.4374727520735,-1,0.0,8977.294
2022-10-28 00:00:00+00:00,73.54,74.6,73.8114,67.48031,1.7621428,0.5632183908045977,-4.81543747275191,4813.030957273437,0.0,4808.215519800685,1,70.20714569091797,9191.685
2022-10-31 00:00:00+00:00,73.97,74.34,73.8163,75.808784,1.8049997,0.5632183908045977,-4.81543747275191,4796.256281477128,0.0,4791.440844004376,0,70.20714569091797,9159.649
2022-11-01 00:00:00+00:00,75.52,76.95,73.81975,76.201,1.7821426,0.5632183908045977,-4.81543747275191,4964.647678326192,0.0,4959.83224085344,0,70.20714569091797,9481.234
2022-11-02 00:00:00+00:00,76.67,77.15,73.8301,79.722885,2.1764286,0.6,-4.81543747275191,4977.55139409531,0.0,4972.735956622558,0,71.60356903076172,9505.878
2022-11-03 00:00:00+00:00,76.49,76.9,73.8408,78.773865,2.1578577,0.5632183908045977,-4.81543747275191,4961.421807452843,0.0,4956.606369980091,0,71.60356903076172,9475.074
2022-11-04 00:00:00+00:00,77.36,77.3,73.8514,76.45859,2.2242863,0.5632183908045977,-4.81543747275191,4987.229030671093,0.0,4982.413593198341,0,71.60356903076172,9524.359
2022-11-07 00:00:00+00:00,77.49,75.9,73.8641,74.99997,2.2257144,0.5632183908045977,-4.81543747275191,4896.903886644061,0.0,4892.088449171309,0,71.60356903076172,9351.861
2022-11-08 00:00:00+00:00,75.84,76.69,73.86965,66.483116,2.2535717,0.5632183908045977,-4.81543747275191,4947.872828350559,0.0,4943.057390877807,0,71.60356903076172,9449.199
2022-11-09 00:00:00+00:00,76.86,77.22,73.8764,75.724625,2.2042863,0.5632183908045977,-4.81543747275191,4982.06718234564,0.0,4977.251744872888,0,71.60356903076172,9514.502
2022-11-10 00:00:00+00:00,79.16,77.78,73.89175,80.14595,2.1778576,0.5632183908045977,5005.854290542541,0.0,0.0,5005.854290542541,-1,0.0,9583.501
2022-11-11 00:00:00+00:00,77.47,77.53,73.91305,78.480965,2.173572,0.5632183908045977,5005.854290542541,0.0,0.0,5005.854290542541,0,0.0,9552.697
2022-11-14 00:00:00+00:00,77.7,77.09,73.94275,72.999954,2.1400006,0.5632183908045977,5005.854290542541,0.0,0.0,5005.854290542541,0,0.0,9498.483
2022-11-15 00:00:00+00:00,78.07,76.62,73.95705,70.500404,2.155001,0.5632183908045977,-5.005854290542629,5003.352614235424,0.0,4998.346759944881,1,70.66999816894531,9440.574
2022-11-16 00:00:00+00:00,76.85,76.71,73.9685,64.07129,2.1435726,0.4482758620689655,-5.005854290542629,5009.2293977623285,0.0,5004.223543471786,0,70.66999816894531,9451.663
2022-11-17 00:00:00+00:00,76.58,77.96,73.9761,69.269264,2.1171439,0.4482758620689655,-5.005854290542629,5090.855765724417,0.0,5085.849911433875,0,70.66999816894531,9605.68
2022-11-18 00:00:00+00:00,78.27,77.45,73.99395,67.68421,2.1292872,0.5,-5.005854290542629,5057.552160185136,0.0,5052.546305894593,0,71.60856628417969,9542.842
2022-11-21 00:00:00+00:00,77.5,78.41,74.01595,65.94872,2.1864297,0.4482758620689655,-5.005854290542629,5120.241245014434,0.0,5115.235390723891,0,71.60856628417969,9661.126
2022-11-22 00:00:00+00:00,78.74,78.27,74.04455,59.01238,1.8492862,0.5632183908045977,-5.005854290542629,5111.098663374137,0.0,5106.092809083594,0,71.85071563720703,9643.875
2022-11-23 00:00:00+00:00,78.37,77.76,74.06915,56.965137,1.7407144,0.4482758620689655,-5.005854290542629,5077.795457187679,0.0,5072.789602897136,0,72.72213745117188,9581.037
2022-11-25 00:00:00+00:00,77.33,78.26,74.1076,55.180725,1.6778575,0.5,-5.005854290542629,5110.445833646472,0.0,5105.43997935593,0,72.72213745117188,9642.644
2022-11-28 00:00:00+00:00,78.3,77.83,74.1575,55.71428,1.6321439,0.4482758620689655,-5.005854290542629,5082.366310304636,0.0,5077.360456014093,0,73.22643280029297,9589.661
2022-11-29 00:00:00+00:00,77.9,77.8,74.21215,62.98789,1.5885724,0.25,-5.005854290542629,5080.407244931171,0.0,5075.401390640628,0,73.22643280029297,9585.965
2022-11-30 00:00:00+00:00,78.0,79.67,74.26735,58.320847,1.5564291,0.25,-5.005854290542629,5202.519561060495,0.0,5197.5137067699525,0,73.22643280029297,9816.372
2022-12-01 00:00:00+00:00,80.0,80.68,74.3356,65.29337,1.620715,0.4482758620689655,-5.005854290542629,5268.473524187748,0.0,5263.467669897205,0,75.0007095336914,9940.817
2022-12-02 00:00:00+00:00,80.28,83.13,74.4015,67.13949,1.5200005,0.4482758620689655,-5.005854290542629,5428.460720115546,0.0,5423.454865825003,0,75.81785583496094,10242.688
2022-12-05 00:00:00+00:00,82.77,84.08,74.478,76.26642,1.5928574,0.4482758620689655,-5.005854290542629,5490.497161314595,0.0,5485.491307024053,0,78.56999206542969,10359.742
2022-12-06 00:00:00+00:00,84.02,82.54,74.55925,81.2892,1.64,0.5632183908045977,5376.8429475092535,0.0,0.0,5376.8429475092535,-1,0.0,10169.995
2022-12-07 00:00:00+00:00,82.57,84.03,74.6293,74.18299,1.6564287,0.5632183908045977,5376.8429475092535,0.0,0.0,5376.8429475092535,0,0.0,10353.582
2022-12-08 00:00:00+00:00,84.21,84.11,74.7086,76.83283,1.7192857,0.4482758620689655,-5.376842947509431,5374.155869574466,0.0,5368.779026626957,1,79.06071472167969,10363.438
2022-12-09 00:00:00+00:00,84.15,82.34,74.7892,74.65917,1.6557143,0.5632183908045977,-5.376842947509431,5261.062688739205,0.0,5255.685845791696,0,79.06071472167969,10145.351
2022-12-12 00:00:00+00:00,82.46,82.36,74.8617,67.8077,1.6764287,0.4482758620689655,-5.376842947509431,5262.340856196744,0.0,5256.964013249235,0,79.06071472167969,10147.816
2022-12-13 00:00:00+00:00,82.85,82.91,74.9314,65.44173,1.6007146,0.5632183908045977,-5.376842947509431,5297.482690506237,0.0,5292.105847558728,0,79.06071472167969,10215.583
2022-12-14 00:00:00+00:00,82.68,82.67,75.00445,67.575775,1.6107146,0.4482758620689655,-5.376842947509431,5282.147753866742,0.0,5276.770910919233,0,79.06071472167969,10186.012
2022-12-15 00:00:00+00:00,81.98,82.23,75.0743,68.98682,1.5999995,0.5,-5.376842947509431,5254.034697482059,0.0,5248.657854534549,0,79.06071472167969,10131.799
2022-12-16 00:00:00+00:00,81.7,82.03,75.13755,65.423454,1.5935707,0.4482758620689655,-5.376842947509431,5241.255378559292,0.0,5235.878535611782,0,79.06071472167969,10107.156
2022-12-19 00:00:00+00:00,81.62,80.59,75.2004,66.61389,1.5899991,0.5632183908045977,-5.376842947509431,5149.2473356082355,0.0,5143.870492660726,0,79.06071472167969,9929.7295
2022-12-20 00:00:00+00:00,80.46,81.07,75.2531,59.928787,1.687142,0.25,-5.376842947509431,5179.917143265993,0.0,5174.540300318484,0,79.06071472167969,9988.872
2022-12-21 00:00:00+00:00,81.36,80.52,75.30535,55.52922,1.5978563,0.4482758620689655,-5.376842947509431,5144.7749284264855,0.0,5139.398085478976,0,79.06071472167969,9921.1045
2022-12-22 00:00:00+00:00,80.34,81.12,75.3522,49.34425,1.6092851,0.4482758620689655,-5.376842947509431,5183.112008428438,0.0,5177.735165480928,0,79.06071472167969,9995.034
2022-12-23 00:00:00+00:00,80.82,81.36,75.39775,40.289917,1.4571425,0.5632183908045977,-5.376842947509431,5198.446432664876,0.0,5193.069589717366,0,79.06071472167969,10024.6045
2022-12-27 00:00:00+00:00,81.49,79.59,75.4372,35.892155,1.3842856,0.5632183908045977,-5.376842947509431,5085.353094631247,0.0,5079.976251683737,0,79.06071472167969,9806.518
2022-12-28 00:00:00+00:00,79.66,79.44,75.46545,35.05575,1.407142,0.5,-5.376842947509431,5075.769341632772,0.0,5070.392498685263,0,79.06071472167969,9788.036
2022-12-29 00:00:00+00:00,79.59,79.48,75.5017,23.095074,1.3557135,0.5632183908045977,-5.376842947509431,5078.32519472533,0.0,5072.948351777821,0,79.06071472167969,9792.965
2022-12-30 00:00:00+00:00,79.25,80.32,75.53255,22.732735,1.3514273,0.5632183908045977,-5.376842947509431,5131.996077720884,0.0,5126.619234773375,0,79.06071472167969,9896.463
2023-01-03 00:00:00+00:00,80.17,79.55,75.56115,36.64027,1.3007132,0.5,-5.376842947509431,5082.797518606405,0.0,5077.420675658896,0,79.06071472167969,9801.589
2023-01-04 00:00:00+00:00,80.13,79.08,75.58715,33.0927,1.3678561,0.5,-5.376842947509431,5052.76707605656,0.0,5047.39023310905,0,79.06071472167969,9743.679
2023-01-05 00:00:00+00:00,78.58,80.16,75.60655,26.731491,1.4099993,0.5632183908045977,5108.713683437863,0.0,0.0,5108.713683437863,-1,0.0,9876.75
2023-01-06 00:00:00+00:00,81.0,80.87,75.62445,36.163216,1.5035712,0.5632183908045977,-5.1087136834376,5106.160603136295,0.0,5101.051889452858,1,75.93000793457031,9964.23
2023-01-09 00:00:00+00:00,80.89,78.82,75.63855,42.71949,1.5107138,0.5632183908045977,-5.1087136834376,4976.722604887418,0.0,4971.6138912039805,0,76.35929107666016,9711.643
2023-01-10 00:00:00+00:00,78.9,79.55,75.64715,35.656853,1.5921429,0.25,-5.1087136834376,5022.815059394639,0.0,5017.706345711202,0,76.35929107666016,9801.588
2023-01-11 00:00:00+00:00,79.52,79.68,75.65395,45.038204,1.552857,0.4482758620689655,-5.1087136834376,5031.022946666781,0.0,5025.914232983343,0,76.35929107666016,9817.605
2023-01-12 00:00:00+00:00,79.67,80.45,75.66005,43.1392,1.605714,0.4482758620689655,-5.1087136834376,5079.640648691789,0.0,5074.531935008351,0,76.35929107666016,9912.479
2023-01-13 00:00:00+00:00,80.19,80.83,75.66755,49.66184,1.6414282,0.5632183908045977,-5.1087136834376,5103.63457963525,0.0,5098.525865951812,0,76.35929107666016,9959.3
2023-01-17 00:00:00+00:00,80.68,81.26,75.67315,48.568604,1.6621426,0.5632183908045977,-5.1087136834376,5130.785067147695,0.0,5125.676353464258,0,76.35929107666016,10012.282
2023-01-18 00:00:00+00:00,81.09,82.27,75.6811,49.51551,1.6828564,0.5632183908045977,-5.1087136834376,5194.556200982536,0.0,5189.447487299099,0,76.35929107666016,10136.726
2023-01-19 00:00:00+00:00,82.3,83.88,75.69535,64.016754,1.6349994,0.5632183908045977,-5.1087136834376,5296.212391094399,0.0,5291.103677410962,0,77.22142791748047,10335.1
2023-01-20 00:00:00+00:00,83.97,83.2,75.71505,70.14517,1.6828569,0.5632183908045977,-5.1087136834376,5253.2769095870535,0.0,5248.168195903616,0,78.9749984741211,10251.314
2023-01-23 00:00:00+00:00,83.36,83.48,75.7265,65.95195,1.7057141,0.5632183908045977,-5.1087136834376,5270.9569005595085,0.0,5265.848186876071,0,78.9749984741211,10285.816
2023-01-24 00:00:00+00:00,83.48,83.64,75.7404,64.234245,1.6607143,0.5,-5.1087136834376,5281.058835718512,0.0,5275.950122035074,0,78.9749984741211,10305.53
2023-01-25 00:00:00+00:00,83.57,84.97,75.74925,69.49473,1.5971429,0.5632183908045977,-5.1087136834376,5365.035309426107,0.0,5359.92659574267,0,78.9749984741211,10469.402
2023-01-26 00:00:00+00:00,85.0,86.01,75.7632,75.94712,1.5878569,0.5632183908045977,5417.44629826588,0.0,0.0,5417.44629826588,-1,0.0,10597.543
2023-01-27 00:00:00+00:00,85.76,85.7,75.77735,75.86205,1.5442854,0.5632183908045977,5417.44629826588,0.0,0.0,5417.44629826588,0,0.0,10559.346
2023-01-30 00:00:00+00:00,85.4,83.65,75.8011,72.135605,1.5199999,0.5,5417.44629826588,0.0,0.0,5417.44629826588,0,0.0,10306.76
2023-01-31 00:00:00+00:00,84.06,85.14,75.819,72.13566,1.5021428,0.5632183908045977,5417.44629826588,0.0,0.0,5417.44629826588,0,0.0,10490.347
2023-02-01 00:00:00+00:00,84.8,85.6,75.83475,73.95029,1.5521431,0.5632183908045977,-5.417446298265531,5414.738928801479,0.0,5409.321482503214,1,80.6335678100586,10547.024
2023-02-02 00:00:00+00:00,85.3,84.49,75.85405,74.66666,1.5221432,0.5632183908045977,-5.417446298265531,5344.524446991421,0.0,5339.107000693156,0,80.94357299804688,10410.258
2023-02-03 00:00:00+00:00,84.69,83.61,75.87485,66.36953,1.5257143,0.5632183908045977,-5.417446298265531,5288.859219435686,0.0,5283.441773137421,0,80.94357299804688,10301.831
2023-02-06 00:00:00+00:00,83.61,84.36,75.89555,60.825542,1.5485715,0.5632183908045977,-5.417446298265531,5336.301665017134,0.0,5330.884218718868,0,80.94357299804688,10394.24
2023-02-07 00:00:00+00:00,83.5,80.96,75.9238,61.778114,1.610714,0.5632183908045977,-5.417446298265531,5121.230197864819,0.0,5115.812751566554,0,80.94357299804688,9975.316
2023-02-08 00:00:00+00:00,80.96,80.5,75.9443,45.78779,1.875714,0.5632183908045977,-5.417446298265531,5092.132326763233,0.0,5086.714880464968,0,80.94357299804688,9918.639
2023-02-09 00:00:00+00:00,80.8,81.24,75.9639,38.2639,1.870714,0.5632183908045977,5125.815725117547,0.0,0.0,5125.815725117547,-1,0.0,10009.815
2023-02-10 00:00:00+00:00,81.0,79.26,75.9873,43.222687,1.8628567,0.5632183908045977,-5.125815725117718,5123.2540980685135,0.0,5118.128282343396,1,75.62785339355469,9765.855
2023-02-13 00:00:00+00:00,79.22,80.08,76.01285,36.943058,1.9521425,0.5632183908045977,-5.125815725117718,5176.257734685575,0.0,5171.131918960457,0,75.62785339355469,9866.89
2023-02-14 00:00:00+00:00,80.2,79.36,76.0411,39.417362,1.9621423,0.5632183908045977,-5.125815725117718,5129.7179856753155,0.0,5124.592169950198,0,75.62785339355469,9778.177
2023-02-15 00:00:00+00:00,79.0,79.35,76.0609,32.695854,1.9449997,0.5632183908045977,-5.125815725117718,5129.071313811539,0.0,5123.945498086421,0,75.62785339355469,9776.944
2023-02-16 00:00:00+00:00,79.48,78.24,76.08285,28.06322,1.8871428,0.5632183908045977,-5.125815725117718,5057.322408885373,0.0,5052.196593160255,0,75.62785339355469,9640.178
2023-02-17 00:00:00+00:00,78.07,79.0,76.0938,26.658308,1.9478569,0.5632183908045977,-5.125815725117718,5106.448070316688,0.0,5101.3222545915705,0,75.62785339355469,9733.82
2023-02-21 00:00:00+00:00,78.93,78.49,76.1029,34.172897,1.8964282,0.5632183908045977,-5.125815725117718,5073.482274081608,0.0,5068.35645835649,0,75.62785339355469,9670.981
2023-02-22 00:00:00+00:00,78.68,78.51,76.09175,25.747622,1.8257141,0.5632183908045977,-5.125815725117718,5074.775349774499,0.0,5069.649534049381,0,75.62785339355469,9673.446
2023-02-23 00:00:00+00:00,78.3,77.66,76.0979,23.28563,1.7849998,0.5632183908045977,-5.125815725117718,5019.832547028895,0.0,5014.706731303777,0,75.62785339355469,9568.715
2023-02-24 00:00:00+00:00,77.43,77.02,76.1102,23.750988,1.7285718,0.4482758620689655,-5.125815725117718,4978.463519685511,0.0,4973.337703960393,0,75.62785339355469,9489.858
2023-02-27 00:00:00+00:00,77.18,76.61,76.13205,24.197346,1.6671437,0.5632183908045977,-5.125815725117718,4951.962007248668,0.0,4946.83619152355,0,75.62785339355469,9439.342
2023-02-28 00:00:00+00:00,76.54,76.98,76.1344,18.825441,1.6007156,0.5,-5.125815725117718,4975.878226573933,0.0,4970.752410848815,0,75.62785339355469,9484.93
2023-03-01 00:00:00+00:00,77.01,77.83,76.14975,28.82983,1.314287,0.5632183908045977,-5.125815725117718,5030.820681953468,0.0,5025.69486622835,0,75.62785339355469,9589.66
2023-03-02 00:00:00+00:00,77.58,77.31,76.16135,36.36366,1.2771437,0.5,-5.125815725117718,4997.208443623687,0.0,4992.08262789857,0,75.62785339355469,9525.589
2023-03-03 00:00:00+00:00,77.39,77.56,76.1734,29.467115,1.2535727,0.5632183908045977,-5.125815725117718,5013.368368303703,0.0,5008.242552578586,0,75.62785339355469,9556.393
2023-03-06 00:00:00+00:00,75.8,75.85,76.18865,39.15816,1.1685725,0.5632183908045977,-5.125815725117718,4902.836329341238,0.0,4897.71051361612,0,75.62785339355469,9345.699
2023-03-07 00:00:00+00:00,75.89,74.38,76.19035,25.773228,1.2671438,0.5632183908045977,-5.125815725117718,4807.817446014649,0.0,4802.6916302895315,0,75.62785339355469,9164.576
2023-03-08 00:00:00+00:00,74.21,73.79,76.1953,23.734211,1.3000009,0.5632183908045977,4757.400606029751,0.0,0.0,4757.400606029751,-1,0.0,9091.881
2023-03-09 00:00:00+00:00,73.96,72.86,76.19255,22.365852,1.2764293,0.5632183908045977,-4.757400606029478,4755.02309448251,0.0,4750.26569387648,1,71.83999633789062,8977.293
2023-03-10 00:00:00+00:00,72.75,72.01,76.18245,22.773327,1.2935721,0.6,-4.757400606029478,4699.550145323919,0.0,4694.79274471789,0,71.83999633789062,8872.5625
2023-03-13 00:00:00+00:00,72.27,73.18,76.15795,14.944877,1.3300008,0.5632183908045977,-4.757400606029478,4775.907258042391,0.0,4771.149857436361,0,71.83999633789062,9016.722
2023-03-14 00:00:00+00:00,73.31,74.0,76.1483,25.02354,1.4100004,0.5632183908045977,-4.757400606029478,4829.4222367643615,0.0,4824.664836158332,0,71.83999633789062,9117.755
2023-03-15 00:00:00+00:00,73.56,72.47,76.13575,30.271208,1.4357141,0.5,-4.757400606029478,4729.570748562218,0.0,4724.813347956188,0,71.88500213623047,8929.239
2023-03-16 00:00:00+00:00,72.32,73.97,76.118004,28.571419,1.4878567,0.5632183908045977,-4.757400606029478,4827.464301283016,0.0,4822.706900676986,0,71.88500213623047,9114.059
2023-03-17 00:00:00+00:00,73.97,73.62,76.1019,38.242107,1.542142,0.4482758620689655,-4.757400606029478,4804.622405101131,0.0,4799.865004495102,0,71.88500213623047,9070.934
2023-03-20 00:00:00+00:00,73.53,74.22,76.09055,38.419834,1.5435709,0.4482758620689655,-4.757400606029478,4843.779988811033,0.0,4839.022588205004,0,71.88500213623047,9144.862
2023-03-21 00:00:00+00:00,74.32,73.49,76.086754,39.497704,1.5635713,0.5632183908045977,-4.757400606029478,4796.1382135097165,0.0,4791.380812903687,0,71.90464782714844,9054.916
2023-03-22 00:00:00+00:00,73.52,72.26,76.08105,33.333313,1.5864285,0.5632183908045977,-4.757400606029478,4715.865609627444,0.0,4711.108209021415,0,71.90464782714844,8903.365
2023-03-23 00:00:00+00:00,72.42,72.26,76.07255,31.609615,1.6407138,0.4482758620689655,-4.757400606029478,4715.865609627444,0.0,4711.108209021415,0,71.90464782714844,8903.365
2023-03-24 00:00:00+00:00,70.74,70.23,76.0644,30.341246,1.653571,0.4482758620689655,4571.7504146183355,0.0,0.0,4571.7504146183355,-1,0.0,8653.243
2023-03-27 00:00:00+00:00,70.58,70.81,76.041,29.63768,1.7949998,0.5632183908045977,4571.7504146183355,0.0,0.0,4571.7504146183355,0,0.0,8724.706
2023-03-28 00:00:00+00:00,70.81,70.31,76.0201,36.17349,1.7535712,0.5,-4.571750414618691,4569.465681777447,0.0,4564.893931362828,1,68.11750030517578,8663.1
2023-03-29 00:00:00+00:00,70.73,71.14,76.00775,36.42743,1.7907143,0.5632183908045977,-4.571750414618691,4623.407942289486,0.0,4618.836191874867,0,68.11750030517578,8765.366
2023-03-30 00:00:00+00:00,71.39,71.04,76.01145,43.238983,1.7307146,0.5632183908045977,-4.571750414618691,4616.909019613458,0.0,4612.33726919884,0,68.45392608642578,8753.046
2023-03-31 00:00:00+00:00,71.17,72.27,76.0279,45.948193,1.6321433,0.5632183908045977,-4.571750414618691,4696.846535220062,0.0,4692.274784805443,0,68.45392608642578,8904.597
2023-04-03 00:00:00+00:00,72.09,72.66,76.05835,46.21777,1.5521437,0.5632183908045977,-4.571750414618691,4722.192998638412,0.0,4717.621248223793,0,69.82178497314453,8952.649
2023-04-04 00:00:00+00:00,72.48,72.65,76.0789,44.224148,1.5342871,0.5632183908045977,-4.571750414618691,4721.5430967933235,0.0,4716.971346378705,0,70.331787109375,8951.418
2023-04-05 00:00:00+00:00,72.88,73.78,76.10195,50.89286,1.4385725,0.5632183908045977,-4.571750414618691,4794.9817480090205,0.0,4790.409997594402,0,70.34857177734375,9090.647
2023-04-06 00:00:00+00:00,74.1,75.51,76.1145,49.021614,1.4178581,0.5632183908045977,-4.571750414618691,4907.415005694697,0.0,4902.843255280079,0,71.62213897705078,9303.807
2023-04-10 00:00:00+00:00,73.48,73.93,76.12635,58.52119,1.4935722,0.5632183908045977,-4.571750414618691,4804.730343352975,0.0,4800.158592938356,0,73.38321685791016,9109.13
2023-04-11 00:00:00+00:00,74.23,74.17,76.12725,48.79867,1.562858,0.5632183908045977,-4.571750414618691,4820.327974892104,0.0,4815.756224477485,0,73.38321685791016,9138.701
2023-04-12 00:00:00+00:00,74.31,73.94,76.1242,52.9361,1.5192865,0.5632183908045977,-4.571750414618691,4805.380467338183,0.0,4800.808716923564,0,73.38321685791016,9110.362
2023-04-13 00:00:00+00:00,74.05,75.33,76.10295,57.939514,1.5114294,0.5632183908045977,-4.571750414618691,4895.717134510888,0.0,4891.1453840962695,0,73.38321685791016,9281.629
2023-04-14 00:00:00+00:00,75.12,74.5,76.092804,62.82373,1.5421437,0.5632183908045977,-4.571750414618691,4841.77506266178,0.0,4837.203312247161,0,73.38321685791016,9179.361
2023-04-17 00:00:00+00:00,75.03,75.0,76.08715,69.82358,1.3271435,0.5632183908045977,-4.571750414618691,4874.269976508367,0.0,4869.698226093748,0,73.38321685791016,9240.968
2023-04-18 00:00:00+00:00,74.88,73.8,76.0827,69.59776,1.3028581,0.5632183908045977,-4.571750414618691,4796.2817893655165,0.0,4791.710038950898,0,73.38321685791016,9093.112
2023-04-19 00:00:00+00:00,73.67,73.81,76.07185,65.32048,1.3814294,0.5632183908045977,-4.571750414618691,4796.931310252977,0.0,4792.359559838358,0,73.38321685791016,9094.344
2023-04-20 00:00:00+00:00,73.64,73.85,76.05255,62.630085,1.4000005,0.5632183908045977,-4.571750414618691,4799.530889317395,0.0,4794.959138902776,0,73.38321685791016,9099.272
2023-04-21 00:00:00+00:00,74.14,74.59,76.02555,63.368217,1.4364287,0.5632183908045977,-4.571750414618691,4847.62341771215,0.0,4843.051667297531,0,73.38321685791016,9190.45
2023-04-24 00:00:00+00:00,74.56,75.25,75.9999,61.576847,1.4357141,0.5632183908045977,-4.571750414618691,4890.517268015215,0.0,4885.945517600597,0,73.38321685791016,9271.7705
2023-04-25 00:00:00+00:00,75.35,73.55,75.97225,62.585026,1.4499997,0.5632183908045977,4768.292358530875,0.0,0.0,4768.292358530875,-1,0.0,9062.31
2023-04-26 00:00:00+00:00,73.0,73.53,75.9376,53.75627,1.5857141,0.5632183908045977,-4.7682923585307435,4765.909403828961,0.0,4761.141111470431,1,71.375,9059.845
2023-04-27 00:00:00+00:00,73.69,73.65,75.90045,48.850044,1.5814285,0.5632183908045977,-4.7682923585307435,4773.687249657306,0.0,4768.918957298775,0,71.375,9074.63
2023-04-28 00:00:00+00:00,73.6,74.41,75.8666,39.956795,1.513571,0.5632183908045977,-4.7682923585307435,4822.947471304578,0.0,4818.179178946048,0,71.375,9168.272
2023-05-01 00:00:00+00:00,74.63,75.34,75.8416,52.843624,1.4678563,0.5632183908045977,-4.7682923585307435,4883.225920569818,0.0,4878.457628211288,0,72.1396484375,9282.859
2023-05-02 00:00:00+00:00,68.08,69.96,75.82015,56.407444,1.4999989,0.5632183908045977,4522.94672589048,0.0,0.0,4522.94672589048,-1,0.0,8619.975
2023-05-03 00:00:00+00:00,69.67,68.04,75.7698,36.064404,1.9107132,0.5632183908045977,-4.522946725890506,4520.68638269913,0.0,4516.16343597324,1,67.70999908447266,8383.406
2023-05-04 00:00:00+00:00,67.39,66.19,75.7157,25.388231,1.9442847,0.5632183908045977,4386.649993289944,0.0,0.0,4386.649993289944,-1,0.0,8155.462
2023-05-05 00:00:00+00:00,66.75,66.56,75.63985,23.752354,1.9857134,0.5632183908045977,-4.386649993290121,4384.457764407741,0.0,4380.071114414451,1,63.27357482910156,8201.05
2023-05-08 00:00:00+00:00,66.58,65.79,75.5602,23.12098,2.0735707,0.5632183908045977,-4.386649993290121,4333.736223115037,0.0,4329.349573121747,0,63.58142852783203,8106.1763
2023-05-09 00:00:00+00:00,65.39,64.77,75.47485,23.772062,1.9878567,0.5709313618079169,-4.386649993290121,4266.546223880175,0.0,4262.159573886885,0,63.58142852783203,7980.4985
2023-05-10 00:00:00+00:00,64.96,63.92,75.3942,22.235855,1.9878567,0.5632183908045977,-4.386649993290121,4210.554915086727,0.0,4206.168265093437,0,63.58142852783203,7875.768
2023-05-11 00:00:00+00:00,64.11,64.17,75.3107,20.947903,1.9892853,0.5632183908045977,-4.386649993290121,4227.022974651447,0.0,4222.636324658157,0,63.58142852783203,7906.571
2023-05-12 00:00:00+00:00,64.2,65.28,75.23235,18.614447,1.9399997,0.5632183908045977,-4.386649993290121,4300.141443023887,0.0,4295.754793030597,0,63.58142852783203,8043.338
2023-05-15 00:00:00+00:00,65.5,66.2,75.15535,20.76244,1.9535713,0.5632183908045977,-4.386649993290121,4360.7440271090145,0.0,4356.357377115724,0,63.58142852783203,8156.6943
2023-05-16 00:00:00+00:00,65.72,64.7,75.09225,27.412382,1.8392857,0.5632183908045977,-4.386649993290121,4261.935731357357,0.0,4257.549081364067,0,63.58142852783203,7971.875
2023-05-17 00:00:00+00:00,64.65,64.55,75.02735,25.126734,1.8499995,0.6,-4.386649993290121,4252.055189182115,0.0,4247.668539188825,0,63.58142852783203,7953.3936
2023-05-18 00:00:00+00:00,64.57,63.63,74.9631,24.409418,1.8435713,0.5632183908045977,-4.386649993290121,4191.452587849042,0.0,4187.065937855752,0,63.58142852783203,7840.037
2023-05-19 00:00:00+00:00,63.8,63.57,74.91835,19.955359,1.8299999,0.6,-4.386649993290121,4187.500276575242,0.0,4183.113626581952,0,63.58142852783203,7832.6445
2023-05-22 00:00:00+00:00,63.94,64.39,74.8735,15.52429,1.8064289,0.5632183908045977,-4.386649993290121,4241.51551425557,0.0,4237.12886426228,0,63.58142852783203,7933.679
2023-05-23 00:00:00+00:00,64.36,65.08,74.8359,27.737787,1.3757147,0.6,-4.386649993290121,4286.967431022626,0.0,4282.580781029336,0,63.58142852783203,8018.6963
2023-05-24 00:00:00+00:00,64.8,64.28,74.8005,36.879425,1.344286,0.5632183908045977,-4.386649993290121,4234.269354351003,0.0,4229.882704357713,0,63.58142852783203,7920.1255
2023-05-25 00:00:00+00:00,63.66,62.87,74.7519,40.66469,1.2628574,0.6,-4.386649993290121,4141.389452947649,0.0,4137.002802954359,0,63.58142852783203,7746.3955
2023-05-26 00:00:00+00:00,62.87,62.58,74.6976,33.629112,1.2428572,0.6,4111.716697731347,0.0,0.0,4111.716697731347,-1,0.0,7710.664
2023-05-30 00:00:00+00:00,62.19,61.87,74.63985,35.125122,1.2057141,0.6,-4.111716697731026,4109.661866797948,0.0,4105.550150100217,1,60.71571731567383,7623.183
2023-05-31 00:00:00+00:00,61.92,61.55,74.5804,36.16413,1.2264284,0.6,-4.111716697731026,4088.406147206001,0.0,4084.29443050827,0,60.71571731567383,7583.7554
2023-06-01 00:00:00+00:00,61.59,61.51,74.5182,38.090458,1.2164282,0.99,-4.111716697731026,4085.749216984504,0.0,4081.637500286773,0,60.71571731567383,7578.8267
2023-06-02 00:00:00+00:00,61.5,62.54,74.44935,36.34497,1.250714,0.6,-4.111716697731026,4154.1664314388945,0.0,4150.0547147411635,0,60.71571731567383,7705.737
2023-06-05 00:00:00+00:00,62.36,62.37,74.38725,35.81782,1.245714,0.6,-4.111716697731026,4142.874286180362,0.0,4138.762569482631,0,60.71571731567383,7684.7905
2023-06-06 00:00:00+00:00,62.65,61.71,74.3298,28.507324,1.2292854,0.6,-4.111716697731026,4099.0342669456095,0.0,4094.9225502478785,0,60.71571731567383,7603.47
2023-06-07 00:00:00+00:00,61.58,61.39,74.27025,31.474627,1.2157143,0.6,-4.111716697731026,4077.778542384991,0.0,4073.66682568726,0,60.71571731567383,7564.042
2023-06-08 00:00:00+00:00,61.5,61.51,74.2045,30.82525,1.1921431,0.6,-4.111716697731026,4085.7492730186655,0.0,4081.6375563209344,0,60.71571731567383,7578.8276
2023-06-09 00:00:00+00:00,61.34,61.04,74.1441,35.75269,1.1285716,0.6,-4.111716697731026,4054.5299915803967,0.0,4050.4182748826656,0,60.71571731567383,7520.9175
2023-06-12 00:00:00+00:00,61.16,62.1,74.08435,33.885372,1.1392858,0.6,-4.111716697731026,4124.939235576956,0.0,4120.827518879225,0,60.71571731567383,7651.523
2023-06-13 00:00:00+00:00,61.8,61.95,74.03,35.846725,1.13,0.99,-4.111716697731026,4114.975780520854,0.0,4110.864063823123,0,60.71571731567383,7633.041
2023-06-14 00:00:00+00:00,62.14,61.44,73.97635,29.271515,1.0949999,0.99,-4.111716697731026,4081.0993480511293,0.0,4076.9876313533982,0,60.71571731567383,7570.202
2023-06-15 00:00:00+00:00,61.37,62.58,73.92615,30.440765,1.1064284,0.6,-4.111716697731026,4156.822871110671,0.0,4152.71115441294,0,60.71571731567383,7710.665
2023-06-16 00:00:00+00:00,62.81,63.23,73.8865,47.92563,1.0807143,0.6,-4.111716697731026,4199.998565666892,0.0,4195.886848969161,0,60.92036056518555,7790.7534
2023-06-20 00:00:00+00:00,63.42,61.75,73.85285,54.421753,1.1421427,0.6,-4.111716697731026,4101.690775104962,0.0,4097.579058407231,0,61.60892868041992,7608.3984
2023-06-21 00:00:00+00:00,61.79,61.89,73.80945,49.26109,1.1692857,0.6,-4.111716697731026,4110.990298560072,0.0,4106.878581862341,0,61.60892868041992,7625.6484
2023-06-22 00:00:00+00:00,61.89,61.91,73.76215,52.14106,1.1521429,0.6,-4.111716697731026,4112.318873539305,0.0,4108.207156841574,0,61.60892868041992,7628.113
2023-06-23 00:00:00+00:00,61.89,62.45,73.72065,52.52526,1.1014284,0.5632183908045977,-4.111716697731026,4148.187774236432,0.0,4144.076057538701,0,61.60892868041992,7694.648
2023-06-26 00:00:00+00:00,62.49,62.94,73.68735,49.394344,1.1171426,0.6,-4.111716697731026,4180.735435435104,0.0,4176.623718737373,0,61.60892868041992,7755.022
2023-06-27 00:00:00+00:00,63.09,61.68,73.645,53.67742,1.1935713,0.6,-4.111716697731026,4097.041065267433,0.0,4092.9293485697017,0,61.60892868041992,7599.774
2023-06-28 00:00:00+00:00,61.98,60.95,73.5948,49.820366,1.2585714,0.6,-4.111716697731026,4048.551449049659,0.0,4044.439732351928,0,61.60892868041992,7509.8286
2023-06-29 00:00:00+00:00,60.84,61.85,73.53855,47.48859,1.295714,0.6,4098.059018808475,0.0,0.0,4098.059018808475,-1,0.0,7620.72
2023-06-30 00:00:00+00:00,62.11,62.25,73.49515,51.781975,1.3442854,0.5632183908045977,-4.0980590188082715,4096.011013301824,0.0,4091.912954283016,1,59.90642547607422,7670.0063
2023-07-03 00:00:00+00:00,62.15,62.08,73.4657,56.388596,1.3071429,0.5632183908045977,-4.0980590188082715,4084.825192209907,0.0,4080.727133191099,0,60.23357391357422,7649.06
2023-07-05 00:00:00+00:00,62.25,62.99,73.434,49.88347,1.2771429,0.6,-4.0980590188082715,4144.702402461584,0.0,4140.604343442776,0,60.23357391357422,7761.1836
2023-07-06 00:00:00+00:00,62.68,62.86,73.40405,55.56746,1.2914289,0.6,-4.0980590188082715,4136.148520775539,0.0,4132.05046175673,0,61.07428741455078,7745.166
2023-07-07 00:00:00+00:00,62.77,62.07,73.3742,57.92412,1.2771432,0.5632183908045977,-4.0980590188082715,4084.16689786471,0.0,4080.0688388459016,0,61.07428741455078,7647.827
2023-07-10 00:00:00+00:00,61.92,61.89,73.3405,47.03831,1.2600002,0.5632183908045977,-4.0980590188082715,4072.32303937938,0.0,4068.224980360572,0,61.07428741455078,7625.649
2023-07-11 00:00:00+00:00,62.16,62.84,73.30865,41.769035,1.2157146,0.5632183908045977,-4.0980590188082715,4134.832648106197,0.0,4130.7345890873885,0,61.07428741455078,7742.7017
2023-07-12 00:00:00+00:00,63.65,62.65,73.2887,57.161633,1.1550004,0.5632183908045977,-4.0980590188082715,4122.330960048545,0.0,4118.232901029737,0,61.07428741455078,7719.2915
2023-07-13 00:00:00+00:00,62.63,61.94,73.2649,54.960854,1.1807147,0.6,-4.0980590188082715,4075.6131211199727,0.0,4071.5150621011644,0,61.07428741455078,7631.8096
2023-07-14 00:00:00+00:00,61.75,61.76,73.24015,50.179634,1.2021433,0.6,-4.0980590188082715,4063.769289716705,0.0,4059.6712306978966,0,61.07428741455078,7609.6313
2023-07-17 00:00:00+00:00,61.71,61.08,73.21805,45.682087,1.1871433,0.6,-4.0980590188082715,4019.026014626544,0.0,4014.927955607736,0,61.07428741455078,7525.847
2023-07-18 00:00:00+00:00,61.03,61.68,73.19125,38.63082,1.109286,0.6,4048.3199057756883,0.0,0.0,4048.3199057756883,-1,0.0,7599.7744
2023-07-19 00:00:00+00:00,62.26,62.9,73.16135,50.0,1.0735716,0.6,-4.04831990577577,4046.29675739699,0.0,4042.248437491214,1,60.01607131958008,7750.0947
2023-07-20 00:00:00+00:00,63.3,64.01,73.1428,62.17229,1.0628573,0.6,-4.04831990577577,4117.701869447107,0.0,4113.653549541332,0,61.289642333984375,7886.8604
2023-07-21 00:00:00+00:00,64.17,64.15,73.12965,63.138706,1.0385715,0.5632183908045977,-4.04831990577577,4126.707830412114,0.0,4122.659510506339,0,62.41571807861328,7904.11
2023-07-24 00:00:00+00:00,64.26,63.46,73.10625,61.934685,1.0578569,0.6,-4.04831990577577,4082.3206499077514,0.0,4078.2723300019757,0,62.59214401245117,7819.093
2023-07-25 00:00:00+00:00,63.94,63.79,73.07575,58.136772,1.0921427,0.6,-4.04831990577577,4103.549319955306,0.0,4099.5010000495295,0,62.59214401245117,7859.7534
2023-07-26 00:00:00+00:00,63.8,62.8,73.0472,55.063282,1.0642853,0.6,-4.04831990577577,4039.863553420381,0.0,4035.815233514605,0,62.59214401245117,7737.7725
2023-07-27 00:00:00+00:00,62.77,62.68,73.013,49.657528,1.0964282,0.5632183908045977,-4.04831990577577,4032.144159106357,0.0,4028.0958392005814,0,62.59214401245117,7722.987
2023-07-28 00:00:00+00:00,63.15,63.09,72.9843,53.77009,1.0699995,0.5632183908045977,-4.04831990577577,4058.51895003166,0.0,4054.4706301258843,0,62.59214401245117,7773.5044
2023-07-31 00:00:00+00:00,63.07,63.72,72.96185,57.21154,1.0578567,0.6,-4.04831990577577,4099.046527060805,0.0,4094.998207155029,0,62.59214401245117,7851.1294
2023-08-01 00:00:00+00:00,65.47,63.69,72.9442,55.500004,1.0621423,0.6,4086.9223871065624,0.0,0.0,4086.9223871065624,-1,0.0,7847.4326
2023-08-02 00:00:00+00:00,63.79,65.68,72.9251,56.63263,1.2342851,0.6,-4.08692238710637,4084.879947132996,0.0,4080.79302474589,1,62.09678649902344,8092.6265
2023-08-03 00:00:00+00:00,65.72,64.98,72.9114,70.50438,1.3421427,0.5632183908045977,-4.08692238710637,4041.3446523721095,0.0,4037.257729985003,0,63.82857131958008,8006.378
2023-08-04 00:00:00+00:00,64.46,63.63,72.8908,66.70126,1.3185713,0.6,-4.08692238710637,3957.3829861849713,0.0,3953.296063797865,0,63.82857131958008,7840.0396
2023-08-07 00:00:00+00:00,63.79,64.91,72.85715,62.36662,1.3764284,0.6,4026.848596183578,0.0,0.0,4026.848596183578,-1,0.0,7997.7524
2023-08-08 00:00:00+00:00,65.27,64.53,72.82615,64.695175,1.3685709,0.5632183908045977,-4.026848596183754,4024.836178094531,0.0,4020.8093294983473,1,62.845359802246094,7950.931
2023-08-09 00:00:00+00:00,64.58,65.42,72.80085,58.02953,1.3699995,0.5632183908045977,-4.026848596183754,4080.3468714611568,0.0,4076.320022864973,0,62.845359802246094,8060.591
2023-08-10 00:00:00+00:00,65.66,65.51,72.78315,57.099667,1.388571,0.5632183908045977,-4.026848596183754,4085.960589880653,0.0,4081.9337412844693,0,63.36499786376953,8071.68
2023-08-11 00:00:00+00:00,65.73,65.93,72.7578,56.88258,1.4078573,0.5632183908045977,-4.026848596183754,4112.156479172938,0.0,4108.129630576754,0,63.427146911621094,8123.429
2023-08-14 00:00:00+00:00,65.71,65.24,72.7251,62.85118,1.3800002,0.5632183908045977,-4.026848596183754,4069.119958966273,0.0,4065.093110370089,0,63.818214416503906,8038.412
2023-08-15 00:00:00+00:00,64.91,65.41,72.6892,57.27179,1.3892863,0.5632183908045977,-4.026848596183754,4079.723254910373,0.0,4075.696406314189,0,63.818214416503906,8059.3584
2023-08-16 00:00:00+00:00,65.19,64.73,72.64815,64.26229,1.3650006,0.5632183908045977,-4.026848596183754,4037.3106799333805,0.0,4033.2838313371967,0,63.818214416503906,7975.574
2023-08-17 00:00:00+00:00,64.79,64.21,72.6075,60.556118,1.3771436,0.5632183908045977,-4.026848596183754,4004.877128614095,0.0,4000.8502800179112,0,63.818214416503906,7911.503
2023-08-18 00:00:00+00:00,63.78,64.04,72.55555,55.702625,1.3871435,0.5632183908045977,3984.2558800703478,0.0,0.0,3984.2558800703478,-1,0.0,7890.557
2023-08-21 00:00:00+00:00,64.04,64.88,72.50405,51.709396,1.3821433,0.5632183908045977,-3.9842558800701227,3982.2647476965,0.0,3978.2804918164297,1,61.959285736083984,7994.055
2023-08-22 00:00:00+00:00,64.83,64.79,72.4437,55.850525,1.224286,0.5632183908045977,-3.9842558800701227,3976.7408714342887,0.0,3972.7566155542186,0,62.80678176879883,7982.9663
2023-08-23 00:00:00+00:00,65.04,64.65,72.3819,44.619118,1.1385716,0.6,-3.9842558800701227,3968.147742108654,0.0,3964.1634862285837,0,62.95357131958008,7965.7163
2023-08-24 00:00:00+00:00,64.53,64.23,72.32065,47.859913,1.1414288,0.5632183908045977,-3.9842558800701227,3942.3687137611823,0.0,3938.384457881112,0,62.95357131958008,7913.967
2023-08-25 00:00:00+00:00,64.25,63.86,72.2553,54.42479,1.1178572,0.5632183908045977,-3.9842558800701227,3919.6582647165446,0.0,3915.6740088364745,0,62.95357131958008,7868.3774
2023-08-28 00:00:00+00:00,64.0,64.83,72.1951,41.05621,1.072143,0.5632183908045977,-3.9842558800701227,3979.1960255025915,0.0,3975.2117696225214,0,62.95357131958008,7987.8945
2023-08-29 00:00:00+00:00,64.82,64.59,72.1358,52.322002,1.0728571,0.5632183908045977,-3.9842558800701227,3964.464627615124,0.0,3960.4803717350537,0,63.22178649902344,7958.3223
2023-08-30 00:00:00+00:00,64.63,65.25,72.07265,42.857143,1.0585711,0.5632183908045977,-3.9842558800701227,4004.9750411366417,0.0,4000.9907852565716,0,63.22178649902344,8039.643
2023-08-31 00:00:00+00:00,65.19,64.53,72.01,47.962368,1.035714,0.5632183908045977,-3.9842558800701227,3960.782189389633,0.0,3956.797933509563,0,63.66214370727539,7950.93
2023-09-01 00:00:00+00:00,65.03,64.69,71.945,39.52097,1.049285,0.5632183908045977,-3.9842558800701227,3970.6031596315734,0.0,3966.6189037515032,0,63.66214370727539,7970.645
2023-09-05 00:00:00+00:00,64.83,63.28,71.883,45.528503,1.0385706,0.6,-3.9842558800701227,3884.0587571504207,0.0,3880.0745012703505,0,63.66214370727539,7796.9146
2023-09-06 00:00:00+00:00,63.23,63.19,71.8163,35.58863,1.1099995,0.5632183908045977,3868.7326881349973,0.0,0.0,3868.7326881349973,-1,0.0,7785.8257
2023-09-07 00:00:00+00:00,63.26,63.45,71.7487,38.67646,1.1092851,0.5632183908045977,-3.868732688134969,3866.799288490752,0.0,3862.930555802617,1,61.52499771118164,7817.8613
2023-09-08 00:00:00+00:00,63.81,63.98,71.67615,44.189625,1.1014282,0.5632183908045977,-3.868732688134969,3899.0986432996247,0.0,3895.2299106114897,0,61.78607177734375,7883.164
2023-09-11 00:00:00+00:00,64.03,64.41,71.6088,49.56521,1.0942857,0.6,-3.868732688134969,3925.30409745967,0.0,3921.435364771535,0,62.327857971191406,7936.1465
2023-09-12 00:00:00+00:00,64.5,64.23,71.5388,46.379105,1.0771427,0.6,-3.868732688134969,3914.334350875166,0.0,3910.465618187031,0,62.76857376098633,7913.968
2023-09-13 00:00:00+00:00,64.23,63.1,71.4686,45.744717,1.0735711,0.6,-3.868732688134969,3845.4691309240507,0.0,3841.6003982359157,0,62.76857376098633,7774.737
2023-09-14 00:00:00+00:00,63.16,63.48,71.3953,39.76224,1.1221422,0.5632183908045977,-3.868732688134969,3868.6273723815157,0.0,3864.7586396933807,0,62.76857376098633,7821.558
2023-09-15 00:00:00+00:00,63.43,62.55,71.3214,45.019917,1.1042854,0.5632183908045977,-3.868732688134969,3811.9508778734266,0.0,3808.0821451852917,0,62.76857376098633,7706.97
2023-09-18 00:00:00+00:00,59.83,59.51,71.245,41.903606,1.1342856,0.5632183908045977,3617.3769183034983,0.0,0.0,3617.3769183034983,-1,0.0,7332.4023
2023-09-19 00:00:00+00:00,59.53,60.6,71.15355,23.818958,1.3285713,0.99,-3.6173769183033073,3615.56913373663,0.0,3611.951756818327,1,57.808570861816406,7466.705
2023-09-20 00:00:00+00:00,60.75,60.37,71.0582,31.88016,1.3371432,0.5632183908045977,-3.6173769183033073,3601.846655575783,0.0,3598.22927865748,0,58.607139587402344,7438.3657
2023-09-21 00:00:00+00:00,60.24,58.81,70.95665,26.937658,1.3264285,0.6,-3.6173769183033073,3508.772847255515,0.0,3505.1554703372117,0,58.607139587402344,7246.154
2023-09-22 00:00:00+00:00,58.77,58.1,70.83505,24.956266,1.3728575,0.6,-3.6173769183033073,3466.41212884634,0.0,3462.7947519280365,0,58.607139587402344,7158.673
2023-09-25 00:00:00+00:00,58.05,58.75,70.70515,22.47287,1.4107145,0.6,3496.3180461550733,0.0,0.0,3496.3180461550733,-1,0.0,7238.7617
2023-09-26 00:00:00+00:00,58.56,59.28,70.5862,29.794857,1.3392857,0.6,-3.496318046155011,3494.5707607746863,0.0,3491.0744427285313,1,56.63392639160156,7304.0645
2023-09-27 00:00:00+00:00,59.46,59.11,70.46245,33.218903,1.3471429,0.6,-3.496318046155011,3484.5493848537712,0.0,3481.0530668076162,0,57.27106857299805,7283.119
2023-09-28 00:00:00+00:00,59.13,58.61,70.33745,31.228388,1.370714,0.6,-3.496318046155011,3455.0743023399905,0.0,3451.5779842938355,0,57.27106857299805,7221.5127
2023-09-29 00:00:00+00:00,58.86,57.77,70.2188,26.712948,1.370714,0.6,-3.496318046155011,3405.5559837973756,0.0,3402.0596657512206,0,57.27106857299805,7118.0137
2023-10-02 00:00:00+00:00,57.61,58.06,70.09585,22.194305,1.3771428,0.6,-3.496318046155011,3422.651545120268,0.0,3419.155227074113,0,57.27106857299805,7153.745
2023-10-03 00:00:00+00:00,57.75,58.56,69.9716,24.398346,1.3935713,0.6,-3.496318046155011,3452.1267298316093,0.0,3448.6304117854543,0,57.27106857299805,7215.352
2023-10-04 00:00:00+00:00,58.81,58.16,69.85105,30.122608,1.3571428,0.6,-3.496318046155011,3428.5465201524844,0.0,3425.0502021063294,0,57.27106857299805,7166.067
2023-10-05 00:00:00+00:00,58.13,58.81,69.7307,26.748259,1.3785716,0.6,-3.496318046155011,3466.864330849722,0.0,3463.368012803567,0,57.27106857299805,7246.156
2023-10-06 00:00:00+00:00,58.72,57.33,69.6146,33.243744,1.3364288,0.6,-3.496318046155011,3379.6179293694813,0.0,3376.1216113233263,0,57.27106857299805,7063.801
2023-10-09 00:00:00+00:00,56.89,56.68,69.4983,38.645855,1.1571432,0.6,3332.7919708727522,0.0,0.0,3332.7919708727522,-1,0.0,6983.7124
2023-10-10 00:00:00+00:00,56.95,57.24,69.37635,28.602638,1.1828573,0.6,-3.3327919708726768,3331.126407668918,0.0,3327.7936156980454,1,54.94428634643555,7052.712
2023-10-11 00:00:00+00:00,57.5,56.96,69.25995,33.50898,1.2085716,0.6,-3.3327919708726768,3314.8313594155375,0.0,3311.498567444665,0,55.46571731567383,7018.2114
2023-10-12 00:00:00+00:00,56.93,56.57,69.13915,38.733253,1.1685715,0.6,-3.3327919708726768,3292.1350248199296,0.0,3288.802232849057,0,55.46571731567383,6970.158
2023-10-13 00:00:00+00:00,56.42,57.61,69.0152,40.3042,1.1292856,0.6,-3.3327919708726768,3352.6587459656434,0.0,3349.3259539947708,0,55.46571731567383,7098.3
2023-10-16 00:00:00+00:00,57.97,57.63,68.905304,43.11595,1.1492857,0.6,-3.3327919708726768,3353.822579377367,0.0,3350.4897874064945,0,55.916072845458984,7100.764
2023-10-17 00:00:00+00:00,57.51,57.19,68.79625,39.382267,1.1250002,0.6,-3.3327919708726768,3328.2163527149587,0.0,3324.883560744086,0,55.916072845458984,7046.55
2023-10-18 00:00:00+00:00,57.06,56.82,68.6848,38.059708,1.1185716,0.6,-3.3327919708726768,3306.6839013492054,0.0,3303.3511093783327,0,55.916072845458984,7000.9614
2023-10-19 00:00:00+00:00,56.37,55.64,68.5673,38.68522,1.1285716,0.6,-3.3327919708726768,3238.0129018496286,0.0,3234.680109878756,0,55.916072845458984,6855.5703
2023-10-20 00:00:00+00:00,55.64,55.13,68.447754,37.09092,1.1378572,0.6,3200.187783645135,0.0,0.0,3200.187783645135,-1,0.0,6792.7314
2023-10-23 00:00:00+00:00,55.16,55.1,68.328,32.70368,1.1292858,0.6,-3.200187783645106,3198.588489400435,0.0,3195.3883016167897,1,53.423213958740234,6789.0347
2023-10-24 00:00:00+00:00,55.38,54.95,68.2027,28.375013,1.1150004,0.6,-3.200187783645106,3189.881089228207,0.0,3186.680901444562,0,53.423213958740234,6770.553
2023-10-25 00:00:00+00:00,54.48,54.25,68.0731,29.290348,1.1185716,0.6,-3.200187783645106,3149.24556566857,0.0,3146.045377884925,0,53.423213958740234,6684.3037
2023-10-26 00:00:00+00:00,54.14,54.27,67.95025,20.769247,1.1657145,0.6,-3.200187783645106,3150.406737645448,0.0,3147.206549861803,0,53.423213958740234,6686.7686
2023-10-27 00:00:00+00:00,54.24,52.54,67.82385,25.867527,1.1157144,0.6,-3.200187783645106,3049.9792155455916,0.0,3046.7790277619465,0,53.423213958740234,6473.6104
2023-10-30 00:00:00+00:00,52.6,52.16,67.68815,22.102451,1.1514288,0.99,3020.177848659758,0.0,0.0,3020.177848659758,-1,0.0,6426.789
2023-10-31 00:00:00+00:00,51.96,53.93,67.5467,14.917141,1.1914289,0.6,-1514.6191911028686,4528.002771603836,1510.0889243298793,1503.2946561710878,1,50.432857513427734,6644.8765
2023-11-01 00:00:00+00:00,54.0,54.37,67.4122,32.64606,1.3871433,0.99,-1514.918811921188,4564.945314358077,1510.0889243298793,1539.9375781070094,0,52.14285659790039,6699.09
2023-11-02 00:00:00+00:00,54.22,53.97,67.27775,37.471527,1.445715,0.6,-1515.2184327395075,4531.36127781674,1510.0889243298793,1506.053920747353,0,52.289283752441406,6649.805
2023-11-03 00:00:00+00:00,54.25,54.85,67.13625,27.64128,1.4485719,0.6,-1515.518053557827,4605.246607089308,1510.0889243298793,1579.6396292016016,0,52.289283752441406,6758.233
2023-11-06 00:00:00+00:00,55.2,54.57,66.9911,34.555534,1.4678574,0.6,3059.0475542772197,0.0,0.0,3059.0475542772197,-1,0.0,6723.7334
2023-11-07 00:00:00+00:00,54.36,54.72,66.84795,35.18099,1.4671434,0.6,-3.0590475542771856,3057.5187948797798,0.0,3054.4597473255026,1,52.36821365356445,6742.2163
2023-11-08 00:00:00+00:00,54.85,54.06,66.70415,37.819027,1.4564291,0.6,-3.0590475542771856,3020.6407853950423,0.0,3017.581737840765,0,52.519287109375,6660.896
2023-11-09 00:00:00+00:00,54.25,52.52,66.55625,40.246918,1.4592863,0.6,-3.0590475542771856,2934.5920708046933,0.0,2931.533023250416,0,52.519287109375,6471.1475
2023-11-10 00:00:00+00:00,52.73,52.44,66.394,35.706455,1.5235718,0.6,-3.0590475542771856,2930.121934939393,0.0,2927.062887385116,0,52.519287109375,6461.29
2023-11-13 00:00:00+00:00,52.09,53.12,66.22615,35.51198,1.5514287,0.5632183908045977,2960.606272944403,0.0,0.0,2960.606272944403,-1,0.0,6545.075
2023-11-14 00:00:00+00:00,53.6,54.57,66.06325,40.576714,1.5535715,0.6,-2.96060627294446,2959.1267095896083,0.0,2956.166103316664,1,50.79285430908203,6723.7344
2023-11-15 00:00:00+00:00,54.44,54.98,65.91785,51.529636,1.5685717,0.5632183908045977,-2.96060627294446,2981.3594709724975,0.0,2978.398864699553,0,52.23964309692383,6774.2515
2023-11-16 00:00:00+00:00,55.13,53.99,65.76705,53.271885,1.5964288,0.5632183908045977,-2.96060627294446,2927.6756109791995,0.0,2924.715004706255,0,52.62714385986328,6652.271
2023-11-17 00:00:00+00:00,54.46,54.27,65.609,57.171124,1.5564287,0.6,-2.96060627294446,2942.8587736421873,0.0,2939.898167369243,0,52.62714385986328,6686.7705
2023-11-20 00:00:00+00:00,54.49,54.71,65.4579,60.53947,1.4914286,0.6,-2.96060627294446,2966.718127667811,0.0,2963.7575213948667,0,52.62714385986328,6740.984
2023-11-21 00:00:00+00:00,53.2,53.23,65.3134,54.493084,1.2885715,0.6,-2.96060627294446,2886.4632199169414,0.0,2883.502613643997,0,52.62714385986328,6558.628
2023-11-22 00:00:00+00:00,53.53,53.4,65.15775,44.135803,1.3021429,0.6,-2.96060627294446,2895.681821635462,0.0,2892.7212153625173,0,52.62714385986328,6579.574
2023-11-24 00:00:00+00:00,53.58,53.74,65.01995,46.99684,1.2749999,0.6,-2.96060627294446,2914.1188807727312,0.0,2911.158274499787,0,52.62714385986328,6621.467
2023-11-27 00:00:00+00:00,53.64,52.87,64.88615,43.7989,1.2421428,0.5632183908045977,-2.96060627294446,2866.941923584547,0.0,2863.9813173116027,0,52.62714385986328,6514.2715
2023-11-28 00:00:00+00:00,52.92,52.7,64.7443,41.09015,1.265,0.6,-2.96060627294446,2857.7236371854347,0.0,2854.76303091249,0,52.62714385986328,6493.3257
2023-11-29 00:00:00+00:00,52.92,53.39,64.6115,39.435146,1.2542856,0.6,-2.96060627294446,2895.1397975924237,0.0,2892.1791913194793,0,52.62714385986328,6578.343
2023-11-30 00:00:00+00:00,53.93,54.34,64.47805,46.506767,1.2249998,0.6,-2.96060627294446,2946.6549174726038,0.0,2943.6943111996593,0,52.62714385986328,6695.3955
2023-12-01 00:00:00+00:00,54.42,54.02,64.35295,60.11111,1.1599998,0.6,-2.96060627294446,2929.3025979616395,0.0,2926.341991688695,0,52.62714385986328,6655.968
2023-12-04 00:00:00+00:00,55.28,54.96,64.2263,58.549797,1.1407144,0.6,-2.96060627294446,2980.2753338702028,0.0,2977.3147275972583,0,52.62714385986328,6771.788
2023-12-05 00:00:00+00:00,54.69,54.82,64.1099,59.684216,1.1835715,0.5632183908045977,-2.96060627294446,2972.6836078684864,0.0,2969.723001595542,0,53.24892807006836,6754.5376
2023-12-06 00:00:00+00:00,54.71,55.42,63.989,51.526253,1.1271425,0.6,-2.96060627294446,3005.2191641140066,0.0,3002.258557841062,0,53.24892807006836,6828.4653
2023-12-07 00:00:00+00:00,55.66,55.18,63.87365,52.625294,1.1414282,0.5632183908045977,-2.96060627294446,2992.2050148564936,0.0,2989.244408583549,0,53.729286193847656,6798.8945
2023-12-08 00:00:00+00:00,55.17,54.7,63.757,57.798164,1.0942854,0.5632183908045977,-2.96060627294446,2966.176358834053,0.0,2963.2157525611087,0,53.729286193847656,6739.7524
2023-12-11 00:00:00+00:00,54.82,57.04,63.6422,52.745853,1.1064281,0.6,-2.96060627294446,3093.0659711808685,0.0,3090.105364907924,0,53.729286193847656,7028.0713
2023-12-12 00:00:00+00:00,57.36,61.86,63.5423,61.973293,1.2085707,0.5632183908045977,-2.96060627294446,3354.436544105651,0.0,3351.4759378327067,0,55.3803596496582,7621.9585
2023-12-13 00:00:00+00:00,62.45,64.19,63.46855,83.01455,1.4599993,0.6,3472.6020456673455,0.0,0.0,3472.6020456673455,-1,0.0,7909.0444
2023-12-14 00:00:00+00:00,64.5,63.84,63.4046,85.42352,1.6107134,0.5632183908045977,3472.6020456673455,0.0,0.0,3472.6020456673455,0,0.0,7865.92
2023-12-15 00:00:00+00:00,63.82,62.3,63.334652,83.13648,1.664999,0.5632183908045977,3472.6020456673455,0.0,0.0,3472.6020456673455,0,0.0,7676.172
2023-12-18 00:00:00+00:00,62.28,60.62,63.2596,79.63546,1.7714278,0.6,3472.6020456673455,0.0,0.0,3472.6020456673455,0,0.0,7469.174
2023-12-19 00:00:00+00:00,60.97,61.9,63.1749,72.73249,1.8607137,0.5632183908045977,3472.6020456673455,0.0,0.0,3472.6020456673455,0,0.0,7626.886
2023-12-20 00:00:00+00:00,62.0,60.76,63.10515,73.62576,1.9092852,0.5632183908045977,-3.4726020456673723,3470.866612361165,0.0,3467.394010315498,1,59.10893249511719,7486.423
2023-12-21 00:00:00+00:00,61.15,61.69,63.03705,67.63735,1.9399995,0.5632183908045977,-3.4726020456673723,3523.9920964018233,0.0,3520.519494356156,0,59.10893249511719,7601.0107
2023-12-22 00:00:00+00:00,61.92,62.85,62.97655,70.388084,1.9449995,0.5632183908045977,-3.4726020456673723,3590.2562419323017,0.0,3586.7836398866343,0,59.10893249511719,7743.938
2023-12-26 00:00:00+00:00,63.1,62.55,62.9265,70.730415,1.9307139,0.5632183908045977,-3.4726020456673723,3573.119018428329,0.0,3569.6464163826618,0,59.932498931884766,7706.974
2023-12-27 00:00:00+00:00,62.44,62.68,62.8792,70.14069,1.9392855,0.5632183908045977,-3.4726020456673723,3580.545438888827,0.0,3577.0728368431596,0,59.932498931884766,7722.992
2023-12-28 00:00:00+00:00,62.9,62.73,62.8267,69.39102,1.8871428,0.5632183908045977,-3.4726020456673723,3583.4018138770307,0.0,3579.9292118313633,0,59.932498931884766,7729.153
2023-12-29 00:00:00+00:00,62.44,62.79,62.77035,70.37235,1.8885714,0.5632183908045977,-3.4726020456673723,3586.8294643471145,0.0,3583.356862301447,0,59.932498931884766,7736.5464
2024-01-02 00:00:00+00:00,62.39,65.45,62.72195,72.33571,1.872857,0.6,-3.4726020456673723,3738.779774427766,0.0,3735.3071723820985,0,59.932498931884766,8064.2925
2024-01-03 00:00:00+00:00,65.45,65.51,62.67935,72.81604,1.922857,0.5632183908045977,-3.4726020456673723,3742.2076322136018,0.0,3738.7350301679344,0,59.932498931884766,8071.686
2024-01-04 00:00:00+00:00,65.46,66.59,62.6388,63.350395,1.6742857,0.5632183908045977,-3.4726020456673723,3803.901403371981,0.0,3800.4288013263135,0,59.932498931884766,8204.755
2024-01-05 00:00:00+00:00,66.32,65.26,62.60065,59.661808,1.604286,0.5632183908045977,-3.4726020456673723,3727.926610095521,0.0,3724.4540080498537,0,61.567138671875,8040.883
2024-01-08 00:00:00+00:00,64.9,65.82,62.5595,55.298515,1.61,0.5632183908045977,-3.4726020456673723,3759.916105989775,0.0,3756.4435039441078,0,61.567138671875,8109.882
2024-01-09 00:00:00+00:00,65.82,64.38,62.5273,64.1707,1.6578568,0.5632183908045977,-3.4726020456673723,3677.657094321597,0.0,3674.1844922759296,0,61.567138671875,7932.455
2024-01-10 00:00:00+00:00,64.2,64.14,62.4879,65.435135,1.7114279,0.5632183908045977,-3.4726020456673723,3663.9473281929286,0.0,3660.474726147261,0,61.567138671875,7902.884
2024-01-11 00:00:00+00:00,63.58,63.11,62.45745,60.05386,1.6878567,0.5632183908045977,-3.4726020456673723,3605.109376460388,0.0,3601.6367744147205,0,61.567138671875,7775.974
2024-01-12 00:00:00+00:00,63.3,62.74,62.41895,60.652786,1.6785709,0.5632183908045977,-3.4726020456673723,3583.973440475656,0.0,3580.5008384299886,0,61.567138671875,7730.3857
2024-01-16 00:00:00+00:00,62.59,61.34,62.3811,55.014347,1.7042853,0.5632183908045977,-3.4726020456673723,3503.99954582843,0.0,3500.526943782763,0,61.567138671875,7557.887
2024-01-17 00:00:00+00:00,61.18,61.48,62.3321,42.950512,1.6899995,0.6,3503.2564104604617,0.0,0.0,3503.2564104604617,-1,0.0,7575.1377
2024-01-18 00:00:00+00:00,61.3,61.18,62.2843,44.928905,1.7221423,0.5632183908045977,-3.5032564104603807,3501.505657631646,0.0,3498.0024012211857,1,58.94499969482422,7538.174
2024-01-19 00:00:00+00:00,61.28,61.49,62.22885,43.003723,1.766428,0.5632183908045977,-3.5032564104603807,3519.2477547683384,0.0,3515.744498357878,0,58.94499969482422,7576.3696
2024-01-22 00:00:00+00:00,61.81,61.5,62.173,44.353374,1.7835706,0.6,-3.5032564104603807,3519.8199896298916,0.0,3516.316733219431,0,58.94499969482422,7577.6016
2024-01-23 00:00:00+00:00,61.73,61.87,62.11725,44.098797,1.8307135,0.5632183908045977,-3.5032564104603807,3540.9961222178777,0.0,3537.4928658074173,0,58.94499969482422,7623.1904
2024-01-24 00:00:00+00:00,62.05,60.84,62.0577,29.28239,1.6992849,0.5632183908045977,-3.5032564104603807,3482.0462713653915,0.0,3478.543014954931,0,59.12392807006836,7496.281
2024-01-25 00:00:00+00:00,60.73,60.92,61.98435,25.702337,1.6585706,0.6,-3.5032564104603807,3486.624739017374,0.0,3483.1214826069136,0,59.12392807006836,7506.1377
2024-01-26 00:00:00+00:00,61.32,60.64,61.9193,17.073126,1.6399992,0.5632183908045977,-3.5032564104603807,3470.5996058695164,0.0,3467.096349459056,0,59.12392807006836,7471.6377
2024-01-29 00:00:00+00:00,60.36,60.47,61.85165,19.444386,1.6399994,0.5632183908045977,-3.5032564104603807,3460.8701780989695,0.0,3457.366921688509,0,59.12392807006836,7450.692
2024-01-30 00:00:00+00:00,60.5,59.28,61.7843,12.691732,1.4671423,0.5632183908045977,-3.5032564104603807,3392.7628544159647,0.0,3389.2595980055044,0,59.12392807006836,7304.0684
2024-01-31 00:00:00+00:00,59.3,58.77,61.70405,13.1502495,1.3692853,0.6,-3.5032564104603807,3363.574185397178,0.0,3360.0709289867177,0,59.12392807006836,7241.23
2024-02-01 00:00:00+00:00,58.52,59.16,61.6254,12.656428,1.3442851,0.6,3377.3128439828547,0.0,0.0,3377.3128439828547,-1,0.0,7289.283
2024-02-02 00:00:00+00:00,58.63,58.35,61.5462,19.847284,1.3299997,0.6,-3.3773128439829634,3375.6250314671215,0.0,3372.2477186231386,1,57.14357376098633,7189.4805
2024-02-05 00:00:00+00:00,58.0,58.06,61.46895,18.597948,1.3157139,0.6,-3.3773128439829634,3358.8483286831915,0.0,3355.4710158392086,0,57.14357376098633,7153.7495
2024-02-06 00:00:00+00:00,58.5,59.63,61.3902,22.108805,1.2671424,0.6,-3.3773128439829634,3449.6748066262758,0.0,3446.297493782293,0,57.14357376098633,7347.194
2024-02-07 00:00:00+00:00,59.24,57.34,61.3191,37.346096,1.3228567,0.5632183908045977,-3.3773128439829634,3317.195182080193,0.0,3313.81786923621,0,57.729286193847656,7065.0356
2024-02-08 00:00:00+00:00,57.35,57.36,61.23285,29.354818,1.3949996,0.6,3309.997399722099,0.0,0.0,3309.997399722099,-1,0.0,7067.5
2024-02-09 00:00:00+00:00,57.37,57.66,61.1434,27.080992,1.4235715,0.6,-3.309997399722306,3308.3432281080454,0.0,3305.033230708323,1,55.26750183105469,7104.463
2024-02-12 00:00:00+00:00,57.79,57.84,61.06395,29.354818,1.3914286,0.6,-3.309997399722306,3318.6709945401476,0.0,3315.3609971404253,0,55.52464294433594,7126.641
2024-02-13 00:00:00+00:00,60.04,59.34,60.9855,27.88144,1.3764286,0.5632183908045977,-3.309997399722306,3404.73615801533,0.0,3401.426160615608,0,55.75285720825195,7311.461
2024-02-14 00:00:00+00:00,58.59,57.89,60.91395,42.171185,1.4842856,0.6,-3.309997399722306,3321.5398618834924,0.0,3318.22986448377,0,57.27535629272461,7132.8022
2024-02-15 00:00:00+00:00,58.09,58.97,60.83135,36.164387,1.5521431,0.6,-3.309997399722306,3383.5069566440184,0.0,3380.196959244296,0,57.27535629272461,7265.8726
2024-02-16 00:00:00+00:00,58.88,57.96,60.7495,42.893623,1.5928574,0.6,-3.309997399722306,3325.556297607879,0.0,3322.2463002081568,0,57.27535629272461,7141.427
2024-02-20 00:00:00+00:00,57.79,58.82,60.6895,40.031765,1.601429,0.5632183908045977,-3.309997399722306,3374.900439902638,0.0,3371.5904425029157,0,57.27535629272461,7247.39
2024-02-21 00:00:00+00:00,59.08,60.33,60.6434,48.123985,1.6392863,0.6,-3.309997399722306,3461.5395384077287,0.0,3458.2295410080064,0,57.27535629272461,7433.4424
2024-02-22 00:00:00+00:00,60.33,60.91,60.6141,55.882355,1.6878577,0.5632183908045977,-3.309997399722306,3494.817922332026,0.0,3491.5079249323035,0,57.871070861816406,7504.9053
2024-02-23 00:00:00+00:00,61.8,60.59,60.58585,56.505573,1.733572,0.5632183908045977,3467.932609832726,0.0,0.0,3467.932609832726,-1,0.0,7465.477
2024-02-26 00:00:00+00:00,60.33,60.53,60.55985,58.64198,1.7578574,0.5632183908045977,-3.4679326098325873,3466.1995100776876,0.0,3462.731577467855,1,55.3892822265625,7458.084
2024-02-27 00:00:00+00:00,60.65,61.0,60.53865,59.701477,1.7935717,0.6,-3.4679326098325873,3493.1139124777546,0.0,3489.645979867922,0,57.893211364746094,7515.995
2024-02-28 00:00:00+00:00,60.77,59.98,60.52405,55.88993,1.7578574,0.5632183908045977,-3.4679326098325873,3434.704478059984,0.0,3431.2365454501514,0,57.893211364746094,7390.318
2024-02-29 00:00:00+00:00,60.21,58.36,60.5031,62.7413,1.6721431,0.6,-3.4679326098325873,3341.9365093832866,0.0,3338.468576773454,0,57.893211364746094,7190.713
2024-03-01 00:00:00+00:00,58.7,59.05,60.4685,54.1806,1.6964285,0.5632183908045977,-3.4679326098325873,3381.4488173848804,0.0,3377.980884775048,0,57.893211364746094,7275.73
2024-03-04 00:00:00+00:00,59.25,59.72,60.43275,55.627525,1.7271429,0.6,-3.4679326098325873,3419.815885966306,0.0,3416.347953356473,0,57.893211364746094,7358.2827
2024-03-05 00:00:00+00:00,59.96,58.9,60.40785,57.320873,1.7742857,0.5632183908045977,-3.4679326098325873,3372.8591997822127,0.0,3369.39126717238,0,57.893211364746094,7257.248
2024-03-06 00:00:00+00:00,59.21,59.26,60.3796,48.190796,1.7207143,0.6,-3.4679326098325873,3393.4740460155845,0.0,3390.006113405752,0,57.893211364746094,7301.604
2024-03-07 00:00:00+00:00,59.49,59.03,60.35775,56.18789,1.612857,0.5632183908045977,-3.4679326098325873,3380.303240085664,0.0,3376.8353074758315,0,57.893211364746094,7273.265
2024-03-08 00:00:00+00:00,59.17,60.02,60.33505,50.29353,1.5707141,0.6,-3.4679326098325873,3436.9949727232997,0.0,3433.527040113467,0,57.893211364746094,7395.2466
2024-03-11 00:00:00+00:00,60.15,60.79,60.3132,60.098045,1.5671425,0.5632183908045977,-3.4679326098325873,3481.0884057427634,0.0,3477.620473132931,0,57.893211364746094,7490.1206
2024-03-12 00:00:00+00:00,60.72,59.33,60.29175,59.742836,1.5371424,0.6,-3.4679326098325873,3397.482772829055,0.0,3394.0148402192226,0,57.893211364746094,7310.2295
2024-03-13 00:00:00+00:00,59.35,58.92,60.267,45.02982,1.5628567,0.5632183908045977,-3.4679326098325873,3374.004255732905,0.0,3370.5363231230726,0,57.893211364746094,7259.7114
2024-03-14 00:00:00+00:00,58.75,58.54,60.24725,39.939327,1.5442854,0.5632183908045977,-3.4679326098325873,3352.2439480344724,0.0,3348.77601542464,0,57.893211364746094,7212.891
2024-03-15 00:00:00+00:00,58.3,58.37,60.22705,39.698498,1.5057142,0.5632183908045977,-3.4679326098325873,3342.508838846146,0.0,3339.0409062363133,0,57.893211364746094,7191.9443
2024-03-18 00:00:00+00:00,58.75,57.34,60.20955,39.264416,1.497857,0.99,-3.4679326098325873,3283.526878773078,0.0,3280.0589461632453,0,57.893211364746094,7065.035
2024-03-19 00:00:00+00:00,57.7,58.33,60.1885,32.76836,1.4785712,0.6,3331.7401516857176,0.0,0.0,3331.7401516857176,-1,0.0,7187.016
2024-03-20 00:00:00+00:00,58.03,58.24,60.1726,42.209644,1.490714,0.6,-3.331740151685608,3330.0751141286532,0.0,3326.7433739769676,1,56.112144470214844,7175.9272
2024-03-21 00:00:00+00:00,58.57,57.72,60.1511,49.337753,1.4178568,0.6,-3.331740151685608,3300.3422155433855,0.0,3297.0104753917,0,56.112144470214844,7111.8564
2024-03-22 00:00:00+00:00,57.98,56.98,60.12785,42.5197,1.4364281,0.6,-3.331740151685608,3258.0300400210654,0.0,3254.6982998693798,0,56.112144470214844,7020.6787
2024-03-25 00:00:00+00:00,57.14,57.48,60.1042,34.709816,1.3871424,0.6,-3.331740151685608,3286.619239951012,0.0,3283.2874997993263,0,56.112144470214844,7082.2847
2024-03-26 00:00:00+00:00,57.53,56.55,60.084652,41.7824,1.3085711,0.6,-3.331740151685608,3233.443181453212,0.0,3230.1114413015266,0,56.112144470214844,6967.697
2024-03-27 00:00:00+00:00,56.52,57.12,60.05985,35.287746,1.2992857,0.5632183908045977,-3.331740151685608,3266.035067349489,0.0,3262.7033271978034,0,56.112144470214844,7037.928
2024-03-28 00:00:00+00:00,57.25,56.97,60.04025,40.000008,1.2607142,0.6,-3.331740151685608,3257.4584532698814,0.0,3254.1267131181958,0,56.112144470214844,7019.4463
2024-04-01 00:00:00+00:00,56.97,56.64,60.0146,32.491398,1.2357142,0.5632183908045977,-3.331740151685608,3238.589435617362,0.0,3235.2576954656765,0,56.112144470214844,6978.786
2024-04-02 00:00:00+00:00,56.56,55.83,59.98805,24.909315,1.2007143,0.6,-3.331740151685608,3192.2749406434164,0.0,3188.9432004917307,0,56.112144470214844,6878.9834
2024-04-03 00:00:00+00:00,55.84,55.31,59.96,27.034128,1.1550001,0.6,3154.466536623481,0.0,0.0,3154.466536623481,-1,0.0,6814.9126
2024-04-04 00:00:00+00:00,55.55,54.99,59.92365,26.649437,1.1257142,0.6,-3.1544665366236586,3152.890091577692,0.0,3149.7356250410685,1,53.57749938964844,6775.484
2024-04-05 00:00:00+00:00,54.84,55.24,59.88245,26.857899,1.1271428,0.6,-3.1544665366236586,3167.224027484877,0.0,3164.069560948253,0,53.57749938964844,6806.287
2024-04-08 00:00:00+00:00,54.97,55.05,59.8499,29.806469,1.1214286,0.6,-3.1544665366236586,3156.3300271361854,0.0,3153.175560599562,0,53.57749938964844,6782.8765
2024-04-09 00:00:00+00:00,55.2,55.3,59.8157,33.429813,1.087143,0.6,-3.1544665366236586,3170.66379888756,0.0,3167.5093323509363,0,53.57749938964844,6813.679
2024-04-10 00:00:00+00:00,54.85,55.0,59.78265,25.445692,1.0978574,0.6,-3.1544665366236586,3153.463211754644,0.0,3150.3087452180202,0,53.66928482055664,6776.7153
2024-04-11 00:00:00+00:00,55.34,54.92,59.7454,24.60814,1.0900002,0.6,-3.1544665366236586,3148.8762101794327,0.0,3145.721743642809,0,53.66928482055664,6766.858
2024-04-12 00:00:00+00:00,54.72,53.85,59.7053,26.43096,1.0757147,0.6,-3.1544665366236586,3087.5271240695006,0.0,3084.372657532877,0,53.66928482055664,6635.0205
2024-04-15 00:00:00+00:00,53.91,53.43,59.66615,25.039865,1.0935718,0.6,-3.1544665366236586,3063.44630522335,0.0,3060.2918386867264,0,53.66928482055664,6583.271
2024-04-16 00:00:00+00:00,53.34,53.22,59.62855,17.285944,1.084286,0.6,3043.674373998719,0.0,0.0,3043.674373998719,-1,0.0,6557.3965
2024-04-17 00:00:00+00:00,53.22,52.72,59.5854,19.561247,1.0764285,0.6,-3.0436743739987833,3042.1532973500443,0.0,3039.1096229760456,1,51.593570709228516,6495.7905
2024-04-18 00:00:00+00:00,52.96,52.82,59.53775,9.259263,1.0942857,0.5632183908045977,-3.0436743739987833,3047.923468171489,0.0,3044.87979379749,0,51.593570709228516,6508.1113
2024-04-19 00:00:00+00:00,52.97,52.35,59.49145,11.214928,1.1014287,0.6,-3.0436743739987833,3020.802621490523,0.0,3017.7589471165243,0,51.593570709228516,6450.201
2024-04-22 00:00:00+00:00,52.43,51.92,59.43825,10.928938,1.1035715,0.6,-3.0436743739987833,2995.9899382146004,0.0,2992.9462638406017,0,51.593570709228516,6397.2197
2024-04-23 00:00:00+00:00,52.0,51.65,59.38355,11.741652,1.0592855,0.6,-3.0436743739987833,2980.4099910917007,0.0,2977.366316717702,0,51.593570709228516,6363.9526
2024-04-24 00:00:00+00:00,51.65,51.74,59.33145,12.345655,1.0321429,0.6,-3.0436743739987833,2985.603302406258,0.0,2982.5596280322593,0,51.593570709228516,6375.0415
2024-04-25 00:00:00+00:00,51.58,51.18,59.2807,14.902787,1.0078572,0.6,2945.815408200375,0.0,0.0,2945.815408200375,-1,0.0,6306.042
2024-04-26 00:00:00+00:00,50.99,51.68,59.2224,8.9068575,1.0328571,0.6,-2.9458154082003603,2944.343236582084,0.0,2941.3974211738837,1,49.668212890625,6367.649
2024-04-29 00:00:00+00:00,51.75,52.56,59.16755,17.904749,1.0314285,0.6,-2.9458154082003603,2994.479086047619,0.0,2991.533270639419,0,50.130714416503906,6476.076
2024-04-30 00:00:00+00:00,50.4,52.05,59.12065,26.700687,1.0442857,0.6,-2.9458154082003603,2965.4229998736705,0.0,2962.47718446547,0,51.01285934448242,6413.2373
2024-05-01 00:00:00+00:00,51.87,52.94,59.0721,25.77996,1.234286,0.99,-2.9458154082003603,3016.1284820478145,0.0,3013.182666639614,0,51.01285934448242,6522.897
2024-05-02 00:00:00+00:00,53.02,53.09,59.0314,35.652172,1.2964287,0.6,-2.9458154082003603,3024.6742791289644,0.0,3021.728463720764,0,51.08856964111328,6541.3784
2024-05-03 00:00:00+00:00,53.7,53.76,58.98845,43.6455,1.2900001,0.6,3055.3058607767716,0.0,0.0,3055.3058607767716,-1,0.0,6623.9316
2024-05-06 00:00:00+00:00,53.79,54.08,58.94275,52.64846,1.3078573,0.5632183908045977,-3.0553058607765706,3053.7789712911263,0.0,3050.7236654303497,1,51.82499694824219,6663.3604
2024-05-07 00:00:00+00:00,54.5,54.37,58.8931,56.782333,1.2935715,0.6,-3.0553058607765706,3070.1545296037316,0.0,3067.099223742955,0,52.11821746826172,6699.0923
2024-05-08 00:00:00+00:00,54.37,53.51,58.8442,63.45838,1.2835715,0.6,-3.0553058607765706,3021.592106714643,0.0,3018.536800853866,0,52.42964172363281,6593.129
2024-05-09 00:00:00+00:00,53.76,53.5,58.79445,55.007244,1.3100001,0.6,-3.0553058607765706,3021.0274903173486,0.0,3017.972184456572,0,52.42964172363281,6591.897
2024-05-10 00:00:00+00:00,53.39,53.06,58.743,58.94247,1.2985715,0.6,-3.0553058607765706,2996.181808345203,0.0,2993.1265024844265,0,52.42964172363281,6537.6836
2024-05-13 00:00:00+00:00,57.0,57.6,58.6943,58.85096,1.3071429,0.5632183908045977,-3.0553058607765706,3252.545374552402,0.0,3249.4900686916253,0,52.42964172363281,7097.0703
2024-05-14 00:00:00+00:00,57.6,57.05,58.6689,77.77776,1.6671426,0.5632183908045977,3213.6005671717526,0.0,0.0,3213.6005671717526,-1,0.0,7029.303
2024-05-15 00:00:00+00:00,57.43,57.05,58.6387,73.76902,1.7071427,0.6,3213.6005671717526,0.0,0.0,3213.6005671717526,0,0.0,7029.303
2024-05-16 00:00:00+00:00,56.86,56.86,58.60535,77.66258,1.6471426,0.6,-3.213600567171852,3211.994569886809,0.0,3208.7809693196373,1,54.48928451538086,7005.893
2024-05-17 00:00:00+00:00,56.83,57.1,58.5712,75.145645,1.6492857,0.5632183908045977,-3.213600567171852,3225.551895695332,0.0,3222.33829512816,0,54.48928451538086,7035.464
2024-05-20 00:00:00+00:00,57.21,57.19,58.5283,73.49897,1.5964285,0.6,-3.213600567171852,3230.6359629404437,0.0,3227.422362373272,0,54.626068115234375,7046.5537
2024-05-21 00:00:00+00:00,57.11,57.4,58.48935,77.81388,1.3742853,0.6,-3.213600567171852,3242.498870298429,0.0,3239.2852697312574,0,54.79535675048828,7072.428
2024-05-22 00:00:00+00:00,57.38,58.2,58.4582,76.05144,1.256428,0.6,-3.213600567171852,3287.690338647179,0.0,3284.476738080007,0,55.33857345581055,7170.9985
2024-05-23 00:00:00+00:00,57.87,57.45,58.42465,77.741615,1.2464281,0.6,-3.213600567171852,3245.3232415730363,0.0,3242.1096410058644,0,56.31535720825195,7078.5884
2024-05-24 00:00:00+00:00,57.56,57.31,58.38925,69.86009,1.230714,0.6,-3.213600567171852,3237.4147902895534,0.0,3234.2011897223815,0,56.31535720825195,7061.339
2024-05-28 00:00:00+00:00,57.25,57.25,58.3487,67.72779,1.2199999,0.6,-3.213600567171852,3234.025360792345,0.0,3230.811760225173,0,56.31535720825195,7053.9463
2024-05-29 00:00:00+00:00,56.87,56.92,58.3074,66.21623,1.2142857,0.6,-3.213600567171852,3215.3836430847405,0.0,3212.1700425175686,0,56.31535720825195,7013.2856
2024-05-30 00:00:00+00:00,57.05,57.3,58.26235,70.419174,1.1878569,0.6,-3.213600567171852,3236.8497945801582,0.0,3233.6361940129864,0,56.31535720825195,7060.107
2024-05-31 00:00:00+00:00,57.36,57.79,58.22265,71.788994,1.1821429,0.6,-3.213600567171852,3264.529645636997,0.0,3261.316045069825,0,56.31535720825195,7120.481
2024-06-03 00:00:00+00:00,57.56,58.8,58.18455,76.96693,1.1692859,0.6,-3.213600567171852,3321.5839462179215,0.0,3318.3703456507496,0,56.31535720825195,7244.9263
2024-06-04 00:00:00+00:00,58.67,58.57,58.1549,61.450386,0.8578573,0.99,-3.213600567171852,3308.5913885450304,0.0,3305.3777879778586,0,56.31535720825195,7216.587
2024-06-05 00:00:00+00:00,58.6,59.03,58.1267,65.44715,0.8249999,0.99,-3.213600567171852,3334.5766207136467,0.0,3331.363020146475,0,56.31535720825195,7273.265
2024-06-06 00:00:00+00:00,58.91,58.41,58.10165,68.40148,0.8599998,0.99,-3.213600567171852,3299.553184759445,0.0,3296.339584192273,0,56.55500030517578,7196.8735
2024-06-07 00:00:00+00:00,58.14,59.16,58.0693,63.33906,0.8649998,0.99,-3.213600567171852,3341.9203418177804,0.0,3338.7067412506085,0,56.55500030517578,7289.283
2024-06-10 00:00:00+00:00,59.01,59.4,58.04115,66.29747,0.89142853,0.99,-3.213600567171852,3355.477882133456,0.0,3352.2642815662844,0,56.56500244140625,7318.8545
2024-06-11 00:00:00+00:00,59.41,59.48,58.0149,67.078835,0.90500015,0.6,-3.213600567171852,3359.9971288442744,0.0,3356.7835282771025,0,56.72571563720703,7328.712
2024-06-12 00:00:00+00:00,59.59,59.94,57.99115,66.40377,0.9842859,0.99,-3.213600567171852,3385.982347575889,0.0,3382.768747008717,0,56.76499938964844,7385.3896
2024-06-13 00:00:00+00:00,59.98,62.69,57.97155,64.499985,1.002143,0.5632183908045977,-3.213600567171852,3541.3286606036404,0.0,3538.1150600364685,0,56.98714065551758,7724.226
2024-06-14 00:00:00+00:00,62.28,62.11,57.96085,82.749985,1.1521429,0.6,3500.0884314858345,0.0,0.0,3500.0884314858345,-1,0.0,7652.763
2024-06-17 00:00:00+00:00,61.76,62.69,57.94845,78.43602,1.2285718,0.6,3500.0884314858345,0.0,0.0,3500.0884314858345,0,0.0,7724.2266
2024-06-18 00:00:00+00:00,62.65,61.44,57.93565,80.357155,1.2621433,0.6,3500.0884314858345,0.0,0.0,3500.0884314858345,0,0.0,7570.211
2024-06-20 00:00:00+00:00,61.27,62.36,57.9202,72.87451,1.4214293,0.5632183908045977,3500.0884314858345,0.0,0.0,3500.0884314858345,0,0.0,7683.567
2024-06-21 00:00:00+00:00,63.07,63.22,57.90855,74.28025,1.4928578,0.5632183908045977,-3.500088431485892,3498.3392618549074,0.0,3494.8391734234215,1,58.09571075439453,7789.53
2024-06-24 00:00:00+00:00,63.37,63.75,57.90825,75.1622,1.5478579,0.5632183908045977,-3.500088431485892,3527.6672157406947,0.0,3524.167127309209,0,58.74142837524414,7854.8325
2024-06-25 00:00:00+00:00,63.6,63.1,57.91105,74.00584,1.5335721,0.6,-3.500088431485892,3491.698804220033,0.0,3488.198715788547,0,59.10642623901367,7774.744
2024-06-26 00:00:00+00:00,63.01,61.75,57.9093,71.10904,1.5242863,0.5632183908045977,-3.500088431485892,3416.9952686522515,0.0,3413.4951802207656,0,59.10642623901367,7608.4067
2024-06-27 00:00:00+00:00,61.97,61.35,57.89815,61.703968,1.5500005,0.5632183908045977,-3.500088431485892,3394.860748312175,0.0,3391.360659880689,0,59.10642623901367,7559.121
2024-06-28 00:00:00+00:00,61.54,60.62,57.88285,62.894733,1.5671433,0.5632183908045977,-3.500088431485892,3354.46552147321,0.0,3350.9654330417243,0,59.10642623901367,7469.1763
2024-07-01 00:00:00+00:00,60.5,60.87,57.8648,56.41476,1.5850004,0.5632183908045977,-3.500088431485892,3368.2994894826065,0.0,3364.7994010511206,0,59.10642623901367,7499.979
2024-07-02 00:00:00+00:00,59.2,59.02,57.85365,56.45302,1.6600007,0.5632183908045977,-3.500088431485892,3265.928153583632,0.0,3262.4280651521462,0,59.10642623901367,7272.0356
2024-07-03 00:00:00+00:00,59.12,57.66,57.83135,48.25228,1.6992863,0.6,-3.500088431485892,3190.6712520620017,0.0,3187.171163630516,0,59.10642623901367,7104.466
2024-07-05 00:00:00+00:00,57.48,57.33,57.8069,41.891895,1.7242862,0.5649843235595664,3164.1517671747174,0.0,0.0,3164.1517671747174,-1,0.0,7063.806
2024-07-08 00:00:00+00:00,57.36,58.17,57.796,26.97595,1.5735719,0.5632183908045977,-3.164151767174644,3162.5704819337507,0.0,3159.406330166576,1,54.74357223510742,7167.304
2024-07-09 00:00:00+00:00,58.33,60.7,57.78385,33.44536,1.5585717,0.5632183908045977,-3.164151767174644,3300.1210165626862,0.0,3296.9568647955116,0,54.74357223510742,7479.0337
2024-07-10 00:00:00+00:00,60.96,60.73,57.7855,42.81589,1.6628573,0.5632183908045977,-3.164151767174644,3301.7520740318955,0.0,3298.587922264721,0,56.02428436279297,7482.73
2024-07-11 00:00:00+00:00,60.84,62.29,57.7951,47.189236,1.5299999,0.6,-3.164151767174644,3386.565685588967,0.0,3383.4015338217923,0,56.02428436279297,7674.9424
2024-07-12 00:00:00+00:00,63.0,63.66,57.81605,49.736248,1.5399998,0.6,3452.6936638107036,0.0,0.0,3452.6936638107036,-1,0.0,7843.744
2024-07-15 00:00:00+00:00,63.49,64.25,57.8406,51.59651,1.5535711,0.6,-3.4526936638108054,3450.968179720843,0.0,3447.5154860570324,1,59.040000915527344,7916.4404
2024-07-16 00:00:00+00:00,64.19,64.0,57.86545,51.80636,1.5549997,0.6,-3.4526936638108054,3437.540287170592,0.0,3434.087593506781,0,59.58928680419922,7885.637
2024-07-17 00:00:00+00:00,63.96,65.3,57.8899,53.34822,1.5799999,0.5632183908045977,-3.4526936638108054,3507.365488168439,0.0,3503.912794504628,0,59.58928680419922,8045.8145
2024-07-18 00:00:00+00:00,65.3,65.37,57.92335,63.256172,1.6035712,0.5632183908045977,-3.4526936638108054,3511.12513821641,0.0,3507.6724445525992,0,60.56000518798828,8054.4395
2024-07-19 00:00:00+00:00,65.54,65.87,57.96135,65.390526,1.6642854,0.6,-3.4526936638108054,3537.9811222179724,0.0,3534.5284285541616,0,60.56000518798828,8116.0464
2024-07-22 00:00:00+00:00,66.09,65.19,58.0004,70.45988,1.639285,0.5632183908045977,-3.4526936638108054,3501.4573201506455,0.0,3498.0046264868347,0,60.87714767456055,8032.2617
2024-07-23 00:00:00+00:00,65.08,65.8,58.03355,66.28961,1.6564276,0.5632183908045977,-3.4526936638108054,3534.2212055161203,0.0,3530.7685118523095,0,60.87714767456055,8107.4214
2024-07-24 00:00:00+00:00,66.01,66.91,58.07175,78.203,1.6092851,0.5632183908045977,-3.4526936638108054,3593.8410664981316,0.0,3590.3883728343208,0,60.87714767456055,8244.1875
2024-07-25 00:00:00+00:00,67.0,68.57,58.11225,89.29483,1.5892851,0.5632183908045977,-3.4526936638108054,3683.001965111504,0.0,3679.549271447693,0,62.082149505615234,8448.721
2024-07-26 00:00:00+00:00,68.57,68.61,58.16845,92.90076,1.7707136,0.5632183908045977,3676.17024659363,0.0,0.0,3676.17024659363,-1,0.0,8453.649
2024-07-29 00:00:00+00:00,68.51,68.59,58.2281,92.439026,1.782142,0.5632183908045977,3676.17024659363,0.0,0.0,3676.17024659363,0,0.0,8451.185
2024-07-30 00:00:00+00:00,69.33,67.79,58.28485,90.29618,1.6614279,0.5632183908045977,3676.17024659363,0.0,0.0,3676.17024659363,0,0.0,8352.614
2024-07-31 00:00:00+00:00,67.83,65.07,58.339,83.42803,1.8992854,0.6,3676.17024659363,0.0,0.0,3676.17024659363,0,0.0,8017.475
2024-08-01 00:00:00+00:00,65.2,64.42,58.3815,61.86006,2.0614285,0.5632183908045977,3676.17024659363,0.0,0.0,3676.17024659363,0,0.0,7937.3867
2024-08-02 00:00:00+00:00,64.27,64.47,58.41555,53.454536,2.0585713,0.5632183908045977,-3.676170246593756,3674.3330800536037,0.0,3670.65690980701,1,58.235713958740234,7943.5474
2024-08-05 00:00:00+00:00,63.35,62.0,58.44975,51.051632,2.1192858,0.6,-3.676170246593756,3533.560432204012,0.0,3529.8842619574184,0,58.294288635253906,7639.211
2024-08-06 00:00:00+00:00,61.81,61.27,58.4738,42.11357,2.2264287,0.5632183908045977,-3.676170246593756,3491.9556474377723,0.0,3488.2794771911786,0,58.294288635253906,7549.2656
2024-08-07 00:00:00+00:00,61.55,60.29,58.49605,33.360855,2.197143,0.5632183908045977,-3.676170246593756,3436.1025598886445,0.0,3432.4263896420507,0,58.294288635253906,7428.5166
2024-08-08 00:00:00+00:00,60.3,61.78,58.5193,30.49155,2.2128575,0.6,-3.676170246593756,3521.0219651348207,0.0,3517.345794888227,0,58.294288635253906,7612.1045
2024-08-09 00:00:00+00:00,61.39,61.08,58.55255,35.40327,2.263572,0.5632183908045977,-3.676170246593756,3481.127077363194,0.0,3477.4509071166003,0,58.294288635253906,7525.8555
2024-08-12 00:00:00+00:00,60.96,61.12,58.58245,35.352814,2.2307146,0.5910606868057302,-3.676170246593756,3483.4065772559006,0.0,3479.730407009307,0,58.294288635253906,7530.783
2024-08-13 00:00:00+00:00,61.16,62.02,58.6133,32.615135,2.2214286,0.6,-3.676170246593756,3534.700464638522,0.0,3531.0242943919284,0,58.294288635253906,7641.6753
2024-08-14 00:00:00+00:00,61.8,61.18,58.65215,31.547152,2.2164288,0.5632183908045977,-3.676170246593756,3486.8264001167163,0.0,3483.1502298701225,0,58.294288635253906,7538.1763
2024-08-15 00:00:00+00:00,61.79,61.68,58.6867,20.273535,2.0435717,0.6,-3.676170246593756,3515.3229465655195,0.0,3511.6467763189257,0,58.294288635253906,7599.7827
2024-08-16 00:00:00+00:00,61.88,62.16,58.7324,23.118694,2.0028574,0.6,-3.676170246593756,3542.679547002057,0.0,3539.0033767554633,0,58.294288635253906,7658.9253
2024-08-19 00:00:00+00:00,62.23,63.26,58.7824,25.917606,2.0007145,0.6,-3.676170246593756,3605.3717303432995,0.0,3601.695560096706,0,58.294288635253906,7794.4595
2024-08-20 00:00:00+00:00,63.09,64.38,58.82905,33.40658,1.7614282,0.6,-3.676170246593756,3669.2038463090385,0.0,3665.5276760624447,0,58.294288635253906,7932.4585
2024-08-21 00:00:00+00:00,64.42,64.15,58.8791,47.136917,1.5878563,0.6,-3.676170246593756,3656.0957476988533,0.0,3652.4195774522595,0,59.09571075439453,7904.12
2024-08-22 00:00:00+00:00,64.36,63.02,58.93,48.839222,1.5349993,0.6,-3.676170246593756,3591.693764895661,0.0,3588.017594649067,0,59.38643264770508,7764.8896
2024-08-23 00:00:00+00:00,63.52,64.14,58.97085,44.295822,1.4985708,0.6,-3.676170246593756,3655.525628483987,0.0,3651.8494582373933,0,59.38643264770508,7902.888
2024-08-26 00:00:00+00:00,64.26,65.16,59.0187,59.419025,1.4214278,0.5632183908045977,-3.676170246593756,3713.658566617587,0.0,3709.9823963709932,0,59.644287109375,8028.5654
2024-08-27 00:00:00+00:00,65.32,65.63,59.0709,66.695305,1.4235712,0.6,-3.676170246593756,3740.4447300945026,0.0,3736.768559847909,0,60.895721435546875,8086.4746
2024-08-28 00:00:00+00:00,65.52,65.64,59.12875,73.967705,1.3099995,0.5632183908045977,-3.676170246593756,3741.014584874349,0.0,3737.3384146277554,0,61.359283447265625,8087.7065
2024-08-29 00:00:00+00:00,65.8,65.91,59.19435,69.979324,1.2214285,0.6,-3.676170246593756,3756.4030079912327,0.0,3752.726837744639,0,61.709999084472656,8120.975
2024-08-30 00:00:00+00:00,65.91,65.66,59.2617,76.1647,1.2914289,0.5632183908045977,-3.676170246593756,3742.1547430693568,0.0,3738.478572822763,0,62.24571990966797,8090.172
2024-09-03 00:00:00+00:00,65.76,66.31,59.3244,74.04664,1.2835721,0.5632183908045977,-3.676170246593756,3779.1997467426677,0.0,3775.523576496074,0,62.24571990966797,8170.26
2024-09-04 00:00:00+00:00,66.42,64.33,59.3831,73.34059,1.322143,0.5632183908045977,-3.676170246593756,3666.354119462927,0.0,3662.677949216333,0,62.45928192138672,7926.2983
2024-09-05 00:00:00+00:00,64.32,62.96,59.42985,65.24688,1.4357147,0.45454545454545453,-3.676170246593756,3588.273604706031,0.0,3584.5974344594374,0,62.45928192138672,7757.496
2024-09-06 00:00:00+00:00,63.2,61.26,59.4747,55.714287,1.6257144,0.45454545454545453,-3.676170246593756,3491.3856900142573,0.0,3487.7095197676636,0,62.45928192138672,7548.034
2024-09-09 00:00:00+00:00,61.48,62.26,59.50965,46.376804,1.7314287,0.4631578947368421,3539.3800664444666,0.0,0.0,3539.3800664444666,-1,0.0,7671.2476
2024-09-10 00:00:00+00:00,62.19,63.13,59.5474,45.941555,1.7600005,0.45454545454545453,3539.3800664444666,0.0,0.0,3539.3800664444666,0,0.0,7778.444
2024-09-11 00:00:00+00:00,63.04,63.13,59.5969,44.821888,1.7707149,0.4631578947368421,3539.3800664444666,0.0,0.0,3539.3800664444666,0,0.0,7778.444
2024-09-12 00:00:00+00:00,62.94,63.36,59.64555,45.692566,1.815715,0.4631578947368421,3539.3800664444666,0.0,0.0,3539.3800664444666,0,0.0,7806.7827
2024-09-13 00:00:00+00:00,63.37,63.56,59.69365,51.553932,1.8271433,0.4631578947368421,3539.3800664444666,0.0,0.0,3539.3800664444666,0,0.0,7831.4253
2024-09-16 00:00:00+00:00,63.94,66.41,59.7471,47.105797,1.8028575,0.4631578947368421,3539.3800664444666,0.0,0.0,3539.3800664444666,0,0.0,8182.582
2024-09-17 00:00:00+00:00,66.42,66.43,59.81565,55.27426,1.9071432,0.4631578947368421,3539.3800664444666,0.0,0.0,3539.3800664444666,0,0.0,8185.0464
2024-09-18 00:00:00+00:00,65.25,65.17,59.88085,53.508785,1.9607146,0.4631578947368421,3539.3800664444666,0.0,0.0,3539.3800664444666,0,0.0,8029.797
2024-09-19 00:00:00+00:00,66.22,66.82,59.935,48.14229,2.0650003,0.4631578947368421,3539.3800664444666,0.0,0.0,3539.3800664444666,0,0.0,8233.099
2024-09-20 00:00:00+00:00,66.2,65.74,59.999,53.24304,2.0221426,0.38461538461538464,3539.3800664444666,0.0,0.0,3539.3800664444666,0,0.0,8100.028
2024-09-23 00:00:00+00:00,65.97,64.12,60.0529,50.26916,2.0571425,0.4631578947368421,3539.3800664444666,0.0,0.0,3539.3800664444666,0,0.0,7900.4233
2024-09-24 00:00:00+00:00,64.15,63.7,60.0994,43.08277,2.062143,0.4631578947368421,3539.3800664444666,0.0,0.0,3539.3800664444666,0,0.0,7848.6733
2024-09-25 00:00:00+00:00,64.12,63.22,60.1408,47.79257,1.9635713,0.4631578947368421,3539.3800664444666,0.0,0.0,3539.3800664444666,0,0.0,7789.5312
2024-09-26 00:00:00+00:00,63.1,65.13,60.181,50.971607,1.8435713,0.45454545454545453,3539.3800664444666,0.0,0.0,3539.3800664444666,0,0.0,8024.868
2024-09-27 00:00:00+00:00,65.64,65.83,60.23315,64.2384,1.8278569,0.45454545454545453,3539.3800664444666,0.0,0.0,3539.3800664444666,0,0.0,8111.118
2024-09-30 00:00:00+00:00,65.4,66.1,60.2771,63.43116,1.8292855,0.45454545454545453,3539.3800664444666,0.0,0.0,3539.3800664444666,0,0.0,8144.3853
2024-10-01 00:00:00+00:00,66.68,68.06,60.2983,61.702118,1.8149999,0.4631578947368421,3539.3800664444666,0.0,0.0,3539.3800664444666,0,0.0,8385.883
2024-10-02 00:00:00+00:00,67.68,67.63,60.31765,66.82593,1.8642856,0.45454545454545453,3539.3800664444666,0.0,0.0,3539.3800664444666,0,0.0,8332.9
2024-10-03 00:00:00+00:00,67.28,67.04,60.3366,64.3771,1.8621426,0.45454545454545453,3539.3800664444666,0.0,0.0,3539.3800664444666,0,0.0,8260.205
2024-10-04 00:00:00+00:00,67.37,67.49,60.3603,61.417324,1.8657142,0.45454545454545453,3539.3800664444666,0.0,0.0,3539.3800664444666,0,0.0,8315.649
2024-10-07 00:00:00+00:00,67.36,65.76,60.39465,54.20559,1.7364284,0.45454545454545453,3539.3800664444666,0.0,0.0,3539.3800664444666,0,0.0,8102.4917
2024-10-08 00:00:00+00:00,65.58,65.74,60.41395,47.697598,1.7535716,0.4631578947368421,3539.3800664444666,0.0,0.0,3539.3800664444666,0,0.0,8100.0264
2024-10-09 00:00:00+00:00,65.63,65.76,60.43885,52.141247,1.667857,0.45454545454545453,3539.3800664444666,0.0,0.0,3539.3800664444666,0,0.0,8102.4917
2024-10-10 00:00:00+00:00,65.3,65.37,60.4592,45.462337,1.6321428,0.45454545454545453,3539.3800664444666,0.0,0.0,3539.3800664444666,0,0.0,8054.4385
2024-10-11 00:00:00+00:00,65.49,66.12,60.4718,48.316673,1.5850002,0.45454545454545453,3539.3800664444666,0.0,0.0,3539.3800664444666,0,0.0,8146.848
2024-10-14 00:00:00+00:00,65.79,65.44,60.48965,59.881428,1.5121428,0.45454545454545453,3539.3800664444666,0.0,0.0,3539.3800664444666,0,0.0,8063.063
2024-10-15 00:00:00+00:00,65.89,66.29,60.50345,58.381516,1.5085716,0.38461538461538464,3539.3800664444666,0.0,0.0,3539.3800664444666,0,0.0,8167.794
2024-10-16 00:00:00+00:00,66.38,66.17,60.52125,64.279076,1.4800001,0.45454545454545453,3539.3800664444666,0.0,0.0,3539.3800664444666,0,0.0,8153.0083
2024-10-17 00:00:00+00:00,65.99,66.43,60.53815,55.803577,1.3607146,0.45454545454545453,3539.3800664444666,0.0,0.0,3539.3800664444666,0,0.0,8185.0435
2024-10-18 00:00:00+00:00,66.41,66.39,60.54305,53.52112,1.3171425,0.45454545454545453,3539.3800664444666,0.0,0.0,3539.3800664444666,0,0.0,8180.1147
2024-10-21 00:00:00+00:00,66.33,65.27,60.54745,51.7491,1.2714278,0.45454545454545453,3539.3800664444666,0.0,0.0,3539.3800664444666,0,0.0,8042.1157
2024-10-22 00:00:00+00:00,65.03,65.59,60.54085,31.275173,1.2357134,0.4631578947368421,3539.3800664444666,0.0,0.0,3539.3800664444666,0,0.0,8081.544
2024-10-23 00:00:00+00:00,65.49,65.17,60.5425,36.103542,1.1914281,0.45454545454545453,3539.3800664444666,0.0,0.0,3539.3800664444666,0,0.0,8029.795
2024-10-24 00:00:00+00:00,65.24,65.24,60.53925,36.959545,1.2049991,0.4631578947368421,3539.3800664444666,0.0,0.0,3539.3800664444666,0,0.0,8038.4194
2024-10-25 00:00:00+00:00,65.32,65.07,60.54355,33.431538,1.1849992,0.45454545454545453,3539.3800664444666,0.0,0.0,3539.3800664444666,0,0.0,8017.473
2024-10-28 00:00:00+00:00,65.49,65.69,60.5482,43.40343,1.1107134,0.4895833333333333,3539.3800664444666,0.0,0.0,3539.3800664444666,0,0.0,8093.866
2024-10-29 00:00:00+00:00,67.53,73.6,60.5611,49.571224,1.1228561,0.4631578947368421,3539.3800664444666,0.0,0.0,3539.3800664444666,0,0.0,9068.481
2024-10-30 00:00:00+00:00,73.6,73.93,60.6154,78.57141,1.6299989,0.45454545454545453,3539.3800664444666,0.0,0.0,3539.3800664444666,0,0.0,9109.142
2024-10-31 00:00:00+00:00,73.91,74.12,60.67835,81.33234,1.696427,0.45454545454545453,3539.3800664444666,0.0,0.0,3539.3800664444666,0,0.0,9132.553
2024-11-01 00:00:00+00:00,74.12,76.13,60.74155,80.53434,1.7335701,0.38461538461538464,3539.3800664444666,0.0,0.0,3539.3800664444666,0,0.0,9380.21
2024-11-04 00:00:00+00:00,75.07,75.75,60.8163,87.04087,1.821427,0.38461538461538464,3539.3800664444666,0.0,0.0,3539.3800664444666,0,0.0,9333.39
2024-11-05 00:00:00+00:00,75.77,77.28,60.8876,83.88252,1.8128558,0.38461538461538464,3539.3800664444666,0.0,0.0,3539.3800664444666,0,0.0,9521.905
2024-11-06 00:00:00+00:00,78.45,80.95,60.9665,86.141846,1.9092848,0.38461538461538464,3539.3800664444666,0.0,0.0,3539.3800664444666,0,0.0,9974.097
2024-11-07 00:00:00+00:00,81.0,82.34,61.0619,88.65816,2.1849997,0.38461538461538464,3539.3800664444666,0.0,0.0,3539.3800664444666,0,0.0,10145.364
2024-11-08 00:00:00+00:00,82.59,83.38,61.1694,89.6175,2.3557146,0.38461538461538464,3539.3800664444666,0.0,0.0,3539.3800664444666,0,0.0,10273.506
2024-11-11 00:00:00+00:00,83.54,81.53,61.2817,95.162125,2.3642857,0.38461538461538464,3539.3800664444666,0.0,0.0,3539.3800664444666,0,0.0,10045.562
2024-11-12 00:00:00+00:00,81.55,80.58,61.38615,86.93237,2.4499996,0.38461538461538464,3539.3800664444666,0.0,0.0,3539.3800664444666,0,0.0,9928.51
2024-11-13 00:00:00+00:00,80.8,80.48,61.4867,84.84852,2.4842856,0.45454545454545453,3539.3800664444666,0.0,0.0,3539.3800664444666,0,0.0,9916.188
2024-11-14 00:00:00+00:00,80.16,77.73,61.5927,84.41738,2.5199993,0.38580664104651063,3539.3800664444666,0.0,0.0,3539.3800664444666,0,0.0,9577.353
2024-11-15 00:00:00+00:00,77.15,75.87,61.6875,75.60682,2.6735709,0.45454545454545453,3539.3800664444666,0.0,0.0,3539.3800664444666,0,0.0,9348.177
2024-11-18 00:00:00+00:00,75.89,76.97,61.77105,69.6071,2.9307141,0.45454545454545453,3539.3800664444666,0.0,0.0,3539.3800664444666,0,0.0,9483.711
2024-11-19 00:00:00+00:00,67.11,70.56,61.86415,58.79897,2.4457147,0.45147110820142955,3539.3800664444666,0.0,0.0,3539.3800664444666,0,0.0,8693.915
2024-11-20 00:00:00+00:00,70.66,71.05,61.92665,43.321434,3.1492865,0.45454545454545453,3539.3800664444666,0.0,0.0,3539.3800664444666,0,0.0,8754.29
2024-11-21 00:00:00+00:00,71.33,70.39,61.98375,43.987465,3.1514294,0.4631578947368421,3539.3800664444666,0.0,0.0,3539.3800664444666,0,0.0,8672.97
2024-11-22 00:00:00+00:00,70.43,71.72,62.049,38.13069,3.1285722,0.45454545454545453,3539.3800664444666,0.0,0.0,3539.3800664444666,0,0.0,8836.844
2024-11-25 00:00:00+00:00,72.34,73.52,62.1208,41.9817,3.140715,0.38461538461538464,3539.3800664444666,0.0,0.0,3539.3800664444666,0,0.0,9058.626
2024-11-26 00:00:00+00:00,74.14,74.8,62.2001,42.598423,3.149286,0.45454545454545453,3539.3800664444666,0.0,0.0,3539.3800664444666,0,0.0,9216.339
2024-11-27 00:00:00+00:00,75.0,75.45,62.2849,36.636265,2.9307141,0.45454545454545453,3539.3800664444666,0.0,0.0,3539.3800664444666,0,0.0,9296.427
2024-11-29 00:00:00+00:00,75.71,74.59,62.36545,34.53076,2.7842853,0.45454545454545453,3539.3800664444666,0.0,0.0,3539.3800664444666,0,0.0,9190.464
2024-12-02 00:00:00+00:00,74.28,73.24,62.44895,30.10412,2.7885716,0.45454545454545453,3539.3800664444666,0.0,0.0,3539.3800664444666,0,0.0,9024.127
2024-12-03 00:00:00+00:00,72.73,72.03,62.5203,30.801298,2.7657144,0.45454545454545453,3539.3800664444666,0.0,0.0,3539.3800664444666,0,0.0,8875.039
2024-12-04 00:00:00+00:00,73.4,74.62,62.59065,30.434782,2.7442856,0.45454545454545453,3539.3800664444666,0.0,0.0,3539.3800664444666,0,0.0,9194.161
2024-12-05 00:00:00+00:00,73.02,74.92,62.66965,37.962208,2.8842862,0.4631578947368421,3539.3800664444666,0.0,0.0,3539.3800664444666,0,0.0,9231.125
2024-12-06 00:00:00+00:00,75.27,75.92,62.7426,43.581535,2.8557146,0.4631578947368421,3539.3800664444666,0.0,0.0,3539.3800664444666,0,0.0,9354.339
2024-12-09 00:00:00+00:00,75.94,72.11,62.81765,50.118866,2.6357143,0.45454545454545453,3539.3800664444666,0.0,0.0,3539.3800664444666,0,0.0,8884.897
2024-12-10 00:00:00+00:00,72.11,72.48,62.87525,39.76411,2.8207142,0.38461538461538464,3539.3800664444666,0.0,0.0,3539.3800664444666,0,0.0,8930.487
2024-12-11 00:00:00+00:00,72.65,72.49,62.935,55.423744,2.0921423,0.38461538461538464,3539.3800664444666,0.0,0.0,3539.3800664444666,0,0.0,8931.719
2024-12-12 00:00:00+00:00,70.5,70.83,62.99245,54.18117,2.0899997,0.38461538461538464,3539.3800664444666,0.0,0.0,3539.3800664444666,0,0.0,8727.186
2024-12-13 00:00:00+00:00,70.64,68.55,63.0467,51.207474,2.0835707,0.38461538461538464,3539.3800664444666,0.0,0.0,3539.3800664444666,0,0.0,8446.26
2024-12-16 00:00:00+00:00,69.31,69.8,63.09765,41.73187,2.1292856,0.45454545454545453,3539.3800664444666,0.0,0.0,3539.3800664444666,0,0.0,8600.276
2024-12-17 00:00:00+00:00,68.78,69.4,63.1514,40.01075,2.142142,0.38461538461538464,3539.3800664444666,0.0,0.0,3539.3800664444666,0,0.0,8550.991
2024-12-18 00:00:00+00:00,69.18,67.55,63.1998,34.78014,2.1021423,0.38461538461538464,3539.3800664444666,0.0,0.0,3539.3800664444666,0,0.0,8323.047
2024-12-19 00:00:00+00:00,68.64,67.06,63.24305,29.144669,2.1514277,0.45454545454545453,3539.3800664444666,0.0,0.0,3539.3800664444666,0,0.0,8262.672
2024-12-20 00:00:00+00:00,66.89,68.84,63.28205,29.725359,2.1835704,0.38461538461538464,3539.3800664444666,0.0,0.0,3539.3800664444666,0,0.0,8481.991
2024-12-23 00:00:00+00:00,68.58,69.84,63.3311,38.421043,2.1949992,0.4631578947368421,3539.3800664444666,0.0,0.0,3539.3800664444666,0,0.0,8605.205
2024-12-24 00:00:00+00:00,69.88,69.91,63.3802,44.172424,2.2321422,0.4631578947368421,3539.3800664444666,0.0,0.0,3539.3800664444666,0,0.0,8613.831
2024-12-26 00:00:00+00:00,69.52,69.56,63.4258,35.525505,2.081428,0.45454545454545453,3539.3800664444666,0.0,0.0,3539.3800664444666,0,0.0,8570.705
2024-12-27 00:00:00+00:00,68.71,69.23,63.47695,33.578438,1.9642851,0.4631578947368421,3539.3800664444666,0.0,0.0,3539.3800664444666,0,0.0,8530.046
2024-12-30 00:00:00+00:00,68.56,68.42,63.5285,28.626217,1.9764279,0.4631578947368421,3539.3800664444666,0.0,0.0,3539.3800664444666,0,0.0,8430.242
2024-12-31 00:00:00+00:00,68.54,69.07,63.5779,35.41502,1.7871426,0.4631578947368421,3539.3800664444666,0.0,0.0,3539.3800664444666,0,0.0,8510.331
2025-01-02 00:00:00+00:00,69.67,69.53,63.6314,36.813606,1.7342851,0.4631578947368421,3539.3800664444666,0.0,0.0,3539.3800664444666,0,0.0,8567.009
2025-01-03 00:00:00+00:00,69.76,69.63,63.69235,38.93873,1.7307135,0.4631578947368421,3539.3800664444666,0.0,0.0,3539.3800664444666,0,0.0,8579.33
2025-01-06 00:00:00+00:00,69.45,71.91,63.74885,44.923843,1.6649998,0.45454545454545453,3539.3800664444666,0.0,0.0,3539.3800664444666,0,0.0,8860.257
2025-01-07 00:00:00+00:00,73.06,73.19,63.8172,64.21317,1.7385712,0.45454545454545453,3539.3800664444666,0.0,0.0,3539.3800664444666,0,0.0,9017.969
2025-01-08 00:00:00+00:00,73.19,73.13,63.89455,64.30377,1.7957143,0.45454545454545453,3539.3800664444666,0.0,0.0,3539.3800664444666,0,0.0,9010.575
2025-01-10 00:00:00+00:00,72.21,70.54,63.9753,66.20325,1.7864287,0.45454545454545453,3539.3800664444666,0.0,0.0,3539.3800664444666,0,0.0,8691.454
2025-01-13 00:00:00+00:00,70.54,72.37,64.0406,62.204052,1.8950005,0.45454545454545453,3539.3800664444666,0.0,0.0,3539.3800664444666,0,0.0,8916.935
2025-01-14 00:00:00+00:00,72.34,71.93,64.1197,69.536415,1.9650007,0.45454545454545453,3539.3800664444666,0.0,0.0,3539.3800664444666,0,0.0,8862.721
2025-01-15 00:00:00+00:00,72.96,72.46,64.19375,62.612236,1.9285719,0.45454545454545453,3539.3800664444666,0.0,0.0,3539.3800664444666,0,0.0,8928.023
2025-01-16 00:00:00+00:00,72.51,72.47,64.2712,61.120533,1.9185721,0.45454545454545453,3539.3800664444666,0.0,0.0,3539.3800664444666,0,0.0,8929.256
2025-01-17 00:00:00+00:00,72.87,71.93,64.35035,60.921474,1.9242865,0.45454545454545453,3539.3800664444666,0.0,0.0,3539.3800664444666,0,0.0,8862.721
2025-01-21 00:00:00+00:00,72.21,73.47,64.43085,59.949623,1.9450008,0.45454545454545453,3539.3800664444666,0.0,0.0,3539.3800664444666,0,0.0,9052.469
2025-01-22 00:00:00+00:00,73.47,72.41,64.52165,66.15851,1.9750012,0.45454545454545453,3539.3800664444666,0.0,0.0,3539.3800664444666,0,0.0,8921.863
2025-01-23 00:00:00+00:00,72.32,72.53,64.60875,64.92148,1.9785722,0.45454545454545453,3539.3800664444666,0.0,0.0,3539.3800664444666,0,0.0,8936.648
2025-01-24 00:00:00+00:00,72.3,72.59,64.6952,63.47351,2.0371437,0.45454545454545453,3539.3800664444666,0.0,0.0,3539.3800664444666,0,0.0,8944.041
2025-01-27 00:00:00+00:00,72.29,72.64,64.7829,62.299023,2.040001,0.45454545454545453,3539.3800664444666,0.0,0.0,3539.3800664444666,0,0.0,8950.201
2025-01-28 00:00:00+00:00,72.69,73.15,64.8696,62.146893,2.1100006,0.45454545454545453,3539.3800664444666,0.0,0.0,3539.3800664444666,0,0.0,9013.04
2025-01-29 00:00:00+00:00,73.22,73.72,64.96035,55.838028,2.024286,0.4631578947368421,3539.3800664444666,0.0,0.0,3539.3800664444666,0,0.0,9083.271
2025-01-30 00:00:00+00:00,74.16,73.77,65.05435,52.67406,1.9035721,0.45454545454545453,3539.3800664444666,0.0,0.0,3539.3800664444666,0,0.0,9089.432
2025-01-31 00:00:00+00:00,73.76,74.16,65.15395,53.232323,1.9114287,0.45454545454545453,3539.3800664444666,0.0,0.0,3539.3800664444666,0,0.0,9137.485
2025-02-03 00:00:00+00:00,73.56,73.74,65.2576,73.5065,1.8028575,0.45454545454545453,3539.3800664444666,0.0,0.0,3539.3800664444666,0,0.0,9085.735
2025-02-04 00:00:00+00:00,73.51,74.12,65.3602,60.890247,1.7392862,0.45454545454545453,3539.3800664444666,0.0,0.0,3539.3800664444666,0,0.0,9132.557
2025-02-05 00:00:00+00:00,74.78,75.26,65.4672,67.57623,1.7407144,0.45454545454545453,3539.3800664444666,0.0,0.0,3539.3800664444666,0,0.0,9273.02
2025-02-06 00:00:00+00:00,75.02,74.95,65.5794,70.46783,1.720714,0.4631578947368421,3539.3800664444666,0.0,0.0,3539.3800664444666,0,0.0,9234.823
2025-02-07 00:00:00+00:00,75.37,74.13,65.6924,67.36688,1.7271423,0.45454545454545453,3539.3800664444666,0.0,0.0,3539.3800664444666,0,0.0,9133.788
2025-02-10 00:00:00+00:00,73.01,68.3,65.80345,64.82475,1.8714278,0.45454545454545453,3539.3800664444666,0.0,0.0,3539.3800664444666,0,0.0,8415.457
2025-02-11 00:00:00+00:00,67.52,66.33,65.8867,27.924871,2.1885703,0.4631578947368421,3539.3800664444666,0.0,0.0,3539.3800664444666,0,0.0,8172.727
2025-02-12 00:00:00+00:00,66.3,69.05,65.95965,25.911264,2.2492845,0.45454545454545453,3539.3800664444666,0.0,0.0,3539.3800664444666,0,0.0,8507.867
2025-02-13 00:00:00+00:00,69.29,70.01,66.049,38.5677,2.3714278,0.45454545454545453,3539.3800664444666,0.0,0.0,3539.3800664444666,0,0.0,8626.151
2025-02-14 00:00:00+00:00,70.65,70.42,66.14065,41.997547,2.6049995,0.45454545454545453,3539.3800664444666,0.0,0.0,3539.3800664444666,0,0.0,8676.669
2025-02-18 00:00:00+00:00,70.71,71.27,66.22995,43.264565,2.6049995,0.45454545454545453,3539.3800664444666,0.0,0.0,3539.3800664444666,0,0.0,8781.399
2025-02-19 00:00:00+00:00,70.93,70.16,66.32605,44.411404,2.5421426,0.45454545454545453,3539.3800664444666,0.0,0.0,3539.3800664444666,0,0.0,8644.635
2025-02-20 00:00:00+00:00,70.26,71.38,66.41215,39.74655,2.5592854,0.45454545454545453,3539.3800664444666,0.0,0.0,3539.3800664444666,0,0.0,8794.953
2025-02-21 00:00:00+00:00,71.66,72.11,66.5036,43.551,2.5849996,0.45454545454545453,3539.3800664444666,0.0,0.0,3539.3800664444666,0,0.0,8884.899
2025-02-24 00:00:00+00:00,72.19,74.01,66.59535,44.56809,2.5499997,0.45454545454545453,3539.3800664444666,0.0,0.0,3539.3800664444666,0,0.0,9119.005
2025-02-25 00:00:00+00:00,74.36,74.4,66.695,50.663403,2.5642853,0.4631578947368421,3539.3800664444666,0.0,0.0,3539.3800664444666,0,0.0,9167.058
2025-02-26 00:00:00+00:00,74.07,74.3,66.79515,50.687622,2.6178567,0.4631578947368421,3539.3800664444666,0.0,0.0,3539.3800664444666,0,0.0,9154.735
2025-02-27 00:00:00+00:00,73.92,73.18,66.8991,47.51553,2.6499999,0.4631578947368421,3539.3800664444666,0.0,0.0,3539.3800664444666,0,0.0,9016.736
2025-02-28 00:00:00+00:00,73.56,73.5,66.9975,45.60358,2.6757143,0.4631578947368421,3539.3800664444666,0.0,0.0,3539.3800664444666,0,0.0,9056.165
2025-03-03 00:00:00+00:00,73.45,70.26,67.0997,48.395317,2.5364282,0.45454545454545453,3539.3800664444666,0.0,0.0,3539.3800664444666,0,0.0,8656.954
2025-03-04 00:00:00+00:00,69.99,69.68,67.163,55.751175,2.3435712,0.38461538461538464,3539.3800664444666,0.0,0.0,3539.3800664444666,0,0.0,8585.49
2025-03-05 00:00:00+00:00,69.08,69.81,67.22615,60.70288,2.3192859,0.38461538461538464,3539.3800664444666,0.0,0.0,3539.3800664444666,0,0.0,8601.508
2025-03-06 00:00:00+00:00,68.88,70.09,67.28995,52.90963,2.154286,0.38461538461538464,3539.3800664444666,0.0,0.0,3539.3800664444666,0,0.0,8636.008
2025-03-07 00:00:00+00:00,70.15,70.79,67.3561,50.32308,1.971429,0.45454545454545453,3539.3800664444666,0.0,0.0,3539.3800664444666,0,0.0,8722.258
2025-03-10 00:00:00+00:00,69.94,71.13,67.42455,51.460155,2.0692859,0.38461538461538464,3539.3800664444666,0.0,0.0,3539.3800664444666,0,0.0,8764.15
2025-03-11 00:00:00+00:00,70.98,68.07,67.49425,49.424343,2.1314282,0.45454545454545453,3539.3800664444666,0.0,0.0,3539.3800664444666,0,0.0,8387.118
2025-03-12 00:00:00+00:00,67.85,67.73,67.5476,42.593887,2.3221424,0.38461538461538464,3539.3800664444666,0.0,0.0,3539.3800664444666,0,0.0,8345.227
2025-03-13 00:00:00+00:00,67.91,67.71,67.59525,36.205612,2.3385713,0.38461538461538464,3539.3800664444666,0.0,0.0,3539.3800664444666,0,0.0,8342.762
2025-03-14 00:00:00+00:00,67.88,67.86,67.64655,32.428104,2.3342853,0.45454545454545453,3539.3800664444666,0.0,0.0,3539.3800664444666,0,0.0,8361.244
2025-03-17 00:00:00+00:00,60.0,62.01,67.6993,21.448452,2.2121425,0.45454545454545453,3539.3800664444666,0.0,0.0,3539.3800664444666,0,0.0,7640.447
2025-03-18 00:00:00+00:00,61.03,60.0,67.7231,11.829933,2.6714284,0.4631578947368421,3539.3800664444666,0.0,0.0,3539.3800664444666,0,0.0,7392.789
2025-03-19 00:00:00+00:00,60.37,60.34,67.7385,10.584334,2.7771428,0.45454545454545453,3539.3800664444666,0.0,0.0,3539.3800664444666,0,0.0,7434.681
2025-03-20 00:00:00+00:00,60.26,60.58,67.7537,13.018426,2.7428572,0.4631578947368421,3539.3800664444666,0.0,0.0,3539.3800664444666,0,0.0,7464.253
2025-03-21 00:00:00+00:00,60.44,61.92,67.76765,12.615744,2.765715,0.5333333333333333,3539.3800664444666,0.0,0.0,3539.3800664444666,0,0.0,7629.3574
2025-03-24 00:00:00+00:00,62.13,62.78,67.78325,22.886848,2.6378577,0.4895833333333333,-3.5393800664446644,3537.6112608140597,0.0,3534.071880747615,1,57.771427154541016,7735.3213
2025-03-25 00:00:00+00:00,63.01,62.08,67.8043,27.969337,2.5878577,0.4631578947368421,-3.5393800664446644,3498.1668864842877,0.0,3494.627506417843,0,58.823211669921875,7649.0723
2025-03-26 00:00:00+00:00,62.07,61.26,67.81955,26.186083,2.6600003,0.4895833333333333,-3.5393800664446644,3451.960276924446,0.0,3448.4208968580015,0,58.823211669921875,7548.037
2025-03-27 00:00:00+00:00,61.55,60.68,67.8338,23.673233,2.6578572,0.4895833333333333,-3.5393800664446644,3419.277874416932,0.0,3415.738494350487,0,58.823211669921875,7476.574
2025-03-28 00:00:00+00:00,60.72,60.6,67.8414,19.639627,2.512143,0.4631578947368421,-3.5393800664446644,3414.769915092558,0.0,3411.2305350261136,0,58.823211669921875,7466.7173
2025-03-31 00:00:00+00:00,60.15,60.55,67.8474,17.876757,2.4042861,0.4895833333333333,-3.5393800664446644,3411.9525677350043,0.0,3408.4131876685597,0,58.823211669921875,7460.557
2025-04-01 00:00:00+00:00,60.53,60.91,67.85275,21.898355,2.2157152,0.4895833333333333,-3.5393800664446644,3432.2385477588396,0.0,3428.699167692395,0,58.823211669921875,7504.9146
2025-04-02 00:00:00+00:00,60.9,62.33,67.8576,24.552237,2.2057152,0.4895833333333333,-3.5393800664446644,3512.2548903501797,0.0,3508.715510283735,0,58.823211669921875,7679.878
2025-04-03 00:00:00+00:00,62.06,62.46,67.8558,31.824337,2.257858,0.4631578947368421,-3.5393800664446644,3519.580350255037,0.0,3516.0409701885924,0,59.02143096923828,7695.8955
2025-04-04 00:00:00+00:00,62.65,60.58,67.85755,31.732063,2.2971437,0.4895833333333333,-3.5393800664446644,3413.643751188056,0.0,3410.104371121611,0,59.073211669921875,7464.255
2025-04-07 00:00:00+00:00,60.49,60.29,67.847,43.385765,1.8864294,0.4895833333333333,-3.5393800664446644,3397.302340060434,0.0,3393.762959993989,0,59.073211669921875,7428.5234
2025-04-08 00:00:00+00:00,60.84,56.97,67.84125,51.595165,1.8735725,0.5333333333333333,-3.5393800664446644,3210.222475193641,0.0,3206.6830951271963,0,59.073211669921875,7019.4556
2025-04-09 00:00:00+00:00,55.81,58.86,67.8143,36.03977,2.1721437,0.5333333333333333,3308.20826277511,0.0,0.0,3308.20826277511,-1,0.0,7252.3286
2025-04-10 00:00:00+00:00,57.96,55.17,67.7925,43.73177,2.4771435,0.4631578947368421,-3.3082082627752243,3306.5549852824693,0.0,3303.246777019694,1,55.601783752441406,6797.6714
2025-04-11 00:00:00+00:00,55.6,56.87,67.7496,28.998133,2.6907146,0.4895833333333333,3400.021680873792,0.0,0.0,3400.021680873792,-1,0.0,7007.1333
2025-04-14 00:00:00+00:00,57.29,59.22,67.71845,32.525135,2.7314286,0.4895833333333333,3400.021680873792,0.0,0.0,3400.021680873792,0,0.0,7296.6846
2025-04-15 00:00:00+00:00,59.17,58.46,67.7058,42.295258,2.7450001,0.4631578947368421,3400.021680873792,0.0,0.0,3400.021680873792,0,0.0,7203.042
2025-04-16 00:00:00+00:00,58.41,57.73,67.69135,42.432438,2.7207143,0.5,3400.021680873792,0.0,0.0,3400.021680873792,0,0.0,7113.096
2025-04-17 00:00:00+00:00,58.01,58.21,67.6769,42.091152,2.7442858,0.6,3400.021680873792,0.0,0.0,3400.021680873792,0,0.0,7172.239
2025-04-21 00:00:00+00:00,57.48,56.8,67.6636,43.727036,2.8149998,0.5333333333333333,-3.4000216808735786,3398.322519613985,0.0,3394.9224979331116,1,54.093570709228516,6998.509
2025-04-22 00:00:00+00:00,57.48,57.38,67.6525,40.813328,2.8428566,0.5301275311971477,-3.4000216808735786,3433.0239752914486,0.0,3429.623953610575,0,54.093570709228516,7069.9727
2025-04-23 00:00:00+00:00,58.23,58.0,67.6511,41.444504,2.8107135,0.4895833333333333,-3.4000216808735786,3470.1182456543524,0.0,3466.718223973479,0,54.093570709228516,7146.3643
2025-04-24 00:00:00+00:00,57.91,58.97,67.65445,39.082195,2.7657135,0.4631578947368421,-3.4000216808735786,3528.1528836919556,0.0,3524.752862011082,0,54.093570709228516,7265.8813
2025-04-25 00:00:00+00:00,58.8,59.16,67.65845,41.55782,2.7885706,0.4631578947368421,-3.4000216808735786,3539.5205523373884,0.0,3536.120530656515,0,54.82143020629883,7289.2915
2025-04-28 00:00:00+00:00,59.2,59.52,67.65075,46.259216,2.6499991,0.4631578947368421,-3.4000216808735786,3561.0590919991073,0.0,3557.6590703182337,0,54.977142333984375,7333.6484
2025-04-29 00:00:00+00:00,59.39,60.43,67.6447,47.979004,2.4921417,0.4631578947368421,-3.4000216808735786,3615.503942888094,0.0,3612.1039212072205,0,55.54500198364258,7445.7715
2025-04-30 00:00:00+00:00,60.95,62.66,67.6354,60.39663,2.2971418,0.45454545454545453,-3.4000216808735786,3748.923953639884,0.0,3745.5239319590105,0,56.69178771972656,7720.537
2025-05-01 00:00:00+00:00,62.02,62.03,67.6304,61.18963,2.1042848,0.45454545454545453,-3.4000216808735786,3711.231183917432,0.0,3707.8311622365586,0,59.21428680419922,7642.913
2025-05-02 00:00:00+00:00,62.85,62.53,67.6193,74.64079,1.8878564,0.45454545454545453,-3.4000216808735786,3741.1458394792303,0.0,3737.7458177983567,0,59.21428680419922,7704.519
2025-05-05 00:00:00+00:00,62.41,62.11,67.61195,72.24842,1.8549993,0.4631578947368421,-3.4000216808735786,3716.0175796797953,0.0,3712.6175579989217,0,59.69821548461914,7652.7695
2025-05-06 00:00:00+00:00,61.91,59.61,67.596,63.392025,1.7499992,0.4631578947368421,-3.4000216808735786,3566.4434298559804,0.0,3563.043408175107,0,59.69821548461914,7344.7363
2025-05-07 00:00:00+00:00,59.95,59.55,67.5672,54.588993,1.8499991,0.46088385009379673,-3.4000216808735786,3562.853648917356,0.0,3559.4536272364826,0,59.69821548461914,7337.3438
2025-05-08 00:00:00+00:00,58.8,59.73,67.5356,57.672848,1.7978562,0.45454545454545453,3564.862526259188,0.0,0.0,3564.862526259188,-1,0.0,7359.522
2025-05-09 00:00:00+00:00,59.98,58.98,67.5083,56.574394,1.8414279,0.45454545454545453,3564.862526259188,0.0,0.0,3564.862526259188,0,0.0,7267.1123
2025-05-12 00:00:00+00:00,60.03,60.85,67.4742,60.0,1.8014281,0.4631578947368421,3564.862526259188,0.0,0.0,3564.862526259188,0,0.0,7497.5205
2025-05-13 00:00:00+00:00,60.43,60.81,67.4439,64.23297,1.8842852,0.45454545454545453,3564.862526259188,0.0,0.0,3564.862526259188,0,0.0,7492.5923
2025-05-14 00:00:00+00:00,60.58,61.16,67.4051,62.101646,1.8835714,0.4631578947368421,3564.862526259188,0.0,0.0,3564.862526259188,0,0.0,7535.717
2025-05-15 00:00:00+00:00,61.65,62.76,67.36785,59.963604,1.9971428,0.4631578947368421,3564.862526259188,0.0,0.0,3564.862526259188,0,0.0,7732.8574
2025-05-16 00:00:00+00:00,63.18,63.31,67.3387,64.51613,2.044286,0.45454545454545453,3564.862526259188,0.0,0.0,3564.862526259188,0,0.0,7800.625
2025-05-19 00:00:00+00:00,63.17,63.81,67.3163,65.051636,2.015,0.4631578947368421,3564.862526259188,0.0,0.0,3564.862526259188,0,0.0,7862.231
2025-05-20 00:00:00+00:00,63.65,65.3,67.31,63.875214,1.9278575,0.4631578947368421,3564.862526259188,0.0,0.0,3564.862526259188,0,0.0,8045.819
2025-05-21 00:00:00+00:00,64.74,64.78,67.3144,61.538475,1.884286,0.4631578947368421,3564.862526259188,0.0,0.0,3564.862526259188,0,0.0,7981.7476
2025-05-22 00:00:00+00:00,64.73,64.51,67.31595,62.13592,1.8121431,0.4631578947368421,3564.862526259188,0.0,0.0,3564.862526259188,0,0.0,7948.4805
2025-05-23 00:00:00+00:00,63.9,64.25,67.3285,58.918934,1.7964287,0.4631578947368421,3564.862526259188,0.0,0.0,3564.862526259188,0,0.0,7916.4443
2025-05-27 00:00:00+00:00,64.95,65.35,67.3434,59.780617,1.8035717,0.45454545454545453,3564.862526259188,0.0,0.0,3564.862526259188,0,0.0,8051.979
2025-05-28 00:00:00+00:00,65.18,64.93,67.3687,80.08385,1.690715,0.38461538461538464,3564.862526259188,0.0,0.0,3564.862526259188,0,0.0,8000.2295
2025-05-29 00:00:00+00:00,64.92,66.04,67.38445,77.17173,1.6735723,0.45454545454545453,3564.862526259188,0.0,0.0,3564.862526259188,0,0.0,8136.996
2025-05-30 00:00:00+00:00,65.71,65.06,67.40925,79.13205,1.6314297,0.40533178632852596,3564.862526259188,0.0,0.0,3564.862526259188,0,0.0,8016.2466
2025-06-02 00:00:00+00:00,64.88,65.31,67.42895,77.48643,1.6721439,0.4631578947368421,3564.862526259188,0.0,0.0,3564.862526259188,0,0.0,8047.05
2025-06-03 00:00:00+00:00,65.12,67.11,67.4454,73.62287,1.6442869,0.45454545454545453,3564.862526259188,0.0,0.0,3564.862526259188,0,0.0,8268.834
2025-06-04 00:00:00+00:00,67.06,67.42,67.47505,78.12498,1.975001,0.4631578947368421,3564.862526259188,0.0,0.0,3564.862526259188,0,0.0,8307.029
2025-06-05 00:00:00+00:00,67.5,67.24,67.50375,78.04657,1.8892863,0.45454545454545453,3564.862526259188,0.0,0.0,3564.862526259188,0,0.0,8284.852
2025-06-06 00:00:00+00:00,67.78,68.77,67.52915,72.997925,1.8285724,0.4571348776426448,3564.862526259188,0.0,0.0,3564.862526259188,0,0.0,8473.368
2025-06-09 00:00:00+00:00,68.89,69.89,67.5567,75.466385,1.8992871,0.45454545454545453,3564.862526259188,0.0,0.0,3564.862526259188,0,0.0,8611.367
2025-06-10 00:00:00+00:00,69.83,70.07,67.58425,76.80773,1.9271439,0.45454545454545453,3564.862526259188,0.0,0.0,3564.862526259188,0,0.0,8633.546
2025-06-11 00:00:00+00:00,70.12,68.85,67.61385,73.77863,1.8435726,0.4631578947368421,3564.862526259188,0.0,0.0,3564.862526259188,0,0.0,8483.227
2025-06-12 00:00:00+00:00,68.95,69.22,67.643,68.96551,1.8821441,0.4631578947368421,3564.862526259188,0.0,0.0,3564.862526259188,0,0.0,8528.815
2025-06-13 00:00:00+00:00,68.07,67.75,67.6684,71.74513,1.8935729,0.4631578947368421,3564.862526259188,0.0,0.0,3564.862526259188,0,0.0,8347.691
2025-06-16 00:00:00+00:00,70.8,71.22,67.68135,64.534874,1.9357158,0.4631578947368421,3564.862526259188,0.0,0.0,3564.862526259188,0,0.0,8775.241
2025-06-17 00:00:00+00:00,70.62,68.81,67.7093,70.36779,2.0778584,0.4631578947368421,3564.862526259188,0.0,0.0,3564.862526259188,0,0.0,8478.297
2025-06-18 00:00:00+00:00,68.97,68.27,67.72515,61.829247,2.21143,0.4631578947368421,3564.862526259188,0.0,0.0,3564.862526259188,0,0.0,8411.762
2025-06-20 00:00:00+00:00,68.47,68.46,67.73695,57.043568,2.199287,0.4631578947368421,3564.862526259188,0.0,0.0,3564.862526259188,0,0.0,8435.172
2025-06-23 00:00:00+00:00,68.1,67.26,67.75095,61.303185,2.1435726,0.4631578947368421,3564.862526259188,0.0,0.0,3564.862526259188,0,0.0,8287.316
2025-06-24 00:00:00+00:00,68.05,69.01,67.7557,56.09757,2.1435726,0.45454545454545453,3564.862526259188,0.0,0.0,3564.862526259188,0,0.0,8502.939
2025-06-25 00:00:00+00:00,69.02,67.55,67.7791,55.95985,1.8600012,0.45454545454545453,3564.862526259188,0.0,0.0,3564.862526259188,0,0.0,8323.049
2025-06-26 00:00:00+00:00,70.71,70.81,67.80205,50.380352,1.8321446,0.4631578947368421,3564.862526259188,0.0,0.0,3564.862526259188,0,0.0,8724.723
2025-06-27 00:00:00+00:00,70.97,68.37,67.8498,58.849773,2.0407155,0.4631578947368421,3564.862526259188,0.0,0.0,3564.862526259188,0,0.0,8424.083
2025-06-30 00:00:00+00:00,68.25,68.1,67.88035,49.051247,2.1521437,0.4631578947368421,3564.862526259188,0.0,0.0,3564.862526259188,0,0.0,8390.814
2025-07-01 00:00:00+00:00,67.15,68.73,67.9052,45.575874,2.102144,0.4631578947368421,3564.862526259188,0.0,0.0,3564.862526259188,0,0.0,8468.439
2025-07-02 00:00:00+00:00,68.61,68.17,67.9332,46.760166,2.260001,0.4631578947368421,3564.862526259188,0.0,0.0,3564.862526259188,0,0.0,8399.438
2025-07-03 00:00:00+00:00,68.08,68.45,67.95725,48.301697,2.2264295,0.45454545454545453,3564.862526259188,0.0,0.0,3564.862526259188,0,0.0,8433.938
2025-07-07 00:00:00+00:00,68.24,67.27,67.9817,48.06823,2.2007153,0.45454545454545453,3564.862526259188,0.0,0.0,3564.862526259188,0,0.0,8288.548
2025-07-08 00:00:00+00:00,67.26,67.67,67.986,48.777996,2.1971436,0.45454545454545453,3564.862526259188,0.0,0.0,3564.862526259188,0,0.0,8337.833
2025-07-09 00:00:00+00:00,68.06,68.72,67.9922,39.287865,2.057858,0.45454545454545453,3564.862526259188,0.0,0.0,3564.862526259188,0,0.0,8467.207
2025-07-10 00:00:00+00:00,69.07,70.34,68.00995,49.704155,1.9864295,0.45454545454545453,3564.862526259188,0.0,0.0,3564.862526259188,0,0.0,8666.812
2025-07-11 00:00:00+00:00,69.66,68.59,68.02755,56.35359,2.03643,0.45454545454545453,3564.862526259188,0.0,0.0,3564.862526259188,0,0.0,8451.188
2025-07-14 00:00:00+00:00,68.77,69.98,68.0418,50.36414,2.0828578,0.45454545454545453,3564.862526259188,0.0,0.0,3564.862526259188,0,0.0,8622.456
2025-07-15 00:00:00+00:00,70.0,68.25,68.0711,57.538803,2.0850008,0.45454545454545453,3564.862526259188,0.0,0.0,3564.862526259188,0,0.0,8409.297
2025-07-16 00:00:00+00:00,68.36,69.23,68.09385,47.891228,2.0607152,0.4631578947368421,3564.862526259188,0.0,0.0,3564.862526259188,0,0.0,8530.046
2025-07-17 00:00:00+00:00,69.12,68.94,68.1239,54.78905,2.0257149,0.45454545454545453,3564.862526259188,0.0,0.0,3564.862526259188,0,0.0,8494.313
2025-07-18 00:00:00+00:00,69.25,67.86,68.14295,43.58273,1.8014297,0.45454545454545453,3564.862526259188,0.0,0.0,3564.862526259188,0,0.0,8361.243
2025-07-21 00:00:00+00:00,67.94,67.38,68.1531,48.06964,1.6821436,0.45454545454545453,3564.862526259188,0.0,0.0,3564.862526259188,0,0.0,8302.101
2025-07-22 00:00:00+00:00,67.58,68.9,68.1595,47.317436,1.7042863,0.45454545454545453,3564.862526259188,0.0,0.0,3564.862526259188,0,0.0,8489.385
2025-07-23 00:00:00+00:00,69.34,70.69,68.1637,50.593983,1.5885724,0.45454545454545453,3564.862526259188,0.0,0.0,3564.862526259188,0,0.0,8709.937
2025-07-24 00:00:00+00:00,70.81,70.49,68.179,58.10811,1.6478583,0.45454545454545453,3564.862526259188,0.0,0.0,3564.862526259188,0,0.0,8685.293
2025-07-25 00:00:00+00:00,70.82,70.2,68.19625,56.59766,1.6392866,0.45454545454545453,3564.862526259188,0.0,0.0,3564.862526259188,0,0.0,8649.562
2025-07-28 00:00:00+00:00,70.35,70.16,68.2098,60.054886,1.5792868,0.45454545454545453,3564.862526259188,0.0,0.0,3564.862526259188,0,0.0,8644.634
2025-07-29 00:00:00+00:00,72.0,77.38,68.2318,58.76144,1.5542864,0.45454545454545453,3564.862526259188,0.0,0.0,3564.862526259188,0,0.0,9534.232
2025-07-30 00:00:00+00:00,77.84,77.55,68.29,71.2463,1.9885718,0.4631578947368421,3564.862526259188,0.0,0.0,3564.862526259188,0,0.0,9555.179
2025-07-31 00:00:00+00:00,77.18,74.89,68.34895,69.04384,1.9699996,0.45454545454545453,3564.862526259188,0.0,0.0,3564.862526259188,0,0.0,9227.432
2025-08-01 00:00:00+00:00,74.56,75.59,68.39655,65.877,2.0650003,0.4631578947368421,3564.862526259188,0.0,0.0,3564.862526259188,0,0.0,9313.68
2025-08-04 00:00:00+00:00,75.77,78.04,68.4439,64.64749,2.0514293,0.4631578947368421,3564.862526259188,0.0,0.0,3564.862526259188,0,0.0,9615.553
2025-08-05 00:00:00+00:00,77.97,77.72,68.5069,74.63511,2.1107144,0.38461538461538464,3564.862526259188,0.0,0.0,3564.862526259188,0,0.0,9576.125
2025-08-06 00:00:00+00:00,78.62,77.65,68.56405,72.09785,2.120715,0.4631578947368421,3564.862526259188,0.0,0.0,3564.862526259188,0,0.0,9567.5
2025-08-07 00:00:00+00:00,78.04,78.2,68.62145,72.933105,2.2757149,0.4631578947368421,3564.862526259188,0.0,0.0,3564.862526259188,0,0.0,9635.268
2025-08-08 00:00:00+00:00,78.24,78.39,68.6803,78.00648,2.2635722,0.45454545454545453,3564.862526259188,0.0,0.0,3564.862526259188,0,0.0,9658.678
2025-08-11 00:00:00+00:00,78.2,79.19,68.7403,80.29719,2.2528577,0.4631578947368421,3564.862526259188,0.0,0.0,3564.862526259188,0,0.0,9757.249
2025-08-12 00:00:00+00:00,79.44,81.61,68.8099,79.48424,2.2242863,0.4631578947368421,3564.862526259188,0.0,0.0,3564.862526259188,0,0.0,10055.425
2025-08-13 00:00:00+00:00,81.8,85.85,68.89,80.199104,2.274286,0.38461538461538464,3564.862526259188,0.0,0.0,3564.862526259188,0,0.0,10577.85
2025-08-14 00:00:00+00:00,84.75,86.16,68.9934,84.71972,2.5207143,0.38461538461538464,3564.862526259188,0.0,0.0,3564.862526259188,0,0.0,10616.045
2025-08-15 00:00:00+00:00,86.81,86.92,69.098,86.04337,2.6157138,0.38461538461538464,3564.862526259188,0.0,0.0,3564.862526259188,0,0.0,10709.687
2025-08-18 00:00:00+00:00,86.72,84.92,69.20725,86.657906,2.6442854,0.38461538461538464,3564.862526259188,0.0,0.0,3564.862526259188,0,0.0,10463.261
2025-08-19 00:00:00+00:00,84.94,85.46,69.3034,71.37188,2.2642856,0.38461538461538464,3564.862526259188,0.0,0.0,3564.862526259188,0,0.0,10529.796
2025-08-20 00:00:00+00:00,85.23,86.2,69.3627,71.96001,2.2100003,0.38461538461538464,3564.862526259188,0.0,0.0,3564.862526259188,0,0.0,10620.973
2025-08-21 00:00:00+00:00,85.72,86.53,69.42405,85.14606,2.0885713,0.38461538461538464,3564.862526259188,0.0,0.0,3564.862526259188,0,0.0,10661.633
2025-08-22 00:00:00+00:00,87.0,85.04,69.4861,84.79644,2.062857,0.38461538461538464,3564.862526259188,0.0,0.0,3564.862526259188,0,0.0,10478.046
2025-08-25 00:00:00+00:00,84.88,84.76,69.53065,73.712746,2.0149999,0.38461538461538464,3564.862526259188,0.0,0.0,3564.862526259188,0,0.0,10443.547
2025-08-26 00:00:00+00:00,84.71,84.0,69.5757,73.913055,2.0171428,0.45454545454545453,3564.862526259188,0.0,0.0,3564.862526259188,0,0.0,10349.904
2025-08-27 00:00:00+00:00,84.13,84.84,69.6093,70.60351,1.8828566,0.45454545454545453,3564.862526259188,0.0,0.0,3564.862526259188,0,0.0,10453.403
2025-08-28 00:00:00+00:00,84.26,83.7,69.62875,71.1465,1.8585712,0.45454545454545453,3564.862526259188,0.0,0.0,3564.862526259188,0,0.0,10312.939
2025-08-29 00:00:00+00:00,83.85,84.61,69.63555,65.945946,1.860714,0.45454545454545453,3564.862526259188,0.0,0.0,3564.862526259188,0,0.0,10425.064
2025-09-02 00:00:00+00:00,84.97,85.98,69.6417,66.16945,1.8392847,0.45454545454545453,3564.862526259188,0.0,0.0,3564.862526259188,0,0.0,10593.867
2025-09-03 00:00:00+00:00,85.92,86.96,69.66395,63.908348,1.892856,0.38461538461538464,3564.862526259188,0.0,0.0,3564.862526259188,0,0.0,10714.615
2025-09-04 00:00:00+00:00,87.26,85.44,69.69585,54.457836,1.7021419,0.38461538461538464,3564.862526259188,0.0,0.0,3564.862526259188,0,0.0,10527.332
2025-09-05 00:00:00+00:00,85.48,86.64,69.72065,47.364563,1.7364279,0.45454545454545453,3564.862526259188,0.0,0.0,3564.862526259188,0,0.0,10675.1875
2025-09-08 00:00:00+00:00,86.48,86.56,69.7652,49.007095,1.735714,0.38461538461538464,3564.862526259188,0.0,0.0,3564.862526259188,0,0.0,10665.33
2025-09-09 00:00:00+00:00,86.39,85.6,69.81865,56.73235,1.6907141,0.38461538461538464,3564.862526259188,0.0,0.0,3564.862526259188,0,0.0,10547.046
2025-09-10 00:00:00+00:00,85.78,86.25,69.8618,50.555553,1.7542856,0.38461538461538464,3564.862526259188,0.0,0.0,3564.862526259188,0,0.0,10627.135
2025-09-11 00:00:00+00:00,86.0,86.17,69.94025,50.199852,1.8107141,0.45454545454545453,3564.862526259188,0.0,0.0,3564.862526259188,0,0.0,10617.277
2025-09-12 00:00:00+00:00,85.49,83.1,70.01585,48.531807,1.7914282,0.45454545454545453,3564.862526259188,0.0,0.0,3564.862526259188,0,0.0,10239.014
2025-09-15 00:00:00+00:00,82.81,83.14,70.0794,42.991318,1.8807138,0.45454545454545453,3564.862526259188,0.0,0.0,3564.862526259188,0,0.0,10243.942
2025-09-16 00:00:00+00:00,83.15,83.9,70.1365,44.044106,1.8449996,0.45454545454545453,3564.862526259188,0.0,0.0,3564.862526259188,0,0.0,10337.585
2025-09-17 00:00:00+00:00,83.91,84.8,70.1884,49.63236,1.8692856,0.4631578947368421,3564.862526259188,0.0,0.0,3564.862526259188,0,0.0,10448.478
2025-09-18 00:00:00+00:00,84.71,86.0,70.2384,49.85361,1.9657141,0.4631578947368421,3564.862526259188,0.0,0.0,3564.862526259188,0,0.0,10596.333
2025-09-19 00:00:00+00:00,85.86,86.53,70.29115,58.381935,1.9842856,0.38461538461538464,3564.862526259188,0.0,0.0,3564.862526259188,0,0.0,10661.636
2025-09-22 00:00:00+00:00,86.39,84.73,70.35085,57.196396,2.004286,0.38461538461538464,3564.862526259188,0.0,0.0,3564.862526259188,0,0.0,10439.853
2025-09-23 00:00:00+00:00,84.75,84.54,70.4083,45.461143,1.9371436,0.4631578947368421,3564.862526259188,0.0,0.0,3564.862526259188,0,0.0,10416.442
2025-09-24 00:00:00+00:00,84.19,84.16,70.47085,40.67797,1.9128581,0.4631578947368421,3564.862526259188,0.0,0.0,3564.862526259188,0,0.0,10369.621
2025-09-25 00:00:00+00:00,83.86,81.66,70.51855,44.594597,1.8121436,0.4631578947368421,3564.862526259188,0.0,0.0,3564.862526259188,0,0.0,10061.588
2025-09-26 00:00:00+00:00,82.57,82.7,70.55225,31.050243,1.9357147,0.45454545454545453,3564.862526259188,0.0,0.0,3564.862526259188,0,0.0,10189.729
2025-09-29 00:00:00+00:00,83.02,83.89,70.58615,36.312046,1.9021426,0.45454545454545453,3564.862526259188,0.0,0.0,3564.862526259188,0,0.0,10336.353
2025-09-30 00:00:00+00:00,83.83,84.81,70.64505,44.033497,1.8921432,0.4631578947368421,3564.862526259188,0.0,0.0,3564.862526259188,0,0.0,10449.709
2025-10-01 00:00:00+00:00,84.95,86.7,70.7067,45.06848,1.8314285,0.4631578947368421,3564.862526259188,0.0,0.0,3564.862526259188,0,0.0,10682.582
2025-10-02 00:00:00+00:00,87.65,86.28,70.77775,51.61487,1.9157143,0.38461538461538464,3564.862526259188,0.0,0.0,3564.862526259188,0,0.0,10630.833
2025-10-03 00:00:00+00:00,85.91,86.85,70.855,61.555244,1.8542862,0.38461538461538464,3564.862526259188,0.0,0.0,3564.862526259188,0,0.0,10701.063
2025-10-06 00:00:00+00:00,86.99,87.23,70.9465,62.981117,1.9157149,0.38461538461538464,3564.862526259188,0.0,0.0,3564.862526259188,0,0.0,10747.886
2025-10-07 00:00:00+00:00,87.31,87.17,71.03365,61.969822,1.9478575,0.38461538461538464,3564.862526259188,0.0,0.0,3564.862526259188,0,0.0,10740.492
2025-10-08 00:00:00+00:00,86.56,85.38,71.1225,59.06655,1.9164287,0.38461538461538464,3564.862526259188,0.0,0.0,3564.862526259188,0,0.0,10519.94
2025-10-09 00:00:00+00:00,85.55,84.75,71.21165,47.73059,1.9600002,0.4631578947368421,3564.862526259188,0.0,0.0,3564.862526259188,0,0.0,10442.316
2025-10-10 00:00:00+00:00,85.01,83.8,71.3001,43.53198,1.9800001,0.45454545454545453,3564.862526259188,0.0,0.0,3564.862526259188,0,0.0,10325.264
2025-10-13 00:00:00+00:00,84.39,84.73,71.3749,46.39814,1.9578574,0.45454545454545453,3564.862526259188,0.0,0.0,3564.862526259188,0,0.0,10439.853
2025-10-14 00:00:00+00:00,84.38,85.96,71.44935,50.69598,2.024286,0.38461538461538464,3564.862526259188,0.0,0.0,3564.862526259188,0,0.0,10591.403
2025-10-15 00:00:00+00:00,85.13,88.15,71.5296,56.206882,2.1342866,0.4631578947368421,3564.862526259188,0.0,0.0,3564.862526259188,0,0.0,10861.24
2025-10-16 00:00:00+00:00,88.88,87.31,71.62255,72.86822,2.1342866,0.38461538461538464,3564.862526259188,0.0,0.0,3564.862526259188,0,0.0,10757.742
2025-10-17 00:00:00+00:00,87.04,87.57,71.71295,66.47605,2.4521441,0.45454545454545453,3564.862526259188,0.0,0.0,3564.862526259188,0,0.0,10789.778
2025-10-20 00:00:00+00:00,87.95,86.17,71.8087,64.08881,2.472858,0.38461538461538464,3564.862526259188,0.0,0.0,3564.862526259188,0,0.0,10617.28
2025-10-21 00:00:00+00:00,85.65,87.3,71.8942,55.022156,2.6171439,0.38461538461538464,3564.862526259188,0.0,0.0,3564.862526259188,0,0.0,10756.511
2025-10-22 00:00:00+00:00,87.4,88.06,71.98305,52.34744,2.5814297,0.45454545454545453,3564.862526259188,0.0,0.0,3564.862526259188,0,0.0,10850.151
2025-10-23 00:00:00+00:00,87.65,89.31,72.0752,56.783527,2.4721434,0.38461538461538464,3564.862526259188,0.0,0.0,3564.862526259188,0,0.0,11004.168
2025-10-24 00:00:00+00:00,90.0,91.28,72.1622,58.913033,2.4907146,0.38461538461538464,3564.862526259188,0.0,0.0,3564.862526259188,0,0.0,11246.898
2025-10-27 00:00:00+00:00,92.16,93.08,72.25265,63.157875,2.553572,0.38461538461538464,3564.862526259188,0.0,0.0,3564.862526259188,0,0.0,11468.683
2025-10-28 00:00:00+00:00,92.14,91.65,72.3524,67.25044,2.5857146,0.45454545454545453,3564.862526259188,0.0,0.0,3564.862526259188,0,0.0,11292.487
2025-10-29 00:00:00+00:00,91.49,90.18,72.45795,68.69411,3.1392865,0.38461538461538464,3564.862526259188,0.0,0.0,3564.862526259188,0,0.0,11111.363
2025-10-30 00:00:00+00:00,91.34,92.59,72.547,65.41737,3.4564297,0.38461538461538464,3564.862526259188,0.0,0.0,3564.862526259188,0,0.0,11408.308
2025-10-31 00:00:00+00:00,92.7,93.48,72.6503,73.046646,3.6214294,0.38461538461538464,3564.862526259188,0.0,0.0,3564.862526259188,0,0.0,11517.968
2025-11-03 00:00:00+00:00,93.95,101.57,72.7554,72.99,3.6721437,0.38461538461538464,3564.862526259188,0.0,0.0,3564.862526259188,0,0.0,12514.762
2025-11-04 00:00:00+00:00,101.85,102.92,72.9009,80.14676,4.2385716,0.38461538461538464,3564.862526259188,0.0,0.0,3564.862526259188,0,0.0,12681.101
2025-11-05 00:00:00+00:00,101.91,105.7,73.05585,79.48102,4.2728577,0.38461538461538464,3564.862526259188,0.0,0.0,3564.862526259188,0,0.0,13023.633
2025-11-06 00:00:00+00:00,106.29,105.2,73.217,84.06817,4.217858,0.38461538461538464,3564.862526259188,0.0,0.0,3564.862526259188,0,0.0,12962.026
2025-11-07 00:00:00+00:00,105.5,105.98,73.38095,82.372375,4.305715,0.38461538461538464,3564.862526259188,0.0,0.0,3564.862526259188,0,0.0,13058.133
2025-11-10 00:00:00+00:00,107.38,105.98,73.5482,87.22285,4.2357154,0.38461538461538464,3564.862526259188,0.0,0.0,3564.862526259188,0,0.0,13058.133
2025-11-11 00:00:00+00:00,106.0,108.16,73.71515,86.6562,4.4371443,0.38461538461538464,3564.862526259188,0.0,0.0,3564.862526259188,0,0.0,13326.738
2025-11-12 00:00:00+00:00,108.05,108.26,73.89275,87.360596,4.5928583,0.38461538461538464,3564.862526259188,0.0,0.0,3564.862526259188,0,0.0,13339.06
2025-11-13 00:00:00+00:00,107.27,105.41,74.0683,86.79611,4.622144,0.38461538461538464,3564.862526259188,0.0,0.0,3564.862526259188,0,0.0,12987.902
2025-11-14 00:00:00+00:00,104.57,104.15,74.22675,76.530235,4.6550016,0.38461538461538464,3564.862526259188,0.0,0.0,3564.862526259188,0,0.0,12832.653
2025-11-17 00:00:00+00:00,104.36,104.17,74.37865,71.21502,4.702859,0.38461538461538464,3564.862526259188,0.0,0.0,3564.862526259188,0,0.0,12835.117
2025-11-18 00:00:00+00:00,104.2,103.89,74.5287,75.36466,4.144287,0.38461538461538464,3564.862526259188,0.0,0.0,3564.862526259188,0,0.0,12800.617
2025-11-19 00:00:00+00:00,104.66,101.32,74.67945,79.18263,3.9514296,0.38461538461538464,3564.862526259188,0.0,0.0,3564.862526259188,0,0.0,12483.959
2025-11-20 00:00:00+00:00,102.5,101.76,74.81545,68.456665,3.9457152,0.38461538461538464,3564.862526259188,0.0,0.0,3564.862526259188,0,0.0,12538.173
2025-11-21 00:00:00+00:00,102.0,102.06,74.94795,67.844826,3.8821437,0.38461538461538464,3564.862526259188,0.0,0.0,3564.862526259188,0,0.0,12575.137
2025-11-24 00:00:00+00:00,103.0,106.24,75.0835,51.58987,3.2514293,0.38461538461538464,3564.862526259188,0.0,0.0,3564.862526259188,0,0.0,13090.167
2025-11-25 00:00:00+00:00,106.59,105.55,75.24405,59.100876,3.3064291,0.38461538461538464,3564.862526259188,0.0,0.0,3564.862526259188,0,0.0,13005.15
2025-11-26 00:00:00+00:00,105.61,105.65,75.4303,49.53562,3.1264288,0.38461538461538464,3564.862526259188,0.0,0.0,3564.862526259188,0,0.0,13017.471
2025-11-28 00:00:00+00:00,106.45,104.46,75.6269,51.428585,3.02,0.38461538461538464,3564.862526259188,0.0,0.0,3564.862526259188,0,0.0,12870.847
2025-12-01 00:00:00+00:00,103.49,102.04,75.80395,45.297012,3.0592854,0.38461538461538464,3564.862526259188,0.0,0.0,3564.862526259188,0,0.0,12572.671
2025-12-02 00:00:00+00:00,102.41,101.44,75.9641,39.397186,2.9335709,0.38461538461538464,3564.862526259188,0.0,0.0,3564.862526259188,0,0.0,12498.743
2025-12-03 00:00:00+00:00,101.8,101.5,76.1192,30.235273,2.9228566,0.38461538461538464,3564.862526259188,0.0,0.0,3564.862526259188,0,0.0,12506.137
2025-12-04 00:00:00+00:00,101.38,100.46,76.27035,30.07073,2.869285,0.38461538461538464,3564.862526259188,0.0,0.0,3564.862526259188,0,0.0,12377.995
2025-12-05 00:00:00+00:00,101.0,102.52,76.42185,33.663338,2.8371418,0.38461538461538464,3564.862526259188,0.0,0.0,3564.862526259188,0,0.0,12631.814
2025-12-08 00:00:00+00:00,100.13,96.7,76.57755,44.890263,2.9921417,0.38461538461538464,3564.862526259188,0.0,0.0,3564.862526259188,0,0.0,11914.714
2025-12-09 00:00:00+00:00,96.52,95.16,76.7005,32.82757,3.4235704,0.38461538461538464,3564.862526259188,0.0,0.0,3564.862526259188,0,0.0,11724.966
2025-12-10 00:00:00+00:00,95.58,95.17,76.80625,31.02998,3.4092848,0.38461538461538464,3564.862526259188,0.0,0.0,3564.862526259188,0,0.0,11726.197
2025-12-11 00:00:00+00:00,94.94,96.1,76.9101,34.963303,3.2835705,0.38461538461538464,3564.862526259188,0.0,0.0,3564.862526259188,0,0.0,11840.784
2025-12-12 00:00:00+00:00,95.76,95.41,77.0191,36.48517,3.3085704,0.38461538461538464,3564.862526259188,0.0,0.0,3564.862526259188,0,0.0,11755.768
2025-12-15 00:00:00+00:00,96.27,98.64,77.13025,34.41162,3.3628561,0.38461538461538464,3564.862526259188,0.0,0.0,3564.862526259188,0,0.0,12153.747
2025-12-16 00:00:00+00:00,98.17,97.03,77.25595,31.354242,3.3214276,0.38461538461538464,3564.862526259188,0.0,0.0,3564.862526259188,0,0.0,11955.374
2025-12-17 00:00:00+00:00,97.26,97.63,77.3898,29.999964,3.3099992,0.38461538461538464,3564.862526259188,0.0,0.0,3564.862526259188,0,0.0,12029.302
2025-12-18 00:00:00+00:00,98.25,97.31,77.52955,31.60547,3.3064282,0.38461538461538464,3564.862526259188,0.0,0.0,3564.862526259188,0,0.0,11989.874
2025-12-19 00:00:00+00:00,97.77,102.69,77.66705,32.919228,3.177142,0.38461538461538464,3564.862526259188,0.0,0.0,3564.862526259188,0,0.0,12652.761
2025-12-22 00:00:00+00:00,101.94,100.71,77.83005,51.360405,3.402142,0.38461538461538464,3564.862526259188,0.0,0.0,3564.862526259188,0,0.0,12408.798
2025-12-23 00:00:00+00:00,100.5,100.91,77.97965,48.55559,3.4528568,0.38461538461538464,3564.862526259188,0.0,0.0,3564.862526259188,0,0.0,12433.44
2025-12-24 00:00:00+00:00,100.94,100.44,78.12855,48.839046,3.450714,0.38461538461538464,3564.862526259188,0.0,0.0,3564.862526259188,0,0.0,12375.53
2025-12-26 00:00:00+00:00,100.41,100.11,78.2904,49.959747,3.3385713,0.38461538461538464,3564.862526259188,0.0,0.0,3564.862526259188,0,0.0,12334.869
2025-12-29 00:00:00+00:00,100.03,99.29,78.4523,44.785812,3.0207143,0.38461538461538464,3564.862526259188,0.0,0.0,3564.862526259188,0,0.0,12233.834
2025-12-30 00:00:00+00:00,99.21,98.91,78.6102,57.15076,2.6135716,0.38461538461538464,3564.862526259188,0.0,0.0,3564.862526259188,0,0.0,12187.014
2025-12-31 00:00:00+00:00,98.43,98.77,78.76545,61.06195,2.4642863,0.38461538461538464,3564.862526259188,0.0,0.0,3564.862526259188,0,0.0,12169.763
2026-01-02 00:00:00+00:00,98.25,101.42,78.94925,60.53863,2.4042866,0.38461538461538464,3564.862526259188,0.0,0.0,3564.862526259188,0,0.0,12496.278
2026-01-05 00:00:00+00:00,103.0,101.79,79.15635,64.148926,2.4800007,0.38461538461538464,3564.862526259188,0.0,0.0,3564.862526259188,0,0.0,12541.869
2026-01-06 00:00:00+00:00,101.73,106.66,79.3636,67.26188,2.5807152,0.38461538461538464,3564.862526259188,0.0,0.0,3564.862526259188,0,0.0,13141.917
2026-01-07 00:00:00+00:00,107.88,110.57,79.594,69.930405,2.7542872,0.38461538461538464,3564.862526259188,0.0,0.0,3564.862526259188,0,0.0,13623.68
2026-01-08 00:00:00+00:00,109.74,105.92,79.83725,80.19623,2.9928584,0.38461538461538464,3564.862526259188,0.0,0.0,3564.862526259188,0,0.0,13050.738
2026-01-09 00:00:00+00:00,106.04,106.87,80.05295,65.659225,3.2792866,0.38461538461538464,3564.862526259188,0.0,0.0,3564.862526259188,0,0.0,13167.791
2026-01-12 00:00:00+00:00,106.94,106.33,80.2769,67.63837,3.310716,0.38461538461538464,3564.862526259188,0.0,0.0,3564.862526259188,0,0.0,13101.256
2026-01-13 00:00:00+00:00,106.56,103.43,80.50225,58.17609,3.0321448,0.38461538461538464,3564.862526259188,0.0,0.0,3564.862526259188,0,0.0,12743.9375
2026-01-14 00:00:00+00:00,103.66,105.95,80.716,55.867123,3.1150017,0.38461538461538464,3564.862526259188,0.0,0.0,3564.862526259188,0,0.0,13054.434
2026-01-15 00:00:00+00:00,106.16,105.24,80.94275,59.882336,3.3114302,0.38461538461538464,3564.862526259188,0.0,0.0,3564.862526259188,0,0.0,12966.952
2026-01-16 00:00:00+00:00,105.55,106.21,81.1662,59.323997,3.4014304,0.38461538461538464,3564.862526259188,0.0,0.0,3564.862526259188,0,0.0,13086.469
2026-01-20 00:00:00+00:00,103.26,102.62,81.3927,61.56178,3.6071446,0.38461538461538464,3564.862526259188,0.0,0.0,3564.862526259188,0,0.0,12644.135
2026-01-21 00:00:00+00:00,102.5,104.67,81.59415,55.711838,3.8735728,0.38461538461538464,3564.862526259188,0.0,0.0,3564.862526259188,0,0.0,12896.722
2026-01-22 00:00:00+00:00,105.02,105.06,81.8052,59.34457,4.102144,0.38461538461538464,3564.862526259188,0.0,0.0,3564.862526259188,0,0.0,12944.774
2026-01-23 00:00:00+00:00,104.34,101.99,82.0276,60.122307,4.097858,0.38461538461538464,3564.862526259188,0.0,0.0,3564.862526259188,0,0.0,12566.511
2026-01-26 00:00:00+00:00,101.57,102.58,82.2361,50.90505,4.200001,0.38461538461538464,3564.862526259188,0.0,0.0,3564.862526259188,0,0.0,12639.207
2026-01-27 00:00:00+00:00,103.0,103.47,82.46415,51.245667,4.0821433,0.38461538461538464,3564.862526259188,0.0,0.0,3564.862526259188,0,0.0,12748.866
2026-01-28 00:00:00+00:00,103.02,101.18,82.6872,44.2481,3.797857,0.38461538461538464,3564.862526259188,0.0,0.0,3564.862526259188,0,0.0,12466.707
2026-01-29 00:00:00+00:00,101.09,101.08,82.91725,32.018387,3.7657144,0.38461538461538464,3564.862526259188,0.0,0.0,3564.862526259188,0,0.0,12454.386
2026-01-30 00:00:00+00:00,100.77,100.07,83.1383,38.775517,3.4657147,0.45454545454545453,3564.862526259188,0.0,0.0,3564.862526259188,0,0.0,12329.939
2026-02-02 00:00:00+00:00,99.75,102.67,83.34255,34.27381,3.48,0.45454545454545453,3564.862526259188,0.0,0.0,3564.862526259188,0,0.0,12650.293
2026-02-03 00:00:00+00:00,102.75,100.92,83.5636,42.27195,3.5599997,0.38461538461538464,3564.862526259188,0.0,0.0,3564.862526259188,0,0.0,12434.67
2026-02-04 00:00:00+00:00,102.61,102.6,83.77955,44.42964,3.4764285,0.45454545454545453,3564.862526259188,0.0,0.0,3564.862526259188,0,0.0,12641.668
2026-02-05 00:00:00+00:00,102.71,102.76,84.0015,42.27755,3.347143,0.38461538461538464,3564.862526259188,0.0,0.0,3564.862526259188,0,0.0,12661.383
2026-02-06 00:00:00+00:00,103.75,108.39,84.2313,44.134354,3.4749997,0.38461538461538464,3564.862526259188,0.0,0.0,3564.862526259188,0,0.0,13355.074
2026-02-09 00:00:00+00:00,108.5,109.03,84.48635,54.224808,3.6185706,0.38461538461538464,3564.862526259188,0.0,0.0,3564.862526259188,0,0.0,13433.93
2026-02-10 00:00:00+00:00,103.0,100.05,84.7415,64.02625,3.3821423,0.38461538461538464,3564.862526259188,0.0,0.0,3564.862526259188,0,0.0,12327.477
2026-02-11 00:00:00+00:00,98.52,98.84,84.9469,42.243126,3.7992847,0.38461538461538464,3564.862526259188,0.0,0.0,3564.862526259188,0,0.0,12178.388
2026-02-12 00:00:00+00:00,98.87,100.75,85.1453,39.8366,3.8778567,0.38461538461538464,3564.862526259188,0.0,0.0,3564.862526259188,0,0.0,12413.725
2026-02-13 00:00:00+00:00,101.47,101.1,85.35145,47.894028,3.8285708,0.45454545454545453,3564.862526259188,0.0,0.0,3564.862526259188,0,0.0,12456.849
2026-02-17 00:00:00+00:00,101.72,101.16,85.5548,47.465748,3.8521423,0.45454545454545453,3564.862526259188,0.0,0.0,3564.862526259188,0,0.0,12464.242
2026-02-18 00:00:00+00:00,100.77,102.99,85.7473,45.928802,3.9414287,0.45454545454545453,3564.862526259188,0.0,0.0,3564.862526259188,0,0.0,12689.722
2026-02-19 00:00:00+00:00,102.13,101.73,85.9521,53.24256,3.7885716,0.38461538461538464,3564.862526259188,0.0,0.0,3564.862526259188,0,0.0,12534.475
2026-02-20 00:00:00+00:00,101.63,101.32,86.1481,51.117992,3.8821428,0.45454545454545453,3564.862526259188,0.0,0.0,3564.862526259188,0,0.0,12483.957
2026-02-23 00:00:00+00:00,101.32,100.85,86.34415,52.195293,3.9250004,0.45454545454545453,3564.862526259188,0.0,0.0,3564.862526259188,0,0.0,12426.046
2026-02-24 00:00:00+00:00,100.86,101.05,86.55035,46.54518,3.9078577,0.45454545454545453,3564.862526259188,0.0,0.0,3564.862526259188,0,0.0,12450.689
2026-02-25 00:00:00+00:00,101.05,99.98,86.75785,50.26221,3.799286,0.45454545454545453,3564.862526259188,0.0,0.0,3564.862526259188,0,0.0,12318.851
2026-02-26 00:00:00+00:00,99.91,100.09,86.9591,44.58231,3.7964287,0.4631578947368421,3564.862526259188,0.0,0.0,3564.862526259188,0,0.0,12332.403
2026-02-27 00:00:00+00:00,99.04,101.27,87.16465,44.467457,3.6992862,0.45454545454545453,3564.862526259188,0.0,0.0,3564.862526259188,0,0.0,12477.796
2026-03-02 00:00:00+00:00,99.94,100.04,87.36675,31.910563,3.495715,0.45454545454545453,3564.862526259188,0.0,0.0,3564.862526259188,0,0.0,12326.244
2026-03-03 00:00:00+00:00,98.48,98.07,87.5629,27.824373,3.5550003,0.4631578947368421,3564.862526259188,0.0,0.0,3564.862526259188,0,0.0,12083.514
2026-03-04 00:00:00+00:00,99.16,98.86,87.74745,42.533924,3.038572,0.38461538461538464,3564.862526259188,0.0,0.0,3564.862526259188,0,0.0,12180.852
2026-03-05 00:00:00+00:00,97.99,97.33,87.92795,50.0779,3.0171432,0.45454545454545453,3564.862526259188,0.0,0.0,3564.862526259188,0,0.0,11992.335
2026-03-06 00:00:00+00:00,96.23,95.94,88.09805,36.27608,2.9442863,0.38461538461538464,3564.862526259188,0.0,0.0,3564.862526259188,0,0.0,11821.068
2026-03-09 00:00:00+00:00,95.94,97.1,88.2587,30.888893,2.9492862,0.38461538461538464,3564.862526259188,0.0,0.0,3564.862526259188,0,0.0,11963.994
2026-03-10 00:00:00+00:00,97.52,96.02,88.4177,36.095856,2.9042866,0.38461538461538464,3564.862526259188,0.0,0.0,3564.862526259188,0,0.0,11830.924
2026-03-11 00:00:00+00:00,95.98,94.66,88.5739,24.837524,2.8271434,0.45454545454545453,3564.862526259188,0.0,0.0,3564.862526259188,0,0.0,11663.3545
2026-03-12 00:00:00+00:00,93.0,92.03,88.72465,24.65948,2.748572,0.45454545454545453,3564.862526259188,0.0,0.0,3564.862526259188,0,0.0,11339.304
2026-03-13 00:00:00+00:00,93.25,92.54,88.86355,21.273945,2.7878575,0.45454545454545453,3564.862526259188,0.0,0.0,3564.862526259188,0,0.0,11402.142
2026-03-16 00:00:00+00:00,92.14,93.0,88.9995,24.367668,2.7335718,0.45454545454545453,3564.862526259188,0.0,0.0,3564.862526259188,0,0.0,11458.82
2026-03-17 00:00:00+00:00,93.04,94.22,89.13985,25.561598,2.7571433,0.38461538461538464,3564.862526259188,0.0,0.0,3564.862526259188,0,0.0,11609.14
2026-03-18 00:00:00+00:00,93.35,92.24,89.28075,32.67146,2.708572,0.38461538461538464,3564.862526259188,0.0,0.0,3564.862526259188,0,0.0,11365.177
2026-03-19 00:00:00+00:00,91.88,92.95,89.41665,28.77231,2.687143,0.45454545454545453,3564.862526259188,0.0,0.0,3564.862526259188,0,0.0,11452.658
2026-03-20 00:00:00+00:00,92.81,90.78,89.55485,26.914536,2.611429,0.45454545454545453,3564.862526259188,0.0,0.0,3564.862526259188,0,0.0,11185.286
2026-03-23 00:00:00+00:00,91.16,90.45,89.6732,25.580162,2.5592864,0.45454545454545453,3564.862526259188,0.0,0.0,3564.862526259188,0,0.0,11144.626
2026-03-24 00:00:00+00:00,89.63,90.62,89.78835,28.0023,2.508572,0.38461538461538464,3564.862526259188,0.0,0.0,3564.862526259188,0,0.0,11165.573
2026-03-25 00:00:00+00:00,91.0,92.23,89.90525,25.329355,2.5050006,0.45454545454545453,3564.862526259188,0.0,0.0,3564.862526259188,0,0.0,11363.946
2026-03-26 00:00:00+00:00,90.99,92.26,90.02255,34.80335,2.5000005,0.38461538461538464,3564.862526259188,0.0,0.0,3564.862526259188,0,0.0,11367.642
2026-03-27 00:00:00+00:00,92.28,90.3,90.1344,38.067448,2.5014293,0.38461538461538464,3564.862526259188,0.0,0.0,3564.862526259188,0,0.0,11126.144
2026-03-30 00:00:00+00:00,91.13,90.33,90.23555,29.03825,2.4442863,0.45454545454545453,3564.862526259188,0.0,0.0,3564.862526259188,0,0.0,11129.841
2026-03-31 00:00:00+00:00,91.54,94.12,90.34295,31.245905,2.4192865,0.45454545454545453,3564.862526259188,0.0,0.0,3564.862526259188,0,0.0,11596.818
2026-04-01 00:00:00+00:00,94.65,94.3,90.46745,48.465908,2.5764291,0.38461538461538464,3564.862526259188,0.0,0.0,3564.862526259188,0,0.0,11618.997
2026-04-02 00:00:00+00:00,93.02,95.93,90.6002,57.49176,2.4792857,0.38461538461538464,3564.862526259188,0.0,0.0,3564.862526259188,0,0.0,11819.834
2026-04-06 00:00:00+00:00,94.96,94.86,90.72375,60.417942,2.5607142,0.38461538461538464,3564.862526259188,0.0,0.0,3564.862526259188,0,0.0,11687.996
2026-04-07 00:00:00+00:00,94.43,93.69,90.854,55.50948,2.5349998,0.38461538461538464,3564.862526259188,0.0,0.0,3564.862526259188,0,0.0,11543.838
2026-04-08 00:00:00+00:00,95.39,95.89,90.9811,48.425434,2.5299993,0.38461538461538464,3564.862526259188,0.0,0.0,3564.862526259188,0,0.0,11814.905
2026-04-09 00:00:00+00:00,95.13,96.96,91.11825,60.70382,2.5214283,0.38461538461538464,3564.862526259188,0.0,0.0,3564.862526259188,0,0.0,11946.742
2026-04-10 00:00:00+00:00,97.53,96.07,91.26675,61.51638,2.5978568,0.38461538461538464,3564.862526259188,0.0,0.0,3564.862526259188,0,0.0,11837.083
2026-04-13 00:00:00+00:00,96.13,95.55,91.402054,66.398026,2.5378566,0.38461538461538464,3564.862526259188,0.0,0.0,3564.862526259188,0,0.0,11773.013
2026-04-14 00:00:00+00:00,95.76,97.69,91.54205,65.62502,2.586428,0.45454545454545453,3564.862526259188,0.0,0.0,3564.862526259188,0,0.0,12036.689
2026-04-15 00:00:00+00:00,98.75,97.1,91.67645,69.327515,2.5792851,0.38461538461538464,3564.862526259188,0.0,0.0,3564.862526259188,0,0.0,11963.993
2026-04-16 00:00:00+00:00,96.95,95.32,91.8201,64.09959,2.5585709,0.45454545454545453,3564.862526259188,0.0,0.0,3564.862526259188,0,0.0,11744.675
2026-04-17 00:00:00+00:00,96.6,97.82,91.9562,58.044163,2.574999,0.45454545454545453,3564.862526259188,0.0,0.0,3564.862526259188,0,0.0,12052.708
2026-04-20 00:00:00+00:00,98.65,96.92,92.10165,69.22291,2.5978563,0.38461538461538464,3564.862526259188,0.0,0.0,3564.862526259188,0,0.0,11941.815
2026-04-21 00:00:00+00:00,97.04,96.22,92.2454,66.12824,2.6342845,0.45454545454545453,3564.862526259188,0.0,0.0,3564.862526259188,0,0.0,11855.566
2026-04-22 00:00:00+00:00,97.02,96.74,92.38425,56.055363,2.5071416,0.45454545454545453,3564.862526259188,0.0,0.0,3564.862526259188,0,0.0,11919.637
2026-04-23 00:00:00+00:00,96.37,95.47,92.5316,56.900444,2.5385704,0.45454545454545453,3564.862526259188,0.0,0.0,3564.862526259188,0,0.0,11763.156
2026-04-24 00:00:00+00:00,94.95,94.65,92.6706,48.67206,2.442142,0.45454545454545453,3564.862526259188,0.0,0.0,3564.862526259188,0,0.0,11662.122
2026-04-27 00:00:00+00:00,94.5,95.72,92.80025,49.384888,2.4207137,0.45454545454545453,3564.862526259188,0.0,0.0,3564.862526259188,0,0.0,11793.96
2026-04-28 00:00:00+00:00,94.75,97.74,92.92715,55.981144,2.5149999,0.38461538461538464,3564.862526259188,0.0,0.0,3564.862526259188,0,0.0,12042.851
2026-04-29 00:00:00+00:00,99.18,99.1,93.0729,55.50923,2.735714,0.38461538461538464,3564.862526259188,0.0,0.0,3564.862526259188,0,0.0,12210.42
2026-04-30 00:00:00+00:00,100.33,95.27,93.2185,56.26464,2.9692857,0.38461538461538464,3564.862526259188,0.0,0.0,3564.862526259188,0,0.0,11738.514
2026-05-01 00:00:00+00:00,95.26,96.91,93.3536,48.001987,3.2378573,0.38461538461538464,3564.862526259188,0.0,0.0,3564.862526259188,0,0.0,11940.584
2026-05-04 00:00:00+00:00,96.54,97.14,93.492,53.216652,3.182143,0.45454545454545453,3564.862526259188,0.0,0.0,3564.862526259188,0,0.0,11968.924
2026-05-05 00:00:00+00:00,97.81,97.47,93.633,48.569935,3.1042862,0.45454545454545453,3564.862526259188,0.0,0.0,3564.862526259188,0,0.0,12009.585
2026-05-06 00:00:00+00:00,98.62,99.85,93.78105,50.97523,3.0921435,0.45454545454545453,3564.862526259188,0.0,0.0,3564.862526259188,0,0.0,12302.833
2026-05-07 00:00:00+00:00,99.68,97.77,93.9434,61.573837,3.0614293,0.38461538461538464,3564.862526259188,0.0,0.0,3564.862526259188,0,0.0,12046.55
2026-05-08 00:00:00+00:00,98.6,98.56,94.08775,49.869442,3.0692859,0.45454545454545453,3564.862526259188,0.0,0.0,3564.862526259188,0,0.0,12143.889
2026-05-11 00:00:00+00:00,99.04,100.32,94.2271,54.30672,3.0892863,0.38461538461538464,3564.862526259188,0.0,0.0,3564.862526259188,0,0.0,12360.744
2026-05-12 00:00:00+00:00,100.84,99.13,94.37625,60.199,3.2421439,0.38461538461538464,3564.862526259188,0.0,0.0,3564.862526259188,0,0.0,12214.121
2026-05-13 00:00:00+00:00,98.74,98.82,94.5209,55.753487,3.2485728,0.45454545454545453,3564.862526259188,0.0,0.0,3564.862526259188,0,0.0,12175.925
2026-05-14 00:00:00+00:00,99.02,97.63,94.6642,58.45532,3.2421439,0.45454545454545453,3564.862526259188,0.0,0.0,3564.862526259188,0,0.0,12029.301
2026-05-15 00:00:00+00:00,97.44,95.31,94.76545,57.383533,3.270715,0.45454545454545453,3564.862526259188,0.0,0.0,3564.862526259188,0,0.0,11743.446
2026-05-18 00:00:00+00:00,95.48,95.19,94.85425,49.04339,3.2871432,0.45454545454545453,3564.862526259188,0.0,0.0,3564.862526259188,0,0.0,11728.662
2026-05-19 00:00:00+00:00,95.19,95.6,94.95575,43.471596,3.0300004,0.45454545454545453,3564.862526259188,0.0,0.0,3564.862526259188,0,0.0,11779.18
2026-05-20 00:00:00+00:00,98.4,97.08,95.0558,40.581272,2.7492862,0.45454545454545453,3564.862526259188,0.0,0.0,3564.862526259188,0,0.0,11961.535
2026-05-21 00:00:00+00:00,95.9,97.41,95.151,55.576107,2.5264294,0.38915542874555453,3564.862526259188,0.0,0.0,3564.862526259188,0,0.0,12002.195
2026-05-22 00:00:00+00:00,97.3,97.16,95.24945,51.675602,2.5664291,0.38461538461538464,3564.862526259188,0.0,0.0,3564.862526259188,0,0.0,11971.392
2026-05-26 00:00:00+00:00,97.35,97.1,95.347,50.066948,2.631429,0.45454545454545453,3564.862526259188,0.0,0.0,3564.862526259188,0,0.0,11963.998
2026-05-27 00:00:00+00:00,97.52,97.34,95.4415,48.738914,2.5414288,0.45454545454545453,3564.862526259188,0.0,0.0,3564.862526259188,0,0.0,11993.569
2026-05-28 00:00:00+00:00,97.32,97.5,95.53625,39.984035,2.4971428,0.45454545454545453,3564.862526259188,0.0,0.0,3564.862526259188,0,0.0,12013.284
2026-05-29 00:00:00+00:00,97.75,96.74,95.6278,48.72763,2.389286,0.45454545454545453,3564.862526259188,0.0,0.0,3564.862526259188,0,0.0,11919.642
2026-06-01 00:00:00+00:00,96.48,95.59,95.70345,41.398876,2.3442857,0.4631578947368421,3564.862526259188,0.0,0.0,3564.862526259188,0,0.0,11777.945
2026-06-02 00:00:00+00:00,94.7,92.24,95.75215,26.278841,2.225714,0.45454545454545453,3564.862526259188,0.0,0.0,3564.862526259188,0,0.0,11365.182
2026-06-03 00:00:00+00:00,93.02,97.98,95.78255,21.599354,2.3057137,0.38461538461538464,3564.862526259188,0.0,0.0,3564.862526259188,0,0.0,12072.426
2026-06-04 00:00:00+00:00,99.34,101.24,95.83785,47.60821,2.6042857,0.38461538461538464,3564.862526259188,0.0,0.0,3564.862526259188,0,0.0,12474.101
2026-06-05 00:00:00+00:00,101.19,102.38,95.91945,59.19511,2.692857,0.38461538461538464,3564.862526259188,0.0,0.0,3564.862526259188,0,0.0,12614.563
2026-06-08 00:00:00+00:00,102.77,100.64,96.00405,69.15989,2.8478572,0.38461538461538464,3564.862526259188,0.0,0.0,3564.862526259188,0,0.0,12400.173
2026-06-09 00:00:00+00:00,102.16,103.23,96.07625,63.577465,3.125,0.45454545454545453,3564.862526259188,0.0,0.0,3564.862526259188,0,0.0,12719.296
2026-06-10 00:00:00+00:00,103.37,105.39,96.15975,67.146065,3.22,0.38461538461538464,3564.862526259188,0.0,0.0,3564.862526259188,0,0.0,12985.436
2026-06-11 00:00:00+00:00,105.97,107.83,96.2615,68.12035,3.5278566,0.38461538461538464,3564.862526259188,0.0,0.0,3564.862526259188,0,0.0,13286.075
2026-06-12 00:00:00+00:00,107.83,108.53,96.37685,70.8067,3.729285,0.38461538461538464,3564.862526259188,0.0,0.0,3564.862526259188,0,0.0,13372.324
2026-06-15 00:00:00+00:00,107.98,101.98,96.4995,72.30285,3.7964282,0.38461538461538464,3564.862526259188,0.0,0.0,3564.862526259188,0,0.0,12565.279
2026-06-16 00:00:00+00:00,102.75,99.75,96.5852,57.629776,4.2049994,0.38461538461538464,3564.862526259188,0.0,0.0,3564.862526259188,0,0.0,12290.514
2026-06-17 00:00:00+00:00,99.82,98.99,96.66545,53.547253,4.338571,0.38461538461538464,3564.862526259188,0.0,0.0,3564.862526259188,0,0.0,12196.871
2026-06-18 00:00:00+00:00,99.58,98.22,96.73735,52.155045,4.45,0.38461538461538464,3564.862526259188,0.0,0.0,3564.862526259188,0,0.0,12101.997
2026-06-22 00:00:00+00:00,99.79,103.66,96.79855,52.13997,4.5757146,0.45454545454545453,3564.862526259188,0.0,0.0,3564.862526259188,0,0.0,12772.277
2026-06-23 00:00:00+00:00,104.61,104.4,96.88205,60.380768,4.7685714,0.38461538461538464,3564.862526259188,0.0,0.0,3564.862526259188,0,0.0,12863.456
2026-06-24 00:00:00+00:00,105.53,108.46,96.97685,66.7678,4.6971436,0.38461538461538464,3564.862526259188,0.0,0.0,3564.862526259188,0,0.0,13363.701
2026-06-25 00:00:00+00:00,108.35,107.53,97.08595,65.15327,4.587143,0.38461538461538464,3564.862526259188,0.0,0.0,3564.862526259188,0,0.0,13249.112
2026-06-26 00:00:00+00:00,109.48,113.75,97.1908,59.75194,4.6435714,0.38461538461538464,3564.862526259188,0.0,0.0,3564.862526259188,0,0.0,14015.498
2026-06-29 00:00:00+00:00,115.48,114.66,97.33155,65.22904,4.8199997,0.38461538461538464,3564.862526259188,0.0,0.0,3564.862526259188,0,0.0,14127.623
2026-06-30 00:00:00+00:00,115.0,113.36,97.4736,69.20548,4.587143,0.38461538461538464,3564.862526259188,0.0,0.0,3564.862526259188,0,0.0,13967.446
2026-07-01 00:00:00+00:00,114.7,113.81,97.60955,64.38512,4.520714,0.38461538461538464,3564.862526259188,0.0,0.0,3564.862526259188,0,0.0,14022.893
2026-07-02 00:00:00+00:00,114.18,116.86,97.7631,62.56716,4.2050004,0.38461538461538464,3564.862526259188,0.0,0.0,3564.862526259188,0,0.0,14398.692
2026-07-06 00:00:00+00:00,116.37,115.62,97.9317,63.236584,4.175,0.38461538461538464,3564.862526259188,0.0,0.0,3564.862526259188,0,0.0,14245.908
2026-07-07 00:00:00+00:00,117.53,118.05,98.0903,60.230885,4.137858,0.38461538461538464,3564.862526259188,0.0,0.0,3564.862526259188,0,0.0,14545.315
2026-07-08 00:00:00+00:00,118.06,117.26,98.25655,76.31837,3.8028576,0.38461538461538464,3564.862526259188,0.0,0.0,3564.862526259188,0,0.0,14447.977
2026-07-09 00:00:00+00:00,116.43,118.52,98.41285,80.09625,3.700714,0.38461538461538464,3564.862526259188,0.0,0.0,3564.862526259188,0,0.0,14603.224
2026-07-10 00:00:00+00:00,118.53,116.71,98.5728,83.001015,3.6835713,0.4464738628688326,3564.862526259188,0.0,0.0,3564.862526259188,0,0.0,14380.208
2026-07-13 00:00:00+00:00,115.97,114.23,98.7327,80.18282,3.6971424,0.45454545454545453,3564.862526259188,0.0,0.0,3564.862526259188,0,0.0,14074.641
2026-07-14 00:00:00+00:00,114.26,114.88,98.88115,69.10011,3.5128567,0.38461538461538464,3564.862526259188,0.0,0.0,3564.862526259188,0,0.0,14154.728
2026-07-15 00:00:00+00:00,113.54,115.09,99.03475,68.999275,3.519285,0.38461538461538464,3564.862526259188,0.0,0.0,3564.862526259188,0,0.0,14180.602
2026-07-16 00:00:00+00:00,115.01,116.65,99.2019,63.96966,3.557857,0.38461538461538464,3564.862526259188,0.0,0.0,3564.862526259188,0,0.0,14372.816
2026-07-17 00:00:00+00:00,116.27,117.25,99.37165,68.71922,3.4707146,0.38461538461538464,3564.862526259188,0.0,0.0,3564.862526259188,0,0.0,14446.742
2026-07-20 00:00:00+00:00,117.62,115.65,99.53845,59.338318,3.1350005,0.38461538461538464,3564.862526259188,0.0,0.0,3564.862526259188,0,0.0,14249.602
2026-07-21 00:00:00+00:00,115.36,117.39,99.69265,52.547604,3.2135718,0.38461538461538464,3564.862526259188,0.0,0.0,3564.862526259188,0,0.0,14463.992
2026-07-22 00:00:00+00:00,116.27,115.79,99.8461,60.140923,3.3200002,0.45454545454545453,3564.862526259188,0.0,0.0,3564.862526259188,0,0.0,14266.851
2026-07-23 00:00:00+00:00,115.04,116.69,99.99365,54.709812,3.3342862,0.38461538461538464,3564.862526259188,0.0,0.0,3564.862526259188,0,0.0,14377.743
2026-07-24 00:00:00+00:00,117.71,117.67,100.14285,49.549553,3.1750004,0.38461538461538464,3564.862526259188,0.0,0.0,3564.862526259188,0,0.0,14498.491
2026-07-27 00:00:00+00:00,117.67,118.87,100.29505,55.507786,3.1642854,0.44915072162394004,3564.862526259188,0.0,0.0,3564.862526259188,0,0.0,14646.347
2026-07-28 00:00:00+00:00,119.0,129.93,100.45355,52.359035,3.2314284,0.38461538461538464,3564.862526259188,0.0,0.0,3564.862526259188,0,0.0,16009.083
2026-07-29 00:00:00+00:00,128.87,127.1,100.6763,72.9114,4.0592866,0.38461538461538464,3564.862526259188,0.0,0.0,3564.862526259188,0,0.0,15660.391
2026-07-30 00:00:00+00:00,123.99,122.99,100.88805,64.68174,4.172143,0.38461538461538464,3564.862526259188,0.0,0.0,3564.862526259188,0,0.0,15153.983
2026-07-31 00:00:00+00:00,122.75,119.52,101.084,59.961937,4.297143,0.38461538461538464,3564.862526259188,0.0,0.0,3564.862526259188,0,0.0,14726.434
2026-08-03 00:00:00+00:00,120.22,118.43,101.25795,58.135952,4.414286,0.45454545454545453,3564.862526259188,0.0,0.0,3564.862526259188,0,0.0,14592.132
2026-08-04 00:00:00+00:00,119.08,120.6,101.4203,55.38696,4.475001,0.38461538461538464,3564.862526259188,0.0,0.0,3564.862526259188,0,0.0,14859.504
2026-08-05 00:00:00+00:00,123.99,119.8,101.58255,57.891727,4.3814287,0.38461538461538464,3564.862526259188,0.0,0.0,3564.862526259188,0,0.0,14760.935
2026-08-06 00:00:00+00:00,119.8,118.38,101.745,54.61201,4.524286,0.38461538461538464,3564.862526259188,0.0,0.0,3564.862526259188,0,0.0,14585.971
2026-08-07 00:00:00+00:00,118.56,120.56,101.89905,51.61567,4.6092863,0.38461538461538464,3564.862526259188,0.0,0.0,3564.862526259188,0,0.0,14854.576
2026-08-10 00:00:00+00:00,120.56,121.55,102.071,56.905766,4.5957146,0.38461538461538464,3564.862526259188,0.0,0.0,3564.862526259188,0,0.0,14976.559
2026-08-11 00:00:00+00:00,121.13,121.07,102.24225,55.97702,4.455715,0.38461538461538464,3564.862526259188,0.0,0.0,3564.862526259188,0,0.0,14917.415
2026-08-12 00:00:00+00:00,119.54,120.77,102.4073,57.838478,4.4078574,0.38461538461538464,3564.862526259188,0.0,0.0,3564.862526259188,0,0.0,14880.451
2026-08-13 00:00:00+00:00,122.23,120.52,102.5646,56.16686,4.388572,0.38461538461538464,3564.862526259188,0.0,0.0,3564.862526259188,0,0.0,14849.647
2026-08-14 00:00:00+00:00,119.15,120.16,102.7108,54.404945,4.394287,0.38461538461538464,3564.862526259188,0.0,0.0,3564.862526259188,0,0.0,14805.291
2026-08-17 00:00:00+00:00,120.16,123.5,102.8462,52.04697,4.358573,0.38461538461538464,3564.862526259188,0.0,0.0,3564.862526259188,0,0.0,15216.822
2026-08-18 00:00:00+00:00,124.29,123.47,103.00545,36.48593,3.677858,0.44752216852822346,3564.862526259188,0.0,0.0,3564.862526259188,0,0.0,15213.127
2026-08-19 00:00:00+00:00,125.0,128.47,103.1719,41.35303,3.4914296,0.38461538461538464,3564.862526259188,0.0,0.0,3564.862526259188,0,0.0,15829.192
2026-08-20 00:00:00+00:00,127.1,127.22,103.3513,62.52286,3.5357149,0.38461538461538464,3564.862526259188,0.0,0.0,3564.862526259188,0,0.0,15675.175
2026-08-21 00:00:00+00:00,126.45,127.81,103.52,69.582924,3.4314296,0.38461538461538464,3564.862526259188,0.0,0.0,3564.862526259188,0,0.0,15747.87
2026-08-24 00:00:00+00:00,127.47,127.98,103.6512,74.47808,3.500715,0.38461538461538464,3564.862526259188,0.0,0.0,3564.862526259188,0,0.0,15768.816
2026-08-25 00:00:00+00:00,128.98,129.72,103.7765,71.50351,3.3664296,0.38461538461538464,3564.862526259188,0.0,0.0,3564.862526259188,0,0.0,15983.206
2026-08-26 00:00:00+00:00,129.18,128.12,103.8966,77.4033,3.2414296,0.38461538461538464,3564.862526259188,0.0,0.0,3564.862526259188,0,0.0,15786.064
2026-08-27 00:00:00+00:00,128.13,127.74,104.0112,76.64112,3.057858,0.38461538461538464,3564.862526259188,0.0,0.0,3564.862526259188,0,0.0,15739.244
2026-08-28 00:00:00+00:00,127.74,124.37,104.12,71.78397,2.960715,0.38461538461538464,3564.862526259188,0.0,0.0,3564.862526259188,0,0.0,15324.017
2026-08-31 00:00:00+00:00,122.66,123.22,104.21195,57.476143,3.1371434,0.45454545454545453,3564.862526259188,0.0,0.0,3564.862526259188,0,0.0,15182.322
2026-09-01 00:00:00+00:00,124.61,125.01,104.28725,55.50436,3.1757147,0.38461538461538464,3564.862526259188,0.0,0.0,3564.862526259188,0,0.0,15402.874
2026-09-02 00:00:00+00:00,126.43,128.83,104.371,60.08565,3.1721432,0.45454545454545453,3564.862526259188,0.0,0.0,3564.862526259188,0,0.0,15873.548
2026-09-03 00:00:00+00:00,129.67,128.0,104.4881,66.89713,3.3171425,0.38461538461538464,3564.862526259188,0.0,0.0,3564.862526259188,0,0.0,15771.28
2026-09-04 00:00:00+00:00,126.46,126.75,104.60735,65.642456,3.3771427,0.38461538461538464,3564.862526259188,0.0,0.0,3564.862526259188,0,0.0,15617.265
2026-09-08 00:00:00+00:00,124.11,124.4,104.72025,57.074444,3.207143,0.38461538461538464,3564.862526259188,0.0,0.0,3564.862526259188,0,0.0,15327.714
2026-09-09 00:00:00+00:00,125.66,126.01,104.8228,51.838673,3.4228575,0.45454545454545453,3564.862526259188,0.0,0.0,3564.862526259188,0,0.0,15526.086
2026-09-10 00:00:00+00:00,125.09,123.28,104.94625,44.383564,3.2842865,0.45454545454545453,3564.862526259188,0.0,0.0,3564.862526259188,0,0.0,15189.713
2026-09-11 00:00:00+00:00,124.35,121.47,105.05385,41.57399,3.3300002,0.45454545454545453,3564.862526259188,0.0,0.0,3564.862526259188,0,0.0,14966.697
