,Open,Close,sma200,rsi,atr,prob_up,cash,holdings,borrowed_margin,total,signal,stop_loss,benchmark
2016-09-12 00:00:00+00:00,85.91,87.48,,,,0.99,10000.0,0.0,0.0,10000.0,0,0.0,10000.0
2016-09-13 00:00:00+00:00,87.24,85.87,,,,0.99,10000.0,0.0,0.0,10000.0,0,0.0,9815.958
2016-09-14 00:00:00+00:00,86.17,85.24,,,,0.99,10000.0,0.0,0.0,10000.0,0,0.0,9743.94
2016-09-15 00:00:00+00:00,85.44,85.92,,,,0.99,10000.0,0.0,0.0,10000.0,0,0.0,9821.673
2016-09-16 00:00:00+00:00,85.63,85.16,,,,0.99,10000.0,0.0,0.0,10000.0,0,0.0,9734.796
2016-09-19 00:00:00+00:00,85.31,85.78,,,,0.99,10000.0,0.0,0.0,10000.0,0,0.0,9805.669
2016-09-20 00:00:00+00:00,86.17,85.93,,,,0.99,10000.0,0.0,0.0,10000.0,0,0.0,9822.816
2016-09-21 00:00:00+00:00,85.94,86.87,,,,0.99,10000.0,0.0,0.0,10000.0,0,0.0,9930.27
2016-09-22 00:00:00+00:00,87.44,87.74,,,,0.99,10000.0,0.0,0.0,10000.0,0,0.0,10029.72
2016-09-23 00:00:00+00:00,87.83,87.23,,,,0.99,10000.0,0.0,0.0,10000.0,0,0.0,9971.421
2016-09-26 00:00:00+00:00,86.93,86.4,,,,0.99,10000.0,0.0,0.0,10000.0,0,0.0,9876.542
2016-09-27 00:00:00+00:00,86.49,86.57,,,,0.99,10000.0,0.0,0.0,10000.0,0,0.0,9895.975
2016-09-28 00:00:00+00:00,86.61,86.68,,,,0.99,10000.0,0.0,0.0,10000.0,0,0.0,9908.549
2016-09-29 00:00:00+00:00,86.36,85.63,,44.923832,,0.99,10000.0,0.0,0.0,10000.0,0,0.0,9788.5205
2016-09-30 00:00:00+00:00,86.02,85.55,,39.641613,1.1849997,0.792943615257048,-5015.0,14992.503748125939,5000.0,4977.503748125939,1,,9779.376
2016-10-03 00:00:00+00:00,85.71,85.4,,39.28966,1.1142856,0.99,-5015.992063492064,14966.216044447414,5000.0,4950.22398095535,0,,9762.2295
2016-10-04 00:00:00+00:00,85.38,83.95,,46.887405,1.0342854,0.99,-5016.984126984127,14712.104974862252,5000.0,4695.120847878125,0,,9596.477
2016-10-05 00:00:00+00:00,83.9,83.74,,42.293888,1.0814285,0.99,-5017.976190476191,14675.302824756714,5000.0,4657.326634280524,0,,9572.472
2016-10-06 00:00:00+00:00,83.71,84.41,,36.202507,1.0271426,0.8843260377218386,-5018.968253968254,14792.719480736967,5000.0,4773.7512267687125,0,,9649.061
2016-10-07 00:00:00+00:00,84.59,83.17,,45.198463,1.0814285,0.99,-5019.960317460318,14575.41029018584,5000.0,4555.4499727255225,0,,9507.3125
2016-10-10 00:00:00+00:00,83.35,83.2,,34.519585,1.138571,0.5818181818181818,-5020.952380952382,14580.668038734599,5000.0,4559.715657782217,0,,9510.742
2016-10-11 00:00:00+00:00,82.95,81.3,,33.573997,1.135,0.6666666666666666,-5021.944444444445,14247.697389312401,5000.0,4225.752944867956,0,,9293.551
2016-10-12 00:00:00+00:00,81.91,82.69,,19.95684,1.1928569,0.5818181818181818,-5022.936507936509,14491.291917423927,5000.0,4468.355409487418,0,,9452.443
2016-10-13 00:00:00+00:00,81.94,82.21,,24.208403,1.25,0.5818181818181818,-5023.9285714285725,14407.172333546245,5000.0,4383.243762117672,0,,9397.574
2016-10-14 00:00:00+00:00,82.3,82.68,,24.282791,1.2507144,0.99,-5024.920634920636,14489.538701216807,5000.0,4464.618066296171,0,,9451.301
2016-10-17 00:00:00+00:00,82.49,82.41,,30.212778,1.2307146,0.99,-5025.9126984127,14442.222247949258,5000.0,4416.309549536558,0,,9420.437
2016-10-18 00:00:00+00:00,82.84,82.52,,28.1053,1.2128574,0.99,-5026.904761904763,14461.497808362623,5000.0,4434.59304645786,0,,9433.01
2016-10-19 00:00:00+00:00,82.69,82.17,,28.105244,1.1614287,0.6028237872465967,-5027.896825396827,14400.16071151978,5000.0,4372.263886122953,0,,9393.001
2016-10-20 00:00:00+00:00,82.15,81.85,,30.340904,1.1378566,0.99,-5028.8888888888905,14344.080888716726,5000.0,4315.191999827835,0,,9356.421
2016-10-21 00:00:00+00:00,81.56,81.8,,29.535376,1.1264278,0.5818181818181818,-5029.880952380954,14335.319116742903,5000.0,4305.438164361949,0,,9350.706
2016-10-24 00:00:00+00:00,82.34,82.36,,29.865768,1.1499994,0.99,-5030.873015873018,14433.458010136934,5000.0,4402.584994263916,0,,9414.72
2016-10-25 00:00:00+00:00,82.21,81.57,,40.124233,1.1028563,0.99,-5031.865079365081,14295.011468669309,5000.0,4263.146389304227,0,,9324.413
2016-10-26 00:00:00+00:00,81.26,80.42,,37.427574,1.157856,0.99,-5032.857142857145,14093.475447574043,5000.0,4060.618304716898,0,,9192.955
2016-10-27 00:00:00+00:00,80.43,79.55,,28.100922,1.1364272,0.99,-5033.8492063492085,13941.010485164083,5000.0,3907.161278814874,0,,9093.505
2016-10-28 00:00:00+00:00,79.68,80.22,,29.290586,1.1014273,0.99,-5034.841269841272,14058.426899520053,5000.0,4023.5856296787806,0,,9170.094
2016-10-31 00:00:00+00:00,80.31,81.02,,34.115116,1.1271417,0.6666666666666666,-5035.833333333336,14198.625578574582,5000.0,4162.792245241246,0,,9261.543
2016-11-01 00:00:00+00:00,80.83,80.54,,48.309135,1.0614275,0.5818181818181818,-5036.825396825399,14114.507189124126,5000.0,4077.6817922987266,0,,9206.674
2016-11-02 00:00:00+00:00,80.13,80.49,,35.413776,0.9821418,0.99,-5037.817460317463,14105.744310534381,5000.0,4067.926850216918,0,,9200.958
2016-11-03 00:00:00+00:00,80.43,80.27,,37.60801,0.984999,0.99,-5038.809523809527,14067.18921791066,5000.0,4028.3796941011333,0,,9175.809
2016-11-04 00:00:00+00:00,80.27,80.37,,31.98794,0.9764279,0.5818181818181818,-5039.80158730159,14084.714914011418,5000.0,4044.9133267098277,0,,9187.24
2016-11-07 00:00:00+00:00,81.01,81.75,,34.355778,1.0157138,0.5818181818181818,-5040.793650793654,14326.55719369232,5000.0,4285.763542898667,0,,9344.991
2016-11-08 00:00:00+00:00,82.56,83.87,,45.057777,1.0721425,0.5818181818181818,-5041.785714285717,14698.084776327703,5000.0,4656.299062041986,0,,9587.333
2016-11-09 00:00:00+00:00,82.87,83.69,,58.891247,1.265,0.5818181818181818,-5042.777777777781,14666.539975417872,5000.0,4623.7621976400915,0,,9566.757
2016-11-10 00:00:00+00:00,84.34,83.52,,59.766483,1.3757144,0.5818181818181818,-5043.769841269845,14636.7465729307,5000.0,4592.976731660856,0,,9547.323
2016-11-11 00:00:00+00:00,83.29,84.58,,59.01464,1.4321431,0.5818181818181818,-5044.761904761908,14822.510554736391,5000.0,4777.748649974483,0,,9668.494
2016-11-14 00:00:00+00:00,84.87,84.69,,61.055775,1.4678574,0.5137931034482758,-5045.753968253972,14841.788316929138,5000.0,4796.034348675166,0,,9681.068
2016-11-15 00:00:00+00:00,84.92,84.68,,66.666664,1.4392864,0.5818181818181818,-5046.746031746035,14840.035846039103,5000.0,4793.289814293068,0,,9679.926
2016-11-16 00:00:00+00:00,84.36,85.18,,75.91239,1.4292864,0.9572813172941264,-5047.738095238099,14927.659658653802,5000.0,4879.921563415703,0,,9737.081
2016-11-17 00:00:00+00:00,84.94,86.55,,85.859795,1.3921432,0.5137931034482758,-5048.730158730163,15167.750137728031,5000.0,5119.019978997869,0,,9893.6875
2016-11-18 00:00:00+00:00,86.65,86.71,,87.01748,1.4235715,0.48484848484848486,-5049.722222222226,15195.788913814093,5000.0,5146.066691591866,0,,9911.978
2016-11-21 00:00:00+00:00,86.71,88.2,,85.96706,1.3814288,0.48484848484848486,-5050.71428571429,15456.908206140013,5000.0,5406.193920425723,0,,10082.301
2016-11-22 00:00:00+00:00,88.02,88.41,,92.937096,1.4392859,0.5137931034482758,-5051.7063492063535,15493.712439274932,5000.0,5442.0060900685785,0,,10106.308
2016-11-23 00:00:00+00:00,88.02,88.92,,93.61225,1.4307142,0.5137931034482758,-5052.698412698417,15583.088500826087,5000.0,5530.3900881276695,0,,10164.605
2016-11-25 00:00:00+00:00,88.99,88.78,,96.15787,1.4614285,0.5137931034482758,-5053.690476190481,15558.553602857954,5000.0,5504.863126667473,0,,10148.602
2016-11-28 00:00:00+00:00,88.81,88.6,,94.68643,1.4578569,0.5137931034482758,-5054.682539682544,15527.008455000596,5000.0,5472.325915318052,0,,10128.024
2016-11-29 00:00:00+00:00,88.6,88.33,,91.71734,1.4185709,0.5818181818181818,-5055.674603174608,15479.692271298225,5000.0,5424.017668123617,0,,10097.161
2016-11-30 00:00:00+00:00,88.42,86.44,,85.06284,1.2235707,0.99,-5056.6666666666715,15148.47245684108,5000.0,5091.805790174409,0,,9881.112
2016-12-01 00:00:00+00:00,86.29,84.58,,67.0384,1.2021419,0.99,-5057.658730158735,14822.510456162794,5000.0,4764.851726004059,0,,9668.492
2016-12-02 00:00:00+00:00,84.99,85.46,,55.430355,1.229999,0.99,-5058.650793650799,14976.72901871727,5000.0,4918.078225066471,0,,9769.086
2016-12-05 00:00:00+00:00,86.02,86.86,,54.59289,1.1799986,0.99,-5059.642857142862,15222.077478820562,5000.0,5162.434621677699,0,,9929.123
2016-12-06 00:00:00+00:00,86.86,87.72,,59.981598,1.2507128,0.5818181818181818,-5060.634920634926,15372.791979615082,5000.0,5312.157058980156,0,,10027.432
2016-12-07 00:00:00+00:00,87.88,89.05,,62.969296,1.2392845,0.99,-5061.62698412699,15605.872282510545,5000.0,5544.245298383556,0,,10179.466
2016-12-08 00:00:00+00:00,88.8,89.43,,65.41834,1.3149992,0.5818181818181818,-5062.619047619053,15672.46590617549,5000.0,5609.846858556437,0,,10222.903
2016-12-09 00:00:00+00:00,89.58,89.48,,62.456745,1.2771426,0.5818181818181818,-5063.611111111117,15681.228249713293,5000.0,5617.617138602176,0,,10228.619
2016-12-12 00:00:00+00:00,89.14,89.58,,62.096092,1.283571,0.5137931034482758,-5064.60317460318,15698.75338795328,5000.0,5634.1502133501,0,,10240.051
2016-12-13 00:00:00+00:00,90.05,90.48,,56.85887,1.2678572,0.8218748298309447,-5065.595238095244,15856.478118389688,5000.0,5790.8828802944445,0,,10342.932
2016-12-14 00:00:00+00:00,90.47,89.44,,59.62791,1.3064287,0.9839406512215044,-5066.587301587308,15674.219336401871,5000.0,5607.632034814564,0,,10224.047
2016-12-15 00:00:00+00:00,89.28,89.58,,52.304985,1.3542851,0.99,-5067.579365079371,15698.754774713721,5000.0,5631.17540963435,0,,10240.051
2016-12-16 00:00:00+00:00,89.94,89.45,,53.546112,1.3664278,0.99,-5068.571428571435,15675.971895763201,5000.0,5607.400467191766,0,,10225.189
2016-12-19 00:00:00+00:00,89.21,89.36,,53.784496,1.3785712,0.7584872589787381,-5069.563492063498,15660.199886533512,5000.0,5590.636394470013,0,,10214.902
2016-12-20 00:00:00+00:00,89.51,89.58,,54.660625,1.3957144,0.6666666666666666,-5070.555555555562,15698.753893116807,5000.0,5628.198337561245,0,,10240.051
2016-12-21 00:00:00+00:00,89.84,89.13,,66.737724,1.3050003,0.99,-5071.547619047626,15619.891525360925,5000.0,5548.343906313299,0,,10188.609
2016-12-22 00:00:00+00:00,89.09,88.91,,78.54448,1.2107146,0.5137931034482758,-5072.539682539689,15581.338066427978,5000.0,5508.798383888288,0,,10163.461
2016-12-23 00:00:00+00:00,88.72,89.41,,73.597824,1.1800003,0.5137931034482758,-5073.531746031753,15668.962809804201,5000.0,5595.431063772448,0,,10220.617
2016-12-27 00:00:00+00:00,89.28,89.51,,69.89081,1.1050001,0.99,-5074.523809523816,15686.487315548371,5000.0,5611.963506024555,0,,10232.048
2016-12-28 00:00:00+00:00,89.64,88.89,,65.84071,1.082143,0.99,-5075.51587301588,15577.832417683321,5000.0,5502.316544667441,0,,10161.175
2016-12-29 00:00:00+00:00,88.97,89.18,,48.38053,1.015,0.99,-5076.507936507944,15628.65540495453,5000.0,5552.147468446587,0,,10194.325
2016-12-30 00:00:00+00:00,89.64,88.78,,47.422684,0.99499947,0.99,-5077.500000000007,15558.556054270946,5000.0,5481.056054270939,0,,10148.601
2017-01-03 00:00:00+00:00,88.92,88.89,,43.26919,1.0428565,0.99,-5078.492063492071,15577.834059826588,5000.0,5499.341996334517,0,,10161.175
2017-01-04 00:00:00+00:00,88.73,89.74,,43.378105,1.0171422,0.99,-5079.4841269841345,15726.795122151707,5000.0,5647.310995167572,0,,10258.34
2017-01-05 00:00:00+00:00,89.78,90.56,,42.82941,1.0057133,0.5818181818181818,-5080.476190476198,15870.498889559607,5000.0,5790.022699083409,0,,10352.075
2017-01-06 00:00:00+00:00,90.72,90.85,,61.335976,0.9642846,0.5137931034482758,-5081.468253968262,15921.321291997561,5000.0,5839.8530380293,0,,10385.226
2017-01-09 00:00:00+00:00,90.85,90.21,,62.4754,0.9614274,0.5137931034482758,-5082.460317460325,15809.162688278171,5000.0,5726.702370817846,0,,10312.067
2017-01-10 00:00:00+00:00,90.37,89.5,,56.785736,0.9335698,0.99,-5083.452380952389,15684.736747336974,5000.0,5601.284366384585,0,,10230.906
2017-01-11 00:00:00+00:00,89.51,89.28,,51.125397,0.9292842,0.99,-5084.4444444444525,15646.182165727,5000.0,5561.737721282547,0,,10205.758
2017-01-12 00:00:00+00:00,89.03,89.27,,47.5884,0.9371414,0.6666666666666666,-5085.436507936516,15644.428905682451,5000.0,5558.992397745935,0,,10204.614
2017-01-13 00:00:00+00:00,89.49,90.54,,51.211067,0.95999855,0.744693912279399,-5086.42857142858,15866.995246848119,5000.0,5780.566675419539,0,,10349.791
2017-01-17 00:00:00+00:00,90.26,90.19,,61.932613,1.0114272,0.99,-5087.420634920643,15805.658850110165,5000.0,5718.238215189522,0,,10309.782
2017-01-18 00:00:00+00:00,90.31,90.15,,55.838306,1.0349988,0.99,-5088.412698412707,15798.648753351343,5000.0,5710.236054938636,0,,10305.209
2017-01-19 00:00:00+00:00,90.27,90.25,,54.833824,1.0164278,0.99,-5089.404761904771,15816.17328503168,5000.0,5726.76852312691,0,,10316.641
2017-01-20 00:00:00+00:00,90.25,90.77,,61.147533,0.9999989,0.99,-5090.396825396834,15907.302004288253,5000.0,5816.9051788914185,0,,10376.081
2017-01-23 00:00:00+00:00,90.64,91.03,,62.559208,1.0292848,0.5818181818181818,-5091.388888888898,15952.866256731451,5000.0,5861.477367842554,0,,10405.803
2017-01-24 00:00:00+00:00,91.19,91.2,,68.17447,0.97857124,0.6666666666666666,-5092.380952380961,15982.658756604846,5000.0,5890.277804223884,0,,10425.236
2017-01-25 00:00:00+00:00,91.19,90.7,,68.47998,0.9578563,0.5818181818181818,-5093.373015873025,15895.034865225458,5000.0,5801.661849352433,0,,10368.08
2017-01-26 00:00:00+00:00,90.53,89.7,,58.135582,0.96642846,0.99,-5094.365079365089,15719.7862379088,5000.0,5625.4211585437115,0,,10253.768
2017-01-27 00:00:00+00:00,89.96,90.05,,42.927628,0.96785736,0.99,-5095.357142857152,15781.124190896857,5000.0,5685.767048039705,0,,10293.778
2017-01-30 00:00:00+00:00,89.76,90.13,,43.485386,0.94285744,0.99,-5096.349206349216,15795.143315103229,5000.0,5698.794108754013,0,,10302.923
2017-01-31 00:00:00+00:00,89.85,89.78,,49.28314,0.9721435,0.99,-5097.341269841279,15733.806941596506,5000.0,5636.465671755226,0,,10262.914
2017-02-01 00:00:00+00:00,89.9,89.08,,52.68198,1.0285721,0.99,-5098.333333333343,15611.13321836237,5000.0,5512.799885029028,0,,10182.8955
2017-02-02 00:00:00+00:00,89.09,89.05,,48.24564,1.0942868,0.6311581177474529,-5099.325396825407,15605.875915679748,5000.0,5506.550518854341,0,,10179.466
2017-02-03 00:00:00+00:00,89.41,90.23,,48.076977,1.1014296,0.5818181818181818,-5100.31746031747,15812.668550305089,5000.0,5712.351089987618,0,,10314.354
2017-02-06 00:00:00+00:00,89.99,89.69,,47.24691,1.0935724,0.5137931034482758,-5101.309523809534,15718.034100159695,5000.0,5616.724576350161,0,,10252.625
2017-02-07 00:00:00+00:00,89.72,90.01,,45.70446,1.0714291,0.99,-5102.3015873015975,15774.113135272992,5000.0,5671.811547971394,0,,10289.204
2017-02-08 00:00:00+00:00,89.74,89.53,,48.852463,1.0850002,0.5818181818181818,-5103.293650793661,15689.993450094013,5000.0,5586.6997993003515,0,,10234.334
2017-02-09 00:00:00+00:00,90.92,90.82,,44.44443,1.1814291,0.5818181818181818,-5104.285714285725,15916.064107862972,5000.0,5811.778393577248,0,,10381.796
2017-02-10 00:00:00+00:00,90.82,90.6,,50.34485,1.3000003,0.5137931034482758,-5105.277777777788,15877.509155634447,5000.0,5772.231377856659,0,,10356.648
2017-02-13 00:00:00+00:00,91.08,91.48,,47.01803,1.3035715,0.5818181818181818,-5106.269841269852,16031.72825473789,5000.0,5925.458413468039,0,,10457.243
2017-02-14 00:00:00+00:00,91.12,91.05,,51.767715,1.3385718,0.5137931034482758,-5107.2619047619155,15956.37140638493,5000.0,5849.109501623014,0,,10408.089
2017-02-15 00:00:00+00:00,91.05,91.68,,52.229336,1.2914282,0.6898056359991089,-5108.253968253979,16066.77776528748,5000.0,5958.5237970335,0,,10480.105
2017-02-16 00:00:00+00:00,91.79,92.24,,63.23531,1.2721422,0.5137931034482758,-5109.246031746043,16164.916291478661,5000.0,6055.670259732618,0,,10544.12
2017-02-17 00:00:00+00:00,91.75,92.53,,64.23925,1.2757138,0.5137931034482758,-5110.238095238106,16215.739205396138,5000.0,6105.501110158031,0,,10577.2705
2017-02-21 00:00:00+00:00,92.38,93.16,,65.18988,1.2978565,0.5137931034482758,-5111.23015873017,16326.146312834726,5000.0,6214.916154104556,0,,10649.288
2017-02-22 00:00:00+00:00,93.18,93.37,,70.66016,1.2599989,0.5137931034482758,-5112.2222222222335,16362.947543817196,5000.0,6250.725321594962,0,,10673.293
2017-02-23 00:00:00+00:00,93.43,93.85,,77.89334,1.1778558,0.5137931034482758,-5113.214285714297,16447.06588024197,5000.0,6333.851594527674,0,,10728.162
2017-02-24 00:00:00+00:00,93.62,94.7,,79.48398,1.1564271,0.5137931034482758,-5114.206349206361,16596.02769575621,5000.0,6481.821346549848,0,,10825.327
2017-02-27 00:00:00+00:00,94.55,94.76,,78.617096,1.1507127,0.5137931034482758,-5115.198412698424,16606.542895322447,5000.0,6491.344482624023,0,,10832.187
2017-02-28 00:00:00+00:00,94.25,93.77,,84.583855,1.1564276,0.5137931034482758,-5116.190476190488,16433.046002948162,5000.0,6316.855526757674,0,,10719.018
2017-03-01 00:00:00+00:00,94.46,95.33,,73.49992,1.1892847,0.99,-5117.182539682552,16706.434221951058,5000.0,6589.251682268507,0,,10897.345
2017-03-02 00:00:00+00:00,95.2,94.47,,81.938286,1.1499994,0.5137931034482758,-5118.174603174615,16555.720764345177,5000.0,6437.546161170561,0,,10799.036
2017-03-03 00:00:00+00:00,94.63,95.0,,71.098236,1.0199999,0.99,-5119.166666666679,16648.602125664194,5000.0,6529.4354589975155,0,,10859.62
2017-03-06 00:00:00+00:00,94.79,94.61,,74.55354,1.0407143,0.779078240637608,-5120.158730158742,16580.25512033237,5000.0,6460.096390173629,0,,10815.039
2017-03-07 00:00:00+00:00,94.51,94.47,,68.476944,1.0092856,0.99,-5121.150793650806,16555.720572191763,5000.0,6434.5697785409575,0,,10799.035
2017-03-08 00:00:00+00:00,94.11,94.27,,70.90462,1.0264288,0.99,-5122.14285714287,16520.670499581167,5000.0,6398.527642438297,0,,10776.172
2017-03-09 00:00:00+00:00,94.38,94.06,,66.70962,1.0242865,0.99,-5123.134920634933,16483.86799675523,5000.0,6360.7330761202975,0,,10752.167
2017-03-10 00:00:00+00:00,94.48,94.44,,62.297268,1.0321437,0.99,-5124.126984126997,16550.462869994037,5000.0,6426.33588586704,0,,10795.605
2017-03-13 00:00:00+00:00,94.38,95.11,,62.750324,1.0000011,0.99,-5125.11904761906,16667.878196388963,5000.0,6542.759148769903,0,,10872.193
2017-03-14 00:00:00+00:00,94.78,94.84,,62.948162,0.97714394,0.72744622657855,-5126.111111111124,16620.56059001508,5000.0,6494.449478903956,0,,10841.329
2017-03-15 00:00:00+00:00,95.24,95.35,,59.683727,0.9921439,0.99,-5127.103174603188,16709.93817068348,5000.0,6582.834996080292,0,,10899.628
2017-03-16 00:00:00+00:00,95.43,94.75,,59.842487,0.98071563,0.5818181818181818,-5128.095238095251,16604.789521911513,5000.0,6476.694283816261,0,,10831.041
2017-03-17 00:00:00+00:00,94.55,95.1,,50.339233,0.9714301,0.99,-5129.087301587315,16666.126589147872,5000.0,6537.039287560558,0,,10871.051
2017-03-20 00:00:00+00:00,94.88,94.49,,52.21929,0.97714394,0.99,-5130.0793650793785,16559.225149316342,5000.0,6429.145784236964,0,,10801.32
2017-03-21 00:00:00+00:00,94.76,93.89,,54.945053,0.97428674,0.99,-5131.071428571442,16454.076361053016,5000.0,6323.004932481574,0,,10732.733
2017-03-22 00:00:00+00:00,93.7,93.71,,38.60759,0.95785797,0.99,-5132.063492063506,16422.531859743805,5000.0,6290.4683676803,0,,10712.157
2017-03-23 00:00:00+00:00,93.61,93.47,,43.2624,0.9442858,0.99,-5133.055555555569,16380.472238591556,5000.0,6247.416683035986,0,,10684.723
2017-03-24 00:00:00+00:00,93.76,93.33,,35.700962,0.95285743,0.99,-5134.047619047633,16355.93748342815,5000.0,6221.889864380517,0,,10668.719
2017-03-27 00:00:00+00:00,92.6,93.62,,37.451008,0.96142906,0.99,-5135.0396825396965,16406.760440758262,5000.0,6271.720758218566,0,,10701.87
2017-03-28 00:00:00+00:00,93.51,93.75,,41.90479,1.015,0.99,-5136.03174603176,16429.54204476383,5000.0,6293.5102987320715,0,,10716.73
2017-03-29 00:00:00+00:00,93.83,94.02,,44.98073,1.023571,0.99,-5137.023809523824,16476.85875169059,5000.0,6339.834942166766,0,,10747.595
2017-03-30 00:00:00+00:00,93.99,93.92,,49.618313,1.0357143,0.99,-5138.015873015887,16459.334207239044,5000.0,6321.318334223157,0,,10736.164
2017-03-31 00:00:00+00:00,93.86,93.1,,44.75801,1.0157138,0.99,-5139.007936507951,16315.630578738215,5000.0,6176.622642230264,0,,10642.429
2017-04-03 00:00:00+00:00,93.15,92.81,,30.332634,1.0228566,0.99,-5140.000000000015,16264.808389046859,5000.0,6124.808389046844,0,,10609.277
2017-04-04 00:00:00+00:00,92.66,92.73,,30.214397,1.0785702,0.99,-5140.992063492078,16250.789055081437,5000.0,6109.796991589359,0,,10600.133
2017-04-05 00:00:00+00:00,93.02,92.49,,22.127604,1.104999,0.5818181818181818,-5141.984126984142,16208.728559875392,5000.0,6066.74443289125,0,,10572.698
2017-04-06 00:00:00+00:00,92.57,92.16,,23.963041,1.1121423,0.5818181818181818,-5142.976190476205,16150.897851677704,5000.0,6007.921661201499,0,,10534.976
2017-04-07 00:00:00+00:00,91.78,91.97,,15.972159,1.1235706,0.99,-5143.968253968269,16117.600109919376,5000.0,5973.631855951107,0,,10513.256
2017-04-10 00:00:00+00:00,92.13,92.28,,17.692238,1.1078562,0.652466653544898,-5144.960317460333,16171.926780459706,5000.0,6026.966462999373,0,,10548.691
2017-04-11 00:00:00+00:00,92.1,93.57,,27.700731,1.0649986,0.99,-5145.952380952396,16397.997323491087,5000.0,6252.0449425386905,0,,10696.153
2017-04-12 00:00:00+00:00,93.81,93.91,,48.516953,1.1278561,0.5818181818181818,-5146.94444444446,16457.58334234125,5000.0,6310.638897896792,0,,10735.0205
2017-04-13 00:00:00+00:00,93.75,93.03,,54.564346,1.1071417,0.5818181818181818,-5147.936507936523,16303.363538223204,5000.0,6155.427030286681,0,,10634.426
2017-04-17 00:00:00+00:00,93.04,94.17,,47.302128,1.109999,0.7882798074305091,-5148.928571428587,16503.146893806355,5000.0,6354.218322377768,0,,10764.742
2017-04-18 00:00:00+00:00,94.18,94.42,,54.29014,1.0699997,0.5818181818181818,-5149.920634920651,16546.95929764321,5000.0,6397.03866272256,0,,10793.32
2017-04-19 00:00:00+00:00,94.74,94.78,,55.130154,1.1035712,0.5818181818181818,-5150.912698412714,16610.049377210144,5000.0,6459.136678797429,0,,10834.473
2017-04-20 00:00:00+00:00,95.11,95.53,,55.740196,1.0899996,0.99,-5151.904761904778,16741.486568894295,5000.0,6589.581806989518,0,,10920.206
2017-04-21 00:00:00+00:00,95.48,95.63,,61.0729,1.1128572,0.5818181818181818,-5152.896825396841,16759.011168155754,5000.0,6606.114342758912,0,,10931.638
2017-04-24 00:00:00+00:00,96.47,96.51,,69.31296,1.0828574,0.5818181818181818,-5153.888888888905,16913.23164288942,5000.0,6759.342754000514,0,,11032.233
2017-04-25 00:00:00+00:00,96.81,96.63,,75.91037,1.0342865,0.5137931034482758,-5154.880952380969,16934.260758332093,5000.0,6779.379805951125,0,,11045.95
2017-04-26 00:00:00+00:00,96.87,96.97,,77.1587,1.0121433,0.5137931034482758,-5155.873015873032,16993.84533309622,5000.0,6837.972317223186,0,,11084.816
2017-04-27 00:00:00+00:00,96.85,97.32,,80.769226,0.995,0.5137931034482758,-5156.865079365096,17055.18121327445,5000.0,6898.316133909353,0,,11124.824
2017-04-28 00:00:00+00:00,97.45,96.92,,85.342384,1.0264288,0.48484848484848486,-5157.8571428571595,16985.08173247121,5000.0,6827.224589614052,0,,11079.1
2017-05-01 00:00:00+00:00,96.93,96.94,,82.95599,1.0435715,0.6666666666666666,-5158.849206349223,16988.58662583122,5000.0,6829.737419481997,0,,11081.386
2017-05-02 00:00:00+00:00,97.12,97.36,,82.27142,1.0792857,0.5137931034482758,-5159.841269841287,17062.190398033857,5000.0,6902.349128192571,0,,11129.3955
2017-05-03 00:00:00+00:00,98.54,97.48,,79.84246,1.0635713,0.6271251290995208,-5160.83333333335,17083.221664331635,5000.0,6922.388330998285,0,,11143.114
2017-05-04 00:00:00+00:00,97.25,98.04,,79.119026,1.1942853,0.99,-5161.825396825414,17181.359573744514,5000.0,7019.5341769191,0,,11207.129
2017-05-05 00:00:00+00:00,98.23,98.15,,93.115295,1.360714,0.5137931034482758,-5162.8174603174775,17200.637021958577,5000.0,7037.819561641099,0,,11219.703
2017-05-08 00:00:00+00:00,97.96,97.13,,91.631775,1.3671423,0.5079452648641516,-5163.809523809541,17021.882700185135,5000.0,6858.073176375594,0,,11103.1045
2017-05-09 00:00:00+00:00,97.41,97.3,,74.41436,1.3621423,0.5818181818181818,-5164.801587301605,17051.676952543432,5000.0,6886.875365241827,0,,11122.539
2017-05-10 00:00:00+00:00,97.48,97.4,,73.50743,1.3735706,0.99,-5165.793650793668,17069.201016966024,5000.0,6903.407366172356,0,,11133.97
2017-05-11 00:00:00+00:00,97.09,96.65,,69.85135,1.3435707,0.6666666666666666,-5166.785714285732,16937.764672522477,5000.0,6770.978958236745,0,,11048.236
2017-05-12 00:00:00+00:00,96.58,95.99,,59.51494,1.4128565,0.8902503341501448,-5167.777777777796,16822.100320165,5000.0,6654.322542387203,0,,10972.789
2017-05-15 00:00:00+00:00,96.23,96.77,,44.94161,1.3999994,0.99,-5168.769841269859,16958.793040366458,5000.0,6790.023199096599,0,,11061.952
2017-05-16 00:00:00+00:00,97.08,98.38,,51.206886,1.4742851,0.5818181818181818,-5169.761904761923,17240.94401829733,5000.0,7071.182113535408,0,,11245.994
2017-05-17 00:00:00+00:00,97.5,97.86,,59.97166,1.5707136,0.5137931034482758,-5170.753968253986,17149.81492788957,5000.0,6979.060959635583,0,,11186.552
2017-05-18 00:00:00+00:00,97.7,98.86,,53.729282,1.5314276,0.6666666666666666,-5171.74603174605,17325.062374857967,5000.0,7153.316343111917,0,,11300.863
2017-05-19 00:00:00+00:00,99.27,100.64,,62.372448,1.6171423,0.5137931034482758,-5172.738095238114,17637.004486831273,5000.0,7464.266391593159,0,,11504.338
2017-05-22 00:00:00+00:00,101.09,102.14,,69.270805,1.6678565,0.5137931034482758,-5173.730158730177,17899.877306014627,5000.0,7726.14714728445,0,,11675.806
2017-05-23 00:00:00+00:00,102.17,103.18,,72.37826,1.7242851,0.5,-5174.722222222241,18082.136403139673,5000.0,7907.4141809174325,0,,11794.691
2017-05-24 00:00:00+00:00,103.34,103.25,,74.56894,1.6971425,0.5137931034482758,-5175.714285714304,18094.403687326783,5000.0,7918.689401612479,0,,11802.692
2017-05-25 00:00:00+00:00,103.5,105.13,,73.44733,1.6064279,0.5137931034482758,-5176.706349206368,18423.871390193537,5000.0,8247.165040987169,0,,12017.6
2017-05-26 00:00:00+00:00,104.9,104.3,,77.096245,1.6728565,0.5137931034482758,-5177.698412698432,18278.416155845473,5000.0,8100.717743147041,0,,11922.721
2017-05-30 00:00:00+00:00,104.13,105.11,,78.250626,1.6721426,0.5818181818181818,-5178.690476190495,18420.366488831434,5000.0,8241.676012640939,0,,12015.3125
2017-05-31 00:00:00+00:00,105.2,106.21,,79.294846,1.7392851,0.5137931034482758,-5179.682539682559,18613.140493015206,5000.0,8433.457953332647,0,,12141.056
2017-06-01 00:00:00+00:00,105.9,105.11,,80.73973,1.8414279,0.5137931034482758,-5180.6746031746225,18420.367110415504,5000.0,8239.692507240881,0,,12015.3125
2017-06-02 00:00:00+00:00,105.45,105.23,,78.81474,1.9014276,0.5818181818181818,-5181.666666666686,18441.397042415716,5000.0,8259.73037574903,0,,12029.03
2017-06-05 00:00:00+00:00,105.19,104.97,,82.673325,1.9764279,0.5818181818181818,-5182.65873015875,18395.832198308133,5000.0,8213.173468149384,0,,11999.309
2017-06-06 00:00:00+00:00,105.24,103.59,,80.10284,1.9378564,0.99,-5183.650793650813,18153.988835679458,5000.0,7970.338042028645,0,,11841.559
2017-06-07 00:00:00+00:00,103.73,103.97,,69.45483,1.979999,0.99,-5184.642857142877,18220.58326284205,5000.0,8035.940405699173,0,,11884.997
2017-06-08 00:00:00+00:00,104.05,103.9,,73.0566,2.0099995,0.99,-5185.6349206349405,18208.315452226925,5000.0,8022.680531591985,0,,11876.994
2017-06-09 00:00:00+00:00,103.94,103.27,,70.45455,1.9392847,0.99,-5186.626984127004,18097.907865476238,5000.0,7911.280881349234,0,,11804.978
2017-06-12 00:00:00+00:00,103.11,103.57,,61.772587,1.9471419,0.99,-5187.619047619068,18150.482490106904,5000.0,7962.863442487836,0,,11839.271
2017-06-13 00:00:00+00:00,103.36,104.21,,57.17151,1.8978566,0.6666666666666666,-5188.611111111131,18262.640360680565,5000.0,8074.029249569434,0,,11912.431
2017-06-14 00:00:00+00:00,103.88,103.89,,55.38139,1.8285713,0.5818181818181818,-5189.603174603195,18206.561050138127,5000.0,8016.957875534932,0,,11875.852
2017-06-15 00:00:00+00:00,102.79,104.39,,53.25865,1.787857,0.5818181818181818,-5190.5952380952585,18294.186254376687,5000.0,8103.591016281429,0,,11933.007
2017-06-16 00:00:00+00:00,104.25,104.79,,45.61613,1.8000003,0.5818181818181818,-5191.587301587322,18364.284896341414,5000.0,8172.697594754092,0,,11978.731
2017-06-19 00:00:00+00:00,105.49,104.7,,53.058655,1.9057138,0.5137931034482758,-5192.579365079386,18348.51175821431,5000.0,8155.9323931349245,0,,11968.442
2017-06-20 00:00:00+00:00,104.34,104.66,,47.187912,1.8671428,0.5137931034482758,-5193.571428571449,18341.502513542346,5000.0,8147.931084970896,0,,11963.87
2017-06-21 00:00:00+00:00,104.86,104.94,,37.56027,1.7914282,0.5137931034482758,-5194.563492063513,18390.571441236774,5000.0,8196.007949173261,0,,11995.877
2017-06-22 00:00:00+00:00,105.06,104.94,,48.42886,1.6892853,0.5137931034482758,-5195.555555555577,18390.571441236774,5000.0,8195.015885681198,0,,11995.877
2017-06-23 00:00:00+00:00,105.0,105.6,,47.25898,1.6364278,0.5818181818181818,-5196.54761904764,18506.2342267784,5000.0,8309.68660773076,0,,12071.322
2017-06-26 00:00:00+00:00,106.01,105.37,,55.535995,1.624285,0.5137931034482758,-5197.539682539704,18465.92740204176,5000.0,8268.387719502058,0,,12045.03
2017-06-27 00:00:00+00:00,105.18,104.68,,69.60359,1.4871428,0.5137931034482758,-5198.531746031767,18345.00503637049,5000.0,8146.473290338723,0,,11966.154
2017-06-28 00:00:00+00:00,105.21,105.28,91.79245,57.31958,1.4749995,0.5137931034482758,-5199.523809523831,18450.15313569206,5000.0,8250.62932616823,0,,12034.74
2017-06-29 00:00:00+00:00,105.19,103.7,91.88145,62.82526,1.5035716,0.5137931034482758,-5200.515873015895,18173.260339090804,5000.0,7972.74446607491,0,,11854.128
2017-06-30 00:00:00+00:00,104.14,103.87,91.9706,53.39653,1.5085716,0.5137931034482758,-5201.507936507958,18203.05296692407,5000.0,8001.545030416113,0,,11873.562
2017-07-03 00:00:00+00:00,104.41,103.21,92.06375,52.41938,1.4557141,0.5137931034482758,-5202.500000000022,18087.38798046035,5000.0,7884.8879804603275,0,,11798.115
2017-07-05 00:00:00+00:00,103.29,103.68,92.1502,41.96142,1.4735712,0.5137931034482758,-5203.492063492085,18169.754234891785,5000.0,7966.2621713997,0,,11851.841
2017-07-06 00:00:00+00:00,103.2,102.62,92.2428,48.351658,1.4507141,0.5137931034482758,-5204.484126984149,17983.99127726556,5000.0,7779.50715028141,0,,11730.671
2017-07-07 00:00:00+00:00,102.63,103.6,92.327,37.22946,1.374285,0.5818181818181818,-5205.476190476213,18155.733663753337,5000.0,7950.2574732771245,0,,11842.695
2017-07-10 00:00:00+00:00,103.63,103.83,92.41535,42.07721,1.2828566,0.5137931034482758,-5206.468253968276,18196.042184994734,5000.0,7989.573931026458,0,,11868.988
2017-07-11 00:00:00+00:00,103.85,103.91,92.50015,44.31375,1.2499994,0.5137931034482758,-5207.46031746034,18210.06131911587,5000.0,8002.60100165553,0,,11878.133
2017-07-12 00:00:00+00:00,104.48,105.25,92.581,45.12354,1.2364279,0.5137931034482758,-5208.4523809524035,18444.892867248527,5000.0,8236.440486296124,0,,12031.31
2017-07-13 00:00:00+00:00,105.33,104.9,92.6711,51.771416,1.2699994,0.5137931034482758,-5209.444444444467,18383.556170030308,5000.0,8174.111725585841,0,,11991.301
2017-07-14 00:00:00+00:00,104.93,105.2,92.7636,49.780216,1.2607138,0.5120458764878287,-5210.436507936531,18436.13003121431,5000.0,8225.69352327778,0,,12025.594
2017-07-17 00:00:00+00:00,105.22,105.52,92.85675,47.711662,1.2257135,0.5137931034482758,-5211.428571428594,18492.2102211584,5000.0,8280.781649729804,0,,12062.174
2017-07-18 00:00:00+00:00,105.67,105.2,92.95095,50.849342,1.2128557,0.5137931034482758,-5212.420634920658,18436.130287286036,5000.0,8223.709652365378,0,,12025.594
2017-07-19 00:00:00+00:00,105.69,106.15,93.0488,53.073265,1.1899992,0.6746677681245513,-5213.4126984127215,18602.6170485762,5000.0,8389.20435016348,0,,12134.189
2017-07-20 00:00:00+00:00,106.1,106.45,93.1518,54.937584,1.1607132,0.5818181818181818,-5214.404761904785,18655.189804672398,5000.0,8440.785042767613,0,,12168.482
2017-07-21 00:00:00+00:00,106.04,106.19,93.25705,68.26029,1.0707136,0.5137931034482758,-5215.396825396849,18609.62600477699,5000.0,8394.229179380141,0,,12138.763
2017-07-24 00:00:00+00:00,106.07,106.19,93.36825,65.22312,1.0985707,0.5818181818181818,-5216.388888888912,18609.62600477699,5000.0,8393.237115888078,0,,12138.763
2017-07-25 00:00:00+00:00,106.42,106.48,93.4805,71.40812,1.037856,0.5818181818181818,-5217.380952380976,18660.44825349137,5000.0,8443.067301110394,0,,12171.913
2017-07-26 00:00:00+00:00,106.5,106.69,93.59085,70.64904,1.0142844,0.5818181818181818,-5218.37301587304,18697.25036129111,5000.0,8478.87734541807,0,,12195.919
2017-07-27 00:00:00+00:00,106.99,106.69,93.70845,84.317116,0.9907128,0.48484848484848486,-5219.365079365103,18697.25036129111,5000.0,8477.885281926006,0,,12195.919
2017-07-28 00:00:00+00:00,106.48,107.08,93.8259,81.21223,0.94999856,0.5137931034482758,-5220.357142857167,18765.59691951372,5000.0,8545.239776656552,0,,12240.5
2017-07-31 00:00:00+00:00,104.06,107.32,93.9548,81.80048,0.954998,0.5137931034482758,-5221.34920634923,18807.6553859105,5000.0,8586.30617956127,0,,12267.935
2017-08-01 00:00:00+00:00,109.67,107.38,94.07795,82.35302,1.1557127,0.5137931034482758,-5222.341269841294,18818.170587450484,5000.0,8595.82931760919,0,,12274.793
2017-08-02 00:00:00+00:00,107.3,105.69,94.2038,76.69181,1.2528555,0.5818181818181818,-5223.333333333358,18522.002171361393,5000.0,8298.668838028036,0,,12081.607
2017-08-03 00:00:00+00:00,105.7,105.9,94.31885,57.41092,1.339998,0.5137931034482758,-5224.325396825421,18558.805027352788,5000.0,8334.479630527367,0,,12105.614
2017-08-04 00:00:00+00:00,106.27,106.03,94.4363,56.679455,1.3771411,0.5137931034482758,-5225.317460317485,18581.58592441779,5000.0,8356.268464100303,0,,12120.474
2017-08-07 00:00:00+00:00,106.0,106.62,94.55385,55.049545,1.397856,0.5137931034482758,-5226.309523809548,18684.982252840808,5000.0,8458.67272903126,0,,12187.917
2017-08-08 00:00:00+00:00,106.58,106.58,94.6761,63.34596,1.4099988,0.5137931034482758,-5227.301587301612,18677.972551213352,5000.0,8450.67096391174,0,,12183.345
2017-08-09 00:00:00+00:00,106.14,106.37,94.79975,54.87531,1.3914272,0.5137931034482758,-5228.293650793676,18641.17039413166,5000.0,8412.876743337983,0,,12159.339
2017-08-10 00:00:00+00:00,106.13,106.07,94.9226,49.07414,1.39357,0.5137931034482758,-5229.285714285739,18588.595348265317,5000.0,8359.309633979577,0,,12125.045
2017-08-11 00:00:00+00:00,106.16,105.74,95.04115,48.62382,1.3664273,0.5137931034482758,-5230.277777777803,18530.762814465106,5000.0,8300.485036687303,0,,12087.321
2017-08-14 00:00:00+00:00,106.47,106.35,95.162,45.202503,1.4042848,0.5818181818181818,-5231.269841269866,18637.664842177022,5000.0,8406.395000907156,0,,12157.052
2017-08-15 00:00:00+00:00,106.48,106.51,95.29165,48.702545,1.4221426,0.5818181818181818,-5232.26190476193,18665.705962702992,5000.0,8433.444057941062,0,,12175.342
2017-08-16 00:00:00+00:00,105.0,101.59,95.42645,48.185482,1.500714,0.5137931034482758,-5233.253968253994,17803.48316407995,5000.0,7570.229195825956,0,,11612.928
2017-08-17 00:00:00+00:00,101.54,98.72,95.5333,24.190266,1.8921427,0.5137931034482758,-5234.246031746057,17300.521343012864,5000.0,7066.275311266807,0,,11284.8545
2017-08-18 00:00:00+00:00,99.0,98.44,95.6218,16.181229,2.0800002,0.5137931034482758,-5235.238095238121,17251.452098860125,5000.0,7016.214003622004,0,,11252.848
2017-08-21 00:00:00+00:00,98.25,99.3,95.7113,14.193563,1.9121426,0.99,-5236.2301587301845,17402.165145299412,5000.0,7165.9349865692275,0,,11351.155
2017-08-22 00:00:00+00:00,99.49,100.4,95.80535,19.393972,1.8107141,0.5137931034482758,-5237.222222222248,17594.938033974977,5000.0,7357.715811752729,0,,11476.898
2017-08-23 00:00:00+00:00,99.99,100.33,95.906,29.024593,1.7564288,0.5137931034482758,-5238.214285714312,17582.670921828158,5000.0,7344.456636113846,0,,11468.896
2017-08-24 00:00:00+00:00,100.51,99.58,96.0058,27.666416,1.7242862,0.5137931034482758,-5239.206349206375,17451.23489134127,5000.0,7212.028542134896,0,,11383.163
2017-08-25 00:00:00+00:00,99.95,100.08,96.09495,25.362906,1.7314284,0.5137931034482758,-5240.198412698439,17538.859204412438,5000.0,7298.660791713999,0,,11440.318
2017-08-28 00:00:00+00:00,100.28,100.48,96.176,24.846165,1.7178574,0.5137931034482758,-5241.1904761905025,17608.959377338095,5000.0,7367.768901147592,0,,11486.044
2017-08-29 00:00:00+00:00,100.62,101.08,96.25995,27.17068,1.697143,0.5137931034482758,-5242.182539682566,17714.107976983025,5000.0,7471.925437300459,0,,11554.631
2017-08-30 00:00:00+00:00,101.24,101.56,96.34775,30.763643,1.7085713,0.5137931034482758,-5243.17460317463,17798.226997834056,5000.0,7555.052394659426,0,,11609.501
2017-08-31 00:00:00+00:00,102.07,103.07,96.43265,33.81191,1.6949997,0.5137931034482758,-5244.166666666693,18062.851410802676,5000.0,7818.684744135982,0,,11782.111
2017-09-01 00:00:00+00:00,103.29,102.55,96.52455,41.1648,1.7185707,0.48484848484848486,-5245.158730158757,17971.72330771852,5000.0,7726.564577559762,0,,11722.67
2017-09-05 00:00:00+00:00,102.24,101.81,96.6139,37.350212,1.7485701,0.5137931034482758,-5246.150793650821,17842.038699601835,5000.0,7595.887905951015,0,,11638.079
2017-09-06 00:00:00+00:00,102.11,101.49,96.69705,34.935883,1.701428,0.5137931034482758,-5247.142857142884,17785.95882158476,5000.0,7538.815964441877,0,,11601.498
2017-09-07 00:00:00+00:00,101.51,101.8,96.77175,49.54546,1.3121425,0.5137931034482758,-5248.134920634948,17840.286026156184,5000.0,7592.151105521236,0,,11636.936
2017-09-08 00:00:00+00:00,101.78,101.97,96.8472,68.24645,1.1392854,0.5818181818181818,-5249.126984127011,17870.077229494615,5000.0,7620.950245367603,0,,11656.368
2017-09-11 00:00:00+00:00,102.57,102.5,96.91605,71.18846,1.1521426,0.5818181818181818,-5250.119047619075,17962.959533362337,5000.0,7712.8404857432615,0,,11716.953
2017-09-12 00:00:00+00:00,102.66,102.64,96.9865,69.99998,1.1321428,0.5818181818181818,-5251.111111111139,17987.495140501596,5000.0,7736.384029390458,0,,11732.957
2017-09-13 00:00:00+00:00,102.59,102.1,97.0551,65.90907,1.0950001,0.99,-5252.103174603202,17892.860712860762,5000.0,7640.75753825756,0,,11671.229
2017-09-14 00:00:00+00:00,101.99,102.02,97.1217,61.784264,1.1164284,0.99,-5253.095238095266,17878.840535321695,5000.0,7625.745297226429,0,,11662.084
2017-09-15 00:00:00+00:00,101.88,101.74,97.1888,67.83621,1.1085718,0.6605581791851382,-5254.087301587329,17829.771065673725,5000.0,7575.683764086396,0,,11630.076
2017-09-18 00:00:00+00:00,101.95,102.41,97.25585,62.537727,1.1014284,0.5818181818181818,-5255.079365079393,17947.188644726295,5000.0,7692.109279646902,0,,11706.666
2017-09-19 00:00:00+00:00,102.19,102.23,97.3357,64.00579,1.1042862,0.5818181818181818,-5256.071428571457,17915.64427534131,5000.0,7659.572846769854,0,,11686.09
2017-09-20 00:00:00+00:00,102.19,101.58,97.42395,58.887173,1.0692863,0.5818181818181818,-5257.06349206352,17801.73291354067,5000.0,7544.669421477149,0,,11611.787
2017-09-21 00:00:00+00:00,101.39,102.03,97.50455,50.150635,1.1428577,0.5818181818181818,-5258.055555555584,17880.593458317595,5000.0,7622.537902762011,0,,11663.228
2017-09-22 00:00:00+00:00,101.6,102.26,97.5804,40.68101,1.1007146,0.5818181818181818,-5259.0476190476475,17920.900744377068,5000.0,7661.85312532942,0,,11689.519
2017-09-25 00:00:00+00:00,102.26,101.49,97.6531,47.25898,1.062858,0.5818181818181818,-5260.039682539711,17785.958964344125,5000.0,7525.919281804414,0,,11601.498
2017-09-26 00:00:00+00:00,101.79,101.18,97.7153,46.992493,1.0500003,0.6666666666666666,-5261.031746031775,17731.63281946241,5000.0,7470.6010734306365,0,,11566.062
2017-09-27 00:00:00+00:00,101.7,101.74,97.77405,47.08101,1.052857,0.5818181818181818,-5262.023809523838,17829.77118145787,5000.0,7567.7473719340305,0,,11630.076
2017-09-28 00:00:00+00:00,101.71,102.62,97.83535,49.460384,1.0507143,0.5818181818181818,-5263.015873015902,17983.99134973659,5000.0,7720.975476720687,0,,11730.672
2017-09-29 00:00:00+00:00,102.37,102.79,97.90055,55.183414,1.0535715,0.6666666666666666,-5264.0079365079655,18013.782412067303,5000.0,7749.774475559338,0,,11750.1045
2017-10-02 00:00:00+00:00,102.71,102.84,97.9621,52.453472,1.0342859,0.5818181818181818,-5265.000000000029,18022.54384569744,5000.0,7757.543845697412,0,,11755.819
2017-10-03 00:00:00+00:00,103.21,103.63,98.0291,51.718185,1.0157138,0.5818181818181818,-5265.992063492093,18160.990263198026,5000.0,7894.998199705933,0,,11846.125
2017-10-04 00:00:00+00:00,103.7,103.92,98.09935,62.60294,1.0042856,0.5137931034482758,-5266.984126984156,18211.812669779498,5000.0,7944.8285427953415,0,,11879.276
2017-10-05 00:00:00+00:00,104.1,103.87,98.1717,65.12739,0.9892856,0.5137931034482758,-5267.97619047622,18203.051529667944,5000.0,7935.075339191724,0,,11873.562
2017-10-06 00:00:00+00:00,103.57,104.41,98.24425,67.60334,1.0014284,0.5137931034482758,-5268.9682539682835,18297.686215215337,5000.0,8028.717961247054,0,,11935.29
2017-10-09 00:00:00+00:00,104.54,105.31,98.3184,66.8919,1.0107138,0.5818181818181818,-5269.960317460347,18455.408342038976,5000.0,8185.448024578629,0,,12038.17
2017-10-10 00:00:00+00:00,105.72,105.32,98.3993,73.19276,1.0471426,0.5137931034482758,-5270.952380952411,18457.161786764085,5000.0,8186.2094058116745,0,,12039.313
2017-10-11 00:00:00+00:00,105.27,104.88,98.48135,81.16669,0.98428565,0.5137931034482758,-5271.944444444474,18380.052394669707,5000.0,8108.107950225232,0,,11989.017
2017-10-12 00:00:00+00:00,104.76,105.18,98.5587,73.78964,0.96571404,0.5818181818181818,-5272.936507936538,18432.627191013762,5000.0,8159.690683077224,0,,12023.311
2017-10-13 00:00:00+00:00,105.68,105.1,98.63705,74.09241,0.9535708,0.6666666666666666,-5273.928571428602,18418.607060642636,5000.0,8144.678489214035,0,,12014.166
2017-10-16 00:00:00+00:00,105.32,104.97,98.7181,83.6127,0.91928536,0.5137931034482758,-5274.920634920665,18395.8247984531,5000.0,8120.904163532436,0,,11999.306
2017-10-17 00:00:00+00:00,105.08,104.35,98.79705,86.512566,1.009286,0.48484848484848486,-5275.912698412729,18287.170546008718,5000.0,8011.257847595989,0,,11928.432
2017-10-18 00:00:00+00:00,104.17,104.16,98.8749,74.85715,1.0235716,0.9157212073958565,-5276.904761904792,18253.874306711987,5000.0,7976.969544807194,0,,11906.713
2017-10-19 00:00:00+00:00,104.14,105.47,98.95125,66.88601,0.96142906,0.5818181818181818,-5277.896825396856,18483.44997017209,5000.0,8205.553144775233,0,,12056.462
2017-10-20 00:00:00+00:00,105.7,105.78,99.0299,73.50882,1.0071433,0.5818181818181818,-5278.88888888892,18537.77697442173,5000.0,8258.88808553281,0,,12091.897
2017-10-23 00:00:00+00:00,106.07,106.4,99.106,74.66448,1.0178583,0.5818181818181818,-5279.880952380983,18646.4321193848,5000.0,8366.551167003818,0,,12162.771
2017-10-24 00:00:00+00:00,106.26,106.04,99.18375,73.920616,1.0100011,0.5818181818181818,-5280.873015873047,18583.34270578621,5000.0,8302.469689913163,0,,12121.619
2017-10-25 00:00:00+00:00,105.92,106.92,99.2629,68.08878,0.99142945,0.5818181818181818,-5281.86507936511,18737.56130826034,5000.0,8455.69622889523,0,,12222.214
2017-10-26 00:00:00+00:00,107.38,108.84,99.35,72.7952,0.99714386,0.5137931034482758,-5282.857142857174,19074.037875384758,5000.0,8791.180732527584,0,,12441.692
2017-10-27 00:00:00+00:00,108.72,110.44,99.4478,77.44732,1.105715,0.5137931034482758,-5283.849206349238,19354.43637876921,5000.0,9070.587172419971,0,,12624.592
2017-10-30 00:00:00+00:00,109.98,110.54,99.55365,79.24745,1.3914293,0.01,-5284.841269841301,19371.96208729357,5000.0,9087.120817452269,0,,12636.023
2017-10-31 00:00:00+00:00,110.43,110.13,99.65365,79.458244,1.4378575,0.5137931034482758,-5285.833333333365,19300.10997209352,5000.0,9014.276638760155,0,,12589.155
2017-11-01 00:00:00+00:00,110.58,109.76,99.75335,79.728195,1.4900006,0.5,-5286.8253968254285,19235.269017636176,5000.0,8948.443620810747,0,,12546.861
2017-11-02 00:00:00+00:00,109.92,110.97,99.8514,75.73036,1.5564291,0.5818181818181818,-5287.817460317492,19447.31858982681,5000.0,9159.501129509317,0,,12685.178
2017-11-03 00:00:00+00:00,110.96,111.61,99.955,79.26225,1.6485716,0.48484848484848486,-5288.809523809556,19559.477993791785,5000.0,9270.668469982229,0,,12758.337
2017-11-06 00:00:00+00:00,111.8,111.8,100.0592,81.49907,1.5592859,0.5137931034482758,-5289.801587301619,19592.77659413517,5000.0,9302.975006833552,0,,12780.058
2017-11-07 00:00:00+00:00,111.46,112.56,100.16305,86.84476,1.5221426,0.48484848484848486,-5290.793650793683,19725.964185271147,5000.0,9435.170534477464,0,,12866.934
2017-11-08 00:00:00+00:00,113.91,113.86,100.26985,89.32584,1.6014284,0.48484848484848486,-5291.7857142857465,19953.788672257047,5000.0,9662.002957971301,0,,13015.54
2017-11-09 00:00:00+00:00,113.95,113.96,100.38565,89.31584,1.7028569,0.01,-5292.77777777781,19971.31238550584,5000.0,9678.53460772803,0,,13026.971
2017-11-10 00:00:00+00:00,113.66,113.69,100.50695,89.10134,1.782142,0.48484848484848486,-5293.769841269874,19923.995852416472,5000.0,9630.226011146598,0,,12996.107
2017-11-13 00:00:00+00:00,113.42,112.85,100.62515,86.053444,1.7764276,0.5137931034482758,-5294.761904761937,19776.786768271064,5000.0,9482.024863509127,0,,12900.086
2017-11-14 00:00:00+00:00,112.98,113.1,100.73875,82.15298,1.8114275,0.5818181818181818,-5295.753968254001,19820.599973668377,5000.0,9524.846005414376,0,,12928.665
2017-11-15 00:00:00+00:00,112.62,112.34,100.85535,81.0241,1.7785704,0.5137931034482758,-5296.746031746065,19687.411320686177,5000.0,9390.665288940112,0,,12841.787
2017-11-16 00:00:00+00:00,112.7,112.19,100.97165,69.88636,1.6921419,0.99,-5297.738095238128,19661.12461727873,5000.0,9363.3865220406,0,,12824.642
2017-11-17 00:00:00+00:00,112.07,112.08,101.08735,61.904778,1.4064276,0.5137931034482758,-5298.730158730192,19641.846955242654,5000.0,9343.116796512462,0,,12812.067
2017-11-20 00:00:00+00:00,112.34,112.44,101.1966,60.46197,1.3864278,0.5137931034482758,-5299.722222222255,19704.93607853487,5000.0,9405.213856312614,0,,12853.22
2017-11-21 00:00:00+00:00,112.89,113.35,101.31035,65.80033,1.3492851,0.5137931034482758,-5300.714285714319,19864.410464555975,5000.0,9563.696178841656,0,,12957.243
2017-11-22 00:00:00+00:00,113.3,114.22,101.42705,72.86625,1.302142,0.5818181818181818,-5301.706349206383,20016.87794571267,5000.0,9715.171596506287,0,,13056.695
2017-11-24 00:00:00+00:00,114.44,114.57,101.5505,71.63783,1.2549994,0.5818181818181818,-5302.698412698446,20078.215160134245,5000.0,9775.516747435799,0,,13096.704
2017-11-27 00:00:00+00:00,114.57,114.96,101.66925,70.49863,1.2557133,0.5137931034482758,-5303.69047619051,20146.561831464893,5000.0,9842.871355274383,0,,13141.286
2017-11-28 00:00:00+00:00,115.06,115.33,101.79105,71.2938,1.2514278,0.5137931034482758,-5304.682539682573,20211.404177523706,5000.0,9906.721637841132,0,,13183.582
2017-11-29 00:00:00+00:00,114.99,113.9,101.9103,69.70132,1.2114279,0.5137931034482758,-5305.674603174637,19960.799003064178,5000.0,9655.12439988954,0,,13020.116
2017-11-30 00:00:00+00:00,114.08,115.32,102.02455,50.279335,1.1507138,0.5818181818181818,-5306.666666666701,20209.650817398506,5000.0,9902.984150731805,0,,13182.438
2017-12-01 00:00:00+00:00,115.12,114.03,102.14275,58.018875,1.2692854,0.6666666666666666,-5307.658730158764,19983.57956593728,5000.0,9675.920835778517,0,,13034.976
2017-12-04 00:00:00+00:00,114.51,115.48,102.2517,51.789455,1.4585707,0.5137931034482758,-5308.650793650828,20237.689478895303,5000.0,9929.038685244475,0,,13200.728
2017-12-05 00:00:00+00:00,115.45,114.77,102.36645,63.006947,1.5492853,0.5137931034482758,-5309.642857142891,20113.261317207034,5000.0,9803.618460064143,0,,13119.565
2017-12-06 00:00:00+00:00,116.01,115.88,102.4745,57.8997,1.5885707,0.5137931034482758,-5310.634920634955,20307.78810924766,5000.0,9997.153188612705,0,,13246.451
2017-12-07 00:00:00+00:00,115.89,116.81,102.58705,66.208786,1.6914281,0.5137931034482758,-5311.626984127019,20470.768811037382,5000.0,10159.141826910363,0,,13352.762
2017-12-08 00:00:00+00:00,117.28,117.29,102.70185,69.743546,1.7028563,0.5137931034482758,-5312.619047619082,20554.888592494004,5000.0,10242.269544874922,0,,13407.631
2017-12-11 00:00:00+00:00,117.1,116.89,102.8148,71.582405,1.6742853,0.48484848484848486,-5313.611111111146,20484.789446979747,5000.0,10171.1783358686,0,,13361.906
2017-12-12 00:00:00+00:00,116.97,116.31,102.92545,68.37321,1.6757137,0.5137931034482758,-5314.6031746032095,20383.144588149644,5000.0,10068.541413546434,0,,13295.604
2017-12-13 00:00:00+00:00,116.25,116.27,103.03815,62.56364,1.6771425,0.5818181818181818,-5315.595238095273,20376.134441515445,5000.0,10060.539203420172,0,,13291.031
2017-12-14 00:00:00+00:00,116.3,116.06,103.14285,59.36069,1.6649998,0.5818181818181818,-5316.587301587337,20339.332291155886,5000.0,10022.74498956855,0,,13267.026
2017-12-15 00:00:00+00:00,116.34,118.24,103.2508,56.891743,1.6707143,0.5818181818181818,-5317.5793650794,20721.37512485613,5000.0,10403.79575977673,0,,13516.227
2017-12-18 00:00:00+00:00,118.78,118.28,103.367,63.015846,1.7842859,0.5137931034482758,-5318.571428571464,20728.38549685162,5000.0,10409.814068280157,0,,13520.8
2017-12-19 00:00:00+00:00,118.35,117.89,103.48535,62.02116,1.8135713,0.5818181818181818,-5319.5634920635275,20660.0384267954,5000.0,10340.474934731872,0,,13476.218
2017-12-20 00:00:00+00:00,118.05,117.82,103.60245,67.76488,1.7378567,0.5818181818181818,-5320.555555555591,20647.770878782205,5000.0,10327.215323226614,0,,13468.216
2017-12-21 00:00:00+00:00,118.8,117.41,103.7202,62.651794,1.5485709,0.5137931034482758,-5321.547619047655,20575.919973396885,5000.0,10254.37235434923,0,,13421.349
2017-12-22 00:00:00+00:00,117.35,116.84,103.83695,68.77777,1.4421425,0.5137931034482758,-5322.539682539718,20476.026805319823,5000.0,10153.487122780105,0,,13356.189
2017-12-26 00:00:00+00:00,116.51,116.83,103.94895,58.37432,1.3278569,0.5818181818181818,-5323.531746031782,20474.27543617338,5000.0,10150.743690141597,0,,13355.048
2017-12-27 00:00:00+00:00,116.85,116.92,104.05755,63.881424,1.3085715,0.5818181818181818,-5324.523809523846,20490.04739355517,5000.0,10165.523584031325,0,,13365.336
2017-12-28 00:00:00+00:00,117.13,117.29,104.16795,58.125004,1.1614282,0.5818181818181818,-5325.515873015909,20554.888759143993,5000.0,10229.372886128083,0,,13407.631
2017-12-29 00:00:00+00:00,117.45,116.96,104.27765,54.109615,1.1214284,0.5137931034482758,-5326.507936507973,20497.05598349238,5000.0,10170.548046984408,0,,13369.907
2018-01-02 00:00:00+00:00,117.32,116.19,104.3887,47.100163,1.1364278,0.5818181818181818,-5327.500000000036,20362.115816397152,5000.0,10034.615816397116,0,,13281.888
2018-01-03 00:00:00+00:00,116.19,116.34,104.49415,44.224445,1.2135707,0.5818181818181818,-5328.4920634921,20388.40162593501,5000.0,10059.90956244291,0,,13299.033
2018-01-04 00:00:00+00:00,117.02,118.64,104.6034,50.26642,1.2307135,0.5137931034482758,-5329.484126984164,20791.47356893736,5000.0,10461.989441953196,0,,13561.951
2018-01-05 00:00:00+00:00,118.78,119.78,104.72715,65.01904,1.3449991,0.5818181818181818,-5330.476190476227,20991.256027126394,5000.0,10660.779836650167,0,,13692.266
2018-01-08 00:00:00+00:00,119.47,119.82,104.8575,71.08846,1.3578557,0.5137931034482758,-5331.468253968291,20998.265117088875,5000.0,10666.796863120584,0,,13696.838
2018-01-09 00:00:00+00:00,119.94,121.02,104.98925,61.826374,1.25357,0.5137931034482758,-5332.460317460354,21208.56296972627,5000.0,10876.102652265916,0,,13834.012
2018-01-10 00:00:00+00:00,120.46,122.33,105.1277,67.4745,1.2449989,0.5137931034482758,-5333.452380952418,21438.138884097643,5000.0,11104.686503145225,0,,13983.76
2018-01-11 00:00:00+00:00,122.27,122.68,105.27125,75.3425,1.3335702,0.5137931034482758,-5334.444444444482,21499.476447058893,5000.0,11165.03200261441,0,,14023.769
2018-01-12 00:00:00+00:00,122.86,123.38,105.4159,76.880554,1.3721422,0.5137931034482758,-5335.436507936545,21622.148878606775,5000.0,11286.71237067023,0,,14103.786
2018-01-16 00:00:00+00:00,123.95,123.73,105.5627,81.99355,1.3414279,0.48484848484848486,-5336.428571428609,21683.487097875597,5000.0,11347.058526446988,0,,14143.796
2018-01-17 00:00:00+00:00,124.19,124.79,105.711754,87.81566,1.3571423,0.01,-5337.4206349206725,21869.24900262652,5000.0,11531.828367705846,0,,14264.965
2018-01-18 00:00:00+00:00,125.5,124.43,105.8702,89.17324,1.4264281,0.01,-5338.412698412736,21806.159175820503,5000.0,11467.746477407767,0,,14223.8125
2018-01-19 00:00:00+00:00,124.44,125.15,106.0283,86.00193,1.4635713,0.5137931034482758,-5339.4047619048,21932.3387477345,5000.0,11592.933985829699,0,,14306.117
2018-01-22 00:00:00+00:00,124.75,125.32,106.1904,86.456406,1.5171427,0.48484848484848486,-5340.396825396863,21962.131414173367,5000.0,11621.734588776504,0,,14325.551
2018-01-23 00:00:00+00:00,124.74,126.0,106.35455,89.35972,1.499286,0.48484848484848486,-5341.388888888927,22081.301638567016,5000.0,11739.91274967809,0,,14403.283
2018-01-24 00:00:00+00:00,126.32,125.15,106.52375,96.58119,1.4621435,0.41078041023744777,-5342.3809523809905,21932.341308190906,5000.0,11589.960355809915,0,,14306.12
2018-01-25 00:00:00+00:00,125.68,125.55,106.68965,89.2253,1.5207155,0.5137931034482758,-5343.373015873054,22002.439708642316,5000.0,11659.066692769262,0,,14351.844
2018-01-26 00:00:00+00:00,125.61,126.53,106.856,87.0311,1.4278581,0.48484848484848486,-5344.365079365118,22174.181640944134,5000.0,11829.816561579017,0,,14463.868
2018-01-29 00:00:00+00:00,126.06,126.41,107.0208,86.8048,1.4592868,0.01,-5345.357142857181,22153.15232332141,5000.0,11807.795180464229,0,,14450.15
2018-01-30 00:00:00+00:00,126.04,125.25,107.183304,85.62167,1.5014294,0.5137931034482758,-5346.349206349245,21949.864082942953,5000.0,11603.514876593708,0,,14317.55
2018-01-31 00:00:00+00:00,125.27,124.66,107.3444,72.96419,1.5021433,0.99,-5347.3412698413085,21846.468039256386,5000.0,11499.126769415077,0,,14250.105
2018-02-01 00:00:00+00:00,124.48,124.66,107.49685,63.722054,1.4657152,0.5818181818181818,-5348.333333333372,21846.468039256386,5000.0,11498.134705923014,0,,14250.105
2018-02-02 00:00:00+00:00,123.94,122.96,107.64805,62.162193,1.4578574,0.99,-5349.325396825436,21548.545013045983,5000.0,11199.219616220547,0,,14055.775
2018-02-05 00:00:00+00:00,122.35,117.97,107.78895,47.702415,1.4857146,0.5137931034482758,-5350.317460317499,20674.055511301925,5000.0,10323.738050984426,0,,13485.36
2018-02-06 00:00:00+00:00,115.88,117.97,107.90115,29.100124,1.7764282,0.5137931034482758,-5351.309523809563,20674.055511301925,5000.0,10322.745987492362,0,,13485.36
2018-02-07 00:00:00+00:00,118.27,117.23,108.01285,23.191813,1.9728568,0.5137931034482758,-5352.301587301627,20544.371444409695,5000.0,10192.069857108068,0,,13400.77
2018-02-08 00:00:00+00:00,117.6,114.37,108.11645,22.519077,2.0828564,0.5137931034482758,-5353.29365079369,20043.161115231473,5000.0,9689.867464437782,0,,13073.838
2018-02-09 00:00:00+00:00,115.28,115.33,108.20515,14.632527,2.2957137,0.5818181818181818,-5354.285714285754,20211.398689385096,5000.0,9857.112975099342,0,,13183.577
2018-02-12 00:00:00+00:00,116.7,116.3,108.29695,18.839664,2.4657135,0.5137931034482758,-5355.277777777817,20381.39054299548,5000.0,10026.112765217662,0,,13294.46
2018-02-13 00:00:00+00:00,115.79,117.13,108.39185,20.281858,2.489999,0.5137931034482758,-5356.269841269881,20526.8464646022,5000.0,10170.57662333232,0,,13389.338
2018-02-14 00:00:00+00:00,116.51,119.28,108.4929,25.39874,2.470713,0.5137931034482758,-5357.261904761945,20903.631658495273,5000.0,10546.369753733328,0,,13635.109
2018-02-15 00:00:00+00:00,119.86,120.91,108.6046,32.631554,2.5935702,0.5137931034482758,-5358.253968254008,21189.286442686916,5000.0,10831.032474432908,0,,13821.4375
2018-02-16 00:00:00+00:00,120.84,122.08,108.72235,34.973274,2.6635704,0.5,-5359.246031746072,21394.32617614594,5000.0,11035.080144399868,0,,13955.182
2018-02-20 00:00:00+00:00,122.31,121.01,108.84535,39.03797,2.697142,0.5137931034482758,-5360.238095238135,21206.810388332877,5000.0,10846.572293094741,0,,13832.868
2018-02-21 00:00:00+00:00,121.05,119.43,108.9602,39.216686,2.714999,0.5137931034482758,-5361.230158730199,20929.916995338648,5000.0,10568.686836608449,0,,13652.256
2018-02-22 00:00:00+00:00,119.66,120.16,109.0666,37.336555,2.76357,0.5137931034482758,-5362.222222222263,21057.847703749267,5000.0,10695.625481527004,0,,13735.703
2018-02-23 00:00:00+00:00,120.65,121.95,109.18175,39.476147,2.7564273,0.5137931034482758,-5363.214285714326,21371.54120600895,5000.0,11008.326920294625,0,,13940.32
2018-02-26 00:00:00+00:00,122.55,121.44,109.305,47.647877,2.7671416,0.5137931034482758,-5364.20634920639,21282.16582489113,5000.0,10917.95947568474,0,,13882.021
2018-02-27 00:00:00+00:00,121.16,119.56,109.4252,60.2119,2.5335705,0.5137931034482758,-5365.1984126984535,20952.69798688979,5000.0,10587.499574191337,0,,13667.115
2018-02-28 00:00:00+00:00,119.56,117.3,109.53975,54.213028,2.4214275,0.5137931034482758,-5366.190476190517,20556.63752187126,5000.0,10190.447045680743,0,,13408.7705
2018-03-01 00:00:00+00:00,117.52,117.68,109.6463,50.171654,2.519285,0.5818181818181818,-5367.182539682581,20623.231004920755,5000.0,10256.048465238175,0,,13452.208
2018-03-02 00:00:00+00:00,116.8,119.09,109.75085,59.240646,2.3378563,0.5818181818181818,-5368.174603174644,20870.330443239196,5000.0,10502.155840064552,0,,13613.388
2018-03-05 00:00:00+00:00,118.42,121.01,109.8544,60.239643,2.3571422,0.5137931034482758,-5369.166666666708,21206.809030683675,5000.0,10837.642364016967,0,,13832.867
2018-03-06 00:00:00+00:00,121.23,121.9,109.97015,62.19576,2.466428,0.5137931034482758,-5370.1587301587715,21362.779519465254,5000.0,10992.620789306482,0,,13934.604
2018-03-07 00:00:00+00:00,121.08,122.21,110.08535,62.31287,2.4457135,0.5137931034482758,-5371.150793650835,21417.107028330698,5000.0,11045.956234679863,0,,13970.041
2018-03-08 00:00:00+00:00,122.77,122.39,110.1932,58.35711,2.3242848,0.5137931034482758,-5372.142857142899,21448.650802617805,5000.0,11076.507945474907,0,,13990.617
2018-03-09 00:00:00+00:00,123.0,123.93,110.29445,54.601982,2.234999,0.5137931034482758,-5373.134920634962,21718.534434028155,5000.0,11345.399513393193,0,,14166.658
2018-03-12 00:00:00+00:00,123.91,123.41,110.3982,55.6231,2.2264273,0.5137931034482758,-5374.126984127026,21627.40630934505,5000.0,11253.279325218024,0,,14107.217
2018-03-13 00:00:00+00:00,123.93,124.06,110.499,57.54718,2.1699986,0.6666666666666666,-5375.1190476190895,21741.31580011628,5000.0,11366.196752497191,0,,14181.519
2018-03-14 00:00:00+00:00,124.41,125.01,110.59365,65.46427,2.0921419,0.5818181818181818,-5376.111111111153,21907.80312471794,5000.0,11531.692013606786,0,,14290.116
2018-03-15 00:00:00+00:00,125.01,125.01,110.6972,65.96447,2.0942845,0.5137931034482758,-5377.103174603217,21907.80312471794,5000.0,11530.699950114722,0,,14290.116
2018-03-16 00:00:00+00:00,125.08,125.25,110.7967,61.417942,2.027856,0.5818181818181818,-5378.09523809528,21949.863162488637,5000.0,11571.767924393356,0,,14317.551
2018-03-19 00:00:00+00:00,124.99,124.9,110.8919,64.50876,1.9821413,0.99,-5379.087301587344,21888.52679507322,5000.0,11509.439493485876,0,,14277.542
2018-03-20 00:00:00+00:00,124.86,125.36,110.99085,73.01729,1.8928555,0.5818181818181818,-5380.079365079408,21969.141604506895,5000.0,11589.062239427487,0,,14330.125
2018-03-21 00:00:00+00:00,125.45,125.33,111.0915,91.12249,1.7028558,0.48484848484848486,-5381.071428571471,21963.884111038245,5000.0,11582.812682466774,0,,14326.695
2018-03-22 00:00:00+00:00,124.32,122.49,111.1933,90.47624,1.6478555,0.48484848484848486,-5382.063492063535,21466.178195949953,5000.0,11084.114703886418,0,,14002.049
2018-03-23 00:00:00+00:00,122.46,119.2,111.2878,65.62501,1.6107123,0.5818181818181818,-5383.055555555598,20889.610751771495,5000.0,10506.555196215897,0,,13625.963
2018-03-26 00:00:00+00:00,120.7,120.88,111.36395,42.61222,1.6092834,0.5137931034482758,-5384.047619047662,21184.028823228786,5000.0,10799.981204181124,0,,13818.007
2018-03-27 00:00:00+00:00,121.38,119.72,111.44885,46.08894,1.6364267,0.5818181818181818,-5385.039682539726,20980.74077731515,5000.0,10595.701094775424,0,,13685.405
2018-03-28 00:00:00+00:00,119.67,119.54,111.5311,41.03672,1.7328557,0.5137931034482758,-5386.031746031789,20949.19566362598,5000.0,10563.16391759419,0,,13664.828
2018-03-29 00:00:00+00:00,119.94,120.95,111.61095,39.74082,1.7478561,0.5137931034482758,-5387.023809523853,21196.29484443613,5000.0,10809.271034912275,0,,13826.008
2018-04-02 00:00:00+00:00,120.52,119.36,111.69465,39.17149,1.8107136,0.5818181818181818,-5388.015873015916,20917.64997150071,5000.0,10529.634098484792,0,,13644.252
2018-04-03 00:00:00+00:00,120.21,119.69,111.772,36.345222,1.9564279,0.5137931034482758,-5389.00793650798,20975.48103693362,5000.0,10586.47310042564,0,,13681.975
2018-04-04 00:00:00+00:00,118.9,120.25,111.8485,34.94143,2.0542853,0.5137931034482758,-5390.000000000044,21073.619569540886,5000.0,10683.619569540842,0,,13745.988
2018-04-05 00:00:00+00:00,120.66,120.39,111.9258,33.144455,2.1671426,0.5137931034482758,-5390.992063492107,21098.153433647556,5000.0,10707.161370155449,0,,13761.991
2018-04-06 00:00:00+00:00,119.75,118.38,112.00425,33.800816,2.1900003,0.5137931034482758,-5391.984126984171,20745.904195037758,5000.0,10353.920068053587,0,,13532.225
2018-04-09 00:00:00+00:00,118.65,118.49,112.07285,28.571407,2.2814293,0.5137931034482758,-5392.9761904762345,20765.182044616653,5000.0,10372.205854140419,0,,13544.799
2018-04-10 00:00:00+00:00,119.93,120.55,112.1406,29.702324,2.2757149,0.5137931034482758,-5393.968253968298,21126.194759644808,5000.0,10732.22650567651,0,,13780.281
2018-04-11 00:00:00+00:00,119.64,120.21,112.21865,36.17022,2.3871434,0.5818181818181818,-5394.960317460362,21066.609759974326,5000.0,10671.649442513964,0,,13741.416
2018-04-12 00:00:00+00:00,120.53,120.14,112.2917,35.53672,2.4142864,0.5137931034482758,-5395.952380952425,21054.34188565269,5000.0,10658.389504700266,0,,13733.413
2018-04-13 00:00:00+00:00,120.35,119.52,112.36555,42.129944,2.3014297,0.5137931034482758,-5396.944444444489,20945.68696762913,5000.0,10548.742523184643,0,,13662.54
2018-04-16 00:00:00+00:00,120.13,121.3,112.43975,51.305058,2.2128584,0.5137931034482758,-5397.9365079365525,21257.629737937732,5000.0,10859.69323000118,0,,13866.015
2018-04-17 00:00:00+00:00,121.98,122.48,112.51985,51.69905,2.255001,0.5137931034482758,-5398.928571428616,21464.423000554685,5000.0,11065.494429126069,0,,14000.902
2018-04-18 00:00:00+00:00,122.43,123.08,112.61375,61.147007,2.1800008,0.5137931034482758,-5399.92063492068,21569.572627141693,5000.0,11169.651992221014,0,,14069.489
2018-04-19 00:00:00+00:00,122.77,122.28,112.7098,63.828117,2.2485716,0.5818181818181818,-5400.912698412743,21429.372852936616,5000.0,11028.460154523873,0,,13978.039
2018-04-20 00:00:00+00:00,122.28,121.43,112.80515,55.45529,2.1364288,0.5818181818181818,-5401.904761904807,21280.41144299661,5000.0,10878.506681091803,0,,13880.874
2018-04-23 00:00:00+00:00,121.64,121.59,112.8939,59.039284,2.0328577,0.6666666666666666,-5402.896825396871,21308.45094462542,5000.0,10905.55411922855,0,,13899.164
2018-04-24 00:00:00+00:00,122.01,120.68,112.98875,58.421947,1.9300003,0.5137931034482758,-5403.888888888934,21148.97555693535,5000.0,10745.086668046417,0,,13795.141
2018-04-25 00:00:00+00:00,120.44,119.25,113.07415,51.848667,1.9078577,0.5818181818181818,-5404.880952380998,20898.37029330461,5000.0,10493.489340923614,0,,13631.675
2018-04-26 00:00:00+00:00,119.74,121.71,113.15125,45.58824,1.9857146,0.99,-5405.873015873061,21329.481293188714,5000.0,10923.608277315652,0,,13912.882
2018-04-27 00:00:00+00:00,121.76,120.11,113.24025,62.45325,2.0457149,0.5137931034482758,-5406.865079365125,21049.08429003535,5000.0,10642.219210670224,0,,13729.983
2018-04-30 00:00:00+00:00,120.54,119.48,113.31455,55.450882,2.0507152,0.6666666666666666,-5407.857142857189,20938.678703766516,5000.0,10530.821560909328,0,,13657.968
2018-05-01 00:00:00+00:00,119.4,121.43,113.38745,46.016384,1.9850012,0.5818181818181818,-5408.849206349252,21280.412710645283,5000.0,10871.563504296031,0,,13880.876
2018-05-02 00:00:00+00:00,121.73,117.93,113.4686,54.05586,2.0542865,0.5137931034482758,-5409.841269841316,20667.043185229097,5000.0,10257.20191538778,0,,13480.785
2018-05-03 00:00:00+00:00,118.32,120.86,113.53065,44.017326,2.3307147,0.5818181818181818,-5410.833333333379,21180.520884930393,5000.0,10769.687551597013,0,,13815.718
2018-05-04 00:00:00+00:00,120.92,122.91,113.60895,53.224266,2.4092865,0.5818181818181818,-5411.825396825443,21539.78091885178,5000.0,11127.955522026336,0,,14050.057
2018-05-07 00:00:00+00:00,122.72,121.8,113.69275,53.82423,2.4728572,0.5137931034482758,-5412.817460317507,21345.25520577043,5000.0,10932.437745452924,0,,13923.171
2018-05-08 00:00:00+00:00,120.41,122.13,113.7695,48.379406,2.4750006,0.5137931034482758,-5413.80952380957,21403.08525517333,5000.0,10989.27573136376,0,,13960.892
2018-05-09 00:00:00+00:00,122.46,122.73,113.8492,47.70641,2.4671435,0.5137931034482758,-5414.801587301634,21508.235471935895,5000.0,11093.433884634262,0,,14029.48
2018-05-10 00:00:00+00:00,123.24,123.04,113.9319,51.09704,2.5228577,0.5137931034482758,-5415.793650793697,21562.561111324383,5000.0,11146.767460530686,0,,14064.916
2018-05-11 00:00:00+00:00,122.83,123.99,114.0147,54.03105,2.4857144,0.5818181818181818,-5416.785714285761,21729.047079034324,5000.0,11312.261364748563,0,,14173.513
2018-05-14 00:00:00+00:00,123.96,122.24,114.101204,55.780354,2.5035717,0.5818181818181818,-5417.777777777825,21422.362824982112,5000.0,11004.585047204288,0,,13973.468
2018-05-15 00:00:00+00:00,122.14,121.46,114.17895,53.611107,2.4942856,0.99,-5418.769841269888,21285.669811820524,5000.0,10866.899970550636,0,,13884.305
2018-05-16 00:00:00+00:00,121.21,122.28,114.25085,55.274464,2.4199998,0.5818181818181818,-5419.761904761952,21429.373193651314,5000.0,11009.611288889362,0,,13978.04
2018-05-17 00:00:00+00:00,122.05,122.25,114.32565,51.475918,2.3071425,0.5818181818181818,-5420.7539682540155,21424.11586728292,5000.0,11003.361899028903,0,,13974.61
2018-05-18 00:00:00+00:00,121.85,122.41,114.4,56.03157,2.290713,0.99,-5421.746031746079,21452.155724206368,5000.0,11030.409692460289,0,,13992.9
2018-05-21 00:00:00+00:00,122.5,122.34,114.4836,58.48292,2.2921414,0.99,-5422.738095238143,21439.887095479542,5000.0,11017.1490002414,0,,13984.898
2018-05-22 00:00:00+00:00,122.32,120.24,114.5658,52.95645,2.2314274,0.99,-5423.730158730206,21071.866210179403,5000.0,10648.136051449197,0,,13744.844
2018-05-23 00:00:00+00:00,119.3,121.77,114.63685,58.255886,2.0535698,0.6666666666666666,-5424.72222222227,21339.995567414924,5000.0,10915.273345192654,0,,13919.741
2018-05-24 00:00:00+00:00,121.84,122.13,114.7126,53.613964,2.007855,0.5818181818181818,-5425.7142857143335,21403.084925038012,5000.0,10977.370639323679,0,,13960.894
2018-05-25 00:00:00+00:00,122.43,121.72,114.79035,46.42199,1.8635701,0.5818181818181818,-5426.706349206397,21331.23363879672,5000.0,10904.527289590322,0,,13914.026
2018-05-29 00:00:00+00:00,121.25,122.04,114.8671,49.607834,1.8342841,0.6603026957413778,-5427.698412698461,21387.311798061804,5000.0,10959.613385363344,0,,13950.605
2018-05-30 00:00:00+00:00,122.53,123.83,114.94695,49.558407,1.7378557,0.5137931034482758,-5428.690476190524,21701.00532969541,5000.0,11272.314853504886,0,,14155.223
2018-05-31 00:00:00+00:00,124.06,125.06,115.0374,54.833035,1.791427,0.5137931034482758,-5429.682539682588,21916.561303712977,5000.0,11486.878764030389,0,,14295.826
2018-06-01 00:00:00+00:00,125.71,124.82,115.13095,58.211372,1.8821417,0.5137931034482758,-5430.674603174652,21874.5014336907,5000.0,11443.826830516049,0,,14268.392
2018-06-04 00:00:00+00:00,124.97,126.83,115.2225,53.58068,1.8971416,0.5818181818181818,-5431.666666666715,22226.749777774396,5000.0,11795.08311110768,0,,14498.157
2018-06-05 00:00:00+00:00,126.88,127.13,115.3487,69.36711,1.8957132,0.5137931034482758,-5432.658730158779,22279.32383643712,5000.0,11846.665106278342,0,,14532.45
2018-06-06 00:00:00+00:00,127.51,129.13,115.49075,74.93404,1.8835706,0.5137931034482758,-5433.650793650842,22629.820615803943,5000.0,12196.1698221531,0,,14761.073
2018-06-07 00:00:00+00:00,129.47,128.6,115.6442,77.290855,1.9278564,0.48484848484848486,-5434.642857142906,22536.939326822252,5000.0,12102.296469679346,0,,14700.489
2018-06-08 00:00:00+00:00,128.52,129.65,115.7907,74.32952,1.9457141,0.5137931034482758,-5435.63492063497,22720.94810532679,5000.0,12285.313184691819,0,,14820.515
2018-06-11 00:00:00+00:00,129.98,129.05,115.93695,75.96842,1.9228565,0.5137931034482758,-5436.626984127033,22615.800914526735,5000.0,12179.173930399702,0,,14751.929
2018-06-12 00:00:00+00:00,129.01,129.56,116.08055,73.185974,1.903571,0.99,-5437.619047619097,22705.176460042447,5000.0,12267.55741242335,0,,14810.228
2018-06-13 00:00:00+00:00,129.97,129.59,116.23045,86.180214,1.8064287,0.5137931034482758,-5438.61111111116,22710.432809210914,5000.0,12271.821698099753,0,,14813.655
2018-06-14 00:00:00+00:00,129.95,131.09,116.378,84.35862,1.8378574,0.5818181818181818,-5439.603174603224,22973.305696453797,5000.0,12533.702521850573,0,,14985.124
2018-06-15 00:00:00+00:00,130.54,131.29,116.53105,85.782845,1.8642862,0.48484848484848486,-5440.595238095288,23008.35470175995,5000.0,12567.75946366466,0,,15007.985
2018-06-18 00:00:00+00:00,130.17,132.11,116.6821,88.87091,1.8771433,0.48484848484848486,-5441.587301587351,23152.058726061634,5000.0,12710.471424474283,0,,15101.722
2018-06-19 00:00:00+00:00,131.4,133.15,116.83485,89.305305,1.9592863,0.48484848484848486,-5442.579365079415,23334.316915035648,5000.0,12891.737549956233,0,,15220.605
2018-06-20 00:00:00+00:00,133.13,131.14,116.98525,88.640205,1.9314287,0.48484848484848486,-5443.5714285714785,22982.068816234892,5000.0,12538.497387663414,0,,14990.839
2018-06-21 00:00:00+00:00,131.43,131.03,117.1282,73.67608,1.9428575,0.5818181818181818,-5444.563492063542,22962.791085385456,5000.0,12518.227593321913,0,,14978.265
2018-06-22 00:00:00+00:00,131.21,131.31,117.2743,74.42964,1.9371425,0.5137931034482758,-5445.555555555606,23011.861323617664,5000.0,12566.305768062059,0,,15010.272
2018-06-25 00:00:00+00:00,131.16,129.47,117.4234,70.40077,1.9064282,0.5137931034482758,-5446.547619047669,22689.404515875947,5000.0,12242.856896828278,0,,14799.939
2018-06-26 00:00:00+00:00,129.57,129.93,117.56175,59.34509,1.9878561,0.5818181818181818,-5447.539682539733,22770.01801124862,5000.0,12322.478328708887,0,,14852.522
2018-06-27 00:00:00+00:00,130.44,128.41,117.70155,53.64295,1.9235709,0.6666666666666666,-5448.5317460317965,22503.641953084396,5000.0,12055.1102070526,0,,14678.7705
2018-06-28 00:00:00+00:00,128.1,129.41,117.8311,49.206333,1.9657129,0.5818181818181818,-5449.52380952386,22678.890983420435,5000.0,12229.367173896575,0,,14793.082
2018-06-29 00:00:00+00:00,129.85,130.36,117.96495,48.993324,2.0064278,0.5818181818181818,-5450.515873015924,22845.377340352363,5000.0,12394.86146733644,0,,14901.679
2018-07-02 00:00:00+00:00,129.88,130.6,118.10625,55.33823,2.0235698,0.5137931034482758,-5451.507936507987,22887.437239640112,5000.0,12435.929303132125,0,,14929.113
2018-07-03 00:00:00+00:00,131.18,131.76,118.24915,54.33338,2.0092845,0.5818181818181818,-5452.500000000051,23090.724504207858,5000.0,12638.224504207807,0,,15061.715
2018-07-05 00:00:00+00:00,132.03,132.61,118.39925,58.26354,1.9378564,0.99,-5453.4920634921145,23239.685767777417,5000.0,12786.193704285302,0,,15158.88
2018-07-06 00:00:00+00:00,132.54,133.66,118.55025,56.08978,1.9585702,0.5595973928180862,-5454.484126984178,23423.697604828514,5000.0,12969.213477844336,0,,15278.908
2018-07-09 00:00:00+00:00,134.07,134.62,118.7074,58.889782,1.9371414,0.5137931034482758,-5455.476190476242,23591.93502642348,5000.0,13136.45883594724,0,,15388.646
2018-07-10 00:00:00+00:00,134.96,134.25,118.8726,59.317013,1.844284,0.5137931034482758,-5456.468253968305,23527.094249741378,5000.0,13070.625995773073,0,,15346.352
2018-07-11 00:00:00+00:00,134.26,135.3,119.0337,54.296913,1.7785699,0.5137931034482758,-5457.460317460369,23711.104412885405,5000.0,13253.644095425036,0,,15466.379
2018-07-12 00:00:00+00:00,136.0,136.95,119.1989,67.567635,1.7107118,0.5137931034482758,-5458.452380952433,24000.263947034357,5000.0,13541.811566081924,0,,15654.993
2018-07-13 00:00:00+00:00,137.07,135.38,119.3762,72.122635,1.729284,0.5137931034482758,-5459.444444444496,23725.124927188102,5000.0,13265.680482743606,0,,15475.524
2018-07-16 00:00:00+00:00,135.62,135.17,119.5472,63.871918,1.7199991,0.5137931034482758,-5460.43650793656,23688.32225526506,5000.0,13227.885747328499,0,,15451.519
2018-07-17 00:00:00+00:00,135.07,136.27,119.71435,71.85588,1.6264288,0.877573420212371,-5461.428571428623,23881.096432706407,5000.0,13419.667861277783,0,,15577.262
2018-07-18 00:00:00+00:00,136.6,135.8,119.8826,73.17259,1.6521422,0.5137931034482758,-5462.420634920687,23798.729987339157,5000.0,13336.30935241847,0,,15523.535
2018-07-19 00:00:00+00:00,135.81,135.8,120.04765,79.25576,1.6085707,0.5137931034482758,-5463.412698412751,23798.729987339157,5000.0,13335.317288926406,0,,15523.535
2018-07-20 00:00:00+00:00,135.85,135.91,120.21245,77.47208,1.5864279,0.9872299262394495,-5464.404761904814,23818.0076041099,5000.0,13353.602842205084,0,,15536.109
2018-07-23 00:00:00+00:00,135.92,136.89,120.37385,75.718285,1.5364282,0.8726575146654786,-5465.396825396878,23989.750022631517,5000.0,13524.353197234639,0,,15648.134
2018-07-24 00:00:00+00:00,137.22,137.44,120.5387,77.27668,1.5578569,0.6202295092936447,-5466.388888888941,24086.136757446493,5000.0,13619.747868557552,0,,15711.005
2018-07-25 00:00:00+00:00,138.18,138.36,120.70655,76.00737,1.5521414,0.99,-5467.380952381005,24247.365503765803,5000.0,13779.984551384798,0,,15816.171
2018-07-26 00:00:00+00:00,138.36,138.71,120.8763,76.16017,1.5035695,0.5137931034482758,-5468.373015873069,24308.702151751964,5000.0,13840.329135878896,0,,15856.181
2018-07-27 00:00:00+00:00,138.87,137.39,121.0433,74.538414,1.6149989,0.5137931034482758,-5469.365079365132,24077.373279342963,5000.0,13608.00819997783,0,,15705.287
2018-07-30 00:00:00+00:00,137.38,135.11,121.20365,63.004704,1.8049992,0.5818181818181818,-5470.357142857196,23677.807690447797,5000.0,13207.4505475906,0,,15444.656
2018-07-31 00:00:00+00:00,135.77,134.7,121.3548,53.423565,1.875,0.6666666666666666,-5471.3492063492595,23605.955212352736,5000.0,13134.606006003476,0,,15397.788
2018-08-01 00:00:00+00:00,134.7,136.05,121.5024,47.4832,1.9092854,0.5818181818181818,-5472.341269841323,23842.54076654339,5000.0,13370.199496702066,0,,15552.109
2018-08-02 00:00:00+00:00,135.2,138.18,121.65715,46.127403,1.9207132,0.99,-5473.333333333387,24215.81660937821,5000.0,13742.483276044823,0,,15795.591
2018-08-03 00:00:00+00:00,138.15,138.63,121.8232,61.494183,2.0592837,0.5137931034482758,-5474.32539682545,24294.679740657153,5000.0,13820.354343831703,0,,15847.032
2018-08-06 00:00:00+00:00,138.64,139.78,121.9946,63.929142,2.1085684,0.5137931034482758,-5475.317460317514,24496.214235905125,5000.0,14020.896775587611,0,,15978.49
2018-08-07 00:00:00+00:00,140.0,140.48,122.1727,64.07374,2.082854,0.01,-5476.3095238095775,24618.88792191312,5000.0,14142.578398103542,0,,16058.508
2018-08-08 00:00:00+00:00,140.47,140.49,122.34775,68.42515,2.0764258,0.48484848484848486,-5477.301587301641,24620.642932396062,5000.0,14143.34134509442,0,,16059.652
2018-08-09 00:00:00+00:00,140.76,141.01,122.5213,68.45002,1.9821396,0.5137931034482758,-5478.293650793705,24711.769102764858,5000.0,14233.475451971153,0,,16119.093
2018-08-10 00:00:00+00:00,140.63,140.72,122.69435,69.43593,2.0035684,0.5137931034482758,-5479.285714285768,24660.948384395808,5000.0,14181.66267011004,0,,16085.943
2018-08-13 00:00:00+00:00,141.28,141.67,122.86775,65.40627,2.017139,0.5137931034482758,-5480.277777777832,24827.432998762903,5000.0,14347.15522098507,0,,16194.538
2018-08-14 00:00:00+00:00,141.67,143.07,123.041504,66.48478,2.1085675,0.5818181818181818,-5481.269841269896,25072.782947256317,5000.0,14591.513105986422,0,,16354.575
2018-08-15 00:00:00+00:00,142.85,142.89,123.21265,67.693474,2.1857114,0.5137931034482758,-5482.261904761959,25041.23651099218,5000.0,14558.974606230222,0,,16333.998
2018-08-16 00:00:00+00:00,143.5,142.5,123.3749,65.90559,2.1085684,0.5818181818181818,-5483.253968254023,24972.890054638825,5000.0,14489.636086384802,0,,16289.417
2018-08-17 00:00:00+00:00,142.39,143.24,123.5347,70.92546,1.9535686,0.5818181818181818,-5484.246031746086,25102.574149611457,5000.0,14618.32811786537,0,,16374.008
2018-08-20 00:00:00+00:00,143.57,144.49,123.70025,88.09744,1.9064255,0.48484848484848486,-5485.23809523815,25321.634193667414,5000.0,14836.396098429264,0,,16516.896
2018-08-21 00:00:00+00:00,144.12,144.1,123.8739,92.52824,1.8835689,0.22184294217490558,-5486.230158730214,25253.287640650153,5000.0,14767.05748191994,0,,16472.314
2018-08-22 00:00:00+00:00,147.81,155.29,124.03955,88.151665,1.9157126,0.5137931034482758,-5487.222222222277,27214.315573838972,5000.0,16727.093351616695,0,,17751.46
2018-08-23 00:00:00+00:00,155.43,156.6,124.25795,93.6257,2.4807117,0.01,-5488.214285714341,27443.894576207218,5000.0,16955.680290492877,0,,17901.213
2018-08-24 00:00:00+00:00,156.95,158.47,124.48195,93.8935,2.6485693,0.5137931034482758,-5489.206349206404,27771.607460120576,5000.0,17282.401110914172,0,,18114.973
2018-08-27 00:00:00+00:00,159.0,157.21,124.7115,94.10099,2.7499979,0.01,-5490.198412698468,27550.79482060099,5000.0,17060.59640790252,0,,17970.941
2018-08-28 00:00:00+00:00,157.65,157.01,124.92825,88.45979,2.8757129,0.5137931034482758,-5491.190476190532,27515.74301489939,5000.0,17024.55253870886,0,,17948.078
2018-08-29 00:00:00+00:00,157.01,157.63,125.1435,87.6481,3.057142,0.5137931034482758,-5492.182539682595,27624.39739323827,5000.0,17132.214853555673,0,,18018.951
2018-08-30 00:00:00+00:00,157.41,158.16,125.3632,87.704155,3.0835712,0.48484848484848486,-5493.174603174659,27717.27884967017,5000.0,17224.10424649551,0,,18079.535
2018-08-31 00:00:00+00:00,157.9,158.44,125.58975,89.13819,3.0785718,0.5137931034482758,-5494.166666666722,27766.348887058546,5000.0,17272.182220391824,0,,18111.543
2018-09-04 00:00:00+00:00,158.7,159.28,125.81645,88.80144,2.9621441,0.5137931034482758,-5495.158730158786,27913.558126112635,5000.0,17418.39939595385,0,,18207.566
2018-09-05 00:00:00+00:00,159.69,157.98,126.05115,88.50351,2.9464297,0.48484848484848486,-5496.15079365085,27685.735379611266,5000.0,17189.584585960416,0,,18058.96
2018-09-06 00:00:00+00:00,158.31,159.57,126.2801,84.03245,2.9850006,0.5137931034482758,-5497.142857142913,27964.38128446578,5000.0,17467.238427322867,0,,18240.717
2018-09-07 00:00:00+00:00,159.11,160.0,126.51755,86.52116,3.0257144,0.01,-5498.134920634977,28039.737629515563,5000.0,17541.602708880586,0,,18289.87
2018-09-10 00:00:00+00:00,160.07,159.8,126.75535,86.33995,3.039286,0.5205992509363296,-5499.1269841270405,28004.688826553942,5000.0,17505.5618424269,0,,18267.008
2018-09-11 00:00:00+00:00,159.61,160.51,126.9876,84.779625,3.1307156,0.5205992509363296,-5500.119047619104,28129.115043305814,5000.0,17628.99599568671,0,,18348.17
2018-09-12 00:00:00+00:00,160.06,161.54,127.21905,86.74426,3.085715,0.5205992509363296,-5501.111111111168,28309.620588776666,5000.0,17808.5094776655,0,,18465.91
2018-09-13 00:00:00+00:00,161.68,161.82,127.4539,75.67787,2.4485736,0.5205992509363296,-5502.103174603231,28358.693115825423,5000.0,17856.58994122219,0,,18497.918
2018-09-14 00:00:00+00:00,161.92,162.86,127.6882,73.42906,2.2850025,0.5205992509363296,-5503.095238095295,28540.94908287745,5000.0,18037.853844782156,0,,18616.8
2018-09-17 00:00:00+00:00,162.87,159.94,127.92585,71.28998,2.2064307,0.5205992509363296,-5504.0873015873585,28029.224296668992,5000.0,17525.136995081633,0,,18283.012
2018-09-18 00:00:00+00:00,160.0,161.24,128.15605,61.403477,2.232859,0.5205992509363296,-5505.079365079422,28257.047148829897,5000.0,17751.967783750475,0,,18431.617
2018-09-19 00:00:00+00:00,160.95,159.43,128.38565,66.18213,2.175716,0.5205992509363296,-5506.071428571486,27939.84537246082,5000.0,17433.773943889333,0,,18224.71
2018-09-20 00:00:00+00:00,159.71,160.28,128.61266,56.311314,2.2171445,0.5227272727272727,-5507.063492063549,28088.80711252996,5000.0,17581.74362046641,0,,18321.877
2018-09-21 00:00:00+00:00,159.76,159.21,128.83665,57.270206,2.2185733,0.5227272727272727,-5508.055555555613,27901.29242085463,5000.0,17393.236865299015,0,,18199.564
2018-09-24 00:00:00+00:00,159.33,159.51,129.05885,52.50489,2.2600021,0.99,-5509.047619047677,27953.86465071732,5000.0,17444.817031669645,0,,18233.855
2018-09-25 00:00:00+00:00,158.9,159.76,129.277,50.77544,2.2142868,0.5205992509363296,-5510.03968253974,27997.675192175808,5000.0,17487.635509636068,0,,18262.434
2018-09-26 00:00:00+00:00,160.1,158.25,129.49174,56.458633,2.280001,0.5205992509363296,-5511.031746031804,27733.051588916856,5000.0,17222.019842885053,0,,18089.822
2018-09-27 00:00:00+00:00,158.84,159.19,129.69655,45.18245,2.345715,0.532162553730858,-5512.023809523867,27897.78481933751,5000.0,17385.761009813643,0,,18197.275
2018-09-28 00:00:00+00:00,158.92,160.08,129.90805,47.149902,2.4307141,0.5227272727272727,-5513.015873015931,28053.755656244193,5000.0,17540.739783228262,0,,18299.012
2018-10-01 00:00:00+00:00,160.97,159.04,130.1269,50.939594,2.374285,0.5205992509363296,-5514.007936507995,27871.496379197317,5000.0,17357.488442689322,0,,18180.127
2018-10-02 00:00:00+00:00,159.22,159.12,130.34074,45.174,2.4871423,0.5227272727272727,-5515.000000000058,27885.5175034077,5000.0,17370.517503407642,0,,18189.273
2018-10-03 00:00:00+00:00,159.65,159.06,130.55605,41.526627,2.4192843,0.5227272727272727,-5515.992063492122,27875.003018541644,5000.0,17359.01095504952,0,,18182.414
2018-10-04 00:00:00+00:00,158.56,157.8,130.76015,40.184887,2.430712,0.5205992509363296,-5516.984126984185,27654.19071117389,5000.0,17137.206584189706,0,,18038.383
2018-10-05 00:00:00+00:00,158.01,158.66,130.95775,32.28292,2.5157132,0.5205992509363296,-5517.976190476249,27804.90303874275,5000.0,17286.9268482665,0,,18136.69
2018-10-08 00:00:00+00:00,158.2,154.32,131.1616,44.76269,2.3699994,0.5205992509363296,-5518.968253968313,27044.326008140353,5000.0,16525.35775417204,0,,17640.578
2018-10-09 00:00:00+00:00,154.56,156.58,131.3441,27.326342,2.8035703,0.5205992509363296,-5519.960317460376,27440.386409353527,5000.0,16920.42609189315,0,,17898.92
2018-10-10 00:00:00+00:00,156.27,150.04,131.53995,40.92936,2.9421408,0.5205992509363296,-5520.95238095244,26294.260860538892,5000.0,15773.308479586452,0,,17151.32
2018-10-11 00:00:00+00:00,150.0,147.32,131.70595,26.07473,3.3378546,0.5205992509363296,-5521.9444444445035,25817.58811130757,5000.0,15295.643666863067,0,,16840.395
2018-10-12 00:00:00+00:00,149.82,150.08,131.8584,24.208214,3.4949985,0.5205992509363296,-5522.936507936567,26301.27271218496,5000.0,15778.336204248393,0,,17155.895
2018-10-15 00:00:00+00:00,149.57,149.77,132.0242,31.517052,3.7442844,0.5205992509363296,-5523.928571428631,26246.94639817863,5000.0,15723.017826749998,0,,17120.457
2018-10-16 00:00:00+00:00,151.17,154.23,132.1866,30.465391,3.7171414,0.5205992509363296,-5524.920634920694,27028.55309598244,5000.0,16503.632461061745,0,,17630.287
2018-10-17 00:00:00+00:00,154.28,154.82,132.37296,42.9523,3.8328552,0.5205992509363296,-5525.912698412758,27131.95205054119,5000.0,16606.03935212843,0,,17697.732
2018-10-18 00:00:00+00:00,154.95,152.94,132.5661,42.243526,3.7435706,0.5205992509363296,-5526.9047619048215,26802.483474866614,5000.0,16275.578712961793,0,,17482.826
2018-10-19 00:00:00+00:00,154.05,152.95,132.7491,37.7572,3.816428,0.5205992509363296,-5527.896825396885,26804.234392413866,5000.0,16276.33756701698,0,,17483.967
2018-10-22 00:00:00+00:00,153.79,153.92,132.92065,39.175255,3.7728577,0.5205992509363296,-5528.888888888949,26974.22508332187,5000.0,16445.336194432923,0,,17594.85
2018-10-23 00:00:00+00:00,151.15,151.81,133.09135,41.040657,3.8900006,0.5205992509363296,-5529.880952381012,26604.451275039966,5000.0,16074.570322658954,0,,17353.652
2018-10-24 00:00:00+00:00,151.11,148.85,133.2513,38.332787,4.085,0.5205992509363296,-5530.873015873076,26085.717933942513,5000.0,15554.844918069437,0,,17015.291
2018-10-25 00:00:00+00:00,150.03,150.43,133.39046,36.34421,4.1078568,0.5227272727272727,-5531.8650793651395,26362.608270965546,5000.0,15830.743191600406,0,,17195.902
2018-10-26 00:00:00+00:00,147.69,148.95,133.53094,37.71272,4.1878552,0.5205992509363296,-5532.857142857203,26103.240754541956,5000.0,15570.383611684752,0,,17026.72
2018-10-29 00:00:00+00:00,151.3,146.08,133.66231,41.234055,3.8999982,0.5227272727272727,-5533.849206349267,25600.279463124014,5000.0,15066.430256774747,0,,16698.648
2018-10-30 00:00:00+00:00,146.07,147.84,133.7758,33.1946,4.1171417,0.5205992509363296,-5534.84126984133,25908.714836966676,5000.0,15373.873567125345,0,,16899.834
2018-10-31 00:00:00+00:00,149.49,149.83,133.89635,45.842777,3.9349988,0.5205992509363296,-5535.833333333394,26257.45953165453,5000.0,15721.626198321137,0,,17127.314
2018-11-01 00:00:00+00:00,150.28,149.62,134.02155,54.87757,3.9914267,0.5205992509363296,-5536.825396825458,26220.655426709684,5000.0,15683.830029884226,0,,17103.309
2018-11-02 00:00:00+00:00,150.0,149.21,134.1475,49.00775,3.9364276,0.5227272727272727,-5537.817460317521,26148.8054730623,5000.0,15610.98801274478,0,,17056.441
2018-11-05 00:00:00+00:00,149.22,149.72,134.2678,48.797253,3.941428,0.5227272727272727,-5538.809523809585,26238.181273019058,5000.0,15699.371749209473,0,,17114.74
2018-11-06 00:00:00+00:00,149.68,150.74,134.3898,38.334194,3.7828577,0.5205992509363296,-5539.801587301648,26416.9339125001,5000.0,15877.13232519845,0,,17231.336
2018-11-07 00:00:00+00:00,150.0,146.65,134.5135,39.67609,3.797142,0.5205992509363296,-5540.793650793712,25700.16671143141,5000.0,15159.3730606377,0,,16763.8
2018-11-08 00:00:00+00:00,142.7,143.1,134.621,35.684986,3.9785702,0.5227272727272727,-5541.785714285776,25078.036752175143,5000.0,14536.251037889368,0,,16357.996
2018-11-09 00:00:00+00:00,142.38,141.5,134.70876,30.693836,4.112855,0.5227272727272727,-5542.777777777839,24797.637806353006,5000.0,14254.860028575167,0,,16175.098
2018-11-12 00:00:00+00:00,141.75,141.31,134.7836,26.24328,4.0535703,0.5317732843706442,-5543.769841269903,24764.34019699389,5000.0,14220.570355723987,0,,16153.377
2018-11-13 00:00:00+00:00,142.3,138.71,134.8581,28.323673,3.9228559,0.5227272727272727,-5544.761904761966,24308.696669343684,5000.0,13763.934764581718,0,,15856.168
2018-11-14 00:00:00+00:00,140.0,135.7,134.9254,28.751022,4.065713,0.5205992509363296,-5545.75396825403,23781.19735350837,5000.0,13235.44338525434,0,,15512.089
2018-11-15 00:00:00+00:00,135.55,138.65,134.9806,20.877817,4.2164283,0.5205992509363296,-5546.746031746094,24298.17978141335,5000.0,13751.433749667256,0,,15849.308
2018-11-16 00:00:00+00:00,138.01,138.93,135.05055,30.754848,4.1907144,0.5205992509363296,-5547.738095238157,24347.24765602343,5000.0,13799.509560785275,0,,15881.314
2018-11-19 00:00:00+00:00,138.62,135.27,135.1304,35.208916,3.9064288,0.5205992509363296,-5548.730158730221,23705.840829869623,5000.0,13157.110671139402,0,,15462.935
2018-11-20 00:00:00+00:00,134.03,134.81,135.2169,25.891838,3.8807144,0.5227272727272727,-5549.7222222222845,23625.224770404966,5000.0,13075.502548182681,0,,15410.351
2018-11-21 00:00:00+00:00,135.3,136.19,135.3011,19.396887,3.7314289,0.5227272727272727,-5550.714285714348,23867.067240128123,5000.0,13316.352954413775,0,,15568.101
2018-11-23 00:00:00+00:00,135.67,135.76,135.3959,23.881763,3.605714,0.5227272727272727,-5551.706349206412,23791.708482577924,5000.0,13240.002133371512,0,,15518.945
2018-11-26 00:00:00+00:00,137.0,137.11,135.50285,23.863182,3.4971423,0.5227272727272727,-5552.698412698475,24028.295166148215,5000.0,13475.59675344974,0,,15673.267
2018-11-27 00:00:00+00:00,136.39,136.02,135.61176,26.270248,3.4542859,0.5205992509363296,-5553.690476190539,23837.275758173433,5000.0,13283.585281982894,0,,15548.668
2018-11-28 00:00:00+00:00,136.84,140.75,135.71036,22.372385,3.4650006,0.5227272727272727,-5554.6825396826025,24666.20041848242,5000.0,14111.51787879982,0,,16089.362
2018-11-29 00:00:00+00:00,140.37,139.13,135.82845,39.186226,3.395,0.5205992509363296,-5555.674603174666,24382.299444267785,5000.0,13826.624841093118,0,,15904.178
2018-11-30 00:00:00+00:00,138.17,139.7,135.9277,42.169624,3.2542856,0.5227272727272727,-5556.66666666673,24482.190449426347,5000.0,13925.523782759617,0,,15969.335
2018-12-03 00:00:00+00:00,141.51,141.3,136.02165,46.299335,3.1964276,0.5205992509363296,-5557.658730158793,24762.588690662447,5000.0,14204.929960503654,0,,16152.234
2018-12-04 00:00:00+00:00,140.7,137.16,136.11775,49.98058,3.2049997,0.5227272727272727,-5558.650793650857,24037.060234572986,5000.0,13478.409440922129,0,,15678.984
2018-12-06 00:00:00+00:00,135.2,135.95,136.1985,47.158043,3.174286,0.5227272727272727,-5559.642857142921,23825.00901361486,5000.0,13265.36615647194,0,,15540.667
2018-12-07 00:00:00+00:00,135.29,133.75,136.2811,50.490772,3.0635715,0.5227272727272727,-5560.634920634984,23439.462648403827,5000.0,12878.827727768843,0,,15289.182
2018-12-10 00:00:00+00:00,133.84,134.77,136.34904,40.08901,3.087858,0.5227272727272727,-5561.626984127048,23618.216113103375,5000.0,13056.589128976328,0,,15405.779
2018-12-11 00:00:00+00:00,136.32,134.46,136.41315,41.830345,3.117143,0.5227272727272727,-5562.619047619111,23563.889425170124,5000.0,13001.270377551013,0,,15370.343
2018-12-12 00:00:00+00:00,136.23,134.74,136.47826,48.168255,3.1228573,0.5227272727272727,-5563.611111111175,23612.957640120552,5000.0,13049.346529009377,0,,15402.35
2018-12-13 00:00:00+00:00,135.31,133.72,136.55415,49.84042,3.095713,0.5227272727272727,-5564.603174603239,23434.2040675349,5000.0,12869.600892931663,0,,15285.751
2018-12-14 00:00:00+00:00,133.06,131.37,136.63625,44.274456,3.0835702,0.5227272727272727,-5565.595238095302,23022.36968070408,5000.0,12456.774442608777,0,,15017.117
2018-12-17 00:00:00+00:00,130.83,128.75,136.7047,40.6556,3.1692843,0.5227272727272727,-5566.587301587366,22563.21949316439,5000.0,11996.632191577024,0,,14717.621
2018-12-18 00:00:00+00:00,129.24,128.4,136.753,33.117928,3.2821405,0.5227272727272727,-5567.579365079429,22501.881194970952,5000.0,11934.301829891523,0,,14677.61
2018-12-19 00:00:00+00:00,128.72,127.21,136.78995,34.1382,3.3464262,0.5227272727272727,-5568.571428571493,22293.336761548577,5000.0,11724.765332977084,0,,14541.581
2018-12-20 00:00:00+00:00,127.0,126.01,136.8165,16.943363,3.369284,0.99,-5569.563492063557,22083.039036592723,5000.0,11513.475544529167,0,,14404.406
2018-12-21 00:00:00+00:00,126.2,123.55,136.8355,17.298107,3.4264271,0.99,-5570.55555555562,21651.92843441557,5000.0,11081.372878859951,0,,14123.2
2018-12-24 00:00:00+00:00,123.09,121.07,136.8413,13.21188,3.676428,0.99,-5571.547619047684,21217.31192932481,5000.0,10645.764310277125,0,,13839.707
2018-12-26 00:00:00+00:00,122.01,125.36,136.827,5.694273,3.6564276,0.99,-5572.539682539747,21969.1263224275,5000.0,11396.586639887752,0,,14330.104
2018-12-27 00:00:00+00:00,123.79,126.27,136.83675,24.325506,3.6885703,0.5333333333333333,-5573.531746031811,22128.600457963643,5000.0,11555.068711931832,0,,14434.125
2018-12-28 00:00:00+00:00,126.97,125.28,136.8478,28.65961,3.744999,0.528592357645376,-5574.523809523875,21955.104809124165,5000.0,11380.58099960029,0,,14320.956
2018-12-31 00:00:00+00:00,126.44,126.52,136.84915,30.274801,3.6599987,0.5333333333333333,-5575.515873015938,22172.412662488725,5000.0,11596.896789472787,0,,14462.702
2019-01-02 00:00:00+00:00,124.55,124.19,136.8567,30.981997,3.5335705,0.7,-5576.507936508002,21764.085788237568,5000.0,11187.577851729566,0,,14196.357
2019-01-03 00:00:00+00:00,123.27,121.23,136.8514,28.342455,3.4449992,0.5227272727272727,-5577.5000000000655,21245.350405164638,5000.0,10667.850405164572,0,,13857.995
2019-01-04 00:00:00+00:00,122.68,124.04,136.83305,24.403172,3.4835718,0.9562673611111111,-5578.492063492129,21737.797534984056,5000.0,11159.305471491927,0,,14179.211
2019-01-07 00:00:00+00:00,124.27,123.82,136.82645,32.824688,3.5692859,0.5205992509363296,-5579.484126984193,21699.24217268506,5000.0,11119.758045700866,0,,14154.062
2019-01-08 00:00:00+00:00,124.54,125.92,136.8189,35.508636,3.5278575,0.5227272727272727,-5580.476190476256,22067.26444555706,5000.0,11486.788255080803,0,,14394.116
2019-01-09 00:00:00+00:00,126.51,126.34,136.83604,44.457493,3.5078578,0.5205992509363296,-5581.46825396832,22140.869274771474,5000.0,11559.401020803154,0,,14442.128
2019-01-10 00:00:00+00:00,125.5,126.13,136.87175,45.976562,3.3985722,0.5205992509363296,-5582.4603174603835,22104.06683857076,5000.0,11521.606521110378,0,,14418.123
2019-01-11 00:00:00+00:00,125.51,126.73,136.898,47.806656,3.14143,0.5227272727272727,-5583.452380952447,22209.21691677124,5000.0,11625.764535818795,0,,14486.711
2019-01-14 00:00:00+00:00,125.82,126.44,136.93304,51.498753,2.9964294,0.5227272727272727,-5584.444444444511,22158.394643524676,5000.0,11573.950199080165,0,,14453.561
2019-01-15 00:00:00+00:00,127.02,128.8,136.96754,56.613274,2.726429,0.5227272727272727,-5585.436507936574,22571.980106633764,5000.0,11986.54359869719,0,,14723.336
2019-01-16 00:00:00+00:00,128.76,130.05,137.0068,67.78649,2.72,0.5227272727272727,-5586.428571428638,22791.039987899065,5000.0,12204.611416470427,0,,14866.225
2019-01-17 00:00:00+00:00,129.75,129.5,137.06026,62.546833,2.527857,0.5227272727272727,-5587.420634920702,22694.65239586345,5000.0,12107.231760942748,0,,14803.353
2019-01-18 00:00:00+00:00,130.19,130.87,137.1093,58.810703,2.3449996,0.5227272727272727,-5588.412698412765,22934.74160163138,5000.0,12346.328903218615,0,,14959.959
2019-01-22 00:00:00+00:00,130.75,129.53,137.1624,64.93853,2.2671416,0.5205992509363296,-5589.404761904829,22699.90993162757,5000.0,12110.505169722743,0,,14806.782
2019-01-23 00:00:00+00:00,130.07,130.29,137.2081,58.001072,2.289285,0.5205992509363296,-5590.396825396892,22833.0985210723,5000.0,12242.701695675409,0,,14893.659
2019-01-24 00:00:00+00:00,130.36,131.15,137.26765,67.6914,2.1885707,0.5227272727272727,-5591.388888888956,22983.81109044159,5000.0,12392.422201552636,0,,14991.967
2019-01-25 00:00:00+00:00,132.2,132.45,137.33095,82.76089,2.036427,0.5227272727272727,-5592.38095238102,23211.63516756873,5000.0,12619.25421518771,0,,15140.573
2019-01-28 00:00:00+00:00,131.53,132.38,137.39046,80.85106,1.8957138,0.5227272727272727,-5593.373015873083,23199.36886799938,5000.0,12605.995852126296,0,,15132.571
2019-01-29 00:00:00+00:00,132.6,131.14,137.4513,81.750786,1.8571423,0.5227272727272727,-5594.365079365147,22982.060631856755,5000.0,12387.695552491608,0,,14990.824
2019-01-30 00:00:00+00:00,131.58,133.06,137.5063,70.68147,1.8528568,0.5205992509363296,-5595.35714285721,23318.53657143602,5000.0,12723.17942857881,0,,15210.302
2019-01-31 00:00:00+00:00,132.83,133.55,137.574,73.79604,1.9364287,0.5333333333333333,-5596.349206349274,23404.40972604818,5000.0,12808.060519698905,0,,15266.316
2019-02-01 00:00:00+00:00,133.54,135.02,137.63525,75.76391,1.9864284,0.99,-5597.341269841338,23662.023714882194,5000.0,13064.682445040857,0,,15434.354
2019-02-04 00:00:00+00:00,135.33,135.61,137.69795,77.14474,2.062857,0.5205992509363296,-5598.333333333401,23765.420505063918,5000.0,13167.087171730516,0,,15501.797
2019-02-05 00:00:00+00:00,136.27,135.79,137.7606,79.44766,2.1357138,0.5227272727272727,-5599.325396825465,23796.96378279288,5000.0,13197.638385967413,0,,15522.373
2019-02-06 00:00:00+00:00,129.09,132.05,137.82816,76.10156,2.047142,0.5205992509363296,-5600.3174603175285,23141.536576840732,5000.0,12541.219116523203,0,,15094.848
2019-02-07 00:00:00+00:00,131.44,131.78,137.88126,56.29724,2.5657132,0.7,-5601.309523809592,23094.218212919775,5000.0,12492.908689110183,0,,15063.983
2019-02-08 00:00:00+00:00,131.18,132.67,137.9322,57.3077,2.5728564,0.5227272727272727,-5602.301587301656,23250.18924394599,5000.0,12647.887656644336,0,,15165.72
2019-02-11 00:00:00+00:00,133.22,131.43,137.99216,55.9524,2.5450003,0.5227272727272727,-5603.293650793719,23032.8803099039,5000.0,12429.58665911018,0,,15023.973
2019-02-12 00:00:00+00:00,132.05,132.71,138.05305,56.324886,2.5692859,0.5205992509363296,-5604.285714285783,23257.201228888138,5000.0,12652.915514602355,0,,15170.294
2019-02-13 00:00:00+00:00,133.46,133.53,138.10805,57.786396,2.607143,0.5205992509363296,-5605.2777777778465,23400.90412382562,5000.0,12795.626346047775,0,,15264.029
2019-02-14 00:00:00+00:00,133.49,132.37,138.17516,57.677437,2.645715,0.5227272727272727,-5606.26984126991,23197.61583253014,5000.0,12591.34599126023,0,,15131.429
2019-02-15 00:00:00+00:00,133.21,133.79,138.2396,49.73958,2.7057135,0.5227272727272727,-5607.261904761974,23446.46883068592,5000.0,12839.206925923947,0,,15293.751
2019-02-19 00:00:00+00:00,133.68,132.84,138.3014,54.218994,2.721428,0.5333333333333333,-5608.253968254037,23279.983855745453,5000.0,12671.729887491416,0,,15185.156
2019-02-20 00:00:00+00:00,133.51,132.83,138.37595,55.176605,2.5885708,0.5227272727272727,-5609.246031746101,23278.23271064331,5000.0,12668.98667889721,0,,15184.014
2019-02-21 00:00:00+00:00,132.62,131.63,138.4358,49.20746,2.5057123,0.5205992509363296,-5610.2380952381645,23067.934893815174,5000.0,12457.69679857701,0,,15046.84
2019-02-22 00:00:00+00:00,132.24,132.56,138.4794,43.69251,2.460712,0.5227272727272727,-5611.230158730228,23230.913936029538,5000.0,12619.68377729931,0,,15153.148
2019-02-25 00:00:00+00:00,133.51,132.3,138.5332,41.621216,2.3592834,0.5227272727272727,-5612.222222222292,23185.34997273676,5000.0,12573.127750514468,0,,15123.428
2019-02-26 00:00:00+00:00,132.44,132.89,138.58405,38.46689,2.2885687,0.5205992509363296,-5613.214285714355,23288.745048192675,5000.0,12675.53076247832,0,,15190.871
2019-02-27 00:00:00+00:00,132.32,132.84,138.63486,40.17616,2.324284,0.5205992509363296,-5614.206349206419,23279.981863198856,5000.0,12665.775513992437,0,,15185.154
2019-02-28 00:00:00+00:00,132.56,132.63,138.68385,53.568176,1.6957136,0.5205992509363296,-5615.198412698483,23243.181454895483,5000.0,12627.983042197,0,,15161.15
2019-03-01 00:00:00+00:00,133.72,133.76,138.72705,53.86016,1.662142,0.5227272727272727,-5616.190476190546,23441.210755892906,5000.0,12825.02027970236,0,,15290.322
2019-03-04 00:00:00+00:00,134.2,132.98,138.78465,54.84444,1.6264267,0.5227272727272727,-5617.18253968261,23304.517995194034,5000.0,12687.335455511424,0,,15201.16
2019-03-05 00:00:00+00:00,133.34,133.0,138.84225,57.182617,1.6349989,0.5205992509363296,-5618.174603174673,23308.02397636635,5000.0,12689.849373191675,0,,15203.446
2019-03-06 00:00:00+00:00,133.04,131.82,138.89584,51.521484,1.5478548,0.5205992509363296,-5619.166666666737,23101.231659400164,5000.0,12482.064992733427,0,,15068.559
2019-03-07 00:00:00+00:00,131.44,131.0,138.9437,41.354908,1.5449971,0.5205992509363296,-5620.158730158801,22957.527242521148,5000.0,12337.368512362347,0,,14974.822
2019-03-08 00:00:00+00:00,130.07,131.33,138.98665,42.827217,1.4828557,0.5227272727272727,-5621.150793650864,23015.360254349685,5000.0,12394.209460698821,0,,15012.546
2019-03-11 00:00:00+00:00,131.4,133.46,139.0316,35.460976,1.4814268,0.5205992509363296,-5622.142857142928,23388.64135279713,5000.0,12766.498495654203,0,,15256.03
2019-03-12 00:00:00+00:00,133.83,134.31,139.0977,53.21583,1.5485698,0.5205992509363296,-5623.134920634991,23537.600697770045,5000.0,12914.465777135054,0,,15353.194
2019-03-13 00:00:00+00:00,135.0,135.7,139.1604,57.061073,1.5207127,0.5205992509363296,-5624.126984127055,23781.194963299786,5000.0,13157.06797917273,0,,15512.087
2019-03-14 00:00:00+00:00,135.78,135.84,139.22826,69.07219,1.5599986,0.5205992509363296,-5625.119047619119,23805.72852848872,5000.0,13180.6094808696,0,,15528.09
2019-03-15 00:00:00+00:00,136.0,137.24,139.29884,66.59923,1.6321422,0.5227272727272727,-5626.111111111182,24051.078897186246,5000.0,13424.967786075063,0,,15688.129
2019-03-18 00:00:00+00:00,137.98,138.13,139.37485,72.413826,1.6449999,0.5205992509363296,-5627.103174603246,24207.049791523772,5000.0,13579.946616920526,0,,15789.865
2019-03-19 00:00:00+00:00,138.83,136.98,139.44635,73.14492,1.6514282,0.5205992509363296,-5628.0952380953095,24005.512139813258,5000.0,13377.416901717948,0,,15658.406
2019-03-20 00:00:00+00:00,136.61,135.06,139.50595,66.666664,1.7292851,0.5227272727272727,-5629.087301587373,23669.03579982941,5000.0,13039.948498242036,0,,15438.928
2019-03-21 00:00:00+00:00,134.61,137.87,139.55714,58.598698,1.8171419,0.5227272727272727,-5630.079365079437,24161.48422728534,5000.0,13531.404862205902,0,,15760.144
2019-03-22 00:00:00+00:00,137.63,135.77,139.61235,62.998093,2.0035717,0.5227272727272727,-5631.0714285715,23793.46449821577,5000.0,13162.39306964427,0,,15520.091
2019-03-25 00:00:00+00:00,135.27,135.18,139.65555,58.14363,1.9764273,0.5205992509363296,-5632.063492063564,23690.066299752096,5000.0,13058.002807688532,0,,15452.646
2019-03-26 00:00:00+00:00,136.11,137.16,139.6858,56.15817,1.9757146,0.5227272727272727,-5633.0555555556275,24037.06051455514,5000.0,13404.004958999514,0,,15678.985
2019-03-27 00:00:00+00:00,137.26,137.61,139.7286,64.432396,2.0221438,0.5227272727272727,-5634.047619047691,24115.92031375199,5000.0,13481.8726947043,0,,15730.424
2019-03-28 00:00:00+00:00,138.11,138.17,139.7684,68.22944,2.0321426,0.5205992509363296,-5635.039682539755,24214.058785802485,5000.0,13579.01910326273,0,,15794.438
2019-03-29 00:00:00+00:00,139.19,138.74,139.814,68.627426,1.9835707,0.5227272727272727,-5636.031746031818,24313.95041482383,5000.0,13677.918668792012,0,,15859.596
2019-04-01 00:00:00+00:00,139.34,140.34,139.8599,65.714264,1.912142,0.5227272727272727,-5637.023809523882,24594.346347394534,5000.0,13957.322537870652,0,,16042.493
2019-04-02 00:00:00+00:00,140.31,141.78,139.91365,67.17947,1.9578574,0.5227272727272727,-5638.0158730159455,24846.70451784494,5000.0,14208.688644828995,0,,16207.103
2019-04-03 00:00:00+00:00,142.2,142.59,139.9671,67.27271,1.9964284,0.5227272727272727,-5639.007936508009,24988.65635467147,5000.0,14349.648418163462,0,,16299.696
2019-04-04 00:00:00+00:00,142.73,141.75,140.0236,68.472885,1.9657135,0.5205992509363296,-5640.000000000073,24841.44904315104,5000.0,14201.449043150966,0,,16203.675
2019-04-05 00:00:00+00:00,142.0,141.95,140.0718,62.7329,1.9821417,0.5333333333333333,-5640.992063492136,24876.499362688526,5000.0,14235.50729919639,0,,16226.538
2019-04-08 00:00:00+00:00,141.73,141.37,140.1158,61.222065,1.9271414,0.5227272727272727,-5641.9841269842,24774.855031006104,5000.0,14132.870904021904,0,,16160.237
2019-04-09 00:00:00+00:00,140.59,141.2,140.16695,63.343464,1.8885695,0.5227272727272727,-5642.976190476264,24745.062680460545,5000.0,14102.086489984282,0,,16140.805
2019-04-10 00:00:00+00:00,141.27,142.06,140.2178,70.88435,1.7914276,0.5205992509363296,-5643.968253968327,24895.775974307402,5000.0,14251.807720339075,0,,16239.112
2019-04-11 00:00:00+00:00,142.61,143.13,140.27155,66.43138,1.6285706,0.5227272727272727,-5644.960317460391,25083.29394023937,5000.0,14438.33362277898,0,,16361.428
2019-04-12 00:00:00+00:00,143.57,144.12,140.33984,81.39928,1.5678569,0.5227272727272727,-5645.952380952454,25256.78909950782,5000.0,14610.836718555365,0,,16474.596
2019-04-15 00:00:00+00:00,144.1,144.06,140.4108,86.88121,1.5835702,0.5227272727272727,-5646.944444444518,25246.275232661796,5000.0,14599.330788217278,0,,16467.736
2019-04-16 00:00:00+00:00,144.3,143.84,140.48904,83.82356,1.528571,0.5227272727272727,-5647.936507936582,25207.720873122285,5000.0,14559.784365185704,0,,16442.588
2019-04-17 00:00:00+00:00,144.19,143.83,140.5612,81.24375,1.479999,0.5227272727272727,-5648.928571428645,25205.968961330836,5000.0,14557.040389902191,0,,16441.445
2019-04-18 00:00:00+00:00,143.78,143.5,140.62856,80.042534,1.4549997,0.5227272727272727,-5649.920634920709,25148.137354273473,5000.0,14498.216719352764,0,,16403.723
2019-04-22 00:00:00+00:00,143.01,144.5,140.69305,75.92596,1.4521419,0.5227272727272727,-5650.912698412772,25323.38510280562,5000.0,14672.472404392847,0,,16518.033
2019-04-23 00:00:00+00:00,144.88,146.37,140.75674,74.242485,1.4821417,0.5205992509363296,-5651.904761904836,25651.098120268158,5000.0,14999.193358363322,0,,16731.795
2019-04-24 00:00:00+00:00,146.76,146.84,140.82555,75.47173,1.4521419,0.5205992509363296,-5652.8968253969,25733.46434586453,5000.0,15080.56752046763,0,,16785.521
2019-04-25 00:00:00+00:00,146.86,147.3,140.89145,74.50985,1.4285704,0.5205992509363296,-5653.888888888963,25814.07959329831,5000.0,15160.190704409346,0,,16838.105
2019-04-26 00:00:00+00:00,147.33,148.14,140.95485,83.47411,1.3964278,0.5205992509363296,-5654.880952381027,25961.28734522862,5000.0,15306.406392847592,0,,16934.127
2019-04-29 00:00:00+00:00,148.24,148.62,141.0243,84.65849,1.3978566,0.5205992509363296,-5655.8730158730905,26045.40473276697,5000.0,15389.531716893878,0,,16988.994
2019-04-30 00:00:00+00:00,149.0,149.06,141.0909,91.05329,1.3700006,0.5205992509363296,-5656.865079365154,26122.51378668131,5000.0,15465.648707316155,0,,17039.291
2019-05-01 00:00:00+00:00,145.4,140.69,141.15144,93.18686,1.470714,0.5205992509363296,-5657.857142857218,24655.685869102705,5000.0,13997.828726245487,0,,16082.504
2019-05-02 00:00:00+00:00,140.33,138.81,141.178,45.875988,2.0614276,0.5227272727272727,-5658.849206349281,24326.217725222687,5000.0,13667.368518873405,0,,15867.597
2019-05-03 00:00:00+00:00,139.49,137.58,141.1962,37.600426,2.199999,0.5227272727272727,-5659.841269841345,24110.662980878646,5000.0,13450.8217110373,0,,15726.994
2019-05-06 00:00:00+00:00,136.02,137.93,141.20274,31.483585,2.3114285,0.5205992509363296,-5660.8333333334085,24171.99872907572,5000.0,13511.165395742311,0,,15767.002
2019-05-07 00:00:00+00:00,136.98,135.01,141.2134,32.92476,2.356428,0.5205992509363296,-5661.825396825472,23660.274148513712,5000.0,12998.44875168824,0,,15433.213
2019-05-08 00:00:00+00:00,134.79,134.41,141.20946,28.619827,2.537142,0.5205992509363296,-5662.817460317536,23555.12640646646,5000.0,12892.308946148925,0,,15364.627
2019-05-09 00:00:00+00:00,133.37,133.91,141.20195,27.824837,2.5978568,0.5227272727272727,-5663.809523809599,23467.501678135253,5000.0,12803.692154325654,0,,15307.471
2019-05-10 00:00:00+00:00,133.31,134.77,141.18706,27.603905,2.6957147,0.5333333333333333,-5664.801587301663,23618.21657450517,5000.0,12953.414987203509,0,,15405.779
2019-05-13 00:00:00+00:00,133.06,132.95,141.1737,27.127392,2.760715,0.5227272727272727,-5665.793650793727,23299.262839209096,5000.0,12633.469188415369,0,,15197.73
2019-05-14 00:00:00+00:00,133.75,135.21,141.14665,18.378872,2.7664294,0.5205992509363296,-5666.78571428579,23695.32437684236,5000.0,13028.53866255657,0,,15456.074
2019-05-15 00:00:00+00:00,134.4,134.83,141.12915,24.728395,2.894287,0.5205992509363296,-5667.777777777854,23628.72918399172,5000.0,12960.951406213866,0,,15412.636
2019-05-16 00:00:00+00:00,135.2,136.1,141.11635,22.808537,2.8828595,0.7,-5668.769841269917,23851.29579295391,5000.0,13182.525951683994,0,,15557.8125
2019-05-17 00:00:00+00:00,135.03,135.75,141.1213,24.229467,2.9450018,0.5227272727272727,-5669.761904761981,23789.957367777602,5000.0,13120.195463015621,0,,15517.802
2019-05-20 00:00:00+00:00,134.81,135.68,141.12656,22.298775,3.002145,0.5227272727272727,-5670.753968254045,23777.68890135588,5000.0,13106.934933101835,0,,15509.8
2019-05-21 00:00:00+00:00,136.3,136.69,141.1247,20.734919,2.972145,0.5227272727272727,-5671.746031746108,23954.69059024695,5000.0,13282.944558500843,0,,15625.255
2019-05-22 00:00:00+00:00,136.24,135.65,141.11725,37.096798,2.4042892,0.5205992509363296,-5672.738095238172,23772.430538648103,5000.0,13099.692443409931,0,,15506.37
2019-05-23 00:00:00+00:00,134.59,132.28,141.10236,39.222385,2.312147,0.5205992509363296,-5673.730158730235,23181.844079406615,5000.0,12508.11392067638,0,,15121.141
2019-05-24 00:00:00+00:00,133.41,132.49,141.06485,34.22621,2.387146,0.5227272727272727,-5674.722222222299,23218.648254717886,5000.0,12543.926032495587,0,,15145.146
2019-05-28 00:00:00+00:00,133.0,130.96,141.0249,33.673557,2.4335742,0.5205992509363296,-5675.714285714363,22950.518322584805,5000.0,12274.804036870442,0,,14970.25
2019-05-29 00:00:00+00:00,130.85,131.44,140.97725,36.73879,2.4028604,0.5205992509363296,-5676.706349206426,23034.636764684637,5000.0,12357.930415478211,0,,15025.12
2019-05-30 00:00:00+00:00,131.58,132.22,140.9294,40.19805,2.4614313,0.5205992509363296,-5677.69841269849,23171.329791483124,5000.0,12493.631378784634,0,,15114.282
2019-05-31 00:00:00+00:00,131.5,131.22,140.8869,44.523666,2.4107165,0.5205992509363296,-5678.690476190553,22996.0809977672,5000.0,12317.390521576646,0,,14999.97
2019-06-03 00:00:00+00:00,131.45,130.7,140.83466,38.5999,2.328573,0.5205992509363296,-5679.682539682617,22904.95178746577,5000.0,12225.269247783152,0,,14940.527
2019-06-04 00:00:00+00:00,131.99,132.67,140.7728,42.116356,2.290716,0.5227272727272727,-5680.674603174681,23250.191331267957,5000.0,12569.516728093276,0,,15165.723
2019-06-05 00:00:00+00:00,133.54,133.6,140.7217,40.91559,2.2450006,0.5205992509363296,-5681.666666666744,23413.174778705707,5000.0,12731.508112038962,0,,15272.034
2019-06-06 00:00:00+00:00,133.35,133.38,140.6772,45.767406,2.3042853,0.5205992509363296,-5682.658730158808,23374.62036183396,5000.0,12691.961631675153,0,,15246.886
2019-06-07 00:00:00+00:00,134.06,135.39,140.6279,39.911007,2.2228568,0.5205992509363296,-5683.6507936508715,23726.86941893865,5000.0,13043.21862528778,0,,15476.652
2019-06-10 00:00:00+00:00,136.23,136.92,140.5824,48.811096,2.2749982,0.5205992509363296,-5684.642857142935,23994.999249335677,5000.0,13310.356392192742,0,,15651.549
2019-06-11 00:00:00+00:00,137.48,136.79,140.5465,53.73495,2.2607129,0.5205992509363296,-5685.634920634999,23972.215949767862,5000.0,13286.581029132863,0,,15636.688
2019-06-12 00:00:00+00:00,136.92,138.59,140.454,50.318035,2.2835681,0.5205992509363296,-5686.626984127062,24287.66435999458,5000.0,13601.037375867516,0,,15842.451
2019-06-13 00:00:00+00:00,139.11,137.97,140.36395,58.919903,2.3392813,0.5227272727272727,-5687.619047619126,24179.011865988716,5000.0,13491.39281836959,0,,15771.578
2019-06-14 00:00:00+00:00,137.85,137.81,140.26144,70.72104,2.2157114,0.5205992509363296,-5688.6111111111895,24150.97079923029,5000.0,13462.3596881191,0,,15753.288
2019-06-17 00:00:00+00:00,138.38,137.09,140.16444,69.444405,2.094997,0.5205992509363296,-5689.603174603253,24024.791986581295,5000.0,13335.188811978041,0,,15670.983
2019-06-18 00:00:00+00:00,138.54,137.34,140.06485,73.81502,2.0385687,0.5205992509363296,-5690.595238095317,24068.60512790471,5000.0,13378.009889809393,0,,15699.562
2019-06-19 00:00:00+00:00,137.88,138.19,139.9634,73.338554,2.0307117,0.5205992509363296,-5691.58730158738,24217.568321920993,5000.0,13525.981020333613,0,,15796.729
2019-06-20 00:00:00+00:00,138.64,138.62,139.86356,73.485405,2.0292838,0.5205992509363296,-5692.579365079444,24292.923728722548,5000.0,13600.344363643104,0,,15845.882
2019-06-21 00:00:00+00:00,138.74,137.34,139.76445,80.4777,2.0328555,0.5227272727272727,-5693.571428571508,24068.605495522836,5000.0,13375.034066951328,0,,15699.563
2019-06-24 00:00:00+00:00,137.67,136.91,139.65475,75.73641,2.0399988,0.5205992509363296,-5694.563492063571,23993.25022556247,5000.0,13298.6867334989,0,,15650.409
2019-06-25 00:00:00+00:00,136.83,135.65,139.5494,68.661995,1.9371425,0.5227272727272727,-5695.555555555635,23772.4356513311,5000.0,13076.880095775465,0,,15506.376
2019-06-26 00:00:00+00:00,136.45,134.41,139.4298,58.768124,1.8735712,0.5205992509363296,-5696.547619047698,23555.12973619241,5000.0,12858.582117144713,0,,15364.632
2019-06-27 00:00:00+00:00,135.04,134.54,139.30185,54.051926,2.019285,0.5227272727272727,-5697.539682539762,23577.910961343205,5000.0,12880.371278803443,0,,15379.491
2019-06-28 00:00:00+00:00,135.0,133.92,139.17555,46.075684,1.904286,0.5205992509363296,-5698.531746031826,23469.25749892934,5000.0,12770.725752897513,0,,15308.618
2019-07-01 00:00:00+00:00,136.59,136.42,139.0426,34.879005,1.9328569,0.5227272727272727,-5699.523809523889,23907.377305762588,5000.0,13207.853496238698,0,,15594.396
2019-07-02 00:00:00+00:00,136.72,135.94,138.91699,48.494728,2.0157144,0.5205992509363296,-5700.515873015953,23823.25867787245,5000.0,13122.742804856498,0,,15539.527
2019-07-03 00:00:00+00:00,136.14,137.61,138.7876,37.9216,1.9600012,0.5205992509363296,-5701.507936508016,24115.924430823452,5000.0,13414.416494315436,0,,15730.428
2019-07-05 00:00:00+00:00,136.88,137.15,138.66135,48.50249,1.9735718,0.5205992509363296,-5702.50000000008,24035.309542760147,5000.0,13332.809542760067,0,,15677.845
2019-07-08 00:00:00+00:00,136.48,136.12,138.5474,47.321407,2.0621436,0.5205992509363296,-5703.492063492144,23854.8042136007,5000.0,13151.312150108555,0,,15560.104
2019-07-09 00:00:00+00:00,135.94,136.68,138.4218,46.159924,2.0135715,0.5205992509363296,-5704.484126984207,23952.94363651992,5000.0,13248.459509535714,0,,15624.118
2019-07-10 00:00:00+00:00,137.01,137.4,138.30804,47.44975,1.9578574,0.5205992509363296,-5705.476190476271,24079.12149896792,5000.0,13373.64530849165,0,,15706.421
2019-07-11 00:00:00+00:00,137.84,138.89,138.19365,46.91643,1.9028571,0.5227272727272727,-5706.4682539683345,24340.24391685175,5000.0,13633.775662883414,0,,15876.747
2019-07-12 00:00:00+00:00,139.44,139.91,138.09206,50.97334,1.8721434,0.5227272727272727,-5707.460317460398,24518.99885053581,5000.0,13811.53853307541,0,,15993.346
2019-07-15 00:00:00+00:00,139.9,140.5,137.99405,59.441624,1.8378569,0.5205992509363296,-5708.452380952462,24622.396170369768,5000.0,13913.943789417306,0,,16060.79
2019-07-16 00:00:00+00:00,140.88,140.46,137.89775,63.035583,1.8628561,0.5227272727272727,-5709.444444444525,24615.386868939204,5000.0,13905.942424494679,0,,16056.218
2019-07-17 00:00:00+00:00,140.79,141.05,137.80879,69.16344,1.8499995,0.5205992509363296,-5710.436507936589,24718.782780598674,5000.0,14008.346272662086,0,,16123.662
2019-07-18 00:00:00+00:00,140.8,142.6,137.7181,77.89921,1.7292862,0.5205992509363296,-5711.4285714286525,24990.41921337321,5000.0,14278.990641944558,0,,16300.847
2019-07-19 00:00:00+00:00,142.95,141.6,137.6307,80.25532,1.894286,0.5205992509363296,-5712.420634920716,24815.171257973947,5000.0,14102.75062305323,0,,16186.535
2019-07-22 00:00:00+00:00,141.76,138.84,137.5435,78.029236,1.9285715,0.5205992509363296,-5713.41269841278,24331.48354548778,5000.0,13618.070847075,0,,15871.033
2019-07-23 00:00:00+00:00,139.77,138.85,137.4421,58.66761,1.9407152,0.5227272727272727,-5714.404761904843,24333.23837150242,5000.0,13618.833609597576,0,,15872.178
2019-07-24 00:00:00+00:00,138.31,136.49,137.34105,60.785763,1.9307142,0.5227272727272727,-5715.396825396907,23919.65261403581,5000.0,13204.255788638904,0,,15602.402
2019-07-25 00:00:00+00:00,136.49,138.0,137.2345,46.0508,2.0528564,0.5227272727272727,-5716.3888888889705,24184.27809673723,5000.0,13467.88920784826,0,,15775.015
2019-07-26 00:00:00+00:00,138.77,140.26,137.1312,52.79056,2.0407138,0.5227272727272727,-5717.380952381034,24580.337580786738,5000.0,13862.956628405704,0,,16033.357
2019-07-29 00:00:00+00:00,140.12,141.01,137.0609,62.575935,2.1214283,0.5227272727272727,-5718.373015873098,24711.774837423807,5000.0,13993.40182155071,0,,16119.092
2019-07-30 00:00:00+00:00,140.71,139.12,136.98305,63.003002,2.1307144,0.5227272727272727,-5719.365079365161,24380.555592962064,5000.0,13661.190513596903,0,,15903.043
2019-07-31 00:00:00+00:00,139.18,139.7,136.92845,54.82604,2.4171426,0.5205992509363296,-5720.357142857225,24482.200725355025,5000.0,13761.8435824978,0,,15969.345
2019-08-01 00:00:00+00:00,139.82,140.47,136.89035,52.395023,2.4407141,0.5205992509363296,-5721.349206349289,24617.14367595401,5000.0,13895.79446960472,0,,16057.365
2019-08-02 00:00:00+00:00,140.3,138.77,136.8423,51.680664,2.72,0.5205992509363296,-5722.341269841352,24319.22240766317,5000.0,13596.881137821816,0,,15863.036
2019-08-05 00:00:00+00:00,137.06,133.8,136.7873,45.13226,2.8335724,0.5227272727272727,-5723.333333333416,23448.23814137652,5000.0,12724.904808043106,0,,15294.907
2019-08-06 00:00:00+00:00,134.53,135.87,136.68515,35.330395,3.144287,0.5227272727272727,-5724.325396825479,23810.999811669324,5000.0,13086.674414843845,0,,15531.53
2019-08-07 00:00:00+00:00,134.15,137.08,136.5904,39.288654,3.2078586,0.5205992509363296,-5725.317460317543,24023.052222740454,5000.0,13297.734762422911,0,,15669.849
2019-08-08 00:00:00+00:00,137.38,140.82,136.5111,38.422817,3.269287,0.5205992509363296,-5726.309523809607,24678.483488835926,5000.0,13952.173965026319,0,,16097.376
2019-08-09 00:00:00+00:00,140.55,140.62,136.45045,48.532734,3.4942877,0.5205992509363296,-5727.30158730167,24643.43216786256,5000.0,13916.13058056089,0,,16074.514
2019-08-12 00:00:00+00:00,139.92,138.32,136.38396,53.70524,3.3892865,0.5227272727272727,-5728.293650793734,24240.362935294357,5000.0,13512.069284500623,0,,15811.597
2019-08-13 00:00:00+00:00,138.22,140.21,136.3165,48.99278,3.4542868,0.5227272727272727,-5729.285714285797,24571.583428655034,5000.0,13842.297714369237,0,,16027.647
2019-08-14 00:00:00+00:00,138.2,138.18,136.2733,57.198147,3.3700016,0.5205992509363296,-5730.277777777861,24215.826572696078,5000.0,13485.548794918217,0,,15795.594
2019-08-15 00:00:00+00:00,138.65,141.94,136.21205,50.34141,3.4128592,0.5227272727272727,-5731.269841269925,24874.762239392716,5000.0,14143.492398122791,0,,16225.406
2019-08-16 00:00:00+00:00,143.0,141.92,136.177,53.015087,3.6014316,0.5205992509363296,-5732.261904761988,24871.25725156077,5000.0,14138.995346798783,0,,16223.119
2019-08-19 00:00:00+00:00,143.56,141.53,136.1562,51.677116,3.6450021,0.5205992509363296,-5733.253968254052,24802.910724680154,5000.0,14069.656756426102,0,,16178.538
2019-08-20 00:00:00+00:00,141.39,140.77,136.12465,54.701523,3.5078595,0.5227272727272727,-5734.2460317461155,24669.723011647362,5000.0,13935.476979901247,0,,16091.661
2019-08-21 00:00:00+00:00,143.07,142.36,136.07935,52.072853,3.5457165,0.5333333333333333,-5735.238095238179,24948.36657034394,5000.0,14213.128475105761,0,,16273.416
2019-08-22 00:00:00+00:00,142.69,142.92,136.04305,53.548626,3.5342877,0.7,-5736.230158730243,25046.505164981834,5000.0,14310.275006251592,0,,16337.431
2019-08-23 00:00:00+00:00,142.23,138.85,136.0116,58.14043,3.4671445,0.5227272727272727,-5737.222222222306,24333.245058794746,5000.0,13596.02283657244,0,,15872.183
2019-08-26 00:00:00+00:00,139.82,140.37,135.95724,60.268402,3.472144,0.5227272727272727,-5738.21428571437,24599.620826234244,5000.0,13861.406540519874,0,,16045.936
2019-08-27 00:00:00+00:00,141.39,142.6,135.9054,59.359398,3.4600012,0.5227272727272727,-5739.2063492064335,24990.426746435754,5000.0,14251.220397229321,0,,16300.852
2019-08-28 00:00:00+00:00,142.22,142.59,135.88515,61.01357,3.3400006,0.5205992509363296,-5740.198412698497,24988.672061826146,5000.0,14248.473649127649,0,,16299.707
2019-08-29 00:00:00+00:00,144.0,145.0,135.8826,54.149055,3.0785718,0.5227272727272727,-5741.190476190561,25411.020908452163,5000.0,14669.830432261602,0,,16575.197
2019-08-30 00:00:00+00:00,145.98,144.96,135.9001,59.30332,3.1207156,0.5227272727272727,-5742.182539682624,25404.012785427258,5000.0,14661.830245744633,0,,16570.627
2019-09-03 00:00:00+00:00,144.4,144.57,135.91835,65.601494,3.0542865,0.5227272727272727,-5743.174603174688,25335.6664683091,5000.0,14592.491865134412,0,,16526.045
2019-09-04 00:00:00+00:00,145.38,145.83,135.94765,61.02123,3.000716,0.5227272727272727,-5744.166666666752,25556.479732102634,5000.0,14812.313065435883,0,,16670.08
2019-09-05 00:00:00+00:00,147.82,148.51,135.9983,70.12102,2.9264297,0.5205992509363296,-5745.158730158815,26026.14502442055,5000.0,15280.986294261736,0,,16976.434
2019-09-06 00:00:00+00:00,147.94,147.74,136.0476,68.32125,2.7650006,0.5205992509363296,-5746.150793650879,25891.205458100714,5000.0,15145.054664449835,0,,16888.414
2019-09-09 00:00:00+00:00,148.53,147.51,136.09164,65.57821,2.692145,0.5793329031795533,-5747.142857142942,25850.89613106066,5000.0,15103.753273917719,0,,16862.121
2019-09-10 00:00:00+00:00,147.47,142.66,136.15285,66.14472,2.6228595,0.5227272727272727,-5748.134920635006,25000.94310709533,5000.0,14252.808186460323,0,,16307.712
2019-09-11 00:00:00+00:00,142.24,145.02,136.1921,54.17957,2.84643,0.5227272727272727,-5749.12698412707,25414.52851672643,5000.0,14665.40153259936,0,,16577.486
2019-09-12 00:00:00+00:00,146.05,146.38,136.23625,55.688637,2.7164307,0.5333333333333333,-5750.119047619133,25652.86788648627,5000.0,14902.748838867137,0,,16732.951
2019-09-13 00:00:00+00:00,146.09,145.21,136.28935,57.154694,2.760001,0.5227272727272727,-5751.111111111197,25447.82801110754,5000.0,14696.716899996343,0,,16599.207
2019-09-16 00:00:00+00:00,144.75,146.11,136.32985,64.94362,2.5171432,0.5227272727272727,-5752.10317460326,25605.551852053915,5000.0,14853.448677450655,0,,16702.088
2019-09-17 00:00:00+00:00,145.98,147.22,136.3803,63.891598,2.5050006,0.5205992509363296,-5753.095238095324,25800.07645118022,5000.0,15046.981213084895,0,,16828.973
2019-09-18 00:00:00+00:00,146.74,147.53,136.41264,61.821903,2.4578586,0.5205992509363296,-5754.087301587388,25854.40400474258,5000.0,15100.316703155193,0,,16864.41
2019-09-19 00:00:00+00:00,148.2,147.86,136.45465,62.449623,2.4485736,0.5227272727272727,-5755.079365079451,25912.236250181275,5000.0,15157.156885101824,0,,16902.133
2019-09-20 00:00:00+00:00,148.36,147.69,136.49545,58.05182,2.3564312,0.5227272727272727,-5756.071428571515,25882.444589572642,5000.0,15126.373161001127,0,,16882.701
2019-09-23 00:00:00+00:00,147.29,145.36,136.5274,57.629963,2.3864322,0.5205992509363296,-5757.063492063578,25474.115984942575,5000.0,14717.052492878996,0,,16616.355
2019-09-24 00:00:00+00:00,146.12,146.83,136.5684,51.991917,2.4392886,0.5227272727272727,-5758.055555555642,25731.73270530317,5000.0,14973.677149747527,0,,16784.395
2019-09-25 00:00:00+00:00,146.47,146.75,136.6228,52.495014,2.551432,0.5205992509363296,-5759.047619047706,25717.71287217596,5000.0,14958.665253128253,0,,16775.25
2019-09-26 00:00:00+00:00,146.64,146.74,136.6878,44.95414,2.4714313,0.5227272727272727,-5760.039682539769,25715.96077303073,5000.0,14955.92109049096,0,,16774.107
2019-09-27 00:00:00+00:00,147.64,143.72,136.74765,47.002396,2.5200021,0.5205992509363296,-5761.031746031833,25186.709600996186,5000.0,14425.677854964353,0,,16428.885
2019-09-30 00:00:00+00:00,144.12,145.97,136.79395,40.267086,2.713573,0.5205992509363296,-5762.0238095238965,25581.017573399953,5000.0,14818.993763876057,0,,16686.086
2019-10-01 00:00:00+00:00,146.39,146.26,136.8501,59.81031,2.5092883,0.5333333333333333,-5763.01587301596,25631.837406423587,5000.0,14868.821533407627,0,,16719.234
2019-10-02 00:00:00+00:00,145.16,144.55,136.9128,54.18916,2.4292886,0.5205992509363296,-5764.007936508024,25332.164033483168,5000.0,14568.156096975144,0,,16523.764
2019-10-03 00:00:00+00:00,144.1,144.5,136.9787,43.96038,2.4685745,0.5205992509363296,-5765.000000000087,25323.400488920688,5000.0,14558.4004889206,0,,16518.047
2019-10-04 00:00:00+00:00,145.15,145.94,137.05745,47.46968,2.4792895,0.5227272727272727,-5765.992063492151,25575.758804778554,5000.0,14809.766741286403,0,,16682.656
2019-10-07 00:00:00+00:00,145.88,144.81,137.14516,49.416615,2.4600034,0.5205992509363296,-5766.9841269842145,25377.72720361572,5000.0,14610.743076631505,0,,16553.482
2019-10-08 00:00:00+00:00,144.06,142.28,137.23315,41.740902,2.474289,0.5205992509363296,-5767.976190476278,24934.349514209905,5000.0,14166.373323733627,0,,16264.275
2019-10-09 00:00:00+00:00,142.82,142.34,137.3145,34.384293,2.5071454,0.5205992509363296,-5768.968253968342,24944.86291455377,5000.0,14175.894660585429,0,,16271.134
2019-10-10 00:00:00+00:00,142.3,142.75,137.40845,33.31316,2.530716,0.5205992509363296,-5769.960317460405,25016.71544629734,5000.0,14246.755128836936,0,,16318.002
2019-10-11 00:00:00+00:00,143.69,142.1,137.51685,35.280087,2.473573,0.5205992509363296,-5770.952380952469,24902.804893849963,5000.0,14131.852512897494,0,,16243.7
2019-10-14 00:00:00+00:00,141.56,141.98,137.60056,39.20531,2.4342868,0.5205992509363296,-5771.944444444533,24881.773523535547,5000.0,14109.829079091014,0,,16229.981
2019-10-15 00:00:00+00:00,142.6,142.63,137.6791,32.363613,2.336429,0.5205992509363296,-5772.936507936596,24995.688074337228,5000.0,14222.751566400631,0,,16304.285
2019-10-16 00:00:00+00:00,142.95,143.7,137.76585,35.614548,2.3635724,0.5227272727272727,-5773.92857142866,25183.20174174403,5000.0,14409.27317031537,0,,16426.598
2019-10-17 00:00:00+00:00,143.79,143.4,137.85175,40.117012,2.442143,0.5205992509363296,-5774.920634920723,25130.626462019056,5000.0,14355.705827098333,0,,16392.303
2019-10-18 00:00:00+00:00,143.07,143.48,137.9478,48.73615,2.2528577,0.5205992509363296,-5775.912698412787,25144.646825331092,5000.0,14368.734126918305,0,,16401.45
2019-10-21 00:00:00+00:00,144.39,141.73,138.05905,38.131535,2.174286,0.5205992509363296,-5776.904761904851,24837.961619917947,5000.0,14061.056858013097,0,,16201.403
2019-10-22 00:00:00+00:00,141.99,139.16,138.1475,31.04605,2.230714,0.5227272727272727,-5777.896825396914,24387.573762961543,5000.0,13609.676937564629,0,,15907.623
2019-10-23 00:00:00+00:00,138.75,138.49,138.2242,28.961773,2.2742856,0.5227272727272727,-5778.888888888978,24270.15819945546,5000.0,13491.269310566484,0,,15831.034
2019-10-24 00:00:00+00:00,140.23,139.02,138.28705,27.624754,2.2349994,0.5227272727272727,-5779.880952381041,24363.039508091784,5000.0,13583.158555710743,0,,15891.619
2019-10-25 00:00:00+00:00,138.82,139.53,138.35045,22.364235,2.279286,0.5205992509363296,-5780.873015873105,24452.41645571194,5000.0,13671.543439838835,0,,15949.918
2019-10-28 00:00:00+00:00,140.41,140.75,138.41745,27.81512,2.269286,0.7,-5781.865079365169,24666.219674288503,5000.0,13884.354594923334,0,,16089.379
2019-10-29 00:00:00+00:00,140.9,141.33,138.48755,42.776207,2.2014291,0.5205992509363296,-5782.857142857232,24767.864891433088,5000.0,13985.007748575856,0,,16155.681
2019-10-30 00:00:00+00:00,141.65,141.48,138.562,45.45457,2.2064285,0.5205992509363296,-5783.849206349296,24794.151529350656,5000.0,14010.30232300136,0,,16172.826
2019-10-31 00:00:00+00:00,141.55,141.56,138.6254,44.14744,2.1785703,0.5227272727272727,-5784.8412698413595,24808.17038214527,5000.0,14023.329112303909,0,,16181.971
2019-11-01 00:00:00+00:00,141.95,141.74,138.68295,47.3735,2.126428,0.5205992509363296,-5785.833333333423,24839.7165878407,5000.0,14053.883254507276,0,,16202.548
2019-11-04 00:00:00+00:00,142.94,142.72,138.74416,48.839504,2.0750003,0.5205992509363296,-5786.825396825487,25011.45887480633,5000.0,14224.633477980842,0,,16314.572
2019-11-05 00:00:00+00:00,146.16,145.64,138.8034,50.421726,2.027857,0.5227272727272727,-5787.81746031755,25523.184618072108,5000.0,14735.367157754557,0,,16648.363
2019-11-06 00:00:00+00:00,145.64,147.49,138.88396,57.74762,2.4557147,0.5227272727272727,-5788.809523809614,25847.395021436754,5000.0,15058.58549762714,0,,16859.84
2019-11-07 00:00:00+00:00,148.06,148.65,138.96996,64.53452,2.6335711,0.5227272727272727,-5789.8015873016775,26050.680463614917,5000.0,15260.87887631324,0,,16992.44
2019-11-08 00:00:00+00:00,147.68,149.51,139.05745,67.06272,2.692142,0.5227272727272727,-5790.793650793741,26201.395769927974,5000.0,15410.602119134233,0,,17090.75
2019-11-11 00:00:00+00:00,148.98,148.66,139.14275,77.27914,2.653571,0.5205992509363296,-5791.785714285805,26052.436888434673,5000.0,15260.651174148868,0,,16993.586
2019-11-12 00:00:00+00:00,148.9,147.31,139.22415,87.87885,2.5271432,0.5205992509363296,-5792.777777777868,25815.849892891954,5000.0,15023.072115114086,0,,16839.264
2019-11-13 00:00:00+00:00,147.25,148.3,139.305,83.35855,2.5942852,0.5227272727272727,-5793.769841269932,25989.34641979626,5000.0,15195.576578526328,0,,16952.432
2019-11-14 00:00:00+00:00,148.24,148.09,139.3812,83.918144,2.547142,0.5205992509363296,-5794.7619047619955,25952.543240279378,5000.0,15157.781335517382,0,,16928.426
2019-11-15 00:00:00+00:00,148.62,149.71,139.4539,81.98802,2.4785702,0.5227272727272727,-5795.753968254059,26236.447445004105,5000.0,15440.693476750046,0,,17113.611
2019-11-18 00:00:00+00:00,149.94,150.66,139.52734,82.51088,2.4964273,0.5227272727272727,-5796.746031746123,26402.934224925757,5000.0,15606.188193179634,0,,17222.207
2019-11-19 00:00:00+00:00,150.97,151.11,139.6026,82.968185,2.4849994,0.5205992509363296,-5797.738095238186,26481.7942118277,5000.0,15684.056116589512,0,,17273.646
2019-11-20 00:00:00+00:00,150.86,150.35,139.6792,83.321785,2.5092862,0.5227272727272727,-5798.73015873025,26348.605618702713,5000.0,15549.875459972463,0,,17186.77
2019-11-21 00:00:00+00:00,150.2,148.86,139.7707,79.04827,2.585714,0.5227272727272727,-5799.722222222314,26087.484985708583,5000.0,15287.76276348627,0,,17016.443
2019-11-22 00:00:00+00:00,149.07,149.45,139.8561,71.65448,2.6314282,0.5227272727272727,-5800.714285714377,26190.881961798637,5000.0,15390.16767608426,0,,17083.889
2019-11-25 00:00:00+00:00,149.92,150.57,139.94,70.96571,2.6592865,0.5227272727272727,-5801.706349206441,26387.16196265342,5000.0,15585.455613446979,0,,17211.918
2019-11-26 00:00:00+00:00,150.85,151.79,140.0357,67.298256,2.1192868,0.5227272727272727,-5802.698412698504,26600.961752115225,5000.0,15798.26333941672,0,,17351.377
2019-11-27 00:00:00+00:00,152.54,152.61,140.1311,65.78557,1.9328592,0.5205992509363296,-5803.690476190568,26744.66566386323,5000.0,15940.975187672662,0,,17445.113
2019-11-29 00:00:00+00:00,152.05,151.94,140.2265,64.909645,1.8735733,0.5205992509363296,-5804.682539682632,26627.25017048593,5000.0,15822.5676308033,0,,17368.523
2019-12-02 00:00:00+00:00,152.13,150.44,140.32436,59.281918,1.7828587,0.5205992509363296,-5805.674603174695,26364.377507599693,5000.0,15558.702904424998,0,,17197.057
2019-12-03 00:00:00+00:00,150.46,150.15,140.4076,56.477425,1.8207158,0.5205992509363296,-5806.666666666759,26313.554015945847,5000.0,15506.887349279088,0,,17163.906
2019-12-04 00:00:00+00:00,149.8,151.1,140.49416,61.198704,1.8128597,0.5205992509363296,-5807.658730158822,26480.040741681074,5000.0,15672.382011522252,0,,17272.502
2019-12-05 00:00:00+00:00,151.64,150.72,140.5855,61.075935,1.905716,0.5227272727272727,-5808.650793650886,26413.446119604698,5000.0,15604.795325953812,0,,17229.064
2019-12-06 00:00:00+00:00,151.64,150.65,140.68095,60.265415,1.9450018,0.5205992509363296,-5809.64285714295,26401.177100381836,5000.0,15591.534243238886,0,,17221.06
2019-12-09 00:00:00+00:00,150.6,148.87,140.7714,54.174,1.9128592,0.5227272727272727,-5810.634920635013,26089.234300230382,5000.0,15278.59937959537,0,,17017.586
2019-12-10 00:00:00+00:00,148.44,148.71,140.85425,42.597168,1.9707162,0.5205992509363296,-5811.626984127077,26061.196937271405,5000.0,15249.569953144328,0,,16999.299
2019-12-11 00:00:00+00:00,145.43,145.54,140.93335,39.83055,1.9578596,0.5227272727272727,-5812.6190476191405,25505.656481223275,5000.0,14693.037433604135,0,,16636.928
2019-12-12 00:00:00+00:00,145.45,146.79,140.99686,33.0753,2.078574,0.5205992509363296,-5813.611111111204,25724.71619083215,5000.0,14911.105079720946,0,,16779.816
2019-12-13 00:00:00+00:00,146.72,145.86,141.06766,42.59126,2.1057162,0.5227272727272727,-5814.603174603268,25561.73579777575,5000.0,14747.132623172482,0,,16673.508
2019-12-16 00:00:00+00:00,146.78,146.38,141.12814,37.45636,2.0778592,0.5205992509363296,-5815.595238095331,25652.86525224165,5000.0,14837.270014146317,0,,16732.951
2019-12-17 00:00:00+00:00,146.84,146.98,141.19514,34.7192,2.1085727,0.5205992509363296,-5816.587301587395,25758.013581837342,5000.0,14941.426280249947,0,,16801.537
2019-12-18 00:00:00+00:00,147.62,145.78,141.26505,31.627243,2.0721447,0.5227272727272727,-5817.5793650794585,25547.716241064463,5000.0,14730.136875985005,0,,16664.363
2019-12-19 00:00:00+00:00,145.59,146.09,141.33485,24.647388,2.108574,0.5205992509363296,-5818.571428571522,25602.04231784718,5000.0,14783.470889275657,0,,16699.799
2019-12-20 00:00:00+00:00,147.02,146.82,141.4103,27.688791,2.1857169,0.5227272727272727,-5819.563492063586,25729.97610732447,5000.0,14910.412615260884,0,,16783.248
2019-12-23 00:00:00+00:00,147.02,146.32,141.48775,35.332306,2.1828601,0.5205992509363296,-5820.555555555649,25642.352380903354,5000.0,14821.796825347705,0,,16726.092
2019-12-24 00:00:00+00:00,146.44,146.42,141.55205,34.74111,2.0735745,0.5205992509363296,-5821.547619047713,25659.877053196982,5000.0,14838.32943414927,0,,16737.523
2019-12-26 00:00:00+00:00,146.41,146.11,141.6126,29.99996,1.9442891,0.5205992509363296,-5822.539682539777,25605.55106532572,5000.0,14783.011382785942,0,,16702.088
2019-12-27 00:00:00+00:00,146.28,146.61,141.66466,30.180548,1.9028604,0.5205992509363296,-5823.53174603184,25693.173820958265,5000.0,14869.642074926425,0,,16759.242
2019-12-30 00:00:00+00:00,146.74,145.39,141.7185,33.25042,1.9171458,0.5205992509363296,-5824.523809523904,25479.370529807697,5000.0,14654.846720283793,0,,16619.781
2019-12-31 00:00:00+00:00,145.16,145.67,141.75925,34.869564,1.8757182,0.5205992509363296,-5825.515873015967,25528.439365889804,5000.0,14702.923492873837,0,,16651.787
2020-01-02 00:00:00+00:00,146.47,145.89,141.79695,36.919064,1.8528606,0.5205992509363296,-5826.507936508031,25566.994010274957,5000.0,14740.486073766926,0,,16676.936
2020-01-03 00:00:00+00:00,145.39,145.72,141.8415,52.018494,1.6550032,0.5205992509363296,-5827.500000000095,25537.201538573998,5000.0,14709.701538573903,0,,16657.502
2020-01-06 00:00:00+00:00,144.92,146.73,141.8948,42.951286,1.5928595,0.5205992509363296,-5828.492063492158,25714.20158099531,5000.0,14885.709517503154,0,,16772.957
2020-01-07 00:00:00+00:00,146.39,146.48,141.9391,55.67143,1.6335733,0.5227272727272727,-5829.484126984222,25670.38975594682,5000.0,14840.905628962599,0,,16744.379
2020-01-08 00:00:00+00:00,147.04,146.71,141.99265,50.675617,1.5985739,0.5227272727272727,-5830.476190476285,25710.698037590846,5000.0,14880.22184711456,0,,16770.672
2020-01-09 00:00:00+00:00,147.47,148.62,142.0503,48.079735,1.587859,0.5205992509363296,-5831.468253968349,26045.42166905453,5000.0,15213.95341508618,0,,16989.008
2020-01-10 00:00:00+00:00,148.98,145.51,142.1076,68.34625,1.5742863,0.5278938752190561,-5832.460317460413,25500.398314242364,5000.0,14667.937996781951,0,,16633.498
2020-01-13 00:00:00+00:00,145.79,147.19,142.1471,47.248566,1.6807142,0.5227272727272727,-5833.452380952476,25794.81719488752,5000.0,14961.364813935044,0,,16825.543
2020-01-14 00:00:00+00:00,147.18,147.07,142.1922,51.610077,1.6457138,0.5205992509363296,-5834.44444444454,25773.788931630108,5000.0,14939.344487185568,0,,16811.826
2020-01-15 00:00:00+00:00,147.01,148.65,142.23386,53.375343,1.7114279,0.5205992509363296,-5835.436507936603,26050.680384719642,5000.0,15215.243876783039,0,,16992.438
2020-01-16 00:00:00+00:00,149.68,149.27,142.2754,58.85623,1.8314285,0.5205992509363296,-5836.428571428667,26159.335027456622,5000.0,15322.906456027955,0,,17063.31
2020-01-17 00:00:00+00:00,149.44,149.47,142.31285,62.24808,1.883571,0.5227272727272727,-5837.420634920731,26194.38312678056,5000.0,15356.962491859831,0,,17086.172
2020-01-21 00:00:00+00:00,148.81,149.61,142.34724,61.349216,1.8399996,0.5227272727272727,-5838.412698412794,26218.917503428882,5000.0,15380.504805016088,0,,17102.176
2020-01-22 00:00:00+00:00,150.56,149.61,142.38655,68.315994,1.8521423,0.5227272727272727,-5839.404761904858,26218.917503428882,5000.0,15379.512741524024,0,,17102.176
2020-01-23 00:00:00+00:00,150.02,152.41,142.42485,67.52672,1.912857,0.5205992509363296,-5840.3968253969215,26709.614550229533,5000.0,15869.217724832612,0,,17422.25
2020-01-24 00:00:00+00:00,152.45,151.25,142.48006,73.58903,2.0735724,0.5205992509363296,-5841.388888888985,26506.325112294035,5000.0,15664.93622340505,0,,17289.646
2020-01-27 00:00:00+00:00,149.05,149.04,142.5303,68.669815,2.1985736,0.5205992509363296,-5842.380952381049,26119.025243789154,5000.0,15276.644291408105,0,,17037.018
2020-01-28 00:00:00+00:00,149.74,150.05,142.5652,57.21423,2.2500021,0.5205992509363296,-5843.373015873112,26296.028907216856,5000.0,15452.655891343744,0,,17152.475
2020-01-29 00:00:00+00:00,149.56,149.6,142.5998,60.644016,2.3207157,0.5246080712525988,-5844.365079365176,26217.166913995417,5000.0,15372.801834630242,0,,17101.033
2020-01-30 00:00:00+00:00,148.56,153.07,142.6272,58.504997,2.3035736,0.5227272727272727,-5845.3571428572395,26825.2779679737,5000.0,15979.92082511646,0,,17497.695
2020-01-31 00:00:00+00:00,152.99,149.54,142.67226,61.99463,2.5007172,0.5205992509363296,-5846.349206349303,26206.64804613477,5000.0,15360.298839785468,0,,17094.172
2020-02-03 00:00:00+00:00,151.17,151.98,142.70074,60.622013,2.5050037,0.5227272727272727,-5847.341269841367,26634.255934274817,5000.0,15786.91466443345,0,,17373.094
2020-02-04 00:00:00+00:00,153.1,153.77,142.7415,62.138844,2.5992901,0.5227272727272727,-5848.33333333343,26947.95094616551,5000.0,16099.61761283208,0,,17577.71
2020-02-05 00:00:00+00:00,161.43,163.98,142.79285,65.65417,2.697862,0.5205992509363296,-5849.325396825494,28737.235230012127,5000.0,17887.909833186633,0,,18744.832
2020-02-06 00:00:00+00:00,165.26,164.2,142.89024,75.52444,3.2928607,0.5205992509363296,-5850.317460317558,28775.788568692224,5000.0,17925.471108374666,0,,18769.979
2020-02-07 00:00:00+00:00,164.19,165.29,142.9794,75.194016,3.385718,0.5227272727272727,-5851.309523809621,28966.80712462518,5000.0,18115.497600815557,0,,18894.578
2020-02-10 00:00:00+00:00,165.29,168.38,143.07166,75.91739,3.4892905,0.5205992509363296,-5852.301587301685,29508.327679655387,5000.0,18656.026092353703,0,,19247.803
2020-02-11 00:00:00+00:00,169.47,168.12,143.17705,78.04,3.6192899,0.5205992509363296,-5853.293650793748,29462.761583039784,5000.0,18609.467932246036,0,,19218.082
2020-02-12 00:00:00+00:00,168.53,169.12,143.27695,77.43843,3.6507175,0.5205992509363296,-5854.285714285812,29638.011566673413,5000.0,18783.7258523876,0,,19332.393
2020-02-13 00:00:00+00:00,168.44,168.95,143.37946,76.16656,3.6042883,0.5205992509363296,-5855.277777777876,29608.22024569022,5000.0,18752.942467912344,0,,19312.96
2020-02-14 00:00:00+00:00,169.16,172.08,143.4789,78.6037,3.5100033,0.5205992509363296,-5856.269841269939,30156.74795137899,5000.0,19300.478110109052,0,,19670.758
2020-02-18 00:00:00+00:00,171.62,172.86,143.63585,86.15815,3.540717,0.5205992509363296,-5857.261904762003,30293.442881467898,5000.0,19436.180976705895,0,,19759.92
2020-02-19 00:00:00+00:00,173.76,173.82,143.8061,86.057495,3.587145,0.5205992509363296,-5858.253968254066,30461.684253214178,5000.0,19603.43028496011,0,,19869.662
2020-02-20 00:00:00+00:00,174.05,174.46,143.9873,87.678856,3.655001,0.5205992509363296,-5859.24603174613,30573.844702424467,5000.0,19714.598670678337,0,,19942.822
2020-02-21 00:00:00+00:00,173.74,171.01,144.16995,86.4892,3.520001,0.5205992509363296,-5860.238095238194,29969.234980525936,5000.0,19108.996885287743,0,,19548.445
2020-02-24 00:00:00+00:00,165.52,167.93,144.34995,86.725914,3.5592868,0.5205992509363296,-5861.230158730257,29429.46880210691,5000.0,18568.23864337665,0,,19196.365
2020-02-25 00:00:00+00:00,168.72,163.75,144.51755,76.69899,3.7428567,0.5227272727272727,-5862.222222222321,28696.932322361245,5000.0,17834.710100138924,0,,18718.543
2020-02-26 00:00:00+00:00,164.49,160.55,144.66675,65.468056,3.9099994,0.5205992509363296,-5863.2142857143845,28136.137478257828,5000.0,17272.923192543443,0,,18352.746
2020-02-27 00:00:00+00:00,157.73,154.55,144.79565,43.207943,3.462143,0.5227272727272727,-5864.206349206448,27084.647359903694,5000.0,16220.441010697246,0,,17666.877
2020-02-28 00:00:00+00:00,151.77,151.74,144.90366,34.450558,3.7314289,0.5205992509363296,-5865.198412698512,26592.1996957224,5000.0,15727.001283023888,0,,17345.66
2020-03-02 00:00:00+00:00,152.6,158.73,144.9863,29.313015,4.037857,0.5333333333333333,-5866.190476190575,27817.18450364515,5000.0,16950.994027454573,0,,18144.697
2020-03-03 00:00:00+00:00,158.7,157.79,145.1058,36.834915,4.364286,0.5205992509363296,-5867.182539682639,27652.45059508966,5000.0,16785.26805540702,0,,18037.246
2020-03-04 00:00:00+00:00,160.95,165.4,145.21425,36.16394,4.6121435,0.5205992509363296,-5868.1746031747025,28986.090167913426,5000.0,18117.915564738723,0,,18907.156
2020-03-05 00:00:00+00:00,160.45,164.99,145.3625,45.766953,4.9492865,0.5227272727272727,-5869.166666666766,28914.240074798276,5000.0,18045.07340813151,0,,18860.291
2020-03-06 00:00:00+00:00,160.22,161.44,145.50905,45.518345,5.19,0.5205992509363296,-5870.15873015883,28292.10677318964,5000.0,17421.94804303081,0,,18454.482
2020-03-09 00:00:00+00:00,152.43,151.63,145.6328,38.071747,5.519287,0.5205992509363296,-5871.150793650893,26572.92093587247,5000.0,15701.770142221576,0,,17333.086
2020-03-10 00:00:00+00:00,156.11,163.43,145.7127,30.206974,6.06643,0.5333333333333333,-5872.142857142957,28640.849481732042,5000.0,17768.706624589086,0,,18681.96
2020-03-11 00:00:00+00:00,161.0,161.01,145.86845,41.941975,6.7635736,0.5205992509363296,-5873.1349206350205,28216.74775730132,5000.0,17343.6128366663,0,,18405.326
2020-03-12 00:00:00+00:00,152.04,155.15,146.01105,39.84904,7.003574,0.5205992509363296,-5874.126984127084,27189.792119081398,5000.0,16315.665134954314,0,,17735.459
2020-03-13 00:00:00+00:00,160.49,160.9,146.132,38.45033,7.557859,0.5227272727272727,-5875.119047619148,28197.469111749204,5000.0,17322.350064130056,0,,18392.752
2020-03-16 00:00:00+00:00,148.0,147.96,146.2793,45.072197,8.20286,0.5227272727272727,-5876.111111111211,25929.75757018394,5000.0,15053.64645907273,0,,16913.559
2020-03-17 00:00:00+00:00,150.84,156.19,146.358,40.142338,8.975003,0.5227272727272727,-5877.103174603275,27372.04988879602,5000.0,16494.946714192745,0,,17854.344
2020-03-18 00:00:00+00:00,145.06,158.63,146.48285,47.438908,9.675002,0.5205992509363296,-5878.095238095339,27799.656593242937,5000.0,16921.561355147598,0,,18133.266
2020-03-19 00:00:00+00:00,162.63,148.57,146.6225,52.50123,10.300715,0.5298746567143159,-5879.087301587402,26036.65877387238,5000.0,15157.571472284977,0,,16983.29
2020-03-20 00:00:00+00:00,152.97,134.33,146.702,48.21529,10.970001,0.5205992509363296,-5880.079365079466,23541.119760247715,5000.0,12661.04039516825,0,,15355.49
2020-03-23 00:00:00+00:00,134.41,129.61,146.70564,37.299603,12.056429,0.5227272727272727,-5881.071428571529,22713.94707042216,5000.0,11832.875641850631,0,,14815.939
2020-03-24 00:00:00+00:00,133.98,142.23,146.6868,35.887417,12.493573,0.99,-5882.063492063593,24925.58037449956,5000.0,14043.516882435968,0,,16258.552
2020-03-25 00:00:00+00:00,141.32,141.86,146.721,38.95088,12.919287,0.5227272727272727,-5883.055555555657,24860.73934069129,5000.0,13977.683785135632,0,,16216.258
2020-03-26 00:00:00+00:00,142.22,151.01,146.7457,38.96574,13.1214285,0.5227272727272727,-5884.04761904772,26464.262315283715,5000.0,15580.214696235995,0,,17262.209
2020-03-27 00:00:00+00:00,146.95,149.03,146.8168,45.27669,13.392856,0.5333333333333333,-5885.039682539784,26117.27056792876,5000.0,15232.230885388977,0,,17035.873
2020-03-30 00:00:00+00:00,150.63,156.05,146.869,48.732693,13.344285,0.5322085249215793,-5886.031746031847,27347.5140751653,5000.0,16461.482329133454,0,,17838.342
2020-03-31 00:00:00+00:00,154.51,155.24,146.9594,46.226997,13.2321415,0.5227272727272727,-5887.023809523911,27205.5637709121,5000.0,16318.53996138819,0,,17745.748
2020-04-01 00:00:00+00:00,149.87,147.08,147.04655,47.000732,13.17357,0.7,-5888.015873015975,25775.536325064746,5000.0,14887.520452048771,0,,16812.965
2020-04-02 00:00:00+00:00,144.33,151.16,147.0965,45.90314,13.060713,0.5232668661331911,-5889.007936508038,26490.549745985423,5000.0,15601.541809477385,0,,17279.357
2020-04-03 00:00:00+00:00,149.92,156.21,147.1656,44.97005,12.653569,0.5227272727272727,-5890.000000000102,27375.55356017756,5000.0,16485.553560177457,0,,17856.63
2020-04-06 00:00:00+00:00,160.73,167.34,147.2557,54.63848,12.063569,0.7,-5890.9920634921655,29326.0672338863,5000.0,18435.075170394135,0,,19128.918
2020-04-07 00:00:00+00:00,171.57,167.18,147.3993,56.071,11.910712,0.5227272727272727,-5891.984126984229,29298.026302031696,5000.0,18406.042175047467,0,,19110.629
2020-04-08 00:00:00+00:00,158.83,169.38,147.54851,54.773865,11.359284,0.5333333333333333,-5892.976190476293,29683.574073900556,5000.0,18790.597883424263,0,,19362.115
2020-04-09 00:00:00+00:00,170.68,170.16,147.71085,62.737175,11.0364275,0.5227272727272727,-5893.968253968356,29820.268560813616,5000.0,18926.30030684526,0,,19451.28
2020-04-13 00:00:00+00:00,168.39,163.12,147.8834,76.25678,9.547856,0.5205992509363296,-5894.96031746042,28586.51771359504,5000.0,17691.55739613462,0,,18646.523
2020-04-14 00:00:00+00:00,165.92,168.0,148.02695,73.74911,9.274284,0.5227272727272727,-5895.9523809524835,29441.73038998737,5000.0,18545.778009034886,0,,19204.363
2020-04-15 00:00:00+00:00,164.26,163.22,148.19424,70.51425,8.665,0.7,-5896.944444444547,28604.042606440846,5000.0,17707.0981619963,0,,18657.953
2020-04-16 00:00:00+00:00,166.02,165.41,148.34074,65.88812,8.577858,0.7,-5897.936507936611,28987.83684399794,5000.0,18089.900336061328,0,,18908.297
2020-04-17 00:00:00+00:00,168.66,169.66,148.4857,61.948227,8.059287,0.99,-5898.928571428674,29732.64377909028,5000.0,18833.715207661604,0,,19394.123
2020-04-20 00:00:00+00:00,166.96,166.67,148.6543,66.49608,7.7257147,0.99,-5899.920634920738,29208.649230963896,5000.0,18308.728596043158,0,,19052.328
2020-04-21 00:00:00+00:00,164.65,156.38,148.7996,59.076916,7.2550006,0.7,-5900.912698412802,27405.344337706912,5000.0,16504.43163929411,0,,17876.062
2020-04-22 00:00:00+00:00,157.33,159.64,148.89575,50.83848,7.7064295,0.99,-5901.904761904865,27976.652734250434,5000.0,17074.74797234557,0,,18248.719
2020-04-23 00:00:00+00:00,159.6,156.2,149.01335,59.95561,7.3135724,0.99,-5902.896825396929,27373.797564292727,5000.0,16470.900738895798,0,,17855.486
2020-04-24 00:00:00+00:00,157.26,159.11,149.11095,54.03587,7.0064306,0.99,-5903.888888888992,27883.772173113124,5000.0,16979.88328422413,0,,18188.135
2020-04-27 00:00:00+00:00,161.26,163.47,149.2195,52.404636,6.6964307,0.5227272727272727,-5904.880952381056,28647.854478769696,5000.0,17742.97352638864,0,,18686.533
2020-04-28 00:00:00+00:00,164.8,160.35,149.3424,46.385212,6.173574,0.5333333333333333,-5905.87301587312,28101.07972600372,5000.0,17195.206710130602,0,,18329.88
2020-04-29 00:00:00+00:00,162.33,161.28,149.4446,43.954697,6.0357165,0.99,-5906.865079365183,28264.0595351484,5000.0,17357.194455783218,0,,18436.19
2020-04-30 00:00:00+00:00,160.92,163.55,149.54851,42.665695,5.569288,0.7,-5907.857142857247,28661.873957428645,5000.0,17754.016814571398,0,,18695.678
2020-05-01 00:00:00+00:00,160.51,158.5,149.66396,44.172104,5.7300024,0.5205992509363296,-5908.84920634931,27776.86948473875,5000.0,16868.02027838944,0,,18118.402
2020-05-04 00:00:00+00:00,158.58,162.03,149.7512,45.778515,5.6021457,0.7,-5909.841269841374,28395.495798125467,5000.0,17485.654528284093,0,,18521.922
2020-05-05 00:00:00+00:00,164.36,176.2,149.84834,44.406967,5.617859,0.5227272727272727,-5910.833333333438,30878.763925742256,5000.0,19967.93059240882,0,,20141.719
2020-05-06 00:00:00+00:00,175.17,178.5,150.02135,60.34098,6.2485733,0.5227272727272727,-5911.825396825501,31281.8373140647,5000.0,20370.0119172392,0,,20404.637
2020-05-07 00:00:00+00:00,180.35,183.81,150.21965,60.41037,6.2971444,0.5205992509363296,-5912.817460317565,32212.404522457757,5000.0,21299.587062140192,0,,21011.63
2020-05-08 00:00:00+00:00,184.31,182.79,150.44444,61.066788,6.4242883,0.5205992509363296,-5913.809523809628,32033.649771166165,5000.0,21119.840247356537,0,,20895.033
2020-05-11 00:00:00+00:00,182.1,186.75,150.67595,63.00839,6.393574,0.7,-5914.801587301692,32727.63514679265,5000.0,21812.83355949096,0,,21347.709
2020-05-12 00:00:00+00:00,187.19,185.26,150.9197,77.29642,6.0935745,0.5205992509363296,-5915.793650793756,32466.51384316787,5000.0,21550.720192374116,0,,21177.383
2020-05-13 00:00:00+00:00,184.69,185.08,151.1447,73.783875,6.0164313,0.5333333333333333,-5916.785714285819,32434.97081626498,5000.0,21518.18510197916,0,,21156.807
2020-05-14 00:00:00+00:00,184.27,185.23,151.36505,78.53755,6.02786,0.5205992509363296,-5917.777777777883,32461.255621993056,5000.0,21543.477844215173,0,,21173.951
2020-05-15 00:00:00+00:00,183.9,189.79,151.5956,77.29933,5.97286,0.99,-5918.7698412699465,33260.38777356736,5000.0,22341.617932297413,0,,21695.213
2020-05-18 00:00:00+00:00,193.97,190.91,151.84605,77.39384,6.148575,0.5205992509363296,-5919.76190476201,33456.66851959133,5000.0,22536.90661482932,0,,21823.244
2020-05-19 00:00:00+00:00,190.98,188.75,152.09825,83.18852,6.1028605,0.99,-5920.753968254074,33078.13064228643,5000.0,22157.376674032355,0,,21576.33
2020-05-20 00:00:00+00:00,192.03,190.47,152.34814,79.05647,6.090003,0.99,-5921.746031746137,33379.558300195546,5000.0,22457.81226844941,0,,21772.947
2020-05-21 00:00:00+00:00,190.54,185.5,152.6315,78.80992,6.070003,0.99,-5922.738095238201,32508.573343256932,5000.0,21585.83524801873,0,,21204.816
2020-05-22 00:00:00+00:00,184.83,186.92,152.87965,78.9451,6.012859,0.99,-5923.7301587302645,32757.427269586216,5000.0,21833.697110855952,0,,21367.14
2020-05-26 00:00:00+00:00,189.79,182.19,153.12885,77.94744,5.870002,0.7,-5924.722222222328,31928.503405365016,5000.0,21003.781183142688,0,,20826.447
2020-05-27 00:00:00+00:00,181.77,176.72,153.3357,58.535202,5.3335724,0.7,-5925.714285714392,30969.893691105714,5000.0,20044.17940539132,0,,20201.16
2020-05-28 00:00:00+00:00,177.48,177.86,153.5162,47.673813,5.6614294,0.99,-5926.706349206455,31169.67711491101,5000.0,20242.970765704555,0,,20331.477
2020-05-29 00:00:00+00:00,179.01,180.86,153.7139,41.27311,5.387858,0.5227272727272727,-5927.698412698519,31695.4210708025,5000.0,20767.72265810398,0,,20674.41
2020-06-01 00:00:00+00:00,181.94,180.72,153.91714,47.324657,5.4492865,0.99,-5928.690476190583,31670.886104247467,5000.0,20742.195628056885,0,,20658.406
2020-06-02 00:00:00+00:00,182.32,182.6,154.12985,40.651165,5.154286,0.7,-5929.682539682646,32000.35573100476,5000.0,21070.673191322116,0,,20873.314
2020-06-03 00:00:00+00:00,182.38,178.4,154.33315,45.925262,5.0642853,0.5227272727272727,-5930.67460317471,31264.31124812893,5000.0,20333.636644954222,0,,20393.205
2020-06-04 00:00:00+00:00,176.23,178.07,154.51555,40.889248,5.0342855,0.7,-5931.666666666773,31206.4813095406,5000.0,20274.814642873826,0,,20355.482
2020-06-05 00:00:00+00:00,179.27,179.87,154.69826,40.282322,4.993571,0.5227272727272727,-5932.658730158837,31521.927398169664,5000.0,20589.268668010827,0,,20561.242
2020-06-08 00:00:00+00:00,178.06,176.29,154.89375,35.446014,4.804998,0.5205992509363296,-5933.650793650901,30894.536951467922,5000.0,19960.88615781702,0,,20152.006
2020-06-09 00:00:00+00:00,176.98,178.86,155.0634,29.994509,4.880711,0.5333333333333333,-5934.642857142964,31344.928090601963,5000.0,20410.285233459,0,,20445.787
2020-06-10 00:00:00+00:00,180.53,182.34,155.2431,36.61705,4.755712,0.5205992509363296,-5935.634920635028,31954.790865027877,5000.0,21019.15594439285,0,,20843.592
2020-06-11 00:00:00+00:00,182.18,174.9,155.46056,39.49883,4.722141,0.5205992509363296,-5936.626984127091,30650.94285593193,5000.0,19714.31587180484,0,,19993.113
2020-06-12 00:00:00+00:00,176.76,172.25,155.6332,37.129665,4.940713,0.6446983546617916,-5937.619047619155,30186.53507373625,5000.0,19248.916026117095,0,,19690.188
2020-06-15 00:00:00+00:00,168.69,173.94,155.78145,32.704548,5.259999,0.7,-5938.611111111219,30482.703686713958,5000.0,19544.09257560274,0,,19883.373
2020-06-16 00:00:00+00:00,179.79,175.89,155.9382,39.522476,5.1599994,0.5227272727272727,-5939.603174603282,30824.439157343844,5000.0,19884.835982740562,0,,20106.283
2020-06-17 00:00:00+00:00,176.14,177.8,156.09265,48.842396,4.899999,0.5333333333333333,-5940.595238095346,31159.16580521676,5000.0,20218.570567121413,0,,20324.62
2020-06-18 00:00:00+00:00,177.22,179.81,156.25685,49.91808,4.9249997,0.5205992509363296,-5941.5873015874095,31511.415667367943,5000.0,20569.828365780533,0,,20554.385
2020-06-19 00:00:00+00:00,182.51,181.29,156.43304,48.52652,4.998571,0.5227272727272727,-5942.579365079473,31770.783753964562,5000.0,20828.20438888509,0,,20723.566
2020-06-22 00:00:00+00:00,180.76,183.17,156.61035,50.770885,5.0607147,0.5205992509363296,-5943.571428571537,32100.251080312526,5000.0,21156.67965174099,0,,20938.473
2020-06-23 00:00:00+00:00,183.81,182.12,156.78365,50.770885,5.1907153,0.5333333333333333,-5944.5634920636,31916.239051892677,5000.0,20971.675559829077,0,,20818.445
2020-06-24 00:00:00+00:00,181.68,179.69,156.95555,55.49971,5.187144,0.7,-5945.555555555664,31490.3871290849,5000.0,20544.831573529234,0,,20540.67
2020-06-25 00:00:00+00:00,179.67,180.25,157.11646,52.255005,5.346429,0.99,-5946.5476190477275,31588.526557070527,5000.0,20641.9789380228,0,,20604.684
2020-06-26 00:00:00+00:00,180.6,178.49,157.3044,50.547874,5.290001,0.7,-5947.539682539791,31280.09004016134,5000.0,20332.55035762155,0,,20403.498
2020-06-29 00:00:00+00:00,178.9,181.48,157.47176,53.347553,5.1771445,0.5227272727272727,-5948.531746031855,31804.07933762566,5000.0,20855.547591593804,0,,20745.287
2020-06-30 00:00:00+00:00,180.88,184.03,157.64725,53.936295,5.345001,0.7,-5949.523809523918,32250.96478411761,5000.0,21301.44097459369,0,,21036.783
2020-07-01 00:00:00+00:00,184.81,183.83,157.84135,52.61206,5.3228574,0.5333333333333333,-5950.515873015982,32215.91535512362,5000.0,21265.399482107638,0,,21013.92
2020-07-02 00:00:00+00:00,185.36,184.51,158.02995,67.7818,5.026428,0.5227272727272727,-5951.5079365080455,32335.084096048155,5000.0,21383.57615954011,0,,21091.652
2020-07-06 00:00:00+00:00,185.79,183.06,158.2164,76.49095,4.699285,0.5205992509363296,-5952.500000000109,32080.974504937953,5000.0,21128.474504937843,0,,20925.9
2020-07-07 00:00:00+00:00,182.07,179.82,158.39404,69.91268,4.645714,0.5205992509363296,-5953.492063492173,31513.171321711918,5000.0,20559.679258219745,0,,20555.531
2020-07-08 00:00:00+00:00,181.63,181.96,158.55385,58.123222,4.6100006,0.7,-5954.484126984236,31888.20272218001,5000.0,20933.718595195773,0,,20800.158
2020-07-09 00:00:00+00:00,182.12,182.3,158.7252,58.51763,4.5635715,0.5227272727272727,-5955.4761904763,31947.785395427756,5000.0,20992.309204951456,0,,20839.023
2020-07-10 00:00:00+00:00,183.47,181.53,158.9099,55.47255,4.441429,0.5227272727272727,-5956.468253968364,31812.84358718844,5000.0,20856.375333220076,0,,20751.004
2020-07-13 00:00:00+00:00,181.56,178.38,159.0834,50.54448,4.395,0.5227272727272727,-5957.460317460427,31260.81243361899,5000.0,20303.352116158563,0,,20390.924
2020-07-14 00:00:00+00:00,178.54,180.06,159.24155,39.725433,4.423572,0.5205992509363296,-5958.452380952491,31555.22709997432,5000.0,20596.77471902183,0,,20582.965
2020-07-15 00:00:00+00:00,181.61,180.13,159.40816,45.69757,4.4478574,0.7,-5959.444444444554,31567.493926076222,5000.0,20608.049481631668,0,,20590.965
2020-07-16 00:00:00+00:00,179.67,178.82,159.5902,51.01947,4.3557153,0.5227272727272727,-5960.436507936618,31337.919897291686,5000.0,20377.483389355068,0,,20441.217
2020-07-17 00:00:00+00:00,179.22,181.58,159.75446,46.79804,4.233573,0.5227272727272727,-5961.428571428682,31821.605133362074,5000.0,20860.176561933393,0,,20756.717
2020-07-20 00:00:00+00:00,179.36,182.85,159.93105,56.62238,4.131429,0.5227272727272727,-5962.420634920745,32044.169520061212,5000.0,21081.748885140467,0,,20901.893
2020-07-21 00:00:00+00:00,184.64,183.28,160.12254,53.169857,4.008572,0.5205992509363296,-5963.412698412809,32119.525923903453,5000.0,21156.113225490644,0,,20951.047
2020-07-22 00:00:00+00:00,183.0,184.06,160.31645,48.07593,3.9421442,0.5205992509363296,-5964.404761904872,32256.219291323097,5000.0,21291.814529418225,0,,21040.21
2020-07-23 00:00:00+00:00,184.49,181.77,160.50705,50.572987,3.8600018,0.5227272727272727,-5965.396825396936,31854.90110278846,5000.0,20889.504277391523,0,,20778.438
2020-07-24 00:00:00+00:00,181.24,179.59,160.69185,43.680824,4.0285745,0.5205992509363296,-5966.388888889,31472.857966692733,5000.0,20506.469077803733,0,,20529.236
2020-07-27 00:00:00+00:00,179.4,180.7,160.8784,42.257908,3.8142886,0.5227272727272727,-5967.380952381063,31667.384250416693,5000.0,20700.00329803563,0,,20656.123
2020-07-28 00:00:00+00:00,179.4,176.54,161.0702,52.1696,3.5457165,0.5205992509363296,-5968.373015873127,30938.351068861874,5000.0,19969.978052988747,0,,20180.588
2020-07-29 00:00:00+00:00,177.32,180.75,161.23915,37.847496,3.676431,0.5205992509363296,-5969.3650793651905,31676.148493407345,5000.0,20706.783414042155,0,,20661.84
2020-07-30 00:00:00+00:00,178.3,178.49,161.4324,47.03859,3.801431,0.5205992509363296,-5970.357142857254,31280.0875082053,5000.0,20309.730365348045,0,,20403.498
2020-07-31 00:00:00+00:00,179.27,178.3,161.61494,44.50471,3.8221457,0.5205992509363296,-5971.349206349318,31246.790500953975,5000.0,20275.441294604658,0,,20381.777
2020-08-03 00:00:00+00:00,179.7,182.0,161.7933,49.838055,3.6907175,0.5205992509363296,-5972.341269841381,31895.20753310568,5000.0,20922.8662632643,0,,20804.729
2020-08-04 00:00:00+00:00,182.96,179.59,161.9848,53.630245,3.6771457,0.5205992509363296,-5973.333333333445,31472.85859836259,5000.0,20499.525265029144,0,,20529.238
2020-08-05 00:00:00+00:00,180.56,179.7,162.16576,49.070873,3.7307172,0.5205992509363296,-5974.3253968255085,31492.135640212487,5000.0,20517.81024338698,0,,20541.812
2020-08-06 00:00:00+00:00,179.85,182.43,162.34685,51.579308,3.704289,0.5205992509363296,-5975.317460317572,31970.56141405399,5000.0,20995.24395373642,0,,20853.883
2020-08-07 00:00:00+00:00,181.55,184.0,162.55035,51.52711,3.6792896,0.5205992509363296,-5976.309523809636,32245.70250303619,5000.0,21269.392979226555,0,,21033.352
2020-08-10 00:00:00+00:00,183.08,183.78,162.77455,52.04407,3.6978607,0.5205992509363296,-5977.301587301699,32207.14731055307,5000.0,21229.845723251372,0,,21008.203
2020-08-11 00:00:00+00:00,183.81,182.88,163.001,50.895416,3.7128613,0.5205992509363296,-5978.293650793763,32049.42512213784,5000.0,21071.131471344077,0,,20905.322
2020-08-12 00:00:00+00:00,184.55,187.86,163.2203,47.895878,3.770718,0.5205992509363296,-5979.2857142858265,32922.16231293874,5000.0,21942.87659865291,0,,21474.596
2020-08-13 00:00:00+00:00,187.57,191.98,163.46194,59.908875,3.742146,0.5227272727272727,-5980.27777777789,33644.18389804987,5000.0,22663.906120271982,0,,21945.557
2020-08-14 00:00:00+00:00,192.27,194.36,163.7181,68.96235,3.9292886,0.5205992509363296,-5981.269841269954,34061.27656759382,5000.0,23080.006726323867,0,,22217.62
2020-08-17 00:00:00+00:00,195.0,199.13,163.98325,70.12375,4.0292892,0.5205992509363296,-5982.261904762017,34897.211594248634,5000.0,23914.949689486617,0,,22762.887
2020-08-18 00:00:00+00:00,198.06,197.67,164.2715,82.691765,4.070003,0.5205992509363296,-5983.253968254081,34641.348458136126,5000.0,23658.094489882045,0,,22595.992
2020-08-19 00:00:00+00:00,184.56,172.22,164.55205,76.60377,4.069288,0.5205992509363296,-5984.246031746145,30181.27806521612,5000.0,19197.032033469975,0,,19686.76
2020-08-20 00:00:00+00:00,170.7,168.2,164.70445,44.29896,5.6857157,0.99,-5985.238095238208,29476.779073646612,5000.0,18491.540978408404,0,,19227.227
2020-08-21 00:00:00+00:00,168.34,165.85,164.83185,41.414482,5.865715,0.99,-5986.230158730272,29064.947546196418,5000.0,18078.717387466146,0,,18958.596
2020-08-24 00:00:00+00:00,167.1,164.73,164.9329,35.949196,5.8428574,0.5333333333333333,-5987.222222222335,28868.667693088697,5000.0,17881.44547086636,0,,18830.566
2020-08-25 00:00:00+00:00,164.23,166.38,165.0191,36.774654,5.9178576,0.7,-5988.214285714399,29157.829009751018,5000.0,18169.61472403662,0,,19019.182
2020-08-26 00:00:00+00:00,166.14,167.26,165.10776,38.461548,6.02,0.5227272727272727,-5989.206349206463,29312.047034661067,5000.0,18322.840685454605,0,,19119.775
2020-08-27 00:00:00+00:00,168.31,165.85,165.1965,36.423843,6.1935706,0.5227272727272727,-5990.198412698526,29064.94810453111,5000.0,18074.749691832585,0,,18958.598
2020-08-28 00:00:00+00:00,166.47,167.48,165.28246,33.71029,6.172857,0.7,-5991.19047619059,29350.601049755154,5000.0,18359.410573564564,0,,19144.924
2020-08-31 00:00:00+00:00,168.01,165.42,165.3833,35.731785,6.1171417,0.7,-5992.182539682653,28989.589980813416,5000.0,17997.407441130763,0,,18909.443
2020-09-01 00:00:00+00:00,165.68,164.36,165.4689,35.02058,6.1085706,0.5333333333333333,-5993.174603174717,28803.827107517434,5000.0,17810.652504342717,0,,18788.271
2020-09-02 00:00:00+00:00,165.83,171.1,165.55025,28.384836,5.999285,0.99,-5994.166666666781,29985.00058822813,5000.0,18990.83392156135,0,,19558.732
2020-09-03 00:00:00+00:00,170.16,165.7,165.6572,31.67779,6.1385703,0.99,-5995.158730158844,29038.657771787926,5000.0,18043.499041629082,0,,18941.45
2020-09-04 00:00:00+00:00,165.4,163.17,165.7324,26.116663,6.4678564,0.5248024437396028,-5996.150793650908,28595.279160613565,5000.0,17599.128366962657,0,,18652.24
2020-09-08 00:00:00+00:00,160.28,158.51,165.7927,18.871181,6.5321426,0.5555555555555556,-5997.1428571429715,27778.620637642114,5000.0,16781.477780499143,0,,18119.547
2020-09-09 00:00:00+00:00,160.94,160.71,165.8335,17.88057,6.6107135,0.5555555555555556,-5998.134920635035,28164.168423830168,5000.0,17166.033503195133,0,,18371.033
2020-09-10 00:00:00+00:00,160.85,156.04,165.89275,34.738808,4.9757147,0.5100671140939598,-5999.126984127099,27345.75612690969,5000.0,16346.629142782593,0,,17837.197
2020-09-11 00:00:00+00:00,156.75,155.78,165.9257,34.150158,5.019286,0.5555555555555556,-6000.119047619162,27300.192949635726,5000.0,16300.073902016564,0,,17807.477
2020-09-14 00:00:00+00:00,158.35,158.47,165.95175,36.118,4.9364295,0.5100671140939598,-6001.111111111226,27771.611109779402,5000.0,16770.499998668176,0,,18114.975
2020-09-15 00:00:00+00:00,159.99,159.79,165.98515,41.72834,4.8307157,0.5100671140939598,-6002.1031746032895,28002.93835199703,5000.0,17000.83517739374,0,,18265.865
2020-09-16 00:00:00+00:00,160.4,155.67,166.02106,41.21566,4.7464294,0.5100671140939598,-6003.095238095353,27280.915158444222,5000.0,16277.81992034887,0,,17794.902
2020-09-17 00:00:00+00:00,154.04,161.76,166.0397,35.779144,4.8257165,0.5100671140939598,-6004.087301587417,28348.17595897,5000.0,17344.088657382585,0,,18491.059
2020-09-18 00:00:00+00:00,161.69,161.83,166.0963,45.498558,5.1764307,0.5100671140939598,-6005.07936507948,28360.44305724555,5000.0,17355.36369216607,0,,18499.06
2020-09-21 00:00:00+00:00,160.52,159.21,166.1547,43.56053,5.253575,0.5555555555555556,-6006.071428571544,27901.292770141357,5000.0,16895.221341569813,0,,18199.564
2020-09-22 00:00:00+00:00,160.35,163.12,166.19525,43.011494,5.3150034,0.5555555555555556,-6007.063492063608,28586.511226821553,5000.0,17579.447734757945,0,,18646.521
2020-09-23 00:00:00+00:00,162.87,159.41,166.25725,48.68866,5.371432,0.5100671140939598,-6008.055555555671,27936.34132056711,5000.0,16928.28576501144,0,,18222.426
2020-09-24 00:00:00+00:00,158.33,157.62,166.30106,36.79096,5.1507177,0.5100671140939598,-6009.047619047735,27622.644740769665,5000.0,16613.59712172193,0,,18017.807
2020-09-25 00:00:00+00:00,158.86,161.0,166.3448,40.05905,4.791431,0.5555555555555556,-6010.039682539798,28214.983713957274,5000.0,17204.944031417475,0,,18404.18
2020-09-28 00:00:00+00:00,162.83,162.72,166.40625,47.384914,4.637859,0.5100671140939598,-6011.031746031862,28516.409432681252,5000.0,17505.37768664939,0,,18600.795
2020-09-29 00:00:00+00:00,162.75,162.13,166.49216,55.46045,4.501431,0.5100671140939598,-6012.023809523926,28413.014346023283,5000.0,17400.990536499357,0,,18533.354
2020-09-30 00:00:00+00:00,161.38,162.59,166.56885,51.922035,4.417144,0.5100671140939598,-6013.015873015989,28493.6272130729,5000.0,17480.611340056912,0,,18585.936
2020-10-01 00:00:00+00:00,163.8,163.54,166.6525,60.006126,4.167144,0.5100671140939598,-6014.007936508053,28660.113314726663,5000.0,17646.10537821861,0,,18694.531
2020-10-02 00:00:00+00:00,161.6,161.56,166.7383,61.609818,4.1500006,0.5100671140939598,-6015.000000000116,28313.12148622898,5000.0,17298.121486228865,0,,18468.193
2020-10-05 00:00:00+00:00,163.24,162.09,166.8112,54.723328,4.0728564,0.5100671140939598,-6015.99206349218,28406.003259960635,5000.0,17390.011196468455,0,,18528.78
2020-10-06 00:00:00+00:00,163.0,162.06,166.89275,53.602764,4.064999,0.5100671140939598,-6016.984126984244,28400.74609213719,5000.0,17383.761965152946,0,,18525.35
2020-10-07 00:00:00+00:00,163.0,164.44,166.9726,61.480427,3.8478558,0.5100671140939598,-6017.976190476307,28817.839120542,5000.0,17799.862930065694,0,,18797.414
2020-10-08 00:00:00+00:00,165.4,164.32,167.0607,55.555576,3.4349988,0.5100671140939598,-6018.968253968371,28796.809600247765,5000.0,17777.841346279394,0,,18783.695
2020-10-09 00:00:00+00:00,164.62,164.49,167.1507,55.15103,3.4221408,0.5100671140939598,-6019.960317460434,28826.5998483689,5000.0,17806.639530908466,0,,18803.127
2020-10-12 00:00:00+00:00,165.97,164.71,167.24104,62.15471,3.2164264,0.5555555555555556,-6020.952380952498,28865.156239405256,5000.0,17844.203858452758,0,,18828.277
2020-10-13 00:00:00+00:00,164.59,161.91,167.33405,54.409355,3.0621402,0.5100671140939598,-6021.944444444562,28374.460062493912,5000.0,17352.51561804935,0,,18508.203
2020-10-14 00:00:00+00:00,163.24,160.93,167.41055,57.301403,3.0778546,0.5555555555555556,-6022.936507936625,28202.715355571967,5000.0,17179.77884763534,0,,18396.178
2020-10-15 00:00:00+00:00,157.83,162.31,167.48825,60.147144,3.0807114,0.5555555555555556,-6023.928571428689,28444.559309466073,5000.0,17420.630738037384,0,,18553.928
2020-10-16 00:00:00+00:00,161.12,162.26,167.57146,54.57721,3.1364267,0.5555555555555556,-6024.9206349207525,28435.795642891677,5000.0,17410.875007970924,0,,18548.213
2020-10-19 00:00:00+00:00,162.84,158.07,167.6533,48.18035,3.0107129,0.5100671140939598,-6025.912698412816,27701.506649189927,5000.0,16675.59395077711,0,,18069.246
2020-10-20 00:00:00+00:00,158.01,159.25,167.71506,37.5,3.2349994,0.5100671140939598,-6026.90476190488,27908.298532644123,5000.0,16881.393770739243,0,,18204.133
2020-10-21 00:00:00+00:00,159.54,158.99,167.77765,40.15331,3.2721426,0.5100671140939598,-6027.896825396943,27862.734584185233,5000.0,16834.83775878829,0,,18174.414
2020-10-22 00:00:00+00:00,159.05,157.81,167.8402,36.01724,3.1864285,0.5100671140939598,-6028.888888889007,27655.939854494194,5000.0,16627.050965605187,0,,18039.525
2020-10-23 00:00:00+00:00,157.81,158.31,167.8957,37.87977,3.1385715,0.5100671140939598,-6029.8809523810705,27743.56339936037,5000.0,16713.6824469793,0,,18096.68
2020-10-26 00:00:00+00:00,156.96,154.12,167.94415,37.75907,3.115715,0.5100671140939598,-6030.873015873134,27009.272151867008,5000.0,15978.399135993874,0,,17617.713
2020-10-27 00:00:00+00:00,154.75,151.22,167.9872,29.744898,3.2871432,0.5100671140939598,-6031.865079365198,26501.052962993323,5000.0,15469.187883628125,0,,17286.21
2020-10-28 00:00:00+00:00,150.08,149.57,168.00735,17.147106,3.4000003,0.5555555555555556,-6032.857142857261,26211.893977652395,5000.0,15179.036834795133,0,,17097.596
2020-10-29 00:00:00+00:00,149.38,149.33,168.01985,15.935326,3.3914294,0.5100671140939598,-6033.849206349325,26169.833936357558,5000.0,15135.984730008233,0,,17070.16
2020-10-30 00:00:00+00:00,148.29,148.25,168.02325,15.101283,3.4664295,0.5100671140939598,-6034.841269841389,25980.56562687345,5000.0,14945.72435703206,0,,16946.705
2020-11-02 00:00:00+00:00,150.62,151.77,168.01814,13.551804,3.550001,0.5555555555555556,-6035.833333333452,26597.441647288728,5000.0,15561.608313955276,0,,17349.082
2020-11-03 00:00:00+00:00,153.28,156.15,168.02965,28.240347,3.529286,0.5100671140939598,-6036.825396825516,27365.027240559044,5000.0,16328.201843733528,0,,17849.766
2020-11-04 00:00:00+00:00,158.13,162.42,168.06235,41.048687,3.702858,0.5100671140939598,-6037.817460317579,28463.835479726553,5000.0,17426.018019408973,0,,18566.502
2020-11-05 00:00:00+00:00,168.12,153.66,168.1264,50.174107,3.8800006,0.5100671140939598,-6038.809523809643,26928.66081456171,5000.0,15889.851290752067,0,,17565.13
2020-11-06 00:00:00+00:00,156.2,157.16,168.13264,39.33003,4.8221426,0.9166666666666666,-6039.801587301707,27542.02993124471,5000.0,16502.228343943003,0,,17965.22
2020-11-09 00:00:00+00:00,161.97,158.83,168.1622,48.851295,4.8521423,0.5100671140939598,-6040.79365079377,27834.693679987206,5000.0,16793.900029193435,0,,18156.121
2020-11-10 00:00:00+00:00,158.84,160.52,168.21115,49.47631,5.2471414,0.5100671140939598,-6041.785714285834,28130.862156782714,5000.0,17089.07644249688,0,,18349.307
2020-11-11 00:00:00+00:00,161.21,161.08,168.2635,51.84204,5.327141,0.5555555555555556,-6042.777777777897,28229.001166379807,5000.0,17186.22338860191,0,,18413.32
2020-11-12 00:00:00+00:00,161.05,159.85,168.32089,53.996586,5.4057126,0.5555555555555556,-6043.769841269961,28013.44589550382,5000.0,16969.67605423386,0,,18272.717
2020-11-13 00:00:00+00:00,161.08,161.48,168.3548,51.849194,5.5114264,0.5100671140939598,-6044.761904762025,28299.10021961284,5000.0,17254.338314850815,0,,18459.045
2020-11-16 00:00:00+00:00,163.2,159.03,168.4145,59.416588,5.3564267,0.5100671140939598,-6045.753968254088,27869.74276456776,5000.0,16823.98879631367,0,,18178.982
2020-11-17 00:00:00+00:00,159.16,158.85,168.44975,60.108727,5.4621406,0.5555555555555556,-6046.746031746152,27838.198881163244,5000.0,16791.45284941709,0,,18158.406
2020-11-18 00:00:00+00:00,159.48,158.71,168.47514,62.486553,5.411426,0.5555555555555556,-6047.7380952382155,27813.664679025245,5000.0,16765.92658378703,0,,18142.402
2020-11-19 00:00:00+00:00,158.75,161.52,168.4488,62.65517,5.460712,0.5555555555555556,-6048.730158730279,28306.111233383035,5000.0,17257.381074652756,0,,18463.617
2020-11-20 00:00:00+00:00,161.75,160.17,168.4354,67.10494,5.7242837,0.5555555555555556,-6049.722222222343,28069.525332968307,5000.0,17019.803110745965,0,,18309.297
2020-11-23 00:00:00+00:00,160.1,159.99,168.4098,61.469147,5.576427,0.5888316987643767,-6050.714285714406,28037.98119414171,5000.0,16987.266908427304,0,,18288.72
2020-11-24 00:00:00+00:00,160.55,157.13,168.36784,55.922295,5.3399987,0.5100671140939598,-6051.70634920647,27536.77008641696,5000.0,16485.06373721049,0,,17961.79
2020-11-25 00:00:00+00:00,158.28,157.87,168.3129,40.882454,5.102856,0.5100671140939598,-6052.6984126985335,27666.45073215269,5000.0,16613.752319454157,0,,18046.377
2020-11-27 00:00:00+00:00,158.62,157.8,168.25665,60.028584,4.173571,0.5100671140939598,-6053.690476190597,27654.185105928067,5000.0,16600.49462973747,0,,18038.377
2020-11-30 00:00:00+00:00,158.36,160.86,168.2009,51.822327,3.9342859,0.5100671140939598,-6054.682539682661,28190.445548303753,5000.0,17135.763008621092,0,,18388.172
2020-12-01 00:00:00+00:00,161.29,161.34,168.1448,55.356213,3.6771436,0.9166666666666666,-6055.674603174724,28274.56380040465,5000.0,17218.889197229924,0,,18443.04
2020-12-02 00:00:00+00:00,161.48,159.98,168.0872,52.311146,3.6578586,0.5100671140939598,-6056.666666666788,28036.22596403294,5000.0,16979.55929736615,0,,18287.576
2020-12-03 00:00:00+00:00,159.22,158.01,168.018,47.033417,3.6900012,0.5100671140939598,-6057.6587301588515,27690.987272283404,5000.0,16633.328542124553,0,,18062.38
2020-12-04 00:00:00+00:00,158.88,158.48,167.93575,45.228172,3.702858,0.5100671140939598,-6058.650793650915,27773.354396175477,5000.0,16714.70360252456,0,,18116.107
2020-12-07 00:00:00+00:00,157.25,158.49,167.8731,41.72184,3.6228573,0.5100671140939598,-6059.642857142979,27775.109142353864,5000.0,16715.466285210885,0,,18117.252
2020-12-08 00:00:00+00:00,158.82,160.0,167.8259,48.27808,3.3885715,0.5100671140939598,-6060.634920635042,28039.73165156708,5000.0,16979.096730932037,0,,18289.861
2020-12-09 00:00:00+00:00,159.62,157.0,167.80714,53.380352,3.367143,0.5100671140939598,-6061.626984127106,27513.986348840546,5000.0,16452.35936471344,0,,17946.926
2020-12-10 00:00:00+00:00,157.39,153.84,167.7894,45.69701,3.3350003,0.5100671140939598,-6062.61904761917,26960.200909215215,5000.0,15897.581861596045,0,,17585.701
2020-12-11 00:00:00+00:00,153.25,155.82,167.78584,31.00887,3.107143,0.5555555555555556,-6063.611111111233,27307.19352722339,5000.0,16243.582416112156,0,,17812.04
2020-12-14 00:00:00+00:00,156.49,157.38,167.80624,39.568363,3.1849997,0.5100671140939598,-6064.603174603297,27580.580963374512,5000.0,16515.977788771215,0,,17990.365
2020-12-15 00:00:00+00:00,158.08,158.6,167.7995,44.12955,3.2649994,0.5100671140939598,-6065.59523809536,27794.38401852816,5000.0,16728.7887804328,0,,18129.826
2020-12-16 00:00:00+00:00,158.97,159.17,167.80354,53.5697,3.2071414,0.5100671140939598,-6066.587301587424,27894.274857316977,5000.0,16827.687555729553,0,,18194.982
2020-12-17 00:00:00+00:00,160.33,162.76,167.7724,53.183163,3.152855,0.5100671140939598,-6067.579365079488,28523.416747995292,5000.0,17455.837382915804,0,,18605.361
2020-12-18 00:00:00+00:00,163.76,161.63,167.76125,60.35921,3.2714255,0.5100671140939598,-6068.571428571551,28325.38752435117,5000.0,17256.816095779617,0,,18476.191
2020-12-21 00:00:00+00:00,159.06,158.21,167.7622,51.749214,3.2314258,0.9166666666666666,-6069.563492063615,27726.039022812263,5000.0,16656.47553074865,0,,18085.244
2020-12-22 00:00:00+00:00,157.89,154.72,167.7951,43.727474,3.5421405,0.5100671140939598,-6070.555555555678,27114.42141676197,5000.0,16043.86586120629,0,,17686.297
2020-12-23 00:00:00+00:00,156.85,155.93,167.75156,40.288048,3.5671408,0.5100671140939598,-6071.547619047742,27326.469397571636,5000.0,16254.921778523894,0,,17824.611
2020-12-24 00:00:00+00:00,155.9,157.69,167.72615,46.048626,3.5457132,0.5100671140939598,-6072.539682539806,27634.909061034235,5000.0,16562.36937849443,0,,18025.803
2020-12-28 00:00:00+00:00,158.63,159.71,167.73885,48.56937,3.5635715,0.5100671140939598,-6073.531746031869,27988.912020509826,5000.0,16915.380274477957,0,,18256.713
2020-12-29 00:00:00+00:00,160.04,159.28,167.7329,52.05942,3.5785708,0.5100671140939598,-6074.523809523933,27913.55463434525,5000.0,16839.03082482132,0,,18207.559
2020-12-30 00:00:00+00:00,158.75,158.75,167.7895,48.73861,3.5650003,0.5100671140939598,-6075.5158730159965,27820.67259116139,5000.0,16745.156718145394,0,,18146.973
2020-12-31 00:00:00+00:00,158.93,161.99,167.8023,53.356346,3.4578564,0.5100671140939598,-6076.50793650806,28388.477630127923,5000.0,17311.969693619863,0,,18517.344
2021-01-04 00:00:00+00:00,161.73,158.66,167.8191,65.58318,3.4628568,0.5100671140939598,-6077.500000000124,27804.901159756184,5000.0,16727.40115975606,0,,18136.686
2021-01-05 00:00:00+00:00,158.66,159.11,167.86955,55.16363,3.7564282,0.5100671140939598,-6078.492063492187,27883.76218275224,5000.0,16805.270119260054,0,,18188.125
2021-01-06 00:00:00+00:00,157.41,161.49,167.99345,53.27775,3.8300006,0.5100671140939598,-6079.484126984251,28300.854815395174,5000.0,17221.370688410923,0,,18460.188
2021-01-07 00:00:00+00:00,162.81,164.94,168.15285,55.245007,3.9800012,0.5100671140939598,-6080.4761904763145,28905.46003612631,5000.0,17824.983845649997,0,,18854.562
2021-01-08 00:00:00+00:00,165.5,166.95,168.2664,59.48078,4.155001,0.5100671140939598,-6081.468253968378,29257.7068751958,5000.0,18176.23862122742,0,,19084.328
2021-01-11 00:00:00+00:00,167.99,164.98,168.39185,57.2617,4.0514297,0.5100671140939598,-6082.460317460442,28912.467937455323,5000.0,17830.00761999488,0,,18859.133
2021-01-12 00:00:00+00:00,164.29,160.39,168.4617,55.641613,4.0614295,0.5555555555555556,-6083.452380952505,28108.078530164497,5000.0,17024.626149211992,0,,18334.443
2021-01-13 00:00:00+00:00,160.8,157.89,168.5185,53.532066,3.9100003,0.5100671140939598,-6084.444444444569,27669.957015117678,5000.0,16585.51257067311,0,,18048.664
2021-01-14 00:00:00+00:00,158.36,153.96,168.5277,55.306324,3.8978577,0.5555555555555556,-6085.436507936633,26981.231839281467,5000.0,15895.795331344834,0,,17599.42
2021-01-15 00:00:00+00:00,153.92,154.55,168.5213,46.977623,4.0821424,0.5100671140939598,-6086.428571428696,27084.626666969867,5000.0,15998.198095541171,0,,17666.863
2021-01-19 00:00:00+00:00,156.12,155.81,168.55865,45.00318,4.0914273,0.5100671140939598,-6087.42063492076,27305.440134204724,5000.0,16218.019499283964,0,,17810.896
2021-01-20 00:00:00+00:00,156.31,154.76,168.5819,43.639904,4.022143,0.5100671140939598,-6088.412698412823,27121.428217540277,5000.0,16033.015519127453,0,,17690.87
2021-01-21 00:00:00+00:00,155.45,153.1,168.57465,42.774925,4.1371417,0.5100671140939598,-6089.404761904887,26830.51798926905,5000.0,15741.113227364163,0,,17501.111
2021-01-22 00:00:00+00:00,153.47,151.5,168.50345,41.283558,4.308571,0.5100671140939598,-6090.396825396951,26550.119737191322,5000.0,15459.722911794372,0,,17318.213
2021-01-25 00:00:00+00:00,152.6,152.5,168.42505,32.95415,4.2249994,0.5100671140939598,-6091.388888889014,26725.366945053258,5000.0,15633.978056164244,0,,17432.523
2021-01-26 00:00:00+00:00,152.21,154.87,168.34065,39.170166,4.0050006,0.5100671140939598,-6092.380952381078,27140.70473560513,5000.0,16048.323783224052,0,,17703.443
2021-01-27 00:00:00+00:00,154.43,149.65,168.2642,43.017113,3.9821417,0.5100671140939598,-6093.373015873141,26225.907975551025,5000.0,15132.534959677883,0,,17106.736
2021-01-28 00:00:00+00:00,150.82,148.82,168.19685,32.16864,4.2071414,0.5555555555555556,-6094.365079365205,26080.45352487667,5000.0,14986.088445511465,0,,17011.857
2021-01-29 00:00:00+00:00,148.19,144.79,168.10095,23.642874,4.1578555,0.5555555555555556,-6095.357142857269,25374.201075913592,5000.0,14278.843933056323,0,,16551.182
2021-02-01 00:00:00+00:00,147.42,148.48,168.0088,16.01224,4.2999988,0.5555555555555556,-6096.349206349332,26020.86659860987,5000.0,14924.517392260539,0,,16972.99
2021-02-02 00:00:00+00:00,148.73,151.28,167.92415,25.961523,4.285713,0.5100671140939598,-6097.341269841396,26511.563852325948,5000.0,15414.222582484552,0,,17293.062
2021-02-03 00:00:00+00:00,151.91,149.44,167.83224,35.99753,4.257856,0.5100671140939598,-6098.333333333459,26189.107301242515,5000.0,15090.773967909056,0,,17082.73
2021-02-04 00:00:00+00:00,150.96,153.39,167.7461,36.743015,4.1957135,0.5100671140939598,-6099.325396825523,26881.338763684187,5000.0,15782.013366858664,0,,17534.262
2021-02-05 00:00:00+00:00,153.63,152.91,167.73116,49.106293,4.066428,0.5100671140939598,-6100.317460317587,26797.220499659128,5000.0,15696.903039341541,0,,17479.393
2021-02-08 00:00:00+00:00,153.49,158.21,167.6975,47.41976,4.0342855,0.5100671140939598,-6101.30952380965,27726.037228348727,5000.0,16624.727704539077,0,,18085.246
2021-02-09 00:00:00+00:00,148.9,149.51,167.70755,53.350098,4.3135705,0.5100671140939598,-6102.301587301714,26201.37435637528,5000.0,15099.072769073566,0,,17090.732
2021-02-10 00:00:00+00:00,149.47,148.77,167.65955,43.961353,5.2357144,0.9166666666666666,-6103.2936507937775,26071.691951153538,5000.0,14968.39830035976,0,,17006.143
2021-02-11 00:00:00+00:00,150.06,148.64,167.58604,44.911865,5.2914286,0.5555555555555556,-6104.285714285841,26048.908846036702,5000.0,14944.623131750861,0,,16991.283
2021-02-12 00:00:00+00:00,150.35,145.64,167.5275,46.518986,5.452143,0.5100671140939598,-6105.277777777905,25523.16457356671,5000.0,14417.886795788807,0,,16648.348
2021-02-16 00:00:00+00:00,146.39,146.24,167.4493,42.038067,5.527856,0.5100671140939598,-6106.269841269968,25628.31372876599,5000.0,14522.04388749602,0,,16716.936
2021-02-17 00:00:00+00:00,145.16,148.88,167.36275,39.554604,5.556428,0.5100671140939598,-6107.261904762032,26090.967805522905,5000.0,14983.705900760873,0,,17018.717
2021-02-18 00:00:00+00:00,147.28,152.71,167.31465,49.005955,5.2799997,0.5100671140939598,-6108.2539682540955,26762.17057759184,5000.0,15653.916609337746,0,,17456.533
2021-02-19 00:00:00+00:00,152.81,150.89,167.26805,54.66091,5.3978577,0.5100671140939598,-6109.246031746159,26443.21721063688,5000.0,15333.971178890723,0,,17248.484
2021-02-22 00:00:00+00:00,149.87,152.86,167.1415,57.717617,5.3042855,0.5100671140939598,-6110.238095238223,26788.457754971074,5000.0,15678.219659732851,0,,17473.68
2021-02-23 00:00:00+00:00,152.56,149.31,167.0133,55.793655,5.2935705,0.5100671140939598,-6111.230158730286,26166.32590830564,5000.0,15055.095749575354,0,,17067.873
2021-02-24 00:00:00+00:00,149.32,151.64,166.8408,47.444878,5.2999988,0.5100671140939598,-6112.22222222235,26574.653832679596,5000.0,15462.431610457246,0,,17334.219
2021-02-25 00:00:00+00:00,151.05,151.32,166.68504,52.817616,5.4942846,0.5100671140939598,-6113.214285714414,26518.576443580096,5000.0,15405.362157865682,0,,17297.64
2021-02-26 00:00:00+00:00,151.38,148.44,166.5079,47.07711,5.448571,0.5100671140939598,-6114.206349206477,26013.860631378066,5000.0,14899.654282171588,0,,16968.424
2021-03-01 00:00:00+00:00,148.93,152.11,166.3238,44.088867,5.626429,0.5100671140939598,-6115.198412698541,26657.021292506415,5000.0,15541.822879807874,0,,17387.947
2021-03-02 00:00:00+00:00,152.9,151.67,166.15895,41.569923,5.501429,0.5100671140939598,-6116.190476190604,26579.911246337455,5000.0,15463.72077014685,0,,17337.648
2021-03-03 00:00:00+00:00,151.29,152.29,165.99115,53.8682,4.602857,0.5555555555555556,-6117.182539682668,26688.564760311187,5000.0,15571.382220628519,0,,17408.521
2021-03-04 00:00:00+00:00,152.11,147.3,165.80365,56.33091,4.5721436,0.5555555555555556,-6118.174603174732,25814.078115533153,5000.0,14695.903512358422,0,,16838.107
2021-03-05 00:00:00+00:00,148.0,151.78,165.5856,47.948566,4.6321435,0.5555555555555556,-6119.166666666795,26599.190183920688,5000.0,15480.023517253892,0,,17350.225
2021-03-08 00:00:00+00:00,152.19,151.0,165.40076,58.992382,4.7071447,0.5100671140939598,-6120.158730158859,26462.497124757756,5000.0,15342.338394598897,0,,17261.062
2021-03-09 00:00:00+00:00,152.5,148.89,165.2034,56.934727,4.7385736,0.5100671140939598,-6121.150793650922,26092.722518623053,5000.0,14971.571724972131,0,,17019.863
2021-03-10 00:00:00+00:00,148.56,149.47,165.02036,50.01479,4.7857165,0.5100671140939598,-6122.142857142986,26194.367271419174,5000.0,15072.224414276188,0,,17086.164
2021-03-11 00:00:00+00:00,150.18,148.66,164.8331,44.695473,4.6300025,0.5100671140939598,-6123.13492063505,26052.41645648165,5000.0,14929.2815358466,0,,16993.572
2021-03-12 00:00:00+00:00,148.75,150.69,164.66545,46.224182,4.6071463,0.5100671140939598,-6124.126984127113,26408.170146804707,5000.0,15284.043162677594,0,,17225.625
2021-03-15 00:00:00+00:00,151.0,151.57,164.5353,46.33322,4.47429,0.5100671140939598,-6125.119047619177,26562.38923048959,5000.0,15437.270182870412,0,,17326.22
2021-03-16 00:00:00+00:00,152.1,151.07,164.40385,54.197643,4.282862,0.5100671140939598,-6126.1111111112405,26474.764714481604,5000.0,15348.653603370363,0,,17269.064
2021-03-17 00:00:00+00:00,151.0,150.74,164.2549,48.864105,4.0442896,0.5100671140939598,-6127.103174603304,26416.931898117968,5000.0,15289.828723514664,0,,17231.34
2021-03-18 00:00:00+00:00,149.75,148.4,164.105,48.844616,3.9607174,0.5100671140939598,-6128.095238095368,26006.848833056534,5000.0,14878.753594961167,0,,16963.85
2021-03-19 00:00:00+00:00,147.58,148.13,163.934,49.91855,3.8321457,0.5100671140939598,-6129.087301587431,25959.534246003986,5000.0,14830.446944416555,0,,16932.988
2021-03-22 00:00:00+00:00,148.86,149.23,163.78265,40.595467,3.7792892,0.5100671140939598,-6130.079365079495,26152.307262312093,5000.0,15022.227897232598,0,,17058.73
2021-03-23 00:00:00+00:00,149.13,151.83,163.63844,44.408787,3.809288,0.5100671140939598,-6131.0714285715585,26607.953558254005,5000.0,15476.882129682446,0,,17355.941
2021-03-24 00:00:00+00:00,151.53,153.92,163.49825,49.03363,3.7657154,0.5100671140939598,-6132.063492063622,26974.220954856482,5000.0,15842.15746279286,0,,17594.852
2021-03-25 00:00:00+00:00,154.55,152.78,163.3864,65.83731,3.6285727,0.5100671140939598,-6133.055555555686,26774.43871913695,5000.0,15641.383163581264,0,,17464.537
2021-03-26 00:00:00+00:00,152.02,155.19,163.256,52.84738,3.4000003,0.5555555555555556,-6134.047619047749,27196.788601681204,5000.0,16062.740982633455,0,,17740.03
2021-03-29 00:00:00+00:00,153.99,156.41,163.12025,60.91715,3.3814282,0.5100671140939598,-6135.039682539813,27410.59277766922,5000.0,16275.553095129406,0,,17879.49
2021-03-30 00:00:00+00:00,155.72,153.4,163.0278,70.546455,3.36357,0.5100671140939598,-6136.0317460318765,26883.09311036162,5000.0,15747.061364329744,0,,17535.41
2021-03-31 00:00:00+00:00,152.95,151.72,162.93355,59.478992,3.3678555,0.5555555555555556,-6137.02380952394,26588.677597978352,5000.0,15451.653788454412,0,,17343.367
2021-04-01 00:00:00+00:00,152.21,154.59,162.82245,57.083324,3.3564267,0.5555555555555556,-6138.015873016004,27091.6388209372,5000.0,15953.622947921198,0,,17671.441
2021-04-05 00:00:00+00:00,154.18,157.25,162.71596,58.689823,3.4149976,0.5100671140939598,-6139.007936508067,27557.798908409746,5000.0,16418.79097190168,0,,17975.51
2021-04-06 00:00:00+00:00,156.18,155.32,162.6132,61.72583,3.5042822,0.5100671140939598,-6140.000000000131,27219.570169837967,5000.0,16079.570169837836,0,,17754.889
2021-04-07 00:00:00+00:00,155.84,154.22,162.49075,58.284603,3.526425,0.5100671140939598,-6140.992063492195,27026.796702058215,5000.0,15885.80463856602,0,,17629.145
2021-04-08 00:00:00+00:00,154.03,155.55,162.35541,56.58591,3.5514255,0.5100671140939598,-6141.984126984258,27259.877873643978,5000.0,16117.89374665972,0,,17781.18
2021-04-09 00:00:00+00:00,156.26,155.72,162.2173,64.06929,3.5014255,0.5100671140939598,-6142.976190476322,27289.67048766833,5000.0,16146.694297192007,0,,17800.613
2021-04-12 00:00:00+00:00,155.52,155.76,162.0853,64.994064,3.380711,0.5100671140939598,-6143.968253968385,27296.67784219371,5000.0,16152.709588225323,0,,17805.184
2021-04-13 00:00:00+00:00,155.31,155.83,161.96565,63.463917,3.1878543,0.5555555555555556,-6144.960317460449,27308.945488442652,5000.0,16163.985170982203,0,,17813.188
2021-04-14 00:00:00+00:00,155.06,153.81,161.84355,59.208103,3.0607126,0.5100671140939598,-6145.952380952513,26954.942966583723,5000.0,15808.99058563121,0,,17582.277
2021-04-15 00:00:00+00:00,154.21,156.4,161.72015,49.745956,3.0042844,0.5100671140939598,-6146.944444444576,27408.834776612846,5000.0,16261.89033216827,0,,17878.344
2021-04-16 00:00:00+00:00,157.38,158.84,161.59476,57.835484,3.0249994,0.5100671140939598,-6147.93650793664,27836.441075065475,5000.0,16688.504567128835,0,,18157.264
2021-04-19 00:00:00+00:00,159.08,161.15,161.4688,57.89017,2.9671435,0.5100671140939598,-6148.928571428703,28241.264691683704,5000.0,17092.336120255,0,,18421.324
2021-04-20 00:00:00+00:00,162.04,163.85,161.35541,59.785282,2.8100019,0.5100671140939598,-6149.920634920767,28714.43655403402,5000.0,17564.51591911325,0,,18729.967
2021-04-21 00:00:00+00:00,164.25,166.09,161.2521,71.852806,2.8642883,0.4,-6150.912698412831,29106.989357075552,5000.0,17956.07665866272,0,,18986.023
2021-04-22 00:00:00+00:00,166.06,167.21,161.16725,79.36247,2.8407168,0.4,-6151.904761904894,29303.270334080444,5000.0,18151.36557217555,0,,19114.053
2021-04-23 00:00:00+00:00,167.88,169.59,161.1042,77.77289,2.8642883,0.4,-6152.896825396958,29720.361045422444,5000.0,18567.464220025486,0,,19386.115
2021-04-26 00:00:00+00:00,169.01,168.19,161.04234,77.49553,2.85786,0.4,-6153.8888888890215,29475.01400545884,5000.0,18321.12511656982,0,,19226.078
2021-04-27 00:00:00+00:00,168.8,163.51,160.9718,79.37013,2.8071463,0.5100671140939598,-6154.880952381085,28654.850720425115,5000.0,17499.96976804403,0,,18691.1
2021-04-28 00:00:00+00:00,165.06,163.57,160.8817,68.22282,3.0807178,0.5100671140939598,-6155.873015873149,28665.36835164214,5000.0,17509.495335768992,0,,18697.96
2021-04-29 00:00:00+00:00,165.0,164.14,160.80765,66.556564,3.0250037,0.5100671140939598,-6156.865079365212,28765.259304665004,5000.0,17608.39422529979,0,,18763.117
2021-04-30 00:00:00+00:00,163.91,162.83,160.72806,67.09991,3.0764313,0.5100671140939598,-6157.857142857276,28535.68370310898,5000.0,17377.826560251706,0,,18613.37
2021-05-03 00:00:00+00:00,162.95,163.93,160.64156,63.653927,3.1785748,0.5100671140939598,-6158.8492063493395,28728.455693380965,5000.0,17569.606487031626,0,,18739.111
2021-05-04 00:00:00+00:00,162.02,158.57,160.5671,65.04456,3.2057168,0.5100671140939598,-6159.841269841403,27789.127596060363,5000.0,16629.28632621896,0,,18126.402
2021-05-05 00:00:00+00:00,160.95,157.82,160.45206,57.86519,3.5142877,0.9166666666666666,-6160.833333333467,27657.69203172105,5000.0,16496.858698387583,0,,18040.67
2021-05-06 00:00:00+00:00,158.51,158.47,160.3269,52.498264,3.5757153,0.5100671140939598,-6161.82539682553,27771.601944069313,5000.0,16609.776547243782,0,,18114.973
2021-05-07 00:00:00+00:00,158.32,156.13,160.20285,49.3053,3.5185711,0.5100671140939598,-6162.817460317594,27361.522118691013,5000.0,16198.704658373419,0,,17847.482
2021-05-10 00:00:00+00:00,157.34,158.86,160.0632,40.58516,3.6257129,0.5100671140939598,-6163.809523809658,27839.94873504087,5000.0,16676.139211231213,0,,18159.553
2021-05-11 00:00:00+00:00,157.67,156.31,159.94865,40.651905,3.5964258,0.5100671140939598,-6164.801587301721,27393.06498305014,5000.0,16228.263395748418,0,,17868.057
2021-05-12 00:00:00+00:00,155.67,155.11,159.83224,31.88887,3.6342828,0.5100671140939598,-6165.793650793785,27182.767912502088,5000.0,16016.974261708303,0,,17730.885
2021-05-13 00:00:00+00:00,155.54,157.98,159.7043,27.658741,3.63214,0.5100671140939598,-6166.785714285848,27685.72932621591,5000.0,16518.943611930063,0,,18058.959
2021-05-14 00:00:00+00:00,158.12,157.32,159.6115,28.944475,3.7164264,0.5100671140939598,-6167.777777777912,27570.066944061775,5000.0,16402.289166283863,0,,17983.514
2021-05-17 00:00:00+00:00,157.41,156.49,159.49435,29.742802,3.7614255,0.5100671140939598,-6168.769841269976,27424.609886373917,5000.0,16255.840045103942,0,,17888.633
2021-05-18 00:00:00+00:00,156.53,155.61,159.38435,34.725838,3.6007113,0.5100671140939598,-6169.761904762039,27270.390329343125,5000.0,16100.628424581086,0,,17788.04
2021-05-19 00:00:00+00:00,155.0,153.58,159.2709,33.277256,3.6071408,0.5100671140939598,-6170.753968254103,26914.63635622732,5000.0,15743.882387973219,0,,17555.986
2021-05-20 00:00:00+00:00,154.29,155.38,159.1288,29.09735,3.702142,0.5555555555555556,-6171.746031746166,27230.08396119768,5000.0,16058.337929451514,0,,17761.746
2021-05-21 00:00:00+00:00,155.28,155.51,159.00775,35.533962,3.6742847,0.5100671140939598,-6172.73809523823,27252.86494336298,5000.0,16080.12684812475,0,,17776.605
2021-05-24 00:00:00+00:00,156.64,156.81,158.8868,33.010464,3.6678565,0.5555555555555556,-6173.730158730294,27480.686669465013,5000.0,16306.956510734719,0,,17925.21
2021-05-25 00:00:00+00:00,157.22,156.41,158.7587,45.752865,3.2435718,0.5414772377118987,-6174.722222222357,27410.587824298662,5000.0,16235.865602076305,0,,17879.486
2021-05-26 00:00:00+00:00,156.34,156.5,158.62076,46.539013,3.029286,0.5100671140939598,-6175.714285714421,27426.36051357296,5000.0,16250.646227858539,0,,17889.773
2021-05-27 00:00:00+00:00,155.97,155.57,158.48434,45.027752,2.914287,0.5555555555555556,-6176.706349206484,27263.38035700335,5000.0,16086.674007796864,0,,17783.465
2021-05-28 00:00:00+00:00,156.39,154.15,158.3478,48.478264,2.742859,0.5100671140939598,-6177.698412698548,27014.525791115233,5000.0,15836.827378416685,0,,17621.14
2021-06-01 00:00:00+00:00,154.42,153.85,158.17924,36.21998,2.6750019,0.5100671140939598,-6178.690476190612,26961.95304799266,5000.0,15783.26257180205,0,,17586.848
2021-06-02 00:00:00+00:00,154.05,155.52,157.9886,41.7116,2.569288,0.5100671140939598,-6179.682539682675,27254.617527813152,5000.0,16074.934988130477,0,,17777.748
2021-06-03 00:00:00+00:00,154.01,155.8,157.7944,51.33901,2.4542868,0.5100671140939598,-6180.674603174739,27303.68722907021,5000.0,16123.01262589547,0,,17809.756
2021-06-04 00:00:00+00:00,156.07,157.8,157.57774,41.43083,2.337858,0.5100671140939598,-6181.6666666668025,27654.182836395667,5000.0,16472.516169728864,0,,18038.379
2021-06-07 00:00:00+00:00,157.63,156.2,157.3784,51.70696,2.3092868,0.5555555555555556,-6182.658730158866,27373.78420824038,5000.0,16191.125478081514,0,,17855.48
2021-06-08 00:00:00+00:00,156.42,158.23,157.2983,49.02222,2.212858,0.5100671140939598,-6183.65079365093,27729.539293515834,5000.0,16545.888499864905,0,,18087.533
2021-06-09 00:00:00+00:00,158.95,159.72,157.24844,58.197742,2.267857,0.5100671140939598,-6184.642857142993,27990.66002980637,5000.0,16806.017172663378,0,,18257.857
2021-06-10 00:00:00+00:00,160.69,163.13,157.2178,69.88343,2.1864285,0.5100671140939598,-6185.634920635057,28588.258016110918,5000.0,17402.62309547586,0,,18647.662
2021-06-11 00:00:00+00:00,163.75,162.57,157.2098,72.72729,2.2471423,0.5100671140939598,-6186.6269841271205,28490.11994934693,5000.0,17303.492965219808,0,,18583.646
2021-06-14 00:00:00+00:00,162.59,163.33,157.19075,70.19455,2.239285,0.5100671140939598,-6187.619047619184,28623.308738706688,5000.0,17435.689691087504,0,,18670.523
2021-06-15 00:00:00+00:00,163.73,163.91,157.1711,69.24442,2.2949994,0.5100671140939598,-6188.611111111248,28724.953701019545,5000.0,17536.342589908298,0,,18736.826
2021-06-16 00:00:00+00:00,164.72,164.61,157.1614,71.90421,2.3350003,0.5100671140939598,-6189.603174603311,28847.6285794188,5000.0,17658.02540481549,0,,18816.846
2021-06-17 00:00:00+00:00,164.59,163.19,157.14705,72.87085,2.4199994,0.5100671140939598,-6190.595238095375,28598.775635697857,5000.0,17408.180397602482,0,,18654.523
2021-06-18 00:00:00+00:00,162.24,164.55,157.1359,70.91107,2.4549997,0.5555555555555556,-6191.587301587439,28837.112175671595,5000.0,17645.524874084156,0,,18809.986
2021-06-21 00:00:00+00:00,165.43,166.85,157.13686,78.63441,2.5428576,0.9166666666666666,-6192.579365079502,29240.18370754218,5000.0,18047.604342462677,0,,19072.904
2021-06-22 00:00:00+00:00,167.17,165.71,157.1156,82.24206,2.6871436,0.5100671140939598,-6193.571428571566,29040.40072457316,5000.0,17846.829296001593,0,,18942.588
2021-06-23 00:00:00+00:00,166.09,164.32,157.11565,75.95517,2.685001,0.5555555555555556,-6194.563492063629,28796.80514864631,5000.0,17602.24165658268,0,,18783.695
2021-06-24 00:00:00+00:00,165.08,164.45,157.1214,70.54002,2.6821442,0.5100671140939598,-6195.555555555693,28819.585519235377,5000.0,17624.029963679684,0,,18798.555
2021-06-25 00:00:00+00:00,164.05,166.59,157.15111,67.62055,2.685716,0.5100671140939598,-6196.547619047757,29194.61837265406,5000.0,17998.070753606302,0,,19043.182
2021-06-28 00:00:00+00:00,167.65,165.24,157.1805,76.76457,2.8300018,0.9166666666666666,-6197.53968253982,28958.03485783903,5000.0,17760.49517529921,0,,18888.861
2021-06-29 00:00:00+00:00,165.79,165.52,157.2265,68.71334,2.9064298,0.5100671140939598,-6198.531746031884,29007.102534796795,5000.0,17808.57078876491,0,,18920.87
2021-06-30 00:00:00+00:00,165.67,163.51,157.2752,66.55254,2.836429,0.5100671140939598,-6199.523809523947,28654.85153903985,5000.0,17455.327729515902,0,,18691.102
2021-07-01 00:00:00+00:00,163.47,164.51,157.3004,51.17863,2.7821438,0.5100671140939598,-6200.515873016011,28830.09871336333,5000.0,17629.58284034732,0,,18805.412
2021-07-02 00:00:00+00:00,165.58,165.82,157.324,55.857456,2.770715,0.5100671140939598,-6201.507936508075,29059.674557645714,5000.0,17858.16662113764,0,,18955.16
2021-07-06 00:00:00+00:00,165.91,164.71,157.37476,57.276463,2.7078574,0.5100671140939598,-6202.500000000138,28865.148548649613,5000.0,17662.648548649475,0,,18828.273
2021-07-07 00:00:00+00:00,165.06,166.81,157.3895,52.267582,2.7171423,0.5100671140939598,-6203.492063492202,29233.169723029816,5000.0,18029.677659537614,0,,19068.328
2021-07-08 00:00:00+00:00,165.89,166.58,157.4144,55.777306,2.6978564,0.5100671140939598,-6204.4841269842655,29192.863769882813,5000.0,17988.379642898548,0,,19042.037
2021-07-09 00:00:00+00:00,167.11,167.38,157.45125,59.4958,2.6842847,0.5100671140939598,-6205.476190476329,29333.06148919852,5000.0,18127.58529872219,0,,19133.486
2021-07-12 00:00:00+00:00,167.44,167.06,157.47255,58.18393,2.5449994,0.5555555555555556,-6206.468253968393,29276.980237080916,5000.0,18070.511983112523,0,,19096.906
2021-07-13 00:00:00+00:00,166.7,166.73,157.5108,50.6858,2.3678555,0.5100671140939598,-6207.460317460456,29219.147733640708,5000.0,18011.68741618025,0,,19059.182
2021-07-14 00:00:00+00:00,166.95,168.31,157.55635,53.517204,2.3749988,0.5100671140939598,-6208.45238095252,29496.04074496488,5000.0,18287.58836401236,0,,19239.795
2021-07-15 00:00:00+00:00,168.42,170.64,157.5929,63.58063,2.335713,0.5100671140939598,-6209.4444444445835,29904.370257993894,5000.0,18694.92581354931,0,,19506.143
2021-07-16 00:00:00+00:00,170.59,171.67,157.6325,68.32444,2.3914273,0.5100671140939598,-6210.436507936647,30084.87432775651,5000.0,18874.437819819865,0,,19623.88
2021-07-19 00:00:00+00:00,170.78,170.35,157.6802,66.09631,2.2792838,0.5100671140939598,-6211.428571428711,29853.54816744307,5000.0,18642.11959601436,0,,19472.992
2021-07-20 00:00:00+00:00,171.1,173.63,157.719,66.222206,2.1864264,0.5100671140939598,-6212.420634920774,30428.36169942705,5000.0,19215.941064506274,0,,19847.934
2021-07-21 00:00:00+00:00,174.13,173.13,157.76945,71.62665,2.3228552,0.5100671140939598,-6213.412698412838,30340.73777905883,5000.0,19127.32508064599,0,,19790.777
2021-07-22 00:00:00+00:00,173.45,174.88,157.8273,77.90025,2.2628555,0.5555555555555556,-6214.4047619049015,30647.421776899944,5000.0,19433.017014995043,0,,19990.822
2021-07-23 00:00:00+00:00,175.77,176.27,157.89125,78.82159,2.3185697,0.5100671140939598,-6215.396825396965,30891.016047483907,5000.0,19675.61922208694,0,,20149.715
2021-07-26 00:00:00+00:00,176.14,175.81,157.9623,78.91534,2.334998,0.5100671140939598,-6216.388888889029,30810.400684624718,5000.0,19594.01179573569,0,,20097.13
2021-07-27 00:00:00+00:00,176.55,176.12,158.01915,81.85991,2.364999,0.4,-6217.380952381092,30864.726341101486,5000.0,19647.345388720394,0,,20132.568
2021-07-28 00:00:00+00:00,175.82,171.93,158.07816,79.782455,2.383572,0.5100671140939598,-6218.373015873156,30130.43604694379,5000.0,18912.063031070633,0,,19653.602
2021-07-29 00:00:00+00:00,172.46,173.29,158.11536,63.654896,2.5464292,0.5100671140939598,-6219.36507936522,30368.775377418046,5000.0,19149.410298052826,0,,19809.066
2021-07-30 00:00:00+00:00,173.33,174.09,158.15825,64.66498,2.538572,0.5555555555555556,-6220.357142857283,30508.972796973936,5000.0,19288.615654116653,0,,19900.516
2021-08-02 00:00:00+00:00,174.84,174.57,158.21915,67.038284,2.588573,0.5100671140939598,-6221.349206349347,30593.095519217484,5000.0,19371.746312868137,0,,19955.387
2021-08-03 00:00:00+00:00,175.16,175.83,158.28735,68.86431,2.5900028,0.5100671140939598,-6222.34126984141,30813.905641863166,5000.0,19591.564372021756,0,,20099.418
2021-08-04 00:00:00+00:00,175.74,173.59,158.35495,68.37733,2.6385748,0.5100671140939598,-6223.333333333474,30421.348848032554,5000.0,19198.01551469908,0,,19843.36
2021-08-05 00:00:00+00:00,173.78,173.44,158.4116,57.241028,2.620004,0.5100671140939598,-6224.325396825538,30395.062109264338,5000.0,19170.7367124388,0,,19826.215
2021-08-06 00:00:00+00:00,173.52,173.95,158.48845,54.5408,2.5171475,0.5100671140939598,-6225.317460317601,30484.436246425965,5000.0,19259.118786108364,0,,19884.512
2021-08-09 00:00:00+00:00,174.59,172.89,158.56195,59.635944,2.4821484,0.5555555555555556,-6226.309523809665,30298.673820785538,5000.0,19072.364296975873,0,,19763.342
2021-08-10 00:00:00+00:00,172.64,172.24,158.63145,47.75211,2.4014347,0.5100671140939598,-6227.301587301728,30184.76404867281,5000.0,18957.46246137108,0,,19689.04
2021-08-11 00:00:00+00:00,173.13,173.71,158.7036,47.320892,2.466434,0.5100671140939598,-6228.293650793792,30442.377446811883,5000.0,19214.08379601809,0,,19857.076
2021-08-12 00:00:00+00:00,174.09,174.31,158.7806,46.41764,2.4150052,0.5100671140939598,-6229.285714285856,30547.524503885466,5000.0,19318.23878959961,0,,19925.662
2021-08-13 00:00:00+00:00,174.59,177.12,158.88155,43.69367,2.6442914,0.5100671140939598,-6230.277777777919,31039.971133726845,5000.0,19809.693355948926,0,,20246.877
2021-08-16 00:00:00+00:00,176.96,177.74,159.01105,53.66126,2.7107196,0.5100671140939598,-6231.269841269983,31148.625360074144,5000.0,19917.35551880416,0,,20317.75
2021-08-17 00:00:00+00:00,176.42,178.58,159.1519,54.45058,2.773576,0.5100671140939598,-6232.2619047620465,31295.83167890258,5000.0,20063.569774140535,0,,20413.771
2021-08-18 00:00:00+00:00,178.24,172.38,159.29816,72.39062,2.6535764,0.4,-6233.25396825411,30209.29252074713,5000.0,18976.03855249302,0,,19705.037
2021-08-19 00:00:00+00:00,173.33,176.29,159.41881,47.68921,3.330004,0.5100671140939598,-6234.246031746174,30894.51263415482,5000.0,19660.266602408647,0,,20151.996
2021-08-20 00:00:00+00:00,176.06,177.13,159.5414,54.824562,3.551433,0.5100671140939598,-6235.238095238237,31041.72234576607,5000.0,19806.484250527832,0,,20248.02
2021-08-23 00:00:00+00:00,177.78,176.52,159.6463,55.52677,3.5742886,0.5100671140939598,-6236.230158730301,30934.8215588911,5000.0,19698.5914001608,0,,20178.29
2021-08-24 00:00:00+00:00,176.67,173.21,159.7168,51.532658,3.4957166,0.5100671140939598,-6237.2222222223645,30354.750877131926,5000.0,19117.52865490956,0,,19799.92
2021-08-25 00:00:00+00:00,173.4,173.45,159.81454,49.194252,3.5900028,0.5100671140939598,-6238.214285714428,30396.809496326543,5000.0,19158.595210612115,0,,19827.354
2021-08-26 00:00:00+00:00,173.34,173.95,159.896,50.02111,3.577145,0.5100671140939598,-6239.206349206492,30484.434957814334,5000.0,19245.228608607842,0,,19884.51
2021-08-27 00:00:00+00:00,174.32,175.93,159.9716,50.0,3.6685736,0.5100671140939598,-6240.198412698555,30831.426471485247,5000.0,19591.22805878669,0,,20110.848
2021-08-30 00:00:00+00:00,176.23,176.32,160.04865,56.183884,3.6928592,0.5100671140939598,-6241.190476190619,30899.774069401818,5000.0,19658.5835932112,0,,20155.43
2021-08-31 00:00:00+00:00,176.93,176.38,160.12485,58.388165,3.6042883,0.5100671140939598,-6242.182539682683,30910.286892887438,5000.0,19668.104353204755,0,,20162.287
2021-09-01 00:00:00+00:00,177.25,177.3,160.2075,55.82715,3.7192883,0.5100671140939598,-6243.174603174746,31071.515025492787,5000.0,19828.34042231804,0,,20267.453
2021-09-02 00:00:00+00:00,177.94,176.23,160.2866,56.435658,3.5571454,0.5100671140939598,-6244.16666666681,30883.99750364374,5000.0,19639.83083697693,0,,20145.14
2021-09-03 00:00:00+00:00,175.87,175.74,160.3726,47.92927,3.4885733,0.5100671140939598,-6245.158730158873,30798.128320606906,5000.0,19552.969590448032,0,,20089.129
2021-09-07 00:00:00+00:00,176.19,173.0,160.45705,45.318348,3.3707166,0.5100671140939598,-6246.150793650937,30317.94657830546,5000.0,19071.79578465452,0,,19775.912
2021-09-08 00:00:00+00:00,172.27,173.28,160.5285,38.005154,3.500716,0.5100671140939598,-6247.142857143001,30367.01631200784,5000.0,19119.87345486484,0,,19807.92
2021-09-09 00:00:00+00:00,174.18,171.25,160.5873,52.59514,2.942145,0.5100671140939598,-6248.134920635064,30011.263250529926,5000.0,18763.128329894862,0,,19575.87
2021-09-10 00:00:00+00:00,171.74,169.04,160.6427,33.699898,2.8235724,0.5100671140939598,-6249.126984127128,29623.964271432396,5000.0,18374.83728730527,0,,19323.24
2021-09-13 00:00:00+00:00,170.58,168.44,160.68796,25.965506,3.000716,0.5100671140939598,-6250.119047619191,29518.817061764265,5000.0,18268.698014145073,0,,19254.654
2021-09-14 00:00:00+00:00,168.33,167.11,160.7445,25.980959,3.1485727,0.5100671140939598,-6251.111111111255,29285.736301963407,5000.0,18034.62519085215,0,,19102.62
2021-09-15 00:00:00+00:00,167.16,169.91,160.7907,29.447414,3.0499997,0.5100671140939598,-6252.103174603319,29776.43233471669,5000.0,18524.32916011337,0,,19422.691
2021-09-16 00:00:00+00:00,170.29,170.81,160.85126,39.82761,3.1878564,0.5100671140939598,-6253.095238095382,29934.152926491686,5000.0,18681.057688396304,0,,19525.57
2021-09-17 00:00:00+00:00,170.03,168.76,160.901,41.17978,3.1221423,0.5100671140939598,-6254.087301587446,29574.89418962135,5000.0,18320.806888033905,0,,19291.232
2021-09-20 00:00:00+00:00,166.7,169.41,160.9381,29.938461,3.1471417,0.5100671140939598,-6255.079365079509,29688.806394276362,5000.0,18433.727029196853,0,,19365.535
2021-09-21 00:00:00+00:00,170.51,167.83,160.98524,30.943184,3.2335696,0.5100671140939598,-6256.071428571573,29411.91321945334,5000.0,18155.84179088177,0,,19184.922
2021-09-22 00:00:00+00:00,167.82,168.76,161.03435,28.244278,3.1985703,0.5100671140939598,-6257.063492063637,29574.894178164617,5000.0,18317.83068610098,0,,19291.232
2021-09-23 00:00:00+00:00,168.65,170.37,161.08575,28.280756,3.211427,0.5555555555555556,-6258.0555555557,29857.04459050768,5000.0,18598.98903495198,0,,19475.273
2021-09-24 00:00:00+00:00,170.37,171.38,161.14516,35.495045,3.2478561,0.5100671140939598,-6259.047619047764,30034.0454501838,5000.0,18774.997831136036,0,,19590.729
2021-09-27 00:00:00+00:00,171.07,170.61,161.20206,39.47877,3.211428,0.5100671140939598,-6260.0396825398275,29899.104330513564,5000.0,18639.064647973737,0,,19502.71
2021-09-28 00:00:00+00:00,170.1,165.41,161.2701,43.626675,3.049286,0.5100671140939598,-6261.031746031891,28987.814459809862,5000.0,17726.78271377797,0,,18908.29
2021-09-29 00:00:00+00:00,165.61,166.16,161.32796,33.3756,3.2164285,0.5100671140939598,-6262.023809523955,29119.252299174073,5000.0,17857.22848965012,0,,18994.025
2021-09-30 00:00:00+00:00,166.5,164.06,161.37965,38.633335,3.1307144,0.5100671140939598,-6263.015873016018,28751.23009459542,5000.0,17488.2142215794,0,,18753.969
2021-10-01 00:00:00+00:00,164.79,165.01,161.41306,38.824074,3.1364276,0.5100671140939598,-6264.007936508082,28917.716715718372,5000.0,17653.70877921029,0,,18862.566
2021-10-04 00:00:00+00:00,164.04,163.16,161.4451,42.421555,3.1192856,0.5100671140939598,-6265.0000000001455,28593.508763495563,5000.0,17328.508763495418,0,,18651.09
2021-10-05 00:00:00+00:00,163.01,162.81,161.46506,41.468693,3.1771426,0.5100671140939598,-6265.992063492209,28532.170792976605,5000.0,17266.178729484396,0,,18611.08
2021-10-06 00:00:00+00:00,162.0,163.19,161.4653,32.85024,3.173572,0.5100671140939598,-6266.984126984273,28598.76484194822,5000.0,17331.78071496395,0,,18654.518
2021-10-07 00:00:00+00:00,164.27,164.69,161.4731,31.119955,3.192858,0.5100671140939598,-6267.976190476336,28861.637581013303,5000.0,17593.661390536967,0,,18825.986
2021-10-08 00:00:00+00:00,165.5,166.06,161.5055,39.633244,3.182858,0.5100671140939598,-6268.9682539684,29101.72780738677,5000.0,17832.75955341837,0,,18982.594
2021-10-11 00:00:00+00:00,165.92,164.82,161.5622,41.769028,3.1621442,0.5100671140939598,-6269.960317460464,28884.420820562867,5000.0,17614.460503102404,0,,18840.848
2021-10-12 00:00:00+00:00,165.2,163.79,161.60664,42.47877,3.1121433,0.5100671140939598,-6270.952380952527,28703.913161523804,5000.0,17432.960780571277,0,,18723.105
2021-10-13 00:00:00+00:00,164.26,164.84,161.63715,37.64297,3.0842862,0.5100671140939598,-6271.944444444591,28887.92585327043,5000.0,17615.98140882584,0,,18843.133
2021-10-14 00:00:00+00:00,165.71,167.98,161.6628,35.856792,3.0428576,0.5100671140939598,-6272.936507936654,29438.206464293336,5000.0,18165.269956356682,0,,19202.072
2021-10-15 00:00:00+00:00,169.2,170.06,161.7063,42.158653,3.199999,0.5100671140939598,-6273.928571428718,29802.721762141635,5000.0,18528.793190712917,0,,19439.84
2021-10-18 00:00:00+00:00,169.44,171.05,161.76285,48.80382,3.2635705,0.5100671140939598,-6274.920634920782,29976.217306877115,5000.0,18701.296671956334,0,,19553.01
2021-10-19 00:00:00+00:00,171.21,170.95,161.80815,65.01596,3.0235705,0.5100671140939598,-6275.912698412845,29958.69135289505,5000.0,18682.778654482205,0,,19541.576
2021-10-20 00:00:00+00:00,171.84,171.08,161.8696,63.210117,2.982143,0.5100671140939598,-6276.904761904909,29981.473022051614,5000.0,18704.568260146705,0,,19556.438
2021-10-21 00:00:00+00:00,171.44,172.24,161.92944,71.72028,2.857143,0.5100671140939598,-6277.896825396972,30184.762555192425,5000.0,18906.865729795452,0,,19689.041
2021-10-22 00:00:00+00:00,172.72,174.24,161.9832,72.08308,2.8592846,0.5100671140939598,-6278.888888889036,30535.25896430477,5000.0,19256.370075415733,0,,19917.664
2021-10-25 00:00:00+00:00,174.13,174.05,162.0297,83.53504,2.8007138,0.4,-6279.8809523811,30501.961272795525,5000.0,19222.080320414425,0,,19895.943
2021-10-26 00:00:00+00:00,174.44,174.05,162.0652,84.35203,2.672142,0.5100671140939598,-6280.873015873163,30501.961272795525,5000.0,19221.08825692236,0,,19895.943
2021-10-27 00:00:00+00:00,174.12,164.7,162.11055,83.97992,2.6471417,0.5100671140939598,-6281.865079365227,28863.388720108593,5000.0,17581.523640743366,0,,18827.129
2021-10-28 00:00:00+00:00,164.58,163.85,162.1321,50.02097,3.1721408,0.5100671140939598,-6282.8571428572905,28714.428576045917,5000.0,17431.571433188627,0,,18729.965
2021-10-29 00:00:00+00:00,163.2,166.48,162.1619,45.25957,3.239284,0.5100671140939598,-6283.849206349354,29175.32884275034,5000.0,17891.479636400985,0,,19030.602
2021-11-01 00:00:00+00:00,166.6,166.03,162.2245,53.3603,3.3892844,0.5100671140939598,-6284.841269841418,29096.467606911814,5000.0,17811.626337070396,0,,18979.162
2021-11-02 00:00:00+00:00,166.67,159.3,162.2819,54.64346,3.3999994,0.5100671140939598,-6285.833333333481,27917.048276718768,5000.0,16631.214943385286,0,,18209.846
2021-11-03 00:00:00+00:00,158.48,159.13,162.29935,40.704712,3.7721417,0.5555555555555556,-6286.825396825545,27887.256275927553,5000.0,16600.43087910201,0,,18190.414
2021-11-04 00:00:00+00:00,159.13,158.65,162.3212,33.507286,4.085714,0.5555555555555556,-6287.8174603176085,27803.135152040722,5000.0,16515.317691723114,0,,18135.543
2021-11-05 00:00:00+00:00,159.58,158.35,162.34895,27.388033,4.1621423,0.5100671140939598,-6288.809523809672,27750.562266315024,5000.0,16461.752742505352,0,,18101.25
2021-11-08 00:00:00+00:00,158.42,161.1,162.3832,24.123878,4.2071424,0.5100671140939598,-6289.801587301736,28232.49650523539,5000.0,16942.694917933655,0,,18415.61
2021-11-09 00:00:00+00:00,153.91,159.04,162.4262,31.886732,4.480713,0.5100671140939598,-6290.793650793799,27871.482963253355,5000.0,16580.689312459555,0,,18180.125
2021-11-10 00:00:00+00:00,159.42,161.76,162.44705,29.326904,4.7728567,0.5100671140939598,-6291.785714285863,28348.157763922198,5000.0,17056.372049636335,0,,18491.053
2021-11-11 00:00:00+00:00,162.43,159.21,162.5076,32.92045,4.8242865,0.5100671140939598,-6292.7777777779265,27901.277460731784,5000.0,16608.499682953858,0,,18199.559
2021-11-12 00:00:00+00:00,159.21,157.74,162.55956,25.936586,4.912143,0.5100671140939598,-6293.76984126999,27643.661698597465,5000.0,16349.891857327475,0,,18031.521
2021-11-15 00:00:00+00:00,158.16,157.0,162.6243,24.915398,4.971429,0.5555555555555556,-6294.761904762054,27513.976911722722,5000.0,16219.215006960669,0,,17946.93
2021-11-16 00:00:00+00:00,157.69,157.64,162.6669,24.360886,4.9692864,0.5100671140939598,-6295.753968254117,27626.137112136577,5000.0,16330.38314388246,0,,18020.09
2021-11-17 00:00:00+00:00,157.18,153.8,162.6987,35.615314,4.404287,0.5100671140939598,-6296.746031746181,26953.184141803176,5000.0,15656.438110056995,0,,17581.135
2021-11-18 00:00:00+00:00,153.49,151.8,162.7205,31.747168,4.5442877,0.5100671140939598,-6297.738095238245,26602.688014732208,5000.0,15304.949919493964,0,,17352.51
2021-11-19 00:00:00+00:00,152.41,153.21,162.71255,22.713762,4.434288,0.5100671140939598,-6298.730158730308,26849.78839714749,5000.0,15551.058238417183,0,,17513.69
2021-11-22 00:00:00+00:00,152.94,153.18,162.71405,26.992119,4.425002,0.5100671140939598,-6299.722222222372,26844.527974055756,5000.0,15544.805751833384,0,,17510.26
2021-11-23 00:00:00+00:00,153.05,153.04,162.6889,35.538742,4.0721445,0.5100671140939598,-6300.714285714435,26819.992676187852,5000.0,15519.278390473417,0,,17494.256
2021-11-24 00:00:00+00:00,152.52,152.81,162.70656,35.589195,3.6614292,0.5555555555555556,-6301.706349206499,26779.685673206106,5000.0,15477.979323999607,0,,17467.963
2021-11-26 00:00:00+00:00,152.55,151.14,162.72675,36.01534,3.4850006,0.5100671140939598,-6302.698412698563,26487.021970964444,5000.0,15184.323558265882,0,,17277.064
2021-11-29 00:00:00+00:00,152.51,152.31,162.73926,33.79775,3.528571,0.5100671140939598,-6303.690476190626,26692.063645667862,5000.0,15388.373169477236,0,,17410.81
2021-11-30 00:00:00+00:00,152.36,151.63,162.7726,28.737293,3.3092847,0.5100671140939598,-6304.68253968269,26572.89673792895,5000.0,15268.21419824626,0,,17333.08
2021-12-01 00:00:00+00:00,152.97,147.96,162.79955,30.79318,3.0021427,0.5100671140939598,-6305.674603174753,25929.73543045274,5000.0,14624.060827277986,0,,16913.557
2021-12-02 00:00:00+00:00,147.5,152.15,162.79495,15.909104,3.1614282,0.5555555555555556,-6306.666666666817,26664.02418384006,5000.0,15357.357517173245,0,,17392.521
2021-12-03 00:00:00+00:00,152.08,154.02,162.79214,33.86651,3.3135715,0.5100671140939598,-6307.658730158881,26991.740958467995,5000.0,15684.082228309115,0,,17606.285
2021-12-06 00:00:00+00:00,154.47,158.89,162.8078,41.651703,3.4364276,0.5100671140939598,-6308.650793650944,27845.197975837862,5000.0,16536.547182186918,0,,18162.982
2021-12-07 00:00:00+00:00,159.59,157.37,162.83795,53.57819,3.7178562,0.5100671140939598,-6309.642857143008,27578.8206019322,5000.0,16269.177744789191,0,,17989.229
2021-12-08 00:00:00+00:00,157.88,156.32,162.87825,49.505306,3.814999,0.5100671140939598,-6310.6349206350715,27394.812385112455,5000.0,16084.177464477383,0,,17869.203
2021-12-09 00:00:00+00:00,155.94,156.56,162.90166,55.142868,3.5521414,0.5100671140939598,-6311.626984127135,27436.871543045196,5000.0,16125.24455891806,0,,17896.639
2021-12-10 00:00:00+00:00,156.93,158.25,162.92786,60.466137,3.4821408,0.5100671140939598,-6312.619047619199,27733.042682758223,5000.0,16420.423635139025,0,,18089.826
2021-12-13 00:00:00+00:00,157.96,162.52,162.9769,60.947,3.499284,0.5100671140939598,-6313.611111111262,28481.354084615872,5000.0,17167.74297350461,0,,18577.938
2021-12-14 00:00:00+00:00,161.41,162.35,163.02895,67.13137,3.7285702,0.5100671140939598,-6314.603174603326,28451.562533810844,5000.0,17136.959359207518,0,,18558.506
2021-12-15 00:00:00+00:00,159.36,159.92,163.08235,67.05758,3.7421417,0.5100671140939598,-6315.5952380953895,28025.706955102018,5000.0,16710.111717006628,0,,18280.727
2021-12-16 00:00:00+00:00,160.73,165.1,163.1205,62.054947,3.8899994,0.6465343576104423,-6316.587301587453,28933.492968790993,5000.0,17616.90566720354,0,,18872.861
2021-12-17 00:00:00+00:00,164.83,164.24,163.2095,71.151535,4.0328565,0.5100671140939598,-6317.579365079517,28782.779297492456,5000.0,17465.19993241294,0,,18774.553
2021-12-20 00:00:00+00:00,163.09,162.99,163.2718,68.24719,4.0350003,0.5100671140939598,-6318.57142857158,28563.71938177472,5000.0,17245.14795320314,0,,18631.664
2021-12-21 00:00:00+00:00,162.82,165.02,163.33176,67.077576,4.0321426,0.5100671140939598,-6319.563492063644,28919.4733130073,5000.0,17599.909820943656,0,,18863.717
2021-12-22 00:00:00+00:00,165.27,165.83,163.4124,76.9766,3.7999997,0.5100671140939598,-6320.5555555557075,29061.422884815052,5000.0,17740.867329259345,0,,18956.307
2021-12-23 00:00:00+00:00,166.74,165.43,163.4942,74.22097,3.586429,0.5100671140939598,-6321.547619047771,28991.32265348194,5000.0,17669.77503443417,0,,18910.582
2021-12-27 00:00:00+00:00,165.96,165.55,163.57805,71.31114,3.415001,0.5100671140939598,-6322.539682539835,29012.35262631491,5000.0,17689.812943775076,0,,18924.299
2021-12-28 00:00:00+00:00,166.06,167.38,163.65234,65.12261,3.163572,0.5100671140939598,-6323.531746031898,29333.056303770445,5000.0,18009.524557738547,0,,19133.488
2021-12-29 00:00:00+00:00,167.23,167.84,163.7314,72.413795,3.115715,0.5100671140939598,-6324.523809523962,29413.667407182456,5000.0,18089.143597658494,0,,19186.07
2021-12-30 00:00:00+00:00,168.53,167.72,163.81525,76.49489,3.1292856,0.5100671140939598,-6325.515873016026,29392.637878770285,5000.0,18067.12200575426,0,,19172.354
2021-12-31 00:00:00+00:00,167.31,166.99,163.90015,75.80941,3.0892856,0.5100671140939598,-6326.507936508089,29264.707881136375,5000.0,17938.199944628286,0,,19088.906
2022-01-03 00:00:00+00:00,167.07,171.5,163.9931,71.15198,2.9842856,0.5100671140939598,-6327.500000000153,30055.076814661308,5000.0,18727.576814661155,0,,19604.451
2022-01-04 00:00:00+00:00,171.11,174.66,164.10995,71.48323,2.9550006,0.5100671140939598,-6328.492063492216,30608.862735154307,5000.0,19280.37067166209,0,,19965.678
2022-01-05 00:00:00+00:00,174.79,172.92,164.2371,75.7639,3.269287,0.4,-6329.48412698428,30303.92926414869,5000.0,18974.44513716441,0,,19766.773
2022-01-06 00:00:00+00:00,173.04,169.6,164.34254,78.01723,3.3314285,0.5100671140939598,-6330.476190476344,29722.105648189372,5000.0,18391.62945771303,0,,19387.26
2022-01-07 00:00:00+00:00,169.18,169.75,164.42094,60.543583,3.3435724,0.5100671140939598,-6331.468253968407,29748.392286187467,5000.0,18416.92403221906,0,,19404.406
2022-01-10 00:00:00+00:00,169.24,169.56,164.5058,63.354332,3.435716,0.5100671140939598,-6332.460317460471,29715.094445905605,5000.0,18382.634128445134,0,,19382.686
2022-01-11 00:00:00+00:00,169.6,169.74,164.57765,66.78588,3.4942868,0.5100671140939598,-6333.452380952534,29746.63876363279,5000.0,18413.186382680255,0,,19403.262
2022-01-12 00:00:00+00:00,170.0,171.91,164.6443,63.318287,3.5378582,0.5100671140939598,-6334.444444444598,30126.92701101418,5000.0,18792.482566569583,0,,19651.316
2022-01-13 00:00:00+00:00,172.67,168.2,164.73685,65.932915,3.5535715,0.5100671140939598,-6335.436507936662,29476.754384649656,5000.0,18141.317876712994,0,,19227.219
2022-01-14 00:00:00+00:00,166.85,168.94,164.81924,56.185806,3.7757144,0.5100671140939598,-6336.428571428725,29606.43848686541,5000.0,18270.009915436684,0,,19311.809
2022-01-18 00:00:00+00:00,167.89,165.37,164.891,57.366364,3.8771427,0.5100671140939598,-6337.420634920789,28980.800749587434,5000.0,17643.380114666645,0,,18903.715
2022-01-19 00:00:00+00:00,165.53,166.42,164.9316,45.939373,4.06,0.5100671140939598,-6338.4126984128525,29164.812732305578,5000.0,17826.400033892725,0,,19023.744
2022-01-20 00:00:00+00:00,167.94,163.08,164.9871,47.198112,4.4000006,0.5100671140939598,-6339.404761904916,28579.48489307809,5000.0,17240.080131173174,0,,18641.943
2022-01-21 00:00:00+00:00,163.49,163.74,165.0314,41.876755,4.7842865,0.5100671140939598,-6340.39682539698,28695.150509127856,5000.0,17354.753683730876,0,,18717.39
2022-01-24 00:00:00+00:00,170.45,163.22,165.07236,44.29625,5.0335717,0.5100671140939598,-6341.388888889043,28604.020591370532,5000.0,17262.63170248149,0,,18657.947
2022-01-25 00:00:00+00:00,161.57,158.85,165.10985,33.102066,5.402856,0.5100671140939598,-6342.380952381107,27838.187082558583,5000.0,16495.806130177476,0,,18158.406
2022-01-26 00:00:00+00:00,159.7,156.82,165.1253,19.25324,5.3364267,0.5100671140939598,-6343.3730158731705,27482.433005906372,5000.0,16139.059990033202,0,,17926.354
2022-01-27 00:00:00+00:00,157.65,157.22,165.13025,19.038498,5.402142,0.5555555555555556,-6344.365079365234,27552.529753375602,5000.0,16208.164674010368,0,,17972.076
2022-01-28 00:00:00+00:00,157.96,165.55,165.14731,23.180252,5.3499985,0.5100671140939598,-6345.357142857298,29012.346693087984,5000.0,17666.989550230686,0,,18924.293
2022-01-31 00:00:00+00:00,164.36,167.81,165.19305,43.28216,5.7614255,0.5100671140939598,-6346.349206349361,29408.408459980936,5000.0,18062.059253631574,0,,19182.637
2022-02-01 00:00:00+00:00,168.32,168.7,165.2379,47.37474,5.7985687,0.5100671140939598,-6347.341269841425,29564.379521256484,5000.0,18217.03825141506,0,,19284.375
2022-02-02 00:00:00+00:00,170.98,170.55,165.27565,48.472374,5.61214,0.5100671140939598,-6348.333333333489,29888.59140491101,5000.0,18540.258071577522,0,,19495.854
2022-02-03 00:00:00+00:00,169.06,167.0,165.30916,47.983395,5.6185694,0.5100671140939598,-6349.325396825552,29266.459931295827,5000.0,17917.134534470275,0,,19090.047
2022-02-04 00:00:00+00:00,166.33,168.0,165.3137,48.212162,5.5699987,0.5100671140939598,-6350.317460317616,29441.70754672963,5000.0,18091.390086412015,0,,19204.357
2022-02-07 00:00:00+00:00,168.63,167.32,165.31766,48.610287,5.5114264,0.5100671140939598,-6351.309523809679,29322.540097590525,5000.0,17971.230573780846,0,,19126.627
2022-02-08 00:00:00+00:00,166.02,169.2,165.3063,53.152298,5.3314276,0.5100671140939598,-6352.301587301743,29652.003266189917,5000.0,18299.701678888174,0,,19341.53
2022-02-09 00:00:00+00:00,176.04,175.04,165.31136,54.376575,5.1664276,0.5100671140939598,-6353.293650793807,30675.453452165893,5000.0,19322.159801372087,0,,20009.11
2022-02-10 00:00:00+00:00,172.45,166.76,165.369,67.45476,5.3314276,0.5100671140939598,-6354.28571428587,29224.397207544534,5000.0,17870.111493258664,0,,19062.61
2022-02-11 00:00:00+00:00,167.63,167.41,165.38495,53.60553,5.5885696,0.5100671140939598,-6355.277777777934,29338.3111417625,5000.0,17983.033363984567,0,,19136.914
2022-02-14 00:00:00+00:00,167.93,170.18,165.4013,54.98691,5.0507126,0.5100671140939598,-6356.269841269997,29823.746657185977,5000.0,18467.47681591598,0,,19453.555
2022-02-15 00:00:00+00:00,171.57,168.94,165.43805,64.0188,4.895713,0.5100671140939598,-6357.261904762061,29606.439810203276,5000.0,18249.177905441215,0,,19311.809
2022-02-16 00:00:00+00:00,169.05,169.54,165.4631,65.29531,4.814998,0.5555555555555556,-6358.253968254125,29711.586582447915,5000.0,18353.33261419379,0,,19380.395
2022-02-17 00:00:00+00:00,169.11,170.35,165.51794,65.46962,4.739284,0.5100671140939598,-6359.246031746188,29853.5387355407,5000.0,18494.292703794512,0,,19472.988
2022-02-18 00:00:00+00:00,170.76,172.46,165.5806,57.43035,4.249284,0.5100671140939598,-6360.238095238252,30223.314279799964,5000.0,18863.076184561713,0,,19714.188
2022-02-22 00:00:00+00:00,172.28,169.36,165.65056,57.231747,4.217855,0.5100671140939598,-6361.230158730315,29680.043824164393,5000.0,18318.813665434078,0,,19359.82
2022-02-23 00:00:00+00:00,169.8,167.89,165.7167,50.960426,4.432141,0.5100671140939598,-6362.222222222379,29422.428535563326,5000.0,18060.206313340947,0,,19191.783
2022-02-24 00:00:00+00:00,165.06,170.07,165.76186,46.085926,4.4335685,0.5100671140939598,-6363.214285714443,29804.471492607892,5000.0,18441.25720689345,0,,19440.984
2022-02-25 00:00:00+00:00,171.25,176.05,165.83066,54.707157,4.5499964,0.5100671140939598,-6364.206349206506,30852.455486073748,5000.0,19488.24913686724,0,,20124.566
2022-02-28 00:00:00+00:00,173.84,176.8,165.93535,60.707645,4.7635684,0.5100671140939598,-6365.19841269857,30983.892573336117,5000.0,19618.694160637548,0,,20210.303
2022-03-01 00:00:00+00:00,178.25,179.12,166.02945,62.586296,4.778568,0.5100671140939598,-6366.1904761906335,31390.465744820893,5000.0,20024.27526863026,0,,20475.502
2022-03-02 00:00:00+00:00,179.39,180.15,166.13846,63.01837,4.710711,0.4,-6367.182539682697,31570.970292909555,5000.0,20203.787753226858,0,,20593.242
2022-03-03 00:00:00+00:00,181.68,183.44,166.25674,57.67498,4.3349967,0.5100671140939598,-6368.174603174761,32147.539076065612,5000.0,20779.36447289085,0,,20969.328
2022-03-04 00:00:00+00:00,182.43,185.33,166.3959,79.46998,3.9771411,0.4,-6369.166666666824,32478.759661746248,5000.0,21109.592995079423,0,,21185.379
2022-03-07 00:00:00+00:00,184.75,183.69,166.55466,80.33176,4.0328565,0.4,-6370.158730158888,32191.352377029772,5000.0,20821.193646870885,0,,20997.908
2022-03-08 00:00:00+00:00,182.96,177.3,166.6962,73.776855,4.107142,0.5100671140939598,-6371.1507936509515,31071.515664326736,5000.0,19700.364870675785,0,,20267.455
2022-03-09 00:00:00+00:00,179.46,177.05,166.80515,62.4553,4.383571,0.5555555555555556,-6372.142857143015,31027.702742917667,5000.0,19655.55988577465,0,,20238.877
2022-03-10 00:00:00+00:00,175.1,181.66,166.90636,61.306843,4.617858,0.5555555555555556,-6373.134920635079,31835.596240958203,5000.0,20462.461320323124,0,,20765.854
2022-03-11 00:00:00+00:00,182.26,183.42,167.03261,65.27965,4.937144,0.5100671140939598,-6374.126984127142,32144.03151146973,5000.0,20769.904527342587,0,,20967.041
2022-03-14 00:00:00+00:00,183.05,179.79,167.1672,64.94816,4.9892874,0.5100671140939598,-6375.119047619206,31507.880253071653,5000.0,20132.761205452447,0,,20552.09
2022-03-15 00:00:00+00:00,180.47,178.99,167.2883,64.022575,5.1142874,0.5555555555555556,-6376.11111111127,31367.68447990094,5000.0,19991.57336878967,0,,20460.64
2022-03-16 00:00:00+00:00,179.82,184.92,167.4125,65.19717,5.185001,0.5100671140939598,-6377.103174603333,32406.90490450543,5000.0,21029.801729902098,0,,21138.508
2022-03-17 00:00:00+00:00,185.29,184.25,167.56786,68.43804,5.1864295,0.5100671140939598,-6378.095238095397,32289.48861038189,5000.0,20911.393372286493,0,,21061.918
2022-03-18 00:00:00+00:00,185.04,185.51,167.7115,61.72769,5.057859,0.5555555555555556,-6379.08730158746,32510.30221898336,5000.0,21131.2149173959,0,,21205.953
2022-03-21 00:00:00+00:00,185.52,186.07,167.86005,62.27798,5.1721444,0.5555555555555556,-6380.079365079524,32608.4422659484,5000.0,21228.362900868877,0,,21269.967
2022-03-22 00:00:00+00:00,186.35,187.81,168.0014,60.308533,5.067858,0.5100671140939598,-6381.071428571588,32913.37207612788,5000.0,21532.300647556294,0,,21468.87
2022-03-23 00:00:00+00:00,187.81,188.14,168.15945,61.127262,4.984287,0.5100671140939598,-6382.063492063651,32971.20564093412,5000.0,21589.142148870465,0,,21506.594
2022-03-24 00:00:00+00:00,188.51,189.33,168.309,57.469803,4.8985724,0.5100671140939598,-6383.055555555715,33179.75266090481,5000.0,21796.697105349092,0,,21642.625
2022-03-25 00:00:00+00:00,190.0,193.34,168.45705,56.501953,4.8114295,0.5100671140939598,-6384.047619047778,33882.49698454741,5000.0,22498.449365499633,0,,22101.014
2022-03-28 00:00:00+00:00,192.72,194.5,168.6081,64.56384,4.778573,0.5100671140939598,-6385.039682539842,34085.78531000407,5000.0,22700.745627464225,0,,22233.615
2022-03-29 00:00:00+00:00,195.5,197.83,168.76775,80.824394,4.4471436,0.4,-6386.031746031906,34669.36252403323,5000.0,23283.330778001327,0,,22614.273
2022-03-30 00:00:00+00:00,197.59,197.26,168.94025,83.53779,4.1978574,0.4,-6387.023809523969,34569.47008750433,5000.0,23182.446277980358,0,,22549.117
2022-03-31 00:00:00+00:00,197.07,197.05,169.107,78.953224,3.8921444,0.5100671140939598,-6388.015873016033,34532.66953991867,5000.0,23144.65366690264,0,,22525.113
2022-04-01 00:00:00+00:00,197.1,200.42,169.2692,76.8413,3.7457144,0.5100671140939598,-6389.0079365080965,35123.25559458649,5000.0,23734.24765807839,0,,22910.342
2022-04-04 00:00:00+00:00,200.5,200.64,169.45535,91.04661,3.6878574,0.4,-6390.00000000016,35161.809659517756,5000.0,23771.809659517596,0,,22935.49
2022-04-05 00:00:00+00:00,200.46,203.75,169.6358,94.0937,3.6764297,0.05841807262327573,-6390.992063492224,35706.832698453196,5000.0,24315.840634960972,0,,23291.002
2022-04-06 00:00:00+00:00,202.7,203.72,169.8203,93.32721,3.6250021,0.3138669597609276,-6391.984126984287,35701.575814547956,5000.0,24309.59168756367,0,,23287.572
2022-04-07 00:00:00+00:00,203.84,203.69,170.01035,96.159325,3.5521436,0.36790655318365256,-6392.976190476351,35696.31757659967,5000.0,24303.34138612332,0,,23284.143
2022-04-08 00:00:00+00:00,203.88,200.53,170.2072,95.77041,3.5021439,0.4,-6393.9682539684145,35142.53283983511,5000.0,23748.564585866698,0,,22922.916
2022-04-11 00:00:00+00:00,200.87,198.55,170.3876,82.19055,3.6621442,0.5100671140939598,-6394.960317460478,34795.542237962734,5000.0,23400.581920502256,0,,22696.58
2022-04-12 00:00:00+00:00,199.89,200.73,170.5474,73.6564,3.7092862,0.5100671140939598,-6395.952380952542,35177.58104901972,5000.0,23781.628668067176,0,,22945.78
2022-04-13 00:00:00+00:00,200.69,200.5,170.72485,75.641556,3.8335712,0.5100671140939598,-6396.944444444605,35137.275277161905,5000.0,23740.3308327173,0,,22919.488
2022-04-14 00:00:00+00:00,201.16,200.49,170.89975,73.6753,3.8614273,0.5100671140939598,-6397.936507936669,35135.52440489968,5000.0,23737.587896963014,0,,22918.346
2022-04-18 00:00:00+00:00,200.07,200.05,171.08466,68.249146,3.8335702,0.5100671140939598,-6398.9285714287325,35058.4144714883,5000.0,23659.485900059568,0,,22868.049
2022-04-19 00:00:00+00:00,200.01,202.18,171.26234,64.70591,3.788571,0.4,-6399.920634920796,35431.69181940293,5000.0,24031.77118448213,0,,23111.531
2022-04-20 00:00:00+00:00,202.85,201.79,171.44415,62.308994,3.7057135,0.5100671140939598,-6400.91269841286,35363.344613147055,5000.0,23962.431914734196,0,,23066.95
2022-04-21 00:00:00+00:00,202.54,203.65,171.62955,62.950283,3.6942847,0.5100671140939598,-6401.904761904923,35689.30626640082,5000.0,24287.401504495894,0,,23279.568
2022-04-22 00:00:00+00:00,202.94,197.31,171.81375,67.24139,3.7057135,0.5100671140939598,-6402.896825396987,34578.23377919719,5000.0,23175.3369538002,0,,22554.834
2022-04-25 00:00:00+00:00,196.87,197.45,171.9674,42.966972,3.7921414,0.5100671140939598,-6403.888888889051,34602.76820105285,5000.0,23198.8793121638,0,,22570.836
2022-04-26 00:00:00+00:00,197.14,193.61,172.11775,42.759857,3.7457123,0.5100671140939598,-6404.880952381114,33929.81623964424,5000.0,22524.935287263128,0,,22131.88
2022-04-27 00:00:00+00:00,194.22,191.83,172.2505,27.724043,3.6528537,0.5100671140939598,-6405.873015873178,33617.875062640625,5000.0,22212.002046767448,0,,21928.408
2022-04-28 00:00:00+00:00,193.39,194.63,172.376,25.74456,3.6921408,0.5100671140939598,-6406.865079365241,34108.569091783465,5000.0,22701.704012418224,0,,22248.48
2022-04-29 00:00:00+00:00,194.22,189.58,172.5076,33.394413,3.6835697,0.5100671140939598,-6407.857142857305,33223.565075798244,5000.0,21815.70793294094,0,,21671.207
2022-05-02 00:00:00+00:00,188.97,190.36,172.6023,31.230701,3.8399975,0.5555555555555556,-6408.849206349369,33360.25976042603,5000.0,21951.41055407666,0,,21760.371
2022-05-03 00:00:00+00:00,191.23,192.33,172.69576,35.359295,3.9564264,0.5100671140939598,-6409.841269841432,33705.49831136584,5000.0,22295.657041524406,0,,21985.564
2022-05-04 00:00:00+00:00,186.24,187.96,172.80565,34.870316,4.007855,0.5100671140939598,-6410.833333333496,32939.663880802924,5000.0,21528.830547469428,0,,21486.023
2022-05-05 00:00:00+00:00,187.42,186.13,172.8773,30.344826,4.679284,0.9166666666666666,-6411.825396825559,32618.959337414453,5000.0,21207.133940588894,0,,21276.832
2022-05-06 00:00:00+00:00,184.9,184.99,172.9423,28.70699,4.8014264,0.5100671140939598,-6412.817460317623,32419.176859458912,5000.0,21006.35939914129,0,,21146.518
2022-05-09 00:00:00+00:00,183.64,177.33,172.99284,28.123177,4.826427,0.5555555555555556,-6413.809523809687,31076.77510101756,5000.0,19662.965577207873,0,,20270.889
2022-05-10 00:00:00+00:00,177.57,178.87,172.99815,18.898632,5.1949987,0.5555555555555556,-6414.80158730175,31346.654440871564,5000.0,19931.852853569813,0,,20446.928
2022-05-11 00:00:00+00:00,177.88,178.18,173.01344,22.116785,5.393569,0.5555555555555556,-6415.793650793814,31225.733059829632,5000.0,19809.93940903582,0,,20368.05
2022-05-12 00:00:00+00:00,176.24,175.87,173.02376,18.10668,5.4771414,0.5555555555555556,-6416.7857142858775,30820.90930834164,5000.0,19404.123594055764,0,,20103.99
2022-05-13 00:00:00+00:00,176.76,175.43,173.04346,20.139267,5.3578568,0.5100671140939598,-6417.777777777941,30743.80015940368,5000.0,19326.02238162574,0,,20053.693
2022-05-16 00:00:00+00:00,175.39,177.07,173.05415,19.585627,5.335714,0.5555555555555556,-6418.769841270005,31031.208934769104,5000.0,19612.4390934991,0,,20241.168
2022-05-17 00:00:00+00:00,177.47,179.79,173.06905,25.67649,5.3521433,0.5100671140939598,-6419.761904762068,31507.88152704144,5000.0,20088.119622279373,0,,20552.094
2022-05-18 00:00:00+00:00,181.83,176.47,173.09515,32.770454,5.4000006,0.5100671140939598,-6420.753968254132,30926.058997472286,5000.0,19505.305029218154,0,,20172.58
2022-05-19 00:00:00+00:00,175.85,178.12,173.09836,24.393671,5.542144,0.5555555555555556,-6421.7460317461955,31215.21586179933,5000.0,19793.469830053135,0,,20361.191
2022-05-20 00:00:00+00:00,179.79,179.12,173.121,32.12724,5.392144,0.5100671140939598,-6422.738095238259,31390.463124636197,5000.0,19967.725029397938,0,,20475.504
2022-05-23 00:00:00+00:00,179.78,182.35,173.1494,32.58982,5.331431,0.5555555555555556,-6423.730158730323,31956.516987970925,5000.0,20532.786829240602,0,,20844.73
2022-05-24 00:00:00+00:00,181.34,183.85,173.1914,35.122246,5.2542877,0.5100671140939598,-6424.722222222386,32219.38867040476,5000.0,20794.666448182375,0,,21016.197
2022-05-25 00:00:00+00:00,183.39,183.92,173.2462,43.29964,4.6585727,0.5100671140939598,-6425.71428571445,32231.656346688273,5000.0,20805.942060973823,0,,21024.2
2022-05-26 00:00:00+00:00,185.1,186.62,173.3046,46.17778,4.4471436,0.5555555555555556,-6426.706349206514,32704.825647736267,5000.0,21278.119298529753,0,,21332.838
2022-05-27 00:00:00+00:00,187.05,188.09,173.36916,52.674747,4.539286,0.5100671140939598,-6427.698412698577,32962.44130510462,5000.0,21534.742892406044,0,,21500.875
2022-05-31 00:00:00+00:00,186.67,188.12,173.43805,72.15816,4.0950003,0.4,-6428.690476190641,32967.69888138739,5000.0,21539.00840519675,0,,21504.305
2022-06-01 00:00:00+00:00,188.96,186.13,173.49306,70.31182,3.9928577,0.01882856876704467,-6429.682539682704,32618.957505507427,5000.0,21189.274965824723,0,,21276.826
2022-06-02 00:00:00+00:00,186.86,187.55,173.535,66.51437,3.952858,0.6935608669152161,-6430.674603174768,32867.80873606677,5000.0,21437.134132892003,0,,21439.148
2022-06-03 00:00:00+00:00,187.22,186.08,173.57985,75.194176,3.882857,0.5100671140939598,-6431.666666666832,32610.194414764876,5000.0,21178.527748098044,0,,21271.111
2022-06-06 00:00:00+00:00,186.86,186.38,173.64835,71.99509,3.817858,0.5100671140939598,-6432.658730158895,32662.768127741485,5000.0,21230.10939758259,0,,21305.406
2022-06-07 00:00:00+00:00,185.81,187.99,173.6988,70.3542,3.8064291,0.5100671140939598,-6433.650793650959,32944.91770092938,5000.0,21511.26690727842,0,,21489.45
2022-06-08 00:00:00+00:00,187.79,186.3,173.7531,68.84196,3.6935709,0.5100671140939598,-6434.642857143022,32648.74715557533,5000.0,21214.104298432307,0,,21296.26
2022-06-09 00:00:00+00:00,185.75,182.52,173.802,74.41631,3.3885705,0.5100671140939598,-6435.634920635086,31986.309354632198,5000.0,20550.674433997112,0,,20864.162
2022-06-10 00:00:00+00:00,181.03,180.45,173.84856,59.88322,3.355714,0.5100671140939598,-6436.62698412715,31623.543862881204,5000.0,20186.916878754055,0,,20627.537
2022-06-13 00:00:00+00:00,177.16,176.92,173.88354,52.85041,3.269285,0.5555555555555556,-6437.619047619213,31004.918253468193,5000.0,19567.29920584898,0,,20224.018
2022-06-14 00:00:00+00:00,177.56,177.11,173.8984,38.510345,3.3185709,0.5100671140939598,-6438.611111111277,31038.216186634876,5000.0,19599.6050755236,0,,20245.738
2022-06-15 00:00:00+00:00,178.47,179.27,173.9043,34.901417,3.202143,0.5100671140939598,-6439.60317460334,31416.752857461535,5000.0,19977.149682858195,0,,20492.652
2022-06-16 00:00:00+00:00,177.48,171.58,173.91905,40.475227,3.3535724,0.5100671140939598,-6440.595238095404,30069.09319332506,5000.0,18628.497955229657,0,,19613.594
2022-06-17 00:00:00+00:00,172.67,172.13,173.89505,24.421787,3.5871441,0.5100671140939598,-6441.587301587468,30165.480808048327,5000.0,18723.89350646086,0,,19676.467
2022-06-21 00:00:00+00:00,173.36,174.51,173.8692,21.980362,3.6614304,0.5100671140939598,-6442.579365079531,30582.570702162237,5000.0,19139.991337082705,0,,19948.527
2022-06-22 00:00:00+00:00,173.33,172.9,173.8606,27.927343,3.588573,0.5100671140939598,-6443.571428571595,30300.42063485885,5000.0,18856.849206287254,0,,19764.484
2022-06-23 00:00:00+00:00,174.35,177.74,173.8464,28.275852,3.5457141,0.5555555555555556,-6444.5634920636585,31148.622824630915,5000.0,19704.059332567256,0,,20317.752
2022-06-24 00:00:00+00:00,179.42,182.9,173.8701,35.518173,3.625,0.5100671140939598,-6445.555555555722,32052.903399561248,5000.0,20607.347844005526,0,,20907.6
2022-06-27 00:00:00+00:00,183.34,183.03,173.9182,45.766766,3.856428,0.5100671140939598,-6446.547619047786,32075.688045472893,5000.0,20629.140426425107,0,,20922.463
2022-06-28 00:00:00+00:00,182.56,180.4,173.9771,45.520187,3.700713,0.5100671140939598,-6447.539682539849,31614.784486071236,5000.0,20167.244803531386,0,,20621.822
2022-06-29 00:00:00+00:00,180.27,182.12,174.0339,40.11975,3.8435702,0.5100671140939598,-6448.531746031913,31916.211190382128,5000.0,20467.679444350215,0,,20818.44
2022-06-30 00:00:00+00:00,180.6,180.02,174.1023,44.562946,3.921427,0.5100671140939598,-6449.5238095239765,31548.191214014452,5000.0,20098.667404490476,0,,20578.385
2022-07-01 00:00:00+00:00,179.71,184.27,174.16685,46.599567,3.9257126,0.9166666666666666,-6450.51587301604,32292.994986512327,5000.0,20842.479113496287,0,,21064.207
2022-07-05 00:00:00+00:00,181.97,183.78,174.23865,54.90499,4.134999,0.5100671140939598,-6451.507936508104,32207.123326677152,5000.0,20755.61539016905,0,,21008.195
2022-07-06 00:00:00+00:00,185.4,186.25,174.3035,59.554317,4.0899987,0.5555555555555556,-6452.500000000167,32639.987480684536,5000.0,21187.48748068437,0,,21290.545
2022-07-07 00:00:00+00:00,186.09,186.01,174.39095,61.969616,4.2149987,0.5100671140939598,-6453.492063492231,32597.927827322208,5000.0,21144.435763829977,0,,21263.111
2022-07-08 00:00:00+00:00,185.79,185.57,174.47395,59.293972,4.055713,0.5100671140939598,-6454.484126984295,32520.82035217095,5000.0,21066.336225186657,0,,21212.814
2022-07-11 00:00:00+00:00,184.96,186.66,174.56265,74.11239,3.611426,0.5100671140939598,-6455.476190476358,32711.841124772618,5000.0,21256.36493429626,0,,21337.414
2022-07-12 00:00:00+00:00,187.12,184.41,174.65215,74.58546,3.709997,0.5100671140939598,-6456.468253968422,32317.531737196863,5000.0,20861.06348322844,0,,21080.213
2022-07-13 00:00:00+00:00,181.77,185.14,174.72235,66.8253,3.9142838,0.5555555555555556,-6457.460317460485,32445.463364994597,5000.0,20988.003047534112,0,,21163.662
2022-07-14 00:00:00+00:00,183.82,186.0,174.79115,71.4436,4.0064273,0.5100671140939598,-6458.452380952549,32596.176084611532,5000.0,21137.723703658983,0,,21261.969
2022-07-15 00:00:00+00:00,186.8,189.98,174.8681,66.81596,3.9528558,0.5100671140939598,-6459.444444444613,33293.663488342354,5000.0,21834.21904389774,0,,21716.928
2022-07-18 00:00:00+00:00,192.48,190.93,174.99095,65.14116,3.8499997,0.5100671140939598,-6460.436507936676,33460.14752268339,5000.0,21999.711014746717,0,,21825.523
2022-07-19 00:00:00+00:00,192.5,194.45,175.1148,66.32231,4.0078573,0.5100671140939598,-6461.42857142874,34077.02128705831,5000.0,22615.592715629573,0,,22227.9
2022-07-20 00:00:00+00:00,195.0,194.83,175.26675,77.99923,3.9550018,0.5100671140939598,-6462.420634920803,34143.61452993708,5000.0,22681.193895016273,0,,22271.338
2022-07-21 00:00:00+00:00,195.25,198.69,175.41585,76.75793,3.9464307,0.5100671140939598,-6463.412698412867,34820.0714773135,5000.0,23356.65877890063,0,,22712.578
2022-07-22 00:00:00+00:00,199.5,199.69,175.5935,86.5935,3.9392874,0.37207571554152663,-6464.404761904931,34995.32146131229,5000.0,23530.91669940736,0,,22826.89
2022-07-25 00:00:00+00:00,199.39,197.38,175.7779,84.63612,3.6621432,0.4,-6465.396825396994,34590.499409593634,5000.0,23125.10258419664,0,,22562.832
2022-07-26 00:00:00+00:00,198.04,200.73,175.94885,78.23923,3.674286,0.5100671140939598,-6466.388888889058,35177.57986000227,5000.0,23711.19097111321,0,,22945.775
2022-07-27 00:00:00+00:00,200.69,202.76,176.12904,79.00643,3.6607144,0.3602797922357146,-6467.3809523811215,35533.33494921651,5000.0,24065.953996835386,0,,23177.828
2022-07-28 00:00:00+00:00,202.76,206.31,176.31255,81.30845,3.7514288,0.5100671140939598,-6468.373015873185,36155.46634900612,5000.0,24687.093333132936,0,,23583.637
2022-07-29 00:00:00+00:00,206.02,207.77,176.52,84.72874,3.9285724,0.5100671140939598,-6469.365079365249,36411.3291935141,5000.0,24941.964114148854,0,,23750.531
2022-08-01 00:00:00+00:00,206.99,207.52,176.7399,84.91565,3.8528583,0.5100671140939598,-6470.357142857312,36367.517663494495,5000.0,24897.160520637182,0,,23721.955
2022-08-02 00:00:00+00:00,207.22,205.59,176.95331,90.93164,3.5935724,0.4,-6471.349206349376,36029.286979028984,5000.0,24557.93777267961,0,,23501.332
2022-08-03 00:00:00+00:00,206.42,208.09,177.14136,84.74345,3.6007156,0.5100671140939598,-6472.3412698414395,36467.40966599562,5000.0,24995.06839615418,0,,23787.111
2022-08-04 00:00:00+00:00,208.57,208.34,177.3315,85.548744,3.5992877,0.5100671140939598,-6473.333333333503,36511.22129178787,5000.0,25037.88795845437,0,,23815.69
2022-08-05 00:00:00+00:00,206.91,211.07,177.51794,83.57716,3.5364304,0.5100671140939598,-6474.325396825567,36989.64988871535,5000.0,25515.324491889784,0,,24127.76
2022-08-08 00:00:00+00:00,212.08,210.93,177.71855,84.58104,3.5628586,0.5100671140939598,-6475.31746031763,36965.11317096602,5000.0,25489.79571064839,0,,24111.756
2022-08-09 00:00:00+00:00,211.36,209.25,177.9178,82.01238,3.5264282,0.5100671140939598,-6476.309523809694,36670.69821871945,5000.0,25194.388694909758,0,,23919.713
2022-08-10 00:00:00+00:00,211.71,209.16,178.10284,76.66418,3.6185706,0.5100671140939598,-6477.3015873017575,36654.92589044125,5000.0,25177.62430313949,0,,23909.426
2022-08-11 00:00:00+00:00,209.99,206.89,178.27745,72.49676,3.6292844,0.5100671140939598,-6478.293650793821,36257.11243819844,5000.0,24778.81878740462,0,,23649.938
2022-08-12 00:00:00+00:00,208.54,208.88,178.44165,64.66991,3.7707138,0.5100671140939598,-6479.285714285885,36605.856548222524,5000.0,25126.57083393664,0,,23877.418
2022-08-15 00:00:00+00:00,208.19,210.47,178.6158,73.74068,3.6978574,0.5100671140939598,-6480.277777777948,36884.49996129299,5000.0,25404.22218351504,0,,24059.172
2022-08-16 00:00:00+00:00,209.09,210.84,178.84465,71.68297,3.6907153,0.5100671140939598,-6481.269841270012,36949.34215214625,5000.0,25468.07231087624,0,,24101.467
2022-08-17 00:00:00+00:00,200.0,197.3,179.0796,69.42305,3.653572,0.5100671140939598,-6482.261904762076,34576.481412265,5000.0,23094.219507502923,0,,22553.688
2022-08-18 00:00:00+00:00,196.27,203.47,179.2337,35.368645,4.6992865,0.5100671140939598,-6483.253968254139,35657.76311822616,5000.0,24174.509149972022,0,,23258.988
2022-08-19 00:00:00+00:00,202.78,204.27,179.4209,43.94366,5.0428576,0.5100671140939598,-6484.246031746203,35797.96091304091,5000.0,24313.714881294705,0,,23350.438
2022-08-22 00:00:00+00:00,203.22,202.77,179.64575,45.492374,5.13643,0.5100671140939598,-6485.238095238266,35535.08815831654,5000.0,24049.850063078273,0,,23178.969
2022-08-23 00:00:00+00:00,202.75,200.93,179.86395,46.04156,5.02143,0.5100671140939598,-6486.23015873033,35212.62891200973,5000.0,23726.398753279398,0,,22968.633
2022-08-24 00:00:00+00:00,200.7,200.59,180.07535,39.759727,4.8907156,0.5100671140939598,-6487.222222222394,35153.04505005176,5000.0,23665.822827829368,0,,22929.77
2022-08-25 00:00:00+00:00,201.92,200.18,180.28654,38.94437,4.7578583,0.5100671140939598,-6488.214285714457,35081.1935449596,5000.0,23592.97925924514,0,,22882.9
2022-08-26 00:00:00+00:00,200.33,197.47,180.48195,33.36387,4.7371445,0.5555555555555556,-6489.206349206521,34606.272606641076,5000.0,23117.066257434555,0,,22573.115
2022-08-29 00:00:00+00:00,196.5,195.86,180.6741,30.934849,4.7378592,0.5555555555555556,-6490.198412698584,34324.12280234431,5000.0,22833.924389645726,0,,22389.074
2022-08-30 00:00:00+00:00,195.89,194.27,180.8446,30.99631,4.65286,0.5555555555555556,-6491.190476190648,34045.47842669619,5000.0,22554.28795050554,0,,22207.316
2022-08-31 00:00:00+00:00,195.0,192.2,181.0199,29.730465,4.6042895,0.5555555555555556,-6492.182539682712,33682.71418759795,5000.0,22190.53164791524,0,,21970.691
2022-09-01 00:00:00+00:00,190.98,194.82,181.1922,29.893234,4.627861,0.5100671140939598,-6493.174603174775,34141.86689208313,5000.0,22648.692288908358,0,,22270.191
2022-09-02 00:00:00+00:00,195.89,191.19,181.3813,31.081814,4.7657175,0.5100671140939598,-6494.166666666839,33505.7154581345,5000.0,22011.548791467663,0,,21855.24
2022-09-06 00:00:00+00:00,191.32,194.41,181.54906,25.408173,4.855717,0.5,-6495.1587301589025,34070.01497957182,5000.0,22574.856249412915,0,,22223.322
2022-09-07 00:00:00+00:00,195.23,196.78,181.7521,30.46375,4.896431,0.47619047619047616,-6496.150793650966,34485.35229678296,5000.0,22989.201503131997,0,,22494.24
2022-09-08 00:00:00+00:00,195.67,197.39,181.977,49.158024,3.8728595,0.5,-6497.14285714303,34592.25407370776,5000.0,23095.11121656473,0,,22563.97
2022-09-09 00:00:00+00:00,198.2,200.22,182.1979,37.993687,3.5471454,0.5,-6498.134920635093,35088.20539399078,5000.0,23590.070473355685,0,,22887.47
2022-09-12 00:00:00+00:00,201.27,200.17,182.4331,42.595978,3.5664291,0.43564132123674965,-6499.126984127157,35079.44234411404,5000.0,23580.315359986882,0,,22881.756
2022-09-13 00:00:00+00:00,197.68,194.1,182.66875,44.980686,3.5442865,0.5,-6500.1190476192205,34015.68768483208,5000.0,22515.568637212862,0,,22187.887
2022-09-14 00:00:00+00:00,194.69,193.3,182.8752,38.665806,3.8628573,0.42263487212745743,-6501.111111111284,33875.488572671966,5000.0,22374.37746156068,0,,22096.436
2022-09-15 00:00:00+00:00,193.05,192.86,183.086,38.08436,4.0028567,0.4452118717670161,-6502.103174603348,33798.37977028772,5000.0,22296.276595684372,0,,22046.139
2022-09-16 00:00:00+00:00,192.0,191.56,183.28876,38.047047,3.9078565,0.5,-6503.095238095411,33570.55740870866,5000.0,22067.462170613246,0,,21897.535
2022-09-19 00:00:00+00:00,190.82,193.29,183.4884,39.883602,3.8299997,0.42105263157894735,-6504.087301587475,33873.73503819962,5000.0,22369.647736612147,0,,22095.295
2022-09-20 00:00:00+00:00,192.51,189.56,183.71506,45.61881,3.8907132,0.5,-6505.079365079539,33220.05931305175,5000.0,21714.979947972213,0,,21668.91
2022-09-21 00:00:00+00:00,190.41,188.26,183.9021,42.516674,4.0221415,0.5430463576158939,-6506.071428571602,32992.23643800257,5000.0,21486.165009430966,0,,21520.305
2022-09-22 00:00:00+00:00,187.13,186.76,184.0733,43.58306,4.019284,0.5303030303030303,-6507.063492063666,32729.363849482135,5000.0,21222.30035741847,0,,21348.836
2022-09-23 00:00:00+00:00,185.56,184.98,184.21265,36.375908,3.8149981,0.5303030303030303,-6508.055555555729,32417.421542270753,5000.0,20909.365986715024,0,,21145.361
2022-09-26 00:00:00+00:00,184.92,183.42,184.3507,38.802727,3.6935687,0.5384615384615384,-6509.047619047793,32144.0343402956,5000.0,20634.986721247806,0,,20967.035
2022-09-27 00:00:00+00:00,184.75,182.76,184.4862,28.922115,3.6207123,0.5430463576158939,-6510.039682539857,32028.369419898576,5000.0,20518.32973735872,0,,20891.59
2022-09-28 00:00:00+00:00,183.53,184.75,184.6172,21.223309,3.603569,0.5,-6511.03174603192,32377.112770739805,5000.0,20866.081024707884,0,,21119.07
2022-09-29 00:00:00+00:00,184.0,183.04,184.7497,25.446781,3.6092834,0.56,-6512.023809523984,32077.437763055746,5000.0,20565.413953531763,0,,20923.598
2022-09-30 00:00:00+00:00,183.12,182.27,184.8523,15.109666,3.5142844,0.56,-6513.015873016047,31942.498971806624,5000.0,20429.483098790577,0,,20835.578
2022-10-03 00:00:00+00:00,182.95,186.75,184.9519,14.680354,3.652141,0.56,-6514.007936508111,32727.611384438613,5000.0,21213.6034479305,0,,21347.695
2022-10-04 00:00:00+00:00,188.13,188.58,185.08604,34.526302,3.5399976,0.5430463576158939,-6515.000000000175,33048.31716911989,5000.0,21533.317169119713,0,,21556.885
2022-10-05 00:00:00+00:00,187.95,188.06,185.20345,40.47619,3.5142844,0.5,-6515.992063492238,32957.18677554357,5000.0,21441.19471205133,0,,21497.443
2022-10-06 00:00:00+00:00,187.29,186.02,185.32256,40.345932,3.5135705,0.5430463576158939,-6516.984126984302,32599.6814340343,5000.0,21082.69730705,0,,21264.248
2022-10-07 00:00:00+00:00,185.18,185.66,185.4377,39.179695,3.5035706,0.56,-6517.976190476365,32536.59116587052,5000.0,21018.614975394154,0,,21223.094
2022-10-10 00:00:00+00:00,186.0,185.43,185.5409,34.255074,3.4149997,0.55,-6518.968253968429,32496.282151110106,5000.0,20977.313897141677,0,,21196.8
2022-10-11 00:00:00+00:00,185.02,183.99,185.6389,40.038586,3.2771432,0.5430463576158939,-6519.960317460493,32243.92737327691,5000.0,20723.967055816418,0,,21032.195
2022-10-12 00:00:00+00:00,183.98,181.39,185.7317,39.770027,3.2314289,0.56,-6520.952380952556,31788.280439158723,5000.0,20267.328058206167,0,,20734.984
2022-10-13 00:00:00+00:00,178.87,185.23,185.8109,37.7788,3.2964282,0.5430463576158939,-6521.94444444462,32461.23139619331,5000.0,20939.28695174869,0,,21173.94
2022-10-14 00:00:00+00:00,187.43,183.43,185.90015,50.520184,3.798572,0.5430463576158939,-6522.9365079366835,32145.784729673764,5000.0,20622.84822173708,0,,20968.18
2022-10-17 00:00:00+00:00,185.49,186.8,185.9781,50.02059,3.9842856,0.5430463576158939,-6523.928571428747,32736.372811174668,5000.0,21212.44423974592,0,,21353.412
2022-10-18 00:00:00+00:00,189.41,188.95,186.0735,57.48704,3.942858,0.5430463576158939,-6524.920634920811,33113.15723058238,5000.0,21588.23659566157,0,,21599.184
2022-10-19 00:00:00+00:00,187.7,187.11,186.1833,57.73765,3.9264286,0.5430463576158939,-6525.912698412874,32790.70037666449,5000.0,21264.787678251618,0,,21388.85
2022-10-20 00:00:00+00:00,187.69,185.46,186.26135,57.46243,3.99,0.56,-6526.904761904938,32501.5412129137,5000.0,20974.636451008762,0,,21200.236
2022-10-21 00:00:00+00:00,185.27,187.32,186.31535,55.66608,3.9742856,0.55,-6527.8968253970015,32827.50168957948,5000.0,21299.604864182482,0,,21412.857
2022-10-24 00:00:00+00:00,188.39,189.14,186.38734,51.11635,3.8435724,0.55,-6528.888888889065,33146.45089667151,5000.0,21617.562007782442,0,,21620.902
2022-10-25 00:00:00+00:00,191.99,192.67,186.48505,51.097176,3.8428574,0.55,-6529.880952381129,33765.07657954796,5000.0,22235.19562716683,0,,22024.422
2022-10-26 00:00:00+00:00,193.09,193.25,186.59966,58.07922,3.924286,0.56,-6530.873015873192,33866.722702344894,5000.0,22335.8496864717,0,,22090.723
2022-10-27 00:00:00+00:00,193.46,196.34,186.7181,63.354263,3.99,0.56,-6531.865079365256,34408.24012487652,5000.0,22876.375045511268,0,,22443.947
2022-10-28 00:00:00+00:00,197.34,201.73,186.8511,67.91946,4.183571,0.5430463576158939,-6532.85714285732,35352.82716406556,5000.0,23819.97002120824,0,,23060.086
2022-10-31 00:00:00+00:00,200.6,199.06,187.0002,73.31238,4.403571,0.5303030303030303,-6533.849206349383,34884.914487974565,5000.0,23351.065281625182,0,,22754.875
2022-11-01 00:00:00+00:00,199.65,201.24,187.1545,70.82066,4.3964276,0.5430463576158939,-6534.841269841447,35266.957292237355,5000.0,23732.11602239591,0,,23004.074
2022-11-02 00:00:00+00:00,199.76,190.64,187.316,77.746735,4.3828573,0.5430463576158939,-6535.83333333351,33409.324661379396,5000.0,21873.491328045886,0,,21792.37
2022-11-03 00:00:00+00:00,188.98,179.62,187.44235,56.36022,4.415,0.5430463576158939,-6536.825396825574,31478.08863458558,5000.0,19941.263237760006,0,,20532.654
2022-11-04 00:00:00+00:00,180.99,180.46,187.50835,46.318844,4.8514285,0.5430463576158939,-6537.817460317638,31625.29844783884,5000.0,20087.4809875212,0,,20628.676
2022-11-07 00:00:00+00:00,181.24,181.85,187.59525,43.559532,4.9171414,0.42105263157894735,-6538.809523809701,31868.895124892846,5000.0,20330.085601083145,0,,20787.57
2022-11-08 00:00:00+00:00,182.39,180.94,187.6858,42.67438,4.86357,0.42105263157894735,-6539.801587301765,31709.417833838983,5000.0,20169.616246537218,0,,20683.547
2022-11-09 00:00:00+00:00,169.3,172.52,187.7744,43.509365,4.979998,0.42105263157894735,-6540.793650793828,30233.827156046784,5000.0,18693.033505252955,0,,19721.041
2022-11-10 00:00:00+00:00,177.65,175.75,187.84274,38.084717,5.6571417,0.5,-6541.785714285892,30799.877414205577,5000.0,19258.091699919685,0,,20090.268
2022-11-11 00:00:00+00:00,175.28,174.49,187.9374,39.608402,6.043569,0.5,-6542.777777777956,30579.065495506988,5000.0,19036.287717729032,0,,19946.236
2022-11-14 00:00:00+00:00,175.26,177.43,188.02374,36.708412,6.2049985,0.5303030303030303,-6543.769841270019,31094.293423327068,5000.0,19550.52358205705,0,,20282.31
2022-11-15 00:00:00+00:00,178.79,181.2,188.08315,36.02347,6.4099984,0.5,-6544.761904762083,31754.98073399575,5000.0,20210.21882923367,0,,20713.268
2022-11-16 00:00:00+00:00,182.08,180.64,188.1501,39.559868,6.5064273,0.5,-6545.7539682541465,31656.84193962977,5000.0,20111.087971375622,0,,20649.252
2022-11-17 00:00:00+00:00,179.04,183.1,188.2098,35.773834,6.384999,0.5,-6546.74603174621,32087.952120186474,5000.0,20541.206088440264,0,,20930.457
2022-11-18 00:00:00+00:00,185.06,186.96,188.27255,32.172264,6.246427,0.5,-6547.738095238274,32764.40877625982,5000.0,21216.670681021547,0,,21371.7
2022-11-21 00:00:00+00:00,187.65,188.81,188.37234,38.678905,6.327142,0.42105263157894735,-6548.730158730337,33088.61542829103,5000.0,21539.88526956069,0,,21583.174
2022-11-22 00:00:00+00:00,189.02,188.94,188.4764,38.297867,6.3964276,0.43841820994469355,-6549.722222222401,33111.39868896,5000.0,21561.676466737597,0,,21598.033
2022-11-23 00:00:00+00:00,189.34,190.06,188.5845,48.00657,5.9049997,0.5430463576158939,-6550.7142857144645,33307.67647559721,5000.0,21756.962189882746,0,,21726.062
2022-11-25 00:00:00+00:00,190.31,191.42,188.6888,65.94381,5.2835717,0.5430463576158939,-6551.706349206528,33546.014777747485,5000.0,21994.308428540957,0,,21881.525
2022-11-28 00:00:00+00:00,190.07,188.8,188.7707,66.47624,5.066429,0.5303030303030303,-6552.698412698592,33086.86598539459,5000.0,21534.167572695995,0,,21582.031
2022-11-29 00:00:00+00:00,188.71,185.9,188.8809,60.075386,5.1814303,0.5430463576158939,-6553.690476190655,32578.643909803013,5000.0,21024.953433612358,0,,21250.527
2022-11-30 00:00:00+00:00,185.33,189.35,188.97334,56.798237,5.2364306,0.5303030303030303,-6554.682539682719,33183.25086071003,5000.0,21628.568321027313,0,,21644.902
2022-12-01 00:00:00+00:00,189.75,190.73,189.0692,76.70582,4.6485724,0.5,-6555.6746031747825,33425.08970031493,5000.0,21869.415097140147,0,,21802.65
2022-12-02 00:00:00+00:00,188.5,191.6,189.17815,75.25287,4.2635727,0.5303030303030303,-6556.666666666846,33577.5557152119,5000.0,22020.889048545054,0,,21902.102
2022-12-05 00:00:00+00:00,190.73,188.93,189.28845,79.227875,4.1800013,0.5303030303030303,-6557.65873015891,33109.641478666716,5000.0,21551.982748507806,0,,21596.887
2022-12-06 00:00:00+00:00,188.5,183.49,189.38135,69.82757,3.9178586,0.5430463576158939,-6558.650793650973,32156.2926402044,5000.0,20597.641846553426,0,,20975.031
2022-12-07 00:00:00+00:00,183.96,184.78,189.4365,53.733303,4.027143,0.5303030303030303,-6559.642857143037,32382.363206197715,5000.0,20822.720349054678,0,,21122.494
2022-12-08 00:00:00+00:00,184.69,184.92,189.5136,56.592354,3.9942856,0.5,-6560.634920635101,32406.89913641863,5000.0,20846.26421578353,0,,21138.498
2022-12-09 00:00:00+00:00,184.41,181.54,189.59875,53.129284,3.8585706,0.5303030303030303,-6561.626984127164,31814.559950437073,5000.0,20252.93296630991,0,,20752.125
2022-12-12 00:00:00+00:00,182.03,182.89,189.6561,40.524452,3.7907138,0.5,-6562.619047619228,32051.14557516387,5000.0,20488.526527544644,0,,20906.445
2022-12-13 00:00:00+00:00,187.06,183.08,189.69029,39.4662,3.6785703,0.5430463576158939,-6563.611111111291,32084.443797430016,5000.0,20520.832686318725,0,,20928.166
2022-12-14 00:00:00+00:00,183.42,180.59,189.7217,39.595177,3.8478546,0.5,-6564.603174603355,31648.074588728086,5000.0,20083.47141412473,0,,20643.53
2022-12-15 00:00:00+00:00,179.36,177.93,189.72905,33.965473,4.084283,0.5303030303030303,-6565.595238095419,31181.914279868353,5000.0,19616.319041772935,0,,20339.46
2022-12-16 00:00:00+00:00,176.47,177.55,189.71796,28.121973,4.2657113,0.42105263157894735,-6566.587301587482,31115.321110378987,5000.0,19548.733808791505,0,,20296.023
2022-12-19 00:00:00+00:00,174.7,175.37,189.6885,30.325308,4.2228537,0.5,-6567.579365079546,30733.27914512489,5000.0,19165.699780045343,0,,20046.822
2022-12-20 00:00:00+00:00,174.68,176.47,189.6387,31.108738,4.101425,0.5303030303030303,-6568.571428571609,30926.051646686414,5000.0,19357.480218114804,0,,20172.564
2022-12-21 00:00:00+00:00,176.73,178.29,189.6026,24.7649,3.9428537,0.5,-6569.563492063673,31245.00044393161,5000.0,19675.436951867938,0,,20380.61
2022-12-22 00:00:00+00:00,177.1,176.67,189.60754,26.040077,3.9064255,0.5430463576158939,-6570.555555555737,30961.098656968014,5000.0,19390.543101412277,0,,20195.424
2022-12-23 00:00:00+00:00,176.64,177.34,189.60565,22.051659,3.9157104,0.5,-6571.5476190478,31078.515686298044,5000.0,19506.968067250244,0,,20272.014
2022-12-27 00:00:00+00:00,177.67,178.9,189.58405,26.547956,3.8064249,0.5303030303030303,-6572.539682539864,31351.903813329765,5000.0,19779.3641307899,0,,20450.342
2022-12-28 00:00:00+00:00,179.08,176.64,189.56145,38.982212,3.573569,0.5,-6573.5317460319275,30955.843751993918,5000.0,19382.31200596199,0,,20191.998
2022-12-29 00:00:00+00:00,177.42,177.49,189.5457,31.330278,3.6271405,0.5430463576158939,-6574.523809523991,31104.807029898515,5000.0,19530.283220374524,0,,20289.166
2022-12-30 00:00:00+00:00,176.52,175.56,189.5382,33.496246,3.622855,0.5430463576158939,-6575.515873016055,30766.576040579876,5000.0,19191.06016756382,0,,20068.543
2023-01-03 00:00:00+00:00,176.83,176.1,189.4914,35.802486,3.6207123,0.55,-6576.507936508118,30861.212714694946,5000.0,19284.704778186828,0,,20130.271
2023-01-04 00:00:00+00:00,177.49,177.19,189.45065,33.234596,3.6935697,0.5430463576158939,-6577.500000000182,31052.230805726544,5000.0,19474.73080572636,0,,20254.87
2023-01-05 00:00:00+00:00,176.68,173.78,189.40904,36.075657,3.4464276,0.5430463576158939,-6578.4920634922455,30454.633440726906,5000.0,18876.14137723466,0,,19865.066
2023-01-06 00:00:00+00:00,175.41,178.3,189.3476,34.571827,3.287142,0.5430463576158939,-6579.484126984309,31246.755936679976,5000.0,19667.271809695667,0,,20381.754
2023-01-09 00:00:00+00:00,177.75,178.2,189.30005,50.77311,3.3707144,0.5,-6580.476190476373,31229.230265355,5000.0,19648.754074878627,0,,20370.32
2023-01-10 00:00:00+00:00,177.46,178.37,189.25035,51.37419,3.3114285,0.5430463576158939,-6581.468253968436,31259.023948623264,5000.0,19677.555694654828,0,,20389.754
2023-01-11 00:00:00+00:00,180.32,181.1,189.19556,56.931602,3.1678565,0.5430463576158939,-6582.4603174605,31737.452084109358,5000.0,20154.991766648858,0,,20701.826
2023-01-12 00:00:00+00:00,180.71,181.59,189.13435,59.948433,3.182857,0.5303030303030303,-6583.4523809525635,31823.320110425637,5000.0,20239.867729473073,0,,20757.834
2023-01-13 00:00:00+00:00,181.32,181.76,189.0698,57.52051,3.1842859,0.5430463576158939,-6584.444444444627,31853.111529076643,5000.0,20268.667084632016,0,,20777.268
2023-01-17 00:00:00+00:00,182.24,181.79,188.98946,62.420673,3.1107156,0.5430463576158939,-6585.436507936691,31858.37063278822,5000.0,20272.93412485153,0,,20780.7
2023-01-18 00:00:00+00:00,182.07,180.05,188.9121,61.20905,3.155716,0.5430463576158939,-6586.428571428754,31553.44037064256,5000.0,19967.011799213804,0,,20581.799
2023-01-19 00:00:00+00:00,179.31,176.84,188.8271,52.870716,3.1528583,0.5430463576158939,-6587.420634920818,30990.89285961908,5000.0,19403.472224698264,0,,20214.857
2023-01-20 00:00:00+00:00,177.7,178.86,188.7092,50.476635,3.1228583,0.55,-6588.412698412882,31344.89418435634,5000.0,19756.48148594346,0,,20445.766
2023-01-23 00:00:00+00:00,178.86,180.46,188.6003,53.092537,3.1585727,0.5430463576158939,-6589.404761904945,31625.292577568693,5000.0,20035.887815663747,0,,20628.666
2023-01-24 00:00:00+00:00,180.78,178.43,188.48386,61.22824,3.1521442,0.5430463576158939,-6590.396825397009,31269.53570808141,5000.0,19679.1388826844,0,,20396.611
2023-01-25 00:00:00+00:00,177.53,178.92,188.3574,54.99782,3.2621448,0.55,-6591.388888889072,31355.40887012535,5000.0,19764.019981236277,0,,20452.625
2023-01-26 00:00:00+00:00,179.46,181.31,188.23355,53.80888,3.415002,0.5430463576158939,-6592.380952381136,31774.25058802813,5000.0,20181.869635646995,0,,20725.83
2023-01-27 00:00:00+00:00,180.84,180.51,188.13745,67.3582,3.4485736,0.5430463576158939,-6593.3730158732,31634.05137689084,5000.0,20040.67836101764,0,,20634.379
2023-01-30 00:00:00+00:00,180.01,179.08,188.04726,56.1491,3.1792886,0.5430463576158939,-6594.365079365263,31383.44850568743,5000.0,19789.083426322166,0,,20470.914
2023-01-31 00:00:00+00:00,179.19,180.09,187.939,52.279804,3.1350021,0.5303030303030303,-6595.357142857327,31560.44835265281,5000.0,19965.091209795482,0,,20586.37
2023-02-01 00:00:00+00:00,179.38,181.16,187.83694,54.270107,3.1414316,0.5430463576158939,-6596.34920634939,31747.965078472465,5000.0,20151.615872123075,0,,20708.682
2023-02-02 00:00:00+00:00,181.48,182.47,187.7403,50.16233,3.1792874,0.5430463576158939,-6597.341269841454,31977.53830608008,5000.0,20380.197036238627,0,,20858.428
2023-02-03 00:00:00+00:00,180.66,180.7,187.6524,52.279804,3.212859,0.5430463576158939,-6598.333333333518,31667.34855132301,5000.0,20069.015217989494,0,,20656.098
2023-02-06 00:00:00+00:00,179.78,177.69,187.545,47.464123,3.3128586,0.5430463576158939,-6599.325396825581,31139.852477904424,5000.0,19540.527081078842,0,,20312.021
2023-02-07 00:00:00+00:00,176.58,181.46,187.4245,41.415436,3.3885727,0.5430463576158939,-6600.317460317645,31800.538947478988,5000.0,20200.221487161343,0,,20742.977
2023-02-08 00:00:00+00:00,167.0,164.54,187.31355,52.720963,3.5835724,0.5303030303030303,-6601.3095238097085,28835.3365614689,5000.0,17234.02703765919,0,,18808.822
2023-02-09 00:00:00+00:00,165.44,167.55,187.1497,34.47755,4.620002,0.5430463576158939,-6602.301587301772,29362.835789316156,5000.0,17760.534202014383,0,,19152.902
2023-02-10 00:00:00+00:00,167.28,170.41,187.0002,36.07488,4.8392878,0.5,-6603.293650793836,29864.047010137558,5000.0,18260.753359343722,0,,19479.834
2023-02-13 00:00:00+00:00,171.11,170.54,186.8842,37.998573,4.858574,0.5,-6604.285714285899,29886.827909759744,5000.0,18282.542195473845,0,,19494.693
2023-02-14 00:00:00+00:00,169.75,166.56,186.77776,40.130104,4.6600027,0.42105263157894735,-6605.277777777963,29189.340996568226,5000.0,17584.063218790263,0,,19039.734
2023-02-15 00:00:00+00:00,165.63,168.43,186.6374,35.78003,4.6207166,0.5,-6606.2698412700265,29517.053548526404,5000.0,17910.783707256378,0,,19253.494
2023-02-16 00:00:00+00:00,166.76,165.16,186.53165,35.002323,4.5464315,0.5,-6607.26190476209,28943.993410543255,5000.0,17336.731505781165,0,,18879.697
2023-02-17 00:00:00+00:00,164.62,169.0,186.40565,33.098442,4.6657157,0.5,-6608.253968254154,29616.944238477845,5000.0,18008.69027022369,0,,19318.652
2023-02-21 00:00:00+00:00,168.12,166.58,186.289,39.460472,4.882859,0.47619047619047616,-6609.246031746217,29192.843248317116,5000.0,17583.5972165709,0,,19042.018
2023-02-22 00:00:00+00:00,167.0,166.13,186.1821,36.278698,4.914288,0.42105263157894735,-6610.238095238281,29113.981651631453,5000.0,17503.743556393172,0,,18990.578
2023-02-23 00:00:00+00:00,165.67,166.56,186.08209,34.540215,4.809289,0.5,-6611.230158730345,29189.33655790675,5000.0,17578.106399176406,0,,19039.73
2023-02-24 00:00:00+00:00,164.91,165.26,185.98994,33.333324,4.6935754,0.5,-6612.222222222408,28961.514083372735,5000.0,17349.291861150326,0,,18891.125
2023-02-27 00:00:00+00:00,166.29,165.75,185.9296,33.66482,4.63786,0.5303030303030303,-6613.214285714472,29047.387656174767,5000.0,17434.173370460296,0,,18947.139
2023-02-28 00:00:00+00:00,165.36,164.24,185.864,36.65623,4.5285745,0.5,-6614.206349206535,28782.763249828382,5000.0,17168.556900621847,0,,18774.53
2023-03-01 00:00:00+00:00,163.5,163.94,185.7943,29.731628,4.273575,0.5303030303030303,-6615.198412698599,28730.189105239016,5000.0,17114.990692540418,0,,18740.236
2023-03-02 00:00:00+00:00,163.19,165.85,185.73465,48.839924,3.1507175,0.5430463576158939,-6616.190476190663,29064.915387814424,5000.0,17448.72491162376,0,,18958.572
2023-03-03 00:00:00+00:00,165.99,166.06,185.68675,46.567043,2.9435751,0.5303030303030303,-6617.182539682726,29101.715112671514,5000.0,17484.532572988788,0,,18982.576
2023-03-06 00:00:00+00:00,166.48,164.71,185.6317,40.16279,2.7957175,0.5430463576158939,-6618.17460317479,28865.131639827607,5000.0,17246.957036652817,0,,18828.256
2023-03-07 00:00:00+00:00,164.33,163.65,185.5563,37.505363,2.8535745,0.5430463576158939,-6619.166666666853,28679.36625459233,5000.0,17060.199587925475,0,,18707.084
2023-03-08 00:00:00+00:00,163.26,164.27,185.4922,42.871124,2.7157178,0.5430463576158939,-6620.158730158917,28788.02062715774,5000.0,17167.861896998824,0,,18777.959
2023-03-09 00:00:00+00:00,164.8,162.81,185.42294,39.144073,2.6492887,0.5430463576158939,-6621.150793650981,28532.15766873977,5000.0,16911.006875088788,0,,18611.062
2023-03-10 00:00:00+00:00,162.25,158.08,185.3414,43.22765,2.5921466,0.5303030303030303,-6622.142857143044,27703.23407603723,5000.0,16081.091218894187,0,,18070.37
2023-03-13 00:00:00+00:00,155.87,141.27,185.22005,20.065804,2.6328616,0.5303030303030303,-6623.134920635108,24757.31204094718,5000.0,13134.177120312073,0,,16148.793
2023-03-14 00:00:00+00:00,144.44,141.79,185.00716,11.2166815,3.791433,0.5430463576158939,-6624.126984127171,24848.43937982013,5000.0,13224.31239569296,0,,16208.233
2023-03-15 00:00:00+00:00,142.49,145.46,184.7965,12.782853,4.170005,0.5430463576158939,-6625.119047619235,25491.602375251892,5000.0,13866.483327632657,0,,16627.758
2023-03-16 00:00:00+00:00,144.76,148.11,184.5907,20.645548,4.5214334,0.42105263157894735,-6626.111111111299,25956.00941887528,5000.0,14329.898307763982,0,,16930.684
2023-03-17 00:00:00+00:00,148.77,146.46,184.3908,27.004572,4.737148,0.5,-6627.103174603362,25666.85047948835,5000.0,14039.747304884986,0,,16742.07
2023-03-20 00:00:00+00:00,146.83,152.01,184.1825,24.915482,4.8964334,0.42105263157894735,-6628.095238095426,26639.476501638837,5000.0,15011.381263543411,0,,17376.498
2023-03-21 00:00:00+00:00,153.24,152.17,184.0119,35.608364,5.188575,0.42105263157894735,-6629.0873015874895,26667.517694827202,5000.0,15038.430393239712,0,,17394.79
2023-03-22 00:00:00+00:00,151.27,147.56,183.835,36.10389,5.2814307,0.47619047619047616,-6630.079365079553,25859.623273238023,5000.0,14229.54390815847,0,,16867.812
2023-03-23 00:00:00+00:00,147.51,146.68,183.6424,29.700317,5.4114294,0.5303030303030303,-6631.071428571617,25705.40467421775,5000.0,14074.333245646132,0,,16767.217
2023-03-24 00:00:00+00:00,145.58,147.24,183.4439,28.805769,5.5135727,0.5055134135913021,-6632.06349206368,25803.54574786205,5000.0,14171.482255798368,0,,16831.232
2023-03-27 00:00:00+00:00,148.47,149.43,183.24014,30.558655,5.5542874,0.5,-6633.055555555744,26187.337981259414,5000.0,14554.28242570367,0,,17081.574
2023-03-28 00:00:00+00:00,149.06,149.72,183.0558,34.56361,5.5857153,0.42105263157894735,-6634.0476190478075,26238.16046126264,5000.0,14604.112842214832,0,,17114.725
2023-03-29 00:00:00+00:00,150.33,148.52,182.8918,34.0914,5.539287,0.5,-6635.039682539871,26027.863773128858,5000.0,14392.824090588987,0,,16977.553
2023-03-30 00:00:00+00:00,149.29,147.98,182.73215,34.286346,5.571429,0.5303030303030303,-6636.031746031935,25933.227945705246,5000.0,14297.196199673312,0,,16915.822
2023-03-31 00:00:00+00:00,148.88,150.72,182.58745,37.766464,5.366428,0.5303030303030303,-6637.023809523998,26413.409246040024,5000.0,14776.385436516026,0,,17229.037
2023-04-03 00:00:00+00:00,150.18,150.59,182.4555,67.36493,4.2535706,0.5303030303030303,-6638.015873016062,26390.62665534086,5000.0,14752.610782324798,0,,17214.176
2023-04-04 00:00:00+00:00,150.57,148.81,182.3121,66.40566,3.8699994,0.5430463576158939,-6639.007936508126,26078.685819543432,5000.0,14439.677883035307,0,,17010.703
2023-04-05 00:00:00+00:00,148.66,147.17,182.19824,56.718792,3.6071417,0.5430463576158939,-6640.000000000189,25791.278370616154,5000.0,14151.278370615964,0,,16823.232
2023-04-06 00:00:00+00:00,147.17,148.61,182.07346,48.035114,3.3278558,0.5303030303030303,-6640.992063492253,26043.635178489618,5000.0,14402.643114997365,0,,16987.84
2023-04-10 00:00:00+00:00,148.82,148.72,181.94395,54.533936,3.2028558,0.5,-6641.984126984316,26062.911908409915,5000.0,14420.927781425598,0,,17000.414
2023-04-11 00:00:00+00:00,149.23,153.39,181.82304,40.996204,2.8771427,0.5430463576158939,-6642.97619047638,26881.320613946038,5000.0,15238.344423469658,0,,17534.248
2023-04-12 00:00:00+00:00,154.31,151.61,181.7013,52.677788,2.9928577,0.5430463576158939,-6643.968253968444,26569.378256505497,5000.0,14925.410002537054,0,,17330.773
2023-04-13 00:00:00+00:00,151.62,158.31,181.54485,60.150368,2.9864295,0.5430463576158939,-6644.960317460507,27743.54056713268,5000.0,16098.580249672174,0,,18096.662
2023-04-14 00:00:00+00:00,158.06,153.96,181.42125,72.56499,3.278572,0.55,-6645.952380952571,26981.212391951078,5000.0,15335.260010998507,0,,17599.408
2023-04-17 00:00:00+00:00,153.92,156.99,181.28905,61.366714,3.51,0.5430463576158939,-6646.944444444634,27512.212926843113,5000.0,15865.268482398478,0,,17945.77
2023-04-18 00:00:00+00:00,156.67,154.58,181.1634,62.434227,3.577143,0.5,-6647.936507936698,27089.86481713681,5000.0,15441.928309200113,0,,17670.28
2023-04-19 00:00:00+00:00,154.51,153.99,181.0362,57.472324,3.7535717,0.5430463576158939,-6648.928571428762,26986.468670030798,5000.0,15337.540098602036,0,,17602.836
2023-04-20 00:00:00+00:00,153.26,155.94,180.8848,58.57098,3.674287,0.5430463576158939,-6649.920634920825,27328.201722873735,5000.0,15678.28108795291,0,,17825.742
2023-04-21 00:00:00+00:00,156.58,157.18,180.7456,61.94479,3.702145,0.5303030303030303,-6650.912698412889,27545.5083806318,5000.0,15894.595682218911,0,,17967.488
2023-04-24 00:00:00+00:00,157.64,158.51,180.60025,60.15084,3.6514304,0.5,-6651.9047619049525,27778.587305092882,5000.0,16126.68254318793,0,,18119.521
2023-04-25 00:00:00+00:00,157.89,155.93,180.46275,61.992737,3.742145,0.5,-6652.896825397016,27326.446407167652,5000.0,15673.549581770636,0,,17824.598
2023-04-26 00:00:00+00:00,154.81,154.77,180.31454,60.526318,3.7742877,0.5430463576158939,-6653.88888888908,27123.161242144695,5000.0,15469.272353255616,0,,17691.998
2023-04-27 00:00:00+00:00,155.91,159.67,180.1551,61.39774,3.7450027,0.5430463576158939,-6654.880952381143,27981.876229066394,5000.0,16326.995276685251,0,,18252.125
2023-04-28 00:00:00+00:00,159.67,163.34,180.0314,65.02719,3.9585736,0.5303030303030303,-6655.873015873207,28625.035801858747,5000.0,16969.16278598554,0,,18671.646
2023-05-01 00:00:00+00:00,162.5,163.13,179.9224,68.11201,4.1635733,0.5430463576158939,-6656.8650793652705,28588.23509563846,5000.0,16931.37001627319,0,,18647.643
2023-05-02 00:00:00+00:00,162.06,159.96,179.80804,63.565487,4.0450015,0.55,-6657.857142857334,28032.69805098724,5000.0,16374.840908129907,0,,18285.275
2023-05-03 00:00:00+00:00,161.39,157.97,179.65794,61.196056,4.087859,0.5430463576158939,-6658.849206349398,27683.95385501909,5000.0,16025.10464866969,0,,18057.795
2023-05-04 00:00:00+00:00,157.62,148.1,179.49315,49.478214,4.3250012,0.5430463576158939,-6659.841269841461,25954.25456970258,5000.0,14294.41329986112,0,,16929.541
2023-05-05 00:00:00+00:00,149.88,152.93,179.2614,42.309704,4.60643,0.5303030303030303,-6660.833333333525,26800.70168663427,5000.0,15139.868353300746,0,,17481.664
2023-05-08 00:00:00+00:00,153.01,154.2,179.0519,44.91226,4.730716,0.5,-6661.8253968255885,27023.267490352362,5000.0,15361.442093526774,0,,17626.842
2023-05-09 00:00:00+00:00,152.93,152.22,178.82945,49.509796,4.7435727,0.42105263157894735,-6662.817460317652,26676.276580439528,5000.0,15013.459120121875,0,,17400.504
2023-05-10 00:00:00+00:00,153.28,153.3,178.5921,47.795757,4.799286,0.5,-6663.809523809716,26865.544210210523,5000.0,15201.734686400807,0,,17523.96
2023-05-11 00:00:00+00:00,153.0,154.98,178.3717,46.639507,4.7928567,0.47619047619047616,-6664.801587301779,27159.96129099969,5000.0,15495.159703697911,0,,17716.004
2023-05-12 00:00:00+00:00,155.76,155.81,178.14294,47.230614,4.817857,0.49255493008897766,-6665.793650793843,27305.419085780355,5000.0,15639.625434986512,0,,17810.885
2023-05-15 00:00:00+00:00,156.73,154.75,177.9082,46.55788,4.779285,0.42105263157894735,-6666.785714285907,27119.656088891432,5000.0,15452.870374605525,0,,17689.715
2023-05-16 00:00:00+00:00,153.81,147.89,177.6504,48.43502,4.721428,0.5,-6667.77777777797,25917.453025878895,5000.0,14249.675248100924,0,,16905.537
2023-05-17 00:00:00+00:00,147.93,148.24,177.351,42.07372,5.0399985,0.5430463576158939,-6668.769841270034,25978.790877751668,5000.0,14310.021036481634,0,,16945.547
2023-05-18 00:00:00+00:00,147.6,150.7,177.0546,35.289574,4.835714,0.5,-6669.761904762097,26409.899777217262,5000.0,14740.137872455165,0,,17226.752
2023-05-19 00:00:00+00:00,151.33,148.8,176.78015,33.20934,4.863571,0.42105263157894735,-6670.753968254161,26076.92870260774,5000.0,14406.174734353579,0,,17009.56
2023-05-22 00:00:00+00:00,149.27,150.78,176.4837,31.78234,4.817143,0.5,-6671.746031746225,26423.91820737927,5000.0,14752.172175633044,0,,17235.895
2023-05-23 00:00:00+00:00,150.33,148.89,176.19589,37.96537,4.664286,0.42105263157894735,-6672.738095238288,26092.69975164182,5000.0,14419.961656403531,0,,17019.846
2023-05-24 00:00:00+00:00,148.7,146.17,175.885,38.06518,4.2378573,0.5,-6673.730158730352,25616.02459824453,5000.0,13942.294439514179,0,,16708.918
2023-05-25 00:00:00+00:00,145.51,148.31,175.5612,46.875996,3.7557144,0.5430463576158939,-6674.722222222415,25991.054737808114,5000.0,14316.332515585698,0,,16953.545
2023-05-26 00:00:00+00:00,147.93,148.56,175.2565,41.808514,3.5828586,0.5,-6675.714285714479,26034.865762711484,5000.0,14359.151476997005,0,,16982.121
2023-05-30 00:00:00+00:00,148.39,148.56,174.9535,39.624718,3.405716,0.5303030303030303,-6676.706349206543,26034.865762711484,5000.0,14358.159413504942,0,,16982.121
2023-05-31 00:00:00+00:00,148.83,152.89,174.66185,42.738083,3.386431,0.5303030303030303,-6677.698412698606,26793.689230115306,5000.0,15115.9908174167,0,,17477.09
2023-06-01 00:00:00+00:00,152.65,151.17,174.3819,49.27943,3.5935733,0.5,-6678.69047619067,26492.2629092841,5000.0,14813.572433093432,0,,17280.475
2023-06-02 00:00:00+00:00,152.02,152.74,174.0854,43.313446,3.5757163,0.5430463576158939,-6679.6825396827335,26767.404974473302,5000.0,15087.722434790569,0,,17459.945
2023-06-05 00:00:00+00:00,151.92,155.23,173.7949,44.748558,3.5742886,0.5303030303030303,-6680.674603174797,27203.77012171456,5000.0,15523.095518539762,0,,17744.578
2023-06-06 00:00:00+00:00,154.53,155.4,173.58455,50.782772,3.676432,0.5303030303030303,-6681.666666666861,27233.56303087281,5000.0,15551.89636420595,0,,17764.012
2023-06-07 00:00:00+00:00,155.43,156.21,173.3442,65.66541,3.292147,0.55,-6682.658730158924,27375.515967942334,5000.0,15692.85723778341,0,,17856.605
2023-06-08 00:00:00+00:00,156.21,155.96,173.1039,66.31192,3.2557178,0.56,-6683.650793650988,27331.704610698125,5000.0,15648.053817047137,0,,17828.027
2023-06-09 00:00:00+00:00,155.96,157.89,172.86984,61.836205,3.031432,0.5430463576158939,-6684.6428571430515,27669.931118865792,5000.0,15985.28826172274,0,,18048.648
2023-06-12 00:00:00+00:00,158.44,159.11,172.65465,70.426956,2.9978595,0.5387537618947479,-6685.634920635115,27883.73412351956,5000.0,16198.099202884445,0,,18188.107
2023-06-13 00:00:00+00:00,158.88,158.6,172.44725,69.3811,2.8835733,0.5430463576158939,-6686.626984127179,27794.3584078927,5000.0,16107.731423765523,0,,18129.81
2023-06-14 00:00:00+00:00,159.88,160.89,172.23935,74.142235,2.6828592,0.5430463576158939,-6687.619047619242,28195.674154763026,5000.0,16508.055107143784,0,,18391.582
2023-06-15 00:00:00+00:00,160.57,165.37,172.05644,87.39839,2.7492871,0.42105263157894735,-6688.611111111306,28980.78676944449,5000.0,17292.175658333184,0,,18903.697
2023-06-16 00:00:00+00:00,165.46,163.54,171.904,88.737526,2.8614285,0.5303030303030303,-6689.60317460337,28660.083089522774,5000.0,16970.479914919404,0,,18694.508
2023-06-20 00:00:00+00:00,162.43,163.76,171.75035,81.73729,2.9242847,0.5430463576158939,-6690.595238095433,28698.63883532294,5000.0,17008.043597227508,0,,18719.658
2023-06-21 00:00:00+00:00,162.89,164.27,171.60815,81.90597,2.9678562,0.5430463576158939,-6691.587301587497,28788.016231378737,5000.0,17096.42892979124,0,,18777.957
2023-06-22 00:00:00+00:00,163.88,162.26,171.4554,78.45001,2.74,0.5430463576158939,-6692.57936507956,28435.766090468896,5000.0,16743.186725389336,0,,18548.19
2023-06-23 00:00:00+00:00,161.45,162.8,171.31075,77.32871,2.7371433,0.5430463576158939,-6693.571428571624,28530.402735513428,5000.0,16836.831306941804,0,,18609.92
2023-06-26 00:00:00+00:00,162.8,163.68,171.1527,76.11629,2.7849994,0.56,-6694.563492063688,28684.618315885808,5000.0,16990.05482382212,0,,18710.512
2023-06-27 00:00:00+00:00,164.06,164.66,170.9872,73.93765,2.689284,0.55,-6695.555555555751,28856.36476530074,5000.0,17160.809209744988,0,,18822.54
2023-06-28 00:00:00+00:00,164.58,164.25,170.82355,75.08125,2.7599978,0.5430463576158939,-6696.547619047815,28784.51287771281,5000.0,17087.965258664994,0,,18775.67
2023-06-29 00:00:00+00:00,164.55,166.48,170.6437,72.2591,2.7721405,0.5430463576158939,-6697.539682539878,29175.316328792604,5000.0,17477.776646252725,0,,19030.586
2023-06-30 00:00:00+00:00,166.88,167.33,170.47525,76.24747,2.883569,0.5303030303030303,-6698.531746031942,29324.27772958308,5000.0,17625.745983551136,0,,19127.75
2023-07-03 00:00:00+00:00,167.32,168.24,170.3414,74.89449,2.8399985,0.5430463576158939,-6699.523809524006,29483.752764061217,5000.0,17784.22895453721,0,,19231.773
2023-07-05 00:00:00+00:00,166.87,166.58,170.2161,74.477196,2.903571,0.5430463576158939,-6700.515873016069,29192.83972170604,5000.0,17492.32384868997,0,,19042.016
2023-07-06 00:00:00+00:00,165.5,163.46,170.0847,70.151474,2.9814289,0.5430463576158939,-6701.507936508133,28646.066978753268,5000.0,16944.559042245135,0,,18685.365
2023-07-07 00:00:00+00:00,162.68,163.01,169.9442,56.2288,2.8900006,0.5430463576158939,-6702.500000000196,28567.20380254962,5000.0,16864.703802549422,0,,18633.924
2023-07-10 00:00:00+00:00,162.87,163.22,169.7928,42.891586,2.6492865,0.5430463576158939,-6703.49206349226,28604.006782435452,5000.0,16900.514718943192,0,,18657.93
2023-07-11 00:00:00+00:00,163.4,164.83,169.6611,48.93194,2.625716,0.5430463576158939,-6704.484126984324,28886.155923414815,5000.0,17181.67179643049,0,,18841.97
2023-07-12 00:00:00+00:00,164.9,165.28,169.54395,53.268185,2.5521448,0.5430463576158939,-6705.476190476387,28965.01547398651,5000.0,17259.539283510123,0,,18893.41
2023-07-13 00:00:00+00:00,165.88,166.45,169.43655,53.096233,2.5457165,0.55,-6706.468253968451,29170.055517445006,5000.0,17463.587263476555,0,,19027.154
2023-07-14 00:00:00+00:00,166.84,166.75,169.3439,63.54232,2.5250015,0.5303030303030303,-6707.4603174605145,29222.62944501061,5000.0,17515.169127550096,0,,19061.447
2023-07-17 00:00:00+00:00,166.49,168.32,169.26054,62.967793,2.347859,0.55,-6708.452380952578,29497.771842751194,5000.0,17789.319461798616,0,,19240.918
2023-07-18 00:00:00+00:00,168.48,170.07,169.18835,64.57287,2.3057163,0.56,-6709.444444444642,29804.455403511874,5000.0,18095.010959067233,0,,19440.963
2023-07-19 00:00:00+00:00,170.34,172.76,169.11494,66.20729,2.3114307,0.56,-6710.436507936705,30275.87029759785,5000.0,18565.433789661143,0,,19748.46
2023-07-20 00:00:00+00:00,172.44,171.93,169.06355,72.43012,2.3871448,0.56,-6711.428571428769,30130.41373022293,5000.0,18418.98515879416,0,,19653.582
2023-07-21 00:00:00+00:00,172.79,171.61,169.01186,65.50936,2.2742877,0.56,-6712.4206349208325,30074.33635905919,5000.0,18361.91572413836,0,,19617.004
2023-07-24 00:00:00+00:00,171.77,173.29,168.93616,62.558674,2.3207147,0.56,-6713.412698412896,30368.751663260115,5000.0,18655.33896484722,0,,19809.045
2023-07-25 00:00:00+00:00,173.14,173.42,168.8597,64.1774,2.3242853,0.56,-6714.40476190496,30391.533816653966,5000.0,18677.129054749006,0,,19823.906
2023-07-26 00:00:00+00:00,173.0,170.87,168.7865,71.00736,2.267142,0.5430463576158939,-6715.396825397023,29944.6497909352,5000.0,18229.252965538177,0,,19532.41
2023-07-27 00:00:00+00:00,171.72,169.5,168.71075,73.58366,2.2842853,0.55,-6716.388888889087,29704.560224747493,5000.0,17988.171335858406,0,,19375.805
2023-07-28 00:00:00+00:00,171.65,168.22,168.62994,69.512955,2.452143,0.5430463576158939,-6717.380952381151,29480.242956752947,5000.0,17762.862004371797,0,,19229.486
2023-07-31 00:00:00+00:00,167.74,167.57,168.5439,64.124306,2.6349988,0.56,-6718.373015873214,29366.333340883753,5000.0,17647.96032501054,0,,19155.184
2023-08-01 00:00:00+00:00,167.43,171.63,168.4618,58.184017,2.6671414,0.56,-6719.365079365278,30077.84118817712,5000.0,18358.476108811843,0,,19619.29
2023-08-02 00:00:00+00:00,170.9,169.85,168.413,65.602,2.816427,0.56,-6720.357142857341,29765.89942806021,5000.0,18045.542285202868,0,,19415.814
2023-08-03 00:00:00+00:00,169.28,171.16,168.3361,58.110718,2.8328564,0.47619047619047616,-6721.349206349405,29995.475530209227,5000.0,18274.126323859822,0,,19565.562
2023-08-04 00:00:00+00:00,170.82,169.04,168.27475,60.036434,2.9749985,0.5430463576158939,-6722.341269841469,29623.947274713493,5000.0,17901.606004872025,0,,19323.22
2023-08-07 00:00:00+00:00,169.97,172.0,168.18594,51.59855,3.0564258,0.5430463576158939,-6723.333333333532,30142.681922366915,5000.0,18419.348589033383,0,,19661.584
2023-08-08 00:00:00+00:00,170.04,170.52,168.1012,54.06657,3.122855,0.5430463576158939,-6724.325396825596,29883.314823101056,5000.0,18158.98942627546,0,,19492.402
2023-08-09 00:00:00+00:00,171.31,171.9,168.01825,45.02666,3.1164267,0.5430463576158939,-6725.317460317659,30125.15691140828,5000.0,18399.839451090622,0,,19650.152
2023-08-10 00:00:00+00:00,172.12,171.81,167.95045,49.934982,3.1671414,0.5430463576158939,-6726.309523809723,30109.38436736344,5000.0,18383.074843553717,0,,19639.865
2023-08-11 00:00:00+00:00,171.64,171.7,167.8729,50.43782,3.1878574,0.55,-6727.301587301787,30090.106138670777,5000.0,18362.80455136899,0,,19627.29
2023-08-14 00:00:00+00:00,171.76,171.96,167.7857,46.26235,3.0921435,0.5430463576158939,-6728.29365079385,30135.672055957595,5000.0,18407.378405163745,0,,19657.012
2023-08-15 00:00:00+00:00,171.19,168.31,167.68214,46.588802,3.0264282,0.5430463576158939,-6729.285714285914,29496.01441268763,5000.0,17766.728698401716,0,,19239.773
2023-08-16 00:00:00+00:00,152.99,156.47,167.55745,44.311115,3.0685709,0.5430463576158939,-6730.2777777779775,27421.07729880148,5000.0,15690.799521023502,0,,17886.326
2023-08-17 00:00:00+00:00,156.2,154.84,167.3581,30.239614,4.087142,0.47619047619047616,-6731.269841270041,27135.422553471817,5000.0,15404.152712201776,0,,17699.998
2023-08-18 00:00:00+00:00,153.53,155.03,167.12366,29.921967,4.2200003,0.42105263157894735,-6732.261904762105,27168.721527481026,5000.0,15436.459622718921,0,,17721.719
2023-08-21 00:00:00+00:00,154.96,155.13,166.9035,30.919046,4.3871427,0.42105263157894735,-6733.253968254168,27186.24647943792,5000.0,15452.992511183751,0,,17733.15
2023-08-22 00:00:00+00:00,154.64,156.62,166.67294,21.453312,4.257142,0.42105263157894735,-6734.246031746232,27447.365256843514,5000.0,15713.119225097282,0,,17903.473
2023-08-23 00:00:00+00:00,156.79,156.53,166.50285,26.878708,4.2849994,0.42105263157894735,-6735.2380952382955,27431.594308846183,5000.0,15696.356213607887,0,,17893.188
2023-08-24 00:00:00+00:00,156.54,157.88,166.3874,23.293179,4.194286,0.5303030303030303,-6736.230158730359,27668.179566502327,5000.0,15931.949407771968,0,,18047.508
2023-08-25 00:00:00+00:00,158.66,158.37,166.2745,29.038347,4.128573,0.42105263157894735,-6737.222222222423,27754.050911904793,5000.0,16016.82868968237,0,,18103.521
2023-08-28 00:00:00+00:00,158.9,158.68,166.1571,21.780521,4.151429,0.5,-6738.214285714486,27808.377150056996,5000.0,16070.16286434251,0,,18138.957
2023-08-29 00:00:00+00:00,158.84,157.51,166.0458,24.238438,4.093572,0.47619047619047616,-6739.20634920655,27603.336725771427,5000.0,15864.130376564877,0,,18005.213
2023-08-30 00:00:00+00:00,158.08,159.75,165.97075,18.401413,4.0928583,0.5,-6740.1984126986135,27995.892351373954,5000.0,16255.69393867534,0,,18261.271
2023-08-31 00:00:00+00:00,159.35,156.78,165.89075,25.802586,4.0714297,0.42105263157894735,-6741.190476190677,27475.40440136015,5000.0,15734.213925169472,0,,17921.766
2023-09-01 00:00:00+00:00,157.56,158.08,165.8022,23.146166,4.242144,0.5303030303030303,-6742.182539682741,27703.226073793216,5000.0,15961.043534110475,0,,18070.37
2023-09-05 00:00:00+00:00,158.31,156.11,165.70544,25.919498,4.3642874,0.42105263157894735,-6743.174603174804,27357.98626736272,5000.0,15614.811664187917,0,,17845.174
2023-09-06 00:00:00+00:00,155.75,153.7,165.58,27.523954,4.258573,0.5,-6744.166666666868,26935.63801392234,5000.0,15191.471347255472,0,,17569.682
2023-09-07 00:00:00+00:00,153.06,150.98,165.4453,42.17955,3.175716,0.55,-6745.158730158932,26458.963473089847,5000.0,14713.804742930915,0,,17258.756
2023-09-08 00:00:00+00:00,150.55,151.4,165.2847,39.734043,2.9942868,0.5303030303030303,-6746.150793650995,26532.568816384948,5000.0,14786.418022733953,0,,17306.766
2023-09-11 00:00:00+00:00,152.28,151.38,165.1069,40.462414,2.7942865,0.5303030303030303,-6747.142857143059,26529.065872873445,5000.0,14781.923015730386,0,,17304.48
2023-09-12 00:00:00+00:00,151.37,153.0,164.91975,40.10553,2.7814298,0.42105263157894735,-6748.134920635122,26812.967656396257,5000.0,15064.832735761134,0,,17489.666
2023-09-13 00:00:00+00:00,153.47,151.48,164.74005,40.513634,2.7771432,0.5430463576158939,-6749.126984127186,26546.58983798482,5000.0,14797.462853857633,0,,17315.912
2023-09-14 00:00:00+00:00,152.16,152.75,164.54715,37.688923,2.8342862,0.5430463576158939,-6750.11904761925,26769.156164043383,5000.0,15019.037116424133,0,,17461.09
2023-09-15 00:00:00+00:00,152.75,154.49,164.3538,37.444916,2.8435712,0.5384615384615384,-6751.111111111313,27074.08798186242,5000.0,15322.976870751107,0,,17659.99
2023-09-18 00:00:00+00:00,155.16,155.19,164.18225,41.05169,2.7271423,0.5303030303030303,-6752.103174603377,27196.76137536258,5000.0,15444.658200759204,0,,17740.01
2023-09-19 00:00:00+00:00,154.26,152.69,164.0287,42.093365,2.7314289,0.5430463576158939,-6753.09523809544,26758.64092080338,5000.0,15005.54568270794,0,,17454.23
2023-09-20 00:00:00+00:00,153.12,152.88,163.8454,39.700874,2.7664282,0.5430463576158939,-6754.087301587504,26791.940063232287,5000.0,15037.852761644783,0,,17475.95
2023-09-21 00:00:00+00:00,152.22,148.61,163.65614,33.911022,2.7421417,0.5303030303030303,-6755.079365079568,26043.62942850419,5000.0,14288.550063424624,0,,16987.838
2023-09-22 00:00:00+00:00,148.46,147.89,163.4412,31.964691,2.7857132,0.5430463576158939,-6756.071428571631,25917.450545519878,5000.0,14161.379116948247,0,,16905.535
2023-09-25 00:00:00+00:00,147.38,147.74,163.236,26.914366,2.6849988,0.5430463576158939,-6757.063492063695,25891.164221347706,5000.0,14134.100729284011,0,,16888.389
2023-09-26 00:00:00+00:00,147.04,147.54,163.05725,29.333345,2.5878558,0.5430463576158939,-6758.0555555557585,25856.112755540777,5000.0,14098.057199985018,0,,16865.525
2023-09-27 00:00:00+00:00,150.6,148.44,162.87105,32.926826,2.6078568,0.5430463576158939,-6759.047619047822,26013.83655736985,5000.0,14254.788938322028,0,,16968.406
2023-09-28 00:00:00+00:00,148.68,151.67,162.68864,42.17019,2.5314288,0.55,-6760.039682539886,26579.8879962172,5000.0,14819.848313677314,0,,17337.633
2023-09-29 00:00:00+00:00,152.18,151.14,162.5393,50.709415,2.6314294,0.5430463576158939,-6761.031746031949,26487.00613229209,5000.0,14725.974386260139,0,,17277.047
2023-10-02 00:00:00+00:00,150.59,149.87,162.38055,49.38586,2.5921423,0.56,-6762.023809524013,26264.44047083157,5000.0,14502.416661307558,0,,17131.871
2023-10-03 00:00:00+00:00,149.28,146.64,162.2145,41.84471,2.5792859,0.56,-6763.0158730160765,25698.3901252722,5000.0,13935.374252256122,0,,16762.645
2023-10-04 00:00:00+00:00,146.53,147.5,162.04475,38.421074,2.662142,0.5430463576158939,-6764.00793650814,25849.10448681979,5000.0,14085.09655031165,0,,16860.953
2023-10-05 00:00:00+00:00,147.56,148.58,161.8926,37.188885,2.6321433,0.56,-6765.000000000204,26038.373516412,5000.0,14273.373516411797,0,,16984.41
2023-10-06 00:00:00+00:00,148.25,148.97,161.74776,35.09834,2.6892865,0.5430463576158939,-6765.992063492267,26106.72084489104,5000.0,14340.728781398771,0,,17028.992
2023-10-09 00:00:00+00:00,147.98,147.8,161.61575,34.067635,2.7842853,0.5430463576158939,-6766.984126984331,25901.68061142389,5000.0,14134.696484439559,0,,16895.248
2023-10-10 00:00:00+00:00,148.23,148.82,161.4724,36.558563,2.7371423,0.5430463576158939,-6767.976190476395,26080.43495230578,5000.0,14312.458761829384,0,,17011.846
2023-10-11 00:00:00+00:00,148.88,147.18,161.32504,39.32704,2.7342856,0.5303030303030303,-6768.968253968458,25793.025326237486,5000.0,14024.057072269028,0,,16824.375
2023-10-12 00:00:00+00:00,144.16,144.46,161.1776,45.63757,2.6128573,0.56,-6769.960317460522,25316.353232696983,5000.0,13546.392915236462,0,,16513.45
2023-10-13 00:00:00+00:00,143.96,145.43,161.0132,40.674305,2.8978577,0.56,-6770.952380952585,25486.341973640043,5000.0,13715.389592687457,0,,16624.33
2023-10-16 00:00:00+00:00,146.61,147.9,160.84586,43.987476,2.9549997,0.5,-6771.944444444649,25919.204684594042,5000.0,14147.260240149393,0,,16906.68
2023-10-17 00:00:00+00:00,147.16,149.03,160.70215,50.83799,2.9278564,0.5430463576158939,-6772.936507936713,26117.23678558684,5000.0,14344.300277650127,0,,17035.854
2023-10-18 00:00:00+00:00,148.67,147.08,160.55984,51.358814,2.9335709,0.5430463576158939,-6773.928571428776,25775.503438952786,5000.0,14001.57486752401,0,,16812.945
2023-10-19 00:00:00+00:00,146.45,145.61,160.41745,38.766525,2.8592856,0.5303030303030303,-6774.92063492084,25517.888457292716,5000.0,13742.967822371877,0,,16644.906
2023-10-20 00:00:00+00:00,146.02,143.12,160.265,37.061302,2.8821433,0.5430463576158939,-6775.912698412903,25081.519474470486,5000.0,13305.606776057582,0,,16360.2705
2023-10-23 00:00:00+00:00,143.03,143.1,160.09465,35.059757,2.932858,0.56,-6776.904761904967,25078.016747907946,5000.0,13301.11198600298,0,,16357.985
2023-10-24 00:00:00+00:00,143.68,143.56,159.94125,40.866886,2.828573,0.5303030303030303,-6777.896825397031,25158.62949338459,5000.0,13380.732667987559,0,,16410.568
2023-10-25 00:00:00+00:00,142.94,141.96,159.76755,39.620636,2.8842862,0.5,-6778.888888889094,24878.233676987456,5000.0,13099.344788098362,0,,16227.67
2023-10-26 00:00:00+00:00,141.61,140.33,159.58635,33.025627,2.8600006,0.5430463576158939,-6779.880952381158,24592.578823460655,5000.0,12812.697871079497,0,,16041.342
2023-10-27 00:00:00+00:00,140.09,138.1,159.39615,29.170662,2.8442862,0.5430463576158939,-6780.873015873221,24201.776305631403,5000.0,12420.903289758182,0,,15786.428
2023-10-30 00:00:00+00:00,138.93,139.79,159.18115,27.752272,2.9514291,0.5430463576158939,-6781.865079365285,24497.94383982237,5000.0,12716.078760457083,0,,15979.613
2023-10-31 00:00:00+00:00,140.38,140.99,158.97215,29.906471,3.0457153,0.5430463576158939,-6782.857142857349,24708.243502632868,5000.0,12925.386359775519,0,,16116.788
2023-11-01 00:00:00+00:00,141.55,140.35,158.7683,35.950974,3.0278583,0.5430463576158939,-6783.849206349412,24596.08510278691,5000.0,12812.235896437498,0,,16043.63
2023-11-02 00:00:00+00:00,141.42,141.93,158.5611,39.69923,2.8214297,0.55,-6784.841269841476,24872.976250481697,5000.0,13088.134980640221,0,,16224.241
2023-11-03 00:00:00+00:00,143.57,144.85,158.3705,41.48831,2.924287,0.5430463576158939,-6785.8333333335395,25384.703313328493,5000.0,13598.869979994954,0,,16558.031
2023-11-06 00:00:00+00:00,144.6,145.36,158.21056,42.741573,2.992859,0.5384615384615384,-6786.825396825603,25474.078953763612,5000.0,13687.253556938009,0,,16616.33
2023-11-07 00:00:00+00:00,145.36,143.43,158.04305,41.00048,2.9214292,0.5430463576158939,-6787.817460317667,25135.84912590764,5000.0,13348.031665589973,0,,16395.709
2023-11-08 00:00:00+00:00,156.91,149.94,157.8579,41.040714,2.933572,0.56,-6788.80952380973,26276.71762324897,5000.0,14487.908099439239,0,,17139.879
2023-11-09 00:00:00+00:00,151.29,149.21,157.71545,58.520275,3.7928586,0.5,-6789.801587301794,26148.787663225532,5000.0,14358.986075923738,0,,17056.432
2023-11-10 00:00:00+00:00,150.0,147.99,157.5669,62.8753,3.8642862,0.56,-6790.7936507938575,25934.985072540745,5000.0,14144.191421746887,0,,16916.97
2023-11-13 00:00:00+00:00,147.11,150.32,157.4003,59.839035,3.9085715,0.5430463576158939,-6791.785714285921,26343.31399713535,5000.0,14551.528282849427,0,,17183.318
2023-11-14 00:00:00+00:00,151.99,153.14,157.24934,62.64972,3.9964294,0.5,-6792.777777777985,26837.513669325202,5000.0,15044.735891547218,0,,17505.676
2023-11-15 00:00:00+00:00,153.37,153.84,157.11964,70.00714,4.0542865,0.42105263157894735,-6793.769841270048,26960.18689760534,5000.0,15166.417056335293,0,,17585.695
2023-11-16 00:00:00+00:00,154.43,153.41,156.9884,75.009254,3.9771435,0.5303030303030303,-6794.761904762112,26884.83208044203,5000.0,15090.070175679917,0,,17536.543
2023-11-17 00:00:00+00:00,154.46,152.3,156.84966,80.36494,3.8792865,0.5430463576158939,-6795.753968254176,26690.306150996465,5000.0,14894.552182742289,0,,17409.656
2023-11-20 00:00:00+00:00,152.27,153.67,156.6988,75.395874,3.8878577,0.5430463576158939,-6796.746031746239,26930.396498745227,5000.0,15133.650466998988,0,,17566.264
2023-11-21 00:00:00+00:00,153.39,152.92,156.56364,75.564514,3.9071438,0.5,-6797.738095238303,26798.959813629725,5000.0,15001.221718391422,0,,17480.53
2023-11-22 00:00:00+00:00,153.2,153.09,156.4398,75.23083,3.8785717,0.5430463576158939,-6798.730158730366,26828.750250882495,5000.0,15030.020092152128,0,,17499.96
2023-11-24 00:00:00+00:00,153.74,153.8,156.29794,73.74469,3.7450006,0.5303030303030303,-6799.72222222243,26953.177632458865,5000.0,15153.455410236435,0,,17581.125
2023-11-27 00:00:00+00:00,153.65,153.99,156.24425,71.01926,3.6014295,0.5430463576158939,-6800.714285714494,26986.474668129762,5000.0,15185.760382415268,0,,17602.844
2023-11-28 00:00:00+00:00,154.11,155.14,156.17645,70.57703,3.6171439,0.5430463576158939,-6801.706349206557,27188.009260288516,5000.0,15386.302911081959,0,,17734.3
2023-11-29 00:00:00+00:00,156.1,156.01,156.1001,78.99954,3.6200006,0.5430463576158939,-6802.698412698621,27340.475358552078,5000.0,15537.776945853457,0,,17833.752
2023-11-30 00:00:00+00:00,155.9,158.69,156.02745,70.859116,2.7899997,0.56,-6803.690476190684,27810.14142479256,5000.0,16006.450948601876,0,,18140.11
2023-12-01 00:00:00+00:00,158.68,160.79,155.9881,78.72729,2.767857,0.56,-6804.682539682748,28178.16148121012,5000.0,16373.478941527374,0,,18380.162
2023-12-04 00:00:00+00:00,159.82,162.68,155.9499,86.82395,2.825714,0.5303030303030303,-6805.674603174812,28509.38204065136,5000.0,16703.707437476547,0,,18596.213
2023-12-05 00:00:00+00:00,162.4,161.33,155.9375,86.48172,2.7721417,0.5430463576158939,-6806.666666666875,28272.798169131216,5000.0,16466.13150246434,0,,18441.893
2023-12-06 00:00:00+00:00,163.56,165.4,155.89915,76.47065,2.6835697,0.56,-6807.658730158939,28986.058245813852,5000.0,17178.399515654914,0,,18907.14
2023-12-07 00:00:00+00:00,165.45,165.15,155.89325,80.67945,2.9078555,0.5430463576158939,-6808.6507936510025,28942.24540755418,5000.0,17133.594613903177,0,,18878.562
2023-12-08 00:00:00+00:00,165.48,164.69,155.88835,81.45768,2.88357,0.56,-6809.642857143066,28861.633571499282,5000.0,17051.990714356216,0,,18825.98
2023-12-11 00:00:00+00:00,164.32,164.38,155.879,84.39762,2.767141,0.5430463576158939,-6810.63492063513,28807.30689488095,5000.0,16996.67197424582,0,,18790.545
2023-12-12 00:00:00+00:00,165.02,166.12,155.8746,81.593,2.7142835,0.56,-6811.626984127193,29112.23767907434,5000.0,17300.610694947147,0,,18989.445
2023-12-13 00:00:00+00:00,165.97,168.17,155.87645,86.789375,2.7057126,0.5,-6812.619047619257,29471.4985772517,5000.0,17658.879529632442,0,,19223.787
2023-12-14 00:00:00+00:00,170.27,166.9,155.8961,88.04246,2.8314273,0.5303030303030303,-6813.6111111113205,29248.932516843477,5000.0,17435.321405732157,0,,19078.61
2023-12-15 00:00:00+00:00,166.35,164.36,155.9109,82.1394,3.064284,0.5430463576158939,-6814.603174603384,28803.80251477829,5000.0,16989.199340174906,0,,18788.26
2023-12-18 00:00:00+00:00,165.42,166.28,155.90344,72.8113,3.1128561,0.56,-6815.595238095448,29140.279200758927,5000.0,17324.68396266348,0,,19007.738
2023-12-19 00:00:00+00:00,166.28,165.25,155.90456,73.70217,3.104285,0.5430463576158939,-6816.587301587511,28959.774021850837,5000.0,17143.186720263326,0,,18889.996
2023-12-20 00:00:00+00:00,165.7,162.82,155.90726,69.52667,3.0557141,0.5430463576158939,-6817.579365079575,28533.92220416054,5000.0,16716.342839080964,0,,18612.22
2023-12-21 00:00:00+00:00,163.27,163.27,155.9031,58.82105,3.0614285,0.5430463576158939,-6818.5714285716385,28612.782779405115,5000.0,16794.211350833477,0,,18663.66
2023-12-22 00:00:00+00:00,163.81,165.08,155.8981,55.698566,2.9400003,0.5430463576158939,-6819.563492063702,28929.980309027524,5000.0,17110.41681696382,0,,18870.564
2023-12-26 00:00:00+00:00,165.08,165.56,155.90945,55.53509,2.962858,0.5430463576158939,-6820.555555555766,29014.098097070248,5000.0,17193.542541514482,0,,18925.432
2023-12-27 00:00:00+00:00,165.19,163.24,155.94685,60.163395,2.8935733,0.5303030303030303,-6821.547619047829,28607.523761463963,5000.0,16785.976142416133,0,,18660.229
2023-12-28 00:00:00+00:00,163.64,163.88,156.0567,44.3337,2.7071445,0.5430463576158939,-6822.539682539893,28719.681135067192,5000.0,16897.1414525273,0,,18733.389
2023-12-29 00:00:00+00:00,163.65,163.41,156.16714,46.735237,2.654287,0.5430463576158939,-6823.531746031957,28637.314896384036,5000.0,16813.78315035208,0,,18679.662
2024-01-02 00:00:00+00:00,163.13,164.66,156.2569,46.7112,2.6914303,0.5430463576158939,-6824.52380952402,28856.37379415005,5000.0,17031.84998462603,0,,18822.55
2024-01-03 00:00:00+00:00,164.46,163.43,156.33965,50.68627,2.7714298,0.55,-6825.515873016084,28640.816343967275,5000.0,16815.30047095119,0,,18681.945
2024-01-04 00:00:00+00:00,163.75,166.67,156.4245,43.237797,2.7678583,0.56,-6826.507936508147,29208.620003557415,5000.0,17382.112067049267,0,,19052.314
2024-01-05 00:00:00+00:00,166.06,166.72,156.4978,46.442123,2.8107147,0.5430463576158939,-6827.500000000211,29217.38404361614,5000.0,17389.88404361593,0,,19058.031
2024-01-08 00:00:00+00:00,167.7,169.7,156.57056,49.546844,2.5799997,0.55,-6828.492063492275,29739.622603756252,5000.0,17911.130540263977,0,,19398.678
2024-01-09 00:00:00+00:00,168.75,167.19,156.68124,63.15271,2.6192856,0.55,-6829.484126984338,29299.750585068712,5000.0,17470.266458084374,0,,19111.758
2024-01-10 00:00:00+00:00,167.19,167.61,156.7838,52.178085,2.6571426,0.55,-6830.476190476402,29373.35441112414,5000.0,17542.878220647737,0,,19159.768
2024-01-11 00:00:00+00:00,167.66,167.27,156.88565,55.818546,2.6185706,0.5430463576158939,-6831.468253968465,29313.76983102016,5000.0,17482.301577051694,0,,19120.902
2024-01-12 00:00:00+00:00,168.04,167.59,156.97485,62.231995,2.459284,0.56,-6832.460317460529,29369.849144566364,5000.0,17537.388827105835,0,,19157.48
2024-01-16 00:00:00+00:00,166.92,165.18,157.0642,61.96012,2.421427,0.5430463576158939,-6833.452380952593,28947.500851243065,5000.0,17114.048470290472,0,,18881.99
2024-01-17 00:00:00+00:00,164.15,165.76,157.1475,50.26793,2.354999,0.5430463576158939,-6834.444444444656,29049.144489564627,5000.0,17214.70004511997,0,,18948.291
2024-01-18 00:00:00+00:00,164.83,165.54,157.2364,50.533043,2.4721408,0.5430463576158939,-6835.43650793672,29010.589982049845,5000.0,17175.153474113125,0,,18923.143
2024-01-19 00:00:00+00:00,166.19,166.39,157.3105,56.90272,2.41357,0.56,-6836.4285714287835,29159.55070858479,5000.0,17323.122137156006,0,,19020.307
2024-01-22 00:00:00+00:00,167.23,168.81,157.3895,57.43922,2.479999,0.56,-6837.420634920847,29583.650986509434,5000.0,17746.230351588587,0,,19296.941
2024-01-23 00:00:00+00:00,168.61,168.05,157.4895,64.34642,2.5114276,0.56,-6838.412698412911,29450.463673053313,5000.0,17612.050974640402,0,,19210.064
2024-01-24 00:00:00+00:00,168.62,166.63,157.5939,59.24713,2.481428,0.56,-6839.404761904974,29201.611599943542,5000.0,17362.206838038568,0,,19047.742
2024-01-25 00:00:00+00:00,166.86,168.29,157.684,58.639347,2.5335705,0.56,-6840.396825397038,29492.52044658223,5000.0,17652.123621185194,0,,19237.496
2024-01-26 00:00:00+00:00,169.16,169.57,157.78185,54.781574,2.4128559,0.56,-6841.3888888891015,29716.841427437903,5000.0,17875.4525385488,0,,19383.818
2024-01-29 00:00:00+00:00,169.95,169.54,157.86275,57.84262,2.3871427,0.56,-6842.380952381165,29711.58077995983,5000.0,17869.199827578665,0,,19380.387
2024-01-30 00:00:00+00:00,169.33,169.45,157.9524,49.474365,2.2571423,0.55,-6843.373015873229,29695.808715129388,5000.0,17852.43569925616,0,,19370.1
2024-01-31 00:00:00+00:00,169.64,165.83,158.0081,58.828102,2.1514282,0.56,-6844.365079365292,29061.411251293128,5000.0,17217.046171927836,0,,18956.291
2024-02-01 00:00:00+00:00,165.83,166.67,158.06744,44.437504,2.4085705,0.56,-6845.357142857356,29208.620119187533,5000.0,17363.262976330177,0,,19052.314
2024-02-02 00:00:00+00:00,166.69,165.64,158.11584,48.1818,2.5914273,0.5430463576158939,-6846.34920634942,29028.11466806993,5000.0,17181.76546172051,0,,18934.572
2024-02-05 00:00:00+00:00,164.37,163.24,158.17114,44.3347,2.6628559,0.56,-6847.341269841483,28607.519536759322,5000.0,16760.17826691784,0,,18660.227
2024-02-06 00:00:00+00:00,162.94,163.91,158.2174,44.3605,2.739999,0.43434180723199545,-6848.333333333547,28724.935548766396,5000.0,16876.60221543285,0,,18736.814
2024-02-07 00:00:00+00:00,166.38,169.18,158.25725,44.650112,2.8392847,0.5430463576158939,-6849.32539682561,29648.491032225236,5000.0,17799.165635399626,0,,19339.234
2024-02-08 00:00:00+00:00,169.43,174.05,158.31725,58.146828,3.2607138,0.55,-6850.317460317674,30501.950834318213,5000.0,18651.63337400054,0,,19895.934
2024-02-09 00:00:00+00:00,175.0,175.93,158.39494,64.5296,3.460714,0.56,-6851.309523809738,30831.41565889301,5000.0,18980.10613508327,0,,20110.838
2024-02-12 00:00:00+00:00,178.37,175.71,158.49495,63.787766,3.4371426,0.5430463576158939,-6852.301587301801,30792.862643356468,5000.0,18940.561056054667,0,,20085.69
2024-02-13 00:00:00+00:00,173.63,172.61,158.59966,65.150345,3.4578564,0.56,-6853.293650793865,30249.592283662525,5000.0,18396.29863286866,0,,19731.324
2024-02-14 00:00:00+00:00,172.98,175.26,158.66435,61.090508,3.587858,0.5430463576158939,-6854.285714285928,30713.998773016152,5000.0,18859.713058730224,0,,20034.248
2024-02-15 00:00:00+00:00,176.02,174.08,158.72395,62.468704,3.6178577,0.56,-6855.277777777992,30507.20690281538,5000.0,18651.929125037386,0,,19899.363
2024-02-16 00:00:00+00:00,173.65,172.48,158.7787,58.09695,3.7057135,0.55,-6856.269841270056,30226.808603953705,5000.0,18370.53876268365,0,,19716.463
2024-02-20 00:00:00+00:00,171.44,173.1,158.8413,54.996613,3.8035703,0.5430463576158939,-6857.261904762119,30335.463006048023,5000.0,18478.201101285904,0,,19787.336
2024-02-21 00:00:00+00:00,172.59,172.13,158.91695,56.09351,3.9071414,0.5188751437705572,-6858.253968254183,30165.47124135276,5000.0,18307.217273098577,0,,19676.453
2024-02-22 00:00:00+00:00,173.09,173.64,159.0371,61.53848,3.7057147,0.5430463576158939,-6859.246031746246,30430.094012819573,5000.0,18570.847981073326,0,,19849.062
2024-02-23 00:00:00+00:00,174.69,175.95,159.14066,62.459793,3.643572,0.5430463576158939,-6860.23809523831,30834.917697696565,5000.0,18974.679602458255,0,,20113.123
2024-02-26 00:00:00+00:00,174.97,174.42,159.2494,67.62395,3.692858,0.5303030303030303,-6861.230158730374,30566.787674932402,5000.0,18705.55751620203,0,,19938.227
2024-02-27 00:00:00+00:00,174.92,175.19,159.3604,69.696976,3.5942862,0.56,-6862.222222222437,30701.730188394202,5000.0,18839.507966171765,0,,20026.248
2024-02-28 00:00:00+00:00,174.84,173.33,159.46985,69.80338,3.3764288,0.5430463576158939,-6863.214285714501,30375.767544186263,5000.0,18512.553258471762,0,,19813.627
2024-02-29 00:00:00+00:00,174.5,173.77,159.5616,58.276844,3.0107138,0.5430463576158939,-6864.2063492065645,30452.878307957017,5000.0,18588.671958750452,0,,19863.926
2024-03-01 00:00:00+00:00,173.77,171.96,159.6514,49.32171,2.7728555,0.5430463576158939,-6865.198412698628,30135.680187001068,5000.0,18270.48177430244,0,,19657.021
2024-03-04 00:00:00+00:00,172.25,173.55,159.73746,40.350056,2.7507129,0.55,-6866.190476190692,30414.32521344938,5000.0,18548.13473725869,0,,19838.777
2024-03-05 00:00:00+00:00,173.5,172.52,159.86575,45.077477,2.709284,0.5430463576158939,-6867.182539682755,30233.81941464293,5000.0,18366.636874960175,0,,19721.037
2024-03-06 00:00:00+00:00,173.04,174.32,159.98715,49.773537,2.583569,0.5430463576158939,-6868.174603174819,30549.26562176428,5000.0,18681.09101858946,0,,19926.797
2024-03-07 00:00:00+00:00,174.74,173.78,160.10526,47.52895,2.6349988,0.5430463576158939,-6869.1666666668825,30454.63094382401,5000.0,18585.464277157127,0,,19865.068
2024-03-08 00:00:00+00:00,174.45,174.65,160.23015,49.183887,2.6114285,0.5430463576158939,-6870.158730158946,30607.096368494804,5000.0,18736.937638335858,0,,19964.518
2024-03-11 00:00:00+00:00,174.51,173.52,160.3495,56.1473,2.5885718,0.55,-6871.15079365101,30409.067702493023,5000.0,18537.916908842013,0,,19835.348
2024-03-12 00:00:00+00:00,173.57,171.82,160.47266,51.156384,2.5635715,0.5430463576158939,-6872.142857143073,30111.147139264693,5000.0,18239.00428212162,0,,19641.02
2024-03-13 00:00:00+00:00,172.5,172.35,160.6009,49.179466,2.6157138,0.56,-6873.134920635137,30204.029777644697,5000.0,18330.89485700956,0,,19701.605
2024-03-14 00:00:00+00:00,172.69,170.81,160.7211,46.398678,2.4771423,0.56,-6874.126984127201,29934.146734834332,5000.0,18060.01975070713,0,,19525.564
2024-03-15 00:00:00+00:00,169.02,170.95,160.83235,35.005836,2.479285,0.56,-6875.119047619264,29958.679679847613,5000.0,18083.56063222835,0,,19541.568
2024-03-18 00:00:00+00:00,170.97,170.4,160.9443,38.984123,2.4742846,0.5430463576158939,-6876.111111111328,29862.29243587586,5000.0,17986.181324764533,0,,19478.695
2024-03-19 00:00:00+00:00,170.67,171.05,161.03185,34.578205,2.4935718,0.55,-6877.103174603391,29976.204481313624,5000.0,18099.101306710232,0,,19552.998
2024-03-20 00:00:00+00:00,171.37,171.5,161.13126,42.039116,2.382857,0.55,-6878.095238095455,30055.06677368658,5000.0,18176.971535591125,0,,19604.44
2024-03-21 00:00:00+00:00,171.89,171.86,161.22505,42.07954,2.3871427,0.5430463576158939,-6879.087301587519,30118.157058846864,5000.0,18239.069757259345,0,,19645.592
2024-03-22 00:00:00+00:00,172.44,168.95,161.3082,49.61178,2.3392856,0.5430463576158939,-6880.079365079582,29608.183536474608,5000.0,17728.104171395025,0,,19312.945
2024-03-25 00:00:00+00:00,169.29,165.75,161.37595,33.80281,2.442858,0.55,-6881.071428571646,29047.389488510868,5000.0,17166.31805993922,0,,18947.146
2024-03-26 00:00:00+00:00,165.94,166.39,161.42365,29.32193,2.5028577,0.56,-6882.063492063709,29159.546946045284,5000.0,17277.483453981575,0,,19020.307
2024-03-27 00:00:00+00:00,167.25,172.26,161.4758,23.93161,2.4535708,0.55,-6883.055555555773,30188.253735553,5000.0,18305.198179997227,0,,19691.314
2024-03-28 00:00:00+00:00,172.65,173.73,161.54765,46.299892,2.7071414,0.5430463576158939,-6884.047619047837,30445.868126839323,5000.0,18561.820507791486,0,,19859.352
2024-04-01 00:00:00+00:00,173.46,170.46,161.62074,47.824036,2.644285,0.5430463576158939,-6885.0396825399,29872.808301750705,5000.0,17987.768619210805,0,,19485.555
2024-04-02 00:00:00+00:00,170.44,170.29,161.68005,43.42784,2.7342846,0.5430463576158939,-6886.031746031964,29843.01422260711,5000.0,17956.982476575147,0,,19466.12
2024-04-03 00:00:00+00:00,170.23,170.26,161.72705,46.482727,2.6878552,0.5,-6887.0238095240275,29837.75614224133,5000.0,17950.732332717304,0,,19462.69
2024-04-04 00:00:00+00:00,171.26,169.41,161.7515,45.08233,2.7349994,0.5427537528558904,-6888.015873016091,29688.796926290026,5000.0,17800.781053273935,0,,19365.527
2024-04-05 00:00:00+00:00,169.4,170.03,161.78085,46.595345,2.6971424,0.5,-6889.007936508155,29797.44976423848,5000.0,17908.441827730327,0,,19436.398
2024-04-08 00:00:00+00:00,170.0,171.57,161.8122,47.81369,2.6200006,0.5430463576158939,-6890.000000000218,30067.33371139483,5000.0,18177.33371139461,0,,19612.44
2024-04-09 00:00:00+00:00,172.25,174.17,161.8487,52.655502,2.8485718,0.5430463576158939,-6890.992063492282,30522.97779394821,5000.0,18631.985730455926,0,,19909.648
2024-04-10 00:00:00+00:00,172.41,170.46,161.90825,56.505417,2.961429,0.55,-6891.9841269843455,29872.808713619204,5000.0,17980.82458663486,0,,19485.553
2024-04-11 00:00:00+00:00,170.88,170.05,161.94655,48.091053,3.145715,0.55,-6892.976190476409,29800.95606996072,5000.0,17907.979879484312,0,,19438.686
2024-04-12 00:00:00+00:00,169.07,167.57,161.9784,46.68377,3.2078574,0.5430463576158939,-6893.968253968473,29366.340557513016,5000.0,17472.372303544544,0,,19155.191
2024-04-15 00:00:00+00:00,168.51,165.04,161.99295,47.43114,3.1907153,0.5303030303030303,-6894.960317460536,28922.959508618973,5000.0,17027.999191158437,0,,18865.982
2024-04-16 00:00:00+00:00,165.04,163.75,161.9969,48.64451,3.250715,0.5,-6895.9523809526,28696.890279066065,5000.0,16800.937898113465,0,,18718.52
2024-04-17 00:00:00+00:00,164.5,164.67,161.98325,45.081966,3.2000012,0.5,-6896.9444444446635,28858.118988150145,5000.0,16961.17454370548,0,,18823.688
2024-04-18 00:00:00+00:00,164.92,164.77,161.96996,32.66331,2.915002,0.5303030303030303,-6897.936507936727,28875.646582268815,5000.0,16977.710074332088,0,,18835.121
2024-04-19 00:00:00+00:00,165.32,165.6,161.9526,28.16765,2.875716,0.5430463576158939,-6898.928571428791,29021.10210027375,5000.0,17122.17352884496,0,,18929.998
2024-04-22 00:00:00+00:00,165.99,164.84,161.9477,36.559734,2.8028586,0.5430463576158939,-6899.920634920854,28887.91153876957,5000.0,16987.990903848717,0,,18843.121
2024-04-23 00:00:00+00:00,165.32,166.48,161.9546,35.4044,2.7578583,0.55,-6900.912698412918,29175.319915596116,5000.0,17274.407217183198,0,,19030.592
2024-04-24 00:00:00+00:00,165.69,165.2,161.97195,40.680477,2.8028576,0.5303030303030303,-6901.904761904982,28951.003077696878,5000.0,17049.098315791896,0,,18884.273
2024-04-25 00:00:00+00:00,164.66,165.89,161.98186,39.835815,2.7664294,0.55,-6902.896825397045,29071.923770955313,5000.0,17169.026945558267,0,,18963.148
2024-04-26 00:00:00+00:00,165.42,164.88,161.98715,40.038506,2.8671439,0.5430463576158939,-6903.888888889109,28894.92469950125,5000.0,16991.035810612142,0,,18847.695
2024-04-29 00:00:00+00:00,165.16,166.12,161.98515,33.481476,2.6957147,0.5430463576158939,-6904.880952381172,29112.230611819174,5000.0,17207.349659438,0,,18989.44
2024-04-30 00:00:00+00:00,165.03,162.69,161.9835,28.692421,2.6221433,0.55,-6905.873015873236,28511.129873861762,5000.0,16605.256857988526,0,,18597.35
2024-05-01 00:00:00+00:00,162.58,162.52,161.9632,29.124117,2.5885718,0.5430463576158939,-6906.8650793653,28481.337766648106,5000.0,16574.472687282807,0,,18577.916
2024-05-02 00:00:00+00:00,163.16,162.51,161.9342,29.504625,2.5807147,0.55,-6907.857142857363,28479.584125167126,5000.0,16571.726982309763,0,,18576.771
2024-05-03 00:00:00+00:00,163.07,164.18,161.8964,34.08802,2.5464282,0.5430463576158939,-6908.849206349427,28772.249376651747,5000.0,16863.40017030232,0,,18767.672
2024-05-06 00:00:00+00:00,165.0,164.96,161.8535,47.140953,2.3714294,0.56,-6909.84126984149,28908.945384697072,5000.0,16999.10411485558,0,,18856.838
2024-05-07 00:00:00+00:00,165.95,165.65,161.81865,54.16382,2.3921444,0.56,-6910.833333333554,29029.86272482226,5000.0,17119.029391488704,0,,18935.71
2024-05-08 00:00:00+00:00,166.87,165.59,161.78885,53.42656,2.4421442,0.56,-6911.825396825618,29019.34760266023,5000.0,17107.52220583461,0,,18928.852
2024-05-09 00:00:00+00:00,166.19,169.04,161.75035,52.87515,2.8607156,0.5430463576158939,-6912.817460317681,29623.953091265696,5000.0,17711.135630948014,0,,19323.225
2024-05-10 00:00:00+00:00,169.17,169.24,161.72845,60.18954,2.915717,0.5430463576158939,-6913.809523809745,29659.006267952926,5000.0,17745.19674414318,0,,19346.09
2024-05-13 00:00:00+00:00,170.0,167.72,161.7203,63.480427,2.9207175,0.5430463576158939,-6914.8015873018085,29392.62843849256,5000.0,17477.82685119075,0,,19172.336
2024-05-14 00:00:00+00:00,168.24,165.69,161.7114,53.82718,2.9371457,0.5303030303030303,-6915.793650793872,29036.874819500852,5000.0,17121.08116870698,0,,18940.283
2024-05-15 00:00:00+00:00,166.61,167.83,161.69875,51.445446,3.137146,0.5430463576158939,-6916.785714285936,29411.907268545892,5000.0,17495.121554259957,0,,19184.91
2024-05-16 00:00:00+00:00,167.83,169.38,161.70004,55.271748,3.1114306,0.55,-6917.777777777999,29683.540976047312,5000.0,17765.763198269313,0,,19362.092
2024-05-17 00:00:00+00:00,169.66,168.99,161.6888,61.87962,3.1392887,0.5430463576158939,-6918.769841270063,29615.193808799497,5000.0,17696.423967529434,0,,19317.51
2024-05-20 00:00:00+00:00,168.96,169.45,161.6845,57.932583,3.2007174,0.5430463576158939,-6919.7619047621265,29695.807104286676,5000.0,17776.04519952455,0,,19370.094
2024-05-21 00:00:00+00:00,169.69,169.08,161.67595,72.35446,3.0950034,0.5384615384615384,-6920.75396825419,29630.9663999856,5000.0,17710.21243173141,0,,19327.799
2024-05-22 00:00:00+00:00,168.81,169.63,161.67615,71.409904,3.0714319,0.5430463576158939,-6921.746031746254,29727.351900435304,5000.0,17805.60586868905,0,,19390.67
2024-05-23 00:00:00+00:00,169.42,168.33,161.6643,72.44644,2.9685757,0.5429820404966229,-6922.738095238317,29499.529596785498,5000.0,17576.79150154718,0,,19242.064
2024-05-24 00:00:00+00:00,168.26,168.61,161.65335,63.395763,2.9500034,0.5430463576158939,-6923.730158730381,29548.600483873503,5000.0,17624.87032514312,0,,19274.072
2024-05-28 00:00:00+00:00,167.92,162.57,161.6369,62.17477,2.8900027,0.5,-6924.7222222224445,28490.102471234994,5000.0,16565.38024901255,0,,18583.63
2024-05-29 00:00:00+00:00,161.11,161.53,161.5907,42.428745,3.1771457,0.42105263157894735,-6925.714285714508,28307.842541569953,5000.0,16382.128255855445,0,,18464.746
2024-05-30 00:00:00+00:00,161.53,161.15,161.53986,40.47843,2.828574,0.42105263157894735,-6926.706349206572,28241.247330703427,5000.0,16314.540981496855,0,,18421.309
2024-05-31 00:00:00+00:00,161.43,164.68,161.4858,28.383581,2.743574,0.4916530476363416,-6927.698412698635,28859.873677382013,5000.0,16932.175264683377,0,,18824.828
2024-06-03 00:00:00+00:00,164.12,163.26,161.46765,39.43463,2.8921454,0.5501690140845071,-6928.690476190699,28611.021753116856,5000.0,16682.331276926157,0,,18662.506
2024-06-04 00:00:00+00:00,162.34,161.7,161.5016,39.618233,2.9328601,0.5430463576158939,-6929.682539682763,28337.63542321183,5000.0,16407.952883529066,0,,18484.18
2024-06-05 00:00:00+00:00,162.36,164.38,161.5359,40.504505,2.7657166,0.56,-6930.674603174826,28807.30072741486,5000.0,16876.626124240032,0,,18790.535
2024-06-06 00:00:00+00:00,164.65,164.55,161.58266,41.99537,2.8400028,0.5430463576158939,-6931.66666666689,28837.09152629476,5000.0,16905.42485962787,0,,18809.967
2024-06-07 00:00:00+00:00,164.0,164.78,161.62975,38.026768,2.7592883,0.5,-6932.658730158953,28877.397963089257,5000.0,16944.739232930304,0,,18836.258
2024-06-10 00:00:00+00:00,164.65,164.05,161.67055,39.48024,2.7157168,0.5,-6933.650793651017,28749.46776277434,5000.0,16815.816969123323,0,,18752.812
2024-06-11 00:00:00+00:00,163.34,161.53,161.70815,36.686405,2.7678604,0.5430463576158939,-6934.642857143081,28307.841730607463,5000.0,16373.198873464382,0,,18464.746
2024-06-12 00:00:00+00:00,162.56,160.21,161.7264,33.16986,2.869289,0.5430463576158939,-6935.634920635144,28076.515800175006,5000.0,16140.880879539862,0,,18313.855
2024-06-13 00:00:00+00:00,159.58,158.55,161.7356,29.698277,2.9700024,0.5430463576158939,-6936.626984127208,27785.602862018924,5000.0,15848.975877891717,0,,18124.1
2024-06-14 00:00:00+00:00,158.03,161.57,161.73495,29.244482,3.0707169,0.5,-6937.619047619271,28314.85240879736,5000.0,16377.233361178089,0,,18469.32
2024-06-17 00:00:00+00:00,161.0,165.04,161.75525,36.615982,3.2307172,0.5430463576158939,-6938.611111111335,28922.959915444055,5000.0,16984.34880433272,0,,18865.977
2024-06-18 00:00:00+00:00,165.18,162.21,161.78171,55.204353,3.1464322,0.5303030303030303,-6939.603174603399,28427.009168889046,5000.0,16487.405994285647,0,,18542.477
2024-06-20 00:00:00+00:00,162.0,165.88,161.80885,51.332306,3.2400033,0.5430463576158939,-6940.595238095462,29070.169383811688,5000.0,17129.574145716226,0,,18962.0
2024-06-21 00:00:00+00:00,166.38,166.74,161.84785,58.208984,3.4100025,0.5303030303030303,-6941.587301587526,29220.884584315914,5000.0,17279.29728272839,0,,19060.309
2024-06-24 00:00:00+00:00,166.34,166.43,161.901,53.94035,3.2750027,0.5430463576158939,-6942.5793650795895,29166.555722314104,5000.0,17223.976357234515,0,,19024.871
2024-06-25 00:00:00+00:00,166.69,166.36,161.96465,56.3324,3.1907163,0.55,-6943.571428571653,29154.289133079237,5000.0,17210.717704507584,0,,19016.871
2024-06-26 00:00:00+00:00,165.87,167.11,162.04155,59.898064,3.1807163,0.5430463576158939,-6944.563492063717,29285.724158584635,5000.0,17341.16066652092,0,,19102.604
2024-06-27 00:00:00+00:00,167.08,166.72,162.1201,56.31652,3.10643,0.5430463576158939,-6945.55555555578,29217.378299313037,5000.0,17271.822743757257,0,,19058.023
2024-06-28 00:00:00+00:00,167.02,166.02,162.19681,54.970226,3.145716,0.56,-6946.547619047844,29094.705899745557,5000.0,17148.158280697713,0,,18978.006
2024-07-01 00:00:00+00:00,166.64,163.49,162.2619,52.780285,3.2671444,0.56,-6947.5396825399075,28651.328198857165,5000.0,16703.788516317258,0,,18688.799
2024-07-02 00:00:00+00:00,163.97,163.76,162.32195,48.838177,3.3707156,0.56,-6948.531746031971,28698.64318240852,5000.0,16750.11143637655,0,,18719.662
2024-07-03 00:00:00+00:00,163.39,163.65,162.377,55.102974,3.2742877,0.5430463576158939,-6949.523809524035,28679.36503109511,5000.0,16729.841221571074,0,,18707.086
2024-07-05 00:00:00+00:00,163.65,163.06,162.4228,58.333313,3.212145,0.5,-6950.515873016098,28575.968849435958,5000.0,16625.45297641986,0,,18639.643
2024-07-08 00:00:00+00:00,163.29,164.34,162.46214,61.522747,3.079288,0.5430463576158939,-6951.507936508162,28800.28484712789,5000.0,16848.776910619727,0,,18785.959
2024-07-09 00:00:00+00:00,164.34,162.88,162.5204,57.767796,2.9671445,0.5430463576158939,-6952.500000000226,28544.42446743827,5000.0,16591.924467438046,0,,18619.066
2024-07-10 00:00:00+00:00,162.91,160.87,162.5704,43.173218,2.71143,0.5430463576158939,-6953.492063492289,28192.174096882783,5000.0,16238.682033390494,0,,18389.299
2024-07-11 00:00:00+00:00,162.11,164.14,162.6317,45.53329,2.7500021,0.5430463576158939,-6954.484126984353,28765.235630587777,5000.0,16810.751503603424,0,,18763.098
2024-07-12 00:00:00+00:00,164.92,166.28,162.71295,44.041073,2.6500027,0.5430463576158939,-6955.476190476416,29140.267613301254,5000.0,17184.791422824837,0,,19007.725
2024-07-15 00:00:00+00:00,166.27,167.37,162.80565,48.551617,2.74286,0.5384615384615384,-6956.46825396848,29331.28788457723,5000.0,17374.81963060875,0,,19132.324
2024-07-16 00:00:00+00:00,168.21,169.74,162.9048,52.82114,2.8157175,0.5430463576158939,-6957.460317460544,29746.627000598564,5000.0,17789.16668313802,0,,19403.242
2024-07-17 00:00:00+00:00,170.01,169.74,163.0113,58.91352,2.8735745,0.5430463576158939,-6958.452380952607,29746.627000598564,5000.0,17788.174619645957,0,,19403.242
2024-07-18 00:00:00+00:00,168.74,168.05,163.10165,57.221325,2.8664322,0.5303030303030303,-6959.444444444671,29450.45710442467,5000.0,17491.01265998,0,,19210.057
2024-07-19 00:00:00+00:00,168.6,166.1,163.1862,53.408516,2.9685745,0.5303030303030303,-6960.436507936734,29108.7242068022,5000.0,17148.287698865464,0,,18987.148
2024-07-22 00:00:00+00:00,166.73,168.94,163.26735,50.192684,3.0092883,0.5430463576158939,-6961.428571428798,29606.42718735123,5000.0,17644.99861592243,0,,19311.793
2024-07-23 00:00:00+00:00,169.39,167.07,163.37885,62.93308,2.9221454,0.56,-6962.420634920862,29278.71365170375,5000.0,17316.29301678289,0,,19098.031
2024-07-24 00:00:00+00:00,167.07,167.93,163.4767,57.300426,3.0050015,0.56,-6963.412698412925,29429.424574836714,5000.0,17466.01187642379,0,,19196.336
2024-07-25 00:00:00+00:00,168.79,167.48,163.57346,59.137493,3.020716,0.42105263157894735,-6964.404761904989,29350.564134546086,5000.0,17386.159372641097,0,,19144.898
2024-07-26 00:00:00+00:00,168.07,170.33,163.666,59.49313,3.258572,0.55,-6965.396825397052,29850.022886181916,5000.0,17884.626060784864,0,,19470.686
2024-07-29 00:00:00+00:00,170.61,170.17,163.77866,62.05233,3.3250012,0.5430463576158939,-6966.388888889116,29821.982694013786,5000.0,17855.59380512467,0,,19452.395
2024-07-30 00:00:00+00:00,170.97,172.41,163.8854,65.47769,3.3792865,0.56,-6967.38095238118,30214.539238918303,5000.0,18247.158286537124,0,,19708.453
2024-07-31 00:00:00+00:00,172.7,171.48,164.01155,74.26411,3.317858,0.5430463576158939,-6968.373015873243,30051.557157351082,5000.0,18083.18414147784,0,,19602.143
2024-08-01 00:00:00+00:00,171.4,169.07,164.14665,67.11752,3.2257144,0.56,-6969.365079365307,29629.210770500158,5000.0,17659.84569113485,0,,19326.654
2024-08-02 00:00:00+00:00,168.34,170.21,164.26485,56.425632,3.2449994,0.5303030303030303,-6970.3571428573705,29828.99211915789,5000.0,17858.63497630052,0,,19456.967
2024-08-05 00:00:00+00:00,168.88,163.8,164.3764,56.525764,3.2957141,0.42105263157894735,-6971.349206349434,28705.64997462531,5000.0,16734.300768275876,0,,18724.229
2024-08-06 00:00:00+00:00,164.02,166.51,164.45026,38.48836,3.5321438,0.5303030303030303,-6972.341269841498,29180.56948829532,5000.0,17208.228218453824,0,,19034.012
2024-08-07 00:00:00+00:00,167.28,166.01,164.5474,44.335297,3.7200012,0.5303030303030303,-6973.333333333561,29092.945420616223,5000.0,17119.61208728266,0,,18976.855
2024-08-08 00:00:00+00:00,166.37,167.35,164.6494,46.266453,3.7850003,0.56,-6974.325396825625,29327.780749710248,5000.0,17353.455352884623,0,,19130.035
2024-08-09 00:00:00+00:00,167.5,166.44,164.77055,52.339947,3.655001,0.56,-6975.3174603176885,29168.30414537994,5000.0,17192.986685062253,0,,19026.01
2024-08-12 00:00:00+00:00,166.43,162.71,164.88725,44.95561,3.5914295,0.56,-6976.309523809752,28514.629254736545,5000.0,16538.319730926793,0,,18599.629
2024-08-13 00:00:00+00:00,163.18,165.16,164.983,41.816814,3.6607153,0.5430463576158939,-6977.301587301816,28943.986704243664,5000.0,16966.685116941848,0,,18879.691
2024-08-14 00:00:00+00:00,164.91,164.79,165.099,45.093895,3.7192862,0.5303030303030303,-6978.293650793879,28879.14348566284,5000.0,16900.84983486896,0,,18837.395
2024-08-15 00:00:00+00:00,165.43,164.77,165.2213,45.222023,3.5435727,0.5430463576158939,-6979.285714285943,28875.640576896967,5000.0,16896.354862611024,0,,18835.11
2024-08-16 00:00:00+00:00,164.42,165.07,165.35464,39.020546,3.5885718,0.5427402793091657,-6980.277777778007,28928.21397864979,5000.0,16947.936200871784,0,,18869.402
2024-08-19 00:00:00+00:00,165.53,164.09,165.48105,39.98431,3.5149994,0.5384615384615384,-6981.26984127007,28756.469467919083,5000.0,16775.199626649013,0,,18757.377
2024-08-20 00:00:00+00:00,164.11,165.55,165.59656,32.80991,3.4564273,0.5430463576158939,-6982.261904762134,29012.331390200652,5000.0,17030.06948543852,0,,18924.271
2024-08-21 00:00:00+00:00,162.0,165.45,165.72255,38.010532,3.53857,0.5,-6983.253968254197,28994.80524172407,5000.0,17011.55127346987,0,,18912.838
2024-08-22 00:00:00+00:00,165.42,163.79,165.84015,41.926838,3.8007138,0.5430463576158939,-6984.246031746261,28703.893116235584,5000.0,16719.647084489323,0,,18723.082
2024-08-23 00:00:00+00:00,164.12,164.63,165.93484,36.006966,3.7842853,0.5,-6985.238095238325,28851.104535537415,5000.0,16865.86644029909,0,,18819.104
2024-08-26 00:00:00+00:00,165.41,168.84,166.0312,52.389175,3.4171426,0.55,-6986.230158730388,29588.89707413856,5000.0,17602.666915408172,0,,19300.355
2024-08-27 00:00:00+00:00,168.84,171.39,166.15825,56.173813,3.4157126,0.5430463576158939,-6987.222222222452,30035.781196738033,5000.0,18048.55897451558,0,,19591.85
2024-08-28 00:00:00+00:00,171.94,173.76,166.2655,62.858494,3.344999,0.5430463576158939,-6988.214285714515,30451.117155607397,5000.0,18462.90286989288,0,,19862.768
2024-08-29 00:00:00+00:00,174.6,171.89,166.38824,64.60132,3.4185703,0.5430463576158939,-6989.206349206579,30123.40477126242,5000.0,18134.19842205584,0,,19649.006
2024-08-30 00:00:00+00:00,172.08,173.03,166.50775,61.894352,3.450714,0.56,-6990.198412698643,30323.185891210378,5000.0,18332.987478511735,0,,19779.32
2024-09-03 00:00:00+00:00,173.03,175.08,166.6213,75.393654,3.3092859,0.55,-6991.190476190706,30682.443330561215,5000.0,18691.25285437051,0,,20013.656
2024-09-04 00:00:00+00:00,173.67,174.09,166.731,74.89956,3.4164288,0.47619047619047616,-6992.18253968277,30508.94720141299,5000.0,18516.76466173022,0,,19900.488
2024-09-05 00:00:00+00:00,174.98,173.21,166.83224,72.63873,3.4464285,0.5264797507788161,-6993.1746031748335,30354.731432395303,5000.0,18361.55682922047,0,,19799.895
2024-09-06 00:00:00+00:00,173.14,169.64,166.93124,69.71961,3.4200003,0.5264797507788161,-6994.166666666897,29729.094041412063,5000.0,17734.927374745166,0,,19391.803
2024-09-09 00:00:00+00:00,170.68,171.9,167.01794,59.262234,3.60643,0.5264797507788161,-6995.158730158961,30125.155537394716,5000.0,18129.996807235755,0,,19650.146
2024-09-10 00:00:00+00:00,172.27,175.04,167.1091,65.04816,3.7050018,0.5264797507788161,-6996.150793651024,30675.434866574837,5000.0,18679.284072923812,0,,20009.086
2024-09-11 00:00:00+00:00,174.78,174.01,167.2197,67.17334,3.782146,0.5264797507788161,-6997.142857143088,30494.929891474505,5000.0,18497.787034331417,0,,19891.346
2024-09-12 00:00:00+00:00,174.41,175.54,167.3243,64.98599,3.588573,0.5625,-6998.1349206351515,30763.06079459161,5000.0,18764.925873956458,0,,20066.242
2024-09-13 00:00:00+00:00,175.98,176.07,167.433,70.664795,3.4800012,0.5264797507788161,-6999.126984127215,30855.944715714806,5000.0,18856.81773158759,0,,20126.83
2024-09-16 00:00:00+00:00,176.68,177.06,167.5434,70.3414,3.4742856,0.5264797507788161,-7000.119047619279,31029.43981101621,5000.0,19029.320763396932,0,,20239.996
2024-09-17 00:00:00+00:00,176.83,175.69,167.653,66.50603,3.250715,0.5264797507788161,-7001.111111111342,30789.35083140318,5000.0,18788.239720291836,0,,20083.393
2024-09-18 00:00:00+00:00,175.97,174.21,167.7514,59.064095,3.1764297,0.5264797507788161,-7002.103174603406,30529.98366625479,5000.0,18527.880491651384,0,,19914.21
2024-09-19 00:00:00+00:00,176.14,175.6,167.829,50.985573,3.1021445,0.5264797507788161,-7003.0952380954695,30773.579846544744,5000.0,18770.484608449275,0,,20073.104
2024-09-20 00:00:00+00:00,175.4,173.59,167.90305,58.299793,3.0471432,0.5264797507788161,-7004.087301587533,30421.32896968232,5000.0,18417.241668094786,0,,19843.336
2024-09-23 00:00:00+00:00,174.13,174.85,167.9576,51.205853,3.0835724,0.5264797507788161,-7005.079365079597,30642.143233459454,5000.0,18637.063868379857,0,,19987.37
2024-09-24 00:00:00+00:00,174.87,173.71,168.0252,49.487305,2.9171436,0.5264797507788161,-7006.07142857166,30442.360931223375,5000.0,18436.289502651714,0,,19857.055
2024-09-25 00:00:00+00:00,174.15,170.28,168.06676,49.15857,2.8678577,0.5264797507788161,-7007.063492063724,29841.25860531591,5000.0,17834.195113252186,0,,19464.967
2024-09-26 00:00:00+00:00,170.8,174.14,168.0924,44.170303,2.9249997,0.5625,-7008.055555555788,30517.718162595218,5000.0,18509.66260703943,0,,19906.209
2024-09-27 00:00:00+00:00,174.03,175.99,168.13965,58.85129,2.9157138,0.5264797507788161,-7009.047619047851,30841.929045642104,5000.0,18832.881426594253,0,,20117.688
2024-09-30 00:00:00+00:00,176.29,176.54,168.1977,58.176743,2.835713,0.5264797507788161,-7010.039682539915,30938.312279896407,5000.0,18928.272597356492,0,,20180.557
2024-10-01 00:00:00+00:00,176.78,179.7,168.2498,53.345226,2.6699982,0.5264797507788161,-7011.031746031978,31492.096698451103,5000.0,19481.064952419125,0,,20541.783
2024-10-02 00:00:00+00:00,179.12,179.55,168.30745,61.588593,2.7657144,0.4222222222222222,-7012.023809524042,31465.810136832948,5000.0,19453.786327308906,0,,20524.635
2024-10-03 00:00:00+00:00,179.35,183.58,168.3707,58.653446,2.7557144,0.5264797507788161,-7013.015873016106,32172.05909544243,5000.0,20159.043222426324,0,,20985.31
2024-10-04 00:00:00+00:00,184.29,182.14,168.4668,64.07948,2.9921439,0.5625,-7014.007936508169,31919.700471161777,5000.0,19905.692534653608,0,,20820.701
2024-10-07 00:00:00+00:00,181.44,179.81,168.5461,59.36578,3.1021445,0.5625,-7015.000000000233,31511.372527173888,5000.0,19496.372527173655,0,,20554.357
2024-10-08 00:00:00+00:00,180.0,181.29,168.6189,57.33617,3.1142871,0.5264797507788161,-7015.992063492296,31770.740258686823,5000.0,19754.748195194526,0,,20723.54
2024-10-09 00:00:00+00:00,181.35,182.45,168.71124,62.606808,3.1192877,0.5264797507788161,-7016.98412698436,31974.027202526016,5000.0,19957.043075541656,0,,20856.14
2024-10-10 00:00:00+00:00,181.77,181.58,168.80714,62.298,3.1485748,0.5264797507788161,-7017.976190476424,31821.561254049862,5000.0,19803.58506357344,0,,20756.688
2024-10-11 00:00:00+00:00,182.58,183.38,168.88965,64.956955,3.099289,0.5264797507788161,-7018.968253968487,32137.007362348377,5000.0,20118.03910837989,0,,20962.447
2024-10-14 00:00:00+00:00,183.74,184.29,168.97874,65.651375,3.165003,0.5264797507788161,-7019.960317460551,32296.481640497084,5000.0,20276.521323036533,0,,21066.47
2024-10-15 00:00:00+00:00,184.5,184.71,169.084,69.57807,3.146431,0.5264797507788161,-7020.9523809526145,32370.0867172873,5000.0,20349.134336334686,0,,21114.48
2024-10-16 00:00:00+00:00,184.16,185.67,169.18816,80.05,3.0092893,0.5264797507788161,-7021.944444444678,32538.323335412773,5000.0,20516.378890968095,0,,21224.217
2024-10-17 00:00:00+00:00,186.12,185.98,169.29945,77.30935,2.974289,0.5264797507788161,-7022.936507936742,32592.650794347057,5000.0,20569.714286410315,0,,21259.654
2024-10-18 00:00:00+00:00,186.34,186.12,169.40605,75.523766,2.9521463,0.5264797507788161,-7023.928571428805,32617.1867590466,5000.0,20593.258187617794,0,,21275.658
2024-10-21 00:00:00+00:00,185.57,184.97,169.5195,75.00002,2.9407184,0.5264797507788161,-7024.920634920869,32415.65180646549,5000.0,20390.73117154462,0,,21144.201
2024-10-22 00:00:00+00:00,184.31,183.28,169.61101,65.36446,2.6935742,0.5625,-7025.9126984129325,32119.482405150175,5000.0,20093.569706737242,0,,20951.016
2024-10-23 00:00:00+00:00,183.21,184.42,169.6938,59.978592,2.71286,0.5625,-7026.904761904996,32319.26504291958,5000.0,20292.360281014582,0,,21081.33
2024-10-24 00:00:00+00:00,184.44,184.59,169.7674,52.65822,2.511431,0.5625,-7027.89682539706,32349.058409897378,5000.0,20321.161584500318,0,,21100.764
2024-10-25 00:00:00+00:00,184.78,182.44,169.8544,58.430832,2.4028592,0.5625,-7028.888888889123,31972.275882156395,5000.0,19943.38699326727,0,,20854.996
2024-10-28 00:00:00+00:00,183.64,183.57,169.92854,59.163795,2.4528592,0.7642786730670323,-7029.880952381187,32170.30820292822,5000.0,20140.427250547033,0,,20984.168
2024-10-29 00:00:00+00:00,183.35,182.66,170.01006,58.142918,2.4214292,0.5264797507788161,-7030.873015873251,32010.831662664965,5000.0,19979.958646791714,0,,20880.145
2024-10-30 00:00:00+00:00,182.55,182.78,170.0854,50.76366,2.3292847,0.5264797507788161,-7031.865079365314,32031.861575290866,5000.0,19999.996495925552,0,,20893.861
2024-10-31 00:00:00+00:00,182.43,181.93,170.1734,54.61538,2.3307126,0.5625,-7032.857142857378,31882.900158094726,5000.0,19850.04301523735,0,,20796.697
2024-11-01 00:00:00+00:00,181.45,183.06,170.25426,43.983345,2.277141,0.5264797507788161,-7033.849206349441,32080.9300036826,5000.0,20047.080797333158,0,,20925.87
2024-11-04 00:00:00+00:00,183.06,184.32,170.34186,44.987793,2.3421423,0.5264797507788161,-7034.841269841505,32301.743852354826,5000.0,20266.90258251332,0,,21069.904
2024-11-05 00:00:00+00:00,184.32,185.52,170.4315,48.51259,2.4214282,0.5264797507788161,-7035.833333333569,32512.040380337618,5000.0,20476.20704700405,0,,21207.078
2024-11-06 00:00:00+00:00,189.36,180.4,170.51505,49.438225,2.3742862,0.5264797507788161,-7036.825396825632,31614.76845292702,5000.0,19577.943056101387,0,,20621.8
2024-11-07 00:00:00+00:00,180.32,179.97,170.5768,34.636574,3.048572,0.5264797507788161,-7037.817460317696,31539.413699452776,5000.0,19501.59623913508,0,,20572.648
2024-11-08 00:00:00+00:00,180.52,179.77,170.6435,33.333363,3.1842859,0.5264797507788161,-7038.809523809759,31504.36492681895,5000.0,19465.55540300919,0,,20549.785
2024-11-11 00:00:00+00:00,179.04,177.06,170.7009,35.14288,3.3221436,0.5264797507788161,-7039.801587301823,31029.441378650918,5000.0,18989.639791349095,0,,20240.002
2024-11-12 00:00:00+00:00,177.18,177.11,170.73836,33.20736,3.4342859,0.4222222222222222,-7040.793650793887,31038.204304111976,5000.0,18997.41065331809,0,,20245.717
2024-11-13 00:00:00+00:00,177.69,174.95,170.7762,29.030443,3.442857,0.4222222222222222,-7041.78571428595,30659.667778202496,5000.0,18617.882063916546,0,,19998.803
2024-11-14 00:00:00+00:00,175.05,172.45,170.8037,25.180265,3.5907135,0.5625,-7042.777777778014,30221.547369420157,5000.0,18178.769591642143,0,,19713.023
2024-11-15 00:00:00+00:00,172.92,173.21,170.8368,24.734476,3.6199994,0.5264797507788161,-7043.769841270077,30354.73878881268,5000.0,18310.968947542602,0,,19799.902
2024-11-18 00:00:00+00:00,171.94,172.06,170.8695,23.299023,3.6199994,0.4222222222222222,-7044.761904762141,30153.20089906836,5000.0,18108.43899430622,0,,19668.441
2024-11-19 00:00:00+00:00,171.8,171.63,170.9016,23.014303,3.644286,0.5264797507788161,-7045.753968254205,30077.84492777395,5000.0,18032.090959519745,0,,19619.29
2024-11-20 00:00:00+00:00,171.27,171.12,170.94356,22.055214,3.6157138,0.5264797507788161,-7046.746031746268,29988.465917640555,5000.0,17941.719885894287,0,,19560.988
2024-11-21 00:00:00+00:00,171.32,172.5,170.9796,22.437603,3.5828574,0.5264797507788161,-7047.738095238332,30230.30815407935,5000.0,18182.570058841018,0,,19718.738
2024-11-22 00:00:00+00:00,172.72,172.5,170.9962,23.413965,3.5878568,0.5264797507788161,-7048.7301587303955,30230.30815407935,5000.0,18181.577995348955,0,,19718.738
2024-11-25 00:00:00+00:00,173.35,172.39,170.98845,18.22585,3.4878561,0.5264797507788161,-7049.722222222459,30211.029981411102,5000.0,18161.307759188643,0,,19706.162
2024-11-26 00:00:00+00:00,172.67,173.1,170.97075,12.507211,3.4299982,0.5264797507788161,-7050.714285714523,30335.45597376022,5000.0,18284.7416880457,0,,19787.324
2024-11-27 00:00:00+00:00,173.94,173.96,170.9577,22.13753,2.6907132,0.5264797507788161,-7051.706349206586,30486.17118164911,5000.0,18434.464832442525,0,,19885.633
2024-11-29 00:00:00+00:00,173.78,176.18,170.96445,27.79019,2.565712,0.5264797507788161,-7052.69841269865,30875.219652046908,5000.0,18822.521239348258,0,,20139.404
2024-12-02 00:00:00+00:00,175.74,175.66,170.96906,38.45658,2.467854,0.5264797507788161,-7053.6904761907135,30784.09319510015,5000.0,18730.402718909438,0,,20079.963
2024-12-03 00:00:00+00:00,175.27,175.33,170.97694,44.76051,2.3499963,0.5264797507788161,-7054.682539682777,30726.261606753003,5000.0,18671.579067070226,0,,20042.24
2024-12-04 00:00:00+00:00,174.86,172.36,170.9912,43.475086,2.354997,0.5264797507788161,-7055.674603174841,30205.77345805682,5000.0,18150.09885488198,0,,19702.734
2024-12-05 00:00:00+00:00,172.0,173.61,170.9875,41.038082,2.3385684,0.5264797507788161,-7056.666666666904,30424.832261864834,5000.0,18368.16559519793,0,,19845.623
2024-12-06 00:00:00+00:00,174.23,173.01,170.9949,54.393948,2.3492825,0.5264797507788161,-7057.658730158968,30319.682334186742,5000.0,18262.023604027774,0,,19777.037
2024-12-09 00:00:00+00:00,173.12,174.8,170.99174,49.23308,2.3607123,0.5625,-7058.650793651032,30633.378664908883,5000.0,18574.72787125785,0,,19981.656
2024-12-10 00:00:00+00:00,175.22,177.27,170.98601,60.014633,2.4571414,0.5264797507788161,-7059.642857143095,31066.24279922592,5000.0,19006.599942082827,0,,20264.006
2024-12-11 00:00:00+00:00,177.4,178.85,171.00024,67.93891,2.7335706,0.5264797507788161,-7060.634920635159,31343.133765566192,5000.0,19282.498844931033,0,,20444.617
2024-12-12 00:00:00+00:00,179.12,180.55,171.01855,73.01968,2.804999,0.5264797507788161,-7061.626984127222,31641.055038177503,5000.0,19579.42805405028,0,,20638.947
2024-12-13 00:00:00+00:00,180.26,179.8,171.05466,73.52426,2.7957141,0.5264797507788161,-7062.619047619286,31509.61914275119,5000.0,19447.000095131905,0,,20553.215
2024-12-16 00:00:00+00:00,179.74,178.08,171.0848,70.43674,2.855,0.5264797507788161,-7063.61111111135,31208.192206679276,5000.0,19144.581095567926,0,,20356.598
2024-12-17 00:00:00+00:00,177.93,177.67,171.1154,64.61223,2.9264286,0.5264797507788161,-7064.603174603413,31136.34006861493,5000.0,19071.736894011516,0,,20309.73
2024-12-18 00:00:00+00:00,178.34,176.5,171.136,61.919647,2.9771423,0.4222222222222222,-7065.595238095477,30931.29978520553,5000.0,18865.704547110054,0,,20175.986
2024-12-19 00:00:00+00:00,176.7,175.99,171.1559,56.519493,3.0828574,0.5264797507788161,-7066.58730158754,30841.92336238382,5000.0,18775.33606079628,0,,20117.688
2024-12-20 00:00:00+00:00,175.46,176.74,171.16425,49.465427,3.0335727,0.5264797507788161,-7067.579365079604,30973.359700603683,5000.0,18905.78033552408,0,,20203.422
2024-12-23 00:00:00+00:00,175.48,175.64,171.17905,53.000004,3.0935724,0.5264797507788161,-7068.571428571668,30780.585926541447,5000.0,18712.01449796978,0,,20077.678
2024-12-24 00:00:00+00:00,175.41,177.05,171.184,50.82578,3.1228583,0.5264797507788161,-7069.563492063731,31027.6860672877,5000.0,18958.12257522397,0,,20238.857
2024-12-26 00:00:00+00:00,176.78,177.51,171.20164,63.62579,3.0464303,0.5264797507788161,-7070.555555555795,31108.297461949423,5000.0,19037.74190639363,0,,20291.438
2024-12-27 00:00:00+00:00,176.74,176.88,171.2301,61.875732,2.915716,0.5264797507788161,-7071.5476190478585,30997.892889714265,5000.0,18926.345270666407,0,,20219.424
2024-12-30 00:00:00+00:00,176.21,175.08,171.25275,61.76295,2.9442868,0.4222222222222222,-7072.539682539922,30682.445305988414,5000.0,18609.905623448492,0,,20013.662
2024-12-31 00:00:00+00:00,175.75,175.3,171.2741,50.850544,2.9650006,0.5264797507788161,-7073.531746031986,30721.000410240566,5000.0,18647.46866420858,0,,20038.81
2025-01-02 00:00:00+00:00,175.85,172.97,171.29585,43.068253,2.7142868,0.4222222222222222,-7074.523809524049,30312.671073211015,5000.0,18238.147263686966,0,,19772.463
2025-01-03 00:00:00+00:00,173.5,173.7,171.3087,30.347567,2.8092868,0.5264797507788161,-7075.515873016113,30440.601654066013,5000.0,18365.0857810499,0,,19855.91
2025-01-06 00:00:00+00:00,173.34,169.63,171.32195,25.518188,2.740715,0.5264797507788161,-7076.5079365081765,29727.342379331163,5000.0,17650.834442822987,0,,19390.662
2025-01-07 00:00:00+00:00,169.39,171.34,171.3126,20.623892,2.8700006,0.5264797507788161,-7077.50000000024,30027.014655544735,5000.0,17949.514655544495,0,,19586.133
2025-01-08 00:00:00+00:00,171.7,173.45,171.31,30.520184,2.9950016,0.5264797507788161,-7078.492063492304,30396.787649462407,5000.0,18318.295585970103,0,,19827.33
2025-01-10 00:00:00+00:00,172.15,172.0,171.3325,38.894714,3.0328598,0.5264797507788161,-7079.484126984367,30142.67870443839,5000.0,18063.19457745402,0,,19661.58
2025-01-13 00:00:00+00:00,171.71,173.25,171.36375,38.329857,2.9850028,0.5264797507788161,-7080.476190476431,30361.73987221943,5000.0,18281.263681743,0,,19804.469
2025-01-14 00:00:00+00:00,172.69,172.37,171.39806,43.156822,3.0728595,0.5264797507788161,-7081.4682539684945,30207.520796275556,5000.0,18126.05254230706,0,,19703.875
2025-01-15 00:00:00+00:00,174.04,171.97,171.3986,39.156292,3.0957172,0.5264797507788161,-7082.460317460558,30137.42339753904,5000.0,18054.963080078483,0,,19658.15
2025-01-16 00:00:00+00:00,171.97,172.5,171.3898,40.56554,3.1585748,0.5264797507788161,-7083.452380952622,30230.304458031627,5000.0,18146.852077079006,0,,19718.734
2025-01-17 00:00:00+00:00,173.86,173.16,171.4,37.749023,3.1157172,0.5264797507788161,-7084.444444444685,30345.969876165957,5000.0,18261.52543172127,0,,19794.182
2025-01-21 00:00:00+00:00,173.21,174.75,171.41435,38.41237,3.1042895,0.5264797507788161,-7085.436507936749,30624.613087969577,5000.0,18539.17658003283,0,,19975.936
2025-01-22 00:00:00+00:00,174.55,173.54,171.4368,44.60211,3.0921457,0.5264797507788161,-7086.428571428813,30412.561775176302,5000.0,18326.13320374749,0,,19837.62
2025-01-23 00:00:00+00:00,173.26,174.12,171.45744,45.976986,3.039288,0.5264797507788161,-7087.420634920876,30514.20516844594,5000.0,18426.784533525064,0,,19903.92
2025-01-24 00:00:00+00:00,173.48,173.88,171.4779,46.974335,3.0528598,0.5264797507788161,-7088.41269841294,30472.147506416964,5000.0,18383.734808004025,0,,19876.486
2025-01-27 00:00:00+00:00,174.59,177.6,171.48946,52.613457,2.8435733,0.5264797507788161,-7089.404761905003,31124.069067704204,5000.0,19034.6643057992,0,,20301.723
2025-01-28 00:00:00+00:00,176.76,175.15,171.5066,59.558857,3.0678592,0.5264797507788161,-7090.396825397067,30694.708258300205,5000.0,18604.311432903138,0,,20021.658
2025-01-29 00:00:00+00:00,174.53,172.91,171.53004,64.69646,2.9200025,0.5264797507788161,-7091.388888889131,30302.1532966943,5000.0,18210.76440780517,0,,19765.602
2025-01-30 00:00:00+00:00,173.3,174.34,171.54436,54.06527,2.8021448,0.5264797507788161,-7092.380952381194,30552.756481985372,5000.0,18460.375529604178,0,,19929.066
2025-01-31 00:00:00+00:00,173.37,174.09,171.5782,52.38862,2.7907147,0.5264797507788161,-7093.373015873258,30508.94479025752,5000.0,18415.57177438426,0,,19900.488
2025-02-03 00:00:00+00:00,173.59,174.78,171.62344,55.995403,2.7349994,0.5264797507788161,-7094.365079365321,30629.86609166849,5000.0,18535.501012303168,0,,19979.363
2025-02-04 00:00:00+00:00,174.14,174.08,171.6786,54.534676,2.7185712,0.4222222222222222,-7095.357142857385,30507.19302169684,5000.0,18411.835878839454,0,,19899.344
2025-02-05 00:00:00+00:00,174.17,172.78,171.72565,55.122852,2.6471438,0.5625,-7096.349206349449,30279.36939388586,5000.0,18183.02018753641,0,,19750.74
2025-02-06 00:00:00+00:00,173.57,173.87,171.7657,52.302437,2.9407141,0.5625,-7097.341269841512,30470.388479331792,5000.0,18373.04720949028,0,,19875.338
2025-02-07 00:00:00+00:00,174.61,173.81,171.80705,53.774094,3.0928574,0.5264797507788161,-7098.333333333576,30459.87463252271,5000.0,18361.541299189135,0,,19868.48
2025-02-10 00:00:00+00:00,174.0,173.66,171.8519,51.851837,3.1935709,0.5264797507788161,-7099.3253968256395,30433.589099515943,5000.0,18334.263702690303,0,,19851.334
2025-02-11 00:00:00+00:00,173.86,170.97,171.8878,46.617016,3.1371427,0.5264797507788161,-7100.317460317703,29962.171127953665,5000.0,17861.85366763596,0,,19543.836
2025-02-12 00:00:00+00:00,170.26,170.19,171.91666,42.69473,3.3064291,0.5264797507788161,-7101.309523809767,29825.47773732767,5000.0,17724.168213517903,0,,19454.674
2025-02-13 00:00:00+00:00,170.53,170.47,171.93816,38.954475,3.2928576,0.5264797507788161,-7102.30158730183,29874.54683416148,5000.0,17772.24524685965,0,,19486.68
2025-02-14 00:00:00+00:00,170.17,166.47,171.9661,40.437447,3.3057153,0.5264797507788161,-7103.293650793894,29173.55372230047,5000.0,17070.260071506575,0,,19029.434
2025-02-18 00:00:00+00:00,166.23,167.8,171.96785,19.271082,3.3257153,0.5264797507788161,-7104.2857142859575,29406.633104537494,5000.0,17302.347390251536,0,,19181.467
2025-02-19 00:00:00+00:00,167.68,167.36,171.9934,28.369625,3.3764288,0.4222222222222222,-7105.277777778021,29329.523409450543,5000.0,17224.245631672522,0,,19131.17
2025-02-20 00:00:00+00:00,166.81,168.7,172.0176,31.731377,3.403571,0.5264797507788161,-7106.269841270085,29564.355867922288,5000.0,17458.086026652203,0,,19284.346
2025-02-21 00:00:00+00:00,168.75,171.13,172.04855,31.324493,3.3957138,0.5264797507788161,-7107.261904762148,29990.20962676199,5000.0,17882.94772199984,0,,19562.123
2025-02-24 00:00:00+00:00,171.32,172.61,172.0833,41.43521,3.5042865,0.4222222222222222,-7108.253968254212,30249.57682189166,5000.0,18141.322853637448,0,,19731.305
2025-02-25 00:00:00+00:00,173.47,174.05,172.12155,43.995575,3.5928586,0.5264797507788161,-7109.246031746276,30501.934052692006,5000.0,18392.68802094573,0,,19895.914
2025-02-26 00:00:00+00:00,174.0,171.76,172.16354,49.920258,3.6628582,0.5264797507788161,-7110.238095238339,30100.614344778292,5000.0,17990.376249539953,0,,19634.139
2025-02-27 00:00:00+00:00,171.09,171.87,172.1944,47.424232,3.3500018,0.5264797507788161,-7111.230158730403,30119.890546534312,5000.0,18008.66038780391,0,,19646.713
2025-02-28 00:00:00+00:00,172.87,173.59,172.20856,44.686504,3.193573,0.5264797507788161,-7112.222222222466,30421.318961282213,5000.0,18309.096739059747,0,,19843.33
2025-03-03 00:00:00+00:00,173.59,178.0,172.2303,49.462887,3.1900012,0.5264797507788161,-7113.21428571453,31194.16319048435,5000.0,19080.94890476982,0,,20347.443
2025-03-04 00:00:00+00:00,178.0,177.02,172.28171,58.771206,3.3900015,0.5264797507788161,-7114.206349206594,31022.41993703027,5000.0,18908.213587823677,0,,20235.416
2025-03-05 00:00:00+00:00,175.63,177.63,172.33835,63.13504,3.500716,0.5264797507788161,-7115.198412698657,31129.322666675012,5000.0,19014.124253976355,0,,20305.146
2025-03-06 00:00:00+00:00,176.32,183.51,172.38734,66.27296,3.5692868,0.5264797507788161,-7116.190476190721,32159.781454995195,5000.0,20043.590978804474,0,,20977.299
2025-03-07 00:00:00+00:00,183.7,191.28,172.45801,72.90933,4.046429,0.4222222222222222,-7117.182539682784,33521.4585648027,5000.0,21404.276025119914,0,,21865.498
2025-03-10 00:00:00+00:00,190.47,190.15,172.56944,88.48897,4.3800006,0.5264797507788161,-7118.174603174848,33323.4273585088,5000.0,21205.252755333953,0,,21736.326
2025-03-11 00:00:00+00:00,189.82,176.69,172.67294,84.88914,4.672858,0.5264797507788161,-7119.166666666912,30964.589294206104,5000.0,18845.422627539192,0,,20197.693
2025-03-12 00:00:00+00:00,176.5,173.14,172.711,60.355164,5.370002,0.5625,-7120.158730158975,30342.45766920593,5000.0,18222.298939046956,0,,19791.889
2025-03-13 00:00:00+00:00,173.28,175.32,172.72855,54.697422,5.530002,0.5555277909676785,-7121.150793651039,30724.499686365296,5000.0,18603.348892714257,0,,20041.086
2025-03-14 00:00:00+00:00,175.8,175.83,172.7635,54.4565,5.6021447,0.4765344796818776,-7122.142857143102,30813.875568674575,5000.0,18691.732711531473,0,,20099.385
2025-03-17 00:00:00+00:00,175.27,177.19,172.7996,53.49696,5.4850016,0.5264797507788161,-7123.134920635166,31052.213979814765,5000.0,18929.0790591796,0,,20254.848
2025-03-18 00:00:00+00:00,176.68,176.7,172.8727,53.41601,5.4571433,0.4222222222222222,-7124.12698412723,30966.34165631321,5000.0,18842.21467218598,0,,20198.834
2025-03-19 00:00:00+00:00,175.84,177.17,172.94855,55.5933,5.384286,0.5264797507788161,-7125.119047619293,31048.709551126904,5000.0,18923.59050350761,0,,20252.562
2025-03-20 00:00:00+00:00,176.81,175.3,173.02866,55.952385,5.439286,0.5264797507788161,-7126.111111111357,30720.996926617954,5000.0,18594.885815506597,0,,20038.8
2025-03-21 00:00:00+00:00,174.94,173.05,173.08176,51.914043,5.4314294,0.5264797507788161,-7127.1031746034205,30326.688476623385,5000.0,18199.585302019965,0,,19781.6
2025-03-24 00:00:00+00:00,173.81,172.82,173.1307,44.177845,5.4100003,0.5264797507788161,-7128.095238095484,30286.382355533227,5000.0,18158.287117437743,0,,19755.307
2025-03-25 00:00:00+00:00,173.14,174.78,173.1863,44.971268,5.209999,0.5264797507788161,-7129.087301587548,30629.86670456448,5000.0,18500.779402976932,0,,19979.357
2025-03-26 00:00:00+00:00,175.21,179.39,173.2383,46.694492,5.259999,0.5264797507788161,-7130.079365079611,31437.760344047758,5000.0,19307.680978968147,0,,20506.332
2025-03-27 00:00:00+00:00,179.73,179.32,173.3125,45.07649,5.0228567,0.5264797507788161,-7131.071428571675,31425.49421007105,5000.0,19294.422781499376,0,,20498.33
2025-03-28 00:00:00+00:00,180.29,178.59,173.3852,32.483894,4.471429,0.4222222222222222,-7132.0634920637385,31297.561109934064,5000.0,19165.497617870325,0,,20414.88
2025-03-31 00:00:00+00:00,178.86,182.6,173.4579,32.868996,4.162143,0.4222222222222222,-7133.055555555802,32000.306085365224,5000.0,19867.250529809422,0,,20873.27
2025-04-01 00:00:00+00:00,182.26,184.02,173.56325,62.165504,3.6192856,0.5264797507788161,-7134.047619047866,32249.15642706348,5000.0,20115.108808015615,0,,21035.59
2025-04-02 00:00:00+00:00,185.0,184.11,173.6823,74.548744,3.5742853,0.5264797507788161,-7135.039682539929,32264.929996268318,5000.0,20129.89031372839,0,,21045.879
2025-04-03 00:00:00+00:00,184.08,184.6,173.8101,71.898346,3.4542847,0.5264797507788161,-7136.031746031993,32350.802029756673,5000.0,20214.77028372468,0,,21101.893
2025-04-04 00:00:00+00:00,183.61,172.62,173.92525,71.87033,3.711428,0.5264797507788161,-7137.023809524057,30251.328148369867,5000.0,18114.30433884581,0,,19732.44
2025-04-07 00:00:00+00:00,169.83,169.36,173.96315,42.549713,4.442143,0.5264797507788161,-7138.01587301612,29680.020500197363,5000.0,17542.004627181243,0,,19359.785
2025-04-08 00:00:00+00:00,170.85,163.54,173.9989,39.025127,5.076429,0.5264797507788161,-7139.007936508184,28660.0754902943,5000.0,16521.067553786117,0,,18694.492
2025-04-09 00:00:00+00:00,162.92,170.71,173.9872,32.431038,5.553571,0.5264797507788161,-7140.000000000247,29916.606400270004,5000.0,17776.606400269757,0,,19514.107
2025-04-10 00:00:00+00:00,169.79,170.14,174.00705,44.794746,6.075714,0.5264797507788161,-7140.992063492311,29816.713289843152,5000.0,17675.72122635084,0,,19448.947
2025-04-11 00:00:00+00:00,170.88,172.77,174.0256,46.569202,6.2157145,0.4222222222222222,-7141.984126984375,30277.616125247307,5000.0,18135.631998262932,0,,19749.588
2025-04-14 00:00:00+00:00,173.1,173.85,174.05765,49.944206,6.5542874,0.5264797507788161,-7142.976190476438,30466.884432262694,5000.0,18323.908241786256,0,,19873.045
2025-04-15 00:00:00+00:00,174.66,173.95,174.09135,48.94151,6.517144,0.5264797507788161,-7143.968253968502,30484.408521764275,5000.0,18340.440267795773,0,,19884.475
2025-04-16 00:00:00+00:00,174.31,171.88,174.1275,43.099953,6.327859,0.5264797507788161,-7144.960317460565,30121.64564188282,5000.0,17976.685324422255,0,,19647.852
2025-04-17 00:00:00+00:00,173.26,171.83,174.1568,41.018837,6.480716,0.5625,-7145.952380952629,30112.88234334878,5000.0,17966.929962396152,0,,19642.135
2025-04-21 00:00:00+00:00,171.83,168.72,174.1985,41.7035,6.5057154,0.5264797507788161,-7146.944444444693,29567.860010629698,5000.0,17420.915566185005,0,,19286.625
2025-04-22 00:00:00+00:00,170.05,172.68,174.2233,32.580326,6.4564295,0.6060072004114521,-7147.936507936756,30261.84013866916,5000.0,18113.903630732402,0,,19739.297
2025-04-23 00:00:00+00:00,173.0,173.21,174.26845,36.62104,6.4735727,0.5264797507788161,-7148.92857142882,30354.725854617554,5000.0,18205.797283188735,0,,19799.887
2025-04-24 00:00:00+00:00,172.74,172.54,174.3192,37.27232,6.4692874,0.5264797507788161,-7149.9206349208835,30237.307029079813,5000.0,18087.38639415893,0,,19723.295
2025-04-25 00:00:00+00:00,171.43,170.93,174.3602,35.976746,6.172858,0.5264797507788161,-7150.912698412947,29955.157675294926,5000.0,17804.24497688198,0,,19539.254
2025-04-28 00:00:00+00:00,171.01,170.05,174.40045,47.41036,5.452858,0.5625,-7151.904761905011,29800.94157448963,5000.0,17649.036812584618,0,,19438.662
2025-04-29 00:00:00+00:00,170.08,173.51,174.44635,51.1405,4.8778567,0.5264797507788161,-7152.896825397074,30407.297755374115,5000.0,18254.40092997704,0,,19834.178
2025-04-30 00:00:00+00:00,172.89,173.43,174.4932,67.87378,4.5135703,0.5264797507788161,-7153.888888889138,30393.276903795668,5000.0,18239.38801490653,0,,19825.031
2025-05-01 00:00:00+00:00,173.16,173.89,174.52895,56.538425,4.1092844,0.5264797507788161,-7154.8809523812015,30473.89223486245,5000.0,18319.01128248125,0,,19877.615
2025-05-02 00:00:00+00:00,175.66,174.15,174.56155,59.062347,3.8999982,0.5264797507788161,-7155.873015873265,30519.454449285826,5000.0,18363.58143341256,0,,19907.336
2025-05-05 00:00:00+00:00,173.48,172.27,174.5836,53.76635,3.5721402,0.5625,-7156.865079365329,30189.989747089232,5000.0,18033.124667723903,0,,19692.432
2025-05-06 00:00:00+00:00,171.36,172.02,174.59625,45.86819,3.5149982,0.5625,-7157.857142857392,30146.1782064634,5000.0,17988.321063606007,0,,19663.854
2025-05-07 00:00:00+00:00,164.18,171.65,174.6161,44.992233,3.5828552,0.5264797507788161,-7158.849206349456,30081.33519955828,5000.0,17922.485993208826,0,,19621.559
2025-05-08 00:00:00+00:00,172.29,179.42,174.64384,49.345444,3.9335687,0.5625,-7159.8412698415195,31443.012231788405,5000.0,19283.170961946886,0,,20509.758
2025-05-09 00:00:00+00:00,179.2,180.96,174.69624,65.00592,4.249284,0.5264797507788161,-7160.833333333583,31712.89726714984,5000.0,19552.06393381626,0,,20685.799
2025-05-12 00:00:00+00:00,181.6,181.66,174.7657,75.801,4.0814276,0.5264797507788161,-7161.825396825647,31835.5698015467,5000.0,19673.744404721052,0,,20765.816
2025-05-13 00:00:00+00:00,181.71,178.34,174.83435,71.94526,3.929999,0.4222222222222222,-7162.81746031771,31253.745583691933,5000.0,19090.928123374222,0,,20386.303
2025-05-14 00:00:00+00:00,178.34,177.91,174.88866,61.03223,4.0192847,0.5625,-7163.809523809774,31178.390693905338,5000.0,19014.581170095564,0,,20337.15
2025-05-15 00:00:00+00:00,178.23,180.63,174.92654,61.668865,4.015713,0.5264797507788161,-7164.801587301838,31655.06436926284,5000.0,19490.262781961002,0,,20648.076
2025-05-16 00:00:00+00:00,181.1,182.67,174.97885,70.10783,4.00857,0.5264797507788161,-7165.793650793901,32012.569350217917,5000.0,19846.775699424015,0,,20881.271
2025-05-19 00:00:00+00:00,182.19,184.29,175.03015,74.960434,3.9571424,0.5264797507788161,-7166.785714285965,32296.471409324757,5000.0,20129.685695038792,0,,21066.455
2025-05-20 00:00:00+00:00,184.44,186.02,175.09421,72.99487,3.99,0.5264797507788161,-7167.777777778028,32599.654312917522,5000.0,20431.876535139494,0,,21264.217
2025-05-21 00:00:00+00:00,184.91,182.98,175.17896,75.08969,3.857858,0.5264797507788161,-7168.769841270092,32066.897673227377,5000.0,19898.127831957285,0,,20916.707
2025-05-22 00:00:00+00:00,182.77,181.84,175.2428,66.42572,3.9014294,0.5264797507788161,-7169.761904762156,31867.115273138228,5000.0,19697.353368376072,0,,20786.393
2025-05-23 00:00:00+00:00,181.83,182.0,175.33301,63.467598,3.7650015,0.5625,-7170.753968254219,31895.154630541867,5000.0,19724.400662287648,0,,20804.682
2025-05-27 00:00:00+00:00,182.97,184.59,175.41045,68.13266,3.7750003,0.5264797507788161,-7171.746031746283,32349.045905372634,5000.0,20177.29987362635,0,,21100.748
2025-05-28 00:00:00+00:00,184.5,182.1,175.50336,71.546074,3.7357135,0.5264797507788161,-7172.738095238346,31912.679727218725,5000.0,19739.94163198038,0,,20816.113
2025-05-29 00:00:00+00:00,181.07,180.08,175.5771,66.69864,3.327142,0.5625,-7173.73015873041,31558.677425168524,5000.0,19384.947266438114,0,,20585.203
2025-05-30 00:00:00+00:00,180.14,181.17,175.6453,51.2921,3.0735703,0.5625,-7174.722222222474,31749.697418743493,5000.0,19574.97519652102,0,,20709.803
2025-06-02 00:00:00+00:00,179.99,180.37,175.7376,50.418476,3.0135694,0.5264797507788161,-7175.714285714537,31609.498676379433,5000.0,19433.784390664896,0,,20618.354
2025-06-03 00:00:00+00:00,179.4,180.21,175.81364,47.43944,3.074997,0.5264797507788161,-7176.706349206601,31581.4617869573,5000.0,19404.7554377507,0,,20600.064
2025-06-04 00:00:00+00:00,180.83,181.51,175.89075,54.24424,2.977854,0.5264797507788161,-7177.6984126986645,31809.281348571592,5000.0,19631.582935872928,0,,20748.668
2025-06-05 00:00:00+00:00,182.0,181.01,175.97446,57.86025,2.9914258,0.5264797507788161,-7178.690476190728,31721.656694588142,5000.0,19542.966218397414,0,,20691.512
2025-06-06 00:00:00+00:00,182.23,181.84,176.05415,50.91874,2.8664258,0.5264797507788161,-7179.682539682792,31867.112713603135,5000.0,19687.430173920344,0,,20786.39
2025-06-09 00:00:00+00:00,181.48,179.96,176.1429,47.86851,2.919997,0.5264797507788161,-7180.674603174855,31537.647441430563,5000.0,19356.972838255708,0,,20571.484
2025-06-10 00:00:00+00:00,179.66,179.51,176.21495,39.026886,2.8885684,0.5264797507788161,-7181.666666666919,31458.78460011587,5000.0,19277.11793344895,0,,20520.043
2025-06-11 00:00:00+00:00,179.7,179.8,176.28525,32.35768,2.9171405,0.5264797507788161,-7182.6587301589825,31509.607030833904,5000.0,19326.94830067492,0,,20553.193
2025-06-12 00:00:00+00:00,179.96,180.18,176.3653,39.872623,2.8014264,0.5264797507788161,-7183.650793651046,31576.197615760822,5000.0,19392.546822109776,0,,20596.629
2025-06-13 00:00:00+00:00,179.25,179.1,176.44305,44.44442,2.775711,0.5264797507788161,-7184.64285714311,31386.932960144626,5000.0,19202.290103001516,0,,20473.176
2025-06-16 00:00:00+00:00,179.19,180.64,176.49435,40.8575,2.7549973,0.4222222222222222,-7185.634920635173,31656.815576475634,5000.0,19471.18065584046,0,,20649.217
2025-06-17 00:00:00+00:00,179.86,180.33,176.5406,36.664383,2.7114258,0.5264797507788161,-7186.626984127237,31602.490032996768,5000.0,19415.86304886953,0,,20613.78
2025-06-18 00:00:00+00:00,180.46,181.39,176.57346,42.992836,2.6357117,0.4222222222222222,-7187.6190476193005,31788.252340764284,5000.0,19600.633293144983,0,,20734.95
2025-06-20 00:00:00+00:00,181.9,178.28,176.62096,55.612694,2.4885678,0.5264797507788161,-7188.611111111364,31243.23018915549,5000.0,19054.619078044125,0,,20379.441
2025-06-23 00:00:00+00:00,178.48,181.02,176.6472,39.44482,2.7785687,0.5264797507788161,-7189.603174603428,31723.409195271506,5000.0,19533.80602066808,0,,20692.654
2025-06-24 00:00:00+00:00,181.82,181.02,176.6769,52.07937,2.825713,0.5264797507788161,-7190.595238095491,31723.409195271506,5000.0,19532.813957176015,0,,20692.654
2025-06-25 00:00:00+00:00,180.68,178.06,176.71155,52.617966,2.8771417,0.5264797507788161,-7191.587301587555,31204.673748829595,5000.0,19013.08644724204,0,,20354.29
2025-06-26 00:00:00+00:00,178.53,177.6,176.7358,39.92995,2.9199994,0.5264797507788161,-7192.579365079619,31124.061937850467,5000.0,18931.48257277085,0,,20301.709
2025-06-27 00:00:00+00:00,177.89,178.32,176.7756,40.02343,2.980714,0.5264797507788161,-7193.571428571682,31250.24104866151,5000.0,19056.66962008983,0,,20384.014
2025-06-30 00:00:00+00:00,178.77,180.17,176.8077,39.634884,2.8907132,0.5264797507788161,-7194.563492063746,31574.448113526494,5000.0,19379.88462146275,0,,20595.488
2025-07-01 00:00:00+00:00,180.04,182.09,176.83334,50.619446,2.854285,0.5264797507788161,-7195.555555555809,31910.92422668622,5000.0,19715.36867113041,0,,20814.967
2025-07-02 00:00:00+00:00,181.19,179.42,176.87375,57.003273,2.876428,0.5264797507788161,-7196.547619047873,31443.01304795514,5000.0,19246.465428907268,0,,20509.756
2025-07-03 00:00:00+00:00,180.19,181.32,176.89316,49.086525,3.057142,0.5625,-7197.539682539937,31775.985714944585,5000.0,19578.44603240465,0,,20726.947
2025-07-07 00:00:00+00:00,180.59,180.52,176.9194,52.5538,3.2042859,0.5264797507788161,-7198.531746032,31635.786423800135,5000.0,19437.254677768135,0,,20635.498
2025-07-08 00:00:00+00:00,179.77,180.32,176.9367,53.221413,3.220715,0.5264797507788161,-7199.523809524064,31600.73803661485,5000.0,19401.214227090786,0,,20612.635
2025-07-09 00:00:00+00:00,180.63,179.76,176.95985,49.227074,3.2485733,0.5264797507788161,-7200.515873016127,31502.597507539,5000.0,19302.081634522874,0,,20548.621
2025-07-10 00:00:00+00:00,178.91,179.56,176.9876,48.639603,3.2928586,0.5264797507788161,-7201.507936508191,31467.548338172895,5000.0,19266.040401664704,0,,20525.758
2025-07-11 00:00:00+00:00,179.36,175.19,177.0074,45.44549,3.367145,0.5264797507788161,-7202.500000000255,30701.71531024337,5000.0,18499.215310243115,0,,20026.219
2025-07-14 00:00:00+00:00,174.98,176.17,177.0154,42.763477,3.2585733,0.5264797507788161,-7203.492063492318,30873.45751001396,5000.0,18669.96544652164,0,,20138.244
2025-07-15 00:00:00+00:00,175.51,175.02,177.022,37.621216,3.1707153,0.5264797507788161,-7204.484126984382,30671.924165856966,5000.0,18467.440038872584,0,,20006.787
2025-07-16 00:00:00+00:00,176.04,177.5,177.02855,35.53519,3.0935724,0.5264797507788161,-7205.4761904764455,31106.539571175057,5000.0,18901.06338069861,0,,20290.28
2025-07-17 00:00:00+00:00,177.31,179.09,177.06465,48.61797,3.0457141,0.5264797507788161,-7206.468253968509,31385.183978327805,5000.0,19178.715724359296,0,,20472.035
2025-07-18 00:00:00+00:00,180.0,178.64,177.0894,53.482914,3.0699997,0.5264797507788161,-7207.460317460573,31306.322633525997,5000.0,19098.862316065424,0,,20420.596
2025-07-21 00:00:00+00:00,178.45,176.86,177.10265,50.757557,3.0900006,0.5625,-7208.452380952636,30994.381173097212,5000.0,18785.928792144576,0,,20217.123
2025-07-22 00:00:00+00:00,178.35,180.58,177.10425,42.137768,3.0428576,0.5625,-7209.4444444447,31646.305973651106,5000.0,19436.861529206406,0,,20642.361
2025-07-23 00:00:00+00:00,180.52,180.53,177.10866,46.695854,3.067857,0.5264797507788161,-7210.4365079367635,31637.54237797745,5000.0,19427.105870040687,0,,20636.645
2025-07-24 00:00:00+00:00,179.66,180.9,177.11356,52.743454,2.876428,0.5264797507788161,-7211.428571428827,31702.381816006047,5000.0,19490.95324457722,0,,20678.938
2025-07-25 00:00:00+00:00,180.27,176.35,177.10014,48.87697,3.0535703,0.5264797507788161,-7212.420634920891,30905.00452297255,5000.0,18692.58388805166,0,,20158.822
2025-07-28 00:00:00+00:00,175.88,175.38,177.0712,40.712685,3.480713,0.5264797507788161,-7213.412698412954,30735.01352879396,5000.0,18521.600830381005,0,,20047.941
2025-07-29 00:00:00+00:00,175.58,175.44,177.04906,39.3626,3.4042838,0.5264797507788161,-7214.404761905018,30745.52891928874,5000.0,18531.12415738372,0,,20054.8
2025-07-30 00:00:00+00:00,175.75,173.35,177.0198,40.492958,3.343569,0.5264797507788161,-7215.396825397082,30379.2610511601,5000.0,18163.86422576302,0,,19815.889
2025-07-31 00:00:00+00:00,172.0,169.82,176.9743,37.38317,3.3685696,0.5264797507788161,-7216.388888889145,29760.636296923203,5000.0,17544.247408034058,0,,19412.371
2025-08-01 00:00:00+00:00,170.28,167.28,176.9155,38.70424,3.3392835,0.5264797507788161,-7217.380952381209,29315.504366150104,5000.0,17098.123413768895,0,,19122.02
2025-08-04 00:00:00+00:00,167.51,170.48,176.835,32.45162,3.4578552,0.5241073558457205,-7218.373015873272,29876.29923237111,5000.0,17657.92621649784,0,,19487.816
2025-08-05 00:00:00+00:00,170.29,166.01,176.76595,41.709255,3.5335705,0.5264797507788161,-7219.365079365336,29092.940179693953,5000.0,16873.575100328617,0,,18976.844
2025-08-06 00:00:00+00:00,166.01,166.76,176.67245,30.439201,3.7585711,0.5264797507788161,-7220.3571428574,29224.376080254577,5000.0,17004.018937397177,0,,19062.576
2025-08-07 00:00:00+00:00,167.35,164.09,176.5779,28.391151,3.808572,0.4222222222222222,-7221.349206349463,28756.46460419812,5000.0,16535.115397848658,0,,18757.365
2025-08-08 00:00:00+00:00,164.73,161.56,176.46844,26.341446,3.9492853,0.5264797507788161,-7222.341269841527,28313.087348137273,5000.0,16090.746078295746,0,,18468.158
2025-08-11 00:00:00+00:00,161.23,158.52,176.34566,25.71427,4.036428,0.5264797507788161,-7223.33333333359,27780.334958303418,5000.0,15557.001624969827,0,,18120.652
2025-08-12 00:00:00+00:00,159.24,159.79,176.2134,14.211528,4.0428567,0.5264797507788161,-7224.325396825654,28002.899320734912,5000.0,15778.573923909258,0,,18265.828
2025-08-13 00:00:00+00:00,160.0,163.37,176.09595,17.634161,4.163571,0.4222222222222222,-7225.317460317718,28630.288382679108,5000.0,16404.97092236139,0,,18675.064
2025-08-14 00:00:00+00:00,162.8,159.25,175.9907,25.134731,4.104999,0.5264797507788161,-7226.309523809781,27908.267300933487,5000.0,15681.957777123705,0,,18204.102
2025-08-15 00:00:00+00:00,159.22,160.39,175.864,25.445122,3.8228564,0.5264797507788161,-7227.301587301845,28108.049130221618,5000.0,15880.747542919773,0,,18334.416
2025-08-18 00:00:00+00:00,160.83,160.83,175.75375,28.57957,3.8757138,0.5264797507788161,-7228.2936507939085,28185.159722900855,5000.0,15956.866072106946,0,,18384.715
2025-08-19 00:00:00+00:00,160.92,160.63,175.64005,29.346891,3.836429,0.5264797507788161,-7229.285714285972,28150.11058320456,5000.0,15920.82486891859,0,,18361.852
2025-08-20 00:00:00+00:00,159.0,163.8,175.5299,31.00357,3.7464283,0.5264797507788161,-7230.277777778036,28705.64570377734,5000.0,16475.367925999304,0,,18724.219
2025-08-21 00:00:00+00:00,163.34,163.26,175.435,40.911823,3.9957144,0.5264797507788161,-7231.269841270099,28611.01085709742,5000.0,16379.74101582732,0,,18662.49
2025-08-22 00:00:00+00:00,164.64,165.56,175.34164,43.54112,3.8585718,0.5264797507788161,-7232.261904762163,29014.083768846413,5000.0,16781.82186408425,0,,18925.406
2025-08-25 00:00:00+00:00,164.99,161.68,175.25415,41.859695,3.8442862,0.5264797507788161,-7233.2539682542265,28334.119791112927,5000.0,16100.865822858701,0,,18481.879
2025-08-26 00:00:00+00:00,161.51,162.08,175.14095,42.69321,3.7485712,0.5264797507788161,-7234.24603174629,28404.220375398752,5000.0,16169.974343652462,0,,18527.604
2025-08-27 00:00:00+00:00,162.2,162.74,175.02374,42.00821,3.6285706,0.5264797507788161,-7235.238095238354,28519.884352521447,5000.0,16284.646257283093,0,,18603.049
2025-08-28 00:00:00+00:00,162.49,162.82,174.93546,47.52477,3.4242847,0.5264797507788161,-7236.230158730417,28533.9052726872,5000.0,16297.675113956782,0,,18612.193
2025-08-29 00:00:00+00:00,163.53,163.26,174.8497,52.538296,3.2085702,0.5264797507788161,-7237.222222222481,28611.010623744405,5000.0,16373.788401521924,0,,18662.488
2025-09-02 00:00:00+00:00,162.26,160.77,174.76715,60.666042,3.0792859,0.5264797507788161,-7238.2142857145445,28174.644184317604,5000.0,15936.429898603059,0,,18377.854
2025-09-03 00:00:00+00:00,160.31,161.59,174.6857,52.090466,3.0457141,0.5264797507788161,-7239.206349206608,28318.34527887656,5000.0,16079.138929669953,0,,18471.588
2025-09-04 00:00:00+00:00,161.6,161.87,174.6081,45.696327,2.8514295,0.5264797507788161,-7240.198412698672,28367.416050448406,5000.0,16127.217637749734,0,,18503.596
2025-09-05 00:00:00+00:00,161.29,162.24,174.5427,57.779083,2.7000003,0.5264797507788161,-7241.190476190735,28432.259371624856,5000.0,16191.06889543412,0,,18545.893
2025-09-08 00:00:00+00:00,162.99,162.53,174.49165,55.756084,2.7407138,0.5264797507788161,-7242.182539682799,28483.07987688844,5000.0,16240.897337205643,0,,18579.041
2025-09-09 00:00:00+00:00,162.28,162.75,174.43825,55.339188,2.8207147,0.5264797507788161,-7243.174603174863,28521.635185707506,5000.0,16278.460582532643,0,,18604.191
2025-09-10 00:00:00+00:00,162.1,159.1,174.3917,56.64992,2.7942865,0.5264797507788161,-7244.166666666926,27881.97983288378,5000.0,15637.813166216853,0,,18186.955
2025-09-11 00:00:00+00:00,159.23,161.42,174.32906,35.688194,2.5357153,0.5264797507788161,-7245.15873015899,28288.55259646005,5000.0,16043.39386630106,0,,18452.156
2025-09-12 00:00:00+00:00,160.3,160.12,174.28055,44.94506,2.549286,0.5264797507788161,-7246.150793651053,28060.729573103654,5000.0,15814.5787794526,0,,18303.55
2025-09-15 00:00:00+00:00,160.12,158.43,174.21864,34.186024,2.4349997,0.5264797507788161,-7247.142857143117,27764.559468920907,5000.0,15517.41661177779,0,,18110.363
2025-09-16 00:00:00+00:00,158.08,159.07,174.1483,39.17387,2.3399997,0.5625,-7248.134920635181,27876.72174796444,5000.0,15628.586827329258,0,,18183.525
2025-09-17 00:00:00+00:00,160.0,159.78,174.0817,40.131157,2.3421423,0.5264797507788161,-7249.126984127244,28001.14766173789,5000.0,15752.020677610646,0,,18264.686
2025-09-18 00:00:00+00:00,159.48,154.47,174.0151,40.32676,2.4692852,0.5264797507788161,-7250.119047619308,27070.58088055807,5000.0,14820.461832938763,0,,17657.693
2025-09-19 00:00:00+00:00,155.05,151.97,173.91765,29.66386,2.8021426,0.5264797507788161,-7251.111111111371,26632.460053126568,5000.0,14381.348942015196,0,,17371.914
2025-09-22 00:00:00+00:00,152.06,151.45,173.7966,25.01106,2.892142,0.5264797507788161,-7252.103174603435,26541.329542156815,5000.0,14289.22636755338,0,,17312.47
2025-09-23 00:00:00+00:00,151.45,150.02,173.67555,27.400558,2.816428,0.5264797507788161,-7253.095238095499,26290.725475659572,5000.0,14037.630237564073,0,,17149.006
2025-09-24 00:00:00+00:00,150.15,151.5,173.549,22.750837,2.816427,0.5264797507788161,-7254.087301587562,26550.0909481508,5000.0,14296.003646563237,0,,17318.186
2025-09-25 00:00:00+00:00,151.5,148.45,173.4447,26.883642,2.7878559,0.4222222222222222,-7255.079365079626,26015.584378732103,5000.0,13760.505013652477,0,,16969.535
2025-09-26 00:00:00+00:00,148.84,149.38,173.3189,22.540787,2.8692844,0.5264797507788161,-7256.0714285716895,26178.566962476092,5000.0,13922.495533904403,0,,17075.846
2025-09-29 00:00:00+00:00,150.03,151.17,173.20074,24.466032,2.8107126,0.5264797507788161,-7257.063492063753,26492.259457405064,5000.0,14235.19596534131,0,,17280.463
2025-09-30 00:00:00+00:00,150.41,148.93,173.0826,28.806725,2.9099982,0.5264797507788161,-7258.055555555817,26099.70313617928,5000.0,13841.647580623463,0,,17024.404
2025-10-01 00:00:00+00:00,148.44,146.29,172.9409,30.37435,2.8807123,0.5264797507788161,-7259.04761904788,25637.0488011156,5000.0,13378.001182067721,0,,16722.623
2025-10-02 00:00:00+00:00,145.82,146.31,172.7781,21.158981,2.9321408,0.5625,-7260.039682539944,25640.554233122304,5000.0,13380.51455058236,0,,16724.91
2025-10-03 00:00:00+00:00,145.68,146.26,172.6069,22.324667,3.027141,0.5264797507788161,-7261.0317460320075,25631.790983130606,5000.0,13370.759237098599,0,,16719.193
2025-10-06 00:00:00+00:00,146.99,147.69,172.4392,23.895342,2.9714267,0.5264797507788161,-7262.023809524071,25882.397830066762,5000.0,13620.374020542691,0,,16882.66
2025-10-07 00:00:00+00:00,147.69,149.64,172.28725,26.390038,3.0907123,0.5264797507788161,-7263.015873016135,26224.12994300668,5000.0,13961.114069990545,0,,17105.566
2025-10-08 00:00:00+00:00,149.55,149.43,172.1471,29.992117,3.0335705,0.5264797507788161,-7264.007936508198,26187.327225588717,5000.0,13923.319289080519,0,,17081.56
2025-10-09 00:00:00+00:00,149.7,149.32,172.01175,37.5494,2.8042843,0.5264797507788161,-7265.000000000262,26168.05184021436,5000.0,13903.051840214099,0,,17068.986
2025-10-10 00:00:00+00:00,149.87,151.54,171.8784,42.57705,2.67357,0.5264797507788161,-7265.9920634923255,26557.100267951617,5000.0,14291.108204459291,0,,17322.758
2025-10-13 00:00:00+00:00,151.39,152.19,171.7524,50.23017,2.736426,0.4222222222222222,-7266.984126984389,26671.013992593587,5000.0,14404.029865609198,0,,17397.062
2025-10-14 00:00:00+00:00,151.99,154.12,171.63515,55.780495,2.7699988,0.5264797507788161,-7267.976190476453,27009.242035736395,5000.0,14741.265845259943,0,,17617.682
2025-10-15 00:00:00+00:00,153.9,154.46,171.5205,56.815804,2.8935711,0.5264797507788161,-7268.968253968516,27068.829996260403,5000.0,14799.861742291887,0,,17656.55
2025-10-16 00:00:00+00:00,154.18,152.94,171.40524,68.20111,2.7621427,0.5264797507788161,-7269.96031746058,26802.451420624697,5000.0,14532.491103164117,0,,17482.795
2025-10-17 00:00:00+00:00,153.44,152.93,171.28555,60.409348,2.8599994,0.5264797507788161,-7270.952380952644,26800.69731007025,5000.0,14529.744929117605,0,,17481.65
2025-10-20 00:00:00+00:00,153.89,155.07,171.1748,55.7441,2.7807138,0.5264797507788161,-7271.944444444707,27175.729717561764,5000.0,14903.785273117057,0,,17726.277
2025-10-21 00:00:00+00:00,154.14,156.92,171.07365,70.17084,2.7249997,0.5264797507788161,-7272.936507936771,27499.935870384106,5000.0,15226.999362447335,0,,17937.754
2025-10-22 00:00:00+00:00,156.38,157.0,170.9934,86.83295,2.7478573,0.4222222222222222,-7273.928571428834,27513.956936300838,5000.0,15240.028364872003,0,,17946.898
2025-10-23 00:00:00+00:00,156.85,155.72,170.9099,86.88747,2.7642856,0.5264797507788161,-7274.920634920898,27289.639978251238,5000.0,15014.71934333034,0,,17800.58
2025-10-24 00:00:00+00:00,156.78,155.83,170.84035,80.08905,2.7471423,0.5264797507788161,-7275.912698412962,27308.91831459871,5000.0,15033.00561618575,0,,17813.156
2025-10-27 00:00:00+00:00,155.25,156.3,170.7628,78.26387,2.6285717,0.5264797507788161,-7276.904761905025,27391.285131867757,5000.0,15114.380369962731,0,,17866.883
2025-10-28 00:00:00+00:00,156.11,154.3,170.67705,75.77398,2.692143,0.5264797507788161,-7277.896825397089,27040.78829782155,5000.0,14762.89147242446,0,,17638.26
2025-10-29 00:00:00+00:00,153.31,149.89,170.58855,66.55339,2.665001,0.5264797507788161,-7278.888888889152,26267.94295847878,5000.0,13989.054069589627,0,,17134.145
2025-10-30 00:00:00+00:00,149.89,149.88,170.47176,51.499187,3.0692859,0.5264797507788161,-7279.880952381216,26266.190949792086,5000.0,13986.30999741087,0,,17133.002
2025-10-31 00:00:00+00:00,148.89,148.94,170.3593,45.059566,3.0221448,0.4222222222222222,-7280.87301587328,26101.45675645995,5000.0,13820.58374058667,0,,17025.549
2025-11-03 00:00:00+00:00,148.2,150.63,170.24416,40.49153,2.9821439,0.5264797507788161,-7281.865079365343,26397.62521014224,5000.0,14115.760130776896,0,,17218.734
2025-11-04 00:00:00+00:00,151.56,152.42,170.1348,39.643967,3.058572,0.4222222222222222,-7282.857142857407,26711.31816957878,5000.0,14428.461026721372,0,,17423.352
2025-11-05 00:00:00+00:00,156.71,159.83,170.0311,44.426212,3.0950012,0.5264797507788161,-7283.8492063494705,28009.90744127693,5000.0,15726.05823492746,0,,18270.4
2025-11-06 00:00:00+00:00,162.37,163.08,169.9565,64.24141,3.4492874,0.4222222222222222,-7284.841269841534,28579.464388245462,5000.0,16294.623118403928,0,,18641.912
2025-11-07 00:00:00+00:00,162.79,160.8,169.9042,68.501656,3.6492877,0.4222222222222222,-7285.833333333598,28179.898741185374,5000.0,15894.065407851776,0,,18381.281
2025-11-10 00:00:00+00:00,160.74,162.61,169.8376,60.391724,3.73143,0.5264797507788161,-7286.825396825661,28497.09782340947,5000.0,16210.272426583808,0,,18588.186
2025-11-11 00:00:00+00:00,162.5,165.73,169.78125,60.334187,3.70143,0.5264797507788161,-7287.817460317725,29043.87088621958,5000.0,16756.053425901857,0,,18944.836
2025-11-12 00:00:00+00:00,166.0,167.17,169.7219,64.2787,3.72143,0.5264797507788161,-7288.8095238097885,29296.227489041394,5000.0,17007.417965231605,0,,19109.445
2025-11-13 00:00:00+00:00,166.42,165.27,169.682,68.63,3.7921448,0.5264797507788161,-7289.801587301852,28963.25676001696,5000.0,16673.45517271511,0,,18892.254
2025-11-14 00:00:00+00:00,165.41,164.02,169.6438,64.51415,3.8992865,0.5264797507788161,-7290.793650793916,28744.197437135736,5000.0,16453.40378634182,0,,18749.365
2025-11-17 00:00:00+00:00,164.04,163.64,169.5922,61.5916,3.8921432,0.5264797507788161,-7291.785714285979,28677.60194510765,5000.0,16385.81623082167,0,,18705.926
2025-11-18 00:00:00+00:00,163.15,163.94,169.53995,64.74116,3.8721433,0.4222222222222222,-7292.777777778043,28730.177156670023,5000.0,16437.39937889198,0,,18740.22
2025-11-19 00:00:00+00:00,164.62,165.8,169.48575,75.480606,3.5150015,0.5264797507788161,-7293.769841270107,29056.13897068123,5000.0,16762.369129411123,0,,18952.84
2025-11-20 00:00:00+00:00,167.82,167.77,169.44435,77.05642,3.5557141,0.5264797507788161,-7294.76190476217,29401.379025227317,5000.0,17106.617120465147,0,,19178.033
2025-11-21 00:00:00+00:00,167.69,170.8,169.4193,80.91955,3.8214285,0.4222222222222222,-7295.753968254234,29932.381037132032,5000.0,17636.6270688778,0,,19524.398
2025-11-24 00:00:00+00:00,170.72,170.58,169.40395,81.723816,3.8507135,0.5264797507788161,-7296.746031746297,29893.826442960246,5000.0,17597.08041121395,0,,19499.25
2025-11-25 00:00:00+00:00,171.31,173.62,169.3878,80.04633,3.814284,0.5264797507788161,-7297.738095238361,30426.58077664346,5000.0,18128.842681405098,0,,19846.756
2025-11-26 00:00:00+00:00,173.63,173.92,169.3876,76.67311,3.470712,0.5264797507788161,-7298.730158730425,30479.156041616796,5000.0,18180.42588288637,0,,19881.05
2025-11-28 00:00:00+00:00,174.42,174.48,169.40234,73.66812,3.2178552,0.5264797507788161,-7299.722222222488,30577.294136123546,5000.0,18277.571913901058,0,,19945.064
2025-12-01 00:00:00+00:00,173.53,174.2,169.4238,82.29461,3.017855,0.5264797507788161,-7300.714285714552,30528.225655987935,5000.0,18227.511370273383,0,,19913.059
2025-12-02 00:00:00+00:00,173.14,172.68,169.44244,79.4911,2.997854,0.5264797507788161,-7301.706349206615,30261.847252668136,5000.0,17960.14090346152,0,,19739.303
2025-12-03 00:00:00+00:00,172.69,176.13,169.4735,69.25207,2.9228537,0.5264797507788161,-7302.698412698679,30866.45591668637,5000.0,18563.75750398769,0,,20133.68
2025-12-04 00:00:00+00:00,176.72,180.34,169.51515,72.333,3.0585687,0.5264797507788161,-7303.690476190743,31604.249832233585,5000.0,19300.559356042842,0,,20614.93
2025-12-05 00:00:00+00:00,179.98,181.71,169.58005,83.68347,3.2142835,0.5264797507788161,-7304.682539682806,31844.34259006167,5000.0,19539.660050378865,0,,20771.537
2025-12-08 00:00:00+00:00,182.68,180.99,169.6451,89.32856,3.267855,0.4222222222222222,-7305.67460317487,31718.164542264018,5000.0,19412.489939089148,0,,20689.232
2025-12-09 00:00:00+00:00,180.61,180.17,169.6944,87.99823,3.584283,0.5264797507788161,-7306.666666666933,31574.460060949204,5000.0,19267.79339428227,0,,20595.496
2025-12-10 00:00:00+00:00,179.98,184.92,169.7322,84.75371,3.5642831,0.5264797507788161,-7307.658730158997,32406.888142425814,5000.0,20099.229412266817,0,,21138.475
2025-12-11 00:00:00+00:00,184.56,187.18,169.78654,86.43289,3.7699978,0.5264797507788161,-7308.650793651061,32802.94748615121,5000.0,20494.296692500153,0,,21396.818
2025-12-12 00:00:00+00:00,187.33,187.5,169.86365,86.581184,3.8371408,0.5264797507788161,-7309.642857143124,32859.02676293931,5000.0,20549.38390579619,0,,21433.398
2025-12-15 00:00:00+00:00,188.09,187.65,169.9418,85.054535,3.6614282,0.5264797507788161,-7310.634920635188,32885.314429332364,5000.0,20574.679508697176,0,,21450.545
2025-12-16 00:00:00+00:00,188.64,186.91,170.0121,85.936806,3.8242853,0.5264797507788161,-7311.6269841272515,32755.633056532213,5000.0,20444.00607240496,0,,21365.957
2025-12-17 00:00:00+00:00,186.87,188.09,170.05666,80.97903,3.7964292,0.5264797507788161,-7312.619047619315,32962.42607523578,5000.0,20649.807027616465,0,,21500.846
2025-12-18 00:00:00+00:00,188.01,184.38,170.112,81.72861,3.8992865,0.5264797507788161,-7313.611111111379,32312.257124433974,5000.0,19998.646013322596,0,,21076.75
2025-12-19 00:00:00+00:00,183.38,184.5,170.14575,69.427025,4.1700006,0.5264797507788161,-7314.603174603442,32333.284762349856,5000.0,20018.681587746414,0,,21090.467
2025-12-22 00:00:00+00:00,184.4,185.33,170.1507,70.33967,4.1771436,0.5264797507788161,-7315.595238095506,32478.73930821453,5000.0,20163.144070119026,0,,21185.346
2025-12-23 00:00:00+00:00,184.6,185.31,170.12096,75.68009,4.24143,0.5264797507788161,-7316.5873015875695,32475.233422799025,5000.0,20158.646121211455,0,,21183.059
2025-12-24 00:00:00+00:00,184.96,185.18,170.09676,71.65095,4.0721445,0.5264797507788161,-7317.579365079633,32452.450530966056,5000.0,20134.871165886423,0,,21168.2
2025-12-26 00:00:00+00:00,184.74,186.13,170.1392,64.135506,3.7485733,0.5264797507788161,-7318.571428571697,32618.937176736144,5000.0,20300.365748164448,0,,21276.795
2025-12-29 00:00:00+00:00,186.13,186.42,170.20415,63.23353,3.6157172,0.5264797507788161,-7319.56349206376,32669.75961460664,5000.0,20350.19612254288,0,,21309.945
2025-12-30 00:00:00+00:00,186.06,184.55,170.25964,66.68714,3.260718,0.5264797507788161,-7320.555555555824,32342.045855388147,5000.0,20021.490299832323,0,,21096.184
2025-12-31 00:00:00+00:00,183.86,182.48,170.30325,62.64437,3.281432,0.5264797507788161,-7321.547619047888,31979.280610358303,5000.0,19657.732991310415,0,,20859.559
2026-01-02 00:00:00+00:00,181.92,178.35,170.3297,41.66665,3.0471463,0.5264797507788161,-7322.539682539951,31255.508286044198,5000.0,18932.968603504247,0,,20387.453
2026-01-05 00:00:00+00:00,178.0,181.46,170.33795,23.258638,2.907146,0.5264797507788161,-7323.531746032015,31800.528626195708,5000.0,19476.996880163693,0,,20742.963
2026-01-06 00:00:00+00:00,181.46,185.56,170.3594,34.352325,3.1535742,0.4222222222222222,-7324.523809524078,32519.044140771504,5000.0,20194.520331247426,0,,21211.639
2026-01-07 00:00:00+00:00,186.07,185.97,170.4107,45.50538,3.2350028,0.5264797507788161,-7325.515873016142,32590.896405551215,5000.0,20265.380532535073,0,,21258.506
2026-01-08 00:00:00+00:00,186.0,187.75,170.4753,47.949383,3.1964307,0.5264797507788161,-7326.507936508206,32902.83798910097,5000.0,20576.330052592763,0,,21461.98
2026-01-09 00:00:00+00:00,187.75,189.16,170.54996,49.277218,3.2857153,0.5264797507788161,-7327.500000000269,33149.936552728854,5000.0,20822.436552728585,0,,21623.158
2026-01-12 00:00:00+00:00,188.89,190.27,170.62186,61.262955,3.1478598,0.5264797507788161,-7328.492063492333,33344.462942185615,5000.0,21015.970878693282,0,,21750.045
2026-01-13 00:00:00+00:00,190.39,188.45,170.67625,62.98965,3.0935745,0.5264797507788161,-7329.484126984396,33025.50938294045,5000.0,20696.025255956054,0,,21541.996
2026-01-14 00:00:00+00:00,188.32,192.6,170.7219,56.724125,3.059288,0.5264797507788161,-7330.47619047646,33752.789570467314,5000.0,21422.313379990854,0,,22016.389
2026-01-15 00:00:00+00:00,192.79,191.25,170.79195,63.336998,3.2364306,0.5264797507788161,-7331.468253968524,33516.203205488295,5000.0,21184.73495151977,0,,21862.068
2026-01-16 00:00:00+00:00,190.5,190.32,170.8352,60.630478,3.3721445,0.5264797507788161,-7332.460317460587,33353.22310163117,5000.0,21020.762784170583,0,,21755.76
2026-01-20 00:00:00+00:00,189.57,186.85,170.8667,57.34315,3.4664295,0.5264797507788161,-7333.452380952651,32745.111635786183,5000.0,20411.659254833532,0,,21359.098
2026-01-21 00:00:00+00:00,187.14,187.82,170.8804,50.678032,3.6250012,0.4222222222222222,-7334.4444444447145,32915.102189822705,5000.0,20580.65774537799,0,,21469.979
2026-01-22 00:00:00+00:00,187.92,188.7,170.8965,55.306725,3.7050006,0.5264797507788161,-7335.436507936778,33069.31874891887,5000.0,20733.882240982093,0,,21570.572
2026-01-23 00:00:00+00:00,188.62,185.11,170.9769,60.499664,3.7564294,0.5264797507788161,-7336.428571428842,32440.17798415351,5000.0,20103.74941272467,0,,21160.195
2026-01-26 00:00:00+00:00,186.07,182.94,171.05565,61.6231,3.8014297,0.5264797507788161,-7337.420634920905,32059.890098187603,5000.0,19722.469463266698,0,,20912.139
2026-01-27 00:00:00+00:00,182.23,178.96,171.15265,52.6297,3.8928583,0.4222222222222222,-7338.412698412969,31362.402985562447,5000.0,19023.990287149478,0,,20457.18
2026-01-28 00:00:00+00:00,179.77,179.81,171.1939,38.222717,3.8685727,0.4222222222222222,-7339.4047619050325,31511.36360240779,5000.0,19171.958840502757,0,,20554.344
2026-01-29 00:00:00+00:00,179.81,177.94,171.24225,39.177784,4.155716,0.4222222222222222,-7340.396825397096,31183.65114276323,5000.0,18843.254317366132,0,,20340.584
2026-01-30 00:00:00+00:00,178.21,179.21,171.2681,32.81961,4.1492877,0.5264797507788161,-7341.38888888916,31406.218171907934,5000.0,19064.829283018775,0,,20485.762
2026-02-02 00:00:00+00:00,179.29,179.18,171.2949,32.48856,4.1607165,0.4222222222222222,-7342.380952381223,31400.957974205106,5000.0,19058.577021823883,0,,20482.33
2026-02-03 00:00:00+00:00,176.55,166.16,171.32104,29.71092,4.282145,0.5264797507788161,-7343.373015873287,29119.228700936925,5000.0,16775.855685063638,0,,18993.996
2026-02-04 00:00:00+00:00,170.76,173.78,171.29245,21.074484,5.070002,0.5264797507788161,-7344.3650793653505,30454.617218833533,5000.0,18110.252139468183,0,,19865.047
2026-02-05 00:00:00+00:00,176.44,176.96,171.3022,27.595213,5.375001,0.4222222222222222,-7345.357142857414,31011.909389544075,5000.0,18666.55224668666,0,,20228.56
2026-02-06 00:00:00+00:00,176.66,173.36,171.3434,33.698376,5.879287,0.5264797507788161,-7346.349206349478,30381.0154568537,5000.0,18034.666250504222,0,,19817.04
2026-02-09 00:00:00+00:00,173.83,171.56,171.3468,31.763428,6.171429,0.5264797507788161,-7347.341269841541,30065.5690722716,5000.0,17718.227802430058,0,,19611.28
2026-02-10 00:00:00+00:00,171.13,170.62,171.33855,32.946674,6.392857,0.5264797507788161,-7348.333333333605,29900.835099902848,5000.0,17552.501766569243,0,,19503.826
2026-02-11 00:00:00+00:00,169.55,165.65,171.32895,30.803553,6.3814282,0.5264797507788161,-7349.325396825669,29029.851045248128,5000.0,16680.52564842246,0,,18935.697
2026-02-12 00:00:00+00:00,166.85,157.47,171.30255,26.426668,6.5321426,0.5264797507788161,-7350.317460317732,27596.322266449777,5000.0,15246.004806132045,0,,18000.63
2026-02-13 00:00:00+00:00,158.16,156.69,171.23965,24.158562,7.102857,0.4222222222222222,-7351.309523809796,27459.628719122928,5000.0,15108.319195313132,0,,17911.467
2026-02-17 00:00:00+00:00,160.84,158.59,171.15555,24.803223,6.7928567,0.5264797507788161,-7352.301587301859,27792.60005044279,5000.0,15440.29846314093,0,,18128.66
2026-02-18 00:00:00+00:00,159.0,158.76,171.08134,29.63406,6.7849994,0.4222222222222222,-7353.293650793923,27822.39177031498,5000.0,15469.098119521055,0,,18148.092
2026-02-19 00:00:00+00:00,158.07,161.14,171.0057,28.664097,6.5442843,0.4222222222222222,-7354.285714285987,28239.48181398801,5000.0,15885.196099702025,0,,18420.152
2026-02-20 00:00:00+00:00,161.74,159.19,170.94064,33.14607,6.536427,0.5264797507788161,-7355.27777777805,27897.749264601694,5000.0,15542.471486823644,0,,18197.246
2026-02-23 00:00:00+00:00,158.07,155.68,170.87524,30.186062,6.556427,0.5264797507788161,-7356.269841270114,27282.626529163437,5000.0,14926.356687893323,0,,17796.012
2026-02-24 00:00:00+00:00,155.0,156.18,170.79355,28.24074,6.6185694,0.5264797507788161,-7357.261904762177,27370.251141488716,5000.0,15012.989236726538,0,,17853.168
2026-02-25 00:00:00+00:00,156.03,156.54,170.7162,37.970097,5.8992844,0.5264797507788161,-7358.253968254241,27433.340413996364,5000.0,15075.086445742123,0,,17894.318
2026-02-26 00:00:00+00:00,157.57,161.08,170.6018,24.810057,5.3699994,0.5264797507788161,-7359.246031746305,28228.967355038352,5000.0,15869.721323292048,0,,18413.293
2026-02-27 00:00:00+00:00,159.44,162.46,170.5024,27.684095,5.0550003,0.5264797507788161,-7360.238095238368,28470.81095971085,5000.0,16110.57286447248,0,,18571.045
2026-03-02 00:00:00+00:00,160.51,164.2,170.4064,33.663086,4.903572,0.5264797507788161,-7361.230158730432,28775.740161297603,5000.0,16414.51000256717,0,,18769.945
2026-03-03 00:00:00+00:00,162.16,168.75,170.3357,38.948948,4.914286,0.4222222222222222,-7362.2222222224955,29573.11822745035,5000.0,17210.896005227856,0,,19290.06
2026-03-04 00:00:00+00:00,168.17,168.43,170.2899,47.46682,5.214287,0.4222222222222222,-7363.214285714559,29517.03807944449,5000.0,17153.82379372993,0,,19253.48
2026-03-05 00:00:00+00:00,166.31,167.05,170.2289,54.30874,5.010001,0.5264797507788161,-7364.206349206623,29275.197475234563,5000.0,16910.99112602794,0,,19095.732
2026-03-06 00:00:00+00:00,165.89,171.83,170.1508,68.81383,4.222858,0.5264797507788161,-7365.198412698686,30112.882759321383,5000.0,17747.684346622696,0,,19642.14
2026-03-09 00:00:00+00:00,170.9,171.59,170.0885,75.695854,4.5457153,0.4222222222222222,-7366.19047619075,30070.821830107507,5000.0,17704.631353916757,0,,19614.705
2026-03-10 00:00:00+00:00,171.42,171.02,170.01636,73.38128,4.5350003,0.5264797507788161,-7367.1825396828135,29970.931778539136,5000.0,17603.749238856322,0,,19549.549
2026-03-11 00:00:00+00:00,170.73,167.01,169.95654,71.737595,4.712144,0.5264797507788161,-7368.174603174877,29268.184375833443,5000.0,16900.009772658566,0,,19091.158
2026-03-12 00:00:00+00:00,166.24,166.34,169.8824,59.839073,4.855001,0.5264797507788161,-7369.166666666941,29150.767730688036,5000.0,16781.601064021095,0,,19014.57
2026-03-13 00:00:00+00:00,167.76,168.77,169.80411,62.521873,4.9850006,0.5264797507788161,-7370.158730159004,29576.62026573615,5000.0,17206.461535577146,0,,19292.346
2026-03-16 00:00:00+00:00,168.72,167.35,169.725,73.826,4.90643,0.5264797507788161,-7371.150793651068,29327.768744917004,5000.0,16956.617951265936,0,,19130.025
2026-03-17 00:00:00+00:00,167.62,166.77,169.65125,69.67243,4.9207163,0.5264797507788161,-7372.142857143132,29226.125394706698,5000.0,16853.982537563566,0,,19063.725
2026-03-18 00:00:00+00:00,165.2,165.15,169.5847,67.87837,5.068574,0.5264797507788161,-7373.134920635195,28942.220854990315,5000.0,16569.08593435512,0,,18878.537
2026-03-19 00:00:00+00:00,165.09,164.43,169.5046,57.92135,4.800002,0.5264797507788161,-7374.126984127259,28816.042539112605,5000.0,16441.915554985346,0,,18796.232
2026-03-20 00:00:00+00:00,163.62,165.38,169.4249,53.935246,4.750716,0.5264797507788161,-7375.119047619322,28982.530032353512,5000.0,16607.41098473419,0,,18904.83
2026-03-23 00:00:00+00:00,165.62,163.3,169.35075,52.434006,4.474288,0.5264797507788161,-7376.111111111386,28618.013375978768,5000.0,16241.902264867382,0,,18667.062
2026-03-24 00:00:00+00:00,162.67,158.87,169.2597,37.482803,4.1907163,0.5264797507788161,-7377.10317460345,27841.662741770484,5000.0,15464.559567167034,0,,18160.662
2026-03-25 00:00:00+00:00,159.54,157.4,169.149,31.530169,4.3428597,0.5264797507788161,-7378.095238095513,27584.048117327176,5000.0,15205.952879231663,0,,17992.625
2026-03-26 00:00:00+00:00,157.19,157.2,169.0268,31.420887,4.7071447,0.5264797507788161,-7379.087301587577,27548.998396457802,5000.0,15169.911094870225,0,,17969.762
2026-03-27 00:00:00+00:00,156.78,153.31,168.913,15.801837,4.4392877,0.5264797507788161,-7380.07936507964,26867.283997401857,5000.0,14487.204632322217,0,,17525.092
2026-03-30 00:00:00+00:00,155.27,156.43,168.782,13.498462,4.5071454,0.5264797507788161,-7381.071428571704,27414.05829593869,5000.0,15032.986867366984,0,,17881.742
2026-03-31 00:00:00+00:00,158.81,158.04,168.66515,23.55928,4.385717,0.5264797507788161,-7382.063492063768,27696.208510979905,5000.0,15314.145018916137,0,,18065.785
2026-04-01 00:00:00+00:00,158.15,155.63,168.55444,32.195335,4.2092886,0.5264797507788161,-7383.055555555831,27273.862039107033,5000.0,14890.806483551201,0,,17790.295
2026-04-02 00:00:00+00:00,155.28,157.48,168.4371,30.115147,4.1092877,0.5264797507788161,-7384.047619047895,27598.068442254204,5000.0,15214.020823206309,0,,18001.77
2026-04-06 00:00:00+00:00,158.0,158.1,168.3213,28.57684,4.2742877,0.5264797507788161,-7385.039682539958,27706.72549315494,5000.0,15321.685810614981,0,,18072.645
2026-04-07 00:00:00+00:00,157.57,158.32,168.21014,31.898252,4.2014303,0.5264797507788161,-7386.031746032022,27745.280233903537,5000.0,15359.248487871515,0,,18097.793
2026-04-08 00:00:00+00:00,158.06,157.98,168.0948,33.22749,4.2171435,0.5264797507788161,-7387.023809524086,27685.69405511751,5000.0,15298.670245593425,0,,18058.926
2026-04-09 00:00:00+00:00,157.75,153.38,167.9933,35.00629,4.260715,0.5264797507788161,-7388.015873016149,26879.55517673867,5000.0,14491.539303722522,0,,17533.096
2026-04-10 00:00:00+00:00,151.73,147.2,167.8551,30.118776,4.3621435,0.5264797507788161,-7389.007936508213,25796.520273693757,5000.0,13407.512337185544,0,,16826.648
2026-04-13 00:00:00+00:00,147.49,151.4,167.686,22.471222,4.6078577,0.5264797507788161,-7390.0000000002765,26532.56269348359,5000.0,14142.562693483313,0,,17306.758
2026-04-14 00:00:00+00:00,151.59,151.42,167.5527,33.067715,4.673572,0.4222222222222222,-7390.99206349234,26536.067217650696,5000.0,14145.075154158356,0,,17309.043
2026-04-15 00:00:00+00:00,151.83,153.4,167.4218,37.8783,4.490715,0.4222222222222222,-7391.984126984404,26883.057773076736,5000.0,14491.073646092333,0,,17535.38
2026-04-16 00:00:00+00:00,153.9,154.15,167.2972,43.59795,4.135715,0.4222222222222222,-7392.976190476467,27014.492553250897,5000.0,14621.51636277443,0,,17621.113
2026-04-17 00:00:00+00:00,154.34,154.06,167.1671,45.20289,4.0350003,0.4222222222222222,-7393.968253968531,26998.720749719305,5000.0,14604.752495750774,0,,17610.826
2026-04-20 00:00:00+00:00,153.89,153.87,167.02695,51.339764,3.767142,0.5264797507788161,-7394.9603174605945,26965.423775356427,5000.0,14570.463457895832,0,,17589.107
2026-04-21 00:00:00+00:00,153.77,155.5,166.8992,44.89226,3.6492844,0.5264797507788161,-7395.952380952658,27251.079681362913,5000.0,14855.127300410255,0,,17775.436
2026-04-22 00:00:00+00:00,155.47,155.88,166.7701,44.93622,3.7278562,0.4222222222222222,-7396.944444444722,27317.675609253205,5000.0,14920.731164808483,0,,17818.875
2026-04-23 00:00:00+00:00,154.68,150.6,166.6469,50.542297,3.663571,0.5264797507788161,-7397.936507936785,26392.366188852226,5000.0,13994.42968091544,0,,17215.312
2026-04-24 00:00:00+00:00,149.73,151.15,166.4983,37.009094,3.8421423,0.5264797507788161,-7398.928571428849,26488.750492206906,5000.0,14089.821920778057,0,,17278.182
2026-04-27 00:00:00+00:00,150.75,151.01,166.35526,36.842083,3.8428562,0.5264797507788161,-7399.920634920913,26464.215123368063,5000.0,14064.29448844715,0,,17262.178
2026-04-28 00:00:00+00:00,153.24,152.8,166.2125,36.118473,3.731428,0.5264797507788161,-7400.912698412976,26777.910700845532,5000.0,14376.998002432556,0,,17466.795
2026-04-29 00:00:00+00:00,153.36,153.75,166.10056,40.676758,3.778571,0.4222222222222222,-7401.90476190504,26944.395432840625,5000.0,14542.490670935586,0,,17575.39
2026-04-30 00:00:00+00:00,152.04,153.75,165.98845,50.76667,3.4942856,0.5264797507788161,-7402.896825397103,26944.395432840625,5000.0,14541.498607443522,0,,17575.39
2026-05-01 00:00:00+00:00,155.06,154.03,165.8821,68.24514,3.2135708,0.5264797507788161,-7403.888888889167,26993.465496554116,5000.0,14589.576607664949,0,,17607.398
2026-05-04 00:00:00+00:00,152.95,152.52,165.76476,59.37279,3.116428,0.5264797507788161,-7404.880952381231,26728.842196497433,5000.0,14323.961244116203,0,,17434.79
2026-05-05 00:00:00+00:00,150.92,149.34,165.6319,53.54384,3.2057135,0.5264797507788161,-7405.873015873294,26171.55213543027,5000.0,13765.679119556975,0,,17071.277
2026-05-06 00:00:00+00:00,148.86,142.88,165.4854,37.85886,3.3321435,0.5264797507788161,-7406.865079365358,25039.450915370995,5000.0,12632.585836005637,0,,16332.826
2026-05-07 00:00:00+00:00,142.39,146.03,165.3155,24.877413,3.7050006,0.4591833065656687,-7407.857142857421,25591.48183788374,5000.0,13183.62469502632,0,,16692.908
2026-05-08 00:00:00+00:00,144.89,145.84,165.14275,34.248722,3.9007154,0.4222222222222222,-7408.849206349485,25558.184510303337,5000.0,13149.335303953852,0,,16671.19
2026-05-11 00:00:00+00:00,144.87,143.65,164.9693,34.248722,4.0385733,0.4222222222222222,-7409.841269841549,25174.3901301986,5000.0,12764.548860357052,0,,16420.846
2026-05-12 00:00:00+00:00,145.7,144.73,164.78305,27.255257,3.963574,0.4222222222222222,-7410.833333333612,25363.65853286223,5000.0,12952.82519952862,0,,16544.303
2026-05-13 00:00:00+00:00,143.06,141.43,164.62495,29.15885,3.9978604,0.4222222222222222,-7411.825396825676,24785.339187656056,5000.0,12373.51379083038,0,,16167.074
2026-05-14 00:00:00+00:00,142.35,134.03,164.4552,31.48967,3.7978604,0.5264797507788161,-7412.8174603177395,23488.503674913005,5000.0,11075.686214595265,0,,15321.17
2026-05-15 00:00:00+00:00,136.96,136.87,164.24815,22.92853,4.311432,0.4222222222222222,-7413.809523809803,23986.206577612527,5000.0,11572.397053802724,0,,15645.813
2026-05-18 00:00:00+00:00,136.31,139.11,164.06575,29.399763,4.4885745,0.4222222222222222,-7414.801587301867,24378.76209366724,5000.0,11963.960506365373,0,,15901.872
2026-05-19 00:00:00+00:00,140.67,140.5,163.9122,30.313478,4.6607165,0.5264797507788161,-7415.79365079393,24622.357674565905,5000.0,12206.564023771974,0,,16060.765
2026-05-20 00:00:00+00:00,138.66,139.82,163.7783,31.184319,4.9842877,0.5074436710191423,-7416.785714285994,24503.19093090239,5000.0,12086.405216616397,0,,15983.034
2026-05-21 00:00:00+00:00,138.58,139.56,163.625,30.593481,5.0735736,0.5264797507788161,-7417.7777777780575,24457.624666877822,5000.0,12039.846889099765,0,,15953.312
2026-05-22 00:00:00+00:00,139.44,140.19,163.49275,29.829937,5.186431,0.5264797507788161,-7418.769841270121,24568.031701142067,5000.0,12149.261859871945,0,,16025.329
2026-05-26 00:00:00+00:00,138.9,137.36,163.3599,32.38068,5.1514306,0.5264797507788161,-7419.761904762185,24072.079275152988,5000.0,11652.317370390803,0,,15701.827
2026-05-27 00:00:00+00:00,136.71,136.26,163.22626,32.70786,5.0650015,0.5264797507788161,-7420.753968254248,23879.305682024475,5000.0,11458.551713770226,0,,15576.084
2026-05-28 00:00:00+00:00,136.26,136.22,163.09975,38.695343,4.800716,0.5264797507788161,-7421.746031746312,23872.297266493657,5000.0,11450.551234747345,0,,15571.512
2026-05-29 00:00:00+00:00,136.22,136.32,162.98825,31.25718,4.579288,0.5264797507788161,-7422.7380952383755,23889.824546212098,5000.0,11467.086450973722,0,,15582.944
2026-06-01 00:00:00+00:00,136.43,140.2,162.8709,31.748499,4.4864306,0.5264797507788161,-7423.730158730439,24569.786526632877,5000.0,12146.056367902438,0,,16026.472
2026-06-02 00:00:00+00:00,138.77,136.03,162.75505,43.78827,4.615716,0.5264797507788161,-7424.722222222503,23839.002585180253,5000.0,11414.28036295775,0,,15549.793
2026-06-03 00:00:00+00:00,135.92,133.13,162.63895,35.904087,4.693572,0.5264797507788161,-7425.714285714566,23330.78381666458,5000.0,10905.069530950015,0,,15218.29
2026-06-04 00:00:00+00:00,135.49,130.73,162.50266,36.37559,4.615715,0.5264797507788161,-7426.70634920663,22910.187084351077,5000.0,10483.480735144447,0,,14943.941
2026-06-05 00:00:00+00:00,130.96,130.11,162.35214,43.51924,4.325714,0.5264797507788161,-7427.698412698694,22801.534084011775,5000.0,10373.835671313082,0,,14873.069
2026-06-08 00:00:00+00:00,128.95,126.37,162.19955,35.456127,4.189286,0.4222222222222222,-7428.690476190757,22146.106805384534,5000.0,9717.416329193777,0,,14445.545
2026-06-09 00:00:00+00:00,125.24,127.35,162.0124,24.252226,4.0785728,0.5264797507788161,-7429.682539682821,22317.848134340504,5000.0,9888.165594657683,0,,14557.569
2026-06-10 00:00:00+00:00,127.35,127.59,161.83286,22.97574,3.8428586,0.4222222222222222,-7430.674603174884,22359.90789695616,5000.0,9929.233293781275,0,,14585.004
2026-06-11 00:00:00+00:00,128.05,125.96,161.643,24.403492,3.915716,0.4222222222222222,-7431.666666666948,22074.25332237202,5000.0,9642.586655705072,0,,14398.676
2026-06-12 00:00:00+00:00,125.96,128.23,161.4644,23.079958,3.8192868,0.5264797507788161,-7432.658730159012,22472.066323082377,5000.0,10039.407592923366,0,,14658.162
2026-06-15 00:00:00+00:00,129.47,130.35,161.29515,27.769487,3.9128587,0.5264797507788161,-7433.650793651075,22843.594702309972,5000.0,10409.943908658897,0,,14900.504
2026-06-16 00:00:00+00:00,131.15,129.29,161.1332,36.617035,4.0192876,0.4222222222222222,-7434.642857143139,22657.829665010562,5000.0,10223.186807867423,0,,14779.333
2026-06-17 00:00:00+00:00,127.68,124.22,160.96555,36.673035,3.9371452,0.5264797507788161,-7435.634920635202,21769.322491476578,5000.0,9333.687570841375,0,,14199.774
2026-06-18 00:00:00+00:00,125.63,126.23,160.77036,30.756891,4.3285737,0.5264797507788161,-7436.626984127266,22121.571727309634,5000.0,9684.944743182368,0,,14429.541
2026-06-22 00:00:00+00:00,124.56,123.42,160.59766,34.753693,4.407859,0.5264797507788161,-7437.61904761933,21629.124217305565,5000.0,9191.505169686236,0,,14108.325
2026-06-23 00:00:00+00:00,125.2,125.25,160.4068,23.797632,4.397144,0.4222222222222222,-7438.611111111393,21949.829837164893,5000.0,9511.2187260535,0,,14317.516
2026-06-24 00:00:00+00:00,124.48,128.06,160.2237,31.83963,4.3257155,0.4222222222222222,-7439.603174603457,22442.275785947408,5000.0,10002.67261134395,0,,14638.73
2026-06-25 00:00:00+00:00,126.87,128.71,160.0528,41.432907,4.3485723,0.4222222222222222,-7440.5952380955205,22556.188566314526,5000.0,10115.593328219005,0,,14713.033
2026-06-26 00:00:00+00:00,129.67,135.0,159.8837,46.372147,4.242859,0.4222222222222222,-7441.587301587584,23658.49801195735,5000.0,11216.910710369764,0,,15432.052
2026-06-29 00:00:00+00:00,135.73,136.73,159.74495,57.296326,4.5028577,0.4222222222222222,-7442.579365079648,23961.6759908651,5000.0,11519.096625785452,0,,15629.809
2026-06-30 00:00:00+00:00,135.05,137.74,159.6331,66.44443,4.484286,0.5264797507788161,-7443.571428571711,24138.679042438132,5000.0,11695.107613866421,0,,15745.266
2026-07-01 00:00:00+00:00,139.4,142.42,159.5147,66.47637,4.555714,0.5257644882050535,-7444.563492063775,24958.839705646584,5000.0,12514.276213582809,0,,16280.243
2026-07-02 00:00:00+00:00,142.98,146.87,159.4262,70.614395,4.738571,0.5264797507788161,-7445.5555555558385,25738.693359402714,5000.0,13293.137803846876,0,,16788.93
2026-07-06 00:00:00+00:00,146.82,146.38,159.3684,76.952805,4.8685718,0.5264797507788161,-7446.547619047902,25652.82415770009,5000.0,13206.27653865219,0,,16732.92
2026-07-07 00:00:00+00:00,147.44,146.71,159.30495,74.52041,4.8435707,0.5264797507788161,-7447.539682539966,25710.655034723583,5000.0,13263.115352183617,0,,16770.643
2026-07-08 00:00:00+00:00,147.76,147.37,159.2396,73.22544,4.7685695,0.5264797507788161,-7448.531746032029,25826.317012139305,5000.0,13377.785266107276,0,,16846.086
2026-07-09 00:00:00+00:00,145.26,150.22,159.2041,75.96211,4.858569,0.5264797507788161,-7449.523809524093,26325.77434239545,5000.0,13876.250532871356,0,,17171.875
2026-07-10 00:00:00+00:00,151.1,150.32,159.19534,89.87731,4.8642836,0.4222222222222222,-7450.515873016157,26343.3016186375,5000.0,13892.785745621342,0,,17183.307
2026-07-13 00:00:00+00:00,150.67,150.73,159.1897,89.24732,4.8764267,0.4222222222222222,-7451.50793650822,26415.150058537518,5000.0,13963.642122029298,0,,17230.172
2026-07-14 00:00:00+00:00,146.93,145.37,159.19325,98.267975,4.726426,0.4222222222222222,-7452.500000000284,25475.82071121174,5000.0,13023.320711211458,0,,16617.463
2026-07-15 00:00:00+00:00,146.75,148.47,159.1626,81.61535,4.8642836,0.5264797507788161,-7453.492063492347,26019.092388654117,5000.0,13565.60032516177,0,,16971.83
2026-07-16 00:00:00+00:00,150.01,153.84,159.1627,81.781395,4.894998,0.5264797507788161,-7454.484126984411,26960.17519576161,5000.0,14505.6910687772,0,,17585.684
2026-07-17 00:00:00+00:00,153.21,151.67,159.185,84.11622,4.996426,0.4222222222222222,-7455.476190476475,26579.886870187966,5000.0,14124.410679711491,0,,17337.627
2026-07-20 00:00:00+00:00,151.67,153.16,159.1875,75.48152,4.9478555,0.5264797507788161,-7456.468253968538,26841.008676925412,5000.0,14384.540422956874,0,,17507.953
2026-07-21 00:00:00+00:00,149.44,148.9,159.20865,75.3003,5.076428,0.5264797507788161,-7457.460317460602,26094.450439132772,5000.0,13636.99012167217,0,,17020.984
2026-07-22 00:00:00+00:00,150.14,146.16,159.2217,65.62149,5.1292853,0.5264797507788161,-7458.452380952665,25614.27176105399,5000.0,13155.819380101326,0,,16707.771
2026-07-23 00:00:00+00:00,146.64,148.23,159.22095,55.53583,4.9178567,0.5264797507788161,-7459.444444444729,25977.03492060326,5000.0,13517.59047615853,0,,16944.396
2026-07-24 00:00:00+00:00,149.58,150.58,159.2308,52.165607,4.8364267,0.4222222222222222,-7460.436507936793,26388.868665978647,5000.0,13928.432158041855,0,,17213.03
2026-07-27 00:00:00+00:00,151.71,152.98,159.24525,56.31389,4.815713,0.5,-7461.428571428856,26809.461896779438,5000.0,14348.033325350581,0,,17487.375
2026-07-28 00:00:00+00:00,155.04,157.43,159.26195,58.873466,4.8542852,0.5264797507788161,-7462.42063492092,27589.31524494885,5000.0,15126.894610027932,0,,17996.06
2026-07-29 00:00:00+00:00,157.77,161.15,159.30196,62.857872,4.999285,0.5264797507788161,-7463.412698412983,28241.238243202974,5000.0,15777.82554478999,0,,18421.299
2026-07-30 00:00:00+00:00,158.52,154.24,159.3611,63.66591,4.876429,0.4222222222222222,-7464.404761905047,27030.275867518547,5000.0,14565.8711056135,0,,17631.406
2026-07-31 00:00:00+00:00,152.0,154.04,159.3746,54.188034,5.1478567,0.5264797507788161,-7465.396825397111,26995.2241234286,5000.0,14529.82729803149,0,,17608.543
2026-08-03 00:00:00+00:00,154.43,156.53,159.38385,53.55226,5.246427,0.5264797507788161,-7466.388888889174,27431.592755257956,5000.0,14965.203866368782,0,,17893.18
2026-08-04 00:00:00+00:00,152.42,156.63,159.3959,62.763042,5.2314277,0.5264797507788161,-7467.380952381238,27449.117224821373,5000.0,14981.736272440136,0,,17904.611
2026-08-05 00:00:00+00:00,158.97,154.35,159.40675,60.01965,5.1749997,0.5264797507788161,-7468.3730158733015,27049.551768935926,5000.0,14581.178753062624,0,,17643.98
2026-08-06 00:00:00+00:00,152.88,156.94,159.4138,50.67766,5.2042856,0.4222222222222222,-7469.365079365365,27503.443756324916,5000.0,15034.07867695955,0,,17940.047
2026-08-07 00:00:00+00:00,156.09,155.95,159.43385,56.925102,5.1600003,0.5264797507788161,-7470.357142857429,27329.946588111376,5000.0,14859.589445253947,0,,17826.877
2026-08-10 00:00:00+00:00,151.96,155.08,159.43825,53.71504,4.9642844,0.5264797507788161,-7471.349206349492,27177.48110451062,5000.0,14706.13189816113,0,,17727.428
2026-08-11 00:00:00+00:00,154.34,153.63,159.42905,59.04568,4.91357,0.5264797507788161,-7472.341269841556,26923.371606938363,5000.0,14451.030337096807,0,,17561.676
2026-08-12 00:00:00+00:00,152.92,152.31,159.4122,61.36295,4.8028555,0.5264797507788161,-7473.3333333336195,26692.04253160886,5000.0,14218.709198275239,0,,17410.783
2026-08-13 00:00:00+00:00,152.49,155.86,159.39516,56.351185,4.7364283,0.5264797507788161,-7474.325396825683,27314.175328347024,5000.0,14839.849931521341,0,,17816.592
2026-08-14 00:00:00+00:00,156.24,153.31,159.3953,57.923164,4.8328576,0.5264797507788161,-7475.317460317747,26867.291412333903,5000.0,14391.973952016157,0,,17525.096
2026-08-17 00:00:00+00:00,151.89,149.87,159.38036,50.49298,4.800715,0.5264797507788161,-7476.30952380981,26264.436998379613,5000.0,13788.127474569803,0,,17131.863
2026-08-18 00:00:00+00:00,151.5,153.12,159.3582,38.35491,4.6685715,0.4222222222222222,-7477.301587301874,26833.993949760847,5000.0,14356.692362458973,0,,17503.377
2026-08-19 00:00:00+00:00,163.8,163.06,159.37434,37.44921,4.6799994,0.4222222222222222,-7478.293650793938,28575.95949127785,5000.0,16097.66584048391,0,,18639.63
2026-08-20 00:00:00+00:00,163.31,165.08,159.44025,62.59278,5.2821426,0.5264797507788161,-7479.285714286001,28929.961625407148,5000.0,16450.675911121147,0,,18870.541
2026-08-21 00:00:00+00:00,165.45,166.2,159.52095,64.98371,5.3221436,0.5264797507788161,-7480.277777778065,29126.238636561655,5000.0,16645.96085878359,0,,18998.568
2026-08-24 00:00:00+00:00,165.84,170.51,159.5988,63.63123,5.2542853,0.5264797507788161,-7481.269841270128,29881.55628884918,5000.0,17400.286447579052,0,,19491.25
2026-08-25 00:00:00+00:00,169.87,173.62,159.68925,67.48991,5.327143,0.5264797507788161,-7482.261904762192,30426.577316993873,5000.0,17944.31541223168,0,,19846.76
2026-08-26 00:00:00+00:00,172.79,172.39,159.7582,73.78423,5.323571,0.5264797507788161,-7483.253968254256,30211.022382243915,5000.0,17727.76841398966,0,,19706.156
2026-08-27 00:00:00+00:00,171.98,169.64,159.80475,69.73179,5.1749997,0.5264797507788161,-7484.246031746319,29729.089219778256,5000.0,17244.843188031937,0,,19391.799
2026-08-28 00:00:00+00:00,168.94,169.73,159.84895,66.73185,5.299287,0.5264797507788161,-7485.238095238383,29744.85994681998,5000.0,17259.621851581596,0,,19402.086
2026-08-31 00:00:00+00:00,168.32,167.91,159.88455,68.25317,5.214287,0.5264797507788161,-7486.230158730446,29425.90951401677,5000.0,16939.679355286324,0,,19194.04
2026-09-01 00:00:00+00:00,167.39,168.1,159.89545,67.62963,5.2364297,0.5264797507788161,-7487.22222222251,29459.20594807437,5000.0,16971.98372585186,0,,19215.758
2026-09-02 00:00:00+00:00,167.51,167.03,159.9001,70.05335,5.202858,0.4222222222222222,-7488.214285714574,29271.689287288293,5000.0,16783.47500157372,0,,19093.445
2026-09-03 00:00:00+00:00,168.24,168.37,159.9089,65.1396,5.1150002,0.5264797507788161,-7489.206349206637,29506.522783579443,5000.0,17017.316434372806,0,,19246.623
2026-09-04 00:00:00+00:00,165.9,165.64,159.93065,71.10426,5.1421423,0.5264797507788161,-7490.198412698701,29028.096601737525,5000.0,16537.898189038824,0,,18934.553
2026-09-08 00:00:00+00:00,163.98,159.83,159.94064,72.54791,5.2328568,0.5264797507788161,-7491.1904761907645,28009.90471220747,5000.0,15518.714236016705,0,,18270.402
2026-09-09 00:00:00+00:00,159.84,158.48,159.9201,58.93953,5.2842855,0.44170255664490626,-7492.182539682828,27773.318642929815,5000.0,15281.136103246987,0,,18116.082
2026-09-10 00:00:00+00:00,158.75,161.42,159.8835,42.08707,4.307142,0.4222222222222222,-7493.174603174892,28288.54787689737,5000.0,15795.373273722478,0,,18452.158
2026-09-11 00:00:00+00:00,161.15,161.12,159.85175,43.87139,4.237142,0.4222222222222222,-7494.166666666955,28235.97269330615,5000.0,15741.806026639195,0,,18417.863
