,Open,Close,sma200,rsi,atr,prob_up,cash,holdings,borrowed_margin,total,signal,stop_loss,benchmark
2016-09-19 00:00:00+00:00,400.05,400.26,,,,0.52,10000.0,0.0,0.0,10000.0,0,0.0,10000.0
2016-09-20 00:00:00+00:00,402.48,400.88,,,,0.8,10000.0,0.0,0.0,10000.0,0,0.0,10015.49
2016-09-21 00:00:00+00:00,402.52,403.07,,,,0.8,10000.0,0.0,0.0,10000.0,0,0.0,10070.205
2016-09-22 00:00:00+00:00,406.33,411.17,,,,0.52,10000.0,0.0,0.0,10000.0,0,0.0,10272.573
2016-09-23 00:00:00+00:00,407.68,408.17,,,,0.8,10000.0,0.0,0.0,10000.0,0,0.0,10197.622
2016-09-26 00:00:00+00:00,406.61,409.78,,,,0.6666666666666666,10000.0,0.0,0.0,10000.0,0,0.0,10237.845
2016-09-27 00:00:00+00:00,410.64,414.05,,,,0.8,10000.0,0.0,0.0,10000.0,0,0.0,10344.525
2016-09-28 00:00:00+00:00,415.81,414.38,,,,0.614699169224899,10000.0,0.0,0.0,10000.0,0,0.0,10352.7705
2016-09-29 00:00:00+00:00,412.6,407.33,,,,0.52,10000.0,0.0,0.0,10000.0,0,0.0,10176.634
2016-09-30 00:00:00+00:00,408.73,419.83,,,,0.8,10000.0,0.0,0.0,10000.0,0,0.0,10488.931
2016-10-03 00:00:00+00:00,418.01,418.86,,,,0.8,10000.0,0.0,0.0,10000.0,0,0.0,10464.697
2016-10-04 00:00:00+00:00,420.19,415.84,,,,0.8,10000.0,0.0,0.0,10000.0,0,0.0,10389.246
2016-10-05 00:00:00+00:00,416.84,416.67,,,,0.8,10000.0,0.0,0.0,10000.0,0,0.0,10409.983
2016-10-06 00:00:00+00:00,416.51,418.82,,68.442345,,0.52,10000.0,0.0,0.0,10000.0,0,0.0,10463.699
2016-10-07 00:00:00+00:00,418.49,417.0,,69.89707,6.1771417,0.8,-10.0,9995.002498750626,0.0,9985.002498750626,1,,10418.2295
2016-10-10 00:00:00+00:00,420.55,423.46,,67.27196,6.1614294,0.8,-10.0,10149.841127486185,0.0,10139.841127486185,0,,10579.624
2016-10-11 00:00:00+00:00,422.51,411.44,,70.79188,6.385714,0.8,-10.0,9861.7362392201,0.0,9851.7362392201,0,,10279.319
2016-10-12 00:00:00+00:00,411.76,410.28,,56.525803,6.8892865,0.8,-10.0,9833.932461415048,0.0,9823.932461415048,0,,10250.338
2016-10-13 00:00:00+00:00,407.63,405.68,,49.221878,6.44143,0.8,-10.0,9723.675668409462,0.0,9713.675668409462,0,,10135.413
2016-10-14 00:00:00+00:00,409.64,406.61,,47.882275,6.67143,0.8,-10.0,9745.966170373973,0.0,9735.966170373973,0,,10158.647
2016-10-17 00:00:00+00:00,404.97,409.11,,47.272404,6.69143,0.8,-10.0,9805.888829433661,0.0,9795.888829433661,0,,10221.107
2016-10-18 00:00:00+00:00,413.36,410.07,,45.615902,6.7942877,0.8,-10.0,9828.899670041234,0.0,9818.899670041234,0,,10245.092
2016-10-19 00:00:00+00:00,410.3,411.34,,46.21731,6.8000007,0.5700901885287128,-10.0,9859.340335933319,0.0,9849.340335933319,0,,10276.822
2016-10-20 00:00:00+00:00,410.98,410.63,,53.91679,6.4771447,0.52,-10.0,9842.322805882566,0.0,9832.322805882566,0,,10259.084
2016-10-21 00:00:00+00:00,408.12,407.23,,38.324894,5.745002,0.52,-10.0,9760.829164133162,0.0,9750.829164133162,0,,10174.139
2016-10-24 00:00:00+00:00,414.48,414.29,,36.09852,5.9285736,0.52,-10.0,9930.048823144512,0.0,9920.048823144512,0,,10350.523
2016-10-25 00:00:00+00:00,412.49,401.92,,48.310455,5.991429,0.8,-10.0,9633.554534257895,0.0,9623.554534257895,0,,10041.474
2016-10-26 00:00:00+00:00,401.41,399.63,,37.1538,6.60786,0.6666666666666666,-10.0,9578.66574272751,0.0,9568.66574272751,0,,9984.262
2016-10-27 00:00:00+00:00,402.68,397.73,,33.327534,6.6135736,0.52,-10.0,9533.12527445383,0.0,9523.12527445383,0,,9936.793
2016-10-28 00:00:00+00:00,397.79,400.67,,33.28128,7.0428576,0.52,-10.0,9603.593465602866,0.0,9593.593465602866,0,,10010.245
2016-10-31 00:00:00+00:00,402.41,404.08,,28.941061,6.992144,0.52,-10.0,9685.326853107656,0.0,9675.326853107656,0,,10095.438
2016-11-01 00:00:00+00:00,404.62,402.6,,41.912064,6.3499994,0.52,-10.0,9649.853508515218,0.0,9639.853508515218,0,,10058.464
2016-11-02 00:00:00+00:00,401.27,401.11,,41.619377,6.629998,0.52,-10.0,9614.139674703296,0.0,9604.139674703296,0,,10021.237
2016-11-03 00:00:00+00:00,401.42,397.95,,44.649952,6.3814263,0.4857142857142857,-10.0,9538.398856376532,0.0,9528.398856376532,0,,9942.289
2016-11-04 00:00:00+00:00,415.0,420.46,,40.36495,6.520713,0.5734155436460447,-10.0,10077.936555283271,0.0,10067.936555283271,0,,10504.673
2016-11-07 00:00:00+00:00,425.0,429.26,,58.737507,7.9821405,0.52,-10.0,10288.862282540347,0.0,10278.862282540347,0,,10724.529
2016-11-08 00:00:00+00:00,429.18,429.91,,63.181774,8.108571,0.52,-10.0,10304.441640726214,0.0,10294.441640726214,0,,10740.768
2016-11-09 00:00:00+00:00,434.5,426.04,,62.865475,8.364284,0.52,-10.0,10211.682591594801,0.0,10201.682591594801,0,,10644.081
2016-11-10 00:00:00+00:00,429.58,425.24,,60.22834,8.859999,0.6666666666666666,-10.0,10192.50724996687,0.0,10182.50724996687,0,,10624.093
2016-11-11 00:00:00+00:00,421.95,422.3,,62.381405,9.262141,0.8,-10.0,10122.039092827723,0.0,10112.039092827723,0,,10550.641
2016-11-14 00:00:00+00:00,427.0,419.28,,55.83733,9.463571,0.8,-10.0,10049.653297215484,0.0,10039.653297215484,0,,10475.189
2016-11-15 00:00:00+00:00,419.79,426.57,,64.647316,9.542855,0.8,-10.0,10224.385747784812,0.0,10214.385747784812,0,,10657.321
2016-11-16 00:00:00+00:00,427.01,421.33,,70.96174,9.867142,0.8,-10.0,10098.788370251006,0.0,10088.788370251006,0,,10526.405
2016-11-17 00:00:00+00:00,420.99,418.48,,67.45561,9.690001,0.8,-10.0,10030.477811562489,0.0,10020.477811562489,0,,10455.203
2016-11-18 00:00:00+00:00,417.97,414.97,,63.190647,9.631429,0.8263581144665926,-10.0,9946.347118653412,0.0,9936.347118653412,0,,10367.511
2016-11-21 00:00:00+00:00,417.35,417.12,,58.053555,9.740001,0.52,-10.0,9997.87988052176,0.0,9987.87988052176,0,,10421.225
2016-11-22 00:00:00+00:00,419.51,416.2,,60.632683,9.711431,0.8,-10.0,9975.82904984646,0.0,9965.82904984646,0,,10398.24
2016-11-23 00:00:00+00:00,415.79,419.85,,61.143135,9.919288,0.8,-10.0,10063.314582592895,0.0,10053.314582592895,0,,10489.431
2016-11-25 00:00:00+00:00,419.76,419.15,,66.05572,9.878572,0.52,-10.0,10046.535809593914,0.0,10036.535809593914,0,,10471.941
2016-11-28 00:00:00+00:00,417.67,415.81,,48.588062,8.388572,0.8,-10.0,9966.480136122891,0.0,9956.480136122891,0,,10388.496
2016-11-29 00:00:00+00:00,416.86,421.7,,33.569492,8.267858,0.8,-10.0,10107.656952187599,0.0,10097.656952187599,0,,10535.65
2016-11-30 00:00:00+00:00,420.51,412.02,,41.108955,8.328572,0.8,-10.0,9875.638092654788,0.0,9865.638092654788,0,,10293.807
2016-12-01 00:00:00+00:00,414.42,408.9,,36.514034,8.417143,0.8,-10.0,9800.855687406907,0.0,9790.855687406907,0,,10215.858
2016-12-02 00:00:00+00:00,408.12,410.83,,34.953968,8.336428,0.52,-10.0,9847.115457810673,0.0,9837.115457810673,0,,10264.077
2016-12-05 00:00:00+00:00,414.31,412.93,,39.238132,7.9300013,0.52,-10.0,9897.449728254049,0.0,9887.449728254049,0,,10316.542
2016-12-06 00:00:00+00:00,413.1,418.59,,43.937366,7.3128595,0.45454545454545453,-10.0,10033.113304934961,0.0,10023.113304934961,0,,10457.951
2016-12-07 00:00:00+00:00,417.1,419.29,,42.136375,7.065717,0.52,-10.0,10049.891358390509,0.0,10039.891358390509,0,,10475.438
2016-12-08 00:00:00+00:00,417.83,418.7,,47.792233,7.358575,0.4857142857142857,-10.0,10035.749689403898,0.0,10025.749689403898,0,,10460.698
2016-12-09 00:00:00+00:00,418.69,421.74,,50.250343,7.3942895,0.52,-10.0,10108.614862097966,0.0,10098.614862097966,0,,10536.649
2016-12-12 00:00:00+00:00,418.08,423.08,,57.78697,7.4957166,0.52,-10.0,10140.73281443517,0.0,10130.73281443517,0,,10570.127
2016-12-13 00:00:00+00:00,425.7,425.77,,56.985455,7.5557165,0.52,-10.0,10205.209080985082,0.0,10195.209080985082,0,,10637.333
2016-12-14 00:00:00+00:00,425.64,419.56,,60.76972,7.635716,0.52,-10.0,10056.362879843835,0.0,10046.362879843835,0,,10482.185
2016-12-15 00:00:00+00:00,419.02,425.73,,49.691414,7.7692847,0.8,-10.0,10204.250710289994,0.0,10194.250710289994,0,,10636.334
2016-12-16 00:00:00+00:00,425.32,421.96,,56.271458,7.9471436,0.8,-10.0,10113.887963349318,0.0,10103.887963349318,0,,10542.1455
2016-12-19 00:00:00+00:00,420.65,421.25,,55.813942,7.8707166,0.52,-10.0,10096.870542621267,0.0,10086.870542621267,0,,10524.407
2016-12-20 00:00:00+00:00,421.13,425.4,,49.52839,7.77143,0.52,-10.0,10196.34061900495,0.0,10186.34061900495,0,,10628.09
2016-12-21 00:00:00+00:00,426.23,423.06,,65.8606,7.2592883,0.52,-10.0,10140.253870740788,0.0,10130.253870740788,0,,10569.629
2016-12-22 00:00:00+00:00,422.45,423.07,,67.101456,6.83643,0.52,-10.0,10140.493215607827,0.0,10130.493215607827,0,,10569.878
2016-12-23 00:00:00+00:00,424.17,426.07,,65.50154,6.9757147,0.52,-10.0,10212.39991317162,0.0,10202.39991317162,0,,10644.829
2016-12-27 00:00:00+00:00,427.59,427.33,,66.27045,6.902141,0.8,-10.0,10242.600275930976,0.0,10232.600275930976,0,,10676.309
2016-12-28 00:00:00+00:00,429.23,420.58,,62.14563,6.769283,0.8,-10.0,10080.810545350872,0.0,10070.810545350872,0,,10507.668
2016-12-29 00:00:00+00:00,419.92,420.32,,51.53459,6.7142816,0.52,-10.0,10074.578993813011,0.0,10064.578993813011,0,,10501.173
2016-12-30 00:00:00+00:00,421.98,418.56,,51.942444,6.542138,0.52,-10.0,10032.393851242614,0.0,10022.393851242614,0,,10457.201
2017-01-03 00:00:00+00:00,421.93,422.35,,46.06631,6.449282,0.5696990825051598,-10.0,10123.236166457806,0.0,10113.236166457806,0,,10551.89
2017-01-04 00:00:00+00:00,424.41,426.72,,49.148613,6.564998,0.6666666666666666,-10.0,10227.980172412534,0.0,10217.980172412534,0,,10661.069
2017-01-05 00:00:00+00:00,427.45,422.52,,51.06623,6.614999,0.52,-10.0,10127.310514595012,0.0,10117.310514595012,0,,10556.137
2017-01-06 00:00:00+00:00,422.53,432.56,,53.47907,6.663572,0.52,-10.0,10367.957956875693,0.0,10357.957956875693,0,,10806.975
2017-01-09 00:00:00+00:00,430.5,426.38,,57.358315,6.835,0.6666666666666666,-10.0,10219.830994069034,0.0,10209.830994069034,0,,10652.575
2017-01-10 00:00:00+00:00,428.79,429.94,,54.526848,6.977855,0.52,-10.0,10305.15942317117,0.0,10295.15942317117,0,,10741.518
2017-01-11 00:00:00+00:00,429.76,425.74,,58.40914,7.082855,0.8,-10.0,10204.489931969458,0.0,10194.489931969458,0,,10636.585
2017-01-12 00:00:00+00:00,423.53,421.92,,50.32869,7.3442817,0.52,-10.0,10112.929276619427,0.0,10102.929276619427,0,,10541.147
2017-01-13 00:00:00+00:00,422.94,424.45,,48.928585,7.3421392,0.52,-10.0,10173.569904425998,0.0,10163.569904425998,0,,10604.355
2017-01-17 00:00:00+00:00,424.27,421.74,,51.23834,7.2442822,0.52,-10.0,10108.613797608741,0.0,10098.613797608741,0,,10536.649
2017-01-18 00:00:00+00:00,421.06,421.73,,46.09416,7.4942822,0.52,-10.0,10108.374597035914,0.0,10098.374597035914,0,,10536.4
2017-01-19 00:00:00+00:00,420.55,415.72,,44.83206,7.4942822,0.52,-10.0,9964.32141905899,0.0,9954.32141905899,0,,10386.248
2017-01-20 00:00:00+00:00,416.54,415.0,,45.452858,7.3435693,0.52,-10.0,9947.063890308475,0.0,9937.063890308475,0,,10368.259
2017-01-23 00:00:00+00:00,415.97,414.52,,45.06493,7.534284,0.52,-10.0,9935.55883638347,0.0,9925.55883638347,0,,10356.267
2017-01-24 00:00:00+00:00,414.98,417.5,,46.161148,7.6199994,0.52,-10.0,10006.985920732499,0.0,9996.985920732499,0,,10430.719
2017-01-25 00:00:00+00:00,416.46,419.34,,45.31943,7.5628552,0.52,-10.0,10051.088383201777,0.0,10041.088383201777,0,,10476.688
2017-01-26 00:00:00+00:00,419.62,421.22,,42.512177,7.441426,0.52,-10.0,10096.149653428667,0.0,10086.149653428667,0,,10523.658
2017-01-27 00:00:00+00:00,420.27,423.13,,48.615856,7.209283,0.52,-10.0,10141.930471952684,0.0,10131.930471952684,0,,10571.377
2017-01-30 00:00:00+00:00,421.0,422.06,,37.85734,6.961426,0.52,-10.0,10116.283693476264,0.0,10106.283693476264,0,,10544.645
2017-01-31 00:00:00+00:00,422.35,426.63,,43.5943,6.8978553,0.52,-10.0,10225.821791354021,0.0,10215.821791354021,0,,10658.821
2017-02-01 00:00:00+00:00,427.12,435.5,,45.234676,6.824284,0.6666666666666666,-10.0,10438.424964054771,0.0,10428.424964054771,0,,10880.426
2017-02-02 00:00:00+00:00,434.42,433.64,,62.38579,6.890714,0.52,-10.0,10393.843377790734,0.0,10383.843377790734,0,,10833.957
2017-02-03 00:00:00+00:00,447.9,462.67,,65.651695,7.003573,0.52,-10.0,11089.658773489618,0.0,11079.658773489618,0,,11559.236
2017-02-06 00:00:00+00:00,461.81,465.84,,79.88738,9.005715,0.52,-10.0,11165.640168496551,0.0,11155.640168496551,0,,11638.436
2017-02-07 00:00:00+00:00,466.49,463.23,,84.239136,9.110718,0.52,-10.0,11103.081576522858,0.0,11093.081576522858,0,,11573.228
2017-02-08 00:00:00+00:00,462.33,461.37,,80.970146,9.397862,0.52,-10.0,11058.499078837662,0.0,11048.499078837662,0,,11526.758
2017-02-09 00:00:00+00:00,461.37,465.43,,86.31662,9.095718,0.52,-10.0,11155.812881497259,0.0,11145.812881497259,0,,11628.191
2017-02-10 00:00:00+00:00,464.64,465.4,,88.09487,9.198576,0.52,-10.0,11155.094083233895,0.0,11145.094083233895,0,,11627.441
2017-02-13 00:00:00+00:00,466.44,463.85,,88.69791,9.065718,0.52,-10.0,11117.942386731043,0.0,11107.942386731043,0,,11588.717
2017-02-14 00:00:00+00:00,461.43,463.31,,86.03641,8.862145,0.8,-10.0,11104.998901310242,0.0,11094.998901310242,0,,11575.225
2017-02-15 00:00:00+00:00,462.28,465.23,,84.8913,8.788574,0.8,-10.0,11151.018822232312,0.0,11141.018822232312,0,,11623.193
2017-02-16 00:00:00+00:00,466.8,466.28,,84.90089,8.862145,0.8,-10.0,11176.185225089914,0.0,11166.185225089914,0,,11649.425
2017-02-17 00:00:00+00:00,465.71,471.55,,84.692085,8.75286,0.8,-10.0,11302.501071675042,0.0,11292.501071675042,0,,11781.089
2017-02-21 00:00:00+00:00,472.22,473.71,,87.2722,8.732145,0.52,-10.0,11354.273499672525,0.0,11344.273499672525,0,,11835.054
2017-02-22 00:00:00+00:00,474.2,473.47,,86.79276,8.586431,0.52,-10.0,11348.520976444164,0.0,11338.520976444164,0,,11829.058
2017-02-23 00:00:00+00:00,475.98,472.62,,84.29994,8.330717,0.52,-10.0,11328.147068650971,0.0,11318.147068650971,0,,11807.82
2017-02-24 00:00:00+00:00,471.96,475.46,,85.86677,8.337145,0.8,-10.0,11396.219058358507,0.0,11386.219058358507,0,,11878.775
2017-02-27 00:00:00+00:00,475.9,475.35,,72.717575,6.2814307,0.8529754470014543,-10.0,11393.582820846545,0.0,11383.582820846545,0,,11876.027
2017-02-28 00:00:00+00:00,474.15,476.22,,68.95182,5.8221436,0.8,-10.0,11414.435586531681,0.0,11404.435586531681,0,,11897.763
2017-03-01 00:00:00+00:00,480.0,483.65,,77.81586,5.510001,0.8,-10.0,11592.523526167159,0.0,11582.523526167159,0,,12083.393
2017-03-02 00:00:00+00:00,484.42,481.49,,88.52012,5.7707148,0.6666666666666666,-10.0,11540.750657368864,0.0,11530.750657368864,0,,12029.428
2017-03-03 00:00:00+00:00,481.13,481.71,,79.718765,5.7557135,0.52,-10.0,11546.023963413169,0.0,11536.023963413169,0,,12034.924
2017-03-06 00:00:00+00:00,479.3,479.59,,79.970634,5.6185718,0.52,-10.0,11495.210275053754,0.0,11485.210275053754,0,,11981.958
2017-03-07 00:00:00+00:00,478.97,481.3,,78.32975,5.4964294,0.52,-10.0,11536.197020331023,0.0,11526.197020331023,0,,12024.681
2017-03-08 00:00:00+00:00,480.78,481.91,,81.07085,5.733573,0.6666666666666666,-10.0,11550.818379049913,0.0,11540.818379049913,0,,12039.921
2017-03-09 00:00:00+00:00,481.44,484.04,,80.1737,5.5271454,0.52,-10.0,11601.872104893348,0.0,11591.872104893348,0,,12093.137
2017-03-10 00:00:00+00:00,487.44,486.9,,80.919266,5.5271454,0.52,-10.0,11670.423024292495,0.0,11660.423024292495,0,,12164.591
2017-03-13 00:00:00+00:00,488.04,485.45,,79.17146,5.4557166,0.52,-10.0,11635.668886589332,0.0,11625.668886589332,0,,12128.365
2017-03-14 00:00:00+00:00,484.99,481.37,,72.92978,5.4628625,0.8,-10.0,11537.875597939867,0.0,11527.875597939867,0,,12026.431
2017-03-15 00:00:00+00:00,482.18,485.5,,63.41712,5.657146,0.8,-10.0,11636.867466737995,0.0,11626.867466737995,0,,12129.614
2017-03-16 00:00:00+00:00,484.32,480.16,,69.682175,5.6764307,0.52,-10.0,11508.873976794723,0.0,11498.873976794723,0,,11996.201
2017-03-17 00:00:00+00:00,480.79,481.83,,56.672367,5.782146,0.52,-10.0,11548.901046634317,0.0,11538.901046634317,0,,12037.923
2017-03-20 00:00:00+00:00,481.88,481.07,,58.809116,5.958575,0.8,-10.0,11530.68544879639,0.0,11520.68544879639,0,,12018.937
2017-03-21 00:00:00+00:00,483.25,473.36,,56.613052,5.9235754,0.52,-10.0,11345.88551793184,0.0,11335.88551793184,0,,11826.312
2017-03-22 00:00:00+00:00,475.12,477.38,,36.07576,6.253577,0.52,-10.0,11442.240107906418,0.0,11432.240107906418,0,,11926.746
2017-03-23 00:00:00+00:00,477.1,478.27,,44.70499,6.4600043,0.52,-10.0,11463.572037238144,0.0,11453.572037238144,0,,11948.981
2017-03-24 00:00:00+00:00,479.3,478.59,,45.64336,6.562862,0.8,-10.0,11471.242562532092,0.0,11461.242562532092,0,,11956.977
2017-03-27 00:00:00+00:00,476.83,478.94,,48.673035,6.703576,0.52,-10.0,11479.632044210237,0.0,11469.632044210237,0,,11965.722
2017-03-28 00:00:00+00:00,478.26,479.54,,46.75112,6.455719,0.52,-10.0,11494.013387712354,0.0,11484.013387712354,0,,11980.713
2017-03-29 00:00:00+00:00,477.48,478.14,,46.736443,6.518574,0.52,-10.0,11460.457356978162,0.0,11450.457356978162,0,,11945.735
2017-03-30 00:00:00+00:00,476.3,478.69,,41.70883,6.4314313,0.6666666666666666,-10.0,11473.639753036898,0.0,11463.639753036898,0,,11959.476
2017-03-31 00:00:00+00:00,477.51,478.91,,37.661564,6.246432,0.52,-10.0,11478.912484966671,0.0,11468.912484966671,0,,11964.971
2017-04-03 00:00:00+00:00,478.32,477.87,,39.794,6.16643,0.6666666666666666,-10.0,11453.984469646533,0.0,11443.984469646533,0,,11938.986
2017-04-04 00:00:00+00:00,477.9,476.57,,43.96552,5.9621453,0.52,-10.0,11422.825554413239,0.0,11412.825554413239,0,,11906.508
2017-04-05 00:00:00+00:00,478.22,476.88,,32.93848,5.8828607,0.52,-10.0,11430.256389070244,0.0,11420.256389070244,0,,11914.253
2017-04-06 00:00:00+00:00,477.4,480.54,,42.24219,5.89643,0.52,-10.0,11517.982835083829,0.0,11507.982835083829,0,,12005.694
2017-04-07 00:00:00+00:00,480.69,482.89,,47.21146,5.9285736,0.52,-10.0,11574.309487830464,0.0,11564.309487830464,0,,12064.405
2017-04-10 00:00:00+00:00,485.69,481.14,,53.68124,5.9392877,0.52,-10.0,11532.36393553087,0.0,11522.36393553087,0,,12020.685
2017-04-11 00:00:00+00:00,482.07,480.04,,70.73567,5.5228577,0.52,-10.0,11505.998006673832,0.0,11495.998006673832,0,,11993.202
2017-04-12 00:00:00+00:00,481.69,477.02,,58.396477,5.208575,0.8,-10.0,11433.611349459285,0.0,11423.611349459285,0,,11917.75
2017-04-13 00:00:00+00:00,476.46,473.87,,46.521988,5.233573,0.8,-10.0,11358.10973261273,0.0,11348.10973261273,0,,11839.051
2017-04-17 00:00:00+00:00,475.01,481.18,,38.653854,5.357145,0.8,-10.0,11533.321738208773,0.0,11523.321738208773,0,,12021.683
2017-04-18 00:00:00+00:00,477.07,477.88,,54.034565,5.543575,0.8,-10.0,11454.22494412814,0.0,11444.22494412814,0,,11939.236
2017-04-19 00:00:00+00:00,480.69,492.87,,47.27511,5.708575,0.6281990044573946,-10.0,11813.517172799855,0.0,11803.517172799855,0,,12313.741
2017-04-20 00:00:00+00:00,494.73,489.79,,66.71962,6.563575,0.52,-10.0,11739.693675061571,0.0,11729.693675061571,0,,12236.792
2017-04-21 00:00:00+00:00,489.91,490.47,,61.914993,6.706432,0.52,-10.0,11755.992025460084,0.0,11745.992025460084,0,,12253.78
2017-04-24 00:00:00+00:00,496.51,498.73,,62.28742,6.8635755,0.568357875019512,-10.0,11953.975321546017,0.0,11943.975321546017,0,,12460.147
2017-04-25 00:00:00+00:00,502.58,509.44,,69.22228,7.0828595,0.8,-10.0,12210.68073302771,0.0,12200.68073302771,0,,12727.722
2017-04-26 00:00:00+00:00,510.01,512.99,,75.81279,7.6300006,0.52,-10.0,12295.769384476094,0.0,12285.769384476094,0,,12816.414
2017-04-27 00:00:00+00:00,514.96,513.3,,76.98401,7.6878576,0.52,-10.0,12303.199372265475,0.0,12293.199372265475,0,,12824.158
2017-04-28 00:00:00+00:00,512.52,513.42,,75.77092,7.6771436,0.52,-10.0,12306.075484007615,0.0,12296.075484007615,0,,12827.157
2017-05-01 00:00:00+00:00,514.43,513.71,,74.88993,7.6128564,0.6666666666666666,-10.0,12313.027589973077,0.0,12303.027589973077,0,,12834.403
2017-05-02 00:00:00+00:00,524.39,516.66,,77.20061,7.4935694,0.52,-10.0,12383.734297455008,0.0,12373.734297455008,0,,12908.1045
2017-05-03 00:00:00+00:00,515.51,513.43,,79.66624,7.9099994,0.52,-10.0,12306.315733386418,0.0,12296.315733386418,0,,12827.408
2017-05-04 00:00:00+00:00,512.3,519.31,,79.39614,8.099284,0.52,-10.0,12447.25303222151,0.0,12437.25303222151,0,,12974.313
2017-05-05 00:00:00+00:00,549.9,544.14,,85.137695,8.18357,0.52,-10.0,13042.400197453297,0.0,13032.400197453297,0,,13594.661
2017-05-08 00:00:00+00:00,543.19,542.59,,88.306206,10.967139,0.52,-10.0,13005.248842577954,0.0,12995.248842577954,0,,13555.937
2017-05-09 00:00:00+00:00,545.0,547.43,,90.22758,10.855711,0.52,-10.0,13121.2566182594,0.0,13111.2566182594,0,,13676.856
2017-05-10 00:00:00+00:00,547.0,552.54,,88.816216,10.152139,0.52,-10.0,13243.736266489424,0.0,13233.736266489424,0,,13804.522
2017-05-11 00:00:00+00:00,548.96,552.74,,93.38961,10.43571,0.52,-10.0,13248.531010389881,0.0,13238.531010389881,0,,13809.52
2017-05-12 00:00:00+00:00,550.89,556.11,,93.345436,10.609996,0.8,-10.0,13329.30518293381,0.0,13319.30518293381,0,,13893.714
2017-05-15 00:00:00+00:00,556.3,564.4,,92.859314,10.43071,0.8,-10.0,13528.00834589375,0.0,13518.00834589375,0,,14100.83
2017-05-16 00:00:00+00:00,564.06,565.82,,92.59149,10.199282,0.8,-10.0,13562.043625184437,0.0,13552.043625184437,0,,14136.308
2017-05-17 00:00:00+00:00,565.82,558.34,,92.33856,9.996425,0.8,-10.0,13382.757284969846,0.0,13372.757284969846,0,,13949.429
2017-05-18 00:00:00+00:00,558.35,561.5,,82.374985,10.187139,0.9430682693130293,-10.0,13458.49807353229,0.0,13448.49807353229,0,,14028.376
2017-05-19 00:00:00+00:00,563.1,564.09,,83.113,10.464281,0.8,-10.0,13520.577875623085,0.0,13510.577875623085,0,,14093.084
2017-05-22 00:00:00+00:00,563.95,569.8,,83.63155,10.557853,0.609542293216782,-10.0,13657.438821938944,0.0,13647.438821938944,0,,14235.741
2017-05-23 00:00:00+00:00,570.0,570.75,,84.21329,10.139993,0.52,-10.0,13680.209338735489,0.0,13670.209338735489,0,,14259.476
2017-05-24 00:00:00+00:00,571.41,573.85,,88.02073,10.104994,0.5474594585219488,-10.0,13754.512214479768,0.0,13744.512214479768,0,,14336.925
2017-05-25 00:00:00+00:00,575.0,577.1,,87.56201,9.929277,0.52,-10.0,13832.4110888577,0.0,13822.4110888577,0,,14418.121
2017-05-26 00:00:00+00:00,577.0,578.4,,82.30109,6.8721356,0.8,-10.0,13863.571332887,0.0,13853.571332887,0,,14450.602
2017-05-30 00:00:00+00:00,578.4,579.85,,85.266914,6.8649945,0.8,-10.0,13898.325256489019,0.0,13888.325256489019,0,,14486.826
2017-05-31 00:00:00+00:00,582.83,582.81,,84.21277,6.737854,0.52,-10.0,13969.273152031805,0.0,13959.273152031805,0,,14560.778
2017-06-01 00:00:00+00:00,583.07,588.86,,83.46234,6.3842816,0.6666666666666666,-10.0,14114.284613537568,0.0,14104.284613537568,0,,14711.93
2017-06-02 00:00:00+00:00,593.92,597.12,,85.35633,6.4057093,0.52,-10.0,14312.267358935342,0.0,14302.267358935342,0,,14918.295
2017-06-05 00:00:00+00:00,596.3,595.46,,86.63573,6.659284,0.6666666666666666,-10.0,14272.479819118202,0.0,14262.479819118202,0,,14876.823
2017-06-06 00:00:00+00:00,594.4,593.5,,81.47553,6.3185687,0.52,-10.0,14225.500426021577,0.0,14215.500426021577,0,,14827.8545
2017-06-07 00:00:00+00:00,595.37,601.16,,77.74661,6.3592834,0.52,-10.0,14409.100882095348,0.0,14399.100882095348,0,,15019.2295
2017-06-08 00:00:00+00:00,601.16,601.15,,92.76868,6.3678546,0.52,-10.0,14408.862121978937,0.0,14398.862121978937,0,,15018.98
2017-06-09 00:00:00+00:00,600.63,593.95,,92.26189,6.3749957,0.52,-10.0,14236.2860776272,0.0,14226.2860776272,0,,14839.098
2017-06-12 00:00:00+00:00,594.3,577.63,,78.97908,6.886422,0.52,-10.0,13845.11442658335,0.0,13835.11442658335,0,,14431.362
2017-06-13 00:00:00+00:00,581.03,584.43,,56.301323,7.9928503,0.52,-10.0,14008.102920618163,0.0,13998.102920618163,0,,14601.252
2017-06-14 00:00:00+00:00,582.43,581.77,,60.06179,8.024279,0.52,-10.0,13944.346291448079,0.0,13934.346291448079,0,,14534.795
2017-06-15 00:00:00+00:00,576.45,584.23,,55.86323,8.214996,0.52,-10.0,14003.307916899841,0.0,13993.307916899841,0,,14596.254
2017-06-16 00:00:00+00:00,584.91,587.38,,55.340836,8.491425,0.52,-10.0,14078.809789650775,0.0,14068.809789650775,0,,14674.952
2017-06-19 00:00:00+00:00,589.59,594.78,,56.54519,8.552141,0.52,-10.0,14256.18020140439,0.0,14246.18020140439,0,,14859.833
2017-06-20 00:00:00+00:00,594.54,592.9,,60.01346,8.940709,0.52,-10.0,14211.118777859478,0.0,14201.118777859478,0,,14812.863
2017-06-21 00:00:00+00:00,591.32,598.54,,56.866776,8.940713,0.52,-10.0,14346.302665951143,0.0,14336.302665951143,0,,14953.7705
2017-06-22 00:00:00+00:00,598.74,595.76,,56.6247,9.1807165,0.52,-10.0,14279.670219743208,0.0,14269.670219743208,0,,14884.317
2017-06-23 00:00:00+00:00,597.83,599.64,,48.993793,8.981428,0.52,-10.0,14372.66859843071,0.0,14362.66859843071,0,,14981.253
2017-06-26 00:00:00+00:00,600.35,596.14,,52.99427,9.189287,0.52,-10.0,14288.777567572555,0.0,14278.777567572555,0,,14893.81
2017-06-27 00:00:00+00:00,595.07,591.12,,51.850307,9.266432,0.52,-10.0,14168.45342046918,0.0,14158.45342046918,0,,14768.391
2017-06-28 00:00:00+00:00,594.14,594.67,,42.69287,9.121429,0.52,-10.0,14253.542430042211,0.0,14243.542430042211,0,,14857.082
2017-06-29 00:00:00+00:00,594.82,583.87,,45.514915,9.041434,0.52,-10.0,13994.67961488479,0.0,13984.67961488479,0,,14587.258
2017-06-30 00:00:00+00:00,585.31,588.54,,43.354412,8.97001,0.52,-10.0,14106.613922550698,0.0,14096.613922550698,0,,14703.932
2017-07-03 00:00:00+00:00,593.01,588.4,,58.498203,7.915013,0.52,-10.0,14103.259051900468,0.0,14093.259051900468,0,,14700.436
2017-07-05 00:00:00+00:00,587.96,588.0,,53.45041,7.8150153,0.52,-10.0,14093.670943078005,0.0,14083.670943078005,0,,14690.44
2017-07-06 00:00:00+00:00,586.57,584.74,471.7035,55.635963,7.6535864,0.52,-10.0,14015.532174994416,0.0,14005.532174994416,0,,14608.993
2017-07-07 00:00:00+00:00,587.1,588.18,472.6259,50.4548,7.4885864,0.52,-10.0,14097.985248595658,0.0,14087.985248595658,0,,14694.9375
2017-07-10 00:00:00+00:00,589.15,593.0,473.5624,50.709713,7.5685816,0.45454545454545453,-10.0,14213.515477203815,0.0,14203.515477203815,0,,14815.359
2017-07-11 00:00:00+00:00,594.33,592.58,474.51205,48.34508,7.327868,0.52,-10.0,14203.449147313317,0.0,14193.449147313317,0,,14804.866
2017-07-12 00:00:00+00:00,595.85,602.35,475.4191,49.694183,7.447152,0.52,-10.0,14437.62314028927,0.0,14427.62314028927,0,,15048.956
2017-07-13 00:00:00+00:00,606.22,603.01,476.39,53.374672,7.310006,0.52,-10.0,14453.443480434564,0.0,14443.443480434564,0,,15065.446
2017-07-14 00:00:00+00:00,603.8,604.76,477.35614,56.672195,7.3750086,0.52,-10.0,14495.38954365878,0.0,14485.38954365878,0,,15109.168
2017-07-17 00:00:00+00:00,604.91,609.72,478.3097,54.904213,7.2692957,0.52,-10.0,14614.273189814876,0.0,14604.273189814876,0,,15233.086
2017-07-18 00:00:00+00:00,608.7,606.48,479.2864,62.653725,7.5164404,0.52,-10.0,14536.614793843914,0.0,14526.614793843914,0,,15152.14
2017-07-19 00:00:00+00:00,607.99,608.76,480.28214,64.80341,7.5671606,0.52,-10.0,14591.265246070725,0.0,14581.265246070725,0,,15209.104
2017-07-20 00:00:00+00:00,614.38,610.32,481.2268,63.92022,7.513589,0.52,-10.0,14628.65569723134,0.0,14618.65569723134,0,,15248.077
2017-07-21 00:00:00+00:00,608.57,613.49,482.1841,81.967674,7.1685877,0.52,-10.0,14704.636185141653,0.0,14694.636185141653,0,,15327.274
2017-07-24 00:00:00+00:00,613.32,614.99,483.17236,81.28925,7.243587,0.52,-10.0,14740.588763705016,0.0,14730.588763705016,0,,15364.749
2017-07-25 00:00:00+00:00,618.13,600.9,484.16394,82.24591,7.1221576,0.52,-10.0,14402.868712322135,0.0,14392.868712322135,0,,15012.7295
2017-07-26 00:00:00+00:00,600.4,597.85,485.07434,61.744396,8.012155,0.52,-10.0,14329.76245358386,0.0,14319.76245358386,0,,14936.527
2017-07-27 00:00:00+00:00,598.48,595.21,485.9786,61.98135,8.142156,0.52,-10.0,14266.485797813839,0.0,14256.485797813839,0,,14870.571
2017-07-28 00:00:00+00:00,588.0,578.06,486.83734,56.520164,8.656442,0.52,-10.0,13855.419525970203,0.0,13845.419525970203,0,,14442.1
2017-07-31 00:00:00+00:00,580.52,573.08,487.67044,38.722813,9.620732,0.4857142857142857,-10.0,13736.054852081184,0.0,13726.054852081184,0,,14317.681
2017-08-01 00:00:00+00:00,576.47,573.52,488.48444,36.228798,9.760729,0.52,-10.0,13746.601766337073,0.0,13736.601766337073,0,,14328.674
2017-08-02 00:00:00+00:00,577.08,577.0,489.32364,26.54956,9.635729,0.4857142857142857,-10.0,13830.012748219473,0.0,13820.012748219473,0,,14415.617
2017-08-03 00:00:00+00:00,577.05,577.64,490.1756,29.771315,9.680725,0.45454545454545453,-10.0,13845.353585295443,0.0,13835.353585295443,0,,14431.607
2017-08-04 00:00:00+00:00,577.39,576.61,491.01825,28.537493,9.55072,0.4,-10.0,13820.664659360933,0.0,13810.664659360933,0,,14405.873
2017-08-07 00:00:00+00:00,576.66,581.62,491.85095,22.059084,9.188577,0.2727272727272727,-10.0,13940.748106383631,0.0,13930.748106383631,0,,14531.041
2017-08-08 00:00:00+00:00,581.91,575.19,492.70236,29.629648,9.190718,0.4,-10.0,13786.629083505955,0.0,13776.629083505955,0,,14370.396
2017-08-09 00:00:00+00:00,575.25,575.57,493.52515,24.244272,9.46,0.43478260869565216,-10.0,13795.737328685702,0.0,13785.737328685702,0,,14379.89
2017-08-10 00:00:00+00:00,573.95,571.25,494.36685,22.847315,9.357858,0.3538393199486095,-10.0,13692.192102133211,0.0,13682.192102133211,0,,14271.96
2017-08-11 00:00:00+00:00,571.92,577.58,495.15164,17.57754,9.287855,0.52,-10.0,13843.915013093134,0.0,13833.915013093134,0,,14430.108
2017-08-14 00:00:00+00:00,579.41,582.08,496.02994,23.267145,9.709996,0.45454545454545453,-10.0,13951.775191267001,0.0,13941.775191267001,0,,14542.535
2017-08-15 00:00:00+00:00,584.18,580.78,496.9422,34.41538,9.012137,0.2727272727272727,-10.0,13920.616322915925,0.0,13910.616322915925,0,,14510.057
2017-08-16 00:00:00+00:00,583.12,584.96,497.85745,35.442654,9.155709,0.45454545454545453,-10.0,14020.80662987699,0.0,14010.80662987699,0,,14614.489
2017-08-17 00:00:00+00:00,582.33,573.84,498.7789,41.48247,8.632136,0.4857142857142857,-10.0,13754.273499464893,0.0,13744.273499464893,0,,14336.671
2017-08-18 00:00:00+00:00,572.56,574.64,499.6277,46.102726,8.051422,0.45454545454545453,-10.0,13773.449056193285,0.0,13763.449056193285,0,,14356.658
2017-08-21 00:00:00+00:00,575.0,579.95,500.4879,51.561245,7.936419,0.43478260869565216,-10.0,13900.722723480018,0.0,13890.722723480018,0,,14489.321
2017-08-22 00:00:00+00:00,581.79,592.68,501.3821,55.86357,7.8764167,0.52,-10.0,14205.845334501668,0.0,14195.845334501668,0,,14807.363
2017-08-23 00:00:00+00:00,590.57,590.01,502.35574,62.2347,8.252847,0.52,-10.0,14141.849151202745,0.0,14131.849151202745,0,,14740.658
2017-08-24 00:00:00+00:00,591.54,591.83,503.2035,59.355618,8.487135,0.52,-10.0,14185.471941615233,0.0,14175.471941615233,0,,14786.128
2017-08-25 00:00:00+00:00,594.09,590.38,504.01636,61.375217,8.639277,0.52,-10.0,14150.716841355446,0.0,14140.716841355446,0,,14749.901
2017-08-28 00:00:00+00:00,591.94,594.06,504.8187,56.915073,8.644279,0.52,-10.0,14238.921306530216,0.0,14228.921306530216,0,,14841.84
2017-08-29 00:00:00+00:00,590.96,591.96,505.6588,65.571884,8.36999,0.5710193038139342,-10.0,14188.587108894184,0.0,14178.587108894184,0,,14789.375
2017-08-30 00:00:00+00:00,590.99,598.4,506.4924,63.152008,8.207847,0.52,-10.0,14342.947003663947,0.0,14332.947003663947,0,,14950.2705
2017-08-31 00:00:00+00:00,599.0,605.09,507.3729,71.06942,8.340703,0.52,-10.0,14503.298351449494,0.0,14493.298351449494,0,,15117.411
2017-09-01 00:00:00+00:00,606.74,602.94,508.30194,71.23016,8.253562,0.52,-10.0,14451.765062218135,0.0,14441.765062218135,0,,15063.696
2017-09-05 00:00:00+00:00,599.32,603.25,509.1838,66.70404,8.274279,0.52,-10.0,14459.195432395565,0.0,14449.195432395565,0,,15071.441
2017-09-06 00:00:00+00:00,605.13,605.47,510.0934,68.28315,8.227134,0.52,-10.0,14512.405138105743,0.0,14502.405138105743,0,,15126.904
2017-09-07 00:00:00+00:00,606.92,611.83,511.02835,67.23817,8.217137,0.52,-10.0,14664.848738230396,0.0,14654.848738230396,0,,15285.803
2017-09-08 00:00:00+00:00,610.0,612.7,512.01263,84.70675,8.174993,0.52,-10.0,14685.701103217485,0.0,14675.701103217485,0,,15307.538
2017-09-11 00:00:00+00:00,615.35,623.74,512.99054,84.72628,8.072854,0.52,-10.0,14950.316925944262,0.0,14940.316925944262,0,,15583.359
2017-09-12 00:00:00+00:00,624.97,629.42,514.02826,86.17215,8.324285,0.52,-10.0,15086.460456548253,0.0,15076.460456548253,0,,15725.267
2017-09-13 00:00:00+00:00,627.81,623.88,515.0761,84.3493,7.8864264,0.52,-10.0,14953.673977391189,0.0,14943.673977391189,0,,15586.857
2017-09-14 00:00:00+00:00,622.72,624.8,516.09973,80.053246,7.95857,0.52,-10.0,14975.724947838291,0.0,14965.724947838291,0,,15609.843
2017-09-15 00:00:00+00:00,621.8,626.0,517.1447,79.729485,8.160714,0.52,-10.0,15004.487038596928,0.0,14994.487038596928,0,,15639.822
2017-09-18 00:00:00+00:00,628.9,633.28,518.1662,82.26452,8.33,0.52,-10.0,15178.981154074767,0.0,15168.981154074767,0,,15821.705
2017-09-19 00:00:00+00:00,634.71,632.27,519.2725,83.35037,8.522147,0.45454545454545453,-10.0,15154.772180564458,0.0,15144.772180564458,0,,15796.471
2017-09-20 00:00:00+00:00,632.0,635.17,520.38934,84.92461,8.600717,0.52,-10.0,15224.280716384372,0.0,15214.280716384372,0,,15868.923
2017-09-21 00:00:00+00:00,631.93,631.41,521.51105,83.93942,8.449293,0.4857142857142857,-10.0,15134.157619463618,0.0,15124.157619463618,0,,15774.983
2017-09-22 00:00:00+00:00,629.4,632.86,522.60345,75.683014,8.140006,0.52,-10.0,15168.912421736099,0.0,15158.912421736099,0,,15811.21
2017-09-25 00:00:00+00:00,631.45,625.61,523.6748,79.60031,7.96572,0.52,-10.0,14995.138072133324,0.0,14985.138072133324,0,,15630.077
2017-09-26 00:00:00+00:00,630.15,625.39,524.7064,69.45024,8.035004,0.52,-10.0,14989.865664632132,0.0,14979.865664632132,0,,15624.582
2017-09-27 00:00:00+00:00,629.28,628.78,525.73987,67.95246,8.305001,0.52,-10.0,15071.121001811096,0.0,15061.121001811096,0,,15709.277
2017-09-28 00:00:00+00:00,628.44,624.48,526.775,66.13981,7.9157147,0.52,-10.0,14968.053540073535,0.0,14958.053540073535,0,,15601.846
2017-09-29 00:00:00+00:00,623.91,626.16,527.78204,60.52911,8.059287,0.52,-10.0,15008.320538393024,0.0,14998.320538393024,0,,15643.818
2017-10-02 00:00:00+00:00,630.5,635.8,528.784,52.597664,7.639291,0.4857142857142857,-10.0,15239.379680058877,0.0,15229.379680058877,0,,15884.662
2017-10-03 00:00:00+00:00,637.89,639.89,529.8652,56.311832,8.159293,0.52,-10.0,15337.412946802897,0.0,15327.412946802897,0,,15986.846
2017-10-04 00:00:00+00:00,638.81,643.32,530.936,66.30676,7.9892926,0.4857142857142857,-10.0,15419.625248671455,0.0,15409.625248671455,0,,16072.539
2017-10-05 00:00:00+00:00,644.22,644.85,532.0428,67.945724,7.897862,0.4857142857142857,-10.0,15456.296591963572,0.0,15446.296591963572,0,,16110.764
2017-10-06 00:00:00+00:00,642.95,645.76,533.1608,68.14939,7.607862,0.45454545454545453,-10.0,15478.10851106334,0.0,15468.10851106334,0,,16133.499
2017-10-09 00:00:00+00:00,649.45,651.95,534.2626,63.696186,7.3885717,0.52,-10.0,15626.47576166971,0.0,15616.47576166971,0,,16288.148
2017-10-10 00:00:00+00:00,653.19,652.97,535.40704,69.39296,8.245719,0.4857142857142857,-10.0,15650.923425441357,0.0,15640.923425441357,0,,16313.632
2017-10-11 00:00:00+00:00,653.96,659.7,536.5566,68.21528,8.300715,0.52,-10.0,15812.23491351705,0.0,15802.23491351705,0,,16481.773
2017-10-12 00:00:00+00:00,657.84,660.07,537.72473,77.29114,8.385005,0.45454545454545453,-10.0,15821.103675207678,0.0,15811.103675207678,0,,16491.018
2017-10-13 00:00:00+00:00,658.97,658.65,538.8884,76.80787,8.205724,0.45454545454545453,-10.0,15787.06851264879,0.0,15777.06851264879,0,,16455.541
2017-10-16 00:00:00+00:00,661.76,666.98,540.07874,86.7765,8.167153,0.45454545454545453,-10.0,15986.728084961076,0.0,15976.728084961076,0,,16663.654
2017-10-17 00:00:00+00:00,668.55,662.22,541.3121,89.2136,8.125724,0.45454545454545453,-10.0,15872.636514953476,0.0,15862.636514953476,0,,16544.732
2017-10-18 00:00:00+00:00,664.49,655.66,542.53033,80.73523,8.320723,0.52,-10.0,15715.401327766329,0.0,15705.401327766329,0,,16380.841
2017-10-19 00:00:00+00:00,653.65,661.19,543.6969,77.51501,8.455004,0.52,-10.0,15847.94966889064,0.0,15837.94966889064,0,,16519.002
2017-10-20 00:00:00+00:00,664.9,668.72,544.86926,78.94565,9.193568,0.52,-10.0,16028.434681859157,0.0,16018.434681859157,0,,16707.129
2017-10-23 00:00:00+00:00,671.4,667.37,546.1003,78.18494,8.797141,0.52,-10.0,15996.077283930925,0.0,15986.077283930925,0,,16673.402
2017-10-24 00:00:00+00:00,670.5,669.36,547.2743,74.685616,8.774287,0.52,-10.0,16043.774098599457,0.0,16033.774098599457,0,,16723.117
2017-10-25 00:00:00+00:00,670.27,665.43,548.4892,74.0133,8.709285,0.52,-10.0,15949.576353049275,0.0,15939.576353049275,0,,16624.932
2017-10-26 00:00:00+00:00,667.48,667.74,549.6666,68.17383,9.143568,0.52,-10.0,16004.945207211627,0.0,15994.945207211627,0,,16682.645
2017-10-27 00:00:00+00:00,669.02,679.0,550.87665,68.94176,9.5414295,0.52,-10.0,16274.834505797438,0.0,16264.834505797438,0,,16963.96
2017-10-30 00:00:00+00:00,680.5,675.22,552.16205,71.43765,9.109999,0.52,-10.0,16184.23130066248,0.0,16174.23130066248,0,,16869.521
2017-10-31 00:00:00+00:00,675.27,682.63,553.4159,66.89446,9.261427,0.52,-10.0,16361.841715800212,0.0,16351.841715800212,0,,17054.652
2017-11-01 00:00:00+00:00,685.48,689.11,554.72034,67.23283,9.488569,0.52,-10.0,16517.15871902997,0.0,16507.15871902997,0,,17216.545
2017-11-02 00:00:00+00:00,687.18,671.6,556.05725,69.98898,10.0592785,0.52,-10.0,16097.464665127349,0.0,16087.464665127349,0,,16779.08
2017-11-03 00:00:00+00:00,649.15,646.0,557.3367,57.297394,10.801427,0.52,-10.0,15483.863348739402,0.0,15473.863348739402,0,,16139.498
2017-11-06 00:00:00+00:00,644.64,635.11,558.49164,40.103783,12.681427,0.45454545454545453,-10.0,15222.84220150354,0.0,15212.84220150354,0,,15867.424
2017-11-07 00:00:00+00:00,635.49,624.58,559.5946,37.91136,13.175715,0.4857142857142857,-10.0,14970.451326136934,0.0,14960.451326136934,0,,15604.346
2017-11-08 00:00:00+00:00,625.79,623.72,560.63,36.615,13.795005,0.43478260869565216,-10.0,14949.837216708027,0.0,14939.837216708027,0,,15582.858
2017-11-09 00:00:00+00:00,621.46,626.82,561.6519,33.186737,13.469291,0.4,-10.0,15024.140791636812,0.0,15014.140791636812,0,,15660.309
2017-11-10 00:00:00+00:00,624.01,622.66,562.6799,30.42059,13.469291,0.2727272727272727,-10.0,14924.429493851434,0.0,14914.429493851434,0,,15556.375
2017-11-13 00:00:00+00:00,619.54,630.84,563.67755,29.64212,13.602147,0.2727272727272727,-10.0,15120.49502743113,0.0,15110.49502743113,0,,15760.742
2017-11-14 00:00:00+00:00,630.0,631.37,564.72144,33.396595,14.216435,0.2727272727272727,-10.0,15133.197269383349,0.0,15123.197269383349,0,,15773.983
2017-11-15 00:00:00+00:00,630.44,625.19,565.7452,34.875687,13.8864355,0.2727272727272727,-10.0,14985.070278446303,0.0,14975.070278446303,0,,15619.584
2017-11-16 00:00:00+00:00,626.48,630.5,566.6936,31.733522,13.760005,0.4,-10.0,15112.34482592769,0.0,15102.34482592769,0,,15752.248
2017-11-17 00:00:00+00:00,627.91,630.92,567.6779,28.058298,13.54215,0.016864951802031215,-10.0,15122.411786129822,0.0,15112.411786129822,0,,15762.74
2017-11-20 00:00:00+00:00,632.11,631.92,568.51917,29.329998,13.522151,0.2727272727272727,-10.0,15146.380910340702,0.0,15136.380910340702,0,,15787.725
2017-11-21 00:00:00+00:00,633.43,627.62,569.34955,24.833752,13.04715,0.2727272727272727,-10.0,15043.315164279662,0.0,15033.315164279662,0,,15680.294
2017-11-22 00:00:00+00:00,627.62,626.35,570.1715,18.808994,12.708579,0.2727272727272727,-10.0,15012.873847327714,0.0,15002.873847327714,0,,15648.564
2017-11-24 00:00:00+00:00,626.0,635.02,570.9964,22.519156,11.597861,0.4,-10.0,15220.685426141523,0.0,15210.685426141523,0,,15865.175
2017-11-27 00:00:00+00:00,634.4,633.76,571.84436,41.605537,9.71215,0.43478260869565216,-10.0,15190.48486145005,0.0,15180.48486145005,0,,15833.695
2017-11-28 00:00:00+00:00,634.97,634.14,572.68616,48.789696,8.980006,0.29387678303673437,-10.0,15199.593421398624,0.0,15189.593421398624,0,,15843.188
2017-11-29 00:00:00+00:00,633.7,625.44,573.5376,60.477818,8.116433,0.4,-10.0,14991.064424896249,0.0,14981.064424896249,0,,15625.83
2017-11-30 00:00:00+00:00,625.71,629.21,574.34827,51.608704,8.244293,0.43478260869565216,-10.0,15081.427828770275,0.0,15071.427828770275,0,,15720.02
2017-12-01 00:00:00+00:00,630.91,624.64,575.16815,52.207657,8.205004,0.45454545454545453,-10.0,14971.890447440323,0.0,14961.890447440323,0,,15605.845
2017-12-04 00:00:00+00:00,626.33,606.8,575.95996,51.815216,8.930001,0.52,-10.0,14544.285482579753,0.0,14534.285482579753,0,,15160.134
2017-12-05 00:00:00+00:00,606.89,612.25,576.6362,31.27725,9.324285,0.45454545454545453,-10.0,14674.916226216124,0.0,14664.916226216124,0,,15296.296
2017-12-06 00:00:00+00:00,610.17,615.98,577.3289,36.16901,9.912859,0.45454545454545453,-10.0,14764.320364382671,0.0,14754.320364382671,0,,15389.485
2017-12-07 00:00:00+00:00,616.35,620.15,578.04144,43.09284,9.807861,0.43478260869565216,-10.0,14864.271511125125,0.0,14854.271511125125,0,,15493.668
2017-12-08 00:00:00+00:00,623.2,623.19,578.7791,42.10289,9.667145,0.4,-10.0,14937.136247301733,0.0,14927.136247301733,0,,15569.619
2017-12-11 00:00:00+00:00,622.05,624.67,579.51776,44.328712,9.356428,0.4,-10.0,14972.610264959816,0.0,14962.610264959816,0,,15606.596
2017-12-12 00:00:00+00:00,622.81,625.01,580.26434,44.718063,9.659995,0.45454545454545453,-10.0,14980.760000704984,0.0,14970.760000704984,0,,15615.09
2017-12-13 00:00:00+00:00,625.27,626.39,581.0083,47.98208,9.685708,0.43478260869565216,-10.0,15013.837435809004,0.0,15003.837435809004,0,,15649.567
2017-12-14 00:00:00+00:00,626.75,629.93,581.722,50.030903,9.968562,0.45454545454545453,-10.0,15098.68595791415,0.0,15088.68595791415,0,,15738.009
2017-12-15 00:00:00+00:00,631.56,639.94,582.4642,45.73343,9.90142,0.45454545454545453,-10.0,15338.614911189343,0.0,15328.614911189343,0,,15988.098
2017-12-18 00:00:00+00:00,642.5,642.99,583.2554,54.517532,10.48999,0.52,-10.0,15411.72038503724,0.0,15401.72038503724,0,,16064.298
2017-12-19 00:00:00+00:00,643.78,635.07,584.0723,56.226234,10.435704,0.4857142857142857,-10.0,15221.887766740574,0.0,15211.887766740574,0,,15866.428
2017-12-20 00:00:00+00:00,636.67,626.66,584.8412,56.850193,10.78142,0.52,-10.0,15020.309452759542,0.0,15010.309452759542,0,,15656.313
2017-12-21 00:00:00+00:00,625.51,618.43,585.56494,48.29838,11.484994,0.4857142857142857,-10.0,14823.046097272394,0.0,14813.046097272394,0,,15450.698
2017-12-22 00:00:00+00:00,618.43,614.77,586.2369,46.049103,11.085707,0.45454545454545453,-10.0,14735.321158462632,0.0,14725.321158462632,0,,15359.259
2017-12-26 00:00:00+00:00,613.01,613.53,586.8762,56.186954,10.0714245,0.45454545454545453,-10.0,14705.59970360371,0.0,14695.59970360371,0,,15328.278
2017-12-27 00:00:00+00:00,612.42,615.93,587.51666,51.06315,9.369995,0.4,-10.0,14763.124092474194,0.0,14753.124092474194,0,,15388.238
2017-12-28 00:00:00+00:00,618.84,622.6,588.18945,49.957542,9.647139,0.4,-10.0,14922.995307780053,0.0,14912.995307780053,0,,15554.879
2017-12-29 00:00:00+00:00,625.2,619.52,588.87494,51.99605,9.793566,0.43478260869565216,-10.0,14849.17203945207,0.0,14839.17203945207,0,,15477.929
2018-01-02 00:00:00+00:00,622.44,626.1,589.5718,47.011894,10.174281,0.45454545454545453,-10.0,15006.886147922394,0.0,14996.886147922394,0,,15642.321
2018-01-03 00:00:00+00:00,624.96,631.54,590.2931,51.075024,10.180712,0.45454545454545453,-10.0,15137.276303688102,0.0,15127.276303688102,0,,15778.232
2018-01-04 00:00:00+00:00,628.88,627.03,591.0455,54.55941,10.464996,0.52,-10.0,15029.178396581907,0.0,15019.178396581907,0,,15665.558
2018-01-05 00:00:00+00:00,629.3,637.35,591.8138,50.42816,10.342856,0.52,-10.0,15276.536299841386,0.0,15266.536299841386,0,,15923.39
2018-01-08 00:00:00+00:00,635.93,633.18,592.61365,54.551037,10.6685705,0.52,-10.0,15176.586770875378,0.0,15166.586770875378,0,,15819.207
2018-01-09 00:00:00+00:00,636.04,649.99,593.3882,45.533802,10.193568,0.52,-10.0,15579.502458055873,0.0,15569.502458055873,0,,16239.185
2018-01-10 00:00:00+00:00,648.48,646.19,594.2452,53.91325,11.396428,0.45454545454545453,-10.0,15488.421533807565,0.0,15478.421533807565,0,,16144.247
2018-01-11 00:00:00+00:00,647.37,639.26,595.0814,56.516663,10.972853,0.52,-10.0,15322.318036989598,0.0,15312.318036989598,0,,15971.11
2018-01-12 00:00:00+00:00,638.61,650.6,595.88007,57.514366,10.544996,0.52,-10.0,15594.123344870275,0.0,15584.123344870275,0,,16254.424
2018-01-16 00:00:00+00:00,653.3,649.42,596.7424,68.49921,10.658569,0.52,-10.0,15565.840131537321,0.0,15555.840131537321,0,,16224.943
2018-01-17 00:00:00+00:00,653.12,656.51,597.596,70.5103,10.960711,0.52,-10.0,15735.779026158032,0.0,15725.779026158032,0,,16402.078
2018-01-18 00:00:00+00:00,655.8,653.75,598.484,73.79325,11.439283,0.45454545454545453,-10.0,15669.625263443588,0.0,15659.625263443588,0,,16333.122
2018-01-19 00:00:00+00:00,656.94,666.69,599.3634,70.853615,11.325706,0.52,-10.0,15979.78215463962,0.0,15969.78215463962,0,,16656.412
2018-01-22 00:00:00+00:00,665.81,670.88,600.314,72.738594,11.66571,0.52,-10.0,16080.212416129341,0.0,16070.212416129341,0,,16761.094
2018-01-23 00:00:00+00:00,671.07,667.15,601.284,76.18809,11.926427,0.4857142857142857,-10.0,15990.808659632188,0.0,15980.808659632188,0,,16667.904
2018-01-24 00:00:00+00:00,667.0,672.69,602.21704,71.55767,11.977142,0.52,-10.0,16123.596333155772,0.0,16113.596333155772,0,,16806.314
2018-01-25 00:00:00+00:00,674.93,678.05,603.1661,71.58751,12.020006,0.52,-10.0,16252.06832504145,0.0,16242.06832504145,0,,16940.227
2018-01-26 00:00:00+00:00,679.08,692.3,604.1506,76.528725,12.09072,0.45454545454545453,-10.0,16593.623758008576,0.0,16583.623758008576,0,,17296.244
2018-01-29 00:00:00+00:00,690.39,685.79,605.2119,77.450325,12.310717,0.45454545454545453,-10.0,16437.58616163034,0.0,16427.58616163034,0,,17133.6
2018-01-30 00:00:00+00:00,680.34,677.14,606.25574,75.68096,12.663574,0.52,-10.0,16230.256952754382,0.0,16220.256952754382,0,,16917.49
2018-01-31 00:00:00+00:00,679.73,675.26,607.2721,64.400154,12.241429,0.52,-10.0,16185.195521295234,0.0,16175.195521295234,0,,16870.521
2018-02-01 00:00:00+00:00,676.0,684.11,608.2425,65.73905,12.190718,0.52,-10.0,16397.318507708085,0.0,16387.318507708085,0,,17091.625
2018-02-02 00:00:00+00:00,680.97,667.16,609.2736,73.78807,12.228572,0.52,-10.0,15991.046135469649,0.0,15981.046135469649,0,,16668.15
2018-02-05 00:00:00+00:00,666.34,635.5,610.1451,58.28995,12.510001,0.52,-10.0,15232.193695874455,0.0,15222.193695874455,0,,15877.166
2018-02-06 00:00:00+00:00,623.2,637.28,610.87366,44.660942,14.077144,0.52,-10.0,15274.85817883495,0.0,15264.85817883495,0,,15921.637
2018-02-07 00:00:00+00:00,636.71,641.96,611.6077,42.311077,14.872855,0.52,-10.0,15387.031389025575,0.0,15377.031389025575,0,,16038.56
2018-02-08 00:00:00+00:00,644.04,601.0,612.32385,45.357178,15.112859,0.52,-10.0,14405.267598845972,0.0,14395.267598845972,0,,15015.226
2018-02-09 00:00:00+00:00,614.06,600.37,612.7817,28.8083,17.374285,0.45454545454545453,-10.0,14390.167033814152,0.0,14380.167033814152,0,,14999.485
2018-02-12 00:00:00+00:00,605.54,613.87,613.21857,26.718601,20.497854,0.3548848465882015,-10.0,14713.745634350411,0.0,14703.745634350411,0,,15336.765
2018-02-13 00:00:00+00:00,611.62,613.69,613.7214,33.47393,21.244995,0.4857142857142857,-10.0,14709.431634055287,0.0,14699.431634055287,0,,15332.269
2018-02-14 00:00:00+00:00,611.51,624.67,614.2228,31.070324,21.409275,0.43478260869565216,-10.0,14972.609322851862,0.0,14962.609322851862,0,,15606.589
2018-02-15 00:00:00+00:00,625.81,631.97,614.7775,33.469585,22.067135,0.45454545454545453,-10.0,15147.582317719245,0.0,15137.582317719245,0,,15788.971
2018-02-16 00:00:00+00:00,628.94,634.37,615.3541,30.47698,21.82571,0.45454545454545453,-10.0,15205.107538816188,0.0,15195.107538816188,0,,15848.933
2018-02-20 00:00:00+00:00,632.81,624.22,615.9588,32.905586,21.760712,0.45454545454545453,-10.0,14961.823512580564,0.0,14951.823512580564,0,,15595.347
2018-02-21 00:00:00+00:00,624.66,628.61,616.48334,32.580635,21.66857,0.52,-10.0,15067.046307366623,0.0,15057.046307366623,0,,15705.025
2018-02-22 00:00:00+00:00,631.99,624.97,616.9057,34.894108,22.49857,0.45454545454545453,-10.0,14979.799201007578,0.0,14969.799201007578,0,,15614.084
2018-02-23 00:00:00+00:00,628.94,636.1,617.3176,30.18097,22.76357,0.43478260869565216,-10.0,15246.573159480417,0.0,15236.573159480417,0,,15892.154
2018-02-26 00:00:00+00:00,636.94,636.63,617.7609,39.168648,22.320719,0.52,-10.0,15259.277716229852,0.0,15249.277716229852,0,,15905.396
2018-02-27 00:00:00+00:00,635.08,625.57,618.1814,50.50334,20.680002,0.52,-10.0,14994.182444234864,0.0,14984.182444234864,0,,15629.077
2018-02-28 00:00:00+00:00,628.41,616.22,618.54553,45.182255,19.895718,0.45454545454545453,-10.0,14770.07337896838,0.0,14760.07337896838,0,,15395.478
2018-03-01 00:00:00+00:00,618.1,596.17,618.84607,39.80189,20.110714,0.45454545454545453,-10.0,14289.498864925965,0.0,14279.498864925965,0,,14894.555
2018-03-02 00:00:00+00:00,589.6,593.26,619.00494,47.70633,18.83071,0.4857142857142857,-10.0,14219.750621144181,0.0,14209.750621144181,0,,14821.854
2018-03-05 00:00:00+00:00,592.16,599.95,619.14215,46.695183,15.493566,0.2727272727272727,-10.0,14380.102795158959,0.0,14370.102795158959,0,,14988.996
2018-03-06 00:00:00+00:00,601.42,605.29,619.3502,43.09251,15.368566,0.2727272727272727,-10.0,14508.09494774229,0.0,14498.09494774229,0,,15122.407
2018-03-07 00:00:00+00:00,599.3,611.54,619.56915,46.034733,15.083566,0.45454545454545453,-10.0,14657.900752016794,0.0,14647.900752016794,0,,15278.557
2018-03-08 00:00:00+00:00,614.22,606.88,619.8064,43.512207,14.854279,0.43478260869565216,-10.0,14546.207011777646,0.0,14536.207011777646,0,,15162.133
2018-03-09 00:00:00+00:00,610.11,616.0,619.9918,37.270443,14.801417,0.4,-10.0,14764.802206845969,0.0,14754.802206845969,0,,15389.983
2018-03-12 00:00:00+00:00,615.4,615.91,620.2181,41.274822,14.987845,0.45454545454545453,-10.0,14762.644322307127,0.0,14752.644322307127,0,,15387.734
2018-03-13 00:00:00+00:00,618.42,612.0,620.42834,45.635963,14.441415,0.45454545454545453,-10.0,14668.926451664229,0.0,14658.926451664229,0,,15290.048
2018-03-14 00:00:00+00:00,615.0,606.13,620.60284,41.232983,13.639274,0.45454545454545453,-10.0,14528.229152679978,0.0,14518.229152679978,0,,15143.394
2018-03-15 00:00:00+00:00,608.62,613.83,620.7415,40.284668,13.218558,0.52,-10.0,14712.789062936285,0.0,14702.789062936285,0,,15335.769
2018-03-16 00:00:00+00:00,614.61,613.88,620.9114,38.094746,13.285697,0.45454545454545453,-10.0,14713.986977409102,0.0,14703.986977409102,0,,15337.017
2018-03-19 00:00:00+00:00,610.3,611.51,621.0668,37.77538,12.997838,0.52,-10.0,14657.181387583367,0.0,14647.181387583367,0,,15277.806
2018-03-20 00:00:00+00:00,613.55,611.9,621.18,41.66666,12.669264,0.52,-10.0,14666.529293746531,0.0,14656.529293746531,0,,15287.55
2018-03-21 00:00:00+00:00,612.9,606.41,621.2539,47.13531,12.109266,0.45454545454545453,-10.0,14534.939603597713,0.0,14524.939603597713,0,,15150.389
2018-03-22 00:00:00+00:00,601.27,585.39,621.30865,58.415512,11.042128,0.4857142857142857,-10.0,14031.11554502965,0.0,14021.11554502965,0,,14625.231
2018-03-23 00:00:00+00:00,586.01,566.87,621.2681,45.01583,11.915697,0.45454545454545453,-10.0,13587.212124389305,0.0,13577.212124389305,0,,14162.532
2018-03-26 00:00:00+00:00,574.46,588.75,621.0967,31.780111,12.721414,0.52,-10.0,14111.650541737112,0.0,14101.650541737112,0,,14709.177
2018-03-27 00:00:00+00:00,588.76,573.21,621.03467,42.294086,13.654271,0.4857142857142857,-10.0,13739.175726326825,0.0,13729.175726326825,0,,14320.931
2018-03-28 00:00:00+00:00,574.44,571.9,620.93097,33.56489,14.287842,0.4857142857142857,-10.0,13707.776745965672,0.0,13697.776745965672,0,,14288.201
2018-03-29 00:00:00+00:00,572.42,575.03,620.9023,34.557667,14.262129,0.43478260869565216,-10.0,13782.799650622086,0.0,13772.799650622086,0,,14366.401
2018-04-02 00:00:00+00:00,575.0,562.68,620.8553,30.903345,14.439985,0.45454545454545453,-10.0,13486.783396643514,0.0,13476.783396643514,0,,14057.851
2018-04-03 00:00:00+00:00,566.45,568.58,620.7598,27.733637,15.494987,0.4857142857142857,-10.0,13628.19946719841,0.0,13618.19946719841,0,,14205.254
2018-04-04 00:00:00+00:00,559.46,574.53,620.6816,32.134647,15.576416,0.4,-10.0,13770.814053793534,0.0,13760.814053793534,0,,14353.907
2018-04-05 00:00:00+00:00,577.98,577.67,620.6174,37.0066,16.952847,0.4,-10.0,13846.075258168588,0.0,13836.075258168588,0,,14432.355
2018-04-06 00:00:00+00:00,573.36,555.26,620.5318,34.55228,16.620707,0.45454545454545453,-10.0,13308.934177797788,0.0,13298.934177797788,0,,13872.47
2018-04-09 00:00:00+00:00,553.56,560.22,620.3436,28.97418,17.99785,0.4857142857142857,-10.0,13427.819023143395,0.0,13417.819023143395,0,,13996.389
2018-04-10 00:00:00+00:00,563.71,571.28,620.152,31.938854,18.637136,0.4857142857142857,-10.0,13692.91598991569,0.0,13682.91598991569,0,,14272.711
2018-04-11 00:00:00+00:00,565.22,565.17,620.0296,36.69593,19.07214,0.52,-10.0,13546.465621785572,0.0,13536.465621785572,0,,14120.061
2018-04-12 00:00:00+00:00,568.25,569.76,619.85724,36.5475,19.554281,0.52,-10.0,13656.483113350443,0.0,13646.483113350443,0,,14234.736
2018-04-13 00:00:00+00:00,572.3,568.21,619.72534,44.28937,18.639286,0.52,-10.0,13619.331803754356,0.0,13609.331803754356,0,,14196.012
2018-04-16 00:00:00+00:00,570.49,570.76,619.6108,50.558903,17.132141,0.52,-10.0,13680.451999749226,0.0,13670.451999749226,0,,14259.72
2018-04-17 00:00:00+00:00,573.82,581.57,619.4913,41.05421,16.007141,0.52,-10.0,13939.554484018863,0.0,13929.554484018863,0,,14529.793
2018-04-18 00:00:00+00:00,584.48,585.63,619.47974,54.362335,15.255712,0.52,-10.0,14036.868387552455,0.0,14026.868387552455,0,,14631.228
2018-04-19 00:00:00+00:00,584.61,577.37,619.4652,56.96458,15.197854,0.52,-10.0,13838.885580749462,0.0,13828.885580749462,0,,14424.861
2018-04-20 00:00:00+00:00,578.26,576.76,619.41003,51.12824,14.919286,0.52,-10.0,13824.26490429642,0.0,13814.26490429642,0,,14409.622
2018-04-23 00:00:00+00:00,577.1,574.35,619.3538,57.65551,13.9749975,0.52,-10.0,13766.499057381432,0.0,13756.499057381432,0,,14349.41
2018-04-24 00:00:00+00:00,561.93,561.88,619.3019,53.260967,13.701425,0.8,-10.0,13467.608144035401,0.0,13457.608144035401,0,,14037.864
2018-04-25 00:00:00+00:00,562.01,560.67,619.1704,43.341393,12.777849,0.52,-10.0,13438.605436897102,0.0,13428.605436897102,0,,14007.634
2018-04-26 00:00:00+00:00,562.0,563.61,619.0087,40.86611,12.948565,0.5874591116429921,-10.0,13509.074503511996,0.0,13499.074503511996,0,,14081.087
2018-04-27 00:00:00+00:00,563.86,564.01,618.8639,55.6733,11.604998,0.52,-10.0,13518.662867826304,0.0,13508.662867826304,0,,14091.082
2018-04-30 00:00:00+00:00,566.2,559.93,618.6722,52.745205,10.737139,0.52,-10.0,13420.869973048426,0.0,13410.869973048426,0,,13989.148
2018-05-01 00:00:00+00:00,555.37,567.22,618.4568,40.854137,10.16714,0.52,-10.0,13595.60221874479,0.0,13585.60221874479,0,,14171.278
2018-05-02 00:00:00+00:00,564.03,560.83,618.2691,51.621056,10.012853,0.52,-10.0,13442.442361319863,0.0,13432.442361319863,0,,14011.634
2018-05-03 00:00:00+00:00,556.51,574.8,618.02466,43.13394,9.787135,0.52,-10.0,13777.286829681236,0.0,13767.286829681236,0,,14360.655
2018-05-04 00:00:00+00:00,580.0,552.97,617.8663,54.254337,11.049277,0.52,-10.0,13254.046550654699,0.0,13244.046550654699,0,,13815.26
2018-05-07 00:00:00+00:00,555.6,552.9,617.5873,40.80428,12.608564,0.52,-10.0,13252.370164847871,0.0,13242.370164847871,0,,13813.513
2018-05-08 00:00:00+00:00,551.7,546.43,617.3002,33.329453,12.749281,0.52,-10.0,13097.290914669886,0.0,13087.290914669886,0,,13651.867
2018-05-09 00:00:00+00:00,548.66,549.66,616.9649,27.828037,12.595708,0.52,-10.0,13174.71046595835,0.0,13164.71046595835,0,,13732.564
2018-05-10 00:00:00+00:00,554.48,563.25,616.63824,33.381287,12.277849,0.52,-10.0,13500.448377359338,0.0,13490.448377359338,0,,14072.095
2018-05-11 00:00:00+00:00,566.0,563.72,616.45,42.989094,12.725713,0.52,-10.0,13511.712419998252,0.0,13501.712419998252,0,,14083.836
2018-05-14 00:00:00+00:00,566.07,568.92,616.27936,44.370293,12.496425,0.4857142857142857,-10.0,13636.350060362358,0.0,13626.350060362358,0,,14213.752
2018-05-15 00:00:00+00:00,563.62,556.44,616.1479,54.039467,11.818573,0.4857142857142857,-10.0,13337.219842549992,0.0,13327.219842549992,0,,13901.955
2018-05-16 00:00:00+00:00,557.01,560.75,616.0398,47.850838,12.613569,0.52,-10.0,13440.524927168284,0.0,13430.524927168284,0,,14009.634
2018-05-17 00:00:00+00:00,559.7,562.1,615.97815,48.566853,12.627136,0.52,-10.0,13472.882071631842,0.0,13462.882071631842,0,,14043.361
2018-05-18 00:00:00+00:00,563.0,573.19,615.921,49.051903,12.609279,0.8,-10.0,13738.696837846137,0.0,13728.696837846137,0,,14320.431
2018-05-21 00:00:00+00:00,575.99,582.01,615.902,56.153717,13.11142,0.6666666666666666,-10.0,13950.101517601011,0.0,13940.101517601011,0,,14540.787
2018-05-22 00:00:00+00:00,583.03,574.1,615.9238,56.767666,12.5449915,0.8,-10.0,13760.507469474145,0.0,13750.507469474145,0,,14343.165
2018-05-23 00:00:00+00:00,569.85,569.8,615.9113,55.98879,12.922852,0.6666666666666666,-10.0,13657.44155382273,0.0,13647.44155382273,0,,14235.735
2018-05-24 00:00:00+00:00,567.67,565.58,615.8522,47.52769,11.647853,0.52,-10.0,13556.293777851606,0.0,13546.293777851606,0,,14130.304
2018-05-25 00:00:00+00:00,565.74,554.83,615.80414,57.550026,9.900709,0.52,-10.0,13298.628933973443,0.0,13288.628933973443,0,,13861.729
2018-05-29 00:00:00+00:00,551.5,546.74,615.70044,51.02452,9.829995,0.5266240005550064,-10.0,13104.72050505902,0.0,13094.72050505902,0,,13659.609
2018-05-30 00:00:00+00:00,550.81,551.71,615.5779,50.161777,10.209285,0.52,-10.0,13223.846403195312,0.0,13213.846403195312,0,,13783.779
2018-05-31 00:00:00+00:00,549.79,550.74,615.44855,51.050766,10.307857,0.52,-10.0,13200.596000911557,0.0,13190.596000911557,0,,13759.544
2018-06-01 00:00:00+00:00,555.0,569.0,615.2919,42.63511,9.795,0.52,-10.0,13638.267586535958,0.0,13628.267586535958,0,,14215.747
2018-06-04 00:00:00+00:00,567.4,572.16,615.233,52.570107,10.733573,0.8,-10.0,13714.009112669251,0.0,13704.009112669251,0,,14294.696
2018-06-05 00:00:00+00:00,572.42,574.19,615.16895,51.609055,10.884286,0.52,-10.0,13762.666774729556,0.0,13752.666774729556,0,,14345.413
2018-06-06 00:00:00+00:00,573.79,584.87,615.1707,59.835964,10.279288,0.52,-10.0,14018.653838875869,0.0,14008.653838875869,0,,14612.239
2018-06-07 00:00:00+00:00,585.0,590.62,615.22186,62.484455,10.72072,0.8,-10.0,14156.473889841665,0.0,14146.473889841665,0,,14755.8955
2018-06-08 00:00:00+00:00,590.78,594.86,615.2752,64.118805,10.940007,0.52,-10.0,14258.101837424882,0.0,14248.101837424882,0,,14861.826
2018-06-11 00:00:00+00:00,594.8,592.28,615.2861,61.508213,10.442152,0.6666666666666666,-10.0,14196.2634178624,0.0,14186.2634178624,0,,14797.369
2018-06-12 00:00:00+00:00,595.37,595.14,615.2974,55.84121,10.233577,0.8,-10.0,14264.814486438658,0.0,14254.814486438658,0,,14868.823
2018-06-13 00:00:00+00:00,594.8,593.0,615.314,62.69614,9.790719,0.8,-10.0,14213.520652685915,0.0,14203.520652685915,0,,14815.358
2018-06-14 00:00:00+00:00,594.94,592.7,615.3271,64.37423,9.615723,0.52,-10.0,14206.330535459114,0.0,14196.330535459114,0,,14807.863
2018-06-15 00:00:00+00:00,592.78,589.0,615.3203,67.66084,9.554296,0.52,-10.0,14117.645629554536,0.0,14107.645629554536,0,,14715.424
2018-06-18 00:00:00+00:00,585.85,585.31,615.3055,74.501625,9.447152,0.52,-10.0,14029.200479942969,0.0,14019.200479942969,0,,14623.233
2018-06-19 00:00:00+00:00,579.45,581.06,615.24005,79.51936,9.145006,0.52,-10.0,13927.333088376505,0.0,13917.333088376505,0,,14517.052
2018-06-20 00:00:00+00:00,583.63,579.65,615.1199,72.71319,9.189292,0.8,-10.0,13893.53751363032,0.0,13883.53751363032,0,,14481.826
2018-06-21 00:00:00+00:00,580.26,576.33,615.0034,72.22142,9.496429,0.52,-10.0,13813.961039184423,0.0,13803.961039184423,0,,14398.88
2018-06-22 00:00:00+00:00,578.99,582.31,614.86884,57.31394,8.627145,0.8,-10.0,13957.29437516229,0.0,13947.29437516229,0,,14548.282
2018-06-25 00:00:00+00:00,575.52,570.47,614.75305,59.58817,8.676431,0.52,-10.0,13673.502483056667,0.0,13663.502483056667,0,,14252.475
2018-06-26 00:00:00+00:00,571.52,573.8,614.54626,47.035355,9.063573,0.6666666666666666,-10.0,13753.319110092742,0.0,13743.319110092742,0,,14335.671
2018-06-27 00:00:00+00:00,573.31,564.3,614.35175,40.007206,8.800715,0.52,-10.0,13525.615542196123,0.0,13515.615542196123,0,,14098.325
2018-06-28 00:00:00+00:00,564.88,572.68,614.05457,27.747694,9.139291,0.8,-10.0,13726.474433795063,0.0,13716.474433795063,0,,14307.688
2018-06-29 00:00:00+00:00,575.07,578.63,613.7709,32.474712,9.646432,0.52,-10.0,13869.08982430465,0.0,13859.08982430465,0,,14456.343
2018-07-02 00:00:00+00:00,574.38,570.8,613.5446,39.759926,10.05001,0.52,-10.0,13681.413537981458,0.0,13671.413537981458,0,,14260.72
2018-07-03 00:00:00+00:00,576.26,580.58,613.2746,33.007534,10.506439,0.52,-10.0,13915.830209712223,0.0,13905.830209712223,0,,14505.0625
2018-07-05 00:00:00+00:00,582.84,583.97,613.0475,42.165043,11.60144,0.52,-10.0,13997.082947195213,0.0,13987.082947195213,0,,14589.756
2018-07-06 00:00:00+00:00,583.75,583.77,612.80096,44.699432,12.029302,0.52,-10.0,13992.289944498481,0.0,13982.289944498481,0,,14584.76
2018-07-09 00:00:00+00:00,585.02,594.76,612.5585,46.683586,11.615016,0.4857142857142857,-10.0,14255.707236724442,0.0,14245.707236724442,0,,14859.331
2018-07-10 00:00:00+00:00,592.45,593.37,612.3564,55.48463,11.735016,0.52,-10.0,14222.3902501188,0.0,14212.3902501188,0,,14824.603
2018-07-11 00:00:00+00:00,588.69,581.93,612.1662,57.389843,11.347875,0.52,-10.0,13948.186571135146,0.0,13938.186571135146,0,,14538.789
2018-07-12 00:00:00+00:00,588.39,587.03,611.91156,51.221584,11.461448,0.6666666666666666,-10.0,14070.428876454063,0.0,14060.428876454063,0,,14666.207
2018-07-13 00:00:00+00:00,583.91,583.13,611.7186,55.62566,11.717874,0.52,-10.0,13976.949830620277,0.0,13966.949830620277,0,,14568.77
2018-07-16 00:00:00+00:00,581.94,575.36,611.5073,50.44077,11.372872,0.52,-10.0,13790.711475485254,0.0,13780.711475485254,0,,14374.6455
2018-07-17 00:00:00+00:00,573.8,584.8,611.24023,52.74874,10.652876,0.52,-10.0,14016.977501088722,0.0,14006.977501088722,0,,14610.493
2018-07-18 00:00:00+00:00,585.45,585.61,611.0419,55.785816,10.841444,0.52,-10.0,14036.39231479621,0.0,14026.39231479621,0,,14630.73
2018-07-19 00:00:00+00:00,587.0,598.11,610.8391,62.33645,10.440726,0.52,-10.0,14336.002726763305,0.0,14326.002726763305,0,,14943.026
2018-07-20 00:00:00+00:00,595.01,602.56,610.65063,64.05126,10.6043005,0.52,-10.0,14442.66387986317,0.0,14432.66387986317,0,,15054.203
2018-07-23 00:00:00+00:00,602.11,594.61,610.464,63.44532,10.367157,0.52,-10.0,14252.111322128727,0.0,14242.111322128727,0,,14855.583
2018-07-24 00:00:00+00:00,594.75,602.76,610.22046,63.359882,10.14144,0.8,-10.0,14447.457111989896,0.0,14437.457111989896,0,,15059.2
2018-07-25 00:00:00+00:00,603.38,612.61,610.01,62.677174,9.695723,0.8,-10.0,14683.549478664534,0.0,14673.549478664534,0,,15305.29
2018-07-26 00:00:00+00:00,612.59,617.94,609.84424,65.24377,9.905004,0.8,-10.0,14811.303554036793,0.0,14801.303554036793,0,,15438.454
2018-07-27 00:00:00+00:00,611.94,589.94,609.6742,67.24535,10.29214,0.52,-10.0,14140.175719662862,0.0,14130.175719662862,0,,14738.909
2018-07-30 00:00:00+00:00,589.2,581.81,609.3591,47.923843,11.684998,0.52,-10.0,13945.308958229272,0.0,13935.308958229272,0,,14535.791
2018-07-31 00:00:00+00:00,585.43,592.51,608.9696,45.293934,12.1257105,0.577338050887143,-10.0,14201.77565618701,0.0,14191.77565618701,0,,14803.116
2018-08-01 00:00:00+00:00,589.97,587.52,608.6318,54.333225,12.172141,0.8,-10.0,14082.171444763298,0.0,14072.171444763298,0,,14678.447
2018-08-02 00:00:00+00:00,586.08,588.82,608.2761,50.200867,12.0835705,0.52,-10.0,14113.330271613504,0.0,14103.330271613504,0,,14710.926
2018-08-03 00:00:00+00:00,590.26,586.67,607.8854,52.383347,12.254996,0.45454545454545453,-10.0,14061.796290900058,0.0,14051.796290900058,0,,14657.21
2018-08-06 00:00:00+00:00,585.04,587.02,607.50757,54.971424,12.41285,0.45454545454545453,-10.0,14070.186156112017,0.0,14060.186156112017,0,,14665.955
2018-08-07 00:00:00+00:00,589.0,583.98,607.16437,51.060593,12.142138,0.45454545454545453,-10.0,13997.320185728504,0.0,13987.320185728504,0,,14590.004
2018-08-08 00:00:00+00:00,583.23,583.1,606.7783,49.237534,12.114999,0.52,-10.0,13976.227279197672,0.0,13966.227279197672,0,,14568.018
2018-08-09 00:00:00+00:00,584.57,575.6,606.3502,42.122395,11.65428,0.52,-10.0,13796.461338694795,0.0,13786.461338694795,0,,14380.64
2018-08-10 00:00:00+00:00,572.28,572.2,605.8914,36.289673,11.837136,0.52,-10.0,13714.96812082929,0.0,13704.96812082929,0,,14295.696
2018-08-13 00:00:00+00:00,574.28,567.14,605.4056,38.050575,11.562139,0.52,-10.0,13593.685775752343,0.0,13583.685775752343,0,,14169.278
2018-08-14 00:00:00+00:00,567.38,562.11,604.9141,30.35952,11.492135,0.52,-10.0,13473.121860395577,0.0,13463.121860395577,0,,14043.609
2018-08-15 00:00:00+00:00,559.38,559.44,604.386,20.591698,11.16285,0.45454545454545453,-10.0,13409.125154733756,0.0,13399.125154733756,0,,13976.903
2018-08-16 00:00:00+00:00,563.16,567.76,603.7882,14.8437805,11.03214,0.52,-10.0,13608.546658015823,0.0,13598.546658015823,0,,14184.769
2018-08-17 00:00:00+00:00,568.25,564.74,603.2509,32.54096,9.600713,0.52,-10.0,13536.16037459979,0.0,13526.16037459979,0,,14109.317
2018-08-20 00:00:00+00:00,564.06,564.85,602.66144,35.387794,9.424996,0.43478260869565216,-10.0,13538.797055924284,0.0,13528.797055924284,0,,14112.064
2018-08-21 00:00:00+00:00,566.54,564.06,602.04016,21.079052,8.95285,0.4857142857142857,-10.0,13519.86219008479,0.0,13509.86219008479,0,,14092.328
2018-08-22 00:00:00+00:00,563.96,566.24,601.50244,23.108675,8.676422,0.4857142857142857,-10.0,13572.113282542865,0.0,13562.113282542865,0,,14146.792
2018-08-23 00:00:00+00:00,567.04,563.07,601.10364,24.629229,8.53571,0.45454545454545453,-10.0,13496.132430418797,0.0,13486.132430418797,0,,14067.594
2018-08-24 00:00:00+00:00,564.32,568.0,600.74347,24.077366,8.159999,0.4857142857142857,-10.0,13614.298690973226,0.0,13604.298690973226,0,,14190.764
2018-08-27 00:00:00+00:00,570.0,573.05,600.4606,31.017935,8.052141,0.52,-10.0,13735.341613108838,0.0,13725.341613108838,0,,14316.932
2018-08-28 00:00:00+00:00,575.28,575.61,600.2072,39.51256,8.058568,0.4857142857142857,-10.0,13796.7024404298,0.0,13786.7024404298,0,,14380.892
2018-08-29 00:00:00+00:00,578.27,581.0,599.9512,43.03774,7.757856,0.45454545454545453,-10.0,13925.894884920974,0.0,13915.894884920974,0,,14515.554
2018-08-30 00:00:00+00:00,581.8,579.82,599.74286,55.224487,7.3792853,0.52,-10.0,13897.611828762621,0.0,13887.611828762621,0,,14486.073
2018-08-31 00:00:00+00:00,578.49,584.46,599.48773,57.703197,7.351432,0.52,-10.0,14008.827739920329,0.0,13998.827739920329,0,,14601.998
2018-09-04 00:00:00+00:00,580.59,580.45,599.2532,67.65907,7.1057215,0.52,-10.0,13912.71273774628,0.0,13902.71273774628,0,,14501.813
2018-09-05 00:00:00+00:00,583.0,586.76,599.0295,69.09625,7.083579,0.52,-10.0,14063.955254653474,0.0,14053.955254653474,0,,14659.46
2018-09-06 00:00:00+00:00,583.61,588.0,598.8108,76.44214,7.333579,0.52,-10.0,14093.67720598968,0.0,14083.67720598968,0,,14690.439
2018-09-07 00:00:00+00:00,586.48,588.91,598.5962,72.700775,7.051435,0.8,-10.0,14115.488228448728,0.0,14105.488228448728,0,,14713.174
2018-09-10 00:00:00+00:00,596.35,595.41,598.38116,78.45542,6.9042926,0.52,-10.0,14271.285808225446,0.0,14261.285808225446,0,,14875.568
2018-09-11 00:00:00+00:00,594.37,592.57,598.2201,81.27307,7.1578674,0.52,-10.0,14203.215449935273,0.0,14193.215449935273,0,,14804.616
2018-09-12 00:00:00+00:00,596.0,603.27,598.0512,78.00045,7.51287,0.8,-10.0,14459.682751047454,0.0,14449.682751047454,0,,15071.942
2018-09-13 00:00:00+00:00,603.78,609.28,597.89246,81.15436,7.959298,0.8,-10.0,14603.736466179666,0.0,14593.736466179666,0,,15222.097
2018-09-14 00:00:00+00:00,610.0,610.01,597.77,87.10458,8.13001,0.52,-10.0,14621.232521721313,0.0,14611.232521721313,0,,15240.333
2018-09-17 00:00:00+00:00,611.77,610.31,597.6494,86.171906,8.113582,0.5652173913043478,-10.0,14628.422342029056,0.0,14618.422342029056,0,,15247.828
2018-09-18 00:00:00+00:00,611.43,606.04,597.5737,84.94003,8.076438,0.5,-10.0,14526.075275451996,0.0,14516.075275451996,0,,15141.147
2018-09-19 00:00:00+00:00,610.0,614.85,597.4579,77.64857,8.330724,0.5652173913043478,-10.0,14737.240494933583,0.0,14727.240494933583,0,,15361.254
2018-09-20 00:00:00+00:00,616.78,616.19,597.40894,78.956375,8.738578,0.5652173913043478,-10.0,14769.358604485058,0.0,14759.358604485058,0,,15394.731
2018-09-21 00:00:00+00:00,619.13,611.98,597.4559,81.02713,8.851432,0.5652173913043478,-10.0,14668.449011492103,0.0,14658.449011492103,0,,15289.55
2018-09-24 00:00:00+00:00,611.24,610.01,597.4545,73.6507,9.235718,0.5652173913043478,-10.0,14621.231150238207,0.0,14611.231150238207,0,,15240.333
2018-09-25 00:00:00+00:00,612.34,610.2,597.4247,76.32706,9.105718,0.5652173913043478,-10.0,14625.78557416594,0.0,14615.78557416594,0,,15245.08
2018-09-26 00:00:00+00:00,611.54,611.29,597.37494,73.43065,8.712865,0.5652173913043478,-10.0,14651.910620305098,0.0,14641.910620305098,0,,15272.311
2018-09-27 00:00:00+00:00,613.02,610.0,597.3154,73.35072,8.767151,0.5652173913043478,-10.0,14620.991530773123,0.0,14610.991530773123,0,,15240.083
2018-09-28 00:00:00+00:00,610.0,608.98,597.2421,70.98513,9.418584,0.5652173913043478,-10.0,14596.543058726014,0.0,14586.543058726014,0,,15214.6
2018-10-01 00:00:00+00:00,611.59,616.01,597.1619,65.15526,9.218584,0.5652173913043478,-10.0,14765.045393883518,0.0,14755.045393883518,0,,15390.236
2018-10-02 00:00:00+00:00,613.26,616.34,597.11005,73.9379,9.159297,0.5652173913043478,-10.0,14772.955420672242,0.0,14762.955420672242,0,,15398.48
2018-10-03 00:00:00+00:00,618.76,614.34,597.0421,66.93443,8.701442,0.5652173913043478,-10.0,14725.018118913904,0.0,14715.018118913904,0,,15348.515
2018-10-04 00:00:00+00:00,611.52,611.67,596.9141,57.31636,8.525016,0.5,-10.0,14661.020364687169,0.0,14651.020364687169,0,,15281.808
2018-10-05 00:00:00+00:00,611.79,603.98,596.7575,52.272686,8.460729,0.3888888888888889,-10.0,14476.699534494483,0.0,14466.699534494483,0,,15089.681
2018-10-08 00:00:00+00:00,603.92,591.24,596.60205,42.792072,9.282161,0.5,-10.0,14171.337176111352,0.0,14161.337176111352,0,,14771.389
2018-10-09 00:00:00+00:00,589.73,590.91,596.4249,35.8725,9.647875,0.5652173913043478,-10.0,14163.426771151775,0.0,14153.426771151775,0,,14763.143
2018-10-10 00:00:00+00:00,591.49,567.4,596.28735,22.733536,9.539307,0.5652173913043478,-10.0,13599.920940214732,0.0,13589.920940214732,0,,14175.777
2018-10-11 00:00:00+00:00,567.82,554.45,596.0505,13.077061,10.835022,0.5652173913043478,-10.0,13289.523784518495,0.0,13279.523784518495,0,,13852.237
2018-10-12 00:00:00+00:00,562.0,558.15,595.7551,11.549278,10.985735,0.5652173913043478,-10.0,13378.209242398676,0.0,13368.209242398676,0,,13944.679
2018-10-15 00:00:00+00:00,557.35,555.98,595.4662,16.122316,11.682164,0.5652173913043478,-10.0,13326.19541539231,0.0,13316.19541539231,0,,13890.462
2018-10-16 00:00:00+00:00,561.54,573.59,595.1331,15.47378,12.050734,0.5652173913043478,-10.0,13748.288106083035,0.0,13738.288106083035,0,,14330.428
2018-10-17 00:00:00+00:00,573.27,578.69,594.90344,30.166306,12.751448,0.5652173913043478,-10.0,13870.528866013683,0.0,13860.528866013683,0,,14457.845
2018-10-18 00:00:00+00:00,577.99,566.35,594.6664,34.1629,12.494298,0.5652173913043478,-10.0,13574.75234763446,0.0,13564.75234763446,0,,14149.544
2018-10-19 00:00:00+00:00,566.89,558.34,594.34045,30.652655,13.127864,0.5652173913043478,-10.0,13382.763141168298,0.0,13372.763141168298,0,,13949.425
2018-10-22 00:00:00+00:00,559.07,558.11,593.997,24.057608,13.942152,0.5652173913043478,-10.0,13377.249612652497,0.0,13367.249612652497,0,,13943.678
2018-10-23 00:00:00+00:00,544.08,542.21,593.60077,23.782087,14.110007,0.5652173913043478,-10.0,12996.146030800093,0.0,12986.146030800093,0,,13546.4375
2018-10-24 00:00:00+00:00,542.55,524.03,593.14594,21.136469,15.55072,0.5652173913043478,-10.0,12560.39304134666,0.0,12550.39304134666,0,,13092.233
2018-10-25 00:00:00+00:00,527.0,536.4,592.5162,18.802528,16.883575,0.5652173913043478,-10.0,12856.886970836315,0.0,12846.886970836315,0,,13401.28
2018-10-26 00:00:00+00:00,530.0,535.58,591.9672,26.719048,16.744284,0.5652173913043478,-10.0,12837.232134358796,0.0,12827.232134358796,0,,13380.793
2018-10-29 00:00:00+00:00,543.8,533.77,591.4488,29.109758,17.139286,0.5652173913043478,-10.0,12793.848403423579,0.0,12783.848403423579,0,,13335.572
2018-10-30 00:00:00+00:00,535.5,541.07,590.8646,28.789923,17.989285,0.5652173913043478,-10.0,12968.82072995055,0.0,12958.82072995055,0,,13517.953
2018-10-31 00:00:00+00:00,546.99,546.82,590.3229,38.889355,17.614285,0.5652173913043478,-10.0,13106.640794112825,0.0,13096.640794112825,0,,13661.608
2018-11-01 00:00:00+00:00,549.84,559.69,589.7745,46.572018,17.397854,0.5652173913043478,-10.0,13415.119820094927,0.0,13405.119820094927,0,,13983.149
2018-11-02 00:00:00+00:00,563.78,567.79,589.30414,50.639206,17.407139,0.5,-10.0,13609.266736531978,0.0,13599.266736531978,0,,14185.517
2018-11-05 00:00:00+00:00,567.37,573.98,588.80963,54.672047,17.459995,0.5,-10.0,13757.633981918736,0.0,13747.633981918736,0,,14340.166
2018-11-06 00:00:00+00:00,575.28,577.03,588.32513,50.16959,17.312138,0.5,-10.0,13830.740305682823,0.0,13820.740305682823,0,,14416.368
2018-11-07 00:00:00+00:00,580.57,592.72,587.8746,49.264977,17.272858,0.5,-10.0,14206.809261169134,0.0,14196.809261169134,0,,14808.36
2018-11-08 00:00:00+00:00,589.16,595.31,587.4747,61.339993,17.495714,0.5,-10.0,14268.88926303326,0.0,14258.88926303326,0,,14873.069
2018-11-09 00:00:00+00:00,612.4,608.03,587.061,66.67568,16.963572,0.5,-10.0,14573.773662388443,0.0,14563.773662388443,0,,15190.863
2018-11-12 00:00:00+00:00,604.72,595.42,586.63965,70.23677,18.390001,0.3,-10.0,14271.525288717066,0.0,14261.525288717066,0,,14875.817
2018-11-13 00:00:00+00:00,599.53,589.25,586.1878,72.161575,17.775003,0.5,-10.0,14123.638224826725,0.0,14113.638224826725,0,,14721.668
2018-11-14 00:00:00+00:00,591.31,581.0,585.74835,80.18324,17.295004,0.5,-10.0,13925.895524201027,0.0,13915.895524201027,0,,14515.553
2018-11-15 00:00:00+00:00,580.1,592.44,585.27704,71.45879,17.782152,0.3888888888888889,-10.0,14200.098579275105,0.0,14190.098579275105,0,,14801.366
2018-11-16 00:00:00+00:00,592.41,599.3,584.8187,74.82101,17.895721,0.5652173913043478,-10.0,14364.523734831395,0.0,14354.523734831395,0,,14972.754
2018-11-19 00:00:00+00:00,600.0,577.79,584.4794,77.39776,17.222866,0.5652173913043478,-10.0,13848.953821485315,0.0,13838.953821485315,0,,14435.354
2018-11-20 00:00:00+00:00,574.12,584.33,584.19086,63.72196,17.823578,0.5,-10.0,14005.710701089636,0.0,13995.710701089636,0,,14598.747
2018-11-21 00:00:00+00:00,587.97,591.21,583.9261,63.93491,18.10001,0.5,-10.0,14170.616492400413,0.0,14160.616492400413,0,,14770.636
2018-11-23 00:00:00+00:00,586.94,596.42,583.67236,62.255054,17.903582,0.5652173913043478,-10.0,14295.494023164065,0.0,14285.494023164065,0,,14900.8
2018-11-26 00:00:00+00:00,602.57,604.69,583.6495,61.387314,18.296438,0.5652173913043478,-10.0,14493.71630012496,0.0,14483.71630012496,0,,15107.416
2018-11-27 00:00:00+00:00,601.16,605.84,583.671,62.01581,17.865011,0.5,-10.0,14521.281391955712,0.0,14511.281391955712,0,,15136.147
2018-11-28 00:00:00+00:00,607.0,621.91,583.6309,61.44252,17.71644,0.5652173913043478,-10.0,14906.458680006517,0.0,14896.458680006517,0,,15537.634
2018-11-29 00:00:00+00:00,620.13,630.92,583.672,61.55856,17.552155,0.3409090909090909,-10.0,15122.417851044176,0.0,15112.417851044176,0,,15762.736
2018-11-30 00:00:00+00:00,631.45,636.66,583.70325,63.418484,17.912153,0.5,-10.0,15259.99880435085,0.0,15249.99880435085,0,,15906.144
2018-12-03 00:00:00+00:00,635.0,645.33,583.7267,61.387295,16.737148,0.3409090909090909,-10.0,15467.809352109645,0.0,15457.809352109645,0,,16122.752
2018-12-04 00:00:00+00:00,640.86,628.67,583.7815,70.49356,16.732147,0.5,-10.0,15068.487414939507,0.0,15058.487414939507,0,,15706.522
2018-12-06 00:00:00+00:00,620.25,610.1,583.8038,64.90245,17.114288,0.5,-10.0,14623.385816995089,0.0,14613.385816995089,0,,15242.574
2018-12-07 00:00:00+00:00,611.78,590.78,583.7112,60.204784,17.359283,0.5,-10.0,14160.308887925046,0.0,14150.308887925046,0,,14759.89
2018-12-10 00:00:00+00:00,592.69,591.66,583.5402,49.448368,18.20643,0.5,-10.0,14181.4009522526,0.0,14171.4009522526,0,,14781.874
2018-12-11 00:00:00+00:00,600.06,597.89,583.31805,47.35603,18.13857,0.5,-10.0,14330.727651761323,0.0,14320.727651761323,0,,14937.523
2018-12-12 00:00:00+00:00,604.31,607.64,583.1243,57.778652,17.186432,0.5,-10.0,14564.423900274824,0.0,14554.423900274824,0,,15181.114
2018-12-13 00:00:00+00:00,607.04,599.58,583.0347,58.802208,17.147858,0.5652173913043478,-10.0,14371.235298854472,0.0,14361.235298854472,0,,14979.746
2018-12-14 00:00:00+00:00,594.88,587.12,582.9515,53.132717,17.311432,0.3409090909090909,-10.0,14072.582654135813,0.0,14062.582654135813,0,,14668.448
2018-12-17 00:00:00+00:00,584.73,572.34,582.90625,46.698387,16.998575,0.5,-10.0,13718.324185479372,0.0,13708.324185479372,0,,14299.188
2018-12-18 00:00:00+00:00,577.25,574.52,582.80164,39.022743,17.61929,0.5,-10.0,13770.575307006358,0.0,13760.575307006358,0,,14353.652
2018-12-19 00:00:00+00:00,575.79,558.05,582.6745,39.44601,17.753574,0.5,-10.0,13375.80802859391,0.0,13365.80802859391,0,,13942.169
2018-12-20 00:00:00+00:00,554.8,553.14,582.4383,28.538792,18.74786,0.5,-10.0,13258.122045977674,0.0,13248.122045977674,0,,13819.5
2018-12-21 00:00:00+00:00,553.03,545.33,582.1463,23.119999,18.577145,0.5652173913043478,-10.0,13070.925494253039,0.0,13060.925494253039,0,,13624.377
2018-12-24 00:00:00+00:00,542.31,531.28,581.83856,18.882467,19.200718,0.5652173913043478,-10.0,12734.163982938147,0.0,12724.163982938147,0,,13273.356
2018-12-26 00:00:00+00:00,534.85,553.71,581.415,12.515602,19.08929,0.5652173913043478,-10.0,13271.78516081479,0.0,13261.78516081479,0,,13833.741
2018-12-27 00:00:00+00:00,544.85,563.64,581.10394,26.263456,19.25572,0.5652173913043478,-10.0,13509.79614142357,0.0,13499.79614142357,0,,14081.83
2018-12-28 00:00:00+00:00,567.14,557.54,580.8621,34.436554,18.912868,0.5652173913043478,-10.0,13363.585100522225,0.0,13353.585100522225,0,,13929.428
2018-12-31 00:00:00+00:00,561.42,565.58,580.6192,37.782986,17.514292,0.5652173913043478,-10.0,13556.294804258527,0.0,13546.294804258527,0,,14130.298
2019-01-02 00:00:00+00:00,557.48,546.04,580.3779,40.893875,17.370008,0.5652173913043478,-10.0,13087.942443909398,0.0,13077.942443909398,0,,13642.114
2019-01-03 00:00:00+00:00,525.96,513.56,580.03876,33.43556,17.893576,0.5652173913043478,-10.0,12309.43481251489,0.0,12299.43481251489,0,,12830.644
2019-01-04 00:00:00+00:00,521.53,527.15,579.549,23.755861,19.907148,0.5652173913043478,-10.0,12635.172440019536,0.0,12625.172440019536,0,,13170.173
2019-01-07 00:00:00+00:00,526.75,533.58,579.12524,30.399967,20.318573,0.5652173913043478,-10.0,12789.29139267953,0.0,12779.29139267953,0,,13330.818
2019-01-08 00:00:00+00:00,547.2,556.53,578.7611,35.02295,20.42429,0.5652173913043478,-10.0,13339.377064846727,0.0,13329.377064846727,0,,13904.196
2019-01-09 00:00:00+00:00,560.1,568.47,578.6168,45.770695,20.727861,0.5,-10.0,13625.562929025567,0.0,13615.562929025567,0,,14202.499
2019-01-10 00:00:00+00:00,566.74,576.29,578.6248,48.46188,21.46643,0.5652173913043478,-10.0,13812.999922118799,0.0,13802.999922118799,0,,14397.873
2019-01-11 00:00:00+00:00,576.19,576.96,578.5625,54.850544,20.13643,0.3409090909090909,-10.0,13829.059581628508,0.0,13819.059581628508,0,,14414.612
2019-01-14 00:00:00+00:00,572.75,573.22,578.58124,56.48057,19.490719,0.5,-10.0,13739.414600967855,0.0,13729.414600967855,0,,14321.171
2019-01-15 00:00:00+00:00,573.61,582.11,578.5878,57.759705,18.570004,0.5,-10.0,13952.497672766742,0.0,13942.497672766742,0,,14543.277
2019-01-16 00:00:00+00:00,583.47,580.15,578.6232,64.56027,18.189999,0.5,-10.0,13905.519518522502,0.0,13895.519518522502,0,,14494.31
2019-01-17 00:00:00+00:00,577.27,587.69,578.7106,58.579952,17.144283,0.39978608932391263,-10.0,14086.24335905336,0.0,14076.24335905336,0,,14682.686
2019-01-18 00:00:00+00:00,592.29,602.1,578.80615,57.92734,16.619995,0.3888888888888889,-10.0,14431.633565813558,0.0,14421.633565813558,0,,15042.699
2019-01-22 00:00:00+00:00,597.31,593.69,578.944,63.924995,16.749996,0.5,-10.0,14230.056080620976,0.0,14220.056080620976,0,,14832.587
2019-01-23 00:00:00+00:00,598.14,605.18,579.0241,58.764103,17.054993,0.5,-10.0,14505.457598326027,0.0,14495.457598326027,0,,15119.65
2019-01-24 00:00:00+00:00,604.15,605.65,579.2737,69.413086,16.707136,0.5,-10.0,14516.723240522337,0.0,14506.723240522337,0,,15131.393
2019-01-25 00:00:00+00:00,612.0,614.55,579.50085,88.27197,13.9321375,0.3409090909090909,-10.0,14730.045459638928,0.0,14720.045459638928,0,,15353.748
2019-01-28 00:00:00+00:00,608.33,618.16,579.7172,87.796234,13.307853,0.5,-10.0,14816.572058577533,0.0,14806.572058577533,0,,15443.9375
2019-01-29 00:00:00+00:00,619.8,621.01,579.9822,87.49114,13.158561,0.5,-10.0,14884.884434234798,0.0,14874.884434234798,0,,15515.143
2019-01-30 00:00:00+00:00,622.81,632.93,580.2384,84.77886,12.1721325,0.5652173913043478,-10.0,15170.592106732824,0.0,15160.592106732824,0,,15812.947
2019-01-31 00:00:00+00:00,631.99,638.16,580.562,84.77559,11.759277,0.5652173913043478,-10.0,15295.948394983543,0.0,15285.948394983543,0,,15943.612
2019-02-01 00:00:00+00:00,640.7,642.82,580.899,84.3379,11.493566,0.5652173913043478,-10.0,15407.643757895139,0.0,15397.643757895139,0,,16060.036
2019-02-04 00:00:00+00:00,644.88,642.52,581.20526,85.00214,11.697135,0.5652173913043478,-10.0,15400.45294324363,0.0,15390.45294324363,0,,16052.541
2019-02-05 00:00:00+00:00,643.4,652.84,581.4897,88.228226,11.949275,0.5,-10.0,15647.811674008124,0.0,15637.811674008124,0,,16310.374
2019-02-06 00:00:00+00:00,650.0,655.15,581.86707,88.411064,12.259277,0.5,-10.0,15703.179423473579,0.0,15693.179423473579,0,,16368.085
2019-02-07 00:00:00+00:00,650.53,648.13,582.259,90.57567,12.299281,0.5,-10.0,15534.91786178433,0.0,15524.91786178433,0,,16192.698
2019-02-08 00:00:00+00:00,666.2,662.3,582.6279,82.88358,12.348567,0.5652173913043478,-10.0,15874.55566592697,0.0,15864.55566592697,0,,16546.717
2019-02-11 00:00:00+00:00,658.24,662.49,583.13,82.83877,12.588571,0.5,-10.0,15879.110659495376,0.0,15869.110659495376,0,,16551.465
2019-02-12 00:00:00+00:00,664.0,672.49,583.6391,91.22722,12.404999,0.5,-10.0,16118.798191673137,0.0,16108.798191673137,0,,16801.3
2019-02-13 00:00:00+00:00,670.0,668.61,584.1835,91.06772,11.932857,0.5,-10.0,16025.799005910876,0.0,16015.799005910876,0,,16704.363
2019-02-14 00:00:00+00:00,665.24,662.91,584.7065,86.87908,11.962141,0.5652173913043478,-10.0,15889.175980611779,0.0,15879.175980611779,0,,16561.957
2019-02-15 00:00:00+00:00,670.28,668.86,585.2214,79.43036,11.692143,0.5652173913043478,-10.0,16031.791266378881,0.0,16021.791266378881,0,,16710.611
2019-02-19 00:00:00+00:00,666.47,671.86,585.7296,79.999985,11.490718,0.5,-10.0,16103.697850450697,0.0,16093.697850450697,0,,16785.562
2019-02-20 00:00:00+00:00,671.45,673.05,586.2847,80.035416,11.322863,0.5,-10.0,16132.220907275143,0.0,16122.220907275143,0,,16815.293
2019-02-21 00:00:00+00:00,673.05,674.21,586.776,77.13743,10.632146,0.5,-10.0,16160.025240232098,0.0,16150.025240232098,0,,16844.275
2019-02-22 00:00:00+00:00,674.0,678.83,587.3822,75.8053,10.571428,0.5652173913043478,-10.0,16270.761935865541,0.0,16260.761935865541,0,,16959.701
2019-02-25 00:00:00+00:00,680.0,689.97,588.01184,75.79142,10.247855,0.5652173913043478,-10.0,16537.772786635203,0.0,16527.772786635203,0,,17238.018
2019-02-26 00:00:00+00:00,685.42,676.98,588.72955,79.4172,10.5271435,0.5652173913043478,-10.0,16226.417760526881,0.0,16216.417760526881,0,,16913.479
2019-02-27 00:00:00+00:00,674.82,686.0,589.36615,64.48629,10.445714,0.5652173913043478,-10.0,16442.616978165413,0.0,16432.616978165413,0,,17138.832
2019-02-28 00:00:00+00:00,685.13,680.91,589.9799,67.133156,10.7814245,0.5652173913043478,-10.0,16320.614664162487,0.0,16310.614664162487,0,,17011.664
2019-03-01 00:00:00+00:00,684.34,698.76,590.56586,68.603836,10.379281,0.5652173913043478,-10.0,16748.458879669037,0.0,16738.458879669037,0,,17457.623
2019-03-04 00:00:00+00:00,699.36,689.19,591.215,69.86271,10.522853,0.5652173913043478,-10.0,16519.076729046737,0.0,16509.076729046737,0,,17218.53
2019-03-05 00:00:00+00:00,689.48,693.41,591.8788,63.19691,10.78714,0.5,-10.0,16620.224125266795,0.0,16610.224125266795,0,,17323.959
2019-03-06 00:00:00+00:00,693.33,681.94,592.5421,60.966644,10.8214245,0.5652173913043478,-10.0,16345.30199402524,0.0,16335.30199402524,0,,17037.396
2019-03-07 00:00:00+00:00,681.63,683.84,593.1413,56.472767,11.23928,0.5,-10.0,16390.842612707667,0.0,16380.842612707667,0,,17084.865
2019-03-08 00:00:00+00:00,680.0,680.95,593.6946,60.55261,11.150704,0.5,-10.0,16321.57248387528,0.0,16311.57248387528,0,,17012.662
2019-03-11 00:00:00+00:00,681.08,688.93,594.1893,56.28968,11.203561,0.5,-10.0,16512.842857103755,0.0,16502.842857103755,0,,17212.031
2019-03-12 00:00:00+00:00,691.61,691.48,594.7634,58.442974,11.335702,0.5652173913043478,-10.0,16573.96232506199,0.0,16563.96232506199,0,,17275.74
2019-03-13 00:00:00+00:00,693.3,689.95,595.3718,58.994625,11.469277,0.5652173913043478,-10.0,16537.291040894903,0.0,16527.291040894903,0,,17237.516
2019-03-14 00:00:00+00:00,689.63,698.68,595.99365,57.654152,11.591422,0.5652173913043478,-10.0,16746.53924341702,0.0,16736.53924341702,0,,17455.623
2019-03-15 00:00:00+00:00,700.06,708.58,596.7129,59.28177,12.021423,0.5652173913043478,-10.0,16983.830566851168,0.0,16973.830566851168,0,,17702.963
2019-03-18 00:00:00+00:00,708.68,706.84,597.5221,58.80407,11.716426,0.5652173913043478,-10.0,16942.125205741606,0.0,16932.125205741606,0,,17659.492
2019-03-19 00:00:00+00:00,709.68,715.74,598.2977,65.809006,11.417145,0.5652173913043478,-10.0,17155.44761758944,0.0,17145.44761758944,0,,17881.846
2019-03-20 00:00:00+00:00,716.19,712.88,599.12274,65.76548,11.193573,0.5652173913043478,-10.0,17086.897266158336,0.0,17076.897266158336,0,,17810.395
2019-03-21 00:00:00+00:00,711.28,729.72,599.84216,67.358055,11.577144,0.5652173913043478,-10.0,17490.53067892058,0.0,17480.53067892058,0,,18231.117
2019-03-22 00:00:00+00:00,721.36,702.07,600.62994,66.996056,11.637141,0.5652173913043478,-10.0,16827.793323249298,0.0,16817.793323249298,0,,17540.318
2019-03-25 00:00:00+00:00,698.92,708.6,601.26935,55.89961,12.614995,0.5,-10.0,16984.309746291103,0.0,16974.309746291103,0,,17703.463
2019-03-26 00:00:00+00:00,711.51,716.4,601.888,56.813507,12.914281,0.5,-10.0,17171.2673652027,0.0,17161.2673652027,0,,17898.336
2019-03-27 00:00:00+00:00,719.03,702.71,602.5169,65.98333,12.849287,0.5652173913043478,-10.0,16843.134269039067,0.0,16833.134269039067,0,,17556.31
2019-03-28 00:00:00+00:00,704.47,703.78,603.05615,57.889465,13.847146,0.5,-10.0,16868.78064016744,0.0,16858.78064016744,0,,17583.043
2019-03-29 00:00:00+00:00,710.82,723.0,603.61365,59.692642,13.724291,0.5,-10.0,17329.461239005286,0.0,17319.461239005286,0,,18063.229
2019-04-01 00:00:00+00:00,729.12,730.34,604.2529,63.204422,14.570718,0.5652173913043478,-10.0,17505.393754566558,0.0,17495.393754566558,0,,18246.611
2019-04-02 00:00:00+00:00,733.63,734.45,604.93964,64.521706,14.969286,0.5652173913043478,-10.0,17603.90558429705,0.0,17593.90558429705,0,,18349.295
2019-04-03 00:00:00+00:00,737.61,732.73,605.6484,66.31472,14.716431,0.5652173913043478,-10.0,17562.678538384745,0.0,17552.678538384745,0,,18306.322
2019-04-04 00:00:00+00:00,732.61,727.2,606.36707,63.15993,14.738573,0.5652173913043478,-10.0,17430.131589364613,0.0,17420.131589364613,0,,18168.164
2019-04-05 00:00:00+00:00,732.88,734.84,607.0765,57.448006,14.997145,0.5652173913043478,-10.0,17613.25314267862,0.0,17603.25314267862,0,,18359.04
2019-04-08 00:00:00+00:00,733.31,738.37,607.8454,60.695194,15.272858,0.5652173913043478,-10.0,17697.863278459256,0.0,17687.863278459256,0,,18447.23
2019-04-09 00:00:00+00:00,736.11,733.99,608.639,59.01379,15.522142,0.5652173913043478,-10.0,17592.880023239864,0.0,17582.880023239864,0,,18337.803
2019-04-10 00:00:00+00:00,737.0,737.97,609.4273,58.30775,15.098572,0.5,-10.0,17688.27484211054,0.0,17678.27484211054,0,,18437.236
2019-04-11 00:00:00+00:00,740.38,740.75,610.2056,53.612404,14.398573,0.5652173913043478,-10.0,17754.908921720114,0.0,17744.908921720114,0,,18506.693
2019-04-12 00:00:00+00:00,745.34,742.35,611.057,71.65248,12.83929,0.5652173913043478,-10.0,17793.258692594216,0.0,17783.258692594216,0,,18546.666
2019-04-15 00:00:00+00:00,745.87,744.34,611.8998,69.996445,12.583574,0.5652173913043478,-10.0,17840.95847800308,0.0,17830.95847800308,0,,18596.385
2019-04-16 00:00:00+00:00,749.87,732.17,612.7999,67.77806,12.111428,0.5652173913043478,-10.0,17549.257192215107,0.0,17539.257192215107,0,,18292.332
2019-04-17 00:00:00+00:00,737.0,715.22,613.5974,69.11494,12.039285,0.5652173913043478,-10.0,17142.98514182253,0.0,17132.98514182253,0,,17868.86
2019-04-18 00:00:00+00:00,718.09,728.73,614.28033,56.154472,13.599282,0.5,-10.0,17466.80426779045,0.0,17456.80426779045,0,,18206.389
2019-04-22 00:00:00+00:00,722.87,734.19,615.07,53.284405,13.337855,0.5,-10.0,17597.67503703359,0.0,17587.67503703359,0,,18342.8
2019-04-23 00:00:00+00:00,726.97,723.62,615.8381,52.2554,13.250715,0.5,-10.0,17344.324014386562,0.0,17334.324014386562,0,,18078.723
2019-04-24 00:00:00+00:00,725.35,725.53,616.5363,44.101948,14.507146,0.3,-10.0,17390.104914188596,0.0,17380.104914188596,0,,18126.443
2019-04-25 00:00:00+00:00,723.65,731.01,617.2451,46.086987,14.898573,0.5,-10.0,17521.454125805467,0.0,17511.454125805467,0,,18263.354
2019-04-26 00:00:00+00:00,731.04,736.95,617.92633,52.071774,14.648568,0.5,-10.0,17663.82964258148,0.0,17653.82964258148,0,,18411.756
2019-04-29 00:00:00+00:00,740.41,741.52,618.6442,51.168964,14.561423,0.5652173913043478,-10.0,17773.367770719913,0.0,17763.367770719913,0,,18525.934
2019-04-30 00:00:00+00:00,741.93,745.26,619.4422,51.72528,14.294281,0.5652173913043478,-10.0,17863.009987522913,0.0,17853.009987522913,0,,18619.371
2019-05-01 00:00:00+00:00,747.96,739.16,620.23334,56.216217,14.171422,0.5652173913043478,-10.0,17716.79966749624,0.0,17706.79966749624,0,,18466.97
2019-05-02 00:00:00+00:00,738.18,753.2,621.0135,50.641373,14.200709,0.5,-10.0,18053.322655031185,0.0,18043.322655031185,0,,18817.742
2019-05-03 00:00:00+00:00,751.0,762.43,621.9027,55.983845,14.850713,0.5,-10.0,18274.554521983275,0.0,18264.554521983275,0,,19048.342
2019-05-06 00:00:00+00:00,749.38,760.77,622.79083,58.991573,14.8878565,0.5,-10.0,18234.766458959053,0.0,18224.766458959053,0,,19006.87
2019-05-07 00:00:00+00:00,752.76,742.3,623.6666,57.378952,15.705,0.5,-10.0,17792.060896886254,0.0,17782.060896886254,0,,18545.418
2019-05-08 00:00:00+00:00,740.62,740.49,624.3876,54.30587,16.089285,0.3409090909090909,-10.0,17748.677333175165,0.0,17738.677333175165,0,,18500.197
2019-05-09 00:00:00+00:00,730.55,741.67,625.0773,62.32803,14.743574,0.5,-10.0,17776.9593282228,0.0,17766.9593282228,0,,18529.676
2019-05-10 00:00:00+00:00,734.26,727.67,625.81256,57.176125,14.711431,0.3888888888888889,-10.0,17441.395859076696,0.0,17431.395859076696,0,,18179.904
2019-05-13 00:00:00+00:00,715.72,701.77,626.4371,46.697056,16.832144,0.3,-10.0,16820.603683542962,0.0,16810.603683542962,0,,17532.826
2019-05-14 00:00:00+00:00,705.06,722.67,626.8829,40.4192,18.364285,0.3409090909090909,-10.0,17321.5518476546,0.0,17311.5518476546,0,,18054.986
2019-05-15 00:00:00+00:00,711.83,719.14,627.40656,48.924957,19.00214,0.5,-10.0,17236.942984425128,0.0,17226.942984425128,0,,17966.795
2019-05-16 00:00:00+00:00,720.63,744.98,628.05255,45.471886,19.41857,0.5,-10.0,17856.295759466764,0.0,17846.295759466764,0,,18612.373
2019-05-17 00:00:00+00:00,737.62,726.42,628.8684,52.65946,20.439999,0.5,-10.0,17411.434181184028,0.0,17401.434181184028,0,,18148.676
2019-05-20 00:00:00+00:00,721.78,716.18,629.53796,45.42312,20.90214,0.5,-10.0,17165.99392555103,0.0,17155.99392555103,0,,17892.842
2019-05-21 00:00:00+00:00,721.63,716.5,630.1813,41.51988,21.574284,0.3408153996293432,-10.0,17173.663630135266,0.0,17163.663630135266,0,,17900.836
2019-05-22 00:00:00+00:00,716.72,724.08,630.81964,43.16152,21.53071,0.3888888888888889,-10.0,17355.347740163576,0.0,17345.347740163576,0,,18090.213
2019-05-23 00:00:00+00:00,717.7,719.13,631.5067,40.85541,21.24642,0.5,-10.0,17236.70146096503,0.0,17226.70146096503,0,,17966.543
2019-05-24 00:00:00+00:00,726.01,728.82,632.16724,36.026844,21.606424,0.5,-10.0,17468.95883623364,0.0,17458.95883623364,0,,18208.635
2019-05-28 00:00:00+00:00,731.88,720.03,632.8915,40.197575,21.485708,0.5,-10.0,17258.273014593145,0.0,17248.273014593145,0,,17989.03
2019-05-29 00:00:00+00:00,717.0,724.79,633.5761,42.735996,21.360708,0.33760529824012886,-10.0,17372.363162806563,0.0,17362.363162806563,0,,18107.95
2019-05-30 00:00:00+00:00,727.02,727.36,634.322,44.97567,21.297852,0.5,-10.0,17433.963483417287,0.0,17423.963483417287,0,,18172.158
2019-05-31 00:00:00+00:00,720.05,723.09,635.09784,45.460884,20.74928,0.3888888888888889,-10.0,17331.618072624355,0.0,17321.618072624355,0,,18065.479
2019-06-03 00:00:00+00:00,725.94,728.75,635.8776,48.451668,19.026424,0.3409090909090909,-10.0,17467.28166614126,0.0,17457.28166614126,0,,18206.887
2019-06-04 00:00:00+00:00,736.04,741.89,636.7108,60.567142,16.971426,0.5,-10.0,17782.23215865808,0.0,17772.23215865808,0,,18535.174
2019-06-05 00:00:00+00:00,748.41,756.93,637.62305,58.015038,16.099997,0.5,-10.0,18142.722342063607,0.0,18132.722342063607,0,,18910.926
2019-06-06 00:00:00+00:00,759.5,772.82,638.5689,64.37867,16.150713,0.5,-10.0,18523.58808336865,0.0,18513.58808336865,0,,19307.918
2019-06-07 00:00:00+00:00,780.42,790.88,639.6093,61.460583,15.634286,0.5,-10.0,18956.464973401777,0.0,18946.464973401777,0,,19759.125
2019-06-10 00:00:00+00:00,794.78,806.79,640.73944,76.6452,15.766432,0.5,-10.0,19337.808502291373,0.0,19327.808502291373,0,,20156.615
2019-06-11 00:00:00+00:00,814.09,804.85,641.9531,85.77749,16.114288,0.3,-10.0,19291.3093768942,0.0,19281.3093768942,0,,20108.146
2019-06-12 00:00:00+00:00,806.63,808.46,643.1462,84.444466,16.764292,0.3,-10.0,19377.838012707798,0.0,19367.838012707798,0,,20198.338
2019-06-13 00:00:00+00:00,808.74,797.01,644.3731,83.94756,16.47429,0.5652173913043478,-10.0,19103.39513326716,0.0,19093.39513326716,0,,19912.275
2019-06-14 00:00:00+00:00,795.16,791.06,645.5181,79.775215,16.395718,0.5652173913043478,-10.0,18960.780224032722,0.0,18950.780224032722,0,,19763.621
2019-06-17 00:00:00+00:00,794.47,791.41,646.6082,74.49623,16.107859,0.5652173913043478,-10.0,18969.16820156265,0.0,18959.16820156265,0,,19772.363
2019-06-18 00:00:00+00:00,798.01,804.0,647.6872,80.09275,15.119288,0.5652173913043478,-10.0,19270.936567342804,0.0,19260.936567342804,0,,20086.91
2019-06-19 00:00:00+00:00,805.03,817.04,648.8022,81.325645,15.247145,0.5652173913043478,-10.0,19583.48997354956,0.0,19573.48997354956,0,,20412.697
2019-06-20 00:00:00+00:00,824.15,821.39,649.9883,82.75384,15.617859,0.5652173913043478,-10.0,19687.75492778257,0.0,19677.75492778257,0,,20521.379
2019-06-21 00:00:00+00:00,822.52,830.11,651.173,85.881134,15.562858,0.5,-10.0,19896.761395522957,0.0,19886.761395522957,0,,20739.236
2019-06-24 00:00:00+00:00,828.59,825.97,652.42126,86.189644,15.523568,0.3409090909090909,-10.0,19797.53028851166,0.0,19787.53028851166,0,,20635.803
2019-06-25 00:00:00+00:00,830.07,833.7,653.6173,82.08178,15.049286,0.5,-10.0,19982.81069622176,0.0,19972.81069622176,0,,20828.93
2019-06-26 00:00:00+00:00,837.5,825.4,654.8458,81.02318,15.062858,0.5,-10.0,19783.870125738682,0.0,19773.870125738682,0,,20621.564
2019-06-27 00:00:00+00:00,828.0,833.55,656.02826,72.63647,14.977858,0.5652173913043478,-10.0,19979.215787217297,0.0,19969.215787217297,0,,20825.182
2019-06-28 00:00:00+00:00,835.3,840.0,657.21893,70.08376,14.462855,0.5508285193067801,-10.0,20133.81484298007,0.0,20123.81484298007,0,,20986.326
2019-07-01 00:00:00+00:00,853.04,844.33,658.4561,67.15924,14.071428,0.5,-10.0,20237.599200006327,0.0,20227.599200006327,0,,21094.504
2019-07-02 00:00:00+00:00,843.55,853.3,659.6614,69.90722,14.317139,0.5,-10.0,20452.59966290856,0.0,20442.59966290856,0,,21318.607
2019-07-03 00:00:00+00:00,855.15,872.45,660.8815,71.45042,14.79071,0.5,-10.0,20911.603875829125,0.0,20901.603875829125,0,,21797.047
2019-07-05 00:00:00+00:00,865.94,859.91,662.1937,83.61254,15.08214,0.3409090909090909,-10.0,20611.033821975325,0.0,20601.033821975325,0,,21483.75
2019-07-08 00:00:00+00:00,855.0,861.75,663.4417,78.97481,15.909999,0.3409090909090909,-10.0,20655.13745121923,0.0,20645.13745121923,0,,21529.723
2019-07-09 00:00:00+00:00,855.98,861.55,664.7203,79.23523,15.978568,0.5,-10.0,20650.343383762804,0.0,20640.343383762804,0,,21524.725
2019-07-10 00:00:00+00:00,867.68,858.48,665.95374,76.66571,15.527139,0.5,-10.0,20576.75909668493,0.0,20566.75909668493,0,,21448.025
2019-07-11 00:00:00+00:00,859.52,854.07,667.1652,71.155785,15.401423,0.5,-10.0,20471.056970301823,0.0,20461.056970301823,0,,21337.848
2019-07-12 00:00:00+00:00,843.67,835.44,668.3757,66.673454,15.54214,0.5652173913043478,-10.0,20024.517427380248,0.0,20014.517427380248,0,,20872.4
2019-07-15 00:00:00+00:00,821.85,825.22,669.5028,52.469658,16.056427,0.01,-10.0,19779.554740617397,0.0,19769.554740617397,0,,20617.066
2019-07-16 00:00:00+00:00,826.06,821.85,670.5779,49.671024,17.035715,0.5,-10.0,19698.779931882822,0.0,19688.779931882822,0,,20532.871
2019-07-17 00:00:00+00:00,826.38,818.13,671.6307,44.595444,16.366428,0.5652173913043478,-10.0,19609.61700704194,0.0,19599.61700704194,0,,20439.932
2019-07-18 00:00:00+00:00,818.3,828.96,672.6713,46.539734,15.915719,0.5652173913043478,-10.0,19869.198848383192,0.0,19859.198848383192,0,,20710.506
2019-07-19 00:00:00+00:00,833.29,813.85,673.77124,47.869694,15.856437,0.5652173913043478,-10.0,19507.029123690845,0.0,19497.029123690845,0,,20333.002
2019-07-22 00:00:00+00:00,816.58,818.7,674.76044,38.76622,16.268576,0.5,-10.0,19623.279149073176,0.0,19613.279149073176,0,,20454.174
2019-07-23 00:00:00+00:00,811.0,818.31,675.7723,39.03859,15.695723,0.5,-10.0,19613.93139751777,0.0,19603.93139751777,0,,20444.43
2019-07-24 00:00:00+00:00,784.0,812.17,676.7921,33.850307,15.750719,0.5,-10.0,19466.762752848408,0.0,19456.762752848408,0,,20291.027
2019-07-25 00:00:00+00:00,805.14,790.68,677.7946,18.380241,17.557146,0.01,-10.0,18951.67236746753,0.0,18941.67236746753,0,,19754.127
2019-07-26 00:00:00+00:00,789.42,775.11,678.7281,16.802586,17.70286,0.3,-10.0,18578.47709418295,0.0,18568.47709418295,0,,19365.13
2019-07-29 00:00:00+00:00,779.02,775.0,679.64746,13.288167,18.146433,0.01,-10.0,18575.840461623575,0.0,18565.840461623575,0,,19362.383
2019-07-30 00:00:00+00:00,765.22,759.97,680.5679,13.298313,18.428576,0.5,-10.0,18215.588724327084,0.0,18205.588724327084,0,,18986.877
2019-07-31 00:00:00+00:00,759.41,756.75,681.53076,12.073643,18.767862,0.3409090909090909,-10.0,18138.409344597527,0.0,18128.409344597527,0,,18906.43
2019-08-01 00:00:00+00:00,758.86,760.79,682.54224,12.185297,18.66786,0.5652173913043478,-10.0,18235.242142801842,0.0,18225.242142801842,0,,19007.363
2019-08-02 00:00:00+00:00,730.36,717.82,683.5554,17.284615,18.844286,0.5652173913043478,-10.0,17205.30279727184,0.0,17195.30279727184,0,,17933.814
2019-08-05 00:00:00+00:00,701.48,692.72,684.3646,13.429603,20.737854,0.5652173913043478,-10.0,16603.684883982965,0.0,16593.684883982965,0,,17306.723
2019-08-06 00:00:00+00:00,698.35,707.17,684.9603,11.698419,22.367855,0.5652173913043478,-10.0,16950.035053096097,0.0,16940.035053096097,0,,17667.738
2019-08-07 00:00:00+00:00,701.26,704.97,685.6027,19.057459,22.711426,0.5652173913043478,-10.0,16897.303412187302,0.0,16887.303412187302,0,,17612.773
2019-08-08 00:00:00+00:00,709.2,713.42,686.2958,13.675522,23.16214,0.5652173913043478,-10.0,17099.84082492515,0.0,17089.84082492515,0,,17823.889
2019-08-09 00:00:00+00:00,711.24,702.28,687.0712,19.38298,22.425716,0.5652173913043478,-10.0,16832.82908112517,0.0,16822.82908112517,0,,17545.57
2019-08-12 00:00:00+00:00,700.15,681.78,687.79205,15.819145,22.375715,0.5652173913043478,-10.0,16341.467698609022,0.0,16331.467698609022,0,,17033.402
2019-08-13 00:00:00+00:00,678.43,689.97,688.4899,14.148419,23.08929,0.5652173913043478,-10.0,16537.771228172107,0.0,16527.771228172107,0,,17238.018
2019-08-14 00:00:00+00:00,679.63,660.59,689.3196,18.253124,21.75072,0.5652173913043478,-10.0,15833.568145393956,0.0,15823.568145393956,0,,16503.998
2019-08-15 00:00:00+00:00,667.63,660.39,689.94055,17.5343,22.147146,0.8333333333333334,-10.0,15828.773874033404,0.0,15818.773874033404,0,,16499.0
2019-08-16 00:00:00+00:00,665.95,665.19,690.5646,18.991226,22.104292,0.5652173913043478,-10.0,15943.824189967534,0.0,15933.824189967534,0,,16618.924
2019-08-19 00:00:00+00:00,675.16,675.51,691.2217,21.052334,22.085005,0.5652173913043478,-10.0,16191.182637922086,0.0,16181.182637922086,0,,16876.754
2019-08-20 00:00:00+00:00,672.27,659.14,691.8939,27.168028,22.206434,0.5652173913043478,-10.0,15798.81328914082,0.0,15788.81328914082,0,,16467.771
2019-08-21 00:00:00+00:00,664.31,669.58,692.4555,25.364683,22.21358,0.8333333333333334,-10.0,16049.048504146098,0.0,16039.048504146098,0,,16728.604
2019-08-22 00:00:00+00:00,672.62,663.68,693.00494,27.700354,21.360012,0.5652173913043478,-10.0,15907.631776393804,0.0,15897.631776393804,0,,16581.197
2019-08-23 00:00:00+00:00,666.27,642.84,693.4844,33.833004,19.125013,0.5652173913043478,-10.0,15408.122260972359,0.0,15398.122260972359,0,,16060.538
2019-08-26 00:00:00+00:00,648.0,647.45,693.8287,34.71627,18.899296,0.5652173913043478,-10.0,15518.618115690248,0.0,15508.618115690248,0,,16175.712
2019-08-27 00:00:00+00:00,650.91,647.23,694.1808,30.526924,18.487152,0.5652173913043478,-10.0,15513.34386992172,0.0,15503.34386992172,0,,16170.215
2019-08-28 00:00:00+00:00,645.63,646.39,694.45337,30.926254,17.705723,0.5652173913043478,-10.0,15493.211087696123,0.0,15483.211087696123,0,,16149.229
2019-08-29 00:00:00+00:00,653.96,654.17,694.70874,26.685198,17.891436,0.5652173913043478,-10.0,15679.688695265857,0.0,15669.688695265857,0,,16343.602
2019-08-30 00:00:00+00:00,656.12,656.79,694.93945,32.86555,17.867147,0.5,-10.0,15742.487016643474,0.0,15732.487016643474,0,,16409.06
2019-09-03 00:00:00+00:00,654.98,653.0,695.2463,39.800797,16.78715,0.5,-10.0,15651.645863197318,0.0,15641.645863197318,0,,16314.372
2019-09-04 00:00:00+00:00,655.71,660.17,695.56506,34.34933,15.900007,0.5,-10.0,15823.50109180277,0.0,15813.50109180277,0,,16493.504
2019-09-05 00:00:00+00:00,669.14,685.78,695.9609,49.781,14.737867,0.3409090909090909,-10.0,16437.343546390523,0.0,16427.343546390523,0,,17133.338
2019-09-06 00:00:00+00:00,687.11,684.98,696.4276,60.464935,15.47001,0.3409090909090909,-10.0,16418.167055771726,0.0,16408.167055771726,0,,17113.35
2019-09-09 00:00:00+00:00,688.08,679.56,696.856,58.434906,15.368578,0.3409090909090909,-10.0,16288.256079302937,0.0,16278.256079302937,0,,16977.938
2019-09-10 00:00:00+00:00,677.89,699.64,697.36487,51.801437,15.147862,0.5,-10.0,16769.550034466047,0.0,16759.550034466047,0,,17479.611
2019-09-11 00:00:00+00:00,700.0,718.18,697.9414,67.43886,16.031433,0.5,-10.0,17213.930891964876,0.0,17203.930891964876,0,,17942.809
2019-09-12 00:00:00+00:00,724.47,711.74,698.57623,69.562065,16.332859,0.5,-10.0,17059.571825169773,0.0,17049.571825169773,0,,17781.914
2019-09-13 00:00:00+00:00,712.31,713.0,699.15283,69.26099,16.385715,0.5,-10.0,17089.773701473398,0.0,17079.773701473398,0,,17813.395
2019-09-16 00:00:00+00:00,708.84,711.65,699.6944,83.35234,15.223577,0.5,-10.0,17057.415904363257,0.0,17047.415904363257,0,,17779.666
2019-09-17 00:00:00+00:00,710.84,710.54,700.22345,81.4953,15.08,0.5,-10.0,17030.809850247886,0.0,17020.809850247886,0,,17751.934
2019-09-18 00:00:00+00:00,710.44,709.05,700.6666,80.7898,15.192854,0.5,-10.0,16995.096061252654,0.0,16985.096061252654,0,,17714.707
2019-09-19 00:00:00+00:00,710.73,710.1,701.05725,80.28222,15.219282,0.5652173913043478,-10.0,17020.26270192449,0.0,17010.26270192449,0,,17740.94
2019-09-20 00:00:00+00:00,713.36,709.18,701.42444,78.910355,14.7085705,0.5652173913043478,-10.0,16998.21181874524,0.0,16988.21181874524,0,,17717.955
2019-09-23 00:00:00+00:00,705.44,706.21,701.7437,77.56498,14.518572,0.5,-10.0,16927.02531434565,0.0,16917.02531434565,0,,17643.754
2019-09-24 00:00:00+00:00,709.96,690.99,702.1314,78.240105,14.505712,0.5652173913043478,-10.0,16562.218664713764,0.0,16552.218664713764,0,,17263.5
2019-09-25 00:00:00+00:00,689.45,699.34,702.5358,65.06943,15.337855,0.5,-10.0,16762.35860972292,0.0,16752.35860972292,0,,17472.115
2019-09-26 00:00:00+00:00,697.77,700.39,703.0787,57.976463,14.437853,0.5,-10.0,16787.526302227976,0.0,16777.526302227976,0,,17498.348
2019-09-27 00:00:00+00:00,704.33,699.28,703.6223,59.038143,14.801427,0.5652173913043478,-10.0,16760.92096217335,0.0,16750.92096217335,0,,17470.615
2019-09-30 00:00:00+00:00,701.62,704.4,704.1293,62.18188,14.890712,0.5,-10.0,16883.641652602164,0.0,16873.641652602164,0,,17598.533
2019-10-01 00:00:00+00:00,705.44,688.14,704.61304,53.607162,13.499995,0.5,-10.0,16493.907975197355,0.0,16483.907975197355,0,,17192.299
2019-10-02 00:00:00+00:00,682.92,663.3,705.05585,26.420744,13.574999,0.5652173913043478,-10.0,15898.521643485157,0.0,15888.521643485157,0,,16571.701
2019-10-03 00:00:00+00:00,665.3,670.77,705.43677,20.499403,14.199288,0.5652173913043478,-10.0,16077.569840361602,0.0,16067.569840361602,0,,16758.332
2019-10-04 00:00:00+00:00,671.86,686.27,705.9289,26.089937,14.867859,0.5,-10.0,16449.0865798487,0.0,16439.0865798487,0,,17145.578
2019-10-07 00:00:00+00:00,681.66,681.85,706.4877,37.614685,15.449288,0.5,-10.0,16343.142962709913,0.0,16333.142962709913,0,,17035.148
2019-10-08 00:00:00+00:00,660.4,658.61,707.1066,36.43756,15.528578,0.5,-10.0,15786.10778831826,0.0,15776.10778831826,0,,16454.53
2019-10-09 00:00:00+00:00,666.73,673.28,707.634,30.222721,17.470716,0.5,-10.0,16137.731590532796,0.0,16127.731590532796,0,,16821.041
2019-10-10 00:00:00+00:00,671.88,672.37,708.27374,36.956245,18.215715,0.5,-10.0,16115.918952531443,0.0,16105.918952531443,0,,16798.305
2019-10-11 00:00:00+00:00,681.11,688.1,708.9792,36.95885,18.554996,0.3409090909090909,-10.0,16492.948025106332,0.0,16482.948025106332,0,,17191.299
2019-10-14 00:00:00+00:00,689.66,680.74,709.6511,44.11592,19.337141,0.3409090909090909,-10.0,16316.53758751923,0.0,16306.53758751923,0,,17007.418
2019-10-15 00:00:00+00:00,683.94,680.0,710.23663,46.49045,18.258566,0.3409090909090909,-10.0,16298.801349517431,0.0,16288.801349517431,0,,16988.932
2019-10-16 00:00:00+00:00,680.77,668.5,710.84894,43.01401,17.911425,0.3409090909090909,-10.0,16023.16017612482,0.0,16013.16017612482,0,,16701.62
2019-10-17 00:00:00+00:00,672.81,670.82,711.3635,39.289318,18.094286,0.3,-10.0,16078.76728508108,0.0,16068.76728508108,0,,16759.58
2019-10-18 00:00:00+00:00,666.48,680.5,711.9874,40.51839,17.483572,0.5,-10.0,16310.784637939205,0.0,16300.784637939205,0,,17001.422
2019-10-21 00:00:00+00:00,688.14,685.22,712.82214,42.272373,18.099287,0.5,-10.0,16423.91743582103,0.0,16413.91743582103,0,,17119.344
2019-10-22 00:00:00+00:00,686.33,684.21,713.6125,48.97972,17.530714,0.5,-10.0,16399.710163866435,0.0,16389.710163866435,0,,17094.113
2019-10-23 00:00:00+00:00,687.42,688.87,714.36566,58.76584,16.45857,0.5,-10.0,16511.405053029473,0.0,16501.405053029473,0,,17210.537
2019-10-24 00:00:00+00:00,686.91,686.74,715.02734,57.7709,16.324995,0.5,-10.0,16460.35095391488,0.0,16450.35095391488,0,,17157.32
2019-10-25 00:00:00+00:00,686.55,698.19,715.6187,50.227943,15.999995,0.5,-10.0,16734.793872867274,0.0,16724.793872867274,0,,17443.385
2019-10-28 00:00:00+00:00,701.56,701.35,716.2282,57.419197,16.979279,0.5,-10.0,16810.533874566874,0.0,16800.533874566874,0,,17522.332
2019-10-29 00:00:00+00:00,695.22,703.76,716.85016,73.73391,14.811423,0.5,-10.0,16868.300365678184,0.0,16858.300365678184,0,,17582.545
2019-10-30 00:00:00+00:00,702.25,708.47,717.50287,69.593735,14.771423,0.5,-10.0,16981.191950411852,0.0,16971.191950411852,0,,17700.215
2019-10-31 00:00:00+00:00,704.59,704.94,718.13464,72.12555,14.58,0.5,-10.0,16896.58263390125,0.0,16886.58263390125,0,,17612.023
2019-11-01 00:00:00+00:00,710.0,714.18,718.7586,62.136112,13.45714,0.5,-10.0,17118.055236617693,0.0,17108.055236617693,0,,17842.873
2019-11-04 00:00:00+00:00,721.66,723.67,719.39105,73.46343,13.585711,0.5652173913043478,-10.0,17345.518274950162,0.0,17335.518274950162,0,,18079.967
2019-11-05 00:00:00+00:00,724.19,714.4,719.9989,77.29039,14.022853,0.5,-10.0,17123.32853068809,0.0,17113.32853068809,0,,17848.37
2019-11-06 00:00:00+00:00,714.02,709.78,720.6025,79.50639,14.594277,0.5,-10.0,17012.592226230747,0.0,17002.592226230747,0,,17732.945
2019-11-07 00:00:00+00:00,717.75,720.81,721.1254,74.32576,14.664281,0.5,-10.0,17276.967973675284,0.0,17266.967973675284,0,,18008.514
2019-11-08 00:00:00+00:00,680.0,708.86,721.70123,74.751396,14.504277,0.5652173913043478,-10.0,16990.539778252278,0.0,16980.539778252278,0,,17709.959
2019-11-11 00:00:00+00:00,702.94,700.4,722.1728,63.33187,17.045706,0.3,-10.0,16787.764848892144,0.0,16777.764848892144,0,,17498.598
2019-11-12 00:00:00+00:00,704.83,711.45,722.584,58.42266,17.041416,0.5,-10.0,17052.619274222518,0.0,17042.619274222518,0,,17774.666
2019-11-13 00:00:00+00:00,708.64,722.74,723.0362,61.014664,16.681417,0.5652173913043478,-10.0,17323.22765467911,0.0,17313.22765467911,0,,18056.734
2019-11-14 00:00:00+00:00,716.4,713.65,723.4852,66.1204,17.14999,0.5652173913043478,-10.0,17105.351402493638,0.0,17095.351402493638,0,,17829.63
2019-11-15 00:00:00+00:00,714.37,724.82,723.8627,57.072304,16.194275,0.5652173913043478,-10.0,17373.083358551736,0.0,17363.083358551736,0,,18108.7
2019-11-18 00:00:00+00:00,723.1,718.21,724.2727,60.003445,16.390703,0.5652173913043478,-10.0,17214.64933982906,0.0,17204.64933982906,0,,17943.557
2019-11-19 00:00:00+00:00,722.5,732.96,724.6511,55.946033,16.157131,0.5652173913043478,-10.0,17568.188968688468,0.0,17558.188968688468,0,,18312.066
2019-11-20 00:00:00+00:00,731.26,717.7,725.05176,59.308285,16.952127,0.5652173913043478,-10.0,17202.42413010047,0.0,17192.42413010047,0,,17930.814
2019-11-21 00:00:00+00:00,719.9,705.07,725.3645,54.45283,17.697842,0.5652173913043478,-10.0,16899.697354104537,0.0,16889.697354104537,0,,17615.27
2019-11-22 00:00:00+00:00,709.45,711.85,725.6492,46.89439,17.986416,0.5,-10.0,17062.20513692963,0.0,17052.20513692963,0,,17784.658
2019-11-25 00:00:00+00:00,717.86,716.97,725.897,45.894684,17.4807,0.5,-10.0,17184.924919155317,0.0,17174.924919155317,0,,17912.574
2019-11-26 00:00:00+00:00,715.9,723.9,726.1694,50.919086,16.199276,0.5,-10.0,17351.029722514224,0.0,17341.029722514224,0,,18085.713
2019-11-27 00:00:00+00:00,728.36,725.4,726.4264,54.967636,16.197842,0.5,-10.0,17386.982719559353,0.0,17376.982719559353,0,,18123.19
2019-11-29 00:00:00+00:00,723.75,719.41,726.7103,51.73091,15.786416,0.5652173913043478,-10.0,17243.40852948008,0.0,17233.40852948008,0,,17973.537
2019-12-02 00:00:00+00:00,721.15,723.96,726.99286,54.165676,13.364985,0.3888888888888889,-10.0,17352.46703352885,0.0,17342.46703352885,0,,18087.213
2019-12-03 00:00:00+00:00,713.93,712.04,727.2684,59.599083,13.274989,0.5652173913043478,-10.0,17066.75748622327,0.0,17056.75748622327,0,,17789.406
2019-12-04 00:00:00+00:00,713.56,731.66,727.46924,50.238678,13.320709,0.3888888888888889,-10.0,17537.025695102868,0.0,17527.025695102868,0,,18279.586
2019-12-05 00:00:00+00:00,734.42,736.85,727.7623,53.38083,13.707855,0.5652173913043478,-10.0,17661.42335165821,0.0,17651.42335165821,0,,18409.25
2019-12-06 00:00:00+00:00,745.32,761.0,728.0755,59.061054,14.042145,0.5652173913043478,-10.0,18240.270970686874,0.0,18230.270970686874,0,,19012.61
2019-12-09 00:00:00+00:00,760.89,756.98,728.4863,62.82977,14.977861,0.5652173913043478,-10.0,18143.916351717427,0.0,18133.916351717427,0,,18912.174
2019-12-10 00:00:00+00:00,756.98,754.22,728.8214,64.005455,14.506434,0.5,-10.0,18077.762258740924,0.0,18067.762258740924,0,,18843.219
2019-12-11 00:00:00+00:00,750.0,762.35,729.2076,58.408443,13.822148,0.5652173913043478,-10.0,18272.629342109747,0.0,18262.629342109747,0,,19046.336
2019-12-12 00:00:00+00:00,762.42,775.42,729.58936,68.71484,13.422865,0.5652173913043478,-10.0,18585.901190561148,0.0,18575.901190561148,0,,19372.873
2019-12-13 00:00:00+00:00,774.45,769.7,730.0619,79.37854,13.39358,0.5,-10.0,18448.800223067934,0.0,18438.800223067934,0,,19229.967
2019-12-16 00:00:00+00:00,778.41,781.27,730.4166,74.37428,14.161438,0.5,-10.0,18726.119167155914,0.0,18716.119167155914,0,,19519.03
2019-12-17 00:00:00+00:00,786.8,777.17,730.877,75.695305,14.79715,0.5,-10.0,18627.84653586403,0.0,18617.84653586403,0,,19416.594
2019-12-18 00:00:00+00:00,775.36,775.71,731.2958,71.780136,14.931436,0.5652173913043478,-10.0,18592.853016124474,0.0,18582.853016124474,0,,19380.12
2019-12-19 00:00:00+00:00,778.72,786.59,731.76465,70.57665,14.599296,0.5652173913043478,-10.0,18853.63279118586,0.0,18843.63279118586,0,,19651.941
2019-12-20 00:00:00+00:00,793.99,793.31,732.2784,76.419685,14.477151,0.5,-10.0,19014.701897523926,0.0,19004.701897523926,0,,19819.83
2019-12-23 00:00:00+00:00,798.12,789.43,732.8402,76.815384,14.455719,0.5,-10.0,18921.702535835837,0.0,18911.702535835837,0,,19722.893
2019-12-24 00:00:00+00:00,788.0,790.47,733.3427,81.90814,14.336431,0.5,-10.0,18946.62964349464,0.0,18936.62964349464,0,,19748.877
2019-12-26 00:00:00+00:00,791.27,791.98,733.83765,78.63473,13.239288,0.5652173913043478,-10.0,18982.821678383785,0.0,18972.821678383785,0,,19786.602
2019-12-27 00:00:00+00:00,792.02,792.83,734.3478,77.84062,12.510001,0.5652173913043478,-10.0,19003.197088272074,0.0,18993.197088272074,0,,19807.84
2019-12-30 00:00:00+00:00,795.81,791.91,734.81854,71.021,11.093572,0.5652173913043478,-10.0,18981.144964480405,0.0,18971.144964480405,0,,19784.854
2019-12-31 00:00:00+00:00,790.71,793.28,735.2352,74.05314,11.310713,0.5652173913043478,-10.0,19013.983947642988,0.0,19003.983947642988,0,,19819.084
2020-01-02 00:00:00+00:00,805.17,805.06,735.6674,77.42208,11.265717,0.5652173913043478,-10.0,19296.335197384302,0.0,19286.335197384302,0,,20113.389
2020-01-03 00:00:00+00:00,790.1,789.54,736.114,78.522766,11.442143,0.5652173913043478,-10.0,18924.33834272763,0.0,18914.33834272763,0,,19725.64
2020-01-06 00:00:00+00:00,779.89,793.73,736.4973,59.130875,11.517853,0.5,-10.0,19024.76677733838,0.0,19014.76677733838,0,,19830.322
2020-01-07 00:00:00+00:00,790.56,797.16,736.8173,65.852974,11.166426,0.5652173913043478,-10.0,19106.97920110148,0.0,19096.97920110148,0,,19916.016
2020-01-08 00:00:00+00:00,796.32,797.07,737.2928,61.744225,10.99714,0.5652173913043478,-10.0,19104.823330209212,0.0,19094.823330209212,0,,19913.77
2020-01-09 00:00:00+00:00,806.16,810.86,737.73517,65.634834,10.9585705,0.5652173913043478,-10.0,19435.352901970495,0.0,19425.352901970495,0,,20258.293
2020-01-10 00:00:00+00:00,816.6,817.69,738.20746,73.1341,11.65928,0.5652173913043478,-10.0,19599.060945152432,0.0,19589.060945152432,0,,20428.934
2020-01-13 00:00:00+00:00,815.15,822.57,738.78235,71.621216,11.644282,0.5652173913043478,-10.0,19716.02998067753,0.0,19706.02998067753,0,,20550.857
2020-01-14 00:00:00+00:00,820.0,830.63,739.3763,70.87612,11.800715,0.5652173913043478,-10.0,19909.21802812137,0.0,19899.21802812137,0,,20752.225
2020-01-15 00:00:00+00:00,827.43,818.39,739.9144,77.74036,12.129286,0.5652173913043478,-10.0,19615.8394165436,0.0,19605.8394165436,0,,20446.424
2020-01-16 00:00:00+00:00,823.0,830.67,740.3547,66.33514,12.612854,0.5652173913043478,-10.0,19910.174939576715,0.0,19900.174939576715,0,,20753.225
2020-01-17 00:00:00+00:00,833.97,831.31,740.8358,70.102875,13.209996,0.5652173913043478,-10.0,19925.51472665873,0.0,19915.51472665873,0,,20769.213
2020-01-21 00:00:00+00:00,831.0,835.13,741.3287,70.037476,13.471427,0.5652173913043478,-10.0,20017.07566456029,0.0,20007.07566456029,0,,20864.65
2020-01-22 00:00:00+00:00,838.23,834.92,741.86835,71.845955,13.376426,0.5652173913043478,-10.0,20012.041930582687,0.0,20002.041930582687,0,,20859.404
2020-01-23 00:00:00+00:00,833.5,831.12,742.3688,71.29704,13.333566,0.5652173913043478,-10.0,19920.96129493161,0.0,19910.96129493161,0,,20764.465
2020-01-24 00:00:00+00:00,836.07,819.95,742.8325,64.51326,12.892138,0.5652173913043478,-10.0,19653.2304418043,0.0,19643.2304418043,0,,20485.398
2020-01-27 00:00:00+00:00,800.47,799.88,743.26227,67.79823,12.987854,0.5,-10.0,19172.175879070503,0.0,19162.175879070503,0,,19983.975
2020-01-28 00:00:00+00:00,802.15,799.95,743.57184,53.03525,13.782854,0.5,-10.0,19173.853437146317,0.0,19163.853437146317,0,,19985.723
2020-01-29 00:00:00+00:00,801.29,802.62,743.86786,51.424217,13.712855,0.5652173913043478,-10.0,19237.850791938276,0.0,19227.850791938276,0,,20052.43
2020-01-30 00:00:00+00:00,792.43,777.0,744.1692,52.760365,13.87214,0.5652173913043478,-10.0,18623.770263815404,0.0,18613.770263815404,0,,19412.348
2020-01-31 00:00:00+00:00,773.67,757.18,744.3325,34.932365,15.327855,0.5,-10.0,18148.707612055874,0.0,18138.707612055874,0,,18917.17
2020-02-03 00:00:00+00:00,762.97,758.06,744.4575,25.863573,16.24571,0.5,-10.0,18169.799520333137,0.0,18159.799520333137,0,,18939.156
2020-02-04 00:00:00+00:00,756.61,768.0,744.67175,23.419851,16.128567,0.5,-10.0,18408.04966841957,0.0,18398.04966841957,0,,19187.494
2020-02-05 00:00:00+00:00,779.51,779.03,744.8681,24.588163,16.194284,0.5,-10.0,18672.425664997572,0.0,18662.425664997572,0,,19463.064
2020-02-06 00:00:00+00:00,787.38,778.52,745.0923,33.871506,16.721426,0.5,-10.0,18660.200876122926,0.0,18650.200876122926,0,,19450.32
2020-02-07 00:00:00+00:00,777.45,787.15,745.3668,26.349236,16.970001,0.5,-10.0,18867.05205086727,0.0,18857.05205086727,0,,19665.932
2020-02-10 00:00:00+00:00,785.24,780.77,745.6749,31.326136,19.061428,0.3409090909090909,-10.0,18714.13047323287,0.0,18704.13047323287,0,,19506.535
2020-02-11 00:00:00+00:00,781.61,780.0,745.9237,27.500015,19.826433,0.5,-10.0,18695.674252438544,0.0,18685.674252438544,0,,19487.297
2020-02-12 00:00:00+00:00,781.0,772.79,746.139,27.373121,20.001434,0.5,-10.0,18522.85877730747,0.0,18512.85877730747,0,,19307.164
2020-02-13 00:00:00+00:00,767.64,769.48,746.2953,26.624998,20.255009,0.5,-10.0,18443.521858015418,0.0,18433.521858015418,0,,19224.467
2020-02-14 00:00:00+00:00,770.0,763.2,746.4164,28.415024,20.089294,0.5,-10.0,18292.998625383323,0.0,18282.998625383323,0,,19067.57
2020-02-18 00:00:00+00:00,759.68,752.24,746.5366,32.21491,19.04072,0.5,-10.0,18030.300067302396,0.0,18020.300067302396,0,,18793.748
2020-02-19 00:00:00+00:00,754.58,766.39,746.5318,29.0764,19.050005,0.5,-10.0,18369.45921847741,0.0,18359.45921847741,0,,19147.268
2020-02-20 00:00:00+00:00,763.92,755.39,746.5516,35.564606,19.440006,0.5,-10.0,18105.80278774498,0.0,18095.80278774498,0,,18872.447
2020-02-21 00:00:00+00:00,751.97,760.22,746.5247,40.254368,17.907867,0.3409090909090909,-10.0,18221.571809747948,0.0,18211.571809747948,0,,18993.12
2020-02-24 00:00:00+00:00,735.25,726.58,746.6143,51.585304,17.147871,0.3409090909090909,-10.0,17415.261618185687,0.0,17405.261618185687,0,,18152.668
2020-02-25 00:00:00+00:00,732.33,703.0,746.54474,37.764313,19.522156,0.5,-10.0,16850.076857177275,0.0,16840.076857177275,0,,17563.55
2020-02-26 00:00:00+00:00,707.81,700.38,746.3514,27.157722,20.502869,0.5652173913043478,-10.0,16787.278312076065,0.0,16777.278312076065,0,,17498.094
2020-02-27 00:00:00+00:00,686.06,691.65,746.21497,20.624475,20.599295,0.5,-10.0,16578.030888953064,0.0,16568.030888953064,0,,17279.986
2020-02-28 00:00:00+00:00,672.09,701.7,746.16437,19.431341,21.137865,0.5,-10.0,16818.916645571382,0.0,16808.916645571382,0,,17531.072
2020-03-02 00:00:00+00:00,704.48,724.14,746.0595,20.22854,20.997864,0.3409090909090909,-10.0,17356.776208932897,0.0,17346.776208932897,0,,18091.705
2020-03-03 00:00:00+00:00,725.04,731.05,746.0845,32.25543,21.510006,0.5652173913043478,-10.0,17522.400572974755,0.0,17512.400572974755,0,,18264.344
2020-03-04 00:00:00+00:00,750.47,773.89,746.01483,35.23021,22.646437,0.5652173913043478,-10.0,18549.22488385706,0.0,18539.22488385706,0,,19334.646
2020-03-05 00:00:00+00:00,754.66,734.1,746.2522,50.27318,24.806437,0.5,-10.0,17595.504944488763,0.0,17585.504944488763,0,,18340.543
2020-03-06 00:00:00+00:00,711.63,715.55,746.3418,42.5616,27.167149,0.3888888888888889,-10.0,17150.883575354197,0.0,17140.883575354197,0,,17877.096
2020-03-09 00:00:00+00:00,670.0,669.78,746.33704,40.473423,28.901438,0.5,-10.0,16053.83203182687,0.0,16043.83203182687,0,,16733.592
2020-03-10 00:00:00+00:00,688.68,701.71,746.06555,35.52826,31.871433,0.5652173913043478,-10.0,16819.15658849798,0.0,16809.15658849798,0,,17531.324
2020-03-11 00:00:00+00:00,683.37,658.65,745.97845,39.315445,33.066437,0.5652173913043478,-10.0,15787.059931432814,0.0,15777.059931432814,0,,16455.525
2020-03-12 00:00:00+00:00,618.96,639.77,745.6276,35.549976,35.689293,0.5652173913043478,-10.0,15334.528466148879,0.0,15324.528466148879,0,,15983.832
2020-03-13 00:00:00+00:00,667.13,672.64,745.2263,32.733166,39.19929,0.5652173913043478,-10.0,16122.382393113707,0.0,16112.382393113707,0,,16805.045
2020-03-16 00:00:00+00:00,610.0,622.63,744.9656,42.250443,41.305004,0.5652173913043478,-10.0,14923.701529819638,0.0,14913.701529819638,0,,15555.609
2020-03-17 00:00:00+00:00,633.96,682.49,744.4419,39.26826,44.176434,0.5652173913043478,-10.0,16358.473714701397,0.0,16348.473714701397,0,,17051.135
2020-03-18 00:00:00+00:00,645.09,700.13,744.2389,47.92791,47.80715,0.5652173913043478,-10.0,16781.284650127203,0.0,16771.284650127203,0,,17491.848
2020-03-19 00:00:00+00:00,696.28,721.43,744.0958,50.962322,50.654293,0.5652173913043478,-10.0,17291.820430368734,0.0,17281.820430368734,0,,18024.002
2020-03-20 00:00:00+00:00,718.67,645.12,743.99347,52.183243,53.712864,0.5652173913043478,-10.0,15462.76062599571,0.0,15452.76062599571,0,,16117.494
2020-03-23 00:00:00+00:00,645.9,589.41,743.43445,42.187374,57.82858,0.5652173913043478,-10.0,14127.457791866893,0.0,14117.457791866893,0,,14725.65
2020-03-24 00:00:00+00:00,615.51,645.53,742.5174,37.228592,61.198574,0.5652173913043478,-10.0,15472.589689234774,0.0,15462.589689234774,0,,16127.739
2020-03-25 00:00:00+00:00,636.18,640.3,741.79065,38.696728,62.570717,0.5652173913043478,-10.0,15347.231693529271,0.0,15337.231693529271,0,,15997.072
2020-03-26 00:00:00+00:00,648.15,659.27,740.9582,41.204712,62.388577,0.5652173913043478,-10.0,15801.921768250779,0.0,15791.921768250779,0,,16471.016
2020-03-27 00:00:00+00:00,650.4,658.78,740.2303,44.726982,62.562862,0.5,-10.0,15790.177616984662,0.0,15780.177616984662,0,,16458.773
2020-03-30 00:00:00+00:00,664.11,685.4,739.4819,48.87383,60.563576,0.5652173913043478,-10.0,16428.227354950297,0.0,16418.227354950297,0,,17123.84
2020-03-31 00:00:00+00:00,677.83,690.51,738.9238,48.31184,60.46072,0.5652173913043478,-10.0,16550.707481212718,0.0,16540.707481212718,0,,17251.506
2020-04-01 00:00:00+00:00,667.6,656.24,738.4211,53.578808,59.495003,0.5,-10.0,15729.29609589383,0.0,15719.29609589383,0,,16395.314
2020-04-02 00:00:00+00:00,632.21,655.57,737.74524,51.78823,58.607853,0.5,-10.0,15713.236988540943,0.0,15703.236988540943,0,,16378.574
2020-04-03 00:00:00+00:00,641.7,630.58,737.0031,48.007282,56.72714,0.5652173913043478,-10.0,15114.256331057932,0.0,15104.256331057932,0,,15754.231
2020-04-06 00:00:00+00:00,657.17,702.6,736.0708,50.985645,54.663567,0.5652173913043478,-10.0,16840.489924780828,0.0,16830.489924780828,0,,17553.559
2020-04-07 00:00:00+00:00,717.85,709.49,735.47687,52.420265,54.712852,0.5652173913043478,-10.0,17005.636421396506,0.0,16995.636421396506,0,,17725.697
2020-04-08 00:00:00+00:00,709.1,740.99,734.8738,51.15641,52.24071,0.5652173913043478,-10.0,17760.65384711387,0.0,17750.65384711387,0,,18512.684
2020-04-09 00:00:00+00:00,730.2,727.42,734.44885,52.357193,50.219997,0.5652173913043478,-10.0,17435.396807294856,0.0,17425.396807294856,0,,18173.654
2020-04-13 00:00:00+00:00,718.52,690.78,733.9175,61.685024,46.19071,0.5,-10.0,16557.180411466143,0.0,16547.180411466143,0,,17258.254
2020-04-14 00:00:00+00:00,696.9,711.77,733.2443,65.21661,44.36571,0.5,-10.0,17060.28641643873,0.0,17050.28641643873,0,,17782.662
2020-04-15 00:00:00+00:00,705.11,692.96,732.63544,61.115585,41.702137,0.5652173913043478,-10.0,16609.43268901961,0.0,16599.43268901961,0,,17312.717
2020-04-16 00:00:00+00:00,699.76,695.87,731.90027,58.451572,40.244995,0.5652173913043478,-10.0,16679.182102192342,0.0,16669.182102192342,0,,17385.42
2020-04-17 00:00:00+00:00,708.24,720.91,731.15796,56.19331,38.696423,0.5652173913043478,-10.0,17279.360481619904,0.0,17269.360481619904,0,,18011.012
2020-04-20 00:00:00+00:00,718.52,707.63,730.496,59.706898,38.57928,0.5652173913043478,-10.0,16961.055421135075,0.0,16951.055421135075,0,,17679.229
2020-04-21 00:00:00+00:00,700.0,683.43,729.6719,53.62418,37.41499,0.5652173913043478,-10.0,16381.009351669496,0.0,16371.009351669496,0,,17074.621
2020-04-22 00:00:00+00:00,695.56,704.2,728.7895,48.913376,36.557137,0.5652173913043478,-10.0,16878.84229142381,0.0,16868.84229142381,0,,17593.533
2020-04-23 00:00:00+00:00,704.0,703.3,728.0018,57.679012,34.56071,0.5652173913043478,-10.0,16857.26940261705,0.0,16847.26940261705,0,,17571.047
2020-04-24 00:00:00+00:00,707.01,713.38,727.2105,57.636555,32.90286,0.5652173913043478,-10.0,17098.87476109932,0.0,17088.87476109932,0,,17822.883
2020-04-27 00:00:00+00:00,713.84,735.26,726.485,63.911293,31.020718,0.5652173913043478,-10.0,17623.31231877089,0.0,17613.31231877089,0,,18369.527
2020-04-28 00:00:00+00:00,738.94,699.98,725.8909,56.599052,27.725002,0.5652173913043478,-10.0,16777.692036509427,0.0,16767.692036509427,0,,17488.1
2020-04-29 00:00:00+00:00,708.11,738.62,725.2136,48.276234,28.597147,0.5652173913043478,-10.0,17703.848314510047,0.0,17693.848314510047,0,,18453.473
2020-04-30 00:00:00+00:00,728.83,719.94,724.78064,49.581257,28.33643,0.5652173913043478,-10.0,17256.111440433728,0.0,17246.111440433728,0,,17986.777
2020-05-01 00:00:00+00:00,709.69,689.16,724.2711,48.701843,28.407148,0.5652173913043478,-10.0,16518.350947234918,0.0,16508.350947234918,0,,17217.78
2020-05-04 00:00:00+00:00,690.45,690.89,723.6262,49.713,27.406433,0.5652173913043478,-10.0,16559.817115906393,0.0,16549.817115906393,0,,17261.0
2020-05-05 00:00:00+00:00,694.25,709.73,722.9359,46.030117,26.382145,0.5652173913043478,-10.0,17011.3888385645,0.0,17001.3888385645,0,,17731.693
2020-05-06 00:00:00+00:00,711.3,715.58,722.4153,53.188084,26.369284,0.5652173913043478,-10.0,17151.60703327019,0.0,17141.60703327019,0,,17877.848
2020-05-07 00:00:00+00:00,721.0,732.74,721.8997,53.705585,26.725712,0.5652173913043478,-10.0,17562.911116812265,0.0,17552.911116812265,0,,18306.568
2020-05-08 00:00:00+00:00,741.97,719.57,721.47186,52.292015,26.865713,0.5652173913043478,-10.0,17247.24234563227,0.0,17237.24234563227,0,,17977.531
2020-05-11 00:00:00+00:00,714.99,716.93,721.00885,52.314312,28.707144,0.5652173913043478,-10.0,17183.963863949546,0.0,17173.963863949546,0,,17911.574
2020-05-12 00:00:00+00:00,710.77,690.07,720.6401,57.085445,27.598572,0.5652173913043478,-10.0,16540.161943641928,0.0,16530.161943641928,0,,17240.512
2020-05-13 00:00:00+00:00,689.66,690.88,720.2149,47.08648,28.351427,0.5652173913043478,-10.0,16559.57570507852,0.0,16549.57570507852,0,,17260.748
2020-05-14 00:00:00+00:00,675.74,689.53,719.7943,47.43812,28.237139,0.5652173913043478,-10.0,16527.217978365126,0.0,16517.217978365126,0,,17227.02
2020-05-15 00:00:00+00:00,689.94,698.7,719.4421,44.896656,29.10571,0.5652173913043478,-10.0,16747.011287391895,0.0,16737.011287391895,0,,17456.121
2020-05-18 00:00:00+00:00,710.0,718.7,719.15186,41.727013,28.949284,0.5652173913043478,-10.0,17226.386691550553,0.0,17216.386691550553,0,,17955.793
2020-05-19 00:00:00+00:00,718.63,714.06,718.9414,54.550766,27.584995,0.5,-10.0,17115.1707841627,0.0,17105.1707841627,0,,17839.867
2020-05-20 00:00:00+00:00,713.76,735.56,718.9226,42.847157,25.075714,0.5,-10.0,17630.50044209301,0.0,17620.50044209301,0,,18377.018
2020-05-21 00:00:00+00:00,732.66,723.0,719.1368,54.475643,24.842136,0.5652173913043478,-10.0,17329.452252354622,0.0,17319.452252354622,0,,18063.223
2020-05-22 00:00:00+00:00,721.61,748.31,719.21594,60.826733,23.587137,0.5,-10.0,17936.102320992257,0.0,17926.102320992257,0,,18695.559
2020-05-26 00:00:00+00:00,762.16,766.0,719.4327,65.96242,24.726427,0.5652173913043478,-10.0,18360.110297865976,0.0,18350.110297865976,0,,19137.521
2020-05-27 00:00:00+00:00,769.66,788.31,719.69556,65.74339,24.607859,0.5652173913043478,-10.0,18894.85462112973,0.0,18884.85462112973,0,,19694.908
2020-05-28 00:00:00+00:00,791.03,792.4,720.1257,68.63248,24.997145,0.5,-10.0,18992.887662806657,0.0,18982.887662806657,0,,19797.092
2020-05-29 00:00:00+00:00,794.71,795.0,720.6788,66.38112,24.352142,0.5,-10.0,19055.20553962616,0.0,19045.20553962616,0,,19862.049
2020-06-01 00:00:00+00:00,797.82,803.43,721.204,71.98741,22.554996,0.5,-10.0,19257.262852109387,0.0,19247.262852109387,0,,20072.66
2020-06-02 00:00:00+00:00,812.0,823.6,721.91815,74.39094,23.194284,0.5652173913043478,-10.0,19740.714131551693,0.0,19730.714131551693,0,,20576.582
2020-06-03 00:00:00+00:00,829.51,838.0,722.7342,89.128525,22.70857,0.5,-10.0,20085.86449025798,0.0,20075.86449025798,0,,20936.346
2020-06-04 00:00:00+00:00,833.43,840.66,723.59827,89.93052,22.491434,0.5,-10.0,20149.620755157008,0.0,20139.620755157008,0,,21002.803
2020-06-05 00:00:00+00:00,852.55,859.54,724.424,90.729256,21.363573,0.5,-10.0,20602.152087147795,0.0,20592.152087147795,0,,21474.494
2020-06-08 00:00:00+00:00,846.51,848.66,725.426,91.19032,21.065718,0.3888888888888889,-10.0,20341.37127416982,0.0,20331.37127416982,0,,21202.672
2020-06-09 00:00:00+00:00,844.49,815.48,726.3214,84.91295,20.482859,0.5652173913043478,-10.0,19546.085668331732,0.0,19536.085668331732,0,,20373.71
2020-06-10 00:00:00+00:00,815.48,812.61,727.0804,73.623405,22.453566,0.5,-10.0,19477.29486451945,0.0,19467.29486451945,0,,20302.008
2020-06-11 00:00:00+00:00,799.9,761.57,727.92926,69.6526,22.008566,0.5652173913043478,-10.0,18253.92706183074,0.0,18243.92706183074,0,,19026.84
2020-06-12 00:00:00+00:00,779.82,764.42,728.4999,58.223534,24.74714,0.5,-10.0,18322.237236573077,0.0,18312.237236573077,0,,19098.043
2020-06-15 00:00:00+00:00,752.17,773.79,729.0858,53.79863,25.216421,0.5,-10.0,18546.825635965517,0.0,18536.825635965517,0,,19332.14
2020-06-16 00:00:00+00:00,793.46,784.05,729.7228,51.91184,25.744276,0.5,-10.0,18792.74561718733,0.0,18782.74561718733,0,,19588.475
2020-06-17 00:00:00+00:00,789.65,782.37,730.3722,48.88877,25.332136,0.5652173913043478,-10.0,18752.4778867014,0.0,18742.4778867014,0,,19546.502
2020-06-18 00:00:00+00:00,774.85,782.74,731.0001,47.350338,25.062138,0.5652173913043478,-10.0,18761.345994470477,0.0,18751.345994470477,0,,19555.746
2020-06-19 00:00:00+00:00,794.0,795.24,731.6488,46.722622,24.757856,0.5,-10.0,19060.95558787516,0.0,19050.95558787516,0,,19868.041
2020-06-22 00:00:00+00:00,787.98,785.16,732.32416,47.857254,24.615,0.5,-10.0,18819.3491285936,0.0,18809.3491285936,0,,19616.205
2020-06-23 00:00:00+00:00,793.41,798.0,732.82104,39.382385,24.353573,0.5,-10.0,19127.108884700778,0.0,19117.108884700778,0,,19936.996
2020-06-24 00:00:00+00:00,791.0,784.04,733.38617,38.855453,24.721426,0.5,-10.0,18792.50336514777,0.0,18782.50336514777,0,,19588.223
2020-06-25 00:00:00+00:00,778.69,785.38,733.90857,35.159363,25.605717,0.5,-10.0,18824.62170000692,0.0,18814.62170000692,0,,19621.701
2020-06-26 00:00:00+00:00,787.59,772.3,734.3373,28.593708,25.487139,0.5,-10.0,18511.109443403337,0.0,18501.109443403337,0,,19294.914
2020-06-29 00:00:00+00:00,779.05,785.24,734.60785,28.235102,26.269287,0.5,-10.0,18821.26500848508,0.0,18811.26500848508,0,,19618.203
2020-06-30 00:00:00+00:00,779.9,805.55,734.97534,40.25648,24.712864,0.5,-10.0,19308.071764460088,0.0,19298.071764460088,0,,20125.623
2020-07-01 00:00:00+00:00,804.07,804.79,735.4381,47.955048,25.43215,0.5,-10.0,19289.85494779875,0.0,19279.85494779875,0,,20106.635
2020-07-02 00:00:00+00:00,812.18,814.7,735.9038,67.663864,22.34572,0.3409090909090909,-10.0,19527.38718874836,0.0,19517.38718874836,0,,20354.227
2020-07-06 00:00:00+00:00,825.4,823.45,736.4246,69.428116,20.967865,0.5,-10.0,19737.114469933782,0.0,19727.114469933782,0,,20572.834
2020-07-07 00:00:00+00:00,819.49,819.06,736.9966,69.28094,19.79858,0.5,-10.0,19631.891605214492,0.0,19621.891605214492,0,,20463.156
2020-07-08 00:00:00+00:00,821.71,818.19,737.5414,64.24211,19.242863,0.5,-10.0,19611.03832775198,0.0,19601.03832775198,0,,20441.42
2020-07-09 00:00:00+00:00,819.34,830.53,738.0864,64.66829,19.231432,0.5,-10.0,19906.814378695177,0.0,19896.814378695177,0,,20749.719
2020-07-10 00:00:00+00:00,834.58,819.2,738.70807,67.82277,19.70286,0.5652173913043478,-10.0,19635.24772977708,0.0,19625.24772977708,0,,20466.654
2020-07-13 00:00:00+00:00,824.9,823.99,739.3491,59.01429,20.062147,0.5,-10.0,19750.05691693874,0.0,19740.05691693874,0,,20586.324
2020-07-14 00:00:00+00:00,823.68,849.34,739.97235,65.21431,19.743574,0.5652173913043478,-10.0,20357.66618165095,0.0,20347.66618165095,0,,21219.662
2020-07-15 00:00:00+00:00,859.0,869.04,740.7171,68.32,20.25286,0.5652173913043478,-10.0,20829.850690844567,0.0,20819.850690844567,0,,21711.838
2020-07-16 00:00:00+00:00,869.9,860.68,741.5659,79.137505,20.086426,0.5,-10.0,20629.472267359557,0.0,20619.472267359557,0,,21502.977
2020-07-17 00:00:00+00:00,867.41,867.89,742.3473,74.627144,19.92,0.5652173913043478,-10.0,20802.286907782844,0.0,20792.286907782844,0,,21683.11
2020-07-20 00:00:00+00:00,871.17,866.47,743.24603,82.51139,19.342855,0.5,-10.0,20768.250058170517,0.0,20758.250058170517,0,,21647.629
2020-07-21 00:00:00+00:00,869.98,870.51,744.2619,79.97635,19.232853,0.5,-10.0,20865.084785043586,0.0,20855.084785043586,0,,21748.564
2020-07-22 00:00:00+00:00,871.06,883.35,745.2606,77.24373,17.932142,0.5,-10.0,21172.842377905028,0.0,21162.842377905028,0,,22069.354
2020-07-23 00:00:00+00:00,879.93,885.37,746.246,79.9162,18.437143,0.5652173913043478,-10.0,21221.26026026827,0.0,21211.26026026827,0,,22119.822
2020-07-24 00:00:00+00:00,882.56,862.72,747.2636,78.63217,18.149288,0.5652173913043478,-10.0,20678.36626708441,0.0,20668.36626708441,0,,21553.941
2020-07-27 00:00:00+00:00,869.29,895.5,748.2842,64.29973,19.377146,0.5652173913043478,-10.0,21464.065047160813,0.0,21454.065047160813,0,,22372.908
2020-07-28 00:00:00+00:00,897.28,882.03,749.39526,73.065765,20.900003,0.5,-10.0,21141.20626920257,0.0,21131.20626920257,0,,22036.379
2020-07-29 00:00:00+00:00,885.0,898.08,750.44354,67.902405,22.17429,0.5,-10.0,21525.90649967733,0.0,21515.90649967733,0,,22437.367
2020-07-30 00:00:00+00:00,891.1,895.17,751.49347,68.55666,22.517862,0.5,-10.0,21456.15637814096,0.0,21446.15637814096,0,,22364.664
2020-07-31 00:00:00+00:00,923.15,935.0,752.5656,71.882,22.436428,0.5652173913043478,-10.0,22410.834978394494,0.0,22400.834978394494,0,,23359.766
2020-08-03 00:00:00+00:00,933.26,926.43,753.8406,76.6045,25.332144,0.3409090909090909,-10.0,22205.422557189595,0.0,22195.422557189595,0,,23145.656
2020-08-04 00:00:00+00:00,918.96,928.59,755.13025,70.091194,24.82643,0.5,-10.0,22257.197042276523,0.0,22247.197042276523,0,,23199.623
2020-08-05 00:00:00+00:00,936.55,945.24,756.4191,67.081635,24.706434,0.5652173913043478,-10.0,22656.27723106659,0.0,22646.27723106659,0,,23615.602
2020-08-06 00:00:00+00:00,952.85,938.25,757.7428,73.15442,25.24429,0.5,-10.0,22488.736103209052,0.0,22478.736103209052,0,,23440.967
2020-08-07 00:00:00+00:00,930.7,944.17,759.00793,69.289375,25.979288,0.5652173913043478,-10.0,22630.63167315424,0.0,22620.63167315424,0,,23588.87
2020-08-10 00:00:00+00:00,947.99,945.95,760.30774,70.788734,25.924286,0.5652173913043478,-10.0,22673.2970879538,0.0,22663.2970879538,0,,23633.342
2020-08-11 00:00:00+00:00,945.16,947.25,761.59314,70.43115,25.876425,0.5652173913043478,-10.0,22704.455746080384,0.0,22694.455746080384,0,,23665.818
2020-08-12 00:00:00+00:00,952.82,973.27,762.8957,68.45967,25.220713,0.5,-10.0,23328.125325610392,0.0,23318.125325610392,0,,24315.896
2020-08-13 00:00:00+00:00,968.2,973.14,764.2711,72.30058,26.411425,0.5,-10.0,23325.009294389558,0.0,23315.009294389558,0,,24312.648
2020-08-14 00:00:00+00:00,962.64,961.04,765.63007,81.6281,24.646427,0.5,-10.0,23034.985995000432,0.0,23024.985995000432,0,,24010.346
2020-08-17 00:00:00+00:00,964.58,959.78,766.91644,71.2958,23.370714,0.5,-10.0,23004.787032493183,0.0,22994.787032493183,0,,23978.867
2020-08-18 00:00:00+00:00,961.0,963.2,768.173,77.44052,22.125715,0.5,-10.0,23086.759642154793,0.0,23076.759642154793,0,,24064.312
2020-08-19 00:00:00+00:00,961.18,970.71,769.4643,75.232475,21.524288,0.5,-10.0,23266.764419394967,0.0,23256.764419394967,0,,24251.938
2020-08-20 00:00:00+00:00,962.49,959.34,770.74695,78.262505,21.441433,0.5,-10.0,22994.23877054187,0.0,22984.23877054187,0,,23967.871
2020-08-21 00:00:00+00:00,961.09,959.98,771.9253,61.570656,18.297861,0.5652173913043478,-10.0,23009.578116492943,0.0,22999.578116492943,0,,23983.86
2020-08-24 00:00:00+00:00,964.88,947.94,773.1532,67.24936,17.693577,0.5652173913043478,-10.0,22720.99451548809,0.0,22710.99451548809,0,,23683.057
2020-08-25 00:00:00+00:00,955.26,967.82,774.344,59.031082,17.495005,0.5,-10.0,23197.494101491244,0.0,23187.494101491244,0,,24179.732
2020-08-26 00:00:00+00:00,966.04,972.1,775.57904,60.23017,17.118578,0.5652173913043478,-10.0,23300.080542374286,0.0,23290.080542374286,0,,24286.664
2020-08-27 00:00:00+00:00,969.22,968.68,776.89526,65.72225,16.489292,0.5652173913043478,-10.0,23218.10703413468,0.0,23208.10703413468,0,,24201.219
2020-08-28 00:00:00+00:00,975.65,966.61,778.23663,61.654793,16.729296,0.5652173913043478,-10.0,23168.491199577395,0.0,23158.491199577395,0,,24149.502
2020-08-31 00:00:00+00:00,968.0,970.78,779.51245,59.79704,17.35287,0.5652173913043478,-10.0,23268.44157609058,0.0,23258.44157609058,0,,24253.684
2020-09-01 00:00:00+00:00,973.42,975.89,780.7526,60.86236,17.750729,0.5652173913043478,-10.0,23390.922124261844,0.0,23380.922124261844,0,,24381.35
2020-09-02 00:00:00+00:00,977.35,1005.15,782.06384,51.498856,16.8593,0.5652173913043478,-10.0,24092.25037539525,0.0,24082.25037539525,0,,25112.373
2020-09-03 00:00:00+00:00,1006.65,962.99,783.4655,63.734676,19.192871,0.5652173913043478,-10.0,23081.724376435286,0.0,23071.724376435286,0,,24059.06
2020-09-04 00:00:00+00:00,968.39,949.26,784.6894,50.665127,21.587154,0.5,-10.0,22752.63277996655,0.0,22742.63277996655,0,,23716.033
2020-09-08 00:00:00+00:00,937.83,947.62,785.7709,46.693066,23.037153,0.5,-10.0,22713.32305100078,0.0,22703.32305100078,0,,23675.059
2020-09-09 00:00:00+00:00,957.11,975.82,786.9205,45.047043,23.939297,0.5,-10.0,23389.244538789528,0.0,23379.244538789528,0,,24379.6
2020-09-10 00:00:00+00:00,976.61,963.46,788.27423,51.43563,25.621439,0.5652173913043478,-10.0,23092.989700637867,0.0,23082.989700637867,0,,24070.799
2020-09-11 00:00:00+00:00,965.92,973.71,789.5323,51.151093,26.63215,0.5652173913043478,-10.0,23338.66940969612,0.0,23328.66940969612,0,,24326.883
2020-09-14 00:00:00+00:00,981.44,978.99,790.816,53.640568,26.715715,0.5,-10.0,23465.22271334779,0.0,23455.22271334779,0,,24458.795
2020-09-15 00:00:00+00:00,987.15,980.9,792.09143,58.53913,26.54572,0.5116279069767442,-10.0,23511.002875554277,0.0,23501.002875554277,0,,24506.514
2020-09-16 00:00:00+00:00,989.19,988.83,793.36896,53.991703,26.32643,0.5176470588235295,-10.0,23701.075612534176,0.0,23691.075612534176,0,,24704.635
2020-09-17 00:00:00+00:00,983.84,983.62,794.71606,54.99434,26.510712,0.5176470588235295,-10.0,23576.19768398386,0.0,23566.19768398386,0,,24574.47
2020-09-18 00:00:00+00:00,985.77,976.47,796.01434,54.412804,26.698565,0.5176470588235295,-10.0,23404.82031192462,0.0,23394.82031192462,0,,24395.838
2020-09-21 00:00:00+00:00,962.7,974.5,797.3365,52.827477,27.03856,0.5176470588235295,-10.0,23357.60252840811,0.0,23347.60252840811,0,,24346.621
2020-09-22 00:00:00+00:00,973.66,986.07,798.5507,51.080383,28.077131,0.5176470588235295,-10.0,23634.9219336562,0.0,23624.9219336562,0,,24635.682
2020-09-23 00:00:00+00:00,987.6,957.14,799.7968,52.84962,28.602844,0.5176470588235295,-10.0,22941.505045591683,0.0,22931.505045591683,0,,23912.904
2020-09-24 00:00:00+00:00,956.14,960.26,800.7775,36.53598,28.131413,0.5116279069767442,-10.0,23016.28652470796,0.0,23006.28652470796,0,,23990.854
2020-09-25 00:00:00+00:00,957.4,975.07,801.7939,49.019756,26.196415,0.5869565217391305,-10.0,23371.265336652345,0.0,23361.265336652345,0,,24360.861
2020-09-28 00:00:00+00:00,958.84,968.47,802.89813,59.19618,25.727844,0.5116279069767442,-10.0,23213.070779051395,0.0,23203.070779051395,0,,24195.969
2020-09-29 00:00:00+00:00,974.04,968.59,803.9288,57.175293,25.294983,0.5176470588235295,-10.0,23215.94868127429,0.0,23205.94868127429,0,,24198.969
2020-09-30 00:00:00+00:00,974.22,965.75,804.8946,46.915802,23.698557,0.5176470588235295,-10.0,23147.876471708776,0.0,23137.876471708776,0,,24128.016
2020-10-01 00:00:00+00:00,974.64,970.92,805.8749,51.063225,23.6857,0.5176470588235295,-10.0,23271.79472950733,0.0,23261.79472950733,0,,24257.182
2020-10-02 00:00:00+00:00,959.6,966.92,806.8231,48.640465,24.114275,0.5176470588235295,-10.0,23175.919276755885,0.0,23165.919276755885,0,,24157.246
2020-10-05 00:00:00+00:00,979.95,990.43,807.77185,44.044216,24.189274,0.5176470588235295,-10.0,23739.42516753597,0.0,23729.42516753597,0,,24744.611
2020-10-06 00:00:00+00:00,992.28,993.85,808.84546,53.876175,24.765707,0.5176470588235295,-10.0,23821.397789144088,0.0,23811.397789144088,0,,24830.055
2020-10-07 00:00:00+00:00,977.02,1011.27,809.8818,52.119556,24.57857,0.5869565217391305,-10.0,24238.934930291824,0.0,24228.934930291824,0,,25265.271
2020-10-08 00:00:00+00:00,1015.45,1012.08,810.97156,60.583324,25.591427,0.5869565217391305,-10.0,24258.349522533663,0.0,24248.349522533663,0,,25285.508
2020-10-09 00:00:00+00:00,1021.11,1025.46,812.0848,64.32538,24.817858,0.5176470588235295,-10.0,24579.049536612216,0.0,24569.049536612216,0,,25619.79
2020-10-12 00:00:00+00:00,1027.6,1025.75,813.25977,68.77669,23.822859,0.5176470588235295,-10.0,24586.002547713746,0.0,24576.002547713746,0,,25627.035
2020-10-13 00:00:00+00:00,1025.0,1028.66,814.4286,65.94598,23.005001,0.5176470588235295,-10.0,24655.75162749319,0.0,24645.75162749319,0,,25699.74
2020-10-14 00:00:00+00:00,1030.01,1022.39,815.6077,86.34142,21.525003,0.38571428571428573,-10.0,24505.466197021156,0.0,24495.466197021156,0,,25543.092
2020-10-15 00:00:00+00:00,1012.08,1018.53,816.76013,80.59079,21.66,0.43956043956043955,-10.0,24412.9463629884,0.0,24402.9463629884,0,,25446.654
2020-10-16 00:00:00+00:00,1027.13,1029.77,817.8864,73.98452,20.525713,0.43956043956043955,-10.0,24682.35693547682,0.0,24672.35693547682,0,,25727.473
2020-10-19 00:00:00+00:00,1029.3,1018.7,819.00995,82.18185,20.569998,0.5142398314229636,-10.0,24417.02170434563,0.0,24407.02170434563,0,,25450.902
2020-10-20 00:00:00+00:00,1023.12,1030.61,820.15576,73.59448,20.60143,0.5116279069767442,-10.0,24702.489208207055,0.0,24692.489208207055,0,,25748.457
2020-10-21 00:00:00+00:00,1034.12,1031.94,821.34015,78.136375,20.758575,0.5116279069767442,-10.0,24734.36630219915,0.0,24724.36630219915,0,,25781.684
2020-10-22 00:00:00+00:00,1037.67,1063.23,822.51404,77.38286,20.112858,0.5176470588235295,-10.0,25484.35181530957,0.0,25474.35181530957,0,,26563.426
2020-10-23 00:00:00+00:00,1067.99,1053.2,823.84485,84.71631,21.432142,0.5176470588235295,-10.0,25243.943461655588,0.0,25233.943461655588,0,,26312.838
2020-10-26 00:00:00+00:00,1046.24,1045.29,825.0566,75.06186,21.617855,0.43956043956043955,-10.0,25054.352256058726,0.0,25044.352256058726,0,,26115.219
2020-10-27 00:00:00+00:00,1050.87,1052.58,826.1946,69.82735,21.710707,0.5176470588235295,-10.0,25229.08384085041,0.0,25219.08384085041,0,,26297.35
2020-10-28 00:00:00+00:00,1037.67,1009.26,827.3446,67.27151,20.464996,0.43956043956043955,-10.0,24190.755819223825,0.0,24180.755819223825,0,,25215.057
2020-10-29 00:00:00+00:00,1011.01,1003.79,828.23773,49.13016,22.647135,0.5869565217391305,-10.0,24059.64554284412,0.0,24049.64554284412,0,,25078.395
2020-10-30 00:00:00+00:00,995.86,997.91,829.16473,42.972954,22.651419,0.5116279069767442,-10.0,23918.708342973794,0.0,23908.708342973794,0,,24931.49
2020-11-02 00:00:00+00:00,1018.88,1043.25,830.001,41.288006,23.430704,0.5116279069767442,-10.0,25005.45370322995,0.0,24995.45370322995,0,,26064.25
2020-11-03 00:00:00+00:00,1055.31,1065.5,831.06067,53.60763,26.145708,0.5869565217391305,-10.0,25538.7603873176,0.0,25528.7603873176,0,,26620.137
2020-11-04 00:00:00+00:00,1082.17,1080.23,832.2125,59.87901,27.057848,0.5176470588235295,-10.0,25891.820032564636,0.0,25881.820032564636,0,,26988.146
2020-11-05 00:00:00+00:00,1102.22,1103.74,833.439,63.468086,28.566423,0.38571428571428573,-10.0,26455.32755270687,0.0,26445.32755270687,0,,27575.514
2020-11-06 00:00:00+00:00,1205.75,1181.11,834.8021,65.32549,29.003574,0.43956043956043955,-10.0,28309.794227533068,0.0,28299.794227533068,0,,29508.504
2020-11-09 00:00:00+00:00,1182.48,1179.58,836.608,76.39698,36.340717,0.5176470588235295,-10.0,28273.12206702998,0.0,28263.12206702998,0,,29470.28
2020-11-10 00:00:00+00:00,1182.11,1125.46,838.5065,75.05804,37.09215,0.5176470588235295,-10.0,26975.93044809759,0.0,26965.93044809759,0,,28118.162
2020-11-11 00:00:00+00:00,1138.06,1134.4,840.134,63.35848,40.474293,0.5869565217391305,-10.0,27190.21404859591,0.0,27180.21404859591,0,,28341.52
2020-11-12 00:00:00+00:00,1137.56,1157.87,841.7929,60.859356,39.61858,0.5869565217391305,-10.0,27752.76239978887,0.0,27742.76239978887,0,,28927.889
2020-11-13 00:00:00+00:00,1158.75,1181.38,843.69727,65.34167,39.761436,0.5869565217391305,-10.0,28316.27004745447,0.0,28306.27004745447,0,,29515.258
2020-11-16 00:00:00+00:00,1186.81,1187.93,845.81824,69.074646,40.76501,0.6,-10.0,28473.267456310277,0.0,28463.267456310277,0,,29678.902
2020-11-17 00:00:00+00:00,1178.25,1193.36,847.9676,69.010376,40.851437,0.6,-10.0,28603.41765135393,0.0,28593.41765135393,0,,29814.562
2020-11-18 00:00:00+00:00,1190.7,1144.81,850.0944,78.93743,39.45858,0.5869565217391305,-10.0,27439.733692608796,0.0,27429.733692608796,0,,28601.605
2020-11-19 00:00:00+00:00,1142.99,1147.34,851.9233,69.52213,42.030006,0.6,-10.0,27500.372809753568,0.0,27490.372809753568,0,,28664.812
2020-11-20 00:00:00+00:00,1149.28,1147.6,853.7674,70.880035,41.34072,0.6,-10.0,27506.604857873033,0.0,27496.604857873033,0,,28671.31
2020-11-23 00:00:00+00:00,1148.79,1138.68,855.56964,66.682655,39.11643,0.5869565217391305,-10.0,27292.804707723804,0.0,27282.804707723804,0,,28448.457
2020-11-24 00:00:00+00:00,1147.93,1126.96,857.3592,62.22031,38.19144,0.5869565217391305,-10.0,27011.887814519123,0.0,27001.887814519123,0,,28155.646
2020-11-25 00:00:00+00:00,1130.68,1125.16,859.094,57.88266,37.547153,0.43956043956043955,-10.0,26968.74534404739,0.0,26958.74534404739,0,,28110.678
2020-11-27 00:00:00+00:00,1125.95,1126.68,860.85583,53.898808,37.017864,0.5116279069767442,-10.0,27005.17687383621,0.0,26995.17687383621,0,,28148.654
2020-11-30 00:00:00+00:00,1123.49,1150.04,862.64185,36.313812,28.944998,0.43956043956043955,-10.0,27565.08805192225,0.0,27555.08805192225,0,,28732.273
2020-12-01 00:00:00+00:00,1156.8,1160.09,864.57605,43.307064,28.00571,0.5176470588235295,-10.0,27805.97263548298,0.0,27795.97263548298,0,,28983.357
2020-12-02 00:00:00+00:00,1157.71,1139.75,866.6153,59.804104,25.610708,0.5869565217391305,-10.0,27318.44874078179,0.0,27308.44874078179,0,,28475.19
2020-12-03 00:00:00+00:00,1146.9,1132.0,868.4821,51.422794,25.890713,0.43956043956043955,-10.0,27132.68991459769,0.0,27122.68991459769,0,,28281.564
2020-12-04 00:00:00+00:00,1132.52,1131.75,870.3652,42.4923,25.633572,0.5176470588235295,-10.0,27126.698061352574,0.0,27116.698061352574,0,,28275.318
2020-12-07 00:00:00+00:00,1130.33,1125.15,872.2228,33.34895,24.422852,0.43956043956043955,-10.0,26968.504412798207,0.0,26958.504412798207,0,,28110.426
2020-12-08 00:00:00+00:00,1122.83,1161.33,874.21564,28.944124,24.468567,0.43956043956043955,-10.0,27835.693742519252,0.0,27825.693742519252,0,,29014.334
2020-12-09 00:00:00+00:00,1157.82,1150.68,876.5073,41.094337,26.060007,0.5116279069767442,-10.0,27580.42893427803,0.0,27570.42893427803,0,,28748.262
2020-12-10 00:00:00+00:00,1151.28,1151.82,878.7588,52.067924,23.70643,0.38571428571428573,-10.0,27607.750912423133,0.0,27597.750912423133,0,,28776.74
2020-12-11 00:00:00+00:00,1145.62,1144.87,881.05963,51.59385,23.909292,0.38571428571428573,-10.0,27441.168575975513,0.0,27431.168575975513,0,,28603.105
2020-12-14 00:00:00+00:00,1148.7,1139.26,883.2755,49.072884,24.065002,0.43956043956043955,-10.0,27306.704164917628,0.0,27296.704164917628,0,,28462.947
2020-12-15 00:00:00+00:00,1149.93,1149.16,885.3511,50.201485,24.466421,0.43956043956043955,-10.0,27543.99615743961,0.0,27533.99615743961,0,,28710.287
2020-12-16 00:00:00+00:00,1144.08,1111.26,887.44165,57.811455,23.60356,0.43956043956043955,-10.0,26635.578063172783,0.0,26625.578063172783,0,,27763.402
2020-12-17 00:00:00+00:00,1119.53,1130.33,889.1285,46.099873,24.913557,0.5869565217391305,-10.0,27092.66200421592,0.0,27082.66200421592,0,,28239.842
2020-12-18 00:00:00+00:00,1134.84,1134.83,891.1097,50.93229,26.138567,0.5176470588235295,-10.0,27200.52096487933,0.0,27190.52096487933,0,,28352.268
2020-12-21 00:00:00+00:00,1122.24,1135.33,893.20605,45.700684,25.594997,0.5116279069767442,-10.0,27212.50544734486,0.0,27202.50544734486,0,,28364.758
2020-12-22 00:00:00+00:00,1129.95,1125.53,895.5338,42.601868,26.49,0.5176470588235295,-10.0,26977.613472337318,0.0,26967.613472337318,0,,28119.922
2020-12-23 00:00:00+00:00,1130.0,1126.1,897.6529,45.465557,25.717852,0.5176470588235295,-10.0,26991.27496445025,0.0,26981.27496445025,0,,28134.162
2020-12-24 00:00:00+00:00,1127.23,1140.19,899.9902,48.028324,25.166426,0.5176470588235295,-10.0,27328.99538484285,0.0,27318.99538484285,0,,28486.184
2020-12-28 00:00:00+00:00,1149.31,1134.76,902.49225,52.58166,25.479292,0.5176470588235295,-10.0,27198.846731260623,0.0,27188.846731260623,0,,28350.523
2020-12-29 00:00:00+00:00,1144.63,1137.96,904.80286,52.960754,25.782156,0.5176470588235295,-10.0,27275.54464340862,0.0,27265.54464340862,0,,28430.469
2020-12-30 00:00:00+00:00,1141.11,1133.88,907.3795,40.96354,23.826433,0.43956043956043955,-10.0,27177.75258056635,0.0,27167.75258056635,0,,28328.535
2020-12-31 00:00:00+00:00,1138.61,1139.68,909.6365,43.15622,23.786448,0.5869565217391305,-10.0,27316.774139713245,0.0,27306.774139713245,0,,28473.443
2021-01-04 00:00:00+00:00,1155.0,1160.87,911.8342,45.235508,23.645735,0.5176470588235295,-10.0,27824.67039961987,0.0,27814.67039961987,0,,29002.846
2021-01-05 00:00:00+00:00,1154.77,1176.35,914.0314,55.648136,25.275024,0.43956043956043955,-10.0,28195.70545464944,0.0,28185.70545464944,0,,29389.592
2021-01-06 00:00:00+00:00,1168.59,1197.09,916.68756,62.240135,25.657166,0.43956043956043955,-10.0,28692.81873558136,0.0,28682.81873558136,0,,29907.754
2021-01-07 00:00:00+00:00,1200.0,1222.54,919.72595,64.76133,27.842173,0.5176470588235295,-10.0,29302.82530474305,0.0,29292.82530474305,0,,30543.59
2021-01-08 00:00:00+00:00,1221.43,1236.99,922.611,87.11817,26.917175,0.43956043956043955,-10.0,29649.17300974551,0.0,29639.17300974551,0,,30904.604
2021-01-11 00:00:00+00:00,1236.99,1245.02,925.5944,86.70852,26.829311,0.38571428571428573,-10.0,29841.641857526418,0.0,29831.641857526418,0,,31105.223
2021-01-12 00:00:00+00:00,1239.75,1220.48,928.5232,87.02382,26.717878,0.38571428571428573,-10.0,29253.446959005607,0.0,29243.446959005607,0,,30492.123
2021-01-13 00:00:00+00:00,1221.57,1216.63,931.3317,74.631226,26.218594,0.43956043956043955,-10.0,29161.168229721115,0.0,29151.168229721115,0,,30395.938
2021-01-14 00:00:00+00:00,1216.36,1204.21,933.98785,77.29182,26.592878,0.5116279069767442,-10.0,28863.475069910062,0.0,28853.475069910062,0,,30085.637
2021-01-15 00:00:00+00:00,1205.73,1218.44,936.55634,71.84896,26.530727,0.5116279069767442,-10.0,29204.550692141423,0.0,29194.550692141423,0,,30441.156
2021-01-19 00:00:00+00:00,1229.99,1231.16,939.3674,71.870995,26.231436,0.5116279069767442,-10.0,29509.435521938405,0.0,29499.435521938405,0,,30758.951
2021-01-20 00:00:00+00:00,1233.05,1268.8,942.2453,75.88892,26.172146,0.38571428571428573,-10.0,30411.620766768403,0.0,30401.620766768403,0,,31699.338
2021-01-21 00:00:00+00:00,1267.44,1244.78,945.4364,79.6528,27.66572,0.43956043956043955,-10.0,29835.890173670217,0.0,29825.890173670217,0,,31099.229
2021-01-22 00:00:00+00:00,1244.31,1234.72,948.1473,73.05037,28.237139,0.5,-10.0,29594.762661891866,0.0,29584.762661891866,0,,30847.89
2021-01-25 00:00:00+00:00,1232.26,1233.47,950.77344,69.41015,28.390703,0.38571428571428573,-10.0,29564.80137130514,0.0,29554.80137130514,0,,30816.66
2021-01-26 00:00:00+00:00,1232.34,1210.91,953.23584,66.14192,26.427847,0.43956043956043955,-10.0,29024.066935366085,0.0,29014.066935366085,0,,30253.03
2021-01-27 00:00:00+00:00,1189.85,1153.5,955.6533,57.449566,25.929993,0.5176470588235295,-10.0,27648.01656457382,0.0,27638.01656457382,0,,28818.713
2021-01-28 00:00:00+00:00,1167.36,1170.8,957.9669,41.886623,27.427847,0.5176470588235295,-10.0,28062.677091326957,0.0,28052.677091326957,0,,29250.932
2021-01-29 00:00:00+00:00,1171.84,1168.1,960.262,40.068344,27.843557,0.5176470588235295,-10.0,27997.95997501037,0.0,27987.95997501037,0,,29183.473
2021-02-01 00:00:00+00:00,1179.41,1180.82,962.63776,36.15167,28.036411,0.5,-10.0,28302.84126757253,0.0,28292.84126757253,0,,29501.264
2021-02-02 00:00:00+00:00,1197.04,1217.59,965.0625,37.333282,28.416416,0.5176470588235295,-10.0,29184.17402081958,0.0,29174.17402081958,0,,30419.914
2021-02-03 00:00:00+00:00,1213.87,1188.38,967.5459,49.45605,29.394278,0.43956043956043955,-10.0,28484.046402460874,0.0,28474.046402460874,0,,29690.143
2021-02-04 00:00:00+00:00,1190.0,1216.94,969.94965,45.146217,30.383562,0.38571428571428573,-10.0,29168.595285753847,0.0,29158.595285753847,0,,30403.676
2021-02-05 00:00:00+00:00,1201.58,1195.2,972.6172,52.072273,31.865,0.5869565217391305,-10.0,28647.513915360512,0.0,28637.513915360512,0,,29860.53
2021-02-08 00:00:00+00:00,1197.62,1209.27,975.0722,46.30713,33.724277,0.5869565217391305,-10.0,28984.75691135814,0.0,28974.75691135814,0,,30212.053
2021-02-09 00:00:00+00:00,1206.25,1206.5,977.60205,46.536503,33.777134,0.5869565217391305,-10.0,28918.362511187075,0.0,28908.362511187075,0,,30142.846
2021-02-10 00:00:00+00:00,1220.0,1207.01,980.0676,38.92011,31.969273,0.5869565217391305,-10.0,28930.586769784528,0.0,28920.586769784528,0,,30155.588
2021-02-11 00:00:00+00:00,1216.6,1202.07,982.4264,42.66972,31.157131,0.5869565217391305,-10.0,28812.179301517204,0.0,28802.179301517204,0,,30032.166
2021-02-12 00:00:00+00:00,1199.91,1220.66,984.9368,43.53491,31.492126,0.6,-10.0,29257.760263315136,0.0,29247.760263315136,0,,30496.613
2021-02-16 00:00:00+00:00,1218.0,1190.83,987.34705,47.626472,31.909267,0.5116279069767442,-10.0,28542.768891867207,0.0,28532.768891867207,0,,29751.348
2021-02-17 00:00:00+00:00,1182.68,1166.46,989.7015,46.37701,32.37498,0.5869565217391305,-10.0,27958.64916579927,0.0,27948.64916579927,0,,29142.496
2021-02-18 00:00:00+00:00,1166.2,1150.51,992.088,52.654858,29.959978,0.5176470588235295,-10.0,27576.348682344345,0.0,27566.348682344345,0,,28744.008
2021-02-19 00:00:00+00:00,1155.08,1165.45,994.3861,45.820454,29.127834,0.5869565217391305,-10.0,27934.44047325504,0.0,27924.44047325504,0,,29117.262
2021-02-22 00:00:00+00:00,1154.76,1127.89,996.6647,49.480328,28.937124,0.5176470588235295,-10.0,27034.174515970728,0.0,27024.174515970728,0,,28178.877
2021-02-23 00:00:00+00:00,1122.76,1110.46,998.72626,40.54181,30.063547,0.5176470588235295,-10.0,26616.396594606675,0.0,26606.396594606675,0,,27743.41
2021-02-24 00:00:00+00:00,1107.9,1127.6,1000.61487,29.435259,29.175686,0.5176470588235295,-10.0,27027.22332708399,0.0,27017.22332708399,0,,28171.633
2021-02-25 00:00:00+00:00,1130.51,1109.91,1002.65497,37.7657,28.688547,0.5116279069767442,-10.0,26603.216968617933,0.0,26593.216968617933,0,,27729.674
2021-02-26 00:00:00+00:00,1118.31,1116.05,1004.6199,27.470247,28.054976,0.43956043956043955,-10.0,26750.386664310674,0.0,26740.386664310674,0,,27883.074
2021-03-01 00:00:00+00:00,1126.79,1134.67,1006.7498,32.167835,26.456411,0.43956043956043955,-10.0,27196.685217684124,0.0,27186.685217684124,0,,28348.27
2021-03-02 00:00:00+00:00,1138.62,1122.57,1008.96875,33.530567,26.826406,0.38571428571428573,-10.0,26906.660141672328,0.0,26896.660141672328,0,,28045.965
2021-03-03 00:00:00+00:00,1115.08,1093.03,1011.134,32.203896,27.532122,0.5116279069767442,-10.0,26198.623310493294,0.0,26188.623310493294,0,,27307.947
2021-03-04 00:00:00+00:00,1085.56,1059.42,1013.1056,28.481358,28.572117,0.6,-10.0,25393.03187142336,0.0,25383.03187142336,0,,26468.244
2021-03-05 00:00:00+00:00,1069.51,1060.59,1014.8092,25.699312,30.342844,0.5176470588235295,-10.0,25421.074789540035,0.0,25411.074789540035,0,,26497.475
2021-03-08 00:00:00+00:00,1060.51,1038.47,1016.5419,21.011236,30.781416,0.5176470588235295,-10.0,24890.88469717413,0.0,24880.88469717413,0,,25944.834
2021-03-09 00:00:00+00:00,1059.74,1050.0,1018.0564,21.614851,30.879272,0.5869565217391305,-10.0,25167.246069516885,0.0,25157.246069516885,0,,26232.896
2021-03-10 00:00:00+00:00,1061.98,1055.0,1019.6914,27.21295,31.73285,0.6,-10.0,25287.090841318466,0.0,25277.090841318466,0,,26357.814
2021-03-11 00:00:00+00:00,1070.99,1080.62,1021.22485,30.475475,31.842136,0.5869565217391305,-10.0,25901.171729287802,0.0,25891.171729287802,0,,26997.898
2021-03-12 00:00:00+00:00,1078.22,1067.38,1022.798,33.384262,31.929277,0.5869565217391305,-10.0,25583.825093330506,0.0,25573.825093330506,0,,26667.113
2021-03-15 00:00:00+00:00,1070.12,1098.23,1024.1932,36.899757,30.722849,0.5015517883084607,-10.0,26323.262382750654,0.0,26313.262382750654,0,,27437.861
2021-03-16 00:00:00+00:00,1102.74,1083.7,1025.7224,47.49765,30.577131,0.5176470588235295,-10.0,25974.995529189444,0.0,25964.995529189444,0,,27074.848
2021-03-17 00:00:00+00:00,1078.09,1092.04,1027.1659,40.92074,30.619986,0.43956043956043955,-10.0,26174.896843134906,0.0,26164.896843134906,0,,27283.213
2021-03-18 00:00:00+00:00,1085.11,1100.29,1028.609,46.155502,30.14427,0.43956043956043955,-10.0,26372.63903559878,0.0,26362.63903559878,0,,27489.328
2021-03-19 00:00:00+00:00,1094.98,1123.15,1029.9924,46.639942,30.021414,0.5176470588235295,-10.0,26920.564152814924,0.0,26910.564152814924,0,,28060.455
2021-03-22 00:00:00+00:00,1124.21,1130.87,1031.4182,47.587532,30.487844,0.5869565217391305,-10.0,27105.6023389463,0.0,27095.6023389463,0,,28253.328
2021-03-23 00:00:00+00:00,1125.02,1116.71,1032.8693,51.77064,29.751421,0.43956043956043955,-10.0,26766.202625325648,0.0,26756.202625325648,0,,27899.559
2021-03-24 00:00:00+00:00,1114.89,1109.88,1034.1552,55.406376,28.816423,0.38571428571428573,-10.0,26602.49646670017,0.0,26592.49646670017,0,,27728.92
2021-03-25 00:00:00+00:00,1108.61,1117.18,1035.4612,63.125576,26.899275,0.5176470588235295,-10.0,26777.47099674737,0.0,26767.47099674737,0,,27911.303
2021-03-26 00:00:00+00:00,1121.17,1163.08,1036.9697,64.265205,26.460703,0.5116279069767442,-10.0,27877.63628984832,0.0,27867.63628984832,0,,29058.053
2021-03-29 00:00:00+00:00,1153.25,1170.59,1038.722,78.04889,27.26356,0.5869565217391305,-10.0,28057.641383618306,0.0,28047.641383618306,0,,29245.68
2021-03-30 00:00:00+00:00,1165.12,1149.27,1040.7671,77.6443,26.677124,0.43956043956043955,-10.0,27546.628288590946,0.0,27536.628288590946,0,,28713.03
2021-03-31 00:00:00+00:00,1155.01,1155.69,1042.6914,70.106224,26.794973,0.5116279069767442,-10.0,27700.50452824538,0.0,27690.50452824538,0,,28873.42
2021-04-01 00:00:00+00:00,1166.46,1175.19,1044.601,67.43948,26.51926,0.5176470588235295,-10.0,28167.895198000406,0.0,28157.895198000406,0,,29360.602
2021-04-05 00:00:00+00:00,1180.0,1195.55,1046.5566,74.33744,26.529263,0.6,-10.0,28655.901854756306,0.0,28645.901854756306,0,,29869.273
2021-04-06 00:00:00+00:00,1196.3,1210.22,1048.6226,73.06163,26.057844,0.6,-10.0,29007.52268263547,0.0,28997.52268263547,0,,30235.781
2021-04-07 00:00:00+00:00,1205.44,1199.84,1050.7599,79.96118,25.882847,0.5176470588235295,-10.0,28758.727203608247,0.0,28748.727203608247,0,,29976.451
2021-04-08 00:00:00+00:00,1209.05,1206.4,1052.7828,75.283806,25.669277,0.5869565217391305,-10.0,28915.96309595967,0.0,28905.96309595967,0,,30140.346
2021-04-09 00:00:00+00:00,1211.34,1222.41,1054.889,75.0863,25.069275,0.5869565217391305,-10.0,29299.70264794429,0.0,29289.70264794429,0,,30540.332
2021-04-12 00:00:00+00:00,1222.75,1218.84,1057.0111,74.25236,24.010708,0.5176470588235295,-10.0,29214.132620691616,0.0,29204.132620691616,0,,30451.14
2021-04-13 00:00:00+00:00,1221.0,1230.86,1059.1852,71.93874,24.205706,0.5869565217391305,-10.0,29502.237339533163,0.0,29492.237339533163,0,,30751.445
2021-04-14 00:00:00+00:00,1226.52,1224.6,1061.4126,78.7749,24.77357,0.5176470588235295,-10.0,29352.1923377003,0.0,29342.1923377003,0,,30595.047
2021-04-15 00:00:00+00:00,1232.66,1261.96,1063.6741,79.00191,24.537859,0.5176470588235295,-10.0,30247.666737132473,0.0,30237.666737132473,0,,31528.44
2021-04-16 00:00:00+00:00,1270.93,1282.33,1066.0576,81.77228,25.820007,0.5116279069767442,-10.0,30735.910473702523,0.0,30725.910473702523,0,,32037.355
2021-04-19 00:00:00+00:00,1276.29,1277.29,1068.4415,79.47209,23.88215,0.5,-10.0,30615.110026195292,0.0,30605.110026195292,0,,31911.44
2021-04-20 00:00:00+00:00,1277.29,1276.91,1070.8041,76.69638,22.567862,0.5116279069767442,-10.0,30606.00243563076,0.0,30596.00243563076,0,,31901.945
2021-04-21 00:00:00+00:00,1280.1,1311.14,1073.1151,85.67356,21.854292,0.43956043956043955,-10.0,31426.45238152228,0.0,31416.45238152228,0,,32757.137
2021-04-22 00:00:00+00:00,1315.77,1301.56,1075.5536,87.60099,22.740723,0.38571428571428573,-10.0,31196.832625852654,0.0,31186.832625852654,0,,32517.793
2021-04-23 00:00:00+00:00,1305.96,1335.15,1077.9661,82.10786,23.376438,0.43956043956043955,-10.0,32001.944880274154,0.0,31991.944880274154,0,,33356.996
2021-04-26 00:00:00+00:00,1335.79,1312.9,1080.5509,83.23494,24.314287,0.43956043956043955,-10.0,31468.638772328057,0.0,31458.638772328057,0,,32801.11
2021-04-27 00:00:00+00:00,1313.91,1322.86,1082.9626,73.593765,23.984287,0.43956043956043955,-10.0,31707.367442709772,0.0,31697.367442709772,0,,33049.945
2021-04-28 00:00:00+00:00,1320.83,1323.99,1085.481,78.32214,24.162859,0.43956043956043955,-10.0,31734.453580850266,0.0,31724.453580850266,0,,33078.18
2021-04-29 00:00:00+00:00,1333.74,1327.99,1087.981,77.76624,24.611433,0.5176470588235295,-10.0,31830.32720578297,0.0,31820.32720578297,0,,33178.113
2021-04-30 00:00:00+00:00,1325.43,1313.32,1090.3743,76.42937,24.481436,0.43956043956043955,-10.0,31478.703092897747,0.0,31468.703092897747,0,,32811.598
2021-05-03 00:00:00+00:00,1318.7,1315.75,1092.5957,72.405624,24.92858,0.5176470588235295,-10.0,31536.95023347315,0.0,31526.95023347315,0,,32872.312
2021-05-04 00:00:00+00:00,1304.88,1281.92,1094.871,71.0907,24.492859,0.43956043956043955,-10.0,30726.086789364614,0.0,30716.086789364614,0,,32027.113
2021-05-05 00:00:00+00:00,1298.04,1293.01,1096.9412,62.525154,26.276428,0.43956043956043955,-10.0,30991.89872363359,0.0,30981.89872363359,0,,32304.18
2021-05-06 00:00:00+00:00,1292.38,1298.57,1099.0739,57.664795,24.894993,0.43956043956043955,-10.0,31125.163834944095,0.0,31115.163834944095,0,,32443.088
2021-05-07 00:00:00+00:00,1292.67,1278.56,1101.2141,54.325134,25.636423,0.43956043956043955,-10.0,30645.550844916354,0.0,30635.550844916354,0,,31943.166
2021-05-10 00:00:00+00:00,1284.94,1244.55,1103.1902,50.31326,28.34,0.43956043956043955,-10.0,29830.371786604916,0.0,29820.371786604916,0,,31093.47
2021-05-11 00:00:00+00:00,1228.87,1239.94,1104.9861,43.153927,30.520002,0.43956043956043955,-10.0,29719.872636124757,0.0,29709.872636124757,0,,30978.293
2021-05-12 00:00:00+00:00,1231.19,1241.45,1106.8722,32.778606,29.244995,0.5176470588235295,-10.0,29756.066748288617,0.0,29746.066748288617,0,,31016.021
2021-05-13 00:00:00+00:00,1249.35,1253.64,1108.6019,34.870342,29.21071,0.43956043956043955,-10.0,30048.24957743697,0.0,30038.24957743697,0,,31320.574
2021-05-14 00:00:00+00:00,1255.11,1274.65,1110.46,27.00705,28.167141,0.38571428571428573,-10.0,30551.83291511273,0.0,30541.83291511273,0,,31845.48
2021-05-17 00:00:00+00:00,1274.65,1259.01,1112.3429,39.13414,28.429277,0.43956043956043955,-10.0,30176.960906049582,0.0,30166.960906049582,0,,31454.736
2021-05-18 00:00:00+00:00,1261.25,1245.43,1114.162,32.428875,27.948565,0.43956043956043955,-10.0,29851.46510409761,0.0,29841.46510409761,0,,31115.459
2021-05-19 00:00:00+00:00,1234.31,1251.46,1115.7142,29.767197,27.917847,0.43956043956043955,-10.0,29995.996503729457,0.0,29985.996503729457,0,,31266.11
2021-05-20 00:00:00+00:00,1254.3,1275.88,1117.3394,30.493944,28.373552,0.43956043956043955,-10.0,30581.315864426604,0.0,30571.315864426604,0,,31876.213
2021-05-21 00:00:00+00:00,1278.9,1276.29,1119.0758,40.909103,29.3957,0.43956043956043955,-10.0,30591.144339850714,0.0,30581.144339850714,0,,31886.459
2021-05-24 00:00:00+00:00,1287.13,1280.11,1120.7311,40.323692,29.31428,0.38571428571428573,-10.0,30682.703256531604,0.0,30672.703256531604,0,,31981.895
2021-05-25 00:00:00+00:00,1281.3,1287.1,1122.4403,49.479538,27.472134,0.5116279069767442,-10.0,30850.246179668397,0.0,30840.246179668397,0,,32156.531
2021-05-26 00:00:00+00:00,1295.15,1281.71,1124.155,48.259605,27.514282,0.43956043956043955,-10.0,30721.054507099412,0.0,30711.054507099412,0,,32021.871
2021-05-27 00:00:00+00:00,1280.96,1297.12,1125.8337,45.03007,27.224993,0.5116279069767442,-10.0,31090.412888533854,0.0,31080.412888533854,0,,32406.87
2021-05-28 00:00:00+00:00,1307.83,1300.95,1127.5831,55.623535,25.19927,0.43956043956043955,-10.0,31182.21339188746,0.0,31172.21339188746,0,,32502.557
2021-06-01 00:00:00+00:00,1315.57,1296.3,1129.2216,70.91363,23.06856,0.43956043956043955,-10.0,31070.760299297013,0.0,31060.760299297013,0,,32386.385
2021-06-02 00:00:00+00:00,1294.11,1274.87,1130.8374,70.8927,23.92571,0.38571428571428573,-10.0,30557.10762929671,0.0,30547.10762929671,0,,31850.982
2021-06-03 00:00:00+00:00,1268.8,1255.28,1132.4065,60.794594,23.442139,0.5116279069767442,-10.0,30087.55928360243,0.0,30077.55928360243,0,,31361.55
2021-06-04 00:00:00+00:00,1261.43,1256.82,1133.884,50.505554,23.958567,0.38571428571428573,-10.0,30124.47018378844,0.0,30114.47018378844,0,,31400.025
2021-06-07 00:00:00+00:00,1259.9,1248.77,1135.352,43.753902,23.094997,0.38571428571428573,-10.0,29931.52307522111,0.0,29921.52307522111,0,,31198.906
2021-06-08 00:00:00+00:00,1256.94,1266.04,1136.7424,46.21133,23.310713,0.38571428571428573,-10.0,30345.46373420523,0.0,30335.46373420523,0,,31630.375
2021-06-09 00:00:00+00:00,1273.08,1269.09,1138.2759,57.422756,23.779995,0.38571428571428573,-10.0,30418.565389586052,0.0,30408.565389586052,0,,31706.572
2021-06-10 00:00:00+00:00,1267.07,1300.39,1139.8214,56.48879,23.463572,0.38571428571428573,-10.0,31168.788479283037,0.0,31158.788479283037,0,,32488.56
2021-06-11 00:00:00+00:00,1297.99,1325.48,1141.5837,58.586163,23.12643,0.5176470588235295,-10.0,31770.163532707924,0.0,31760.163532707924,0,,33115.4
2021-06-14 00:00:00+00:00,1329.33,1351.84,1143.372,64.69149,23.902859,0.5176470588235295,-10.0,32401.97962559771,0.0,32391.97962559771,0,,33773.97
2021-06-15 00:00:00+00:00,1352.01,1358.42,1145.2708,68.88131,25.069284,0.43956043956043955,-10.0,32559.69800176601,0.0,32549.69800176601,0,,33938.363
2021-06-16 00:00:00+00:00,1358.75,1349.92,1147.2194,68.81401,24.419285,0.43956043956043955,-10.0,32355.962346444805,0.0,32345.962346444805,0,,33726.004
2021-06-17 00:00:00+00:00,1345.4,1368.05,1149.136,67.70313,24.148577,0.43956043956043955,-10.0,32790.5183282999,0.0,32780.5183282999,0,,34178.96
2021-06-18 00:00:00+00:00,1363.15,1352.87,1151.1223,68.15277,24.353586,0.5116279069767442,-10.0,32426.67080597957,0.0,32416.67080597957,0,,33799.707
2021-06-21 00:00:00+00:00,1359.4,1364.55,1153.0072,62.55807,25.60002,0.43956043956043955,-10.0,32706.626286052244,0.0,32696.626286052244,0,,34091.516
2021-06-22 00:00:00+00:00,1361.15,1376.99,1154.8042,65.96491,25.280735,0.43956043956043955,-10.0,33004.79723947215,0.0,32994.79723947215,0,,34402.312
2021-06-23 00:00:00+00:00,1372.83,1356.6,1156.8741,74.93652,25.382168,0.38571428571428573,-10.0,32516.07403396539,0.0,32506.07403396539,0,,33892.895
2021-06-24 00:00:00+00:00,1360.0,1355.41,1158.9109,74.64487,24.814304,0.43956043956043955,-10.0,32487.552821299127,0.0,32477.552821299127,0,,33863.164
2021-06-25 00:00:00+00:00,1359.0,1352.02,1160.9498,74.02176,24.66216,0.38571428571428573,-10.0,32406.299161339422,0.0,32396.299161339422,0,,33778.473
2021-06-28 00:00:00+00:00,1362.19,1381.67,1162.8308,75.74171,24.401438,0.43956043956043955,-10.0,33116.9763581898,0.0,33106.9763581898,0,,34519.242
2021-06-29 00:00:00+00:00,1376.22,1397.65,1164.9219,77.15211,25.205723,0.5116279069767442,-10.0,33499.996883916065,0.0,33489.996883916065,0,,34918.48
2021-06-30 00:00:00+00:00,1390.65,1385.34,1167.0416,78.460106,25.647871,0.43956043956043955,-10.0,33204.94032986428,0.0,33194.94032986428,0,,34610.93
2021-07-01 00:00:00+00:00,1384.39,1381.13,1169.0734,70.532196,24.869297,0.38571428571428573,-10.0,33104.032415063746,0.0,33094.032415063746,0,,34505.75
2021-07-02 00:00:00+00:00,1385.7,1401.15,1171.0745,64.96048,23.590725,0.43956043956043955,-10.0,33583.887705183646,0.0,33573.887705183646,0,,35005.92
2021-07-06 00:00:00+00:00,1402.0,1419.65,1173.1361,63.72391,23.071445,0.38571428571428573,-10.0,34027.30862012576,0.0,34017.30862012576,0,,35468.117
2021-07-07 00:00:00+00:00,1424.03,1435.97,1175.3163,65.981094,23.997158,0.43956043956043955,-10.0,34418.47667234189,0.0,34408.47667234189,0,,35875.85
2021-07-08 00:00:00+00:00,1420.47,1422.43,1177.6138,71.57829,24.230015,0.38571428571428573,-10.0,34093.94151116232,0.0,34083.94151116232,0,,35537.57
2021-07-09 00:00:00+00:00,1431.08,1435.41,1179.8534,63.957912,24.322866,0.43956043956043955,-10.0,34405.056660993665,0.0,34395.056660993665,0,,35861.863
2021-07-12 00:00:00+00:00,1438.86,1436.04,1182.1001,71.42786,23.627869,0.38571428571428573,-10.0,34420.15802448875,0.0,34410.15802448875,0,,35877.6
2021-07-13 00:00:00+00:00,1435.02,1442.19,1184.4946,69.68881,23.071438,0.38571428571428573,-10.0,34567.56557733063,0.0,34557.56557733063,0,,36031.25
2021-07-14 00:00:00+00:00,1443.23,1435.56,1186.9043,68.600945,22.427866,0.43956043956043955,-10.0,34408.656133551805,0.0,34398.656133551805,0,,35865.613
2021-07-15 00:00:00+00:00,1427.26,1436.03,1189.2067,74.4459,22.358591,0.38571428571428573,-10.0,34419.91976271921,0.0,34409.91976271921,0,,35877.35
2021-07-16 00:00:00+00:00,1444.76,1448.99,1191.5446,75.07158,22.796448,0.43956043956043955,-10.0,34730.55466728936,0.0,34720.55466728936,0,,36201.14
2021-07-19 00:00:00+00:00,1436.24,1438.66,1193.9465,78.46204,23.314304,0.3538501552795031,-10.0,34482.95800276911,0.0,34472.95800276911,0,,35943.06
2021-07-20 00:00:00+00:00,1445.01,1443.41,1196.311,68.867165,22.150024,0.5116279069767442,-10.0,34596.811753928145,0.0,34586.811753928145,0,,36061.734
2021-07-21 00:00:00+00:00,1451.3,1432.79,1198.6735,66.366295,22.492153,0.38571428571428573,-10.0,34342.26234341183,0.0,34332.26234341183,0,,35796.406
2021-07-22 00:00:00+00:00,1437.49,1459.59,1201.0028,67.17843,24.124294,0.43956043956043955,-10.0,34984.626530356516,0.0,34974.626530356516,0,,36465.97
2021-07-23 00:00:00+00:00,1462.99,1477.14,1203.3486,74.41202,25.220005,0.5176470588235295,-10.0,35405.27908324227,0.0,35395.27908324227,0,,36904.434
2021-07-26 00:00:00+00:00,1469.57,1471.56,1205.7651,74.01259,25.188572,0.43956043956043955,-10.0,35271.5333907234,0.0,35261.5333907234,0,,36765.023
2021-07-27 00:00:00+00:00,1472.89,1479.88,1208.0665,67.86189,24.804993,0.38571428571428573,-10.0,35470.9536384755,0.0,35460.9536384755,0,,36972.89
2021-07-28 00:00:00+00:00,1487.34,1487.64,1210.4055,65.98944,24.934275,0.38571428571428573,-10.0,35656.9512244511,0.0,35646.9512244511,0,,37166.76
2021-07-29 00:00:00+00:00,1488.13,1511.7,1212.7164,74.78909,24.385708,0.38571428571428573,-10.0,36233.63977987919,0.0,36223.63977987919,0,,37767.87
2021-07-30 00:00:00+00:00,1496.76,1473.71,1215.1462,76.74784,25.014988,0.38571428571428573,-10.0,35323.065601703725,0.0,35313.065601703725,0,,36818.742
2021-08-02 00:00:00+00:00,1485.27,1480.15,1217.3715,60.46564,27.969273,0.38571428571428573,-10.0,35477.42648479986,0.0,35467.42648479986,0,,36979.637
2021-08-03 00:00:00+00:00,1485.33,1496.72,1219.6603,60.529278,28.365696,0.38571428571428573,-10.0,35874.590071864724,0.0,35864.590071864724,0,,37393.617
2021-08-04 00:00:00+00:00,1500.0,1515.26,1222.0511,66.07781,28.182835,0.38571428571428573,-10.0,36318.97423297435,0.0,36308.97423297435,0,,37856.816
2021-08-05 00:00:00+00:00,1519.99,1527.56,1224.4786,69.020996,28.849976,0.38571428571428573,-10.0,36613.79123138698,0.0,36603.79123138698,0,,38164.117
2021-08-06 00:00:00+00:00,1522.82,1521.69,1227.023,68.92253,28.744986,0.38571428571428573,-10.0,36473.090631938896,0.0,36463.090631938896,0,,38017.457
2021-08-09 00:00:00+00:00,1523.24,1523.94,1229.4784,70.435616,29.160706,0.38571428571428573,-10.0,36527.02237081602,0.0,36517.02237081602,0,,38073.67
2021-08-10 00:00:00+00:00,1526.26,1515.27,1231.9384,70.06725,27.857143,0.43956043956043955,-10.0,36319.21487574356,0.0,36309.21487574356,0,,37857.066
2021-08-11 00:00:00+00:00,1515.08,1498.78,1234.1986,70.754906,26.070713,0.38571428571428573,-10.0,35923.96897005823,0.0,35913.96897005823,0,,37445.086
2021-08-12 00:00:00+00:00,1497.32,1518.15,1236.4264,60.40131,25.942862,0.38571428571428573,-10.0,36388.244478933,0.0,36378.244478933,0,,37929.02
2021-08-13 00:00:00+00:00,1516.38,1537.49,1238.7908,60.780193,25.923584,0.43956043956043955,-10.0,36851.80093049167,0.0,36841.80093049167,0,,38412.203
2021-08-16 00:00:00+00:00,1539.99,1558.91,1241.2153,66.161674,25.950735,0.43956043956043955,-10.0,37365.21544729179,0.0,37355.21544729179,0,,38947.36
2021-08-17 00:00:00+00:00,1556.37,1546.25,1243.9635,68.203804,26.124311,0.38571428571428573,-10.0,37061.76979579168,0.0,37051.76979579168,0,,38631.066
2021-08-18 00:00:00+00:00,1540.45,1519.93,1246.6759,63.202225,26.401455,0.38571428571428573,-10.0,36430.91268012109,0.0,36420.91268012109,0,,37973.496
2021-08-19 00:00:00+00:00,1507.12,1541.6,1249.286,51.83519,26.11574,0.43956043956043955,-10.0,36950.31521922139,0.0,36940.31521922139,0,,38514.89
2021-08-20 00:00:00+00:00,1545.29,1530.51,1251.7777,66.326775,24.6636,0.5116279069767442,-10.0,36684.50190165796,0.0,36674.50190165796,0,,38237.82
2021-08-23 00:00:00+00:00,1539.43,1531.92,1254.1028,61.846066,25.802176,0.43956043956043955,-10.0,36718.29747664442,0.0,36708.29747664442,0,,38273.047
2021-08-24 00:00:00+00:00,1531.31,1525.56,1256.3612,58.915924,26.640747,0.38571428571428573,-10.0,36565.856238828754,0.0,36555.856238828754,0,,38114.152
2021-08-25 00:00:00+00:00,1526.53,1560.62,1258.4703,52.78049,26.299316,0.43956043956043955,-10.0,37406.19971764507,0.0,37396.19971764507,0,,38990.08
2021-08-26 00:00:00+00:00,1559.0,1556.89,1260.3678,57.94787,27.7436,0.43956043956043955,-10.0,37316.79565904095,0.0,37306.79565904095,0,,38896.887
2021-08-27 00:00:00+00:00,1556.99,1565.61,1262.2544,58.550358,28.062168,0.43956043956043955,-10.0,37525.80439174659,0.0,37515.80439174659,0,,39114.746
2021-08-30 00:00:00+00:00,1572.38,1588.73,1264.4552,59.813503,28.720022,0.38571428571428573,-10.0,38079.96326964872,0.0,38069.96326964872,0,,39692.37
2021-08-31 00:00:00+00:00,1593.98,1552.83,1266.7268,66.197754,29.267874,0.38571428571428573,-10.0,37219.48339055595,0.0,37209.48339055595,0,,38795.457
2021-09-01 00:00:00+00:00,1550.71,1552.67,1268.7017,60.97818,31.067156,0.3632271286231884,-10.0,37215.64990189497,0.0,37205.64990189497,0,,38791.46
2021-09-02 00:00:00+00:00,1563.11,1569.19,1270.5581,57.604877,30.79358,0.38571428571428573,-10.0,37611.612043056404,0.0,37601.612043056404,0,,39204.19
2021-09-03 00:00:00+00:00,1567.5,1575.31,1272.4644,57.071472,31.497864,0.38571428571428573,-10.0,37758.30373626851,0.0,37748.30373626851,0,,39357.094
2021-09-07 00:00:00+00:00,1575.31,1579.45,1274.3741,53.92646,30.965725,0.38571428571428573,-10.0,37857.5313799808,0.0,37847.5313799808,0,,39460.52
2021-09-08 00:00:00+00:00,1582.23,1604.05,1276.5472,58.286747,30.934292,0.38571428571428573,-10.0,38447.164373606036,0.0,38437.164373606036,0,,40075.12
2021-09-09 00:00:00+00:00,1615.16,1584.8,1278.8308,71.178276,31.359297,0.38571428571428573,-10.0,37985.765383323844,0.0,37975.765383323844,0,,39594.184
2021-09-10 00:00:00+00:00,1596.69,1593.99,1281.0168,61.010326,31.054295,0.3333333333333333,-10.0,38206.03787326573,0.0,38196.03787326573,0,,39823.785
2021-09-13 00:00:00+00:00,1606.14,1555.48,1283.2935,66.33726,31.755005,0.38571428571428573,-10.0,37282.99944274585,0.0,37272.99944274585,0,,38861.664
2021-09-14 00:00:00+00:00,1567.34,1559.44,1285.436,55.091183,34.70286,0.38571428571428573,-10.0,37377.9157549754,0.0,37367.9157549754,0,,38960.598
2021-09-15 00:00:00+00:00,1560.37,1561.15,1287.6074,57.39801,34.819294,0.38571428571428573,-10.0,37418.904611175385,0.0,37408.904611175385,0,,39003.32
2021-09-16 00:00:00+00:00,1561.07,1554.59,1289.7798,50.135468,34.125713,0.3370445522774327,-10.0,37261.667835050954,0.0,37251.667835050954,0,,38839.43
2021-09-17 00:00:00+00:00,1551.38,1545.18,1291.8025,49.420525,33.896423,0.38571428571428573,-10.0,37036.124044473,0.0,37026.124044473,0,,38604.332
2021-09-20 00:00:00+00:00,1527.7,1527.19,1293.7279,44.870716,33.431423,0.5116279069767442,-10.0,36604.92156022418,0.0,36594.92156022418,0,,38154.87
2021-09-21 00:00:00+00:00,1542.56,1535.38,1295.6652,34.1408,33.944283,0.38571428571428573,-10.0,36801.22893401371,0.0,36791.22893401371,0,,38359.492
2021-09-22 00:00:00+00:00,1546.9,1542.78,1297.682,44.753788,32.271423,0.43956043956043955,-10.0,36978.59729903949,0.0,36968.59729903949,0,,38544.37
2021-09-23 00:00:00+00:00,1553.01,1563.51,1299.7372,47.150677,32.680706,0.38571428571428573,-10.0,37475.47110374684,0.0,37465.47110374684,0,,39062.28
2021-09-24 00:00:00+00:00,1549.51,1556.84,1301.929,48.402363,32.972134,0.38571428571428573,-10.0,37315.59762454096,0.0,37305.59762454096,0,,38895.64
2021-09-27 00:00:00+00:00,1550.2,1477.96,1303.9065,44.820797,33.692844,0.38571428571428573,-10.0,35424.93758809939,0.0,35414.93758809939,0,,36924.926
2021-09-28 00:00:00+00:00,1463.34,1421.65,1305.543,29.946676,38.403557,0.38571428571428573,-10.0,34075.255763307134,0.0,34065.255763307134,0,,35518.094
2021-09-29 00:00:00+00:00,1432.56,1408.44,1306.8921,17.97304,40.85212,0.43956043956043955,-10.0,33758.62623447346,0.0,33748.62623447346,0,,35188.06
2021-09-30 00:00:00+00:00,1419.03,1377.36,1308.21,18.36252,41.3164,0.5176470588235295,-10.0,33013.67629034809,0.0,33003.67629034809,0,,34411.562
2021-10-01 00:00:00+00:00,1369.77,1389.87,1309.4004,13.968291,41.892117,0.6,-10.0,33313.52484645676,0.0,33303.52484645676,0,,34724.11
2021-10-04 00:00:00+00:00,1386.57,1372.52,1310.604,19.846355,41.22569,0.5869565217391305,-10.0,32897.66613371396,0.0,32887.66613371396,0,,34290.645
2021-10-05 00:00:00+00:00,1383.15,1384.02,1311.9103,17.548653,42.646404,0.6,-10.0,33173.30726057007,0.0,33163.30726057007,0,,34577.957
2021-10-06 00:00:00+00:00,1377.93,1384.5,1313.1787,20.259258,43.26784,0.6,-10.0,33184.811094200275,0.0,33174.811094200275,0,,34589.945
2021-10-07 00:00:00+00:00,1407.67,1404.32,1314.4271,20.84606,42.965706,0.6,-10.0,33659.87174725264,0.0,33649.87174725264,0,,35085.12
2021-10-08 00:00:00+00:00,1405.52,1385.3,1315.7721,26.688063,44.75714,0.5869565217391305,-10.0,33203.98768774093,0.0,33193.98768774093,0,,34609.934
2021-10-11 00:00:00+00:00,1379.16,1361.43,1317.0709,26.597404,45.188572,0.5869565217391305,-10.0,32631.852168433918,0.0,32621.852168433918,0,,34013.574
2021-10-12 00:00:00+00:00,1370.16,1355.25,1318.2476,22.720566,45.20501,0.6,-10.0,32483.724100139178,0.0,32473.724100139178,0,,33859.176
2021-10-13 00:00:00+00:00,1368.41,1360.44,1319.3229,20.477928,45.994297,0.6,-10.0,32608.119846488615,0.0,32598.119846488615,0,,33988.84
2021-10-14 00:00:00+00:00,1379.16,1399.31,1320.4513,16.3869,44.877163,0.6,-10.0,33539.79007597685,0.0,33529.79007597685,0,,34959.957
2021-10-15 00:00:00+00:00,1404.37,1417.75,1321.758,26.43672,45.670017,0.6,-10.0,33981.77312658058,0.0,33971.77312658058,0,,35420.656
2021-10-18 00:00:00+00:00,1415.71,1420.23,1323.1774,39.005955,40.795734,0.43956043956043955,-10.0,34041.216664633546,0.0,34031.216664633546,0,,35482.617
2021-10-19 00:00:00+00:00,1432.76,1430.45,1324.5801,49.67726,37.12787,0.38571428571428573,-10.0,34286.17554252413,0.0,34276.17554252413,0,,35737.95
2021-10-20 00:00:00+00:00,1442.19,1437.34,1325.928,55.0712,36.277874,0.38571428571428573,-10.0,34451.32009604191,0.0,34441.32009604191,0,,35910.086
2021-10-21 00:00:00+00:00,1439.9,1436.95,1327.2329,65.553375,34.105732,0.5116279069767442,-10.0,34441.97275205605,0.0,34431.97275205605,0,,35900.344
2021-10-22 00:00:00+00:00,1436.9,1469.75,1328.4323,63.02712,30.957869,0.43956043956043955,-10.0,35228.151930122745,0.0,35218.151930122745,0,,36719.812
2021-10-25 00:00:00+00:00,1472.86,1470.72,1329.6683,74.784615,30.281443,0.38571428571428573,-10.0,35251.40048925021,0.0,35241.40048925021,0,,36744.043
2021-10-26 00:00:00+00:00,1480.57,1470.58,1330.8369,73.354164,29.212158,0.38571428571428573,-10.0,35248.04495716543,0.0,35238.04495716543,0,,36740.547
2021-10-27 00:00:00+00:00,1475.36,1461.89,1331.9647,73.229706,29.102861,0.38571428571428573,-10.0,35039.75705188643,0.0,35029.75705188643,0,,36523.44
2021-10-28 00:00:00+00:00,1466.4,1479.15,1333.1718,66.528885,28.00286,0.38571428571428573,-10.0,35453.45770140729,0.0,35443.45770140729,0,,36954.656
2021-10-29 00:00:00+00:00,1470.6,1480.88,1334.4844,77.220245,27.095713,0.5,-10.0,35494.922730349936,0.0,35484.922730349936,0,,36997.88
2021-11-01 00:00:00+00:00,1484.11,1444.44,1335.8678,89.7504,26.679277,0.38571428571428573,-10.0,34621.49695397844,0.0,34611.49695397844,0,,36087.47
2021-11-02 00:00:00+00:00,1454.93,1469.84,1336.9978,74.70499,28.262844,0.38571428571428573,-10.0,35230.30495134562,0.0,35220.30495134562,0,,36722.06
2021-11-03 00:00:00+00:00,1470.48,1471.25,1338.1912,77.251884,29.8607,0.5116279069767442,-10.0,35264.1005779792,0.0,35254.1005779792,0,,36757.285
2021-11-04 00:00:00+00:00,1472.21,1484.4,1339.2034,72.03232,29.070705,0.38571428571428573,-10.0,35579.28951862766,0.0,35569.28951862766,0,,37085.82
2021-11-05 00:00:00+00:00,1511.37,1518.53,1340.4015,71.09577,29.121426,0.43956043956043955,-10.0,36397.346038363154,0.0,36387.346038363154,0,,37938.516
2021-11-08 00:00:00+00:00,1526.88,1543.0,1341.8206,75.92026,33.889282,0.38571428571428573,-10.0,36983.861423046976,0.0,36973.861423046976,0,,38549.863
2021-11-09 00:00:00+00:00,1553.09,1557.51,1343.3682,77.60337,36.128567,0.38571428571428573,-10.0,37331.65117652658,0.0,37321.65117652658,0,,38912.38
2021-11-10 00:00:00+00:00,1553.34,1544.73,1345.1012,78.410324,36.378567,0.38571428571428573,-10.0,37025.32953010054,0.0,37015.32953010054,0,,38593.086
2021-11-11 00:00:00+00:00,1549.12,1521.24,1347.0574,74.07092,36.841423,0.43956043956043955,-10.0,36462.30327200695,0.0,36452.30327200695,0,,38006.22
2021-11-12 00:00:00+00:00,1525.0,1533.59,1348.8096,61.99841,37.099277,0.38571428571428573,-10.0,36758.31850807833,0.0,36748.31850807833,0,,38314.77
2021-11-15 00:00:00+00:00,1533.55,1515.05,1350.637,63.912365,36.229275,0.38571428571428573,-10.0,36313.93791519078,0.0,36303.93791519078,0,,37851.57
2021-11-16 00:00:00+00:00,1518.1,1528.51,1352.3081,59.09967,37.480713,0.43956043956043955,-10.0,36636.55789422276,0.0,36626.55789422276,0,,38187.85
2021-11-17 00:00:00+00:00,1536.61,1534.17,1353.8628,63.371067,38.413567,0.43956043956043955,-10.0,36772.22300074201,0.0,36762.22300074201,0,,38329.26
2021-11-18 00:00:00+00:00,1531.94,1544.12,1355.5917,61.582184,38.222134,0.43956043956043955,-10.0,37010.7122461991,0.0,37000.7122461991,0,,38577.848
2021-11-19 00:00:00+00:00,1554.0,1552.07,1357.2277,62.867256,37.812134,0.5,-10.0,37201.26300875722,0.0,37191.26300875722,0,,38776.47
2021-11-22 00:00:00+00:00,1551.2,1523.28,1359.012,74.77102,35.87928,0.43956043956043955,-10.0,36511.20254478237,0.0,36501.20254478237,0,,38057.188
2021-11-23 00:00:00+00:00,1515.21,1524.19,1360.582,62.110252,35.198566,0.5116279069767442,-10.0,36533.012794582086,0.0,36523.012794582086,0,,38079.918
2021-11-24 00:00:00+00:00,1520.36,1518.25,1362.1704,62.024174,36.517124,0.5176470588235295,-10.0,36390.638876552526,0.0,36380.638876552526,0,,37931.52
2021-11-26 00:00:00+00:00,1522.63,1496.65,1363.7267,57.94863,37.532837,0.5176470588235295,-10.0,35872.91240678742,0.0,35862.91240678742,0,,37391.87
2021-11-29 00:00:00+00:00,1510.05,1536.22,1365.1996,44.540905,35.7457,0.5176470588235295,-10.0,36821.354597798345,0.0,36811.354597798345,0,,38380.473
2021-11-30 00:00:00+00:00,1527.27,1514.13,1366.7773,48.426903,34.8507,0.5176470588235295,-10.0,36291.88407464033,0.0,36281.88407464033,0,,37828.582
2021-12-01 00:00:00+00:00,1516.03,1520.45,1368.3938,40.277008,36.764988,0.5176470588235295,-10.0,36443.36618335127,0.0,36433.36618335127,0,,37986.48
2021-12-02 00:00:00+00:00,1513.08,1547.6,1370.1638,44.395695,38.951416,0.5869565217391305,-10.0,37094.12071942406,0.0,37084.12071942406,0,,38664.793
2021-12-03 00:00:00+00:00,1562.58,1529.53,1372.1493,55.983307,39.644985,0.5176470588235295,-10.0,36661.00484429376,0.0,36651.00484429376,0,,38213.336
2021-12-06 00:00:00+00:00,1540.49,1535.5,1373.9696,49.10178,43.62856,0.38571428571428573,-10.0,36804.0982658259,0.0,36794.0982658259,0,,38362.49
2021-12-07 00:00:00+00:00,1561.18,1566.15,1376.0077,54.7908,42.984978,0.43956043956043955,-10.0,37538.74485249692,0.0,37528.74485249692,0,,39128.242
2021-12-08 00:00:00+00:00,1574.83,1586.15,1378.2861,58.16063,43.41712,0.43956043956043955,-10.0,38018.12122859876,0.0,38008.12122859876,0,,39627.918
2021-12-09 00:00:00+00:00,1591.65,1582.16,1380.5789,60.609913,43.636414,0.38571428571428573,-10.0,37922.4868414507,0.0,37912.4868414507,0,,39528.234
2021-12-10 00:00:00+00:00,1590.01,1588.37,1382.9402,57.958183,43.82999,0.43956043956043955,-10.0,38071.33130757127,0.0,38061.33130757127,0,,39683.38
2021-12-13 00:00:00+00:00,1593.32,1590.2,1385.3018,57.64986,43.889988,0.38571428571428573,-10.0,38115.190949809454,0.0,38105.190949809454,0,,39729.098
2021-12-14 00:00:00+00:00,1574.77,1542.92,1387.5793,65.91062,43.124992,0.38571428571428573,-10.0,36981.94824346444,0.0,36971.94824346444,0,,38547.867
2021-12-15 00:00:00+00:00,1549.95,1567.0,1389.6812,53.64868,43.51785,0.38571428571428573,-10.0,37559.116670226795,0.0,37549.116670226795,0,,39149.477
2021-12-16 00:00:00+00:00,1572.04,1565.85,1392.051,58.869778,43.148567,0.38571428571428573,-10.0,37531.55158412666,0.0,37521.55158412666,0,,39120.742
2021-12-17 00:00:00+00:00,1553.67,1579.34,1394.5831,63.60278,41.945,0.43956043956043955,-10.0,37854.891010815,0.0,37844.891010815,0,,39457.773
2021-12-20 00:00:00+00:00,1567.58,1554.43,1397.1769,59.444553,41.48643,0.5116279069767442,-10.0,37257.83069760703,0.0,37247.83069760703,0,,38835.434
2021-12-21 00:00:00+00:00,1565.71,1571.54,1399.7567,58.719196,40.690716,0.5116279069767442,-10.0,37667.93470979398,0.0,37657.93470979398,0,,39262.9
2021-12-22 00:00:00+00:00,1574.47,1604.94,1402.3644,60.56062,39.003574,0.43956043956043955,-10.0,38468.490940799915,0.0,38458.490940799915,0,,40097.355
2021-12-23 00:00:00+00:00,1609.54,1626.23,1405.1141,61.553978,37.893574,0.38571428571428573,-10.0,38978.789757350925,0.0,38968.789757350925,0,,40629.26
2021-12-27 00:00:00+00:00,1641.25,1673.41,1407.8422,69.23538,35.580715,0.38571428571428573,-10.0,40109.64103365881,0.0,40099.64103365881,0,,41808.0
2021-12-28 00:00:00+00:00,1680.22,1675.17,1410.8723,73.56875,36.975716,0.38571428571428573,-10.0,40151.82769476396,0.0,40141.82769476396,0,,41851.973
2021-12-29 00:00:00+00:00,1679.0,1701.99,1413.757,70.67281,34.993572,0.38571428571428573,-10.0,40794.66987629367,0.0,40784.66987629367,0,,42522.035
2021-12-30 00:00:00+00:00,1706.4,1702.53,1416.8485,71.412224,35.275715,0.3472777691511387,-10.0,40807.615458112574,0.0,40797.615458112574,0,,42535.527
2021-12-31 00:00:00+00:00,1699.49,1697.21,1419.9009,72.537,35.777134,0.38571428571428573,-10.0,40680.10090263498,0.0,40670.10090263498,0,,42402.617
2022-01-03 00:00:00+00:00,1690.87,1674.86,1422.8855,70.44636,34.549274,0.38571428571428573,-10.0,40144.39958408953,0.0,40134.39958408953,0,,41844.23
2022-01-04 00:00:00+00:00,1664.51,1640.73,1425.644,64.76561,37.47998,0.3333333333333333,-10.0,39326.34444532233,0.0,39316.34444532233,0,,40991.535
2022-01-05 00:00:00+00:00,1636.07,1583.11,1428.1934,67.8792,36.352844,0.38571428571428573,-10.0,37945.261421173156,0.0,37935.261421173156,0,,39551.973
2022-01-06 00:00:00+00:00,1577.56,1602.85,1430.5254,52.623177,39.23856,0.3333333333333333,-10.0,38418.40743054602,0.0,38408.40743054602,0,,40045.152
2022-01-07 00:00:00+00:00,1597.98,1542.39,1432.9902,55.680775,39.900703,0.35975254917184263,-10.0,36969.25499805936,0.0,36959.25499805936,0,,38534.64
2022-01-10 00:00:00+00:00,1524.96,1565.99,1435.1162,45.042004,41.14999,0.38571428571428573,-10.0,37534.916760626635,0.0,37524.916760626635,0,,39124.254
2022-01-11 00:00:00+00:00,1565.99,1571.43,1437.1309,51.5566,42.21285,0.38571428571428573,-10.0,37665.308478694926,0.0,37655.308478694926,0,,39260.164
2022-01-12 00:00:00+00:00,1575.79,1559.62,1439.135,49.98471,42.179993,0.38571428571428573,-10.0,37382.235227401616,0.0,37372.235227401616,0,,38965.105
2022-01-13 00:00:00+00:00,1564.59,1503.69,1441.1868,43.29706,41.88214,0.38571428571428573,-10.0,36041.65917644824,0.0,36031.65917644824,0,,37567.766
2022-01-14 00:00:00+00:00,1490.3,1512.76,1442.9268,33.56051,45.26928,0.3333333333333333,-10.0,36259.05780953124,0.0,36249.05780953124,0,,37794.37
2022-01-18 00:00:00+00:00,1490.6,1483.75,1444.6146,25.993017,43.95071,0.3333333333333333,-10.0,35563.72146979826,0.0,35553.72146979826,0,,37069.594
2022-01-19 00:00:00+00:00,1489.98,1469.07,1446.0555,23.549091,45.45071,0.38571428571428573,-10.0,35211.857772375835,0.0,35201.857772375835,0,,36702.832
2022-01-20 00:00:00+00:00,1478.5,1470.53,1447.3499,16.697193,46.69357,0.6,-10.0,35246.85300141125,0.0,35236.85300141125,0,,36739.31
2022-01-21 00:00:00+00:00,1460.78,1458.34,1448.7032,16.915783,48.072144,0.6,-10.0,34954.671549612314,0.0,34944.671549612314,0,,36434.754
2022-01-24 00:00:00+00:00,1432.63,1462.64,1449.963,16.590708,50.58429,0.6,-10.0,35057.74035444616,0.0,35047.74035444616,0,,36542.188
2022-01-25 00:00:00+00:00,1431.49,1413.7,1451.1642,18.739733,51.735012,0.43956043956043955,-10.0,33884.705535704226,0.0,33874.705535704226,0,,35319.484
2022-01-26 00:00:00+00:00,1425.69,1405.53,1452.1384,17.956285,53.935017,0.5869565217391305,-10.0,33688.882856028096,0.0,33678.882856028096,0,,35115.37
2022-01-27 00:00:00+00:00,1417.86,1396.45,1453.0118,20.869469,53.177864,0.6,-10.0,33471.24426996289,0.0,33461.24426996289,0,,34888.52
2022-01-28 00:00:00+00:00,1409.77,1430.53,1453.8711,14.914722,53.134285,0.6,-10.0,34288.10209302905,0.0,34278.10209302905,0,,35739.965
2022-01-31 00:00:00+00:00,1434.26,1472.68,1454.7139,29.111942,52.084282,0.6,-10.0,35298.38739066457,0.0,35288.38739066457,0,,36793.027
2022-02-01 00:00:00+00:00,1485.36,1496.43,1455.6656,33.704773,51.008564,0.6,-10.0,35867.64835026104,0.0,35857.64835026104,0,,37386.39
2022-02-02 00:00:00+00:00,1500.37,1526.07,1456.7614,37.689606,51.574993,0.5116279069767442,-10.0,36578.082458517056,0.0,36568.082458517056,0,,38126.906
2022-02-03 00:00:00+00:00,1503.81,1495.52,1458.0072,44.79764,51.829277,0.38571428571428573,-10.0,35845.836916804255,0.0,35835.836916804255,0,,37363.656
2022-02-04 00:00:00+00:00,1485.0,1491.9,1458.9291,48.624916,48.347134,0.3772385351966874,-10.0,35759.070468950726,0.0,35749.070468950726,0,,37273.215
2022-02-07 00:00:00+00:00,1496.28,1499.95,1459.8807,46.42343,49.660706,0.43956043956043955,-10.0,35952.018191223135,0.0,35942.018191223135,0,,37474.336
2022-02-08 00:00:00+00:00,1478.95,1500.69,1460.7047,52.992672,49.326416,0.38571428571428573,-10.0,35969.75289181652,0.0,35959.75289181652,0,,37492.82
2022-02-09 00:00:00+00:00,1518.95,1554.67,1461.6437,56.15846,48.74285,0.43956043956043955,-10.0,37263.59249399804,0.0,37253.59249399804,0,,38841.44
2022-02-10 00:00:00+00:00,1517.51,1521.7,1462.8027,63.604317,49.393574,0.38571428571428573,-10.0,36473.33775694351,0.0,36463.33775694351,0,,38017.727
2022-02-11 00:00:00+00:00,1499.98,1430.41,1463.7913,59.59941,49.510715,0.43956043956043955,-10.0,34285.22654395301,0.0,34275.22654395301,0,,35736.965
2022-02-14 00:00:00+00:00,1427.65,1416.12,1464.3033,46.135586,51.791424,0.5116279069767442,-10.0,33942.7117926765,0.0,33932.7117926765,0,,35379.945
2022-02-15 00:00:00+00:00,1441.84,1429.76,1464.8174,50.31646,49.15142,0.43956043956043955,-10.0,34269.64770029508,0.0,34259.64770029508,0,,35720.727
2022-02-16 00:00:00+00:00,1417.35,1462.2,1465.3875,53.123787,47.792847,0.43956043956043955,-10.0,35047.19530375887,0.0,35037.19530375887,0,,36531.195
2022-02-17 00:00:00+00:00,1449.65,1417.12,1466.2888,57.995087,48.847847,0.5176470588235295,-10.0,33966.683105853524,0.0,33956.683105853524,0,,35404.934
2022-02-18 00:00:00+00:00,1420.69,1408.46,1466.9094,48.411846,49.089993,0.5176470588235295,-10.0,33759.111828705354,0.0,33749.111828705354,0,,35188.574
2022-02-22 00:00:00+00:00,1397.37,1416.75,1467.4589,41.739117,48.504997,0.43956043956043955,-10.0,33957.81254131828,0.0,33947.81254131828,0,,35395.688
2022-02-23 00:00:00+00:00,1420.8,1380.65,1468.1498,39.325893,48.36213,0.38571428571428573,-10.0,33092.538055623605,0.0,33082.538055623605,0,,34493.773
2022-02-24 00:00:00+00:00,1353.76,1412.37,1468.8303,30.85068,49.459988,0.5869565217391305,-10.0,33852.826222238386,0.0,33842.826222238386,0,,35286.254
2022-02-25 00:00:00+00:00,1417.45,1447.52,1469.6925,39.084198,51.947136,0.43956043956043955,-10.0,34695.32842017045,0.0,34685.32842017045,0,,36164.43
2022-02-28 00:00:00+00:00,1425.11,1408.74,1470.7228,44.6193,51.56284,0.43956043956043955,-10.0,33765.81703097458,0.0,33755.81703097458,0,,35195.562
2022-03-01 00:00:00+00:00,1404.56,1393.34,1471.4983,39.708447,53.37356,0.38571428571428573,-10.0,33396.696214233234,0.0,33386.696214233234,0,,34810.812
2022-03-02 00:00:00+00:00,1376.46,1387.3,1472.0918,38.2752,54.274273,0.5,-10.0,33251.92597788577,0.0,33241.92597788577,0,,34659.914
2022-03-03 00:00:00+00:00,1396.87,1404.71,1472.7332,29.581554,52.718548,0.38571428571428573,-10.0,33669.221672650616,0.0,33659.221672650616,0,,35094.88
2022-03-04 00:00:00+00:00,1386.53,1388.78,1473.5295,35.164467,51.314983,0.38571428571428573,-10.0,33287.3999141754,0.0,33277.3999141754,0,,34696.89
2022-03-07 00:00:00+00:00,1378.0,1339.44,1474.2162,43.473484,46.90855,0.43956043956043955,-10.0,32104.776935735845,0.0,32094.776935735845,0,,33464.19
2022-03-08 00:00:00+00:00,1325.0,1317.1,1474.534,39.16887,49.499268,0.43956043956043955,-10.0,31569.315111666965,0.0,31559.315111666965,0,,32906.055
2022-03-09 00:00:00+00:00,1359.37,1388.29,1474.738,34.468388,50.1907,0.5869565217391305,-10.0,33275.65442272618,0.0,33265.65442272618,0,,34684.645
2022-03-10 00:00:00+00:00,1330.0,1338.34,1475.2789,40.79417,51.17142,0.43956043956043955,-10.0,32078.410719791722,0.0,32068.410719791722,0,,33436.707
2022-03-11 00:00:00+00:00,1346.9,1311.22,1475.5352,40.30519,51.820713,0.5176470588235295,-10.0,31428.376682605278,0.0,31418.376682605278,0,,32759.148
2022-03-14 00:00:00+00:00,1324.54,1289.32,1475.6827,38.55354,52.045715,0.5869565217391305,-10.0,30903.460050706228,0.0,30893.460050706228,0,,32212.008
2022-03-15 00:00:00+00:00,1300.96,1319.45,1475.6437,35.46547,53.560005,0.6,-10.0,31625.641607422203,0.0,31615.641607422203,0,,32964.77
2022-03-16 00:00:00+00:00,1331.59,1358.84,1475.7362,42.92321,52.83716,0.6,-10.0,32569.772764398847,0.0,32559.772764398847,0,,33948.875
2022-03-17 00:00:00+00:00,1358.68,1389.13,1476.049,43.91801,50.785015,0.5176470588235295,-10.0,33295.78766210151,0.0,33285.78766210151,0,,34705.633
2022-03-18 00:00:00+00:00,1396.88,1405.23,1476.6202,43.291744,50.905735,0.43956043956043955,-10.0,33681.68597319915,0.0,33671.68597319915,0,,35107.87
2022-03-21 00:00:00+00:00,1389.28,1394.61,1477.37,49.574574,48.401447,0.38571428571428573,-10.0,33427.13825743988,0.0,33417.13825743988,0,,34842.547
2022-03-22 00:00:00+00:00,1399.9,1399.59,1478.059,50.155735,47.155727,0.5116279069767442,-10.0,33546.50370239828,0.0,33536.50370239828,0,,34966.965
2022-03-23 00:00:00+00:00,1386.31,1359.31,1478.813,51.510967,46.80644,0.43956043956043955,-10.0,32581.041877254913,0.0,32571.041877254913,0,,33960.62
2022-03-24 00:00:00+00:00,1362.38,1379.5,1479.2793,44.715534,48.118572,0.5176470588235295,-10.0,33064.971997100816,0.0,33054.971997100816,0,,34465.043
2022-03-25 00:00:00+00:00,1389.38,1388.39,1479.8314,48.930428,47.77,0.5176470588235295,-10.0,33278.05375288095,0.0,33268.05375288095,0,,34687.15
2022-03-28 00:00:00+00:00,1398.86,1395.69,1480.2714,56.221886,44.360718,0.5,-10.0,33453.02459891698,0.0,33443.02459891698,0,,34869.527
2022-03-29 00:00:00+00:00,1419.26,1423.28,1480.6224,60.386433,43.047146,0.38571428571428573,-10.0,34114.327965359254,0.0,34104.327965359254,0,,35558.832
2022-03-30 00:00:00+00:00,1410.82,1405.74,1480.9796,55.2266,40.890007,0.43956043956043955,-10.0,33693.91398802632,0.0,33683.91398802632,0,,35120.617
2022-03-31 00:00:00+00:00,1407.27,1373.19,1481.2163,61.147137,38.75429,0.5176470588235295,-10.0,32913.728269594816,0.0,32903.728269594816,0,,34307.395
2022-04-01 00:00:00+00:00,1381.81,1371.63,1481.3326,60.068233,38.888577,0.5116279069767442,-10.0,32876.33811218788,0.0,32866.33811218788,0,,34268.418
2022-04-04 00:00:00+00:00,1368.73,1357.43,1481.3505,64.31928,37.592155,0.5116279069767442,-10.0,32535.98215479723,0.0,32525.98215479723,0,,33913.652
2022-04-05 00:00:00+00:00,1346.22,1349.01,1481.3733,56.995014,36.785007,0.5,-10.0,32334.163534181902,0.0,32324.163534181902,0,,33703.29
2022-04-06 00:00:00+00:00,1337.54,1327.86,1481.2957,47.956432,36.009296,0.5176470588235295,-10.0,31827.223107392554,0.0,31817.223107392554,0,,33174.883
2022-04-07 00:00:00+00:00,1329.9,1368.74,1481.0499,36.759293,35.623577,0.5869565217391305,-10.0,32807.06857205125,0.0,32797.06857205125,0,,34196.22
2022-04-08 00:00:00+00:00,1371.0,1381.84,1481.1106,42.87722,37.940716,0.5176470588235295,-10.0,33121.05967848699,0.0,33111.05967848699,0,,34523.508
2022-04-11 00:00:00+00:00,1370.75,1348.0,1481.2428,47.531216,37.65429,0.5176470588235295,-10.0,32309.956552832307,0.0,32299.956552832307,0,,33678.06
2022-04-12 00:00:00+00:00,1353.8,1313.77,1481.2227,41.027515,38.91858,0.5176470588235295,-10.0,31489.50375182328,0.0,31479.50375182328,0,,32822.867
2022-04-13 00:00:00+00:00,1313.94,1342.59,1480.8832,41.90946,39.468586,0.5869565217391305,-10.0,32180.281886992638,0.0,32170.281886992638,0,,33542.895
2022-04-14 00:00:00+00:00,1344.07,1318.36,1480.6079,43.637737,38.758587,0.5116279069767442,-10.0,31599.51746753786,0.0,31589.51746753786,0,,32937.54
2022-04-18 00:00:00+00:00,1309.42,1304.58,1480.273,38.535076,39.173584,0.5176470588235295,-10.0,31269.226996094778,0.0,31259.226996094778,0,,32593.262
2022-04-19 00:00:00+00:00,1305.32,1331.04,1479.8903,35.39389,38.611443,0.5116279069767442,-10.0,31903.445309737464,0.0,31893.445309737464,0,,33254.336
2022-04-20 00:00:00+00:00,1345.02,1362.45,1479.5397,35.158966,37.30358,0.43956043956043955,-10.0,32656.305202140244,0.0,32646.305202140244,0,,34039.074
2022-04-21 00:00:00+00:00,1370.59,1326.23,1479.2537,43.3324,38.69572,0.43956043956043955,-10.0,31788.155405885478,0.0,31778.155405885478,0,,33134.164
2022-04-22 00:00:00+00:00,1323.86,1284.63,1478.705,42.848007,39.10787,0.43956043956043955,-10.0,30791.05431601109,0.0,30781.05431601109,0,,32094.842
2022-04-25 00:00:00+00:00,1279.77,1302.59,1478.016,38.190254,39.25429,0.5116279069767442,-10.0,31221.53256318549,0.0,31211.53256318549,0,,32543.547
2022-04-26 00:00:00+00:00,1295.1,1254.79,1477.3519,42.630997,40.92572,0.5116279069767442,-10.0,30075.82481913632,0.0,30065.82481913632,0,,31349.328
2022-04-27 00:00:00+00:00,1256.59,1258.07,1476.4457,38.55108,42.13071,0.5176470588235295,-10.0,30154.440080549084,0.0,30144.440080549084,0,,31431.271
2022-04-28 00:00:00+00:00,1278.54,1293.51,1475.525,41.134613,41.819283,0.5116279069767442,-10.0,31003.897532964846,0.0,30993.897532964846,0,,32316.7
2022-04-29 00:00:00+00:00,1285.95,1277.53,1474.8148,40.309654,40.860004,0.5176470588235295,-10.0,30620.87672533085,0.0,30610.87672533085,0,,31917.46
2022-05-02 00:00:00+00:00,1272.45,1293.02,1474.0223,36.662827,41.441433,0.5176470588235295,-10.0,30992.151672570028,0.0,30982.151672570028,0,,32304.457
2022-05-03 00:00:00+00:00,1292.76,1334.37,1473.2424,42.624092,40.539288,0.5116279069767442,-10.0,31983.2596838142,0.0,31973.2596838142,0,,33337.53
2022-05-04 00:00:00+00:00,1327.2,1379.62,1472.721,52.71181,40.37643,0.5176470588235295,-10.0,33067.84748818837,0.0,33057.84748818837,0,,34468.043
2022-05-05 00:00:00+00:00,1367.1,1311.35,1472.4021,54.67256,42.60357,0.38571428571428573,-10.0,31431.4959622614,0.0,31421.4959622614,0,,32762.404
2022-05-06 00:00:00+00:00,1296.73,1315.9,1471.7948,49.203934,46.15214,0.43956043956043955,-10.0,31540.55399924174,0.0,31530.55399924174,0,,32876.08
2022-05-09 00:00:00+00:00,1299.09,1196.07,1471.0764,51.31305,49.569283,0.5176470588235295,-10.0,28668.37017727512,0.0,28658.37017727512,0,,29882.28
2022-05-10 00:00:00+00:00,1218.82,1219.64,1469.671,37.13173,56.464993,0.43956043956043955,-10.0,29233.316225208815,0.0,29223.316225208815,0,,30471.146
2022-05-11 00:00:00+00:00,1215.95,1179.4,1468.4115,36.17763,56.25999,0.5116279069767442,-10.0,28268.8121662495,0.0,28258.8121662495,0,,29465.8
2022-05-12 00:00:00+00:00,1178.54,1213.12,1466.909,35.898277,56.32285,0.5176470588235295,-10.0,29077.04007528003,0.0,29067.04007528003,0,,30308.252
2022-05-13 00:00:00+00:00,1230.65,1255.11,1465.5365,43.026543,56.86213,0.5,-10.0,30083.490981692405,0.0,30073.490981692405,0,,31357.32
2022-05-16 00:00:00+00:00,1243.33,1233.51,1464.2535,45.577168,57.66213,0.43956043956043955,-10.0,29565.764658615677,0.0,29555.764658615677,0,,30817.67
2022-05-17 00:00:00+00:00,1256.49,1236.38,1463.0525,47.91601,56.05713,0.43956043956043955,-10.0,29634.556118963672,0.0,29624.556118963672,0,,30889.375
2022-05-18 00:00:00+00:00,1215.76,1194.52,1461.8336,47.87416,56.525703,0.5869565217391305,-10.0,28631.222842160285,0.0,28621.222842160285,0,,29843.557
2022-05-19 00:00:00+00:00,1182.56,1219.71,1460.3226,40.418533,56.713562,0.5176470588235295,-10.0,29234.99477408659,0.0,29224.99477408659,0,,30472.895
2022-05-20 00:00:00+00:00,1234.41,1238.58,1458.8448,44.501495,57.014275,0.5176470588235295,-10.0,29687.285355168242,0.0,29677.285355168242,0,,30944.336
2022-05-23 00:00:00+00:00,1254.69,1247.48,1457.4,44.85599,57.18498,0.5116279069767442,-10.0,29900.60920897555,0.0,29890.60920897555,0,,31166.691
2022-05-24 00:00:00+00:00,1240.0,1231.46,1456.0289,41.25345,55.04141,0.43956043956043955,-10.0,29516.629163973867,0.0,29506.629163973867,0,,30766.453
2022-05-25 00:00:00+00:00,1235.63,1230.01,1454.5665,34.15333,52.31427,0.43956043956043955,-10.0,29481.87539478444,0.0,29471.87539478444,0,,30730.229
2022-05-26 00:00:00+00:00,1238.27,1258.47,1453.1403,39.849255,48.70855,0.43956043956043955,-10.0,30164.028391637563,0.0,30154.028391637563,0,,31441.266
2022-05-27 00:00:00+00:00,1274.7,1326.52,1451.9387,43.23668,45.914265,0.5116279069767442,-10.0,31795.10875330567,0.0,31785.10875330567,0,,33141.414
2022-05-31 00:00:00+00:00,1306.87,1286.12,1450.9806,67.49646,41.699986,0.5116279069767442,-10.0,30826.76808440698,0.0,30816.76808440698,0,,32132.07
2022-06-01 00:00:00+00:00,1301.37,1263.4,1449.7238,58.53139,42.089985,0.43956043956043955,-10.0,30282.19764606248,0.0,30272.19764606248,0,,31564.441
2022-06-02 00:00:00+00:00,1267.33,1326.32,1448.2461,61.287292,42.845695,0.43956043956043955,-10.0,31790.313618413973,0.0,31780.313618413973,0,,33136.414
2022-06-03 00:00:00+00:00,1300.1,1298.9,1447.1465,64.104164,43.816406,0.5116279069767442,-10.0,31133.090458885836,0.0,31123.090458885836,0,,32451.363
2022-06-06 00:00:00+00:00,1306.91,1304.09,1446.0414,55.661583,42.48283,0.5116279069767442,-10.0,31257.487608687203,0.0,31247.487608687203,0,,32581.027
2022-06-07 00:00:00+00:00,1289.83,1315.31,1444.8538,59.5296,42.829983,0.43956043956043955,-10.0,31526.421132660358,0.0,31516.421132660358,0,,32861.348
2022-06-08 00:00:00+00:00,1305.79,1294.32,1443.7778,60.422016,42.105694,0.5176470588235295,-10.0,31023.312757088752,0.0,31013.312757088752,0,,32336.936
2022-06-09 00:00:00+00:00,1281.86,1254.54,1442.5898,63.94633,40.707832,0.5116279069767442,-10.0,30069.834785922292,0.0,30059.834785922292,0,,31343.086
2022-06-10 00:00:00+00:00,1231.26,1200.44,1441.2347,54.67656,40.329258,0.5176470588235295,-10.0,28773.12054923954,0.0,28763.12054923954,0,,29991.465
2022-06-13 00:00:00+00:00,1162.31,1172.75,1439.4338,45.32162,41.869987,0.5869565217391305,-10.0,28109.424768748228,0.0,28099.424768748228,0,,29299.666
2022-06-14 00:00:00+00:00,1171.35,1157.63,1437.5131,41.23731,43.432835,0.38571428571428573,-10.0,27747.016063716113,0.0,27737.016063716113,0,,28921.912
2022-06-15 00:00:00+00:00,1170.56,1167.25,1435.4731,41.32453,44.08355,0.38571428571428573,-10.0,27977.59597516288,0.0,27967.59597516288,0,,29162.254
2022-06-16 00:00:00+00:00,1135.0,1118.52,1433.3658,42.764248,44.27213,0.5116279069767442,-10.0,26809.59599250999,0.0,26799.59599250999,0,,27944.799
2022-06-17 00:00:00+00:00,1126.03,1097.8,1431.1942,34.58531,45.819275,0.43956043956043955,-10.0,26312.962490925685,0.0,26302.962490925685,0,,27427.137
2022-06-21 00:00:00+00:00,1122.43,1097.57,1428.9199,21.875456,43.23283,0.6,-10.0,26307.44651681648,0.0,26297.44651681648,0,,27421.387
2022-06-22 00:00:00+00:00,1087.14,1101.73,1426.5618,24.273424,41.528557,0.6428571428571429,-10.0,26407.158562247874,0.0,26397.158562247874,0,,27525.32
2022-06-23 00:00:00+00:00,1107.71,1132.4,1424.1938,26.764202,39.399265,0.6194525919293588,-10.0,27142.283971485238,0.0,27132.283971485238,0,,28291.574
2022-06-24 00:00:00+00:00,1138.16,1146.9,1421.9586,19.281487,37.298557,0.6428571428571429,-10.0,27489.830805027723,0.0,27479.830805027723,0,,28653.836
2022-06-27 00:00:00+00:00,1153.85,1144.24,1419.6729,24.89431,35.71856,0.6428571428571429,-10.0,27426.07265252583,0.0,27416.07265252583,0,,28587.379
2022-06-28 00:00:00+00:00,1144.27,1130.77,1417.4701,23.375227,34.976414,0.6428571428571429,-10.0,27103.213557492032,0.0,27093.213557492032,0,,28250.85
2022-06-29 00:00:00+00:00,1135.0,1146.02,1415.154,19.491482,34.30713,0.6428571428571429,-10.0,27468.737939628638,0.0,27458.737939628638,0,,28631.852
2022-06-30 00:00:00+00:00,1128.91,1148.77,1413.1067,25.008444,34.499275,0.6,-10.0,27534.6509285282,0.0,27524.6509285282,0,,28700.557
2022-07-01 00:00:00+00:00,1151.33,1161.85,1411.0533,29.633776,34.423576,0.6,-10.0,27848.161479281855,0.0,27838.161479281855,0,,29027.344
2022-07-05 00:00:00+00:00,1142.95,1175.47,1409.0569,41.175404,31.979282,0.43956043956043955,-10.0,28174.616673682183,0.0,28164.616673682183,0,,29367.621
2022-07-06 00:00:00+00:00,1175.34,1171.6,1407.1613,50.66477,31.798574,0.38571428571428573,-10.0,28081.856758891343,0.0,28071.856758891343,0,,29270.934
2022-07-07 00:00:00+00:00,1170.08,1207.3,1405.2933,53.612984,30.612864,0.43956043956043955,-10.0,28937.5447929486,0.0,28927.5447929486,0,,30162.854
2022-07-08 00:00:00+00:00,1196.01,1221.28,1403.6938,59.126755,31.087856,0.5116279069767442,-10.0,29272.627484976627,0.0,29262.627484976627,0,,30512.125
2022-07-11 00:00:00+00:00,1211.74,1222.83,1402.1234,77.82409,29.479998,0.43956043956043955,-10.0,29309.77743788956,0.0,29299.77743788956,0,,30550.85
2022-07-12 00:00:00+00:00,1212.8,1190.56,1400.5237,87.77564,28.95643,0.38571428571428573,-10.0,28536.30591602422,0.0,28526.30591602422,0,,29744.627
2022-07-13 00:00:00+00:00,1165.73,1172.34,1398.6589,73.53824,29.964993,0.38571428571428573,-10.0,28099.592266663753,0.0,28089.592266663753,0,,29289.422
2022-07-14 00:00:00+00:00,1152.77,1138.22,1396.7365,66.68557,30.304993,0.43956043956043955,-10.0,27281.776866950688,0.0,27271.776866950688,0,,28436.979
2022-07-15 00:00:00+00:00,1157.38,1158.96,1395.0377,51.353226,32.232136,0.43956043956043955,-10.0,27778.88844466026,0.0,27768.88844466026,0,,28955.139
2022-07-18 00:00:00+00:00,1163.59,1122.8,1393.7242,52.72504,32.899284,0.5176470588235295,-10.0,26912.17907691348,0.0,26902.17907691348,0,,28051.729
2022-07-19 00:00:00+00:00,1140.64,1156.87,1392.296,45.792458,34.82999,0.5116279069767442,-10.0,27728.79607541856,0.0,27718.79607541856,0,,28902.924
2022-07-20 00:00:00+00:00,1153.4,1166.42,1391.1936,54.738907,35.84784,0.5176470588235295,-10.0,27957.700727945732,0.0,27947.700727945732,0,,29141.521
2022-07-21 00:00:00+00:00,1181.81,1240.29,1390.0763,53.78227,35.679985,0.5869565217391305,-10.0,29728.276763948943,0.0,29718.276763948943,0,,30987.07
2022-07-22 00:00:00+00:00,1249.09,1224.14,1389.4152,63.427242,38.309265,0.5176470588235295,-10.0,29341.179785905893,0.0,29331.179785905893,0,,30583.582
2022-07-25 00:00:00+00:00,1225.24,1230.22,1388.6158,59.05721,39.29069,0.5869565217391305,-10.0,29486.90967513185,0.0,29476.90967513185,0,,30735.482
2022-07-26 00:00:00+00:00,1229.51,1235.85,1387.8444,58.13933,37.565693,0.5176470588235295,-10.0,29621.854884447665,0.0,29611.854884447665,0,,30876.143
2022-07-27 00:00:00+00:00,1235.89,1273.56,1387.0021,59.50191,37.605694,0.5869565217391305,-10.0,30525.722094281828,0.0,30515.722094281828,0,,31818.283
2022-07-28 00:00:00+00:00,1273.56,1298.96,1386.4434,59.741257,38.383564,0.5176470588235295,-10.0,31134.52928655254,0.0,31124.52928655254,0,,32452.87
2022-07-29 00:00:00+00:00,1312.33,1349.73,1386.131,61.049156,38.97999,0.5176470588235295,-10.0,32351.42702658068,0.0,32341.42702658068,0,,33721.293
2022-08-01 00:00:00+00:00,1339.34,1350.83,1386.1034,65.83321,41.397854,0.5869565217391305,-10.0,32377.790680139617,0.0,32367.790680139617,0,,33748.773
2022-08-02 00:00:00+00:00,1344.24,1340.32,1386.0553,71.6833,39.72214,0.43956043956043955,-10.0,32125.877458742136,0.0,32115.877458742136,0,,33486.195
2022-08-03 00:00:00+00:00,1348.62,1359.92,1385.7604,73.21064,39.114998,0.5869565217391305,-10.0,32595.667129193287,0.0,32585.667129193287,0,,33975.88
2022-08-04 00:00:00+00:00,1358.34,1346.88,1385.4712,81.91399,36.66858,0.5116279069767442,-10.0,32283.112569858662,0.0,32273.112569858662,0,,33650.09
2022-08-05 00:00:00+00:00,1330.52,1347.72,1385.1045,77.66459,36.320007,0.6,-10.0,32303.243795665487,0.0,32293.243795665487,0,,33671.07
2022-08-08 00:00:00+00:00,1361.11,1342.11,1384.6908,86.9545,34.745728,0.5176470588235295,-10.0,32168.779929091073,0.0,32158.779929091073,0,,33530.914
2022-08-09 00:00:00+00:00,1335.58,1314.63,1384.2147,83.57499,33.999302,0.6,-10.0,31510.117444510703,0.0,31500.117444510703,0,,32844.363
2022-08-10 00:00:00+00:00,1338.64,1346.78,1383.6031,75.22379,34.236443,0.6,-10.0,32280.714613135875,0.0,32270.714613135875,0,,33647.59
2022-08-11 00:00:00+00:00,1356.59,1346.79,1382.9883,71.12309,31.270725,0.5869565217391305,-10.0,32280.953199121297,0.0,32270.953199121297,0,,33647.836
2022-08-12 00:00:00+00:00,1349.46,1364.1,1382.3687,75.99288,31.085728,0.6,-10.0,32695.85344610741,0.0,32685.85344610741,0,,34080.305
2022-08-15 00:00:00+00:00,1358.32,1366.39,1381.8362,77.083664,31.345015,0.5176470588235295,-10.0,32750.744043460574,0.0,32740.744043460574,0,,34137.52
2022-08-16 00:00:00+00:00,1354.94,1356.1,1381.3586,76.769745,31.760725,0.5869565217391305,-10.0,32504.10446351387,0.0,32494.10446351387,0,,33880.438
2022-08-17 00:00:00+00:00,1341.56,1356.6,1380.7434,69.071144,29.78929,0.5116279069767442,-10.0,32516.089192697265,0.0,32506.089192697265,0,,33892.934
2022-08-18 00:00:00+00:00,1361.25,1358.72,1380.1221,65.04961,28.762861,0.5176470588235295,-10.0,32566.90255925666,0.0,32556.90255925666,0,,33945.9
2022-08-19 00:00:00+00:00,1354.72,1333.8,1379.6935,53.146652,26.592146,0.5,-10.0,31969.602547210645,0.0,31959.602547210645,0,,33323.305
2022-08-22 00:00:00+00:00,1314.6,1308.27,1379.0133,44.891132,27.717146,0.38571428571428573,-10.0,31357.677513522947,0.0,31347.677513522947,0,,32685.469
2022-08-23 00:00:00+00:00,1300.23,1282.83,1378.1984,41.180054,28.170725,0.5116279069767442,-10.0,30747.908718447277,0.0,30737.908718447277,0,,32049.88
2022-08-24 00:00:00+00:00,1289.51,1296.76,1377.1906,29.445934,28.276438,0.5176470588235295,-10.0,31081.796981323798,0.0,31071.796981323798,0,,32397.906
2022-08-25 00:00:00+00:00,1307.35,1323.96,1376.0817,36.69993,27.993582,0.5869565217391305,-10.0,31733.748593087257,0.0,31723.748593087257,0,,33077.465
2022-08-26 00:00:00+00:00,1323.96,1251.91,1374.9865,44.468758,28.206438,0.5176470588235295,-10.0,30006.798173812324,0.0,29996.798173812324,0,,31277.389
2022-08-29 00:00:00+00:00,1233.81,1232.37,1373.4585,33.96274,31.648586,0.5869565217391305,-10.0,29538.446321908476,0.0,29528.446321908476,0,,30789.205
2022-08-30 00:00:00+00:00,1232.67,1223.72,1371.8966,34.9495,31.488586,0.5176470588235295,-10.0,29331.114697944886,0.0,29321.114697944886,0,,30573.096
2022-08-31 00:00:00+00:00,1231.36,1212.46,1370.409,25.366314,30.324306,0.43956043956043955,-10.0,29061.225412887386,0.0,29051.225412887386,0,,30291.78
2022-09-01 00:00:00+00:00,1207.82,1208.33,1368.8033,24.26923,29.892168,0.5869565217391305,-10.0,28962.234560656856,0.0,28952.234560656856,0,,30188.596
2022-09-02 00:00:00+00:00,1229.48,1195.02,1367.2698,18.57576,30.052168,0.5869565217391305,-10.0,28643.210427228067,0.0,28633.210427228067,0,,29856.064
2022-09-06 00:00:00+00:00,1211.79,1222.71,1365.6023,16.900375,30.927168,0.5869565217391305,-10.0,29306.90418194537,0.0,29296.90418194537,0,,30547.861
2022-09-07 00:00:00+00:00,1226.46,1250.48,1364.045,25.85875,31.960737,0.5869565217391305,-10.0,29972.518869346237,0.0,29962.518869346237,0,,31241.66
2022-09-08 00:00:00+00:00,1246.54,1284.31,1362.5769,32.5196,32.725742,0.5176470588235295,-10.0,30783.38681665836,0.0,30773.38681665836,0,,32086.863
2022-09-09 00:00:00+00:00,1285.54,1300.95,1361.238,38.902325,33.705025,0.5176470588235295,-10.0,31182.22443026106,0.0,31172.22443026106,0,,32502.59
2022-09-12 00:00:00+00:00,1301.0,1314.39,1360.1263,44.97659,32.779305,0.38571428571428573,-10.0,31504.365354425747,0.0,31494.365354425747,0,,32838.37
2022-09-13 00:00:00+00:00,1280.39,1270.63,1359.0774,50.971798,31.567156,0.4375,-10.0,30455.490241306296,0.0,30445.490241306296,0,,31745.084
2022-09-14 00:00:00+00:00,1269.29,1250.05,1357.8394,48.169273,32.714294,0.4375,-10.0,29962.212772581963,0.0,29952.212772581963,0,,31230.92
2022-09-15 00:00:00+00:00,1243.52,1243.79,1356.6063,43.127853,33.535725,0.46153846153846156,-10.0,29812.167900386597,0.0,29802.167900386597,0,,31074.521
2022-09-16 00:00:00+00:00,1242.93,1198.5,1355.1442,37.430634,33.627155,0.5045871559633027,-10.0,28726.61879213828,0.0,28716.61879213828,0,,29943.006
2022-09-19 00:00:00+00:00,1187.27,1204.82,1353.566,40.859142,32.445015,0.5045871559633027,-10.0,28878.100656861276,0.0,28868.100656861276,0,,30100.9
2022-09-20 00:00:00+00:00,1191.35,1167.55,1351.9878,45.061474,31.940735,0.6,-10.0,27984.786179208855,0.0,27974.786179208855,0,,29169.76
2022-09-21 00:00:00+00:00,1173.31,1160.06,1350.0876,40.86816,34.305725,0.5045871559633027,-10.0,27805.26017400657,0.0,27795.26017400657,0,,28982.633
2022-09-22 00:00:00+00:00,1152.46,1135.53,1348.2402,41.375347,35.385715,0.5045871559633027,-10.0,27217.305074075157,0.0,27207.305074075157,0,,28369.781
2022-09-23 00:00:00+00:00,1130.38,1132.01,1346.2404,38.771675,35.44001,0.5045871559633027,-10.0,27132.9336502172,0.0,27122.9336502172,0,,28281.84
2022-09-26 00:00:00+00:00,1124.66,1117.85,1344.0697,39.979,35.1393,0.6,-10.0,26793.534567455084,0.0,26783.534567455084,0,,27928.068
2022-09-27 00:00:00+00:00,1130.07,1104.28,1341.7281,32.57329,34.485737,0.99,-10.0,26468.279267401358,0.0,26458.279267401358,0,,27589.04
2022-09-28 00:00:00+00:00,1099.23,1109.1,1339.3387,24.499407,34.638584,0.99,-10.0,26583.806131583904,0.0,26573.806131583904,0,,27709.457
2022-09-29 00:00:00+00:00,1098.8,1096.88,1336.9425,15.998403,33.137165,0.99,-10.0,26290.907919900674,0.0,26280.907919900674,0,,27404.158
2022-09-30 00:00:00+00:00,1100.19,1084.12,1334.4758,9.706579,33.375027,0.6363636363636364,-10.0,25985.06634238155,0.0,25975.06634238155,0,,27085.367
2022-10-03 00:00:00+00:00,1100.48,1133.36,1332.1819,4.410969,34.504307,0.6363636363636364,-10.0,27165.290785075627,0.0,27155.290785075627,0,,28315.566
2022-10-04 00:00:00+00:00,1154.95,1179.21,1330.0137,23.400354,35.335735,0.5045871559633027,-10.0,28264.25894294202,0.0,28254.25894294202,0,,29461.068
2022-10-05 00:00:00+00:00,1161.5,1202.47,1328.0804,37.49733,36.55074,0.5045871559633027,-10.0,28821.773833404517,0.0,28811.773833404517,0,,30042.191
2022-10-06 00:00:00+00:00,1194.76,1203.18,1326.196,43.120197,37.830017,0.5045871559633027,-10.0,28838.7949014495,0.0,28828.7949014495,0,,30059.932
2022-10-07 00:00:00+00:00,1190.84,1156.89,1324.4398,50.915073,35.167873,0.5045871559633027,-10.0,27729.27793607017,0.0,27719.27793607017,0,,28903.434
2022-10-10 00:00:00+00:00,1164.19,1127.08,1322.3666,41.895237,37.175728,0.5045871559633027,-10.0,27014.76692910973,0.0,27004.76692910973,0,,28158.67
2022-10-11 00:00:00+00:00,1121.61,1113.26,1319.9773,42.979553,36.17859,0.5045871559633027,-10.0,26683.518656266213,0.0,26673.518656266213,0,,27813.395
2022-10-12 00:00:00+00:00,1118.16,1102.67,1317.4125,42.055943,35.626446,0.5045871559633027,-10.0,26429.690519558182,0.0,26419.690519558182,0,,27548.818
2022-10-13 00:00:00+00:00,1077.54,1131.63,1314.5587,44.14511,34.935005,0.5045871559633027,-10.0,27123.826046826347,0.0,27113.826046826347,0,,28272.348
2022-10-14 00:00:00+00:00,1139.87,1117.03,1311.8411,49.93792,38.017143,0.5045871559633027,-10.0,26773.881946031208,0.0,26763.881946031208,0,,27907.586
2022-10-17 00:00:00+00:00,1135.89,1173.12,1308.9163,49.86624,38.75999,0.5045871559633027,-10.0,28118.291093197127,0.0,28108.291093197127,0,,29308.922
2022-10-18 00:00:00+00:00,1209.16,1200.0,1306.2692,59.861897,40.40857,0.5045871559633027,-10.0,28762.571613996693,0.0,28752.571613996693,0,,29980.482
2022-10-19 00:00:00+00:00,1184.98,1166.97,1303.7832,62.24804,42.044277,0.5045871559633027,-10.0,27970.881608137417,0.0,27960.881608137417,0,,29155.271
2022-10-20 00:00:00+00:00,1157.28,1143.9,1301.2437,58.942554,43.62785,0.46153846153846156,-10.0,27417.923220823875,0.0,27407.923220823875,0,,28578.898
2022-10-21 00:00:00+00:00,1149.6,1174.38,1298.7595,57.43163,44.916424,0.5045871559633027,-10.0,28148.49189184993,0.0,28138.49189184993,0,,29340.402
2022-10-24 00:00:00+00:00,1187.87,1197.14,1296.716,55.34895,43.795708,0.5045871559633027,-10.0,28694.02233853638,0.0,28684.02233853638,0,,29909.033
2022-10-25 00:00:00+00:00,1203.52,1230.89,1294.6874,52.487865,42.952847,0.5045871559633027,-10.0,29502.968879477077,0.0,29492.968879477077,0,,30752.234
2022-10-26 00:00:00+00:00,1235.63,1262.83,1293.1299,53.83185,42.67713,0.5045871559633027,-10.0,30268.53090656219,0.0,30258.53090656219,0,,31550.215
2022-10-27 00:00:00+00:00,1258.34,1253.08,1291.614,57.417854,44.6207,0.5045871559633027,-10.0,30034.83458805978,0.0,30024.83458805978,0,,31306.621
2022-10-28 00:00:00+00:00,1253.08,1264.55,1290.0223,63.157608,43.07713,0.5045871559633027,-10.0,30309.758004894156,0.0,30299.758004894156,0,,31593.188
2022-10-31 00:00:00+00:00,1248.36,1264.93,1288.547,69.79754,43.425713,0.5045871559633027,-10.0,30318.866893988787,0.0,30308.866893988787,0,,31602.682
2022-11-01 00:00:00+00:00,1284.78,1280.84,1287.3531,72.722115,43.225716,0.5045871559633027,-10.0,30700.207079049032,0.0,30690.207079049032,0,,32000.168
2022-11-02 00:00:00+00:00,1281.47,1238.81,1286.1936,76.27334,44.540012,0.5045871559633027,-10.0,29692.80054009465,0.0,29682.80054009465,0,,30950.104
2022-11-03 00:00:00+00:00,1221.29,1225.87,1284.9689,65.2184,43.13787,0.5045871559633027,-10.0,29382.64334737269,0.0,29372.64334737269,0,,30626.812
2022-11-04 00:00:00+00:00,1213.61,1284.51,1283.7528,65.527275,43.872158,0.5045871559633027,-10.0,30788.175879579496,0.0,30778.175879579496,0,,32091.861
2022-11-07 00:00:00+00:00,1297.9,1298.71,1282.8228,65.77628,46.290012,0.5045871559633027,-10.0,31128.531597955767,0.0,31118.531597955767,0,,32446.627
2022-11-08 00:00:00+00:00,1306.42,1350.96,1282.0247,64.50125,45.601448,0.5045871559633027,-10.0,32380.900332560755,0.0,32370.900332560755,0,,33752.027
2022-11-09 00:00:00+00:00,1337.81,1336.23,1281.4662,75.58474,46.65073,0.5045871559633027,-10.0,32027.83976899439,0.0,32017.83976899439,0,,33384.016
2022-11-10 00:00:00+00:00,1398.94,1449.15,1281.0789,77.3795,45.491447,0.5045871559633027,-10.0,34734.39696676572,0.0,34724.39696676572,0,,36205.176
2022-11-11 00:00:00+00:00,1452.42,1464.38,1281.297,81.67963,51.05502,0.5045871559633027,-10.0,35099.44193858787,0.0,35089.44193858787,0,,36585.68
2022-11-14 00:00:00+00:00,1466.0,1442.8,1281.6366,81.355896,51.343594,0.5045871559633027,-10.0,34582.195756297886,0.0,34572.195756297886,0,,36046.53
2022-11-15 00:00:00+00:00,1462.93,1408.03,1281.698,75.594864,52.177876,0.5045871559633027,-10.0,33748.7996853996,0.0,33738.7996853996,0,,35177.848
2022-11-16 00:00:00+00:00,1418.65,1395.75,1281.3748,67.418434,52.994305,0.5045871559633027,-10.0,33454.46252488576,0.0,33444.46252488576,0,,34871.047
2022-11-17 00:00:00+00:00,1370.01,1388.83,1280.8713,67.011665,53.386448,0.5045871559633027,-10.0,33288.59816498124,0.0,33278.59816498124,0,,34698.16
2022-11-18 00:00:00+00:00,1414.32,1401.31,1280.185,64.98143,53.34858,0.5045871559633027,-10.0,33587.72938313761,0.0,33577.72938313761,0,,35009.957
2022-11-21 00:00:00+00:00,1390.32,1391.93,1279.714,65.974045,53.190002,0.5045871559633027,-10.0,33362.902499750926,0.0,33352.902499750926,0,,34775.61
2022-11-22 00:00:00+00:00,1407.33,1439.75,1279.2142,63.213997,52.02643,0.6363636363636364,-10.0,34509.09047244058,0.0,34499.09047244058,0,,35970.332
2022-11-23 00:00:00+00:00,1446.53,1441.32,1278.9132,73.576744,51.319283,0.5045871559633027,-10.0,34546.71943907621,0.0,34536.71943907621,0,,36009.555
2022-11-25 00:00:00+00:00,1444.22,1449.69,1278.6163,75.97222,49.356426,0.5045871559633027,-10.0,34747.33781232183,0.0,34737.33781232183,0,,36218.668
2022-11-28 00:00:00+00:00,1431.85,1439.89,1278.0914,72.658424,43.552143,0.5045871559633027,-10.0,34512.44576761985,0.0,34502.44576761985,0,,35973.83
2022-11-29 00:00:00+00:00,1429.58,1412.21,1277.6824,69.6029,43.4607,0.5045871559633027,-10.0,33848.987150801746,0.0,33838.987150801746,0,,35282.277
2022-11-30 00:00:00+00:00,1419.06,1469.56,1277.5914,59.12735,41.457134,0.5045871559633027,-10.0,35223.601092680256,0.0,35213.601092680256,0,,36715.094
2022-12-01 00:00:00+00:00,1483.55,1490.33,1277.8586,67.62925,43.957134,0.5045871559633027,-10.0,35721.43221621686,0.0,35711.43221621686,0,,37234.008
2022-12-02 00:00:00+00:00,1463.08,1486.1,1278.1615,57.199287,37.64571,0.5045871559633027,-10.0,35620.04359007627,0.0,35610.04359007627,0,,37128.324
2022-12-05 00:00:00+00:00,1465.34,1454.37,1278.281,53.949085,37.723564,0.4375,-10.0,34859.514389371456,0.0,34849.514389371456,0,,36335.594
2022-12-06 00:00:00+00:00,1445.05,1453.8,1278.4672,52.028748,37.37214,0.46153846153846156,-10.0,34845.8529268791,0.0,34835.8529268791,0,,36321.35
2022-12-07 00:00:00+00:00,1441.29,1461.57,1278.6938,59.11935,35.39856,0.5045871559633027,-10.0,35032.0869390383,0.0,35022.0869390383,0,,36515.473
2022-12-08 00:00:00+00:00,1461.22,1482.73,1278.918,63.35416,35.240696,0.5045871559633027,-10.0,35539.267851829245,0.0,35529.267851829245,0,,37044.13
2022-12-09 00:00:00+00:00,1467.42,1455.56,1279.4283,68.010605,34.042847,0.5045871559633027,-10.0,34888.03721167489,0.0,34878.03721167489,0,,36365.324
2022-12-12 00:00:00+00:00,1460.0,1484.89,1279.6443,59.850395,34.344273,0.5045871559633027,-10.0,35591.0417618936,0.0,35581.0417618936,0,,37098.094
2022-12-13 00:00:00+00:00,1530.96,1513.02,1279.8312,65.73888,35.07784,0.5045871559633027,-10.0,36265.28359100175,0.0,36255.28359100175,0,,37800.887
2022-12-14 00:00:00+00:00,1507.85,1474.76,1280.3525,63.29139,35.22284,0.5045871559633027,-10.0,35348.23787656884,0.0,35338.23787656884,0,,36845.008
2022-12-15 00:00:00+00:00,1447.16,1418.07,1280.7596,55.3535,37.349983,0.46153846153846156,-10.0,33989.44567748653,0.0,33979.44567748653,0,,35428.68
2022-12-16 00:00:00+00:00,1401.58,1428.19,1280.9136,45.616123,40.560703,0.5045871559633027,-10.0,34232.01013698717,0.0,34222.01013698717,0,,35681.516
2022-12-19 00:00:00+00:00,1425.3,1397.93,1281.031,48.37931,40.42928,0.5045871559633027,-10.0,33506.715880098265,0.0,33496.715880098265,0,,34925.51
2022-12-20 00:00:00+00:00,1397.61,1405.05,1281.0767,48.03599,40.646416,0.5045871559633027,-10.0,33677.372851550164,0.0,33667.372851550164,0,,35103.395
2022-12-21 00:00:00+00:00,1411.76,1444.02,1281.4048,39.70507,37.714985,0.5045871559633027,-10.0,34611.43468871793,0.0,34601.43468871793,0,,36077.008
2022-12-22 00:00:00+00:00,1424.0,1438.44,1282.0393,43.015297,38.62998,0.5045871559633027,-10.0,34477.68612556305,0.0,34467.68612556305,0,,35937.594
2022-12-23 00:00:00+00:00,1440.66,1439.05,1282.29,42.840824,38.189262,0.4375,-10.0,34492.309720709556,0.0,34482.309720709556,0,,35952.836
2022-12-27 00:00:00+00:00,1443.53,1447.24,1282.7937,47.4614,35.692837,0.4375,-10.0,34688.611342906755,0.0,34678.611342906755,0,,36157.45
2022-12-28 00:00:00+00:00,1450.49,1430.18,1283.4738,48.939735,35.277126,0.4375,-10.0,34279.70575999813,0.0,34269.70575999813,0,,35731.23
2022-12-29 00:00:00+00:00,1448.21,1467.11,1284.1781,45.074547,35.847126,0.4375,-10.0,35164.87372406001,0.0,35154.87372406001,0,,36653.88
2022-12-30 00:00:00+00:00,1454.58,1445.45,1284.9164,47.66461,37.271404,0.5045871559633027,-10.0,34645.709624831194,0.0,34635.709624831194,0,,36112.73
2023-01-03 00:00:00+00:00,1455.19,1461.87,1285.3494,48.46309,37.757122,0.5045871559633027,-10.0,35039.278332211376,0.0,35029.278332211376,0,,36522.965
2023-01-04 00:00:00+00:00,1484.9,1491.57,1285.7131,46.357594,38.351414,0.5045871559633027,-10.0,35751.149008376655,0.0,35741.149008376655,0,,37264.98
2023-01-05 00:00:00+00:00,1474.4,1489.51,1286.1448,46.62278,37.609993,0.5045871559633027,-10.0,35701.77525515538,0.0,35691.77525515538,0,,37213.516
2023-01-06 00:00:00+00:00,1503.67,1449.57,1286.6193,52.621105,36.807854,0.5045871559633027,-10.0,34744.45991568033,0.0,34734.45991568033,0,,36215.664
2023-01-09 00:00:00+00:00,1454.78,1456.41,1286.8691,55.951935,41.474277,0.46153846153846156,-10.0,34908.40725436183,0.0,34898.40725436183,0,,36386.55
2023-01-10 00:00:00+00:00,1463.35,1520.86,1287.3547,55.399117,42.080715,0.5045871559633027,-10.0,36453.19622580378,0.0,36443.19622580378,0,,37996.754
2023-01-11 00:00:00+00:00,1528.44,1553.73,1288.0615,70.79821,44.486423,0.5045871559633027,-10.0,37241.05053118251,0.0,37231.05053118251,0,,38817.965
2023-01-12 00:00:00+00:00,1554.08,1536.21,1288.8882,73.13868,46.23,0.5045871559633027,-10.0,36821.115756450505,0.0,36811.115756450505,0,,38380.25
2023-01-13 00:00:00+00:00,1525.8,1557.78,1289.5908,65.373695,45.352863,0.46153846153846156,-10.0,37338.12347923044,0.0,37328.12347923044,0,,38919.15
2023-01-17 00:00:00+00:00,1547.36,1531.3,1290.2633,68.893684,45.36358,0.5045871559633027,-10.0,36703.43028825079,0.0,36693.43028825079,0,,38257.58
2023-01-18 00:00:00+00:00,1540.0,1539.65,1290.8911,63.49908,47.467144,0.6,-10.0,36903.56937071181,0.0,36893.56937071181,0,,38466.195
2023-01-19 00:00:00+00:00,1532.24,1518.46,1291.7234,63.516167,48.274284,0.5045871559633027,-10.0,36395.66955715481,0.0,36385.66955715481,0,,37936.79
2023-01-20 00:00:00+00:00,1524.49,1561.53,1292.4575,62.757946,47.727863,0.5045871559633027,-10.0,37428.00727366519,0.0,37418.00727366519,0,,39012.836
2023-01-23 00:00:00+00:00,1562.0,1576.68,1293.478,63.40736,47.84715,0.5045871559633027,-10.0,37791.13703583572,0.0,37781.13703583572,0,,39391.344
2023-01-24 00:00:00+00:00,1560.11,1534.75,1294.6165,68.985275,47.502155,0.5045871559633027,-10.0,36786.12467845677,0.0,36776.12467845677,0,,38343.773
2023-01-25 00:00:00+00:00,1514.14,1531.57,1295.6509,59.81892,49.043587,0.5045871559633027,-10.0,36709.90249402539,0.0,36699.90249402539,0,,38264.324
2023-01-26 00:00:00+00:00,1548.47,1523.71,1296.465,55.803825,48.95501,0.5045871559633027,-10.0,36521.508745936575,0.0,36511.508745936575,0,,38067.953
2023-01-27 00:00:00+00:00,1514.19,1529.75,1297.1743,54.880123,48.81286,0.5045871559633027,-10.0,36666.28243548419,0.0,36656.28243548419,0,,38218.86
2023-01-30 00:00:00+00:00,1520.63,1507.41,1298.0831,62.66666,41.704998,0.5045871559633027,-10.0,36130.81998490624,0.0,36120.81998490624,0,,37660.723
2023-01-31 00:00:00+00:00,1510.25,1532.92,1299.0513,57.680717,41.643574,0.5045871559633027,-10.0,36742.26437900324,0.0,36732.26437900324,0,,38298.06
2023-02-01 00:00:00+00:00,1534.89,1560.54,1300.0029,52.057606,38.698574,0.5045871559633027,-10.0,37404.28238599134,0.0,37394.28238599134,0,,38988.11
2023-02-02 00:00:00+00:00,1555.51,1583.88,1301.2139,51.183083,38.817863,0.5045871559633027,-10.0,37963.714115426505,0.0,37953.714115426505,0,,39571.227
2023-02-03 00:00:00+00:00,1560.13,1591.65,1302.6104,58.11736,39.52643,0.5045871559633027,-10.0,38149.95273371431,0.0,38139.95273371431,0,,39765.35
2023-02-06 00:00:00+00:00,1578.61,1555.98,1303.9135,56.051884,40.523567,0.5045871559633027,-10.0,37294.98366564311,0.0,37284.98366564311,0,,38874.184
2023-02-07 00:00:00+00:00,1543.04,1557.94,1304.8811,54.269585,40.393562,0.5045871559633027,-10.0,37341.963580832235,0.0,37331.963580832235,0,,38923.152
2023-02-08 00:00:00+00:00,1547.31,1554.7,1306.0396,53.23566,40.889988,0.5045871559633027,-10.0,37264.30478146416,0.0,37254.30478146416,0,,38842.203
2023-02-09 00:00:00+00:00,1573.45,1534.64,1307.3899,56.845997,40.26641,0.5045871559633027,-10.0,36783.49104878301,0.0,36773.49104878301,0,,38341.03
2023-02-10 00:00:00+00:00,1536.98,1513.31,1308.5502,44.436626,41.937115,0.5045871559633027,-10.0,36272.23845814452,0.0,36262.23845814452,0,,37808.13
2023-02-13 00:00:00+00:00,1515.26,1554.24,1309.8428,37.216057,43.25497,0.5045871559633027,-10.0,37253.282100944096,0.0,37243.282100944096,0,,38830.715
2023-02-14 00:00:00+00:00,1553.41,1545.49,1311.3236,53.947742,42.34354,0.5045871559633027,-10.0,37043.55439635959,0.0,37033.55439635959,0,,38612.105
2023-02-15 00:00:00+00:00,1536.06,1561.8,1312.5835,52.75732,42.388542,0.5045871559633027,-10.0,37434.48836104133,0.0,37424.48836104133,0,,39019.594
2023-02-16 00:00:00+00:00,1535.47,1534.51,1314.0049,57.30059,42.61069,0.5045871559633027,-10.0,36780.378354353124,0.0,36770.378354353124,0,,38337.785
2023-02-17 00:00:00+00:00,1525.39,1513.93,1315.2124,50.843616,43.461407,0.5045871559633027,-10.0,36287.10188869877,0.0,36277.10188869877,0,,37823.62
2023-02-21 00:00:00+00:00,1498.48,1459.03,1316.1101,51.162796,42.659973,0.5045871559633027,-10.0,34971.21445894423,0.0,34961.21445894423,0,,36452.016
2023-02-22 00:00:00+00:00,1464.52,1455.41,1316.5072,38.07263,45.059265,0.5045871559633027,-10.0,34884.44727581516,0.0,34874.44727581516,0,,36361.574
2023-02-23 00:00:00+00:00,1463.66,1467.65,1317.2275,31.60454,42.877834,0.5045871559633027,-10.0,35177.824673640185,0.0,35167.824673640185,0,,36667.375
2023-02-24 00:00:00+00:00,1447.51,1428.09,1317.9862,28.840338,41.258553,0.5045871559633027,-10.0,34229.61659412109,0.0,34219.61659412109,0,,35679.016
2023-02-27 00:00:00+00:00,1447.48,1431.59,1319.1464,23.312868,40.71999,0.5045871559633027,-10.0,34313.50735258287,0.0,34303.50735258287,0,,35766.457
2023-02-28 00:00:00+00:00,1427.2,1433.71,1320.206,27.32343,39.862854,0.5045871559633027,-10.0,34364.31940487257,0.0,34354.31940487257,0,,35819.42
2023-03-01 00:00:00+00:00,1424.0,1417.97,1321.4777,27.36581,38.580723,0.5045871559633027,-10.0,33987.05003986803,0.0,33977.05003986803,0,,35426.176
2023-03-02 00:00:00+00:00,1407.43,1479.49,1322.502,26.17363,38.670734,0.5045871559633027,-10.0,35461.61159858074,0.0,35451.61159858074,0,,36963.176
2023-03-03 00:00:00+00:00,1492.72,1508.64,1323.6238,41.60297,38.940735,0.5045871559633027,-10.0,36160.30436183799,0.0,36150.30436183799,0,,37691.453
2023-03-06 00:00:00+00:00,1503.58,1505.92,1324.9994,49.30549,37.338596,0.4375,-10.0,36095.110179064344,0.0,36085.110179064344,0,,37623.5
2023-03-07 00:00:00+00:00,1508.31,1473.18,1326.3472,41.89263,35.6536,0.5045871559633027,-10.0,35310.37166625483,0.0,35300.37166625483,0,,36805.53
2023-03-08 00:00:00+00:00,1472.9,1490.24,1327.7405,38.771404,35.577175,0.5045871559633027,-10.0,35719.27805868311,0.0,35709.27805868311,0,,37231.754
2023-03-09 00:00:00+00:00,1496.22,1475.57,1329.0931,38.913666,34.439312,0.5045871559633027,-10.0,35367.65517398878,0.0,35357.65517398878,0,,36865.242
2023-03-10 00:00:00+00:00,1474.23,1433.25,1330.2781,40.497215,34.23788,0.5045871559633027,-10.0,34353.29723679262,0.0,34343.29723679262,0,,35807.93
2023-03-13 00:00:00+00:00,1423.72,1439.57,1331.2069,37.84426,35.62359,0.5045871559633027,-10.0,34504.779874292064,0.0,34494.779874292064,0,,35965.83
2023-03-14 00:00:00+00:00,1461.21,1469.87,1332.2474,46.56522,33.413593,0.5045871559633027,-10.0,35231.034748634105,0.0,35221.034748634105,0,,36722.836
2023-03-15 00:00:00+00:00,1440.92,1438.88,1333.4468,52.332554,34.279316,0.5045871559633027,-10.0,34488.24213790797,0.0,34478.24213790797,0,,35948.59
2023-03-16 00:00:00+00:00,1432.68,1469.86,1334.3488,45.6238,37.56503,0.5045871559633027,-10.0,35230.795656800714,0.0,35220.795656800714,0,,36722.586
2023-03-17 00:00:00+00:00,1467.66,1455.11,1335.0656,56.52392,38.56217,0.5045871559633027,-10.0,34877.255383731375,0.0,34867.255383731375,0,,36354.08
2023-03-20 00:00:00+00:00,1457.13,1474.72,1335.9104,53.5488,38.082172,0.5045871559633027,-10.0,35347.28255881583,0.0,35337.28255881583,0,,36844.004
2023-03-21 00:00:00+00:00,1487.96,1500.22,1336.967,55.877552,38.00931,0.5045871559633027,-10.0,35958.48750276348,0.0,35948.48750276348,0,,37481.09
2023-03-22 00:00:00+00:00,1492.38,1452.26,1337.8365,61.467255,38.13931,0.5045871559633027,-10.0,34808.94522941001,0.0,34798.94522941001,0,,36282.875
2023-03-23 00:00:00+00:00,1462.97,1451.1,1338.6034,46.054424,37.237175,0.46153846153846156,-10.0,34781.14117210877,0.0,34771.14117210877,0,,36253.89
2023-03-24 00:00:00+00:00,1447.26,1459.75,1339.3384,40.92657,38.1836,0.5045871559633027,-10.0,34988.47365972904,0.0,34978.47365972904,0,,36470.004
2023-03-27 00:00:00+00:00,1478.07,1481.53,1340.0605,42.853153,38.795742,0.5045871559633027,-10.0,35510.51406878443,0.0,35500.51406878443,0,,37014.15
2023-03-28 00:00:00+00:00,1479.04,1473.64,1340.9967,51.33792,39.07645,0.5045871559633027,-10.0,35321.40084457502,0.0,35311.40084457502,0,,36817.027
2023-03-29 00:00:00+00:00,1490.75,1496.31,1342.0922,47.259644,38.974304,0.5045871559633027,-10.0,35864.775399231854,0.0,35854.775399231854,0,,37383.41
2023-03-30 00:00:00+00:00,1512.11,1499.74,1343.5715,53.33571,38.23502,0.5045871559633027,-10.0,35946.98734263794,0.0,35936.98734263794,0,,37469.1
2023-03-31 00:00:00+00:00,1512.01,1530.21,1345.2064,62.222874,37.019314,0.5045871559633027,-10.0,36677.31650485482,0.0,36667.31650485482,0,,38230.355
2023-04-03 00:00:00+00:00,1520.61,1530.55,1347.0693,65.30357,37.15931,0.5045871559633027,-10.0,36685.46642889049,0.0,36675.46642889049,0,,38238.85
2023-04-04 00:00:00+00:00,1530.76,1529.54,1348.8859,61.398308,36.596443,0.5045871559633027,-10.0,36661.2583124286,0.0,36651.2583124286,0,,38213.617
2023-04-05 00:00:00+00:00,1520.6,1529.87,1350.9409,69.19137,33.500008,0.4375,-10.0,36669.16866865761,0.0,36659.16866865761,0,,38221.86
2023-04-06 00:00:00+00:00,1529.59,1500.92,1353.1013,64.59742,31.715725,0.5045871559633027,-10.0,35975.27199768501,0.0,35965.27199768501,0,,37498.582
2023-04-10 00:00:00+00:00,1491.65,1521.63,1355.118,60.42322,32.407146,0.5045871559633027,-10.0,36471.66732134158,0.0,36461.66732134158,0,,38015.996
2023-04-11 00:00:00+00:00,1524.2,1527.37,1357.2175,60.62034,33.635715,0.5045871559633027,-10.0,36609.24788783325,0.0,36599.24788783325,0,,38159.402
2023-04-12 00:00:00+00:00,1543.73,1533.44,1359.1924,56.750717,33.788574,0.5045871559633027,-10.0,36754.73597081873,0.0,36744.73597081873,0,,38311.05
2023-04-13 00:00:00+00:00,1548.77,1581.71,1361.1251,75.496216,31.644287,0.5045871559633027,-10.0,37911.7120538254,0.0,37901.7120538254,0,,39517.016
2023-04-14 00:00:00+00:00,1578.75,1576.95,1363.3125,81.65383,32.430706,0.5045871559633027,-10.0,37797.62134712617,0.0,37787.62134712617,0,,39398.094
2023-04-17 00:00:00+00:00,1585.59,1595.92,1365.5433,78.94971,31.961426,0.46153846153846156,-10.0,38252.31342063601,0.0,38242.31342063601,0,,39872.04
2023-04-18 00:00:00+00:00,1603.63,1589.22,1367.7928,78.65338,30.67715,0.4375,-10.0,38091.720525141165,0.0,38081.720525141165,0,,39704.65
2023-04-19 00:00:00+00:00,1587.32,1598.99,1369.9951,79.12507,31.807156,0.5045871559633027,-10.0,38325.894064717875,0.0,38315.894064717875,0,,39948.734
2023-04-20 00:00:00+00:00,1577.91,1539.56,1372.1808,77.673546,31.825727,0.5045871559633027,-10.0,36901.4282203976,0.0,36891.4282203976,0,,38463.953
2023-04-21 00:00:00+00:00,1548.91,1559.39,1374.0012,58.243637,34.84573,0.4375,-10.0,37376.73062055238,0.0,37366.73062055238,0,,38959.383
2023-04-24 00:00:00+00:00,1558.33,1574.22,1375.9402,56.319313,34.3543,0.5045871559633027,-10.0,37732.18929006177,0.0,37722.18929006177,0,,39329.89
2023-04-25 00:00:00+00:00,1565.0,1470.33,1377.7748,58.898796,33.82359,0.5045871559633027,-10.0,35242.06778390174,0.0,35232.06778390174,0,,36734.332
2023-04-26 00:00:00+00:00,1458.36,1461.66,1379.02,41.49891,40.07788,0.5045871559633027,-10.0,35034.26052423924,0.0,35024.26052423924,0,,36517.727
2023-04-27 00:00:00+00:00,1464.29,1456.58,1380.2142,40.435795,39.16502,0.5045871559633027,-10.0,34912.49731089274,0.0,34902.49731089274,0,,36390.805
2023-04-28 00:00:00+00:00,1452.8,1491.5,1381.5443,43.336727,38.67359,0.5045871559633027,-10.0,35749.487489620726,0.0,35739.487489620726,0,,37263.234
2023-05-01 00:00:00+00:00,1493.62,1519.3,1383.1401,45.657627,38.747158,0.46153846153846156,-10.0,36415.821059676644,0.0,36405.821059676644,0,,37957.785
2023-05-02 00:00:00+00:00,1520.75,1502.49,1385.0455,48.906483,38.92287,0.4375,-10.0,36012.90364790304,0.0,36002.90364790304,0,,37537.805
2023-05-03 00:00:00+00:00,1504.99,1492.1,1386.7632,45.924744,39.432156,0.4375,-10.0,35763.866796054535,0.0,35753.866796054535,0,,37278.223
2023-05-04 00:00:00+00:00,1485.03,1475.2,1388.6096,36.893383,37.964294,0.4375,-10.0,35358.794045959796,0.0,35348.794045959796,0,,36855.996
2023-05-05 00:00:00+00:00,1475.0,1424.99,1390.2013,35.628136,37.874287,0.4375,-10.0,34155.320706636725,0.0,34145.320706636725,0,,35601.566
2023-05-08 00:00:00+00:00,1426.11,1393.92,1391.4941,27.81455,41.89213,0.4375,-10.0,33410.61115913072,0.0,33400.61115913072,0,,34825.324
2023-05-09 00:00:00+00:00,1376.82,1376.2,1392.2623,26.159676,42.542847,0.5045871559633027,-10.0,32985.88146992554,0.0,32975.88146992554,0,,34382.61
2023-05-10 00:00:00+00:00,1394.06,1372.15,1393.0226,23.321756,43.140705,0.5045871559633027,-10.0,32888.808634610396,0.0,32878.808634610396,0,,34281.426
2023-05-11 00:00:00+00:00,1365.05,1348.08,1393.7323,26.887924,40.307842,0.5045871559633027,-10.0,32311.87692338963,0.0,32301.87692338963,0,,33680.066
2023-05-12 00:00:00+00:00,1360.72,1383.55,1394.2935,21.16482,40.61927,0.6003860862228662,-10.0,33162.05141466396,0.0,33152.05141466396,0,,34566.24
2023-05-15 00:00:00+00:00,1380.98,1386.0,1394.8434,25.368845,41.83642,0.5045871559633027,-10.0,33220.77261271177,0.0,33210.77261271177,0,,34627.445
2023-05-16 00:00:00+00:00,1380.95,1372.89,1395.2786,35.23688,35.56142,0.5045871559633027,-10.0,32906.54264343504,0.0,32896.54264343504,0,,34299.91
2023-05-17 00:00:00+00:00,1380.35,1369.17,1395.3944,34.69748,35.879997,0.5045871559633027,-10.0,32817.38014340953,0.0,32807.38014340953,0,,34206.973
2023-05-18 00:00:00+00:00,1373.41,1384.43,1395.4861,34.860947,36.948566,0.5045871559633027,-10.0,33183.145352191255,0.0,33173.145352191255,0,,34588.227
2023-05-19 00:00:00+00:00,1395.63,1386.47,1395.7065,30.100754,36.249287,0.5045871559633027,-10.0,33232.038288486896,0.0,33222.038288486896,0,,34639.188
2023-05-22 00:00:00+00:00,1383.71,1398.7,1395.8394,22.699045,36.197144,0.5045871559633027,-10.0,33525.17448857595,0.0,33515.17448857595,0,,34944.74
2023-05-23 00:00:00+00:00,1396.55,1355.61,1396.0985,28.258396,35.352863,0.46153846153846156,-10.0,32492.359828752982,0.0,32482.359828752982,0,,33868.188
2023-05-24 00:00:00+00:00,1325.8,1313.32,1396.138,24.853523,37.228584,0.46153846153846156,-10.0,31478.718546808974,0.0,31468.718546808974,0,,32811.63
2023-05-25 00:00:00+00:00,1324.92,1316.95,1395.9939,22.727262,40.327156,0.5045871559633027,-10.0,31565.72530266481,0.0,31555.72530266481,0,,32902.32
2023-05-26 00:00:00+00:00,1327.23,1348.19,1396.0055,28.40926,36.397156,0.5045871559633027,-10.0,32314.510283197607,0.0,32304.510283197607,0,,33682.812
2023-05-30 00:00:00+00:00,1343.57,1314.72,1396.0126,40.867496,35.626446,0.5045871559633027,-10.0,31512.274419777576,0.0,31502.274419777576,0,,32846.605
2023-05-31 00:00:00+00:00,1307.63,1321.87,1395.8523,38.44882,36.167156,0.5045871559633027,-10.0,31683.652254014756,0.0,31673.652254014756,0,,33025.242
2023-06-01 00:00:00+00:00,1324.88,1329.32,1395.6411,40.661907,36.328587,0.5045871559633027,-10.0,31862.220582784597,0.0,31852.220582784597,0,,33211.37
2023-06-02 00:00:00+00:00,1346.27,1332.66,1395.4557,46.286613,35.71645,0.5045871559633027,-10.0,31942.27677604376,0.0,31932.27677604376,0,,33294.816
2023-06-05 00:00:00+00:00,1330.0,1335.22,1395.3385,38.458736,34.59573,0.5045871559633027,-10.0,32003.635925019273,0.0,31993.635925019273,0,,33358.773
2023-06-06 00:00:00+00:00,1341.6,1321.79,1395.2317,38.48942,34.6043,0.5045871559633027,-10.0,31681.736179631775,0.0,31671.736179631775,0,,33023.246
2023-06-07 00:00:00+00:00,1316.0,1327.64,1395.047,38.433674,35.21215,0.4375,-10.0,31821.95206972999,0.0,31811.95206972999,0,,33169.4
2023-06-08 00:00:00+00:00,1319.84,1295.51,1395.0162,40.68958,33.5243,0.4375,-10.0,31051.833568233196,0.0,31041.833568233196,0,,32366.672
2023-06-09 00:00:00+00:00,1293.96,1292.06,1394.9524,31.467253,34.15359,0.45864410194752003,-10.0,30969.142028697584,0.0,30959.142028697584,0,,32280.479
2023-06-12 00:00:00+00:00,1295.74,1316.97,1394.9985,30.438028,33.59287,0.4375,-10.0,31566.203598833315,0.0,31556.203598833315,0,,32902.824
2023-06-13 00:00:00+00:00,1321.42,1318.74,1395.0996,33.91077,33.679287,0.4375,-10.0,31608.627488395596,0.0,31598.627488395596,0,,32947.043
2023-06-14 00:00:00+00:00,1322.86,1315.57,1395.0735,41.331635,31.432852,0.4375,-10.0,31532.644920929873,0.0,31522.644920929873,0,,32867.84
2023-06-15 00:00:00+00:00,1307.6,1336.29,1395.3918,50.648228,28.159285,0.4375,-10.0,32029.28191325962,0.0,32019.28191325962,0,,33385.508
2023-06-16 00:00:00+00:00,1350.95,1321.97,1395.9114,55.072414,29.25571,0.4375,-10.0,31686.047817334347,0.0,31676.047817334347,0,,33027.74
2023-06-20 00:00:00+00:00,1295.3,1283.8,1396.4027,42.45338,30.389997,0.4375,-10.0,30771.16061402662,0.0,30761.16061402662,0,,32074.113
2023-06-21 00:00:00+00:00,1277.59,1291.92,1396.7594,41.33507,32.169285,0.46153846153846156,-10.0,30965.788404460865,0.0,30955.788404460865,0,,32276.98
2023-06-22 00:00:00+00:00,1288.85,1283.37,1397.1772,41.652275,31.922146,0.5045871559633027,-10.0,30760.854261399676,0.0,30750.854261399676,0,,32063.37
2023-06-23 00:00:00+00:00,1269.39,1288.25,1397.619,37.270775,31.764997,0.4375,-10.0,30877.823576121515,0.0,30867.823576121515,0,,32185.293
2023-06-26 00:00:00+00:00,1284.13,1279.9,1397.9468,37.801445,32.279278,0.46153846153846156,-10.0,30677.684408397756,0.0,30667.684408397756,0,,31976.678
2023-06-27 00:00:00+00:00,1289.28,1272.22,1398.0939,35.273144,32.755703,0.5045871559633027,-10.0,30493.60238640065,0.0,30483.60238640065,0,,31784.8
2023-06-28 00:00:00+00:00,1273.01,1275.41,1398.0334,36.38709,32.72642,0.4375,-10.0,30570.063514706508,0.0,30560.063514706508,0,,31864.5
2023-06-29 00:00:00+00:00,1273.42,1316.88,1397.9058,35.443974,32.62785,0.46153846153846156,-10.0,31564.050627230696,0.0,31554.050627230696,0,,32900.58
2023-06-30 00:00:00+00:00,1329.59,1311.64,1397.9181,55.660923,33.09499,0.4375,-10.0,31438.45452762915,0.0,31428.45452762915,0,,32769.664
2023-07-03 00:00:00+00:00,1321.44,1312.14,1398.1232,55.138012,33.41714,0.4375,-10.0,31450.439850769693,0.0,31440.439850769693,0,,32782.156
2023-07-05 00:00:00+00:00,1305.14,1304.71,1398.4336,48.546333,33.19357,0.4375,-10.0,31272.349833528286,0.0,31262.349833528286,0,,32596.525
2023-07-06 00:00:00+00:00,1283.34,1294.2,1398.7383,45.916523,32.112854,0.46153846153846156,-10.0,31020.43702896633,0.0,31010.43702896633,0,,32333.945
2023-07-07 00:00:00+00:00,1283.96,1269.09,1399.2168,44.03507,33.31071,0.4375,-10.0,30418.58136606619,0.0,30408.58136606619,0,,31706.605
2023-07-10 00:00:00+00:00,1267.99,1293.6,1399.5381,31.691362,32.518574,0.5045871559633027,-10.0,31006.058378595135,0.0,30996.058378595135,0,,32318.957
2023-07-11 00:00:00+00:00,1292.14,1292.43,1400.1683,42.677204,30.615713,0.4375,-10.0,30978.017079980487,0.0,30968.017079980487,0,,32289.729
2023-07-12 00:00:00+00:00,1311.52,1319.69,1400.8302,52.753494,27.030718,0.4375,-10.0,31631.40349617673,0.0,31621.40349617673,0,,32970.78
2023-07-13 00:00:00+00:00,1336.0,1327.73,1401.751,57.895905,27.323565,0.4375,-10.0,31824.115581242462,0.0,31814.115581242462,0,,33171.652
2023-07-14 00:00:00+00:00,1328.73,1331.93,1402.7296,62.649708,27.997131,0.4375,-10.0,31924.786006069065,0.0,31914.786006069065,0,,33276.586
2023-07-17 00:00:00+00:00,1329.3,1328.46,1403.8,62.504307,27.397844,0.46153846153846156,-10.0,31841.611753778026,0.0,31831.611753778026,0,,33189.89
2023-07-18 00:00:00+00:00,1326.3,1335.01,1404.9209,64.30083,27.244995,0.4375,-10.0,31998.610495851564,0.0,31988.610495851564,0,,33353.535
2023-07-19 00:00:00+00:00,1331.36,1340.03,1406.0504,68.61547,26.782846,0.4375,-10.0,32118.936081393425,0.0,32108.936081393425,0,,33478.957
2023-07-20 00:00:00+00:00,1346.02,1349.84,1407.2662,68.952354,27.381418,0.4375,-10.0,32354.067329004276,0.0,32344.067329004276,0,,33724.043
2023-07-21 00:00:00+00:00,1353.71,1361.86,1408.5948,61.871468,25.73428,0.46153846153846156,-10.0,32642.174304012442,0.0,32632.174304012442,0,,34024.35
2023-07-24 00:00:00+00:00,1359.55,1362.02,1409.7373,67.24586,27.962132,0.46153846153846156,-10.0,32646.011076914903,0.0,32636.011076914903,0,,34028.348
2023-07-25 00:00:00+00:00,1336.56,1312.92,1410.6514,67.1692,27.767849,0.4375,-10.0,31469.143075250817,0.0,31459.143075250817,0,,32801.65
2023-07-26 00:00:00+00:00,1300.67,1335.02,1411.2036,52.19603,30.410706,0.4375,-10.0,31998.854012948064,0.0,31988.854012948064,0,,33353.793
2023-07-27 00:00:00+00:00,1339.55,1324.14,1411.8628,60.281097,31.361416,0.4375,-10.0,31738.073481163985,0.0,31728.073481163985,0,,33081.97
2023-07-28 00:00:00+00:00,1260.0,1308.51,1412.6991,64.93571,32.297127,0.4375,-10.0,31363.441532697936,0.0,31353.441532697936,0,,32691.47
2023-07-31 00:00:00+00:00,1314.11,1257.47,1413.6062,54.250053,36.241413,0.4375,-10.0,30140.07181783809,0.0,30130.07181783809,0,,31416.299
2023-08-01 00:00:00+00:00,1252.81,1284.43,1414.3273,42.240753,39.83498,0.46153846153846156,-10.0,30786.272243046897,0.0,30776.272243046897,0,,32089.863
2023-08-02 00:00:00+00:00,1277.0,1291.9,1415.2361,42.163784,41.00927,0.4375,-10.0,30965.317333442024,0.0,30955.317333442024,0,,32276.49
2023-08-03 00:00:00+00:00,1284.39,1269.11,1416.0374,42.016865,42.46713,0.5045871559633027,-10.0,30419.067154113094,0.0,30409.067154113094,0,,31707.111
2023-08-04 00:00:00+00:00,1268.0,1271.49,1416.7979,37.074074,42.80713,0.46153846153846156,-10.0,30476.111462942565,0.0,30466.111462942565,0,,31766.57
2023-08-07 00:00:00+00:00,1276.01,1259.55,1417.2897,38.22497,42.80213,0.4375,-10.0,30189.92453343935,0.0,30179.92453343935,0,,31468.266
2023-08-08 00:00:00+00:00,1256.78,1254.94,1417.5874,34.743237,42.720703,0.4375,-10.0,30079.42510994591,0.0,30069.42510994591,0,,31353.088
2023-08-09 00:00:00+00:00,1254.85,1245.24,1418.0272,32.76762,42.744987,0.4375,-10.0,29846.92886686198,0.0,29836.92886686198,0,,31110.746
2023-08-10 00:00:00+00:00,1247.2,1245.45,1418.5339,28.807053,42.041416,0.46153846153846156,-10.0,29851.959922958267,0.0,29841.959922958267,0,,31115.992
2023-08-11 00:00:00+00:00,1240.0,1239.8,1418.8893,25.228756,39.92142,0.46153846153846156,-10.0,29716.538002076017,0.0,29706.538002076017,0,,30974.836
2023-08-14 00:00:00+00:00,1233.98,1240.17,1419.1025,24.586212,39.559284,0.5045871559633027,-10.0,29725.404847996007,0.0,29715.404847996007,0,,30984.08
2023-08-15 00:00:00+00:00,1235.89,1226.76,1419.149,31.028006,36.916424,0.46153846153846156,-10.0,29403.982338463466,0.0,29393.982338463466,0,,30649.047
2023-08-16 00:00:00+00:00,1216.29,1198.3,1418.9686,20.427233,34.68429,0.4375,-10.0,28721.831700253024,0.0,28711.831700253024,0,,29938.012
2023-08-17 00:00:00+00:00,1200.64,1205.1,1418.6947,18.637232,35.027153,0.5045871559633027,-10.0,28884.81662368674,0.0,28874.81662368674,0,,30107.896
2023-08-18 00:00:00+00:00,1197.05,1184.68,1418.3975,23.040806,30.12501,0.5045871559633027,-10.0,28395.375328764414,0.0,28385.375328764414,0,,29597.73
2023-08-21 00:00:00+00:00,1184.11,1169.67,1417.9962,27.418251,26.871433,0.4375,-10.0,28035.603091328827,0.0,28025.603091328827,0,,29222.725
2023-08-22 00:00:00+00:00,1169.0,1160.97,1417.4404,11.546636,24.500723,0.5045871559633027,-10.0,27827.072491867813,0.0,27817.072491867813,0,,29005.363
2023-08-23 00:00:00+00:00,1170.11,1165.09,1417.0511,6.487138,22.780718,0.5045871559633027,-10.0,27925.823574408612,0.0,27915.823574408612,0,,29108.295
2023-08-24 00:00:00+00:00,1169.48,1161.96,1416.7473,10.532635,22.661438,0.6363636363636364,-10.0,27850.80083403585,0.0,27840.80083403585,0,,29030.096
2023-08-25 00:00:00+00:00,1162.8,1175.45,1416.1345,8.677202,22.286428,0.6363636363636364,-10.0,28174.139538434232,0.0,28164.139538434232,0,,29367.127
2023-08-28 00:00:00+00:00,1181.21,1181.7,1415.5183,18.638052,22.192148,0.5045871559633027,-10.0,28323.944028742135,0.0,28313.944028742135,0,,29523.275
2023-08-29 00:00:00+00:00,1184.55,1206.83,1414.672,23.017927,21.525723,0.4375,-10.0,28926.280557421906,0.0,28916.280557421906,0,,30151.117
2023-08-30 00:00:00+00:00,1210.0,1217.57,1414.0249,37.29405,22.445007,0.4375,-10.0,29183.705105386623,0.0,29173.705105386623,0,,30419.443
2023-08-31 00:00:00+00:00,1221.6,1213.48,1412.8671,41.378017,21.593576,0.4375,-10.0,29085.672984406345,0.0,29075.672984406345,0,,30317.26
2023-09-01 00:00:00+00:00,1225.35,1222.5,1411.6125,41.781136,21.412859,0.5045871559633027,-10.0,29301.8719119602,0.0,29291.8719119602,0,,30542.611
2023-09-05 00:00:00+00:00,1221.22,1215.89,1410.5111,44.76505,22.94929,0.5045871559633027,-10.0,29143.439147742964,0.0,29133.439147742964,0,,30377.47
2023-09-06 00:00:00+00:00,1213.0,1192.61,1409.5503,46.64444,22.99,0.4375,-10.0,28585.444231289977,0.0,28575.444231289977,0,,29795.85
2023-09-07 00:00:00+00:00,1188.05,1162.07,1408.5347,48.18545,21.303572,0.46153846153846156,-10.0,27853.436604797465,0.0,27843.436604797465,0,,29032.846
2023-09-08 00:00:00+00:00,1161.0,1130.7,1407.4009,38.082306,22.62071,0.5045871559633027,-10.0,27101.534654061852,0.0,27091.534654061852,0,,28249.105
2023-09-11 00:00:00+00:00,1135.28,1128.99,1406.0479,35.904514,23.478567,0.5045871559633027,-10.0,27060.549300041086,0.0,27050.549300041086,0,,28206.387
2023-09-12 00:00:00+00:00,1126.67,1121.32,1404.7332,38.584564,23.392849,0.5045871559633027,-10.0,26876.707033885683,0.0,26866.707033885683,0,,28014.76
2023-09-13 00:00:00+00:00,1081.49,1126.97,1403.141,38.808914,22.737854,0.5045871559633027,-10.0,27012.131725671054,0.0,27002.131725671054,0,,28155.918
2023-09-14 00:00:00+00:00,1136.55,1157.67,1401.5692,39.33289,25.258562,0.46153846153846156,-10.0,27747.975419097118,0.0,27737.975419097118,0,,28922.92
2023-09-15 00:00:00+00:00,1155.42,1168.7,1400.1091,48.960022,27.374277,0.46153846153846156,-10.0,28012.349339942615,0.0,28002.349339942615,0,,29198.488
2023-09-18 00:00:00+00:00,1163.18,1134.97,1398.7532,48.343884,31.267849,0.4375,-10.0,27203.881971963074,0.0,27193.881971963074,0,,28355.79
2023-09-19 00:00:00+00:00,1129.79,1131.99,1397.367,39.897095,32.544983,0.46153846153846156,-10.0,27132.455878333178,0.0,27122.455878333178,0,,28281.338
2023-09-20 00:00:00+00:00,1137.79,1131.11,1395.6791,32.105976,31.627842,0.4375,-10.0,27111.362472727556,0.0,27101.362472727556,0,,28259.352
2023-09-21 00:00:00+00:00,1122.15,1094.03,1393.883,28.304739,31.89713,0.4375,-10.0,26222.600527061903,0.0,26212.600527061903,0,,27332.957
2023-09-22 00:00:00+00:00,1094.63,1100.03,1391.9226,24.284187,33.552837,0.4375,-10.0,26366.414251561608,0.0,26356.414251561608,0,,27482.86
2023-09-25 00:00:00+00:00,1095.53,1122.43,1390.151,23.28666,32.199272,0.5045871559633027,-10.0,26903.315981815693,0.0,26893.315981815693,0,,28042.496
2023-09-26 00:00:00+00:00,1117.63,1104.31,1388.4941,30.928097,33.018555,0.4375,-10.0,26469.00067504615,0.0,26459.00067504615,0,,27589.79
2023-09-27 00:00:00+00:00,1107.96,1097.78,1386.7078,31.593443,32.649982,0.4375,-10.0,26312.484233345138,0.0,26302.484233345138,0,,27426.643
2023-09-28 00:00:00+00:00,1097.81,1118.24,1384.7831,35.10773,31.63856,0.4375,-10.0,26802.884156967015,0.0,26792.884156967015,0,,27937.809
2023-09-29 00:00:00+00:00,1129.43,1108.07,1383.0964,46.960094,31.594988,0.46153846153846156,-10.0,26559.119561207703,0.0,26549.119561207703,0,,27683.72
2023-10-02 00:00:00+00:00,1102.97,1087.33,1381.2124,45.098396,32.27785,0.4375,-10.0,26062.006428613528,0.0,26052.006428613528,0,,27165.559
2023-10-03 00:00:00+00:00,1082.52,1075.92,1379.0839,42.495697,33.784992,0.5045871559633027,-10.0,25788.524323133675,0.0,25778.524323133675,0,,26880.496
2023-10-04 00:00:00+00:00,1082.42,1091.9,1377.0897,39.00875,31.094997,0.5045871559633027,-10.0,26171.545920273933,0.0,26161.545920273933,0,,27279.734
2023-10-05 00:00:00+00:00,1090.48,1078.25,1375.4589,34.881134,29.642857,0.5045871559633027,-10.0,25844.370709345694,0.0,25834.370709345694,0,,26938.705
2023-10-06 00:00:00+00:00,1072.18,1081.73,1373.7091,29.455322,25.845713,0.5045871559633027,-10.0,25927.78270005796,0.0,25917.78270005796,0,,27025.65
2023-10-09 00:00:00+00:00,1073.63,1088.26,1372.1282,35.980614,24.877146,0.4375,-10.0,26084.299369825843,0.0,26074.299369825843,0,,27188.795
2023-10-10 00:00:00+00:00,1088.71,1097.02,1370.5442,38.69617,25.461426,0.4375,-10.0,26294.26773584646,0.0,26284.26773584646,0,,27407.654
2023-10-11 00:00:00+00:00,1097.02,1107.08,1368.8092,41.532967,26.053562,0.4375,-10.0,26535.39389644995,0.0,26525.39389644995,0,,27658.99
2023-10-12 00:00:00+00:00,1105.02,1041.81,1367.1523,53.74374,24.476423,0.4375,-10.0,24970.951935388624,0.0,24960.951935388624,0,,26028.305
2023-10-13 00:00:00+00:00,1034.99,1033.64,1365.1661,37.53639,27.990705,0.46153846153846156,-10.0,24775.125157802933,0.0,24765.125157802933,0,,25824.184
2023-10-16 00:00:00+00:00,1048.41,1056.97,1363.0981,29.758787,27.204275,0.5045871559633027,-10.0,25334.317800015197,0.0,25324.317800015197,0,,26407.057
2023-10-17 00:00:00+00:00,1041.34,1045.23,1361.2322,39.45842,28.222849,0.5045871559633027,-10.0,25052.924304610642,0.0,25042.924304610642,0,,26113.746
2023-10-18 00:00:00+00:00,1033.73,1010.0,1359.1228,38.563633,29.919268,0.4375,-10.0,24208.50364223922,0.0,24198.50364223922,0,,25233.568
2023-10-19 00:00:00+00:00,1008.78,1014.12,1356.9456,27.866823,30.097124,0.5045871559633027,-10.0,24307.25551932464,0.0,24297.25551932464,0,,25336.502
2023-10-20 00:00:00+00:00,1015.07,1020.23,1354.7068,30.301493,30.375689,0.5045871559633027,-10.0,24453.70568140185,0.0,24443.70568140185,0,,25489.154
2023-10-23 00:00:00+00:00,1016.98,1008.77,1352.3501,35.0116,28.879978,0.5045871559633027,-10.0,24179.023716856427,0.0,24169.023716856427,0,,25202.842
2023-10-24 00:00:00+00:00,992.33,991.81,1349.9463,35.003777,28.907833,0.4375,-10.0,23772.51235872846,0.0,23762.51235872846,0,,24779.117
2023-10-25 00:00:00+00:00,967.45,975.26,1347.6576,27.744894,28.75998,0.5045871559633027,-10.0,23375.828101346295,0.0,23365.828101346295,0,,24365.635
2023-10-26 00:00:00+00:00,980.23,982.29,1345.2518,27.391647,31.324982,0.6363636363636364,-10.0,23544.329189206426,0.0,23534.329189206426,0,,24541.271
2023-10-27 00:00:00+00:00,983.23,976.25,1342.559,28.505943,31.244978,0.99,-10.0,23399.558057721457,0.0,23389.558057721457,0,,24390.37
2023-10-30 00:00:00+00:00,977.0,962.37,1339.6715,25.737524,31.379263,0.6363636363636364,-10.0,23066.87075237935,0.0,23056.87075237935,0,,24043.594
2023-10-31 00:00:00+00:00,969.82,985.2,1336.8024,21.466372,32.93784,0.5045871559633027,-10.0,23614.078022014965,0.0,23604.078022014965,0,,24613.973
2023-11-01 00:00:00+00:00,987.01,969.48,1333.9395,25.498543,33.844273,0.5045871559633027,-10.0,23237.287934404874,0.0,23227.287934404874,0,,24221.227
2023-11-02 00:00:00+00:00,981.92,991.21,1331.1304,31.842117,30.964277,0.5045871559633027,-10.0,23758.13055683885,0.0,23748.13055683885,0,,24764.123
2023-11-03 00:00:00+00:00,1006.95,1032.06,1328.3882,40.027264,31.188564,0.4375,-10.0,24737.258243736007,0.0,24727.258243736007,0,,25784.709
2023-11-06 00:00:00+00:00,1030.95,1033.7,1325.9562,44.590683,32.45928,0.4375,-10.0,24776.56427819736,0.0,24766.56427819736,0,,25825.68
2023-11-07 00:00:00+00:00,1026.86,1042.28,1323.317,47.381325,30.82643,0.5045871559633027,-10.0,24982.217304010737,0.0,24972.217304010737,0,,26040.041
2023-11-08 00:00:00+00:00,1044.0,1038.28,1320.645,58.34109,30.977152,0.5045871559633027,-10.0,24886.34144322708,0.0,24876.34144322708,0,,25940.105
2023-11-09 00:00:00+00:00,1045.94,1024.55,1318.1626,56.246777,29.89001,0.5045871559633027,-10.0,24557.250255516825,0.0,24547.250255516825,0,,25597.078
2023-11-10 00:00:00+00:00,1004.51,1044.11,1315.6276,51.074642,31.087864,0.5045871559633027,-10.0,25026.078822922856,0.0,25016.078822922856,0,,26085.758
2023-11-13 00:00:00+00:00,1026.54,1019.24,1313.2295,58.450497,36.351437,0.5045871559633027,-10.0,24429.97445904186,0.0,24419.97445904186,0,,25464.414
2023-11-14 00:00:00+00:00,1046.1,1048.19,1310.677,56.319984,36.49572,0.5045871559633027,-10.0,25123.87174145845,0.0,25113.87174145845,0,,26187.691
2023-11-15 00:00:00+00:00,1039.01,1057.02,1308.3809,65.89511,34.605007,0.5045871559633027,-10.0,25335.519328799954,0.0,25325.519328799954,0,,26408.3
2023-11-16 00:00:00+00:00,1061.4,1049.73,1306.0013,66.16064,35.260006,0.4375,-10.0,25160.785475101216,0.0,25150.785475101216,0,,26226.168
2023-11-17 00:00:00+00:00,1070.29,1049.05,1303.4474,65.80486,34.636436,0.46153846153846156,-10.0,25144.48823867308,0.0,25134.48823867308,0,,26209.18
2023-11-20 00:00:00+00:00,1052.0,1050.2,1300.7732,69.7665,33.015724,0.5045871559633027,-10.0,25172.049851917443,0.0,25162.049851917443,0,,26237.91
2023-11-21 00:00:00+00:00,1069.73,1085.51,1298.0659,66.44903,32.104298,0.5045871559633027,-10.0,26018.391179159604,0.0,26008.391179159604,0,,27120.088
2023-11-22 00:00:00+00:00,1084.37,1078.58,1295.7136,76.71411,35.762157,0.46153846153846156,-10.0,25852.286275794384,0.0,25842.286275794384,0,,26946.95
2023-11-24 00:00:00+00:00,1079.0,1093.51,1293.3168,71.586685,36.250736,0.5045871559633027,-10.0,26210.14252295395,0.0,26200.14252295395,0,,27319.959
2023-11-27 00:00:00+00:00,1086.41,1079.84,1291.0109,67.41286,34.056458,0.5045871559633027,-10.0,25882.487933434048,0.0,25872.487933434048,0,,26978.432
2023-11-28 00:00:00+00:00,1073.0,1082.16,1288.7368,62.240025,34.01003,0.5045871559633027,-10.0,25938.096692363335,0.0,25928.096692363335,0,,27036.395
2023-11-29 00:00:00+00:00,1092.99,1092.43,1286.581,60.942814,33.505024,0.5045871559633027,-10.0,26184.255754472215,0.0,26174.255754472215,0,,27292.977
2023-11-30 00:00:00+00:00,1093.64,1091.93,1284.2721,64.36416,33.744305,0.5045871559633027,-10.0,26172.271114115996,0.0,26162.271114115996,0,,27280.482
2023-12-01 00:00:00+00:00,1089.69,1104.47,1282.0043,69.222855,32.870026,0.5045871559633027,-10.0,26472.837299834708,0.0,26462.837299834708,0,,27593.777
2023-12-04 00:00:00+00:00,1099.88,1102.84,1279.7177,67.938644,28.32002,0.5045871559633027,-10.0,26433.768395223604,0.0,26423.768395223604,0,,27553.053
2023-12-05 00:00:00+00:00,1090.0,1081.88,1277.5592,78.82755,27.727879,0.46153846153846156,-10.0,25931.383582215043,0.0,25921.383582215043,0,,27029.395
2023-12-06 00:00:00+00:00,1090.28,1093.23,1275.399,62.294735,27.770735,0.5045871559633027,-10.0,26203.43007814772,0.0,26193.43007814772,0,,27312.96
2023-12-07 00:00:00+00:00,1093.93,1100.02,1273.57,62.97569,27.633596,0.46153846153846156,-10.0,26366.180693497925,0.0,26356.180693497925,0,,27482.604
2023-12-08 00:00:00+00:00,1095.94,1090.52,1271.7931,68.08604,27.48074,0.5045871559633027,-10.0,26138.476129579674,0.0,26128.476129579674,0,,27245.258
2023-12-11 00:00:00+00:00,1090.0,1112.5,1269.9073,64.02433,27.189304,0.46153846153846156,-10.0,26665.3114672854,0.0,26655.3114672854,0,,27794.398
2023-12-12 00:00:00+00:00,1113.02,1114.81,1268.3295,68.46691,28.349304,0.46153846153846156,-10.0,26720.682162929854,0.0,26710.682162929854,0,,27852.115
2023-12-13 00:00:00+00:00,1116.49,1171.0,1266.7456,60.79747,23.768581,0.5045871559633027,-10.0,28067.487862596914,0.0,28057.487862596914,0,,29255.947
2023-12-14 00:00:00+00:00,1188.04,1224.7,1265.432,74.98649,25.809998,0.4375,-10.0,29354.610784053126,0.0,29344.610784053126,0,,30597.572
2023-12-15 00:00:00+00:00,1222.26,1190.61,1264.4657,79.321434,28.492136,0.4375,-10.0,28537.514357795466,0.0,28527.514357795466,0,,29745.877
2023-12-18 00:00:00+00:00,1205.0,1185.03,1263.0212,72.6867,29.800703,0.4375,-10.0,28403.768912994667,0.0,28393.768912994667,0,,29606.469
2023-12-19 00:00:00+00:00,1191.28,1201.77,1261.4032,70.79108,29.512844,0.5045871559633027,-10.0,28805.00571085445,0.0,28795.00571085445,0,,30024.695
2023-12-20 00:00:00+00:00,1202.4,1186.95,1259.8824,71.53551,29.514273,0.5045871559633027,-10.0,28449.78689197881,0.0,28439.78689197881,0,,29654.436
2023-12-21 00:00:00+00:00,1193.17,1209.1,1258.4513,67.715706,30.471418,0.46153846153846156,-10.0,28980.69577932271,0.0,28970.69577932271,0,,30207.824
2023-12-22 00:00:00+00:00,1216.5,1213.8,1257.0457,68.83258,30.637136,0.5045871559633027,-10.0,29093.352314074116,0.0,29083.352314074116,0,,30325.25
2023-12-26 00:00:00+00:00,1217.26,1219.23,1255.7367,69.75363,30.243557,0.5045871559633027,-10.0,29223.499906968904,0.0,29213.499906968904,0,,30460.908
2023-12-27 00:00:00+00:00,1214.71,1222.96,1254.6666,75.882866,28.84927,0.5045871559633027,-10.0,29312.902425016302,0.0,29302.902425016302,0,,30554.098
2023-12-28 00:00:00+00:00,1226.8,1225.26,1253.5836,75.16976,27.891409,0.5045871559633027,-10.0,29368.033104809598,0.0,29358.033104809598,0,,30611.562
2023-12-29 00:00:00+00:00,1218.15,1212.96,1252.3606,74.729485,27.62855,0.5045871559633027,-10.0,29073.215247569264,0.0,29063.215247569264,0,,30304.26
2024-01-02 00:00:00+00:00,1201.58,1214.19,1251.231,73.91218,27.159267,0.4375,-10.0,29102.695319697537,0.0,29092.695319697537,0,,30334.988
2024-01-03 00:00:00+00:00,1199.22,1147.12,1249.9526,71.61133,27.243557,0.4375,-10.0,27495.108245689327,0.0,27485.108245689327,0,,28659.332
2024-01-04 00:00:00+00:00,1137.34,1149.32,1248.4126,55.384453,31.1107,0.4375,-10.0,27547.839437974944,0.0,27537.839437974944,0,,28714.297
2024-01-05 00:00:00+00:00,1132.19,1132.29,1246.7856,45.5942,27.846426,0.5045871559633027,-10.0,27139.65326470019,0.0,27129.65326470019,0,,28288.826
2024-01-08 00:00:00+00:00,1132.29,1166.1,1244.946,27.931421,27.53928,0.5045871559633027,-10.0,27950.037374799107,0.0,27940.037374799107,0,,29133.525
2024-01-09 00:00:00+00:00,1155.54,1140.81,1243.5151,44.13888,27.587141,0.5045871559633027,-10.0,27343.867394087192,0.0,27333.867394087192,0,,28501.688
2024-01-10 00:00:00+00:00,1135.29,1176.86,1241.9637,40.336536,29.618574,0.5045871559633027,-10.0,28207.940081302928,0.0,28197.940081302928,0,,29402.346
2024-01-11 00:00:00+00:00,1171.53,1186.56,1240.5493,44.980038,32.17144,0.4375,-10.0,28440.440323667506,0.0,28430.440323667506,0,,29644.691
2024-01-12 00:00:00+00:00,1198.69,1182.28,1239.0745,49.919773,31.778574,0.4375,-10.0,28337.852973831432,0.0,28327.852973831432,0,,29537.762
2024-01-16 00:00:00+00:00,1168.55,1183.98,1237.6177,44.043182,31.200003,0.4375,-10.0,28378.600042066155,0.0,28368.600042066155,0,,29580.232
2024-01-17 00:00:00+00:00,1173.8,1163.0,1236.056,43.287384,31.512861,0.4375,-10.0,27875.7350848226,0.0,27865.7350848226,0,,29056.074
2024-01-18 00:00:00+00:00,1164.09,1185.0,1234.3723,38.17056,33.450005,0.46153846153846156,-10.0,28403.04940755648,0.0,28393.04940755648,0,,29605.717
2024-01-19 00:00:00+00:00,1188.69,1200.0,1232.6462,42.584198,34.34287,0.5045871559633027,-10.0,28762.58197855531,0.0,28752.58197855531,0,,29980.473
2024-01-22 00:00:00+00:00,1205.74,1219.16,1230.9935,45.298534,35.5393,0.5045871559633027,-10.0,29221.82416808708,0.0,29211.82416808708,0,,30459.16
2024-01-23 00:00:00+00:00,1229.37,1219.94,1229.4417,51.12524,35.739292,0.4375,-10.0,29240.516698300195,0.0,29230.516698300195,0,,30478.645
2024-01-24 00:00:00+00:00,1223.55,1204.81,1227.892,51.045265,35.360004,0.4375,-10.0,28877.87063881797,0.0,28867.87063881797,0,,30100.645
2024-01-25 00:00:00+00:00,1218.0,1202.45,1226.4114,62.928642,33.220722,0.4375,-10.0,28821.301585970064,0.0,28811.301585970064,0,,30041.68
2024-01-26 00:00:00+00:00,1224.21,1217.47,1224.8156,61.89817,33.614285,0.4375,-10.0,29181.31498335188,0.0,29171.31498335188,0,,30416.938
2024-01-29 00:00:00+00:00,1217.75,1227.48,1223.266,69.248856,32.37072,0.4375,-10.0,29421.24328560617,0.0,29411.24328560617,0,,30667.023
2024-01-30 00:00:00+00:00,1224.95,1237.5,1221.7362,65.542404,31.147861,0.4375,-10.0,29661.411675459225,0.0,29651.411675459225,0,,30917.361
2024-01-31 00:00:00+00:00,1240.09,1197.19,1220.0151,76.53548,28.455008,0.4375,-10.0,28695.227983456723,0.0,28685.227983456723,0,,29910.266
2024-02-01 00:00:00+00:00,1196.03,1224.0,1218.1163,55.45185,27.840715,0.4375,-10.0,29337.83409260621,0.0,29327.83409260621,0,,30580.082
2024-02-02 00:00:00+00:00,1213.46,1210.11,1216.2567,59.19629,28.484287,0.5045871559633027,-10.0,29004.90633539922,0.0,28994.90633539922,0,,30233.057
2024-02-05 00:00:00+00:00,1203.32,1186.97,1214.3612,56.52764,28.91571,0.4375,-10.0,28450.267470362847,0.0,28440.267470362847,0,,29654.932
2024-02-06 00:00:00+00:00,1185.98,1212.1,1212.3011,50.637226,29.252146,0.5045871559633027,-10.0,29052.604294629335,0.0,29042.604294629335,0,,30282.773
2024-02-07 00:00:00+00:00,1216.11,1213.23,1210.6638,60.28228,28.955715,0.46153846153846156,-10.0,29079.687615912677,0.0,29069.687615912677,0,,30311.006
2024-02-08 00:00:00+00:00,1212.98,1224.97,1208.933,56.47803,28.157846,0.4375,-10.0,29361.08287988664,0.0,29351.08287988664,0,,30604.314
2024-02-09 00:00:00+00:00,1240.8,1174.51,1207.1868,55.81698,27.830706,0.46153846153846156,-10.0,28151.61679568217,0.0,28141.61679568217,0,,29343.637
2024-02-12 00:00:00+00:00,1181.53,1190.04,1205.7076,40.92221,31.519287,0.4375,-10.0,28523.85366541792,0.0,28513.85366541792,0,,29731.633
2024-02-13 00:00:00+00:00,1166.98,1157.56,1204.3495,44.265022,31.34,0.4375,-10.0,27745.346272486368,0.0,27735.346272486368,0,,28920.162
2024-02-14 00:00:00+00:00,1174.23,1181.18,1202.8545,41.502724,32.673576,0.5045871559633027,-10.0,28311.488256486,0.0,28301.488256486,0,,29510.275
2024-02-15 00:00:00+00:00,1183.05,1192.7,1201.3029,46.44661,33.204998,0.4375,-10.0,28587.60650980382,0.0,28577.60650980382,0,,29798.086
2024-02-16 00:00:00+00:00,1189.21,1187.44,1199.6698,45.812904,32.062134,0.4375,-10.0,28461.53094365146,0.0,28451.53094365146,0,,29666.672
2024-02-20 00:00:00+00:00,1177.96,1184.37,1198.0946,43.121216,31.842844,0.4375,-10.0,28387.947882869452,0.0,28377.947882869452,0,,29589.973
2024-02-21 00:00:00+00:00,1177.3,1193.89,1196.5559,40.64909,31.992832,0.4375,-10.0,28616.13145633553,0.0,28606.13145633553,0,,29827.818
2024-02-22 00:00:00+00:00,1195.0,1192.78,1195.1494,49.348614,30.079258,0.4375,-10.0,28589.526659779538,0.0,28579.526659779538,0,,29800.088
2024-02-23 00:00:00+00:00,1200.4,1209.79,1193.9884,43.14148,29.276411,0.4375,-10.0,28997.235292160036,0.0,28987.235292160036,0,,30225.06
2024-02-26 00:00:00+00:00,1206.41,1195.26,1193.0677,49.930664,28.534983,0.46153846153846156,-10.0,28648.967027115017,0.0,28638.967027115017,0,,29862.047
2024-02-27 00:00:00+00:00,1205.24,1213.21,1192.163,51.866203,28.22284,0.4375,-10.0,29079.20657569982,0.0,29069.20657569982,0,,30310.504
2024-02-28 00:00:00+00:00,1213.21,1243.57,1191.3683,50.25822,27.4057,0.4375,-10.0,29806.900148170662,0.0,29796.900148170662,0,,31069.012
2024-02-29 00:00:00+00:00,1246.98,1247.22,1190.8457,56.21314,29.177847,0.4375,-10.0,29894.388500880465,0.0,29884.388500880465,0,,31160.205
2024-03-01 00:00:00+00:00,1241.55,1267.98,1190.1641,54.71259,28.827131,0.5045871559633027,-10.0,30391.982806394495,0.0,30381.982806394495,0,,31678.867
2024-03-04 00:00:00+00:00,1268.0,1286.54,1189.574,72.646225,27.213552,0.5045871559633027,-10.0,30836.84455042063,0.0,30826.84455042063,0,,32142.564
2024-03-05 00:00:00+00:00,1285.0,1286.9,1189.1422,73.04204,28.093557,0.5045871559633027,-10.0,30845.47221238312,0.0,30835.47221238312,0,,32151.559
2024-03-06 00:00:00+00:00,1295.49,1311.65,1188.731,86.47903,25.94498,0.4375,-10.0,31438.70075792586,0.0,31428.70075792586,0,,32769.906
2024-03-07 00:00:00+00:00,1326.91,1350.46,1188.367,86.56467,26.236416,0.4375,-10.0,32368.927274532965,0.0,32358.927274532965,0,,33739.523
2024-03-08 00:00:00+00:00,1356.01,1313.85,1188.1869,88.34712,28.293562,0.5045871559633027,-10.0,31491.4294366826,0.0,31481.4294366826,0,,32824.867
2024-03-11 00:00:00+00:00,1310.54,1297.97,1187.7627,76.66317,30.811419,0.5045871559633027,-10.0,31110.804185081233,0.0,31100.804185081233,0,,32428.123
2024-03-12 00:00:00+00:00,1300.0,1288.31,1187.4745,72.73273,31.687849,0.5045871559633027,-10.0,30879.268385497235,0.0,30869.268385497235,0,,32186.785
2024-03-13 00:00:00+00:00,1292.18,1305.65,1187.3495,68.88402,31.497149,0.5045871559633027,-10.0,31294.886170513884,0.0,31284.886170513884,0,,32620.0
2024-03-14 00:00:00+00:00,1297.76,1298.13,1187.293,71.197845,31.332144,0.5045871559633027,-10.0,31114.640243498536,0.0,31104.640243498536,0,,32432.123
2024-03-15 00:00:00+00:00,1289.14,1324.45,1187.0426,67.20418,31.285723,0.5045871559633027,-10.0,31745.496891854793,0.0,31735.496891854793,0,,33089.69
2024-03-18 00:00:00+00:00,1324.45,1306.17,1187.0913,74.055046,32.92715,0.46153846153846156,-10.0,31307.349583994703,0.0,31297.349583994703,0,,32632.99
2024-03-19 00:00:00+00:00,1305.9,1302.65,1187.0128,67.28784,32.625713,0.46153846153846156,-10.0,31222.979257193096,0.0,31212.979257193096,0,,32545.047
2024-03-20 00:00:00+00:00,1300.01,1302.86,1186.8794,62.20563,31.19929,0.46153846153846156,-10.0,31228.01149471757,0.0,31218.01149471757,0,,32550.293
2024-03-21 00:00:00+00:00,1309.54,1338.64,1186.7305,61.660675,31.18143,0.46153846153846156,-10.0,32085.617657752497,0.0,32075.617657752497,0,,33444.21
2024-03-22 00:00:00+00:00,1343.74,1327.6,1186.7476,63.931408,30.958567,0.5045871559633027,-10.0,31821.001258511114,0.0,31811.001258511114,0,,33168.39
2024-03-25 00:00:00+00:00,1338.65,1320.0,1186.7766,58.34281,30.81284,0.46153846153846156,-10.0,31638.838471558192,0.0,31628.838471558192,0,,32978.51
2024-03-26 00:00:00+00:00,1320.08,1315.07,1186.7384,56.53324,31.011414,0.4375,-10.0,31520.670996247252,0.0,31510.670996247252,0,,32855.34
2024-03-27 00:00:00+00:00,1326.15,1335.84,1186.8362,50.73232,30.043552,0.4375,-10.0,32018.502180986223,0.0,32008.502180986223,0,,33374.254
2024-03-28 00:00:00+00:00,1340.77,1331.29,1187.055,46.607258,28.458557,0.4375,-10.0,31909.445631399554,0.0,31899.445631399554,0,,33260.58
2024-04-01 00:00:00+00:00,1345.04,1341.2,1187.1267,54.754658,25.61498,0.4375,-10.0,32146.972705445867,0.0,32136.972705445867,0,,33508.164
2024-04-02 00:00:00+00:00,1324.93,1321.05,1187.239,62.182285,25.092129,0.4375,-10.0,31664.004047283717,0.0,31654.004047283717,0,,33004.746
2024-04-03 00:00:00+00:00,1312.83,1330.77,1187.2664,58.711166,25.84355,0.4375,-10.0,31896.978814229842,0.0,31886.978814229842,0,,33247.586
2024-04-04 00:00:00+00:00,1330.0,1284.55,1187.2388,56.96618,26.511404,0.5045871559633027,-10.0,30789.141056820667,0.0,30779.141056820667,0,,32092.838
2024-04-05 00:00:00+00:00,1287.54,1300.84,1187.0518,46.899548,29.139256,0.5045871559633027,-10.0,31179.589393002727,0.0,31169.589393002727,0,,32499.818
2024-04-08 00:00:00+00:00,1302.48,1304.27,1187.1368,44.350857,27.419966,0.46153846153846156,-10.0,31261.803431110577,0.0,31251.803431110577,0,,32585.514
2024-04-09 00:00:00+00:00,1309.95,1336.6,1187.1986,49.510605,26.792114,0.5045871559633027,-10.0,32036.71425021763,0.0,32026.71425021763,0,,33393.234
2024-04-10 00:00:00+00:00,1305.11,1305.44,1187.4648,57.6145,27.83497,0.5045871559633027,-10.0,31289.844692251,0.0,31279.844692251,0,,32614.742
2024-04-11 00:00:00+00:00,1326.0,1311.49,1187.5508,50.508106,29.156399,0.4375,-10.0,31434.857463392607,0.0,31424.857463392607,0,,32765.895
2024-04-12 00:00:00+00:00,1298.0,1261.07,1187.7087,43.943775,27.39998,0.5045871559633027,-10.0,30226.348245047127,0.0,30216.348245047127,0,,31506.215
2024-04-15 00:00:00+00:00,1277.32,1243.56,1187.653,37.377132,29.218557,0.4375,-10.0,29806.65656020311,0.0,29796.65656020311,0,,31068.752
2024-04-16 00:00:00+00:00,1242.72,1228.3,1187.4937,36.022522,29.829983,0.5045871559633027,-10.0,29440.892357569912,0.0,29430.892357569912,0,,30687.5
2024-04-17 00:00:00+00:00,1235.28,1198.03,1187.0508,34.71121,30.007132,0.4375,-10.0,28715.355763793024,0.0,28705.355763793024,0,,29931.242
2024-04-18 00:00:00+00:00,1175.0,1192.56,1186.4828,26.50457,30.887136,0.5045871559633027,-10.0,28584.247899004116,0.0,28574.247899004116,0,,29794.584
2024-04-19 00:00:00+00:00,1201.65,1188.54,1185.8849,26.421679,34.604282,0.4375,-10.0,28487.892094803457,0.0,28477.892094803457,0,,29694.146
2024-04-22 00:00:00+00:00,1195.94,1199.46,1185.304,23.524105,34.010002,0.4375,-10.0,28749.630254404037,0.0,28739.630254404037,0,,29966.967
2024-04-23 00:00:00+00:00,1223.72,1241.32,1184.8303,28.215115,34.11643,0.4375,-10.0,29752.96349580688,0.0,29742.96349580688,0,,31012.783
2024-04-24 00:00:00+00:00,1234.94,1235.37,1184.6914,35.628654,35.192863,0.46153846153846156,-10.0,29610.350796212242,0.0,29600.350796212242,0,,30864.13
2024-04-25 00:00:00+00:00,1232.89,1232.91,1184.4003,40.924175,33.350002,0.4375,-10.0,29551.388534571226,0.0,29541.388534571226,0,,30802.672
2024-04-26 00:00:00+00:00,1230.67,1238.09,1184.1027,36.789707,34.16573,0.4375,-10.0,29675.54609891473,0.0,29665.54609891473,0,,30932.086
2024-04-29 00:00:00+00:00,1240.85,1255.24,1183.6947,37.217007,35.620014,0.5045871559633027,-10.0,30086.611770495496,0.0,30076.611770495496,0,,31360.557
2024-04-30 00:00:00+00:00,1243.8,1229.7,1183.3323,33.305965,34.657158,0.5045871559633027,-10.0,29474.4466790286,0.0,29464.4466790286,0,,30722.47
2024-05-01 00:00:00+00:00,1225.59,1249.75,1182.821,34.092236,33.8993,0.4375,-10.0,29955.02312800847,0.0,29945.02312800847,0,,31223.395
2024-05-02 00:00:00+00:00,1255.2,1249.88,1182.4275,37.75291,36.13216,0.5045871559633027,-10.0,29958.14053857179,0.0,29948.14053857179,0,,31226.645
2024-05-03 00:00:00+00:00,1270.65,1251.95,1182.002,47.22705,34.645725,0.5045871559633027,-10.0,30007.756451784375,0.0,29997.756451784375,0,,31278.361
2024-05-06 00:00:00+00:00,1245.39,1250.8,1181.5615,52.251354,33.58716,0.5045871559633027,-10.0,29980.194100144985,0.0,29970.194100144985,0,,31249.633
2024-05-07 00:00:00+00:00,1260.15,1247.74,1181.0663,56.532352,34.339302,0.4375,-10.0,29906.84837539301,0.0,29896.84837539301,0,,31173.182
2024-05-08 00:00:00+00:00,1249.83,1253.13,1180.4957,67.14021,34.0143,0.5045871559633027,-10.0,30036.03959097718,0.0,30026.03959097718,0,,31307.842
2024-05-09 00:00:00+00:00,1264.27,1290.42,1179.9513,70.8963,30.765738,0.46153846153846156,-10.0,30929.837029939412,0.0,30919.837029939412,0,,32239.484
2024-05-10 00:00:00+00:00,1389.72,1510.25,1179.8387,78.585884,32.60859,0.5045871559633027,-10.0,36198.899314005226,0.0,36188.899314005226,0,,37731.652
2024-05-13 00:00:00+00:00,1505.01,1461.64,1180.7148,90.14236,46.583584,0.4375,-10.0,35033.77667230706,0.0,35023.77667230706,0,,36517.195
2024-05-14 00:00:00+00:00,1467.89,1496.14,1181.4023,77.969345,47.683575,0.5045871559633027,-10.0,35860.702647232836,0.0,35850.702647232836,0,,37379.137
2024-05-15 00:00:00+00:00,1510.26,1519.89,1182.3406,80.866936,48.987156,0.5045871559633027,-10.0,36429.96072746627,0.0,36419.96072746627,0,,37972.496
2024-05-16 00:00:00+00:00,1504.26,1530.55,1183.6526,82.33942,48.872864,0.5045871559633027,-10.0,36685.46876162408,0.0,36675.46876162408,0,,38238.824
2024-05-17 00:00:00+00:00,1535.86,1522.75,1184.8833,82.554886,49.23643,0.4375,-10.0,36498.510194446564,0.0,36488.510194446564,0,,38043.953
2024-05-20 00:00:00+00:00,1528.92,1518.29,1186.0375,80.41061,50.107143,0.46153846153846156,-10.0,36391.609246610824,0.0,36381.609246610824,0,,37932.523
2024-05-21 00:00:00+00:00,1516.33,1521.29,1187.2834,84.45852,49.39643,0.4375,-10.0,36463.515208036435,0.0,36453.515208036435,0,,38007.477
2024-05-22 00:00:00+00:00,1519.93,1501.78,1188.5323,83.79887,47.77714,0.5045871559633027,-10.0,35995.883220751326,0.0,35985.883220751326,0,,37520.043
2024-05-23 00:00:00+00:00,1497.1,1479.3,1189.7435,79.91119,47.39358,0.46153846153846156,-10.0,35457.06544976199,0.0,35447.06544976199,0,,36958.41
2024-05-24 00:00:00+00:00,1481.86,1479.53,1190.8654,75.74805,47.957153,0.5045871559633027,-10.0,35462.57721206469,0.0,35452.57721206469,0,,36964.156
2024-05-28 00:00:00+00:00,1486.57,1454.55,1192.0367,75.95841,47.545002,0.5045871559633027,-10.0,34863.83660180826,0.0,34853.83660180826,0,,36340.062
2024-05-29 00:00:00+00:00,1431.76,1437.16,1193.0823,72.35833,48.034992,0.5045871559633027,-10.0,34447.01785945769,0.0,34437.01785945769,0,,35905.594
2024-05-30 00:00:00+00:00,1395.0,1383.57,1194.0691,69.3924,48.951416,0.5045871559633027,-10.0,33162.526310862966,0.0,33152.526310862966,0,,34566.715
2024-05-31 00:00:00+00:00,1378.05,1404.09,1194.7861,59.48979,50.95499,0.5045871559633027,-10.0,33654.36588495123,0.0,33644.36588495123,0,,35079.38
2024-06-03 00:00:00+00:00,1388.92,1399.43,1195.6727,31.789488,36.85642,0.4375,-10.0,33542.674225710856,0.0,33532.674225710856,0,,34962.96
2024-06-04 00:00:00+00:00,1405.26,1406.83,1196.6783,37.433857,34.599995,0.4375,-10.0,33720.04005334637,0.0,33710.04005334637,0,,35147.836
2024-06-05 00:00:00+00:00,1408.76,1452.03,1197.687,29.741848,32.999992,0.4375,-10.0,34803.432882657,0.0,34793.432882657,0,,36277.1
2024-06-06 00:00:00+00:00,1452.03,1438.03,1199.0238,35.972385,35.06571,0.4375,-10.0,34467.87045662048,0.0,34457.87045662048,0,,35927.332
2024-06-07 00:00:00+00:00,1427.36,1438.58,1200.3656,31.135302,34.006428,0.46153846153846156,-10.0,34481.05177686156,0.0,34471.05177686156,0,,35941.07
2024-06-10 00:00:00+00:00,1434.51,1443.83,1201.7537,32.314976,33.45071,0.4375,-10.0,34606.88945089483,0.0,34596.88945089483,0,,36072.24
2024-06-11 00:00:00+00:00,1432.01,1441.4,1203.1473,34.40691,34.038567,0.4375,-10.0,34548.646168425585,0.0,34538.646168425585,0,,36011.527
2024-06-12 00:00:00+00:00,1459.08,1459.51,1204.5446,33.22976,33.785706,0.4375,-10.0,34982.72165646453,0.0,34972.72165646453,0,,36463.984
2024-06-13 00:00:00+00:00,1462.33,1474.44,1205.9648,41.074356,32.834988,0.4375,-10.0,35340.57630029374,0.0,35330.57630029374,0,,36836.992
2024-06-14 00:00:00+00:00,1464.86,1454.74,1207.4286,48.939953,32.784267,0.46153846153846156,-10.0,34868.39166707009,0.0,34858.39166707009,0,,36344.812
2024-06-17 00:00:00+00:00,1450.74,1447.76,1208.6681,45.01627,32.920696,0.4375,-10.0,34701.089138402196,0.0,34691.089138402196,0,,36170.43
2024-06-18 00:00:00+00:00,1455.68,1481.07,1209.8191,48.528446,31.737131,0.4375,-10.0,35499.48727645659,0.0,35489.48727645659,0,,37002.633
2024-06-20 00:00:00+00:00,1466.77,1456.59,1211.157,58.901993,32.64141,0.5045871559633027,-10.0,34912.730223337014,0.0,34902.730223337014,0,,36391.03
2024-06-21 00:00:00+00:00,1458.18,1463.48,1212.3274,66.784706,29.678545,0.4375,-10.0,35077.875279019914,0.0,35067.875279019914,0,,36563.17
2024-06-24 00:00:00+00:00,1468.51,1453.98,1213.5654,64.56426,28.93498,0.5045871559633027,-10.0,34850.17205561192,0.0,34840.17205561192,0,,36325.824
2024-06-25 00:00:00+00:00,1449.42,1426.8,1214.8722,63.067127,28.227835,0.5045871559633027,-10.0,34198.70220741009,0.0,34188.70220741009,0,,35646.77
2024-06-26 00:00:00+00:00,1426.8,1427.3,1216.1959,54.36964,29.069265,0.46153846153846156,-10.0,34210.68800821158,0.0,34200.68800821158,0,,35659.26
2024-06-27 00:00:00+00:00,1419.89,1406.52,1217.679,43.272934,26.372122,0.5045871559633027,-10.0,33712.61559606658,0.0,33702.61559606658,0,,35140.1
2024-06-28 00:00:00+00:00,1418.0,1397.59,1219.0665,41.733543,26.384268,0.5045871559633027,-10.0,33498.57328411939,0.0,33488.57328411939,0,,34916.996
2024-07-01 00:00:00+00:00,1404.28,1366.84,1220.4479,39.69944,28.027842,0.5045871559633027,-10.0,32761.532296554265,0.0,32751.532296554265,0,,34148.746
2024-07-02 00:00:00+00:00,1365.97,1357.07,1221.6472,32.850697,29.932835,0.5045871559633027,-10.0,32527.35587085483,0.0,32517.35587085483,0,,33904.656
2024-07-03 00:00:00+00:00,1360.12,1354.1,1222.6443,31.810503,30.127834,0.46153846153846156,-10.0,32456.169630807006,0.0,32446.169630807006,0,,33830.453
2024-07-05 00:00:00+00:00,1358.47,1346.08,1223.5713,25.67496,30.535696,0.5045871559633027,-10.0,32263.93841295334,0.0,32253.93841295334,0,,33630.082
2024-07-08 00:00:00+00:00,1357.89,1330.0,1224.6268,19.403114,29.36498,0.46153846153846156,-10.0,31878.520370716244,0.0,31868.520370716244,0,,33228.344
2024-07-09 00:00:00+00:00,1329.94,1308.0,1225.6168,19.74385,29.624983,0.5045871559633027,-10.0,31351.206231335764,0.0,31341.206231335764,0,,32678.701
2024-07-10 00:00:00+00:00,1318.0,1324.1,1226.5013,18.402952,29.717844,0.46153846153846156,-10.0,31737.10308671515,0.0,31727.10308671515,0,,33080.938
2024-07-11 00:00:00+00:00,1334.27,1358.18,1227.6516,11.517527,27.903555,0.5045871559633027,-10.0,32553.960240279423,0.0,32543.960240279423,0,,33932.383
2024-07-12 00:00:00+00:00,1362.77,1359.21,1228.9424,26.958584,29.139273,0.4375,-10.0,32578.645592257773,0.0,32568.645592257773,0,,33958.113
2024-07-15 00:00:00+00:00,1356.85,1358.54,1230.1263,24.897673,29.972134,0.4375,-10.0,32562.588528892647,0.0,32552.588528892647,0,,33941.375
2024-07-16 00:00:00+00:00,1358.54,1382.89,1231.3975,26.003216,29.352139,0.4375,-10.0,33146.227129679944,0.0,33136.227129679944,0,,34549.727
2024-07-17 00:00:00+00:00,1370.31,1378.24,1232.823,38.80017,28.591421,0.5045871559633027,-10.0,33034.77173342744,0.0,33024.77173342744,0,,34433.555
2024-07-18 00:00:00+00:00,1373.54,1356.07,1234.123,37.74601,28.875706,0.5045871559633027,-10.0,32503.382855392672,0.0,32493.382855392672,0,,33879.664
2024-07-19 00:00:00+00:00,1375.07,1344.26,1235.363,37.485714,31.910696,0.46153846153846156,-10.0,32220.31239389494,0.0,32210.31239389494,0,,33584.605
2024-07-22 00:00:00+00:00,1353.4,1372.62,1236.6477,36.95769,30.968557,0.46153846153846156,-10.0,32900.06638715694,0.0,32890.06638715694,0,,34293.145
2024-07-23 00:00:00+00:00,1409.91,1361.6,1238.1311,51.430275,29.517849,0.5045871559633027,-10.0,32635.92992720923,0.0,32625.92992720923,0,,34017.824
2024-07-24 00:00:00+00:00,1362.19,1384.56,1239.4796,51.11407,31.11642,0.5045871559633027,-10.0,33186.2575658262,0.0,33176.2575658262,0,,34591.453
2024-07-25 00:00:00+00:00,1384.9,1411.0,1241.0112,56.820442,32.34141,0.4375,-10.0,33819.99081283539,0.0,33809.99081283539,0,,35252.02
2024-07-26 00:00:00+00:00,1425.42,1450.08,1242.6576,63.42878,35.213562,0.5045871559633027,-10.0,34756.689891573,0.0,34746.689891573,0,,36228.383
2024-07-29 00:00:00+00:00,1450.0,1452.0,1244.4667,72.68057,36.54499,0.4375,-10.0,34802.70975024629,0.0,34792.70975024629,0,,36276.35
2024-07-30 00:00:00+00:00,1464.2,1509.56,1246.2416,79.431015,37.162136,0.4375,-10.0,36182.35379850161,0.0,36172.35379850161,0,,37714.414
2024-07-31 00:00:00+00:00,1520.51,1521.03,1248.2539,82.41176,40.309284,0.5,-10.0,36457.27317325471,0.0,36447.27317325471,0,,38000.973
2024-08-01 00:00:00+00:00,1523.96,1515.35,1250.65,80.90251,40.051426,0.5045871559633027,-10.0,36321.12894772583,0.0,36311.12894772583,0,,37859.062
2024-08-02 00:00:00+00:00,1463.12,1441.43,1253.0586,79.11539,40.930717,0.5045871559633027,-10.0,34549.35742517623,0.0,34539.35742517623,0,,36012.27
2024-08-05 00:00:00+00:00,1403.72,1374.65,1254.981,62.140076,48.917854,0.5045871559633027,-10.0,32948.71950380826,0.0,32938.71950380826,0,,34343.86
2024-08-06 00:00:00+00:00,1386.29,1382.47,1256.628,48.926582,52.176426,0.5,-10.0,33136.15380693957,0.0,33126.15380693957,0,,34539.227
2024-08-07 00:00:00+00:00,1388.38,1357.95,1258.4904,50.546524,53.57714,0.5045871559633027,-10.0,32548.43854596483,0.0,32538.43854596483,0,,33926.63
2024-08-08 00:00:00+00:00,1363.25,1395.33,1260.2095,50.241436,52.22286,0.610270871735615,-10.0,33444.39082947686,0.0,33434.39082947686,0,,34860.52
2024-08-09 00:00:00+00:00,1393.78,1397.26,1262.085,56.15434,52.600002,0.5045871559633027,-10.0,33490.650622137866,0.0,33480.650622137866,0,,34908.734
2024-08-12 00:00:00+00:00,1394.48,1378.14,1264.0275,53.171337,51.420715,0.5045871559633027,-10.0,33032.36740109993,0.0,33022.36740109993,0,,34431.047
2024-08-13 00:00:00+00:00,1389.15,1420.3,1265.9591,52.085335,49.442146,0.5045871559633027,-10.0,34042.892419307944,0.0,34032.892419307944,0,,35484.363
2024-08-14 00:00:00+00:00,1428.46,1402.55,1268.1843,54.297943,49.782146,0.4375,-10.0,33617.445950927926,0.0,33607.445950927926,0,,35040.902
2024-08-15 00:00:00+00:00,1422.15,1434.78,1270.2856,48.96215,48.04786,0.5045871559633027,-10.0,34389.96198739339,0.0,34379.96198739339,0,,35846.125
2024-08-16 00:00:00+00:00,1434.78,1417.58,1272.5782,48.088657,46.895,0.5045871559633027,-10.0,33977.69771692369,0.0,33967.69771692369,0,,35416.406
2024-08-19 00:00:00+00:00,1417.19,1434.79,1274.8542,45.858196,46.71929,0.5045871559633027,-10.0,34390.20437963662,0.0,34380.20437963662,0,,35846.38
2024-08-20 00:00:00+00:00,1434.79,1430.93,1277.1023,40.035187,44.100002,0.6363636363636364,-10.0,34297.685938276925,0.0,34287.685938276925,0,,35749.94
2024-08-21 00:00:00+00:00,1435.96,1431.83,1279.4095,37.743507,42.87929,0.5045871559633027,-10.0,34319.257406512224,0.0,34309.257406512224,0,,35772.43
2024-08-22 00:00:00+00:00,1443.9,1423.44,1281.6125,38.488888,40.781425,0.5045871559633027,-10.0,34118.15777971021,0.0,34108.15777971021,0,,35562.812
2024-08-23 00:00:00+00:00,1440.08,1435.94,1283.5695,46.97391,33.75857,0.5045871559633027,-10.0,34417.76816713591,0.0,34407.76816713591,0,,35875.11
2024-08-26 00:00:00+00:00,1444.0,1422.02,1285.5807,62.612648,30.186436,0.5045871559633027,-10.0,34084.12505486994,0.0,34074.12505486994,0,,35527.34
2024-08-27 00:00:00+00:00,1422.7,1422.59,1287.4794,57.93954,29.26572,0.4375,-10.0,34097.785346116645,0.0,34087.785346116645,0,,35541.58
2024-08-28 00:00:00+00:00,1422.0,1423.18,1289.401,64.35679,26.64072,0.5045871559633027,-10.0,34111.930755343594,0.0,34101.930755343594,0,,35556.32
2024-08-29 00:00:00+00:00,1431.31,1431.23,1291.394,57.39396,25.313572,0.5045871559633027,-10.0,34304.87610342513,0.0,34294.87610342513,0,,35757.438
2024-08-30 00:00:00+00:00,1445.11,1439.08,1293.3297,58.734886,26.015713,0.5045871559633027,-10.0,34493.03215381139,0.0,34483.03215381139,0,,35953.56
2024-09-03 00:00:00+00:00,1413.17,1398.06,1295.429,66.6339,26.811428,0.5045871559633027,-10.0,33509.83405809277,0.0,33499.83405809277,0,,34928.73
2024-09-04 00:00:00+00:00,1391.42,1387.64,1297.1782,43.89145,26.977139,0.5045871559633027,-10.0,33260.07845561616,0.0,33250.07845561616,0,,34668.4
2024-09-05 00:00:00+00:00,1387.64,1386.51,1298.8313,45.732914,26.274282,0.5045871559633027,-10.0,33232.994153199084,0.0,33222.994153199084,0,,34640.168
2024-09-06 00:00:00+00:00,1389.44,1374.68,1300.5153,33.194046,25.683577,0.47053634438955544,-10.0,32949.44471442129,0.0,32939.44471442129,0,,34344.61
2024-09-09 00:00:00+00:00,1387.03,1384.77,1302.1434,34.483513,25.56072,0.5045871559633027,-10.0,33191.288207467056,0.0,33181.288207467056,0,,34596.695
2024-09-10 00:00:00+00:00,1382.66,1394.09,1303.8163,30.925808,25.357866,0.5045871559633027,-10.0,33414.67613423836,0.0,33404.67613423836,0,,34829.543
2024-09-11 00:00:00+00:00,1384.59,1388.52,1305.3591,36.513325,25.725725,0.5045871559633027,-10.0,33281.1705174167,0.0,33271.1705174167,0,,34690.387
2024-09-12 00:00:00+00:00,1381.73,1373.4,1306.9088,34.66901,27.162868,0.4920634920634922,-10.0,32918.762141428226,0.0,32908.762141428226,0,,34312.633
2024-09-13 00:00:00+00:00,1376.49,1383.06,1308.3083,33.092293,28.50001,0.4745762711864407,-10.0,33150.303026713445,0.0,33140.303026713445,0,,34553.977
2024-09-16 00:00:00+00:00,1390.55,1393.25,1309.8243,31.783102,28.060713,0.4920634920634922,-10.0,33394.54551349624,0.0,33384.54551349624,0,,34808.56
2024-09-17 00:00:00+00:00,1399.67,1383.47,1311.3799,39.827423,27.279995,0.4920634920634922,-10.0,33160.129849384924,0.0,33150.129849384924,0,,34564.22
2024-09-18 00:00:00+00:00,1385.19,1402.69,1312.8351,37.013657,28.04072,0.4745762711864407,-10.0,33620.8079943784,0.0,33610.8079943784,0,,35044.402
2024-09-19 00:00:00+00:00,1432.73,1443.03,1314.3888,43.946777,30.060007,0.4920634920634922,-10.0,34587.712909691625,0.0,34577.712909691625,0,,36052.25
2024-09-20 00:00:00+00:00,1429.34,1406.11,1316.0817,52.927475,31.575727,0.4745762711864407,-10.0,33702.784360423764,0.0,33692.784360423764,0,,35129.85
2024-09-23 00:00:00+00:00,1413.78,1405.9,1317.598,42.85157,33.60787,0.4920634920634922,-10.0,33697.75220998695,0.0,33687.75220998695,0,,35124.605
2024-09-24 00:00:00+00:00,1404.95,1442.66,1319.2181,52.065323,31.795732,0.4920634920634922,-10.0,34578.84760465576,0.0,34568.84760465576,0,,36043.008
2024-09-25 00:00:00+00:00,1440.98,1420.36,1320.9652,62.72787,33.33073,0.7586206896551724,-10.0,34044.342628171384,0.0,34034.342628171384,0,,35485.87
2024-09-26 00:00:00+00:00,1434.23,1491.02,1322.5669,57.13202,34.2193,0.4920634920634922,-10.0,35737.97867460697,0.0,35727.97867460697,0,,37251.22
2024-09-27 00:00:00+00:00,1485.75,1478.92,1324.5695,69.64273,37.262154,0.4745762711864407,-10.0,35447.95668677977,0.0,35437.95668677977,0,,36948.918
2024-09-30 00:00:00+00:00,1471.84,1499.7,1326.4016,65.78903,39.44787,0.7586206896551724,-10.0,35946.026075985224,0.0,35936.026075985224,0,,37468.074
2024-10-01 00:00:00+00:00,1494.09,1477.64,1328.326,67.05533,40.63929,0.4745762711864407,-10.0,35417.27470321944,0.0,35407.27470321944,0,,36916.934
2024-10-02 00:00:00+00:00,1468.0,1498.12,1329.8593,63.66452,40.95501,0.58,-10.0,35908.15345728326,0.0,35898.15345728326,0,,37428.598
2024-10-03 00:00:00+00:00,1485.82,1463.4,1331.2263,68.81373,42.02358,0.7586206896551724,-10.0,35075.95627630432,0.0,35065.95627630432,0,,36561.164
2024-10-04 00:00:00+00:00,1477.9,1452.82,1332.5902,61.26725,43.462864,0.6594240420968848,-10.0,34822.36395249502,0.0,34812.36395249502,0,,36296.836
2024-10-07 00:00:00+00:00,1444.89,1465.25,1333.9292,58.345234,44.221443,0.7586206896551724,-10.0,35120.29608655522,0.0,35110.29608655522,0,,36607.383
2024-10-08 00:00:00+00:00,1461.44,1451.47,1335.2466,61.372234,44.94001,0.7586206896551724,-10.0,34790.00585502164,0.0,34780.00585502164,0,,36263.105
2024-10-09 00:00:00+00:00,1459.73,1450.6,1336.5692,56.887497,43.21787,0.58,-10.0,34769.15327144174,0.0,34759.15327144174,0,,36241.37
2024-10-10 00:00:00+00:00,1434.23,1442.34,1337.7767,51.202915,42.08787,0.6540792411948086,-10.0,34571.1703927877,0.0,34561.1703927877,0,,36035.004
2024-10-11 00:00:00+00:00,1449.28,1450.95,1338.9194,56.334133,39.69858,0.4920634920634922,-10.0,34777.53971621047,0.0,34767.53971621047,0,,36250.113
2024-10-14 00:00:00+00:00,1448.98,1456.89,1340.078,57.6514,39.375725,0.4920634920634922,-10.0,34919.9149790591,0.0,34909.9149790591,0,,36398.516
2024-10-15 00:00:00+00:00,1459.22,1453.4,1341.2477,52.699467,37.997864,0.4920634920634922,-10.0,34836.263950008244,0.0,34826.263950008244,0,,36311.324
2024-10-16 00:00:00+00:00,1445.11,1404.47,1342.3883,56.749477,38.000725,0.4920634920634922,-10.0,33663.46992957937,0.0,33653.46992957937,0,,35088.87
2024-10-17 00:00:00+00:00,1422.37,1364.19,1343.346,30.596773,37.575005,0.4920634920634922,-10.0,32698.004731864457,0.0,32688.004731864457,0,,34082.523
2024-10-18 00:00:00+00:00,1377.45,1373.98,1344.096,27.16451,38.782146,0.4920634920634922,-10.0,32932.658667876036,0.0,32922.658667876036,0,,34327.113
2024-10-21 00:00:00+00:00,1363.14,1365.68,1345.2302,23.83235,36.995003,0.4920634920634922,-10.0,32733.718683395186,0.0,32723.718683395186,0,,34119.75
2024-10-22 00:00:00+00:00,1349.93,1351.78,1346.312,25.280434,35.64858,0.4745762711864407,-10.0,32400.551976691488,0.0,32390.551976691488,0,,33772.477
2024-10-23 00:00:00+00:00,1354.12,1320.35,1347.4094,16.722803,33.68287,0.4920634920634922,-10.0,31647.210700175307,0.0,31637.210700175307,0,,32987.24
2024-10-24 00:00:00+00:00,1320.15,1293.38,1348.1807,16.976816,33.89216,0.4920634920634922,-10.0,31000.772351135234,0.0,30990.772351135234,0,,32313.426
2024-10-25 00:00:00+00:00,1302.73,1292.77,1348.9436,15.7825165,33.902866,0.4920634920634922,-10.0,30986.15263646731,0.0,30976.15263646731,0,,32298.186
2024-10-28 00:00:00+00:00,1308.41,1294.92,1349.5231,11.005639,32.742153,0.4920634920634922,-10.0,31037.68535982634,0.0,31027.68535982634,0,,32351.902
2024-10-29 00:00:00+00:00,1286.37,1297.17,1350.065,12.642626,32.55358,0.4920634920634922,-10.0,31091.616274443502,0.0,31081.616274443502,0,,32408.115
2024-10-30 00:00:00+00:00,1299.85,1302.24,1350.6394,13.626709,31.519287,0.7586206896551724,-10.0,31213.138322295803,0.0,31203.138322295803,0,,32534.783
2024-10-31 00:00:00+00:00,1289.0,1291.75,1351.2306,16.27674,30.855007,0.7586206896551724,-10.0,30961.706213911133,0.0,30951.706213911133,0,,32272.703
2024-11-01 00:00:00+00:00,1338.6,1342.09,1351.8744,12.02293,30.477861,0.7586206896551724,-10.0,32168.294779412234,0.0,32158.294779412234,0,,33530.383
2024-11-04 00:00:00+00:00,1349.96,1364.02,1352.6598,27.401566,35.755005,0.4745762711864407,-10.0,32693.932942740834,0.0,32683.932942740834,0,,34078.277
2024-11-05 00:00:00+00:00,1358.71,1385.79,1353.48,33.59639,35.21072,0.4920634920634922,-10.0,33215.735191469816,0.0,33205.735191469816,0,,34622.176
2024-11-06 00:00:00+00:00,1431.46,1398.19,1354.3131,46.19212,33.42857,0.30283763550338383,-10.0,33512.94458347761,0.0,33502.94458347761,0,,34931.97
2024-11-07 00:00:00+00:00,1410.0,1411.52,1355.2043,57.81969,33.38785,0.4745762711864407,-10.0,33832.44905228383,0.0,33822.44905228383,0,,35265.004
2024-11-08 00:00:00+00:00,1342.83,1310.03,1356.2379,58.49553,33.914997,0.4745762711864407,-10.0,31399.85529199201,0.0,31389.85529199201,0,,32729.406
2024-11-11 00:00:00+00:00,1310.43,1250.07,1356.7758,41.142197,40.484993,0.4745762711864407,-10.0,29962.68424527403,0.0,29952.68424527403,0,,31231.383
2024-11-12 00:00:00+00:00,1255.7,1260.97,1356.9388,35.881054,43.539272,0.4920634920634922,-10.0,30223.945772707495,0.0,30213.945772707495,0,,31503.705
2024-11-13 00:00:00+00:00,1254.84,1258.66,1357.1062,41.258907,42.470695,0.4920634920634922,-10.0,30168.57885429991,0.0,30158.57885429991,0,,31445.994
2024-11-14 00:00:00+00:00,1255.0,1237.78,1357.212,44.488895,41.26784,0.4745762711864407,-10.0,29668.11092627353,0.0,29658.11092627353,0,,30924.334
2024-11-15 00:00:00+00:00,1237.19,1179.58,1357.415,41.79915,42.32712,0.4745762711864407,-10.0,28273.124655291496,0.0,28263.124655291496,0,,29470.281
2024-11-18 00:00:00+00:00,1176.1,1174.56,1357.1929,35.26269,45.060696,0.4920634920634922,-10.0,28152.804063714295,0.0,28142.804063714295,0,,29344.867
2024-11-19 00:00:00+00:00,1162.17,1160.67,1357.0151,34.44391,45.347126,0.7586206896551724,-10.0,27819.8763130879,0.0,27809.8763130879,0,,28997.842
2024-11-20 00:00:00+00:00,1160.67,1166.9,1356.8837,32.43157,45.02641,0.7586206896551724,-10.0,27969.199985248182,0.0,27959.199985248182,0,,29153.488
2024-11-21 00:00:00+00:00,1166.9,1196.82,1356.6576,34.340904,45.29141,0.6992131154790068,-10.0,28686.34391263483,0.0,28676.34391263483,0,,29900.996
2024-11-22 00:00:00+00:00,1196.31,1217.97,1356.5756,30.796072,41.363552,0.7586206896551724,-10.0,29193.283919164736,0.0,29183.283919164736,0,,30429.402
2024-11-25 00:00:00+00:00,1228.72,1224.47,1356.5406,30.653057,41.5264,0.58,-10.0,29349.081512101868,0.0,29339.081512101868,0,,30591.795
2024-11-26 00:00:00+00:00,1193.03,1232.3,1356.7904,27.729292,41.90141,0.7586206896551724,-10.0,29536.757873957395,0.0,29526.757873957395,0,,30787.418
2024-11-27 00:00:00+00:00,1242.48,1243.4,1357.0017,26.80576,39.824272,0.58,-10.0,29802.81238046361,0.0,29792.81238046361,0,,31064.736
2024-11-29 00:00:00+00:00,1248.69,1251.2,1357.4309,26.346447,38.95927,0.58,-10.0,29989.766353409388,0.0,29979.766353409388,0,,31259.605
2024-12-02 00:00:00+00:00,1248.48,1258.88,1357.781,38.759583,32.18356,0.4920634920634922,-10.0,30173.84970303109,0.0,30163.84970303109,0,,31451.482
2024-12-03 00:00:00+00:00,1250.64,1257.86,1358.1119,52.103542,28.856419,0.3,-10.0,30149.4008723751,0.0,30139.4008723751,0,,31425.998
2024-12-04 00:00:00+00:00,1251.0,1262.75,1358.464,49.220673,29.163565,0.4745762711864407,-10.0,30266.60769761345,0.0,30256.60769761345,0,,31548.168
2024-12-05 00:00:00+00:00,1259.23,1247.9,1358.856,51.011818,30.102139,0.4745762711864407,-10.0,29910.670695589586,0.0,29900.670695589586,0,,31177.16
2024-12-06 00:00:00+00:00,1264.7,1257.92,1359.126,52.580578,29.392141,0.4745762711864407,-10.0,30150.837256641447,0.0,30140.837256641447,0,,31427.496
2024-12-09 00:00:00+00:00,1262.6,1281.69,1359.4517,76.48416,28.025713,0.4745762711864407,-10.0,30720.574174382986,0.0,30710.574174382986,0,,32021.355
2024-12-10 00:00:00+00:00,1289.88,1270.69,1359.8112,82.1422,28.672136,0.4745762711864407,-10.0,30456.917513182747,0.0,30446.917513182747,0,,31746.535
2024-12-11 00:00:00+00:00,1287.33,1270.63,1360.1884,83.591835,29.573565,0.3,-10.0,30455.48155254703,0.0,30445.48155254703,0,,31745.037
2024-12-12 00:00:00+00:00,1261.29,1276.92,1360.4753,82.91138,29.78357,0.4920634920634922,-10.0,30606.24486476177,0.0,30596.24486476177,0,,31902.184
2024-12-13 00:00:00+00:00,1276.92,1276.98,1360.6421,79.897026,28.364285,0.58,-10.0,30607.682392951992,0.0,30597.682392951992,0,,31903.682
2024-12-16 00:00:00+00:00,1267.79,1260.73,1360.7909,76.140724,27.594997,0.4920634920634922,-10.0,30218.18882261436,0.0,30208.18882261436,0,,31497.695
2024-12-17 00:00:00+00:00,1257.67,1246.88,1360.7548,64.78554,26.394278,0.4920634920634922,-10.0,29886.221697454428,0.0,29876.221697454428,0,,31151.672
2024-12-18 00:00:00+00:00,1244.1,1214.44,1360.5564,55.66697,26.174282,0.4745762711864407,-10.0,29108.671562355317,0.0,29098.671562355317,0,,30341.2
2024-12-19 00:00:00+00:00,1213.72,1206.02,1360.1941,40.34534,27.878567,0.58,-10.0,28906.856698228778,0.0,28896.856698228778,0,,30130.84
2024-12-20 00:00:00+00:00,1206.07,1230.74,1359.6659,35.000008,28.396423,0.4920634920634922,-10.0,29499.36640439976,0.0,29489.36640439976,0,,30748.436
2024-12-23 00:00:00+00:00,1219.44,1234.39,1359.0674,41.607,29.424997,0.4745762711864407,-10.0,29586.852342163053,0.0,29576.852342163053,0,,30839.627
2024-12-24 00:00:00+00:00,1233.77,1246.3,1358.67,43.108006,28.552847,0.4920634920634922,-10.0,29872.322905916895,0.0,29862.322905916895,0,,31137.186
2024-12-26 00:00:00+00:00,1234.43,1245.28,1358.4117,45.360718,27.97856,0.4745762711864407,-10.0,29847.87445953454,0.0,29837.87445953454,0,,31111.701
2024-12-27 00:00:00+00:00,1231.36,1234.23,1358.1965,49.19858,27.418552,0.4745762711864407,-10.0,29583.018680458066,0.0,29573.018680458066,0,,30835.63
2024-12-30 00:00:00+00:00,1222.67,1219.92,1357.8395,42.79893,25.625698,0.4745762711864407,-10.0,29240.026183329577,0.0,29230.026183329577,0,,30478.115
2024-12-31 00:00:00+00:00,1227.7,1223.68,1357.4484,30.07807,25.371416,0.4745762711864407,-10.0,29330.14851077294,0.0,29320.14851077294,0,,30572.055
2025-01-02 00:00:00+00:00,1237.41,1220.78,1356.9446,34.095707,25.297136,0.4920634920634922,-10.0,29260.63781037206,0.0,29250.63781037206,0,,30499.602
2025-01-03 00:00:00+00:00,1214.25,1238.28,1356.5176,33.45284,26.19356,0.4920634920634922,-10.0,29680.093603034307,0.0,29670.093603034307,0,,30936.818
2025-01-06 00:00:00+00:00,1241.87,1252.25,1356.1958,38.062275,26.906416,0.4745762711864407,-10.0,30014.936368175313,0.0,30004.936368175313,0,,31285.84
2025-01-07 00:00:00+00:00,1257.63,1254.99,1355.9427,42.964443,27.391418,0.4920634920634922,-10.0,30080.61164553216,0.0,30070.61164553216,0,,31354.297
2025-01-08 00:00:00+00:00,1253.95,1246.51,1355.5244,48.231018,27.57285,0.4745762711864407,-10.0,29877.35632244494,0.0,29867.35632244494,0,,31142.436
2025-01-10 00:00:00+00:00,1221.04,1210.99,1355.119,49.88207,27.169277,0.4745762711864407,-10.0,29025.984616840793,0.0,29015.984616840793,0,,30255.016
2025-01-13 00:00:00+00:00,1215.53,1267.22,1354.574,48.921555,27.051426,0.4745762711864407,-10.0,30373.750806668835,0.0,30363.750806668835,0,,31659.85
2025-01-14 00:00:00+00:00,1269.8,1271.36,1354.3347,64.72852,30.274282,0.4920634920634922,-10.0,30472.983362845924,0.0,30462.983362845924,0,,31763.281
2025-01-15 00:00:00+00:00,1277.82,1279.73,1354.0123,60.850513,30.097141,0.4920634920634922,-10.0,30673.600792960257,0.0,30663.600792960257,0,,31972.395
2025-01-16 00:00:00+00:00,1282.46,1297.52,1353.7545,61.813435,32.89643,0.4745762711864407,-10.0,31100.00534175661,0.0,31090.00534175661,0,,32416.854
2025-01-17 00:00:00+00:00,1302.72,1295.43,1353.5361,62.948723,34.316433,0.4920634920634922,-10.0,31049.910824027585,0.0,31039.910824027585,0,,32364.639
2025-01-21 00:00:00+00:00,1302.48,1324.48,1353.408,62.610016,35.177143,0.4920634920634922,-10.0,31746.20309620804,0.0,31736.20309620804,0,,33090.414
2025-01-22 00:00:00+00:00,1317.86,1324.68,1353.3766,70.809326,36.20499,0.4920634920634922,-10.0,31750.997984623722,0.0,31740.997984623722,0,,33095.41
2025-01-23 00:00:00+00:00,1318.1,1335.29,1353.5771,75.83605,35.874992,0.4920634920634922,-10.0,32005.305499361675,0.0,31995.305499361675,0,,33360.484
2025-01-24 00:00:00+00:00,1329.44,1331.1,1353.7495,76.62579,36.852844,0.4920634920634922,-10.0,31904.874574867445,0.0,31894.874574867445,0,,33255.805
2025-01-27 00:00:00+00:00,1329.97,1347.21,1353.8835,76.15704,35.803562,0.4920634920634922,-10.0,32291.010438077814,0.0,32281.010438077814,0,,33658.29
2025-01-28 00:00:00+00:00,1360.3,1352.82,1353.9366,75.99884,35.353558,0.4920634920634922,-10.0,32425.473424739306,0.0,32415.473424739306,0,,33798.445
2025-01-29 00:00:00+00:00,1339.0,1335.5,1354.1736,75.00123,36.234993,0.58,-10.0,32010.335299931216,0.0,32000.335299931216,0,,33365.73
2025-01-30 00:00:00+00:00,1359.97,1364.5,1354.2936,68.66164,36.57142,0.4920634920634922,-10.0,32705.42972285505,0.0,32695.42972285505,0,,34090.258
2025-01-31 00:00:00+00:00,1360.81,1364.44,1354.8108,74.97354,37.999992,0.4920634920634922,-10.0,32703.99106896066,0.0,32693.99106896066,0,,34088.758
2025-02-03 00:00:00+00:00,1341.89,1342.43,1355.4152,88.215355,36.82999,0.4745762711864407,-10.0,32176.439619247656,0.0,32166.439619247656,0,,33538.867
2025-02-04 00:00:00+00:00,1332.25,1339.71,1355.9858,72.57884,34.599983,0.4920634920634922,-10.0,32111.241789950094,0.0,32101.241789950094,0,,33470.91
2025-02-05 00:00:00+00:00,1351.29,1363.56,1356.6942,70.69581,34.563545,0.4920634920634922,-10.0,32682.901429598005,0.0,32672.901429598005,0,,34066.773
2025-02-06 00:00:00+00:00,1364.3,1357.26,1357.5492,73.20747,33.25641,0.58,-10.0,32531.896174183952,0.0,32521.896174183952,0,,33909.375
2025-02-07 00:00:00+00:00,1438.46,1390.0,1358.3928,67.662,32.187126,0.4920634920634922,-10.0,33316.634443363095,0.0,33306.634443363095,0,,34727.344
2025-02-10 00:00:00+00:00,1390.0,1340.49,1359.3455,73.66969,36.233555,0.7586206896551724,-10.0,32129.938488529573,0.0,32119.938488529573,0,,33490.4
2025-02-11 00:00:00+00:00,1332.28,1331.97,1359.8413,53.634834,38.007847,0.4745762711864407,-10.0,31925.724400758045,0.0,31915.724400758045,0,,33277.54
2025-02-12 00:00:00+00:00,1309.66,1312.6,1360.3243,51.59482,38.890705,0.4920634920634922,-10.0,31461.44962243386,0.0,31451.44962243386,0,,32793.605
2025-02-13 00:00:00+00:00,1324.64,1297.14,1360.7228,45.219322,39.603558,0.4920634920634922,-10.0,31090.893012136217,0.0,31080.893012136217,0,,32407.357
2025-02-14 00:00:00+00:00,1302.14,1271.91,1361.0181,43.169212,40.34927,0.4920634920634922,-10.0,30486.160042006646,0.0,30476.160042006646,0,,31777.02
2025-02-18 00:00:00+00:00,1271.48,1273.18,1361.1014,35.390007,41.849995,0.4920634920634922,-10.0,30516.60038163294,0.0,30506.60038163294,0,,31808.748
2025-02-19 00:00:00+00:00,1276.82,1302.93,1361.3188,34.28326,41.1907,0.4920634920634922,-10.0,31229.67231290037,0.0,31219.67231290037,0,,32552.014
2025-02-20 00:00:00+00:00,1313.5,1303.13,1361.5847,43.872997,40.90713,0.4745762711864407,-10.0,31234.46364279285,0.0,31224.46364279285,0,,32557.008
2025-02-21 00:00:00+00:00,1299.19,1286.54,1361.851,37.052204,38.749992,0.4745762711864407,-10.0,30836.822781488037,0.0,30826.822781488037,0,,32142.53
2025-02-24 00:00:00+00:00,1283.29,1309.97,1362.0239,34.63634,38.55999,0.4745762711864407,-10.0,31398.410760843843,0.0,31388.410760843843,0,,32727.896
2025-02-25 00:00:00+00:00,1310.68,1308.89,1362.3197,43.63378,38.81714,0.4745762711864407,-10.0,31372.526167164342,0.0,31362.526167164342,0,,32700.918
2025-02-26 00:00:00+00:00,1311.59,1289.52,1362.6255,43.916313,37.735718,0.4745762711864407,-10.0,30908.249798882378,0.0,30898.249798882378,0,,32216.982
2025-02-27 00:00:00+00:00,1280.12,1253.3,1362.8075,35.121758,37.05357,0.4745762711864407,-10.0,30040.099694674045,0.0,30030.099694674045,0,,31312.072
2025-02-28 00:00:00+00:00,1264.77,1272.72,1362.6218,31.351788,39.560722,0.4920634920634922,-10.0,30505.572898155853,0.0,30495.572898155853,0,,31797.254
2025-03-03 00:00:00+00:00,1275.9,1268.64,1361.4342,27.906681,35.493584,0.4920634920634922,-10.0,30407.780676420047,0.0,30397.780676420047,0,,31695.32
2025-03-04 00:00:00+00:00,1267.19,1240.97,1360.4692,33.66969,34.42001,0.4920634920634922,-10.0,29744.563564818316,0.0,29734.563564818316,0,,31004.021
2025-03-05 00:00:00+00:00,1227.0,1257.84,1359.1934,30.973461,35.555725,0.4745762711864407,-10.0,30148.91563976062,0.0,30138.91563976062,0,,31425.496
2025-03-06 00:00:00+00:00,1243.67,1272.54,1357.883,38.429665,34.877155,0.4920634920634922,-10.0,30501.260044655875,0.0,30491.260044655875,0,,31792.758
2025-03-07 00:00:00+00:00,1267.74,1291.56,1356.593,44.785484,35.130013,0.4920634920634922,-10.0,30957.145929942082,0.0,30947.145929942082,0,,32267.947
2025-03-10 00:00:00+00:00,1274.16,1294.4,1355.4371,54.277885,35.01429,0.4745762711864407,-10.0,31025.2149774739,0.0,31015.2149774739,0,,32338.898
2025-03-11 00:00:00+00:00,1290.85,1243.17,1354.3176,54.588306,36.00286,0.4745762711864407,-10.0,29797.294682330332,0.0,29787.294682330332,0,,31058.984
2025-03-12 00:00:00+00:00,1249.0,1216.02,1352.927,38.176624,37.52143,0.4745762711864407,-10.0,29146.54200897321,0.0,29136.54200897321,0,,30380.676
2025-03-13 00:00:00+00:00,1212.1,1201.99,1351.4983,34.42628,38.643574,0.4920634920634922,-10.0,28810.258793886933,0.0,28800.258793886933,0,,30030.152
2025-03-14 00:00:00+00:00,1209.57,1230.25,1350.1117,34.74431,39.049995,0.4920634920634922,-10.0,29487.61829031642,0.0,29477.61829031642,0,,30736.193
2025-03-17 00:00:00+00:00,1226.0,1235.02,1348.8654,35.862244,38.457134,0.4745762711864407,-10.0,29601.950106142423,0.0,29591.950106142423,0,,30855.367
2025-03-18 00:00:00+00:00,1232.17,1242.73,1347.7677,37.068935,38.673557,0.4745762711864407,-10.0,29786.747741597374,0.0,29776.747741597374,0,,31047.99
2025-03-19 00:00:00+00:00,1238.49,1220.44,1346.7955,41.460735,38.109985,0.4745762711864407,-10.0,29252.482241058013,0.0,29242.482241058013,0,,30491.102
2025-03-20 00:00:00+00:00,1215.93,1200.38,1345.9799,43.68172,36.363552,0.4745762711864407,-10.0,28771.6698252629,0.0,28761.6698252629,0,,29989.932
2025-03-21 00:00:00+00:00,1200.21,1199.21,1344.9613,36.12476,36.20284,0.4745762711864407,-10.0,28743.62565412911,0.0,28733.62565412911,0,,29960.7
2025-03-24 00:00:00+00:00,1211.73,1212.06,1343.9602,36.532566,35.727844,0.4920634920634922,-10.0,29051.62753272427,0.0,29041.62753272427,0,,30281.742
2025-03-25 00:00:00+00:00,1216.13,1195.1,1342.9863,44.05024,33.827847,0.4745762711864407,-10.0,28645.114313869464,0.0,28635.114313869464,0,,29858.014
2025-03-26 00:00:00+00:00,1194.68,1191.03,1341.7017,37.092678,33.412136,0.4745762711864407,-10.0,28547.563051113895,0.0,28537.563051113895,0,,29756.334
2025-03-27 00:00:00+00:00,1192.74,1193.33,1340.4667,32.464188,32.959282,0.4920634920634922,-10.0,28602.6904302768,0.0,28592.6904302768,0,,29813.795
2025-03-28 00:00:00+00:00,1190.56,1177.09,1339.2405,27.228876,31.83429,0.4920634920634922,-10.0,28213.43664217923,0.0,28203.43664217923,0,,29408.059
2025-03-31 00:00:00+00:00,1170.79,1180.91,1337.9067,24.396523,30.94929,0.4920634920634922,-10.0,28304.999223139825,0.0,28294.999223139825,0,,29503.498
2025-04-01 00:00:00+00:00,1176.4,1156.38,1336.6042,32.86549,30.978577,0.4920634920634922,-10.0,27717.043275963308,0.0,27707.043275963308,0,,28890.648
2025-04-02 00:00:00+00:00,1139.44,1172.5,1335.0886,33.34638,30.817862,0.4745762711864407,-10.0,28103.421517335963,0.0,28093.421517335963,0,,29293.387
2025-04-03 00:00:00+00:00,1150.35,1095.24,1333.579,41.860348,31.512869,0.4745762711864407,-10.0,26251.591194904217,0.0,26241.591194904217,0,,27363.145
2025-04-04 00:00:00+00:00,1075.41,1022.66,1331.7815,20.669146,35.39216,0.4745762711864407,-10.0,24511.934398134832,0.0,24501.934398134832,0,,25549.826
2025-04-07 00:00:00+00:00,1012.77,1032.15,1329.656,14.364353,40.112164,0.58,-10.0,24739.398480529482,0.0,24729.398480529482,0,,25786.922
2025-04-08 00:00:00+00:00,1068.68,972.51,1327.4114,14.872925,47.01002,0.7586206896551724,-10.0,23309.89932456786,0.0,23299.89932456786,0,,24296.895
2025-04-09 00:00:00+00:00,956.37,1061.66,1324.991,13.224988,53.81145,0.7586206896551724,-10.0,25446.71864217139,0.0,25436.71864217139,0,,26524.191
2025-04-10 00:00:00+00:00,1033.66,997.69,1322.9818,32.923843,60.827168,0.7586206896551724,-10.0,23913.432904990586,0.0,23903.432904990586,0,,24925.982
2025-04-11 00:00:00+00:00,1009.42,1041.9,1320.7004,28.515093,65.312164,0.4920634920634922,-10.0,24973.09350255459,0.0,24963.09350255459,0,,26030.512
2025-04-14 00:00:00+00:00,1064.18,1082.85,1318.7759,32.995567,68.14503,0.7586206896551724,-10.0,25954.615580436734,0.0,25944.615580436734,0,,27053.594
2025-04-15 00:00:00+00:00,1072.46,1046.58,1317.0537,39.295864,68.94216,0.75,-10.0,25085.26704640954,0.0,25075.26704640954,0,,26147.436
2025-04-16 00:00:00+00:00,1041.29,1016.65,1315.2539,37.02226,70.08644,0.4920634920634922,-10.0,24367.882800612686,0.0,24357.882800612686,0,,25399.676
2025-04-17 00:00:00+00:00,1013.6,1004.96,1313.3492,34.87744,71.052864,0.7586206896551724,-10.0,24087.686983702573,0.0,24077.686983702573,0,,25107.615
2025-04-21 00:00:00+00:00,996.88,970.15,1311.5398,35.15123,69.82287,0.7586206896551724,-10.0,23253.33367310485,0.0,23243.33367310485,0,,24237.934
2025-04-22 00:00:00+00:00,982.02,1003.16,1309.6052,32.74157,68.92144,0.7586206896551724,-10.0,24044.54391008898,0.0,24034.54391008898,0,,25062.645
2025-04-23 00:00:00+00:00,1044.34,1046.23,1307.8506,37.625183,69.38001,0.7586206896551724,-10.0,25076.879535989458,0.0,25066.879535989458,0,,26138.691
2025-04-24 00:00:00+00:00,1042.57,1075.0,1306.3513,40.227234,73.66787,0.7586206896551724,-10.0,25766.461676893396,0.0,25756.461676893396,0,,26857.47
2025-04-25 00:00:00+00:00,1060.1,1061.79,1305.0763,48.30639,70.70358,0.7586206896551724,-10.0,25449.834841716747,0.0,25439.834841716747,0,,26527.438
2025-04-28 00:00:00+00:00,1067.19,1061.46,1303.8452,53.635475,65.825005,0.6945373543522961,-10.0,25441.92254336317,0.0,25431.92254336317,0,,26519.191
2025-04-29 00:00:00+00:00,1056.64,1065.23,1302.5321,52.770264,61.0943,0.58,-10.0,25532.28516851587,0.0,25522.28516851587,0,,26613.38
2025-04-30 00:00:00+00:00,1058.34,1070.57,1301.0673,59.798367,54.429302,0.4745762711864407,-10.0,25660.278234338763,0.0,25650.278234338763,0,,26746.793
2025-05-01 00:00:00+00:00,1074.13,1056.58,1299.6241,51.144264,47.873585,0.4920634920634922,-10.0,25324.95531423243,0.0,25314.95531423243,0,,26397.271
2025-05-02 00:00:00+00:00,1074.74,1100.01,1298.1143,58.676876,44.399292,0.4745762711864407,-10.0,26365.920298171346,0.0,26355.920298171346,0,,27482.314
2025-05-05 00:00:00+00:00,1095.48,1091.13,1296.7,58.58168,45.735718,0.4920634920634922,-10.0,26153.07681165824,0.0,26143.07681165824,0,,27260.459
2025-05-06 00:00:00+00:00,1078.59,1063.37,1295.2644,51.35074,44.07858,0.4920634920634922,-10.0,25487.702592232647,0.0,25477.702592232647,0,,26566.91
2025-05-07 00:00:00+00:00,1074.0,1084.46,1293.8009,52.817215,43.731438,0.58,-10.0,25993.20243865233,0.0,25983.20243865233,0,,27093.816
2025-05-08 00:00:00+00:00,1092.93,1101.63,1292.5018,61.725735,43.09072,0.58,-10.0,26404.74714093066,0.0,26394.74714093066,0,,27522.785
2025-05-09 00:00:00+00:00,1101.0,1080.98,1291.1469,66.40531,45.325718,0.58,-10.0,25909.791594142862,0.0,25899.791594142862,0,,27006.871
2025-05-12 00:00:00+00:00,1121.0,1174.59,1289.7438,69.75789,44.682148,0.4920634920634922,-10.0,28153.51019650511,0.0,28143.51019650511,0,,29345.594
2025-05-13 00:00:00+00:00,1169.81,1177.05,1288.694,75.131195,48.52715,0.4920634920634922,-10.0,28212.47457064709,0.0,28202.47457064709,0,,29407.055
2025-05-14 00:00:00+00:00,1178.14,1117.81,1287.5242,71.76995,43.09786,0.4920634920634922,-10.0,26792.563059234155,0.0,26782.563059234155,0,,27927.021
2025-05-15 00:00:00+00:00,1114.03,1143.36,1285.8628,56.46814,44.448574,0.4920634920634922,-10.0,27404.962547732663,0.0,27394.962547732663,0,,28565.352
2025-05-16 00:00:00+00:00,1137.48,1157.44,1284.3197,61.881306,46.125,0.4920634920634922,-10.0,27742.442549314077,0.0,27732.442549314077,0,,28917.121
2025-05-19 00:00:00+00:00,1140.0,1159.1,1282.5591,63.441822,45.445713,0.7586206896551724,-10.0,27782.23095357743,0.0,27772.23095357743,0,,28958.596
2025-05-20 00:00:00+00:00,1175.15,1186.0,1280.7494,63.224476,44.70357,0.4920634920634922,-10.0,28426.991648324693,0.0,28416.991648324693,0,,29630.656
2025-05-21 00:00:00+00:00,1168.48,1133.26,1279.1027,65.330574,44.990723,0.4920634920634922,-10.0,27162.876870871503,0.0,27152.876870871503,0,,28313.018
2025-05-22 00:00:00+00:00,1119.02,1136.0,1277.5618,59.233665,45.41358,0.4920634920634922,-10.0,27228.55135091575,0.0,27218.55135091575,0,,28381.47
2025-05-23 00:00:00+00:00,1116.01,1114.14,1276.3685,54.804688,41.410725,0.4920634920634922,-10.0,26704.59390745292,0.0,26694.59390745292,0,,27835.328
2025-05-27 00:00:00+00:00,1138.68,1162.84,1275.0269,52.968956,42.102863,0.4920634920634922,-10.0,27871.87381394366,0.0,27861.87381394366,0,,29052.033
2025-05-28 00:00:00+00:00,1159.75,1157.5,1274.0514,62.176517,42.89715,0.4920634920634922,-10.0,27743.881145426938,0.0,27733.881145426938,0,,28918.621
2025-05-29 00:00:00+00:00,1176.19,1173.18,1272.8622,59.299725,41.44715,0.4920634920634922,-10.0,28119.712711026586,0.0,28109.712711026586,0,,29310.367
2025-05-30 00:00:00+00:00,1170.47,1155.52,1271.7418,59.14471,39.70358,0.4920634920634922,-10.0,27696.42237220221,0.0,27686.42237220221,0,,28869.154
2025-06-02 00:00:00+00:00,1143.92,1141.13,1270.6287,59.60023,39.380005,0.4920634920634922,-10.0,27351.511677683728,0.0,27341.511677683728,0,,28509.639
2025-06-03 00:00:00+00:00,1140.0,1166.46,1269.2329,44.585766,35.060005,0.4920634920634922,-10.0,27958.63992594988,0.0,27948.63992594988,0,,29142.473
2025-06-04 00:00:00+00:00,1168.7,1169.67,1268.0524,48.40448,36.542873,0.4920634920634922,-10.0,28035.58060582079,0.0,28025.58060582079,0,,29222.672
2025-06-05 00:00:00+00:00,1175.5,1164.61,1266.7268,59.400375,34.0243,0.4920634920634922,-10.0,27914.297408132337,0.0,27904.297408132337,0,,29096.252
2025-06-06 00:00:00+00:00,1180.56,1184.34,1265.462,54.160954,32.01431,0.4745762711864407,-10.0,28387.20214534968,0.0,28377.20214534968,0,,29589.182
2025-06-09 00:00:00+00:00,1195.63,1195.39,1264.2097,55.15326,31.291443,0.4745762711864407,-10.0,28652.059097815465,0.0,28642.059097815465,0,,29865.254
2025-06-10 00:00:00+00:00,1203.9,1216.57,1263.0321,56.710682,31.492876,0.4920634920634922,-10.0,29159.715063101863,0.0,29149.715063101863,0,,30394.404
2025-06-11 00:00:00+00:00,1215.39,1192.98,1261.9558,55.775105,31.451443,0.4920634920634922,-10.0,28594.29118679674,0.0,28584.29118679674,0,,29805.037
2025-06-12 00:00:00+00:00,1184.24,1188.21,1260.8035,62.67832,30.598581,0.4745762711864407,-10.0,28479.959807776962,0.0,28469.959807776962,0,,29685.865
2025-06-13 00:00:00+00:00,1171.79,1155.42,1259.5648,60.989254,29.980007,0.4745762711864407,-10.0,27694.02522890502,0.0,27684.02522890502,0,,28866.65
2025-06-16 00:00:00+00:00,1164.71,1182.85,1258.2318,58.30651,30.095005,0.4920634920634922,-10.0,28351.48616190615,0.0,28341.48616190615,0,,29551.95
2025-06-17 00:00:00+00:00,1166.52,1150.57,1257.0331,54.40342,29.113577,0.58,-10.0,27577.77279428217,0.0,27567.77279428217,0,,28745.475
2025-06-18 00:00:00+00:00,1147.47,1145.47,1255.67,48.63662,30.762146,0.4920634920634922,-10.0,27455.532688914296,0.0,27445.532688914296,0,,28618.059
2025-06-20 00:00:00+00:00,1159.08,1153.93,1254.2412,44.31168,31.026438,0.4920634920634922,-10.0,27658.31186077146,0.0,27648.31186077146,0,,28829.424
2025-06-23 00:00:00+00:00,1143.12,1163.61,1252.8156,49.6608,30.076443,0.4920634920634922,-10.0,27890.327440392135,0.0,27880.327440392135,0,,29071.264
2025-06-24 00:00:00+00:00,1177.5,1185.18,1251.6433,54.894188,29.962158,0.480096724103948,-10.0,28407.335006761718,0.0,28397.335006761718,0,,29610.164
2025-06-25 00:00:00+00:00,1185.49,1192.85,1250.631,54.143448,29.059292,0.4745762711864407,-10.0,28591.173492898164,0.0,28581.173492898164,0,,29801.785
2025-06-26 00:00:00+00:00,1199.71,1193.31,1249.6626,55.031242,29.637146,0.4920634920634922,-10.0,28602.199451704382,0.0,28592.199451704382,0,,29813.277
2025-06-27 00:00:00+00:00,1201.14,1184.54,1248.7559,56.356327,30.764282,0.58,-10.0,28391.992955311023,0.0,28381.992955311023,0,,29594.172
2025-06-30 00:00:00+00:00,1180.69,1174.72,1247.7546,50.046574,30.461426,0.4920634920634922,-10.0,28156.61846098596,0.0,28146.61846098596,0,,29348.832
2025-07-01 00:00:00+00:00,1171.0,1205.29,1246.6578,45.160824,30.214993,0.4920634920634922,-10.0,28889.34570886961,0.0,28879.34570886961,0,,30112.584
2025-07-02 00:00:00+00:00,1203.61,1205.65,1245.7417,47.47042,32.65856,0.58,-10.0,28897.97262420535,0.0,28887.97262420535,0,,30121.576
2025-07-03 00:00:00+00:00,1205.15,1209.08,1244.903,53.17179,31.243565,0.4920634920634922,-10.0,28980.18532465299,0.0,28970.18532465299,0,,30207.271
2025-07-07 00:00:00+00:00,1202.72,1188.54,1244.033,55.259842,30.78928,0.4920634920634922,-10.0,28487.868805645903,0.0,28477.868805645903,0,,29694.11
2025-07-08 00:00:00+00:00,1196.14,1206.53,1243.0094,58.896526,30.528574,0.4745762711864407,-10.0,28919.06807946946,0.0,28909.06807946946,0,,30143.566
2025-07-09 00:00:00+00:00,1211.32,1218.65,1242.1248,56.700634,30.615713,0.4920634920634922,-10.0,29209.568504663315,0.0,29199.568504663315,0,,30446.367
2025-07-10 00:00:00+00:00,1223.02,1236.24,1241.2046,71.74526,30.267857,0.4920634920634922,-10.0,29631.178831920606,0.0,29621.178831920606,0,,30885.83
2025-07-11 00:00:00+00:00,1226.83,1223.93,1240.1707,76.850266,31.697134,0.4920634920634922,-10.0,29336.124829178993,0.0,29326.124829178993,0,,30578.281
2025-07-14 00:00:00+00:00,1212.86,1193.89,1239.2596,70.24527,31.820696,0.4745762711864407,-10.0,28616.10071158794,0.0,28606.10071158794,0,,29827.771
2025-07-15 00:00:00+00:00,1201.74,1168.56,1238.1997,57.834824,32.17498,0.4920634920634922,-10.0,28008.971992234834,0.0,27998.971992234834,0,,29194.934
2025-07-16 00:00:00+00:00,1172.86,1184.2,1236.8291,45.781723,32.91641,0.58,-10.0,28383.84030215135,0.0,28373.84030215135,0,,29585.676
2025-07-17 00:00:00+00:00,1186.91,1205.68,1235.6483,47.889927,32.440693,0.4920634920634922,-10.0,28898.69153138692,0.0,28888.69153138692,0,,30122.328
2025-07-18 00:00:00+00:00,1210.29,1194.85,1234.2217,52.736847,31.524265,0.4920634920634922,-10.0,28639.107902543907,0.0,28629.107902543907,0,,29851.754
2025-07-21 00:00:00+00:00,1194.86,1166.48,1232.8013,52.260456,31.547129,0.4745762711864407,-10.0,27959.113243591775,0.0,27949.113243591775,0,,29142.967
2025-07-22 00:00:00+00:00,1176.13,1218.96,1231.1353,48.32928,31.999983,0.4920634920634922,-10.0,29216.995501838257,0.0,29206.995501838257,0,,30454.111
2025-07-23 00:00:00+00:00,1255.76,1257.2,1229.8418,52.545517,31.974985,0.58,-10.0,30133.561792606433,0.0,30123.561792606433,0,,31409.488
2025-07-24 00:00:00+00:00,1258.15,1260.75,1228.6372,58.412476,33.942844,0.7586206896551724,-10.0,30218.653837882986,0.0,30208.653837882986,0,,31498.182
2025-07-25 00:00:00+00:00,1268.56,1263.99,1227.6239,58.428772,35.897846,0.58,-10.0,30296.31317533648,0.0,30286.31317533648,0,,31579.129
2025-07-28 00:00:00+00:00,1252.22,1261.03,1226.6798,63.044147,35.289986,0.58,-10.0,30225.366866244876,0.0,30215.366866244876,0,,31505.18
2025-07-29 00:00:00+00:00,1261.49,1266.1,1225.6587,59.93873,34.38499,0.4920634920634922,-10.0,30346.88651800724,0.0,30336.88651800724,0,,31631.844
2025-07-30 00:00:00+00:00,1269.01,1265.9,1224.7318,58.88144,33.414997,0.4920634920634922,-10.0,30342.093157221236,0.0,30332.093157221236,0,,31626.848
2025-07-31 00:00:00+00:00,1251.58,1233.68,1223.8083,55.938187,32.329292,0.4920634920634922,-10.0,29569.8202369872,0.0,29559.8202369872,0,,30821.875
2025-08-01 00:00:00+00:00,1233.68,1197.23,1222.765,51.8079,33.97644,0.4745762711864407,-10.0,28696.156715447418,0.0,28686.156715447418,0,,29911.217
2025-08-04 00:00:00+00:00,1199.55,1231.88,1221.4965,50.604935,38.28144,0.4920634920634922,-10.0,29526.67714502164,0.0,29516.67714502164,0,,30776.904
2025-08-05 00:00:00+00:00,1233.25,1243.94,1220.3715,61.09397,39.217155,0.4920634920634922,-10.0,29815.738131919657,0.0,29805.738131919657,0,,31078.205
2025-08-06 00:00:00+00:00,1241.97,1221.84,1219.3241,60.599712,39.200726,0.4920634920634922,-10.0,29286.02820853137,0.0,29276.02820853137,0,,30526.066
2025-08-07 00:00:00+00:00,1235.29,1236.96,1218.411,52.860973,40.655727,0.4920634920634922,-10.0,29648.435741490714,0.0,29638.435741490714,0,,30903.818
2025-08-08 00:00:00+00:00,1240.9,1255.97,1217.7748,57.34366,41.345013,0.4920634920634922,-10.0,30104.083053578397,0.0,30094.083053578397,0,,31378.758
2025-08-11 00:00:00+00:00,1254.32,1256.49,1217.1847,66.13305,41.060017,0.58,-10.0,30116.546561283736,0.0,30106.546561283736,0,,31391.75
2025-08-12 00:00:00+00:00,1251.71,1292.89,1216.6388,58.32558,37.640728,0.4920634920634922,-10.0,30989.012238853884,0.0,30979.012238853884,0,,32301.156
2025-08-13 00:00:00+00:00,1294.99,1324.06,1216.3444,57.98257,37.00429,0.7586206896551724,-10.0,31736.11913026824,0.0,31726.11913026824,0,,33079.9
2025-08-14 00:00:00+00:00,1317.54,1313.64,1216.3629,62.603035,36.901436,0.4920634920634922,-10.0,31486.362852639893,0.0,31476.362852639893,0,,32819.566
2025-08-15 00:00:00+00:00,1323.21,1312.34,1216.4642,59.609062,37.021442,0.7586206896551724,-10.0,31455.20157005253,0.0,31445.20157005253,0,,32787.086
2025-08-18 00:00:00+00:00,1311.17,1311.32,1216.562,59.99453,36.63215,0.58,-10.0,31430.753185500915,0.0,31420.753185500915,0,,32761.602
2025-08-19 00:00:00+00:00,1312.66,1322.57,1216.644,58.949482,37.23786,0.7586206896551724,-10.0,31700.40185837977,0.0,31690.40185837977,0,,33042.668
2025-08-20 00:00:00+00:00,1317.24,1316.88,1216.771,60.74555,36.510002,0.58,-10.0,31564.020273631977,0.0,31554.020273631977,0,,32900.51
2025-08-21 00:00:00+00:00,1309.38,1278.0,1216.8442,67.54088,35.04785,0.4920634920634922,-10.0,30632.113838961304,0.0,30622.113838961304,0,,31929.146
2025-08-22 00:00:00+00:00,1293.24,1321.45,1216.7755,66.85587,31.02785,0.4745762711864407,-10.0,31673.555784366064,0.0,31663.555784366064,0,,33014.688
2025-08-25 00:00:00+00:00,1316.87,1289.78,1216.6722,68.030106,31.82571,0.4920634920634922,-10.0,30914.466890806772,0.0,30904.466890806772,0,,32223.455
2025-08-26 00:00:00+00:00,1290.66,1284.77,1216.3011,58.552254,32.774998,0.7586206896551724,-10.0,30794.38350552956,0.0,30784.38350552956,0,,32098.29
2025-08-27 00:00:00+00:00,1277.24,1285.24,1215.796,62.540363,30.784285,0.58,-10.0,30805.649732653117,0.0,30795.649732653117,0,,32110.031
2025-08-28 00:00:00+00:00,1283.87,1283.11,1215.2312,60.217564,29.766418,0.58,-10.0,30754.595309153032,0.0,30744.595309153032,0,,32056.816
2025-08-29 00:00:00+00:00,1280.11,1301.04,1214.5892,56.185616,29.799273,0.4920634920634922,-10.0,31184.358527475968,0.0,31174.358527475968,0,,32504.775
2025-09-02 00:00:00+00:00,1290.0,1276.0,1214.5442,59.407078,30.396414,0.7586206896551724,-10.0,30584.179343072166,0.0,30574.179343072166,0,,31879.184
2025-09-03 00:00:00+00:00,1267.34,1268.6,1214.674,46.253822,30.509277,0.58,-10.0,30406.809064134217,0.0,30396.809064134217,0,,31694.303
2025-09-04 00:00:00+00:00,1265.99,1287.79,1214.712,36.249115,29.188564,0.58,-10.0,30866.77114954627,0.0,30856.77114954627,0,,32173.74
2025-09-05 00:00:00+00:00,1291.09,1305.71,1214.8577,43.857822,30.302847,0.58,-10.0,31296.2915415215,0.0,31286.2915415215,0,,32621.447
2025-09-08 00:00:00+00:00,1296.19,1314.65,1215.1974,48.539967,30.757132,0.4920634920634922,-10.0,31510.5742688797,0.0,31500.5742688797,0,,32844.805
2025-09-09 00:00:00+00:00,1310.57,1285.31,1215.8727,50.70862,31.069265,0.4920634920634922,-10.0,30807.33048797336,0.0,30797.33048797336,0,,32111.783
2025-09-10 00:00:00+00:00,1270.05,1252.87,1216.4264,42.63813,32.059265,0.4920634920634922,-10.0,30029.780885197284,0.0,30019.780885197284,0,,31301.31
2025-09-11 00:00:00+00:00,1244.95,1282.72,1216.8875,38.561882,33.132133,0.4920634920634922,-10.0,30745.249057925874,0.0,30735.249057925874,0,,32047.074
2025-09-12 00:00:00+00:00,1279.42,1259.54,1217.4666,50.87155,33.056423,0.7586206896551724,-10.0,30189.65362365466,0.0,30179.65362365466,0,,31467.953
2025-09-15 00:00:00+00:00,1255.39,1260.13,1217.7802,37.643227,30.53071,0.4920634920634922,-10.0,30203.793651307322,0.0,30193.793651307322,0,,31482.691
2025-09-16 00:00:00+00:00,1258.5,1276.1,1217.991,43.243855,28.617136,0.4920634920634922,-10.0,30586.574144431346,0.0,30576.574144431346,0,,31881.68
2025-09-17 00:00:00+00:00,1282.0,1273.96,1218.2491,48.118397,30.25571,0.4920634920634922,-10.0,30535.28117284693,0.0,30525.28117284693,0,,31828.215
2025-09-18 00:00:00+00:00,1279.01,1287.1,1218.4574,47.569588,31.096426,0.4920634920634922,-10.0,30850.232608522343,0.0,30840.232608522343,0,,32156.504
2025-09-19 00:00:00+00:00,1291.8,1265.59,1218.6759,50.820747,31.16429,0.4920634920634922,-10.0,30334.663215542594,0.0,30324.663215542594,0,,31619.104
2025-09-22 00:00:00+00:00,1263.98,1258.05,1218.7478,42.81369,31.329294,0.4745762711864407,-10.0,30153.94132117586,0.0,30143.94132117586,0,,31430.729
2025-09-23 00:00:00+00:00,1251.85,1257.03,1218.7437,46.08336,29.809292,0.4920634920634922,-10.0,30129.492445761014,0.0,30119.492445761014,0,,31405.244
2025-09-24 00:00:00+00:00,1250.3,1242.28,1218.7395,47.403164,30.30072,0.4920634920634922,-10.0,29775.952716592463,0.0,29765.952716592463,0,,31036.734
2025-09-25 00:00:00+00:00,1232.2,1209.54,1218.6372,39.577694,29.217861,0.4920634920634922,-10.0,28991.2155184056,0.0,28981.2155184056,0,,30218.77
2025-09-26 00:00:00+00:00,1210.92,1204.43,1218.4454,29.375946,30.406443,0.4920634920634922,-10.0,28868.735819465735,0.0,28858.735819465735,0,,30091.105
2025-09-29 00:00:00+00:00,1215.3,1191.36,1218.178,25.968067,30.022871,0.4920634920634922,-10.0,28555.46150076901,0.0,28545.46150076901,0,,29764.566
2025-09-30 00:00:00+00:00,1190.07,1227.61,1217.7263,27.95116,29.547869,0.4745762711864407,-10.0,29424.331546347763,0.0,29414.331546347763,0,,30670.227
2025-10-01 00:00:00+00:00,1227.73,1289.82,1217.5109,44.17596,30.017866,0.4920634920634922,-10.0,30915.42810154373,0.0,30905.42810154373,0,,32224.459
2025-10-02 00:00:00+00:00,1278.4,1300.54,1217.6068,51.42444,31.70929,0.4920634920634922,-10.0,31172.37462321212,0.0,31162.37462321212,0,,32492.285
2025-10-03 00:00:00+00:00,1307.48,1314.04,1217.725,58.658558,32.721436,0.4745762711864407,-10.0,31495.952229018807,0.0,31485.952229018807,0,,32829.562
2025-10-06 00:00:00+00:00,1315.08,1345.27,1217.9103,60.796257,33.567146,0.4920634920634922,-10.0,32244.49757862184,0.0,32234.49757862184,0,,33609.805
2025-10-07 00:00:00+00:00,1353.44,1309.12,1218.333,63.054398,33.329285,0.4745762711864407,-10.0,31378.02603111625,0.0,31368.02603111625,0,,32706.645
2025-10-08 00:00:00+00:00,1310.16,1328.53,1218.6442,55.880783,34.590717,0.4920634920634922,-10.0,31843.26095038368,0.0,31833.26095038368,0,,33191.58
2025-10-09 00:00:00+00:00,1320.67,1307.57,1219.2146,56.787136,34.875713,0.4920634920634922,-10.0,31340.873878089984,0.0,31330.873878089984,0,,32667.918
2025-10-10 00:00:00+00:00,1309.24,1273.67,1219.7224,56.88964,35.88857,0.4920634920634922,-10.0,30528.33430862211,0.0,30518.33430862211,0,,31820.975
2025-10-13 00:00:00+00:00,1284.69,1284.74,1219.937,52.35937,37.32143,0.4920634920634922,-10.0,30793.669192086367,0.0,30783.669192086367,0,,32097.545
2025-10-14 00:00:00+00:00,1270.55,1303.04,1220.1887,54.06221,37.56571,0.4920634920634922,-10.0,31232.30033781319,0.0,31222.30033781319,0,,32554.748
2025-10-15 00:00:00+00:00,1301.6,1304.0,1220.4724,58.815506,38.867134,0.7586206896551724,-10.0,31255.30959227921,0.0,31245.30959227921,0,,32578.73
2025-10-16 00:00:00+00:00,1317.97,1359.61,1220.766,65.09716,39.194275,0.58,-10.0,32588.213924311745,0.0,32578.213924311745,0,,33968.07
2025-10-17 00:00:00+00:00,1344.86,1349.28,1221.393,71.35464,41.457134,0.4745762711864407,-10.0,32340.617002348168,0.0,32330.617002348168,0,,33709.992
2025-10-20 00:00:00+00:00,1353.19,1357.26,1222.0398,71.89684,41.041416,0.4920634920634922,-10.0,32531.886244005484,0.0,32521.886244005484,0,,33909.36
2025-10-21 00:00:00+00:00,1365.56,1385.57,1222.7076,69.50622,40.14284,0.58,-10.0,33210.441812223704,0.0,33200.441812223704,0,,34616.65
2025-10-22 00:00:00+00:00,1382.0,1381.44,1223.5316,66.04229,39.55213,0.4745762711864407,-10.0,33111.45114689844,0.0,33101.45114689844,0,,34513.465
2025-10-23 00:00:00+00:00,1380.37,1437.75,1224.2474,63.860325,38.34498,0.7586206896551724,-10.0,34461.134437369845,0.0,34451.134437369845,0,,35920.297
2025-10-24 00:00:00+00:00,1442.99,1434.32,1225.1749,68.48349,40.620693,0.3,-10.0,34378.9192851664,0.0,34368.9192851664,0,,35834.598
2025-10-27 00:00:00+00:00,1433.51,1419.71,1226.0715,64.51034,40.34141,0.4745762711864407,-10.0,34028.735044026515,0.0,34018.735044026515,0,,35469.586
2025-10-28 00:00:00+00:00,1412.49,1404.58,1226.9375,69.38067,38.7257,0.7586206896551724,-10.0,33666.08633403394,0.0,33656.08633403394,0,,35091.582
2025-10-29 00:00:00+00:00,1394.29,1394.17,1227.9055,63.530575,37.733555,0.7586206896551724,-10.0,33416.57281683104,0.0,33406.57281683104,0,,34831.504
2025-10-30 00:00:00+00:00,1382.83,1377.01,1228.5403,66.00861,36.968567,0.4920634920634922,-10.0,33005.26764538612,0.0,32995.26764538612,0,,34402.78
2025-10-31 00:00:00+00:00,1391.08,1416.29,1229.0685,70.363365,36.37071,0.4920634920634922,-10.0,33946.762407671406,0.0,33936.762407671406,0,,35384.14
2025-11-03 00:00:00+00:00,1408.8,1406.88,1229.7513,73.32861,37.897854,0.75,-10.0,33721.215713536745,0.0,33711.215713536745,0,,35149.047
2025-11-04 00:00:00+00:00,1396.05,1420.35,1230.2981,69.01414,37.65857,0.4920634920634922,-10.0,34044.07656974178,0.0,34034.07656974178,0,,35485.58
2025-11-05 00:00:00+00:00,1389.99,1439.73,1230.9227,70.37154,37.27714,0.7586206896551724,-10.0,34508.5935623222,0.0,34498.5935623222,0,,35969.76
2025-11-06 00:00:00+00:00,1423.71,1439.62,1231.4989,66.066414,36.96214,0.4745762711864407,-10.0,34505.956651827226,0.0,34495.956651827226,0,,35967.016
2025-11-07 00:00:00+00:00,1420.45,1439.35,1232.0736,68.89009,37.720005,0.7586206896551724,-10.0,34499.484168813164,0.0,34489.484168813164,0,,35960.266
2025-11-10 00:00:00+00:00,1434.42,1432.57,1232.594,67.73691,40.265015,0.58,-10.0,34336.97450485121,0.0,34326.97450485121,0,,35790.875
2025-11-11 00:00:00+00:00,1445.2,1445.06,1233.1013,61.19687,38.53643,0.4920634920634922,-10.0,34636.34928089699,0.0,34626.34928089699,0,,36102.926
2025-11-12 00:00:00+00:00,1443.53,1447.81,1233.5906,64.57571,38.875725,0.7586206896551724,-10.0,34702.26423125827,0.0,34692.26423125827,0,,36171.633
2025-11-13 00:00:00+00:00,1433.57,1412.18,1234.0656,53.054424,37.48215,0.58,-10.0,33848.256578510525,0.0,33838.256578510525,0,,35281.46
2025-11-14 00:00:00+00:00,1396.06,1403.08,1234.4489,44.377316,39.125713,0.58,-10.0,33630.13917957998,0.0,33620.13917957998,0,,35054.11
2025-11-17 00:00:00+00:00,1396.92,1388.96,1234.6418,45.655018,39.649284,0.4920634920634922,-10.0,33291.69929366916,0.0,33281.69929366916,0,,34701.336
2025-11-18 00:00:00+00:00,1382.59,1396.45,1234.7644,45.897255,39.94071,0.58,-10.0,33471.22649404,0.0,33461.22649404,0,,34888.465
2025-11-19 00:00:00+00:00,1400.44,1404.43,1235.0345,50.60817,40.791416,0.4920634920634922,-10.0,33662.49901320466,0.0,33652.49901320466,0,,35087.836
2025-11-20 00:00:00+00:00,1421.7,1399.41,1235.3582,57.69101,39.95927,0.4920634920634922,-10.0,33542.17473512879,0.0,33532.17473512879,0,,34962.414
2025-11-21 00:00:00+00:00,1403.89,1452.35,1235.5374,44.1389,39.49856,0.4920634920634922,-10.0,34811.08303993574,0.0,34801.08303993574,0,,36285.05
2025-11-24 00:00:00+00:00,1451.89,1470.14,1236.0128,62.123367,41.654278,0.4920634920634922,-10.0,35237.4878994312,0.0,35227.4878994312,0,,36729.51
2025-11-25 00:00:00+00:00,1478.04,1506.02,1236.4135,62.97627,41.64571,0.4745762711864407,-10.0,36097.48828747394,0.0,36087.48828747394,0,,37625.926
2025-11-26 00:00:00+00:00,1492.25,1486.55,1237.2412,65.90831,41.856426,0.4920634920634922,-10.0,35630.81748123957,0.0,35620.81748123957,0,,37139.496
2025-11-28 00:00:00+00:00,1486.0,1476.72,1238.014,60.30477,41.86071,0.7586206896551724,-10.0,35395.20305313638,0.0,35385.20305313638,0,,36893.902
2025-12-01 00:00:00+00:00,1473.53,1468.09,1238.8346,57.87498,38.807842,0.7586206896551724,-10.0,35188.351482902624,0.0,35178.351482902624,0,,36678.297
2025-12-02 00:00:00+00:00,1463.15,1447.16,1239.6895,57.427227,38.305706,0.58,-10.0,34686.685352014785,0.0,34676.685352014785,0,,36155.387
2025-12-03 00:00:00+00:00,1453.22,1434.88,1240.5657,50.424133,38.097847,0.4920634920634922,-10.0,34392.347485700164,0.0,34382.347485700164,0,,35848.586
2025-12-04 00:00:00+00:00,1440.02,1422.81,1241.3741,47.48531,37.466423,0.4920634920634922,-10.0,34103.045087518345,0.0,34093.045087518345,0,,35547.035
2025-12-05 00:00:00+00:00,1422.82,1414.86,1241.9735,52.27594,36.899284,0.4920634920634922,-10.0,33912.49166919886,0.0,33902.49166919886,0,,35348.414
2025-12-08 00:00:00+00:00,1407.3,1381.37,1242.5322,52.534645,36.143574,0.4920634920634922,-10.0,33109.77632645831,0.0,33099.77632645831,0,,34511.71
2025-12-09 00:00:00+00:00,1382.8,1371.42,1243.0063,48.49256,38.156433,0.4920634920634922,-10.0,32871.28717367235,0.0,32861.28717367235,0,,34263.12
2025-12-10 00:00:00+00:00,1377.35,1405.85,1243.3136,45.076923,37.14072,0.4920634920634922,-10.0,33696.53257880848,0.0,33686.53257880848,0,,35123.31
2025-12-11 00:00:00+00:00,1413.59,1421.58,1243.7983,50.25296,39.811436,0.58,-10.0,34073.5625398994,0.0,34063.5625398994,0,,35516.305
2025-12-12 00:00:00+00:00,1425.24,1393.64,1244.4587,53.80443,38.496433,0.4920634920634922,-10.0,33403.87546791848,0.0,33393.87546791848,0,,34818.26
2025-12-15 00:00:00+00:00,1415.55,1412.47,1245.1604,38.979618,36.049995,0.4920634920634922,-10.0,33855.20525343347,0.0,33845.20525343347,0,,35288.703
2025-12-16 00:00:00+00:00,1414.7,1386.45,1245.8591,39.216915,35.180706,0.4920634920634922,-10.0,33231.536513849554,0.0,33221.536513849554,0,,34638.625
2025-12-17 00:00:00+00:00,1375.82,1384.68,1246.4482,26.787,33.63785,0.4745762711864407,-10.0,33189.11470694684,0.0,33179.11470694684,0,,34594.41
2025-12-18 00:00:00+00:00,1400.89,1389.42,1247.1667,28.763788,33.355,0.4920634920634922,-10.0,33302.72814768989,0.0,33292.72814768989,0,,34712.836
2025-12-19 00:00:00+00:00,1392.79,1402.51,1247.8247,31.40653,33.389996,0.4920634920634922,-10.0,33616.480787965855,0.0,33606.480787965855,0,,35039.875
2025-12-22 00:00:00+00:00,1411.88,1412.41,1248.4745,36.29294,33.42142,0.4745762711864407,-10.0,33853.77077420646,0.0,33843.77077420646,0,,35287.21
2025-12-23 00:00:00+00:00,1409.59,1414.6,1249.0787,42.38572,32.966423,0.4745762711864407,-10.0,33906.2629155081,0.0,33896.2629155081,0,,35341.926
2025-12-24 00:00:00+00:00,1413.25,1417.16,1249.6798,45.350742,32.03642,0.4920634920634922,-10.0,33967.623629624235,0.0,33957.623629624235,0,,35405.883
2025-12-26 00:00:00+00:00,1417.16,1420.1,1250.5497,48.64566,29.547852,0.4920634920634922,-10.0,34038.08878741951,0.0,34028.08878741951,0,,35479.332
2025-12-29 00:00:00+00:00,1419.29,1419.47,1251.5701,51.286964,28.379995,0.4920634920634922,-10.0,34022.988219193845,0.0,34012.988219193845,0,,35463.594
2025-12-30 00:00:00+00:00,1411.92,1414.32,1252.6575,61.15864,26.066433,0.4920634920634922,-10.0,33899.54823410321,0.0,33889.54823410321,0,,35334.926
2025-12-31 00:00:00+00:00,1409.07,1394.19,1253.5779,62.927914,24.94928,0.58,-10.0,33417.05619711558,0.0,33407.05619711558,0,,34832.004
2026-01-02 00:00:00+00:00,1398.87,1411.39,1254.3737,46.154842,22.422852,0.4920634920634922,-10.0,33829.32139604244,0.0,33819.32139604244,0,,35261.723
2026-01-05 00:00:00+00:00,1408.24,1446.63,1255.217,46.67191,22.89857,0.58,-10.0,34673.980907737314,0.0,34663.980907737314,0,,36142.15
2026-01-06 00:00:00+00:00,1440.21,1485.15,1256.3479,66.51912,23.552141,0.7586206896551724,-10.0,35597.25960825814,0.0,35587.25960825814,0,,37104.52
2026-01-07 00:00:00+00:00,1483.0,1470.87,1257.7719,70.17994,25.207859,0.4745762711864407,-10.0,35254.98544721939,0.0,35244.98544721939,0,,36747.754
2026-01-08 00:00:00+00:00,1459.55,1465.2,1259.1301,75.07427,25.462141,0.4745762711864407,-10.0,35119.08203339832,0.0,35109.08203339832,0,,36606.094
2026-01-09 00:00:00+00:00,1467.87,1485.12,1260.3958,73.37431,26.060713,0.58,-10.0,35596.54217322879,0.0,35586.54217322879,0,,37103.773
2026-01-12 00:00:00+00:00,1485.52,1491.99,1261.846,75.53086,26.953579,0.7586206896551724,-10.0,35761.20880433518,0.0,35751.20880433518,0,,37275.41
2026-01-13 00:00:00+00:00,1500.0,1484.78,1263.3507,74.69092,27.173584,0.7124623582214951,-10.0,35588.39467332492,0.0,35578.39467332492,0,,37095.28
2026-01-14 00:00:00+00:00,1480.0,1485.56,1264.808,70.27055,30.017874,0.58,-10.0,35607.091226474775,0.0,35597.091226474775,0,,37114.77
2026-01-15 00:00:00+00:00,1494.77,1496.61,1266.3503,70.033875,30.886448,0.4920634920634922,-10.0,35871.943281090644,0.0,35861.943281090644,0,,37390.836
2026-01-16 00:00:00+00:00,1490.35,1460.63,1267.9288,71.404686,32.415012,0.58,-10.0,35009.545999268776,0.0,34999.545999268776,0,,36491.92
2026-01-20 00:00:00+00:00,1428.01,1403.58,1269.4501,59.269085,35.13215,0.58,-10.0,33642.125419686396,0.0,33632.125419686396,0,,35066.6
2026-01-21 00:00:00+00:00,1410.27,1442.93,1270.6055,47.111435,38.846428,0.4920634920634922,-10.0,34585.29995044006,0.0,34575.29995044006,0,,36049.71
2026-01-22 00:00:00+00:00,1449.78,1438.11,1272.3439,54.62572,41.27143,0.7586206896551724,-10.0,34469.76835387347,0.0,34459.76835387347,0,,35929.29
2026-01-23 00:00:00+00:00,1433.57,1406.36,1274.4211,57.470913,41.413574,0.58,-10.0,33708.759960211806,0.0,33698.759960211806,0,,35136.06
2026-01-26 00:00:00+00:00,1405.23,1425.67,1276.2922,49.184734,42.587856,0.4920634920634922,-10.0,34171.598964277466,0.0,34161.598964277466,0,,35618.496
2026-01-27 00:00:00+00:00,1419.35,1425.18,1278.558,46.41784,41.87928,0.4920634920634922,-10.0,34159.85485609956,0.0,34149.85485609956,0,,35606.254
2026-01-28 00:00:00+00:00,1413.25,1401.64,1280.3756,38.219482,39.92713,0.4920634920634922,-10.0,33595.6289524253,0.0,33585.6289524253,0,,35018.14
2026-01-29 00:00:00+00:00,1392.02,1392.8,1282.3954,36.87784,39.268562,0.4920634920634922,-10.0,33383.745127915085,0.0,33373.745127915085,0,,34797.285
2026-01-30 00:00:00+00:00,1374.04,1373.24,1284.1499,36.439945,39.42713,0.4920634920634922,-10.0,32914.91420122447,0.0,32904.91420122447,0,,34308.6
2026-02-02 00:00:00+00:00,1364.5,1385.61,1285.6018,29.017271,38.96641,0.4745762711864407,-10.0,33211.40946917612,0.0,33201.40946917612,0,,34617.652
2026-02-03 00:00:00+00:00,1387.96,1369.9,1287.297,30.452055,39.27213,0.4920634920634922,-10.0,32834.86063665127,0.0,32824.86063665127,0,,34225.16
2026-02-04 00:00:00+00:00,1389.53,1389.73,1289.0632,29.529594,39.44641,0.4920634920634922,-10.0,33310.160506695014,0.0,33300.160506695014,0,,34720.586
2026-02-05 00:00:00+00:00,1383.93,1382.85,1290.987,34.009674,40.519268,0.4745762711864407,-10.0,33145.25579299254,0.0,33135.25579299254,0,,34548.7
2026-02-06 00:00:00+00:00,1384.03,1373.57,1293.0505,30.749979,39.854267,0.4920634920634922,-10.0,32922.82370387374,0.0,32912.82370387374,0,,34316.848
2026-02-09 00:00:00+00:00,1370.48,1380.88,1294.9026,33.804604,41.272835,0.4920634920634922,-10.0,33098.03829745539,0.0,33088.03829745539,0,,34499.48
2026-02-10 00:00:00+00:00,1386.75,1400.33,1296.5758,44.818317,39.462124,0.4745762711864407,-10.0,33564.22991292196,0.0,33554.22991292196,0,,34985.41
2026-02-11 00:00:00+00:00,1391.9,1392.65,1298.2025,39.30399,39.525696,0.4920634920634922,-10.0,33380.15017722698,0.0,33370.15017722698,0,,34793.535
2026-02-12 00:00:00+00:00,1386.41,1357.92,1299.8568,38.747536,39.22141,0.4920634920634922,-10.0,32547.714425502723,0.0,32537.714425502723,0,,33925.85
2026-02-13 00:00:00+00:00,1361.75,1360.95,1301.3391,38.184227,40.544983,0.4920634920634922,-10.0,32620.33619670745,0.0,32610.33619670745,0,,34001.55
2026-02-17 00:00:00+00:00,1350.0,1353.24,1302.8177,32.851048,39.944275,0.4920634920634922,-10.0,32435.53796475907,0.0,32425.53796475907,0,,33808.926
2026-02-18 00:00:00+00:00,1346.25,1375.57,1304.2311,31.64043,40.089275,0.4920634920634922,-10.0,32970.75901700277,0.0,32960.75901700277,0,,34366.81
2026-02-19 00:00:00+00:00,1368.09,1376.53,1305.826,43.3054,40.8007,0.4920634920634922,-10.0,32993.77163054301,0.0,32983.77163054301,0,,34390.797
2026-02-20 00:00:00+00:00,1367.92,1377.55,1307.2086,45.645763,39.722134,0.4920634920634922,-10.0,33018.22017843742,0.0,33008.22017843742,0,,34416.28
2026-02-23 00:00:00+00:00,1367.06,1393.24,1308.6407,51.28055,40.31714,0.4920634920634922,-10.0,33394.288869301105,0.0,33384.288869301105,0,,34808.273
2026-02-24 00:00:00+00:00,1395.67,1379.66,1310.29,52.22307,40.147854,0.58,-10.0,33068.793788936215,0.0,33058.793788936215,0,,34468.996
2026-02-25 00:00:00+00:00,1386.92,1379.91,1311.766,52.879402,38.085712,0.4920634920634922,-10.0,33074.785792205315,0.0,33064.785792205315,0,,34475.242
2026-02-26 00:00:00+00:00,1387.07,1377.22,1313.1575,46.724495,36.40571,0.4920634920634922,-10.0,33010.30882867812,0.0,33000.30882867812,0,,34408.035
2026-02-27 00:00:00+00:00,1364.72,1366.69,1314.6387,48.068077,36.967854,0.4920634920634922,-10.0,32757.917110331793,0.0,32747.917110331793,0,,34144.957
2026-03-02 00:00:00+00:00,1346.63,1325.09,1315.5991,47.65922,34.642857,0.4920634920634922,-10.0,31760.815815070142,0.0,31750.815815070142,0,,33105.637
2026-03-03 00:00:00+00:00,1292.29,1316.71,1316.3394,34.609623,34.79071,0.4920634920634922,-10.0,31559.956845453566,0.0,31549.956845453566,0,,32896.27
2026-03-04 00:00:00+00:00,1321.34,1286.66,1317.3339,25.43187,34.022854,0.4920634920634922,-10.0,30839.696683302773,0.0,30829.696683302773,0,,32145.512
2026-03-05 00:00:00+00:00,1268.99,1261.21,1318.0503,22.477253,35.541424,0.4745762711864407,-10.0,30229.688094068177,0.0,30219.688094068177,0,,31509.674
2026-03-06 00:00:00+00:00,1242.9,1209.65,1318.5692,23.615393,33.86214,0.4920634920634922,-10.0,28993.85806592054,0.0,28983.85806592054,0,,30221.518
2026-03-09 00:00:00+00:00,1194.28,1248.62,1318.8219,17.364113,35.705708,0.4920634920634922,-10.0,29927.922830985353,0.0,29917.922830985353,0,,31195.133
2026-03-10 00:00:00+00:00,1247.37,1231.73,1319.135,30.1148,37.99571,0.7586206896551724,-10.0,29523.090317715265,0.0,29513.090317715265,0,,30773.158
2026-03-11 00:00:00+00:00,1227.51,1228.93,1319.6274,22.082918,37.487854,0.7586206896551724,-10.0,29455.9801311714,0.0,29445.9801311714,0,,30703.207
2026-03-12 00:00:00+00:00,1212.0,1168.0,1320.092,21.556295,37.329285,0.7586206896551724,-10.0,27995.560307470634,0.0,27985.560307470634,0,,29180.95
2026-03-13 00:00:00+00:00,1178.26,1173.74,1320.3613,17.193203,39.35214,0.58,-10.0,28133.141771960985,0.0,28123.141771960985,0,,29324.355
2026-03-16 00:00:00+00:00,1188.55,1198.71,1320.4159,14.530403,38.874992,0.7586206896551724,-10.0,28731.642049282396,0.0,28721.642049282396,0,,29948.197
2026-03-17 00:00:00+00:00,1215.59,1206.72,1320.622,21.797932,38.848564,0.7586206896551724,-10.0,28923.631407162808,0.0,28913.631407162808,0,,30148.316
2026-03-18 00:00:00+00:00,1193.91,1191.54,1320.7896,23.64487,40.199993,0.7586206896551724,-10.0,28559.786566347128,0.0,28549.786566347128,0,,29769.064
2026-03-19 00:00:00+00:00,1177.06,1190.49,1320.9697,22.778978,39.694283,0.7586206896551724,-10.0,28534.618120975534,0.0,28524.618120975534,0,,29742.832
2026-03-20 00:00:00+00:00,1207.41,1204.48,1321.2166,23.430237,39.107857,0.7586206896551724,-10.0,28869.940213166457,0.0,28859.940213166457,0,,30092.352
2026-03-23 00:00:00+00:00,1236.53,1239.07,1321.4066,30.160864,37.714294,0.7586206896551724,-10.0,29699.020119776975,0.0,29689.020119776975,0,,30956.535
2026-03-24 00:00:00+00:00,1222.44,1264.46,1321.7535,38.242767,38.221436,0.7586206896551724,-10.0,30307.58994035374,0.0,30297.58994035374,0,,31590.875
2026-03-25 00:00:00+00:00,1290.34,1265.75,1322.2528,46.590057,39.096436,0.4920634920634922,-10.0,30338.509534487777,0.0,30328.509534487777,0,,31623.104
2026-03-26 00:00:00+00:00,1255.69,1270.0,1322.6599,50.753258,39.87929,0.3,-10.0,30440.37559612141,0.0,30430.37559612141,0,,31729.283
2026-03-27 00:00:00+00:00,1257.54,1232.04,1323.033,61.877583,38.234295,0.3,-10.0,29530.52000213846,0.0,29520.52000213846,0,,30780.902
2026-03-30 00:00:00+00:00,1242.07,1247.93,1323.1104,46.723846,37.800007,0.4920634920634922,-10.0,29911.386111217744,0.0,29901.386111217744,0,,31177.895
2026-03-31 00:00:00+00:00,1269.01,1261.2,1323.385,53.21379,37.582153,0.4745762711864407,-10.0,30229.44789704927,0.0,30219.44789704927,0,,31509.424
2026-04-01 00:00:00+00:00,1269.89,1274.05,1323.75,56.146416,38.742146,0.4920634920634922,-10.0,30537.450239244878,0.0,30527.450239244878,0,,31830.469
2026-04-02 00:00:00+00:00,1245.84,1259.94,1324.3431,74.72837,36.62357,0.4920634920634922,-10.0,30199.247372091377,0.0,30189.247372091377,0,,31477.945
2026-04-06 00:00:00+00:00,1265.25,1266.63,1324.7286,69.34469,38.157856,0.4920634920634922,-10.0,30359.599945062684,0.0,30349.599945062684,0,,31645.088
2026-04-07 00:00:00+00:00,1263.04,1270.0,1325.309,66.60473,37.983574,0.5047781792403212,-10.0,30440.375672236234,0.0,30430.375672236234,0,,31729.283
2026-04-08 00:00:00+00:00,1313.99,1322.76,1325.9315,65.8295,36.675007,0.58,-10.0,31704.971295061056,0.0,31694.971295061056,0,,33047.42
2026-04-09 00:00:00+00:00,1316.44,1335.0,1326.7758,77.62988,38.904297,0.4920634920634922,-10.0,31998.349527401453,0.0,31988.349527401453,0,,33353.223
2026-04-10 00:00:00+00:00,1342.06,1325.01,1327.6327,79.05891,40.478577,0.4745762711864407,-10.0,31758.901886638698,0.0,31748.901886638698,0,,33103.637
2026-04-13 00:00:00+00:00,1322.45,1345.89,1328.3318,74.63314,40.256435,0.4920634920634922,-10.0,32259.371213527815,0.0,32249.371213527815,0,,33625.297
2026-04-14 00:00:00+00:00,1348.08,1341.53,1329.097,73.12721,39.048576,0.58,-10.0,32154.868501869096,0.0,32144.868501869096,0,,33516.367
2026-04-15 00:00:00+00:00,1342.22,1315.85,1329.8381,68.35787,37.547146,0.7586206896551724,-10.0,31539.34749119687,0.0,31529.34749119687,0,,32874.785
2026-04-16 00:00:00+00:00,1307.98,1290.84,1330.4946,60.69141,36.572857,0.58,-10.0,30939.887656621642,0.0,30929.887656621642,0,,32249.941
2026-04-17 00:00:00+00:00,1301.52,1340.58,1331.0752,54.085304,36.62357,0.58,-10.0,32132.097180089506,0.0,32122.097180089506,0,,33492.633
2026-04-20 00:00:00+00:00,1334.66,1324.66,1331.7517,70.338,36.664997,0.58,-10.0,31750.515962218058,0.0,31740.515962218058,0,,33094.895
2026-04-21 00:00:00+00:00,1331.15,1324.27,1332.3468,64.3759,36.237846,0.4745762711864407,-10.0,31741.167119784765,0.0,31731.167119784765,0,,33085.152
2026-04-22 00:00:00+00:00,1330.49,1310.07,1332.9227,62.415844,36.125706,0.4920634920634922,-10.0,31400.80864159527,0.0,31390.80864159527,0,,32730.38
2026-04-23 00:00:00+00:00,1287.06,1264.36,1333.5304,57.053314,35.73,0.4920634920634922,-10.0,30305.19524775211,0.0,30295.19524775211,0,,31588.379
2026-04-24 00:00:00+00:00,1260.87,1282.45,1333.8195,50.770203,38.311428,0.4745762711864407,-10.0,30738.790409050678,0.0,30728.790409050678,0,,32040.332
2026-04-27 00:00:00+00:00,1279.96,1274.7,1334.1385,52.65133,39.174282,0.4920634920634922,-10.0,30553.031714449477,0.0,30543.031714449477,0,,31846.707
2026-04-28 00:00:00+00:00,1275.47,1262.48,1334.3308,50.776287,39.781414,0.4920634920634922,-10.0,30260.132856329918,0.0,30250.132856329918,0,,31541.406
2026-04-29 00:00:00+00:00,1257.2,1240.15,1334.5236,38.504074,38.039272,0.4920634920634922,-10.0,29724.91037815168,0.0,29714.91037815168,0,,30983.521
2026-04-30 00:00:00+00:00,1244.85,1276.61,1334.7549,32.581627,38.305706,0.4920634920634922,-10.0,30598.811846342887,0.0,30588.811846342887,0,,31894.426
2026-05-01 00:00:00+00:00,1281.83,1267.07,1335.295,41.899303,39.46999,0.4920634920634922,-10.0,30370.14899577011,0.0,30360.14899577011,0,,31656.082
2026-05-04 00:00:00+00:00,1259.46,1260.54,1335.7095,36.287388,39.00356,0.4745762711864407,-10.0,30213.6353154031,0.0,30203.6353154031,0,,31492.941
2026-05-05 00:00:00+00:00,1282.75,1302.42,1335.9838,36.015465,38.60642,0.4745762711864407,-10.0,31217.44912928896,0.0,31207.44912928896,0,,32539.258
2026-05-06 00:00:00+00:00,1326.49,1327.04,1336.5216,47.803913,39.774284,0.4920634920634922,-10.0,31807.560545072083,0.0,31797.560545072083,0,,33154.355
2026-05-07 00:00:00+00:00,1333.91,1319.29,1337.3243,55.92706,40.40571,0.4745762711864407,-10.0,31621.802384587878,0.0,31611.802384587878,0,,32960.73
2026-05-08 00:00:00+00:00,1193.05,1124.46,1337.826,45.958477,39.35357,0.4920634920634922,-10.0,26951.959179784735,0.0,26941.959179784735,0,,28093.16
2026-05-11 00:00:00+00:00,1116.66,1078.53,1337.1624,27.36829,52.70215,0.4745762711864407,-10.0,25851.073293921552,0.0,25841.073293921552,0,,26945.66
2026-05-12 00:00:00+00:00,1086.22,1072.45,1336.2512,24.813456,53.7893,0.4745762711864407,-10.0,25705.341805391763,0.0,25695.341805391763,0,,26793.76
2026-05-13 00:00:00+00:00,1056.35,1025.53,1335.2936,25.233461,53.051445,0.7586206896551724,-10.0,24580.72727920636,0.0,24570.72727920636,0,,25621.525
2026-05-14 00:00:00+00:00,1030.2,1041.91,1334.1161,25.169977,50.768585,0.58,-10.0,24973.336964210648,0.0,24963.336964210648,0,,26030.76
2026-05-15 00:00:00+00:00,1031.51,1031.64,1332.9951,24.902967,49.705013,0.7586206896551724,-10.0,24727.1762972415,0.0,24717.1762972415,0,,25774.176
2026-05-18 00:00:00+00:00,1036.57,1074.84,1331.8239,24.7727,49.647877,0.58,-10.0,25762.626922596854,0.0,25752.626922596854,0,,26853.47
2026-05-19 00:00:00+00:00,1071.11,1050.77,1331.0295,31.701508,50.784298,0.7586206896551724,-10.0,25185.698617062615,0.0,25175.698617062615,0,,26252.115
2026-05-20 00:00:00+00:00,1048.56,1082.67,1330.2972,31.594286,50.538578,0.4958325011878719,-10.0,25950.302984045968,0.0,25940.302984045968,0,,27049.094
2026-05-21 00:00:00+00:00,1075.38,1090.45,1329.5513,30.982548,51.71715,0.7586206896551724,-10.0,26136.777106281184,0.0,26126.777106281184,0,,27243.465
2026-05-22 00:00:00+00:00,1096.18,1103.09,1328.7838,32.620922,52.963585,0.58,-10.0,26439.74296134122,0.0,26429.74296134122,0,,27559.26
2026-05-26 00:00:00+00:00,1098.46,1101.33,1328.1901,34.691288,52.45429,0.4920634920634922,-10.0,26397.556851361343,0.0,26387.556851361343,0,,27515.287
2026-05-27 00:00:00+00:00,1110.11,1093.84,1327.5118,28.793776,50.048573,0.7586206896551724,-10.0,26218.03154518519,0.0,26208.03154518519,0,,27328.16
2026-05-28 00:00:00+00:00,1110.39,1163.5,1326.7013,24.485762,49.84214,0.7586206896551724,-10.0,27887.70031646033,0.0,27877.70031646033,0,,29068.525
2026-05-29 00:00:00+00:00,1162.83,1180.58,1326.2363,34.98872,52.255,0.58,-10.0,28297.08588794846,0.0,28287.08588794846,0,,29495.244
2026-06-01 00:00:00+00:00,1167.57,1183.57,1325.6748,58.224884,39.20857,0.3,-10.0,28368.751126053452,0.0,28358.751126053452,0,,29569.943
2026-06-02 00:00:00+00:00,1167.65,1170.0,1324.9723,67.61115,37.36285,0.26049475544638706,-10.0,28043.496261190772,0.0,28033.496261190772,0,,29230.916
2026-06-03 00:00:00+00:00,1184.82,1169.32,1324.2542,65.95469,38.03712,0.4745762711864407,-10.0,28027.19557247465,0.0,28017.19557247465,0,,29213.928
2026-06-04 00:00:00+00:00,1189.24,1180.48,1323.539,77.708405,37.26641,0.3,-10.0,28294.687545484703,0.0,28284.687545484703,0,,29492.746
2026-06-05 00:00:00+00:00,1179.1,1154.33,1322.8848,77.25074,37.3157,0.4745762711864407,-10.0,27667.90343949287,0.0,27657.90343949287,0,,28839.422
2026-06-08 00:00:00+00:00,1153.51,1138.88,1322.0436,72.709435,38.028557,0.4920634920634922,-10.0,27297.586752079118,0.0,27287.586752079118,0,,28453.424
2026-06-09 00:00:00+00:00,1155.65,1162.79,1321.1536,63.210674,36.010708,0.58,-10.0,27870.680630785682,0.0,27860.680630785682,0,,29050.783
2026-06-10 00:00:00+00:00,1141.59,1133.03,1320.5775,73.12361,34.844997,0.58,-10.0,27157.36850819913,0.0,27147.36850819913,0,,28307.27
2026-06-11 00:00:00+00:00,1137.44,1141.25,1319.6355,60.48817,33.289997,0.7586206896551724,-10.0,27354.390842854893,0.0,27344.390842854893,0,,28512.633
2026-06-12 00:00:00+00:00,1146.35,1131.49,1318.8928,60.560463,32.53214,0.58,-10.0,27120.455686763322,0.0,27110.455686763322,0,,28268.793
2026-06-15 00:00:00+00:00,1142.19,1154.47,1318.1263,55.97543,33.515007,0.58,-10.0,27671.257177838183,0.0,27661.257177838183,0,,28842.916
2026-06-16 00:00:00+00:00,1163.28,1151.57,1317.4725,60.26424,34.582153,0.58,-10.0,27601.747584440636,0.0,27591.747584440636,0,,28770.463
2026-06-17 00:00:00+00:00,1140.48,1129.53,1316.8148,61.3521,33.275723,0.4920634920634922,-10.0,27073.477962852863,0.0,27063.477962852863,0,,28219.826
2026-06-18 00:00:00+00:00,1135.59,1144.84,1315.9573,41.780792,30.562143,0.4920634920634922,-10.0,27440.43771563358,0.0,27430.43771563358,0,,28602.324
2026-06-22 00:00:00+00:00,1139.03,1164.07,1315.3015,41.277817,30.292847,0.4920634920634922,-10.0,27901.3565517365,0.0,27891.3565517365,0,,29082.758
2026-06-23 00:00:00+00:00,1169.33,1156.64,1314.7788,45.590626,30.74285,0.4920634920634922,-10.0,27723.270457775132,0.0,27713.270457775132,0,,28897.133
2026-06-24 00:00:00+00:00,1175.99,1203.18,1314.123,46.892735,30.785715,0.4920634920634922,-10.0,28838.78021743551,0.0,28828.78021743551,0,,30059.877
2026-06-25 00:00:00+00:00,1224.27,1243.42,1313.6105,56.490593,32.517143,0.4920634920634922,-10.0,29803.282926958043,0.0,29793.282926958043,0,,31065.219
2026-06-26 00:00:00+00:00,1240.6,1263.75,1313.2543,60.854736,34.597847,0.7586206896551724,-10.0,30290.56752370687,0.0,30280.56752370687,0,,31573.137
2026-06-29 00:00:00+00:00,1259.19,1258.82,1313.1465,69.25733,33.89213,0.58,-10.0,30172.400263749878,0.0,30162.400263749878,0,,31449.965
2026-06-30 00:00:00+00:00,1265.57,1277.51,1313.1763,71.92046,33.84498,0.4920634920634922,-10.0,30620.37829634474,0.0,30610.37829634474,0,,31916.912
2026-07-01 00:00:00+00:00,1284.74,1300.38,1313.1501,71.374275,34.07712,0.4920634920634922,-10.0,31168.544818120103,0.0,31158.544818120103,0,,32488.29
2026-07-02 00:00:00+00:00,1308.15,1308.43,1313.3544,82.00177,33.945698,0.4920634920634922,-10.0,31361.494891887403,0.0,31351.494891887403,0,,32689.41
2026-07-06 00:00:00+00:00,1307.37,1295.56,1313.596,81.99007,34.019978,0.58,-10.0,31053.01705307083,0.0,31043.01705307083,0,,32367.871
2026-07-07 00:00:00+00:00,1313.07,1295.59,1313.6932,81.0257,33.661404,0.4920634920634922,-10.0,31053.735203842483,0.0,31043.735203842483,0,,32368.62
2026-07-08 00:00:00+00:00,1269.02,1248.98,1313.8014,79.22225,33.403545,0.7586206896551724,-10.0,29936.549955368646,0.0,29926.549955368646,0,,31204.13
2026-07-09 00:00:00+00:00,1250.53,1288.02,1313.6107,67.07931,35.782124,0.58,-10.0,30872.291970509577,0.0,30862.291970509577,0,,32179.494
2026-07-10 00:00:00+00:00,1295.92,1296.17,1313.7229,76.22531,36.24142,0.7586206896551724,-10.0,31067.636702973257,0.0,31057.636702973257,0,,32383.111
2026-07-13 00:00:00+00:00,1288.16,1299.53,1313.9135,75.64829,36.24856,0.7586206896551724,-10.0,31148.170417280344,0.0,31138.170417280344,0,,32467.055
2026-07-14 00:00:00+00:00,1298.61,1314.83,1314.126,74.263824,36.049988,0.58,-10.0,31514.892375789055,0.0,31504.892375789055,0,,32849.305
2026-07-15 00:00:00+00:00,1321.44,1316.55,1314.4888,77.558266,36.111416,0.4745762711864407,-10.0,31556.120244457124,0.0,31546.120244457124,0,,32892.277
2026-07-16 00:00:00+00:00,1313.06,1335.09,1315.0238,73.405174,32.89999,0.58,-10.0,32000.499631892766,0.0,31990.499631892766,0,,33355.473
2026-07-17 00:00:00+00:00,1312.13,1310.02,1315.6771,70.78777,31.249277,0.58,-10.0,31399.60295135696,0.0,31389.60295135696,0,,32729.133
2026-07-20 00:00:00+00:00,1295.35,1273.77,1316.2704,60.27173,31.906416,0.4920634920634922,-10.0,30530.73395241449,0.0,30520.73395241449,0,,31823.473
2026-07-21 00:00:00+00:00,1236.64,1298.17,1316.5012,52.913677,33.419285,0.4920634920634922,-10.0,31115.572776545203,0.0,31105.572776545203,0,,32433.076
2026-07-22 00:00:00+00:00,1298.37,1285.9,1316.543,53.938847,37.02071,0.4920634920634922,-10.0,30821.474402116415,0.0,30811.474402116415,0,,32126.525
2026-07-23 00:00:00+00:00,1320.0,1331.87,1316.4697,47.123104,36.179993,0.4920634920634922,-10.0,31923.32103674608,0.0,31913.32103674608,0,,33275.023
2026-07-24 00:00:00+00:00,1334.4,1327.18,1316.5588,54.047234,38.363567,0.58,-10.0,31810.908705629354,0.0,31800.908705629354,0,,33157.85
2026-07-27 00:00:00+00:00,1326.96,1336.29,1316.4685,55.61834,37.91714,0.4920634920634922,-10.0,32029.264830290183,0.0,32019.264830290183,0,,33385.453
2026-07-28 00:00:00+00:00,1369.63,1388.38,1316.6042,57.00566,37.60214,0.4745762711864407,-10.0,33277.80016675011,0.0,33267.80016675011,0,,34686.855
2026-07-29 00:00:00+00:00,1388.28,1388.33,1316.9036,73.5505,38.396423,0.4745762711864407,-10.0,33276.600142318115,0.0,33266.600142318115,0,,34685.6
2026-07-30 00:00:00+00:00,1382.13,1380.61,1317.3074,69.517845,37.514988,0.7586206896551724,-10.0,33091.561064292466,0.0,33081.561064292466,0,,34492.73
2026-07-31 00:00:00+00:00,1465.01,1416.3,1317.842,66.45747,38.057854,0.4745762711864407,-10.0,33947.00743769256,0.0,33937.00743769256,0,,35384.4
2026-08-03 00:00:00+00:00,1409.61,1445.0,1318.4999,70.211525,42.791424,0.4920634920634922,-10.0,34634.910597944065,0.0,34624.910597944065,0,,36101.426
2026-08-04 00:00:00+00:00,1445.0,1437.0,1319.2096,71.53209,43.892857,0.3,-10.0,34443.16072502239,0.0,34433.16072502239,0,,35901.56
2026-08-05 00:00:00+00:00,1445.11,1421.52,1319.8746,69.51872,45.177856,0.4745762711864407,-10.0,34072.124977435065,0.0,34062.124977435065,0,,35514.812
2026-08-06 00:00:00+00:00,1420.9,1421.24,1320.1842,64.14614,46.846428,0.7586206896551724,-10.0,34065.41299536066,0.0,34055.41299536066,0,,35507.816
2026-08-07 00:00:00+00:00,1419.49,1429.46,1320.544,69.81119,45.557148,0.75,-10.0,34262.43634444264,0.0,34252.43634444264,0,,35713.184
2026-08-10 00:00:00+00:00,1421.35,1427.53,1320.905,80.80896,44.422146,0.7586206896551724,-10.0,34216.178464372555,0.0,34206.178464372555,0,,35664.97
2026-08-11 00:00:00+00:00,1422.19,1437.18,1321.1147,78.09732,39.860012,0.4920634920634922,-10.0,34447.47987125427,0.0,34437.47987125427,0,,35906.066
2026-08-12 00:00:00+00:00,1426.11,1438.53,1321.3936,83.236694,40.71358,0.58,-10.0,34479.838772920135,0.0,34469.838772920135,0,,35939.793
2026-08-13 00:00:00+00:00,1446.23,1430.76,1321.3973,79.14848,38.22215,0.58,-10.0,34293.60030584657,0.0,34283.60030584657,0,,35745.668
2026-08-14 00:00:00+00:00,1419.44,1419.02,1321.3796,77.8381,39.41715,0.4920634920634922,-10.0,34012.20712401569,0.0,34002.20712401569,0,,35452.36
2026-08-17 00:00:00+00:00,1408.96,1417.42,1321.3761,71.92453,39.436436,0.58,-10.0,33973.85696376472,0.0,33963.85696376472,0,,35412.387
2026-08-18 00:00:00+00:00,1427.61,1399.67,1321.4403,60.508053,36.600727,0.58,-10.0,33548.410606841375,0.0,33538.410606841375,0,,34968.926
2026-08-19 00:00:00+00:00,1423.17,1425.09,1321.4679,53.637444,36.771442,0.4855940304683421,-10.0,34157.697249815,0.0,34147.697249815,0,,35604.01
2026-08-20 00:00:00+00:00,1408.57,1393.23,1321.7083,62.812542,38.72501,0.58,-10.0,33394.05238008433,0.0,33384.05238008433,0,,34808.03
2026-08-21 00:00:00+00:00,1385.99,1395.25,1321.5929,43.20468,36.187153,0.4920634920634922,-10.0,33442.467857961776,0.0,33432.467857961776,0,,34858.5
2026-08-24 00:00:00+00:00,1393.48,1398.89,1321.5348,32.613384,34.875008,0.4920634920634922,-10.0,33529.71575523764,0.0,33519.71575523764,0,,34949.44
2026-08-25 00:00:00+00:00,1413.57,1402.25,1321.4275,36.262695,34.699287,0.4920634920634922,-10.0,33610.252388103574,0.0,33600.252388103574,0,,35033.387
2026-08-26 00:00:00+00:00,1392.11,1398.46,1321.2401,42.388798,32.392864,0.4920634920634922,-10.0,33519.40951495997,0.0,33509.40951495997,0,,34938.7
2026-08-27 00:00:00+00:00,1406.36,1407.43,1321.0343,41.245174,32.566433,0.4745762711864407,-10.0,33734.4128704358,0.0,33724.4128704358,0,,35162.805
2026-08-28 00:00:00+00:00,1401.09,1398.58,1320.8748,41.581997,33.769287,0.4920634920634922,-10.0,33522.28713070685,0.0,33512.28713070685,0,,34941.695
2026-08-31 00:00:00+00:00,1384.2,1405.14,1320.7047,39.493343,33.25714,0.4920634920634922,-10.0,33679.524354300076,0.0,33669.524354300076,0,,35105.594
2026-09-01 00:00:00+00:00,1410.75,1375.96,1320.5051,38.10514,33.02786,0.4920634920634922,-10.0,32980.112601974266,0.0,32970.112601974266,0,,34376.566
2026-09-02 00:00:00+00:00,1361.36,1367.74,1320.1459,30.748886,34.39858,0.4920634920634922,-10.0,32783.0895830325,0.0,32773.0895830325,0,,34171.2
2026-09-03 00:00:00+00:00,1376.16,1356.23,1319.9237,30.663984,34.429295,0.4920634920634922,-10.0,32507.208692790042,0.0,32497.208692790042,0,,33883.637
2026-09-04 00:00:00+00:00,1341.57,1345.26,1319.6895,30.707321,36.175007,0.4920634920634922,-10.0,32244.271251414408,0.0,32234.271251414408,0,,33609.566
2026-09-08 00:00:00+00:00,1331.81,1325.52,1319.471,29.035461,36.009296,0.4745762711864407,-10.0,31771.12817012141,0.0,31761.12817012141,0,,33116.39
2026-09-09 00:00:00+00:00,1303.57,1290.36,1319.1163,28.703564,35.540718,0.4745762711864407,-10.0,30928.385084996207,0.0,30918.385084996207,0,,32237.963
2026-09-10 00:00:00+00:00,1275.79,1280.58,1318.5459,13.354799,34.082153,0.4920634920634922,-10.0,30693.968752309775,0.0,30683.968752309775,0,,31993.623
2026-09-11 00:00:00+00:00,1294.03,1293.52,1317.9518,15.1778145,31.947866,0.4920634920634922,-10.0,31004.12807257582,0.0,30994.12807257582,0,,32316.916
2026-09-14 00:00:00+00:00,1302.88,1285.75,1317.1576,20.54215,31.580008,0.4745762711864407,-10.0,30817.889484300737,0.0,30807.889484300737,0,,32122.791
2026-09-15 00:00:00+00:00,1293.46,1330.4,1316.2357,18.003464,31.452158,0.4745762711864407,-10.0,31888.097960566603,0.0,31878.097960566603,0,,33238.316
2026-09-16 00:00:00+00:00,1337.56,1378.69,1315.3575,33.52748,33.260723,0.4745762711864407,-10.0,33045.55049851153,0.0,33035.55049851153,0,,34444.777
2026-09-17 00:00:00+00:00,1401.12,1410.44,1314.8184,46.235577,36.623577,0.4920634920634922,-10.0,33806.55942113653,0.0,33796.55942113653,0,,35238.01
2026-09-18 00:00:00+00:00,1404.82,1392.32,1314.4869,50.527367,36.835728,0.3,-10.0,33372.24432353554,0.0,33362.24432353554,0,,34785.305
