,Open,Close,sma200,rsi,atr,prob_up,cash,holdings,borrowed_margin,total,signal,stop_loss,benchmark
2016-09-19 00:00:00+00:00,15.576,15.198,,,,0.525,10000.0,0.0,0.0,10000.0,0,0.0,10000.0
2016-09-20 00:00:00+00:00,15.104,15.056,,,,0.525,10000.0,0.0,0.0,10000.0,0,0.0,9906.566
2016-09-21 00:00:00+00:00,15.184,15.376,,,,0.525,10000.0,0.0,0.0,10000.0,0,0.0,10117.122
2016-09-22 00:00:00+00:00,15.49,15.584,,,,0.525,10000.0,0.0,0.0,10000.0,0,0.0,10253.981
2016-09-23 00:00:00+00:00,15.524,15.49,,,,0.525,10000.0,0.0,0.0,10000.0,0,0.0,10192.131
2016-09-26 00:00:00+00:00,15.426,15.35,,,,0.525,10000.0,0.0,0.0,10000.0,0,0.0,10100.015
2016-09-27 00:00:00+00:00,15.298,15.808,,,,0.525,10000.0,0.0,0.0,10000.0,0,0.0,10401.369
2016-09-28 00:00:00+00:00,15.818,15.954,,,,0.525,10000.0,0.0,0.0,10000.0,0,0.0,10497.436
2016-09-29 00:00:00+00:00,15.882,15.696,,,,0.525,10000.0,0.0,0.0,10000.0,0,0.0,10327.676
2016-09-30 00:00:00+00:00,15.752,15.83,,,,0.525,10000.0,0.0,0.0,10000.0,0,0.0,10415.845
2016-10-03 00:00:00+00:00,15.814,15.914,,,,0.525,10000.0,0.0,0.0,10000.0,0,0.0,10471.115
2016-10-04 00:00:00+00:00,15.918,15.856,,,,0.525,10000.0,0.0,0.0,10000.0,0,0.0,10432.953
2016-10-05 00:00:00+00:00,15.79,15.886,,,,0.525,10000.0,0.0,0.0,10000.0,0,0.0,10452.691
2016-10-06 00:00:00+00:00,15.898,15.676,,66.60232,,0.525,10000.0,0.0,0.0,10000.0,0,0.0,10314.516
2016-10-07 00:00:00+00:00,15.63,15.704,,60.473267,0.32900006,0.525,-10.0,9995.002498750626,0.0,9985.002498750626,1,,10332.939
2016-10-10 00:00:00+00:00,15.808,16.006,,60.952396,0.31728575,0.525,-10.0,10187.213626996927,0.0,10177.213626996927,0,,10531.649
2016-10-11 00:00:00+00:00,16.05,15.76,,69.23079,0.32671425,0.525,-10.0,10030.643931800654,0.0,10020.643931800654,0,,10369.786
2016-10-12 00:00:00+00:00,15.326,15.054,,58.013355,0.33357137,0.525,-10.0,9581.301142795644,0.0,9571.301142795644,0,,9905.251
2016-10-13 00:00:00+00:00,14.95,15.078,,40.84313,0.3977143,0.525,-10.0,9596.57665948253,0.0,9586.57665948253,0,,9921.043
2016-10-14 00:00:00+00:00,15.23,15.124,,42.705387,0.40699992,0.525,-10.0,9625.853935267676,0.0,9615.853935267676,0,,9951.311
2016-10-17 00:00:00+00:00,15.146,14.928,,45.860794,0.41185707,0.525,-10.0,9501.107870961081,0.0,9491.107870961081,0,,9822.347
2016-10-18 00:00:00+00:00,15.278,15.232,,32.171818,0.39242846,0.525,-10.0,9694.592267476975,0.0,9684.592267476975,0,,10022.373
2016-10-19 00:00:00+00:00,15.834,15.784,,36.25285,0.42185694,0.525,-10.0,10045.919490625409,0.0,10035.919490625409,0,,10385.579
2016-10-20 00:00:00+00:00,15.742,15.77,,51.506855,0.44499975,0.525,-10.0,10037.008993917254,0.0,10027.008993917254,0,,10376.367
2016-10-21 00:00:00+00:00,15.69,16.012,,48.92858,0.43314272,0.525,-10.0,10191.031455899025,0.0,10181.031455899025,0,,10535.598
2016-10-24 00:00:00+00:00,16.078,16.2,,51.656517,0.44385704,0.525,-10.0,10310.687215374955,0.0,10300.687215374955,0,,10659.299
2016-10-25 00:00:00+00:00,16.226,15.958,,55.56996,0.44542852,0.525,-10.0,10156.663129258468,0.0,10146.663129258468,0,,10500.067
2016-10-26 00:00:00+00:00,15.902,15.78,,51.090916,0.46428564,0.525,-10.0,10043.372722513799,0.0,10033.372722513799,0,,10382.946
2016-10-27 00:00:00+00:00,17.364,16.992,,51.591187,0.45614275,0.525,-10.0,10814.765892274201,0.0,10804.765892274201,0,,11180.421
2016-10-28 00:00:00+00:00,17.042,17.224,,64.46541,0.5905714,0.525,-10.0,10962.425479741602,0.0,10952.425479741602,0,,11333.073
2016-10-31 00:00:00+00:00,17.226,17.582,,63.897762,0.6025715,0.525,-10.0,11190.27920939154,0.0,11180.27920939154,0,,11568.631
2016-11-01 00:00:00+00:00,17.49,17.378,,70.27147,0.59842867,0.525,-10.0,11060.440425546962,0.0,11050.440425546962,0,,11434.402
2016-11-02 00:00:00+00:00,17.204,16.918,,79.10821,0.54442877,0.525,-10.0,10767.667210246846,0.0,10757.667210246846,0,,11131.73
2016-11-03 00:00:00+00:00,16.914,16.776,,70.776855,0.55300033,0.5,-10.0,10677.289156529247,0.0,10667.289156529247,0,,11038.296
2016-11-04 00:00:00+00:00,16.8,16.642,,68.25816,0.55557173,0.525,-10.0,10592.003681121567,0.0,10582.003681121567,0,,10950.127
2016-11-07 00:00:00+00:00,16.954,17.018,,69.20662,0.5582861,0.525,-10.0,10831.312834877699,0.0,10821.312834877699,0,,11197.526
2016-11-08 00:00:00+00:00,16.894,17.1,,69.69562,0.54800034,0.48363636363636364,-10.0,10883.502860300958,0.0,10873.502860300958,0,,11251.48
2016-11-09 00:00:00+00:00,16.798,16.996,,66.19093,0.52314323,0.48363636363636364,-10.0,10817.310711296228,0.0,10807.310711296228,0,,11183.051
2016-11-10 00:00:00+00:00,17.15,16.428,,64.75685,0.550286,0.525,-10.0,10455.799771375923,0.0,10445.799771375923,0,,10809.316
2016-11-11 00:00:00+00:00,16.362,16.526,,54.642857,0.6014289,0.525,-10.0,10518.17229806443,0.0,10508.17229806443,0,,10873.798
2016-11-14 00:00:00+00:00,16.578,16.654,,53.712963,0.6130003,0.525,-10.0,10599.639593797183,0.0,10589.639593797183,0,,10958.02
2016-11-15 00:00:00+00:00,16.686,17.124,,58.13843,0.5998575,0.48363636363636364,-10.0,10898.777195386856,0.0,10888.777195386856,0,,11267.271
2016-11-16 00:00:00+00:00,17.048,17.134,,64.71103,0.62342894,0.5,-10.0,10905.142150034897,0.0,10895.142150034897,0,,11273.852
2016-11-17 00:00:00+00:00,17.154,17.366,,52.10933,0.4841431,0.48363636363636364,-10.0,11052.80069671744,0.0,11042.80069671744,0,,11426.503
2016-11-18 00:00:00+00:00,17.402,17.15,,52.109303,0.46771458,0.48363636363636364,-10.0,10915.325311159539,0.0,10905.325311159539,0,,11284.379
2016-11-21 00:00:00+00:00,17.16,17.31,,43.300232,0.46971458,0.525,-10.0,11017.15916418696,0.0,11007.15916418696,0,,11389.656
2016-11-22 00:00:00+00:00,17.252,17.246,,48.930805,0.45900017,0.525,-10.0,10976.426341423317,0.0,10966.426341423317,0,,11347.547
2016-11-23 00:00:00+00:00,17.186,17.41,,55.890827,0.44314304,0.525,-10.0,11080.806055635936,0.0,11070.806055635936,0,,11455.456
2016-11-25 00:00:00+00:00,17.382,17.548,,61.29724,0.44557148,0.5,-10.0,11168.637666822362,0.0,11158.637666822362,0,,11546.258
2016-11-28 00:00:00+00:00,17.54,16.964,,66.121,0.4487144,0.48363636363636364,-10.0,10796.943906427614,0.0,10786.943906427614,0,,11161.997
2016-11-29 00:00:00+00:00,16.97,16.684,,49.105385,0.46628585,0.525,-10.0,10618.733879646048,0.0,10608.733879646048,0,,10977.762
2016-11-30 00:00:00+00:00,16.85,16.63,,43.532333,0.46600014,0.525,-10.0,10584.364106623729,0.0,10574.364106623729,0,,10942.23
2016-12-01 00:00:00+00:00,16.64,15.418,,44.21982,0.45742878,0.525,-10.0,9812.972812897533,0.0,9802.972812897533,0,,10144.757
2016-12-02 00:00:00+00:00,14.57,15.312,,36.74541,0.47900024,0.525,-10.0,9745.507665574898,0.0,9735.507665574898,0,,10075.012
2016-12-05 00:00:00+00:00,15.466,15.974,,34.101635,0.50700027,0.5818820980968591,-10.0,10166.844853055472,0.0,10156.844853055472,0,,10510.594
2016-12-06 00:00:00+00:00,16.0,15.922,,42.187504,0.5325716,0.525,-10.0,10133.748644980806,0.0,10123.748644980806,0,,10476.378
2016-12-07 00:00:00+00:00,16.034,15.996,,34.722908,0.51128584,0.525,-10.0,10180.847590618809,0.0,10170.847590618809,0,,10525.069
2016-12-08 00:00:00+00:00,16.08,16.022,,35.767868,0.52285737,0.525,-10.0,10197.394516646404,0.0,10187.394516646404,0,,10542.176
2016-12-09 00:00:00+00:00,16.146,15.88,,32.278473,0.5171431,0.525,-10.0,10107.017115362203,0.0,10097.017115362203,0,,10448.743
2016-12-12 00:00:00+00:00,15.77,15.576,,32.92092,0.51828593,0.525,-10.0,9913.532610600294,0.0,9903.532610600294,0,,10248.717
2016-12-13 00:00:00+00:00,15.738,15.878,,27.550488,0.5381431,0.525,-10.0,10105.74406111164,0.0,10095.74406111164,0,,10447.427
2016-12-14 00:00:00+00:00,15.924,15.79,,33.317066,0.5604287,0.525,-10.0,10049.735215199516,0.0,10039.735215199516,0,,10389.524
2016-12-15 00:00:00+00:00,15.786,15.886,,29.870773,0.55100024,0.525,-10.0,10110.835524775359,0.0,10100.835524775359,0,,10452.691
2016-12-16 00:00:00+00:00,15.892,15.572,,29.131073,0.54414314,0.525,-10.0,9910.986227169373,0.0,9900.986227169373,0,,10246.085
2016-12-19 00:00:00+00:00,15.544,15.5,,31.249979,0.5267146,0.525,-10.0,9865.161280788878,0.0,9855.161280788878,0,,10198.711
2016-12-20 00:00:00+00:00,15.62,15.66,,33.10501,0.5074288,0.525,-10.0,9966.995106570947,0.0,9956.995106570947,0,,10303.988
2016-12-21 00:00:00+00:00,15.608,15.45,,36.565094,0.49642882,0.525,-10.0,9833.337979365422,0.0,9823.337979365422,0,,10165.812
2016-12-22 00:00:00+00:00,15.384,14.91,,50.61349,0.42657158,0.525,-10.0,9489.648573981112,0.0,9479.648573981112,0,,9810.502
2016-12-23 00:00:00+00:00,14.92,15.204,,43.392494,0.40928587,0.525,-10.0,9676.76934188709,0.0,9666.76934188709,0,,10003.949
2016-12-27 00:00:00+00:00,15.202,15.376,,35.602097,0.38500017,0.525,-10.0,9786.2411080938,0.0,9776.2411080938,0,,10117.122
2016-12-28 00:00:00+00:00,15.352,15.044,,40.229065,0.383143,0.525,-10.0,9574.935218078816,0.0,9564.935218078816,0,,9898.672
2016-12-29 00:00:00+00:00,15.034,14.988,,34.403656,0.38257155,0.525,-10.0,9539.293769622514,0.0,9529.293769622514,0,,9861.825
2016-12-30 00:00:00+00:00,15.022,14.868,,33.225185,0.3847144,0.525,-10.0,9462.918426084912,0.0,9452.918426084912,0,,9782.867
2017-01-03 00:00:00+00:00,15.062,15.132,,33.464054,0.37628576,0.525,-10.0,9630.944122310717,0.0,9620.944122310717,0,,9956.574
2017-01-04 00:00:00+00:00,15.218,15.766,,42.649002,0.3764286,0.525,-10.0,10034.461536271658,0.0,10024.461536271658,0,,10373.735
2017-01-05 00:00:00+00:00,15.742,15.826,,48.32935,0.38357148,0.525,-10.0,10072.649057977755,0.0,10062.649057977755,0,,10413.214
2017-01-06 00:00:00+00:00,15.848,16.42,,50.54152,0.3872857,0.525,-10.0,10450.70744723058,0.0,10440.70744723058,0,,10804.055
2017-01-09 00:00:00+00:00,16.36,16.4,,56.985874,0.41700003,0.525,-10.0,10437.977644062306,0.0,10427.977644062306,0,,10790.894
2017-01-10 00:00:00+00:00,16.45,16.334,,61.73469,0.3977143,0.525,-10.0,10395.971188725985,0.0,10385.971188725985,0,,10747.467
2017-01-11 00:00:00+00:00,16.252,16.78,,61.839855,0.40357134,0.525,-10.0,10679.834493903682,0.0,10669.834493903682,0,,11040.929
2017-01-12 00:00:00+00:00,16.604,16.692,,64.70589,0.43642834,0.525,-10.0,10623.824808052637,0.0,10613.824808052637,0,,10983.024
2017-01-13 00:00:00+00:00,16.764,16.706,,66.84751,0.4467142,0.525,-10.0,10632.735610816273,0.0,10622.735610816273,0,,10992.237
2017-01-17 00:00:00+00:00,16.616,16.282,,78.41768,0.42228562,0.48363636363636364,-10.0,10362.875983793838,0.0,10352.875983793838,0,,10713.253
2017-01-18 00:00:00+00:00,16.602,16.57,,66.38295,0.42985705,0.525,-10.0,10546.17737759783,0.0,10536.17737759783,0,,10902.752
2017-01-19 00:00:00+00:00,16.592,16.54,,67.52786,0.45185715,0.525,-10.0,10527.084246075465,0.0,10517.084246075465,0,,10883.013
2017-01-20 00:00:00+00:00,16.624,16.68,,74.09795,0.44185707,0.5,-10.0,10616.189028395529,0.0,10606.189028395529,0,,10975.131
2017-01-23 00:00:00+00:00,16.768,16.65,,76.53702,0.44414276,0.48363636363636364,-10.0,10597.094434863393,0.0,10587.094434863393,0,,10955.391
2017-01-24 00:00:00+00:00,16.772,16.794,,78.76047,0.4422856,0.48363636363636364,-10.0,10688.746088909425,0.0,10678.746088909425,0,,11050.141
2017-01-25 00:00:00+00:00,16.982,17.272,,77.90462,0.43942848,0.48363636363636364,-10.0,10992.974836388637,0.0,10982.974836388637,0,,11364.655
2017-01-26 00:00:00+00:00,18.402,17.896,,76.68318,0.43471417,0.48363636363636364,-10.0,11390.128205915555,0.0,11380.128205915555,0,,11775.237
2017-01-27 00:00:00+00:00,17.802,18.018,,80.567024,0.51028574,0.48363636363636364,-10.0,11467.775876611751,0.0,11457.775876611751,0,,11855.511
2017-01-30 00:00:00+00:00,17.92,18.024,,77.419334,0.4859999,0.48363636363636364,-10.0,11471.595457381201,0.0,11461.595457381201,0,,11859.459
2017-01-31 00:00:00+00:00,18.02,18.124,,77.99999,0.501,0.48363636363636364,-10.0,11535.241240350435,0.0,11525.241240350435,0,,11925.256
2017-02-01 00:00:00+00:00,18.234,17.94,,80.504425,0.5071429,0.48363636363636364,-10.0,11418.13223759663,0.0,11408.13223759663,0,,11804.1875
2017-02-02 00:00:00+00:00,17.85,17.772,,71.70657,0.48057148,0.525,-10.0,11311.205939925236,0.0,11301.205939925236,0,,11693.6455
2017-02-03 00:00:00+00:00,17.836,17.894,,69.622086,0.46085712,0.525,-10.0,11388.853601378793,0.0,11378.853601378793,0,,11773.919
2017-02-06 00:00:00+00:00,17.838,18.1,,70.76922,0.45742851,0.48363636363636364,-10.0,11519.965267342008,0.0,11509.965267342008,0,,11909.464
2017-02-07 00:00:00+00:00,18.162,18.132,,84.40574,0.45514283,0.48363636363636364,-10.0,11540.331111700772,0.0,11530.331111700772,0,,11930.519
2017-02-08 00:00:00+00:00,17.952,18.018,,82.73259,0.42471424,0.525,-10.0,11467.77454413173,0.0,11457.77454413173,0,,11855.508
2017-02-09 00:00:00+00:00,18.028,18.46,,79.91897,0.42557144,0.525,-10.0,11749.090599604338,0.0,11739.090599604338,0,,12146.336
2017-02-10 00:00:00+00:00,18.516,18.492,,82.10672,0.43600002,0.525,-10.0,11769.458135612631,0.0,11759.458135612631,0,,12167.392
2017-02-13 00:00:00+00:00,18.436,18.348,,83.201126,0.4284285,0.525,-10.0,11677.806686021619,0.0,11667.806686021619,0,,12072.642
2017-02-14 00:00:00+00:00,18.336,18.578,,78.01003,0.4077143,0.48363636363636364,-10.0,11824.193281040554,0.0,11814.193281040554,0,,12223.979
2017-02-15 00:00:00+00:00,18.488,18.794,,75.8511,0.39285713,0.525,-10.0,11961.669870611368,0.0,11951.669870611368,0,,12366.103
2017-02-16 00:00:00+00:00,18.788,18.37,,71.1992,0.33242851,0.525,-10.0,11691.810315484558,0.0,11681.810315484558,0,,12087.12
2017-02-17 00:00:00+00:00,18.374,18.548,,57.272736,0.34471416,0.525,-10.0,11805.100317577102,0.0,11795.100317577102,0,,12204.24
2017-02-21 00:00:00+00:00,18.604,18.636,,60.10801,0.33642837,0.48363636363636364,-10.0,11861.108559652455,0.0,11851.108559652455,0,,12262.143
2017-02-22 00:00:00+00:00,18.542,18.596,,59.92245,0.3309998,0.48363636363636364,-10.0,11835.65101901374,0.0,11825.65101901374,0,,12235.825
2017-02-23 00:00:00+00:00,18.672,18.53,,63.464684,0.3269998,0.48363636363636364,-10.0,11793.644416730787,0.0,11783.644416730787,0,,12192.398
2017-02-24 00:00:00+00:00,18.32,18.364,,66.238235,0.3324284,0.48363636363636364,-10.0,11687.991537936963,0.0,11677.991537936963,0,,12083.173
2017-02-27 00:00:00+00:00,18.122,17.55,,59.88227,0.34471416,0.525,-10.0,11169.910932247682,0.0,11159.910932247682,0,,11547.575
2017-02-28 00:00:00+00:00,17.444,17.384,,40.79034,0.38485703,0.525,-10.0,11064.259196230963,0.0,11054.259196230963,0,,11438.351
2017-03-01 00:00:00+00:00,17.604,17.778,,38.012836,0.3941427,0.525,-10.0,11315.024299471575,0.0,11305.024299471575,0,,11697.594
2017-03-02 00:00:00+00:00,17.818,17.268,,46.470592,0.40814278,0.525,-10.0,10990.428171000858,0.0,10980.428171000858,0,,11362.023
2017-03-03 00:00:00+00:00,17.206,17.294,,32.814312,0.41671425,0.525,-10.0,11006.976816285976,0.0,10996.976816285976,0,,11379.131
2017-03-06 00:00:00+00:00,17.186,17.252,,32.69786,0.41757149,0.525,-10.0,10980.245368685875,0.0,10970.245368685875,0,,11351.496
2017-03-07 00:00:00+00:00,17.266,17.412,,33.690487,0.42057148,0.525,-10.0,11082.078846802033,0.0,11072.078846802033,0,,11456.772
2017-03-08 00:00:00+00:00,17.464,17.458,,32.27965,0.4154287,0.525,-10.0,11111.355450181756,0.0,11101.355450181756,0,,11487.038
2017-03-09 00:00:00+00:00,17.462,17.566,,28.589716,0.39971432,0.525,-10.0,11180.093038078548,0.0,11170.093038078548,0,,11558.1
2017-03-10 00:00:00+00:00,17.654,17.606,,35.663307,0.3867144,0.49001231437884823,-10.0,11205.551628730702,0.0,11195.551628730702,0,,11584.419
2017-03-13 00:00:00+00:00,17.618,17.728,,32.333084,0.38600022,0.525,-10.0,11283.199351103098,0.0,11273.199351103098,0,,11664.692
2017-03-14 00:00:00+00:00,17.698,17.494,,33.185196,0.38400024,0.525,-10.0,11134.26666885706,0.0,11124.26666885706,0,,11510.724
2017-03-15 00:00:00+00:00,17.576,17.682,,30.960594,0.39057174,0.525,-10.0,11253.920832177617,0.0,11243.920832177617,0,,11634.424
2017-03-16 00:00:00+00:00,17.758,17.76,,35.941624,0.38328594,0.525,-10.0,11303.565700598543,0.0,11293.565700598543,0,,11685.747
2017-03-17 00:00:00+00:00,17.81,17.742,,39.685795,0.3685717,0.525,-10.0,11292.10934030772,0.0,11282.10934030772,0,,11673.903
2017-03-20 00:00:00+00:00,17.77,17.622,,54.502846,0.31242874,0.525,-10.0,11215.73361102156,0.0,11205.73361102156,0,,11594.945
2017-03-21 00:00:00+00:00,17.76,16.786,,55.704666,0.3087146,0.525,-10.0,10683.651271324372,0.0,10673.651271324372,0,,11044.873
2017-03-22 00:00:00+00:00,16.77,17.008,,30.379765,0.35100025,0.525,-10.0,10824.945946119435,0.0,10814.945946119435,0,,11190.945
2017-03-23 00:00:00+00:00,17.024,16.88,,44.196434,0.334286,0.525,-10.0,10743.478904746487,0.0,10733.478904746487,0,,11106.724
2017-03-24 00:00:00+00:00,17.008,16.962,,41.16138,0.3414289,0.525,-10.0,10795.669626836174,0.0,10785.669626836174,0,,11160.679
2017-03-27 00:00:00+00:00,16.848,16.974,,43.91267,0.3438575,0.525,-10.0,10803.307640107896,0.0,10793.307640107896,0,,11168.575
2017-03-28 00:00:00+00:00,17.08,17.2,,40.196983,0.35214314,0.525,-10.0,10947.148123573526,0.0,10937.148123573526,0,,11317.279
2017-03-29 00:00:00+00:00,17.256,17.522,,44.656197,0.35571465,0.525,-10.0,11152.088208462728,0.0,11142.088208462728,0,,11529.148
2017-03-30 00:00:00+00:00,17.488,17.388,,49.16285,0.35771465,0.525,-10.0,11066.803118647445,0.0,11056.803118647445,0,,11440.98
2017-03-31 00:00:00+00:00,17.364,17.494,,45.995586,0.3462861,0.525,-10.0,11134.267729925192,0.0,11124.267729925192,0,,11510.727
2017-04-03 00:00:00+00:00,17.52,17.244,,45.676254,0.3522862,0.525,-10.0,10975.152020374591,0.0,10965.152020374591,0,,11346.23
2017-04-04 00:00:00+00:00,17.212,17.058,,45.407787,0.36642906,0.525,-10.0,10856.770793702952,0.0,10846.770793702952,0,,11223.847
2017-04-05 00:00:00+00:00,17.198,17.132,,38.529434,0.37642902,0.525,-10.0,10903.869042417595,0.0,10893.869042417595,0,,11272.538
2017-04-06 00:00:00+00:00,17.15,17.238,,38.438866,0.3968574,0.525,-10.0,10971.334766755721,0.0,10961.334766755721,0,,11342.285
2017-04-07 00:00:00+00:00,17.18,17.204,,41.01284,0.40200028,0.525,-10.0,10949.69450116568,0.0,10939.69450116568,0,,11319.913
2017-04-10 00:00:00+00:00,17.19,17.106,,42.31053,0.39985725,0.525,-10.0,10887.321792601435,0.0,10877.321792601435,0,,11255.432
2017-04-11 00:00:00+00:00,17.07,17.078,,58.080856,0.33928585,0.525,-10.0,10869.49944318947,0.0,10859.49944318947,0,,11237.006
2017-04-12 00:00:00+00:00,17.002,16.898,,51.95968,0.33128574,0.525,-10.0,10754.937417669842,0.0,10744.937417669842,0,,11118.57
2017-04-13 00:00:00+00:00,16.874,16.928,,50.489704,0.33128574,0.525,-10.0,10774.030278848233,0.0,10764.030278848233,0,,11138.31
2017-04-17 00:00:00+00:00,17.008,17.282,,49.048138,0.32385716,0.525,-10.0,10999.337351679196,0.0,10989.337351679196,0,,11371.234
2017-04-18 00:00:00+00:00,17.2,17.52,,57.236828,0.3182858,0.525,-10.0,11150.816410845238,0.0,11140.816410845238,0,,11527.835
2017-04-19 00:00:00+00:00,17.592,17.63,,57.476643,0.32114288,0.525,-10.0,11220.826977404839,0.0,11210.826977404839,0,,11600.213
2017-04-20 00:00:00+00:00,17.698,17.652,,52.80083,0.30571434,0.525,-10.0,11234.830592501223,0.0,11224.830592501223,0,,11614.689
2017-04-21 00:00:00+00:00,17.76,17.664,,57.26873,0.3077142,0.525,-10.0,11242.467259280555,0.0,11232.467259280555,0,,11622.585
2017-04-24 00:00:00+00:00,17.934,17.884,,54.936127,0.303857,0.525,-10.0,11382.48935762096,0.0,11372.48935762096,0,,11767.341
2017-04-25 00:00:00+00:00,17.984,18.048,,68.912575,0.28099987,0.525,-10.0,11486.868772398118,0.0,11476.868772398118,0,,11875.249
2017-04-26 00:00:00+00:00,18.086,18.184,,79.64071,0.2695713,0.525,-10.0,11573.42758511661,0.0,11563.42758511661,0,,11964.734
2017-04-27 00:00:00+00:00,19.256,18.866,,80.36951,0.26657146,0.525,-10.0,12007.494859854183,0.0,11997.494859854183,0,,12413.478
2017-04-28 00:00:00+00:00,18.86,18.896,,85.268616,0.33342865,0.48363636363636364,-10.0,12026.589801640765,0.0,12016.589801640765,0,,12433.219
2017-05-01 00:00:00+00:00,18.928,18.986,,86.71876,0.3524287,0.48363636363636364,-10.0,12083.87110134326,0.0,12073.87110134326,0,,12492.4375
2017-05-02 00:00:00+00:00,18.964,18.992,,90.94076,0.36328575,0.48363636363636364,-10.0,12087.689892528837,0.0,12077.689892528837,0,,12496.386
2017-05-03 00:00:00+00:00,18.938,18.822,,92.084496,0.36557156,0.48363636363636364,-10.0,11979.491438768064,0.0,11969.491438768064,0,,12384.529
2017-05-04 00:00:00+00:00,18.918,19.204,,92.491165,0.36185727,0.48363636363636364,-10.0,12222.619788245147,0.0,12212.619788245147,0,,12635.878
2017-05-05 00:00:00+00:00,19.224,19.614,,93.501526,0.3808572,0.48363636363636364,-10.0,12483.568668960037,0.0,12473.568668960037,0,,12905.65
2017-05-08 00:00:00+00:00,19.536,19.58,,93.637726,0.38642856,0.5,-10.0,12461.928628824691,0.0,12451.928628824691,0,,12883.278
2017-05-09 00:00:00+00:00,19.632,19.466,,91.73418,0.38928577,0.5,-10.0,12389.371530416895,0.0,12379.371530416895,0,,12808.269
2017-05-10 00:00:00+00:00,19.444,19.294,,87.1359,0.39942864,0.48363636363636364,-10.0,12279.900875390427,0.0,12269.900875390427,0,,12695.096
2017-05-11 00:00:00+00:00,19.3,19.352,,81.31198,0.40200016,0.48363636363636364,-10.0,12316.815493450387,0.0,12306.815493450387,0,,12733.258
2017-05-12 00:00:00+00:00,19.362,19.38,,81.634186,0.40300015,0.48363636363636364,-10.0,12334.635993543372,0.0,12324.635993543372,0,,12751.681
2017-05-15 00:00:00+00:00,19.448,19.59,,80.21001,0.40314293,0.48363636363636364,-10.0,12468.294173443672,0.0,12458.294173443672,0,,12889.858
2017-05-16 00:00:00+00:00,19.752,20.036,,80.57098,0.40785736,0.48363636363636364,-10.0,12752.156202702692,0.0,12742.156202702692,0,,13183.318
2017-05-17 00:00:00+00:00,19.74,19.71,,82.69774,0.41071442,0.5,-10.0,12544.669731541733,0.0,12534.669731541733,0,,12968.816
2017-05-18 00:00:00+00:00,19.576,19.794,,67.04362,0.3552858,0.525,-10.0,12598.133248679778,0.0,12588.133248679778,0,,13024.088
2017-05-19 00:00:00+00:00,19.9,19.86,,67.74705,0.34628582,0.48694820717131476,-10.0,12640.139000643105,0.0,12630.139000643105,0,,13067.514
2017-05-22 00:00:00+00:00,19.962,20.34,,67.438156,0.3465715,0.525,-10.0,12945.641131845849,0.0,12935.641131845849,0,,13383.346
2017-05-23 00:00:00+00:00,20.274,20.34,,72.61745,0.3694285,0.525,-10.0,12945.641131845849,0.0,12935.641131845849,0,,13383.346
2017-05-24 00:00:00+00:00,20.506,20.6,,77.01067,0.3734285,0.525,-10.0,13111.12128694747,0.0,13101.12128694747,0,,13554.421
2017-05-25 00:00:00+00:00,20.74,20.904,,75.96726,0.37385708,0.48363636363636364,-10.0,13304.605716959586,0.0,13294.605716959586,0,,13754.446
2017-05-26 00:00:00+00:00,20.8,21.206,,74.98063,0.3755714,0.48363636363636364,-10.0,13496.817007180602,0.0,13486.817007180602,0,,13953.156
2017-05-30 00:00:00+00:00,21.084,21.072,,78.52632,0.39357144,0.48363636363636364,-10.0,13411.531608327821,0.0,13401.531608327821,0,,13864.988
2017-05-31 00:00:00+00:00,21.102,20.93,,77.97914,0.40028572,0.525,-10.0,13321.154221485192,0.0,13311.154221485192,0,,13771.556
2017-06-01 00:00:00+00:00,21.036,21.302,,78.802826,0.41128582,0.525,-10.0,13557.917876271818,0.0,13547.917876271818,0,,14016.324
2017-06-02 00:00:00+00:00,21.312,21.46,,80.91315,0.42285714,0.525,-10.0,13658.478075573508,0.0,13648.478075573508,0,,14120.284
2017-06-05 00:00:00+00:00,21.478,21.486,,81.66871,0.42942864,0.48363636363636364,-10.0,13675.027277915557,0.0,13665.027277915557,0,,14137.394
2017-06-06 00:00:00+00:00,21.416,21.574,,80.58066,0.42328575,0.525,-10.0,13731.035725584985,0.0,13721.035725584985,0,,14195.296
2017-06-07 00:00:00+00:00,21.6,21.638,,78.045235,0.41414288,0.48363636363636364,-10.0,13771.770798086514,0.0,13761.770798086514,0,,14237.407
2017-06-08 00:00:00+00:00,21.634,21.936,,88.871,0.40414292,0.48363636363636364,-10.0,13961.43741602028,0.0,13951.43741602028,0,,14433.486
2017-06-09 00:00:00+00:00,21.95,20.748,,89.75504,0.4078571,0.48363636363636364,-10.0,13205.319267674342,0.0,13195.319267674342,0,,13651.804
2017-06-12 00:00:00+00:00,20.44,20.464,,61.6352,0.5091429,0.525,-10.0,13024.565276753301,0.0,13014.565276753301,0,,13464.938
2017-06-13 00:00:00+00:00,20.71,20.444,,51.712715,0.52785724,0.525,-10.0,13011.835882505595,0.0,13001.835882505595,0,,13451.779
2017-06-14 00:00:00+00:00,20.552,20.432,,51.428574,0.5405715,0.525,-10.0,13004.197334393273,0.0,12994.197334393273,0,,13443.883
2017-06-15 00:00:00+00:00,19.99,20.252,,47.523567,0.5572857,0.525,-10.0,12889.635218114823,0.0,12879.635218114823,0,,13325.447
2017-06-16 00:00:00+00:00,20.318,20.24,,40.0245,0.5695714,0.525,-10.0,12881.996957193673,0.0,12871.996957193673,0,,13317.551
2017-06-19 00:00:00+00:00,20.448,20.72,,33.78107,0.5455712,0.525,-10.0,13187.498369664865,0.0,13177.498369664865,0,,13633.381
2017-06-20 00:00:00+00:00,20.766,20.602,,44.70516,0.55985695,0.525,-10.0,13112.395759122806,0.0,13102.395759122806,0,,13555.739
2017-06-21 00:00:00+00:00,20.764,21.124,,45.03029,0.5675711,0.525,-10.0,13444.630531449575,0.0,13434.630531449575,0,,13899.207
2017-06-22 00:00:00+00:00,21.188,21.386,,47.4203,0.57585686,0.5,-10.0,13611.382833426685,0.0,13601.382833426685,0,,14071.598
2017-06-23 00:00:00+00:00,21.398,21.558,,48.958927,0.598714,0.48363636363636364,-10.0,13720.855008741446,0.0,13710.855008741446,0,,14184.771
2017-06-26 00:00:00+00:00,21.58,21.67,,50.97298,0.6101424,0.48363636363636364,-10.0,13792.138418591561,0.0,13782.138418591561,0,,14258.466
2017-06-27 00:00:00+00:00,21.58,21.354,,51.288944,0.6139995,0.48363636363636364,-10.0,13591.01600064181,0.0,13581.01600064181,0,,14050.543
2017-06-28 00:00:00+00:00,21.494,21.762,,46.42857,0.63071376,0.525,-10.0,13850.69122691521,0.0,13840.69122691521,0,,14318.998
2017-06-29 00:00:00+00:00,21.694,21.164,,47.870758,0.63657105,0.525,-10.0,13470.087354925072,0.0,13460.087354925072,0,,13925.525
2017-06-30 00:00:00+00:00,21.228,21.2,,55.949665,0.57171386,0.525,-10.0,13493.001543614635,0.0,13483.001543614635,0,,13949.214
2017-07-03 00:00:00+00:00,21.31,20.716,,61.330048,0.5377139,0.525,-10.0,13184.952973741802,0.0,13174.952973741802,0,,13630.75
2017-07-05 00:00:00+00:00,20.868,21.022,,53.663784,0.54828537,0.525,-10.0,13379.71085526116,0.0,13369.71085526116,0,,13832.094
2017-07-06 00:00:00+00:00,20.81,20.908,17.65108,57.363956,0.52928543,0.48363636363636364,-10.0,13307.154950061415,0.0,13297.154950061415,0,,13757.085
2017-07-07 00:00:00+00:00,20.906,21.258,17.67963,58.324875,0.5114283,0.5,-10.0,13529.916251324077,0.0,13519.916251324077,0,,13987.378
2017-07-10 00:00:00+00:00,21.332,21.638,17.71064,61.898087,0.522857,0.48363636363636364,-10.0,13771.772588122572,0.0,13761.772588122572,0,,14237.412
2017-07-11 00:00:00+00:00,21.546,21.84,17.74195,60.986134,0.5114284,0.48363636363636364,-10.0,13900.337575680516,0.0,13890.337575680516,0,,14370.324
2017-07-12 00:00:00+00:00,22.0,22.452,17.77323,64.52371,0.5157141,0.525,-10.0,14289.851885113898,0.0,14279.851885113898,0,,14773.009
2017-07-13 00:00:00+00:00,22.536,22.246,17.80804,65.257355,0.52999973,0.48363636363636364,-10.0,14158.740753789652,0.0,14148.740753789652,0,,14637.464
2017-07-14 00:00:00+00:00,21.76,22.076,17.84252,60.009323,0.5075711,0.48363636363636364,-10.0,14050.541753830266,0.0,14040.541753830266,0,,14525.606
2017-07-17 00:00:00+00:00,22.148,22.0,17.87386,56.031673,0.52328545,0.525,-10.0,14002.170725489346,0.0,13992.170725489346,0,,14475.601
2017-07-18 00:00:00+00:00,21.966,22.156,17.90409,53.87506,0.5212856,0.525,-10.0,14101.459084328415,0.0,14091.459084328415,0,,14578.246
2017-07-19 00:00:00+00:00,22.2,22.024,17.93639,59.785267,0.5102855,0.48363636363636364,-10.0,14017.445661435484,0.0,14007.445661435484,0,,14491.393
2017-07-20 00:00:00+00:00,22.03,21.968,17.96736,53.42754,0.49828544,0.48363636363636364,-10.0,13981.803859215664,0.0,13971.803859215664,0,,14454.546
2017-07-21 00:00:00+00:00,21.976,21.638,17.99763,62.256115,0.45999977,0.48363636363636364,-10.0,13771.771150712726,0.0,13761.771150712726,0,,14237.412
2017-07-24 00:00:00+00:00,21.676,21.59,18.02654,56.12759,0.46699974,0.525,-10.0,13741.221147248738,0.0,13731.221147248738,0,,14205.829
2017-07-25 00:00:00+00:00,21.622,21.556,18.05506,63.92609,0.43642834,0.525,-10.0,13719.581275417115,0.0,13709.581275417115,0,,14183.457
2017-07-26 00:00:00+00:00,21.592,21.944,18.08446,59.316135,0.42671394,0.525,-10.0,13966.528923458098,0.0,13956.528923458098,0,,14438.754
2017-07-27 00:00:00+00:00,23.026,22.108,18.11566,66.49681,0.43285683,0.525,-10.0,14070.909006279748,0.0,14060.909006279748,0,,14546.664
2017-07-28 00:00:00+00:00,21.95,22.33,18.14617,64.387276,0.5088568,0.525,-10.0,14212.203368841925,0.0,14202.203368841925,0,,14692.735
2017-07-31 00:00:00+00:00,22.374,22.09,18.17902,62.374813,0.5172852,0.525,-10.0,14059.452739699032,0.0,14049.452739699032,0,,14534.82
2017-08-01 00:00:00+00:00,22.176,22.15,18.2142,54.41073,0.5257138,0.525,-10.0,14097.640795533092,0.0,14087.640795533092,0,,14574.3
2017-08-02 00:00:00+00:00,22.164,21.434,18.24956,43.382996,0.49499947,0.525,-10.0,13641.9341427251,0.0,13631.9341427251,0,,14103.185
2017-08-03 00:00:00+00:00,21.454,21.424,18.28111,35.458447,0.54042816,0.525,-10.0,13635.569018709934,0.0,13625.569018709934,0,,14096.6045
2017-08-04 00:00:00+00:00,21.478,21.942,18.31359,37.61397,0.52157104,0.525,-10.0,13965.256691640987,0.0,13955.256691640987,0,,14437.439
2017-08-07 00:00:00+00:00,21.93,21.752,18.34714,49.056595,0.53357095,0.5,-10.0,13844.32979702779,0.0,13834.32979702779,0,,14312.424
2017-08-08 00:00:00+00:00,21.642,21.536,18.37698,43.50065,0.52585685,0.48363636363636364,-10.0,13706.852924314546,0.0,13696.852924314546,0,,14170.299
2017-08-09 00:00:00+00:00,21.374,21.466,18.40581,42.355873,0.52685684,0.5,-10.0,13662.300711142305,0.0,13652.300711142305,0,,14124.239
2017-08-10 00:00:00+00:00,21.354,20.884,18.43308,42.170914,0.5212855,0.48363636363636364,-10.0,13291.88017333197,0.0,13281.88017333197,0,,13741.295
2017-08-11 00:00:00+00:00,20.986,21.21,18.4565,39.097744,0.54957116,0.525,-10.0,13499.366152075658,0.0,13489.366152075658,0,,13955.797
2017-08-14 00:00:00+00:00,21.37,21.58,18.48276,44.914326,0.5695711,0.48363636363636364,-10.0,13734.857337887433,0.0,13724.857337887433,0,,14199.251
2017-08-15 00:00:00+00:00,21.55,21.462,18.51176,50.294697,0.585857,0.525,-10.0,13659.754988220891,0.0,13649.754988220891,0,,14121.608
2017-08-16 00:00:00+00:00,21.578,21.9,18.53411,43.66122,0.5759999,0.525,-10.0,13938.525365256446,0.0,13928.525365256446,0,,14409.805
2017-08-17 00:00:00+00:00,21.808,21.372,18.55749,47.448475,0.5028571,0.525,-10.0,13602.473066588818,0.0,13592.473066588818,0,,14062.389
2017-08-18 00:00:00+00:00,21.366,21.446,18.57644,39.068905,0.5054286,0.525,-10.0,13649.570729302235,0.0,13639.570729302235,0,,14111.079
2017-08-21 00:00:00+00:00,21.404,21.762,18.59678,42.362408,0.49071434,0.48363636363636364,-10.0,13850.692046552242,0.0,13840.692046552242,0,,14319.0
2017-08-22 00:00:00+00:00,21.8,22.082,18.621,45.66189,0.49485737,0.48363636363636364,-10.0,14054.360726103636,0.0,14044.360726103636,0,,14529.555
2017-08-23 00:00:00+00:00,21.86,21.968,18.64753,57.948982,0.4510002,0.525,-10.0,13981.803729762245,0.0,13971.803729762245,0,,14454.545
2017-08-24 00:00:00+00:00,22.014,22.134,18.67416,56.507187,0.4550002,0.525,-10.0,14087.456369010875,0.0,14077.456369010875,0,,14563.77
2017-08-25 00:00:00+00:00,22.19,22.118,18.69974,52.507854,0.43514305,0.48363636363636364,-10.0,14077.27275625633,0.0,14067.27275625633,0,,14553.242
2017-08-28 00:00:00+00:00,22.2,22.382,18.72483,55.008198,0.4487144,0.48363636363636364,-10.0,14245.298370517114,0.0,14235.298370517114,0,,14726.949
2017-08-29 00:00:00+00:00,22.124,22.35,18.75176,61.426266,0.45957157,0.48363636363636364,-10.0,14224.932194942143,0.0,14214.932194942143,0,,14705.894
2017-08-30 00:00:00+00:00,22.322,22.854,18.78137,62.06333,0.47142872,0.48363636363636364,-10.0,14545.709315960126,0.0,14535.709315960126,0,,15037.518
2017-08-31 00:00:00+00:00,22.91,23.238,18.81301,77.46792,0.46957165,0.48363636363636364,-10.0,14790.11084678216,0.0,14780.11084678216,0,,15290.183
2017-09-01 00:00:00+00:00,23.26,23.098,18.84593,77.82657,0.4650003,0.525,-10.0,14701.00547709149,0.0,14691.00547709149,0,,15198.065
2017-09-05 00:00:00+00:00,23.116,23.23,18.8758,72.23196,0.45728588,0.48363636363636364,-10.0,14785.018402903053,0.0,14775.018402903053,0,,15284.919
2017-09-06 00:00:00+00:00,23.278,22.936,18.90628,75.7876,0.46228585,0.525,-10.0,14597.899602768084,0.0,14587.899602768084,0,,15091.473
2017-09-07 00:00:00+00:00,23.066,23.556,18.93413,65.77345,0.46371445,0.525,-10.0,14992.505062711436,0.0,14982.505062711436,0,,15499.42
2017-09-08 00:00:00+00:00,23.524,23.28,18.96616,82.34596,0.478143,0.5018165172978702,-10.0,14816.842027187697,0.0,14806.842027187697,0,,15317.818
2017-09-11 00:00:00+00:00,23.542,23.534,18.99601,75.62886,0.47628593,0.48363636363636364,-10.0,14978.503111665403,0.0,14968.503111665403,0,,15484.944
2017-09-12 00:00:00+00:00,23.588,23.252,19.02745,75.199104,0.4802858,0.48363636363636364,-10.0,14799.021404268082,0.0,14789.021404268082,0,,15299.395
2017-09-13 00:00:00+00:00,23.234,23.21,19.05666,66.820015,0.49557155,0.525,-10.0,14772.288772186708,0.0,14762.288772186708,0,,15271.758
2017-09-14 00:00:00+00:00,23.1,23.192,19.08497,68.23251,0.48214298,0.48363636363636364,-10.0,14760.83262539722,0.0,14750.83262539722,0,,15259.914
2017-09-15 00:00:00+00:00,23.298,23.222,19.11611,66.23694,0.49500015,0.525,-10.0,14779.926352844992,0.0,14769.926352844992,0,,15279.654
2017-09-18 00:00:00+00:00,23.326,23.302,19.1488,66.87042,0.4928574,0.48363636363636364,-10.0,14830.843631572388,0.0,14820.843631572388,0,,15332.294
2017-09-19 00:00:00+00:00,23.37,23.336,19.18216,64.89638,0.4827145,0.525,-10.0,14852.483637405352,0.0,14842.483637405352,0,,15354.665
2017-09-20 00:00:00+00:00,23.284,23.08,19.22175,65.95469,0.46800014,0.525,-10.0,14689.54928876367,0.0,14679.54928876367,0,,15186.222
2017-09-21 00:00:00+00:00,23.058,23.004,19.26059,53.97607,0.4444287,0.525,-10.0,14641.177804483617,0.0,14631.177804483617,0,,15136.215
2017-09-22 00:00:00+00:00,22.952,23.162,19.29574,45.38277,0.43642876,0.525,-10.0,14741.738719999414,0.0,14731.738719999414,0,,15240.176
2017-09-25 00:00:00+00:00,23.16,22.368,19.33194,51.25394,0.42900017,0.48363636363636364,-10.0,14236.38749208676,0.0,14226.38749208676,0,,14717.737
2017-09-26 00:00:00+00:00,22.576,22.358,19.3638,36.58993,0.46400017,0.525,-10.0,14230.02248238681,0.0,14220.02248238681,0,,14711.157
2017-09-27 00:00:00+00:00,22.498,23.1,19.39548,40.13651,0.46628585,0.525,-10.0,14702.278082956544,0.0,14692.278082956544,0,,15199.38
2017-09-28 00:00:00+00:00,23.038,23.33,19.43158,42.529507,0.478143,0.525,-10.0,14848.664512304867,0.0,14838.664512304867,0,,15350.716
2017-09-29 00:00:00+00:00,23.362,23.506,19.47035,50.831657,0.47471443,0.48363636363636364,-10.0,14960.681671329605,0.0,14950.681671329605,0,,15466.5205
2017-10-02 00:00:00+00:00,23.53,23.36,19.50849,49.521862,0.46557167,0.525,-10.0,14867.758459621382,0.0,14857.758459621382,0,,15370.456
2017-10-03 00:00:00+00:00,23.36,23.566,19.54634,51.93409,0.4542859,0.525,-10.0,14998.869894563924,0.0,14988.869894563924,0,,15506.001
2017-10-04 00:00:00+00:00,23.63,23.612,19.58474,56.02166,0.46342877,0.48363636363636364,-10.0,15028.146682280503,0.0,15018.146682280503,0,,15536.268
2017-10-05 00:00:00+00:00,23.662,23.876,19.62494,57.03753,0.4550002,0.48363636363636364,-10.0,15196.172760680849,0.0,15186.172760680849,0,,15709.975
2017-10-06 00:00:00+00:00,23.746,24.35,19.66682,60.16157,0.45914295,0.525,-10.0,15497.85688120153,0.0,15487.85688120153,0,,16021.859
2017-10-09 00:00:00+00:00,24.4,24.266,19.71027,64.50719,0.48071438,0.525,-10.0,15444.394258746384,0.0,15434.394258746384,0,,15966.59
2017-10-10 00:00:00+00:00,24.376,24.192,19.75435,62.697975,0.48871437,0.525,-10.0,15397.294847982734,0.0,15387.294847982734,0,,15917.897
2017-10-11 00:00:00+00:00,24.172,24.136,19.80076,65.97699,0.47928578,0.525,-10.0,15361.653097723558,0.0,15351.653097723558,0,,15881.051
2017-10-12 00:00:00+00:00,24.084,24.394,19.84542,66.35837,0.48057148,0.5,-10.0,15525.859611083077,0.0,15515.859611083077,0,,16050.81
2017-10-13 00:00:00+00:00,24.576,24.458,19.89051,67.303345,0.48828575,0.525,-10.0,15566.594455789174,0.0,15556.594455789174,0,,16092.922
2017-10-16 00:00:00+00:00,24.45,24.28,19.93758,86.92577,0.4451429,0.48363636363636364,-10.0,15453.304101200767,0.0,15443.304101200767,0,,15975.801
2017-10-17 00:00:00+00:00,24.308,24.55,19.98404,82.0547,0.424143,0.48363636363636364,-10.0,15625.147935895666,0.0,15615.147935895666,0,,16153.455
2017-10-18 00:00:00+00:00,24.642,24.154,20.03245,78.70149,0.38142857,0.525,-10.0,15373.10917185353,0.0,15363.10917185353,0,,15892.895
2017-10-19 00:00:00+00:00,24.096,24.162,20.07756,65.304596,0.39428562,0.525,-10.0,15378.202015670833,0.0,15368.202015670833,0,,15898.16
2017-10-20 00:00:00+00:00,24.28,24.964,20.11954,62.995247,0.39885697,0.525,-10.0,15888.645055713161,0.0,15878.645055713161,0,,16425.861
2017-10-23 00:00:00+00:00,25.798,24.798,20.16523,75.22012,0.424857,0.525,-10.0,15782.991708953754,0.0,15772.991708953754,0,,16316.636
2017-10-24 00:00:00+00:00,24.898,25.178,20.20712,69.61783,0.4865713,0.48363636363636364,-10.0,16024.846456395459,0.0,16014.846456395459,0,,16566.668
2017-10-25 00:00:00+00:00,25.344,24.924,20.25101,72.53886,0.50628567,0.48363636363636364,-10.0,15863.18546999632,0.0,15853.18546999632,0,,16399.541
2017-10-26 00:00:00+00:00,23.996,25.228,20.29396,65.12702,0.5219999,0.525,-10.0,16056.67091451031,0.0,16046.67091451031,0,,16599.568
2017-10-27 00:00:00+00:00,25.2,25.146,20.3362,63.327263,0.60242844,0.48363636363636364,-10.0,16004.48094578665,0.0,15994.48094578665,0,,16545.613
2017-10-30 00:00:00+00:00,25.056,25.01,20.37847,63.365715,0.63499993,0.525,-10.0,15917.922210889348,0.0,15907.922210889348,0,,16456.129
2017-10-31 00:00:00+00:00,25.022,25.274,20.41999,62.194405,0.6352857,0.525,-10.0,16085.947725483644,0.0,16075.947725483644,0,,16629.836
2017-11-01 00:00:00+00:00,25.44,24.902,20.46495,65.974174,0.6385713,0.525,-10.0,15849.184262496967,0.0,15839.184262496967,0,,16385.066
2017-11-02 00:00:00+00:00,24.784,24.868,20.50661,56.909702,0.67142856,0.525,-10.0,15827.54436324902,0.0,15817.54436324902,0,,16362.694
2017-11-03 00:00:00+00:00,24.85,24.982,20.54825,55.622597,0.6845714,0.48363636363636364,-10.0,15900.100884961412,0.0,15890.100884961412,0,,16437.705
2017-11-06 00:00:00+00:00,25.1,24.946,20.58976,59.79899,0.69871426,0.525,-10.0,15877.187861781898,0.0,15867.187861781898,0,,16414.016
2017-11-07 00:00:00+00:00,25.0,25.106,20.63124,55.91397,0.6952858,0.48363636363636364,-10.0,15979.02313835166,0.0,15969.02313835166,0,,16519.295
2017-11-08 00:00:00+00:00,24.884,25.524,20.6728,65.29563,0.68371445,0.48363636363636364,-10.0,16245.063733718363,0.0,16235.063733718363,0,,16794.332
2017-11-09 00:00:00+00:00,25.48,25.11,20.71406,69.33558,0.70857155,0.5,-10.0,15981.5682611283,0.0,15971.5682611283,0,,16521.926
2017-11-10 00:00:00+00:00,25.03,25.196,20.75013,52.32929,0.7008573,0.48363636363636364,-10.0,16036.30326080193,0.0,16026.30326080193,0,,16578.512
2017-11-13 00:00:00+00:00,24.92,25.006,20.78602,56.51602,0.6307144,0.48363636363636364,-10.0,15915.376351907325,0.0,15905.376351907325,0,,16453.494
2017-11-14 00:00:00+00:00,24.972,24.896,20.82093,46.997227,0.624,0.48363636363636364,-10.0,15845.365534527167,0.0,15835.365534527167,0,,16381.117
2017-11-15 00:00:00+00:00,24.692,24.664,20.85479,49.4853,0.59542876,0.48363636363636364,-10.0,15697.70623373706,0.0,15687.70623373706,0,,16228.465
2017-11-16 00:00:00+00:00,24.714,25.144,20.88841,39.350437,0.5104287,0.525,-10.0,16003.207340856234,0.0,15993.207340856234,0,,16544.295
2017-11-17 00:00:00+00:00,25.168,25.508,20.92527,49.967155,0.49871445,0.525,-10.0,16234.880283049531,0.0,16224.880283049531,0,,16783.8
2017-11-20 00:00:00+00:00,25.506,25.534,20.96334,57.605362,0.5031429,0.525,-10.0,16251.429448453417,0.0,16241.429448453417,0,,16800.91
2017-11-21 00:00:00+00:00,25.636,25.614,21.00051,54.28195,0.5027143,0.48363636363636364,-10.0,16302.346128403684,0.0,16292.346128403684,0,,16853.549
2017-11-22 00:00:00+00:00,25.584,25.49,21.03792,62.97375,0.47528568,0.5,-10.0,16223.42404413803,0.0,16213.42404413803,0,,16771.957
2017-11-24 00:00:00+00:00,25.616,25.66,21.07528,60.973877,0.46442848,0.48363636363636364,-10.0,16331.622648909328,0.0,16321.622648909328,0,,16883.814
2017-11-27 00:00:00+00:00,25.7,25.398,21.11128,61.73009,0.450857,0.4074074074074074,-10.0,16164.870332970648,0.0,16154.870332970648,0,,16711.424
2017-11-28 00:00:00+00:00,25.406,25.326,21.14581,57.252914,0.4602856,0.48363636363636364,-10.0,16119.04428156994,0.0,16109.04428156994,0,,16664.049
2017-11-29 00:00:00+00:00,25.172,24.118,21.1807,53.63275,0.45499992,0.48363636363636364,-10.0,15350.197769974482,0.0,15340.197769974482,0,,15869.206
2017-11-30 00:00:00+00:00,24.196,24.6,21.2084,31.587212,0.49385712,0.525,-10.0,15656.972696820856,0.0,15646.972696820856,0,,16186.353
2017-12-01 00:00:00+00:00,24.51,24.532,21.23743,43.43798,0.4944285,0.525,-10.0,15613.692368144128,0.0,15603.692368144128,0,,16141.609
2017-12-04 00:00:00+00:00,24.72,22.724,21.26824,41.416763,0.5161427,0.525,-10.0,14462.969586890751,0.0,14452.969586890751,0,,14951.979
2017-12-05 00:00:00+00:00,23.278,23.24,21.28912,29.201614,0.6275712,0.48363636363636364,-10.0,14791.383475446532,0.0,14781.383475446532,0,,15291.496
2017-12-06 00:00:00+00:00,23.094,23.552,21.31214,35.947044,0.6999997,0.48363636363636364,-10.0,14989.95945184665,0.0,14979.95945184665,0,,15496.787
2017-12-07 00:00:00+00:00,23.568,24.2,21.33692,40.68989,0.70657116,0.5,-10.0,15402.387548551807,0.0,15392.387548551807,0,,15923.159
2017-12-08 00:00:00+00:00,24.42,24.362,21.36527,42.312717,0.7205711,0.48363636363636364,-10.0,15505.494175156475,0.0,15495.494175156475,0,,16029.753
2017-12-11 00:00:00+00:00,24.482,24.618,21.39526,40.35029,0.7298569,0.48363636363636364,-10.0,15668.428693737611,0.0,15658.428693737611,0,,16198.196
2017-12-12 00:00:00+00:00,24.528,24.202,21.4306,42.574574,0.7277141,0.48363636363636364,-10.0,15403.660219825248,0.0,15393.660219825248,0,,15924.477
2017-12-13 00:00:00+00:00,24.332,24.674,21.46469,39.145138,0.7364284,0.48363636363636364,-10.0,15704.07041998041,0.0,15694.07041998041,0,,16235.044
2017-12-14 00:00:00+00:00,24.774,25.234,21.49917,44.045532,0.74957126,0.48363636363636364,-10.0,16060.488416273574,0.0,16050.488416273574,0,,16603.514
2017-12-15 00:00:00+00:00,25.192,25.9,21.539,47.05882,0.770857,0.48363636363636364,-10.0,16484.37187052045,0.0,16474.37187052045,0,,17041.729
2017-12-18 00:00:00+00:00,26.118,26.138,21.58203,53.282757,0.7912855,0.525,-10.0,16635.85085316442,0.0,16625.85085316442,0,,17198.328
2017-12-19 00:00:00+00:00,26.008,25.992,21.62646,55.197136,0.7895712,0.525,-10.0,16542.92748071677,0.0,16532.92748071677,0,,17102.264
2017-12-20 00:00:00+00:00,26.038,25.8,21.66936,63.881485,0.7268569,0.525,-10.0,16420.72615193015,0.0,16410.72615193015,0,,16975.932
2017-12-21 00:00:00+00:00,25.836,25.794,21.71107,59.287914,0.7102855,0.5,-10.0,16416.908042136565,0.0,16406.908042136565,0,,16971.984
2017-12-22 00:00:00+00:00,25.75,25.838,21.75221,59.86247,0.6882855,0.48363636363636364,-10.0,16444.91144117189,0.0,16434.91144117189,0,,17000.934
2017-12-26 00:00:00+00:00,25.792,25.864,21.79337,83.59947,0.5618569,0.48363636363636364,-10.0,16461.46102155357,0.0,16451.46102155357,0,,17018.043
2017-12-27 00:00:00+00:00,25.908,26.052,21.83405,81.66023,0.4924285,0.48363636363636364,-10.0,16581.115866050917,0.0,16571.115866050917,0,,17141.744
2017-12-28 00:00:00+00:00,26.16,26.138,21.87684,81.09452,0.4707143,0.48363636363636364,-10.0,16635.852511339705,0.0,16625.852511339705,0,,17198.332
2017-12-29 00:00:00+00:00,26.108,26.078,21.91912,78.02197,0.43114296,0.48363636363636364,-10.0,16597.664018816915,0.0,16587.664018816915,0,,17158.852
2018-01-02 00:00:00+00:00,26.2,26.346,21.96071,75.566124,0.40571445,0.48363636363636364,-10.0,16768.23677861189,0.0,16758.23677861189,0,,17335.191
2018-01-03 00:00:00+00:00,26.4,26.582,22.00373,75.65319,0.4108572,0.48363636363636364,-10.0,16918.442345048563,0.0,16908.442345048563,0,,17490.477
2018-01-04 00:00:00+00:00,26.776,26.77,22.04853,87.32745,0.38985714,0.48363636363636364,-10.0,17038.09716113331,0.0,17028.09716113331,0,,17614.176
2018-01-05 00:00:00+00:00,26.99,27.002,22.09845,86.08813,0.38528565,0.4074074074074074,-10.0,17185.756060621432,0.0,17175.756060621432,0,,17766.828
2018-01-08 00:00:00+00:00,27.01,27.06,22.14842,84.31675,0.36299977,0.48363636363636364,-10.0,17222.669569120135,0.0,17212.669569120135,0,,17804.988
2018-01-09 00:00:00+00:00,27.13,27.09,22.19932,79.471504,0.3282855,0.48363636363636364,-10.0,17241.76341961271,0.0,17231.76341961271,0,,17824.729
2018-01-10 00:00:00+00:00,26.992,27.246,22.24996,77.04541,0.33071408,0.48363636363636364,-10.0,17341.052582428667,0.0,17331.052582428667,0,,17927.375
2018-01-11 00:00:00+00:00,27.318,27.516,22.30132,85.423676,0.3317141,0.48363636363636364,-10.0,17512.89806145507,0.0,17502.89806145507,0,,18105.03
2018-01-12 00:00:00+00:00,27.528,27.638,22.3529,96.42857,0.31957123,0.48363636363636364,-10.0,17590.545892608905,0.0,17580.545892608905,0,,18185.303
2018-01-16 00:00:00+00:00,28.264,27.958,22.40348,96.94495,0.3302855,0.4074074074074074,-10.0,17794.212790599566,0.0,17784.212790599566,0,,18395.857
2018-01-17 00:00:00+00:00,28.166,28.158,22.45633,97.32137,0.35857132,0.4074074074074074,-10.0,17921.506009611716,0.0,17911.506009611716,0,,18527.455
2018-01-18 00:00:00+00:00,28.15,28.226,22.50965,97.51444,0.36214283,0.48363636363636364,-10.0,17964.785403373196,0.0,17954.785403373196,0,,18572.197
2018-01-19 00:00:00+00:00,28.246,28.454,22.56456,97.38442,0.35714272,0.48363636363636364,-10.0,18109.90028104038,0.0,18099.90028104038,0,,18722.219
2018-01-22 00:00:00+00:00,28.466,28.78,22.62154,97.536896,0.36057118,0.48363636363636364,-10.0,18317.38695893861,0.0,18307.38695893861,0,,18936.72
2018-01-23 00:00:00+00:00,28.918,28.886,22.679781,100.0,0.37814263,0.48363636363636364,-10.0,18384.85154751914,0.0,18374.85154751914,0,,19006.465
2018-01-24 00:00:00+00:00,28.884,29.088,22.73802,100.0,0.36699978,0.48363636363636364,-10.0,18513.415640230236,0.0,18503.415640230236,0,,19139.377
2018-01-25 00:00:00+00:00,29.378,29.108,22.79744,100.0,0.37814263,0.4074074074074074,-10.0,18526.14544968287,0.0,18516.14544968287,0,,19152.537
2018-01-26 00:00:00+00:00,29.432,29.948,22.85745,100.0,0.36814266,0.4074074074074074,-10.0,19060.77417048062,0.0,19050.77417048062,0,,19705.242
2018-01-29 00:00:00+00:00,29.918,29.418,22.9218,100.0,0.41099998,0.48363636363636364,-10.0,18723.448142057317,0.0,18713.448142057317,0,,19356.512
2018-01-30 00:00:00+00:00,29.214,29.318,22.9844,84.49384,0.45100006,0.48363636363636364,-10.0,18659.80240682082,0.0,18649.80240682082,0,,19290.715
2018-01-31 00:00:00+00:00,29.736,29.774,23.04635,81.938095,0.45142868,0.5,-10.0,18950.02939077634,0.0,18940.02939077634,0,,19590.754
2018-02-01 00:00:00+00:00,30.352,30.562,23.10881,83.368546,0.4722858,0.48363636363636364,-10.0,19451.561096052643,0.0,19441.561096052643,0,,20109.244
2018-02-02 00:00:00+00:00,30.102,29.952,23.17402,85.36926,0.55971444,0.48363636363636364,-10.0,19063.318639445504,0.0,19053.318639445504,0,,19707.875
2018-02-05 00:00:00+00:00,29.458,29.478,23.23563,74.13433,0.6097145,0.525,-10.0,18761.636444256066,0.0,18751.636444256066,0,,19395.992
2018-02-06 00:00:00+00:00,28.982,29.804,23.29476,65.35975,0.7254287,0.525,-10.0,18969.12224081893,0.0,18959.12224081893,0,,19610.494
2018-02-07 00:00:00+00:00,29.724,30.634,23.35546,66.219955,0.782,0.525,-10.0,19497.38576389689,0.0,19487.38576389689,0,,20156.617
2018-02-08 00:00:00+00:00,30.6,28.02,23.41921,70.630585,0.846,0.48363636363636364,-10.0,17833.67365220954,0.0,17823.67365220954,0,,18436.652
2018-02-09 00:00:00+00:00,28.428,29.032,23.46907,47.36074,1.016,0.48363636363636364,-10.0,18477.773814448286,0.0,18467.773814448286,0,,19102.531
2018-02-12 00:00:00+00:00,29.394,29.448,23.52331,51.41445,1.1137142,0.525,-10.0,18742.543236296406,0.0,18732.543236296406,0,,19376.252
2018-02-13 00:00:00+00:00,29.208,29.51,23.57622,53.048386,1.1428572,0.5,-10.0,18782.005182621644,0.0,18772.005182621644,0,,19417.047
2018-02-14 00:00:00+00:00,29.454,29.548,23.62929,52.324306,1.1492857,0.48363636363636364,-10.0,18806.190747137553,0.0,18796.190747137553,0,,19442.05
2018-02-15 00:00:00+00:00,29.79,30.508,23.6821,52.418648,1.1667143,0.48363636363636364,-10.0,19417.192957804164,0.0,19407.192957804164,0,,20073.71
2018-02-16 00:00:00+00:00,30.386,30.806,23.73968,53.038193,1.1777142,0.48363636363636364,-10.0,19606.857962268492,0.0,19596.857962268492,0,,20269.79
2018-02-20 00:00:00+00:00,30.58,31.352,23.7996,57.72485,1.1918571,0.48363636363636364,-10.0,19954.365966947476,0.0,19944.365966947476,0,,20629.049
2018-02-21 00:00:00+00:00,31.272,31.516,23.86034,60.784725,1.2531426,0.525,-10.0,20058.747710974094,0.0,20048.747710974094,0,,20736.959
2018-02-22 00:00:00+00:00,31.556,31.21,23.91985,59.531628,1.2661427,0.48363636363636364,-10.0,19863.98894850274,0.0,19853.98894850274,0,,20535.615
2018-02-23 00:00:00+00:00,31.372,32.08,23.978,53.74306,1.2082855,0.48363636363636364,-10.0,20417.713155394867,0.0,20407.713155394867,0,,21108.06
2018-02-26 00:00:00+00:00,32.16,32.114,24.04107,61.93361,1.1954283,0.48363636363636364,-10.0,20439.351247191677,0.0,20429.351247191677,0,,21130.432
2018-02-27 00:00:00+00:00,32.254,32.668,24.10517,65.549774,1.0727141,0.48363636363636364,-10.0,20791.950796209057,0.0,20781.950796209057,0,,21494.951
2018-02-28 00:00:00+00:00,32.654,32.202,24.17175,66.452194,1.041,0.48363636363636364,-10.0,20495.35979753262,0.0,20485.35979753262,0,,21188.334
2018-03-01 00:00:00+00:00,32.524,31.914,24.23586,59.40047,1.0245715,0.48363636363636364,-10.0,20312.058363796525,0.0,20302.058363796525,0,,20998.834
2018-03-02 00:00:00+00:00,31.73,33.334,24.29748,82.37444,0.9242859,0.48363636363636364,-10.0,21215.83586301574,0.0,21205.83586301574,0,,21933.17
2018-03-05 00:00:00+00:00,32.952,33.66,24.36397,83.494225,0.93014294,0.525,-10.0,21423.322725957238,0.0,21413.322725957238,0,,22147.672
2018-03-06 00:00:00+00:00,33.88,34.214,24.43372,83.25962,0.95742863,0.48363636363636364,-10.0,21775.92383396968,0.0,21765.92383396968,0,,22512.195
2018-03-07 00:00:00+00:00,33.89,34.612,24.50582,84.466576,0.96971446,0.48363636363636364,-10.0,22029.23620707931,0.0,22019.23620707931,0,,22774.072
2018-03-08 00:00:00+00:00,34.936,34.598,24.57958,85.24497,0.9998575,0.48363636363636364,-10.0,22020.32588507468,0.0,22010.32588507468,0,,22764.86
2018-03-09 00:00:00+00:00,34.868,34.552,24.65087,82.78293,0.9741433,0.48363636363636364,-10.0,21991.047641919296,0.0,21981.047641919296,0,,22734.592
2018-03-12 00:00:00+00:00,34.552,34.886,24.72193,81.28964,0.9387147,0.48363636363636364,-10.0,22203.62809069974,0.0,22193.62809069974,0,,22954.36
2018-03-13 00:00:00+00:00,35.198,34.792,24.79336,80.602684,0.9135719,0.48363636363636364,-10.0,22143.799367322976,0.0,22133.799367322976,0,,22892.508
2018-03-14 00:00:00+00:00,35.074,35.068,24.8628,78.716644,0.9050007,0.48363636363636364,-10.0,22319.463943936626,0.0,22309.463943936626,0,,23074.111
2018-03-15 00:00:00+00:00,35.192,34.766,24.93211,83.997154,0.8971435,0.48363636363636364,-10.0,22127.250561902576,0.0,22117.250561902576,0,,22875.4
2018-03-16 00:00:00+00:00,34.964,33.996,25.00058,76.30232,0.9044293,0.48363636363636364,-10.0,21637.174607373323,0.0,21627.174607373323,0,,22368.754
2018-03-19 00:00:00+00:00,33.96,33.962,25.06591,66.10747,0.9465722,0.48363636363636364,-10.0,21615.536421659883,0.0,21605.536421659883,0,,22346.383
2018-03-20 00:00:00+00:00,33.974,34.422,25.12921,62.157093,0.97071487,0.48363636363636364,-10.0,21908.309340388354,0.0,21898.309340388354,0,,22649.055
2018-03-21 00:00:00+00:00,34.398,34.638,25.19402,70.88035,0.9611432,0.48363636363636364,-10.0,22045.785247638843,0.0,22035.785247638843,0,,22791.178
2018-03-22 00:00:00+00:00,34.268,33.752,25.25978,75.97253,0.9371433,0.48363636363636364,-10.0,21481.877957029516,0.0,21471.877957029516,0,,22208.205
2018-03-23 00:00:00+00:00,33.796,32.954,25.32067,54.437355,0.8745722,0.48363636363636364,-10.0,20973.980274849997,0.0,20963.980274849997,0,,21683.135
2018-03-26 00:00:00+00:00,33.71,34.29,25.37725,43.187954,0.86600083,0.525,-10.0,21824.2950178625,0.0,21814.2950178625,0,,22562.201
2018-03-27 00:00:00+00:00,34.642,32.564,25.43902,50.637157,0.91828674,0.5,-10.0,20725.760240039726,0.0,20715.760240039726,0,,21426.523
2018-03-28 00:00:00+00:00,32.6,31.936,25.4981,35.957233,1.0212866,0.525,-10.0,20326.063472715243,0.0,20316.063472715243,0,,21013.312
2018-03-29 00:00:00+00:00,32.32,33.09,25.55546,33.164715,1.072858,0.525,-10.0,21060.540081927338,0.0,21050.540081927338,0,,21772.623
2018-04-02 00:00:00+00:00,32.888,32.324,25.61869,41.89041,1.1478579,0.525,-10.0,20573.010610153324,0.0,20563.010610153324,0,,21268.61
2018-04-03 00:00:00+00:00,33.32,32.354,25.67815,36.438705,1.1802864,0.525,-10.0,20592.103275777947,0.0,20582.103275777947,0,,21288.348
2018-04-04 00:00:00+00:00,31.3,32.938,25.73866,37.007034,1.238572,0.525,-10.0,20963.797185149855,0.0,20953.797185149855,0,,21672.61
2018-04-05 00:00:00+00:00,33.356,33.154,25.80215,39.00928,1.3231436,0.5,-10.0,21101.27404030297,0.0,21091.27404030297,0,,21814.734
2018-04-06 00:00:00+00:00,32.792,32.588,25.86432,41.607662,1.3010006,0.48363636363636364,-10.0,20741.037657413137,0.0,20731.037657413137,0,,21442.318
2018-04-09 00:00:00+00:00,32.912,32.578,25.92425,42.510647,1.2968576,0.525,-10.0,20734.672143438827,0.0,20724.672143438827,0,,21435.738
2018-04-10 00:00:00+00:00,33.25,33.316,25.98152,42.61944,1.2731435,0.5,-10.0,21204.384219875086,0.0,21194.384219875086,0,,21921.332
2018-04-11 00:00:00+00:00,33.016,33.3,26.04117,44.271812,1.289715,0.5,-10.0,21194.198612654676,0.0,21184.198612654676,0,,21910.8
2018-04-12 00:00:00+00:00,33.346,33.714,26.09988,42.92363,1.276429,0.525,-10.0,21457.69455471233,0.0,21447.69455471233,0,,22183.207
2018-04-13 00:00:00+00:00,34.016,33.38,26.1601,49.788475,1.2547147,0.48363636363636364,-10.0,21245.116856824658,0.0,21235.116856824658,0,,21963.441
2018-04-16 00:00:00+00:00,33.702,33.89,26.22023,52.5006,1.2794287,0.5,-10.0,21569.712027688736,0.0,21559.712027688736,0,,22299.012
2018-04-17 00:00:00+00:00,34.2,34.908,26.28087,47.399887,1.2301428,0.48363636363636364,-10.0,22217.630733240003,0.0,22207.630733240003,0,,22968.836
2018-04-18 00:00:00+00:00,35.078,34.86,26.34959,66.78123,1.138143,0.525,-10.0,22187.07973234594,0.0,22177.07973234594,0,,22937.252
2018-04-19 00:00:00+00:00,34.658,34.598,26.41789,72.82947,1.1020001,0.5,-10.0,22020.326343001103,0.0,22010.326343001103,0,,22764.861
2018-04-20 00:00:00+00:00,34.338,33.78,26.4873,63.67923,1.0404288,0.525,-10.0,21499.699396997654,0.0,21489.699396997654,0,,22226.63
2018-04-23 00:00:00+00:00,33.984,33.502,26.55109,63.084072,1.018286,0.525,-10.0,21322.76262184126,0.0,21312.76262184126,0,,22043.713
2018-04-24 00:00:00+00:00,33.838,32.132,26.61406,59.876095,0.9570002,0.525,-10.0,20450.809229961946,0.0,20440.809229961946,0,,21142.277
2018-04-25 00:00:00+00:00,32.49,31.6,26.66843,43.892097,0.99200016,0.48363636363636364,-10.0,20112.211721659456,0.0,20102.211721659456,0,,20792.232
2018-04-26 00:00:00+00:00,32.0,33.032,26.71824,38.76195,1.0205715,0.48363636363636364,-10.0,21023.625914371176,0.0,21013.625914371176,0,,21734.46
2018-04-27 00:00:00+00:00,33.356,32.636,26.7742,52.85347,1.1032858,0.525,-10.0,20771.58750085946,0.0,20761.58750085946,0,,21473.9
2018-04-30 00:00:00+00:00,32.636,33.228,26.82512,50.355145,1.1465712,0.525,-10.0,21148.373328981153,0.0,21138.373328981153,0,,21863.428
2018-05-01 00:00:00+00:00,33.072,33.084,26.88003,49.451363,1.1241424,0.525,-10.0,21056.72189360573,0.0,21046.72189360573,0,,21768.678
2018-05-02 00:00:00+00:00,32.912,33.1,26.93507,48.674522,1.1198568,0.525,-10.0,21066.90559997541,0.0,21056.90559997541,0,,21779.205
2018-05-03 00:00:00+00:00,33.158,33.746,26.99057,46.038696,1.120571,0.48363636363636364,-10.0,21478.059701360427,0.0,21468.059701360427,0,,22204.262
2018-05-04 00:00:00+00:00,33.74,34.244,27.04852,52.26989,1.0935711,0.5,-10.0,21795.019907710543,0.0,21785.019907710543,0,,22531.94
2018-05-07 00:00:00+00:00,34.418,35.204,27.10962,52.198757,1.1194283,0.525,-10.0,22406.023479058324,0.0,22396.023479058324,0,,23163.6
2018-05-08 00:00:00+00:00,34.522,35.206,27.1758,51.851837,1.1207138,0.525,-10.0,22407.29754898739,0.0,22397.29754898739,0,,23164.916
2018-05-09 00:00:00+00:00,35.454,36.008,27.24364,52.1772,1.1359996,0.525,-10.0,22917.739819960858,0.0,22907.739819960858,0,,23692.617
2018-05-10 00:00:00+00:00,36.226,35.796,27.31573,58.3078,1.1599995,0.48363636363636364,-10.0,22782.81143443751,0.0,22772.81143443751,0,,23553.125
2018-05-11 00:00:00+00:00,35.844,35.774,27.38693,62.7919,1.1455709,0.525,-10.0,22768.806778699432,0.0,22758.806778699432,0,,23538.646
2018-05-14 00:00:00+00:00,35.772,34.746,27.45608,64.90031,1.1329993,0.5,-10.0,22114.523811413797,0.0,22104.523811413797,0,,22862.242
2018-05-15 00:00:00+00:00,34.396,34.684,27.51927,67.94835,1.0554278,0.48363636363636364,-10.0,22075.06300341429,0.0,22065.06300341429,0,,22821.445
2018-05-16 00:00:00+00:00,34.602,34.23,27.58104,72.6365,1.0585709,0.525,-10.0,21786.10931997892,0.0,21776.10931997892,0,,22522.72
2018-05-17 00:00:00+00:00,34.226,34.342,27.64174,60.267384,0.9521422,0.525,-10.0,21857.392105216408,0.0,21847.392105216408,0,,22596.414
2018-05-18 00:00:00+00:00,34.352,34.788,27.7027,65.36935,0.89442825,0.48363636363636364,-10.0,22141.254441866135,0.0,22131.254441866135,0,,22889.873
2018-05-21 00:00:00+00:00,35.054,34.29,27.76947,64.43373,0.8848569,0.48363636363636364,-10.0,21824.298223501388,0.0,21814.298223501388,0,,22562.201
2018-05-22 00:00:00+00:00,34.442,34.052,27.8338,60.472404,0.9322853,0.48363636363636364,-10.0,21672.8179240388,0.0,21662.8179240388,0,,22405.598
2018-05-23 00:00:00+00:00,33.74,34.792,27.89435,57.959866,0.9471425,0.5,-10.0,22143.800676969742,0.0,22133.800676969742,0,,22892.506
2018-05-24 00:00:00+00:00,34.814,35.104,27.95955,58.61048,0.9578566,0.48363636363636364,-10.0,22342.378265733663,0.0,22332.378265733663,0,,23097.799
2018-05-25 00:00:00+00:00,35.038,35.344,28.02739,57.302994,0.93171394,0.48363636363636364,-10.0,22495.130674511896,0.0,22485.130674511896,0,,23255.715
2018-05-29 00:00:00+00:00,35.2,35.26,28.09678,51.35452,0.89042825,0.525,-10.0,22441.665705374813,0.0,22431.665705374813,0,,23200.443
2018-05-30 00:00:00+00:00,35.464,35.694,28.16866,50.514256,0.85285676,0.525,-10.0,22717.891137223738,0.0,22707.891137223738,0,,23486.008
2018-05-31 00:00:00+00:00,35.622,35.522,28.24108,46.78412,0.8341427,0.525,-10.0,22608.41958312389,0.0,22598.41958312389,0,,23372.836
2018-06-01 00:00:00+00:00,35.812,36.302,28.31079,47.170574,0.8364285,0.525,-10.0,23104.86050380964,0.0,23094.86050380964,0,,23886.062
2018-06-04 00:00:00+00:00,36.514,36.7,28.38499,54.71428,0.85842866,0.525,-10.0,23358.174762925737,0.0,23348.174762925737,0,,24147.941
2018-06-05 00:00:00+00:00,36.838,37.218,28.45899,69.657936,0.819143,0.525,-10.0,23687.860914898796,0.0,23677.860914898796,0,,24488.775
2018-06-06 00:00:00+00:00,37.312,37.284,28.53822,73.35051,0.7861429,0.525,-10.0,23729.86795813768,0.0,23719.86795813768,0,,24532.203
2018-06-07 00:00:00+00:00,37.4,35.49,28.61741,80.3096,0.75828606,0.525,-10.0,22588.05550031191,0.0,22578.05550031191,0,,23351.787
2018-06-08 00:00:00+00:00,35.54,35.638,28.68605,58.541676,0.90100044,0.525,-10.0,22682.25174330144,0.0,22672.25174330144,0,,23449.168
2018-06-11 00:00:00+00:00,35.692,36.016,28.75383,56.617886,0.91157204,0.525,-10.0,22922.8343702236,0.0,22912.8343702236,0,,23697.885
2018-06-12 00:00:00+00:00,36.112,36.368,28.82407,63.694027,0.8638578,0.525,-10.0,23146.8705271971,0.0,23136.8705271971,0,,23929.496
2018-06-13 00:00:00+00:00,36.646,36.246,28.89524,68.04862,0.83500046,0.48363636363636364,-10.0,23069.220447051997,0.0,23059.220447051997,0,,23849.22
2018-06-14 00:00:00+00:00,36.518,37.068,28.96588,62.538776,0.8225722,0.525,-10.0,23592.392884940044,0.0,23582.392884940044,0,,24390.082
2018-06-15 00:00:00+00:00,36.994,37.27,29.03931,65.56751,0.8540006,0.525,-10.0,23720.95760699515,0.0,23710.95760699515,0,,24522.994
2018-06-18 00:00:00+00:00,37.072,37.282,29.11391,65.35882,0.89057213,0.525,-10.0,23728.5953827139,0.0,23718.5953827139,0,,24530.89
2018-06-19 00:00:00+00:00,36.716,36.722,29.18605,66.31172,0.9040007,0.48363636363636364,-10.0,23372.176017342383,0.0,23362.176017342383,0,,24162.418
2018-06-20 00:00:00+00:00,37.0,36.952,29.25347,58.127758,0.95057213,0.525,-10.0,23518.561940722182,0.0,23508.561940722182,0,,24313.756
2018-06-21 00:00:00+00:00,37.0,36.054,29.32274,61.20338,0.9615718,0.5164209309048858,-10.0,22947.019320049985,0.0,22937.019320049985,0,,23722.887
2018-06-22 00:00:00+00:00,35.716,35.34,29.38686,48.09233,0.9952861,0.525,-10.0,22492.584736321278,0.0,22482.584736321278,0,,23253.088
2018-06-25 00:00:00+00:00,34.886,34.278,29.44888,40.02347,1.059572,0.525,-10.0,21816.66157129224,0.0,21806.66157129224,0,,22554.312
2018-06-26 00:00:00+00:00,34.418,34.17,29.50249,30.027195,1.113715,0.525,-10.0,21747.922482082202,0.0,21737.922482082202,0,,22483.248
2018-06-27 00:00:00+00:00,34.442,33.594,29.55694,28.965141,1.1428577,0.525,-10.0,21381.32232880542,0.0,21371.32232880542,0,,22104.254
2018-06-28 00:00:00+00:00,33.568,34.482,29.60724,34.67012,1.0814288,0.5,-10.0,21946.499727790408,0.0,21936.499727790408,0,,22688.541
2018-06-29 00:00:00+00:00,34.8,34.494,29.66339,41.65221,1.1171428,0.525,-10.0,21954.13910958118,0.0,21944.13910958118,0,,22696.44
2018-07-02 00:00:00+00:00,34.322,35.52,29.71981,38.395863,1.1205714,0.48363636363636364,-10.0,22607.151512328815,0.0,22597.151512328815,0,,23371.531
2018-07-03 00:00:00+00:00,35.606,35.438,29.78145,44.137173,1.1857145,0.525,-10.0,22554.96048180411,0.0,22544.96048180411,0,,23317.576
2018-07-05 00:00:00+00:00,35.638,35.886,29.84253,44.382656,1.161143,0.48363636363636364,-10.0,22840.0981887007,0.0,22830.0981887007,0,,23612.354
2018-07-06 00:00:00+00:00,35.88,36.432,29.90545,41.331776,1.122,0.525,-10.0,23187.605733685763,0.0,23177.605733685763,0,,23971.61
2018-07-09 00:00:00+00:00,36.646,36.97,29.97093,44.14967,1.1119998,0.48363636363636364,-10.0,23530.02381252218,0.0,23520.02381252218,0,,24325.607
2018-07-10 00:00:00+00:00,37.046,37.12,30.04038,47.970863,1.1184281,0.525,-10.0,23625.49189977327,0.0,23615.49189977327,0,,24424.303
2018-07-11 00:00:00+00:00,36.674,37.436,30.11096,52.73426,1.0611422,0.48363636363636364,-10.0,23826.61509298323,0.0,23816.61509298323,0,,24632.225
2018-07-12 00:00:00+00:00,37.766,38.932,30.18233,53.286266,1.0587139,0.525,-10.0,24778.761353493308,0.0,24768.761353493308,0,,25616.564
2018-07-13 00:00:00+00:00,38.658,38.212,30.26515,68.07334,1.0729997,0.525,-10.0,24320.510078583786,0.0,24310.510078583786,0,,25142.82
2018-07-16 00:00:00+00:00,38.392,37.816,30.34442,68.02211,1.0395709,0.525,-10.0,24068.47125370825,0.0,24058.47125370825,0,,24882.26
2018-07-17 00:00:00+00:00,37.39,38.24,30.418,74.22627,0.9889995,0.5,-10.0,24338.332482623406,0.0,24328.332482623406,0,,25161.244
2018-07-18 00:00:00+00:00,38.4,38.402,30.49255,76.7131,1.0371424,0.48363636363636364,-10.0,24441.4379467761,0.0,24431.4379467761,0,,25267.838
2018-07-19 00:00:00+00:00,38.306,38.008,30.56703,83.37036,0.9732854,0.525,-10.0,24190.670594308776,0.0,24180.670594308776,0,,25008.59
2018-07-20 00:00:00+00:00,38.202,38.216,30.64027,76.27423,0.9297142,0.525,-10.0,24323.05502745584,0.0,24313.05502745584,0,,25145.45
2018-07-23 00:00:00+00:00,38.036,38.1,30.71352,76.947586,0.92728585,0.525,-10.0,24249.224190424942,0.0,24239.224190424942,0,,25069.123
2018-07-24 00:00:00+00:00,38.386,36.982,30.78596,71.514336,0.89114296,0.525,-10.0,23537.658751752653,0.0,23527.658751752653,0,,24333.498
2018-07-25 00:00:00+00:00,36.914,36.772,30.85149,60.97838,0.97628593,0.525,-10.0,23404.002150206725,0.0,23394.002150206725,0,,24195.322
2018-07-26 00:00:00+00:00,36.3,38.464,30.9136,56.520447,0.9864287,0.525,-10.0,24480.89881553594,0.0,24470.89881553594,0,,25308.63
2018-07-27 00:00:00+00:00,38.406,36.79,30.98459,62.795982,1.1082859,0.525,-10.0,23415.460098907042,0.0,23405.460098907042,0,,24207.168
2018-07-30 00:00:00+00:00,36.8,35.762,31.04758,49.008373,1.2507147,0.525,-10.0,22761.176896195273,0.0,22751.176896195273,0,,23530.762
2018-07-31 00:00:00+00:00,35.85,35.192,31.10571,43.17863,1.2978575,0.525,-10.0,22398.393343174266,0.0,22388.393343174266,0,,23155.713
2018-08-01 00:00:00+00:00,35.318,35.588,31.1597,39.00862,1.3097147,0.525,-10.0,22650.431767528135,0.0,22640.431767528135,0,,23416.273
2018-08-02 00:00:00+00:00,35.4,36.568,31.21535,31.642519,1.2672861,0.525,-10.0,23274.16454158302,0.0,23264.16454158302,0,,24061.096
2018-08-03 00:00:00+00:00,36.718,36.176,31.27679,41.225445,1.2794287,0.525,-10.0,23024.669320287714,0.0,23014.669320287714,0,,23803.164
2018-08-06 00:00:00+00:00,36.224,36.932,31.33492,41.243042,1.2965715,0.525,-10.0,23505.83575821445,0.0,23495.83575821445,0,,24300.602
2018-08-07 00:00:00+00:00,37.0,37.148,31.39881,43.25494,1.2482859,0.48363636363636364,-10.0,23643.310272237963,0.0,23633.310272237963,0,,24442.725
2018-08-08 00:00:00+00:00,37.06,37.226,31.46374,43.569225,1.232857,0.48363636363636364,-10.0,23692.95537034425,0.0,23682.95537034425,0,,24494.049
2018-08-09 00:00:00+00:00,37.362,37.668,31.52505,45.85543,1.2558569,0.48363636363636364,-10.0,23974.270464319514,0.0,23964.270464319514,0,,24784.877
2018-08-10 00:00:00+00:00,37.272,37.494,31.5894,47.16591,1.2698566,0.48363636363636364,-10.0,23863.526108002334,0.0,23853.526108002334,0,,24670.389
2018-08-13 00:00:00+00:00,37.402,37.004,31.65098,46.884644,1.2667139,0.525,-10.0,23551.661417201656,0.0,23541.661417201656,0,,24347.98
2018-08-14 00:00:00+00:00,37.22,36.898,31.71138,50.120922,1.2037138,0.48363636363636364,-10.0,23484.19394230164,0.0,23474.19394230164,0,,24278.23
2018-08-15 00:00:00+00:00,36.834,36.546,31.76973,50.700462,1.2199996,0.525,-10.0,23260.16122790699,0.0,23250.16122790699,0,,24046.623
2018-08-16 00:00:00+00:00,36.87,36.406,31.82673,37.470608,1.129428,0.525,-10.0,23171.055036374448,0.0,23161.055036374448,0,,23954.504
2018-08-17 00:00:00+00:00,36.4,36.166,31.88371,46.862724,0.96699935,0.48363636363636364,-10.0,23018.305099375186,0.0,23008.305099375186,0,,23796.59
2018-08-20 00:00:00+00:00,36.034,36.272,31.93817,53.78844,0.9379994,0.525,-10.0,23085.76898005399,0.0,23075.76898005399,0,,23866.334
2018-08-21 00:00:00+00:00,36.48,36.42,31.99502,61.09283,0.89699906,0.525,-10.0,23179.96574078584,0.0,23169.96574078584,0,,23963.717
2018-08-22 00:00:00+00:00,36.296,36.482,32.05278,59.0043,0.87999916,0.525,-10.0,23219.42796035125,0.0,23209.42796035125,0,,24004.512
2018-08-23 00:00:00+00:00,36.434,36.97,32.11028,48.838432,0.826428,0.525,-10.0,23530.024811564108,0.0,23520.024811564108,0,,24325.611
2018-08-24 00:00:00+00:00,37.222,38.712,32.1704,60.452904,0.8197136,0.525,-10.0,24638.742164567477,0.0,24628.742164567477,0,,25471.816
2018-08-27 00:00:00+00:00,38.8,38.65,32.23843,68.60371,0.9031421,0.525,-10.0,24599.281326609504,0.0,24589.281326609504,0,,25431.02
2018-08-28 00:00:00+00:00,38.756,38.852,32.30406,66.22033,0.92571366,0.525,-10.0,24727.846362896955,0.0,24717.846362896955,0,,25563.932
2018-08-29 00:00:00+00:00,38.854,40.046,32.37277,67.10139,0.9027135,0.48363636363636364,-10.0,25487.78341854534,0.0,25477.78341854534,0,,26349.564
2018-08-30 00:00:00+00:00,39.9,39.69,32.44702,71.59464,0.93471366,0.48363636363636364,-10.0,25261.200746335257,0.0,25251.200746335257,0,,26115.32
2018-08-31 00:00:00+00:00,39.6,39.272,32.52044,69.30378,0.92357093,0.525,-10.0,24995.159776184384,0.0,24985.159776184384,0,,25840.283
2018-09-04 00:00:00+00:00,39.19,40.052,32.59232,70.19227,0.9198565,0.525,-10.0,25491.60013557537,0.0,25481.60013557537,0,,26353.508
2018-09-05 00:00:00+00:00,40.0,38.152,32.66926,75.07153,0.9234279,0.525,-10.0,24282.32288128586,0.0,24272.32288128586,0,,25103.342
2018-09-06 00:00:00+00:00,38.384,38.636,32.7343,60.244953,0.99671364,0.525,-10.0,24590.371668248317,0.0,24580.371668248317,0,,25421.809
2018-09-07 00:00:00+00:00,38.588,39.396,32.79994,63.6275,1.0299996,0.525,-10.0,25074.082103755336,0.0,25064.082103755336,0,,25921.875
2018-09-10 00:00:00+00:00,39.976,39.802,32.86925,68.55895,1.0701425,0.525,-10.0,25332.48365545349,0.0,25322.48365545349,0,,26189.012
2018-09-11 00:00:00+00:00,39.6,39.9,32.94019,69.60675,1.0931429,0.525,-10.0,25394.85901616928,0.0,25384.85901616928,0,,26253.498
2018-09-12 00:00:00+00:00,39.968,40.554,33.01224,69.43701,1.1217142,0.525,-10.0,25811.10411072445,0.0,25801.10411072445,0,,26683.816
2018-09-13 00:00:00+00:00,40.8,40.916,33.08671,71.33278,1.2007141,0.525,-10.0,26041.504133685474,0.0,26031.504133685474,0,,26922.006
2018-09-14 00:00:00+00:00,40.824,40.594,33.1643,70.94924,1.1878569,0.48363636363636364,-10.0,25836.564775821884,0.0,25826.564775821884,0,,26710.139
2018-09-17 00:00:00+00:00,40.376,38.564,33.24064,61.765446,1.0919999,0.5064935064935066,-10.0,24544.543731626727,0.0,24534.543731626727,0,,25374.432
2018-09-18 00:00:00+00:00,38.604,38.376,33.31287,49.56852,1.1764287,0.5064935064935066,-10.0,24424.888975601294,0.0,24414.888975601294,0,,25250.73
2018-09-19 00:00:00+00:00,38.3,37.2,33.38175,47.608513,1.1904286,0.5064935064935066,-10.0,23676.409776501572,0.0,23666.409776501572,0,,24476.943
2018-09-20 00:00:00+00:00,37.4,37.47,33.44509,35.675453,1.2352856,0.5064935064935066,-10.0,23848.254522285653,0.0,23838.254522285653,0,,24654.598
2018-09-21 00:00:00+00:00,37.674,37.938,33.51882,38.728683,1.2484283,0.5064935064935066,-10.0,24146.117191641933,0.0,24136.117191641933,0,,24962.533
2018-09-24 00:00:00+00:00,37.526,38.624,33.59231,43.261265,1.2362853,0.5064935064935066,-10.0,24582.730708461055,0.0,24572.730708461055,0,,25413.908
2018-09-25 00:00:00+00:00,38.856,39.522,33.66767,42.71727,1.279714,0.5064935064935066,-10.0,25154.272937906426,0.0,25144.272937906426,0,,26004.777
2018-09-26 00:00:00+00:00,39.522,39.142,33.74428,57.78232,1.1852856,0.5064935064935066,-10.0,24912.416000726887,0.0,24902.416000726887,0,,25754.742
2018-09-27 00:00:00+00:00,39.21,39.016,33.81818,52.908695,1.1725712,0.5064935064935066,-10.0,24832.222723216764,0.0,24822.222723216764,0,,25671.838
2018-09-28 00:00:00+00:00,38.916,39.126,33.89017,47.64384,1.1228567,0.5064935064935066,-10.0,24902.235161469547,0.0,24892.235161469547,0,,25744.217
2018-10-01 00:00:00+00:00,39.45,38.922,33.96479,45.648827,1.1067137,0.5064935064935066,-10.0,24772.396991611713,0.0,24762.396991611713,0,,25609.988
2018-10-02 00:00:00+00:00,39.144,38.58,34.03603,43.78968,1.1085709,0.5064935064935066,-10.0,24554.726955074697,0.0,24544.726955074697,0,,25384.96
2018-10-03 00:00:00+00:00,38.856,39.24,34.10276,36.9479,1.045571,0.5064935064935066,-10.0,24974.79076618793,0.0,24964.79076618793,0,,25819.229
2018-10-04 00:00:00+00:00,39.098,37.488,34.16946,39.338425,1.081571,0.5064935064935066,-10.0,23859.706096122707,0.0,23849.706096122707,0,,24666.441
2018-10-05 00:00:00+00:00,37.422,37.32,34.22621,33.283085,1.2014283,0.5064935064935066,-10.0,23752.780378378888,0.0,23742.780378378888,0,,24555.9
2018-10-08 00:00:00+00:00,36.878,36.052,34.28285,41.626278,1.1749992,0.5064935064935066,-10.0,22945.74556407553,0.0,22935.74556407553,0,,23721.578
2018-10-09 00:00:00+00:00,35.98,36.282,34.33411,36.34226,1.2478567,0.5064935064935066,-10.0,23092.13307739748,0.0,23082.13307739748,0,,23872.914
2018-10-10 00:00:00+00:00,36.09,34.428,34.38655,43.930187,1.2235712,0.5064935064935066,-10.0,21912.131597967476,0.0,21902.131597967476,0,,22653.016
2018-10-11 00:00:00+00:00,34.57,34.994,34.4295,33.369785,1.2937143,0.5064935064935066,-10.0,22272.367784536702,0.0,22262.367784536702,0,,23025.432
2018-10-12 00:00:00+00:00,36.464,36.89,34.47515,34.07616,1.3344285,0.5064935064935066,-10.0,23479.10118183453,0.0,23469.10118183453,0,,24272.967
2018-10-15 00:00:00+00:00,36.832,36.182,34.52934,41.70652,1.4015713,0.5064935064935066,-10.0,23028.48513518285,0.0,23018.48513518285,0,,23807.113
2018-10-16 00:00:00+00:00,37.042,38.544,34.57956,33.729546,1.3941427,0.5064935064935066,-10.0,24531.808445113824,0.0,24521.808445113824,0,,25361.266
2018-10-17 00:00:00+00:00,38.622,38.052,34.64189,47.558388,1.5118569,0.5064935064935066,-10.0,24218.66892079922,0.0,24208.66892079922,0,,25037.54
2018-10-18 00:00:00+00:00,37.828,37.036,34.70042,46.17824,1.5272855,0.5064935064935066,-10.0,23572.024206021422,0.0,23562.024206021422,0,,24369.03
2018-10-19 00:00:00+00:00,37.292,35.43,34.75269,42.269566,1.6168567,0.5064935064935066,-10.0,22549.865486826326,0.0,22539.865486826326,0,,23312.31
2018-10-22 00:00:00+00:00,35.782,35.768,34.79599,38.29759,1.6938566,0.5064935064935066,-10.0,22764.990342501336,0.0,22754.990342501336,0,,23534.71
2018-10-23 00:00:00+00:00,34.84,36.356,34.83982,40.573883,1.7357137,0.5064935064935066,-10.0,23139.228559165127,0.0,23129.228559165127,0,,23921.602
2018-10-24 00:00:00+00:00,36.356,34.042,34.8863,40.28563,1.8179995,0.5064935064935066,-10.0,21666.4550010804,0.0,21656.4550010804,0,,22399.031
2018-10-25 00:00:00+00:00,34.68,34.526,34.92106,38.816048,1.8544279,0.5064935064935066,-10.0,21974.502902307144,0.0,21964.502902307144,0,,22717.494
2018-10-26 00:00:00+00:00,32.848,33.352,34.95746,41.114365,1.9165709,0.5064935064935066,-10.0,21227.295596594802,0.0,21217.295596594802,0,,21945.023
2018-10-29 00:00:00+00:00,34.418,32.846,34.98664,41.361668,1.9289995,0.5064935064935066,-10.0,20905.245090004504,0.0,20895.245090004504,0,,21612.084
2018-10-30 00:00:00+00:00,32.0,33.7,35.01268,39.19768,1.9955709,0.5064935064935066,-10.0,21448.784432927125,0.0,21438.784432927125,0,,22174.0
2018-10-31 00:00:00+00:00,34.862,36.208,35.04139,47.5577,2.0212848,0.5064935064935066,-10.0,23045.03056606584,0.0,23035.03056606584,0,,23824.217
2018-11-01 00:00:00+00:00,36.206,36.746,35.08164,53.603233,2.1719992,0.5064935064935066,-10.0,23387.447537373373,0.0,23377.447537373373,0,,24178.21
2018-11-02 00:00:00+00:00,36.974,35.756,35.12424,49.535122,2.0885708,0.5064935064935066,-10.0,22757.35094616432,0.0,22747.35094616432,0,,23526.812
2018-11-05 00:00:00+00:00,35.796,36.082,35.16075,48.649338,2.1337135,0.5064935064935066,-10.0,22964.838018520608,0.0,22954.838018520608,0,,23741.314
2018-11-06 00:00:00+00:00,35.9,35.474,35.19726,41.036846,2.013428,0.5064935064935066,-10.0,22577.86830125489,0.0,22567.86830125489,0,,23341.26
2018-11-07 00:00:00+00:00,36.47,38.166,35.2302,40.693142,2.0341423,0.5064935064935066,-10.0,24291.226123770586,0.0,24281.226123770586,0,,25112.549
2018-11-08 00:00:00+00:00,38.0,37.232,35.27559,53.63906,2.1362853,0.5064935064935066,-10.0,23696.768385696465,0.0,23686.768385696465,0,,24497.99
2018-11-09 00:00:00+00:00,36.846,35.518,35.31621,56.0657,2.0707142,0.5064935064935066,-10.0,22605.873724393645,0.0,22595.873724393645,0,,23370.21
2018-11-12 00:00:00+00:00,35.04,34.474,35.34406,49.22982,2.151857,0.5064935064935066,-10.0,21941.40541296053,0.0,21931.40541296053,0,,22683.277
2018-11-13 00:00:00+00:00,34.87,33.734,35.36934,44.360542,2.1412854,0.5064935064935066,-10.0,21470.425222327944,0.0,21460.425222327944,0,,22196.371
2018-11-14 00:00:00+00:00,34.252,33.476,35.39142,48.980946,2.050714,0.5064935064935066,-10.0,21306.218319850646,0.0,21296.218319850646,0,,22026.613
2018-11-15 00:00:00+00:00,33.334,34.594,35.40993,46.473198,1.9507141,0.5064935064935066,-10.0,22017.783765917236,0.0,22007.783765917236,0,,22762.236
2018-11-16 00:00:00+00:00,34.146,34.218,35.43009,54.18746,1.9038569,0.5064935064935066,-10.0,21778.471897650026,0.0,21768.471897650026,0,,22514.834
2018-11-19 00:00:00+00:00,33.912,31.36,35.45142,54.66666,1.7865713,0.5064935064935066,-10.0,19959.46393172515,0.0,19949.46393172515,0,,20634.322
2018-11-20 00:00:00+00:00,29.798,31.448,35.46083,42.99569,1.8379997,0.5064935064935066,-10.0,20015.471534117452,0.0,20005.471534117452,0,,20692.225
2018-11-21 00:00:00+00:00,32.044,31.828,35.46905,33.337997,1.7957143,0.5064935064935066,-10.0,20257.326707361066,0.0,20247.326707361066,0,,20942.256
2018-11-23 00:00:00+00:00,31.314,32.126,35.47502,32.592384,1.7742856,0.5064935064935066,-10.0,20446.992346394723,0.0,20436.992346394723,0,,21138.334
2018-11-26 00:00:00+00:00,32.818,33.452,35.49555,36.489502,1.7349999,0.5064935064935066,-10.0,21290.942454686316,0.0,21280.942454686316,0,,22010.82
2018-11-27 00:00:00+00:00,32.92,33.148,35.51765,40.889565,1.7867142,0.5064935064935066,-10.0,21097.45714506783,0.0,21087.45714506783,0,,21810.791
2018-11-28 00:00:00+00:00,34.25,35.574,35.536148,41.769283,1.7714283,0.5064935064935066,-10.0,22641.51660609778,0.0,22631.51660609778,0,,23407.059
2018-11-29 00:00:00+00:00,35.248,35.82,35.56647,40.652054,1.7135714,0.5064935064935066,-10.0,22798.08478705063,0.0,22788.08478705063,0,,23568.922
2018-11-30 00:00:00+00:00,35.928,37.054,35.59783,44.641777,1.7144283,0.5064935064935066,-10.0,23583.480042907166,0.0,23573.480042907166,0,,24380.873
2018-12-03 00:00:00+00:00,38.41,37.618,35.63056,56.049145,1.650143,0.5064935064935066,-10.0,23942.44418598293,0.0,23932.44418598293,0,,24751.973
2018-12-04 00:00:00+00:00,37.118,36.17,35.66462,62.868374,1.6000003,0.5064935064935066,-10.0,23020.845342754204,0.0,23010.845342754204,0,,23799.215
2018-12-06 00:00:00+00:00,35.164,37.52,35.68871,59.424313,1.6381432,0.5064935064935066,-10.0,23880.07151860956,0.0,23870.07151860956,0,,24687.492
2018-12-07 00:00:00+00:00,37.388,36.476,35.71873,64.42636,1.7521431,0.5064935064935066,-10.0,23215.60573198027,0.0,23205.60573198027,0,,24000.56
2018-12-10 00:00:00+00:00,36.2,36.98,35.74506,56.749386,1.8020002,0.5064935064935066,-10.0,23536.3801934376,0.0,23526.3801934376,0,,24332.182
2018-12-11 00:00:00+00:00,37.832,36.684,35.76956,59.815212,1.8325714,0.5064935064935066,-10.0,23347.986360244002,0.0,23337.986360244002,0,,24137.418
2018-12-12 00:00:00+00:00,37.4,37.528,35.79241,73.131714,1.7250001,0.5064935064935066,-10.0,23885.162655468084,0.0,23875.162655468084,0,,24692.758
2018-12-13 00:00:00+00:00,37.88,37.63,35.81671,74.78799,1.6432859,0.5064935064935066,-10.0,23950.081854046046,0.0,23940.081854046046,0,,24759.871
2018-12-14 00:00:00+00:00,36.908,36.396,35.84385,74.20323,1.638286,0.5064935064935066,-10.0,23164.687168536257,0.0,23154.687168536257,0,,23947.92
2018-12-17 00:00:00+00:00,36.002,34.294,35.86626,66.5222,1.6590004,0.5064935064935066,-10.0,21826.84256973528,0.0,21816.84256973528,0,,22564.842
2018-12-18 00:00:00+00:00,34.684,34.714,35.87106,53.073437,1.7135718,0.5064935064935066,-10.0,22094.157778437882,0.0,22084.157778437882,0,,22841.195
2018-12-19 00:00:00+00:00,34.928,34.808,35.87633,55.668167,1.7100004,0.5064935064935066,-10.0,22153.985200810846,0.0,22143.985200810846,0,,22903.047
2018-12-20 00:00:00+00:00,34.368,33.984,35.8793,46.664333,1.6727145,0.5064935064935066,-10.0,21629.541877416832,0.0,21619.541877416832,0,,22360.871
2018-12-21 00:00:00+00:00,34.004,32.4,35.87616,42.38807,1.7920004,0.5064935064935066,-10.0,20621.385111527943,0.0,20611.385111527943,0,,21318.627
2018-12-24 00:00:00+00:00,31.804,31.784,35.86517,31.249,1.8248571,0.5064935064935066,-10.0,20229.32326312892,0.0,20219.32326312892,0,,20913.309
2018-12-26 00:00:00+00:00,31.936,33.902,35.85133,26.592854,1.7998571,0.5064935064935066,-10.0,21577.35029313789,0.0,21567.35029313789,0,,22306.914
2018-12-27 00:00:00+00:00,33.374,35.64,35.84641,41.364616,1.8039999,0.5064935064935066,-10.0,22683.52090056316,0.0,22673.52090056316,0,,23450.486
2018-12-28 00:00:00+00:00,35.922,36.066,35.85065,43.047333,1.7745712,0.5064935064935066,-10.0,22954.654236827966,0.0,22944.654236827966,0,,23730.79
2018-12-31 00:00:00+00:00,36.584,35.61,35.85564,48.4111,1.7459999,0.5064935064935066,-10.0,22664.42669724818,0.0,22654.42669724818,0,,23430.748
2019-01-02 00:00:00+00:00,34.824,35.664,35.85986,44.670925,1.7417141,0.5064935064935066,-10.0,22698.79642486159,0.0,22688.79642486159,0,,23466.28
2019-01-03 00:00:00+00:00,35.024,33.824,35.8682,45.95625,1.7491426,0.5064935064935066,-10.0,21527.70541022435,0.0,21517.70541022435,0,,22255.592
2019-01-04 00:00:00+00:00,34.602,35.846,35.86751,36.39037,1.7764283,0.5064935064935066,-10.0,22814.63167495988,0.0,22804.63167495988,0,,23586.033
2019-01-07 00:00:00+00:00,36.15,37.334,35.87463,44.25554,1.8758568,0.5064935064935066,-10.0,23761.68575265563,0.0,23751.68575265563,0,,24565.107
2019-01-08 00:00:00+00:00,37.95,37.622,35.88811,52.971737,1.9055709,0.5064935064935066,-10.0,23944.987016314644,0.0,23934.987016314644,0,,24754.607
2019-01-09 00:00:00+00:00,37.052,38.094,35.90746,61.912952,1.8431425,0.5064935064935066,-10.0,24245.396610322492,0.0,24235.396610322492,0,,25065.174
2019-01-10 00:00:00+00:00,37.78,38.0,35.93316,62.05421,1.8592855,0.5064935064935066,-10.0,24185.567886673267,0.0,24175.567886673267,0,,25003.324
2019-01-11 00:00:00+00:00,37.62,38.338,35.95171,61.38374,1.7647142,0.5064935064935066,-10.0,24400.693703479123,0.0,24390.693703479123,0,,25225.723
2019-01-14 00:00:00+00:00,37.574,37.68,35.98058,66.0854,1.6372854,0.5064935064935066,-10.0,23981.90075523808,0.0,23971.90075523808,0,,24792.77
2019-01-15 00:00:00+00:00,37.89,37.67,36.0093,70.939064,1.561714,0.5064935064935066,-10.0,23975.53406210116,0.0,23965.53406210116,0,,24786.186
2019-01-16 00:00:00+00:00,37.904,37.918,36.0322,74.52088,1.5178568,0.5064935064935066,-10.0,24133.37870326781,0.0,24123.37870326781,0,,24949.367
2019-01-17 00:00:00+00:00,37.366,37.306,36.06017,69.81837,1.4405711,0.5064935064935066,-10.0,23743.863477050116,0.0,23733.863477050116,0,,24546.684
2019-01-18 00:00:00+00:00,37.946,38.018,36.08493,59.24938,1.3352854,0.5064935064935066,-10.0,24197.024781366126,0.0,24187.024781366126,0,,25015.166
2019-01-22 00:00:00+00:00,37.556,37.14,36.11033,60.503643,1.2854284,0.5064935064935066,-10.0,23638.210075471932,0.0,23628.210075471932,0,,24437.457
2019-01-23 00:00:00+00:00,37.504,36.792,36.13026,57.875214,1.2688571,0.5064935064935066,-10.0,23416.72077115086,0.0,23406.72077115086,0,,24208.479
2019-01-24 00:00:00+00:00,36.85,37.14,36.15128,55.63548,1.2534286,0.5064935064935066,-10.0,23638.20880502563,0.0,23628.20880502563,0,,24437.457
2019-01-25 00:00:00+00:00,37.522,38.216,36.17409,69.4692,1.1842855,0.5064935064935066,-10.0,24323.0416027777,0.0,24313.0416027777,0,,25145.445
2019-01-28 00:00:00+00:00,37.61,37.588,36.19859,65.65387,1.087143,0.5064935064935066,-10.0,23923.343945919576,0.0,23913.343945919576,0,,24732.232
2019-01-29 00:00:00+00:00,37.636,36.964,36.22003,51.892708,1.0272859,0.5064935064935066,-10.0,23526.19046373174,0.0,23516.19046373174,0,,24321.648
2019-01-30 00:00:00+00:00,37.438,38.8,36.23628,45.330685,0.99471444,0.5064935064935066,-10.0,24694.733092593277,0.0,24684.733092593277,0,,25529.701
2019-01-31 00:00:00+00:00,42.272,44.004,36.26338,54.197365,1.0427142,0.5064935064935066,-10.0,28006.884588917077,0.0,27996.884588917077,0,,28953.844
2019-02-01 00:00:00+00:00,43.716,44.302,36.31395,72.20413,1.485857,0.5064935064935066,-10.0,28196.548368620122,0.0,28186.548368620122,0,,29149.918
2019-02-04 00:00:00+00:00,44.166,45.028,36.36092,72.12164,1.4737142,0.5064935064935066,-10.0,28658.621612200684,0.0,28648.621612200684,0,,29627.617
2019-02-05 00:00:00+00:00,45.2,45.67,36.41176,77.118385,1.4882857,0.5064935064935066,-10.0,29067.230182381107,0.0,29057.230182381107,0,,30050.041
2019-02-06 00:00:00+00:00,45.6,45.112,36.46712,78.20875,1.51,0.4720496894409938,-10.0,28712.08507493686,0.0,28702.08507493686,0,,29682.889
2019-02-07 00:00:00+00:00,44.812,45.392,36.52378,74.82402,1.522286,0.5064935064935066,-10.0,28890.293833948086,0.0,28880.293833948086,0,,29867.123
2019-02-08 00:00:00+00:00,45.08,45.712,36.58323,78.5563,1.544429,0.4720496894409938,-10.0,29093.964597530317,0.0,29083.964597530317,0,,30077.68
2019-02-11 00:00:00+00:00,45.978,45.802,36.65113,77.94566,1.5615717,0.5064935064935066,-10.0,29151.243090616204,0.0,29141.243090616204,0,,30136.895
2019-02-12 00:00:00+00:00,46.122,46.93,36.72214,83.37187,1.5597144,0.4720496894409938,-10.0,29869.17421385139,0.0,29859.17421385139,0,,30879.102
2019-02-13 00:00:00+00:00,47.0,46.394,36.79163,86.84403,1.5724288,0.5064935064935066,-10.0,29528.030513052905,0.0,29518.030513052905,0,,30526.424
2019-02-14 00:00:00+00:00,46.288,46.806,36.86042,83.177986,1.584286,0.5064935064935066,-10.0,29790.250550637134,0.0,29780.250550637134,0,,30797.51
2019-02-15 00:00:00+00:00,47.0,46.978,36.92831,82.33701,1.5772858,0.4720496894409938,-10.0,29899.72214157021,0.0,29889.72214157021,0,,30910.684
2019-02-19 00:00:00+00:00,46.698,46.916,36.99778,86.60534,1.5732858,0.5064935064935066,-10.0,29860.261503544294,0.0,29850.261503544294,0,,30869.887
2019-02-20 00:00:00+00:00,47.0,45.9,37.06686,90.57405,1.5539998,0.5064935064935066,-10.0,29213.617273059885,0.0,29203.617273059885,0,,30201.377
2019-02-21 00:00:00+00:00,45.742,46.002,37.12763,81.020645,1.5289999,0.5064935064935066,-10.0,29278.535199798993,0.0,29268.535199798993,0,,30268.49
2019-02-22 00:00:00+00:00,46.064,47.0,37.18642,65.75213,1.1050001,0.5064935064935066,-10.0,29913.726561998326,0.0,29903.726561998326,0,,30925.16
2019-02-25 00:00:00+00:00,47.5,47.4,37.2454,69.15652,1.1207144,0.5064935064935066,-10.0,30168.313578156518,0.0,30158.313578156518,0,,31188.355
2019-02-26 00:00:00+00:00,47.168,47.242,37.30637,67.65935,1.1017145,0.5064935064935066,-10.0,30067.752628798484,0.0,30057.752628798484,0,,31084.395
2019-02-27 00:00:00+00:00,47.16,48.062,37.36254,62.612347,1.0915718,0.5064935064935066,-10.0,30589.652701077008,0.0,30579.652701077008,0,,31623.941
2019-02-28 00:00:00+00:00,48.034,47.888,37.42387,72.71328,1.0820001,0.5064935064935066,-10.0,30478.90817019592,0.0,30468.90817019592,0,,31509.451
2019-03-01 00:00:00+00:00,48.462,48.704,37.48444,69.536644,1.0502856,0.5064935064935066,-10.0,30998.26193351968,0.0,30988.26193351968,0,,32046.365
2019-03-04 00:00:00+00:00,48.92,47.394,37.55423,71.731544,1.0351427,0.5064935064935066,-10.0,30164.497578226277,0.0,30154.497578226277,0,,31184.41
2019-03-05 00:00:00+00:00,47.514,47.2,37.61778,59.82233,1.1991427,0.5064935064935066,-10.0,30041.02376283374,0.0,30031.02376283374,0,,31056.762
2019-03-06 00:00:00+00:00,47.09,46.622,37.68263,51.88285,1.166857,0.5064935064935066,-10.0,29673.14995760584,0.0,29663.14995760584,0,,30676.45
2019-03-07 00:00:00+00:00,46.474,46.674,37.74403,51.580704,1.1642857,0.5064935064935066,-10.0,29706.245077917025,0.0,29696.245077917025,0,,30710.662
2019-03-08 00:00:00+00:00,45.86,46.79,37.80346,49.036777,1.1732856,0.5064935064935066,-10.0,29780.076815391167,0.0,29770.076815391167,0,,30786.988
2019-03-11 00:00:00+00:00,47.102,47.972,37.86596,48.616833,1.2164285,0.5064935064935066,-10.0,30532.373961476234,0.0,30522.373961476234,0,,31564.723
2019-03-12 00:00:00+00:00,48.03,47.742,37.93556,56.67004,1.2547144,0.5064935064935066,-10.0,30385.987153515176,0.0,30375.987153515176,0,,31413.387
2019-03-13 00:00:00+00:00,48.112,48.078,38.00031,62.917255,1.206143,0.5064935064935066,-10.0,30599.8364028283,0.0,30589.8364028283,0,,31634.467
2019-03-14 00:00:00+00:00,48.81,48.318,38.06518,64.09561,1.2058569,0.5064935064935066,-10.0,30752.58738956751,0.0,30742.58738956751,0,,31792.383
2019-03-15 00:00:00+00:00,48.274,48.378,38.13005,59.975792,1.1787139,0.5064935064935066,-10.0,30790.772384056432,0.0,30780.772384056432,0,,31831.857
2019-03-18 00:00:00+00:00,48.506,48.196,38.19564,57.80401,1.158571,0.5064935064935066,-10.0,30674.937290212965,0.0,30664.937290212965,0,,31712.107
2019-03-19 00:00:00+00:00,48.452,48.392,38.25815,57.583466,1.1909994,0.5064935064935066,-10.0,30799.6832326528,0.0,30789.6832326528,0,,31841.07
2019-03-20 00:00:00+00:00,48.6,48.918,38.3225,52.912094,1.1659995,0.5064935064935066,-10.0,31134.464154211717,0.0,31124.464154211717,0,,32187.172
2019-03-21 00:00:00+00:00,48.744,50.19,38.385582,58.557663,1.2199999,0.5064935064935066,-10.0,31944.042588214306,0.0,31934.042588214306,0,,33024.12
2019-03-22 00:00:00+00:00,49.8,48.242,38.45303,61.476692,1.2610003,0.5064935064935066,-10.0,30704.215760452502,0.0,30694.215760452502,0,,31742.375
2019-03-25 00:00:00+00:00,47.758,48.34,38.50815,55.961758,1.1641428,0.5064935064935066,-10.0,30766.589701489425,0.0,30756.589701489425,0,,31806.857
2019-03-26 00:00:00+00:00,49.008,49.0,38.56343,58.124294,1.1762856,0.5064935064935066,-10.0,31186.65451458964,0.0,31176.65451458964,0,,32241.125
2019-03-27 00:00:00+00:00,48.964,48.274,38.63098,66.751205,1.1745714,0.5064935064935066,-10.0,30724.582319818284,0.0,30714.582319818284,0,,31763.43
2019-03-28 00:00:00+00:00,48.746,48.666,38.69416,60.293358,1.227286,0.5064935064935066,-10.0,30974.07509602876,0.0,30964.07509602876,0,,32021.357
2019-03-29 00:00:00+00:00,49.3,49.298,38.757412,61.65507,1.1958572,0.5064935064935066,-10.0,31376.31749343381,0.0,31366.31749343381,0,,32437.201
2019-04-01 00:00:00+00:00,49.998,49.146,38.82206,58.84236,1.1624285,0.5064935064935066,-10.0,31279.575249212965,0.0,31269.575249212965,0,,32337.186
2019-04-02 00:00:00+00:00,49.15,49.364,38.88656,59.460915,1.1954286,0.5064935064935066,-10.0,31418.324490448606,0.0,31408.324490448606,0,,32480.627
2019-04-03 00:00:00+00:00,49.78,49.428,38.94804,58.805805,1.1884286,0.5064935064935066,-10.0,31459.05898384228,0.0,31449.05898384228,0,,32522.738
2019-04-04 00:00:00+00:00,49.27,47.406,39.00883,57.788387,1.1937141,0.5064935064935066,-10.0,30172.13058410256,0.0,30162.13058410256,0,,31192.295
2019-04-05 00:00:00+00:00,47.728,47.396,39.05945,44.65229,1.3931429,0.5064935064935066,-10.0,30165.767847996252,0.0,30155.767847996252,0,,31185.717
2019-04-08 00:00:00+00:00,47.28,47.442,39.11282,45.51369,1.3790003,0.5064935064935066,-10.0,30195.046803672616,0.0,30185.046803672616,0,,31215.986
2019-04-09 00:00:00+00:00,47.026,47.752,39.16527,44.58136,1.4088573,0.5064935064935066,-10.0,30392.34784580615,0.0,30382.34784580615,0,,31419.959
2019-04-10 00:00:00+00:00,48.1,48.732,39.22376,43.181286,1.3755714,0.5064935064935066,-10.0,31016.081298137033,0.0,31006.081298137033,0,,32064.781
2019-04-11 00:00:00+00:00,48.728,49.154,39.29072,41.1722,1.3597143,0.5064935064935066,-10.0,31284.668193323847,0.0,31274.668193323847,0,,32342.447
2019-04-12 00:00:00+00:00,49.4,48.86,39.3651,56.7736,1.2768571,0.5064935064935066,-10.0,31097.549984963443,0.0,31087.549984963443,0,,32149.002
2019-04-15 00:00:00+00:00,48.814,48.758,39.43855,53.752888,1.2427142,0.5064935064935066,-10.0,31032.630954853004,0.0,31022.630954853004,0,,32081.889
2019-04-16 00:00:00+00:00,49.178,47.962,39.51437,48.100468,1.2201426,0.5064935064935066,-10.0,30526.008551707546,0.0,30516.008551707546,0,,31558.135
2019-04-17 00:00:00+00:00,48.344,47.246,39.58177,47.577667,1.1897138,0.4720496894409938,-10.0,30070.29861140156,0.0,30060.29861140156,0,,31087.018
2019-04-18 00:00:00+00:00,46.88,47.48,39.64553,39.503242,1.2262857,0.5064935064935066,-10.0,30219.230436134327,0.0,30209.230436134327,0,,31240.986
2019-04-22 00:00:00+00:00,47.204,48.528,39.70533,35.721024,1.2688571,0.5064935064935066,-10.0,30886.242418320562,0.0,30876.242418320562,0,,31930.549
2019-04-23 00:00:00+00:00,48.65,48.71,39.77078,45.744976,1.2834284,0.5064935064935066,-10.0,31002.07952415776,0.0,30992.07952415776,0,,32050.303
2019-04-24 00:00:00+00:00,49.0,48.54,39.8349,45.47468,1.3122855,0.5064935064935066,-10.0,30893.881312822938,0.0,30883.881312822938,0,,31938.445
2019-04-25 00:00:00+00:00,52.204,52.138,39.89544,43.94435,1.3081428,0.5064935064935066,-10.0,33183.87344193359,0.0,33173.87344193359,0,,34305.867
2019-04-26 00:00:00+00:00,52.0,53.416,39.97128,76.56042,1.4448569,0.5064935064935066,-10.0,33997.27037943864,0.0,33987.27037943864,0,,35146.766
2019-04-29 00:00:00+00:00,53.42,54.338,40.05276,79.57941,1.5292854,0.5064935064935066,-10.0,34584.09011965304,0.0,34574.09011965304,0,,35753.426
2019-04-30 00:00:00+00:00,54.2,54.302,40.13727,81.197975,1.536714,0.4720496894409938,-10.0,34561.17590398281,0.0,34551.17590398281,0,,35729.74
2019-05-01 00:00:00+00:00,54.632,54.08,40.21412,80.385956,1.5358571,0.5064935064935066,-10.0,34419.884170425685,0.0,34409.884170425685,0,,35583.668
2019-05-02 00:00:00+00:00,52.972,52.534,40.29346,76.686646,1.5077142,0.5064935064935066,-10.0,33435.91324542843,0.0,33425.91324542843,0,,34566.426
2019-05-03 00:00:00+00:00,53.136,53.704,40.36705,65.165115,1.5930002,0.5064935064935066,-10.0,34180.57368159104,0.0,34170.57368159104,0,,35336.266
2019-05-06 00:00:00+00:00,52.1,53.95,40.44437,70.14974,1.6307144,0.5064935064935066,-10.0,34337.145871433364,0.0,34327.145871433364,0,,35498.133
2019-05-07 00:00:00+00:00,53.4,52.962,40.52211,71.34167,1.7665716,0.5064935064935066,-10.0,33708.32185299857,0.0,33698.32185299857,0,,34848.047
2019-05-08 00:00:00+00:00,52.8,53.196,40.59688,70.23308,1.8012861,0.5064935064935066,-10.0,33857.25377744154,0.0,33847.25377744154,0,,35002.016
2019-05-09 00:00:00+00:00,52.47,54.098,40.67178,75.05475,1.7995718,0.5064935064935066,-10.0,34431.34448713372,0.0,34421.34448713372,0,,35595.516
2019-05-10 00:00:00+00:00,53.7,54.98,40.75177,76.38336,1.8672861,0.4720496894409938,-10.0,34992.705473381655,0.0,34982.705473381655,0,,36175.86
2019-05-13 00:00:00+00:00,53.376,52.024,40.84176,76.06659,1.8834292,0.4720496894409938,-10.0,33111.320615921184,0.0,33101.320615921184,0,,34230.863
2019-05-14 00:00:00+00:00,52.644,54.414,40.91802,60.937294,2.0175722,0.5064935064935066,-10.0,34632.46790205986,0.0,34622.46790205986,0,,35803.44
2019-05-15 00:00:00+00:00,54.0,54.792,40.99777,66.90846,2.138858,0.5064935064935066,-10.0,34873.048675658625,0.0,34863.048675658625,0,,36052.156
2019-05-16 00:00:00+00:00,55.0,55.592,41.08778,59.37809,1.857715,0.5064935064935066,-10.0,35382.21731588427,0.0,35372.21731588427,0,,36578.543
2019-05-17 00:00:00+00:00,55.142,54.598,41.18693,57.957867,1.8154291,0.5064935064935066,-10.0,34749.57403748598,0.0,34739.57403748598,0,,35924.508
2019-05-20 00:00:00+00:00,53.392,53.016,41.28396,50.94586,1.8147147,0.4720496894409938,-10.0,33742.690286444034,0.0,33732.690286444034,0,,34883.582
2019-05-21 00:00:00+00:00,53.942,54.242,41.3711,45.79464,1.8770002,0.5064935064935066,-10.0,34522.99579163473,0.0,34512.99579163473,0,,35690.27
2019-05-22 00:00:00+00:00,54.014,54.678,41.45947,50.497112,1.9208573,0.5064935064935066,-10.0,34800.49314998528,0.0,34790.49314998528,0,,35977.15
2019-05-23 00:00:00+00:00,54.012,52.958,41.55198,57.060066,1.8725713,0.4720496894409938,-10.0,33705.77794429543,0.0,33695.77794429543,0,,34845.418
2019-05-24 00:00:00+00:00,53.35,53.79,41.63211,47.629345,1.9135715,0.5064935064935066,-10.0,34235.315678717954,0.0,34225.315678717954,0,,35392.863
2019-05-28 00:00:00+00:00,53.816,53.33,41.71532,49.509804,1.7875715,0.5064935064935066,-10.0,33942.54291373692,0.0,33932.54291373692,0,,35090.188
2019-05-29 00:00:00+00:00,52.78,52.838,41.79584,51.165146,1.7544283,0.5064935064935066,-10.0,33629.40235500607,0.0,33619.40235500607,0,,34766.46
2019-05-30 00:00:00+00:00,53.082,52.52,41.87169,48.884743,1.7437142,0.5064935064935066,-10.0,33427.00715340708,0.0,33417.00715340708,0,,34557.223
2019-05-31 00:00:00+00:00,51.862,52.386,41.94682,44.89849,1.6391428,0.5064935064935066,-10.0,33341.722262206924,0.0,33331.722262206924,0,,34469.055
2019-06-03 00:00:00+00:00,52.4,49.676,42.02373,41.18767,1.6282855,0.5064935064935066,-10.0,31616.908036362198,0.0,31606.908036362198,0,,32685.922
2019-06-04 00:00:00+00:00,50.228,51.51,42.08762,41.88779,1.6517143,0.5064935064935066,-10.0,32784.18013153811,0.0,32774.18013153811,0,,33892.66
2019-06-05 00:00:00+00:00,52.474,52.65,42.16244,39.56596,1.6195714,0.5064935064935066,-10.0,33509.749162555,0.0,33499.749162555,0,,34642.76
2019-06-06 00:00:00+00:00,52.648,53.698,42.24366,42.703377,1.6294289,0.5064935064935066,-10.0,34176.76374663937,0.0,34166.76374663937,0,,35332.33
2019-06-07 00:00:00+00:00,54.198,54.91,42.33132,43.65538,1.630572,0.5064935064935066,-10.0,34948.154153812255,0.0,34938.154153812255,0,,36129.8
2019-06-10 00:00:00+00:00,55.872,55.174,42.42451,51.03011,1.6571435,0.5064935064935066,-10.0,35116.17893279554,0.0,35106.17893279554,0,,36303.508
2019-06-11 00:00:00+00:00,55.972,53.258,42.51828,57.804134,1.6080006,0.5064935064935066,-10.0,33896.7169271355,0.0,33886.7169271355,0,,35042.812
2019-06-12 00:00:00+00:00,53.2,53.576,42.60216,46.610634,1.7221434,0.5064935064935066,-10.0,34099.11269499667,0.0,34089.11269499667,0,,35252.05
2019-06-13 00:00:00+00:00,53.72,54.758,42.68519,46.173077,1.7127149,0.5064935064935066,-10.0,34851.40947492285,0.0,34841.40947492285,0,,36029.785
2019-06-14 00:00:00+00:00,54.746,54.45,42.76542,56.4935,1.665572,0.5064935064935066,-10.0,34655.38035078688,0.0,34645.38035078688,0,,35827.125
2019-06-17 00:00:00+00:00,54.74,54.912,42.84442,52.474503,1.6785723,0.5064935064935066,-10.0,34949.425721824315,0.0,34939.425721824315,0,,36131.113
2019-06-18 00:00:00+00:00,55.664,56.528,42.92472,55.930412,1.6397152,0.5064935064935066,-10.0,35977.95093471963,0.0,35967.95093471963,0,,37194.418
2019-06-19 00:00:00+00:00,56.842,57.102,43.00713,62.757565,1.6920007,0.5064935064935066,-10.0,36343.279945280075,0.0,36333.279945280075,0,,37572.098
2019-06-20 00:00:00+00:00,58.048,57.76,43.09419,65.56597,1.7002866,0.4720496894409938,-10.0,36762.07252834398,0.0,36752.07252834398,0,,38005.05
2019-06-21 00:00:00+00:00,57.504,57.148,43.18663,67.62891,1.6935722,0.5064935064935066,-10.0,36372.55778043059,0.0,36362.55778043059,0,,37602.363
2019-06-24 00:00:00+00:00,57.574,56.5,43.27211,78.42362,1.5210005,0.5064935064935066,-10.0,35960.13119535724,0.0,35950.13119535724,0,,37175.992
2019-06-25 00:00:00+00:00,56.63,55.072,43.36385,70.86471,1.476429,0.5064935064935066,-10.0,35051.26274476562,0.0,35041.26274476562,0,,36236.395
2019-06-26 00:00:00+00:00,55.756,55.068,43.44603,59.888935,1.5122861,0.5064935064935066,-10.0,35048.71807716266,0.0,35038.71807716266,0,,36233.766
2019-06-27 00:00:00+00:00,55.474,55.702,43.52439,56.11498,1.5620003,0.5064935064935066,-10.0,35452.233784948294,0.0,35442.233784948294,0,,36650.926
2019-06-28 00:00:00+00:00,55.562,54.914,43.60389,53.72741,1.523286,0.5064935064935066,-10.0,34950.70217976498,0.0,34940.70217976498,0,,36132.438
2019-07-01 00:00:00+00:00,56.398,56.702,43.67896,48.833878,1.5177144,0.5064935064935066,-10.0,36088.69672408816,0.0,36078.69672408816,0,,37308.906
2019-07-02 00:00:00+00:00,56.662,57.662,43.7597,65.62615,1.4298573,0.5064935064935066,-10.0,36699.699296093175,0.0,36689.699296093175,0,,37940.57
2019-07-03 00:00:00+00:00,57.98,58.63,43.84343,67.51845,1.4321429,0.5064935064935066,-10.0,37315.79656201298,0.0,37305.79656201298,0,,38577.496
2019-07-05 00:00:00+00:00,58.2,58.906,43.93361,66.91127,1.4280001,0.5064935064935066,-10.0,37491.459018815985,0.0,37481.459018815985,0,,38759.098
2019-07-08 00:00:00+00:00,58.73,58.6,44.03532,69.51648,1.4352856,0.4720496894409938,-10.0,37296.70125162345,0.0,37286.70125162345,0,,38557.758
2019-07-09 00:00:00+00:00,58.282,59.604,44.13644,66.376564,1.4384283,0.4720496894409938,-10.0,37935.70998751707,0.0,37925.70998751707,0,,39218.37
2019-07-10 00:00:00+00:00,59.922,59.75,44.24846,64.44404,1.4101427,0.5064935064935066,-10.0,38028.63398263324,0.0,38018.63398263324,0,,39314.438
2019-07-11 00:00:00+00:00,60.082,60.462,44.35986,62.954998,1.4128568,0.5064935064935066,-10.0,38481.798358674176,0.0,38471.798358674176,0,,39782.92
2019-07-12 00:00:00+00:00,60.46,60.226,44.47248,63.149723,1.3615712,0.5064935064935066,-10.0,38331.59351853168,0.0,38321.59351853168,0,,39627.637
2019-07-15 00:00:00+00:00,60.4,60.22,44.58049,65.54862,1.3882855,0.5064935064935066,-10.0,38327.773431554015,0.0,38317.773431554015,0,,39623.69
2019-07-16 00:00:00+00:00,60.0,59.1,44.68398,70.095085,1.346714,0.5064935064935066,-10.0,37614.93445567022,0.0,37604.93445567022,0,,38886.75
2019-07-17 00:00:00+00:00,59.1,59.312,44.78377,72.50783,1.3039995,0.5064935064935066,-10.0,37749.86399257379,0.0,37739.86399257379,0,,39026.242
2019-07-18 00:00:00+00:00,59.264,58.936,44.88525,73.17605,1.2227137,0.5064935064935066,-10.0,37510.553591810145,0.0,37500.553591810145,0,,38778.84
2019-07-19 00:00:00+00:00,59.61,57.948,44.9843,68.17262,1.2079996,0.5064935064935066,-10.0,36881.72946396892,0.0,36871.72946396892,0,,38128.754
2019-07-22 00:00:00+00:00,58.68,58.762,45.07943,66.67399,1.2811426,0.5064935064935066,-10.0,37399.80810006525,0.0,37389.80810006525,0,,38664.348
2019-07-23 00:00:00+00:00,59.004,58.202,45.18034,62.678486,1.2181426,0.5064935064935066,-10.0,37043.387635686944,0.0,37033.387635686944,0,,38295.88
2019-07-24 00:00:00+00:00,58.344,59.442,45.27515,53.4956,1.2354287,0.5064935064935066,-10.0,37832.60012937481,0.0,37822.60012937481,0,,39111.773
2019-07-25 00:00:00+00:00,57.7,57.146,45.38492,55.077538,1.2524287,0.5064935064935066,-10.0,36371.28205223738,0.0,36361.28205223738,0,,37601.047
2019-07-26 00:00:00+00:00,57.674,57.866,45.48405,41.214073,1.4160001,0.5064935064935066,-10.0,36829.536529187906,0.0,36819.536529187906,0,,38074.797
2019-07-29 00:00:00+00:00,57.868,57.168,45.59312,46.48132,1.4100001,0.5064935064935066,-10.0,36385.28500402298,0.0,36375.28500402298,0,,37615.523
2019-07-30 00:00:00+00:00,56.856,56.2,45.69755,37.969193,1.4945714,0.5064935064935066,-10.0,35769.18945222059,0.0,35759.18945222059,0,,36978.598
2019-07-31 00:00:00+00:00,56.342,55.478,45.80641,33.78405,1.501,0.5064935064935066,-10.0,35309.662449232535,0.0,35299.662449232535,0,,36503.535
2019-08-01 00:00:00+00:00,55.476,54.8,45.90883,27.254486,1.5868571,0.5064935064935066,-10.0,34878.13960599437,0.0,34868.13960599437,0,,36057.42
2019-08-02 00:00:00+00:00,54.59,53.172,45.99838,26.19759,1.6374289,0.5064935064935066,-10.0,33841.97886358392,0.0,33831.97886358392,0,,34986.227
2019-08-05 00:00:00+00:00,51.002,51.362,46.08333,22.933964,1.7458575,0.5064935064935066,-10.0,32689.98062151044,0.0,32679.98062151044,0,,33795.277
2019-08-06 00:00:00+00:00,52.332,52.342,46.14742,21.779741,1.8438576,0.5064935064935066,-10.0,33313.714646075314,0.0,33303.714646075314,0,,34440.1
2019-08-07 00:00:00+00:00,51.932,52.138,46.21887,25.928999,1.8801433,0.5064935064935066,-10.0,33183.87682475397,0.0,33173.87682475397,0,,34305.875
2019-08-08 00:00:00+00:00,52.402,53.422,46.29438,26.240744,1.9300003,0.5064935064935066,-10.0,34001.09517346196,0.0,33991.09517346196,0,,35150.727
2019-08-09 00:00:00+00:00,53.45,52.764,46.38434,34.502125,1.8771433,0.5064935064935066,-10.0,33582.301595718476,0.0,33572.301595718476,0,,34717.773
2019-08-12 00:00:00+00:00,52.26,51.714,46.46932,29.239933,1.8758575,0.5064935064935066,-10.0,32914.016993418874,0.0,32904.016993418874,0,,34026.89
2019-08-13 00:00:00+00:00,51.6,52.438,46.54611,28.280674,1.8571432,0.5064935064935066,-10.0,33374.81514607115,0.0,33364.81514607115,0,,34503.273
2019-08-14 00:00:00+00:00,51.668,50.462,46.63809,25.714283,1.8444288,0.5064935064935066,-10.0,32117.16756414413,0.0,32107.16756414413,0,,33203.1
2019-08-15 00:00:00+00:00,50.4,50.458,46.71777,26.297876,1.7441428,0.5064935064935066,-10.0,32114.621502100206,0.0,32104.621502100206,0,,33200.47
2019-08-16 00:00:00+00:00,51.182,51.382,46.8033,22.32516,1.7478572,0.5064935064935066,-10.0,32702.711381544283,0.0,32692.711381544283,0,,33808.445
2019-08-19 00:00:00+00:00,52.0,51.102,46.89598,28.743568,1.6507143,0.5064935064935066,-10.0,32524.502709255765,0.0,32514.502709255765,0,,33624.21
2019-08-20 00:00:00+00:00,51.1,51.056,46.98299,30.273949,1.6724287,0.5064935064935066,-10.0,32495.223860821203,0.0,32485.223860821203,0,,33593.94
2019-08-21 00:00:00+00:00,52.4,53.156,47.05723,31.94512,1.603,0.5064935064935066,-10.0,33831.79329756143,0.0,33821.79329756143,0,,34975.703
2019-08-22 00:00:00+00:00,53.3,52.928,47.13928,43.985947,1.6309999,0.5064935064935066,-10.0,33686.68163675395,0.0,33676.68163675395,0,,34825.684
2019-08-23 00:00:00+00:00,53.274,52.614,47.22514,49.005543,1.5388571,0.5064935064935066,-10.0,33486.83104870936,0.0,33476.83104870936,0,,34619.08
2019-08-26 00:00:00+00:00,53.0,53.314,47.3078,55.81136,1.5214285,0.5064935064935066,-10.0,33932.3556537478,0.0,33922.3556537478,0,,35079.664
2019-08-27 00:00:00+00:00,53.804,53.242,47.397,54.632103,1.4695712,0.5064935064935066,-10.0,33886.53128204948,0.0,33876.53128204948,0,,35032.293
2019-08-28 00:00:00+00:00,52.354,52.064,47.47238,55.328186,1.4654282,0.5064935064935066,-10.0,33136.77744497123,0.0,33126.77744497123,0,,34257.188
2019-08-29 00:00:00+00:00,52.772,52.958,47.54654,43.378185,1.4789995,0.5064935064935066,-10.0,33705.77383826181,0.0,33695.77383826181,0,,34845.42
2019-08-30 00:00:00+00:00,53.182,52.368,47.63374,50.92469,1.4842854,0.5064935064935066,-10.0,33330.26175655344,0.0,33320.26175655344,0,,34457.215
2019-09-03 00:00:00+00:00,52.818,52.676,47.72321,53.260216,1.5394281,0.5064935064935066,-10.0,33526.291315245784,0.0,33516.291315245784,0,,34659.87
2019-09-04 00:00:00+00:00,53.144,53.704,47.81792,51.237774,1.5157138,0.5064935064935066,-10.0,34180.57413530797,0.0,34170.57413530797,0,,35336.277
2019-09-05 00:00:00+00:00,54.064,53.924,47.91906,68.70527,1.4622854,0.5064935064935066,-10.0,34320.59513159075,0.0,34310.59513159075,0,,35481.035
2019-09-06 00:00:00+00:00,53.98,52.7,48.01571,69.51137,1.5742855,0.5064935064935066,-10.0,33541.56631552155,0.0,33531.56631552155,0,,34675.664
2019-09-09 00:00:00+00:00,52.8,50.936,48.10812,57.17709,1.5811427,0.5064935064935066,-10.0,32418.846961867224,0.0,32408.846961867224,0,,33514.984
2019-09-10 00:00:00+00:00,50.094,50.636,48.206,49.221825,1.7082855,0.5064935064935066,-10.0,32227.909232696726,0.0,32217.909232696726,0,,33317.59
2019-09-11 00:00:00+00:00,50.526,50.734,48.30194,48.07693,1.7674283,0.5064935064935066,-10.0,32290.2819298585,0.0,32280.2819298585,0,,33382.074
2019-09-12 00:00:00+00:00,51.32,51.362,48.39647,36.42074,1.7029997,0.5064935064935066,-10.0,32689.9780074996,0.0,32679.9780074996,0,,33795.28
2019-09-13 00:00:00+00:00,51.076,50.392,48.49265,41.5969,1.707571,0.5064935064935066,-10.0,32072.609699090015,0.0,32062.609699090015,0,,33157.043
2019-09-16 00:00:00+00:00,50.2,52.23,48.57735,38.86104,1.6085709,0.5064935064935066,-10.0,33242.42955141849,0.0,33232.42955141849,0,,34366.414
2019-09-17 00:00:00+00:00,52.672,52.81,48.67276,45.12239,1.7039996,0.5064935064935066,-10.0,33611.58081971388,0.0,33601.58081971388,0,,34748.047
2019-09-18 00:00:00+00:00,53.338,53.17,48.75894,48.14114,1.6982855,0.5064935064935066,-10.0,33840.70639544642,0.0,33830.70639544642,0,,34984.92
2019-09-19 00:00:00+00:00,53.09,53.748,48.84569,55.11942,1.686,0.5064935064935066,-10.0,34208.58243124487,0.0,34198.58243124487,0,,35365.234
2019-09-20 00:00:00+00:00,53.894,54.234,48.92916,53.766933,1.701,0.5064935064935066,-10.0,34517.90135352522,0.0,34507.90135352522,0,,35685.01
2019-09-23 00:00:00+00:00,54.494,53.4,49.01224,58.986713,1.6277142,0.5064935064935066,-10.0,33987.091295676204,0.0,33977.091295676204,0,,35136.25
2019-09-24 00:00:00+00:00,53.4,51.5,49.09839,53.31868,1.6578573,0.5064935064935066,-10.0,32777.811028955264,0.0,32767.811028955264,0,,33886.086
2019-09-25 00:00:00+00:00,51.5,51.876,49.16829,40.64517,1.7360001,0.5064935064935066,-10.0,33017.12094026217,0.0,33007.12094026217,0,,34133.49
2019-09-26 00:00:00+00:00,51.878,51.598,49.24529,41.42091,1.7132857,0.5064935064935066,-10.0,32840.184354985024,0.0,32830.184354985024,0,,33950.566
2019-09-27 00:00:00+00:00,51.784,50.052,49.31838,44.986347,1.6607143,0.5064935064935066,-10.0,31856.212943240072,0.0,31846.212943240072,0,,32933.324
2019-09-30 00:00:00+00:00,50.44,50.77,49.38522,45.89676,1.6375713,0.5064935064935066,-10.0,32313.1957037574,0.0,32303.1957037574,0,,33405.758
2019-10-01 00:00:00+00:00,51.064,50.026,49.45143,50.598743,1.5821427,0.5064935064935066,-10.0,31839.667200427044,0.0,31829.667200427044,0,,32916.22
2019-10-02 00:00:00+00:00,49.812,49.37,49.51341,47.009125,1.5587139,0.5064935064935066,-10.0,31422.1472553363,0.0,31412.1472553363,0,,32484.582
2019-10-03 00:00:00+00:00,49.554,51.474,49.57828,41.60486,1.5762855,0.5064935064935066,-10.0,32761.2637544433,0.0,32751.2637544433,0,,33868.977
2019-10-04 00:00:00+00:00,52.046,53.296,49.66418,54.162178,1.6971427,0.5064935064935066,-10.0,33920.90031441598,0.0,33910.90031441598,0,,35067.82
2019-10-07 00:00:00+00:00,53.246,53.63,49.75709,54.10569,1.6772856,0.5064935064935066,-10.0,34133.47690990463,0.0,34123.47690990463,0,,35287.586
2019-10-08 00:00:00+00:00,53.2,51.626,49.8512,53.21922,1.6345713,0.5064935064935066,-10.0,32858.00564316248,0.0,32848.00564316248,0,,33968.99
2019-10-09 00:00:00+00:00,52.168,52.404,49.93941,44.631443,1.6811426,0.5064935064935066,-10.0,33353.174524744034,0.0,33343.174524744034,0,,34480.9
2019-10-10 00:00:00+00:00,52.004,52.636,50.03943,45.39094,1.662714,0.5064935064935066,-10.0,33500.83551873731,0.0,33490.83551873731,0,,34633.555
2019-10-11 00:00:00+00:00,53.612,54.066,50.14369,44.422733,1.673857,0.5064935064935066,-10.0,34410.9754267989,0.0,34400.9754267989,0,,35574.47
2019-10-14 00:00:00+00:00,54.014,53.888,50.24451,52.231606,1.7325709,0.5064935064935066,-10.0,34297.68340989486,0.0,34287.68340989486,0,,35457.344
2019-10-15 00:00:00+00:00,54.088,54.848,50.33575,59.04545,1.6058568,0.5064935064935066,-10.0,34908.68825199239,0.0,34898.68825199239,0,,36089.008
2019-10-16 00:00:00+00:00,51.786,50.92,50.42966,60.780605,1.5499995,0.5064935064935066,-10.0,32408.663682967013,0.0,32398.663682967013,0,,33504.453
2019-10-17 00:00:00+00:00,51.658,50.862,50.50621,48.055523,1.8461424,0.5064935064935066,-10.0,32371.748764366603,0.0,32361.748764366603,0,,33466.29
2019-10-18 00:00:00+00:00,50.794,48.6,50.5822,52.539825,1.7431425,0.5064935064935066,-10.0,30932.07057940749,0.0,30922.07057940749,0,,31977.932
2019-10-21 00:00:00+00:00,49.018,48.18,50.65608,43.79645,1.9088567,0.5064935064935066,-10.0,30664.75691728577,0.0,30654.75691728577,0,,31701.582
2019-10-22 00:00:00+00:00,48.382,45.668,50.71775,44.623093,1.9131426,0.5064935064935066,-10.0,29065.96236825311,0.0,29055.96236825311,0,,30048.729
2019-10-23 00:00:00+00:00,43.26,44.002,50.75942,40.269165,2.0592856,0.5064935064935066,-10.0,28005.614993713883,0.0,27995.614993713883,0,,28952.53
2019-10-24 00:00:00+00:00,47.312,47.556,50.79132,29.896692,2.0604284,0.5064935064935066,-10.0,30267.602248672145,0.0,30257.602248672145,0,,31290.998
2019-10-25 00:00:00+00:00,47.554,48.244,50.83863,35.873203,2.259857,0.5064935064935066,-10.0,30705.487287679403,0.0,30695.487287679403,0,,31743.69
2019-10-28 00:00:00+00:00,48.68,48.94,50.88985,36.971455,2.3051426,0.5064935064935066,-10.0,31148.46273319643,0.0,31138.46273319643,0,,32201.64
2019-10-29 00:00:00+00:00,48.798,48.208,50.94286,43.063732,2.2464283,0.5064935064935066,-10.0,30682.572984781506,0.0,30672.572984781506,0,,31720.0
2019-10-30 00:00:00+00:00,48.668,49.99,50.9955,39.138542,2.2861426,0.5064935064935066,-10.0,31816.75102259338,0.0,31806.75102259338,0,,32892.523
2019-10-31 00:00:00+00:00,49.992,49.452,51.0571,43.659542,2.3665712,0.5064935064935066,-10.0,31474.33231828395,0.0,31464.33231828395,0,,32538.53
2019-11-01 00:00:00+00:00,49.788,50.606,51.11477,38.44998,2.309714,0.5064935064935066,-10.0,32208.807745987015,0.0,32198.807745987015,0,,33297.836
2019-11-04 00:00:00+00:00,50.898,49.16,51.18127,42.16706,2.388857,0.5064935064935066,-10.0,31288.48319876026,0.0,31278.48319876026,0,,32346.395
2019-11-05 00:00:00+00:00,49.162,48.372,51.23698,36.7326,2.4384286,0.5064935064935066,-10.0,30786.952632979275,0.0,30776.952632979275,0,,31827.904
2019-11-06 00:00:00+00:00,48.35,48.27,51.29314,43.03674,2.183143,0.5064935064935066,-10.0,30722.03239768818,0.0,30712.03239768818,0,,31760.791
2019-11-07 00:00:00+00:00,48.4,48.178,51.35053,42.933483,2.1367145,0.5064935064935066,-10.0,30663.478719417097,0.0,30653.478719417097,0,,31700.256
2019-11-08 00:00:00+00:00,47.984,49.69,51.40572,48.69512,1.9645716,0.5064935064935066,-10.0,31625.806445493774,0.0,31615.806445493774,0,,32695.121
2019-11-11 00:00:00+00:00,49.462,49.71,51.46309,54.373764,2.0245717,0.5064935064935066,-10.0,31638.534269056396,0.0,31628.534269056396,0,,32708.28
2019-11-12 00:00:00+00:00,49.858,50.506,51.5237,63.683144,1.8349999,0.5064935064935066,-10.0,32145.15917681526,0.0,32135.15917681526,0,,33232.035
2019-11-13 00:00:00+00:00,50.186,50.788,51.59141,73.39569,1.7005717,0.5064935064935066,-10.0,32324.638635190775,0.0,32314.638635190775,0,,33417.582
2019-11-14 00:00:00+00:00,50.554,50.77,51.65135,65.20512,1.4475716,0.5064935064935066,-10.0,32313.184411993898,0.0,32303.184411993898,0,,33405.742
2019-11-15 00:00:00+00:00,51.1,51.992,51.68518,62.683285,1.426143,0.5064935064935066,-10.0,33090.94043996145,0.0,33080.94043996145,0,,34209.793
2019-11-18 00:00:00+00:00,51.6,53.262,51.72363,64.555534,1.4248573,0.5064935064935066,-10.0,33899.24681602899,0.0,33889.24681602899,0,,35045.43
2019-11-19 00:00:00+00:00,55.45,55.548,51.7648,72.92689,1.4674288,0.5064935064935066,-10.0,35354.19822455225,0.0,35344.19822455225,0,,36549.574
2019-11-20 00:00:00+00:00,55.376,56.6,51.81419,74.11072,1.5014286,0.5064935064935066,-10.0,36023.75517172849,0.0,36013.75517172849,0,,37241.77
2019-11-21 00:00:00+00:00,56.464,55.824,51.87163,79.68441,1.5135714,0.5064935064935066,-10.0,35529.86225523711,0.0,35519.86225523711,0,,36731.176
2019-11-22 00:00:00+00:00,56.0,55.996,51.92379,72.37184,1.4681429,0.4720496894409938,-10.0,35639.33272040235,0.0,35629.33272040235,0,,36844.348
2019-11-25 00:00:00+00:00,56.0,55.95,51.97521,82.90339,1.3742856,0.5064935064935066,-10.0,35610.05603447588,0.0,35600.05603447588,0,,36814.082
2019-11-26 00:00:00+00:00,56.2,55.772,52.02595,89.28059,1.3502856,0.5064935064935066,-10.0,35496.76415393406,0.0,35486.76415393406,0,,36696.957
2019-11-27 00:00:00+00:00,55.902,56.256,52.07016,88.58265,1.3327141,0.5064935064935066,-10.0,35804.81209667714,0.0,35794.81209667714,0,,37015.42
2019-11-29 00:00:00+00:00,56.194,56.608,52.11947,89.93479,1.3155714,0.4720496894409938,-10.0,36028.84912190736,0.0,36018.84912190736,0,,37247.03
2019-12-02 00:00:00+00:00,56.6,55.47,52.16848,88.63084,1.208143,0.4720496894409938,-10.0,35304.55552709453,0.0,35294.55552709453,0,,36498.25
2019-12-03 00:00:00+00:00,54.358,55.802,52.21094,78.59416,1.3418573,0.4720496894409938,-10.0,35515.85826282242,0.0,35505.85826282242,0,,36716.695
2019-12-04 00:00:00+00:00,55.574,54.76,52.25537,77.560394,1.3989999,0.5064935064935066,-10.0,34852.66419415155,0.0,34842.66419415155,0,,36031.08
2019-12-05 00:00:00+00:00,54.6,54.626,52.29967,69.15511,1.400571,0.5064935064935066,-10.0,34767.37940817593,0.0,34757.37940817593,0,,35942.91
2019-12-06 00:00:00+00:00,54.98,54.408,52.34279,68.38994,1.3927138,0.4720496894409938,-10.0,34628.6308147922,0.0,34618.6308147922,0,,35799.473
2019-12-09 00:00:00+00:00,54.354,53.94,52.37983,62.742634,1.3855711,0.5064935064935066,-10.0,34330.76485188303,0.0,34320.76485188303,0,,35491.535
2019-12-10 00:00:00+00:00,54.0,53.356,52.41253,53.90642,1.2688569,0.5064935064935066,-10.0,33959.071631103405,0.0,33949.071631103405,0,,35107.273
2019-12-11 00:00:00+00:00,53.2,53.46,52.4431,34.28896,1.1639998,0.4720496894409938,-10.0,34025.26435106841,0.0,34015.26435106841,0,,35175.703
2019-12-12 00:00:00+00:00,53.272,53.13,52.47009,23.95485,1.1212856,0.5064935064935066,-10.0,33815.234008327076,0.0,33805.234008327076,0,,34958.574
2019-12-13 00:00:00+00:00,53.128,54.596,52.4963,25.868832,1.1039995,0.5064935064935066,-10.0,34748.28622920847,0.0,34738.28622920847,0,,35923.17
2019-12-16 00:00:00+00:00,54.866,56.358,52.52576,39.81967,1.1877136,0.5064935064935066,-10.0,35869.73197831814,0.0,35859.73197831814,0,,37082.535
2019-12-17 00:00:00+00:00,55.99,55.228,52.57058,52.374306,1.2338564,0.5064935064935066,-10.0,35150.52927268531,0.0,35140.52927268531,0,,36339.016
2019-12-18 00:00:00+00:00,55.486,55.49,52.61072,47.150047,1.303428,0.5064935064935066,-10.0,35317.28105229004,0.0,35307.28105229004,0,,36511.406
2019-12-19 00:00:00+00:00,55.49,55.696,52.65506,45.891445,1.3097136,0.4720496894409938,-10.0,35448.38927063203,0.0,35438.38927063203,0,,36646.95
2019-12-20 00:00:00+00:00,56.104,56.526,52.70017,45.0305,1.3152847,0.5064935064935066,-10.0,35976.65369098899,0.0,35966.65369098899,0,,37193.074
2019-12-23 00:00:00+00:00,56.61,56.662,52.74885,55.953995,1.1839992,0.5064935064935066,-10.0,36063.20927026884,0.0,36053.20927026884,0,,37282.56
2019-12-24 00:00:00+00:00,56.78,56.84,52.7923,54.958492,1.1381422,0.5064935064935066,-10.0,36176.49835120934,0.0,36166.49835120934,0,,37399.676
2019-12-26 00:00:00+00:00,56.952,57.24,52.83779,63.319687,1.0829996,0.4720496894409938,-10.0,36431.08257151942,0.0,36421.08257151942,0,,37662.867
2019-12-27 00:00:00+00:00,57.614,57.376,52.8836,66.187775,1.0614283,0.5064935064935066,-10.0,36517.641379218265,0.0,36507.641379218265,0,,37752.355
2019-12-30 00:00:00+00:00,57.256,56.562,52.92889,68.56856,1.036714,0.5064935064935066,-10.0,35999.56203869588,0.0,35989.56203869588,0,,37216.758
2019-12-31 00:00:00+00:00,56.082,56.464,52.96981,65.72321,1.1245711,0.5064935064935066,-10.0,35937.189636186384,0.0,35927.189636186384,0,,37152.277
2020-01-02 00:00:00+00:00,56.992,58.248,53.01115,69.79115,1.0932854,0.5064935064935066,-10.0,37072.63769602712,0.0,37062.63769602712,0,,38326.117
2020-01-03 00:00:00+00:00,57.38,58.22,53.06043,75.11542,1.1604282,0.5064935064935066,-10.0,37054.81645423001,0.0,37044.81645423001,0,,38307.69
2020-01-06 00:00:00+00:00,57.038,58.574,53.10694,77.573135,1.1897142,0.5064935064935066,-10.0,37280.12415344118,0.0,37270.12415344118,0,,38540.617
2020-01-07 00:00:00+00:00,58.644,58.582,53.14886,74.501114,1.1752859,0.5064935064935066,-10.0,37285.217134574625,0.0,37275.217134574625,0,,38545.883
2020-01-08 00:00:00+00:00,58.912,59.13,53.20056,67.47328,1.1428574,0.5064935064935066,-10.0,37634.00066025221,0.0,37624.00066025221,0,,38906.46
2020-01-09 00:00:00+00:00,59.46,59.862,53.25451,83.74267,1.1054285,0.5064935064935066,-10.0,38099.89179100539,0.0,38089.89179100539,0,,39388.1
2020-01-10 00:00:00+00:00,60.144,59.776,53.30882,84.96482,1.1262856,0.5064935064935066,-10.0,38045.157823704336,0.0,38035.157823704336,0,,39331.52
2020-01-13 00:00:00+00:00,60.47,60.77,53.36633,83.268135,1.1571429,0.5064935064935066,-10.0,38677.80094579851,0.0,38667.80094579851,0,,39985.555
2020-01-14 00:00:00+00:00,60.77,60.3,53.42685,83.703964,1.1947142,0.5064935064935066,-10.0,38378.66219612014,0.0,38368.66219612014,0,,39676.3
2020-01-15 00:00:00+00:00,60.4,60.974,53.48186,77.43591,1.179,0.5064935064935066,-10.0,38807.636646171304,0.0,38797.636646171304,0,,40119.78
2020-01-16 00:00:00+00:00,61.2,62.004,53.541,79.00646,1.2344286,0.5064935064935066,-10.0,39463.19205456672,0.0,39453.19205456672,0,,40797.5
2020-01-17 00:00:00+00:00,62.088,62.504,53.6042,80.71172,1.2594286,0.5064935064935066,-10.0,39781.42448236919,0.0,39771.42448236919,0,,41126.496
2020-01-21 00:00:00+00:00,62.4,62.596,53.66958,81.57637,1.249,0.5064935064935066,-10.0,39839.97784999393,0.0,39829.97784999393,0,,41187.027
2020-01-22 00:00:00+00:00,63.406,62.57,53.74553,90.7813,1.1827142,0.5064935064935066,-10.0,39823.428929980226,0.0,39813.428929980226,0,,41169.92
2020-01-23 00:00:00+00:00,62.6,62.292,53.8214,91.673485,1.1892855,0.5064935064935066,-10.0,39646.491466738495,0.0,39636.491466738495,0,,40987.0
2020-01-24 00:00:00+00:00,62.916,61.878,53.89565,84.742256,1.1309999,0.5064935064935066,-10.0,39382.99468726643,0.0,39372.99468726643,0,,40714.594
2020-01-27 00:00:00+00:00,60.09,61.526,53.96628,79.47145,1.1952858,0.5064935064935066,-10.0,39158.96262813556,0.0,39148.96262813556,0,,40482.99
2020-01-28 00:00:00+00:00,61.858,62.81,54.03025,73.79111,1.2301428,0.5064935064935066,-10.0,39976.18100733887,0.0,39966.18100733887,0,,41327.84
2020-01-29 00:00:00+00:00,63.104,62.586,54.09853,78.26204,1.244857,0.5064935064935066,-10.0,39833.61058240108,0.0,39823.61058240108,0,,41180.45
2020-01-30 00:00:00+00:00,66.746,68.324,54.16716,74.147545,1.2468569,0.5064935064935066,-10.0,43485.629216189285,0.0,43475.629216189285,0,,44955.95
2020-01-31 00:00:00+00:00,67.9,67.646,54.26499,84.78867,1.61,0.5064935064935066,-10.0,43054.111764519825,0.0,43044.111764519825,0,,44509.84
2020-02-03 00:00:00+00:00,67.682,68.64,54.36341,80.85308,1.650714,0.5064935064935066,-10.0,43686.752958199395,0.0,43676.752958199395,0,,45163.87
2020-02-04 00:00:00+00:00,69.2,70.406,54.47038,80.85307,1.6581427,0.5064935064935066,-10.0,44810.746014491495,0.0,44800.746014491495,0,,46325.863
2020-02-05 00:00:00+00:00,70.634,67.7,54.58501,85.96443,1.7554283,0.5064935064935066,-10.0,43088.47783572665,0.0,43078.47783572665,0,,44545.363
2020-02-06 00:00:00+00:00,68.002,68.34,54.68087,70.91158,1.9689996,0.5064935064935066,-10.0,43495.81113594177,0.0,43485.81113594177,0,,44966.47
2020-02-07 00:00:00+00:00,68.342,68.212,54.77902,70.18863,2.0134282,0.5064935064935066,-10.0,43414.34536275719,0.0,43404.34536275719,0,,44882.25
2020-02-10 00:00:00+00:00,68.144,68.554,54.87738,68.62924,2.0541422,0.5064935064935066,-10.0,43632.01722817421,0.0,43622.01722817421,0,,45107.285
2020-02-11 00:00:00+00:00,69.192,68.714,54.95946,69.13296,2.0771425,0.5064935064935066,-10.0,43733.84909745374,0.0,43723.84909745374,0,,45212.56
2020-02-12 00:00:00+00:00,69.004,69.96,55.03595,69.561905,2.0861423,0.5064935064935066,-10.0,44526.88213152946,0.0,44516.88213152946,0,,46032.406
2020-02-13 00:00:00+00:00,69.5,70.362,55.11406,72.99665,2.1668565,0.5064935064935066,-10.0,44782.73921443332,0.0,44772.73921443332,0,,46296.91
2020-02-14 00:00:00+00:00,70.728,71.232,55.19436,75.462204,2.1445708,0.5064935064935066,-10.0,45336.461032975734,0.0,45326.461032975734,0,,46869.355
2020-02-18 00:00:00+00:00,71.2,71.498,55.28012,78.25127,2.0615706,0.5064935064935066,-10.0,45505.75785097676,0.0,45495.75785097676,0,,47044.38
2020-02-19 00:00:00+00:00,71.75,71.544,55.37494,76.8812,2.0207136,0.5064935064935066,-10.0,45535.03500579455,0.0,45525.03500579455,0,,47074.64
2020-02-20 00:00:00+00:00,71.544,70.588,55.46414,78.0253,2.0297132,0.5064935064935066,-10.0,44926.57730412706,0.0,44916.57730412706,0,,46445.613
2020-02-21 00:00:00+00:00,70.096,68.896,55.54733,60.10715,1.8241419,0.5064935064935066,-10.0,43849.68689138786,0.0,43839.68689138786,0,,45332.312
2020-02-24 00:00:00+00:00,65.468,66.712,55.627,55.117085,1.9008566,0.5064935064935066,-10.0,42459.651156201406,0.0,42449.651156201406,0,,43895.277
2020-02-25 00:00:00+00:00,67.712,65.944,55.69458,42.808113,2.0835712,0.5064935064935066,-10.0,41970.84884575782,0.0,41960.84884575782,0,,43389.95
2020-02-26 00:00:00+00:00,66.2,66.854,55.75381,32.016773,2.1274283,0.5064935064935066,-10.0,42550.027595263826,0.0,42540.027595263826,0,,43988.71
2020-02-27 00:00:00+00:00,64.738,64.02,55.81318,46.013187,2.007571,0.5064935064935066,-10.0,40746.294355149425,0.0,40736.294355149425,0,,42123.99
2020-02-28 00:00:00+00:00,62.0,65.218,55.87316,33.130264,2.1184278,0.5064935064935066,-10.0,41508.77965696516,0.0,41498.77965696516,0,,42912.254
2020-03-02 00:00:00+00:00,66.766,68.88,55.92718,39.21005,2.315857,0.5064935064935066,-10.0,43839.50090449555,0.0,43829.50090449555,0,,45321.777
2020-03-03 00:00:00+00:00,68.878,65.926,55.99762,50.947994,2.4914284,0.5064935064935066,-10.0,41959.396633543045,0.0,41949.396633543045,0,,43378.105
2020-03-04 00:00:00+00:00,67.348,69.014,56.04929,43.025826,2.7831426,0.5064935064935066,-10.0,43924.78778333034,0.0,43914.78778333034,0,,45409.953
2020-03-05 00:00:00+00:00,67.498,65.866,56.12137,47.833256,2.849714,0.5064935064935066,-10.0,41921.20494986809,0.0,41911.20494986809,0,,43338.625
2020-03-06 00:00:00+00:00,63.878,63.448,56.18562,40.852856,2.9825711,0.5064935064935066,-10.0,40382.24153330044,0.0,40372.24153330044,0,,41747.63
2020-03-09 00:00:00+00:00,58.878,58.418,56.23165,35.10181,3.3124282,0.5064935064935066,-10.0,37180.835350829104,0.0,37170.835350829104,0,,38437.977
2020-03-10 00:00:00+00:00,60.476,62.56,56.25035,28.826715,3.6627142,0.5064935064935066,-10.0,39817.06159082324,0.0,39807.06159082324,0,,41163.34
2020-03-11 00:00:00+00:00,60.996,58.126,56.29836,37.159843,3.8888574,0.5064935064935066,-10.0,36994.98744146669,0.0,36984.98744146669,0,,38245.848
2020-03-12 00:00:00+00:00,54.008,52.424,56.32004,33.79959,4.0662856,0.5064935064935066,-10.0,33365.88256845373,0.0,33355.88256845373,0,,34494.04
2020-03-13 00:00:00+00:00,55.482,57.534,56.31551,30.608395,4.2785716,0.5064935064935066,-10.0,36618.20381521605,0.0,36608.20381521605,0,,37856.324
2020-03-16 00:00:00+00:00,50.202,53.086,56.33899,39.891624,4.365571,0.5064935064935066,-10.0,33787.21898085689,0.0,33777.21898085689,0,,34929.62
2020-03-17 00:00:00+00:00,54.282,57.484,56.34182,36.90044,4.6964283,0.5064935064935066,-10.0,36586.38062816561,0.0,36576.38062816561,0,,37823.426
2020-03-18 00:00:00+00:00,53.2,55.632,56.36731,41.0874,5.050143,0.5064935064935066,-10.0,35407.65227321816,0.0,35397.65227321816,0,,36604.844
2020-03-19 00:00:00+00:00,55.292,55.532,56.39709,41.869576,5.5071435,0.5064935064935066,-10.0,35344.00711483173,0.0,35334.00711483173,0,,36539.047
2020-03-20 00:00:00+00:00,55.212,50.94,56.4172,40.40724,5.6798573,0.5064935064935066,-10.0,32421.371120957767,0.0,32411.371120957767,0,,33517.594
2020-03-23 00:00:00+00:00,50.98,51.064,56.40865,32.554073,5.880429,0.5064935064935066,-10.0,32500.292963328986,0.0,32490.292963328986,0,,33599.18
2020-03-24 00:00:00+00:00,55.116,54.4,56.39548,34.70547,5.804143,0.5064935064935066,-10.0,34623.530281310865,0.0,34613.530281310865,0,,35794.207
2020-03-25 00:00:00+00:00,54.47,52.934,56.39293,35.03707,5.985429,0.5064935064935066,-10.0,33690.47561015167,0.0,33680.47561015167,0,,34829.605
2020-03-26 00:00:00+00:00,53.938,58.946,56.38173,36.286907,6.0258574,0.5064935064935066,-10.0,37516.88682555426,0.0,37506.88682555426,0,,38785.395
2020-03-27 00:00:00+00:00,56.826,54.8,56.41017,45.564182,6.051572,0.5064935064935066,-10.0,34878.115318696815,0.0,34868.115318696815,0,,36057.402
2020-03-30 00:00:00+00:00,55.554,57.278,56.41629,46.371986,5.9948573,0.5064935064935066,-10.0,36455.266881286145,0.0,36445.266881286145,0,,37687.88
2020-03-31 00:00:00+00:00,57.918,57.316,56.42889,44.52052,5.956572,0.5064935064935066,-10.0,36479.45564007202,0.0,36469.45564007202,0,,37712.887
2020-04-01 00:00:00+00:00,54.878,54.614,56.44322,49.075386,5.754715,0.5064935064935066,-10.0,34759.73356833094,0.0,34749.73356833094,0,,35935.02
2020-04-02 00:00:00+00:00,53.0,51.8,56.44173,52.68369,5.595858,0.5064935064935066,-10.0,32968.730121564586,0.0,32958.730121564586,0,,34083.457
2020-04-03 00:00:00+00:00,51.77,49.914,56.41809,42.55441,5.5592866,0.5064935064935066,-10.0,31768.36505795051,0.0,31758.36505795051,0,,32842.504
2020-04-06 00:00:00+00:00,51.898,53.99,56.38215,45.587585,5.228143,0.5064935064935066,-10.0,34362.5859221591,0.0,34352.5859221591,0,,35524.44
2020-04-07 00:00:00+00:00,55.4,52.47,56.3633,45.09573,5.0157146,0.5064935064935066,-10.0,33395.16367394206,0.0,33385.16367394206,0,,34524.31
2020-04-08 00:00:00+00:00,53.288,54.81,56.33991,45.51998,4.6495714,0.5064935064935066,-10.0,34884.48479866308,0.0,34874.48479866308,0,,36063.984
2020-04-09 00:00:00+00:00,55.216,55.612,56.33146,49.0381,4.393429,0.5064935064935066,-10.0,35394.92658907835,0.0,35384.92658907835,0,,36591.688
2020-04-13 00:00:00+00:00,55.352,56.712,56.33416,56.92353,4.088286,0.5064935064935066,-10.0,36095.035425874565,0.0,36085.035425874565,0,,37315.47
2020-04-14 00:00:00+00:00,59.4,60.418,56.34238,58.13458,3.9527147,0.5064935064935066,-10.0,38453.76194398272,0.0,38443.76194398272,0,,39753.945
2020-04-15 00:00:00+00:00,59.442,59.184,56.36596,58.576065,3.8284285,0.5064935064935066,-10.0,37668.365944042394,0.0,37658.365944042394,0,,38941.996
2020-04-16 00:00:00+00:00,60.096,58.388,56.38731,58.965973,3.6412854,0.4720496894409938,-10.0,37161.743385102374,0.0,37151.743385102374,0,,38418.242
2020-04-17 00:00:00+00:00,60.418,59.918,56.39574,49.058643,3.388571,0.5064935064935066,-10.0,38135.529336501735,0.0,38125.529336501735,0,,39424.953
2020-04-20 00:00:00+00:00,59.638,60.492,56.40702,59.470062,3.1872852,0.5064935064935066,-10.0,38500.85923068807,0.0,38490.85923068807,0,,39802.633
2020-04-21 00:00:00+00:00,59.792,57.754,56.41633,56.397804,3.0849993,0.5064935064935066,-10.0,36758.2272602476,0.0,36748.2272602476,0,,38001.082
2020-04-22 00:00:00+00:00,59.184,59.922,56.41057,50.78726,3.1888566,0.5064935064935066,-10.0,38138.07701974798,0.0,38128.07701974798,0,,39427.586
2020-04-23 00:00:00+00:00,60.0,59.462,56.41718,59.72732,3.1318564,0.4720496894409938,-10.0,37845.30620392685,0.0,37835.30620392685,0,,39124.914
2020-04-24 00:00:00+00:00,59.506,60.588,56.41647,65.367035,2.9157135,0.5064935064935066,-10.0,38561.95989551594,0.0,38551.95989551594,0,,39865.8
2020-04-27 00:00:00+00:00,61.506,61.72,56.420662,72.0811,2.8655705,0.5064935064935066,-10.0,39282.434307058866,0.0,39272.434307058866,0,,40610.637
2020-04-28 00:00:00+00:00,62.558,59.2,56.42695,68.2088,2.6567135,0.5064935064935066,-10.0,37678.55061175798,0.0,37668.55061175798,0,,38952.523
2020-04-29 00:00:00+00:00,60.32,64.398,56.42182,65.13993,2.6047137,0.5064935064935066,-10.0,40986.881048380215,0.0,40976.881048380215,0,,42372.715
2020-04-30 00:00:00+00:00,65.568,70.308,56.44271,69.11179,2.8244278,0.5064935064935066,-10.0,44748.36655520714,0.0,44738.36655520714,0,,46261.383
2020-05-01 00:00:00+00:00,68.418,67.902,56.49875,74.33758,3.1775706,0.5064935064935066,-10.0,43217.040994974675,0.0,43207.040994974675,0,,44678.277
2020-05-04 00:00:00+00:00,67.304,70.928,56.5417,67.76304,3.246142,0.5064935064935066,-10.0,45142.97589016031,0.0,45132.97589016031,0,,46669.332
2020-05-05 00:00:00+00:00,72.0,74.128,56.60166,67.05173,3.2734282,0.4720496894409938,-10.0,47179.65479342315,0.0,47169.65479342315,0,,48774.87
2020-05-06 00:00:00+00:00,74.926,73.078,56.68256,72.79161,3.4592855,0.4720496894409938,-10.0,46511.37260023487,0.0,46501.37260023487,0,,48083.992
2020-05-07 00:00:00+00:00,73.794,76.366,56.75414,72.23199,3.4972854,0.5064935064935066,-10.0,48604.05524052054,0.0,48594.05524052054,0,,50247.43
2020-05-08 00:00:00+00:00,76.8,75.452,56.84496,73.63491,3.6401424,0.4720496894409938,-10.0,48022.3321291118,0.0,48012.3321291118,0,,49646.04
2020-05-11 00:00:00+00:00,75.0,76.73,56.92501,71.28873,3.6391425,0.5064935064935066,-10.0,48835.73300359502,0.0,48825.73300359502,0,,50486.94
2020-05-12 00:00:00+00:00,76.826,73.12,57.02293,78.17439,3.5867133,0.4720496894409938,-10.0,46538.10494980316,0.0,46528.10494980316,0,,48111.625
2020-05-13 00:00:00+00:00,73.202,72.258,57.0992,68.79095,3.6797135,0.5064935064935066,-10.0,45989.47444105893,0.0,45979.47444105893,0,,47544.445
2020-05-14 00:00:00+00:00,71.742,73.566,57.17465,68.0124,3.8294277,0.5064935064935066,-10.0,46821.96723418984,0.0,46811.96723418984,0,,48405.086
2020-05-15 00:00:00+00:00,73.09,74.092,57.26148,68.17547,3.9375706,0.5064935064935066,-10.0,47156.74682726887,0.0,47146.74682726887,0,,48751.184
2020-05-18 00:00:00+00:00,75.6,74.974,57.35455,67.62595,3.9565704,0.5064935064935066,-10.0,47718.10642130691,0.0,47708.10642130691,0,,49331.523
2020-05-19 00:00:00+00:00,75.0,76.576,57.45542,73.57285,3.8437133,0.4720496894409938,-10.0,48737.71975277672,0.0,48727.71975277672,0,,50385.61
2020-05-20 00:00:00+00:00,78.0,78.032,57.57244,70.39047,3.6579988,0.4720496894409938,-10.0,49664.40717968332,0.0,49654.40717968332,0,,51343.63
2020-05-21 00:00:00+00:00,78.104,76.728,57.70579,65.19995,3.316428,0.4720496894409938,-10.0,48834.459518322874,0.0,48824.459518322874,0,,50485.617
2020-05-22 00:00:00+00:00,77.808,77.592,57.82772,68.15602,3.2541423,0.4720496894409938,-10.0,49384.36623473641,0.0,49374.36623473641,0,,51054.117
2020-05-26 00:00:00+00:00,79.226,76.134,57.95499,65.04698,3.0971425,0.4720496894409938,-10.0,48456.404230017295,0.0,48446.404230017295,0,,50094.777
2020-05-27 00:00:00+00:00,75.61,74.232,58.06855,54.9162,3.0254283,0.4720496894409938,-10.0,47245.85308290565,0.0,47235.85308290565,0,,48843.293
2020-05-28 00:00:00+00:00,74.0,75.596,58.17589,52.714783,3.2154286,0.5064935064935066,-10.0,48113.9862163583,0.0,48103.9862163583,0,,49740.777
2020-05-29 00:00:00+00:00,76.282,77.586,58.2953,48.008286,3.1729999,0.4720496894409938,-10.0,49380.54614838217,0.0,49370.54614838217,0,,51050.164
2020-06-01 00:00:00+00:00,77.012,76.674,58.42104,55.228844,3.1555715,0.4720496894409938,-10.0,48800.0960006388,0.0,48790.0960006388,0,,50450.086
2020-06-02 00:00:00+00:00,76.89,78.58,58.5521,49.86028,2.9788573,0.5064935064935066,-10.0,50013.191953962785,0.0,50003.191953962785,0,,51704.195
2020-06-03 00:00:00+00:00,77.998,77.618,58.69271,64.88875,2.9365718,0.5064935064935066,-10.0,49400.911612874,0.0,49390.911612874,0,,51071.215
2020-06-04 00:00:00+00:00,77.138,75.39,58.82389,64.53676,2.8342862,0.5064935064935066,-10.0,47982.87606882579,0.0,47972.87606882579,0,,49605.234
2020-06-05 00:00:00+00:00,74.0,78.092,58.94533,54.71171,2.8161435,0.5064935064935066,-10.0,49702.60116182913,0.0,49692.60116182913,0,,51383.11
2020-06-08 00:00:00+00:00,77.316,77.328,59.08051,59.2885,3.0198581,0.5064935064935066,-10.0,49216.3443331098,0.0,49206.3443331098,0,,50880.414
2020-06-09 00:00:00+00:00,78.196,77.766,59.20137,55.496414,3.0692868,0.4720496894409938,-10.0,49495.11113025223,0.0,49485.11113025223,0,,51168.605
2020-06-10 00:00:00+00:00,78.468,80.332,59.32556,52.93828,3.0131443,0.5064935064935066,-10.0,51128.2724116218,0.0,51118.2724116218,0,,52856.984
2020-06-11 00:00:00+00:00,78.766,75.01,59.46415,55.383904,3.0820012,0.5064935064935066,-10.0,47741.02302345955,0.0,47731.02302345955,0,,49355.207
2020-06-12 00:00:00+00:00,77.524,77.026,59.57263,46.61519,3.3335729,0.5064935064935066,-10.0,49024.13222188402,0.0,49014.13222188402,0,,50681.7
2020-06-15 00:00:00+00:00,75.64,78.5,59.69155,48.93328,3.4311435,0.5064935064935066,-10.0,49962.27903924807,0.0,49952.27903924807,0,,51651.57
2020-06-16 00:00:00+00:00,80.0,79.692,59.82373,54.456413,3.4610007,0.5064935064935066,-10.0,50720.94426019299,0.0,50710.94426019299,0,,52435.883
2020-06-17 00:00:00+00:00,80.002,80.13,59.9574,60.566654,3.2478578,0.4720496894409938,-10.0,50999.713888612416,0.0,50989.713888612416,0,,52724.082
2020-06-18 00:00:00+00:00,80.452,80.206,60.09621,59.10076,3.1240005,0.4720496894409938,-10.0,51048.089581386674,0.0,51038.089581386674,0,,52774.09
2020-06-19 00:00:00+00:00,81.25,79.974,60.23386,55.69665,3.097429,0.4720496894409938,-10.0,50900.430235563435,0.0,50890.430235563435,0,,52621.44
2020-06-22 00:00:00+00:00,79.284,80.564,60.36521,57.393787,3.1468577,0.5064935064935066,-10.0,51275.948429522236,0.0,51265.948429522236,0,,53009.656
2020-06-23 00:00:00+00:00,81.6,80.188,60.49841,54.723812,3.059857,0.5064935064935066,-10.0,51036.63828188034,0.0,51026.63828188034,0,,52762.254
2020-06-24 00:00:00+00:00,79.956,78.586,60.63585,56.294716,3.0657141,0.4720496894409938,-10.0,50017.02291128454,0.0,50007.02291128454,0,,51708.164
2020-06-25 00:00:00+00:00,78.344,80.328,60.7741,58.075596,3.0527136,0.5064935064935066,-10.0,51125.74266470852,0.0,51115.74266470852,0,,52854.37
2020-06-26 00:00:00+00:00,80.366,79.994,60.92256,55.93796,2.9438558,0.5064935064935066,-10.0,50913.163850526995,0.0,50903.163850526995,0,,52634.605
2020-06-29 00:00:00+00:00,80.296,78.91,61.06886,57.24535,2.9007127,0.5064935064935066,-10.0,50223.239731108755,0.0,50213.239731108755,0,,51921.35
2020-06-30 00:00:00+00:00,78.976,81.012,61.2066,53.003582,2.9718556,0.5064935064935066,-10.0,51561.081961204014,0.0,51551.081961204014,0,,53304.43
2020-07-01 00:00:00+00:00,81.076,83.358,61.3597,51.829926,2.907141,0.5064935064935066,-10.0,53054.22274371066,0.0,53044.22274371066,0,,54848.055
2020-07-02 00:00:00+00:00,84.262,82.842,61.51534,76.74953,2.6975696,0.5064935064935066,-10.0,52725.80751386411,0.0,52715.80751386411,0,,54508.54
2020-07-06 00:00:00+00:00,83.858,83.288,61.6655,70.618256,2.62357,0.5064935064935066,-10.0,53009.66902210732,0.0,52999.66902210732,0,,54802.0
2020-07-07 00:00:00+00:00,83.288,82.348,61.81609,68.30834,2.5412843,0.5064935064935066,-10.0,52411.39450329943,0.0,52401.39450329943,0,,54183.496
2020-07-08 00:00:00+00:00,83.36,85.04,61.95909,60.355568,2.4924273,0.5064935064935066,-10.0,54124.750508473444,0.0,54114.750508473444,0,,55954.785
2020-07-09 00:00:00+00:00,85.6,85.274,62.11312,66.28199,2.5709991,0.5064935064935066,-10.0,54273.686019107285,0.0,54263.686019107285,0,,56108.758
2020-07-10 00:00:00+00:00,85.3,84.582,62.27249,66.631645,2.668713,0.5064935064935066,-10.0,53833.25217095695,0.0,53823.25217095695,0,,55653.43
2020-07-13 00:00:00+00:00,85.0,80.374,62.4379,64.678894,2.6511421,0.5064935064935066,-10.0,51155.0173798542,0.0,51145.0173798542,0,,52884.64
2020-07-14 00:00:00+00:00,80.0,82.646,62.58039,49.50812,2.8931427,0.5064935064935066,-10.0,52601.06027055193,0.0,52591.06027055193,0,,54379.58
2020-07-15 00:00:00+00:00,84.578,84.712,62.73563,55.794434,3.043857,0.5064935064935066,-10.0,53915.985194648325,0.0,53905.985194648325,0,,55738.965
2020-07-16 00:00:00+00:00,83.212,82.776,62.90893,64.13213,2.9918573,0.5064935064935066,-10.0,52683.79728532697,0.0,52673.79728532697,0,,54465.113
2020-07-17 00:00:00+00:00,83.15,84.362,63.068962,55.597218,3.035286,0.4720496894409938,-10.0,53693.226821941236,0.0,53683.226821941236,0,,55508.67
2020-07-20 00:00:00+00:00,85.0,89.854,63.24064,59.44636,3.0380003,0.4720496894409938,-10.0,57188.67265284535,0.0,57178.67265284535,0,,59122.305
2020-07-21 00:00:00+00:00,89.446,87.444,63.44306,69.87794,3.2580006,0.5064935064935066,-10.0,55654.80064140059,0.0,55644.80064140059,0,,57536.57
2020-07-22 00:00:00+00:00,88.0,88.32,63.62291,61.553387,3.2997148,0.4720496894409938,-10.0,56212.34330243574,0.0,56202.34330243574,0,,58112.965
2020-07-23 00:00:00+00:00,88.22,86.17,63.79803,59.409847,3.2357144,0.4720496894409938,-10.0,54843.94870316624,0.0,54833.94870316624,0,,56698.305
2020-07-24 00:00:00+00:00,84.056,85.038,63.96073,55.942852,3.3438573,0.5064935064935066,-10.0,54123.47449277108,0.0,54113.47449277108,0,,55953.47
2020-07-27 00:00:00+00:00,86.0,86.762,64.12779,53.05027,3.3924289,0.4720496894409938,-10.0,55220.73743432385,0.0,55210.73743432385,0,,57087.832
2020-07-28 00:00:00+00:00,87.0,87.008,64.29958,57.48898,3.4025714,0.5064935064935066,-10.0,55377.309924047455,0.0,55367.309924047455,0,,57249.7
2020-07-29 00:00:00+00:00,88.514,89.142,64.47144,53.641212,3.353143,0.5064935064935066,-10.0,56735.52023447122,0.0,56725.52023447122,0,,58653.832
2020-07-30 00:00:00+00:00,86.544,86.28,64.64682,56.686485,3.2994287,0.4720496894409938,-10.0,54913.963862435594,0.0,54903.963862435594,0,,56770.688
2020-07-31 00:00:00+00:00,87.398,87.84,64.80878,52.73043,3.528857,0.5064935064935066,-10.0,55906.840846671774,0.0,55896.840846671774,0,,57797.137
2020-08-03 00:00:00+00:00,88.744,87.992,64.97374,63.123116,3.2798564,0.4720496894409938,-10.0,56003.58439479445,0.0,55993.58439479445,0,,57897.152
2020-08-04 00:00:00+00:00,87.484,87.63,65.1591,60.153458,3.1464276,0.4720496894409938,-10.0,55773.18386814584,0.0,55763.18386814584,0,,57658.965
2020-08-05 00:00:00+00:00,88.0,87.148,65.34294,55.9256,3.0877135,0.4720496894409938,-10.0,55466.41369797264,0.0,55456.41369797264,0,,57341.82
2020-08-06 00:00:00+00:00,87.576,86.066,65.53568,59.43544,2.8969994,0.5064935064935066,-10.0,54777.762257037044,0.0,54767.762257037044,0,,56629.883
2020-08-07 00:00:00+00:00,86.408,86.242,65.72511,53.759274,2.929571,0.5064935064935066,-10.0,54889.77818789914,0.0,54879.77818789914,0,,56745.688
2020-08-10 00:00:00+00:00,86.088,87.736,65.92798,39.589565,2.6822853,0.5064935064935066,-10.0,55840.65438529533,0.0,55830.65438529533,0,,57728.715
2020-08-11 00:00:00+00:00,86.87,84.272,66.14665,50.88851,2.7089996,0.5064935064935066,-10.0,53635.95048065673,0.0,53625.95048065673,0,,55449.465
2020-08-12 00:00:00+00:00,85.028,85.426,66.33023,39.35857,2.8591423,0.5064935064935066,-10.0,54370.42457548432,0.0,54360.42457548432,0,,56208.773
2020-08-13 00:00:00+00:00,85.572,87.684,66.51614,47.936096,2.721285,0.5064935064935066,-10.0,55807.552150249714,0.0,55797.552150249714,0,,57694.492
2020-08-14 00:00:00+00:00,87.672,87.146,66.70986,56.908615,2.6762848,0.5064935064935066,-10.0,55465.14028625259,0.0,55455.14028625259,0,,57340.504
2020-08-17 00:00:00+00:00,87.396,88.474,66.90455,51.068813,2.6419995,0.5064935064935066,-10.0,56310.360352927804,0.0,56300.360352927804,0,,58214.3
2020-08-18 00:00:00+00:00,88.344,87.516,67.09697,53.84857,2.6111417,0.5064935064935066,-10.0,55700.63074682663,0.0,55690.63074682663,0,,57583.957
2020-08-19 00:00:00+00:00,87.6,87.426,67.28729,45.45047,2.5767136,0.5064935064935066,-10.0,55643.35050544004,0.0,55633.35050544004,0,,57524.74
2020-08-20 00:00:00+00:00,87.084,90.668,67.47139,53.795223,2.393285,0.5064935064935066,-10.0,57706.76126104797,0.0,57696.76126104797,0,,59657.918
2020-08-21 00:00:00+00:00,90.556,89.884,67.67893,58.426723,2.5431426,0.5064935064935066,-10.0,57207.7763542016,0.0,57197.7763542016,0,,59142.06
2020-08-24 00:00:00+00:00,90.61,89.62,67.88649,55.433064,2.4599996,0.5064935064935066,-10.0,57039.7492157654,0.0,57029.7492157654,0,,58968.35
2020-08-25 00:00:00+00:00,90.0,91.586,68.09324,55.746822,2.5317137,0.4720496894409938,-10.0,58291.03091714355,0.0,58281.03091714355,0,,60261.94
2020-08-26 00:00:00+00:00,93.0,97.54,68.31028,61.80446,2.637714,0.5064935064935066,-10.0,62080.5280152852,0.0,62070.5280152852,0,,64179.566
2020-08-27 00:00:00+00:00,97.0,96.11,68.54953,74.237465,2.8722856,0.5064935064935066,-10.0,61170.38672168323,0.0,61160.38672168323,0,,63238.652
2020-08-28 00:00:00+00:00,97.0,97.574,68.78153,69.79621,2.8382852,0.5064935064935066,-10.0,62102.168492305565,0.0,62092.168492305565,0,,64201.94
2020-08-31 00:00:00+00:00,97.65,96.404,69.01687,69.7598,2.7881427,0.5064935064935066,-10.0,61357.50730154119,0.0,61347.50730154119,0,,63432.1
2020-09-01 00:00:00+00:00,97.0,99.438,69.24495,76.84074,2.629,0.5064935064935066,-10.0,63288.53416054284,0.0,63278.53416054284,0,,65428.418
2020-09-02 00:00:00+00:00,100.0,99.938,69.48829,78.619316,2.7027142,0.4720496894409938,-10.0,63606.764595305285,0.0,63596.764595305285,0,,65757.41
2020-09-03 00:00:00+00:00,97.0,93.768,69.72802,76.965096,2.789286,0.4720496894409938,-10.0,59679.79030186331,0.0,59669.79030186331,0,,61697.656
2020-09-04 00:00:00+00:00,93.2,90.07,69.93055,61.67736,3.1957147,0.5064935064935066,-10.0,57326.152407949936,0.0,57316.152407949936,0,,59264.438
2020-09-08 00:00:00+00:00,87.998,88.628,70.10316,52.59732,3.5597153,0.5064935064935066,-10.0,56408.37173821454,0.0,56398.37173821454,0,,58315.625
2020-09-09 00:00:00+00:00,90.418,91.64,70.2633,51.781593,3.7142863,0.5064935064935066,-10.0,58325.39785947195,0.0,58315.39785947195,0,,60297.47
2020-09-10 00:00:00+00:00,92.2,90.596,70.44238,56.17345,3.8495717,0.5064935064935066,-10.0,57660.93074710513,0.0,57650.93074710513,0,,59610.54
2020-09-11 00:00:00+00:00,91.526,89.18,70.61538,49.887264,3.802143,0.5064935064935066,-10.0,56759.70031857875,0.0,56749.70031857875,0,,58678.836
2020-09-14 00:00:00+00:00,90.284,91.612,70.78153,48.91905,3.958143,0.5064935064935066,-10.0,58307.575642348675,0.0,58297.575642348675,0,,60279.05
2020-09-15 00:00:00+00:00,92.646,94.792,70.96073,52.86767,4.010429,0.48760330578512395,-10.0,60331.52484711428,0.0,60321.52484711428,0,,62371.43
2020-09-16 00:00:00+00:00,95.294,91.202,71.15341,54.45947,4.0550003,0.48760330578512395,-10.0,58046.62677062873,0.0,58036.62677062873,0,,60009.273
2020-09-17 00:00:00+00:00,89.14,90.76,71.32638,40.5634,3.955143,0.48760330578512395,-10.0,57765.30994332598,0.0,57755.30994332598,0,,59718.445
2020-09-18 00:00:00+00:00,90.83,90.618,71.50283,41.792973,3.9667146,0.48760330578512395,-10.0,57674.92907286378,0.0,57664.92907286378,0,,59625.01
2020-09-21 00:00:00+00:00,89.364,92.376,71.67691,38.87823,3.982429,0.48760330578512395,-10.0,58793.82960526652,0.0,58783.82960526652,0,,60781.742
2020-09-22 00:00:00+00:00,93.15,94.114,71.86499,43.678596,4.0851436,0.48760330578512395,-10.0,59900.002851782556,0.0,59890.002851782556,0,,61925.316
2020-09-23 00:00:00+00:00,94.0,92.094,72.06243,41.2904,4.1032867,0.48760330578512395,-10.0,58614.35262072457,0.0,58604.35262072457,0,,60596.195
2020-09-24 00:00:00+00:00,91.758,92.024,72.25086,37.775837,4.0335727,0.48484848484848486,-10.0,58569.801115598835,0.0,58559.801115598835,0,,60550.137
2020-09-25 00:00:00+00:00,93.782,95.994,72.44128,46.644096,3.668572,0.48760330578512395,-10.0,61096.55435824962,0.0,61086.55435824962,0,,63162.32
2020-09-28 00:00:00+00:00,97.322,96.842,72.65447,61.281235,3.4775717,0.48760330578512395,-10.0,61636.274305130406,0.0,61626.274305130406,0,,63720.293
2020-09-29 00:00:00+00:00,97.27,97.596,72.87138,66.00422,3.3282864,0.4838709677419355,-10.0,62116.16183204985,0.0,62106.16183204985,0,,64216.402
2020-09-30 00:00:00+00:00,97.134,97.0,73.09371,62.724323,3.1204295,0.4838709677419355,-10.0,61736.83123509606,0.0,61726.83123509606,0,,63824.25
2020-10-01 00:00:00+00:00,98.314,98.504,73.30573,63.94842,3.0362866,0.48760330578512395,-10.0,62694.06546173104,0.0,62684.06546173104,0,,64813.848
2020-10-02 00:00:00+00:00,96.098,98.63,73.51646,70.23086,2.9134297,0.35714285714285715,-10.0,62774.258423710475,0.0,62764.258423710475,0,,64896.75
2020-10-05 00:00:00+00:00,99.122,100.358,73.73347,66.92062,3.0040016,0.48760330578512395,-10.0,63874.06783026211,0.0,63864.06783026211,0,,66033.74
2020-10-06 00:00:00+00:00,100.0,98.308,73.95781,64.43016,2.9282875,0.48484848484848486,-10.0,62569.31678194124,0.0,62559.31678194124,0,,64684.88
2020-10-07 00:00:00+00:00,99.526,100.0,74.17087,70.021385,2.7728589,0.48760330578512395,-10.0,63646.20973227855,0.0,63636.20973227855,0,,65798.18
2020-10-08 00:00:00+00:00,101.0,99.3,74.38824,74.32089,2.753716,0.48484848484848486,-10.0,63200.68820648078,0.0,63190.68820648078,0,,65337.598
2020-10-09 00:00:00+00:00,100.712,101.722,74.60143,72.20008,2.7315729,0.48760330578512395,-10.0,64742.19707300533,0.0,64732.19707300533,0,,66931.23
2020-10-12 00:00:00+00:00,102.71,101.818,74.82584,73.113075,2.7055724,0.48760330578512395,-10.0,64803.29946022225,0.0,64793.29946022225,0,,66994.39
2020-10-13 00:00:00+00:00,103.302,103.66,75.04873,70.73644,2.6634293,0.48760330578512395,-10.0,65975.6613017559,0.0,65965.6613017559,0,,68206.39
2020-10-14 00:00:00+00:00,104.0,103.378,75.28015,81.43276,2.6548576,0.48484848484848486,-10.0,65796.17615158946,0.0,65786.17615158946,0,,68020.836
2020-10-15 00:00:00+00:00,101.896,104.136,75.51423,80.50508,2.6555722,0.48484848484848486,-10.0,66278.6150976854,0.0,66268.6150976854,0,,68519.59
2020-10-16 00:00:00+00:00,104.83,104.974,75.752594,76.43848,2.5907152,0.4838709677419355,-10.0,66811.9659985207,0.0,66801.9659985207,0,,69070.98
2020-10-19 00:00:00+00:00,105.288,104.39,75.98622,76.42316,2.5995724,0.35714285714285715,-10.0,66440.27371903654,0.0,66430.27371903654,0,,68686.72
2020-10-20 00:00:00+00:00,104.6,103.638,76.21707,72.32223,2.7070012,0.48760330578512395,-10.0,65961.65408146325,0.0,65951.65408146325,0,,68191.914
2020-10-21 00:00:00+00:00,103.736,102.056,76.44239,71.58839,2.6998584,0.48484848484848486,-10.0,64954.769885145535,0.0,64944.769885145535,0,,67150.984
2020-10-22 00:00:00+00:00,102.34,101.192,76.65976,61.493656,2.7365727,0.48484848484848486,-10.0,64404.86632899912,0.0,64394.86632899912,0,,66582.49
2020-10-23 00:00:00+00:00,101.818,102.802,76.87007,57.9123,2.66143,0.48760330578512395,-10.0,65429.57267950044,0.0,65419.57267950044,0,,67641.84
2020-10-26 00:00:00+00:00,103.602,100.322,77.08477,57.603283,2.63343,0.35714285714285715,-10.0,63851.14404757261,0.0,63841.14404757261,0,,66010.04
2020-10-27 00:00:00+00:00,101.758,99.962,77.2875,56.102287,2.8701444,0.5945945945945946,-10.0,63622.01817375421,0.0,63612.01817375421,0,,65773.164
2020-10-28 00:00:00+00:00,97.39,96.81,77.48346,49.874744,2.853144,0.48760330578512395,-10.0,61615.889359995046,0.0,61605.889359995046,0,,63699.207
2020-10-29 00:00:00+00:00,99.4,102.118,77.66601,42.934956,2.9482868,0.5945945945945946,-10.0,64994.2270456214,0.0,64984.2270456214,0,,67191.77
2020-10-30 00:00:00+00:00,100.88,99.514,77.87173,50.965466,3.2264302,0.5945945945945946,-10.0,63336.88203486535,0.0,63326.88203486535,0,,65478.39
2020-11-02 00:00:00+00:00,99.842,95.2,78.05928,44.994785,3.3900015,0.48760330578512395,-10.0,60591.18408047973,0.0,60581.18408047973,0,,62639.855
2020-11-03 00:00:00+00:00,95.522,96.01,78.22276,33.403946,3.6701443,0.5945945945945946,-10.0,61106.72076696695,0.0,61096.72076696695,0,,63172.82
2020-11-04 00:00:00+00:00,101.27,102.716,78.38983,35.839493,3.6870015,0.48760330578512395,-10.0,65374.833857761005,0.0,65364.833857761005,0,,67585.24
2020-11-05 00:00:00+00:00,104.662,106.216,78.59056,47.778755,3.9897156,0.5945945945945946,-10.0,67602.45156980985,0.0,67592.45156980985,0,,69888.18
2020-11-06 00:00:00+00:00,105.906,107.036,78.81018,51.793457,4.135572,0.48760330578512395,-10.0,68124.35012152576,0.0,68114.35012152576,0,,70427.73
2020-11-09 00:00:00+00:00,101.93,100.392,79.03597,53.794968,4.2005715,0.48760330578512395,-10.0,63895.69222246446,0.0,63885.69222246446,0,,66056.09
2020-11-10 00:00:00+00:00,99.106,96.256,79.2303,46.017567,4.525286,0.48760330578512395,-10.0,61263.28605439709,0.0,61253.28605439709,0,,63334.684
2020-11-11 00:00:00+00:00,98.742,100.672,79.39753,43.303776,4.771714,0.48760330578512395,-10.0,64073.9044118212,0.0,64063.9044118212,0,,66240.336
2020-11-12 00:00:00+00:00,104.09,101.956,79.58796,49.445152,4.8917146,0.5945945945945946,-10.0,64891.12356271312,0.0,64881.12356271312,0,,67085.19
2020-11-13 00:00:00+00:00,102.32,101.602,79.75612,49.09099,5.0724287,0.48760330578512395,-10.0,64665.81188877993,0.0,64655.81188877993,0,,66852.26
2020-11-16 00:00:00+00:00,99.498,100.456,79.9259,51.44118,4.8828573,0.48760330578512395,-10.0,63936.42776970002,0.0,63926.42776970002,0,,66098.21
2020-11-17 00:00:00+00:00,101.0,102.62,80.084984,50.546535,4.902,0.48760330578512395,-10.0,65313.73567543973,0.0,65303.73567543973,0,,67522.086
2020-11-18 00:00:00+00:00,102.25,101.424,80.24605,56.57151,4.8171425,0.48760330578512395,-10.0,64552.52920566012,0.0,64542.52920566012,0,,66735.14
2020-11-19 00:00:00+00:00,101.64,102.866,80.41467,49.134544,4.493142,0.48760330578512395,-10.0,65470.30452615585,0.0,65460.30452615585,0,,67683.95
2020-11-20 00:00:00+00:00,103.122,103.612,80.5873,54.304935,4.349285,0.48760330578512395,-10.0,65945.10933836704,0.0,65935.10933836704,0,,68174.81
2020-11-23 00:00:00+00:00,104.02,104.422,80.7643,61.89345,4.0517135,0.48760330578512395,-10.0,66460.64353966728,0.0,66450.64353966728,0,,68707.77
2020-11-24 00:00:00+00:00,104.542,102.938,80.94364,61.89344,4.0217137,0.48760330578512395,-10.0,65516.13970908422,0.0,65506.13970908422,0,,67731.336
2020-11-25 00:00:00+00:00,103.8,103.844,81.11476,50.368256,3.7025707,0.48760330578512395,-10.0,66092.76959939039,0.0,66082.76959939039,0,,68327.47
2020-11-27 00:00:00+00:00,104.2,105.496,81.28418,45.694782,3.5875714,0.48760330578512395,-10.0,67144.20508225462,0.0,67134.20508225462,0,,69414.45
2020-11-30 00:00:00+00:00,106.0,106.91,81.459854,47.28682,3.5218577,0.48760330578512395,-10.0,68044.16677347066,0.0,68034.16677347066,0,,70344.84
2020-12-01 00:00:00+00:00,107.2,107.918,81.63824,64.07777,3.2308574,0.48760330578512395,-10.0,68685.72127672643,0.0,68675.72127672643,0,,71008.09
2020-12-02 00:00:00+00:00,106.154,105.304,81.82034,79.122986,3.0284288,0.48484848484848486,-10.0,67022.01052002431,0.0,67012.01052002431,0,,69288.13
2020-12-03 00:00:00+00:00,105.558,105.048,81.98914,62.711327,2.909,0.48760330578512395,-10.0,66859.0736690545,0.0,66849.0736690545,0,,69119.68
2020-12-04 00:00:00+00:00,105.108,105.14,82.16144,58.99255,2.8311424,0.48760330578512395,-10.0,66917.63089502651,0.0,66907.63089502651,0,,69180.22
2020-12-07 00:00:00+00:00,105.752,106.65,82.34266,60.44892,2.7087135,0.48760330578512395,-10.0,67878.69243225762,0.0,67868.69243225762,0,,70173.78
2020-12-08 00:00:00+00:00,107.358,108.45,82.54235,67.90795,2.6547139,0.48760330578512395,-10.0,69024.32532803236,0.0,69014.32532803236,0,,71358.15
2020-12-09 00:00:00+00:00,108.886,105.598,82.75488,67.21796,2.679428,0.48760330578512395,-10.0,67209.13689438345,0.0,67199.13689438345,0,,69481.586
2020-12-10 00:00:00+00:00,105.3,107.6,82.9486,61.22888,2.7962854,0.48760330578512395,-10.0,68483.3339368811,0.0,68473.3339368811,0,,70798.87
2020-12-11 00:00:00+00:00,107.638,107.472,83.166504,62.362907,2.869428,0.48760330578512395,-10.0,68401.86688187554,0.0,68391.86688187554,0,,70714.64
2020-12-14 00:00:00+00:00,107.7,106.496,83.37777,60.416676,2.8321424,0.48760330578512395,-10.0,67780.68057539957,0.0,67770.68057539957,0,,70072.45
2020-12-15 00:00:00+00:00,106.4,105.476,83.56585,55.547253,2.797142,0.48760330578512395,-10.0,67131.48600332868,0.0,67121.48600332868,0,,69401.305
2020-12-16 00:00:00+00:00,106.59,109.0,83.7636,56.96104,2.7141423,0.48760330578512395,-10.0,69374.37781418633,0.0,69364.37781418633,0,,71720.03
2020-12-17 00:00:00+00:00,109.894,110.814,83.96353,62.365692,2.8611424,0.5945945945945946,-10.0,70528.92097733682,0.0,70518.92097733682,0,,72913.62
2020-12-18 00:00:00+00:00,111.694,113.086,84.18827,62.65588,2.8527133,0.48760330578512395,-10.0,71974.96174105974,0.0,71964.96174105974,0,,74408.55
2020-12-21 00:00:00+00:00,111.604,110.164,84.43646,64.12108,2.8334274,0.48760330578512395,-10.0,70115.21994214192,0.0,70105.21994214192,0,,72485.92
2020-12-22 00:00:00+00:00,110.142,112.344,84.69519,54.722065,2.932713,0.48760330578512395,-10.0,71502.70358605229,0.0,71492.70358605229,0,,73920.32
2020-12-23 00:00:00+00:00,112.322,110.012,84.94411,65.07624,2.8628561,0.4838709677419355,-10.0,70018.47369117198,0.0,70008.47369117198,0,,72385.91
2020-12-24 00:00:00+00:00,111.06,110.778,85.20354,59.76244,2.8497136,0.48760330578512395,-10.0,70506.00499908715,0.0,70496.00499908715,0,,72889.92
2020-12-28 00:00:00+00:00,112.6,108.748,85.49531,60.801598,2.892142,0.48760330578512395,-10.0,69213.9886906052,0.0,69203.9886906052,0,,71554.22
2020-12-29 00:00:00+00:00,110.044,109.196,85.75138,53.940945,3.0787137,0.48760330578512395,-10.0,69499.1250351775,0.0,69489.1250351775,0,,71849.0
2020-12-30 00:00:00+00:00,110.164,109.476,86.03193,51.476295,3.034142,0.48760330578512395,-10.0,69677.33412296735,0.0,69667.33412296735,0,,72033.234
2020-12-31 00:00:00+00:00,109.402,110.086,86.29189,58.54411,2.8625705,0.48760330578512395,-10.0,70065.573539357,0.0,70055.573539357,0,,72434.6
2021-01-04 00:00:00+00:00,111.388,105.366,86.56416,55.835136,2.6814287,0.48760330578512395,-10.0,67061.47087948862,0.0,67051.47087948862,0,,69328.93
2021-01-05 00:00:00+00:00,105.208,106.394,86.81333,45.933414,3.052857,0.5945945945945946,-10.0,67715.75249107304,0.0,67705.75249107304,0,,70005.33
2021-01-06 00:00:00+00:00,103.954,101.45,87.0906,49.80343,3.058286,0.48760330578512395,-10.0,64569.0831145905,0.0,64559.0831145905,0,,66752.266
2021-01-07 00:00:00+00:00,102.0,102.282,87.34253,43.260796,3.2708566,0.5945945945945946,-10.0,65098.622060974856,0.0,65088.622060974856,0,,67299.71
2021-01-08 00:00:00+00:00,104.328,105.928,87.58194,37.64073,3.0872853,0.48760330578512395,-10.0,67419.16385548748,0.0,67409.16385548748,0,,69698.71
2021-01-11 00:00:00+00:00,105.0,104.612,87.84691,41.578762,3.1852853,0.5945945945945946,-10.0,66581.57682198378,0.0,66571.57682198378,0,,68832.805
2021-01-12 00:00:00+00:00,104.0,102.642,88.07524,34.896988,3.2122858,0.48760330578512395,-10.0,65327.74642597901,0.0,65317.74642597901,0,,67536.58
2021-01-13 00:00:00+00:00,103.642,104.342,88.31445,36.12279,3.1125717,0.5945945945945946,-10.0,66409.73473410352,0.0,66399.73473410352,0,,68655.15
2021-01-14 00:00:00+00:00,105.44,102.868,88.549774,34.971085,3.1007144,0.48760330578512395,-10.0,65471.58709444799,0.0,65461.58709444799,0,,67685.28
2021-01-15 00:00:00+00:00,103.682,102.752,88.77753,36.135693,3.0997145,0.48760330578512395,-10.0,65397.757386572746,0.0,65387.757386572746,0,,67608.96
2021-01-19 00:00:00+00:00,103.12,103.884,89.01822,34.02087,3.1437144,0.48760330578512395,-10.0,66118.23438903101,0.0,66108.23438903101,0,,68353.8
2021-01-20 00:00:00+00:00,105.598,108.438,89.27864,39.957066,3.0174282,0.48760330578512395,-10.0,69016.67985278566,0.0,69006.67985278566,0,,71350.24
2021-01-21 00:00:00+00:00,108.7,108.866,89.57126,48.661827,3.184857,0.5945945945945946,-10.0,69289.08181187659,0.0,69279.08181187659,0,,71631.85
2021-01-22 00:00:00+00:00,109.95,108.218,89.84564,48.928696,3.2018569,0.48760330578512395,-10.0,68876.65663430853,0.0,68866.65663430853,0,,71205.484
2021-01-25 00:00:00+00:00,109.546,107.576,90.12438,46.723736,3.297142,0.48760330578512395,-10.0,68468.04518700586,0.0,68458.04518700586,0,,70783.055
2021-01-26 00:00:00+00:00,108.0,106.492,90.388214,54.52312,3.1815708,0.48760330578512395,-10.0,67778.12128573525,0.0,67768.12128573525,0,,70069.805
2021-01-27 00:00:00+00:00,104.976,103.3,90.64261,50.200115,3.2049992,0.48760330578512395,-10.0,65746.53693882741,0.0,65736.53693882741,0,,67969.52
2021-01-28 00:00:00+00:00,109.0,110.848,90.87555,54.068806,3.2041423,0.48760330578512395,-10.0,70550.55341974649,0.0,70540.55341974649,0,,72935.98
2021-01-29 00:00:00+00:00,109.816,108.632,91.1277,64.5433,3.7431424,0.48760330578512395,-10.0,69140.15764753516,0.0,69130.15764753516,0,,71477.9
2021-02-01 00:00:00+00:00,109.202,111.712,91.37494,54.82513,3.8102853,0.48760330578512395,-10.0,71100.45389866222,0.0,71090.45389866222,0,,73504.47
2021-02-02 00:00:00+00:00,112.576,116.702,91.64156,61.91915,3.9104276,0.48760330578512395,-10.0,74276.3999767901,0.0,74266.3999767901,0,,76787.805
2021-02-03 00:00:00+00:00,116.6,115.33,91.92548,71.43033,4.1177135,0.48760330578512395,-10.0,73403.17098529222,0.0,73393.17098529222,0,,75885.05
2021-02-04 00:00:00+00:00,115.978,117.796,92.19967,66.917114,4.1201415,0.48760330578512395,-10.0,74972.6844453261,0.0,74962.6844453261,0,,77507.63
2021-02-05 00:00:00+00:00,117.736,117.946,92.49988,72.30192,4.143856,0.48760330578512395,-10.0,75068.15418419636,0.0,75058.15418419636,0,,77606.33
2021-02-08 00:00:00+00:00,118.262,117.582,92.79,72.67627,4.0961423,0.48760330578512395,-10.0,74836.48262324161,0.0,74826.48262324161,0,,77366.82
2021-02-09 00:00:00+00:00,117.428,116.356,93.0806,70.92321,4.112,0.48760330578512395,-10.0,74056.18060065045,0.0,74046.18060065045,0,,76560.13
2021-02-10 00:00:00+00:00,117.152,117.872,93.35944,63.46325,3.9482858,0.48760330578512395,-10.0,75021.05704484096,0.0,75011.05704484096,0,,77557.63
2021-02-11 00:00:00+00:00,118.8,118.894,93.6402,64.76685,4.0374284,0.48760330578512395,-10.0,75671.51436994011,0.0,75661.51436994011,0,,78230.086
2021-02-12 00:00:00+00:00,118.264,118.258,93.93867,67.29299,3.936857,0.48760330578512395,-10.0,75266.7263688412,0.0,75256.7263688412,0,,77811.61
2021-02-16 00:00:00+00:00,118.364,117.148,94.20797,67.3061,3.6679993,0.48760330578512395,-10.0,74560.25470304556,0.0,74550.25470304556,0,,77081.26
2021-02-17 00:00:00+00:00,116.0,116.188,94.44217,67.24944,3.7157135,0.48760330578512395,-10.0,73949.25245941657,0.0,73939.25245941657,0,,76449.59
2021-02-18 00:00:00+00:00,113.992,115.16,94.6836,72.48746,3.5748563,0.48760330578512395,-10.0,73294.97066230103,0.0,73284.97066230103,0,,75773.195
2021-02-19 00:00:00+00:00,115.432,114.146,94.90476,59.739807,3.1128566,0.48760330578512395,-10.0,72649.59702962806,0.0,72639.59702962806,0,,75106.0
2021-02-22 00:00:00+00:00,113.206,110.052,95.10485,63.169975,3.0861418,0.48760330578512395,-10.0,70043.91899476135,0.0,70033.91899476135,0,,72412.21
2021-02-23 00:00:00+00:00,107.868,110.35,95.28972,46.21834,3.0772853,0.48760330578512395,-10.0,70233.57830129314,0.0,70223.57830129314,0,,72608.28
2021-02-24 00:00:00+00:00,109.1,110.366,95.45964,31.594774,3.0648563,0.48760330578512395,-10.0,70243.75925517897,0.0,70233.75925517897,0,,72618.81
2021-02-25 00:00:00+00:00,110.0,105.758,95.63421,34.3899,3.0991418,0.48760330578512395,-10.0,67310.94735558688,0.0,67300.94735558688,0,,69586.836
2021-02-26 00:00:00+00:00,106.5,106.692,95.77935,16.638926,3.2809987,0.48760330578512395,-10.0,67905.40405494526,0.0,67895.40405494526,0,,70201.39
2021-03-01 00:00:00+00:00,108.964,111.294,95.94721,20.110449,3.4088554,0.5945945945945946,-10.0,70834.40161320532,0.0,70824.40161320532,0,,73229.42
2021-03-02 00:00:00+00:00,111.912,109.86,96.14239,36.368347,3.5347126,0.48760330578512395,-10.0,69921.71482231414,0.0,69911.71482231414,0,,72285.875
2021-03-03 00:00:00+00:00,108.858,103.2,96.32386,36.043293,3.5565698,0.48484848484848486,-10.0,65682.8764006258,0.0,65672.8764006258,0,,67903.71
2021-03-04 00:00:00+00:00,102.188,98.126,96.4694,24.183529,3.8545702,0.48760330578512395,-10.0,62453.47139073192,0.0,62443.47139073192,0,,64565.12
2021-03-05 00:00:00+00:00,99.248,97.392,96.58516,18.017723,4.2238555,0.48760330578512395,-10.0,61986.30667763991,0.0,61976.30667763991,0,,64082.16
2021-03-08 00:00:00+00:00,98.156,92.81,96.68924,17.9635,4.5117135,0.48760330578512395,-10.0,59070.03572933827,0.0,59060.03572933827,0,,61067.285
2021-03-09 00:00:00+00:00,96.142,97.79,96.76313,16.232845,4.8151426,0.48760330578512395,-10.0,62239.616213054614,0.0,62229.616213054614,0,,64344.035
2021-03-10 00:00:00+00:00,99.422,94.8,96.86844,27.03579,5.022571,0.48760330578512395,-10.0,60336.59683684275,0.0,60326.59683684275,0,,62376.67
2021-03-11 00:00:00+00:00,98.898,100.574,96.95448,25.773434,5.165428,0.48760330578512395,-10.0,64011.5255109995,0.0,64001.5255109995,0,,66175.86
2021-03-12 00:00:00+00:00,97.8,97.844,97.07668,35.49379,5.3751426,0.48760330578512395,-10.0,62273.988082126576,0.0,62263.988082126576,0,,64379.566
2021-03-15 00:00:00+00:00,98.0,99.354,97.19474,36.559795,5.3634286,0.35714285714285715,-10.0,63235.04481801458,0.0,63225.04481801458,0,,65373.12
2021-03-16 00:00:00+00:00,100.856,99.798,97.31353,38.208794,5.097,0.48760330578512395,-10.0,63517.6370383374,0.0,63507.6370383374,0,,65665.266
2021-03-17 00:00:00+00:00,98.292,97.0,97.42459,38.77082,5.0765724,0.48484848484848486,-10.0,61736.818812027086,0.0,61726.818812027086,0,,63824.24
2021-03-18 00:00:00+00:00,95.938,93.236,97.52622,40.32179,4.9768577,0.48760330578512395,-10.0,59341.176265188566,0.0,59331.176265188566,0,,61347.594
2021-03-19 00:00:00+00:00,93.698,94.168,97.5995,36.005486,4.9934297,0.48760330578512395,-10.0,59934.36109329606,0.0,59924.36109329606,0,,61960.836
2021-03-22 00:00:00+00:00,94.326,95.33,97.68225,30.716562,4.8297153,0.48760330578512395,-10.0,60673.93379950075,0.0,60663.93379950075,0,,62725.414
2021-03-23 00:00:00+00:00,96.022,95.634,97.78195,33.538765,4.822287,0.48760330578512395,-10.0,60867.42101490889,0.0,60857.42101490889,0,,62925.445
2021-03-24 00:00:00+00:00,96.126,94.464,97.86966,39.98624,4.453144,0.48760330578512395,-10.0,60122.756145133346,0.0,60112.756145133346,0,,62155.598
2021-03-25 00:00:00+00:00,93.576,94.436,97.95534,44.59467,4.1481442,0.48760330578512395,-10.0,60104.93492459773,0.0,60094.93492459773,0,,62137.176
2021-03-26 00:00:00+00:00,94.698,99.0,98.03869,45.543896,3.878287,0.48760330578512395,-10.0,63009.753231463525,0.0,62999.753231463525,0,,65140.21
2021-03-29 00:00:00+00:00,97.892,97.078,98.13203,59.336357,3.731144,0.5945945945945946,-10.0,61786.47388799044,0.0,61776.47388799044,0,,63875.57
2021-03-30 00:00:00+00:00,96.0,97.514,98.24237,48.816963,3.4945722,0.48760330578512395,-10.0,62063.96991638157,0.0,62053.96991638157,0,,64162.45
2021-03-31 00:00:00+00:00,98.688,100.022,98.34481,54.927734,3.3908577,0.48760330578512395,-10.0,63660.21824619497,0.0,63650.21824619497,0,,65812.67
2021-04-01 00:00:00+00:00,101.6,101.402,98.45242,48.8629,3.1281433,0.48760330578512395,-10.0,64538.53353749954,0.0,64528.53353749954,0,,66720.68
2021-04-05 00:00:00+00:00,102.394,102.804,98.56097,57.7611,3.0234287,0.48760330578512395,-10.0,65430.851809702304,0.0,65420.851809702304,0,,67643.17
2021-04-06 00:00:00+00:00,102.28,101.816,98.67434,57.561157,2.9994283,0.48760330578512395,-10.0,64802.02640243016,0.0,64792.02640243016,0,,66993.086
2021-04-07 00:00:00+00:00,102.212,102.146,98.78239,54.31973,2.923428,0.48760330578512395,-10.0,65012.061523377,0.0,65002.061523377,0,,67210.22
2021-04-08 00:00:00+00:00,104.0,104.808,98.89325,62.316902,2.6868575,0.48760330578512395,-10.0,66706.32138220101,0.0,66696.32138220101,0,,68961.766
2021-04-09 00:00:00+00:00,103.618,106.0,99.01447,79.23994,2.6548572,0.5945945945945946,-10.0,67464.98319968836,0.0,67454.98319968836,0,,69746.08
2021-04-12 00:00:00+00:00,105.836,107.4,99.14353,79.50917,2.781857,0.48760330578512395,-10.0,68356.0306635397,0.0,68346.0306635397,0,,70667.25
2021-04-13 00:00:00+00:00,107.8,109.786,99.2876,79.74957,2.823143,0.48760330578512395,-10.0,69874.63381992972,0.0,69864.63381992972,0,,72237.2
2021-04-14 00:00:00+00:00,110.2,108.968,99.43489,81.634476,2.8872855,0.48760330578512395,-10.0,69354.00640471015,0.0,69344.00640471015,0,,71698.97
2021-04-15 00:00:00+00:00,110.692,111.87,99.57976,82.9397,2.970857,0.48760330578512395,-10.0,71201.02239268234,0.0,71191.02239268234,0,,73608.44
2021-04-16 00:00:00+00:00,112.112,111.382,99.74456,85.02211,3.044142,0.48760330578512395,-10.0,70890.42747485862,0.0,70880.42747485862,0,,73287.336
2021-04-19 00:00:00+00:00,110.684,109.874,99.89641,79.744415,2.8452847,0.48760330578512395,-10.0,69930.64082553422,0.0,69920.64082553422,0,,72295.1
2021-04-20 00:00:00+00:00,109.792,108.156,100.02899,81.36274,2.8161426,0.48760330578512395,-10.0,68837.19927910826,0.0,68827.19927910826,0,,71164.69
2021-04-21 00:00:00+00:00,109.032,109.294,100.15556,74.541084,2.7967136,0.48760330578512395,-10.0,69561.4966306082,0.0,69551.4966306082,0,,71913.48
2021-04-22 00:00:00+00:00,109.4,109.698,100.28559,72.82393,2.6912854,0.48760330578512395,-10.0,69818.62664401709,0.0,69808.62664401709,0,,72179.3
2021-04-23 00:00:00+00:00,110.656,110.54,100.42234,71.4522,2.7105713,0.48760330578512395,-10.0,70354.52982751964,0.0,70344.52982751964,0,,72733.32
2021-04-26 00:00:00+00:00,110.8,111.842,100.54984,70.60076,2.6868575,0.48760330578512395,-10.0,71183.20720452163,0.0,71173.20720452163,0,,73590.016
2021-04-27 00:00:00+00:00,111.59,112.526,100.68268,76.25981,2.7100003,0.48760330578512395,-10.0,71618.5490489866,0.0,71608.5490489866,0,,74040.08
2021-04-28 00:00:00+00:00,111.85,111.448,100.8224,76.692024,2.790571,0.48760330578512395,-10.0,70932.44219344827,0.0,70922.44219344827,0,,73330.77
2021-04-29 00:00:00+00:00,104.2,101.0,100.97777,68.589005,2.677714,0.48760330578512395,-10.0,64282.686398127255,0.0,64272.686398127255,0,,66456.18
2021-04-30 00:00:00+00:00,100.056,101.274,101.06954,40.780354,3.1509998,0.48760330578512395,-10.0,64457.07541408344,0.0,64447.07541408344,0,,66636.47
2021-05-03 00:00:00+00:00,101.492,98.064,101.15235,38.214706,3.1945708,0.48760330578512395,-10.0,62414.03103644362,0.0,62404.03103644362,0,,64524.344
2021-05-04 00:00:00+00:00,97.104,96.66,101.22879,28.142023,3.2682855,0.48760330578512395,-10.0,61520.439687138954,0.0,61510.439687138954,0,,63600.54
2021-05-05 00:00:00+00:00,97.836,95.994,101.29028,27.540155,3.2574284,0.5945945945945946,-10.0,61096.55659077099,0.0,61086.55659077099,0,,63162.33
2021-05-06 00:00:00+00:00,95.42,97.168,101.320984,18.454948,3.2177145,0.5945945945945946,-10.0,61843.76255554612,0.0,61833.76255554612,0,,63934.797
2021-05-07 00:00:00+00:00,98.68,96.702,101.3696,22.506767,3.2601433,0.48760330578512395,-10.0,61547.172874920965,0.0,61537.172874920965,0,,63628.184
2021-05-10 00:00:00+00:00,96.5,93.36,101.41151,23.452116,3.3911426,0.48760330578512395,-10.0,59420.11573178005,0.0,59410.11573178005,0,,61429.203
2021-05-11 00:00:00+00:00,90.76,96.3,101.447464,22.011202,3.4252858,0.48760330578512395,-10.0,61291.317043416195,0.0,61281.317043416195,0,,63363.676
2021-05-12 00:00:00+00:00,94.646,92.942,101.50377,26.988745,3.7340007,0.48760330578512395,-10.0,59154.07611182632,0.0,59144.07611182632,0,,61154.17
2021-05-13 00:00:00+00:00,94.0,90.996,101.53467,23.137112,3.838858,0.48760330578512395,-10.0,57915.51987291218,0.0,57905.51987291218,0,,59873.74
2021-05-14 00:00:00+00:00,92.382,92.066,101.55461,19.738636,4.0228577,0.48760330578512395,-10.0,58596.53713826348,0.0,58586.53713826348,0,,60577.785
2021-05-17 00:00:00+00:00,91.894,90.88,101.56923,19.157825,4.019858,0.48760330578512395,-10.0,57841.689898677105,0.0,57831.689898677105,0,,59797.414
2021-05-18 00:00:00+00:00,91.092,91.444,101.59223,16.761868,4.025001,0.48760330578512395,-10.0,58200.65748616303,0.0,58190.65748616303,0,,60168.52
2021-05-19 00:00:00+00:00,90.05,91.952,101.61025,18.790571,4.050858,0.48760330578512395,-10.0,58523.984913093715,0.0,58513.984913093715,0,,60502.777
2021-05-20 00:00:00+00:00,92.934,94.226,101.63005,29.536837,3.4610007,0.48760330578512395,-10.0,59971.29508877377,0.0,59961.29508877377,0,,61999.023
2021-05-21 00:00:00+00:00,94.778,93.894,101.66303,35.38244,3.4078577,0.48760330578512395,-10.0,59759.98809136265,0.0,59749.98809136265,0,,61780.57
2021-05-24 00:00:00+00:00,95.0,95.272,101.69676,40.17898,3.2685716,0.48760330578512395,-10.0,60637.03842127339,0.0,60627.03842127339,0,,62687.277
2021-05-25 00:00:00+00:00,95.75,95.98,101.74279,46.72703,3.1791432,0.48760330578512395,-10.0,61087.655774968276,0.0,61077.655774968276,0,,63153.133
2021-05-26 00:00:00+00:00,95.762,97.082,101.79148,49.967052,3.104714,0.48760330578512395,-10.0,61789.035131151126,0.0,61779.035131151126,0,,63878.227
2021-05-27 00:00:00+00:00,96.194,95.844,101.83821,49.796925,3.0437143,0.48760330578512395,-10.0,61001.094204531706,0.0,60991.094204531706,0,,63063.645
2021-05-28 00:00:00+00:00,96.0,94.776,101.89607,48.0452,2.9394286,0.48760330578512395,-10.0,60321.35362292763,0.0,60311.35362292763,0,,62360.92
2021-06-01 00:00:00+00:00,95.52,93.834,101.94282,53.599022,2.8352857,0.48760330578512395,-10.0,59721.80440804692,0.0,59711.80440804692,0,,61741.098
2021-06-02 00:00:00+00:00,92.914,93.402,101.97357,43.023643,2.5074284,0.48760330578512395,-10.0,59446.85341662632,0.0,59436.85341662632,0,,61456.85
2021-06-03 00:00:00+00:00,92.862,91.84,102.00485,51.55953,2.3531418,0.48760330578512395,-10.0,58452.69669815389,0.0,58442.69669815389,0,,60429.082
2021-06-04 00:00:00+00:00,92.0,92.13,102.02168,52.937878,2.2207134,0.48760330578512395,-10.0,58637.27481681642,0.0,58627.27481681642,0,,60619.902
2021-06-07 00:00:00+00:00,92.004,91.892,102.044754,50.235554,2.1729987,0.48760330578512395,-10.0,58485.79917922787,0.0,58475.79917922787,0,,60463.305
2021-06-08 00:00:00+00:00,92.794,92.152,102.06708,54.004433,2.0827124,0.48760330578512395,-10.0,58651.280799482265,0.0,58641.280799482265,0,,60634.38
2021-06-09 00:00:00+00:00,92.992,92.942,102.0745,52.87058,2.0781407,0.48760330578512395,-10.0,59154.08748772112,0.0,59144.08748772112,0,,61154.188
2021-06-10 00:00:00+00:00,97.142,97.826,102.08979,53.924202,1.9987128,0.48760330578512395,-10.0,62262.568848828625,0.0,62252.568848828625,0,,64367.777
2021-06-11 00:00:00+00:00,98.0,99.602,102.13082,61.823425,2.1452844,0.5945945945945946,-10.0,63392.92961877933,0.0,63382.92961877933,0,,65536.36
2021-06-14 00:00:00+00:00,100.0,101.868,102.1709,67.12263,2.171285,0.48760330578512395,-10.0,64835.150265291355,0.0,64825.150265291355,0,,67027.34
2021-06-15 00:00:00+00:00,102.104,101.086,102.19254,68.78558,2.210999,0.48760330578512395,-10.0,64337.436659352956,0.0,64327.436659352956,0,,66512.8
2021-06-16 00:00:00+00:00,101.54,102.016,102.21742,64.48099,2.2265713,0.48760330578512395,-10.0,64929.34726140067,0.0,64919.34726140067,0,,67124.73
2021-06-17 00:00:00+00:00,101.16,106.08,102.23963,64.13105,2.3711429,0.48760330578512395,-10.0,67515.93010690088,0.0,67505.93010690088,0,,69798.766
2021-06-18 00:00:00+00:00,105.764,106.748,102.28801,75.231705,2.5485709,0.48760330578512395,-10.0,67941.08544756848,0.0,67931.08544756848,0,,70238.3
2021-06-21 00:00:00+00:00,106.264,106.95,102.32456,80.10461,2.5617137,0.48760330578512395,-10.0,68069.64418452569,0.0,68059.64418452569,0,,70371.195
2021-06-22 00:00:00+00:00,107.2,109.206,102.35962,84.256165,2.5957134,0.48760330578512395,-10.0,69505.50284770409,0.0,69495.50284770409,0,,71855.61
2021-06-23 00:00:00+00:00,109.0,110.04,102.43681,87.686,2.618,0.48760330578512395,-10.0,70036.30975022385,0.0,70026.30975022385,0,,72404.36
2021-06-24 00:00:00+00:00,110.4,110.414,102.53666,94.96049,2.578857,0.48760330578512395,-10.0,70274.34748274021,0.0,70264.34748274021,0,,72650.445
2021-06-25 00:00:00+00:00,111.052,108.998,102.64559,94.981316,2.6068573,0.5945945945945946,-10.0,69373.11581653058,0.0,69363.11581653058,0,,71718.74
2021-06-28 00:00:00+00:00,109.6,110.434,102.73238,89.7777,2.7144291,0.48760330578512395,-10.0,70287.07427871879,0.0,70277.07427871879,0,,72663.61
2021-06-29 00:00:00+00:00,111.048,111.718,102.83157,90.30779,2.6578577,0.48760330578512395,-10.0,71104.29081996452,0.0,71094.29081996452,0,,73508.45
2021-06-30 00:00:00+00:00,111.378,109.91,102.94426,90.51442,2.6982858,0.48760330578512395,-10.0,69953.56637162497,0.0,69943.56637162497,0,,72318.82
2021-07-01 00:00:00+00:00,109.0,109.034,103.03575,80.065704,2.4825718,0.48760330578512395,-10.0,69396.0214852695,0.0,69386.0214852695,0,,71742.42
2021-07-02 00:00:00+00:00,109.65,110.366,103.10696,74.567604,2.466429,0.48760330578512395,-10.0,70243.78615489854,0.0,70233.78615489854,0,,72618.86
2021-07-06 00:00:00+00:00,110.858,111.698,103.20278,73.266884,2.4158576,0.48484848484848486,-10.0,71091.55748929565,0.0,71081.55748929565,0,,73495.29
2021-07-07 00:00:00+00:00,112.18,112.356,103.30747,78.20538,2.4662862,0.48760330578512395,-10.0,71510.35539908575,0.0,71500.35539908575,0,,73928.25
2021-07-08 00:00:00+00:00,110.55,112.094,103.41616,77.885635,2.335429,0.48760330578512395,-10.0,71343.59950619635,0.0,71333.59950619635,0,,73755.86
2021-07-09 00:00:00+00:00,111.944,113.274,103.51475,70.40302,2.1945724,0.5945945945945946,-10.0,72094.62612443791,0.0,72084.62612443791,0,,74532.27
2021-07-12 00:00:00+00:00,114.0,112.386,103.61055,71.396706,2.1805725,0.48760330578512395,-10.0,71529.448832105,0.0,71519.448832105,0,,73947.984
2021-07-13 00:00:00+00:00,112.2,111.866,103.71201,67.05572,2.1725726,0.48760330578512395,-10.0,71198.48709658883,0.0,71188.48709658883,0,,73605.836
2021-07-14 00:00:00+00:00,112.792,112.588,103.81122,59.36617,2.159715,0.48760330578512395,-10.0,71658.00997450807,0.0,71648.00997450807,0,,74080.89
2021-07-15 00:00:00+00:00,112.676,111.656,103.89419,59.043133,2.1632864,0.48760330578512395,-10.0,71064.82835943738,0.0,71054.82835943738,0,,73467.66
2021-07-16 00:00:00+00:00,112.304,111.272,103.96826,54.240047,2.2150006,0.48760330578512395,-10.0,70820.43152585767,0.0,70810.43152585767,0,,73214.99
2021-07-19 00:00:00+00:00,110.348,111.018,104.036644,58.351696,2.1635725,0.48760330578512395,-10.0,70658.76698708214,0.0,70648.76698708214,0,,73047.86
2021-07-20 00:00:00+00:00,112.0,113.05,104.10673,52.34877,2.2155728,0.5945945945945946,-10.0,71952.06226124402,0.0,71942.06226124402,0,,74384.88
2021-07-21 00:00:00+00:00,112.498,113.426,104.17946,55.053104,2.284573,0.48760330578512395,-10.0,72191.37044409018,0.0,72181.37044409018,0,,74632.28
2021-07-22 00:00:00+00:00,114.416,115.34,104.25344,64.96421,2.2504306,0.48760330578512395,-10.0,73409.55885633596,0.0,73399.55885633596,0,,75891.664
2021-07-23 00:00:00+00:00,116.0,117.236,104.328354,74.65976,2.2774298,0.48760330578512395,-10.0,74616.29197802844,0.0,74606.29197802844,0,,77139.195
2021-07-26 00:00:00+00:00,116.96,116.84,104.42299,75.73032,2.3090014,0.48760330578512395,-10.0,74364.24897621654,0.0,74354.24897621654,0,,76878.63
2021-07-27 00:00:00+00:00,116.8,116.458,104.50719,70.71046,2.2977154,0.48760330578512395,-10.0,74121.12440652664,0.0,74111.12440652664,0,,76627.29
2021-07-28 00:00:00+00:00,116.4,116.67,104.59298,66.89732,2.3264296,0.5945945945945946,-10.0,74256.04900542166,0.0,74246.04900542166,0,,76766.77
2021-07-29 00:00:00+00:00,116.92,117.286,104.66772,68.92784,2.2642865,0.48760330578512395,-10.0,74648.11341783659,0.0,74638.11341783659,0,,77172.09
2021-07-30 00:00:00+00:00,115.942,117.578,104.74506,67.40714,2.463858,0.48760330578512395,-10.0,74833.96378165518,0.0,74823.96378165518,0,,77364.23
2021-08-02 00:00:00+00:00,117.578,116.934,104.81465,73.75548,2.571429,0.48760330578512395,-10.0,74424.07948179354,0.0,74414.07948179354,0,,76940.484
2021-08-03 00:00:00+00:00,116.978,116.932,104.88243,72.92796,2.590858,0.48760330578512395,-10.0,74422.80634381813,0.0,74412.80634381813,0,,76939.17
2021-08-04 00:00:00+00:00,117.0,118.694,104.94641,71.02206,2.661572,0.48760330578512395,-10.0,75544.2575829141,0.0,75534.2575829141,0,,78098.54
2021-08-05 00:00:00+00:00,119.0,119.1,105.01501,81.52659,2.6522865,0.48760330578512395,-10.0,75802.66361727452,0.0,75792.66361727452,0,,78365.68
2021-08-06 00:00:00+00:00,118.8,118.136,105.08856,84.99636,2.6230006,0.48484848484848486,-10.0,75189.115892437,0.0,75179.115892437,0,,77731.38
2021-08-09 00:00:00+00:00,117.99,117.592,105.16105,79.92265,2.5488575,0.48760330578512395,-10.0,74842.87933408894,0.0,74832.87933408894,0,,77373.445
2021-08-10 00:00:00+00:00,117.6,115.16,105.23873,71.82395,2.4410002,0.48760330578512395,-10.0,73295.00290964394,0.0,73285.00290964394,0,,75773.23
2021-08-11 00:00:00+00:00,115.688,114.04,105.30857,56.957157,2.5562859,0.48760330578512395,-10.0,72582.16280972726,0.0,72572.16280972726,0,,75036.29
2021-08-12 00:00:00+00:00,113.854,116.314,105.36476,44.42923,2.5888574,0.48760330578512395,-10.0,74029.47844749561,0.0,74019.47844749561,0,,76532.54
2021-08-13 00:00:00+00:00,115.808,117.566,105.44472,46.173016,2.6348572,0.48760330578512395,-10.0,74826.33196078609,0.0,74816.33196078609,0,,77356.336
2021-08-16 00:00:00+00:00,117.2,116.044,105.53274,52.813538,2.6244283,0.48760330578512395,-10.0,73857.63400619774,0.0,73847.63400619774,0,,76354.88
2021-08-17 00:00:00+00:00,115.89,116.448,105.628914,48.52585,2.669571,0.48760330578512395,-10.0,74114.76109373324,0.0,74104.76109373324,0,,76620.71
2021-08-18 00:00:00+00:00,116.094,116.39,105.70056,49.220177,2.6514282,0.48760330578512395,-10.0,74077.84776176569,0.0,74067.84776176569,0,,76582.55
2021-08-19 00:00:00+00:00,115.9,117.384,105.78494,46.724174,2.4327142,0.5945945945945946,-10.0,74710.4927836216,0.0,74700.4927836216,0,,77236.58
2021-08-20 00:00:00+00:00,118.21,120.104,105.89586,49.32536,2.3412857,0.48760330578512395,-10.0,76441.6680723927,0.0,76431.6680723927,0,,79026.29
2021-08-23 00:00:00+00:00,120.4,123.886,106.01633,59.63291,2.366714,0.5945945945945946,-10.0,78848.76821399649,0.0,78838.76821399649,0,,81514.78
2021-08-24 00:00:00+00:00,124.0,124.37,106.12218,67.18395,2.4668567,0.5945945945945946,-10.0,79156.81821236061,0.0,79146.81821236061,0,,81833.25
2021-08-25 00:00:00+00:00,124.6,124.214,106.21295,64.97152,2.4037137,0.48760330578512395,-10.0,79057.52550257616,0.0,79047.52550257616,0,,81730.59
2021-08-26 00:00:00+00:00,124.524,124.806,106.29884,63.6694,2.4535708,0.48760330578512395,-10.0,79434.31267269938,0.0,79424.31267269938,0,,82120.125
2021-08-27 00:00:00+00:00,125.0,126.48,106.42091,68.19023,2.496285,0.5945945945945946,-10.0,80499.75186003163,0.0,80489.75186003163,0,,83221.586
2021-08-30 00:00:00+00:00,126.8,128.33,106.57203,72.83187,2.5618565,0.5945945945945946,-10.0,81677.21051031949,0.0,81667.21051031949,0,,84438.86
2021-08-31 00:00:00+00:00,129.0,128.728,106.71032,84.87444,2.479285,0.5945945945945946,-10.0,81930.52003540834,0.0,81920.52003540834,0,,84700.734
2021-09-01 00:00:00+00:00,128.72,130.17,106.84418,90.44049,2.3877132,0.5945945945945946,-10.0,82848.3038962357,0.0,82838.3038962357,0,,85649.555
2021-09-02 00:00:00+00:00,130.8,132.062,106.98702,89.98149,2.3171413,0.5945945945945946,-10.0,84052.48999590281,0.0,84042.48999590281,0,,86894.45
2021-09-03 00:00:00+00:00,132.0,135.726,107.14505,90.33834,2.324142,0.5945945945945946,-10.0,86384.48696329792,0.0,86374.48696329792,0,,89305.305
2021-09-07 00:00:00+00:00,135.726,132.218,107.31058,98.93583,2.4197137,0.5945945945945946,-10.0,84151.77767896648,0.0,84141.77767896648,0,,86997.11
2021-09-08 00:00:00+00:00,132.062,130.76,107.464554,83.966576,2.5492847,0.48760330578512395,-10.0,83223.81275719087,0.0,83213.81275719087,0,,86037.766
2021-09-09 00:00:00+00:00,131.156,130.038,107.60402,79.19068,2.5541415,0.48760330578512395,-10.0,82764.28452900403,0.0,82754.28452900403,0,,85562.7
2021-09-10 00:00:00+00:00,130.622,129.596,107.73615,75.99208,2.4658558,0.48760330578512395,-10.0,82482.96752804564,0.0,82472.96752804564,0,,85271.875
2021-09-13 00:00:00+00:00,129.8,127.816,107.86202,71.510124,2.3877122,0.5945945945945946,-10.0,81350.0691890508,0.0,81340.0691890508,0,,84100.664
2021-09-14 00:00:00+00:00,128.398,129.084,107.98641,59.794636,2.3581402,0.5945945945945946,-10.0,82157.10074992999,0.0,82147.10074992999,0,,84934.984
2021-09-15 00:00:00+00:00,128.818,130.43,108.11261,61.306717,2.3918538,0.48760330578512395,-10.0,83013.77227428736,0.0,83003.77227428736,0,,85820.625
2021-09-16 00:00:00+00:00,130.06,131.27,108.23728,64.104195,2.4681401,0.48760330578512395,-10.0,83548.40436665816,0.0,83538.40436665816,0,,86373.336
2021-09-17 00:00:00+00:00,130.678,130.206,108.35908,64.50369,2.5149968,0.48760330578512395,-10.0,82871.20140205347,0.0,82861.20140205347,0,,85673.234
2021-09-20 00:00:00+00:00,128.872,129.746,108.47052,58.595528,2.4808545,0.5945945945945946,-10.0,82578.43179246502,0.0,82568.43179246502,0,,85370.57
2021-09-21 00:00:00+00:00,130.0,130.84,108.59273,53.490437,2.4812825,0.5945945945945946,-10.0,83274.71597443095,0.0,83264.71597443095,0,,86090.39
2021-09-22 00:00:00+00:00,131.6,132.53,108.72169,55.033363,2.529997,0.48760330578512395,-10.0,84350.33925129185,0.0,84340.33925129185,0,,87202.39
2021-09-23 00:00:00+00:00,133.6,132.844,108.85864,55.558697,2.597998,0.48760330578512395,-10.0,84550.18921360018,0.0,84540.18921360018,0,,87408.99
2021-09-24 00:00:00+00:00,132.42,133.262,108.98961,51.989815,2.5538554,0.48760330578512395,-10.0,84816.22885263123,0.0,84806.22885263123,0,,87684.03
2021-09-27 00:00:00+00:00,131.976,129.912,109.11367,42.48962,2.4102833,0.48760330578512395,-10.0,82684.08641904422,0.0,82674.08641904422,0,,85479.8
2021-09-28 00:00:00+00:00,126.734,122.504,109.23524,42.902863,2.428997,0.5945945945945946,-10.0,77969.17297212181,0.0,77959.17297212181,0,,80605.46
2021-09-29 00:00:00+00:00,124.0,123.604,109.30976,31.402048,2.8447118,0.5945945945945946,-10.0,78669.28316739523,0.0,78659.28316739523,0,,81329.24
2021-09-30 00:00:00+00:00,124.04,124.454,109.39042,35.749084,2.9774263,0.48760330578512395,-10.0,79210.2781618064,0.0,79200.2781618064,0,,81888.52
2021-10-01 00:00:00+00:00,124.756,126.56,109.48021,38.813,2.9767134,0.48760330578512395,-10.0,80550.66481419814,0.0,80540.66481419814,0,,83274.234
2021-10-04 00:00:00+00:00,127.08,123.594,109.58563,47.305637,3.014857,0.5945945945945946,-10.0,78662.9218482033,0.0,78652.9218482033,0,,81322.664
2021-10-05 00:00:00+00:00,124.494,126.684,109.6586,39.022633,3.2880008,0.48760330578512395,-10.0,80629.58679244845,0.0,80619.58679244845,0,,83355.82
2021-10-06 00:00:00+00:00,125.468,125.872,109.73795,42.99814,3.3611429,0.5945945945945946,-10.0,80112.77975811613,0.0,80102.77975811613,0,,82821.54
2021-10-07 00:00:00+00:00,127.286,127.584,109.80188,39.899696,3.3885722,0.5945945945945946,-10.0,81202.39885746164,0.0,81192.39885746164,0,,83948.0
2021-10-08 00:00:00+00:00,128.0,123.516,109.88898,45.21009,3.528571,0.5945945945945946,-10.0,78613.26778560737,0.0,78603.26778560737,0,,81271.32
2021-10-11 00:00:00+00:00,123.604,123.17,109.94484,39.94446,3.7547138,0.5945945945945946,-10.0,78393.05319540837,0.0,78383.05319540837,0,,81043.664
2021-10-12 00:00:00+00:00,124.472,125.826,110.01063,37.313923,3.8064282,0.5945945945945946,-10.0,80083.49349247127,0.0,80073.49349247127,0,,82791.26
2021-10-13 00:00:00+00:00,126.0,127.882,110.08587,39.25502,3.8397136,0.48760330578512395,-10.0,81392.06870977866,0.0,81382.06870977866,0,,84144.086
2021-10-14 00:00:00+00:00,130.0,130.606,110.18154,42.467678,3.8984277,0.48760330578512395,-10.0,83125.79399499962,0.0,83115.79399499962,0,,85936.43
2021-10-15 00:00:00+00:00,131.372,132.636,110.28859,46.231995,4.0605707,0.5945945945945946,-10.0,84417.80697241495,0.0,84407.80697241495,0,,87272.13
2021-10-18 00:00:00+00:00,132.7,133.244,110.40439,54.014854,3.9531424,0.48760330578512395,-10.0,84804.77438482834,0.0,84794.77438482834,0,,87672.18
2021-10-19 00:00:00+00:00,134.48,136.05,110.52018,69.79798,3.5161417,0.48760330578512395,-10.0,86590.6913127025,0.0,86580.6913127025,0,,89518.48
2021-10-20 00:00:00+00:00,136.846,136.222,110.6736,71.58517,3.5848553,0.48760330578512395,-10.0,86700.16052158331,0.0,86690.16052158331,0,,89631.66
2021-10-21 00:00:00+00:00,136.0,137.268,110.82274,70.90083,3.6788547,0.48760330578512395,-10.0,87365.89879898008,0.0,87355.89879898008,0,,90319.9
2021-10-22 00:00:00+00:00,137.2,137.33,111.00183,69.76231,3.526569,0.48760330578512395,-10.0,87405.3605774479,0.0,87395.3605774479,0,,90360.695
2021-10-25 00:00:00+00:00,137.33,137.77,111.17707,78.39425,3.2547107,0.48760330578512395,-10.0,87685.40631045152,0.0,87675.40631045152,0,,90650.22
2021-10-26 00:00:00+00:00,138.538,135.342,111.33628,75.73592,3.0747113,0.5373049105443471,-10.0,86140.06826412435,0.0,86130.06826412435,0,,89052.63
2021-10-27 00:00:00+00:00,135.14,132.952,111.48993,70.450005,3.1188545,0.48760330578512395,-10.0,84618.92520055077,0.0,84608.92520055077,0,,87480.05
2021-10-28 00:00:00+00:00,134.302,137.54,111.64148,61.262154,3.1505694,0.48760330578512395,-10.0,87539.01473948923,0.0,87529.01473948923,0,,90498.875
2021-10-29 00:00:00+00:00,137.27,139.552,111.80747,78.79433,3.1862848,0.5945945945945946,-10.0,88819.58180326512,0.0,88809.58180326512,0,,91822.74
2021-11-01 00:00:00+00:00,140.0,136.396,111.99089,81.48203,3.202143,0.48760330578512395,-10.0,86810.90440724323,0.0,86800.90440724323,0,,89746.14
2021-11-02 00:00:00+00:00,137.198,137.318,112.15911,69.92984,3.359429,0.48760330578512395,-10.0,87397.72552636248,0.0,87387.72552636248,0,,90352.805
2021-11-03 00:00:00+00:00,137.82,137.534,112.32628,68.58648,3.2887137,0.48760330578512395,-10.0,87535.19922740088,0.0,87525.19922740088,0,,90494.93
2021-11-04 00:00:00+00:00,138.0,140.346,112.47176,65.14248,3.1962857,0.48760330578512395,-10.0,89324.92847567306,0.0,89314.92847567306,0,,92345.17
2021-11-05 00:00:00+00:00,140.4,138.402,112.62916,66.29467,3.301287,0.48760330578512395,-10.0,88087.64746292737,0.0,88077.64746292737,0,,91066.055
2021-11-08 00:00:00+00:00,138.744,138.456,112.78008,60.318447,3.3994305,0.48760330578512395,-10.0,88122.01679692726,0.0,88112.01679692726,0,,91101.586
2021-11-09 00:00:00+00:00,139.062,138.254,112.93448,55.40866,3.1990018,0.48760330578512395,-10.0,87993.45180705418,0.0,87983.45180705418,0,,90968.67
2021-11-10 00:00:00+00:00,137.358,134.182,113.09329,54.56177,3.143716,0.48760330578512395,-10.0,85401.78246915653,0.0,85391.78246915653,0,,88289.375
2021-11-11 00:00:00+00:00,135.938,135.85,113.2477,43.900707,3.387001,0.48760330578512395,-10.0,86463.4040245229,0.0,86453.4040245229,0,,89386.89
2021-11-12 00:00:00+00:00,137.0,138.28,113.37271,47.24949,3.399573,0.48760330578512395,-10.0,88010.00553145702,0.0,88000.00553145702,0,,90985.78
2021-11-15 00:00:00+00:00,137.892,136.514,113.52095,50.882526,3.4498584,0.48760330578512395,-10.0,86886.0183440004,0.0,86876.0183440004,0,,89823.79
2021-11-16 00:00:00+00:00,136.998,138.51,113.64496,52.075684,3.3818576,0.48760330578512395,-10.0,88156.39085823757,0.0,88146.39085823757,0,,91137.12
2021-11-17 00:00:00+00:00,138.866,136.986,113.754,59.982765,3.2280002,0.48760330578512395,-10.0,87186.42031704301,0.0,87176.42031704301,0,,90134.34
2021-11-18 00:00:00+00:00,136.494,135.168,113.86228,48.88189,2.9775708,0.48760330578512395,-10.0,86029.33520896955,0.0,86019.33520896955,0,,88938.13
2021-11-19 00:00:00+00:00,136.062,135.194,113.94914,41.08216,2.8991406,0.48760330578512395,-10.0,86045.88757940184,0.0,86035.88757940184,0,,88955.24
2021-11-22 00:00:00+00:00,135.142,131.276,114.03538,47.19814,2.6837115,0.48760330578512395,-10.0,83552.23016105282,0.0,83542.23016105282,0,,86377.266
2021-11-23 00:00:00+00:00,130.0,127.382,114.10385,37.642143,3.0494266,0.5945945945945946,-10.0,81073.84803822273,0.0,81063.84803822273,0,,83815.086
2021-11-24 00:00:00+00:00,125.992,129.862,114.15898,31.951338,3.22214,0.48760330578512395,-10.0,82652.27663017821,0.0,82642.27663017821,0,,85446.88
2021-11-26 00:00:00+00:00,128.904,129.91,114.21893,31.138432,3.2985682,0.48760330578512395,-10.0,82682.83053254559,0.0,82672.83053254559,0,,85478.47
2021-11-29 00:00:00+00:00,131.926,134.564,114.27401,33.603634,3.3087108,0.48760330578512395,-10.0,85644.92439026794,0.0,85634.92439026794,0,,88540.72
2021-11-30 00:00:00+00:00,134.926,129.54,114.35554,43.618824,3.5874257,0.5945945945945946,-10.0,82447.33723878383,0.0,82437.33723878383,0,,85235.016
2021-12-01 00:00:00+00:00,130.072,119.914,114.4175,37.66349,3.9487114,0.48760330578512395,-10.0,76320.75384805592,0.0,76310.75384805592,0,,78901.28
2021-12-02 00:00:00+00:00,119.914,124.674,114.43613,32.54548,4.3939977,0.48760330578512395,-10.0,79350.3171393198,0.0,79340.3171393198,0,,82033.28
2021-12-03 00:00:00+00:00,125.538,122.622,114.4837,37.289585,4.6329985,0.48760330578512395,-10.0,78044.29593632247,0.0,78034.29593632247,0,,80683.1
2021-12-06 00:00:00+00:00,120.316,123.308,114.52608,32.037796,4.963141,0.48760330578512395,-10.0,78480.90481874917,0.0,78470.90481874917,0,,81134.47
2021-12-07 00:00:00+00:00,126.198,132.678,114.59236,34.4657,5.1477127,0.48760330578512395,-10.0,84444.55349631926,0.0,84434.55349631926,0,,87299.76
2021-12-08 00:00:00+00:00,132.0,133.162,114.704,44.153965,5.735856,0.48760330578512395,-10.0,84752.61083146883,0.0,84742.61083146883,0,,87618.23
2021-12-09 00:00:00+00:00,133.2,128.43,114.81798,46.085186,5.881713,0.48484848484848486,-10.0,81740.86300607133,0.0,81730.86300607133,0,,84504.65
2021-12-10 00:00:00+00:00,129.438,129.4,114.93134,43.490353,6.1255713,0.48760330578512395,-10.0,82358.23073352691,0.0,82348.23073352691,0,,85142.9
2021-12-13 00:00:00+00:00,128.93,131.188,115.044876,44.502632,6.195572,0.48760330578512395,-10.0,83496.22941966815,0.0,83486.22941966815,0,,86319.37
2021-12-14 00:00:00+00:00,128.418,124.938,115.14435,49.91299,5.994143,0.48760330578512395,-10.0,79518.33751546098,0.0,79508.33751546098,0,,82206.984
2021-12-15 00:00:00+00:00,125.332,129.408,115.21974,47.69103,6.2767143,0.48760330578512395,-10.0,82363.3292667939,0.0,82353.3292667939,0,,85148.17
2021-12-16 00:00:00+00:00,127.878,121.796,115.35078,49.58663,6.251143,0.48760330578512395,-10.0,77518.57511110594,0.0,77508.57511110594,0,,80139.61
2021-12-17 00:00:00+00:00,119.34,123.126,115.46913,43.50651,6.5911436,0.5945945945945946,-10.0,78365.07241267285,0.0,78355.07241267285,0,,81014.73
2021-12-20 00:00:00+00:00,121.0,121.074,115.5978,40.332024,6.686572,0.48760330578512395,-10.0,77059.04984003086,0.0,77049.04984003086,0,,79664.55
2021-12-21 00:00:00+00:00,122.5,126.264,115.73912,42.465565,6.364286,0.48760330578512395,-10.0,80362.28998105627,0.0,80352.28998105627,0,,83079.47
2021-12-22 00:00:00+00:00,126.292,128.786,115.88149,56.135735,5.960286,0.48760330578512395,-10.0,81967.44582282238,0.0,81957.44582282238,0,,84738.91
2021-12-23 00:00:00+00:00,129.192,129.714,116.05142,54.152855,5.9049997,0.48760330578512395,-10.0,82558.09044439155,0.0,82548.09044439155,0,,85349.52
2021-12-27 00:00:00+00:00,131.196,132.656,116.19712,57.328865,5.5487146,0.48760330578512395,-10.0,84430.56079106402,0.0,84420.56079106402,0,,87285.3
2021-12-28 00:00:00+00:00,133.528,130.8,116.37118,59.22986,5.4168577,0.48760330578512395,-10.0,83249.28289635204,0.0,83239.28289635204,0,,86064.08
2021-12-29 00:00:00+00:00,131.036,130.916,116.52841,47.822674,4.8885713,0.48760330578512395,-10.0,83323.10818601464,0.0,83313.10818601464,0,,86140.41
2021-12-30 00:00:00+00:00,131.24,130.908,116.684,47.373592,4.758858,0.48760330578512395,-10.0,83318.017580643,0.0,83308.017580643,0,,86135.14
2021-12-31 00:00:00+00:00,130.404,129.822,116.85354,53.257626,4.4941435,0.48760330578512395,-10.0,82626.82016607143,0.0,82616.82016607143,0,,85420.57
2022-01-03 00:00:00+00:00,129.632,126.028,117.03647,50.553097,4.376143,0.48760330578512395,-10.0,80212.07664910136,0.0,80202.07664910136,0,,82924.19
2022-01-04 00:00:00+00:00,125.678,120.788,117.19577,43.575058,4.483143,0.48760330578512395,-10.0,76877.01456039405,0.0,76867.01456039405,0,,79476.36
2022-01-05 00:00:00+00:00,117.8,114.552,117.32306,44.699333,4.546286,0.48760330578512395,-10.0,72908.03603930048,0.0,72898.03603930048,0,,75373.18
2022-01-06 00:00:00+00:00,113.48,114.808,117.41765,31.843962,4.725286,0.5945945945945946,-10.0,73070.97212495722,0.0,73060.97212495722,0,,75541.63
2022-01-07 00:00:00+00:00,114.138,113.278,117.51937,39.58756,4.641,0.5945945945945946,-10.0,72097.18558250499,0.0,72087.18558250499,0,,74534.914
2022-01-10 00:00:00+00:00,110.02,114.4,117.61358,35.412968,4.549857,0.5945945945945946,-10.0,72811.29821664872,0.0,72801.29821664872,0,,75273.17
2022-01-11 00:00:00+00:00,113.976,115.688,117.69058,39.834286,4.876714,0.48760330578512395,-10.0,73631.06033451993,0.0,73621.06033451993,0,,76120.66
2022-01-12 00:00:00+00:00,117.464,114.678,117.78363,31.717613,4.7074285,0.48760330578512395,-10.0,72988.2308764431,0.0,72978.2308764431,0,,75456.09
2022-01-13 00:00:00+00:00,115.004,104.252,117.86945,24.266766,4.6875715,0.48760330578512395,-10.0,66352.473641054,0.0,66342.473641054,0,,68595.97
2022-01-14 00:00:00+00:00,104.252,106.204,117.8906,15.507988,5.3329997,0.48760330578512395,-10.0,67594.84710484912,0.0,67584.84710484912,0,,69880.34
2022-01-18 00:00:00+00:00,104.94,104.468,117.91461,13.179289,5.4401426,0.48760330578512395,-10.0,66489.94726478109,0.0,66479.94726478109,0,,68738.086
2022-01-19 00:00:00+00:00,105.084,104.258,117.92293,13.223466,5.614857,0.48760330578512395,-10.0,66356.2913905583,0.0,66346.2913905583,0,,68599.914
2022-01-20 00:00:00+00:00,106.442,103.0,117.93514,12.865669,5.7612853,0.48760330578512395,-10.0,65555.6201161036,0.0,65545.6201161036,0,,67772.17
2022-01-21 00:00:00+00:00,102.0,101.548,117.93941,12.4327,6.043428,0.48760330578512395,-10.0,64631.476341972084,0.0,64621.476341972084,0,,66816.78
2022-01-24 00:00:00+00:00,100.058,105.168,117.92311,12.311388,6.2152853,0.4838709677419355,-10.0,66935.47386502085,0.0,66925.47386502085,0,,69198.69
2022-01-25 00:00:00+00:00,103.09,99.016,117.91895,22.064505,6.4609995,0.48484848484848486,-10.0,63019.956649099004,0.0,63009.956649099004,0,,65150.777
2022-01-26 00:00:00+00:00,102.856,96.884,117.87703,21.53839,6.2928567,0.48760330578512395,-10.0,61663.022267390676,0.0,61653.022267390676,0,,63747.96
2022-01-27 00:00:00+00:00,110.706,105.738,117.81252,24.127237,6.373142,0.48760330578512395,-10.0,67298.25970076647,0.0,67288.25970076647,0,,69573.734
2022-01-28 00:00:00+00:00,105.738,112.216,117.79637,39.38983,6.917713,0.48760330578512395,-10.0,71421.26295908018,0.0,71411.26295908018,0,,73836.15
2022-01-31 00:00:00+00:00,113.454,117.156,117.7981,48.886562,7.324142,0.48484848484848486,-10.0,74565.38425928206,0.0,74555.38425928206,0,,77086.58
2022-02-01 00:00:00+00:00,116.98,117.308,117.82697,52.67531,7.181713,0.48484848484848486,-10.0,74662.13089975901,0.0,74652.13089975901,0,,77186.59
2022-02-02 00:00:00+00:00,118.97,116.23,117.86414,51.608032,7.113999,0.48760330578512395,-10.0,73976.02870573537,0.0,73966.02870573537,0,,76477.3
2022-02-03 00:00:00+00:00,113.642,112.17,117.90451,51.538464,7.112142,0.48760330578512395,-10.0,71391.98938486486,0.0,71381.98938486486,0,,73805.88
2022-02-04 00:00:00+00:00,111.998,115.504,117.91889,58.982616,6.639285,0.48760330578512395,-10.0,73513.95139540429,0.0,73503.95139540429,0,,75999.59
2022-02-07 00:00:00+00:00,115.598,114.64,117.94792,60.229668,6.7637134,0.48760330578512395,-10.0,72964.04765260093,0.0,72954.04765260093,0,,75431.1
2022-02-08 00:00:00+00:00,112.84,118.254,117.96842,61.407677,6.6365705,0.48760330578512395,-10.0,75264.22301395798,0.0,75254.22301395798,0,,77809.05
2022-02-09 00:00:00+00:00,119.77,122.794,118.00048,64.58281,6.707142,0.48760330578512395,-10.0,78153.76313107398,0.0,78143.76313107398,0,,80796.29
2022-02-10 00:00:00+00:00,120.094,122.092,118.05182,69.30369,6.6211424,0.48760330578512395,-10.0,77706.96898577653,0.0,77696.96898577653,0,,80334.39
2022-02-11 00:00:00+00:00,120.69,116.744,118.10504,70.33255,6.6168566,0.48760330578512395,-10.0,74303.16780929622,0.0,74293.16780929622,0,,76815.49
2022-02-14 00:00:00+00:00,115.774,115.916,118.18376,61.07794,6.4689994,0.48760330578512395,-10.0,73776.17438297544,0.0,73766.17438297544,0,,76270.69
2022-02-15 00:00:00+00:00,117.562,118.332,118.25697,68.00785,6.0939994,0.48760330578512395,-10.0,75313.86694237193,0.0,75303.86694237193,0,,77860.37
2022-02-16 00:00:00+00:00,117.168,118.178,118.35831,72.71649,5.7034287,0.48760330578512395,-10.0,75215.85288742861,0.0,75205.85288742861,0,,77759.04
2022-02-17 00:00:00+00:00,116.816,113.15,118.4659,66.1525,4.9031434,0.48760330578512395,-10.0,72015.72114694168,0.0,72005.72114694168,0,,74450.71
2022-02-18 00:00:00+00:00,113.192,111.202,118.55168,51.260185,4.4831433,0.48760330578512395,-10.0,70775.89227040815,0.0,70765.89227040815,0,,73168.96
2022-02-22 00:00:00+00:00,108.814,110.03,118.62185,41.26109,4.342572,0.48760330578512395,-10.0,70029.95594682275,0.0,70019.95594682275,0,,72397.8
2022-02-23 00:00:00+00:00,110.03,104.94,118.68849,39.62834,4.468287,0.48760330578512395,-10.0,66790.36606136926,0.0,66780.36606136926,0,,69048.67
2022-02-24 00:00:00+00:00,101.65,114.79,118.74639,35.56192,4.596715,0.5945945945945946,-10.0,73059.5188480732,0.0,73049.5188480732,0,,75529.8
2022-02-25 00:00:00+00:00,113.792,116.046,118.83884,52.918377,5.3220015,0.5945945945945946,-10.0,73858.9173891648,0.0,73848.9173891648,0,,76356.22
2022-02-28 00:00:00+00:00,115.64,115.984,118.95436,50.63303,5.088573,0.48760330578512395,-10.0,73819.45926473229,0.0,73809.45926473229,0,,76315.43
2022-03-01 00:00:00+00:00,116.764,114.214,119.0793,51.599697,5.0407157,0.5945945945945946,-10.0,72692.91850767657,0.0,72682.91850767657,0,,75150.8
2022-03-02 00:00:00+00:00,115.664,117.412,119.19004,44.97062,5.1087155,0.5945945945945946,-10.0,74728.32868358657,0.0,74718.32868358657,0,,77255.02
2022-03-03 00:00:00+00:00,118.404,112.462,119.3227,43.068367,5.21843,0.48760330578512395,-10.0,71577.83769611696,0.0,71567.83769611696,0,,73998.016
2022-03-04 00:00:00+00:00,111.098,109.414,119.42779,38.820522,5.4352875,0.48760330578512395,-10.0,69637.90146880873,0.0,69627.90146880873,0,,71992.484
2022-03-07 00:00:00+00:00,110.674,103.924,119.5151,41.010544,5.34743,0.48760330578512395,-10.0,66143.72351851754,0.0,66133.72351851754,0,,68380.164
2022-03-08 00:00:00+00:00,102.0,103.64,119.56359,36.802258,5.765573,0.48760330578512395,-10.0,65962.96506731797,0.0,65952.96506731797,0,,68193.29
2022-03-09 00:00:00+00:00,107.292,111.916,119.61232,33.03464,6.0104303,0.48760330578512395,-10.0,71230.32526033968,0.0,71220.32526033968,0,,73638.74
2022-03-10 00:00:00+00:00,109.716,106.718,119.69554,43.911167,6.453716,0.5945945945945946,-10.0,67921.99373133996,0.0,67911.99373133996,0,,70218.555
2022-03-11 00:00:00+00:00,108.528,102.43,119.74923,43.766476,6.48743,0.48760330578512395,-10.0,65192.841623256536,0.0,65182.841623256536,0,,67397.125
2022-03-14 00:00:00+00:00,102.992,99.02,119.77597,41.867535,6.7118583,0.48760330578512395,-10.0,63022.50400438824,0.0,63012.50400438824,0,,65153.402
2022-03-15 00:00:00+00:00,100.036,102.844,119.79185,40.199394,6.879287,0.48760330578512395,-10.0,65456.34264689551,0.0,65446.34264689551,0,,67669.53
2022-03-16 00:00:00+00:00,105.702,109.48,119.83219,48.091213,6.815429,0.48760330578512395,-10.0,69679.90589002903,0.0,69669.90589002903,0,,72035.91
2022-03-17 00:00:00+00:00,108.076,113.336,119.91042,44.863613,6.258714,0.48760330578512395,-10.0,72134.10050667323,0.0,72124.10050667323,0,,74573.08
2022-03-18 00:00:00+00:00,115.52,115.976,120.010086,47.504147,6.420715,0.48760330578512395,-10.0,73814.36442806573,0.0,73804.36442806573,0,,76310.16
2022-03-21 00:00:00+00:00,115.0,113.96,120.13077,49.99296,6.4572864,0.48760330578512395,-10.0,72531.25525198385,0.0,72521.25525198385,0,,74983.66
2022-03-22 00:00:00+00:00,114.142,117.732,120.23992,49.77764,6.3494296,0.48760330578512395,-10.0,74931.99721903671,0.0,74921.99721903671,0,,77465.57
2022-03-23 00:00:00+00:00,114.728,113.592,120.36912,50.277355,6.309429,0.48760330578512395,-10.0,72297.04391049423,0.0,72287.04391049423,0,,74741.52
2022-03-24 00:00:00+00:00,114.0,116.218,120.47632,50.99336,6.160286,0.48760330578512395,-10.0,73968.39111582156,0.0,73958.39111582156,0,,76469.38
2022-03-25 00:00:00+00:00,116.208,112.374,120.5927,56.025932,6.0707145,0.48760330578512395,-10.0,71521.82670382426,0.0,71511.82670382426,0,,73940.09
2022-03-28 00:00:00+00:00,113.466,116.552,120.66544,57.708443,5.819143,0.48760330578512395,-10.0,74180.97031855695,0.0,74170.97031855695,0,,76689.15
2022-03-29 00:00:00+00:00,118.044,119.55,120.75019,60.997547,5.6844287,0.48760330578512395,-10.0,76089.08175617408,0.0,76079.08175617408,0,,78661.77
2022-03-30 00:00:00+00:00,118.024,114.798,120.8386,57.144463,5.3472857,0.48760330578512395,-10.0,73064.61030915477,0.0,73054.61030915477,0,,75535.04
2022-03-31 00:00:00+00:00,114.798,111.378,120.90716,57.62551,5.3240004,0.48760330578512395,-10.0,70887.90784579606,0.0,70877.90784579606,0,,73284.74
2022-04-01 00:00:00+00:00,111.22,109.738,120.95397,58.58535,5.144143,0.48760330578512395,-10.0,69844.11089054379,0.0,69834.11089054379,0,,72205.66
2022-04-04 00:00:00+00:00,109.6,114.964,120.97226,60.645187,4.9044294,0.48760330578512395,-10.0,73170.25802761584,0.0,73160.25802761584,0,,75644.266
2022-04-05 00:00:00+00:00,114.0,110.644,121.013336,61.7115,4.947287,0.48760330578512395,-10.0,70420.74118524128,0.0,70410.74118524128,0,,72801.78
2022-04-06 00:00:00+00:00,108.564,105.59,121.03181,51.177464,4.7971444,0.5945945945945946,-10.0,67204.061194514,0.0,67194.061194514,0,,69476.336
2022-04-07 00:00:00+00:00,105.126,105.956,121.01373,42.34978,4.882144,0.5945945945945946,-10.0,67437.00717164786,0.0,67427.00717164786,0,,69717.16
2022-04-08 00:00:00+00:00,105.0,103.12,120.99331,39.63849,4.950429,0.5945945945945946,-10.0,65632.00014947735,0.0,65622.00014947735,0,,67851.125
2022-04-11 00:00:00+00:00,101.574,102.284,120.95684,38.977474,4.812143,0.5945945945945946,-10.0,65099.91327044264,0.0,65089.91327044264,0,,67301.05
2022-04-12 00:00:00+00:00,104.518,102.042,120.92327,33.294403,4.701572,0.5945945945945946,-10.0,64945.89034093175,0.0,64935.89034093175,0,,67141.81
2022-04-13 00:00:00+00:00,102.814,105.214,120.88131,36.35977,4.687143,0.5945945945945946,-10.0,66964.74975802242,0.0,66954.74975802242,0,,69228.94
2022-04-14 00:00:00+00:00,104.98,101.466,120.84879,37.170036,4.6727147,0.48760330578512395,-10.0,64579.29148154898,0.0,64569.29148154898,0,,66762.82
2022-04-18 00:00:00+00:00,101.334,99.506,120.80657,37.25344,4.566143,0.48760330578512395,-10.0,63331.822859745764,0.0,63321.822859745764,0,,65473.17
2022-04-19 00:00:00+00:00,99.756,102.88,120.75893,28.991863,4.4507146,0.48760330578512395,-10.0,65479.24871380373,0.0,65469.24871380373,0,,67693.2
2022-04-20 00:00:00+00:00,104.072,101.044,120.7215,29.643917,4.517429,0.48760330578512395,-10.0,64310.702906224345,0.0,64300.702906224345,0,,66485.15
2022-04-21 00:00:00+00:00,102.31,98.334,120.66823,31.91691,4.404428,0.48760330578512395,-10.0,62585.88959791388,0.0,62575.88959791388,0,,64702.016
2022-04-22 00:00:00+00:00,98.69,94.28,120.59812,32.524117,4.579428,0.48760330578512395,-10.0,60005.66964783586,0.0,59995.66964783586,0,,62034.555
2022-04-25 00:00:00+00:00,92.95,94.454,120.50905,30.548145,4.7385707,0.48760330578512395,-10.0,60116.41600497733,0.0,60106.41600497733,0,,62149.043
2022-04-26 00:00:00+00:00,94.384,91.2,120.41495,20.431362,4.5075707,0.48760330578512395,-10.0,58045.36280178385,0.0,58035.36280178385,0,,60007.965
2022-04-27 00:00:00+00:00,92.548,93.258,120.30902,21.079258,4.4264283,0.48760330578512395,-10.0,59355.2052687255,0.0,59345.2052687255,0,,61362.094
2022-04-28 00:00:00+00:00,101.6,100.804,120.21598,29.862858,4.2102857,0.48760330578512395,-10.0,64157.95139950632,0.0,64147.95139950632,0,,66327.23
2022-04-29 00:00:00+00:00,97.836,95.62,120.15706,43.18519,4.578143,0.48760330578512395,-10.0,60858.53059454168,0.0,60848.53059454168,0,,62916.25
2022-05-02 00:00:00+00:00,94.938,96.9,120.07688,40.65956,4.811714,0.48760330578512395,-10.0,61673.198071854036,0.0,61663.198071854036,0,,63758.465
2022-05-03 00:00:00+00:00,96.396,96.372,120.00502,43.368156,4.7558565,0.48760330578512395,-10.0,61337.1446753112,0.0,61327.1446753112,0,,63411.05
2022-05-04 00:00:00+00:00,97.048,99.892,119.93179,43.06473,4.664285,0.48760330578512395,-10.0,63577.49187508404,0.0,63567.49187508404,0,,65727.15
2022-05-05 00:00:00+00:00,98.978,93.866,119.866,43.545338,4.9729996,0.5945945945945946,-10.0,59742.17041311621,0.0,59732.17041311621,0,,61762.15
2022-05-06 00:00:00+00:00,92.512,91.348,119.768196,41.265167,5.2319994,0.48760330578512395,-10.0,58139.56112159577,0.0,58129.56112159577,0,,60105.35
2022-05-09 00:00:00+00:00,88.6,85.174,119.64824,40.742596,5.478856,0.48760330578512395,-10.0,54210.046902923656,0.0,54200.046902923656,0,,56042.977
2022-05-10 00:00:00+00:00,88.2,86.464,119.48793,31.108368,5.557142,0.5945945945945946,-10.0,55031.0808872235,0.0,55021.0808872235,0,,56891.77
2022-05-11 00:00:00+00:00,85.234,84.072,119.33605,34.260296,5.681857,0.48760330578512395,-10.0,53508.66466759133,0.0,53498.66466759133,0,,55317.88
2022-05-12 00:00:00+00:00,83.718,86.588,119.17412,34.49715,5.6307144,0.48760330578512395,-10.0,55110.00015783549,0.0,55100.00015783549,0,,56973.355
2022-05-13 00:00:00+00:00,87.548,90.53,119.02371,41.349525,5.7451434,0.48760330578512395,-10.0,57618.932980811274,0.0,57608.932980811274,0,,59567.12
2022-05-16 00:00:00+00:00,89.25,86.586,118.88993,45.93182,5.939858,0.48760330578512395,-10.0,55108.72437862497,0.0,55098.72437862497,0,,56972.043
2022-05-17 00:00:00+00:00,89.184,86.57,118.73497,45.283943,5.9901433,0.48484848484848486,-10.0,55098.54169720907,0.0,55088.54169720907,0,,56961.51
2022-05-18 00:00:00+00:00,85.7,82.45,118.58315,42.86628,6.218857,0.48760330578512395,-10.0,52476.31575624822,0.0,52466.31575624822,0,,54250.625
2022-05-19 00:00:00+00:00,82.896,85.352,118.410736,28.879158,5.9144287,0.48760330578512395,-10.0,54323.33192491543,0.0,54313.33192491543,0,,56160.094
2022-05-20 00:00:00+00:00,87.534,86.606,118.244026,37.529137,5.821429,0.48760330578512395,-10.0,55121.46049281967,0.0,55111.46049281967,0,,56985.207
2022-05-23 00:00:00+00:00,86.184,86.024,118.08156,37.48967,5.9717145,0.48760330578512395,-10.0,54751.037350907274,0.0,54741.037350907274,0,,56602.258
2022-05-24 00:00:00+00:00,85.3,83.93,117.921,37.440525,5.9124293,0.48484848484848486,-10.0,53418.28430977031,0.0,53408.28430977031,0,,55224.44
2022-05-25 00:00:00+00:00,84.69,90.458,117.75269,29.93211,5.5990005,0.48484848484848486,-10.0,57573.107963967064,0.0,57563.107963967064,0,,59519.75
2022-05-26 00:00:00+00:00,90.028,90.974,117.62918,45.768776,5.6057153,0.48760330578512395,-10.0,57901.521306107235,0.0,57891.521306107235,0,,59859.266
2022-05-27 00:00:00+00:00,92.638,95.258,117.51385,49.511364,5.3991437,0.48760330578512395,-10.0,60628.1277527194,0.0,60618.1277527194,0,,62678.066
2022-05-31 00:00:00+00:00,94.41,93.494,117.40857,63.85926,5.2701445,0.48760330578512395,-10.0,59505.40699770271,0.0,59495.40699770271,0,,61517.383
2022-06-01 00:00:00+00:00,98.208,95.026,117.28821,59.53764,5.0684295,0.48760330578512395,-10.0,60480.46450715794,0.0,60470.46450715794,0,,62525.406
2022-06-02 00:00:00+00:00,93.932,100.96,117.18312,65.21642,5.071858,0.48760330578512395,-10.0,64257.227484413175,0.0,64247.227484413175,0,,66429.87
2022-06-03 00:00:00+00:00,99.168,98.496,117.10568,68.233025,5.1351438,0.48760330578512395,-10.0,62688.9875506518,0.0,62678.9875506518,0,,64808.6
2022-06-06 00:00:00+00:00,99.404,98.508,117.01621,60.499817,5.052429,0.48760330578512395,-10.0,62696.62506873308,0.0,62686.62506873308,0,,64816.5
2022-06-07 00:00:00+00:00,97.54,101.286,116.92183,67.53133,4.934429,0.48760330578512395,-10.0,64464.716641182866,0.0,64454.716641182866,0,,66644.375
2022-06-08 00:00:00+00:00,100.384,101.084,116.82774,70.014145,4.803429,0.48760330578512395,-10.0,64336.15005309018,0.0,64326.15005309018,0,,66511.46
2022-06-09 00:00:00+00:00,100.126,98.444,116.71373,78.3657,4.5524287,0.48760330578512395,-10.0,62655.8887670334,0.0,62645.8887670334,0,,64774.383
2022-06-10 00:00:00+00:00,96.546,94.63,116.5841,70.089615,4.415858,0.48760330578512395,-10.0,60228.42167529986,0.0,60218.42167529986,0,,62264.844
2022-06-13 00:00:00+00:00,90.0,88.074,116.43618,61.41588,4.367429,0.5945945945945946,-10.0,56055.77696510045,0.0,56045.77696510045,0,,57951.117
2022-06-14 00:00:00+00:00,88.38,88.95,116.25252,52.49282,4.646428,0.5945945945945946,-10.0,56613.3204515863,0.0,56603.3204515863,0,,58527.51
2022-06-15 00:00:00+00:00,89.904,93.19,116.06487,56.29072,4.5688567,0.48760330578512395,-10.0,59311.922596592034,0.0,59301.922596592034,0,,61317.36
2022-06-16 00:00:00+00:00,89.538,85.616,115.88917,53.63182,4.465429,0.5945945945945946,-10.0,54491.353972611476,0.0,54481.353972611476,0,,56333.8
2022-06-17 00:00:00+00:00,86.026,88.758,115.67361,44.002686,4.823001,0.5945945945945946,-10.0,56491.12226589403,0.0,56481.12226589403,0,,58401.184
2022-06-21 00:00:00+00:00,89.972,91.054,115.46655,42.533543,4.792572,0.5945945945945946,-10.0,57952.43790471423,0.0,57942.43790471423,0,,59911.91
2022-06-22 00:00:00+00:00,90.042,91.73,115.26151,47.231045,4.85,0.5945945945945946,-10.0,58382.6904424735,0.0,58372.6904424735,0,,60356.707
2022-06-23 00:00:00+00:00,93.258,97.106,115.04153,46.185543,4.682286,0.48760330578512395,-10.0,61804.309824323595,0.0,61794.309824323595,0,,63894.02
2022-06-24 00:00:00+00:00,99.032,100.818,114.86597,45.48141,4.4969993,0.5945945945945946,-10.0,64166.856627060915,0.0,64156.856627060915,0,,66336.445
2022-06-27 00:00:00+00:00,101.274,99.34,114.71626,52.645004,4.4954276,0.5945945945945946,-10.0,63226.16280821961,0.0,63216.16280821961,0,,65363.945
2022-06-28 00:00:00+00:00,99.34,94.688,114.56277,50.9171,4.593428,0.48760330578512395,-10.0,60265.345764920785,0.0,60255.345764920785,0,,62303.02
2022-06-29 00:00:00+00:00,94.722,95.558,114.38823,43.01563,4.6504283,0.48760330578512395,-10.0,60819.06713619374,0.0,60809.06713619374,0,,62875.46
2022-06-30 00:00:00+00:00,94.548,95.104,114.22694,44.23197,4.7522855,0.48760330578512395,-10.0,60530.11050349461,0.0,60520.11050349461,0,,62576.734
2022-07-01 00:00:00+00:00,94.986,96.872,114.05704,46.347008,4.8157144,0.48760330578512395,-10.0,61655.37808216534,0.0,61645.37808216534,0,,63740.047
2022-07-05 00:00:00+00:00,96.042,99.186,113.88925,52.566982,4.7148566,0.48760330578512395,-10.0,63128.14980544819,0.0,63118.14980544819,0,,65262.617
2022-07-06 00:00:00+00:00,100.074,98.662,113.72883,64.09151,4.5625715,0.5945945945945946,-10.0,62794.64767364597,0.0,62784.64767364597,0,,64917.84
2022-07-07 00:00:00+00:00,98.034,99.41,113.57111,62.42707,4.632571,0.48760330578512395,-10.0,63270.72356165368,0.0,63260.72356165368,0,,65410.01
2022-07-08 00:00:00+00:00,97.856,98.83,113.41943,58.739883,4.3615713,0.48760330578512395,-10.0,62901.57303950769,0.0,62891.57303950769,0,,65028.383
2022-07-11 00:00:00+00:00,97.794,98.08,113.25938,73.10949,3.9588568,0.48760330578512395,-10.0,62424.22534500241,0.0,62414.22534500241,0,,64534.895
2022-07-12 00:00:00+00:00,92.25,85.588,113.08713,67.791435,3.8441424,0.48760330578512395,-10.0,54473.53454876039,0.0,54463.53454876039,0,,56315.375
2022-07-13 00:00:00+00:00,83.202,84.554,112.85085,42.490517,4.5278573,0.5945945945945946,-10.0,53815.435058530034,0.0,53805.435058530034,0,,55635.023
2022-07-14 00:00:00+00:00,83.3,84.194,112.60731,40.23726,4.603286,0.5945945945945946,-10.0,53586.30941923053,0.0,53576.30941923053,0,,55398.15
2022-07-15 00:00:00+00:00,86.27,87.124,112.37872,29.657164,4.529429,0.5945945945945946,-10.0,55451.14135989782,0.0,55441.14135989782,0,,57326.035
2022-07-18 00:00:00+00:00,87.518,85.348,112.20182,27.880075,4.514286,0.5945945945945946,-10.0,54320.784875607234,0.0,54310.784875607234,0,,56157.46
2022-07-19 00:00:00+00:00,86.444,87.188,112.010544,27.614231,4.457143,0.48760330578512395,-10.0,55491.88020202715,0.0,55481.88020202715,0,,57368.156
2022-07-20 00:00:00+00:00,88.58,91.37,111.82421,36.814346,4.277286,0.48760330578512395,-10.0,58153.5642265814,0.0,58143.5642265814,0,,60119.832
2022-07-21 00:00:00+00:00,89.88,92.058,111.64826,43.405148,4.3685713,0.5945945945945946,-10.0,58591.445187380596,0.0,58581.445187380596,0,,60572.52
2022-07-22 00:00:00+00:00,92.122,89.354,111.49058,45.238544,4.3762856,0.48760330578512395,-10.0,56870.44972307531,0.0,56860.44972307531,0,,58793.336
2022-07-25 00:00:00+00:00,89.086,88.0,111.30393,38.582092,4.457429,0.48760330578512395,-10.0,56008.68215137581,0.0,55998.68215137581,0,,57902.43
2022-07-26 00:00:00+00:00,88.72,84.564,111.11457,32.5011,4.266286,0.48760330578512395,-10.0,53821.80111921003,0.0,53811.80111921003,0,,55641.61
2022-07-27 00:00:00+00:00,86.41,89.72,110.89947,29.787235,4.3701434,0.48760330578512395,-10.0,57103.39698484565,0.0,57093.39698484565,0,,59034.16
2022-07-28 00:00:00+00:00,86.246,87.3,110.73049,37.666103,4.5925713,0.5945945945945946,-10.0,55563.16015230095,0.0,55553.16015230095,0,,57441.844
2022-07-29 00:00:00+00:00,85.846,89.332,110.55114,35.98074,4.7542853,0.489000715613464,-10.0,56856.453303247734,0.0,56846.453303247734,0,,58778.867
2022-08-01 00:00:00+00:00,87.798,90.754,110.36867,39.684933,4.8599997,0.48760330578512395,-10.0,57761.50203910903,0.0,57751.50203910903,0,,59714.52
2022-08-02 00:00:00+00:00,88.932,90.888,110.18303,58.243446,4.2065706,0.48760330578512395,-10.0,57846.788413708535,0.0,57836.788413708535,0,,59802.69
2022-08-03 00:00:00+00:00,92.15,94.29,109.98444,60.406128,4.146142,0.48760330578512395,-10.0,60012.030959409654,0.0,60002.030959409654,0,,62041.145
2022-08-04 00:00:00+00:00,93.558,98.6,109.79271,65.07947,4.082428,0.48760330578512395,-10.0,62755.17895096784,0.0,62745.17895096784,0,,64877.043
2022-08-05 00:00:00+00:00,95.616,98.97,109.61949,66.46202,4.254714,0.48760330578512395,-10.0,62990.67335936045,0.0,62980.67335936045,0,,65120.5
2022-08-08 00:00:00+00:00,99.02,98.99,109.43409,70.36174,4.419571,0.48760330578512395,-10.0,63003.401238806495,0.0,62993.401238806495,0,,65133.656
2022-08-09 00:00:00+00:00,98.456,97.492,109.24793,68.65634,4.345856,0.48760330578512395,-10.0,62049.98056815906,0.0,62039.98056815906,0,,64148.0
2022-08-10 00:00:00+00:00,100.392,103.24,109.04905,60.57486,4.2305713,0.48760330578512395,-10.0,65708.36363235525,0.0,65698.36363235525,0,,67930.086
2022-08-11 00:00:00+00:00,104.0,99.89,108.8786,66.44122,4.349714,0.48760330578512395,-10.0,63576.215977778535,0.0,63566.215977778535,0,,65725.84
2022-08-12 00:00:00+00:00,100.888,101.302,108.6892,65.2026,4.3799996,0.48760330578512395,-10.0,64474.90388144658,0.0,64464.90388144658,0,,66654.914
2022-08-15 00:00:00+00:00,100.4,100.814,108.519,69.16163,4.45,0.48760330578512395,-10.0,64164.31231895502,0.0,64154.31231895502,0,,66333.82
2022-08-16 00:00:00+00:00,99.8,99.348,108.35831,75.58089,4.258857,0.5945945945945946,-10.0,63231.255063678385,0.0,63221.255063678385,0,,65369.22
2022-08-17 00:00:00+00:00,97.8,97.752,108.16735,67.14876,4.0475717,0.5945945945945946,-10.0,62215.45993251522,0.0,62205.45993251522,0,,64319.08
2022-08-18 00:00:00+00:00,97.272,97.92,107.95835,69.17938,3.8525712,0.48760330578512395,-10.0,62322.385930946315,0.0,62312.385930946315,0,,64429.617
2022-08-19 00:00:00+00:00,96.834,95.252,107.76597,66.91616,3.6797147,0.48760330578512395,-10.0,60624.305728229854,0.0,60614.305728229854,0,,62674.12
2022-08-22 00:00:00+00:00,93.314,91.942,107.55564,58.445362,3.628429,0.48760330578512395,-10.0,58517.61564271757,0.0,58507.61564271757,0,,60496.203
2022-08-23 00:00:00+00:00,91.998,91.998,107.32768,51.7681,3.652286,0.5945945945945946,-10.0,58553.25522658162,0.0,58543.25522658162,0,,60533.047
2022-08-24 00:00:00+00:00,92.058,91.504,107.08594,45.668934,3.498286,0.48760330578512395,-10.0,58238.84047444947,0.0,58228.84047444947,0,,60208.0
2022-08-25 00:00:00+00:00,91.28,93.206,106.85145,34.33139,3.1612859,0.48760330578512395,-10.0,59322.10297975057,0.0,59312.10297975057,0,,61327.89
2022-08-26 00:00:00+00:00,93.458,88.938,106.6252,37.97965,2.947286,0.48760330578512395,-10.0,56605.68278668746,0.0,56595.68278668746,0,,58519.625
2022-08-29 00:00:00+00:00,88.0,87.156,106.378624,32.192474,3.109286,0.5945945945945946,-10.0,55471.50197215157,0.0,55461.50197215157,0,,57347.098
2022-08-30 00:00:00+00:00,88.5,87.368,106.14349,31.871765,3.0777147,0.48760330578512395,-10.0,55606.4278771694,0.0,55596.4278771694,0,,57486.586
2022-08-31 00:00:00+00:00,88.0,86.924,105.90108,15.453604,2.869286,0.5945945945945946,-10.0,55323.84201543838,0.0,55313.84201543838,0,,57194.45
2022-09-01 00:00:00+00:00,85.962,86.112,105.6443,17.691631,2.6978574,0.5945945945945946,-10.0,54807.0322455773,0.0,54797.0322455773,0,,56660.164
2022-09-02 00:00:00+00:00,87.674,86.902,105.39229,10.9832535,2.739715,0.48760330578512395,-10.0,55309.837906248904,0.0,55299.837906248904,0,,57179.973
2022-09-06 00:00:00+00:00,86.022,86.094,105.13425,14.81182,2.803858,0.48760330578512395,-10.0,54795.5787511642,0.0,54785.5787511642,0,,56648.32
2022-09-07 00:00:00+00:00,86.198,88.832,104.87979,15.321828,2.816572,0.48760330578512395,-10.0,56538.210533228405,0.0,56528.210533228405,0,,58449.875
2022-09-08 00:00:00+00:00,87.808,90.154,104.64811,27.977488,2.8870006,0.48484848484848486,-10.0,57379.6104013302,0.0,57369.6104013302,0,,59319.727
2022-09-09 00:00:00+00:00,91.616,94.006,104.42291,31.860228,2.9574292,0.48760330578512395,-10.0,59831.26180528595,0.0,59821.26180528595,0,,61854.273
2022-09-12 00:00:00+00:00,95.04,95.258,104.23656,47.242138,3.027001,0.48760330578512395,-10.0,60628.11964661933,0.0,60618.11964661933,0,,62678.074
2022-09-13 00:00:00+00:00,90.0,90.476,104.07594,58.075203,2.9261441,0.49101796407185627,-10.0,57584.55278203979,0.0,57574.55278203979,0,,59531.598
2022-09-14 00:00:00+00:00,90.874,91.498,103.87901,46.987087,3.2004302,0.49101796407185627,-10.0,58235.0161108084,0.0,58225.0161108084,0,,60204.055
2022-09-15 00:00:00+00:00,88.984,87.11,103.68695,49.988373,3.2590015,0.49101796407185627,-10.0,55442.21843522197,0.0,55432.21843522197,0,,57316.83
2022-09-16 00:00:00+00:00,86.294,85.16,103.44968,39.294746,3.4100015,0.49101796407185627,-10.0,54201.11787307611,0.0,54191.11787307611,0,,56033.766
2022-09-19 00:00:00+00:00,84.56,85.01,103.22778,42.777397,3.2901442,0.49101796407185627,-10.0,54105.64604775151,0.0,54095.64604775151,0,,55935.062
2022-09-20 00:00:00+00:00,84.3,82.24,103.05326,45.624348,3.2271445,0.49101796407185627,-10.0,52342.644477121394,0.0,52332.644477121394,0,,54112.453
2022-09-21 00:00:00+00:00,83.038,80.286,102.84109,40.531765,3.2195728,0.49101796407185627,-10.0,51099.000878319624,0.0,51089.000878319624,0,,52826.758
2022-09-22 00:00:00+00:00,79.974,77.394,102.62941,38.39105,3.2965732,0.49101796407185627,-10.0,49258.34883606178,0.0,49248.34883606178,0,,50923.867
2022-09-23 00:00:00+00:00,76.586,75.408,102.39984,35.78742,3.2940013,0.49101796407185627,-10.0,47994.333692992004,0.0,47984.333692992004,0,,49617.113
2022-09-26 00:00:00+00:00,75.296,74.02,102.11349,31.965105,3.23743,0.49101796407185627,-10.0,47110.92263229716,0.0,47100.92263229716,0,,48703.832
2022-09-27 00:00:00+00:00,75.352,75.79,101.81778,31.393702,3.258716,0.49101796407185627,-10.0,48237.46487906568,0.0,48227.46487906568,0,,49868.465
2022-09-28 00:00:00+00:00,75.688,77.77,101.55458,29.283958,3.1588593,0.49101796407185627,-10.0,49497.65494018753,0.0,49487.65494018753,0,,51171.266
2022-09-29 00:00:00+00:00,76.576,77.1,101.29643,30.731895,3.1417165,0.49101796407185627,-10.0,49071.22590394309,0.0,49061.22590394309,0,,50730.418
2022-09-30 00:00:00+00:00,77.0,75.522,101.02599,20.805437,2.9982877,0.49101796407185627,-10.0,48066.891791703114,0.0,48056.891791703114,0,,49692.125
2022-10-03 00:00:00+00:00,76.016,78.342,100.77891,16.297821,3.0764308,0.49101796407185627,-10.0,49861.71742304728,0.0,49851.71742304728,0,,51547.637
2022-10-04 00:00:00+00:00,80.426,82.31,100.52358,27.79121,2.967859,0.49101796407185627,-10.0,52387.195607116,0.0,52377.195607116,0,,54158.508
2022-10-05 00:00:00+00:00,80.55,84.116,100.32615,34.82024,3.1048589,0.49101796407185627,-10.0,53536.645247515764,0.0,53526.645247515764,0,,55346.824
2022-10-06 00:00:00+00:00,84.424,83.686,100.1311,44.592148,3.1068594,0.49101796407185627,-10.0,53262.96632607533,0.0,53252.96632607533,0,,55063.89
2022-10-07 00:00:00+00:00,82.0,80.242,99.94416,47.182922,3.1412883,0.49101796407185627,-10.0,51070.99029674247,0.0,51060.99029674247,0,,52797.8
2022-10-10 00:00:00+00:00,80.278,76.356,99.71405,41.906563,3.3100019,0.49101796407185627,-10.0,48597.703120243015,0.0,48587.703120243015,0,,50240.883
2022-10-11 00:00:00+00:00,76.33,74.26,99.4519,40.37682,3.4674306,0.49101796407185627,-10.0,47263.67757078953,0.0,47253.67757078953,0,,48861.75
2022-10-12 00:00:00+00:00,74.498,73.826,99.17463,40.190136,3.4295735,0.49101796407185627,-10.0,46987.44906083599,0.0,46977.44906083599,0,,48576.184
2022-10-13 00:00:00+00:00,69.55,72.38,98.88048,43.686295,3.3240018,0.49101796407185627,-10.0,46067.1264244115,0.0,46057.1264244115,0,,47624.742
2022-10-14 00:00:00+00:00,73.204,68.352,98.58838,44.53745,3.5977156,0.49101796407185627,-10.0,43503.45808242188,0.0,43493.45808242188,0,,44974.39
2022-10-17 00:00:00+00:00,70.286,69.722,98.27556,40.664116,3.7555728,0.49101796407185627,-10.0,44375.41412425219,0.0,44365.41412425219,0,,45875.824
2022-10-18 00:00:00+00:00,72.468,71.358,97.96963,39.871807,3.8687155,0.49101796407185627,-10.0,45416.669004032155,0.0,45406.669004032155,0,,46952.285
2022-10-19 00:00:00+00:00,70.142,71.088,97.67731,39.173313,3.9385724,0.49101796407185627,-10.0,45244.82040997972,0.0,45234.82040997972,0,,46774.625
2022-10-20 00:00:00+00:00,71.226,71.252,97.40261,39.709705,3.913287,0.49101796407185627,-10.0,45349.20280684394,0.0,45339.20280684394,0,,46882.54
2022-10-21 00:00:00+00:00,70.662,72.134,97.15493,42.319584,3.863715,0.49101796407185627,-10.0,45910.56664926722,0.0,45900.56664926722,0,,47462.883
2022-10-24 00:00:00+00:00,73.6,73.312,96.94284,37.99691,3.7931437,0.49101796407185627,-10.0,46660.313739112134,0.0,46650.313739112134,0,,48237.98
2022-10-25 00:00:00+00:00,73.716,75.332,96.73536,30.498487,3.646001,0.49101796407185627,-10.0,47945.97141633384,0.0,47935.97141633384,0,,49567.11
2022-10-26 00:00:00+00:00,70.76,73.282,96.54563,31.13728,3.4854295,0.49101796407185627,-10.0,46641.22163711379,0.0,46631.22163711379,0,,48218.242
2022-10-27 00:00:00+00:00,85.392,83.134,96.34004,29.111803,3.695858,0.49101796407185627,-10.0,52911.64823884475,0.0,52901.64823884475,0,,54700.68
2022-10-28 00:00:00+00:00,83.246,84.08,96.17727,54.618046,4.292287,0.5094713805762652,-10.0,53513.74268577649,0.0,53503.74268577649,0,,55323.133
2022-10-31 00:00:00+00:00,83.6,84.148,96.02428,63.612,4.1867156,0.49101796407185627,-10.0,53557.02009609061,0.0,53547.02009609061,0,,55367.875
2022-11-01 00:00:00+00:00,85.416,83.712,95.92376,68.76707,4.164144,0.49101796407185627,-10.0,53279.51805064081,0.0,53269.51805064081,0,,55080.992
2022-11-02 00:00:00+00:00,83.866,78.536,95.8113,68.76185,4.2108583,0.49101796407185627,-10.0,49985.19230500647,0.0,49975.19230500647,0,,51675.277
2022-11-03 00:00:00+00:00,78.124,77.112,95.68164,60.234077,4.1374297,0.49101796407185627,-10.0,49078.868188444605,0.0,49068.868188444605,0,,50738.305
2022-11-04 00:00:00+00:00,77.702,72.35,95.54591,65.9435,3.9204297,0.49101796407185627,-10.0,46048.03478625624,0.0,46038.03478625624,0,,47604.996
2022-11-07 00:00:00+00:00,73.0,72.64,95.39266,54.25738,4.1865726,0.8380122568487239,-10.0,46232.608808746394,0.0,46222.608808746394,0,,47795.812
2022-11-08 00:00:00+00:00,73.0,74.228,95.24812,52.17155,4.114715,0.49101796407185627,-10.0,47243.30891136079,0.0,47233.30891136079,0,,48840.684
2022-11-09 00:00:00+00:00,73.0,72.254,95.09342,55.09145,4.2125716,0.49101796407185627,-10.0,45986.932412800306,0.0,45976.932412800306,0,,47541.83
2022-11-10 00:00:00+00:00,78.652,80.812,94.95961,51.53464,4.1341434,0.49101796407185627,-10.0,51433.77417547603,0.0,51423.77417547603,0,,53172.836
2022-11-11 00:00:00+00:00,81.398,81.982,94.87925,60.760864,4.6331434,0.49101796407185627,-10.0,52178.43685459821,0.0,52168.43685459821,0,,53942.676
2022-11-14 00:00:00+00:00,80.302,80.08,94.76047,60.75309,4.7581434,0.49101796407185627,-10.0,50967.8859581265,0.0,50957.8859581265,0,,52691.19
2022-11-15 00:00:00+00:00,82.842,83.896,94.59979,55.90606,4.846572,0.49101796407185627,-10.0,53396.62620075598,0.0,53386.62620075598,0,,55202.05
2022-11-16 00:00:00+00:00,83.08,82.44,94.43349,62.64716,4.752429,0.49101796407185627,-10.0,52469.935976086446,0.0,52459.935976086446,0,,54244.027
2022-11-17 00:00:00+00:00,80.57,80.116,94.25915,48.966217,4.078715,0.49101796407185627,-10.0,50990.7950924241,0.0,50980.7950924241,0,,52714.87
2022-11-18 00:00:00+00:00,81.582,79.876,94.07858,44.328064,4.031286,0.49101796407185627,-10.0,50838.04654464627,0.0,50828.04654464627,0,,52556.957
2022-11-21 00:00:00+00:00,78.84,77.476,93.91711,43.9173,4.0655713,0.49101796407185627,-10.0,49310.53699913746,0.0,49300.53699913746,0,,50977.8
2022-11-22 00:00:00+00:00,77.898,80.056,93.72697,41.591156,4.1118574,0.49101796407185627,-10.0,50952.60935113687,0.0,50942.60935113687,0,,52675.395
2022-11-23 00:00:00+00:00,79.968,81.874,93.55405,52.203915,3.981715,0.49101796407185627,-10.0,52109.698843955324,0.0,52099.698843955324,0,,53871.61
2022-11-25 00:00:00+00:00,81.336,81.442,93.37215,56.826653,4.0258584,0.49101796407185627,-10.0,51834.74816854151,0.0,51824.74816854151,0,,53587.36
2022-11-28 00:00:00+00:00,80.788,80.386,93.16539,64.8815,3.5955722,0.49101796407185627,-10.0,51162.64455808027,0.0,51152.64455808027,0,,52892.53
2022-11-29 00:00:00+00:00,80.174,79.37,92.95686,62.36827,3.537001,0.49101796407185627,-10.0,50516.00060412466,0.0,50506.00060412466,0,,52224.027
2022-11-30 00:00:00+00:00,78.822,83.26,92.76999,58.36316,3.4127154,0.49101796407185627,-10.0,52991.83990813984,0.0,52981.83990813984,0,,54783.58
2022-12-01 00:00:00+00:00,83.232,85.12,92.60671,66.85039,3.6172872,0.5162665721507574,-10.0,54175.66180170615,0.0,54165.66180170615,0,,56007.43
2022-12-02 00:00:00+00:00,83.446,82.574,92.44065,58.29739,3.151858,0.49101796407185627,-10.0,52555.22426276452,0.0,52545.22426276452,0,,54332.2
2022-12-05 00:00:00+00:00,81.2,78.452,92.26263,51.082813,3.0871441,0.49101796407185627,-10.0,49931.73206896927,0.0,49921.73206896927,0,,51620.0
2022-12-06 00:00:00+00:00,78.448,77.83,92.08914,47.24591,3.2158585,0.49101796407185627,-10.0,49535.851774847884,0.0,49525.851774847884,0,,51210.74
2022-12-07 00:00:00+00:00,77.854,77.704,91.92228,38.494804,3.048287,0.49101796407185627,-10.0,49455.65710667072,0.0,49445.65710667072,0,,51127.83
2022-12-08 00:00:00+00:00,78.418,79.246,91.76065,40.54011,3.0010011,0.49101796407185627,-10.0,50437.081477345004,0.0,50427.081477345004,0,,52142.438
2022-12-09 00:00:00+00:00,78.814,78.716,91.63218,48.206196,2.9791439,0.49101796407185627,-10.0,50099.75833837803,0.0,50089.75833837803,0,,51793.707
2022-12-12 00:00:00+00:00,79.112,80.328,91.45181,47.63652,2.9005725,0.49101796407185627,-10.0,51125.73753366684,0.0,51115.73753366684,0,,52854.375
2022-12-13 00:00:00+00:00,84.886,83.234,91.273224,56.003716,2.8520012,0.49101796407185627,-10.0,52975.297057823525,0.0,52965.297057823525,0,,54766.473
2022-12-14 00:00:00+00:00,83.302,83.678,91.10947,56.59939,3.0327148,0.49101796407185627,-10.0,53257.88727931718,0.0,53247.88727931718,0,,55058.617
2022-12-15 00:00:00+00:00,81.65,80.128,90.95679,53.97287,3.087429,0.49101796407185627,-10.0,50998.444866627826,0.0,50988.444866627826,0,,52722.777
2022-12-16 00:00:00+00:00,79.966,78.874,90.77037,47.45565,3.2738576,0.49101796407185627,-10.0,50200.32355251519,0.0,50190.32355251519,0,,51897.67
2022-12-19 00:00:00+00:00,78.86,76.46,90.60243,47.09454,3.3094292,0.49101796407185627,-10.0,48663.902841370655,0.0,48653.902841370655,0,,50309.305
2022-12-20 00:00:00+00:00,75.3,77.294,90.43766,44.69326,3.4450002,0.49101796407185627,-10.0,49194.71166090131,0.0,49184.71166090131,0,,50858.062
2022-12-21 00:00:00+00:00,77.426,78.382,90.30451,37.755512,3.2777143,0.49101796407185627,-10.0,49887.18788018814,0.0,49877.18788018814,0,,51573.953
2022-12-22 00:00:00+00:00,76.794,75.988,90.17822,35.71853,3.242143,0.49101796407185627,-10.0,48363.49393268638,0.0,48353.49393268638,0,,49998.742
2022-12-23 00:00:00+00:00,75.0,76.372,89.99858,35.950172,3.2762854,0.49101796407185627,-10.0,48607.89982634531,0.0,48597.89982634531,0,,50251.414
2022-12-27 00:00:00+00:00,76.03,76.128,89.84685,44.72081,3.029571,0.49101796407185627,-10.0,48452.60107794201,0.0,48442.60107794201,0,,50090.86
2022-12-28 00:00:00+00:00,76.086,75.21,89.71534,45.595688,2.9789996,0.49101796407185627,-10.0,47868.329782628265,0.0,47858.329782628265,0,,49486.832
2022-12-29 00:00:00+00:00,76.19,77.97,89.59629,43.800335,3.0094283,0.49101796407185627,-10.0,49624.966732638866,0.0,49614.966732638866,0,,51302.863
2022-12-30 00:00:00+00:00,76.76,77.654,89.471924,47.00919,3.055857,0.49101796407185627,-10.0,49423.842825194835,0.0,49413.842825194835,0,,51094.938
2023-01-03 00:00:00+00:00,79.016,77.1,89.31279,47.48555,3.017857,0.49101796407185627,-10.0,49071.24328809445,0.0,49061.24328809445,0,,50730.414
2023-01-04 00:00:00+00:00,78.19,78.77,89.13161,41.954136,3.0824292,0.49101796407185627,-10.0,50134.13665898548,0.0,50124.13665898548,0,,51829.246
2023-01-05 00:00:00+00:00,77.69,73.264,88.94558,38.142796,2.8222868,0.49101796407185627,-10.0,46629.77663816923,0.0,46619.77663816923,0,,48206.402
2023-01-06 00:00:00+00:00,74.318,73.306,88.7421,28.200632,2.9782863,0.48868778280542985,-10.0,46656.50843870788,0.0,46646.50843870788,0,,48234.04
2023-01-09 00:00:00+00:00,74.776,75.712,88.51997,33.261375,2.9681435,0.49101796407185627,-10.0,48187.83558927771,0.0,48177.83558927771,0,,49817.14
2023-01-10 00:00:00+00:00,74.874,76.168,88.33057,42.656757,3.171572,0.49101796407185627,-10.0,48478.06181244573,0.0,48468.06181244573,0,,50117.184
2023-01-11 00:00:00+00:00,76.964,78.756,88.13032,49.254036,3.0632863,0.49101796407185627,-10.0,50125.225571919356,0.0,50115.225571919356,0,,51820.04
2023-01-12 00:00:00+00:00,81.966,82.652,87.96223,53.427734,3.0708575,0.49101796407185627,-10.0,52604.887988211725,0.0,52594.887988211725,0,,54383.547
2023-01-13 00:00:00+00:00,81.734,82.978,87.79273,58.84643,3.2544293,0.49101796407185627,-10.0,52812.3700071567,0.0,52802.3700071567,0,,54598.04
2023-01-17 00:00:00+00:00,83.0,83.648,87.60987,65.838844,3.1262867,0.49101796407185627,-10.0,53238.8046516251,0.0,53228.8046516251,0,,55038.895
2023-01-18 00:00:00+00:00,84.158,83.24,87.45412,66.27595,3.1411443,0.49101796407185627,-10.0,52979.125626150526,0.0,52969.125626150526,0,,54770.438
2023-01-19 00:00:00+00:00,83.204,85.686,87.31343,65.793205,3.2431445,0.49101796407185627,-10.0,54535.90936292722,0.0,54525.90936292722,0,,56379.855
2023-01-20 00:00:00+00:00,85.84,88.366,87.19317,71.78505,3.3301442,0.49101796407185627,-10.0,56241.62579878299,0.0,56231.62579878299,0,,58143.25
2023-01-23 00:00:00+00:00,88.2,88.488,87.06018,71.69086,3.312144,0.49101796407185627,-10.0,56319.27759870039,0.0,56309.27759870039,0,,58223.523
2023-01-24 00:00:00+00:00,88.0,88.682,86.9494,72.78922,3.4041438,0.49101796407185627,-10.0,56442.750746368954,0.0,56432.750746368954,0,,58351.17
2023-01-25 00:00:00+00:00,85.748,89.754,86.86486,74.73729,3.2750003,0.49101796407185627,-10.0,57125.034125349506,0.0,57115.034125349506,0,,59056.523
2023-01-26 00:00:00+00:00,92.372,92.614,86.78385,74.07504,3.4134288,0.49101796407185627,-10.0,58945.31656932283,0.0,58935.31656932283,0,,60938.355
2023-01-27 00:00:00+00:00,91.496,91.772,86.73132,97.97677,3.477286,0.49101796407185627,-10.0,58409.418945366495,0.0,58399.418945366495,0,,60384.336
2023-01-30 00:00:00+00:00,90.398,88.514,86.67876,94.037964,3.4417148,0.49101796407185627,-10.0,56335.822491185376,0.0,56325.822491185376,0,,58240.63
2023-01-31 00:00:00+00:00,88.904,91.026,86.61112,79.33816,3.331429,0.49101796407185627,-10.0,57934.61503426124,0.0,57924.61503426124,0,,59893.48
2023-02-01 00:00:00+00:00,91.238,94.762,86.54018,81.11752,3.384001,0.49101796407185627,-10.0,60312.43484455884,0.0,60302.43484455884,0,,62351.7
2023-02-02 00:00:00+00:00,96.96,98.254,86.50666,81.98385,3.5435727,0.49101796407185627,-10.0,62534.9609757143,0.0,62524.9609757143,0,,64649.37
2023-02-03 00:00:00+00:00,95.626,94.444,86.5004,81.68819,3.4542868,0.49101796407185627,-10.0,60110.04318470711,0.0,60100.04318470711,0,,62142.46
2023-02-06 00:00:00+00:00,91.102,91.044,86.45822,70.40069,3.6411438,0.49101796407185627,-10.0,57946.070078988676,0.0,57936.070078988676,0,,59905.324
2023-02-07 00:00:00+00:00,90.966,92.652,86.40822,61.994026,3.7554288,0.49101796407185627,-10.0,58969.502554408056,0.0,58959.502554408056,0,,60963.36
2023-02-08 00:00:00+00:00,92.918,92.796,86.37981,64.69157,3.7392862,0.49101796407185627,-10.0,59061.14891633149,0.0,59051.14891633149,0,,61058.1
2023-02-09 00:00:00+00:00,94.05,92.66,86.37239,61.957623,3.6290004,0.49101796407185627,-10.0,58974.59483796677,0.0,58964.59483796677,0,,60968.625
2023-02-10 00:00:00+00:00,91.722,91.672,86.36342,57.89746,3.608429,0.49101796407185627,-10.0,58345.764390462326,0.0,58335.764390462326,0,,60318.53
2023-02-13 00:00:00+00:00,91.856,92.208,86.36578,55.67517,3.536001,0.49101796407185627,-10.0,58686.91074654708,0.0,58676.91074654708,0,,60671.215
2023-02-14 00:00:00+00:00,91.328,92.27,86.36053,56.20906,3.5762868,0.49101796407185627,-10.0,58726.36832718627,0.0,58716.36832718627,0,,60712.008
2023-02-15 00:00:00+00:00,91.796,92.782,86.31786,54.59392,3.460144,0.49101796407185627,-10.0,59052.23824420872,0.0,59042.23824420872,0,,61048.9
2023-02-16 00:00:00+00:00,90.0,90.738,86.30367,50.335514,3.1017156,0.49101796407185627,-10.0,57751.31063714849,0.0,57741.31063714849,0,,59703.984
2023-02-17 00:00:00+00:00,90.0,87.802,86.27286,48.029568,3.0898585,0.49101796407185627,-10.0,55882.65966490964,0.0,55872.65966490964,0,,57772.15
2023-02-21 00:00:00+00:00,86.364,86.372,86.23001,48.626335,3.0978584,0.49101796407185627,-10.0,54972.51716330877,0.0,54962.51716330877,0,,56831.234
2023-02-22 00:00:00+00:00,87.53,87.968,86.16241,40.62978,3.0604298,0.49101796407185627,-10.0,55988.31441690948,0.0,55978.31441690948,0,,57881.38
2023-02-23 00:00:00+00:00,88.082,88.342,86.13292,35.031284,2.931287,0.49101796407185627,-10.0,56226.35429595486,0.0,56216.35429595486,0,,58127.465
2023-02-24 00:00:00+00:00,86.464,85.118,86.11789,24.683294,2.7625728,0.49101796407185627,-10.0,54174.39527274036,0.0,54164.39527274036,0,,56006.125
2023-02-27 00:00:00+00:00,86.248,85.714,86.11761,25.444967,2.6994302,0.49101796407185627,-10.0,54553.72417392813,0.0,54543.72417392813,0,,56398.28
2023-02-28 00:00:00+00:00,85.132,86.434,86.11386,33.535152,2.5934308,0.49101796407185627,-10.0,55011.97996248278,0.0,55001.97996248278,0,,56872.035
2023-03-01 00:00:00+00:00,86.388,85.788,86.12567,29.67708,2.4910016,0.49101796407185627,-10.0,54600.826694892035,0.0,54590.826694892035,0,,56446.977
2023-03-02 00:00:00+00:00,85.742,87.208,86.12167,27.822803,2.4642873,0.49101796407185627,-10.0,55504.60405440617,0.0,55494.60405440617,0,,57381.31
2023-03-03 00:00:00+00:00,87.964,88.796,86.10506,34.043545,2.4281442,0.49101796407185627,-10.0,56515.3061606334,0.0,56505.3061606334,0,,58426.184
2023-03-06 00:00:00+00:00,89.1,89.204,86.11611,41.868355,2.4340007,0.49101796407185627,-10.0,56774.98285081316,0.0,56764.98285081316,0,,58694.64
2023-03-07 00:00:00+00:00,89.12,88.962,86.12928,41.444527,2.421572,0.49101796407185627,-10.0,56620.95769285759,0.0,56610.95769285759,0,,58535.402
2023-03-08 00:00:00+00:00,88.866,89.394,86.16184,40.674343,2.3772862,0.49101796407185627,-10.0,56895.90852041069,0.0,56885.90852041069,0,,58819.652
2023-03-09 00:00:00+00:00,88.846,85.7,86.18205,40.40553,2.3921428,0.49101796407185627,-10.0,54544.81549883725,0.0,54534.81549883725,0,,56389.066
2023-03-10 00:00:00+00:00,85.6,83.016,86.17752,36.952244,2.507286,0.49101796407185627,-10.0,52836.55122149362,0.0,52826.55122149362,0,,54623.043
2023-03-13 00:00:00+00:00,82.59,82.986,86.16248,37.440956,2.5161433,0.49101796407185627,-10.0,52817.45699214973,0.0,52807.45699214973,0,,54603.3
2023-03-14 00:00:00+00:00,84.56,84.908,86.15776,40.410103,2.6604288,0.49101796407185627,-10.0,54040.73346594167,0.0,54030.73346594167,0,,55867.938
2023-03-15 00:00:00+00:00,83.744,84.452,86.13001,41.490532,2.601,0.49101796407185627,-10.0,53750.51105204327,0.0,53740.51105204327,0,,55567.902
2023-03-16 00:00:00+00:00,84.568,88.478,86.0974,39.231537,2.611571,0.49101796407185627,-10.0,56312.90079778215,0.0,56302.90079778215,0,,58216.934
2023-03-17 00:00:00+00:00,88.73,88.2,86.0635,58.90586,2.6608565,0.49101796407185627,-10.0,56135.96570600922,0.0,56125.96570600922,0,,58034.016
2023-03-20 00:00:00+00:00,87.608,87.03,86.03703,56.70226,2.6181424,0.49101796407185627,-10.0,55391.304622328775,0.0,55381.304622328775,0,,57264.176
2023-03-21 00:00:00+00:00,87.22,89.092,85.99705,51.568756,2.7122853,0.49101796407185627,-10.0,56703.695495319516,0.0,56693.695495319516,0,,58620.938
2023-03-22 00:00:00+00:00,89.436,86.702,85.93771,58.093285,2.7599995,0.49101796407185627,-10.0,55182.55065651653,0.0,55172.55065651653,0,,57048.363
2023-03-23 00:00:00+00:00,88.094,88.094,85.87874,48.81677,2.8235707,0.49101796407185627,-10.0,56068.505840006925,0.0,56058.505840006925,0,,57964.273
2023-03-24 00:00:00+00:00,87.766,86.58,85.82667,48.343254,2.9538562,0.49101796407185627,-10.0,55104.903255413374,0.0,55094.903255413374,0,,56968.09
2023-03-27 00:00:00+00:00,86.7,86.262,85.75314,44.114475,2.9888568,0.49101796407185627,-10.0,54902.50857661197,0.0,54892.50857661197,0,,56758.85
2023-03-28 00:00:00+00:00,85.804,85.816,85.67903,43.964596,2.9435709,0.49101796407185627,-10.0,54618.64692152801,0.0,54608.64692152801,0,,56465.39
2023-03-29 00:00:00+00:00,86.71,87.688,85.61589,42.006973,2.8847144,0.49101796407185627,-10.0,55810.10397854753,0.0,55800.10397854753,0,,57697.133
2023-03-30 00:00:00+00:00,88.708,87.926,85.58118,54.834652,2.7018564,0.49101796407185627,-10.0,55961.58136876335,0.0,55951.58136876335,0,,57853.73
2023-03-31 00:00:00+00:00,88.62,92.944,85.58044,63.553074,2.4995706,0.49101796407185627,-10.0,59155.34978788691,0.0,59145.34978788691,0,,61155.484
2023-04-03 00:00:00+00:00,92.306,92.898,85.60041,71.55226,2.574142,0.49101796407185627,-10.0,59126.07396111751,0.0,59116.07396111751,0,,61125.223
2023-04-04 00:00:00+00:00,95.088,95.21,85.59895,68.82129,2.5374277,0.49101796407185627,-10.0,60597.57073232633,0.0,60587.57073232633,0,,62646.47
2023-04-05 00:00:00+00:00,95.15,93.466,85.64692,73.30388,2.6531422,0.49101796407185627,-10.0,59487.58431669967,0.0,59477.58431669967,0,,61498.953
2023-04-06 00:00:00+00:00,92.79,94.626,85.67046,61.990406,2.5725708,0.49101796407185627,-10.0,60225.877535695196,0.0,60215.877535695196,0,,62262.207
2023-04-10 00:00:00+00:00,93.23,94.528,85.68832,64.81876,2.6744282,0.49101796407185627,-10.0,60163.50576780577,0.0,60153.50576780577,0,,62197.723
2023-04-11 00:00:00+00:00,93.202,93.964,85.70231,68.190216,2.6972852,0.49101796407185627,-10.0,59804.537554344795,0.0,59794.537554344795,0,,61826.62
2023-04-12 00:00:00+00:00,94.918,94.286,85.6866,62.745914,2.6521428,0.49101796407185627,-10.0,60009.48228904628,0.0,59999.48228904628,0,,62038.492
2023-04-13 00:00:00+00:00,95.064,96.7,85.65394,72.24831,2.595857,0.49101796407185627,-10.0,61545.901268174326,0.0,61535.901268174326,0,,63626.863
2023-04-14 00:00:00+00:00,93.356,92.606,85.64074,73.81823,2.5342853,0.49101796407185627,-10.0,58940.228754988486,0.0,58930.228754988486,0,,60933.09
2023-04-17 00:00:00+00:00,93.002,94.11,85.63033,64.59364,2.754999,0.49101796407185627,-10.0,59897.467296248506,0.0,59887.467296248506,0,,61922.69
2023-04-18 00:00:00+00:00,95.626,95.198,85.62309,67.97363,2.7699988,0.49101796407185627,-10.0,60589.936938218925,0.0,60579.936938218925,0,,62638.58
2023-04-19 00:00:00+00:00,95.0,95.118,85.62356,70.873024,2.8159986,0.49101796407185627,-10.0,60539.01922213945,0.0,60529.01922213945,0,,62585.94
2023-04-20 00:00:00+00:00,94.664,93.538,85.61479,67.96248,2.7484272,0.49101796407185627,-10.0,59533.41399938362,0.0,59523.41399938362,0,,61546.336
2023-04-21 00:00:00+00:00,94.038,94.662,85.58655,62.74066,2.8117125,0.49101796407185627,-10.0,60248.79934078542,0.0,60238.79934078542,0,,62285.91
2023-04-24 00:00:00+00:00,94.8,94.6,85.56655,54.738018,2.5727124,0.49101796407185627,-10.0,60209.33665186517,0.0,60199.33665186517,0,,62245.113
2023-04-25 00:00:00+00:00,93.35,88.456,85.5425,54.68973,2.6137123,0.49101796407185627,-10.0,56298.91313972554,0.0,56288.91313972554,0,,58202.473
2023-04-26 00:00:00+00:00,90.0,90.806,85.49063,34.63463,2.8019977,0.49101796407185627,-10.0,57794.59865553532,0.0,57784.59865553532,0,,59748.73
2023-04-27 00:00:00+00:00,88.046,90.868,85.45426,44.110863,2.7514262,0.49101796407185627,-10.0,57834.05569852747,0.0,57824.05569852747,0,,59789.523
2023-04-28 00:00:00+00:00,90.848,91.884,85.48066,41.254757,2.9625685,0.49101796407185627,-10.0,58480.70499006519,0.0,58470.70499006519,0,,60458.035
2023-05-01 00:00:00+00:00,91.262,90.082,85.51731,44.099274,2.901569,0.49101796407185627,-10.0,57333.797996504334,0.0,57323.797996504334,0,,59272.35
2023-05-02 00:00:00+00:00,90.106,88.736,85.54675,41.79004,2.9095688,0.49101796407185627,-10.0,56477.12035600929,0.0,56467.12035600929,0,,58386.707
2023-05-03 00:00:00+00:00,88.706,87.416,85.55481,38.749683,2.913283,0.49101796407185627,-10.0,55636.98982396097,0.0,55626.98982396097,0,,57518.17
2023-05-04 00:00:00+00:00,87.812,86.102,85.56515,30.307144,2.8604262,0.49101796407185627,-10.0,54800.674858074206,0.0,54790.674858074206,0,,56653.582
2023-05-05 00:00:00+00:00,86.6,86.96,85.55972,34.359356,2.6427128,0.49101796407185627,-10.0,55346.76045567707,0.0,55336.76045567707,0,,57218.133
2023-05-08 00:00:00+00:00,87.38,87.798,85.53767,32.25454,2.649856,0.49101796407185627,-10.0,55880.11729172376,0.0,55870.11729172376,0,,57769.523
2023-05-09 00:00:00+00:00,87.444,88.278,85.51637,31.403297,2.6841419,0.49101796407185627,-10.0,56185.62375229899,0.0,56175.62375229899,0,,58085.36
2023-05-10 00:00:00+00:00,89.836,90.828,85.51099,33.149403,2.7639995,0.49101796407185627,-10.0,57808.60616295813,0.0,57798.60616295813,0,,59763.22
2023-05-11 00:00:00+00:00,90.798,90.514,85.52513,43.628334,2.8841426,0.49101796407185627,-10.0,57608.75435404909,0.0,57598.75435404909,0,,59556.61
2023-05-12 00:00:00+00:00,90.6,91.04,85.55488,39.861168,2.869286,0.49101796407185627,-10.0,57943.53117962625,0.0,57933.53117962625,0,,59902.707
2023-05-15 00:00:00+00:00,90.66,92.628,85.56148,41.491405,2.861715,0.49101796407185627,-10.0,58954.22990648702,0.0,58944.22990648702,0,,60947.582
2023-05-16 00:00:00+00:00,92.58,93.648,85.58812,62.747475,2.5958583,0.49101796407185627,-10.0,59603.42438945509,0.0,59593.42438945509,0,,61618.723
2023-05-17 00:00:00+00:00,95.898,98.584,85.6097,59.45191,2.6531444,0.49101796407185627,-10.0,62745.00345519811,0.0,62735.00345519811,0,,64866.523
2023-05-18 00:00:00+00:00,100.0,102.034,85.64885,69.379135,2.592144,0.7395178806071157,-10.0,64940.799729660066,0.0,64930.799729660066,0,,67136.56
2023-05-19 00:00:00+00:00,102.0,102.06,85.70458,72.71504,2.6951442,0.49101796407185627,-10.0,64957.35115628794,0.0,64947.35115628794,0,,67153.67
2023-05-22 00:00:00+00:00,101.32,102.278,85.74343,79.12086,2.678858,0.49101796407185627,-10.0,65096.099541957934,0.0,65086.099541957934,0,,67297.11
2023-05-23 00:00:00+00:00,101.5,100.028,85.76182,84.83381,2.6690009,0.49101796407185627,-10.0,63664.05811035535,0.0,63654.05811035535,0,,65816.65
2023-05-24 00:00:00+00:00,99.344,100.51,85.76711,80.96031,2.690144,0.49101796407185627,-10.0,63970.83470033747,0.0,63960.83470033747,0,,66133.8
2023-05-25 00:00:00+00:00,104.658,106.356,85.77471,86.8755,2.6695726,0.49101796407185627,-10.0,67691.59623295905,0.0,67681.59623295905,0,,69980.37
2023-05-26 00:00:00+00:00,106.928,107.492,85.81903,89.54493,3.070858,0.49101796407185627,-10.0,68414.61241524782,0.0,68404.61241524782,0,,70727.83
2023-05-30 00:00:00+00:00,109.6,109.824,85.84029,89.67044,3.174572,0.49101796407185627,-10.0,69898.84418340602,0.0,69888.84418340602,0,,72262.24
2023-05-31 00:00:00+00:00,107.866,108.956,85.88996,90.387634,3.293858,0.49101796407185627,-10.0,69346.39752957052,0.0,69336.39752957052,0,,71691.12
2023-06-01 00:00:00+00:00,106.96,108.592,85.92823,86.26761,3.2471433,0.49101796407185627,-10.0,69114.72642066097,0.0,69104.72642066097,0,,71451.61
2023-06-02 00:00:00+00:00,109.2,109.636,85.96712,86.095375,3.3984287,0.49101796407185627,-10.0,69779.19476348655,0.0,69769.19476348655,0,,72138.55
2023-06-05 00:00:00+00:00,109.616,111.342,86.01856,86.37717,3.4318576,0.49101796407185627,-10.0,70865.00278442011,0.0,70855.00278442011,0,,73261.07
2023-06-06 00:00:00+00:00,111.3,111.16,86.08651,86.43977,3.5044289,0.49101796407185627,-10.0,70749.16700830804,0.0,70739.16700830804,0,,73141.32
2023-06-07 00:00:00+00:00,111.11,105.664,86.15271,85.24962,3.3932855,0.49101796407185627,-10.0,67251.16608669747,0.0,67241.16608669747,0,,69525.04
2023-06-08 00:00:00+00:00,105.918,107.068,86.20477,63.937016,3.4487147,0.49101796407185627,-10.0,68144.76091500768,0.0,68134.76091500768,0,,70448.85
2023-06-09 00:00:00+00:00,107.648,106.806,86.2804,60.777607,3.3865716,0.48868778280542985,-10.0,67978.00600409959,0.0,67968.00600409959,0,,70276.46
2023-06-12 00:00:00+00:00,107.804,109.27,86.35444,60.059353,3.4505718,0.48868778280542985,-10.0,69546.24898719492,0.0,69536.24898719492,0,,71897.734
2023-06-13 00:00:00+00:00,111.2,110.944,86.44327,63.531506,3.5055716,0.49101796407185627,-10.0,70611.68529675217,0.0,70601.68529675217,0,,72999.19
2023-06-14 00:00:00+00:00,110.99,113.462,86.53196,71.60729,3.524286,0.49101796407185627,-10.0,72214.29781028998,0.0,72204.29781028998,0,,74655.99
2023-06-15 00:00:00+00:00,112.61,114.874,86.65458,73.72509,3.5507143,0.49101796407185627,-10.0,73112.98557894092,0.0,73102.98557894092,0,,75585.06
2023-06-16 00:00:00+00:00,114.874,113.096,86.79317,68.629166,3.2267146,0.48868778280542985,-10.0,71981.35476902517,0.0,71971.35476902517,0,,74415.17
2023-06-20 00:00:00+00:00,111.66,111.898,86.92181,61.921383,3.1112862,0.49101796407185627,-10.0,71218.8736502575,0.0,71208.8736502575,0,,73626.91
2023-06-21 00:00:00+00:00,111.558,109.36,87.04668,54.635685,3.0408576,0.48868778280542985,-10.0,69603.528815393,0.0,69593.528815393,0,,71956.945
2023-06-22 00:00:00+00:00,108.644,109.974,87.16292,50.840263,3.0227153,0.49101796407185627,-10.0,69994.31915869517,0.0,69984.31915869517,0,,72360.95
2023-06-23 00:00:00+00:00,108.246,108.598,87.27828,52.844784,2.9172864,0.49101796407185627,-10.0,69118.54826232979,0.0,69108.54826232979,0,,71455.57
2023-06-26 00:00:00+00:00,108.266,107.594,87.3908,47.892124,2.9401436,0.49101796407185627,-10.0,68479.54053510465,0.0,68469.54053510465,0,,70794.95
2023-06-27 00:00:00+00:00,108.228,107.992,87.48461,42.16555,2.897286,0.49101796407185627,-10.0,68732.8507556805,0.0,68722.8507556805,0,,71056.83
2023-06-28 00:00:00+00:00,107.786,109.734,87.5738,43.437172,2.9204292,0.49101796407185627,-10.0,69841.57516297855,0.0,69831.57516297855,0,,72203.04
2023-06-29 00:00:00+00:00,109.994,109.616,87.65244,59.984303,2.653286,0.49101796407185627,-10.0,69766.46844091629,0.0,69756.46844091629,0,,72125.39
2023-06-30 00:00:00+00:00,111.158,112.394,87.72423,56.671543,2.549286,0.49101796407185627,-10.0,71534.56427103015,0.0,71524.56427103015,0,,73953.27
2023-07-03 00:00:00+00:00,112.17,112.574,87.83382,62.927998,2.622,0.49101796407185627,-10.0,71649.12384234603,0.0,71639.12384234603,0,,74071.7
2023-07-05 00:00:00+00:00,111.28,113.152,87.9392,58.547188,2.5341432,0.49101796407185627,-10.0,72017.00363992552,0.0,72007.00363992552,0,,74452.02
2023-07-06 00:00:00+00:00,111.4,111.166,88.06941,56.055286,2.5031428,0.49101796407185627,-10.0,70752.98993164174,0.0,70742.98993164174,0,,73145.27
2023-07-07 00:00:00+00:00,111.056,110.596,88.19944,43.514133,2.5510004,0.49101796407185627,-10.0,70390.20471394714,0.0,70380.20471394714,0,,72770.22
2023-07-10 00:00:00+00:00,110.6,113.12,88.32737,37.311665,2.4931433,0.48868778280542985,-10.0,71996.63476301513,0.0,71986.63476301513,0,,74430.97
2023-07-11 00:00:00+00:00,113.442,112.288,88.48177,50.068172,2.5384288,0.49101796407185627,-10.0,71467.09704115163,0.0,71457.09704115163,0,,73883.52
2023-07-12 00:00:00+00:00,114.172,112.268,88.64178,51.131218,2.5318565,0.49101796407185627,-10.0,71454.3645858351,0.0,71444.3645858351,0,,73870.36
2023-07-13 00:00:00+00:00,113.324,115.49,88.81615,59.8777,2.5255704,0.49101796407185627,-10.0,73505.0448007863,0.0,73495.0448007863,0,,75990.38
2023-07-14 00:00:00+00:00,115.4,116.076,89.01656,65.91642,2.6238568,0.49101796407185627,-10.0,73878.01117695987,0.0,73868.01117695987,0,,76375.95
2023-07-17 00:00:00+00:00,116.534,118.476,89.22684,72.60851,2.5309994,0.49101796407185627,-10.0,75405.52298470875,0.0,75395.52298470875,0,,77955.12
2023-07-18 00:00:00+00:00,117.962,119.426,89.44027,80.33899,2.5327144,0.49101796407185627,-10.0,76010.1616921133,0.0,76000.1616921133,0,,78580.195
2023-07-19 00:00:00+00:00,122.18,120.65,89.64855,80.92609,2.6471431,0.49101796407185627,-10.0,76789.19125833924,0.0,76779.19125833924,0,,79385.57
2023-07-20 00:00:00+00:00,119.524,115.776,89.8663,80.3762,2.7235718,0.49101796407185627,-10.0,73687.07511256,0.0,73677.07511256,0,,76178.56
2023-07-21 00:00:00+00:00,118.13,116.404,90.06757,63.55395,3.0008578,0.49101796407185627,-10.0,74086.77304716033,0.0,74076.77304716033,0,,76591.78
2023-07-24 00:00:00+00:00,117.3,115.608,90.25788,59.745308,2.9377148,0.48868778280542985,-10.0,73580.14827631744,0.0,73570.14827631744,0,,76068.02
2023-07-25 00:00:00+00:00,115.8,116.476,90.42437,57.159042,2.9741435,0.48868778280542985,-10.0,74132.59093411466,0.0,74122.59093411466,0,,76639.15
2023-07-26 00:00:00+00:00,114.784,115.454,90.58617,57.737423,2.9531436,0.49101796407185627,-10.0,73482.13078350152,0.0,73472.13078350152,0,,75966.695
2023-07-27 00:00:00+00:00,119.6,111.978,90.74501,60.450386,2.9038577,0.49101796407185627,-10.0,71269.78518499226,0.0,71259.78518499226,0,,73679.54
2023-07-28 00:00:00+00:00,113.508,113.908,90.90369,52.95021,3.381429,0.49101796407185627,-10.0,72498.15681489994,0.0,72488.15681489994,0,,74949.445
2023-07-31 00:00:00+00:00,114.764,116.6,91.09145,51.725937,3.3448575,0.49101796407185627,-10.0,74211.51463188186,0.0,74201.51463188186,0,,76720.734
2023-08-01 00:00:00+00:00,115.648,118.078,91.30315,58.73298,3.3502867,0.49101796407185627,-10.0,75152.2109888164,0.0,75142.2109888164,0,,77693.234
2023-08-02 00:00:00+00:00,115.978,112.634,91.52441,61.110695,3.3884299,0.49101796407185627,-10.0,71687.30729828602,0.0,71677.30729828602,0,,74111.18
2023-08-03 00:00:00+00:00,111.594,112.08,91.72568,44.966167,3.5490015,0.49101796407185627,-10.0,71334.70788022675,0.0,71324.70788022675,0,,73746.66
2023-08-04 00:00:00+00:00,112.88,110.326,91.94432,42.94891,3.5334303,0.49101796407185627,-10.0,70218.35129506978,0.0,70208.35129506978,0,,72592.555
2023-08-07 00:00:00+00:00,111.072,110.978,92.14734,35.283497,3.538573,0.49101796407185627,-10.0,70633.3277447326,0.0,70623.3277447326,0,,73021.56
2023-08-08 00:00:00+00:00,109.398,110.566,92.34544,34.579433,3.3924305,0.49101796407185627,-10.0,70371.10747020952,0.0,70361.10747020952,0,,72750.48
2023-08-09 00:00:00+00:00,110.304,110.066,92.54283,31.030851,3.3340018,0.49101796407185627,-10.0,70052.87493843757,0.0,70042.87493843757,0,,72421.48
2023-08-10 00:00:00+00:00,111.566,111.0,92.7369,37.143116,3.0830019,0.49101796407185627,-10.0,70647.32920899328,0.0,70637.32920899328,0,,73036.03
2023-08-11 00:00:00+00:00,110.154,111.488,92.93123,37.997513,3.1087162,0.49101796407185627,-10.0,70957.92585401802,0.0,70947.92585401802,0,,73357.13
2023-08-14 00:00:00+00:00,110.386,113.242,93.12211,40.722385,3.0714302,0.49101796407185627,-10.0,72074.28178155498,0.0,72064.28178155498,0,,74511.234
2023-08-15 00:00:00+00:00,113.498,111.92,93.31166,42.996967,3.162716,0.49101796407185627,-10.0,71232.87896743769,0.0,71222.87896743769,0,,73641.38
2023-08-16 00:00:00+00:00,111.4,109.9,93.50485,42.445484,3.1860013,0.49101796407185627,-10.0,69947.2263349786,0.0,69937.2263349786,0,,72312.26
2023-08-17 00:00:00+00:00,110.09,108.728,93.63868,45.263073,2.7397156,0.49101796407185627,-10.0,69201.28923229271,0.0,69191.28923229271,0,,71541.1
2023-08-18 00:00:00+00:00,106.792,108.3,93.76192,37.769173,2.7544305,0.49101796407185627,-10.0,68928.8887135064,0.0,68918.8887135064,0,,71259.49
2023-08-21 00:00:00+00:00,108.572,110.94,93.88268,28.056267,2.7114296,0.49101796407185627,-10.0,70609.15100092748,0.0,70599.15100092748,0,,72996.56
2023-08-22 00:00:00+00:00,111.924,112.364,94.01882,32.22077,2.6760004,0.49101796407185627,-10.0,71515.47177844789,0.0,71505.47177844789,0,,73933.53
2023-08-23 00:00:00+00:00,112.894,113.6,94.18796,49.159073,2.3932855,0.49101796407185627,-10.0,72302.13610259851,0.0,72292.13610259851,0,,74746.8
2023-08-24 00:00:00+00:00,114.92,109.908,94.3704,54.541103,2.5072849,0.99,-10.0,69952.31461068334,0.0,69942.31461068334,0,,72317.52
2023-08-25 00:00:00+00:00,110.888,112.73,94.55819,48.8808,2.6705709,0.49101796407185627,-10.0,71748.4194217618,0.0,71738.4194217618,0,,74174.36
2023-08-28 00:00:00+00:00,113.324,113.662,94.75864,54.202667,2.8088565,0.49101796407185627,-10.0,72341.60104762363,0.0,72331.60104762363,0,,74787.59
2023-08-29 00:00:00+00:00,113.032,115.774,94.95581,57.24584,2.7591422,0.49101796407185627,-10.0,73685.80857746591,0.0,73675.80857746591,0,,76177.25
2023-08-30 00:00:00+00:00,115.684,117.648,95.17341,62.42166,2.8734279,0.49101796407185627,-10.0,74878.53969946883,0.0,74868.53969946883,0,,77410.305
2023-08-31 00:00:00+00:00,118.0,117.766,95.35759,63.898655,2.8192852,0.49101796407185627,-10.0,74953.63596746605,0.0,74943.63596746605,0,,77487.94
2023-09-01 00:00:00+00:00,118.702,118.176,95.53651,63.331356,2.867714,0.49101796407185627,-10.0,75214.58759834805,0.0,75204.58759834805,0,,77757.72
2023-09-05 00:00:00+00:00,118.176,119.432,95.72699,61.111626,2.769571,0.49101796407185627,-10.0,76013.98503972549,0.0,76003.98503972549,0,,78584.14
2023-09-06 00:00:00+00:00,118.628,119.702,95.90467,66.96784,2.7641428,0.49101796407185627,-10.0,76185.82871298968,0.0,76175.82871298968,0,,78761.8
2023-09-07 00:00:00+00:00,118.254,119.864,96.09098,74.04101,2.6935713,0.49101796407185627,-10.0,76288.9282412487,0.0,76278.9282412487,0,,78868.38
2023-09-08 00:00:00+00:00,120.0,120.014,96.28972,78.736595,2.7045708,0.49101796407185627,-10.0,76384.40071638123,0.0,76374.40071638123,0,,78967.086
2023-09-11 00:00:00+00:00,120.7,121.188,96.49041,80.66813,2.652857,0.49101796407185627,-10.0,77131.6078261169,0.0,77121.6078261169,0,,79739.555
2023-09-12 00:00:00+00:00,119.6,117.768,96.70897,79.0608,2.567429,0.49101796407185627,-10.0,74954.90344514066,0.0,74944.90344514066,0,,77489.25
2023-09-13 00:00:00+00:00,117.21,118.276,96.89753,63.766037,2.6774297,0.49101796407185627,-10.0,75278.22802785599,0.0,75268.22802785599,0,,77823.51
2023-09-14 00:00:00+00:00,118.69,118.022,97.07954,62.370365,2.5937157,0.49101796407185627,-10.0,75116.56835335364,0.0,75106.56835335364,0,,77656.38
2023-09-15 00:00:00+00:00,117.716,115.916,97.26244,76.23852,2.353144,0.49101796407185627,-10.0,73776.17775155265,0.0,73766.17775155265,0,,76270.67
2023-09-18 00:00:00+00:00,115.448,115.702,97.44009,60.802914,2.2971437,0.49101796407185627,-10.0,73639.9769925293,0.0,73629.9769925293,0,,76129.87
2023-09-19 00:00:00+00:00,115.87,114.466,97.62175,57.27117,2.269572,0.49101796407185627,-10.0,72853.3074475651,0.0,72843.3074475651,0,,75316.59
2023-09-20 00:00:00+00:00,115.0,114.11,97.77778,45.02738,2.196715,0.49101796407185627,-10.0,72626.72559219014,0.0,72616.72559219014,0,,75082.35
2023-09-21 00:00:00+00:00,112.624,109.906,97.92273,34.79457,2.2185724,0.49101796407185627,-10.0,69951.03424296639,0.0,69941.03424296639,0,,72316.195
2023-09-22 00:00:00+00:00,110.356,110.818,98.05939,25.000025,2.3554294,0.49101796407185627,-10.0,70531.49068372732,0.0,70521.49068372732,0,,72916.27
2023-09-25 00:00:00+00:00,110.524,111.896,98.22122,27.320938,2.3592868,0.49101796407185627,-10.0,71217.60102560687,0.0,71207.60102560687,0,,73625.586
2023-09-26 00:00:00+00:00,110.712,108.926,98.39155,26.514631,2.2622867,0.49101796407185627,-10.0,69327.30893572068,0.0,69317.30893572068,0,,71671.375
2023-09-27 00:00:00+00:00,109.912,109.276,98.54766,21.254827,2.4491441,0.49101796407185627,-10.0,69550.06917020219,0.0,69540.06917020219,0,,71901.67
2023-09-28 00:00:00+00:00,106.802,110.704,98.69781,22.036802,2.4387157,0.49101796407185627,-10.0,70458.93845250823,0.0,70448.93845250823,0,,72841.266
2023-09-29 00:00:00+00:00,112.174,111.792,98.85775,26.966879,2.7340016,0.49101796407185627,-10.0,71151.4068886111,0.0,71141.4068886111,0,,73557.15
2023-10-02 00:00:00+00:00,110.95,111.046,99.01507,26.654749,2.8028586,0.49101796407185627,-10.0,70676.60660532088,0.0,70666.60660532088,0,,73066.29
2023-10-03 00:00:00+00:00,110.4,108.248,99.15413,30.739267,2.7047153,0.49101796407185627,-10.0,68895.78715429433,0.0,68885.78715429433,0,,71225.26
2023-10-04 00:00:00+00:00,108.916,109.728,99.27698,24.599804,2.8497145,0.49101796407185627,-10.0,69837.74638334797,0.0,69827.74638334797,0,,72199.07
2023-10-05 00:00:00+00:00,108.966,109.434,99.42498,30.220345,2.8464284,0.49101796407185627,-10.0,69650.6267578139,0.0,69640.6267578139,0,,72005.62
2023-10-06 00:00:00+00:00,108.578,112.144,99.57778,33.079247,2.831857,0.49101796407185627,-10.0,71375.44251972668,0.0,71365.44251972668,0,,73788.75
2023-10-09 00:00:00+00:00,110.978,112.886,99.7562,41.782894,3.1008568,0.49101796407185627,-10.0,71847.69622214934,0.0,71837.69622214934,0,,74276.97
2023-10-10 00:00:00+00:00,111.212,111.66,99.93416,46.26583,3.0922847,0.49101796407185627,-10.0,71067.39412191164,0.0,71057.39412191164,0,,73470.29
2023-10-11 00:00:00+00:00,112.0,111.734,100.10055,44.438396,3.14957,0.49101796407185627,-10.0,71114.48937823113,0.0,71104.48937823113,0,,73518.98
2023-10-12 00:00:00+00:00,112.152,112.03,100.27928,55.107296,3.0357127,0.49101796407185627,-10.0,71302.87655557485,0.0,71292.87655557485,0,,73713.734
2023-10-13 00:00:00+00:00,111.752,109.932,100.45757,53.50694,3.1214268,0.49101796407185627,-10.0,69967.57876349066,0.0,69957.57876349066,0,,72333.28
2023-10-16 00:00:00+00:00,109.932,110.326,100.62659,44.633865,3.212713,0.49101796407185627,-10.0,70218.34447521831,0.0,70208.34447521831,0,,72592.53
2023-10-17 00:00:00+00:00,109.932,113.694,100.80217,54.45178,3.0748553,0.49101796407185627,-10.0,72361.94979626041,0.0,72351.94979626041,0,,74808.61
2023-10-18 00:00:00+00:00,112.56,110.136,100.98079,61.786366,3.2758548,0.49101796407185627,-10.0,70097.41697321757,0.0,70087.41697321757,0,,72467.516
2023-10-19 00:00:00+00:00,111.688,111.996,101.1432,48.639324,3.1395688,0.49101796407185627,-10.0,71281.24043536751,0.0,71271.24043536751,0,,73691.37
2023-10-20 00:00:00+00:00,111.32,108.502,101.31768,50.471268,3.2121403,0.49101796407185627,-10.0,69057.44052161573,0.0,69047.44052161573,0,,71392.375
2023-10-23 00:00:00+00:00,107.4,108.276,101.46634,44.785175,3.4039977,0.49101796407185627,-10.0,68913.60186214876,0.0,68903.60186214876,0,,71243.67
2023-10-24 00:00:00+00:00,109.142,110.878,101.6414,50.06416,3.3377125,0.49101796407185627,-10.0,70569.67581055437,0.0,70559.67581055437,0,,72955.74
2023-10-25 00:00:00+00:00,109.874,106.034,101.82926,52.506325,3.4267125,0.49101796407185627,-10.0,67486.64889817795,0.0,67476.64889817795,0,,69768.47
2023-10-26 00:00:00+00:00,112.0,110.19,101.98087,43.81638,3.6347127,0.49101796407185627,-10.0,70131.79220020492,0.0,70121.79220020492,0,,72503.055
2023-10-27 00:00:00+00:00,111.292,110.802,102.15098,46.623825,3.9528563,0.49101796407185627,-10.0,70521.30978529171,0.0,70511.30978529171,0,,72905.74
2023-10-30 00:00:00+00:00,111.92,113.708,102.31121,46.38295,4.000857,0.49101796407185627,-10.0,72370.87199194655,0.0,72360.87199194655,0,,74817.836
2023-10-31 00:00:00+00:00,114.174,116.37,102.46649,53.358692,4.007714,0.49101796407185627,-10.0,74065.14042076554,0.0,74055.14042076554,0,,76569.4
2023-11-01 00:00:00+00:00,116.2,118.696,102.63345,57.008102,4.098857,0.49101796407185627,-10.0,75545.55006197064,0.0,75535.55006197064,0,,78099.86
2023-11-02 00:00:00+00:00,120.242,119.886,102.80869,59.494102,4.088286,0.49101796407185627,-10.0,76302.94107437244,0.0,76292.94107437244,0,,78882.86
2023-11-03 00:00:00+00:00,120.116,121.352,102.99192,64.55348,4.1262856,0.49101796407185627,-10.0,77235.99255198672,0.0,77225.99255198672,0,,79847.46
2023-11-06 00:00:00+00:00,121.7,121.85,103.17025,65.630844,4.2421427,0.49101796407185627,-10.0,77552.95205749731,0.0,77542.95205749731,0,,80175.13
2023-11-07 00:00:00+00:00,122.076,122.782,103.33767,62.58642,4.0004287,0.49101796407185627,-10.0,78146.13182104248,0.0,78136.13182104248,0,,80788.37
2023-11-08 00:00:00+00:00,123.216,125.066,103.50914,71.23664,3.9720006,0.49101796407185627,-10.0,79599.81654276823,0.0,79589.81654276823,0,,82291.2
2023-11-09 00:00:00+00:00,125.02,123.952,103.69106,71.6405,3.8941438,0.49101796407185627,-10.0,78890.80039942628,0.0,78880.80039942628,0,,81558.22
2023-11-10 00:00:00+00:00,123.952,126.952,103.86205,77.7698,3.7421439,0.48868778280542985,-10.0,80800.1899327428,0.0,80790.1899327428,0,,83532.17
2023-11-13 00:00:00+00:00,126.756,127.682,104.03374,80.52432,3.829144,0.49101796407185627,-10.0,81264.80551158446,0.0,81254.80551158446,0,,84012.5
2023-11-14 00:00:00+00:00,129.496,130.834,104.21329,79.254875,3.7141445,0.48868778280542985,-10.0,83270.93584745913,0.0,83260.93584745913,0,,86086.46
2023-11-15 00:00:00+00:00,130.894,130.18,104.42489,95.87836,3.589573,0.49101796407185627,-10.0,82854.68579531417,0.0,82844.68579531417,0,,85656.14
2023-11-16 00:00:00+00:00,130.0,130.456,104.62066,92.484886,3.0487154,0.49101796407185627,-10.0,83030.34909807783,0.0,83020.34909807783,0,,85837.734
2023-11-17 00:00:00+00:00,130.39,130.872,104.79913,92.376,2.9517152,0.49101796407185627,-10.0,83295.12030187869,0.0,83285.12030187869,0,,86111.46
2023-11-20 00:00:00+00:00,130.8,133.384,104.96222,91.458916,2.7835727,0.49101796407185627,-10.0,84893.91720599994,0.0,84883.91720599994,0,,87764.31
2023-11-21 00:00:00+00:00,132.952,133.68,105.15692,91.39657,2.7265718,0.49101796407185627,-10.0,85082.30367831927,0.0,85072.30367831927,0,,87959.07
2023-11-22 00:00:00+00:00,134.536,133.932,105.3701,90.45354,2.6477149,0.49101796407185627,-10.0,85242.69877013532,0.0,85232.69877013532,0,,88124.88
2023-11-24 00:00:00+00:00,134.106,134.78,105.5765,89.94424,2.552858,0.49101796407185627,-10.0,85782.41828733987,0.0,85772.41828733987,0,,88682.85
2023-11-27 00:00:00+00:00,134.4,134.11,105.78642,89.5779,2.3580012,0.48868778280542985,-10.0,85355.99153780263,0.0,85345.99153780263,0,,88242.01
2023-11-28 00:00:00+00:00,133.526,133.048,105.99367,85.77263,2.3510013,0.49101796407185627,-10.0,84680.07155133132,0.0,84670.07155133132,0,,87543.23
2023-11-29 00:00:00+00:00,134.2,135.786,106.20055,79.72896,2.2737155,0.99,-10.0,86422.70108794034,0.0,86412.70108794034,0,,89344.78
2023-11-30 00:00:00+00:00,136.4,137.148,106.41844,80.2483,2.3418574,0.49101796407185627,-10.0,87289.56468616087,0.0,87279.56468616087,0,,90240.95
2023-12-01 00:00:00+00:00,137.09,138.158,106.64283,86.720825,2.297571,0.49101796407185627,-10.0,87932.3992825107,0.0,87922.3992825107,0,,90905.52
2023-12-04 00:00:00+00:00,136.8,137.524,106.86971,85.06696,2.1632843,0.99,-10.0,87528.88087869683,0.0,87518.88087869683,0,,90488.36
2023-12-05 00:00:00+00:00,135.886,137.644,107.10364,80.98475,2.2457128,0.49101796407185627,-10.0,87605.2491961997,0.0,87595.2491961997,0,,90567.31
2023-12-06 00:00:00+00:00,138.0,137.246,107.35285,76.49803,2.15957,0.49101796407185627,-10.0,87351.9402894206,0.0,87341.9402894206,0,,90305.445
2023-12-07 00:00:00+00:00,137.12,137.536,107.60722,78.05309,2.140856,0.49101796407185627,-10.0,87536.51359903645,0.0,87526.51359903645,0,,90496.26
2023-12-08 00:00:00+00:00,137.89,139.816,107.85506,78.077446,2.1434283,0.49101796407185627,-10.0,88987.64859713259,0.0,88977.64859713259,0,,91996.45
2023-12-11 00:00:00+00:00,139.822,141.024,108.11243,80.901085,2.244,0.49101796407185627,-10.0,89756.49580126638,0.0,89746.49580126638,0,,92791.29
2023-12-12 00:00:00+00:00,141.024,143.296,108.39196,79.00975,2.1685727,0.49101796407185627,-10.0,91202.54276615659,0.0,91192.54276615659,0,,94286.234
2023-12-13 00:00:00+00:00,143.4,143.128,108.67987,81.7486,2.22943,0.49101796407185627,-10.0,91095.62021037216,0.0,91085.62021037216,0,,94175.695
2023-12-14 00:00:00+00:00,142.0,136.078,108.96334,80.53124,2.2277157,0.99,-10.0,86608.55760773121,0.0,86598.55760773121,0,,89536.914
2023-12-15 00:00:00+00:00,135.052,139.648,109.21479,53.052406,2.6844296,0.49101796407185627,-10.0,88880.72144074902,0.0,88870.72144074902,0,,91885.9
2023-12-18 00:00:00+00:00,140.404,140.744,109.47699,61.46014,2.9380014,0.49101796407185627,-10.0,89578.29129470985,0.0,89568.29129470985,0,,92607.06
2023-12-19 00:00:00+00:00,141.14,141.542,109.73673,65.90346,2.9687152,0.49101796407185627,-10.0,90086.19585633084,0.0,90076.19585633084,0,,93132.13
2023-12-20 00:00:00+00:00,140.814,138.76,109.99842,62.931366,2.84643,0.49101796407185627,-10.0,88315.54727631637,0.0,88305.54727631637,0,,91301.61
2023-12-21 00:00:00+00:00,140.15,140.152,110.24741,53.404285,2.9062881,0.49101796407185627,-10.0,89201.50236378697,0.0,89191.50236378697,0,,92217.52
2023-12-22 00:00:00+00:00,140.77,139.51,110.5012,54.144123,2.921861,0.49101796407185627,-10.0,88792.89381635802,0.0,88782.89381635802,0,,91795.1
2023-12-26 00:00:00+00:00,140.034,140.246,110.77025,54.126137,2.8668606,0.49101796407185627,-10.0,89261.33023821047,0.0,89251.33023821047,0,,92279.375
2023-12-27 00:00:00+00:00,140.262,140.752,111.0564,55.271053,2.7898614,0.49101796407185627,-10.0,89583.37343770906,0.0,89573.37343770906,0,,92612.305
2023-12-28 00:00:00+00:00,141.328,140.492,111.34523,57.071384,2.7291455,0.49101796407185627,-10.0,89417.89435427781,0.0,89407.89435427781,0,,92441.234
2023-12-29 00:00:00+00:00,141.4,141.298,111.62315,55.96932,2.6898587,0.49101796407185627,-10.0,89930.88008037201,0.0,89920.88008037201,0,,92971.56
2024-01-02 00:00:00+00:00,139.41,137.504,111.90738,53.182186,2.6555722,0.49101796407185627,-10.0,87516.13544247937,0.0,87506.13544247937,0,,90475.17
2024-01-03 00:00:00+00:00,135.152,135.06,112.15251,43.197277,2.946858,0.49101796407185627,-10.0,85960.61967199564,0.0,85950.61967199564,0,,88867.055
2024-01-04 00:00:00+00:00,134.954,134.374,112.38681,34.188293,2.9482858,0.49101796407185627,-10.0,85524.00252610154,0.0,85514.00252610154,0,,88415.67
2024-01-05 00:00:00+00:00,134.426,135.232,112.62353,33.521564,2.9102848,0.49101796407185627,-10.0,86070.09100076927,0.0,86060.09100076927,0,,88980.23
2024-01-08 00:00:00+00:00,136.848,139.252,112.85423,47.9234,2.4998572,0.49101796407185627,-10.0,88628.67453602301,0.0,88618.67453602301,0,,91625.32
2024-01-09 00:00:00+00:00,138.772,139.734,113.11698,49.049004,2.440857,0.49101796407185627,-10.0,88935.45036746346,0.0,88925.45036746346,0,,91942.46
2024-01-10 00:00:00+00:00,141.5,142.86,113.37518,47.50072,2.395715,0.99,-10.0,90925.04070501521,0.0,90915.04070501521,0,,93999.32
2024-01-11 00:00:00+00:00,144.512,145.292,113.65658,52.92445,2.5351443,0.49101796407185627,-10.0,92472.91973785113,0.0,92462.91973785113,0,,95599.54
2024-01-12 00:00:00+00:00,144.96,145.836,113.95173,64.722336,2.6171439,0.49101796407185627,-10.0,92819.14994232921,0.0,92809.14994232921,0,,95957.47
2024-01-16 00:00:00+00:00,146.0,145.512,114.25183,63.320213,2.612286,0.49101796407185627,-10.0,92612.93330931033,0.0,92602.93330931033,0,,95744.29
2024-01-17 00:00:00+00:00,145.2,145.508,114.54095,64.27822,2.6060007,0.49101796407185627,-10.0,92610.38851509325,0.0,92600.38851509325,0,,95741.66
2024-01-18 00:00:00+00:00,148.484,149.192,114.82886,62.969513,2.7155719,0.49101796407185627,-10.0,94955.122869682,0.0,94945.122869682,0,,98165.664
2024-01-19 00:00:00+00:00,150.088,149.822,115.1101,67.984985,2.9231448,0.49101796407185627,-10.0,95356.09467780711,0.0,95346.09467780711,0,,98580.195
2024-01-22 00:00:00+00:00,152.038,150.49,115.39472,69.57286,2.9537168,0.49101796407185627,-10.0,95781.25564052456,0.0,95771.25564052456,0,,99019.734
2024-01-23 00:00:00+00:00,150.43,150.684,115.67112,69.39566,3.0490024,0.49101796407185627,-10.0,95904.73005946231,0.0,95894.73005946231,0,,99147.38
2024-01-24 00:00:00+00:00,154.18,152.684,115.95721,82.79258,2.7670016,0.49101796407185627,-10.0,97177.65074485142,0.0,97167.65074485142,0,,100463.34
2024-01-25 00:00:00+00:00,156.0,153.338,116.2475,94.84019,2.8962872,0.49101796407185627,-10.0,97593.89264921901,0.0,97583.89264921901,0,,100893.66
2024-01-26 00:00:00+00:00,153.42,153.888,116.54155,98.328224,3.1622882,0.49101796407185627,-10.0,97943.95104221131,0.0,97933.95104221131,0,,101255.55
2024-01-29 00:00:00+00:00,153.864,157.448,116.84117,98.30156,3.3108585,0.49101796407185627,-10.0,100209.75070710214,0.0,100199.75070710214,0,,103597.95
2024-01-30 00:00:00+00:00,157.466,157.146,117.15698,98.26012,3.2735727,0.49101796407185627,-10.0,100017.54064210955,0.0,100007.54064210955,0,,103399.25
2024-01-31 00:00:00+00:00,155.578,153.08,117.45921,96.62594,3.2844281,0.48868778280542985,-10.0,97429.6849282953,0.0,97419.6849282953,0,,100723.9
2024-02-01 00:00:00+00:00,153.818,154.2,117.76158,76.05548,3.4265704,0.48868778280542985,-10.0,98142.5146949013,0.0,98132.5146949013,0,,101460.83
2024-02-02 00:00:00+00:00,154.794,156.26,118.06203,74.33878,3.2675705,0.48868778280542985,-10.0,99453.6308004338,0.0,99443.6308004338,0,,102816.27
2024-02-05 00:00:00+00:00,156.4,156.968,118.36734,76.30198,3.3212848,0.48868778280542985,-10.0,99904.24592030386,0.0,99894.24592030386,0,,103282.125
2024-02-06 00:00:00+00:00,157.776,155.49,118.67659,78.35646,3.4118555,0.49101796407185627,-10.0,98963.55507858327,0.0,98953.55507858327,0,,102309.625
2024-02-07 00:00:00+00:00,156.562,158.078,118.98635,73.02762,3.533856,0.49101796407185627,-10.0,100610.71638635053,0.0,100600.71638635053,0,,104012.48
2024-02-08 00:00:00+00:00,158.4,159.882,119.30343,71.591034,3.4778552,0.49101796407185627,-10.0,101758.90034024349,0.0,101748.90034024349,0,,105199.49
2024-02-09 00:00:00+00:00,160.47,162.588,119.62984,73.12432,3.5002835,0.49101796407185627,-10.0,103481.16741883468,0.0,103471.16741883468,0,,106979.99
2024-02-12 00:00:00+00:00,162.82,157.47,120.0005,75.42666,3.474712,0.49101796407185627,-10.0,100223.75765699457,0.0,100213.75765699457,0,,103612.445
2024-02-13 00:00:00+00:00,153.0,154.752,120.33382,61.81654,3.7722833,0.49101796407185627,-10.0,98493.85227878236,0.0,98483.85227878236,0,,101824.05
2024-02-14 00:00:00+00:00,157.0,158.4,120.65324,53.513176,3.9805691,0.49101796407185627,-10.0,100815.66363445902,0.0,100805.66363445902,0,,104224.36
2024-02-15 00:00:00+00:00,159.0,156.0,120.98582,57.805466,3.8652823,0.48868778280542985,-10.0,99288.15503613857,0.0,99278.15503613857,0,,102645.2
2024-02-16 00:00:00+00:00,154.854,153.0,121.31541,53.080875,3.854854,0.49101796407185627,-10.0,97378.76607358932,0.0,97368.76607358932,0,,100671.266
2024-02-20 00:00:00+00:00,150.616,150.568,121.63673,43.403725,3.8017108,0.49101796407185627,-10.0,95830.88327265042,0.0,95820.88327265042,0,,99071.05
2024-02-21 00:00:00+00:00,147.398,149.588,121.95249,40.82463,4.034569,0.49101796407185627,-10.0,95207.15374799486,0.0,95197.15374799486,0,,98426.23
2024-02-22 00:00:00+00:00,155.0,153.842,122.26992,44.67032,3.950568,0.49101796407185627,-10.0,97914.66347660618,0.0,97904.66347660618,0,,101225.28
2024-02-23 00:00:00+00:00,155.07,154.194,122.60433,49.50131,4.4514246,0.49101796407185627,-10.0,98138.70232199864,0.0,98128.70232199864,0,,101456.89
2024-02-26 00:00:00+00:00,154.938,155.932,122.93631,46.978302,4.4855685,0.49101796407185627,-10.0,99244.88212210994,0.0,99234.88212210994,0,,102600.47
2024-02-27 00:00:00+00:00,156.452,153.428,123.27458,48.529083,4.5468545,0.49101796407185627,-10.0,97651.16955877832,0.0,97641.16955877832,0,,100952.875
2024-02-28 00:00:00+00:00,152.702,151.958,123.58758,47.15522,4.6012826,0.49101796407185627,-10.0,96715.57083081375,0.0,96705.57083081375,0,,99985.64
2024-02-29 00:00:00+00:00,153.41,154.268,123.8948,41.287994,4.560139,0.49101796407185627,-10.0,98185.81074522104,0.0,98175.81074522104,0,,101505.586
2024-03-01 00:00:00+00:00,154.4,154.726,124.21094,42.121815,4.6118546,0.49101796407185627,-10.0,98477.30361636235,0.0,98467.30361636235,0,,101806.94
2024-03-04 00:00:00+00:00,154.6,155.218,124.52143,38.2242,4.5264273,0.49101796407185627,-10.0,98790.44062272417,0.0,98780.44062272417,0,,102130.664
2024-03-05 00:00:00+00:00,153.246,148.03,124.82928,46.0843,4.2548566,0.48868778280542985,-10.0,94215.54289496421,0.0,94205.54289496421,0,,97401.086
2024-03-06 00:00:00+00:00,150.102,148.212,125.07651,39.884438,4.380857,0.49101796407185627,-10.0,94331.38322382672,0.0,94321.38322382672,0,,97520.836
2024-03-07 00:00:00+00:00,149.694,153.616,125.3074,32.883106,4.398286,0.49101796407185627,-10.0,97770.82186984003,0.0,97760.82186984003,0,,101076.56
2024-03-08 00:00:00+00:00,153.82,151.536,125.56518,46.361862,4.6137137,0.49101796407185627,-10.0,96446.97874458446,0.0,96436.97874458446,0,,99707.95
2024-03-11 00:00:00+00:00,150.4,151.348,125.81147,47.70129,4.785286,0.49101796407185627,-10.0,96327.33130316086,0.0,96317.33130316086,0,,99584.266
2024-03-12 00:00:00+00:00,152.864,157.912,126.06807,51.31759,4.6061435,0.49101796407185627,-10.0,100505.07144376473,0.0,100495.07144376473,0,,103903.26
2024-03-13 00:00:00+00:00,159.012,155.376,126.35508,61.82924,4.805287,0.49101796407185627,-10.0,98891.00246328246,0.0,98881.00246328246,0,,102234.61
2024-03-14 00:00:00+00:00,157.626,155.898,126.60018,52.291893,4.645859,0.49101796407185627,-10.0,99223.23234354629,0.0,99213.23234354629,0,,102578.08
2024-03-15 00:00:00+00:00,152.312,148.782,126.84221,52.532993,4.624287,0.49101796407185627,-10.0,94694.16439039556,0.0,94684.16439039556,0,,97895.88
2024-03-18 00:00:00+00:00,150.0,151.16,127.037,40.83661,4.965287,0.48868778280542985,-10.0,96207.67113487648,0.0,96197.67113487648,0,,99460.56
2024-03-19 00:00:00+00:00,150.0,151.388,127.24802,47.083946,4.804573,0.48868778280542985,-10.0,96352.7864702062,0.0,96342.7864702062,0,,99610.586
2024-03-20 00:00:00+00:00,152.124,153.512,127.462,49.242958,4.838574,0.49101796407185627,-10.0,97704.62559512872,0.0,97694.62559512872,0,,101008.13
2024-03-21 00:00:00+00:00,156.0,154.636,127.68138,48.990906,4.8328595,0.49101796407185627,-10.0,98420.01434719322,0.0,98410.01434719322,0,,101747.7
2024-03-22 00:00:00+00:00,154.948,154.83,127.89785,49.881973,4.9527164,0.49101796407185627,-10.0,98543.48801898595,0.0,98533.48801898595,0,,101875.35
2024-03-25 00:00:00+00:00,153.61,154.928,128.1162,49.487152,4.9160013,0.49101796407185627,-10.0,98605.8544304207,0.0,98595.8544304207,0,,101939.83
2024-03-26 00:00:00+00:00,155.798,155.714,128.36252,61.220646,4.497573,0.48868778280542985,-10.0,99106.1241484364,0.0,99096.1241484364,0,,102457.016
2024-03-27 00:00:00+00:00,156.766,151.8,128.60574,61.96798,4.4178586,0.49101796407185627,-10.0,96615.0109322441,0.0,96605.0109322441,0,,99881.68
2024-03-28 00:00:00+00:00,151.93,152.48,128.83072,46.958336,4.4060025,0.49101796407185627,-10.0,97047.80052806273,0.0,97037.80052806273,0,,100329.1
2024-04-01 00:00:00+00:00,152.798,153.674,129.04677,51.658936,4.2012887,0.49101796407185627,-10.0,97807.73338859058,0.0,97797.73338859058,0,,101114.734
2024-04-02 00:00:00+00:00,151.018,151.4,129.26042,53.94798,4.1912885,0.48868778280542985,-10.0,96360.41677142846,0.0,96350.41677142846,0,,99618.484
2024-04-03 00:00:00+00:00,150.5,151.832,129.4501,37.062912,3.9610028,0.48868778280542985,-10.0,96635.37096357105,0.0,96625.37096357105,0,,99902.734
2024-04-04 00:00:00+00:00,153.68,151.51,129.6349,42.317017,3.6814313,0.49101796407185627,-10.0,96430.4273582521,0.0,96420.4273582521,0,,99690.87
2024-04-05 00:00:00+00:00,151.686,156.7,129.82697,40.404133,3.7950025,0.49101796407185627,-10.0,99733.66582078078,0.0,99723.66582078078,0,,103105.8
2024-04-08 00:00:00+00:00,156.668,157.12,130.05098,68.90819,3.6641464,0.99,-10.0,100000.98213146241,0.0,99990.98213146241,0,,103382.15
2024-04-09 00:00:00+00:00,158.654,156.444,130.28978,65.70071,3.6898608,0.7541570253119457,-10.0,99570.73965903951,0.0,99560.73965903951,0,,102937.35
2024-04-10 00:00:00+00:00,153.8,153.838,130.52213,63.012142,3.8097174,0.49101796407185627,-10.0,97912.11914580825,0.0,97902.11914580825,0,,101222.66
2024-04-11 00:00:00+00:00,154.0,154.268,130.74834,50.818695,3.8810022,0.49101796407185627,-10.0,98185.80500283375,0.0,98175.80500283375,0,,101505.59
2024-04-12 00:00:00+00:00,152.44,153.742,130.9817,49.042477,3.8275735,0.49101796407185627,-10.0,97851.02246351453,0.0,97841.02246351453,0,,101159.5
2024-04-15 00:00:00+00:00,153.8,147.162,131.21045,47.217117,3.8767166,0.49101796407185627,-10.0,93663.09694727384,0.0,93653.09694727384,0,,96829.97
2024-04-16 00:00:00+00:00,147.6,148.956,131.39758,35.08263,4.1555743,0.49101796407185627,-10.0,94804.90445812928,0.0,94794.90445812928,0,,98010.375
2024-04-17 00:00:00+00:00,149.356,147.29,131.59428,37.502758,4.1484323,0.49101796407185627,-10.0,93744.55771782114,0.0,93734.55771782114,0,,96914.18
2024-04-18 00:00:00+00:00,147.38,146.272,131.76877,40.903572,3.8800027,0.48868778280542985,-10.0,93096.64627708092,0.0,93086.64627708092,0,,96244.35
2024-04-19 00:00:00+00:00,145.0,142.782,131.93726,37.647263,3.8732877,0.48868778280542985,-10.0,90875.39011586388,0.0,90865.39011586388,0,,93947.99
2024-04-22 00:00:00+00:00,144.65,144.39,132.0854,30.141493,3.9991455,0.49101796407185627,-10.0,91898.82330704719,0.0,91888.82330704719,0,,95006.02
2024-04-23 00:00:00+00:00,145.44,148.19,132.25153,36.90113,3.9167175,0.49101796407185627,-10.0,94317.37945174369,0.0,94307.37945174369,0,,97506.36
2024-04-24 00:00:00+00:00,150.794,149.258,132.4395,43.95539,4.0384316,0.49101796407185627,-10.0,94997.11695910303,0.0,94987.11695910303,0,,98209.086
2024-04-25 00:00:00+00:00,142.978,143.25,132.6202,46.352684,3.9425735,0.49101796407185627,-10.0,91173.2505313662,0.0,91163.2505313662,0,,94255.94
2024-04-26 00:00:00+00:00,144.752,144.71,132.775,28.778791,4.270572,0.49101796407185627,-10.0,92102.49164034163,0.0,92092.49164034163,0,,95216.586
2024-04-29 00:00:00+00:00,144.652,144.232,132.93721,31.041872,4.283143,0.49101796407185627,-10.0,91798.25594448982,0.0,91788.25594448982,0,,94902.07
2024-04-30 00:00:00+00:00,143.33,138.666,133.08092,31.230787,4.152715,0.48868778280542985,-10.0,88255.71071975096,0.0,88245.71071975096,0,,91239.75
2024-05-01 00:00:00+00:00,138.742,137.122,133.19386,28.626177,4.3077154,0.49101796407185627,-10.0,87273.00600166444,0.0,87263.00600166444,0,,90223.82
2024-05-02 00:00:00+00:00,138.6,139.144,133.2871,26.580328,4.3395724,0.49101796407185627,-10.0,88559.93984925869,0.0,88549.93984925869,0,,91554.26
2024-05-03 00:00:00+00:00,141.996,143.33,133.3857,30.84352,4.2975726,0.48868778280542985,-10.0,91224.17831411227,0.0,91214.17831411227,0,,94308.58
2024-05-06 00:00:00+00:00,143.998,145.312,133.49908,44.634254,4.194143,0.49101796407185627,-10.0,92485.64069979756,0.0,92475.64069979756,0,,95612.69
2024-05-07 00:00:00+00:00,146.0,142.666,133.64677,44.924232,4.1417136,0.49101796407185627,-10.0,90801.56595361404,0.0,90791.56595361404,0,,93871.67
2024-05-08 00:00:00+00:00,143.27,144.206,133.77808,43.73035,4.376142,0.49101796407185627,-10.0,91781.71448327471,0.0,91771.71448327471,0,,94884.96
2024-05-09 00:00:00+00:00,144.116,144.588,133.92107,47.23781,4.3201423,0.49101796407185627,-10.0,92024.85056249636,0.0,92014.85056249636,0,,95136.32
2024-05-10 00:00:00+00:00,145.0,145.958,134.06163,52.63342,4.151284,0.49101796407185627,-10.0,92896.79632480387,0.0,92886.79632480387,0,,96037.74
2024-05-13 00:00:00+00:00,146.57,146.024,134.21416,52.30235,4.09757,0.48868778280542985,-10.0,92938.81169198474,0.0,92928.81169198474,0,,96081.18
2024-05-14 00:00:00+00:00,146.0,144.324,134.38438,46.427864,3.9287143,0.48868778280542985,-10.0,91856.82551734964,0.0,91846.82551734964,0,,94962.61
2024-05-15 00:00:00+00:00,146.0,152.114,134.53645,42.0291,3.9445713,0.49101796407185627,-10.0,96814.86209678822,0.0,96804.86209678822,0,,100088.28
2024-05-16 00:00:00+00:00,152.69,151.602,134.71404,63.54026,3.6931424,0.49101796407185627,-10.0,96488.99544152159,0.0,96478.99544152159,0,,99751.4
2024-05-17 00:00:00+00:00,153.0,153.01,134.88165,60.84193,3.596429,0.49101796407185627,-10.0,97385.12322063083,0.0,97375.12322063083,0,,100677.82
2024-05-20 00:00:00+00:00,152.706,154.836,135.08353,63.416286,3.5058572,0.49101796407185627,-10.0,98547.30975986287,0.0,98537.30975986287,0,,101879.305
2024-05-21 00:00:00+00:00,155.0,155.41,135.2973,77.90434,3.272001,0.49101796407185627,-10.0,98912.6414381237,0.0,98902.6414381237,0,,102256.984
2024-05-22 00:00:00+00:00,156.0,154.166,135.52274,82.65252,3.2321439,0.49101796407185627,-10.0,98120.87884207831,0.0,98110.87884207831,0,,101438.45
2024-05-23 00:00:00+00:00,156.336,151.63,135.73866,77.58762,3.2862866,0.49101796407185627,-10.0,96506.81496737374,0.0,96496.81496737374,0,,99769.82
2024-05-24 00:00:00+00:00,149.872,147.702,135.94398,66.22617,3.23943,0.49101796407185627,-10.0,94006.78165389133,0.0,93996.78165389133,0,,97185.26
2024-05-28 00:00:00+00:00,147.776,145.772,136.13217,54.34198,3.4078586,0.49101796407185627,-10.0,92778.41118360149,0.0,92768.41118360149,0,,95915.36
2024-05-29 00:00:00+00:00,144.4,146.224,136.30603,55.793488,3.2681448,0.49101796407185627,-10.0,93066.09410468883,0.0,93056.09410468883,0,,96212.766
2024-05-30 00:00:00+00:00,138.198,128.658,136.4797,53.923336,3.3795743,0.49101796407185627,-10.0,81885.99742129738,0.0,81875.99742129738,0,,84654.66
2024-05-31 00:00:00+00:00,130.358,131.386,136.5568,31.434431,4.521575,0.48868778280542985,-10.0,83622.26863451074,0.0,83612.26863451074,0,,86449.63
2024-06-03 00:00:00+00:00,131.96,132.022,136.65411,33.538185,4.649288,0.49101796407185627,-10.0,84027.06159449188,0.0,84017.06159449188,0,,86868.12
2024-06-04 00:00:00+00:00,131.72,134.4,136.76472,34.383217,4.7781444,0.48868778280542985,-10.0,85540.56096157178,0.0,85530.56096157178,0,,88432.79
2024-06-05 00:00:00+00:00,136.69,140.822,136.8931,39.0964,4.7688594,0.48868778280542985,-10.0,89627.92665928799,0.0,89617.92665928799,0,,92658.36
2024-06-06 00:00:00+00:00,141.246,140.632,137.0557,37.208885,4.6835747,0.49101796407185627,-10.0,89506.9996981128,0.0,89496.9996981128,0,,92533.34
2024-06-07 00:00:00+00:00,140.102,139.762,137.20416,37.48231,4.6970024,0.48868778280542985,-10.0,88953.27129611412,0.0,88943.27129611412,0,,91960.89
2024-06-10 00:00:00+00:00,139.464,141.83,137.34116,34.69501,4.797574,0.48868778280542985,-10.0,90269.4785730649,0.0,90259.4785730649,0,,93321.6
2024-06-11 00:00:00+00:00,142.346,142.408,137.4823,35.05814,4.8615737,0.48868778280542985,-10.0,90637.35276560063,0.0,90627.35276560063,0,,93701.914
2024-06-12 00:00:00+00:00,144.452,144.3,137.6448,35.064106,4.8345747,0.48868778280542985,-10.0,91841.53852900422,0.0,91831.53852900422,0,,94946.81
2024-06-13 00:00:00+00:00,144.4,141.952,137.80264,38.8328,4.8717165,0.48868778280542985,-10.0,90347.11961175436,0.0,90337.11961175436,0,,93401.87
2024-06-14 00:00:00+00:00,143.12,145.716,137.9441,38.998768,4.771716,0.48868778280542985,-10.0,92742.77105435381,0.0,92732.77105435381,0,,95878.52
2024-06-17 00:00:00+00:00,144.684,145.1,138.09381,47.734024,4.7568593,0.48868778280542985,-10.0,92350.71028013126,0.0,92340.71028013126,0,,95473.2
2024-06-18 00:00:00+00:00,144.572,146.034,138.23106,49.209564,4.6084304,0.48868778280542985,-10.0,92945.15562222926,0.0,92935.15562222926,0,,96087.75
2024-06-20 00:00:00+00:00,148.4,146.862,138.3724,49.779015,4.5702868,0.48868778280542985,-10.0,93472.15014108866,0.0,93462.15014108866,0,,96632.57
2024-06-21 00:00:00+00:00,147.988,149.866,138.51584,84.67159,3.4544291,0.49101796407185627,-10.0,95384.07866152479,0.0,95374.07866152479,0,,98609.14
2024-06-24 00:00:00+00:00,148.4,147.918,138.66801,84.83108,3.4168582,0.49101796407185627,-10.0,94144.24942203047,0.0,94134.24942203047,0,,97327.39
2024-06-25 00:00:00+00:00,149.0,150.962,138.8091,78.54881,3.3128586,0.49101796407185627,-10.0,96081.64208997677,0.0,96071.64208997677,0,,99330.29
2024-06-26 00:00:00+00:00,150.8,150.782,138.96458,79.05,3.2877154,0.49101796407185627,-10.0,95967.07521249185,0.0,95957.07521249185,0,,99211.85
2024-06-27 00:00:00+00:00,151.642,154.826,139.11842,72.36789,2.9571435,0.49101796407185627,-10.0,98540.92971250035,0.0,98530.92971250035,0,,101872.73
2024-06-28 00:00:00+00:00,155.086,157.334,139.2866,77.17279,3.1494293,0.49101796407185627,-10.0,100137.17002245203,0.0,100127.17002245203,0,,103522.94
2024-07-01 00:00:00+00:00,156.8,157.792,139.48444,81.654396,3.2010007,0.49101796407185627,-10.0,100428.6784219324,0.0,100418.6784219324,0,,103824.3
2024-07-02 00:00:00+00:00,156.996,158.822,139.68202,80.52473,3.2384284,0.49101796407185627,-10.0,101084.23094558707,0.0,101074.23094558707,0,,104502.02
2024-07-03 00:00:00+00:00,158.734,157.184,139.88602,80.85568,3.2441418,0.49101796407185627,-10.0,100041.70365352945,0.0,100031.70365352945,0,,103424.24
2024-07-05 00:00:00+00:00,157.684,161.294,140.09236,74.45337,3.1484287,0.49101796407185627,-10.0,102657.56642891197,0.0,102647.56642891197,0,,106128.55
2024-07-08 00:00:00+00:00,152.7,153.24,140.32031,84.40902,3.176286,0.49101796407185627,-10.0,97531.49718353251,0.0,97521.49718353251,0,,100829.164
2024-07-09 00:00:00+00:00,150.192,148.802,140.51419,61.612545,3.523286,0.49101796407185627,-10.0,94706.87559124836,0.0,94696.87559124836,0,,97909.04
2024-07-10 00:00:00+00:00,148.112,148.63,140.68765,55.11071,3.7934299,0.49101796407185627,-10.0,94597.40833926415,0.0,94587.40833926415,0,,97795.87
2024-07-11 00:00:00+00:00,149.2,149.828,140.88127,53.660885,3.7750015,0.48868778280542985,-10.0,95359.88396900523,0.0,95349.88396900523,0,,98584.125
2024-07-12 00:00:00+00:00,149.8,151.698,141.07632,54.139454,3.8082874,0.49101796407185627,-10.0,96550.06822028826,0.0,96540.06822028826,0,,99814.555
2024-07-15 00:00:00+00:00,153.39,153.57,141.27533,52.640377,3.8322873,0.48868778280542985,-10.0,97741.53723542117,0.0,97731.53723542117,0,,101046.31
2024-07-16 00:00:00+00:00,153.57,152.158,141.49855,58.16386,3.923002,0.48868778280542985,-10.0,96842.85332678808,0.0,96832.85332678808,0,,100117.24
2024-07-17 00:00:00+00:00,148.0,147.214,141.71297,51.812996,3.9045737,0.49101796407185627,-10.0,93696.18513073903,0.0,93686.18513073903,0,,96864.19
2024-07-18 00:00:00+00:00,147.668,147.754,141.89551,45.273933,4.190432,0.49101796407185627,-10.0,94039.8692814912,0.0,94029.8692814912,0,,97219.484
2024-07-19 00:00:00+00:00,148.938,150.24,142.07532,39.674095,4.110288,0.48868778280542985,-10.0,95622.1200184739,0.0,95612.1200184739,0,,98855.234
2024-07-22 00:00:00+00:00,150.962,151.3,142.27129,39.635334,4.0930014,0.49101796407185627,-10.0,96296.77249636932,0.0,96286.77249636932,0,,99552.695
2024-07-23 00:00:00+00:00,152.694,153.104,142.48656,40.678837,4.000716,0.48868778280542985,-10.0,97444.94906929857,0.0,97434.94906929857,0,,100739.695
2024-07-24 00:00:00+00:00,151.0,146.174,142.70343,41.968647,4.0998588,0.48868778280542985,-10.0,93034.25842470468,0.0,93024.25842470468,0,,96179.875
2024-07-25 00:00:00+00:00,157.866,165.758,142.88713,36.537045,4.4645734,0.48868778280542985,-10.0,105498.73661478488,0.0,105488.73661478488,0,,109065.8
2024-07-26 00:00:00+00:00,165.17,165.522,143.1552,53.959965,5.876859,0.49101796407185627,-10.0,105348.53631797874,0.0,105338.53631797874,0,,108910.52
2024-07-29 00:00:00+00:00,165.8,159.812,143.41838,62.649853,5.6448584,0.49101796407185627,-10.0,101714.33175597021,0.0,101704.33175597021,0,,105153.44
2024-07-30 00:00:00+00:00,161.148,159.76,143.65913,61.050217,5.6842856,0.48868778280542985,-10.0,101681.23576811049,0.0,101671.23576811049,0,,105119.22
2024-07-31 00:00:00+00:00,163.232,162.878,143.89928,61.19762,5.8084283,0.48868778280542985,-10.0,103665.73072111333,0.0,103655.73072111333,0,,107170.81
2024-08-01 00:00:00+00:00,163.772,162.276,144.1535,62.640934,5.915429,0.48868778280542985,-10.0,103282.57964907102,0.0,103272.57964907102,0,,106774.7
2024-08-02 00:00:00+00:00,158.172,158.128,144.41524,60.504463,6.1707153,0.48868778280542985,-10.0,100642.53926827454,0.0,100632.53926827454,0,,104045.4
2024-08-05 00:00:00+00:00,151.408,156.254,144.65424,54.330555,6.569715,0.49101796407185627,-10.0,99449.80526027757,0.0,99439.80526027757,0,,102812.336
2024-08-06 00:00:00+00:00,157.4,158.59,144.86703,53.85774,6.988572,0.49101796407185627,-10.0,100936.58352881645,0.0,100926.58352881645,0,,104349.38
2024-08-07 00:00:00+00:00,161.128,155.256,145.10931,61.267815,7.023286,0.49101796407185627,-10.0,98814.6202769656,0.0,98804.6202769656,0,,102155.68
2024-08-08 00:00:00+00:00,158.4,159.228,145.3256,57.040955,7.3251443,0.48868778280542985,-10.0,101342.64467119638,0.0,101332.64467119638,0,,104769.17
2024-08-09 00:00:00+00:00,159.228,162.216,145.57924,58.206707,7.4471445,0.48868778280542985,-10.0,103244.39703537953,0.0,103234.39703537953,0,,106735.23
2024-08-12 00:00:00+00:00,162.216,161.324,145.84894,59.628136,7.541859,0.48868778280542985,-10.0,102676.67400859731,0.0,102666.67400859731,0,,106148.31
2024-08-13 00:00:00+00:00,162.4,163.76,146.10117,57.36876,7.4745736,0.48868778280542985,-10.0,104227.0920211354,0.0,104217.0920211354,0,,107751.15
2024-08-14 00:00:00+00:00,164.4,163.804,146.3898,67.14636,7.188287,0.48868778280542985,-10.0,104255.09760506728,0.0,104245.09760506728,0,,107780.1
2024-08-15 00:00:00+00:00,165.0,166.422,146.65787,46.92207,5.6467156,0.48868778280542985,-10.0,105921.35560532298,0.0,105911.35560532298,0,,109502.695
2024-08-16 00:00:00+00:00,165.85,165.512,146.93597,51.31871,5.4637156,0.48868778280542985,-10.0,105342.17016467081,0.0,105332.17016467081,0,,108903.93
2024-08-19 00:00:00+00:00,165.184,166.576,147.19499,59.71899,5.1252866,0.48868778280542985,-10.0,106019.37277212013,0.0,106009.37277212013,0,,109604.03
2024-08-20 00:00:00+00:00,167.0,167.644,147.44601,61.23418,5.002144,0.48868778280542985,-10.0,106699.10890066529,0.0,106689.10890066529,0,,110306.75
2024-08-21 00:00:00+00:00,166.706,167.836,147.69077,58.424644,4.8381424,0.48868778280542985,-10.0,106821.30537703047,0.0,106811.30537703047,0,,110433.07
2024-08-22 00:00:00+00:00,168.0,164.186,147.93051,59.97273,4.465999,0.48868778280542985,-10.0,104498.21862049299,0.0,104488.21862049299,0,,108031.44
2024-08-23 00:00:00+00:00,166.0,165.654,148.14468,61.06362,4.1389976,0.48868778280542985,-10.0,105432.54287204854,0.0,105422.54287204854,0,,108997.35
2024-08-26 00:00:00+00:00,165.936,165.572,148.3637,67.4255,3.7768543,0.49101796407185627,-10.0,105380.35201579728,0.0,105370.35201579728,0,,108943.4
2024-08-27 00:00:00+00:00,164.634,166.348,148.57765,64.12333,3.4661396,0.49101796407185627,-10.0,105874.2520668967,0.0,105864.2520668967,0,,109453.99
2024-08-28 00:00:00+00:00,166.338,162.822,148.78406,75.02709,3.0508533,0.49101796407185627,-10.0,103630.08380645482,0.0,103620.08380645482,0,,107133.95
2024-08-29 00:00:00+00:00,164.46,166.254,148.97841,58.275787,3.0122812,0.49101796407185627,-10.0,105814.42243908682,0.0,105804.42243908682,0,,109392.15
2024-08-30 00:00:00+00:00,167.352,171.0,149.17493,59.111824,3.2268524,0.49101796407185627,-10.0,108835.07405354071,0.0,108825.07405354071,0,,112514.94
2024-09-03 00:00:00+00:00,171.28,167.172,149.39151,68.599106,3.3871384,0.49101796407185627,-10.0,106398.69699893377,0.0,106388.69699893377,0,,109996.17
2024-09-04 00:00:00+00:00,165.944,166.966,149.5732,56.225372,3.626139,0.7884854715081561,-10.0,106267.59179869918,0.0,106257.59179869918,0,,109860.64
2024-09-05 00:00:00+00:00,165.33,167.08,149.75713,55.735332,3.6777103,0.49101796407185627,-10.0,106340.14191645784,0.0,106330.14191645784,0,,109935.65
2024-09-06 00:00:00+00:00,167.802,165.008,149.94025,51.312756,3.66814,0.49101796407185627,-10.0,105021.38774490778,0.0,105011.38774490778,0,,108572.305
2024-09-09 00:00:00+00:00,166.698,171.116,150.11093,49.03905,3.970712,0.99,-10.0,108908.90057623782,0.0,108898.90057623782,0,,112591.26
2024-09-10 00:00:00+00:00,172.142,172.03,150.29959,57.25981,4.2482834,0.49101796407185627,-10.0,109490.62773622903,0.0,109480.62773622903,0,,113192.66
2024-09-11 00:00:00+00:00,171.654,175.192,150.49133,57.04828,4.359426,0.49101796407185627,-10.0,111503.12270783409,0.0,111493.12270783409,0,,115273.19
2024-09-12 00:00:00+00:00,176.006,177.226,150.69765,60.790993,4.7215695,0.5588235294117646,-10.0,112797.69072554144,0.0,112787.69072554144,0,,116611.53
2024-09-13 00:00:00+00:00,176.354,175.79,150.90987,70.0813,4.6531425,0.5588235294117646,-10.0,111883.72990646215,0.0,111873.72990646215,0,,115666.664
2024-09-16 00:00:00+00:00,177.0,178.492,151.11827,65.62459,4.563857,0.5588235294117646,-10.0,113603.4641282078,0.0,113593.4641282078,0,,117444.55
2024-09-17 00:00:00+00:00,178.13,177.166,151.34549,68.42765,4.674858,0.5588235294117646,-10.0,112759.51034239808,0.0,112749.51034239808,0,,116572.055
2024-09-18 00:00:00+00:00,177.552,178.078,151.55238,65.191246,4.7358584,0.5588235294117646,-10.0,113339.96197103604,0.0,113329.96197103604,0,,117172.13
2024-09-19 00:00:00+00:00,181.6,183.85,151.75703,73.120735,4.645716,0.5588235294117646,-10.0,117013.62379669302,0.0,117003.62379669302,0,,120970.01
2024-09-20 00:00:00+00:00,184.084,187.472,151.9855,74.90093,4.59843,0.5794392523364488,-10.0,119318.8817722581,0.0,119308.8817722581,0,,123353.21
2024-09-23 00:00:00+00:00,187.376,185.11,152.23524,74.076225,4.553144,0.5588235294117646,-10.0,117815.55575982433,0.0,117805.55575982433,0,,121799.06
2024-09-24 00:00:00+00:00,185.11,184.72,152.47256,77.39294,4.4040003,0.5794392523364488,-10.0,117567.33660061206,0.0,117557.33660061206,0,,121542.445
2024-09-25 00:00:00+00:00,179.694,178.006,152.70995,76.960434,4.4650006,0.5588235294117646,-10.0,113294.12691796548,0.0,113284.12691796548,0,,117124.75
2024-09-26 00:00:00+00:00,178.73,176.972,152.9123,63.821266,4.7761426,0.5794392523364488,-10.0,112636.0273179609,0.0,112626.0273179609,0,,116444.4
2024-09-27 00:00:00+00:00,176.808,176.358,153.09807,65.5425,4.6811423,0.5794392523364488,-10.0,112245.2403198008,0.0,112235.2403198008,0,,116040.4
2024-09-30 00:00:00+00:00,175.852,178.878,153.27473,57.94387,4.364857,0.5588235294117646,-10.0,113849.12835178098,0.0,113839.12835178098,0,,117698.516
2024-10-01 00:00:00+00:00,179.718,173.436,153.45265,59.895958,4.3594294,0.5588235294117646,-10.0,110385.4979646287,0.0,110375.4979646287,0,,114117.77
2024-10-02 00:00:00+00:00,173.8,176.082,153.60419,47.619312,4.3050003,0.5794392523364488,-10.0,112069.57065511742,0.0,112059.57065511742,0,,115858.78
2024-10-03 00:00:00+00:00,175.6,178.128,153.80421,48.474346,4.3494287,0.5794392523364488,-10.0,113371.7706376289,0.0,113361.7706376289,0,,117205.01
2024-10-04 00:00:00+00:00,179.958,183.536,153.99661,53.068096,4.375715,0.5794392523364488,-10.0,116813.74923219676,0.0,116803.74923219676,0,,120763.37
2024-10-07 00:00:00+00:00,183.824,181.188,154.21057,56.18015,4.498714,0.5588235294117646,-10.0,115319.34344847169,0.0,115309.34344847169,0,,119218.44
2024-10-08 00:00:00+00:00,185.194,184.4,154.4088,54.80756,4.581714,0.5794392523364488,-10.0,117363.6526980558,0.0,117353.6526980558,0,,121331.87
2024-10-09 00:00:00+00:00,184.392,187.73,154.637,57.16292,4.862429,0.5588235294117646,-10.0,119483.0687313974,0.0,119473.0687313974,0,,123522.94
2024-10-10 00:00:00+00:00,186.642,188.926,154.8749,54.653606,4.803286,0.5588235294117646,-10.0,120244.28366028811,0.0,120234.28366028811,0,,124309.89
2024-10-11 00:00:00+00:00,188.564,187.718,155.12196,51.851658,4.7070007,0.5588235294117646,-10.0,119475.44543104376,0.0,119465.44543104376,0,,123515.06
2024-10-14 00:00:00+00:00,189.478,188.938,155.35933,53.42186,4.5232873,0.5588235294117646,-10.0,120251.93681190874,0.0,120241.93681190874,0,,124317.805
2024-10-15 00:00:00+00:00,189.056,185.592,155.60027,55.41631,4.4411435,0.5588235294117646,-10.0,118122.32873451713,0.0,118112.32873451713,0,,122116.195
2024-10-16 00:00:00+00:00,184.992,183.774,155.82576,60.663486,4.2052865,0.5794392523364488,-10.0,116965.2418856892,0.0,116955.2418856892,0,,120919.984
2024-10-17 00:00:00+00:00,186.556,183.424,156.03815,59.35524,4.1072855,0.5794392523364488,-10.0,116742.47606006156,0.0,116732.47606006156,0,,120689.69
2024-10-18 00:00:00+00:00,184.2,184.35,156.26775,59.789413,4.223999,0.5588235294117646,-10.0,117331.85201625638,0.0,117321.85201625638,0,,121298.99
2024-10-21 00:00:00+00:00,180.4,183.668,156.51419,57.93136,4.116285,0.5588235294117646,-10.0,116897.77800833128,0.0,116887.77800833128,0,,120850.24
2024-10-22 00:00:00+00:00,183.298,183.59,156.76067,67.20473,3.9737146,0.5794392523364488,-10.0,116848.1334982821,0.0,116838.1334982821,0,,120798.914
2024-10-23 00:00:00+00:00,183.294,181.536,157.00246,63.81772,3.8121436,0.5588235294117646,-10.0,115540.84001156606,0.0,115530.84001156606,0,,119447.42
2024-10-24 00:00:00+00:00,189.678,191.316,157.21387,56.27022,3.8642862,0.5794392523364488,-10.0,121765.44773220661,0.0,121755.44773220661,0,,125882.49
2024-10-25 00:00:00+00:00,191.452,190.17,157.47179,62.330414,4.499286,0.5977011494252874,-10.0,121036.06198663692,0.0,121026.06198663692,0,,125128.44
2024-10-28 00:00:00+00:00,191.802,189.0,157.70833,64.7993,4.4300003,0.5977011494252874,-10.0,120291.40075569964,0.0,120281.40075569964,0,,124358.61
2024-10-29 00:00:00+00:00,190.0,190.616,157.92686,58.126064,4.114857,0.5794392523364488,-10.0,121319.92667075044,0.0,121309.92667075044,0,,125421.91
2024-10-30 00:00:00+00:00,190.206,190.0,158.15077,55.426853,3.9855716,0.5588235294117646,-10.0,120927.87101239162,0.0,120917.87101239162,0,,125016.59
2024-10-31 00:00:00+00:00,188.16,186.598,158.37321,52.064598,3.9562857,0.5588235294117646,-10.0,118762.6290287322,0.0,118752.6290287322,0,,122778.14
2024-11-01 00:00:00+00:00,187.472,188.682,158.57866,48.014477,4.189571,0.5977011494252874,-10.0,120089.01290861011,0.0,120079.01290861011,0,,124149.37
2024-11-04 00:00:00+00:00,188.806,190.918,158.77611,49.559658,4.288571,0.5794392523364488,-10.0,121512.1392214912,0.0,121502.1392214912,0,,125620.61
2024-11-05 00:00:00+00:00,192.292,194.208,158.9816,59.525013,4.262714,0.5794392523364488,-10.0,123606.10168933345,0.0,123596.10168933345,0,,127785.375
2024-11-06 00:00:00+00:00,198.8,198.896,159.20018,67.7268,4.310429,0.5588235294117646,-10.0,126589.8351465862,0.0,126579.8351465862,0,,130870.0
2024-11-07 00:00:00+00:00,199.36,203.056,159.44124,72.90927,4.4247165,0.5794392523364488,-10.0,129237.52589052594,0.0,129227.52589052594,0,,133607.22
2024-11-08 00:00:00+00:00,202.188,201.616,159.6931,75.277016,4.695002,0.5588235294117646,-10.0,128321.01969811576,0.0,128311.01969811576,0,,132659.72
2024-11-11 00:00:00+00:00,202.6,207.202,159.9345,73.7659,4.59443,0.5588235294117646,-10.0,131876.30063556775,0.0,131866.30063556775,0,,136335.2
2024-11-12 00:00:00+00:00,206.156,209.658,160.20107,77.28577,4.87843,0.5794392523364488,-10.0,133439.4591864019,0.0,133429.4591864019,0,,137951.22
2024-11-13 00:00:00+00:00,209.658,209.11,160.46211,82.198326,4.9841437,0.5794392523364488,-10.0,133090.677412105,0.0,133080.677412105,0,,137590.64
2024-11-14 00:00:00+00:00,209.8,207.96,160.72192,75.834854,4.213573,0.5588235294117646,-10.0,132358.74760670072,0.0,132348.74760670072,0,,136833.97
2024-11-15 00:00:00+00:00,204.794,202.278,160.99632,75.82605,4.274002,0.5588235294117646,-10.0,128742.36376645758,0.0,128732.36376645758,0,,133095.31
2024-11-18 00:00:00+00:00,203.308,201.068,161.23672,67.04318,4.585288,0.5794392523364488,-10.0,127972.23696904366,0.0,127962.23696904366,0,,132299.14
2024-11-19 00:00:00+00:00,199.534,204.42,161.46075,63.557117,4.5715737,0.5794392523364488,-10.0,130105.67000387015,0.0,130095.67000387015,0,,134504.7
2024-11-20 00:00:00+00:00,205.6,204.596,161.69801,67.464386,4.834287,0.5794392523364488,-10.0,130217.68181188025,0.0,130207.68181188025,0,,134620.5
2024-11-21 00:00:00+00:00,206.726,209.41,161.94354,73.64546,4.825288,0.5588235294117646,-10.0,133281.61156049473,0.0,133271.61156049473,0,,137788.03
2024-11-22 00:00:00+00:00,210.2,212.12,162.20021,75.40942,4.9634314,0.5588235294117646,-10.0,135006.42516339335,0.0,134996.42516339335,0,,139571.16
2024-11-25 00:00:00+00:00,212.92,210.542,162.4614,75.6919,4.9458594,0.5794392523364488,-10.0,134002.09393753365,0.0,133992.09393753365,0,,138532.88
2024-11-26 00:00:00+00:00,212.0,214.014,162.70117,70.64982,4.9524307,0.5794392523364488,-10.0,136211.89795565544,0.0,136201.89795565544,0,,140817.39
2024-11-27 00:00:00+00:00,212.738,208.28,162.98389,69.718796,4.8687143,0.5588235294117646,-10.0,132562.41274819593,0.0,132552.41274819593,0,,137044.52
2024-11-29 00:00:00+00:00,208.47,209.888,163.25153,56.545048,4.893,0.5588235294117646,-10.0,133585.84113307355,0.0,133575.84113307355,0,,138102.55
2024-12-02 00:00:00+00:00,209.68,209.686,163.50897,60.32039,4.874285,0.5588235294117646,-10.0,133457.2812462047,0.0,133447.2812462047,0,,137969.64
2024-12-03 00:00:00+00:00,208.018,211.464,163.7774,53.580086,4.5872836,0.5588235294117646,-10.0,134588.9131468779,0.0,134578.9131468779,0,,139139.53
2024-12-04 00:00:00+00:00,216.734,224.626,164.06972,52.65479,4.5101404,0.5588235294117646,-10.0,142966.0325528302,0.0,142956.0325528302,0,,147799.9
2024-12-05 00:00:00+00:00,223.02,224.744,164.44002,66.63808,5.2408547,0.5588235294117646,-10.0,143041.14052133466,0.0,143031.14052133466,0,,147877.55
2024-12-06 00:00:00+00:00,227.124,224.868,164.8158,68.40511,5.1764255,0.5588235294117646,-10.0,143120.0564032465,0.0,143110.0564032465,0,,147959.14
2024-12-09 00:00:00+00:00,224.84,224.096,165.17091,78.2107,4.8937106,0.5588235294117646,-10.0,142628.70121483083,0.0,142618.70121483083,0,,147451.17
2024-12-10 00:00:00+00:00,222.804,225.568,165.52043,79.07577,5.04914,0.5794392523364488,-10.0,143565.58212455263,0.0,143555.58212455263,0,,148419.73
2024-12-11 00:00:00+00:00,227.208,229.436,165.8686,78.032875,5.0625687,0.5588235294117646,-10.0,146027.4301798999,0.0,146017.4301798999,0,,150964.83
2024-12-12 00:00:00+00:00,228.188,229.684,166.24866,79.99132,5.129426,0.5588235294117646,-10.0,146185.2669401158,0.0,146175.2669401158,0,,151128.0
2024-12-13 00:00:00+00:00,226.0,224.22,166.63728,77.51181,4.949427,0.01,-10.0,142707.6324395325,0.0,142697.6324395325,0,,147532.78
2024-12-16 00:00:00+00:00,223.56,225.986,166.98705,65.27779,5.181999,0.5588235294117646,-10.0,143831.62026627085,0.0,143821.62026627085,0,,148694.77
2024-12-17 00:00:00+00:00,226.0,222.944,167.34334,69.40784,5.2505713,0.5588235294117646,-10.0,141895.50372240006,0.0,141885.50372240006,0,,146693.19
2024-12-18 00:00:00+00:00,223.498,212.198,167.68198,61.34457,5.272572,0.5588235294117646,-10.0,135056.07964276196,0.0,135046.07964276196,0,,139622.52
2024-12-19 00:00:00+00:00,214.048,214.974,168.0028,54.415146,5.704144,0.5794392523364488,-10.0,136822.90308189232,0.0,136812.90308189232,0,,141449.08
2024-12-20 00:00:00+00:00,212.0,218.25,168.33662,55.584347,5.792716,0.5794392523364488,-10.0,138907.94734580006,0.0,138897.94734580006,0,,143604.62
2024-12-23 00:00:00+00:00,217.2,217.652,168.65979,58.80852,6.336146,0.5794392523364488,-10.0,138527.33602509665,0.0,138517.33602509665,0,,143211.14
2024-12-24 00:00:00+00:00,219.416,221.112,168.99037,56.52301,6.3002887,0.5588235294117646,-10.0,140729.493503543,0.0,140719.493503543,0,,145487.75
2024-12-26 00:00:00+00:00,220.0,219.822,169.33919,45.34322,5.5714316,0.5588235294117646,-10.0,139908.46319528882,0.0,139898.46319528882,0,,144638.97
2024-12-27 00:00:00+00:00,218.4,216.292,169.64874,43.67385,5.4998603,0.5588235294117646,-10.0,137661.75083727768,0.0,137651.75083727768,0,,142316.3
2024-12-30 00:00:00+00:00,213.194,213.54,169.95332,39.86482,5.7871475,0.5588235294117646,-10.0,135910.19438321635,0.0,135900.19438321635,0,,140505.52
2024-12-31 00:00:00+00:00,214.7,212.024,170.24153,38.082558,5.7574334,0.5588235294117646,-10.0,134945.32300512824,0.0,134935.32300512824,0,,139508.02
2025-01-02 00:00:00+00:00,214.704,210.868,170.55774,34.72437,5.574862,0.5588235294117646,-10.0,134209.57200023875,0.0,134199.57200023875,0,,138747.39
2025-01-03 00:00:00+00:00,211.86,214.754,170.85628,27.693413,5.612719,0.5588235294117646,-10.0,136682.86169687458,0.0,136672.86169687458,0,,141304.3
2025-01-06 00:00:00+00:00,216.794,215.41,171.17311,33.505672,5.6430044,0.5588235294117646,-10.0,137100.3920345638,0.0,137090.3920345638,0,,141735.95
2025-01-07 00:00:00+00:00,214.82,210.83,171.4826,39.11002,5.387861,0.5588235294117646,-10.0,134185.38937594526,0.0,134175.38937594526,0,,138722.39
2025-01-08 00:00:00+00:00,212.376,209.816,171.76357,32.484303,5.616432,0.5588235294117646,-10.0,133540.00891237348,0.0,133530.00891237348,0,,138055.19
2025-01-10 00:00:00+00:00,207.826,204.914,172.0385,34.08188,5.602575,0.5588235294117646,-10.0,130420.07466145892,0.0,130410.07466145892,0,,134829.77
2025-01-13 00:00:00+00:00,202.226,203.148,172.28844,39.709553,5.1805735,0.5794392523364488,-10.0,129296.07595897008,0.0,129286.07595897008,0,,133667.77
2025-01-14 00:00:00+00:00,206.88,206.258,172.5256,32.80206,5.260716,0.5588235294117646,-10.0,131275.48191843354,0.0,131265.48191843354,0,,135714.11
2025-01-15 00:00:00+00:00,210.662,210.826,172.7979,32.476044,4.8814306,0.5588235294117646,-10.0,134182.84781957619,0.0,134172.84781957619,0,,138719.77
2025-01-16 00:00:00+00:00,211.708,211.432,173.08961,41.06219,5.02486,0.5794392523364488,-10.0,134568.53956087888,0.0,134558.53956087888,0,,139118.5
2025-01-17 00:00:00+00:00,214.516,214.296,173.3784,36.30139,4.9374304,0.5588235294117646,-10.0,136391.37156713102,0.0,136381.37156713102,0,,141002.95
2025-01-21 00:00:00+00:00,217.744,219.37,173.69289,42.51342,5.0854297,0.5794392523364488,-10.0,139620.77394378697,0.0,139610.77394378697,0,,144341.55
2025-01-22 00:00:00+00:00,223.0,225.034,174.03058,54.002583,5.032285,0.5794392523364488,-10.0,143225.70146068977,0.0,143215.70146068977,0,,148068.38
2025-01-23 00:00:00+00:00,223.53,226.84,174.3982,63.894394,5.141143,0.5794392523364488,-10.0,144375.14612108356,0.0,144365.14612108356,0,,149256.67
2025-01-24 00:00:00+00:00,228.224,224.996,174.7489,67.785446,5.1251426,0.5794392523364488,-10.0,143201.5118570059,0.0,143191.5118570059,0,,148043.36
2025-01-27 00:00:00+00:00,223.484,228.124,175.08829,66.68399,5.032,0.5588235294117646,-10.0,145192.36024517566,0.0,145182.36024517566,0,,150101.53
2025-01-28 00:00:00+00:00,230.0,234.078,175.44669,66.07666,5.534571,0.5794392523364488,-10.0,148981.86927179835,0.0,148971.86927179835,0,,154019.17
2025-01-29 00:00:00+00:00,232.182,228.726,175.84789,69.91041,6.251142,0.5794392523364488,-10.0,145575.51466034653,0.0,145565.51466034653,0,,150497.64
2025-01-30 00:00:00+00:00,205.424,202.55,176.22017,68.7778,6.174857,0.5588235294117646,-10.0,128915.47617349174,0.0,128905.47617349174,0,,133274.3
2025-01-31 00:00:00+00:00,206.402,203.676,176.4642,45.010582,8.073857,0.5977011494252874,-10.0,129632.12849535473,0.0,129622.12849535473,0,,134015.17
2025-02-03 00:00:00+00:00,201.3,204.188,176.74678,49.103386,7.959572,0.5588235294117646,-10.0,129958.00882326016,0.0,129948.00882326016,0,,134352.08
2025-02-04 00:00:00+00:00,207.982,202.026,177.02293,50.76715,8.066714,0.5977011494252874,-10.0,128581.97595801114,0.0,128571.97595801114,0,,132929.52
2025-02-05 00:00:00+00:00,203.072,205.412,177.29662,46.834045,8.406714,0.5977011494252874,-10.0,130737.03945720154,0.0,130727.03945720154,0,,135157.44
2025-02-06 00:00:00+00:00,204.584,204.66,177.59232,45.87687,8.270286,0.5977011494252874,-10.0,130258.42197004148,0.0,130248.42197004148,0,,134662.64
2025-02-07 00:00:00+00:00,205.0,201.658,177.9017,44.8541,8.339143,0.5588235294117646,-10.0,128347.76196665049,0.0,128337.76196665049,0,,132687.38
2025-02-10 00:00:00+00:00,203.51,204.362,178.18805,40.41675,8.561286,0.5588235294117646,-10.0,130068.74888292681,0.0,130058.74888292681,0,,134466.55
2025-02-11 00:00:00+00:00,203.0,201.81,178.46892,38.19532,8.438714,0.5588235294117646,-10.0,128444.49588165627,0.0,128434.49588165627,0,,132787.38
2025-02-12 00:00:00+00:00,199.25,196.48,178.73167,30.79264,8.210428,0.5588235294117646,-10.0,125052.14869731713,0.0,125042.14869731713,0,,129280.33
2025-02-13 00:00:00+00:00,196.48,197.896,178.99782,26.273834,8.347571,0.5794392523364488,-10.0,125953.37422239785,0.0,125943.37422239785,0,,130212.03
2025-02-14 00:00:00+00:00,195.82,197.326,179.26375,28.678873,8.280856,0.5794392523364488,-10.0,125590.59383603644,0.0,125580.59383603644,0,,129836.99
2025-02-18 00:00:00+00:00,197.6,199.496,179.52922,24.753265,7.822284,0.5588235294117646,-10.0,126971.72075022463,0.0,126961.72075022463,0,,131264.81
2025-02-19 00:00:00+00:00,199.464,197.428,179.83337,19.776258,7.213998,0.5588235294117646,-10.0,125655.51388883145,0.0,125645.51388883145,0,,129904.1
2025-02-20 00:00:00+00:00,196.016,193.596,180.1349,20.980597,7.099569,0.5588235294117646,-10.0,123216.59101347209,0.0,123206.59101347209,0,,127382.71
2025-02-21 00:00:00+00:00,192.94,187.682,180.40717,35.82419,5.3087115,0.5588235294117646,-10.0,119452.55879897974,0.0,119442.55879897974,0,,123491.414
2025-02-24 00:00:00+00:00,188.808,185.516,180.62892,28.012112,5.460711,0.5588235294117646,-10.0,118073.98422857567,0.0,118063.98422857567,0,,122066.22
2025-02-25 00:00:00+00:00,184.744,184.458,180.82994,25.44708,5.432568,0.5588235294117646,-10.0,117400.5974784165,0.0,117390.5974784165,0,,121370.07
2025-02-26 00:00:00+00:00,185.86,188.392,181.0389,26.208004,5.2075686,0.5588235294117646,-10.0,119904.44420639223,0.0,119894.44420639223,0,,123958.57
2025-02-27 00:00:00+00:00,189.632,184.192,181.25983,27.287281,5.373141,0.5588235294117646,-10.0,117231.30348587479,0.0,117221.30348587479,0,,121195.05
2025-02-28 00:00:00+00:00,184.194,185.952,181.45786,24.987778,5.6119986,0.5588235294117646,-10.0,118351.4744523701,0.0,118341.4744523701,0,,122353.09
2025-03-03 00:00:00+00:00,187.202,182.062,181.65782,30.206167,5.385427,0.5588235294117646,-10.0,115875.63468032007,0.0,115865.63468032007,0,,119793.55
2025-03-04 00:00:00+00:00,180.0,181.218,181.83801,22.711695,5.549857,0.5588235294117646,-10.0,115338.46406230681,0.0,115328.46406230681,0,,119238.21
2025-03-05 00:00:00+00:00,181.0,183.158,182.02248,23.702494,5.871714,0.5588235294117646,-10.0,116573.20289957128,0.0,116563.20289957128,0,,120514.695
2025-03-06 00:00:00+00:00,178.0,173.418,182.1777,31.374094,5.822715,0.5588235294117646,-10.0,110374.05777703472,0.0,110364.05777703472,0,,114105.95
2025-03-07 00:00:00+00:00,171.3,170.126,182.28677,22.238356,6.337287,0.5588235294117646,-10.0,108278.8263233212,0.0,108268.8263233212,0,,111939.875
2025-03-10 00:00:00+00:00,164.68,156.766,182.37236,20.94514,6.5430017,0.5588235294117646,-10.0,99775.68862375469,0.0,99765.68862375469,0,,103149.24
2025-03-11 00:00:00+00:00,160.0,161.68,182.382,13.162527,7.245574,0.5794392523364488,-10.0,102903.25371535601,0.0,102893.25371535601,0,,106382.555
2025-03-12 00:00:00+00:00,166.958,168.628,182.41336,20.623222,7.4880013,0.5794392523364488,-10.0,107325.40538045974,0.0,107315.40538045974,0,,110954.22
2025-03-13 00:00:00+00:00,166.0,162.324,182.48567,30.481558,7.667717,0.5588235294117646,-10.0,103313.14246508511,0.0,103303.14246508511,0,,106806.3
2025-03-14 00:00:00+00:00,164.552,168.866,182.53914,30.296814,7.699004,0.5588235294117646,-10.0,107476.87267852589,0.0,107466.87267852589,0,,111110.81
2025-03-17 00:00:00+00:00,167.8,168.586,182.64496,37.886673,7.791432,0.5588235294117646,-10.0,107298.66080350181,0.0,107288.66080350181,0,,110926.57
2025-03-18 00:00:00+00:00,167.486,166.0,182.75903,38.32048,7.667289,0.5588235294117646,-10.0,105652.7728530551,0.0,105642.7728530551,0,,109225.03
2025-03-19 00:00:00+00:00,167.146,168.824,182.85791,33.189186,7.5568585,0.5588235294117646,-10.0,107450.15042849,0.0,107440.15042849,0,,111083.18
2025-03-20 00:00:00+00:00,165.448,164.824,183.05875,38.21906,7.418144,0.5588235294117646,-10.0,104904.29929344302,0.0,104894.29929344302,0,,108451.25
2025-03-21 00:00:00+00:00,163.228,165.55,183.22594,34.34128,7.595431,0.5794392523364488,-10.0,105366.36748814152,0.0,105356.36748814152,0,,108928.945
2025-03-24 00:00:00+00:00,169.2,169.946,183.39357,37.16019,7.363716,0.5588235294117646,-10.0,108164.25223349898,0.0,108154.25223349898,0,,111821.43
2025-03-25 00:00:00+00:00,171.646,172.276,183.5713,41.693684,7.1541443,0.5588235294117646,-10.0,109647.21229664351,0.0,109637.21229664351,0,,113354.53
2025-03-26 00:00:00+00:00,171.268,167.71,183.72858,42.0269,7.091858,0.5588235294117646,-10.0,106741.13129284348,0.0,106731.13129284348,0,,110350.19
2025-03-27 00:00:00+00:00,167.008,165.548,183.86397,45.47473,6.6605716,0.5588235294117646,-10.0,105365.10013987888,0.0,105355.10013987888,0,,108927.63
2025-03-28 00:00:00+00:00,164.0,159.552,183.99289,46.304367,6.3820004,0.5588235294117646,-10.0,101548.86893139959,0.0,101538.86893139959,0,,104982.37
2025-03-31 00:00:00+00:00,156.304,159.228,184.0815,52.552494,5.889,0.5588235294117646,-10.0,101342.65057166143,0.0,101332.65057166143,0,,104769.17
2025-04-01 00:00:00+00:00,159.644,162.312,184.1656,47.54722,5.8462873,0.5588235294117646,-10.0,103305.4965896158,0.0,103295.4965896158,0,,106798.38
2025-04-02 00:00:00+00:00,158.936,164.806,184.25566,43.152634,5.5517144,0.5588235294117646,-10.0,104892.83527356891,0.0,104882.83527356891,0,,108439.39
2025-04-03 00:00:00+00:00,156.55,154.814,184.36993,52.933105,5.4848566,0.5794392523364488,-10.0,98533.29899800866,0.0,98523.29899800866,0,,101864.83
2025-04-04 00:00:00+00:00,151.268,144.33,184.41542,34.64598,5.9040003,0.5794392523364488,-10.0,91860.63025945361,0.0,91850.63025945361,0,,94966.55
2025-04-07 00:00:00+00:00,137.6,147.1,184.41158,28.32893,6.4031425,0.5794392523364488,-10.0,93623.6286220688,0.0,93613.6286220688,0,,96789.15
2025-04-08 00:00:00+00:00,153.602,145.52,184.4169,33.16949,7.223286,0.5588235294117646,-10.0,92618.01765704271,0.0,92608.01765704271,0,,95749.54
2025-04-09 00:00:00+00:00,145.0,165.19,184.41019,28.777504,7.776,0.6538461538461539,-10.0,105137.23768463006,0.0,105127.23768463006,0,,108692.05
2025-04-10 00:00:00+00:00,161.418,156.698,184.48682,50.2593,8.825999,0.5794392523364488,-10.0,99732.3934558825,0.0,99722.3934558825,0,,103104.46
2025-04-11 00:00:00+00:00,154.262,157.134,184.53072,44.350266,9.46557,0.5794392523364488,-10.0,100009.89525304048,0.0,99999.89525304048,0,,103391.34
2025-04-14 00:00:00+00:00,160.444,159.964,184.56157,41.387474,9.553429,0.5588235294117646,-10.0,101811.08741446098,0.0,101801.08741446098,0,,105253.44
2025-04-15 00:00:00+00:00,160.192,163.3,184.60748,41.77885,9.627714,0.5794392523364488,-10.0,103934.32827330916,0.0,103924.32827330916,0,,107448.48
2025-04-16 00:00:00+00:00,160.922,159.332,184.64986,47.006107,9.603999,0.5588235294117646,-10.0,101408.84396147846,0.0,101398.84396147846,0,,104837.6
2025-04-17 00:00:00+00:00,160.012,154.432,184.65984,45.881042,9.784714,0.5977011494252874,-10.0,98290.17984610982,0.0,98280.17984610982,0,,101613.49
2025-04-21 00:00:00+00:00,151.872,151.198,184.64304,46.557293,9.682284,0.5794392523364488,-10.0,96231.85402395955,0.0,96221.85402395955,0,,99485.57
2025-04-22 00:00:00+00:00,152.56,153.366,184.60492,44.803936,9.519285,0.5977011494252874,-10.0,97611.70823786058,0.0,97601.70823786058,0,,100912.08
2025-04-23 00:00:00+00:00,164.208,162.54,184.58583,44.14176,9.575857,0.5794392523364488,-10.0,103450.61336270983,0.0,103440.61336270983,0,,106948.41
2025-04-24 00:00:00+00:00,180.062,187.714,184.59206,48.635494,10.070857,0.5977011494252874,-10.0,119472.92588367555,0.0,119462.92588367555,0,,123512.45
2025-04-25 00:00:00+00:00,188.8,189.052,184.76443,66.7488,10.992287,0.5794392523364488,-10.0,120324.51468808299,0.0,120314.51468808299,0,,124392.836
2025-04-28 00:00:00+00:00,191.97,187.482,184.96568,75.104965,10.6381445,0.5794392523364488,-10.0,119325.26103914768,0.0,119315.26103914768,0,,123359.8
2025-04-29 00:00:00+00:00,188.0,188.572,185.15994,72.97825,9.979715,0.5588235294117646,-10.0,120019.01288762364,0.0,120009.01288762364,0,,124077.01
2025-04-30 00:00:00+00:00,186.112,191.002,185.35365,74.63492,9.322431,0.5555555555555556,-10.0,121565.61218695034,0.0,121555.61218695034,0,,125675.9
2025-05-01 00:00:00+00:00,194.772,191.59,185.55019,68.40033,8.3055725,0.5588235294117646,-10.0,121939.84714573204,0.0,121929.84714573204,0,,126062.78
2025-05-02 00:00:00+00:00,195.784,195.472,185.74028,78.032,7.716144,0.5588235294117646,-10.0,124410.59268770517,0.0,124400.59268770517,0,,128617.07
2025-05-05 00:00:00+00:00,194.6,195.61,185.95685,79.18455,7.654287,0.5588235294117646,-10.0,124498.42126783391,0.0,124488.42126783391,0,,128707.87
2025-05-06 00:00:00+00:00,193.808,193.052,186.19884,78.29495,7.5714297,0.5578500651350223,-10.0,122870.3528426269,0.0,122860.3528426269,0,,127024.76
2025-05-07 00:00:00+00:00,194.244,196.658,186.42532,73.91177,7.4114294,0.5555555555555556,-10.0,125165.43631617952,0.0,125155.43631617952,0,,129397.44
2025-05-08 00:00:00+00:00,197.0,194.898,186.65741,80.17461,7.291715,0.5588235294117646,-10.0,124045.25850494803,0.0,124035.25850494803,0,,128239.38
2025-05-09 00:00:00+00:00,196.0,196.012,186.8754,84.46258,7.12243,0.5588235294117646,-10.0,124754.28222554568,0.0,124744.28222554568,0,,128972.375
2025-05-12 00:00:00+00:00,201.704,203.12,187.08994,89.595314,6.9140005,0.41727861227661406,-10.0,129278.26026697572,0.0,129268.26026697572,0,,133649.33
2025-05-13 00:00:00+00:00,204.6,207.344,187.37466,90.430664,7.0961432,0.5588235294117646,-10.0,131966.6771521768,0.0,131956.6771521768,0,,136428.62
2025-05-14 00:00:00+00:00,207.4,205.364,187.5826,89.593475,6.485429,0.5582801980035619,-10.0,130706.48515648292,0.0,130696.48515648292,0,,135125.83
2025-05-15 00:00:00+00:00,206.884,207.036,187.78181,76.43321,4.886428,0.5588235294117646,-10.0,131770.64989236428,0.0,131760.64989236428,0,,136225.98
2025-05-16 00:00:00+00:00,207.678,208.036,188.01793,76.66664,4.713,0.5555555555555556,-10.0,132407.1182065755,0.0,132397.1182065755,0,,136883.97
2025-05-19 00:00:00+00:00,205.79,205.15,188.25931,81.0015,4.380285,0.5588235294117646,-10.0,130570.284114443,0.0,130560.284114443,0,,134985.03
2025-05-20 00:00:00+00:00,203.0,204.368,188.47067,73.71944,4.486713,0.5588235294117646,-10.0,130072.5715732391,0.0,130062.5715732391,0,,134470.48
2025-05-21 00:00:00+00:00,201.78,202.952,188.68114,70.07027,4.1319985,0.5588235294117646,-10.0,129171.34004531696,0.0,129161.34004531696,0,,133538.78
2025-05-22 00:00:00+00:00,202.952,203.154,188.90524,66.647125,4.154141,0.5794392523364488,-10.0,129299.91688302095,0.0,129289.91688302095,0,,133671.7
2025-05-23 00:00:00+00:00,200.0,200.874,189.13976,62.615784,3.9848545,0.5588235294117646,-10.0,127848.77385966489,0.0,127838.77385966489,0,,132171.5
2025-05-27 00:00:00+00:00,202.722,205.478,189.35117,58.076572,3.9921417,0.5794392523364488,-10.0,130779.05411056019,0.0,130769.05411056019,0,,135200.86
2025-05-28 00:00:00+00:00,205.478,204.26,189.60228,67.938995,4.148857,0.5588235294117646,-10.0,130003.83747561341,0.0,129993.83747561341,0,,134399.42
2025-05-29 00:00:00+00:00,204.634,203.046,189.82744,61.78748,4.112285,0.5588235294117646,-10.0,129231.17813533873,0.0,129221.17813533873,0,,133600.64
2025-05-30 00:00:00+00:00,204.0,202.218,190.03159,62.851746,4.1221423,0.5794392523364488,-10.0,128704.18484376358,0.0,128694.18484376358,0,,133055.83
2025-06-02 00:00:00+00:00,201.828,202.422,190.23605,59.87777,4.154285,0.5794392523364488,-10.0,128834.01506257318,0.0,128824.01506257318,0,,133190.05
2025-06-03 00:00:00+00:00,202.364,202.176,190.42937,48.576096,3.8787134,0.5588235294117646,-10.0,128677.44577639895,0.0,128667.44577639895,0,,133028.17
2025-06-04 00:00:00+00:00,202.312,202.548,190.62123,37.414776,3.683998,0.5588235294117646,-10.0,128914.21168268027,0.0,128904.21168268027,0,,133272.94
2025-06-05 00:00:00+00:00,205.462,203.52,190.80186,42.55974,3.6159985,0.5588235294117646,-10.0,129532.85669571436,0.0,129522.85669571436,0,,133912.5
2025-06-06 00:00:00+00:00,205.246,206.042,190.9919,40.35342,3.6161401,0.5588235294117646,-10.0,131138.0181225418,0.0,131128.0181225418,0,,135571.94
2025-06-09 00:00:00+00:00,206.2,205.372,191.18922,44.950916,3.7254257,0.5588235294117646,-10.0,130711.57687897008,0.0,130701.57687897008,0,,135131.08
2025-06-10 00:00:00+00:00,204.228,201.958,191.37787,50.633198,3.6152835,0.5588235294117646,-10.0,128538.6933716446,0.0,128528.6933716446,0,,132884.73
2025-06-11 00:00:00+00:00,202.048,200.866,191.54848,44.023415,3.8339975,0.5588235294117646,-10.0,127843.68011263853,0.0,127833.68011263853,0,,132166.22
2025-06-12 00:00:00+00:00,200.52,201.474,191.73187,44.742428,3.7077124,0.5588235294117646,-10.0,128230.64286995654,0.0,128220.64286995654,0,,132566.27
2025-06-13 00:00:00+00:00,199.606,197.732,191.91098,45.85061,3.675426,0.5588235294117646,-10.0,125848.99398958594,0.0,125838.99398958594,0,,130104.09
2025-06-16 00:00:00+00:00,198.4,201.026,192.07178,42.762383,3.7898538,0.5794392523364488,-10.0,127945.50006843415,0.0,127935.50006843415,0,,132271.48
2025-06-17 00:00:00+00:00,200.77,200.982,192.24516,39.08612,3.8305676,0.5794392523364488,-10.0,127917.48923387426,0.0,127907.48923387426,0,,132242.53
2025-06-18 00:00:00+00:00,200.888,196.416,192.43597,41.473328,3.7329962,0.5794392523364488,-10.0,125011.40476452788,0.0,125001.40476452788,0,,129238.19
2025-06-20 00:00:00+00:00,197.118,194.282,192.58678,35.314976,3.8467114,0.5794392523364488,-10.0,123653.18902358027,0.0,123643.18902358027,0,,127834.05
2025-06-23 00:00:00+00:00,194.282,196.08,192.70319,33.3836,3.8917117,0.5794392523364488,-10.0,124797.54670765225,0.0,124787.54670765225,0,,129017.09
2025-06-24 00:00:00+00:00,198.0,199.264,192.84773,37.552044,3.9895694,0.5794392523364488,-10.0,126824.05067826051,0.0,126814.05067826051,0,,131112.12
2025-06-25 00:00:00+00:00,199.656,201.032,193.00922,44.875435,4.1088552,0.5794392523364488,-10.0,127949.3133282654,0.0,127939.3133282654,0,,132275.42
2025-06-26 00:00:00+00:00,201.436,202.288,193.17899,47.45705,4.1529975,0.5794392523364488,-10.0,128748.70978492835,0.0,128738.70978492835,0,,133101.86
2025-06-27 00:00:00+00:00,202.556,204.484,193.36539,47.95293,4.158142,0.5588235294117646,-10.0,130146.37925006064,0.0,130136.37925006064,0,,134546.78
2025-06-30 00:00:00+00:00,205.948,205.616,193.53223,47.3829,4.2057147,0.5794392523364488,-10.0,130866.86442543103,0.0,130856.86442543103,0,,135291.64
2025-07-01 00:00:00+00:00,205.452,202.378,193.70015,50.403606,4.2271433,0.5588235294117646,-10.0,128806.00110647177,0.0,128796.00110647177,0,,133161.1
2025-07-02 00:00:00+00:00,200.074,201.952,193.83607,50.69881,4.36243,0.5588235294117646,-10.0,128534.8647787833,0.0,128524.8647787833,0,,132880.78
2025-07-03 00:00:00+00:00,203.546,208.938,193.95972,51.847816,4.41343,0.5588235294117646,-10.0,132981.19295757494,0.0,132971.19295757494,0,,137477.45
2025-07-07 00:00:00+00:00,208.646,207.002,194.12544,60.435074,4.9018598,0.5794392523364488,-10.0,131749.0025672019,0.0,131739.0025672019,0,,136203.6
2025-07-08 00:00:00+00:00,207.436,204.596,194.268,63.64921,4.7904315,0.5588235294117646,-10.0,130217.67277162605,0.0,130207.67277162605,0,,134620.48
2025-07-09 00:00:00+00:00,204.9,202.742,194.40515,55.397625,4.7791452,0.5794392523364488,-10.0,129037.6800486695,0.0,129027.6800486695,0,,133400.6
2025-07-10 00:00:00+00:00,202.74,193.618,194.52847,52.52295,4.86986,0.5794392523364488,-10.0,123230.59003943157,0.0,123220.59003943157,0,,127397.16
2025-07-11 00:00:00+00:00,192.0,187.756,194.57732,46.452656,5.163574,0.5777762708690048,-10.0,119499.6459435852,0.0,119489.6459435852,0,,123540.07
2025-07-14 00:00:00+00:00,187.74,192.356,194.57874,42.44081,5.354431,0.625,-10.0,122427.37450526381,0.0,122417.37450526381,0,,126566.78
2025-07-15 00:00:00+00:00,193.054,191.384,194.61496,45.94936,5.421573,0.5588235294117646,-10.0,121808.73637552686,0.0,121798.73637552686,0,,125927.23
2025-07-16 00:00:00+00:00,193.012,193.394,194.64828,40.995518,5.4107165,0.5588235294117646,-10.0,123088.02746689986,0.0,123078.02746689986,0,,127249.77
2025-07-17 00:00:00+00:00,193.698,191.83,194.72522,41.320065,5.3825736,0.5588235294117646,-10.0,122092.6024524826,0.0,122082.6024524826,0,,126220.695
2025-07-18 00:00:00+00:00,191.61,192.68,194.79951,38.197998,5.3960013,0.5588235294117646,-10.0,122633.59590850759,0.0,122623.59590850759,0,,126779.98
2025-07-21 00:00:00+00:00,191.906,191.982,194.88112,36.26164,5.284572,0.5588235294117646,-10.0,122189.34448690515,0.0,122179.34448690515,0,,126320.7
2025-07-22 00:00:00+00:00,192.756,192.474,194.94664,33.969803,5.187144,0.5588235294117646,-10.0,122502.48661105489,0.0,122492.48661105489,0,,126644.44
2025-07-23 00:00:00+00:00,189.572,191.286,195.04182,37.55153,4.900144,0.5588235294117646,-10.0,121746.36458827583,0.0,121736.36458827583,0,,125862.75
2025-07-24 00:00:00+00:00,206.932,199.236,195.11784,36.84574,4.8872857,0.5588235294117646,-10.0,126806.23713339449,0.0,126796.23713339449,0,,131093.7
2025-07-25 00:00:00+00:00,200.024,193.758,195.22339,38.31252,5.557857,0.5588235294117646,-10.0,123319.6962718318,0.0,123309.6962718318,0,,127489.28
2025-07-28 00:00:00+00:00,195.2,197.15,195.2745,35.300117,5.779857,0.5794392523364488,-10.0,125478.57539412522,0.0,125468.57539412522,0,,129721.16
2025-07-29 00:00:00+00:00,198.306,198.64,195.35431,41.9125,5.776,0.5794392523364488,-10.0,126426.91106571842,0.0,126416.91106571842,0,,130701.555
2025-07-30 00:00:00+00:00,198.318,195.496,195.4255,45.509083,5.839714,0.5794392523364488,-10.0,124425.87697012568,0.0,124415.87697012568,0,,128632.86
2025-07-31 00:00:00+00:00,196.4,188.624,195.46434,52.365845,5.436856,0.5588235294117646,-10.0,120052.10079262992,0.0,120042.10079262992,0,,124111.2
2025-08-01 00:00:00+00:00,187.458,182.874,195.46283,51.066334,5.5514274,0.5794392523364488,-10.0,116392.44437711505,0.0,116382.44437711505,0,,120327.805
2025-08-04 00:00:00+00:00,183.704,184.6,195.43861,38.671432,5.614713,0.5588235294117646,-10.0,117490.98842531872,0.0,117480.98842531872,0,,121463.49
2025-08-05 00:00:00+00:00,184.4,181.024,195.41692,42.03831,5.5699997,0.5794392523364488,-10.0,115214.99661474625,0.0,115204.99661474625,0,,119110.55
2025-08-06 00:00:00+00:00,182.32,182.462,195.39407,35.99729,5.646286,0.5588235294117646,-10.0,116130.2356781781,0.0,116120.2356781781,0,,120056.734
2025-08-07 00:00:00+00:00,184.4,174.824,195.38751,39.36519,5.5065722,0.5588235294117646,-10.0,111268.93583984769,0.0,111258.93583984769,0,,115031.07
2025-08-08 00:00:00+00:00,175.678,174.502,195.34451,32.436283,6.1794305,0.5588235294117646,-10.0,111063.98928284306,0.0,111053.98928284306,0,,114819.195
2025-08-11 00:00:00+00:00,173.584,171.274,195.29527,32.677994,6.304573,0.5588235294117646,-10.0,109009.48750269553,0.0,108999.48750269553,0,,112695.23
2025-08-12 00:00:00+00:00,171.562,170.686,195.2333,30.072206,6.47543,0.5794392523364488,-10.0,108635.24612312575,0.0,108625.24612312575,0,,112308.33
2025-08-13 00:00:00+00:00,172.114,172.66,195.1688,30.41529,6.485574,0.5794392523364488,-10.0,109891.62243760307,0.0,109881.62243760307,0,,113607.19
2025-08-14 00:00:00+00:00,171.232,170.172,195.1244,21.494795,5.444575,0.5794392523364488,-10.0,108308.10172918234,0.0,108298.10172918234,0,,111970.13
2025-08-15 00:00:00+00:00,170.354,173.448,195.01869,22.96798,5.1594315,0.5588235294117646,-10.0,110393.15271121006,0.0,110383.15271121006,0,,114125.68
2025-08-18 00:00:00+00:00,173.29,178.41,194.93507,22.762613,5.046146,0.5588235294117646,-10.0,113551.28926663638,0.0,113541.28926663638,0,,117390.59
2025-08-19 00:00:00+00:00,178.68,177.356,194.88213,28.4705,5.0947165,0.5588235294117646,-10.0,112880.45391547013,0.0,112870.45391547013,0,,116697.07
2025-08-20 00:00:00+00:00,176.852,178.05,194.81583,29.795975,5.091146,0.5588235294117646,-10.0,113322.16020330421,0.0,113312.16020330421,0,,117153.71
2025-08-21 00:00:00+00:00,177.186,175.394,194.75607,36.343468,4.7618604,0.5588235294117646,-10.0,111631.71145948875,0.0,111621.71145948875,0,,115406.1
2025-08-22 00:00:00+00:00,175.668,177.35,194.70006,39.500298,4.5268607,0.5588235294117646,-10.0,112876.63154718807,0.0,112866.63154718807,0,,116693.12
2025-08-25 00:00:00+00:00,177.942,175.988,194.6434,39.888435,4.643574,0.5588235294117646,-10.0,112009.7727837874,0.0,111999.7727837874,0,,115796.945
2025-08-26 00:00:00+00:00,175.8,172.932,194.56876,42.51399,4.506859,0.5588235294117646,-10.0,110064.74548400064,0.0,110054.74548400064,0,,113786.16
2025-08-27 00:00:00+00:00,174.334,177.596,194.46237,36.483814,4.716858,0.5588235294117646,-10.0,113033.19484807222,0.0,113023.19484807222,0,,116854.98
2025-08-28 00:00:00+00:00,178.1,185.72,194.35587,54.29366,4.203428,0.5794392523364488,-10.0,118203.81921057022,0.0,118193.81921057022,0,,122200.42
2025-08-29 00:00:00+00:00,185.852,183.492,194.2692,63.99381,4.602572,0.5977011494252874,-10.0,116785.7861897834,0.0,116775.7861897834,0,,120734.445
2025-09-02 00:00:00+00:00,180.354,182.284,194.17857,65.63123,4.534,0.5794392523364488,-10.0,116016.93254587526,0.0,116006.93254587526,0,,119939.59
2025-09-03 00:00:00+00:00,181.798,183.876,194.05399,64.6063,4.578572,0.5588235294117646,-10.0,117030.18152939057,0.0,117020.18152939057,0,,120987.1
2025-09-04 00:00:00+00:00,181.896,179.712,193.92506,64.26245,4.651858,0.5588235294117646,-10.0,114379.94975501129,0.0,114369.94975501129,0,,118247.26
2025-09-05 00:00:00+00:00,180.83,182.76,193.77808,61.635284,4.998001,0.5588235294117646,-10.0,116319.8774487889,0.0,116309.8774487889,0,,120252.78
2025-09-08 00:00:00+00:00,183.028,187.866,193.65208,61.42071,4.9740014,0.5588235294117646,-10.0,119569.65088420638,0.0,119559.65088420638,0,,123612.43
2025-09-09 00:00:00+00:00,189.0,186.734,193.58002,61.5565,5.0510025,0.5588235294117646,-10.0,118849.17051864172,0.0,118839.17051864172,0,,122867.59
2025-09-10 00:00:00+00:00,187.2,184.714,193.50835,61.439358,5.0117164,0.5588235294117646,-10.0,117563.52339995906,0.0,117553.52339995906,0,,121538.48
2025-09-11 00:00:00+00:00,185.544,187.656,193.40982,57.87409,5.1074305,0.5588235294117646,-10.0,119435.99464124507,0.0,119425.99464124507,0,,123474.26
2025-09-12 00:00:00+00:00,188.346,185.792,193.32512,64.39135,5.134858,0.5588235294117646,-10.0,118249.6304035212,0.0,118239.6304035212,0,,122247.78
2025-09-15 00:00:00+00:00,186.09,189.484,193.20703,59.929432,5.014001,0.5588235294117646,-10.0,120599.43887473775,0.0,120589.43887473775,0,,124677.04
2025-09-16 00:00:00+00:00,188.142,186.402,193.09386,65.04906,5.238715,0.5588235294117646,-10.0,118637.86325472232,0.0,118627.86325472232,0,,122649.13
2025-09-17 00:00:00+00:00,187.35,190.074,192.97314,65.01136,5.1534295,0.5588235294117646,-10.0,120974.96442105483,0.0,120964.96442105483,0,,125065.26
2025-09-18 00:00:00+00:00,191.31,189.548,192.85345,64.220276,5.107859,0.5588235294117646,-10.0,120640.18744446106,0.0,120630.18744446106,0,,124719.164
2025-09-19 00:00:00+00:00,190.37,192.23,192.7598,55.27622,4.732572,0.5794392523364488,-10.0,122347.17701991062,0.0,122337.17701991062,0,,126483.87
2025-09-22 00:00:00+00:00,190.778,189.556,192.6715,61.894897,4.642857,0.5794392523364488,-10.0,120645.2772840693,0.0,120635.2772840693,0,,124724.43
2025-09-23 00:00:00+00:00,189.512,185.534,192.57085,59.51933,4.7488556,0.5794392523364488,-10.0,118085.42556836715,0.0,118075.42556836715,0,,122078.03
2025-09-24 00:00:00+00:00,192.528,186.674,192.4412,52.040554,4.7091413,0.5794392523364488,-10.0,118810.99017814154,0.0,118800.99017814154,0,,122828.125
2025-09-25 00:00:00+00:00,185.49,183.722,192.25143,59.25748,4.7772837,0.5794392523364488,-10.0,116932.15491768041,0.0,116922.15491768041,0,,120885.766
2025-09-26 00:00:00+00:00,183.938,187.2,192.04633,51.28247,4.8525696,0.5794392523364488,-10.0,119145.77331508228,0.0,119135.77331508228,0,,123174.23
2025-09-29 00:00:00+00:00,188.412,188.17,191.85799,49.071854,4.697998,0.5794392523364488,-10.0,119763.14741680292,0.0,119753.14741680292,0,,123812.48
2025-09-30 00:00:00+00:00,187.82,184.056,191.67836,52.01031,4.717427,0.5588235294117646,-10.0,117144.73912277649,0.0,117134.73912277649,0,,121105.54
2025-10-01 00:00:00+00:00,184.188,182.486,191.4708,49.129852,4.8825707,0.5588235294117646,-10.0,116145.48508917523,0.0,116135.48508917523,0,,120072.5
2025-10-02 00:00:00+00:00,182.334,182.02,191.23605,42.90574,5.2204285,0.5588235294117646,-10.0,115848.89804683218,0.0,115838.89804683218,0,,119765.88
2025-10-03 00:00:00+00:00,182.73,182.472,190.99773,44.617573,5.286,0.5588235294117646,-10.0,116136.57967353515,0.0,116126.57967353515,0,,120063.3
2025-10-06 00:00:00+00:00,180.804,182.568,190.78899,38.97485,5.0597153,0.5588235294117646,-10.0,116197.6757130806,0.0,116187.6757130806,0,,120126.46
2025-10-07 00:00:00+00:00,182.8,180.848,190.5719,43.34698,5.2778583,0.5588235294117646,-10.0,115102.97153656326,0.0,115092.97153656326,0,,118994.74
2025-10-08 00:00:00+00:00,182.0,182.864,190.36142,32.827015,5.2875724,0.5588235294117646,-10.0,116386.06808504372,0.0,116376.06808504372,0,,120321.22
2025-10-09 00:00:00+00:00,180.78,183.59,190.21475,38.212437,5.21,0.5588235294117646,-10.0,116848.13778856357,0.0,116838.13778856357,0,,120798.914
2025-10-10 00:00:00+00:00,184.0,177.742,190.05783,33.633854,5.323143,0.5588235294117646,-10.0,113126.10901405549,0.0,113116.10901405549,0,,116951.04
2025-10-13 00:00:00+00:00,179.408,184.74,189.85529,30.023643,5.4724298,0.5588235294117646,-10.0,117580.07950934007,0.0,117570.07950934007,0,,121555.6
2025-10-14 00:00:00+00:00,181.47,182.252,189.69073,48.7802,5.658142,0.5588235294117646,-10.0,115996.55686857202,0.0,115986.55686857202,0,,119918.54
2025-10-15 00:00:00+00:00,183.6,180.61,189.49643,43.476715,5.3858566,0.5588235294117646,-10.0,114951.48815413739,0.0,114941.48815413739,0,,118838.13
2025-10-16 00:00:00+00:00,182.794,178.898,189.30037,45.224644,5.3785706,0.5588235294117646,-10.0,113861.85772533868,0.0,113851.85772533868,0,,117711.66
2025-10-17 00:00:00+00:00,178.0,180.72,189.1134,36.53058,5.6569986,0.5794392523364488,-10.0,115021.50039963747,0.0,115011.50039963747,0,,118910.516
2025-10-20 00:00:00+00:00,181.328,183.51,188.9493,38.23807,5.6572843,0.5588235294117646,-10.0,116797.22521706308,0.0,116787.22521706308,0,,120746.28
2025-10-21 00:00:00+00:00,183.5,188.3,188.80673,49.100365,5.389713,0.5588235294117646,-10.0,119845.88802628641,0.0,119835.88802628641,0,,123898.02
2025-10-22 00:00:00+00:00,188.358,187.13,188.6939,58.660576,5.2669983,0.5588235294117646,-10.0,119101.22725555423,0.0,119091.22725555423,0,,123128.19
2025-10-23 00:00:00+00:00,186.238,187.834,188.55577,57.455505,5.275428,0.5588235294117646,-10.0,119549.28687757147,0.0,119539.28687757147,0,,123591.39
2025-10-24 00:00:00+00:00,189.15,186.034,188.4179,57.766068,5.349856,0.5588235294117646,-10.0,118403.6536212707,0.0,118393.6536212707,0,,122407.02
2025-10-27 00:00:00+00:00,188.814,189.258,188.29391,54.783863,5.162713,0.5588235294117646,-10.0,120455.609028991,0.0,120445.609028991,0,,124528.36
2025-10-28 00:00:00+00:00,189.862,187.582,188.19112,61.144962,5.14957,0.5588235294117646,-10.0,119388.90459217293,0.0,119378.90459217293,0,,123425.586
2025-10-29 00:00:00+00:00,186.908,182.34,188.10446,56.309177,5.1065707,0.5588235294117646,-10.0,116052.56244775496,0.0,116042.56244775496,0,,119976.445
2025-10-30 00:00:00+00:00,185.346,186.936,188.00043,48.508568,5.133571,0.5588235294117646,-10.0,118977.75216415555,0.0,118967.75216415555,0,,123000.54
2025-10-31 00:00:00+00:00,188.642,183.856,187.90381,61.307613,5.5222855,0.5588235294117646,-10.0,117017.449266346,0.0,117007.449266346,0,,120973.95
2025-11-03 00:00:00+00:00,184.428,182.768,187.76897,48.796818,5.626286,0.5588235294117646,-10.0,116324.97881129188,0.0,116314.97881129188,0,,120258.06
2025-11-04 00:00:00+00:00,180.0,177.514,187.62564,50.73014,5.758,0.5588235294117646,-10.0,112981.00286910603,0.0,112971.00286910603,0,,116801.02
2025-11-05 00:00:00+00:00,178.334,175.926,187.44173,46.02548,5.970715,0.5794392523364488,-10.0,111970.29484719032,0.0,111960.29484719032,0,,115756.14
2025-11-06 00:00:00+00:00,174.95,171.754,187.2245,46.172474,5.6762857,0.5588235294117646,-10.0,109314.97721768686,0.0,109304.97721768686,0,,113011.05
2025-11-07 00:00:00+00:00,170.268,172.374,186.95811,39.11206,5.8339996,0.5794392523364488,-10.0,109709.57985320502,0.0,109699.57985320502,0,,113418.99
2025-11-10 00:00:00+00:00,172.772,173.26,186.68578,35.724545,5.8929987,0.5794392523364488,-10.0,110273.48127219261,0.0,110263.48127219261,0,,114001.96
2025-11-11 00:00:00+00:00,172.686,172.134,186.4271,28.57549,5.6539993,0.5588235294117646,-10.0,109556.82789635535,0.0,109546.82789635535,0,,113261.08
2025-11-12 00:00:00+00:00,173.742,172.808,186.14716,28.61136,5.528571,0.5588235294117646,-10.0,109985.80295027177,0.0,109975.80295027177,0,,113704.555
2025-11-13 00:00:00+00:00,170.476,169.938,185.8408,28.550219,5.589286,0.5588235294117646,-10.0,108159.15875669091,0.0,108149.15875669091,0,,111816.15
2025-11-14 00:00:00+00:00,168.398,170.086,185.54686,27.703905,5.5741425,0.5588235294117646,-10.0,108253.34633283199,0.0,108243.34633283199,0,,111913.516
2025-11-17 00:00:00+00:00,169.384,167.158,185.38454,20.969105,5.6419992,0.5588235294117646,-10.0,106389.78932346505,0.0,106379.78932346505,0,,109986.95
2025-11-18 00:00:00+00:00,165.416,163.594,185.20195,20.203077,5.8159995,0.5588235294117646,-10.0,104121.4274016369,0.0,104111.4274016369,0,,107641.9
2025-11-19 00:00:00+00:00,163.332,163.29,184.99898,21.243166,5.7641425,0.5588235294117646,-10.0,103927.94538288758,0.0,103917.94538288758,0,,107441.875
2025-11-20 00:00:00+00:00,166.1,160.092,184.8053,8.225528,4.987999,0.5588235294117646,-10.0,101892.53995936448,0.0,101882.53995936448,0,,105337.65
2025-11-21 00:00:00+00:00,160.46,162.686,184.5787,8.191376,4.8462853,0.5588235294117646,-10.0,103543.5337486674,0.0,103533.5337486674,0,,107044.47
2025-11-24 00:00:00+00:00,162.68,163.168,184.36884,16.44723,4.6818566,0.5588235294117646,-10.0,103850.30305345022,0.0,103840.30305345022,0,,107361.61
2025-11-25 00:00:00+00:00,162.474,165.062,184.17638,21.483635,4.373142,0.5588235294117646,-10.0,105055.76070612877,0.0,105045.76070612877,0,,108607.83
2025-11-26 00:00:00+00:00,163.45,160.544,183.97987,28.664555,4.3671417,0.5588235294117646,-10.0,102180.23050706676,0.0,102170.23050706676,0,,105635.07
2025-11-28 00:00:00+00:00,161.6,162.482,183.77354,28.280235,4.307856,0.5588235294117646,-10.0,103413.68598640333,0.0,103403.68598640333,0,,106910.23
2025-12-01 00:00:00+00:00,160.334,164.414,183.60356,31.765203,4.146856,0.5588235294117646,-10.0,104643.34191053279,0.0,104633.34191053279,0,,108181.46
2025-12-02 00:00:00+00:00,165.724,164.876,183.43616,34.298893,4.2845697,0.5588235294117646,-10.0,104937.38984500716,0.0,104927.38984500716,0,,108485.45
2025-12-03 00:00:00+00:00,164.4,166.58,183.2739,36.806515,4.285141,0.5588235294117646,-10.0,106021.91447054726,0.0,106011.91447054726,0,,109606.65
2025-12-04 00:00:00+00:00,168.2,167.774,183.10931,39.087467,4.266426,0.5588235294117646,-10.0,106781.84742382992,0.0,106771.84742382992,0,,110392.27
2025-12-05 00:00:00+00:00,168.166,170.872,182.96104,45.9717,4.2057123,0.5588235294117646,-10.0,108753.60419232553,0.0,108743.60419232553,0,,112430.695
2025-12-08 00:00:00+00:00,170.848,170.704,182.84743,51.318344,4.165998,0.5588235294117646,-10.0,108646.67997431746,0.0,108636.67997431746,0,,112320.16
2025-12-09 00:00:00+00:00,170.522,170.982,182.76254,56.554512,4.112855,0.5588235294117646,-10.0,108823.61305965524,0.0,108813.61305965524,0,,112503.07
2025-12-10 00:00:00+00:00,170.114,170.712,182.68987,65.54454,3.9388547,0.5588235294117646,-10.0,108651.77554160837,0.0,108641.77554160837,0,,112325.42
2025-12-11 00:00:00+00:00,170.6,173.498,182.62114,65.63848,3.9751413,0.5794392523364488,-10.0,110424.95849680448,0.0,110414.95849680448,0,,114158.555
2025-12-12 00:00:00+00:00,173.478,173.012,182.54668,78.74609,3.8247125,0.5794392523364488,-10.0,110115.63174232541,0.0,110105.63174232541,0,,113838.766
2025-12-15 00:00:00+00:00,159.6,153.04,182.49077,74.34231,3.711998,0.5794392523364488,-10.0,97404.20360677692,0.0,97394.20360677692,0,,100697.555
2025-12-16 00:00:00+00:00,154.894,156.224,182.3262,37.55772,4.9812827,0.5588235294117646,-10.0,99430.69818543321,0.0,99420.69818543321,0,,102792.57
2025-12-17 00:00:00+00:00,157.0,156.478,182.19702,39.476063,4.995141,0.5588235294117646,-10.0,99592.36211019297,0.0,99582.36211019297,0,,102959.7
2025-12-18 00:00:00+00:00,156.51,153.38,182.07332,44.61113,5.038999,0.5588235294117646,-10.0,97620.60475792894,0.0,97610.60475792894,0,,100921.28
2025-12-19 00:00:00+00:00,152.97,155.31,181.92442,38.29657,5.3514285,0.5794392523364488,-10.0,98848.97815852451,0.0,98838.97815852451,0,,102191.18
2025-12-22 00:00:00+00:00,156.86,156.68,181.8339,38.293373,5.223286,0.625,-10.0,99720.92604163196,0.0,99710.92604163196,0,,103092.61
2025-12-23 00:00:00+00:00,155.5,154.36,181.76666,39.70142,5.3474298,0.5588235294117646,-10.0,98244.3359249543,0.0,98234.3359249543,0,,101566.09
2025-12-24 00:00:00+00:00,153.5,152.59,181.75462,34.879215,5.4292865,0.5794392523364488,-10.0,97117.79351498338,0.0,97107.79351498338,0,,100401.46
2025-12-26 00:00:00+00:00,152.5,153.89,181.70918,31.475674,5.371287,0.5588235294117646,-10.0,97945.19149914659,0.0,97935.19149914659,0,,101256.83
2025-12-29 00:00:00+00:00,153.07,154.58,181.63548,28.33154,5.1978574,0.5588235294117646,-10.0,98384.34833454358,0.0,98374.34833454358,0,,101710.836
2025-12-30 00:00:00+00:00,153.85,154.23,181.59677,29.696783,5.097144,0.5588235294117646,-10.0,98161.58046742351,0.0,98151.58046742351,0,,101480.53
2025-12-31 00:00:00+00:00,153.99,153.19,181.52359,28.944185,5.028573,0.5588235294117646,-10.0,97499.66386815817,0.0,97489.66386815817,0,,100796.234
2026-01-02 00:00:00+00:00,153.08,147.45,181.44661,28.394564,4.9312873,0.5588235294117646,-10.0,93846.36473354138,0.0,93836.36473354138,0,,97019.414
2026-01-05 00:00:00+00:00,146.51,147.6,181.35387,20.062517,5.1301446,0.5588235294117646,-10.0,93941.83765069713,0.0,93931.83765069713,0,,97118.12
2026-01-06 00:00:00+00:00,147.42,148.81,181.24774,20.566174,5.178431,0.5588235294117646,-10.0,94711.9525841358,0.0,94701.9525841358,0,,97914.27
2026-01-07 00:00:00+00:00,148.0,150.9,181.16766,41.334103,3.8901465,0.5588235294117646,-10.0,96042.15938431678,0.0,96032.15938431678,0,,99289.45
2026-01-08 00:00:00+00:00,149.94,146.19,181.09442,38.580967,3.9034314,0.5588235294117646,-10.0,93044.42547736166,0.0,93034.42547736166,0,,96190.37
2026-01-09 00:00:00+00:00,147.35,141.8,180.97565,31.475073,3.8328595,0.5588235294117646,-10.0,90250.3557103783,0.0,90240.3557103783,0,,93301.83
2026-01-12 00:00:00+00:00,141.64,142.64,180.82326,30.07569,3.782146,0.5588235294117646,-10.0,90784.98683467398,0.0,90774.98683467398,0,,93854.54
2026-01-13 00:00:00+00:00,142.14,138.19,180.6979,27.350725,3.7107174,0.5794392523364488,-10.0,87952.73409177536,0.0,87942.73409177536,0,,90926.52
2026-01-14 00:00:00+00:00,137.39,134.61,180.56113,20.225447,3.9614313,0.5794392523364488,-10.0,85674.19678931427,0.0,85664.19678931427,0,,88570.945
2026-01-15 00:00:00+00:00,135.15,131.17,180.43642,19.436705,3.9992893,0.5977011494252874,-10.0,83484.76590573811,0.0,83474.76590573811,0,,86307.484
2026-01-16 00:00:00+00:00,129.7,127.31,180.29611,18.481459,4.282147,0.625,-10.0,81028.02056371665,0.0,81018.02056371665,0,,83767.68
2026-01-20 00:00:00+00:00,126.57,125.4,180.12111,13.628891,4.441434,0.5977011494252874,-10.0,79812.37925064244,0.0,79802.37925064244,0,,82510.94
2026-01-21 00:00:00+00:00,128.0,125.3,179.92407,11.361215,4.5021477,0.5588235294117646,-10.0,79748.73282551479,0.0,79738.73282551479,0,,82445.15
2026-01-22 00:00:00+00:00,126.0,128.56,179.7765,11.436938,4.7014327,0.5588235294117646,-10.0,81823.59920237986,0.0,81813.59920237986,0,,84590.17
2026-01-23 00:00:00+00:00,128.65,133.11,179.69766,19.00325,4.8278613,0.5588235294117646,-10.0,84719.50378716849,0.0,84709.50378716849,0,,87583.99
2026-01-26 00:00:00+00:00,134.55,136.34,179.62772,31.395947,4.6892905,0.5794392523364488,-10.0,86775.27735453474,0.0,86765.27735453474,0,,89709.27
2026-01-27 00:00:00+00:00,135.83,131.8,179.5818,36.472828,4.6535764,0.5588235294117646,-10.0,83885.74488840501,0.0,83875.74488840501,0,,86722.04
2026-01-28 00:00:00+00:00,132.27,129.62,179.41486,31.078968,4.840004,0.5588235294117646,-10.0,82498.25043124761,0.0,82488.25043124761,0,,85287.625
2026-01-29 00:00:00+00:00,118.53,116.73,179.27946,26.376545,4.8521466,0.5588235294117646,-10.0,74294.2573779458,0.0,74284.2573779458,0,,76806.24
2026-01-30 00:00:00+00:00,117.54,117.01,179.07745,22.322424,5.6928606,0.5588235294117646,-10.0,74472.4691917484,0.0,74462.4691917484,0,,76990.48
2026-02-02 00:00:00+00:00,118.8,118.0,178.86269,24.760729,5.480003,0.5794392523364488,-10.0,75102.56288886897,0.0,75092.56288886897,0,,77641.875
2026-02-03 00:00:00+00:00,115.02,109.77,178.63618,24.98984,5.672859,0.5794392523364488,-10.0,69864.47613247379,0.0,69854.47613247379,0,,72226.69
2026-02-04 00:00:00+00:00,107.19,111.07,178.38837,23.208887,5.842859,0.5794392523364488,-10.0,70691.87875348752,0.0,70681.87875348752,0,,73082.06
2026-02-05 00:00:00+00:00,109.26,102.63,178.17155,26.812445,5.865716,0.5794392523364488,-10.0,65320.136220365224,0.0,65310.136220365224,0,,67528.695
2026-02-06 00:00:00+00:00,101.68,100.74,177.92873,24.40817,6.155,0.5794392523364488,-10.0,64117.22087569845,0.0,64107.22087569845,0,,66285.11
2026-02-09 00:00:00+00:00,100.0,103.87,177.66559,25.302094,6.1949997,0.5794392523364488,-10.0,66109.35018522604,0.0,66099.35018522604,0,,68344.59
2026-02-10 00:00:00+00:00,104.99,106.48,177.37224,30.43083,6.373571,0.5794392523364488,-10.0,67770.51487176197,0.0,67760.51487176197,0,,70061.92
2026-02-11 00:00:00+00:00,105.58,100.58,176.96606,33.640472,6.4364285,0.5794392523364488,-10.0,64015.38513369681,0.0,64005.38513369681,0,,66179.83
2026-02-12 00:00:00+00:00,101.92,103.29,176.52371,26.74535,6.6814294,0.5794392523364488,-10.0,65740.19541782478,0.0,65730.19541782478,0,,67962.95
2026-02-13 00:00:00+00:00,105.15,107.08,176.10275,24.434156,6.5971427,0.5794392523364488,-10.0,68152.39105624266,0.0,68142.39105624266,0,,70456.71
2026-02-17 00:00:00+00:00,109.56,105.91,175.69528,25.15286,6.66,0.5794392523364488,-10.0,67407.73309784933,0.0,67397.73309784933,0,,69686.875
2026-02-18 00:00:00+00:00,105.93,107.81,175.26984,26.679882,6.766429,0.5794392523364488,-10.0,68617.00671585153,0.0,68607.00671585153,0,,70937.04
2026-02-19 00:00:00+00:00,108.07,107.37,174.85094,30.255297,6.7900004,0.5794392523364488,-10.0,68336.9676994354,0.0,68326.9676994354,0,,70647.53
2026-02-20 00:00:00+00:00,106.0,104.27,174.41042,39.060307,5.828572,0.5588235294117646,-10.0,66363.92965374485,0.0,66353.92965374485,0,,68607.78
2026-02-23 00:00:00+00:00,101.94,100.8,173.95372,36.030697,5.902858,0.5588235294117646,-10.0,64155.408280728254,0.0,64145.408280728254,0,,66324.586
2026-02-24 00:00:00+00:00,100.96,102.49,173.49246,32.113148,5.886429,0.5977011494252874,-10.0,65231.02713565844,0.0,65221.02713565844,0,,67436.58
2026-02-25 00:00:00+00:00,101.63,104.23,173.02162,41.237362,5.5499997,0.5794392523364488,-10.0,66338.47451674382,0.0,66328.47451674382,0,,68581.47
2026-02-26 00:00:00+00:00,107.45,109.3,172.56828,41.853268,5.4549994,0.5588235294117646,-10.0,69565.33692571099,0.0,69555.33692571099,0,,71917.44
2026-02-27 00:00:00+00:00,105.0,108.01,172.13472,58.63767,5.137857,0.5794392523364488,-10.0,68744.30071028662,0.0,68734.30071028662,0,,71068.63
2026-03-02 00:00:00+00:00,105.98,109.42,171.65916,59.56328,5.155,0.5588235294117646,-10.0,69641.70611269443,0.0,69631.70611269443,0,,71996.38
2026-03-03 00:00:00+00:00,108.0,113.19,171.16956,57.646732,5.135715,0.5588235294117646,-10.0,72041.17383239495,0.0,72031.17383239495,0,,74476.984
2026-03-04 00:00:00+00:00,112.11,113.86,170.70868,58.958614,5.3,0.5588235294117646,-10.0,72467.60124984893,0.0,72457.60124984893,0,,74917.83
2026-03-05 00:00:00+00:00,114.77,120.38,170.2428,70.60832,5.0607142,0.5588235294117646,-10.0,76617.33198810444,0.0,76607.33198810444,0,,79207.87
2026-03-06 00:00:00+00:00,120.5,124.34,169.80452,73.716354,5.330714,0.5588235294117646,-10.0,79137.72068216637,0.0,79127.72068216637,0,,81813.47
2026-03-09 00:00:00+00:00,123.06,121.93,169.40047,73.83978,5.3364286,0.5588235294117646,-10.0,77603.84979744107,0.0,77593.84979744107,0,,80227.734
2026-03-10 00:00:00+00:00,120.99,116.61,168.98828,71.39424,5.222857,0.5588235294117646,-10.0,74217.86863601516,0.0,74207.86863601516,0,,76727.27
2026-03-11 00:00:00+00:00,117.4,115.63,168.55656,60.768486,5.3949995,0.5588235294117646,-10.0,73594.13159633343,0.0,73584.13159633343,0,,76082.445
2026-03-12 00:00:00+00:00,115.28,112.97,168.11894,59.97584,5.5521426,0.5588235294117646,-10.0,71901.14621094688,0.0,71891.14621094688,0,,74332.22
2026-03-13 00:00:00+00:00,112.81,113.62,167.67943,60.62013,5.6099997,0.5794392523364488,-10.0,72314.84783140854,0.0,72304.84783140854,0,,74759.91
2026-03-16 00:00:00+00:00,116.9,114.88,167.22014,66.8065,5.5464287,0.5588235294117646,-10.0,73116.78791900884,0.0,73106.78791900884,0,,75588.96
2026-03-17 00:00:00+00:00,115.4,116.72,166.77324,66.42801,5.4314284,0.5588235294117646,-10.0,74287.87916456736,0.0,74277.87916456736,0,,76799.65
2026-03-18 00:00:00+00:00,115.0,113.71,166.34161,66.51679,5.447143,0.5588235294117646,-10.0,72372.1249440849,0.0,72362.1249440849,0,,74819.125
2026-03-19 00:00:00+00:00,114.18,113.27,165.89906,56.167828,5.303572,0.5794392523364488,-10.0,72092.07857933822,0.0,72082.07857933822,0,,74529.6
2026-03-20 00:00:00+00:00,111.3,110.38,165.45331,57.53581,5.2921433,0.5588235294117646,-10.0,70252.70362150765,0.0,70242.70362150765,0,,72628.04
2026-03-23 00:00:00+00:00,110.76,110.95,164.99432,51.319405,5.161428,0.5794392523364488,-10.0,70615.49049486972,0.0,70605.49049486972,0,,73003.09
2026-03-24 00:00:00+00:00,109.14,104.65,164.53635,46.624462,4.872143,0.5588235294117646,-10.0,66605.78015887314,0.0,66595.78015887314,0,,68857.805
2026-03-25 00:00:00+00:00,106.5,103.06,164.04199,38.1345,5.080714,0.5794392523364488,-10.0,65593.80377426931,0.0,65583.80377426931,0,,67811.62
2026-03-26 00:00:00+00:00,102.42,103.64,163.52708,24.439196,4.903571,0.5588235294117646,-10.0,65962.94939203802,0.0,65952.94939203802,0,,68193.24
2026-03-27 00:00:00+00:00,102.64,99.41,163.01842,16.065578,4.937856,0.5588235294117646,-10.0,63270.71514058966,0.0,63260.71514058966,0,,65409.984
2026-03-30 00:00:00+00:00,100.06,104.97,162.50568,15.160896,4.9321427,0.5604824745164235,-10.0,66809.447404165,0.0,66799.447404165,0,,69068.37
2026-03-31 00:00:00+00:00,105.54,104.55,162.0262,32.125305,4.882857,0.5794392523364488,-10.0,66542.13341206126,0.0,66532.13341206126,0,,68792.016
2026-04-01 00:00:00+00:00,105.23,104.04,161.54158,32.687504,4.6892853,0.5588235294117646,-10.0,66217.53794887815,0.0,66207.53794887815,0,,68456.445
2026-04-02 00:00:00+00:00,101.79,102.0,161.07312,35.041874,4.6249995,0.5588235294117646,-10.0,64919.15492923099,0.0,64909.15492923099,0,,67114.164
2026-04-06 00:00:00+00:00,102.97,102.42,160.57799,31.402042,4.723571,0.5588235294117646,-10.0,65186.46656548942,0.0,65176.46656548942,0,,67390.516
2026-04-07 00:00:00+00:00,102.77,100.55,160.08517,29.506582,4.6771426,0.5588235294117646,-10.0,63996.28588006815,0.0,63986.28588006815,0,,66160.09
2026-04-08 00:00:00+00:00,104.76,97.47,159.60585,23.430822,4.653571,0.5794392523364488,-10.0,62035.98094811772,0.0,62025.98094811772,0,,64133.504
2026-04-09 00:00:00+00:00,96.5,89.81,159.1218,23.377047,4.9899993,0.5794392523364488,-10.0,57160.67823828633,0.0,57150.67823828633,0,,59093.36
2026-04-10 00:00:00+00:00,88.91,83.0,158.59044,18.902435,5.2521424,0.6538461538461539,-10.0,52826.372380371846,0.0,52816.372380371846,0,,54612.508
2026-04-13 00:00:00+00:00,84.77,89.06,158.00912,17.122955,5.567857,0.6538461538461539,-10.0,56683.33118276599,0.0,56673.33118276599,0,,58599.88
2026-04-14 00:00:00+00:00,90.74,87.79,157.44926,26.776995,5.773571,0.99,-10.0,55875.02721849931,0.0,55865.02721849931,0,,57764.242
2026-04-15 00:00:00+00:00,90.2,94.19,156.87677,29.976242,5.6771426,0.625,-10.0,59948.38648683096,0.0,59938.38648683096,0,,61975.332
2026-04-16 00:00:00+00:00,97.61,96.44,156.3253,40.54573,5.77,0.5977011494252874,-10.0,61380.42591155436,0.0,61370.42591155436,0,,63455.793
2026-04-17 00:00:00+00:00,97.95,96.66,155.77942,42.589542,5.7871428,0.5588235294117646,-10.0,61520.44626180121,0.0,61510.44626180121,0,,63600.547
2026-04-20 00:00:00+00:00,97.44,99.72,155.25082,46.914963,5.600714,0.5588235294117646,-10.0,63468.01983178209,0.0,63458.01983178209,0,,65613.97
2026-04-21 00:00:00+00:00,100.35,100.14,154.73967,43.7604,5.4171424,0.5588235294117646,-10.0,63735.333384719204,0.0,63725.333384719204,0,,65890.32
2026-04-22 00:00:00+00:00,101.5,103.07,154.19568,44.75873,5.625714,0.5794392523364488,-10.0,65600.17096348622,0.0,65590.17096348622,0,,67818.21
2026-04-23 00:00:00+00:00,87.25,84.78,153.67603,48.909866,5.645714,0.5794392523364488,-10.0,53959.2758719152,0.0,53949.2758719152,0,,55783.72
2026-04-24 00:00:00+00:00,85.78,90.17,153.07693,35.824825,6.639285,0.625,-10.0,57389.809177343486,0.0,57379.809177343486,0,,59330.242
2026-04-27 00:00:00+00:00,89.06,90.45,152.51408,40.678738,6.8307137,0.6538461538461539,-10.0,57568.02076373072,0.0,57558.02076373072,0,,59514.48
2026-04-28 00:00:00+00:00,91.1,90.49,151.99825,42.124138,6.956428,0.5794392523364488,-10.0,57593.48116872681,0.0,57583.48116872681,0,,59540.8
2026-04-29 00:00:00+00:00,89.06,88.89,151.51192,44.28618,6.545714,0.5794392523364488,-10.0,56575.1432147553,0.0,56565.1432147553,0,,58488.03
2026-04-30 00:00:00+00:00,87.95,88.31,150.99458,49.16394,6.158571,0.625,-10.0,56205.99490506439,0.0,56195.99490506439,0,,58106.4
2026-05-01 00:00:00+00:00,90.93,91.16,150.4792,55.44169,5.7614284,0.5794392523364488,-10.0,58019.91391983821,0.0,58009.91391983821,0,,59981.65
2026-05-04 00:00:00+00:00,91.27,91.97,149.96803,52.30365,5.653571,0.5794392523364488,-10.0,58535.450028313295,0.0,58525.450028313295,0,,60514.613
2026-05-05 00:00:00+00:00,92.25,92.01,149.46873,54.63209,5.5992856,0.5794392523364488,-10.0,58560.90566072612,0.0,58550.90566072612,0,,60540.93
2026-05-06 00:00:00+00:00,91.6,89.05,148.9654,47.18782,5.3642855,0.5794392523364488,-10.0,56676.977027258945,0.0,56666.977027258945,0,,58593.3
2026-05-07 00:00:00+00:00,92.17,93.59,148.45073,40.638462,5.264286,0.5977011494252874,-10.0,59566.509607539476,0.0,59556.509607539476,0,,61580.535
2026-05-08 00:00:00+00:00,91.13,91.18,147.95631,46.494625,5.5371428,0.5794392523364488,-10.0,58032.63758847636,0.0,58022.63758847636,0,,59994.797
2026-05-11 00:00:00+00:00,91.04,91.49,147.45578,40.10199,5.5792856,0.5794392523364488,-10.0,58229.9397897502,0.0,58219.9397897502,0,,60198.77
2026-05-12 00:00:00+00:00,92.47,89.0,146.91705,39.948868,5.4964285,0.5794392523364488,-10.0,56645.149273409595,0.0,56635.149273409595,0,,58560.395
2026-05-13 00:00:00+00:00,88.58,87.05,146.39326,33.482033,5.4899993,0.5794392523364488,-10.0,55404.05000989576,0.0,55394.05000989576,0,,57277.332
2026-05-14 00:00:00+00:00,87.32,90.5,145.84276,54.323822,4.311428,0.5794392523364488,-10.0,57599.8410715701,0.0,57589.8410715701,0,,59547.367
2026-05-15 00:00:00+00:00,92.09,95.07,145.30206,50.678738,4.379285,0.5794392523364488,-10.0,60508.477150118444,0.0,60498.477150118444,0,,62554.35
2026-05-18 00:00:00+00:00,98.86,103.42,144.79993,58.07693,4.3757133,0.5794392523364488,-10.0,65822.93351980098,0.0,65812.93351980098,0,,68048.5
2026-05-19 00:00:00+00:00,110.14,101.83,144.37392,67.51559,4.857142,0.5794392523364488,-10.0,64810.959651170844,0.0,64800.959651170844,0,,67002.305
2026-05-20 00:00:00+00:00,100.75,103.3,143.96869,67.53389,5.333571,0.5794392523364488,-10.0,65746.56336288057,0.0,65736.56336288057,0,,67969.54
2026-05-21 00:00:00+00:00,100.99,99.69,143.5622,69.833305,5.5364275,0.5588235294117646,-10.0,63448.93532860318,0.0,63438.93532860318,0,,65594.23
2026-05-22 00:00:00+00:00,102.18,102.13,143.15552,61.06356,5.5692854,0.5588235294117646,-10.0,65001.89959917085,0.0,64991.89959917085,0,,67199.7
2026-05-26 00:00:00+00:00,100.56,99.92,142.75386,62.643112,5.614999,0.5588235294117646,-10.0,63595.316430778585,0.0,63585.316430778585,0,,65745.56
2026-05-27 00:00:00+00:00,99.21,102.12,142.37933,59.338844,5.619999,0.5794392523364488,-10.0,64995.54013346346,0.0,64985.54013346346,0,,67193.125
2026-05-28 00:00:00+00:00,107.0,108.73,142.01743,65.71292,5.837856,0.5794392523364488,-10.0,69202.5573643923,0.0,69192.5573643923,0,,71542.39
2026-05-29 00:00:00+00:00,118.48,124.37,141.70471,67.33854,5.947142,0.5794392523364488,-10.0,79156.83161533035,0.0,79146.83161533035,0,,81833.23
2026-06-01 00:00:00+00:00,135.77,135.86,141.47313,79.17034,6.7621417,0.6538461538461539,-10.0,86469.7869308094,0.0,86459.7869308094,0,,89393.445
2026-06-02 00:00:00+00:00,129.9,127.65,141.28912,82.59146,7.5157127,0.5977011494252874,-10.0,81244.42885406612,0.0,81234.42885406612,0,,83991.414
2026-06-03 00:00:00+00:00,127.99,117.9,141.07652,76.18919,8.062856,0.5794392523364488,-10.0,75038.92009614012,0.0,75028.92009614012,0,,77576.086
2026-06-04 00:00:00+00:00,121.94,119.36,140.79878,68.9055,8.616427,0.5794392523364488,-10.0,75968.15269118652,0.0,75958.15269118652,0,,78536.74
2026-06-05 00:00:00+00:00,119.19,112.45,140.50352,68.12814,8.640714,0.5794392523364488,-10.0,71570.19347696313,0.0,71560.19347696313,0,,73990.08
2026-06-08 00:00:00+00:00,111.69,114.19,140.179,60.60532,8.888571,0.6538461538461539,-10.0,72677.64232350558,0.0,72667.64232350558,0,,75134.98
2026-06-09 00:00:00+00:00,110.31,106.97,139.8597,57.14855,8.499286,0.625,-10.0,68082.38387760436,0.0,68072.38387760436,0,,70384.34
2026-06-10 00:00:00+00:00,105.28,106.06,139.51758,53.174408,8.5742855,0.6538461538461539,-10.0,67503.20207301108,0.0,67493.20207301108,0,,69785.58
2026-06-11 00:00:00+00:00,103.03,103.08,139.16113,51.716415,8.518571,0.5977011494252874,-10.0,65606.54624894558,0.0,65596.54624894558,0,,67824.8
2026-06-12 00:00:00+00:00,103.38,102.15,138.79659,52.12486,8.485713,0.6538461538461539,-10.0,65014.63633495759,0.0,65004.63633495759,0,,67212.875
2026-06-15 00:00:00+00:00,104.8,104.15,138.44267,50.01278,8.476428,0.5794392523364488,-10.0,66287.56134066649,0.0,66277.56134066649,0,,68528.836
2026-06-16 00:00:00+00:00,102.9,101.33,138.07545,52.709805,8.562857,0.5794392523364488,-10.0,64492.739181112855,0.0,64482.739181112855,0,,66673.33
2026-06-17 00:00:00+00:00,100.68,95.48,137.6535,49.497902,8.392142,0.5794392523364488,-10.0,60769.43373045059,0.0,60759.43373045059,0,,62824.137
2026-06-18 00:00:00+00:00,95.31,95.04,137.21344,41.496597,8.375,0.5977011494252874,-10.0,60489.38793686542,0.0,60479.38793686542,0,,62534.617
2026-06-22 00:00:00+00:00,93.3,93.01,136.77722,26.614576,7.5021434,0.5794392523364488,-10.0,59197.36826292479,0.0,59187.36826292479,0,,61198.91
2026-06-23 00:00:00+00:00,95.14,95.94,136.32289,9.765265,6.868572,0.5794392523364488,-10.0,61062.20425745737,0.0,61052.20425745737,0,,63126.8
2026-06-24 00:00:00+00:00,94.0,93.8,135.90404,16.9481,6.350715,0.5794392523364488,-10.0,59700.174678148665,0.0,59690.174678148665,0,,61718.723
2026-06-25 00:00:00+00:00,91.7,89.52,135.45923,20.143715,5.838572,0.5794392523364488,-10.0,56976.110386362205,0.0,56966.110386362205,0,,58902.555
2026-06-26 00:00:00+00:00,90.44,98.34,134.9675,15.446974,5.6607146,0.5794392523364488,-10.0,62589.711525603096,0.0,62579.711525603096,0,,64705.957
2026-06-29 00:00:00+00:00,100.48,99.97,134.52553,34.35352,5.6435723,0.5794392523364488,-10.0,63627.149591567606,0.0,63617.149591567606,0,,65778.48
2026-06-30 00:00:00+00:00,97.31,99.28,134.1018,34.192978,5.6942863,0.5588235294117646,-10.0,63187.988727905584,0.0,63177.988727905584,0,,65324.465
2026-07-01 00:00:00+00:00,103.6,105.8,133.65993,40.0,5.1164293,0.5588235294117646,-10.0,67337.72557842454,0.0,67327.72557842454,0,,69614.51
2026-07-02 00:00:00+00:00,106.22,106.32,133.25996,49.704952,5.2835727,0.5794392523364488,-10.0,67668.68240557308,0.0,67658.68240557308,0,,69956.66
2026-07-06 00:00:00+00:00,104.1,107.93,132.84415,53.894226,5.2200017,0.5588235294117646,-10.0,68693.38368957814,0.0,68683.38368957814,0,,71016.0
2026-07-07 00:00:00+00:00,111.55,110.73,132.4518,56.83538,5.382145,0.5588235294117646,-10.0,70475.48257083005,0.0,70465.48257083005,0,,72858.36
2026-07-08 00:00:00+00:00,106.21,107.78,132.05507,57.636955,5.4414306,0.5588235294117646,-10.0,68597.91504298744,0.0,68587.91504298744,0,,70917.305
2026-07-09 00:00:00+00:00,102.03,108.84,131.64622,57.463543,5.5035734,0.5588235294117646,-10.0,69272.56768964366,0.0,69262.56768964366,0,,71614.77
2026-07-10 00:00:00+00:00,111.27,107.71,131.22928,67.38676,5.499287,0.5588235294117646,-10.0,68553.36773832559,0.0,68543.36773832559,0,,70871.25
2026-07-13 00:00:00+00:00,109.5,111.26,130.82005,66.19789,5.642144,0.5588235294117646,-10.0,70812.80894226843,0.0,70802.80894226843,0,,73207.086
2026-07-14 00:00:00+00:00,103.74,104.85,130.44868,72.45876,5.6007156,0.5794392523364488,-10.0,66733.08216841961,0.0,66723.08216841961,0,,68989.42
2026-07-15 00:00:00+00:00,106.5,104.73,130.03957,60.09974,5.8978586,0.5794392523364488,-10.0,66656.70823899558,0.0,66646.70823899558,0,,68910.47
2026-07-16 00:00:00+00:00,104.94,104.01,129.6446,62.984077,5.958573,0.5794392523364488,-10.0,66198.45274624911,0.0,66188.45274624911,0,,68436.71
2026-07-17 00:00:00+00:00,102.88,103.24,129.22865,68.80353,6.11143,0.5794392523364488,-10.0,65708.37269820372,0.0,65698.37269820372,0,,67930.06
2026-07-20 00:00:00+00:00,100.52,104.7,128.804,58.038055,5.6678586,0.5794392523364488,-10.0,66637.60723308577,0.0,66627.60723308577,0,,68890.72
2026-07-21 00:00:00+00:00,101.65,102.06,128.40723,57.802696,5.8128586,0.5794392523364488,-10.0,64957.345930289426,0.0,64947.345930289426,0,,67153.65
2026-07-22 00:00:00+00:00,100.87,95.46,128.0051,54.30874,5.8578577,0.5794392523364488,-10.0,60756.69591555016,0.0,60746.69591555016,0,,62810.965
2026-07-23 00:00:00+00:00,100.01,91.94,127.57229,34.0136,5.851429,0.5794392523364488,-10.0,58516.35011634369,0.0,58506.35011634369,0,,60494.87
2026-07-24 00:00:00+00:00,94.92,98.78,127.11963,29.654789,6.2000003,0.625,-10.0,62869.747282710014,0.0,62859.747282710014,0,,64995.46
2026-07-27 00:00:00+00:00,101.87,105.56,126.70069,38.723194,6.177857,0.625,-10.0,67184.96145560502,0.0,67174.96145560502,0,,69456.58
2026-07-28 00:00:00+00:00,106.88,110.62,126.32425,44.197525,6.428571,0.5794392523364488,-10.0,70405.465178753,0.0,70395.465178753,0,,72785.97
2026-07-29 00:00:00+00:00,110.42,115.76,125.96303,53.043297,6.5278573,0.5794392523364488,-10.0,73676.88306088248,0.0,73666.88306088248,0,,76168.0
2026-07-30 00:00:00+00:00,110.5,110.07,125.62388,56.819084,6.607857,0.5977011494252874,-10.0,70055.41028308542,0.0,70045.41028308542,0,,72424.08
2026-07-31 00:00:00+00:00,108.5,111.23,125.28552,52.133816,6.864286,0.5588235294117646,-10.0,70793.71139353026,0.0,70783.71139353026,0,,73187.34
2026-08-03 00:00:00+00:00,114.51,114.19,124.91797,49.971653,6.9328575,0.5588235294117646,-10.0,72677.64295514613,0.0,72667.64295514613,0,,75134.98
2026-08-04 00:00:00+00:00,112.59,118.14,124.57766,59.44198,6.9157143,0.5794392523364488,-10.0,75191.66701812137,0.0,75181.66701812137,0,,77734.0
2026-08-05 00:00:00+00:00,119.9,117.22,124.26531,62.582092,7.052143,0.5794392523364488,-10.0,74606.12342758063,0.0,74596.12342758063,0,,77128.66
2026-08-06 00:00:00+00:00,113.0,117.35,123.95692,62.348103,6.890714,0.5588235294117646,-10.0,74688.86191842999,0.0,74678.86191842999,0,,77214.195
2026-08-07 00:00:00+00:00,121.67,124.88,123.64007,63.349106,7.0642853,0.5794392523364488,-10.0,79481.42381696633,0.0,79471.42381696633,0,,82168.8
2026-08-10 00:00:00+00:00,124.72,127.44,123.346924,67.124916,7.2,0.5977011494252874,-10.0,81110.76965900123,0.0,81100.76965900123,0,,83853.234
2026-08-11 00:00:00+00:00,126.26,127.54,123.04262,71.56696,7.2685714,0.5588235294117646,-10.0,81174.41205186254,0.0,81164.41205186254,0,,83919.03
2026-08-12 00:00:00+00:00,123.64,124.94,122.74467,80.64578,7.017857,0.5588235294117646,-10.0,79519.61141555138,0.0,79509.61141555138,0,,82208.28
2026-08-13 00:00:00+00:00,125.6,127.25,122.4302,82.088684,6.801429,0.5588235294117646,-10.0,80989.84028452539,0.0,80979.84028452539,0,,83728.22
2026-08-14 00:00:00+00:00,127.7,124.0,122.13628,80.358284,6.8807144,0.5794392523364488,-10.0,78921.3360933224,0.0,78911.3360933224,0,,81589.77
2026-08-17 00:00:00+00:00,122.43,117.7,121.80999,71.26384,6.6742854,0.5794392523364488,-10.0,74911.6221697535,0.0,74901.6221697535,0,,77444.484
2026-08-18 00:00:00+00:00,119.48,119.49,121.46058,57.937214,6.6521425,0.5794392523364488,-10.0,76050.88749223683,0.0,76040.88749223683,0,,78622.27
2026-08-19 00:00:00+00:00,118.64,127.2,121.14633,54.521206,6.3149996,0.5588235294117646,-10.0,80958.00816960643,0.0,80948.00816960643,0,,83695.31
2026-08-20 00:00:00+00:00,128.15,129.75,120.84765,69.79431,6.4371424,0.5794392523364488,-10.0,82580.98856371548,0.0,82570.98856371548,0,,85373.17
2026-08-21 00:00:00+00:00,130.29,128.48,120.57712,70.734436,6.273571,0.5588235294117646,-10.0,81772.67792391876,0.0,81762.67792391876,0,,84537.53
2026-08-24 00:00:00+00:00,128.06,128.05,120.30568,66.62787,5.937856,0.557983577902609,-10.0,81499.00593371788,0.0,81489.00593371788,0,,84254.61
2026-08-25 00:00:00+00:00,125.96,127.0,120.05836,62.560207,5.6685705,0.0764479751544098,-10.0,80830.71977442224,0.0,80820.71977442224,0,,83563.73
2026-08-26 00:00:00+00:00,122.33,125.8,119.81373,62.35472,5.6878557,0.5588235294117646,-10.0,80066.96916040377,0.0,80056.96916040377,0,,82774.16
2026-08-27 00:00:00+00:00,130.48,138.43,119.58396,60.39361,5.652142,0.5588235294117646,-10.0,88105.4805588476,0.0,88095.4805588476,0,,91084.46
2026-08-28 00:00:00+00:00,138.48,144.71,119.41424,64.80874,5.989285,0.5794392523364488,-10.0,92102.47809056132,0.0,92092.47809056132,0,,95216.61
2026-08-31 00:00:00+00:00,142.08,147.99,119.27149,67.455025,6.2257133,0.5588235294117646,-10.0,94190.07078463248,0.0,94180.07078463248,0,,97374.78
2026-09-01 00:00:00+00:00,144.55,142.9,119.15077,69.42071,6.518571,0.5588235294117646,-10.0,90950.47260305312,0.0,90940.47260305312,0,,94025.65
2026-09-02 00:00:00+00:00,140.3,136.72,119.00123,66.285805,6.535714,0.5794392523364488,-10.0,87017.13892577545,0.0,87007.13892577545,0,,89959.33
2026-09-03 00:00:00+00:00,140.99,145.59,118.83514,58.024063,6.4228563,0.5588235294117646,-10.0,92662.55273975947,0.0,92652.55273975947,0,,95795.625
2026-09-04 00:00:00+00:00,143.32,141.26,118.71266,66.70277,6.6928563,0.5794392523364488,-10.0,89906.67123560149,0.0,89896.67123560149,0,,92946.555
2026-09-08 00:00:00+00:00,136.72,134.21,118.58317,68.799866,6.7199984,0.5588235294117646,-10.0,85419.62139219257,0.0,85409.62139219257,0,,88307.79
2026-09-09 00:00:00+00:00,133.58,131.11,118.43625,60.836285,7.052855,0.5794392523364488,-10.0,83446.58439125233,0.0,83436.58439125233,0,,86268.05
2026-09-10 00:00:00+00:00,130.64,131.17,118.27535,53.087982,6.5285687,0.5588235294117646,-10.0,83484.77325852065,0.0,83474.77325852065,0,,86307.52
2026-09-11 00:00:00+00:00,130.5,132.53,118.13074,51.167377,6.529283,0.5794392523364488,-10.0,84350.36241874364,0.0,84340.36241874364,0,,87202.375
2026-09-14 00:00:00+00:00,140.0,142.35,117.97996,53.32458,6.5542836,0.5588235294117646,-10.0,90600.42409371627,0.0,90590.42409371627,0,,93663.76
2026-09-15 00:00:00+00:00,139.15,141.9,117.87587,60.1707,7.1328554,0.5977011494252874,-10.0,90314.00796287057,0.0,90304.00796287057,0,,93367.664
2026-09-16 00:00:00+00:00,139.2,139.82,117.76006,60.68866,7.419285,0.5794392523364488,-10.0,88990.17679408517,0.0,88980.17679408517,0,,91999.07
2026-09-17 00:00:00+00:00,139.07,138.47,117.65644,59.931995,7.30857,0.5588235294117646,-10.0,88130.95022462949,0.0,88120.95022462949,0,,91110.79
2026-09-18 00:00:00+00:00,139.71,135.47,117.53638,50.033733,6.6671405,0.5794392523364488,-10.0,86221.5636904483,0.0,86211.5636904483,0,,89136.85
