,Open,Close,sma200,rsi,atr,prob_up,cash,holdings,borrowed_margin,total,signal,stop_loss,benchmark
2020-07-27 00:00:00+00:00,12.92,13.32,,,,0.875,10000.0,0.0,0.0,10000.0,0,0.0,10000.0
2020-07-28 00:00:00+00:00,13.24,12.84,,,,0.875,10000.0,0.0,0.0,10000.0,0,0.0,9639.64
2020-07-29 00:00:00+00:00,13.07,13.28,,,,0.875,10000.0,0.0,0.0,10000.0,0,0.0,9969.97
2020-07-30 00:00:00+00:00,12.94,13.49,,,,0.875,10000.0,0.0,0.0,10000.0,0,0.0,10127.628
2020-07-31 00:00:00+00:00,14.23,14.2,,,,0.875,10000.0,0.0,0.0,10000.0,0,0.0,10660.661
2020-08-03 00:00:00+00:00,14.58,14.8,,,,0.875,10000.0,0.0,0.0,10000.0,0,0.0,11111.111
2020-08-04 00:00:00+00:00,14.73,14.93,,,,0.875,10000.0,0.0,0.0,10000.0,0,0.0,11208.71
2020-08-05 00:00:00+00:00,15.01,15.07,,,,0.875,10000.0,0.0,0.0,10000.0,0,0.0,11313.813
2020-08-06 00:00:00+00:00,15.06,15.61,,,,0.875,10000.0,0.0,0.0,10000.0,0,0.0,11719.22
2020-08-07 00:00:00+00:00,15.52,15.11,,,,0.875,10000.0,0.0,0.0,10000.0,0,0.0,11343.844
2020-08-10 00:00:00+00:00,15.18,14.89,,,,0.875,10000.0,0.0,0.0,10000.0,0,0.0,11178.68
2020-08-11 00:00:00+00:00,14.73,14.08,,,,0.875,10000.0,0.0,0.0,10000.0,0,0.0,10570.571
2020-08-12 00:00:00+00:00,14.45,15.14,,,,0.875,10000.0,0.0,0.0,10000.0,0,0.0,11366.367
2020-08-13 00:00:00+00:00,15.41,15.24,,65.58219,,0.875,10000.0,0.0,0.0,10000.0,0,0.0,11441.443
2020-08-14 00:00:00+00:00,15.35,15.2,,66.16161,0.67214286,0.875,-5015.0,14992.503748125939,5000.0,4977.503748125939,1,,11411.413
2020-08-17 00:00:00+00:00,15.5,15.68,,65.71906,0.6585714,0.875,-5015.992063492064,15465.952288443183,5000.0,5449.960224951119,0,,11771.774
2020-08-18 00:00:00+00:00,15.97,16.16,,73.74582,0.6628571,0.7360387664707684,-5016.984126984127,15939.399581719788,5000.0,5922.415454735661,0,,12132.135
2020-08-19 00:00:00+00:00,16.2,15.84,,73.920265,0.6614286,0.875,-5017.976190476191,15623.768000899818,5000.0,5605.791810423627,0,,11891.895
2020-08-20 00:00:00+00:00,15.7,16.53,,69.16803,0.6457143,0.875,-5018.968253968254,16304.349086166027,5000.0,6285.380832197772,0,,12409.912
2020-08-21 00:00:00+00:00,16.54,16.85,,69.0671,0.655,0.875,-5019.960317460318,16619.980971831654,5000.0,6600.020654371336,0,,12650.152
2020-08-24 00:00:00+00:00,17.45,17.06,,67.581474,0.6364286,0.875,-5020.952380952382,16827.113374571312,5000.0,6806.160993618931,0,,12807.81
2020-08-25 00:00:00+00:00,17.02,17.54,,68.0203,0.66714287,0.6296296296296297,-5021.944444444445,17300.563293795865,5000.0,7278.61884935142,0,,13168.172
2020-08-26 00:00:00+00:00,17.81,18.67,,69.76,0.6964286,0.7222222222222222,-5022.936507936509,18415.137502091544,5000.0,8392.200994155035,0,,14016.52
2020-08-27 00:00:00+00:00,18.88,18.52,,72.36842,0.7285714,0.7222222222222222,-5023.9285714285725,18267.184967575722,5000.0,8243.25639614715,0,,13903.907
2020-08-28 00:00:00+00:00,18.76,18.8,,76.27119,0.725,0.6666666666666666,-5024.920634920636,18543.36138844469,5000.0,8518.440753524053,0,,14114.116
2020-08-31 00:00:00+00:00,18.91,19.34,,79.84733,0.69142854,0.4520547945205479,-5025.9126984127,19075.99122721481,5000.0,9050.07852880211,0,,14519.523
2020-09-01 00:00:00+00:00,19.75,20.16,,91.87898,0.68285716,0.6296296296296297,-5026.904761904763,19884.79738430112,5000.0,9857.892622396357,0,,15135.14
2020-09-02 00:00:00+00:00,20.91,20.88,,91.55629,0.6557143,0.4520547945205479,-5027.896825396827,20594.96838081865,5000.0,10567.071555421822,0,,15675.68
2020-09-03 00:00:00+00:00,19.79,17.65,,92.34234,0.70928574,0.4520547945205479,-5028.8888888888905,17409.060962811003,5000.0,7380.172073922113,0,,13250.754
2020-09-04 00:00:00+00:00,17.23,16.97,,62.436546,0.95714283,0.6666666666666666,-5029.880952380954,16738.342902088832,5000.0,6708.461949707878,0,,12740.242
2020-09-08 00:00:00+00:00,14.86,14.44,,56.41791,1.1385714,0.6666666666666666,-5030.873015873018,14242.880359877247,5000.0,4212.007344004229,0,,10840.843
2020-09-09 00:00:00+00:00,15.38,15.76,,42.892563,1.2807143,0.7222222222222222,-5031.865079365081,15544.861686796234,5000.0,5512.996607431152,0,,11831.834
2020-09-10 00:00:00+00:00,16.26,14.75,,49.694656,1.3564286,0.7222222222222222,-5032.857142857145,14548.648737220665,5000.0,4515.79159436352,0,,11073.576
2020-09-11 00:00:00+00:00,15.25,14.54,,43.368107,1.43,0.7222222222222222,-5033.8492063492085,14341.515483725567,5000.0,4307.666277376358,0,,10915.918
2020-09-14 00:00:00+00:00,15.17,15.27,,41.322315,1.4928571,0.6296296296296297,-5034.841269841272,15061.549964135349,5000.0,5026.708694294077,0,,11463.967
2020-09-15 00:00:00+00:00,15.91,15.91,,43.52856,1.5071429,0.6666666666666666,-5035.833333333336,15692.812629423861,5000.0,5656.979296090525,0,,11944.446
2020-09-16 00:00:00+00:00,16.03,15.09,,44.17441,1.5221429,0.6296296296296297,-5036.825396825399,14884.00666844605,5000.0,4847.181271620651,0,,11328.831
2020-09-17 00:00:00+00:00,13.98,14.37,,36.915203,1.5085714,0.6666666666666666,-5037.817460317463,14173.834797611358,5000.0,4136.017337293895,0,,10788.289
2020-09-18 00:00:00+00:00,14.65,13.88,,35.438595,1.5335715,0.6296296296296297,-5038.809523809527,13690.523982961186,5000.0,3651.714459151659,0,,10420.421
2020-09-21 00:00:00+00:00,13.31,14.04,,32.987553,1.61,0.6296296296296297,-5039.80158730159,13848.340390478184,5000.0,3808.5388031765942,0,,10540.541
2020-09-22 00:00:00+00:00,14.42,14.83,,31.178978,1.6314286,0.4520547945205479,-5040.793650793654,14627.55683489533,5000.0,4586.7631841016755,0,,11133.635
2020-09-23 00:00:00+00:00,14.73,13.43,,31.032028,1.6407143,0.6296296296296297,8185.012837569802,0.0,0.0,8185.012837569802,-1,0.0,10082.585
2020-09-24 00:00:00+00:00,13.07,13.64,,24.711473,1.6585715,0.4520547945205479,-8.185012837569957,8180.922376381612,0.0,8172.737363544042,1,10.968929290771484,10240.242
2020-09-25 00:00:00+00:00,13.73,14.61,,32.877884,1.4578571,0.4520547945205479,-8.185012837569957,8762.702958288699,0.0,8754.517945451129,0,11.152143478393555,10968.471
2020-09-28 00:00:00+00:00,15.34,15.41,,40.166668,1.3221428,0.6296296296296297,-8.185012837569957,9242.522275551531,0.0,9234.337262713962,0,12.423213958740234,11569.071
2020-09-29 00:00:00+00:00,15.4,15.31,,54.722492,1.2007142,0.6296296296296297,-8.185012837569957,9182.544989380582,0.0,9174.359976543012,0,13.426785469055176,11493.996
2020-09-30 00:00:00+00:00,15.39,15.68,,47.513813,1.1085714,0.6666666666666666,-8.185012837569957,9404.4612075603,0.0,9396.27619472273,0,13.508929252624512,11771.774
2020-10-01 00:00:00+00:00,16.26,16.32,,55.529133,1.0307143,0.6296296296296297,-8.185012837569957,9788.316584015964,0.0,9780.131571178394,0,14.017143249511719,12252.255
2020-10-02 00:00:00+00:00,15.23,15.0,,60.067875,0.99,0.6296296296296297,-8.185012837569957,8996.614919199943,0.0,8988.429906362373,0,14.77392864227295,11261.264
2020-10-05 00:00:00+00:00,15.3,15.96,,48.568398,1.02,0.6666666666666666,-8.185012837569957,9572.398368406986,0.0,9564.213355569416,0,14.77392864227295,11981.985
2020-10-06 00:00:00+00:00,15.85,15.06,,50.25641,1.0307143,0.6296296296296297,-8.185012837569957,9032.601815416456,0.0,9024.416802578886,0,14.77392864227295,11306.31
2020-10-07 00:00:00+00:00,15.53,15.92,,49.847404,1.0442857,0.4520547945205479,-8.185012837569957,9548.408046943874,0.0,9540.223034106304,0,14.77392864227295,11951.955
2020-10-08 00:00:00+00:00,16.23,16.11,,57.77332,1.0192857,0.6296296296296297,-8.185012837569957,9662.365978942584,0.0,9654.180966105014,0,14.77392864227295,12094.599
2020-10-09 00:00:00+00:00,16.37,16.84,,61.530506,0.9392857,0.6296296296296297,-8.185012837569957,10100.201382482446,0.0,10092.016369644876,0,14.77392864227295,12642.647
2020-10-12 00:00:00+00:00,17.66,18.41,,63.671875,0.91571426,0.6296296296296297,11017.099078054955,0.0,0.0,11017.099078054955,-1,0.0,13821.325
2020-10-13 00:00:00+00:00,18.64,18.43,,66.243195,0.9942857,0.4520547945205479,-11.017099078055253,11011.593281414249,0.0,11000.576182336194,1,17.036428451538086,13836.34
2020-10-14 00:00:00+00:00,18.41,17.94,,75.93361,0.935,0.6296296296296297,-11.017099078055253,10718.82729066061,0.0,10707.810191582555,0,17.036428451538086,13468.472
2020-10-15 00:00:00+00:00,17.01,17.54,,71.673386,0.9392857,0.6666666666666666,10453.097593907836,0.0,0.0,10453.097593907836,-1,0.0,13168.172
2020-10-16 00:00:00+00:00,17.81,17.34,,65.66845,0.92714286,0.6296296296296297,-10.453097593906932,10447.873657079297,0.0,10437.42055948539,1,16.131072998046875,13018.0205
2020-10-19 00:00:00+00:00,17.62,16.38,,61.028572,0.9242857,0.6296296296296297,-10.453097593906932,9869.444297210383,0.0,9858.991199616476,0,16.131072998046875,12297.299
2020-10-20 00:00:00+00:00,16.52,16.55,,55.567116,1.0057143,0.7222222222222222,-10.453097593906932,9971.874127041438,0.0,9961.42102944753,0,16.131072998046875,12424.927
2020-10-21 00:00:00+00:00,16.58,16.49,,54.62274,1.0007143,0.7222222222222222,-10.453097593906932,9935.722759613787,0.0,9925.26966201988,0,16.131072998046875,12379.883
2020-10-22 00:00:00+00:00,16.66,16.45,,50.962627,0.985,0.4520547945205479,-10.453097593906932,9911.621968789777,0.0,9901.16887119587,0,16.131072998046875,12349.853
2020-10-23 00:00:00+00:00,16.34,16.58,,59.60265,0.94285715,0.6296296296296297,-10.453097593906932,9989.950954382737,0.0,9979.49785678883,0,16.131072998046875,12447.45
2020-10-26 00:00:00+00:00,16.25,15.82,,54.613094,0.9057143,0.4520547945205479,-10.453097593906932,9532.02802593272,0.0,9521.574928338812,0,16.131072998046875,11876.88
2020-10-27 00:00:00+00:00,15.99,16.2,,55.775078,0.9257143,0.7222222222222222,9735.895751141932,0.0,0.0,9735.895751141932,-1,0.0,12162.167
2020-10-28 00:00:00+00:00,15.38,14.31,,52.295082,0.9,0.6666666666666666,-9.73589575114238,9731.03023602392,0.0,9721.294340272778,1,14.811429023742676,10743.247
2020-10-29 00:00:00+00:00,14.65,15.13,,38.46154,1.0142857,0.7222222222222222,10263.47465161945,0.0,0.0,10263.47465161945,-1,0.0,11358.863
2020-10-30 00:00:00+00:00,14.73,13.91,,39.163498,1.0464286,0.7222222222222222,-10.263474651619617,10258.34547888001,0.0,10248.08200422839,1,13.608572006225586,10442.946
2020-11-02 00:00:00+00:00,14.24,13.97,,20.159151,1.0142857,0.6666666666666666,-10.263474651619617,10302.594533408223,0.0,10292.331058756603,0,13.608572006225586,10487.991
2020-11-03 00:00:00+00:00,14.3,14.76,,20.580475,1.035,0.6296296296296297,-10.263474651619617,10885.204065191207,0.0,10874.940590539587,0,13.608572006225586,11081.085
2020-11-04 00:00:00+00:00,16.16,16.67,,29.822334,1.0342857,0.6296296296296297,-10.263474651619617,12293.79115692779,0.0,12283.52768227617,0,13.608572006225586,12515.0205
2020-11-05 00:00:00+00:00,17.83,18.01,,45.367413,1.1185714,0.875,13251.827501260555,0.0,0.0,13251.827501260555,-1,0.0,13521.026
2020-11-06 00:00:00+00:00,17.86,18.07,,53.181385,1.1671429,0.698456444559278,-6645.791491882166,19867.807348216724,6625.913750630276,6596.102105704282,1,16.332143783569336,13566.07
2020-11-09 00:00:00+00:00,18.59,16.89,,58.774662,1.1342857,0.7222222222222222,-6647.106157308878,18570.40779713793,6625.913750630276,5297.387889198777,0,16.332143783569336,12680.185
2020-11-10 00:00:00+00:00,16.34,16.08,,51.597744,1.2121428,0.4520547945205479,11004.879498426106,0.0,0.0,11004.879498426106,-1,0.0,12072.077
2020-11-11 00:00:00+00:00,16.44,17.11,,48.200176,1.27,0.6296296296296297,11004.879498426106,0.0,0.0,11004.879498426106,0,0.0,12845.351
2020-11-12 00:00:00+00:00,17.26,16.79,,52.66559,1.2892857,0.4520547945205479,-11.004879498426817,10999.379808521846,0.0,10988.37492902342,1,15.205000877380371,12605.11
2020-11-13 00:00:00+00:00,17.2,17.33,,50.835323,1.3178571,0.4520547945205479,-11.004879498426817,11353.141323669573,0.0,11342.136444171147,0,15.205000877380371,13010.515
2020-11-16 00:00:00+00:00,17.14,17.63,,56.11336,1.2564286,0.4520547945205479,-11.004879498426817,11549.675291798336,0.0,11538.670412299909,0,15.353214263916016,13235.739
2020-11-17 00:00:00+00:00,17.71,17.5,,55.82722,1.26,0.4520547945205479,-11.004879498426817,11464.51087119222,0.0,11453.505991693793,0,15.745356559753418,13138.143
2020-11-18 00:00:00+00:00,17.43,17.15,,65.176025,1.1464286,0.6296296296296297,-11.004879498426817,11235.220189098469,0.0,11224.215309600042,0,15.745356559753418,12875.379
2020-11-19 00:00:00+00:00,17.02,17.55,,60.05976,1.1021428,0.6296296296296297,-11.004879498426817,11497.26525073891,0.0,11486.260371240483,0,15.745356559753418,13175.679
2020-11-20 00:00:00+00:00,17.45,17.18,,69.73969,1.0321429,0.4520547945205479,-11.004879498426817,11254.873235279187,0.0,11243.86835578076,0,15.896784782409668,12897.901
2020-11-23 00:00:00+00:00,17.43,17.18,,66.84155,0.99642855,0.6296296296296297,-11.004879498426817,11254.873235279187,0.0,11243.86835578076,0,15.896784782409668,12897.901
2020-11-24 00:00:00+00:00,17.37,17.92,,63.844395,0.9771429,0.6296296296296297,-11.004879498426817,11739.657727740541,0.0,11728.652848242114,0,15.896784782409668,13453.456
2020-11-25 00:00:00+00:00,18.12,18.24,,58.256275,0.8792857,0.4520547945205479,-11.004879498426817,11949.293673178046,0.0,11938.28879367962,0,16.454286575317383,13693.695
2020-11-27 00:00:00+00:00,18.58,18.68,,51.755726,0.8042857,0.6296296296296297,-11.004879498426817,12237.544503330473,0.0,12226.539623832046,0,16.921072006225586,14024.026
2020-11-30 00:00:00+00:00,18.8,18.84,,54.401154,0.7828571,0.6296296296296297,-11.004879498426817,12342.362824809888,0.0,12331.357945311462,0,17.47357177734375,14144.146
2020-12-01 00:00:00+00:00,19.26,19.64,,66.49746,0.7185714,0.7222222222222222,-11.004879498426817,12866.454427093435,0.0,12855.449547595008,0,17.665714263916016,14744.747
2020-12-02 00:00:00+00:00,19.29,19.61,,80.169495,0.69714284,0.6666666666666666,-11.004879498426817,12846.80183627332,0.0,12835.796956774893,0,18.56214141845703,14722.226
2020-12-03 00:00:00+00:00,19.77,19.64,,75.5102,0.67142856,0.6296296296296297,-11.004879498426817,12866.45503832602,0.0,12855.450158827593,0,18.564287185668945,14744.748
2020-12-04 00:00:00+00:00,19.73,19.96,,80.911064,0.63857144,0.6296296296296297,-11.004879498426817,13076.09188650492,0.0,13065.087007006494,0,18.632856369018555,14984.988
2020-12-07 00:00:00+00:00,19.97,20.31,,79.954445,0.6242857,0.4520547945205479,-11.004879498426817,13305.382340421165,0.0,13294.377460922738,0,19.00214195251465,15247.752
2020-12-08 00:00:00+00:00,20.26,20.51,,80.18018,0.61,0.4520547945205479,-11.004879498426817,13436.405796710078,0.0,13425.400917211651,0,19.373571395874023,15397.902
2020-12-09 00:00:00+00:00,20.46,19.18,,83.370285,0.63714284,0.4520547945205479,12535.250765156386,0.0,0.0,12535.250765156386,-1,0.0,14399.404
2020-12-10 00:00:00+00:00,18.72,19.37,,68.48816,0.71,0.875,12535.250765156386,0.0,0.0,12535.250765156386,0,0.0,14542.048
2020-12-11 00:00:00+00:00,19.02,19.15,,67.23485,0.74142855,0.7222222222222222,-6286.4282587259295,18793.479408030566,6267.625382578193,6239.425766726443,1,18.30500030517578,14376.881
2020-12-14 00:00:00+00:00,19.49,19.58,,69.20078,0.76357144,0.875,-6287.671835190727,19215.475354768812,6267.625382578193,6660.1781369998935,0,18.30500030517578,14699.705
2020-12-15 00:00:00+00:00,20.09,20.25,,71.58273,0.76714283,0.6296296296296297,-6288.915411655524,19873.00105375069,6267.625382578193,7316.460259516973,0,18.434642791748047,15202.707
2020-12-16 00:00:00+00:00,20.3,20.59,,71.2204,0.755,0.6666666666666666,-6290.158988120321,20206.67175411201,6267.625382578193,7648.887383413494,0,19.099285125732422,15457.963
2020-12-17 00:00:00+00:00,20.93,21.01,,71.32487,0.76857144,0.7222222222222222,14296.521837764918,0.0,0.0,14296.521837764918,-1,0.0,15773.278
2020-12-18 00:00:00+00:00,21.13,20.85,,71.2204,0.75142854,0.7222222222222222,-14.296521837764885,14289.377149190324,0.0,14275.08062735256,1,19.85714340209961,15653.158
2020-12-21 00:00:00+00:00,20.17,20.67,,68.30601,0.7435714,0.7372193577407666,-14.296521837764885,14166.015002199505,0.0,14151.71848036174,0,19.85714340209961,15518.022
2020-12-22 00:00:00+00:00,20.83,20.82,,60.574947,0.755,0.875,-14.296521837764885,14268.815867761336,0.0,14254.51934592357,0,19.85714340209961,15630.635
2020-12-23 00:00:00+00:00,20.89,20.53,,62.12425,0.75285715,0.7222222222222222,-14.296521837764885,14070.06709785187,0.0,14055.770576014105,0,19.85714340209961,15412.917
2020-12-24 00:00:00+00:00,20.65,20.8,,58.47619,0.75285715,0.7222222222222222,-14.296521837764885,14255.108280175471,0.0,14240.811758337706,0,19.85714340209961,15615.618
2020-12-28 00:00:00+00:00,21.35,21.44,,58.076923,0.75142854,0.6296296296296297,-14.296521837764885,14693.728669686181,0.0,14679.432147848416,0,19.85714340209961,16096.101
2020-12-29 00:00:00+00:00,21.72,21.42,,60.29144,0.7764286,0.7222222222222222,-14.296521837764885,14680.021297294405,0.0,14665.72477545664,0,20.31285858154297,16081.085
2020-12-30 00:00:00+00:00,21.77,21.46,,58.568737,0.7614286,0.875,-14.296521837764885,14707.434967550795,0.0,14693.13844571303,0,20.31285858154297,16111.115
2020-12-31 00:00:00+00:00,21.48,21.69,,78.35821,0.6735714,0.4520547945205479,-14.296521837764885,14865.063819464322,0.0,14850.767297626557,0,20.317855834960938,16283.789
2021-01-04 00:00:00+00:00,21.94,20.65,,78.57143,0.6257143,0.6296296296296297,-14.296521837764885,14152.307495411886,0.0,14138.01097357412,0,20.679643630981445,15503.007
2021-01-05 00:00:00+00:00,20.65,21.22,,65.36885,0.715,0.7222222222222222,14506.841429181306,0.0,0.0,14506.841429181306,-1,0.0,15930.936
2021-01-06 00:00:00+00:00,20.19,20.36,,66.33466,0.69857144,0.7222222222222222,-14.506841429181804,14499.591633364624,0.0,14485.084791935442,1,20.147499084472656,15285.29
2021-01-07 00:00:00+00:00,20.91,21.9,,51.055664,0.735,0.7222222222222222,-14.506841429181804,15596.3177398845,0.0,15581.810898455318,0,20.147499084472656,16441.445
2021-01-08 00:00:00+00:00,22.35,22.71,,60.21841,0.80642855,0.875,16134.400171525223,0.0,0.0,16134.400171525223,-1,0.0,17049.553
2021-01-11 00:00:00+00:00,22.01,21.66,,62.5,0.83428574,0.6296296296296297,-8091.401686019901,24189.50550453557,8067.200085762612,8030.903732753057,1,21.500356674194336,16261.266
2021-01-12 00:00:00+00:00,21.68,21.68,,55.26658,0.85785717,0.7222222222222222,-8093.002320957552,24211.841976765303,8067.200085762612,8051.639570045139,0,21.500356674194336,16276.281
2021-01-13 00:00:00+00:00,21.69,22.01,,56.70651,0.8357143,0.6296296296296297,-8094.602955895203,24580.37907548839,8067.200085762612,8418.576033830574,0,21.500356674194336,16524.027
2021-01-14 00:00:00+00:00,22.12,21.65,,57.71725,0.8307143,0.7222222222222222,-8096.203590832854,24178.336747198467,8067.200085762612,8014.933070603001,0,21.500356674194336,16253.756
2021-01-15 00:00:00+00:00,21.59,21.13,,57.197945,0.85571426,0.875,-8097.804225770506,23597.608735530852,8067.200085762612,7432.604423997735,0,21.500356674194336,15863.365
2021-01-19 00:00:00+00:00,21.69,22.07,,52.054794,0.89214283,0.6666666666666666,-8099.404860708157,24647.384291609455,8067.200085762612,8480.779345138686,0,21.500356674194336,16569.07
2021-01-20 00:00:00+00:00,22.85,23.71,,53.781513,0.9128571,0.6666666666666666,-8101.005495645808,26478.906559760555,8067.200085762612,10310.700978352135,0,21.500356674194336,17800.3
2021-01-21 00:00:00+00:00,23.86,24.2,,61.507538,1.0,0.6296296296296297,-8102.606130583459,27026.132354304747,8067.200085762612,10856.326137958677,0,22.340713500976562,18168.17
2021-01-22 00:00:00+00:00,23.95,24.08,,63.173077,1.0228572,0.7222222222222222,-8104.20676552111,26892.118163335777,8067.200085762612,10720.711312052055,0,22.700000762939453,18078.08
2021-01-25 00:00:00+00:00,24.74,24.6,,61.613216,1.0221429,0.6666666666666666,19325.830405246466,0.0,0.0,19325.830405246466,-1,0.0,18468.473
2021-01-26 00:00:00+00:00,24.71,24.66,,70.21494,1.0157143,0.7222222222222222,-19.32583040524696,19316.172319086923,0.0,19296.846488681676,1,23.06678581237793,18513.516
2021-01-27 00:00:00+00:00,24.08,22.55,,68.57452,1.01,0.6296296296296297,-19.32583040524696,17663.408773355142,0.0,17644.082942949895,0,23.136428833007812,16929.432
2021-01-28 00:00:00+00:00,22.93,23.06,,60.418648,1.1042857,0.7222222222222222,18016.47108427168,0.0,0.0,18016.47108427168,-1,0.0,17312.312
2021-01-29 00:00:00+00:00,22.63,21.56,,56.118145,1.095,0.7222222222222222,-18.01647108427278,18007.467350596384,0.0,17989.45087951211,1,21.4035701751709,16186.1875
2021-02-01 00:00:00+00:00,22.29,23.29,,44.346115,1.17,0.7222222222222222,-18.01647108427278,19452.40819933966,0.0,19434.39172825539,0,21.4035701751709,17484.986
2021-02-02 00:00:00+00:00,23.8,24.31,,57.51152,1.2142857,0.6296296296296297,-18.01647108427278,20304.337808388766,0.0,20286.321337304493,0,21.535001754760742,18250.752
2021-02-03 00:00:00+00:00,24.45,24.05,,61.097046,1.2385714,0.7222222222222222,-18.01647108427278,20087.17846806758,0.0,20069.16199698331,0,22.488571166992188,18055.557
2021-02-04 00:00:00+00:00,24.35,24.82,,58.658745,1.2457143,0.875,-18.01647108427278,20730.302328076446,0.0,20712.285856992174,0,22.488571166992188,18633.635
2021-02-05 00:00:00+00:00,24.99,25.08,,63.00246,1.2485714,0.4520547945205479,-18.01647108427278,20947.460477173103,0.0,20929.44400608883,0,22.951427459716797,18828.828
2021-02-08 00:00:00+00:00,25.5,25.58,,66.5549,1.2257143,0.4520547945205479,21315.009240552223,0.0,0.0,21315.009240552223,-1,0.0,19204.203
2021-02-09 00:00:00+00:00,25.38,25.58,,65.274155,1.1907142,0.6296296296296297,21315.009240552223,0.0,0.0,21315.009240552223,0,0.0,19204.203
2021-02-10 00:00:00+00:00,25.95,25.32,,59.492386,1.1021428,0.6296296296296297,-21.315009240552172,21304.357062021212,0.0,21283.04205278066,1,23.793928146362305,19009.008
2021-02-11 00:00:00+00:00,25.79,25.85,,55.821205,1.1471429,0.7222222222222222,-21.315009240552172,21750.301533485057,0.0,21728.986524244505,0,23.793928146362305,19406.906
2021-02-12 00:00:00+00:00,25.6,26.24,,58.82353,1.1635715,0.6666666666666666,-21.315009240552172,22078.4485170819,0.0,22057.133507841347,0,24.12928581237793,19699.7
2021-02-16 00:00:00+00:00,26.45,26.06,,58.28283,1.0871428,0.6296296296296297,-21.315009240552172,21926.99523168974,0.0,21905.680222449188,0,24.49464225769043,19564.562
2021-02-17 00:00:00+00:00,25.31,25.64,,56.986027,1.1114286,0.6666666666666666,-21.315009240552172,21573.60489436069,0.0,21552.28988512014,0,24.49464225769043,19249.248
2021-02-18 00:00:00+00:00,24.79,25.27,,68.54742,1.0214286,0.7222222222222222,-21.315009240552172,21262.286494493615,0.0,21240.971485253063,0,24.49464225769043,18971.47
2021-02-19 00:00:00+00:00,25.55,24.96,,63.49206,1.005,0.875,-21.315009240552172,21001.449490478724,0.0,20980.134481238172,0,24.49464225769043,18738.736
2021-02-22 00:00:00+00:00,23.92,23.04,,74.28571,0.93214285,0.875,19335.56078257512,0.0,0.0,19335.56078257512,-1,0.0,17297.295
2021-02-23 00:00:00+00:00,21.84,22.91,,48.261475,0.9442857,0.7222222222222222,-9696.783732461423,28988.84675048744,9667.78039128756,9624.282626738455,1,21.641786575317383,17199.697
2021-02-24 00:00:00+00:00,22.23,23.44,,38.88889,1.0421429,0.875,-9698.70194285652,29659.474532604934,9667.78039128756,10292.992198460852,0,21.641786575317383,17597.594
2021-02-25 00:00:00+00:00,22.79,20.91,,45.357685,1.1171429,0.7222222222222222,-9700.620153251617,26458.17350767227,9667.78039128756,7089.772963133091,0,21.876785278320312,15698.194
2021-02-26 00:00:00+00:00,21.54,21.44,,26.530613,1.265,0.6296296296296297,17385.570808076336,0.0,0.0,17385.570808076336,-1,0.0,16096.093
2021-03-01 00:00:00+00:00,22.26,23.15,,28.83721,1.3371428,0.6296296296296297,-17.38557080807732,17376.88236689289,0.0,17359.49679608481,1,19.542499542236328,17379.877
2021-03-02 00:00:00+00:00,23.19,21.96,,37.614677,1.4221429,0.875,-17.38557080807732,16483.642153114637,0.0,16466.25658230656,0,21.144285202026367,16486.482
2021-03-03 00:00:00+00:00,21.73,20.1,,33.545456,1.4807143,0.7222222222222222,-17.38557080807732,15087.487679546497,0.0,15070.10210873842,0,21.144285202026367,15090.088
2021-03-04 00:00:00+00:00,19.98,19.03,,29.285715,1.5221429,0.6296296296296297,14245.511287107141,0.0,0.0,14245.511287107141,-1,0.0,14286.785
2021-03-05 00:00:00+00:00,19.64,20.09,,24.048706,1.6392857,0.6296296296296297,-14.245511287106638,14238.39209106161,0.0,14224.146579774504,1,16.74678611755371,15082.58
2021-03-08 00:00:00+00:00,19.83,18.19,,27.733526,1.7342857,0.6296296296296297,-14.245511287106638,12891.804818243105,0.0,12877.559306955998,0,17.631071090698242,13656.153
2021-03-09 00:00:00+00:00,19.7,20.4,,24.661945,1.8157142,0.4520547945205479,-14.245511287106638,14458.097827457235,0.0,14443.852316170129,0,17.631071090698242,15315.311
2021-03-10 00:00:00+00:00,21.22,20.22,,34.87298,1.91,0.6296296296296297,-14.245511287106638,14330.525737315007,0.0,14316.2802260279,0,17.676427841186523,15180.176
2021-03-11 00:00:00+00:00,21.23,21.62,,35.259777,1.9057143,0.6296296296296297,-14.245511287106638,15322.748758773738,0.0,15308.503247486631,0,17.676427841186523,16231.227
2021-03-12 00:00:00+00:00,20.77,21.1,,40.834248,1.9678571,0.6296296296296297,-14.245511287106638,14954.208379524483,0.0,14939.962868237377,0,18.761428833007812,15840.836
2021-03-15 00:00:00+00:00,21.14,21.8,,44.233055,1.9235715,0.6296296296296297,-14.245511287106638,15450.319465056167,0.0,15436.07395376906,0,18.761428833007812,16366.361
2021-03-16 00:00:00+00:00,22.25,22.14,,46.80851,1.8085715,0.6296296296296297,-14.245511287106638,15691.288669512047,0.0,15677.04315822494,0,18.914642333984375,16621.617
2021-03-17 00:00:00+00:00,21.42,22.39,,46.220932,1.7578571,0.7222222222222222,-14.245511287106638,15868.470657912687,0.0,15854.22514662558,0,19.427143096923828,16809.305
2021-03-18 00:00:00+00:00,21.35,20.32,,54.959785,1.6728572,0.6296296296296297,-14.245511287106638,14401.39897287449,0.0,14387.153461587382,0,19.75321388244629,15255.25
2021-03-19 00:00:00+00:00,20.33,20.65,,46.597813,1.7142857,0.6296296296296297,-14.245511287106638,14635.279419412536,0.0,14621.03390812543,0,19.75321388244629,15502.996
2021-03-22 00:00:00+00:00,21.22,21.71,,41.710876,1.6592857,0.6296296296296297,-14.245511287106638,15386.532303476073,0.0,15372.286792188967,0,19.75321388244629,16298.791
2021-03-23 00:00:00+00:00,21.83,21.38,,49.16388,1.6714286,0.7222222222222222,-14.245511287106638,15152.651219270418,0.0,15138.405707983311,0,19.75321388244629,16051.043
2021-03-24 00:00:00+00:00,21.69,20.36,,54.769,1.6042857,0.7222222222222222,-14.245511287106638,14429.747108733543,0.0,14415.501597446437,0,19.75321388244629,15285.278
2021-03-25 00:00:00+00:00,19.97,20.23,,54.973824,1.54,0.6296296296296297,-14.245511287106638,14337.611044023935,0.0,14323.365532736829,0,19.75321388244629,15187.68
2021-03-26 00:00:00+00:00,20.27,21.17,,50.562702,1.4585714,0.6485566037383944,-14.245511287106638,15003.817249864253,0.0,14989.571738577146,0,19.75321388244629,15893.384
2021-03-29 00:00:00+00:00,21.03,21.02,,62.979095,1.3985714,0.6296296296296297,-14.245511287106638,14897.507670517023,0.0,14883.262159229917,0,19.75321388244629,15780.771
2021-03-30 00:00:00+00:00,20.72,20.62,,53.29087,1.2764286,0.48443547748608473,-14.245511287106638,14614.015576602002,0.0,14599.770065314895,0,19.75321388244629,15480.472
2021-03-31 00:00:00+00:00,21.16,21.73,,52.074688,1.2464286,0.6666666666666666,-14.245511287106638,15400.705859412998,0.0,15386.460348125891,0,19.75321388244629,16313.805
2021-04-01 00:00:00+00:00,22.54,22.86,,50.588234,1.225,0.6692887013272854,-14.245511287106638,16201.570807698901,0.0,16187.325296411795,0,19.8603572845459,17162.152
2021-04-05 00:00:00+00:00,23.42,24.27,,58.835342,1.2121428,0.6296296296296297,-14.245511287106638,17200.881104290405,0.0,17186.6355930033,0,21.02250099182129,18220.713
2021-04-06 00:00:00+00:00,24.15,24.16,,61.57451,1.2485714,0.6296296296296297,17082.98999481426,0.0,0.0,17082.98999481426,-1,0.0,18138.129
2021-04-07 00:00:00+00:00,24.07,24.33,,59.674328,1.2114285,0.6296296296296297,-17.082989994814852,17074.452768430045,0.0,17057.36977843523,1,22.28714370727539,18265.756
2021-04-08 00:00:00+00:00,24.96,25.08,,59.362934,1.14,0.6666666666666666,-17.082989994814852,17600.791416330005,0.0,17583.70842633519,0,22.51285743713379,18828.818
2021-04-09 00:00:00+00:00,24.8,25.53,,76.32743,1.0414286,0.4520547945205479,-17.082989994814852,17916.596555780732,0.0,17899.513565785917,0,23.369998931884766,19166.658
2021-04-12 00:00:00+00:00,25.29,25.43,,76.63756,1.0407143,0.4520547945205479,-17.082989994814852,17846.41762625752,0.0,17829.334636262705,0,23.967857360839844,19091.582
2021-04-13 00:00:00+00:00,25.77,26.37,,72.68293,0.9692857,0.7222222222222222,-17.082989994814852,18506.095785579626,0.0,18489.01279558481,0,23.967857360839844,19797.287
2021-04-14 00:00:00+00:00,26.39,25.27,,78.32009,0.9742857,0.4520547945205479,-17.082989994814852,17734.13116933133,0.0,17717.048179336514,0,24.916072845458984,18971.46
2021-04-15 00:00:00+00:00,26.08,26.52,,77.615295,0.9607143,0.4520547945205479,-17.082989994814852,18611.363720260262,0.0,18594.280730265447,0,24.916072845458984,19909.898
2021-04-16 00:00:00+00:00,26.61,26.63,,81.41858,0.98142856,0.4520547945205479,-17.082989994814852,18688.55933951947,0.0,18671.476349524655,0,25.078929901123047,19992.482
2021-04-19 00:00:00+00:00,26.26,25.83,,79.73856,0.9292857,0.4520547945205479,-17.082989994814852,18127.131144033887,0.0,18110.048154039072,0,25.157855987548828,19391.88
2021-04-20 00:00:00+00:00,25.82,25.27,,74.46592,0.95428574,0.6296296296296297,-17.082989994814852,17734.13174577777,0.0,17717.048755782955,0,25.157855987548828,18971.463
2021-04-21 00:00:00+00:00,25.02,25.99,,73.27327,0.97642857,0.6666666666666666,18194.97427777206,0.0,0.0,18194.97427777206,-1,0.0,19512.002
2021-04-22 00:00:00+00:00,25.92,25.04,,72.1875,0.94857144,0.6296296296296297,-18.194974277772417,18185.88133710351,0.0,18167.686362825738,1,24.52535629272461,18798.79
2021-04-23 00:00:00+00:00,25.21,26.01,,61.571125,0.9614286,0.7222222222222222,-18.194974277772417,18890.36623227831,0.0,18872.171258000537,0,24.52535629272461,19527.018
2021-04-26 00:00:00+00:00,26.04,26.47,,59.688194,0.94214284,0.6296296296296297,-18.194974277772417,19224.45016762919,0.0,19206.25519335142,0,24.56785774230957,19872.36
2021-04-27 00:00:00+00:00,26.5,26.17,,62.37942,0.95214283,0.7222222222222222,-18.194974277772417,19006.568231700487,0.0,18988.373257422714,0,25.056785583496094,19647.135
2021-04-28 00:00:00+00:00,26.07,25.8,,59.72516,0.94714284,0.4520547945205479,-18.194974277772417,18737.846889751036,0.0,18719.651915473263,0,25.056785583496094,19369.357
2021-04-29 00:00:00+00:00,26.69,26.13,,53.964756,0.9285714,0.6296296296296297,-18.194974277772417,18977.516691925928,0.0,18959.321717648156,0,25.056785583496094,19617.105
2021-04-30 00:00:00+00:00,25.51,25.5,,53.348213,0.9564286,0.7222222222222222,-18.194974277772417,18519.965006537994,0.0,18501.77003226022,0,25.056785583496094,19144.133
2021-05-03 00:00:00+00:00,25.89,25.19,,50.36881,0.9735714,0.6296296296296297,-18.194974277772417,18294.820678491942,0.0,18276.62570421417,0,25.056785583496094,18911.4
2021-05-04 00:00:00+00:00,24.63,23.81,,43.34086,0.965,0.6666666666666666,17248.428857896397,0.0,0.0,17248.428857896397,-1,0.0,17875.363
2021-05-05 00:00:00+00:00,24.33,23.57,,42.01313,1.0378572,0.875,-17.248428857896215,17239.808953419688,0.0,17222.56052456179,1,22.362499237060547,17695.184
2021-05-06 00:00:00+00:00,23.54,24.16,,31.857319,1.015,0.7222222222222222,-17.248428857896215,17671.352490041852,0.0,17654.104061183956,0,22.362499237060547,18138.127
2021-05-07 00:00:00+00:00,24.78,24.77,,35.65621,1.0535715,0.4520547945205479,-17.248428857896215,18117.526013234063,0.0,18100.277584376166,0,22.637500762939453,18596.086
2021-05-10 00:00:00+00:00,24.46,22.86,,43.705463,1.0464286,0.7222222222222222,-17.248428857896215,16720.49451704741,0.0,16703.246088189513,0,23.18964385986328,17162.152
2021-05-11 00:00:00+00:00,21.48,22.79,,37.666325,1.1078571,0.7222222222222222,16627.04183538024,0.0,0.0,16627.04183538024,-1,0.0,17109.6
2021-05-12 00:00:00+00:00,21.64,21.0,19.78985,32.45614,1.1357143,0.6296296296296297,-16.627041835381533,16618.73246914567,0.0,16602.10542731029,1,21.128215789794922,15765.757
2021-05-13 00:00:00+00:00,21.62,21.47,19.82825,29.718876,1.1821429,0.6666666666666666,-16.627041835381533,16990.67545747219,0.0,16974.048415636807,0,21.128215789794922,16118.608
2021-05-14 00:00:00+00:00,22.17,22.9,19.8714,26.004229,1.1707143,0.7222222222222222,-16.627041835381533,18122.332842296804,0.0,18105.705800461423,0,21.128215789794922,17192.182
2021-05-17 00:00:00+00:00,22.51,22.48,19.9195,32.885906,1.2371428,0.7222222222222222,-16.627041835381533,17789.95860899695,0.0,17773.331567161567,0,21.128215789794922,16876.867
2021-05-18 00:00:00+00:00,22.7,21.98,19.96445,32.51185,1.2685714,0.6666666666666666,-16.627041835381533,17394.274178125062,0.0,17377.64713628968,0,21.128215789794922,16501.492
2021-05-19 00:00:00+00:00,20.87,22.13,20.00335,32.116104,1.3007143,0.7222222222222222,17470.08270337865,0.0,0.0,17470.08270337865,-1,0.0,16614.105
2021-05-20 00:00:00+00:00,22.39,23.4,20.04,30.952381,1.3014286,0.6296296296296297,-17.470082703377557,17461.35202736497,0.0,17443.881944661593,1,18.227855682373047,17567.559
2021-05-21 00:00:00+00:00,23.71,22.94,20.08235,40.574505,1.3528571,0.6296296296296297,-17.470082703377557,17118.095220667055,0.0,17100.625137963678,0,19.49571418762207,17222.213
2021-05-24 00:00:00+00:00,23.48,24.11,20.1217,40.03543,1.3514286,0.6296296296296297,-17.470082703377557,17991.162954587322,0.0,17973.692871883944,0,19.49571418762207,18100.592
2021-05-25 00:00:00+00:00,24.56,24.24,20.1642,51.35379,1.2978572,0.4520547945205479,-17.470082703377557,18088.17050239489,0.0,18070.70041969151,0,20.055713653564453,18198.19
2021-05-26 00:00:00+00:00,24.39,24.44,20.20985,53.053783,1.2692857,0.4520547945205479,-17.470082703377557,18237.412968484885,0.0,18219.942885781507,0,20.34642791748047,18348.34
2021-05-27 00:00:00+00:00,24.41,24.33,20.2576,51.32325,1.2221428,0.4520547945205479,-17.470082703377557,18155.328817689173,0.0,18137.858734985795,0,20.632143020629883,18265.756
2021-05-28 00:00:00+00:00,24.53,24.41,20.30885,47.81746,1.1685715,0.4520547945205479,-17.470082703377557,18215.02625912145,0.0,18197.55617641807,0,20.663570404052734,18325.816
2021-06-01 00:00:00+00:00,24.72,24.19,20.3552,59.39394,1.0628572,0.4520547945205479,-17.470082703377557,18050.85970785399,0.0,18033.389625150612,0,20.904285430908203,18160.65
2021-06-02 00:00:00+00:00,24.3,24.34,20.39995,58.333332,1.0192857,0.4520547945205479,-17.470082703377557,18162.791457367548,0.0,18145.32137466417,0,21.001428604125977,18273.264
2021-06-03 00:00:00+00:00,23.7,23.56,20.44565,74.70414,0.91785717,0.6296296296296297,-17.470082703377557,17580.746278506318,0.0,17563.27619580294,0,21.282142639160156,17687.678
2021-06-04 00:00:00+00:00,24.01,24.78,20.48505,64.78076,0.92285717,0.6296296296296297,-17.470082703377557,18491.12526774851,0.0,18473.655185045132,0,21.282142639160156,18603.594
2021-06-07 00:00:00+00:00,24.65,24.99,20.52815,63.702625,0.9007143,0.6296296296296297,-17.470082703377557,18647.829943337623,0.0,18630.359860634246,0,22.011428833007812,18761.25
2021-06-08 00:00:00+00:00,25.39,25.03,20.5739,68.87218,0.86142856,0.6296296296296297,-17.470082703377557,18677.678091284124,0.0,18660.208008580747,0,22.287857055664062,18791.281
2021-06-09 00:00:00+00:00,25.35,25.05,20.6164,74.63651,0.8592857,0.6296296296296297,-17.470082703377557,18692.60044771892,0.0,18675.130365015542,0,22.445714950561523,18806.295
2021-06-10 00:00:00+00:00,25.13,25.83,20.6574,74.09241,0.79714286,0.6296296296296297,-17.470082703377557,19274.645123324823,0.0,19257.175040621445,0,22.47214126586914,19391.879
2021-06-11 00:00:00+00:00,25.83,26.01,20.70125,71.813286,0.75357145,0.6666666666666666,19362.379224636392,0.0,0.0,19362.379224636392,-1,0.0,19527.014
2021-06-14 00:00:00+00:00,26.09,26.73,20.7436,79.01701,0.715,0.4520547945205479,-19.362379224636243,19352.702873199793,0.0,19333.340493975156,1,23.749286651611328,20067.55
2021-06-15 00:00:00+00:00,26.61,26.18,20.7839,77.06612,0.6692857,0.4520547945205479,-19.362379224636243,18954.49934772469,0.0,18935.136968500054,0,24.584999084472656,19654.639
2021-06-16 00:00:00+00:00,26.35,25.94,20.8222,68.44106,0.67,0.6296296296296297,-19.362379224636243,18780.73750853285,0.0,18761.375129308213,0,24.584999084472656,19474.459
2021-06-17 00:00:00+00:00,25.72,27.0,20.8579,64.15094,0.75,0.6296296296296297,-19.362379224636243,19548.18443763896,0.0,19528.822058414324,0,24.584999084472656,20270.254
2021-06-18 00:00:00+00:00,26.6,26.26,20.8962,71.36,0.82857144,0.6296296296296297,-19.362379224636243,19012.41937577678,0.0,18993.056996552143,0,24.75,19714.7
2021-06-21 00:00:00+00:00,26.37,26.81,20.9267,63.3864,0.85714287,0.4520547945205479,-19.362379224636243,19410.622273064117,0.0,19391.25989383948,0,24.75,20127.611
2021-06-22 00:00:00+00:00,26.78,27.54,20.95635,68.093925,0.8707143,0.6296296296296297,-19.362379224636243,19939.148536779485,0.0,19919.78615755485,0,24.75,20675.66
2021-06-23 00:00:00+00:00,27.59,27.56,21.0058,70.46036,0.89857143,0.6296296296296297,-19.362379224636243,19953.628804886666,0.0,19934.26642566203,0,24.927858352661133,20690.674
2021-06-24 00:00:00+00:00,28.05,28.09,21.05875,78.32861,0.8521429,0.4520547945205479,20287.485489465413,0.0,0.0,20287.485489465413,-1,0.0,21088.574
2021-06-25 00:00:00+00:00,28.21,27.99,21.127,75.98116,0.8207143,0.6296296296296297,20287.485489465413,0.0,0.0,20287.485489465413,0,0.0,21013.498
2021-06-28 00:00:00+00:00,28.31,29.0,21.18815,73.96166,0.81714284,0.6296296296296297,20287.485489465413,0.0,0.0,20287.485489465413,0,0.0,21771.756
2021-06-29 00:00:00+00:00,28.96,29.3,21.2594,77.45505,0.8257143,0.4520547945205479,-20.287485489465325,20277.346816057387,0.0,20257.05933056792,1,26.548572540283203,21996.977
2021-06-30 00:00:00+00:00,29.26,29.22,21.3332,78.29561,0.8314286,0.4520547945205479,-20.287485489465325,20221.982165393656,0.0,20201.69467990419,0,26.822856903076172,21936.918
2021-07-01 00:00:00+00:00,29.01,29.2,21.40295,74.88987,0.79714286,0.4520547945205479,-20.287485489465325,20208.14142917108,0.0,20187.853943681614,0,26.822856903076172,21921.902
2021-07-02 00:00:00+00:00,29.68,30.21,21.4694,73.98496,0.8157143,0.4520547945205479,-20.287485489465325,20907.11947893789,0.0,20886.831993448424,0,26.822856903076172,22680.156
2021-07-06 00:00:00+00:00,30.39,30.6,21.545,75.072044,0.8371429,0.4520547945205479,-20.287485489465325,21177.023090699473,0.0,21156.735605210008,0,27.762855529785156,22972.95
2021-07-07 00:00:00+00:00,31.2,30.77,21.62615,82.59587,0.86071426,0.4520547945205479,21242.44277139455,0.0,0.0,21242.44277139455,-1,0.0,23100.574
2021-07-08 00:00:00+00:00,29.37,30.25,21.7106,85.99106,0.8257143,0.4520547945205479,21242.44277139455,0.0,0.0,21242.44277139455,0,0.0,22710.186
2021-07-09 00:00:00+00:00,30.1,30.8,21.79165,76.33711,0.8371429,0.4520547945205479,21242.44277139455,0.0,0.0,21242.44277139455,0,0.0,23123.098
2021-07-12 00:00:00+00:00,31.2,31.15,21.8715,87.95987,0.8414286,0.4520547945205479,21242.44277139455,0.0,0.0,21242.44277139455,0,0.0,23385.86
2021-07-13 00:00:00+00:00,31.05,31.06,21.9601,87.54325,0.80142856,0.4520547945205479,21242.44277139455,0.0,0.0,21242.44277139455,0,0.0,23318.291
2021-07-14 00:00:00+00:00,31.76,31.23,22.0472,84.24124,0.8007143,0.4520547945205479,21242.44277139455,0.0,0.0,21242.44277139455,0,0.0,23445.918
2021-07-15 00:00:00+00:00,31.3,30.6,22.1303,84.68809,0.82785714,0.4520547945205479,21242.44277139455,0.0,0.0,21242.44277139455,0,0.0,22972.945
2021-07-16 00:00:00+00:00,30.9,29.88,22.20625,73.28386,0.85142857,0.6666666666666666,21242.44277139455,0.0,0.0,21242.44277139455,0,0.0,22432.406
2021-07-19 00:00:00+00:00,29.02,29.03,22.2791,65.72379,0.9135714,0.6296296296296297,-21.242442771395872,21231.82685796557,0.0,21210.584415194175,1,27.325714111328125,21794.27
2021-07-20 00:00:00+00:00,29.46,30.2,22.34585,50.25641,0.93642855,0.6296296296296297,-21.242442771395872,22087.535534176095,0.0,22066.2930914047,0,27.325714111328125,22672.646
2021-07-21 00:00:00+00:00,30.09,30.8,22.41525,56.69643,1.0092857,0.7222222222222222,-21.242442771395872,22526.36051677885,0.0,22505.118074007452,0,27.390714645385742,23123.096
2021-07-22 00:00:00+00:00,30.95,31.47,22.49425,60.911602,1.0421429,0.6296296296296297,-21.242442771395872,23016.38076098877,0.0,22995.138318217374,0,27.77214241027832,23626.096
2021-07-23 00:00:00+00:00,31.89,32.57,22.5718,64.3853,1.0485715,0.6666666666666666,23763.92044142924,0.0,0.0,23763.92044142924,-1,0.0,24451.922
2021-07-26 00:00:00+00:00,32.41,32.66,22.65935,64.786964,1.0557142,0.6666666666666666,-23.763920441429946,23752.04441921963,0.0,23728.2804987782,1,29.424285888671875,24519.488
2021-07-27 00:00:00+00:00,32.59,31.57,22.74305,63.411457,1.0264286,0.6296296296296297,-23.763920441429946,22959.339168033977,0.0,22935.575247592547,0,29.492856979370117,23701.172
2021-07-28 00:00:00+00:00,31.86,32.01,22.82035,54.65116,1.1135714,0.6296296296296297,-23.763920441429946,23279.32887067493,0.0,23255.5649502335,0,29.492856979370117,24031.5
2021-07-29 00:00:00+00:00,31.84,32.15,22.8962,60.32864,1.0728571,0.6296296296296297,-23.763920441429946,23381.147739343614,0.0,23357.383818902184,0,29.492856979370117,24136.61
2021-07-30 00:00:00+00:00,31.07,31.56,22.9649,58.32306,1.0485715,0.6296296296296297,-23.763920441429946,22952.067323667317,0.0,22928.303403225887,0,29.492856979370117,23693.666
2021-08-02 00:00:00+00:00,32.06,31.58,23.03055,52.45509,1.0942857,0.6296296296296297,-23.763920441429946,22966.61242935024,0.0,22942.84850890881,0,29.492856979370117,23708.682
2021-08-03 00:00:00+00:00,31.86,32.18,23.09875,53.140095,1.0785714,0.6296296296296297,-23.763920441429946,23402.96286505602,0.0,23379.19894461459,0,29.492856979370117,24159.13
2021-08-04 00:00:00+00:00,32.16,32.37,23.17195,55.453503,1.1042857,0.6296296296296297,-23.763920441429946,23541.13858441023,0.0,23517.3746639688,0,29.492856979370117,24301.771
2021-08-05 00:00:00+00:00,32.55,32.98,23.2471,60.70133,1.065,0.6296296296296297,-23.763920441429946,23984.762030329217,0.0,23960.998109887787,0,29.492856979370117,24759.729
2021-08-06 00:00:00+00:00,32.62,32.52,23.3301,68.995094,1.0164286,0.7222222222222222,-23.763920441429946,23650.226299033322,0.0,23626.462378591892,0,29.78499984741211,24414.385
2021-08-09 00:00:00+00:00,32.68,32.67,23.40995,72.458176,0.975,0.7222222222222222,-23.763920441429946,23759.31168673557,0.0,23735.54776629414,0,29.78499984741211,24526.994
2021-08-10 00:00:00+00:00,32.83,32.16,23.49085,68.296295,0.8964286,0.6666666666666666,-23.763920441429946,23388.415153640963,0.0,23364.651233199533,0,29.78499984741211,24144.113
2021-08-11 00:00:00+00:00,32.51,31.98,23.5694,60.21021,0.9121429,0.6296296296296297,-23.763920441429946,23257.510302695657,0.0,23233.746382254227,0,29.78499984741211,24008.977
2021-08-12 00:00:00+00:00,31.87,32.38,23.6464,54.1329,0.93214285,0.6666666666666666,-23.763920441429946,23548.413276228337,0.0,23524.649355786907,0,29.78499984741211,24309.28
2021-08-13 00:00:00+00:00,32.45,32.68,23.7292,48.263252,0.9135714,0.7222222222222222,-23.763920441429946,23766.588053238833,0.0,23742.824132797403,0,29.78499984741211,24534.504
2021-08-16 00:00:00+00:00,32.42,32.71,23.8116,50.176056,0.9021429,0.6666666666666666,-23.763920441429946,23788.403678430754,0.0,23764.639757989324,0,29.939285278320312,24557.025
2021-08-17 00:00:00+00:00,31.99,31.84,23.9036,62.33766,0.8414286,0.7222222222222222,-23.763920441429946,23155.695868921568,0.0,23131.931948480138,0,30.003570556640625,23903.875
2021-08-18 00:00:00+00:00,31.68,30.89,23.98715,48.316833,0.8742857,0.6296296296296297,-23.763920441429946,22464.80598761008,0.0,22441.04206716865,0,30.003570556640625,23190.662
2021-08-19 00:00:00+00:00,30.37,31.38,24.07205,39.249146,0.92,0.6296296296296297,-23.763920441429946,22821.15854020848,0.0,22797.39461976705,0,30.003570556640625,23558.53
2021-08-20 00:00:00+00:00,31.69,32.39,24.1591,48.4375,0.9442857,0.7222222222222222,-23.763920441429946,23555.68378472827,0.0,23531.91986428684,0,30.003570556640625,24316.787
2021-08-23 00:00:00+00:00,32.66,33.77,24.24725,56.0,0.97,0.875,-23.763920441429946,24559.29154083193,0.0,24535.5276203905,0,30.003570556640625,25352.824
2021-08-24 00:00:00+00:00,34.01,34.12,24.33275,60.55777,0.99714285,0.7222222222222222,-23.763920441429946,24813.82833237726,0.0,24790.06441193583,0,30.860000610351562,25615.584
2021-08-25 00:00:00+00:00,34.18,34.18,24.4133,61.378414,0.98785716,0.6666666666666666,-23.763920441429946,24857.465321441385,0.0,24833.701400999955,0,31.128570556640625,25660.63
2021-08-26 00:00:00+00:00,34.01,33.58,24.49385,58.403362,0.9721429,0.6296296296296297,-23.763920441429946,24421.114781855296,0.0,24397.350861413866,0,31.216428756713867,25210.184
2021-08-27 00:00:00+00:00,33.75,34.59,24.5773,57.28022,0.9657143,0.6296296296296297,-23.763920441429946,25155.636910826583,0.0,25131.872990385153,0,31.216428756713867,25968.438
2021-08-30 00:00:00+00:00,34.78,35.74,24.66985,61.793613,1.0121429,0.7222222222222222,-23.763920441429946,25991.977224376955,0.0,25968.213303935525,0,31.69285774230957,26831.8
2021-08-31 00:00:00+00:00,35.79,35.63,24.763,70.387245,1.03,0.7222222222222222,25849.347096897127,0.0,0.0,25849.347096897127,-1,0.0,26749.217
2021-09-01 00:00:00+00:00,35.94,35.79,24.8572,70.95293,1.0014286,0.7222222222222222,-25.849347096896963,25836.4288824559,0.0,25810.579535359004,1,32.540000915527344,26869.338
2021-09-02 00:00:00+00:00,36.23,35.72,24.9495,70.12987,0.98785716,0.6296296296296297,-25.849347096896963,25785.896268621225,0.0,25760.04692152433,0,32.78571319580078,26816.785
2021-09-03 00:00:00+00:00,35.55,36.08,25.03995,68.4466,1.0171429,0.7222222222222222,-25.849347096896963,26045.777623684462,0.0,26019.928276587565,0,32.78571319580078,27087.057
2021-09-07 00:00:00+00:00,36.11,36.23,25.13285,69.66161,0.9721429,0.6666666666666666,-25.849347096896963,26154.05785907612,0.0,26128.208511979225,0,33.02857208251953,27199.666
2021-09-08 00:00:00+00:00,36.16,35.79,25.22825,77.961784,0.9042857,0.4520547945205479,-25.849347096896963,25836.428188163947,0.0,25810.57884106705,0,33.31357192993164,26869.338
2021-09-09 00:00:00+00:00,35.92,35.43,25.31945,83.378746,0.89,0.6296296296296297,-25.849347096896963,25576.547281120133,0.0,25550.697934023236,0,33.31357192993164,26599.066
2021-09-10 00:00:00+00:00,36.05,34.62,25.4107,78.08599,0.8435714,0.4520547945205479,-25.849347096896963,24991.81581842133,0.0,24965.966471324435,0,33.31357192993164,25990.959
2021-09-13 00:00:00+00:00,35.24,34.58,25.4979,65.905846,0.87714285,0.6666666666666666,-25.849347096896963,24962.94235300201,0.0,24937.093005905113,0,33.31357192993164,25960.93
2021-09-14 00:00:00+00:00,35.05,34.22,25.5812,57.142857,0.8592857,0.6666666666666666,-25.849347096896963,24703.061486160932,0.0,24677.212139064035,0,33.31357192993164,25690.658
2021-09-15 00:00:00+00:00,34.55,35.01,25.6611,50.880283,0.9057143,0.7222222222222222,-25.849347096896963,25273.35222823482,0.0,25247.502881137923,0,33.31357192993164,26283.748
2021-09-16 00:00:00+00:00,34.71,35.14,25.74275,56.47426,0.9742857,0.6296296296296297,-25.849347096896963,25367.19850744554,0.0,25341.349160348644,0,33.31357192993164,26381.348
2021-09-17 00:00:00+00:00,34.91,33.95,25.82425,63.131313,1.005,0.7222222222222222,-25.849347096896963,24508.151060813023,0.0,24482.301713716126,0,33.31357192993164,25487.957
2021-09-20 00:00:00+00:00,32.21,31.75,25.8958,44.77124,1.035,0.6296296296296297,22859.763730387644,0.0,0.0,22859.763730387644,-1,0.0,23836.307
2021-09-21 00:00:00+00:00,32.31,32.01,25.9565,22.175732,1.1914285,0.6296296296296297,-22.859763730386476,22848.339560607343,0.0,22825.479796876956,1,28.645000457763672,24031.504
2021-09-22 00:00:00+00:00,32.17,32.77,26.01835,25.273224,1.2192857,0.875,-22.859763730386476,23390.820278934752,0.0,23367.960515204366,0,28.645000457763672,24602.074
2021-09-23 00:00:00+00:00,33.1,33.67,26.0824,30.934343,1.2592857,0.7222222222222222,-22.859763730386476,24033.226519631942,0.0,24010.366755901556,0,29.11214256286621,25277.746
2021-09-24 00:00:00+00:00,33.04,33.81,26.1492,38.285713,1.2857143,0.875,-22.859763730386476,24133.16002161836,0.0,24110.300257887975,0,29.892141342163086,25382.855
2021-09-27 00:00:00+00:00,32.89,32.95,26.2157,36.69402,1.3007143,0.875,-22.859763730386476,23519.302153946774,0.0,23496.442390216387,0,29.952857971191406,24737.21
2021-09-28 00:00:00+00:00,31.69,30.18,26.28455,32.251083,1.37,0.6296296296296297,-22.859763730386476,21542.1094902151,0.0,21519.249726484715,0,29.952857971191406,22657.633
2021-09-29 00:00:00+00:00,30.44,30.0,26.3386,25.756266,1.505,0.4520547945205479,-22.859763730386476,21413.627619211034,0.0,21390.767855480648,0,29.952857971191406,22522.498
2021-09-30 00:00:00+00:00,30.44,29.79,26.39285,26.163301,1.5292857,0.6770495411439343,-22.859763730386476,21263.73287936861,0.0,21240.873115638224,0,29.952857971191406,22364.84
2021-10-01 00:00:00+00:00,29.85,30.13,26.4439,27.618164,1.5021429,0.6666666666666666,21451.301073818726,0.0,0.0,21451.301073818726,-1,0.0,22620.096
2021-10-04 00:00:00+00:00,29.8,28.3,26.4933,29.93688,1.5235714,0.7222222222222222,-21.451301073819195,21440.580783427013,0.0,21419.129482353193,1,25.62356948852539,21246.223
2021-10-05 00:00:00+00:00,28.61,29.43,26.53185,26.43312,1.61,0.6666666666666666,-21.451301073819195,22296.690094360416,0.0,22275.238793286597,0,25.62356948852539,22094.572
2021-10-06 00:00:00+00:00,28.61,30.08,26.57395,28.372093,1.635,0.6666666666666666,-21.451301073819195,22789.140649190544,0.0,22767.689348116724,0,25.62356948852539,22582.557
2021-10-07 00:00:00+00:00,30.81,30.82,26.6201,31.147541,1.6735715,0.6296296296296297,-21.451301073819195,23349.77861995194,0.0,23328.32731887812,0,25.62356948852539,23138.113
2021-10-08 00:00:00+00:00,31.14,30.36,26.67085,37.933693,1.6671429,0.7222222222222222,-21.451301073819195,23001.274752259727,0.0,22979.82345118591,0,25.799285888671875,22792.768
2021-10-11 00:00:00+00:00,29.97,29.74,26.71855,43.81122,1.4871428,0.7222222222222222,-21.451301073819195,22531.551363524093,0.0,22510.100062450274,0,25.799285888671875,22327.305
2021-10-12 00:00:00+00:00,30.04,29.41,26.7646,40.207073,1.5007143,0.7222222222222222,-21.451301073819195,22281.5372255117,0.0,22260.08592443788,0,25.799285888671875,22079.557
2021-10-13 00:00:00+00:00,29.97,30.03,26.80765,34.946236,1.475,0.5517241379310345,-21.451301073819195,22751.261628841927,0.0,22729.810327768108,0,25.799285888671875,22545.023
2021-10-14 00:00:00+00:00,31.02,31.73,26.8506,33.27206,1.4485714,0.6363636363636364,-21.451301073819195,24039.210281472115,0.0,24017.758980398296,0,25.799285888671875,23821.297
2021-10-15 00:00:00+00:00,32.12,32.35,26.90215,41.63987,1.5085714,0.6111111111111112,-21.451301073819195,24508.932437479005,0.0,24487.481136405186,0,27.38428497314453,24286.762
2021-10-18 00:00:00+00:00,31.99,33.34,26.9566,47.540985,1.445,0.6111111111111112,-21.451301073819195,25258.974707982932,0.0,25237.523406909113,0,27.824283599853516,25030.006
2021-10-19 00:00:00+00:00,33.63,34.04,27.01485,65.16315,1.3414285,0.5074626865671642,25729.173222967787,0.0,0.0,25729.173222967787,-1,0.0,25555.531
2021-10-20 00:00:00+00:00,34.21,33.89,27.0818,68.46435,1.3121428,0.5074626865671642,25729.173222967787,0.0,0.0,25729.173222967787,0,0.0,25442.918
2021-10-21 00:00:00+00:00,33.77,34.59,27.14515,68.84191,1.2864286,0.5517241379310345,25729.173222967787,0.0,0.0,25729.173222967787,0,0.0,25968.441
2021-10-22 00:00:00+00:00,34.14,33.65,27.2163,69.83986,1.235,0.5074626865671642,-25.729173222967802,25716.315065435072,0.0,25690.585892212104,1,30.730714797973633,25262.74
2021-10-25 00:00:00+00:00,34.09,34.61,27.27505,75.84541,1.165,0.5517241379310345,-25.729173222967802,26449.97398582208,0.0,26424.24481259911,0,30.730714797973633,25983.457
2021-10-26 00:00:00+00:00,35.34,35.01,27.33455,75.44204,1.1435714,0.5902050137765084,-25.729173222967802,26755.665344617893,0.0,26729.936171394926,0,31.115001678466797,26283.758
2021-10-27 00:00:00+00:00,35.17,35.29,27.4013,74.82377,1.1242857,0.5517241379310345,-25.729173222967802,26969.650500196796,0.0,26943.92132697383,0,31.57928466796875,26493.969
2021-10-28 00:00:00+00:00,35.8,36.44,27.46935,73.600845,1.1021428,0.5517241379310345,-25.729173222967802,27848.511887060242,0.0,27822.782713837274,0,31.917144775390625,27357.33
2021-10-29 00:00:00+00:00,35.45,37.02,27.5415,79.92126,1.1185714,0.070460350722991,-25.729173222967802,28291.76511931719,0.0,28266.035946094224,0,33.13357162475586,27792.766
2021-11-01 00:00:00+00:00,37.13,37.37,27.61835,85.968376,1.1492857,0.01,-25.729173222967802,28559.242549193852,0.0,28533.513375970884,0,33.66428756713867,28055.525
2021-11-02 00:00:00+00:00,37.16,37.85,27.69955,89.250496,1.1407143,0.1992288475555508,-25.729173222967802,28926.073525941192,0.0,28900.344352718224,0,33.922142028808594,28415.885
2021-11-03 00:00:00+00:00,38.07,39.03,27.77845,89.1,1.1385714,0.49206349206349204,29757.394088906083,0.0,0.0,29757.394088906083,-1,0.0,29301.771
2021-11-04 00:00:00+00:00,39.41,40.52,27.85505,88.50211,1.1135714,0.49206349206349204,29757.394088906083,0.0,0.0,29757.394088906083,0,0.0,30420.39
2021-11-05 00:00:00+00:00,40.96,40.6,27.93665,89.4686,1.1964285,0.49206349206349204,29757.394088906083,0.0,0.0,29757.394088906083,0,0.0,30480.451
2021-11-08 00:00:00+00:00,40.65,40.45,28.01925,88.45339,1.1685715,0.46170932145961396,29757.394088906083,0.0,0.0,29757.394088906083,0,0.0,30367.84
2021-11-09 00:00:00+00:00,40.84,39.61,28.0985,86.05174,1.1628572,0.49206349206349204,29757.394088906083,0.0,0.0,29757.394088906083,0,0.0,29737.21
2021-11-10 00:00:00+00:00,38.74,37.93,28.17325,79.85386,1.2235714,0.5074626865671642,29757.394088906083,0.0,0.0,29757.394088906083,0,0.0,28475.95
2021-11-11 00:00:00+00:00,38.76,38.24,28.25015,65.81439,1.3207142,0.5517241379310345,29757.394088906083,0.0,0.0,29757.394088906083,0,0.0,28708.684
2021-11-12 00:00:00+00:00,38.56,39.43,28.32605,73.111786,1.2842857,0.7,-29.75739408890513,29742.52282749234,0.0,29712.765433403434,1,34.27785873413086,29602.076
2021-11-15 00:00:00+00:00,39.74,39.39,28.4154,73.720474,1.2914286,0.6363636363636364,-29.75739408890513,29712.34989900862,0.0,29682.592504919714,0,35.577144622802734,29572.045
2021-11-16 00:00:00+00:00,39.18,40.22,28.4959,72.34694,1.2785715,0.6111111111111112,-29.75739408890513,30338.43171951433,0.0,30308.674325425425,0,35.577144622802734,30195.172
2021-11-17 00:00:00+00:00,40.32,40.25,28.57545,73.81642,1.2835715,0.6363636363636364,-29.75739408890513,30361.060928945622,0.0,30331.303534856717,0,36.38428497314453,30217.695
2021-11-18 00:00:00+00:00,40.91,41.53,28.65645,70.63922,1.2657143,0.6363636363636364,-29.75739408890513,31326.579820982653,0.0,31296.82242689375,0,36.39928436279297,31178.656
2021-11-19 00:00:00+00:00,42.07,42.22,28.74,72.70896,1.2542857,0.6363636363636364,31769.529065841154,0.0,0.0,31769.529065841154,-1,0.0,31696.676
2021-11-22 00:00:00+00:00,42.73,40.71,28.8257,73.612465,1.2685714,0.6111111111111112,-31.769529065841198,31753.652239721294,0.0,31721.882710655453,1,38.45714569091797,30563.04
2021-11-23 00:00:00+00:00,40.36,40.22,28.90135,62.65487,1.4242858,0.5517241379310345,-31.769529065841198,31371.45500755355,0.0,31339.68547848771,0,38.45714569091797,30195.174
2021-11-24 00:00:00+00:00,39.41,40.62,28.97455,55.607918,1.4821428,0.6363636363636364,-31.769529065841198,31683.452704539173,0.0,31651.683175473332,0,38.45714569091797,30495.475
2021-11-26 00:00:00+00:00,39.71,38.18,29.05105,50.52521,1.4921429,0.7,-31.769529065841198,29780.262382756653,0.0,29748.492853690812,0,38.45714569091797,28663.645
2021-11-29 00:00:00+00:00,39.63,40.71,29.1127,39.814816,1.6135714,0.5517241379310345,-31.769529065841198,31753.651082164866,0.0,31721.881553099025,0,38.45714569091797,30563.04
2021-11-30 00:00:00+00:00,40.41,38.89,29.18505,50.91164,1.77,0.6111111111111112,-31.769529065841198,30334.057629104613,0.0,30302.28810003877,0,38.45714569091797,29196.676
2021-12-01 00:00:00+00:00,40.31,36.82,29.2492,47.637794,1.8528571,0.49206349206349204,-31.769529065841198,28719.464711489098,0.0,28687.695182423256,0,38.45714569091797,27642.621
2021-12-02 00:00:00+00:00,36.44,37.69,29.3051,46.449135,1.98,0.49206349206349204,29322.19519430387,0.0,0.0,29322.19519430387,-1,0.0,28295.775
2021-12-03 00:00:00+00:00,38.05,35.82,29.3672,48.301422,2.0657144,0.5074626865671642,29322.19519430387,0.0,0.0,29322.19519430387,0,0.0,26891.873
2021-12-06 00:00:00+00:00,35.88,36.67,29.4215,39.300533,2.2328572,0.5074626865671642,29322.19519430387,0.0,0.0,29322.19519430387,0,0.0,27530.008
2021-12-07 00:00:00+00:00,38.53,39.91,29.48965,42.307693,2.307857,0.5074626865671642,29322.19519430387,0.0,0.0,29322.19519430387,0,0.0,29962.44
2021-12-08 00:00:00+00:00,40.02,40.5,29.57465,49.228474,2.4642856,0.5074626865671642,29322.19519430387,0.0,0.0,29322.19519430387,0,0.0,30405.383
2021-12-09 00:00:00+00:00,40.14,38.7,29.65995,50.605328,2.4742856,0.5517241379310345,29322.19519430387,0.0,0.0,29322.19519430387,0,0.0,29054.033
2021-12-10 00:00:00+00:00,39.54,39.96,29.7489,43.316013,2.5128572,0.5074626865671642,-29.322195194305095,29307.541423592076,0.0,29278.21922839777,1,31.277143478393555,29999.979
2021-12-13 00:00:00+00:00,39.92,38.09,29.8415,44.802208,2.54,0.5074626865671642,-29.322195194305095,27936.04230702288,0.0,27906.720111828574,0,32.42142868041992,28596.074
2021-12-14 00:00:00+00:00,36.72,36.84,29.9162,44.0724,2.462143,0.49206349206349204,-29.322195194305095,27019.265035912103,0.0,26989.9428407178,0,32.42142868041992,27657.637
2021-12-15 00:00:00+00:00,36.96,39.59,29.9906,42.607174,2.472143,0.5074626865671642,-29.322195194305095,29036.173976765298,0.0,29006.851781570993,0,32.42142868041992,29722.2
2021-12-16 00:00:00+00:00,39.81,36.52,30.08805,47.95716,2.6057143,0.5074626865671642,-29.322195194305095,26784.569429423475,0.0,26755.24723422917,0,32.42142868041992,27417.398
2021-12-17 00:00:00+00:00,35.44,35.96,30.1755,46.787926,2.69,0.49206349206349204,-29.322195194305095,26373.851377650688,0.0,26344.529182456383,0,32.42142868041992,26996.975
2021-12-20 00:00:00+00:00,34.49,34.77,30.25485,40.050274,2.6364286,0.5074626865671642,-29.322195194305095,25501.081021146598,0.0,25471.758825952293,0,32.42142868041992,26103.584
2021-12-21 00:00:00+00:00,35.78,37.22,30.33775,41.13597,2.5764287,0.5074626865671642,-29.322195194305095,27297.96525718987,0.0,27268.643061995564,0,32.42142868041992,27942.922
2021-12-22 00:00:00+00:00,37.02,38.57,30.42185,50.84674,2.465,0.6111111111111112,-29.322195194305095,28288.082593357904,0.0,28258.7603981636,0,32.42142868041992,28956.432
2021-12-23 00:00:00+00:00,38.67,39.45,30.5136,51.825726,2.4378572,0.5926181482080275,-29.322195194305095,28933.495122314787,0.0,28904.172927120482,0,32.42142868041992,29617.092
2021-12-27 00:00:00+00:00,39.79,41.33,30.60275,57.853745,2.2535715,0.49206349206349204,-29.322195194305095,30312.330785762977,0.0,30283.008590568672,0,32.42142868041992,31028.504
2021-12-28 00:00:00+00:00,41.65,40.68,30.7039,59.65203,2.2264285,0.49206349206349204,-29.322195194305095,29835.60564470626,0.0,29806.283449511953,0,34.56928634643555,30540.516
2021-12-29 00:00:00+00:00,40.85,40.79,30.7983,51.786545,2.067857,0.5074626865671642,-29.322195194305095,29916.281847818726,0.0,29886.95965262442,0,34.56928634643555,30623.1
2021-12-30 00:00:00+00:00,40.81,40.22,30.89155,50.688183,2.075,0.49206349206349204,-29.322195194305095,29498.231397862553,0.0,29468.90920266825,0,34.586429595947266,30195.172
2021-12-31 00:00:00+00:00,40.2,39.54,30.9807,53.830647,2.0185714,0.49206349206349204,-29.322195194305095,28999.50372870112,0.0,28970.181533506813,0,34.586429595947266,29684.66
2022-01-03 00:00:00+00:00,39.99,40.77,31.0768,48.909657,1.9964286,0.5074626865671642,-29.322195194305095,29901.614007010496,0.0,29872.29181181619,0,34.586429595947266,30608.084
2022-01-04 00:00:00+00:00,40.89,39.23,31.1774,57.196564,1.9678571,0.49206349206349204,-29.322195194305095,28772.1435135163,0.0,28742.821318321996,0,34.78071594238281,29451.928
2022-01-05 00:00:00+00:00,38.64,35.5,31.265,56.31941,1.9907143,0.49206349206349204,-29.322195194305095,26036.480729286905,0.0,26007.1585340926,0,34.78071594238281,26651.63
2022-01-06 00:00:00+00:00,35.03,35.5,31.3356,39.718452,1.9857143,0.5517241379310345,-29.322195194305095,26036.480729286905,0.0,26007.1585340926,0,34.78071594238281,26651.63
2022-01-07 00:00:00+00:00,35.42,34.31,31.4113,46.967896,1.8442857,0.5074626865671642,-29.322195194305095,25163.70884425995,0.0,25134.386649065644,0,34.78071594238281,25758.238
2022-01-10 00:00:00+00:00,32.91,34.42,31.4817,45.272205,1.8442857,0.5517241379310345,25177.19529175083,0.0,0.0,25177.19529175083,-1,0.0,25840.818
2022-01-11 00:00:00+00:00,34.19,35.94,31.54795,48.930973,1.9207143,0.6363636363636364,-25.17719529175156,25164.612985258205,0.0,25139.435789966454,1,28.887142181396484,26981.959
2022-01-12 00:00:00+00:00,36.7,36.29,31.62255,45.854923,1.9092857,0.5517241379310345,-25.17719529175156,25409.680191713043,0.0,25384.50299642129,0,30.1778564453125,27244.725
2022-01-13 00:00:00+00:00,36.78,33.47,31.7009,42.105263,1.8885714,0.5517241379310345,-25.17719529175156,23435.161273211976,0.0,23409.984077920224,0,30.562143325805664,25127.61
2022-01-14 00:00:00+00:00,32.94,34.32,31.7596,31.74603,2.05,0.7,-25.17719529175156,24030.317587227364,0.0,24005.140391935613,0,30.562143325805664,25765.746
2022-01-18 00:00:00+00:00,32.62,31.72,31.8169,27.166124,2.015,0.7,-25.17719529175156,22209.839285959526,0.0,22184.662090667774,0,30.562143325805664,23813.797
2022-01-19 00:00:00+00:00,32.06,30.62,31.85415,24.104046,2.1285715,0.7,-25.17719529175156,21439.637604974658,0.0,21414.460409682906,0,30.562143325805664,22987.97
2022-01-20 00:00:00+00:00,31.54,29.41,31.88645,22.197922,2.1957142,0.6363636363636364,-25.17719529175156,20592.414147915628,0.0,20567.236952623876,0,30.562143325805664,22079.562
2022-01-21 00:00:00+00:00,28.87,26.95,31.91185,21.447437,2.3378572,0.6363636363636364,18816.479813444366,0.0,0.0,18816.479813444366,-1,0.0,20232.719
2022-01-24 00:00:00+00:00,25.56,27.45,31.9212,19.604055,2.445,0.6111111111111112,-18.816479813445767,18807.076275306714,0.0,18788.259795493268,1,23.443214416503906,20608.094
2022-01-25 00:00:00+00:00,25.81,25.4,31.9308,16.666666,2.6642857,0.5517241379310345,-18.816479813445767,17402.539707577725,0.0,17383.72322776428,0,23.782501220703125,19069.055
2022-01-26 00:00:00+00:00,27.2,25.46,31.93065,16.251831,2.6707144,0.5517241379310345,-18.816479813445767,17443.64680476306,0.0,17424.830324949613,0,23.782501220703125,19114.098
2022-01-27 00:00:00+00:00,26.43,24.52,31.9261,20.154577,2.6571429,0.5074626865671642,-18.816479813445767,16799.616774867733,0.0,16780.800295054287,0,23.782501220703125,18408.395
2022-01-28 00:00:00+00:00,24.97,26.89,31.92235,19.087837,2.6914287,0.6856072067115939,-18.816479813445767,18423.39593803523,0.0,18404.579458221786,0,23.782501220703125,20187.672
2022-01-31 00:00:00+00:00,27.17,29.54,31.9242,30.411827,2.757857,0.6363636363636364,-18.816479813445767,20239.016515965926,0.0,20220.20003615248,0,23.782501220703125,22177.16
2022-02-01 00:00:00+00:00,29.71,30.03,31.93875,38.640594,2.7364285,0.6363636363636364,-18.816479813445767,20574.733530177,0.0,20555.917050363554,0,25.403215408325195,22545.025
2022-02-02 00:00:00+00:00,31.09,30.76,31.95975,35.55012,2.69,0.7,-18.816479813445767,21074.88553236141,0.0,21056.069052547966,0,25.925357818603516,23093.074
2022-02-03 00:00:00+00:00,28.24,26.95,31.9872,36.725876,2.6907144,0.6363636363636364,-18.816479813445767,18464.50495556309,0.0,18445.688475749645,0,26.725000381469727,20232.715
2022-02-04 00:00:00+00:00,27.19,28.04,31.992,35.059578,2.7257142,0.6363636363636364,-18.816479813445767,19211.307910394626,0.0,19192.49143058118,0,26.725000381469727,21051.035
2022-02-07 00:00:00+00:00,28.2,27.3,32.007,35.766094,2.7785714,0.5517241379310345,-18.816479813445767,18704.304009493917,0.0,18685.48752968047,0,26.725000381469727,20495.479
2022-02-08 00:00:00+00:00,27.09,28.26,32.01345,39.059406,2.7014287,0.6363636363636364,-18.816479813445767,19362.03773765675,0.0,19343.221257843303,0,26.725000381469727,21216.2
2022-02-09 00:00:00+00:00,29.36,30.02,32.0224,44.117645,2.6742857,0.6363636363636364,-18.816479813445767,20567.883506275,0.0,20549.067026461555,0,26.725000381469727,22537.52
2022-02-10 00:00:00+00:00,28.27,28.03,32.04165,51.479866,2.577143,0.7,-18.816479813445767,19204.456467018117,0.0,19185.63998720467,0,26.725000381469727,21043.527
2022-02-11 00:00:00+00:00,28.0,25.38,32.0528,52.681232,2.5685713,0.5517241379310345,-18.816479813445767,17388.836247139057,0.0,17370.01976732561,0,26.725000381469727,19054.04
2022-02-14 00:00:00+00:00,25.22,25.44,32.04905,45.356663,2.482143,0.6363636363636364,17384.984815289754,0.0,0.0,17384.984815289754,-1,0.0,19099.086
2022-02-15 00:00:00+00:00,26.59,27.35,32.04875,50.098522,2.3957143,0.6363636363636364,-17.3849848152895,17376.296666956277,0.0,17358.911682140988,1,21.716785430908203,20533.018
2022-02-16 00:00:00+00:00,26.79,27.29,32.05955,54.266365,2.2807143,0.5074626865671642,-17.3849848152895,17338.177434371602,0.0,17320.792449556313,0,23.75642967224121,20487.975
2022-02-17 00:00:00+00:00,26.6,24.84,32.07695,56.51152,2.2092857,0.7,-17.3849848152895,15781.616271205407,0.0,15764.231286390117,0,23.868928909301758,18648.635
2022-02-18 00:00:00+00:00,25.06,23.99,32.0833,45.199062,2.1742857,0.6363636363636364,-17.3849848152895,15241.584724773686,0.0,15224.199739958396,0,23.868928909301758,18010.498
2022-02-22 00:00:00+00:00,23.38,23.29,32.08245,35.805626,2.095,0.7,14757.273334646046,0.0,0.0,14757.273334646046,-1,0.0,17484.973
2022-02-23 00:00:00+00:00,23.94,21.49,32.07505,32.945343,2.1185715,0.7,-14.757273334646015,14749.89838545332,0.0,14735.141112118674,1,20.14750099182129,16133.622
2022-02-24 00:00:00+00:00,19.43,23.66,32.0682,27.74844,2.2078571,0.7,16200.185339248173,0.0,0.0,16200.185339248173,-1,0.0,17762.75
2022-02-25 00:00:00+00:00,23.81,24.77,32.07255,41.427826,2.2357142,0.49206349206349204,-16.200185339248492,16192.089294600873,0.0,16175.889109261625,1,20.34821319580078,18596.082
2022-02-28 00:00:00+00:00,24.02,24.96,32.0914,41.488808,2.21,0.6363636363636364,-16.200185339248492,16316.29106748871,0.0,16300.090882149461,0,21.41642951965332,18738.725
2022-03-01 00:00:00+00:00,24.73,23.82,32.10885,43.729904,2.1992857,0.7,-16.200185339248492,15571.075925273733,0.0,15554.875739934485,0,21.64499855041504,17882.87
2022-03-02 00:00:00+00:00,24.18,24.99,32.11345,38.21656,2.2164285,0.6363636363636364,-16.200185339248492,16335.902255085564,0.0,16319.702069746316,0,21.64499855041504,18761.248
2022-03-03 00:00:00+00:00,25.62,23.93,32.126,36.219177,2.21,0.5074626865671642,-16.200185339248492,15642.983429399314,0.0,15626.783244060065,0,21.66535758972168,17965.453
2022-03-04 00:00:00+00:00,23.47,22.89,32.13575,38.16397,2.182143,0.6363636363636364,-16.200185339248492,14963.137325152207,0.0,14946.937139812959,0,21.66535758972168,17184.672
2022-03-07 00:00:00+00:00,22.89,20.35,32.13955,42.07511,2.0535715,0.7,-16.200185339248492,13302.746346696667,0.0,13286.546161357419,0,21.66535758972168,15277.768
2022-03-08 00:00:00+00:00,20.16,20.13,32.1243,36.008797,2.1435714,0.6363636363636364,13122.993740248101,0.0,0.0,13122.993740248101,-1,0.0,15112.602
2022-03-09 00:00:00+00:00,21.63,22.24,32.11025,28.121212,2.1835713,0.7,-13.122993740247693,13116.435522486858,0.0,13103.31252874661,1,16.914642333984375,16696.684
2022-03-10 00:00:00+00:00,21.39,21.49,32.1009,36.38814,2.247857,0.49206349206349204,-13.122993740247693,12674.110010492403,0.0,12660.987016752155,0,18.964643478393555,16133.622
2022-03-11 00:00:00+00:00,22.07,20.06,32.08715,40.05935,2.1864285,0.7,-13.122993740247693,11830.742210876322,0.0,11817.619217136074,0,18.964643478393555,15060.049
2022-03-14 00:00:00+00:00,19.92,18.96,32.06525,38.726334,2.2171428,0.7,-13.122993740247693,11181.997566093929,0.0,11168.874572353681,0,18.964643478393555,14234.225
2022-03-15 00:00:00+00:00,19.5,20.77,32.0384,37.857544,2.1935713,0.7,-13.122993740247693,12249.478348948345,0.0,12236.355355208098,0,18.964643478393555,15593.084
2022-03-16 00:00:00+00:00,21.55,23.09,32.0202,47.982063,2.1421428,0.49206349206349204,-13.122993740247693,13617.739949785813,0.0,13604.616956045566,0,18.964643478393555,17334.824
2022-03-17 00:00:00+00:00,22.67,23.9,32.0147,48.415787,1.9935714,0.6363636363636364,-13.122993740247693,14095.451292149566,0.0,14082.328298409318,0,19.876785278320312,17942.932
2022-03-18 00:00:00+00:00,23.6,25.43,32.0125,47.540985,1.9721428,0.7,-13.122993740247693,14997.797246245862,0.0,14984.674252505614,0,20.909643173217773,19091.582
2022-03-21 00:00:00+00:00,25.21,25.17,32.02185,51.234894,2.012143,0.6363636363636364,-13.122993740247693,14844.45731457661,0.0,14831.334320836362,0,22.471786499023438,18896.385
2022-03-22 00:00:00+00:00,25.32,26.64,32.0238,53.71901,1.98,0.6111111111111112,-13.122993740247693,15711.414840621783,0.0,15698.291846881535,0,22.471786499023438,19999.986
2022-03-23 00:00:00+00:00,26.0,25.52,32.03205,54.471546,1.9778571,0.5517241379310345,-13.122993740247693,15050.875271064897,0.0,15037.75227732465,0,23.670000076293945,19159.146
2022-03-24 00:00:00+00:00,25.94,27.19,32.0345,54.294975,1.9221429,0.5074626865671642,-13.122993740247693,16035.78749037156,0.0,16022.664496631312,0,23.670000076293945,20412.9
2022-03-25 00:00:00+00:00,27.19,27.11,32.0452,61.23302,1.9371428,0.49206349206349204,15951.50006614985,0.0,0.0,15951.50006614985,-1,0.0,20352.84
2022-03-28 00:00:00+00:00,27.13,28.4,32.0516,70.26379,1.8278571,0.6111111111111112,15951.50006614985,0.0,0.0,15951.50006614985,0,0.0,21321.309
2022-03-29 00:00:00+00:00,29.32,29.85,32.06355,73.29578,1.7607143,0.5580834764020088,-15.951500066150402,15943.528301998853,0.0,15927.576801932702,1,25.658214569091797,22409.896
2022-03-30 00:00:00+00:00,29.43,28.87,32.07915,72.26448,1.7071428,0.6363636363636364,-15.951500066150402,15420.088964743853,0.0,15404.137464677702,0,27.20892906188965,21674.16
2022-03-31 00:00:00+00:00,28.87,27.65,32.0926,71.30485,1.6857142,0.5074626865671642,-15.951500066150402,14768.46003810101,0.0,14752.50853803486,0,27.20892906188965,20758.244
2022-04-01 00:00:00+00:00,27.78,27.62,32.10115,72.18001,1.6328571,0.49206349206349204,-15.951500066150402,14752.43738514038,0.0,14736.48588507423,0,27.20892906188965,20735.725
2022-04-04 00:00:00+00:00,27.87,29.3,32.10425,76.99501,1.5921428,0.5517241379310345,-15.951500066150402,15649.761280097851,0.0,15633.809780031701,0,27.20892906188965,21996.984
2022-04-05 00:00:00+00:00,28.93,27.39,32.11945,76.80704,1.5728571,0.6363636363636364,-15.951500066150402,14629.589451846843,0.0,14613.637951780693,0,27.20892906188965,20563.05
2022-04-06 00:00:00+00:00,26.13,25.55,32.12235,63.870968,1.5635715,0.5074626865671642,13610.383639481839,0.0,0.0,13610.383639481839,-1,0.0,19181.67
2022-04-07 00:00:00+00:00,25.4,25.72,32.1124,54.990925,1.6314286,0.6363636363636364,13610.383639481839,0.0,0.0,13610.383639481839,0,0.0,19309.297
2022-04-08 00:00:00+00:00,25.34,24.66,32.1032,50.955833,1.6,0.6363636363636364,-13.61038363948137,13603.581848557562,0.0,13589.97146491808,1,23.272855758666992,18513.504
2022-04-11 00:00:00+00:00,23.72,22.92,32.08605,48.403255,1.5771428,0.7,-13.61038363948137,12643.718271022924,0.0,12630.107887383443,0,23.272855758666992,17207.197
2022-04-12 00:00:00+00:00,23.91,22.66,32.0607,38.5468,1.5871428,0.6363636363636364,-13.61038363948137,12500.289994608975,0.0,12486.679610969493,0,23.272855758666992,17012.002
2022-04-13 00:00:00+00:00,22.71,24.0,32.029,40.70221,1.6307143,0.6363636363636364,13206.0260086682,0.0,0.0,13206.0260086682,-1,0.0,18018.008
2022-04-14 00:00:00+00:00,24.01,22.36,32.0025,39.401993,1.6228571,0.5074626865671642,-13.206026008667322,13199.42629552044,0.0,13186.220269511772,1,21.55392837524414,16786.777
2022-04-18 00:00:00+00:00,22.17,22.43,31.9682,35.701385,1.66,0.7,-13.206026008667322,13240.747827525112,0.0,13227.541801516445,0,21.55392837524414,16839.328
2022-04-19 00:00:00+00:00,22.28,23.91,31.93435,30.604288,1.6235714,0.7,-13.206026008667322,14114.412846443878,0.0,14101.20682043521,0,21.55392837524414,17950.44
2022-04-20 00:00:00+00:00,24.07,22.83,31.90285,30.7393,1.6435714,0.6363636363636364,-13.206026008667322,13476.873943348113,0.0,13463.667917339446,0,21.55392837524414,17139.629
2022-04-21 00:00:00+00:00,23.67,21.51,31.864,30.541237,1.6578572,0.7,-13.206026008667322,12697.659269560183,0.0,12684.453243551516,0,21.55392837524414,16148.639
2022-04-22 00:00:00+00:00,21.44,19.77,31.8177,30.34571,1.7714286,0.7,11639.800517527416,0.0,0.0,11639.800517527416,-1,0.0,14842.333
2022-04-25 00:00:00+00:00,19.45,20.55,31.7653,27.351414,1.8335714,0.6363636363636364,-11.639800517526965,11633.983525764534,0.0,11622.343725247007,1,17.112857818603516,15427.916
2022-04-26 00:00:00+00:00,20.11,18.17,31.71405,23.371881,1.8092858,0.6363636363636364,-11.639800517526965,10286.59321823849,0.0,10274.953417720963,0,17.79964256286621,13641.131
2022-04-27 00:00:00+00:00,18.16,18.09,31.64915,22.721893,1.8235714,0.6363636363636364,-11.639800517526965,10241.30262486204,0.0,10229.662824344514,0,17.79964256286621,13581.071
2022-04-28 00:00:00+00:00,18.98,20.02,31.5843,25.363276,1.7471429,0.7,-11.639800517526965,11333.934276045738,0.0,11322.294475528211,0,17.79964256286621,15030.019
2022-04-29 00:00:00+00:00,19.22,17.36,31.52825,33.136093,1.7914286,0.7,-11.639800517526965,9828.027321512604,0.0,9816.387520995077,0,17.79964256286621,13033.022
2022-05-02 00:00:00+00:00,17.33,18.2,31.46205,30.27027,1.905,0.5517241379310345,10276.481411715335,0.0,0.0,10276.481411715335,-1,0.0,13663.652
2022-05-03 00:00:00+00:00,18.19,18.24,31.40365,36.590908,1.8821429,0.7,-10.276481411714485,10271.345738845912,0.0,10261.069257434197,1,15.342500686645508,13693.681
2022-05-04 00:00:00+00:00,18.36,20.11,31.3497,37.284233,1.8064286,0.7,-10.276481411714485,11324.384806625101,0.0,11314.108325213387,0,15.41678524017334,15097.585
2022-05-05 00:00:00+00:00,19.26,17.16,31.29925,39.140144,1.8907143,0.6363636363636364,-10.276481411714485,9663.174225255447,0.0,9652.897743843732,0,17.400358200073242,12882.872
2022-05-06 00:00:00+00:00,16.76,16.48,31.23105,36.472424,2.0235715,0.6363636363636364,9256.054035853722,0.0,0.0,9256.054035853722,-1,0.0,12372.361
2022-05-09 00:00:00+00:00,15.51,14.49,31.1561,34.99748,2.0664287,0.6972753119383095,-9.256054035853595,9251.428321692876,0.0,9242.172267657023,1,13.444642066955566,10878.368
2022-05-10 00:00:00+00:00,15.59,15.07,31.0657,26.843658,2.0878572,0.6363636363636364,-9.256054035853595,9621.740964284441,0.0,9612.484910248588,0,13.444642066955566,11313.805
2022-05-11 00:00:00+00:00,14.69,13.68,30.97775,30.443548,2.0714285,0.7,-9.256054035853595,8734.267939869762,0.0,8725.011885833908,0,13.444642066955566,10270.262
2022-05-12 00:00:00+00:00,13.06,13.6,30.8883,30.336514,2.002143,0.6571594051000905,8660.90970457118,0.0,0.0,8660.90970457118,-1,0.0,10210.202
2022-05-13 00:00:00+00:00,14.23,15.08,30.79625,33.09589,1.9678571,0.7,-8.660909704571168,8656.581413864249,0.0,8647.920504159678,1,10.596786499023438,11321.3125
2022-05-16 00:00:00+00:00,14.77,14.57,30.7109,35.567284,1.99,0.6363636363636364,-8.660909704571168,8363.819155951782,0.0,8355.15824624721,0,12.128213882446289,10938.43
2022-05-17 00:00:00+00:00,15.46,15.72,30.62595,39.461357,1.8735714,0.7,-8.660909704571168,9023.969589717404,0.0,9015.308680012833,0,12.128213882446289,11801.792
2022-05-18 00:00:00+00:00,14.98,13.38,30.54665,43.471073,1.8621428,0.7,-8.660909704571168,7680.7068587487065,0.0,7672.045949044135,0,12.909643173217773,10045.037
2022-05-19 00:00:00+00:00,13.15,13.16,30.45265,32.11207,1.88,0.6363636363636364,-8.660909704571168,7554.417007479726,0.0,7545.756097775155,0,12.909643173217773,9879.872
2022-05-20 00:00:00+00:00,13.71,13.04,30.3566,36.972706,1.7492857,0.7,-8.660909704571168,7485.531625574154,0.0,7476.870715869582,0,12.909643173217773,9789.782
2022-05-23 00:00:00+00:00,13.14,13.68,30.2569,33.246754,1.7742857,0.7,-8.660909704571168,7852.919839577808,0.0,7844.258929873236,0,12.909643173217773,10270.263
2022-05-24 00:00:00+00:00,12.92,12.76,30.1627,35.75,1.7764286,0.7,-8.660909704571168,7324.799641826469,0.0,7316.138732121898,0,12.909643173217773,9579.572
2022-05-25 00:00:00+00:00,12.61,13.32,30.06315,25.581396,1.6871428,0.7,7626.133831305263,0.0,0.0,7626.133831305263,-1,0.0,9999.993
2022-05-26 00:00:00+00:00,13.21,14.47,29.96895,34.83412,1.4978571,0.7,-7.6261338313051965,7622.322669970278,0.0,7614.696536138973,1,10.789285659790039,10863.355
2022-05-27 00:00:00+00:00,14.92,15.87,29.8814,42.34577,1.485,0.5074626865671642,-7.6261338313051965,8359.79708663932,0.0,8352.170952808015,0,12.223215103149414,11914.406
2022-05-31 00:00:00+00:00,15.87,15.75,29.79885,55.50239,1.4292858,0.6111111111111112,-7.6261338313051965,8296.584938782902,0.0,8288.958804951597,0,13.642499923706055,11824.315
2022-06-01 00:00:00+00:00,16.15,15.39,29.7142,52.81457,1.4107143,0.6363636363636364,-7.6261338313051965,8106.948821816921,0.0,8099.322687985616,0,13.642499923706055,11554.046
2022-06-02 00:00:00+00:00,15.21,16.64,29.6276,57.737556,1.3692857,0.7,-7.6261338313051965,8765.407051777438,0.0,8757.780917946133,0,13.642499923706055,12492.482
2022-06-03 00:00:00+00:00,15.78,15.31,29.5516,62.438625,1.3778571,0.49206349206349204,-7.6261338313051965,8064.807331740825,0.0,8057.18119790952,0,14.586071014404297,11493.985
2022-06-06 00:00:00+00:00,16.02,15.49,29.4737,50.952774,1.3678571,0.6363636363636364,-7.6261338313051965,8159.625402044378,0.0,8151.999268213072,0,14.586071014404297,11629.12
2022-06-07 00:00:00+00:00,14.97,15.9,29.39425,53.91823,1.3857143,0.6363636363636364,-7.6261338313051965,8375.599545328094,0.0,8367.973411496789,0,14.586071014404297,11936.927
2022-06-08 00:00:00+00:00,15.76,15.55,29.3118,50.81818,1.3864286,0.5074626865671642,-7.6261338313051965,8191.231394349673,0.0,8183.605260518368,0,14.586071014404297,11674.164
2022-06-09 00:00:00+00:00,15.27,14.28,29.2207,62.042175,1.2607143,0.7,-7.6261338313051965,7522.236550778502,0.0,7514.610416947196,0,14.586071014404297,10720.711
2022-06-10 00:00:00+00:00,13.47,12.75,29.1215,55.5666,1.2985715,0.6363636363636364,6698.582012885037,0.0,0.0,6698.582012885037,-1,0.0,9572.063
2022-06-13 00:00:00+00:00,11.55,11.01,29.01435,48.735832,1.2792857,0.6363636363636364,-6.698582012884799,6695.234395687194,0.0,6688.535813674309,1,10.802143096923828,8265.758
2022-06-14 00:00:00+00:00,11.26,11.05,28.9015,39.379475,1.35,0.6363636363636364,-6.698582012884799,6719.558331606355,0.0,6712.85974959347,0,10.802143096923828,8295.787
2022-06-15 00:00:00+00:00,11.49,11.86,28.7838,42.686058,1.2835715,0.7,-6.698582012884799,7212.122811105981,0.0,7205.424229093096,0,10.802143096923828,8903.895
2022-06-16 00:00:00+00:00,10.95,10.42,28.6644,43.886097,1.3042858,0.6111111111111112,-6.698582012884799,6336.452035809887,0.0,6329.753453797002,0,10.802143096923828,7822.8145
2022-06-17 00:00:00+00:00,10.51,10.82,28.53835,33.442356,1.3214285,0.6363636363636364,6563.125455783324,0.0,0.0,6563.125455783324,-1,0.0,8123.1143
2022-06-21 00:00:00+00:00,11.35,11.61,28.4135,27.515583,1.2757143,0.7,-6.563125455782938,6559.845533016815,0.0,6553.282407561032,1,8.837857246398926,8716.207
2022-06-22 00:00:00+00:00,11.27,11.58,28.29295,32.60504,1.2764286,0.6363636363636364,-6.563125455782938,6542.895019680911,0.0,6536.331894225128,0,9.696428298950195,8693.685
2022-06-23 00:00:00+00:00,11.88,12.08,28.17045,33.535004,1.2421429,0.7,-6.563125455782938,6825.40311422037,0.0,6818.839988764587,0,9.696428298950195,9069.059
2022-06-24 00:00:00+00:00,12.46,13.34,28.0497,28.927912,1.1721429,0.7,-6.563125455782938,7537.324542454055,0.0,7530.761416998272,0,10.216785430908203,10015.004
2022-06-27 00:00:00+00:00,13.51,13.03,27.93745,40.837208,1.1542857,0.5074626865671642,-6.563125455782938,7362.169025393667,0.0,7355.605899937884,0,11.581786155700684,9782.2705
2022-06-28 00:00:00+00:00,13.09,11.82,27.82545,38.694855,1.1321429,0.7,-6.563125455782938,6678.498823525447,0.0,6671.935698069664,0,11.581786155700684,8873.864
2022-06-29 00:00:00+00:00,11.82,11.86,27.71145,32.53425,1.1628572,0.7,-6.563125455782938,6701.0996202967635,0.0,6694.536494840981,0,11.581786155700684,8903.894
2022-06-30 00:00:00+00:00,11.46,11.4,27.59785,33.773087,1.1485714,0.7,6424.9670950575455,0.0,0.0,6424.9670950575455,-1,0.0,8558.549
2022-07-01 00:00:00+00:00,11.32,11.62,27.48375,36.363636,1.1164286,0.6363636363636364,-6.424967095057582,6421.756216949071,0.0,6415.331249854014,1,9.677143096923828,8723.715
2022-07-05 00:00:00+00:00,11.16,12.24,27.3668,43.89189,1.0507143,0.7,-6.424967095057582,6764.397303093894,0.0,6757.972335998837,0,9.945357322692871,9189.18
2022-07-06 00:00:00+00:00,12.28,12.43,27.2523,57.564575,1.0085714,0.7,-6.424967095057582,6869.400750533526,0.0,6862.975783438468,0,10.663928031921387,9331.823
2022-07-07 00:00:00+00:00,12.58,13.23,27.1447,58.333332,1.0114286,0.7,-6.424967095057582,7311.517994396697,0.0,7305.093027301639,0,10.917142868041992,9932.423
2022-07-08 00:00:00+00:00,12.86,13.28,27.0521,58.28295,0.9835714,0.6363636363636364,-6.424967095057582,7339.150356640392,0.0,7332.725389545334,0,11.71285629272461,9969.961
2022-07-11 00:00:00+00:00,12.95,12.41,26.95845,70.78488,0.91571426,0.7,-6.424967095057582,6858.347489914052,0.0,6851.922522818994,0,11.804642677307129,9316.809
2022-07-12 00:00:00+00:00,12.59,12.08,26.85665,60.816326,0.93,0.6383256109532911,-6.424967095057582,6675.973881323518,0.0,6669.5489142284605,0,11.804642677307129,9069.061
2022-07-13 00:00:00+00:00,11.36,12.02,26.7487,53.41074,0.92214286,0.7,6626.426096718013,0.0,0.0,6626.426096718013,-1,0.0,9024.017
2022-07-14 00:00:00+00:00,11.65,12.12,26.63975,53.17919,0.93142855,0.7,-6.626426096718205,6623.114539448289,0.0,6616.488113351571,1,10.636786460876465,9099.091
2022-07-15 00:00:00+00:00,12.51,12.77,26.5356,50.306747,0.95428574,0.6363636363636364,-6.626426096718205,6978.314503669428,0.0,6971.6880775727095,0,10.722856521606445,9587.078
2022-07-18 00:00:00+00:00,13.16,12.44,26.44855,45.177666,0.9114286,0.6363636363636364,-6.626426096718205,6797.981655559324,0.0,6791.355229462606,0,11.338571548461914,9339.33
2022-07-19 00:00:00+00:00,12.96,13.6,26.36075,45.025295,0.935,0.6695661555826405,-6.626426096718205,7431.877483645259,0.0,7425.251057548541,0,11.338571548461914,10210.2
2022-07-20 00:00:00+00:00,13.67,14.23,26.2798,65.136055,0.9035714,0.49206349206349204,-6.626426096718205,7776.147455432262,0.0,7769.521029335544,0,12.197500228881836,10683.172
2022-07-21 00:00:00+00:00,14.3,14.82,26.2003,68.3153,0.925,0.6363636363636364,8079.785530506718,0.0,0.0,8079.785530506718,-1,0.0,11126.114
2022-07-22 00:00:00+00:00,14.72,14.07,26.1329,75.90909,0.91785717,0.5517241379310345,-8.079785530506342,8075.747656678379,0.0,8067.667871147873,1,13.432499885559082,10563.052
2022-07-25 00:00:00+00:00,14.05,13.83,26.0561,67.18092,0.95857143,0.504701448577513,-8.079785530506342,7937.995283883459,0.0,7929.915498352952,0,13.432499885559082,10382.872
2022-07-26 00:00:00+00:00,13.58,13.01,25.97485,61.77778,0.9078571,0.5517241379310345,-8.079785530506342,7467.340725900098,0.0,7459.2609403695915,0,13.432499885559082,9767.257
2022-07-27 00:00:00+00:00,13.66,14.65,25.8858,53.92954,0.92642856,0.6363636363636364,-8.079785530506342,8408.64973027085,0.0,8400.569944740344,0,13.432499885559082,10998.486
2022-07-28 00:00:00+00:00,14.62,15.08,25.80725,58.63747,0.9957143,0.375,-8.079785530506342,8655.456986962015,0.0,8647.37720143151,0,13.432499885559082,11321.31
2022-07-29 00:00:00+00:00,15.32,15.9,25.73395,60.465115,1.02,0.5074626865671642,-8.079785530506342,9126.111328166277,0.0,9118.03154263577,0,13.58642864227295,11936.925
2022-08-01 00:00:00+00:00,15.62,15.85,25.6664,70.409355,1.0192857,0.6363636363636364,-8.079785530506342,9097.413159086771,0.0,9089.333373556265,0,14.369999885559082,11899.388
2022-08-02 00:00:00+00:00,15.48,15.72,25.5955,72.79323,1.0164286,0.552779884244824,-8.079785530506342,9022.79711207658,0.0,9014.717326546073,0,14.369999885559082,11801.79
2022-08-03 00:00:00+00:00,16.01,16.97,25.51545,72.18225,1.0142857,0.6363636363636364,-8.079785530506342,9740.25862965611,0.0,9732.178844125603,0,14.369999885559082,12740.227
2022-08-04 00:00:00+00:00,17.01,17.21,25.43855,75.553215,1.0442857,0.49206349206349204,-8.079785530506342,9878.011527758692,0.0,9869.931742228186,0,15.448570251464844,12920.407
2022-08-05 00:00:00+00:00,16.39,16.81,25.3579,74.44934,1.0407143,0.5074626865671642,-8.079785530506342,9648.4238719077,0.0,9640.344086377194,0,15.643570899963379,12620.107
2022-08-08 00:00:00+00:00,16.96,16.64,25.27175,73.87978,1.0335715,0.5074626865671642,-8.079785530506342,9550.848777808495,0.0,9542.768992277988,0,15.643570899963379,12492.4795
2022-08-09 00:00:00+00:00,16.3,16.06,25.1855,68.62745,1.0285715,0.5074626865671642,-8.079785530506342,9217.946465480085,0.0,9209.866679949579,0,15.643570899963379,12057.045
2022-08-10 00:00:00+00:00,17.23,17.42,25.09285,61.282368,1.0257143,0.5074626865671642,9975.467287857604,0.0,0.0,9975.467287857604,-1,0.0,13078.064
2022-08-11 00:00:00+00:00,17.8,17.11,25.0117,64.63964,1.06,0.49206349206349204,9975.467287857604,0.0,0.0,9975.467287857604,0,0.0,12845.333
2022-08-12 00:00:00+00:00,17.45,18.11,24.9242,68.009476,1.0528572,0.5517241379310345,9975.467287857604,0.0,0.0,9975.467287857604,0,0.0,13596.083
2022-08-15 00:00:00+00:00,17.95,18.52,24.8397,73.26087,1.085,0.6363636363636364,-9.9754672878571,9970.482046834188,0.0,9960.50657954633,1,16.53071403503418,13903.89
2022-08-16 00:00:00+00:00,18.37,18.42,24.75585,81.34244,1.0664285,0.6363636363636364,-9.9754672878571,9916.645583822523,0.0,9906.670116534666,0,16.892499923706055,13828.814
2022-08-17 00:00:00+00:00,17.88,17.75,24.66575,76.0,0.9942857,0.5517241379310345,-9.9754672878571,9555.94251479454,0.0,9545.967047506683,0,16.892499923706055,13325.812
2022-08-18 00:00:00+00:00,17.75,17.9,24.5694,67.82377,0.98785716,0.5074626865671642,-9.9754672878571,9636.696223744973,0.0,9626.720756457116,0,16.892499923706055,13438.423
2022-08-19 00:00:00+00:00,17.35,16.86,24.47205,64.66276,0.9621429,0.5074626865671642,-9.9754672878571,9076.799146986901,0.0,9066.823679699044,0,16.892499923706055,12657.644
2022-08-22 00:00:00+00:00,16.12,15.51,24.3671,56.46607,0.98071426,0.5517241379310345,8327.508367983026,0.0,0.0,8327.508367983026,-1,0.0,11644.131
2022-08-23 00:00:00+00:00,15.46,15.44,24.2495,48.837208,1.0157143,0.7,-8.327508367983683,8323.34669463571,0.0,8315.019186267726,1,14.038928985595703,11591.577
2022-08-24 00:00:00+00:00,15.43,15.59,24.1241,40.254776,0.955,0.7,-8.327508367983683,8404.208675816142,0.0,8395.881167448159,0,14.038928985595703,11704.191
2022-08-25 00:00:00+00:00,15.84,16.4,23.99905,39.561855,0.9507143,0.6363636363636364,-8.327508367983683,8840.860229146132,0.0,8832.532720778148,0,14.157500267028809,12312.298
2022-08-26 00:00:00+00:00,16.37,14.4,23.8788,47.49082,0.94285715,0.591675103227578,-8.327508367983683,7762.706516959709,0.0,7754.379008591725,0,14.973928451538086,10810.799
2022-08-29 00:00:00+00:00,13.97,13.95,23.75275,38.8,1.0157143,0.6363636363636364,7500.5142470292785,0.0,0.0,7500.5142470292785,-1,0.0,10472.961
2022-08-30 00:00:00+00:00,14.19,13.48,23.63285,39.311043,1.0,0.6363636363636364,-7.500514247029059,7496.76586409723,0.0,7489.265349850201,1,12.426427841186523,10120.108
2022-08-31 00:00:00+00:00,13.88,13.25,23.50905,28.06236,0.98,0.7,-7.500514247029059,7368.853747884103,0.0,7361.353233637074,0,12.426427841186523,9947.436
2022-09-01 00:00:00+00:00,12.88,13.27,23.37815,28.314608,0.95428574,0.7,-7.500514247029059,7379.976502238068,0.0,7372.475987991039,0,12.426427841186523,9962.451
2022-09-02 00:00:00+00:00,13.65,12.68,23.24755,19.444445,0.9464286,0.7,-7.500514247029059,7051.853959606623,0.0,7044.353445359594,0,12.426427841186523,9519.509
2022-09-06 00:00:00+00:00,12.74,12.41,23.10985,13.950617,0.9957143,0.7,-7.500514247029059,6901.696000387065,0.0,6894.195486140036,0,12.426427841186523,9316.806
2022-09-07 00:00:00+00:00,12.46,13.16,22.97065,13.663845,0.9842857,0.7,-7.500514247029059,7318.801212149044,0.0,7311.300697902015,0,12.426427841186523,9879.868
2022-09-08 00:00:00+00:00,12.85,13.35,22.8288,22.51497,0.97571427,0.6363636363636364,-7.500514247029059,7424.46768892395,0.0,7416.967174676921,0,12.426427841186523,10022.512
2022-09-09 00:00:00+00:00,13.66,14.23,22.68445,22.884386,0.99285716,0.6363636363636364,-7.500514247029059,7913.869977765749,0.0,7906.36946351872,0,12.426427841186523,10683.171
2022-09-12 00:00:00+00:00,14.43,14.73,22.55205,34.02187,0.97571427,0.7,-7.500514247029059,8191.940080673935,0.0,8184.439566426906,0,12.740714073181152,11058.546
2022-09-13 00:00:00+00:00,13.44,12.31,22.4246,44.715446,0.91,0.7,-7.500514247029059,6846.082249067991,0.0,6838.581734820962,0,13.266427993774414,9241.732
2022-09-14 00:00:00+00:00,12.45,12.63,22.28305,33.915726,1.0528572,0.7,7006.010498585286,0.0,0.0,7006.010498585286,-1,0.0,9481.973
2022-09-15 00:00:00+00:00,12.34,11.95,22.1553,35.050507,1.0478572,0.7,-7.006010498585056,7002.5092439633045,0.0,6995.503233464719,1,11.050714492797852,8971.462
2022-09-16 00:00:00+00:00,11.53,11.72,22.0115,27.226202,1.0528572,0.7,-7.006010498585056,6867.733232558927,0.0,6860.727222060342,0,11.050714492797852,8798.79
2022-09-19 00:00:00+00:00,11.41,12.01,21.87565,33.25,0.94785714,0.7,-7.006010498585056,7037.668655887302,0.0,7030.662645388717,0,11.050714492797852,9016.507
2022-09-20 00:00:00+00:00,11.69,11.71,21.7516,37.627552,0.94857144,0.7,-7.006010498585056,6861.873505012573,0.0,6854.867494513988,0,11.050714492797852,8791.282
2022-09-21 00:00:00+00:00,11.84,11.08,21.6217,38.46154,0.91,0.7,-7.006010498585056,6492.703573751395,0.0,6485.69756325281,0,11.050714492797852,8318.31
2022-09-22 00:00:00+00:00,10.89,10.66,21.498,36.55514,0.945,0.7,6230.214153458421,0.0,0.0,6230.214153458421,-1,0.0,8002.9946
2022-09-23 00:00:00+00:00,10.38,10.16,21.36795,34.59268,0.9192857,0.7,-6.2302141534582915,6227.100603156842,0.0,6220.870389003384,1,9.242500305175781,7627.6196
2022-09-26 00:00:00+00:00,10.09,9.978,21.2192,34.9642,0.88757145,0.7,-6.2302141534582915,6115.552052195172,0.0,6109.321838041714,0,9.242500305175781,7490.983
2022-09-27 00:00:00+00:00,10.39,10.04,21.06659,35.335262,0.88192856,0.7,-6.2302141534582915,6153.552043989833,0.0,6147.3218298363745,0,9.242500305175781,7537.5293
2022-09-28 00:00:00+00:00,10.02,10.62,20.92329,29.484482,0.88207144,0.7,-6.2302141534582915,6509.036228501675,0.0,6502.806014348217,0,9.242500305175781,7972.965
2022-09-29 00:00:00+00:00,10.15,9.718,20.77659,32.924694,0.8872143,0.7,-6.2302141534582915,5956.197382232004,0.0,5949.967168078546,0,9.296893119812012,7295.7886
2022-09-30 00:00:00+00:00,9.587,9.239,20.63473,21.856287,0.9095,0.7,-6.2302141534582915,5662.616404968591,0.0,5656.386190815133,0,9.296893119812012,6936.1787
2022-10-03 00:00:00+00:00,9.389,9.849,20.496725,15.659787,0.93042856,0.7,-6.2302141534582915,6036.487383769969,0.0,6030.2571696165105,0,9.296893119812012,7394.136
2022-10-04 00:00:00+00:00,10.45,10.77,20.34802,30.105093,0.8042143,0.7,-6.2302141534582915,6600.97174367509,0.0,6594.7415295216315,0,9.296893119812012,8085.5767
2022-10-05 00:00:00+00:00,10.32,10.75,20.21927,36.295315,0.8407143,0.5517241379310345,-6.2302141534582915,6588.713459842663,0.0,6582.4832456892045,0,9.563678741455078,8070.562
2022-10-06 00:00:00+00:00,10.63,10.49,20.09322,40.20568,0.8442857,0.7,-6.2302141534582915,6429.358343703748,0.0,6423.1281295502895,0,9.563678741455078,7875.3667
2022-10-07 00:00:00+00:00,9.935,9.277,19.97182,40.009747,0.8357143,0.7,-6.2302141534582915,5685.906532201742,0.0,5679.676318048284,0,9.563678741455078,6964.7075
2022-10-10 00:00:00+00:00,9.306,8.984,19.832106,30.696426,0.889,0.6363636363636364,5491.836068733023,0.0,0.0,5491.836068733023,-1,0.0,6744.738
2022-10-11 00:00:00+00:00,8.815,8.631,19.684175,30.72681,0.8912857,0.7,-5.491836068733392,5489.091522971537,0.0,5483.599686902804,1,7.650500297546387,6479.722
2022-10-12 00:00:00+00:00,8.698,8.641,19.53008,31.979397,0.8492857,0.7,-5.491836068733392,5495.451157431958,0.0,5489.959321363224,0,7.650500297546387,6487.2295
2022-10-13 00:00:00+00:00,7.862,9.203,19.366634,34.189507,0.8327857,0.7,-5.491836068733392,5852.86870748645,0.0,5847.376871417717,0,7.650500297546387,6909.151
2022-10-14 00:00:00+00:00,9.458,8.372,19.20925,42.57794,0.8785,0.7,-5.491836068733392,5324.374061388651,0.0,5318.882225319918,0,7.953821182250977,6285.278
2022-10-17 00:00:00+00:00,8.963,9.218,19.04716,38.683765,0.919,0.7,-5.491836068733392,5862.408510010386,0.0,5856.916673941652,0,7.953821182250977,6920.4126
2022-10-18 00:00:00+00:00,9.963,9.432,18.89215,44.784264,0.9215,0.7,-5.491836068733392,5998.506745293519,0.0,5993.014909224786,0,7.953821182250977,7081.0728
2022-10-19 00:00:00+00:00,9.234,9.315,18.74161,42.094757,0.91892856,0.7,-5.491836068733392,5924.0975446671,0.0,5918.605708598367,0,8.049750328063965,6993.235
2022-10-20 00:00:00+00:00,9.253,9.148,18.584335,47.005497,0.8694286,0.7,-5.491836068733392,5817.8899455173005,0.0,5812.398109448567,0,8.049750328063965,6867.8594
2022-10-21 00:00:00+00:00,9.029,9.823,18.433926,49.290947,0.859,0.7,-5.491836068733392,6247.172358750462,0.0,6241.680522681729,0,8.049750328063965,7374.6157
2022-10-24 00:00:00+00:00,9.854,10.13,18.30554,49.799446,0.8690714,0.5517241379310345,-5.491836068733392,6442.416602427836,0.0,6436.924766359102,0,8.534500122070312,7605.096
2022-10-25 00:00:00+00:00,10.23,10.75,18.17869,44.546696,0.85514283,0.5517241379310345,-5.491836068733392,6836.720292575462,0.0,6831.228456506728,0,8.826393127441406,8070.5605
2022-10-26 00:00:00+00:00,10.08,10.01,18.06089,50.0,0.83514285,0.6363636363636364,-5.491836068733392,6366.099844044893,0.0,6360.60800797616,0,9.467286109924316,7515.006
2022-10-27 00:00:00+00:00,9.939,9.451,17.93884,46.54577,0.851,0.6735822279343068,-5.491836068733392,6010.590548653795,0.0,6005.098712585062,0,9.467286109924316,7095.337
2022-10-28 00:00:00+00:00,9.401,10.35,17.806395,51.382267,0.79985714,0.7,6566.965920975472,0.0,0.0,6566.965920975472,-1,0.0,7770.261
2022-10-31 00:00:00+00:00,10.1,9.968,17.676695,59.898552,0.82678574,0.5074626865671642,-6.566965920975235,6563.684078936004,0.0,6557.117113015029,1,9.150215148925781,7483.4746
2022-11-01 00:00:00+00:00,10.37,9.663,17.559185,59.647858,0.8214286,0.7,-6.566965920975235,6362.848964543149,0.0,6356.281998622174,0,9.150215148925781,7254.4956
2022-11-02 00:00:00+00:00,9.673,8.674,17.4359,57.073643,0.85478574,0.6363636363636364,-6.566965920975235,5711.616325186846,0.0,5705.04935926587,0,9.150215148925781,6512.0034
2022-11-03 00:00:00+00:00,8.381,8.167,17.32067,46.542934,0.8370714,0.7,5363.135760726636,0.0,0.0,5363.135760726636,-1,0.0,6131.3735
2022-11-04 00:00:00+00:00,8.643,8.548,17.208405,48.601063,0.79078573,0.7,-5.363135760726436,5360.455532960156,0.0,5355.09239719943,1,6.911392688751221,6417.4097
2022-11-07 00:00:00+00:00,8.658,8.824,17.104095,45.118042,0.7752857,0.6363636363636364,-5.363135760726436,5533.535598559168,0.0,5528.172462798441,0,7.36182165145874,6624.617
2022-11-08 00:00:00+00:00,8.986,9.013,17.013466,45.609474,0.7450714,0.7,-5.363135760726436,5652.057345568388,0.0,5646.6942098076615,0,7.66107177734375,6766.5083
2022-11-09 00:00:00+00:00,8.824,8.374,16.92128,47.841625,0.7541429,0.7,-5.363135760726436,5251.340162306925,0.0,5245.977026546198,0,7.895392417907715,6286.779
2022-11-10 00:00:00+00:00,9.601,10.23,16.83615,44.81789,0.7505,0.7,-5.363135760726436,6415.239009491965,0.0,6409.875873731238,0,7.895392417907715,7680.171
2022-11-11 00:00:00+00:00,10.23,10.79,16.76,52.352875,0.8192143,0.5074626865671642,-5.363135760726436,6766.415768305551,0.0,6761.0526325448245,0,9.104249954223633,8100.5913
2022-11-14 00:00:00+00:00,10.57,10.51,16.69135,53.70703,0.8209286,0.5517241379310345,-5.363135760726436,6590.827583697589,0.0,6585.464447936863,0,9.561178207397461,7890.3813
2022-11-15 00:00:00+00:00,11.28,10.94,16.60945,48.598457,0.8123571,0.5320461945706654,6844.8265197895635,0.0,0.0,6844.8265197895635,-1,0.0,8213.203
2022-11-16 00:00:00+00:00,10.72,10.49,16.51645,55.635,0.8207857,0.5074626865671642,-6.844826519789422,6841.405816881123,0.0,6834.560990361334,1,9.721464157104492,7875.3657
2022-11-17 00:00:00+00:00,9.973,10.42,16.41875,56.37971,0.81292856,0.6111111111111112,-6.844826519789422,6795.753263631341,0.0,6788.908437111551,0,9.721464157104492,7822.8135
2022-11-18 00:00:00+00:00,10.75,10.41,16.31705,50.478535,0.786,0.6111111111111112,-6.844826519789422,6789.231417378796,0.0,6782.386590859007,0,9.721464157104492,7815.3057
2022-11-21 00:00:00+00:00,10.25,10.09,16.23435,53.18352,0.78835714,0.5074626865671642,-6.844826519789422,6580.532717787691,0.0,6573.687891267901,0,9.721464157104492,7575.0654
2022-11-22 00:00:00+00:00,10.18,10.51,16.1446,53.06885,0.7617143,0.6363636363636364,-6.844826519789422,6854.449896163935,0.0,6847.605069644145,0,9.721464157104492,7890.381
2022-11-23 00:00:00+00:00,10.51,10.82,16.06065,64.3707,0.71114284,0.6111111111111112,-6.844826519789422,7056.626804288388,0.0,7049.781977768598,0,9.721464157104492,8123.113
2022-11-25 00:00:00+00:00,10.65,10.59,15.97345,71.42626,0.70042855,0.6363636363636364,-6.844826519789422,6906.6250475106135,0.0,6899.780220990824,0,9.75328540802002,7950.4414
2022-11-28 00:00:00+00:00,10.38,10.14,15.8763,66.90398,0.669,0.5517241379310345,-6.844826519789422,6613.1423396229675,0.0,6606.297513103178,0,9.75328540802002,7612.604
2022-11-29 00:00:00+00:00,10.16,9.904,15.78685,60.588993,0.67807144,0.6363636363636364,-6.844826519789422,6459.2268527980605,0.0,6452.382026278271,0,9.75328540802002,7435.427
2022-11-30 00:00:00+00:00,9.937,11.26,15.70947,57.11548,0.65992856,0.6363636363636364,-6.844826519789422,7343.587843823328,0.0,7336.743017303538,0,9.75328540802002,8453.443
2022-12-01 00:00:00+00:00,11.3,11.3,15.63857,70.679276,0.7145714,0.49206349206349204,-6.844826519789422,7369.675475733882,0.0,7362.830649214093,0,10.27010726928711,8483.475
2022-12-02 00:00:00+00:00,10.7,11.15,15.55832,60.3642,0.61914283,0.5284266833610031,-6.844826519789422,7271.8476647207635,0.0,7265.002838200974,0,10.27010726928711,8370.861
2022-12-05 00:00:00+00:00,10.91,10.58,15.47762,53.78788,0.60557145,0.6111111111111112,-6.844826519789422,6900.103132448342,0.0,6893.2583059285525,0,10.27010726928711,7942.934
2022-12-06 00:00:00+00:00,10.56,9.939,15.40632,50.694168,0.61914283,0.7,-6.844826519789422,6482.053652104227,0.0,6475.208825584437,0,10.27010726928711,7461.7036
2022-12-07 00:00:00+00:00,9.796,9.808,15.336065,40.47211,0.6135714,0.7,6380.177614625381,0.0,0.0,6380.177614625381,-1,0.0,7363.355
2022-12-08 00:00:00+00:00,9.939,10.15,15.268655,43.08877,0.60392857,0.7,-6.380177614625609,6376.989120065348,0.0,6370.608942450723,1,8.887642860412598,7620.1123
2022-12-09 00:00:00+00:00,10.03,9.949,15.211955,47.406837,0.5965,0.5517241379310345,-6.380177614625609,6250.70644394774,0.0,6244.326266333114,0,9.24410629272461,7469.2124
2022-12-12 00:00:00+00:00,9.966,10.32,15.1434,45.729107,0.583,0.7,-6.380177614625609,6483.795889079063,0.0,6477.415711464438,0,9.24410629272461,7747.74
2022-12-13 00:00:00+00:00,11.54,10.64,15.07115,52.110867,0.58664286,0.5517241379310345,6668.436475997414,0.0,0.0,6668.436475997414,-1,0.0,7987.9805
2022-12-14 00:00:00+00:00,10.59,10.4,14.99955,51.21541,0.6309286,0.5517241379310345,-6.668436475997623,6665.103924035397,0.0,6658.435487559399,1,9.76003646850586,7807.8
2022-12-15 00:00:00+00:00,9.932,9.353,14.93245,46.02122,0.6652143,0.5074626865671642,-6.668436475997623,5994.10738687746,0.0,5987.4389504014625,0,9.76003646850586,7021.7646
2022-12-16 00:00:00+00:00,9.277,9.072,14.854265,39.852337,0.7309286,0.6363636363636364,5798.63191260802,0.0,0.0,5798.63191260802,-1,0.0,6810.804
2022-12-19 00:00:00+00:00,9.091,8.712,14.779975,40.98886,0.727,0.693326464604309,-5.798631912608471,5795.734045585227,0.0,5789.935413672619,1,7.975606918334961,6540.5347
2022-12-20 00:00:00+00:00,8.579,8.672,14.709085,40.14876,0.7337143,0.6363636363636364,-5.798631912608471,5769.123826492177,0.0,5763.325194579568,0,7.975606918334961,6510.5044
2022-12-21 00:00:00+00:00,8.772,9.044,14.650695,22.665821,0.662,0.7,-5.798631912608471,6016.599787354387,0.0,6010.801155441779,0,7.975606918334961,6789.783
2022-12-22 00:00:00+00:00,8.712,8.374,14.595265,27.733912,0.65842855,0.6440704451790059,-5.798631912608471,5570.876505487834,0.0,5565.077873575226,0,8.050999641418457,6286.781
2022-12-23 00:00:00+00:00,8.243,8.42,14.525935,25.152166,0.69207144,0.7,-5.798631912608471,5601.478908204635,0.0,5595.680276292027,0,8.050999641418457,6321.316
2022-12-27 00:00:00+00:00,8.363,8.061,14.460585,28.66456,0.67035717,0.7,-5.798631912608471,5362.650708190248,0.0,5356.85207627764,0,8.050999641418457,6051.796
2022-12-28 00:00:00+00:00,8.01,7.74,14.40059,30.355648,0.64178574,0.7,5135.580236851085,0.0,0.0,5135.580236851085,-1,0.0,5810.805
2022-12-29 00:00:00+00:00,7.984,8.303,14.34449,29.195171,0.65085715,0.7,-5.135580236850728,5133.013729986093,0.0,5127.878149749242,1,6.7773213386535645,6233.4775
2022-12-30 00:00:00+00:00,8.025,8.283,14.282155,32.209595,0.66007143,0.7,-5.135580236850728,5120.64931363299,0.0,5115.513733396139,0,7.326714515686035,6218.4624
2023-01-03 00:00:00+00:00,8.492,8.104,14.20812,33.373253,0.6578571,0.5277777777777778,-5.135580236850728,5009.98952968862,0.0,5004.853949451769,0,7.326714515686035,6084.0786
2023-01-04 00:00:00+00:00,8.305,8.219,14.12914,27.002905,0.6777857,0.5277777777777778,-5.135580236850728,5081.083462512167,0.0,5075.947882275316,0,7.326714515686035,6170.414
2023-01-05 00:00:00+00:00,8.046,7.828,14.043085,23.758942,0.6227857,0.5277777777777778,-5.135580236850728,4839.362743680206,0.0,4834.2271634433555,0,7.326714515686035,5876.8706
2023-01-06 00:00:00+00:00,7.991,8.456,13.956375,23.005877,0.59007144,0.5277777777777778,-5.135580236850728,5227.599998589267,0.0,5222.464418352416,0,7.326714515686035,6348.342
2023-01-09 00:00:00+00:00,8.674,8.631,13.865455,39.67779,0.56685716,0.3125,-5.135580236850728,5335.786898937345,0.0,5330.651318700494,0,7.570893287658691,6479.7227
2023-01-10 00:00:00+00:00,8.521,8.846,13.78101,44.7983,0.57435715,0.5277777777777778,-5.135580236850728,5468.7024794455465,0.0,5463.566899208696,0,7.78071403503418,6641.134
2023-01-11 00:00:00+00:00,8.971,9.301,13.68929,51.63654,0.5624286,0.5,-5.135580236850728,5749.989068783883,0.0,5744.853488547033,0,7.984464168548584,6982.725
2023-01-12 00:00:00+00:00,9.366,9.438,13.600245,56.974937,0.5655,0.5277777777777778,-5.135580236850728,5834.684217171793,0.0,5829.548636934942,0,8.457356452941895,7085.5786
2023-01-13 00:00:00+00:00,9.172,9.625,13.505435,54.609264,0.57528573,0.5277777777777778,-5.135580236850728,5950.289952279178,0.0,5945.154372042327,0,8.589749336242676,7225.9688
2023-01-17 00:00:00+00:00,9.613,9.672,13.40431,66.4996,0.5329286,0.5277777777777778,5965.240922577971,0.0,0.0,5965.240922577971,-1,0.0,7261.2534
2023-01-18 00:00:00+00:00,9.857,9.308,13.30832,66.50844,0.52592856,0.5277777777777778,-5.965240922578232,5962.259792681631,0.0,5956.294551759052,1,8.872607231140137,6987.9805
2023-01-19 00:00:00+00:00,9.124,9.019,13.21661,66.42086,0.5477857,0.5277777777777778,-5.965240922578232,5777.140353074595,0.0,5771.1751121520165,0,8.872607231140137,6771.0137
2023-01-20 00:00:00+00:00,9.158,9.778,13.123605,66.98539,0.5397143,0.5277777777777778,-5.965240922578232,6263.319520716313,0.0,6257.354279793734,0,8.872607231140137,7340.833
2023-01-23 00:00:00+00:00,9.866,10.42,13.025995,68.61903,0.5494286,0.3125,-5.965240922578232,6674.554146573433,0.0,6668.588905650855,0,8.968428611755371,7822.8145
2023-01-24 00:00:00+00:00,10.24,10.35,12.941145,73.31442,0.57614285,0.3125,-5.965240922578232,6629.7158194252515,0.0,6623.750578502673,0,9.595857620239258,7770.262
2023-01-25 00:00:00+00:00,9.833,10.25,12.865145,75.10058,0.5437857,0.3,-5.965240922578232,6565.660477668132,0.0,6559.695236745554,0,9.595857620239258,7695.1875
2023-01-26 00:00:00+00:00,10.66,10.87,12.787795,72.77416,0.5674286,0.01,-5.965240922578232,6962.802488792342,0.0,6956.837247869764,0,9.595857620239258,8160.652
2023-01-27 00:00:00+00:00,10.73,11.17,12.718845,82.44454,0.5815714,0.01,-5.965240922578232,7154.967885124516,0.0,7149.002644201938,0,10.0188570022583,8385.876
2023-01-30 00:00:00+00:00,10.8,10.48,12.660095,81.123856,0.5697857,0.3125,-5.965240922578232,6712.986597406092,0.0,6707.021356483514,0,10.297642707824707,7867.8584
2023-01-31 00:00:00+00:00,10.51,10.97,12.599195,68.9641,0.5755,0.5277777777777778,-5.965240922578232,7026.857593796462,0.0,7020.892352873884,0,10.297642707824707,8235.727
2023-02-01 00:00:00+00:00,10.94,11.65,12.534045,70.62136,0.58414286,0.5277777777777778,-5.965240922578232,7462.432551258755,0.0,7456.4673103361765,0,10.297642707824707,8746.235
2023-02-02 00:00:00+00:00,12.43,12.9,12.480495,71.851166,0.63842857,0.5277777777777778,8244.762604456359,0.0,0.0,8244.762604456359,-1,0.0,9684.672
2023-02-03 00:00:00+00:00,12.06,12.22,12.432845,76.68002,0.69935715,0.5277777777777778,-8.2447626044559,8240.6422833147,0.0,8232.397520710245,1,10.984713554382324,9174.163
2023-02-06 00:00:00+00:00,11.9,11.91,12.374395,68.58616,0.73235714,0.5277777777777778,-8.2447626044559,8031.591418048421,0.0,8023.346655443965,0,11.170964241027832,8941.43
2023-02-07 00:00:00+00:00,11.89,12.66,12.319795,65.447266,0.7425,0.62,-8.2447626044559,8537.359260172416,0.0,8529.11449756796,0,11.170964241027832,9504.492
2023-02-08 00:00:00+00:00,12.49,11.97,12.275545,71.96593,0.7640714,0.5277777777777778,-8.2447626044559,8072.053473120269,0.0,8063.808710515813,0,11.170964241027832,8986.476
2023-02-09 00:00:00+00:00,12.49,11.63,12.236545,68.37256,0.78985715,0.5277777777777778,-8.2447626044559,7842.772000294171,0.0,7834.527237689716,0,11.170964241027832,8731.221
2023-02-10 00:00:00+00:00,11.38,11.41,12.191945,62.165,0.8082143,0.5277777777777778,-8.2447626044559,7694.413365334154,0.0,7686.168602729698,0,11.170964241027832,8566.056
2023-02-13 00:00:00+00:00,11.56,11.95,12.158145,56.884563,0.7893571,0.5277777777777778,-8.2447626044559,8058.566269717243,0.0,8050.321507112787,0,11.170964241027832,8971.461
2023-02-14 00:00:00+00:00,11.75,12.21,12.127445,60.443863,0.8122143,0.5277777777777778,-8.2447626044559,8233.899431566166,0.0,8225.65466896171,0,11.170964241027832,9166.655
2023-02-15 00:00:00+00:00,12.0,12.49,12.088395,62.53197,0.81285715,0.5277777777777778,-8.2447626044559,8422.719646535266,0.0,8414.47488393081,0,11.170964241027832,9376.865
2023-02-16 00:00:00+00:00,11.89,11.76,12.064045,60.828876,0.81,0.5277777777777778,-8.2447626044559,7930.439433181512,0.0,7922.194670577056,0,11.170964241027832,8828.818
2023-02-17 00:00:00+00:00,11.49,11.51,12.031845,53.729458,0.81357145,0.5277777777777778,-8.2447626044559,7761.850397470244,0.0,7753.6056348657885,0,11.170964241027832,8641.132
2023-02-21 00:00:00+00:00,11.07,10.69,11.998195,56.894245,0.80642855,0.5277777777777778,7189.819067352919,0.0,0.0,7189.819067352919,-1,0.0,8025.516
2023-02-22 00:00:00+00:00,10.76,10.69,11.951095,48.205128,0.8307143,0.5277777777777778,-7.189819067352801,7186.225954375732,0.0,7179.036135308379,1,9.480356216430664,8025.516
2023-02-23 00:00:00+00:00,11.11,10.99,11.918745,43.258427,0.7728571,0.5277777777777778,-7.189819067352801,7387.897719589861,0.0,7380.707900522508,0,9.480356216430664,8250.741
2023-02-24 00:00:00+00:00,10.41,10.41,11.891295,34.52188,0.7107143,0.62,-7.189819067352801,6997.999468612184,0.0,6990.809649544831,0,9.830714225769043,7815.306
2023-02-27 00:00:00+00:00,10.77,10.65,11.870895,35.09061,0.6957143,0.62,-7.189819067352801,7159.336379722012,0.0,7152.146560654659,0,9.830714225769043,7995.486
2023-02-28 00:00:00+00:00,10.58,10.61,11.848795,39.5,0.69857144,0.5277777777777778,-7.189819067352801,7132.446861026215,0.0,7125.257041958862,0,9.830714225769043,7965.4556
2023-03-01 00:00:00+00:00,10.56,10.33,11.833445,30.62382,0.64928573,0.5277777777777778,-7.189819067352801,6944.220198300599,0.0,6937.030379233246,0,9.830714225769043,7755.2456
2023-03-02 00:00:00+00:00,10.05,10.59,11.817095,33.19672,0.62214285,0.5277777777777778,-7.189819067352801,7119.001863600539,0.0,7111.812044533186,0,9.830714225769043,7950.44
2023-03-03 00:00:00+00:00,10.78,11.24,11.794645,39.166668,0.5942857,0.5277777777777778,-7.189819067352801,7555.956218665468,0.0,7548.766399598116,0,9.830714225769043,8438.427
2023-03-06 00:00:00+00:00,11.38,11.27,11.777995,48.37476,0.60642856,0.3125,-7.189819067352801,7576.123791132309,0.0,7568.933972064956,0,10.348570823669434,8460.949
2023-03-07 00:00:00+00:00,11.28,10.86,11.755745,42.79661,0.5971429,0.5,-7.189819067352801,7300.505815649059,0.0,7293.315996581706,0,10.360357284545898,8153.1416
2023-03-08 00:00:00+00:00,10.9,11.02,11.743145,36.13963,0.58285713,0.5277777777777778,-7.189819067352801,7408.064723367248,0.0,7400.874904299895,0,10.360357284545898,8273.263
2023-03-09 00:00:00+00:00,11.06,10.42,11.732445,34.526318,0.56857145,0.5277777777777778,-7.189819067352801,7004.72139094119,0.0,6997.5315718738375,0,10.360357284545898,7822.812
2023-03-10 00:00:00+00:00,10.44,9.986,11.719345,35.497837,0.5885714,0.5277777777777778,-7.189819067352801,6712.970171727903,0.0,6705.78035266055,0,10.360357284545898,7496.987
2023-03-13 00:00:00+00:00,9.799,10.21,11.700875,34.138218,0.598,0.5277777777777778,6846.066167552284,0.0,0.0,6846.066167552284,-1,0.0,7665.155
2023-03-14 00:00:00+00:00,10.6,10.91,11.688125,44.296577,0.6068571,0.5277777777777778,-6.846066167552635,6842.64484512972,0.0,6835.7987789621675,1,9.312999725341797,8190.6797
2023-03-15 00:00:00+00:00,10.6,11.07,11.676075,52.241238,0.63114285,0.5277777777777778,-6.846066167552635,6942.995546555081,0.0,6936.1494803875285,0,9.999713897705078,8310.8
2023-03-16 00:00:00+00:00,10.96,11.95,11.659075,50.838924,0.6332857,0.5,-6.846066167552635,7494.922858600479,0.0,7488.076792432927,0,10.123285293579102,8971.459
2023-03-17 00:00:00+00:00,11.94,11.77,11.639475,65.19337,0.65757143,0.5277777777777778,-6.846066167552635,7382.029160647438,0.0,7375.183094479886,0,10.123285293579102,8836.325
2023-03-20 00:00:00+00:00,11.71,11.89,11.619575,61.18211,0.669,0.5277777777777778,-6.846066167552635,7457.291712427706,0.0,7450.445646260154,0,10.123285293579102,8926.414
2023-03-21 00:00:00+00:00,12.12,12.38,11.602075,62.578617,0.67971426,0.5277777777777778,7746.122128629586,0.0,0.0,7746.122128629586,-1,0.0,9294.281
2023-03-22 00:00:00+00:00,12.39,11.87,11.580775,69.346924,0.69185716,0.5277777777777778,-7.746122128629395,7742.251003128023,0.0,7734.504880999393,1,10.34085750579834,8911.398
2023-03-23 00:00:00+00:00,12.33,12.32,11.563575,61.53569,0.7247143,0.5277777777777778,-7.746122128629395,8035.7651570273065,0.0,8028.019034898677,0,10.34085750579834,9249.236
2023-03-24 00:00:00+00:00,12.25,12.44,11.547725,60.097233,0.7432857,0.5277777777777778,-7.746122128629395,8114.035385375708,0.0,8106.289263247078,0,10.34085750579834,9339.325
2023-03-27 00:00:00+00:00,12.52,12.14,11.530425,60.757633,0.7432857,0.62,-7.746122128629395,7918.3598911393165,0.0,7910.613769010687,0,10.34085750579834,9114.101
2023-03-28 00:00:00+00:00,12.1,11.98,11.513375,62.012012,0.7418572,0.5277777777777778,-7.746122128629395,7813.998601256123,0.0,7806.252479127494,0,10.34085750579834,8993.98
2023-03-29 00:00:00+00:00,12.43,12.64,11.501875,59.00901,0.74614286,0.5277777777777778,-7.746122128629395,8244.486301906685,0.0,8236.740179778055,0,10.34085750579834,9489.476
2023-03-30 00:00:00+00:00,12.93,12.97,11.501325,70.60133,0.7247143,0.5277777777777778,-7.746122128629395,8459.72963751557,0.0,8451.983515386939,0,10.401571273803711,9737.223
2023-03-31 00:00:00+00:00,12.99,13.61,11.511125,78.23618,0.701,0.5277777777777778,-7.746122128629395,8877.171101977385,0.0,8869.424979848754,0,10.795857429504395,10217.701
2023-04-03 00:00:00+00:00,13.32,13.52,11.523925,79.82456,0.6807143,0.3125,-7.746122128629395,8818.46887190735,0.0,8810.72274977872,0,11.506999969482422,10150.135
2023-04-04 00:00:00+00:00,13.57,13.37,11.532225,75.638504,0.6585714,0.5277777777777778,-7.746122128629395,8720.630699061563,0.0,8712.884576932935,0,11.506999969482422,10037.522
2023-04-05 00:00:00+00:00,13.22,12.95,11.546975,72.637794,0.6464286,0.6181534498404614,-7.746122128629395,8446.684165905019,0.0,8438.93804377639,0,11.506999969482422,9722.207
2023-04-06 00:00:00+00:00,12.74,13.21,11.557625,60.82251,0.6135714,0.6666666666666666,-7.746122128629395,8616.270174360978,0.0,8608.524052232347,0,11.506999969482422,9917.402
2023-04-10 00:00:00+00:00,12.85,13.17,11.565625,65.319145,0.615,0.62,-7.746122128629395,8590.179805291527,0.0,8582.433683162897,0,11.506999969482422,9887.372
2023-04-11 00:00:00+00:00,13.17,12.93,11.573575,63.852814,0.62357146,0.62,-7.746122128629395,8433.63901671428,0.0,8425.89289458565,0,11.506999969482422,9707.192
2023-04-12 00:00:00+00:00,13.18,12.57,11.577825,56.292908,0.60642856,0.62,-7.746122128629395,8198.827250391934,0.0,8191.081128263305,0,11.506999969482422,9436.922
2023-04-13 00:00:00+00:00,12.79,13.32,11.573975,58.29384,0.57857144,0.62,-7.746122128629395,8688.017807681375,0.0,8680.271685552747,0,11.506999969482422,9999.984
2023-04-14 00:00:00+00:00,13.1,13.23,11.575425,61.061947,0.56785715,0.62,-7.746122128629395,8629.314760723002,0.0,8621.568638594374,0,11.584285736083984,9932.417
2023-04-17 00:00:00+00:00,13.16,13.25,11.582475,58.79733,0.575,0.62,-7.746122128629395,8642.35963544843,0.0,8634.6135133198,0,11.584285736083984,9947.432
2023-04-18 00:00:00+00:00,13.52,13.26,11.589425,63.1829,0.56142855,0.62,-7.746122128629395,8648.882145363308,0.0,8641.136023234678,0,11.584285736083984,9954.938
2023-04-19 00:00:00+00:00,12.94,13.24,11.598725,65.76355,0.56357145,0.62,-7.746122128629395,8635.836559518162,0.0,8628.090437389532,0,11.584285736083984,9939.923
2023-04-20 00:00:00+00:00,12.83,12.92,11.606825,58.77193,0.54285717,0.62,-7.746122128629395,8427.115756116955,0.0,8419.369633988324,0,11.584285736083984,9699.684
2023-04-21 00:00:00+00:00,12.87,12.96,11.610225,49.26686,0.55142856,0.6666666666666666,-7.746122128629395,8453.20597553144,0.0,8445.459853402812,0,11.584285736083984,9729.714
2023-04-24 00:00:00+00:00,12.92,12.86,11.612875,38.434162,0.5314286,0.6666666666666666,-7.746122128629395,8387.980533696726,0.0,8380.234411568097,0,11.584285736083984,9654.639
2023-04-25 00:00:00+00:00,12.66,12.13,11.611025,38.29787,0.5342857,0.6666666666666666,-7.746122128629395,7911.835651908714,0.0,7904.089529780084,0,11.584285736083984,9106.592
2023-04-26 00:00:00+00:00,12.53,12.35,11.605275,31.764706,0.55214286,0.62,-7.746122128629395,8055.33149908483,0.0,8047.585376956201,0,11.584285736083984,9271.757
2023-04-27 00:00:00+00:00,12.8,13.35,11.604975,40.625,0.54785717,0.5277777777777778,-7.746122128629395,8707.584568021523,0.0,8699.838445892892,0,11.584285736083984,10022.506
2023-04-28 00:00:00+00:00,13.3,13.62,11.611325,51.77665,0.57357144,0.5277777777777778,-7.746122128629395,8883.692770366515,0.0,8875.946648237885,0,11.706428527832031,10225.208
2023-05-01 00:00:00+00:00,13.56,13.57,11.619325,55.395683,0.56214285,0.5277777777777778,-7.746122128629395,8851.079759875403,0.0,8843.333637746775,0,11.899285316467285,10187.67
2023-05-02 00:00:00+00:00,13.56,13.19,11.626575,58.0402,0.56142855,0.62,-7.746122128629395,8603.223173648787,0.0,8595.477051520156,0,11.899285316467285,9902.385
2023-05-03 00:00:00+00:00,13.25,12.95,11.628675,57.75,0.5535714,0.5277777777777778,-7.746122128629395,8446.682628337638,0.0,8438.936506209007,0,11.899285316467285,9722.205
2023-05-04 00:00:00+00:00,12.9,12.78,11.631225,44.69914,0.54285717,0.62,-7.746122128629395,8335.799256780025,0.0,8328.053134651396,0,11.899285316467285,9594.577
2023-05-05 00:00:00+00:00,13.06,13.6,11.627125,43.69748,0.5278571,0.62,-7.746122128629395,8870.647897290048,0.0,8862.90177516142,0,11.899285316467285,10210.193
2023-05-08 00:00:00+00:00,13.55,13.7,11.623975,54.004578,0.56714284,0.62,-7.746122128629395,8935.873311679747,0.0,8928.127189551116,0,12.01642894744873,10285.268
2023-05-09 00:00:00+00:00,13.48,13.43,11.618375,54.932735,0.55642855,0.62,-7.746122128629395,8759.765319081907,0.0,8752.019196953279,0,12.01642894744873,10082.565
2023-05-10 00:00:00+00:00,13.74,13.86,11.615175,52.016987,0.54714286,0.62,-7.746122128629395,9040.233969926674,0.0,9032.487847798046,0,12.01642894744873,10405.388
2023-05-11 00:00:00+00:00,13.93,13.98,11.615325,59.751038,0.5492857,0.5277777777777778,-7.746122128629395,9118.50478112703,0.0,9110.758658998402,0,12.218570709228516,10495.478
2023-05-12 00:00:00+00:00,14.07,13.84,11.620175,60.408165,0.545,0.62,-7.746122128629395,9027.18992252463,0.0,9019.443800396002,0,12.332141876220703,10390.373
2023-05-15 00:00:00+00:00,13.9,14.06,11.616125,59.91903,0.5492857,0.62,-7.746122128629395,9170.68579695565,0.0,9162.93967482702,0,12.332141876220703,10555.538
2023-05-16 00:00:00+00:00,13.96,14.1,11.611025,71.783295,0.52428573,0.62,-7.746122128629395,9196.77575330411,0.0,9189.02963117548,0,12.41214370727539,10585.568
2023-05-17 00:00:00+00:00,14.24,14.62,11.602025,70.588234,0.50857145,0.62,9513.897468139392,0.0,0.0,9513.897468139392,-1,0.0,10975.958
2023-05-18 00:00:00+00:00,14.65,15.41,11.595875,66.8435,0.47428572,0.62,-9.513897468139476,9509.142896691046,0.0,9499.628999222907,1,13.09428596496582,11569.051
2023-05-19 00:00:00+00:00,15.44,15.3,11.594325,70.86247,0.5007143,0.5277777777777778,-9.513897468139476,9441.26480272332,0.0,9431.750905255181,0,13.987142562866211,11486.469
2023-05-22 00:00:00+00:00,15.26,15.45,11.585975,69.885056,0.5057143,0.62,-9.513897468139476,9533.825935469155,0.0,9524.312038001015,0,13.987142562866211,11599.08
2023-05-23 00:00:00+00:00,15.2,14.85,11.577175,77.427185,0.4857143,0.5277777777777778,-9.513897468139476,9163.580477721729,0.0,9154.06658025359,0,13.987142562866211,11148.632
2023-05-24 00:00:00+00:00,14.57,14.62,11.567375,71.20536,0.48642856,0.62,-9.513897468139476,9021.652497111836,0.0,9012.138599643697,0,13.987142562866211,10975.958
2023-05-25 00:00:00+00:00,15.62,15.67,11.557275,70.26432,0.49642858,0.62,-9.513897468139476,9669.582388659097,0.0,9660.068491190958,0,13.987142562866211,11764.245
2023-05-26 00:00:00+00:00,15.8,16.86,11.555325,71.69811,0.5164286,0.62,-9.513897468139476,10403.903280043718,0.0,10394.389382575579,0,14.18071460723877,12657.638
2023-05-30 00:00:00+00:00,17.5,17.08,11.552525,76.962456,0.5871429,0.5277777777777778,10514.336772741473,0.0,0.0,10514.336772741473,-1,0.0,12822.804
2023-05-31 00:00:00+00:00,16.84,16.74,11.552375,81.41136,0.62285715,0.5277777777777778,10514.336772741473,0.0,0.0,10514.336772741473,0,0.0,12567.548
2023-06-01 00:00:00+00:00,16.74,17.35,11.545525,75.17483,0.62214285,0.5277777777777778,10514.336772741473,0.0,0.0,10514.336772741473,0,0.0,13025.504
2023-06-02 00:00:00+00:00,17.63,17.72,11.539675,77.13365,0.665,0.5,10514.336772741473,0.0,0.0,10514.336772741473,0,0.0,13303.281
2023-06-05 00:00:00+00:00,17.71,17.77,11.536175,80.12422,0.66642857,0.5277777777777778,10514.336772741473,0.0,0.0,10514.336772741473,0,0.0,13340.819
2023-06-06 00:00:00+00:00,17.67,17.78,11.536275,79.58533,0.67785716,0.5277777777777778,10514.336772741473,0.0,0.0,10514.336772741473,0,0.0,13348.327
2023-06-07 00:00:00+00:00,17.81,16.84,11.535675,79.48718,0.6807143,0.5277777777777778,10514.336772741473,0.0,0.0,10514.336772741473,0,0.0,12642.622
2023-06-08 00:00:00+00:00,16.88,17.44,11.535575,66.666664,0.735,0.5277777777777778,10514.336772741473,0.0,0.0,10514.336772741473,0,0.0,13093.072
2023-06-09 00:00:00+00:00,17.68,17.65,11.545225,65.68779,0.725,0.5277777777777778,-10.514336772741444,10509.082231625662,0.0,10498.56789485292,1,15.235000610351562,13250.729
2023-06-12 00:00:00+00:00,17.9,18.54,11.556275,67.88432,0.74642855,0.5277777777777778,-10.514336772741444,11039.003256383134,0.0,11028.488919610392,0,15.47499942779541,13918.898
2023-06-13 00:00:00+00:00,18.98,18.97,11.571025,71.13543,0.7871429,0.5277777777777778,-10.514336772741444,11295.030878195017,0.0,11284.516541422276,0,16.30071449279785,14241.72
2023-06-14 00:00:00+00:00,18.98,19.35,11.583875,78.85154,0.7842857,0.5277777777777778,-10.514336772741444,11521.289442036614,0.0,11510.775105263872,0,16.608570098876953,14527.005
2023-06-15 00:00:00+00:00,19.14,20.04,11.608625,82.4417,0.81142855,0.5277777777777778,-10.514336772741444,11932.126590405804,0.0,11921.612253633062,0,16.997142791748047,15045.023
2023-06-16 00:00:00+00:00,20.45,19.65,11.639075,81.52958,0.81285715,0.5277777777777778,11671.849418881258,0.0,0.0,11671.849418881258,-1,0.0,14752.2295
2023-06-20 00:00:00+00:00,19.43,19.58,11.669925,72.756935,0.7807143,0.62,11671.849418881258,0.0,0.0,11671.849418881258,0,0.0,14699.677
2023-06-21 00:00:00+00:00,19.36,18.77,11.701575,70.90301,0.7728571,0.62,-11.67184941888081,11666.01641067592,0.0,11654.34456125704,1,17.237857818603516,14091.57
2023-06-22 00:00:00+00:00,18.55,19.41,11.729075,65.736435,0.8035714,0.5277777777777778,-11.67184941888081,12063.79206187812,0.0,12052.12021245924,0,17.237857818603516,14572.051
2023-06-23 00:00:00+00:00,18.76,18.8,11.762725,65.895065,0.8042857,0.5277777777777778,-11.67184941888081,11684.661519448086,0.0,11672.989670029205,0,17.237857818603516,14114.093
2023-06-26 00:00:00+00:00,18.72,18.06,11.794675,58.035713,0.8257143,0.5277777777777778,-11.67184941888081,11224.733199146724,0.0,11213.061349727843,0,17.237857818603516,13558.538
2023-06-27 00:00:00+00:00,18.27,19.0,11.819175,51.956814,0.86714286,0.5277777777777778,-11.67184941888081,11808.967119150118,0.0,11797.295269731238,0,17.237857818603516,14264.244
2023-06-28 00:00:00+00:00,18.69,19.07,11.847425,57.314148,0.9121429,0.62,-11.67184941888081,11852.473279983637,0.0,11840.801430564756,0,17.237857818603516,14316.796
2023-06-29 00:00:00+00:00,19.03,18.93,11.871625,64.92637,0.8692857,0.5277777777777778,-11.67184941888081,11765.460418226612,0.0,11753.788568807731,0,17.237857818603516,14211.691
2023-06-30 00:00:00+00:00,19.53,19.83,11.892625,60.627674,0.85071427,0.5277777777777778,-11.67184941888081,12324.831887943496,0.0,12313.160038524615,0,17.237857818603516,14887.365
2023-07-03 00:00:00+00:00,19.91,19.96,11.930225,64.155846,0.87714285,0.5277777777777778,-11.67184941888081,12405.629498228023,0.0,12393.957648809142,0,17.277856826782227,14984.962
2023-07-05 00:00:00+00:00,19.68,19.94,11.966875,60.23055,0.835,0.5277777777777778,-11.67184941888081,12393.199627153752,0.0,12381.527777734871,0,17.328571319580078,14969.947
2023-07-06 00:00:00+00:00,19.31,19.46,12.006825,57.427258,0.82928574,0.5277777777777778,-11.67184941888081,12094.86693830835,0.0,12083.19508888947,0,17.435001373291016,14609.586
2023-07-07 00:00:00+00:00,19.45,19.26,12.045525,50.829563,0.83357143,0.62,-11.67184941888081,11970.562547068965,0.0,11958.890697650084,0,17.435001373291016,14459.4375
2023-07-10 00:00:00+00:00,19.21,19.27,12.081775,43.64821,0.79571426,0.62,-11.67184941888081,11976.778568899408,0.0,11965.106719480527,0,17.435001373291016,14466.946
2023-07-11 00:00:00+00:00,19.34,19.56,12.119575,46.70139,0.7728571,0.62,-11.67184941888081,12157.019734071866,0.0,12145.347884652985,0,17.435001373291016,14684.663
2023-07-12 00:00:00+00:00,20.22,20.28,12.161975,49.832775,0.76857144,0.62,-11.67184941888081,12604.518673295828,0.0,12592.846823876947,0,17.435001373291016,15225.204
2023-07-13 00:00:00+00:00,20.8,21.32,12.210075,62.818336,0.76714283,0.5277777777777778,-11.67184941888081,13250.904207757776,0.0,13239.232358338895,0,17.974287033081055,16005.983
2023-07-14 00:00:00+00:00,21.4,21.29,12.265875,65.18283,0.7828571,0.5277777777777778,13200.738796735923,0.0,0.0,13200.738796735923,-1,0.0,15983.461
2023-07-17 00:00:00+00:00,21.39,21.85,12.322435,71.803856,0.7771429,0.5277777777777778,-13.200738796735095,13194.141725872987,0.0,13180.940987076252,1,18.941429138183594,16403.88
2023-07-18 00:00:00+00:00,21.75,22.41,12.381485,84.26763,0.74857146,0.5277777777777778,-13.200738796735095,13532.298104882751,0.0,13519.097366086016,0,19.518571853637695,16824.3
2023-07-19 00:00:00+00:00,22.6,22.34,12.440435,83.1068,0.7607143,0.5277777777777778,-13.200738796735095,13490.028870095146,0.0,13476.82813129841,0,20.16428565979004,16771.748
2023-07-20 00:00:00+00:00,21.81,20.82,12.503545,81.747574,0.75285715,0.5277777777777778,-13.200738796735095,12572.175166860947,0.0,12558.974428064212,0,20.16428565979004,15630.607
2023-07-21 00:00:00+00:00,21.2,20.63,12.56145,64.47167,0.845,0.6666666666666666,-13.200738796735095,12457.44290000138,0.0,12444.242161204646,0,20.16428565979004,15487.964
2023-07-24 00:00:00+00:00,20.77,20.71,12.615355,56.872852,0.825,0.6666666666666666,-13.200738796735095,12505.751346115092,0.0,12492.550607318357,0,20.16428565979004,15548.024
2023-07-25 00:00:00+00:00,20.82,21.16,12.665055,56.499134,0.8414286,0.6666666666666666,-13.200738796735095,12777.484250443253,0.0,12764.283511646518,0,20.16428565979004,15885.862
2023-07-26 00:00:00+00:00,20.92,20.91,12.717105,59.83871,0.8528572,0.62,-13.200738796735095,12626.521173456069,0.0,12613.320434659334,0,20.16428565979004,15698.174
2023-07-27 00:00:00+00:00,21.8,20.74,12.769205,62.144054,0.83357143,0.5277777777777778,-13.200738796735095,12523.86662766853,0.0,12510.665888871796,0,20.16428565979004,15570.547
2023-07-28 00:00:00+00:00,21.36,21.84,12.82652,62.457912,0.895,0.5277777777777778,-13.200738796735095,13188.103000264467,0.0,13174.902261467732,0,20.16428565979004,16396.371
2023-07-31 00:00:00+00:00,21.93,21.91,12.8908,68.27881,0.94857144,0.5277777777777778,-13.200738796735095,13230.37167431207,0.0,13217.170935515334,0,20.16428565979004,16448.922
2023-08-01 00:00:00+00:00,21.65,21.72,12.957195,67.254036,0.93357146,0.5277777777777778,-13.200738796735095,13115.639481861566,0.0,13102.438743064831,0,20.16428565979004,16306.278
2023-08-02 00:00:00+00:00,21.11,20.29,13.02259,61.46497,0.9042857,0.62,-13.200738796735095,12252.133844435386,0.0,12238.93310563865,0,20.16428565979004,15232.708
2023-08-03 00:00:00+00:00,19.87,20.18,13.078025,42.278862,0.9392857,0.6666666666666666,12154.23082116672,0.0,0.0,12154.23082116672,-1,0.0,15150.126
2023-08-04 00:00:00+00:00,20.48,19.88,13.137065,41.77778,0.9307143,0.6666666666666666,-12.154230821166493,12148.156742795323,0.0,12136.002511974157,1,17.36214256286621,14924.9
2023-08-07 00:00:00+00:00,20.18,20.38,13.190375,34.822803,0.95285714,0.6666666666666666,-12.154230821166493,12453.693758919058,0.0,12441.539528097892,0,17.36214256286621,15300.275
2023-08-08 00:00:00+00:00,19.95,19.85,13.245115,34.21462,0.91071427,0.62,-12.154230821166493,12129.825433239448,0.0,12117.671202418282,0,17.521427154541016,14902.38
2023-08-09 00:00:00+00:00,19.88,19.17,13.29779,31.930334,0.9407143,0.62,-12.154230821166493,11714.29479036054,0.0,11702.140559539373,0,17.521427154541016,14391.869
2023-08-10 00:00:00+00:00,19.66,19.27,13.3479,36.363636,0.8792857,0.5277777777777778,-12.154230821166493,11775.40216666557,0.0,11763.247935844403,0,17.521427154541016,14466.943
2023-08-11 00:00:00+00:00,18.84,18.88,13.395135,38.590603,0.9057143,0.5277777777777778,-12.154230821166493,11537.082662065326,0.0,11524.92843124416,0,17.521427154541016,14174.15
2023-08-14 00:00:00+00:00,18.77,19.54,13.438885,35.4067,0.9121429,0.62,-12.154230821166493,11940.39330423655,0.0,11928.239073415383,0,17.521427154541016,14669.647
2023-08-15 00:00:00+00:00,19.35,18.9,13.482835,37.5,0.9257143,0.62,-12.154230821166493,11549.304731197713,0.0,11537.150500376547,0,17.521427154541016,14189.166
2023-08-16 00:00:00+00:00,18.81,18.29,13.527285,35.371178,0.9307143,0.5277777777777778,-12.154230821166493,11176.549989190617,0.0,11164.39575836945,0,17.521427154541016,13731.209
2023-08-17 00:00:00+00:00,18.48,17.68,13.57148,33.242134,0.87285715,0.5277777777777778,-12.154230821166493,10803.7941626696,0.0,10791.639931848433,0,17.521427154541016,13273.251
2023-08-18 00:00:00+00:00,17.16,17.6,13.60813,19.501467,0.8464286,0.6666666666666666,10726.621625996126,0.0,0.0,10726.621625996126,-1,0.0,13213.191
2023-08-21 00:00:00+00:00,17.81,18.46,13.64629,18.448023,0.8657143,0.62,-10.726621625995904,10721.260995498376,0.0,10710.53437387238,1,15.060714721679688,13858.835
2023-08-22 00:00:00+00:00,18.83,18.36,13.690275,28.266666,0.89428574,0.62,-10.726621625995904,10663.183400082433,0.0,10652.456778456437,0,15.862855911254883,13783.76
2023-08-23 00:00:00+00:00,18.52,19.22,13.738705,34.359806,0.81857145,0.5277777777777778,-10.726621625995904,11162.6565729133,0.0,11151.929951287304,0,15.862855911254883,14429.403
2023-08-24 00:00:00+00:00,19.76,17.95,13.79397,43.063583,0.8435714,0.5277777777777778,-10.726621625995904,10425.062447511551,0.0,10414.335825885555,0,16.764286041259766,13475.953
2023-08-25 00:00:00+00:00,18.08,18.38,13.84098,37.76933,0.9007143,0.5277777777777778,-10.726621625995904,10674.7984166917,0.0,10664.071795065704,0,16.764286041259766,13798.774
2023-08-28 00:00:00+00:00,18.82,18.79,13.88876,37.212276,0.93142855,0.5277777777777778,-10.726621625995904,10912.920281359236,0.0,10902.19365973324,0,16.764286041259766,14106.582
2023-08-29 00:00:00+00:00,18.75,20.02,13.937645,43.116882,0.8957143,0.5277777777777778,-10.726621625995904,11627.283581899716,0.0,11616.55696027372,0,16.764286041259766,15030.004
2023-08-30 00:00:00+00:00,20.03,20.34,13.995875,55.151516,0.93285716,0.5277777777777778,11784.688437706885,0.0,0.0,11784.688437706885,-1,0.0,15270.244
2023-08-31 00:00:00+00:00,20.32,20.48,14.046425,56.31641,0.89214283,0.5277777777777778,-11.78468843770679,11778.799038187792,0.0,11767.014349750085,1,17.541427612304688,15375.347
2023-09-01 00:00:00+00:00,20.89,20.42,14.094875,59.73236,0.88,0.5277777777777778,-11.78468843770679,11744.2908378806,0.0,11732.506149442894,0,17.803571701049805,15330.303
2023-09-05 00:00:00+00:00,20.29,20.49,14.144425,55.774277,0.87214285,0.5277777777777778,-11.78468843770679,11784.55005935502,0.0,11772.765370917314,0,17.803571701049805,15382.8545
2023-09-06 00:00:00+00:00,20.36,19.96,14.192175,61.276596,0.85714287,0.5277777777777778,-11.78468843770679,11479.727002507687,0.0,11467.94231406998,0,17.873571395874023,14984.957
2023-09-07 00:00:00+00:00,19.19,19.51,14.239525,61.979916,0.8657143,0.62,-11.78468843770679,11220.916102021603,0.0,11209.131413583897,0,17.873571395874023,14647.12
2023-09-08 00:00:00+00:00,19.49,19.58,14.284975,63.436123,0.86642855,0.62,-11.78468843770679,11261.174975951884,0.0,11249.390287514178,0,17.873571395874023,14699.671
2023-09-11 00:00:00+00:00,20.05,20.25,14.330825,64.55882,0.8535714,0.62,-11.78468843770679,11646.516051866634,0.0,11634.731363428928,0,17.873571395874023,15202.673
2023-09-12 00:00:00+00:00,19.95,19.58,14.381625,63.540092,0.8407143,0.62,-11.78468843770679,11261.174540655295,0.0,11249.389852217588,0,17.873571395874023,14699.67
2023-09-13 00:00:00+00:00,19.6,19.78,14.426975,58.495823,0.85,0.62,-11.78468843770679,11376.202564576615,0.0,11364.417876138908,0,17.873571395874023,14849.821
2023-09-14 00:00:00+00:00,20.07,20.26,14.471775,54.29448,0.82285714,0.62,-11.78468843770679,11652.268397103371,0.0,11640.483708665664,0,17.873571395874023,15210.182
2023-09-15 00:00:00+00:00,20.03,19.19,14.520125,70.15707,0.74142855,0.5277777777777778,-11.78468843770679,11036.87235997336,0.0,11025.087671535653,0,17.873571395874023,14406.88
2023-09-18 00:00:00+00:00,19.07,19.26,14.565375,56.35793,0.75285715,0.62,-11.78468843770679,11077.131394290236,0.0,11065.34670585253,0,17.873571395874023,14459.433
2023-09-19 00:00:00+00:00,19.04,19.12,14.612155,53.897182,0.7442857,0.62,-11.78468843770679,10996.612771427153,0.0,10984.828082989447,0,17.873571395874023,14354.328
2023-09-20 00:00:00+00:00,19.29,18.3,14.651455,40.89069,0.69,0.6666666666666666,-11.78468843770679,10525.000031806116,0.0,10513.215343368409,0,17.873571395874023,13738.712
2023-09-21 00:00:00+00:00,17.72,17.26,14.686455,31.25,0.725,0.6666666666666666,9900.183773618952,0.0,0.0,9900.183773618952,-1,0.0,12957.935
2023-09-22 00:00:00+00:00,17.52,17.26,14.717005,24.605679,0.76785713,0.62,-9.900183773619574,9895.236155541183,0.0,9885.335971767563,1,15.085000038146973,12957.935
2023-09-25 00:00:00+00:00,17.12,17.52,14.750405,24.840765,0.7557143,0.6666666666666666,-9.900183773619574,10044.295644500353,0.0,10034.395460726733,0,15.085000038146973,13153.13
2023-09-26 00:00:00+00:00,17.15,16.73,14.78831,27.047913,0.7557143,0.62,-9.900183773619574,9591.384386194464,0.0,9581.484202420845,0,15.252857208251953,12560.037
2023-09-27 00:00:00+00:00,16.87,16.84,14.82292,26.002972,0.7607143,0.5277777777777778,-9.900183773619574,9654.448770321716,0.0,9644.548586548097,0,15.252857208251953,12642.621
2023-09-28 00:00:00+00:00,16.69,17.24,14.85637,29.10798,0.7507143,0.5277777777777778,-9.900183773619574,9883.770194720339,0.0,9873.870010946719,0,15.252857208251953,12942.92
2023-09-29 00:00:00+00:00,17.73,17.28,14.892825,32.589287,0.7835714,0.5277777777777778,-9.900183773619574,9906.703404028729,0.0,9896.80322025511,0,15.252857208251953,12972.951
2023-10-02 00:00:00+00:00,17.29,17.69,14.927625,25.615763,0.79,0.5277777777777778,-9.900183773619574,10141.75798185867,0.0,10131.85779808505,0,15.252857208251953,13280.758
2023-10-03 00:00:00+00:00,17.34,16.75,14.962875,33.790737,0.7871429,0.5277777777777778,-9.900183773619574,9602.851112130638,0.0,9592.950928357019,0,15.320000648498535,12575.053
2023-10-04 00:00:00+00:00,16.87,17.42,14.994625,26.94064,0.8264286,0.5277777777777778,-9.900183773619574,9986.964790296164,0.0,9977.064606522545,0,15.320000648498535,13078.054
2023-10-05 00:00:00+00:00,17.41,17.24,15.03496,28.994083,0.83357143,0.5277777777777778,-9.900183773619574,9883.770062272388,0.0,9873.869878498768,0,15.320000648498535,12942.92
2023-10-06 00:00:00+00:00,16.81,18.1,15.0758,33.390118,0.8,0.5277777777777778,-9.900183773619574,10376.81284752572,0.0,10366.9126637521,0,15.320000648498535,13588.565
2023-10-09 00:00:00+00:00,17.73,18.38,15.12274,41.29129,0.88357145,0.62,-9.900183773619574,10537.337483984798,0.0,10527.437300211179,0,15.700000762939453,13798.774
2023-10-10 00:00:00+00:00,18.43,18.68,15.17128,44.558823,0.9078571,0.62,-9.900183773619574,10709.329338689084,0.0,10699.429154915464,0,15.729284286499023,14024.0
2023-10-11 00:00:00+00:00,18.91,19.08,15.21946,53.02548,0.88357145,0.62,-9.900183773619574,10938.650425229389,0.0,10928.75024145577,0,15.956428527832031,14324.299
2023-10-12 00:00:00+00:00,19.16,18.85,15.27299,66.13475,0.8428571,0.62,-9.900183773619574,10806.790431256086,0.0,10796.890247482466,0,16.429285049438477,14151.627
2023-10-13 00:00:00+00:00,18.96,18.13,15.32514,63.54344,0.8657143,0.62,-9.900183773619574,10394.010748471946,0.0,10384.110564698327,0,16.429285049438477,13611.087
2023-10-16 00:00:00+00:00,18.35,18.74,15.375485,54.818325,0.9057143,0.5277777777777778,-9.900183773619574,10743.726265238281,0.0,10733.826081464662,0,16.429285049438477,14069.043
2023-10-17 00:00:00+00:00,18.19,18.57,15.430485,66.34146,0.89428574,0.62,-9.900183773619574,10646.264241804958,0.0,10636.364058031339,0,16.429285049438477,13941.416
2023-10-18 00:00:00+00:00,18.17,17.78,15.48182,63.929146,0.9057143,0.62,-9.900183773619574,10193.354246274848,0.0,10183.454062501229,0,16.429285049438477,13348.324
2023-10-19 00:00:00+00:00,18.01,17.31,15.529305,54.090908,0.9028571,0.5277777777777778,-9.900183773619574,9923.900645943115,0.0,9914.000462169495,0,16.429285049438477,12995.472
2023-10-20 00:00:00+00:00,17.21,16.54,15.575335,50.21337,0.9135714,0.62,-9.900183773619574,9482.456896982221,0.0,9472.556713208602,0,16.429285049438477,12417.396
2023-10-23 00:00:00+00:00,16.33,16.68,15.61694,42.219215,0.92285717,0.6666666666666666,9538.47533883523,0.0,0.0,9538.47533883523,-1,0.0,12522.501
2023-10-24 00:00:00+00:00,16.93,17.15,15.6612,49.46889,0.92,0.62,-9.53847533883527,9533.708484592933,0.0,9524.170009254098,1,13.911428451538086,12875.352
2023-10-25 00:00:00+00:00,16.79,15.89,15.70467,47.887325,0.905,0.62,-9.53847533883527,8833.27320683871,0.0,8823.734731499875,0,14.389999389648438,11929.408
2023-10-26 00:00:00+00:00,15.71,14.95,15.740965,40.963856,0.9492857,0.5277777777777778,-9.53847533883527,8310.72577354052,0.0,8301.187298201685,0,14.389999389648438,11223.704
2023-10-27 00:00:00+00:00,15.36,15.18,15.771485,29.139072,0.915,0.6666666666666666,-9.53847533883527,8438.583580870418,0.0,8429.045105531583,0,14.389999389648438,11396.377
2023-10-30 00:00:00+00:00,15.51,15.67,15.80088,28.666666,0.8957143,0.6666666666666666,-9.53847533883527,8710.974755289455,0.0,8701.43627995062,0,14.389999389648438,11764.244
2023-10-31 00:00:00+00:00,15.67,15.9,15.83204,30.429129,0.89214283,0.62,-9.53847533883527,8838.831339688799,0.0,8829.292864349964,0,14.389999389648438,11936.915
2023-11-01 00:00:00+00:00,16.0,16.74,15.863415,28.856382,0.9021429,0.62,-9.53847533883527,9305.788737444489,0.0,9296.250262105654,0,14.389999389648438,12567.545
2023-11-02 00:00:00+00:00,17.35,17.61,15.898755,37.02337,0.9,0.5277777777777778,-9.53847533883527,9789.42393702542,0.0,9779.885461686585,0,14.389999389648438,13220.699
2023-11-03 00:00:00+00:00,17.8,18.25,15.940265,46.859905,0.8857143,0.62,-9.53847533883527,10145.200760475644,0.0,10135.662285136808,0,14.910000801086426,13701.178
2023-11-06 00:00:00+00:00,18.35,18.45,15.98642,47.051746,0.88714284,0.62,-9.53847533883527,10256.381102423977,0.0,10246.842627085141,0,15.592857360839844,13851.328
2023-11-07 00:00:00+00:00,18.6,18.96,16.02978,49.280575,0.8492857,0.6538410322884751,-9.53847533883527,10539.889330922551,0.0,10530.350855583716,0,15.788572311401367,14234.208
2023-11-08 00:00:00+00:00,19.02,19.0,16.07248,57.3201,0.8307143,0.62,-9.53847533883527,10562.126031144884,0.0,10552.587555806049,0,16.412141799926758,14264.239
2023-11-09 00:00:00+00:00,19.08,18.53,16.11573,61.074703,0.79285717,0.62,-9.53847533883527,10300.852603252224,0.0,10291.314127913389,0,16.507856369018555,13911.387
2023-11-10 00:00:00+00:00,18.8,19.78,16.15713,63.574352,0.79214287,0.62,-9.53847533883527,10995.729091833926,0.0,10986.19061649509,0,16.507856369018555,14849.823
2023-11-13 00:00:00+00:00,19.53,19.59,16.20168,68.36493,0.8007143,0.5277777777777778,10864.233717432722,0.0,0.0,10864.233717432722,-1,0.0,14707.181
2023-11-14 00:00:00+00:00,20.61,20.84,16.24378,64.95098,0.795,0.62,-10.864233717433308,10858.804315275085,0.0,10847.940081557652,1,17.187856674194336,15645.617
2023-11-15 00:00:00+00:00,21.17,20.89,16.29558,80.368095,0.7985714,0.5277777777777778,-10.864233717433308,10884.856825494806,0.0,10873.992591777373,0,18.454999923706055,15683.154
2023-11-16 00:00:00+00:00,20.73,20.92,16.34518,90.90909,0.7592857,0.5277777777777778,-10.864233717433308,10900.488724157462,0.0,10889.624490440028,0,18.494285583496094,15705.676
2023-11-17 00:00:00+00:00,20.79,20.93,16.39153,90.65156,0.74142855,0.5277777777777778,-10.864233717433308,10905.69947661888,0.0,10894.835242901447,0,18.64214324951172,15713.184
2023-11-20 00:00:00+00:00,20.93,21.68,16.43168,89.969604,0.72571427,0.5277777777777778,-10.864233717433308,11296.491218726063,0.0,11285.62698500863,0,18.70571517944336,16276.245
2023-11-21 00:00:00+00:00,21.38,21.29,16.47898,90.70422,0.74285716,0.5277777777777778,-10.864233717433308,11093.279539519192,0.0,11082.415305801758,0,19.502857208251953,15983.453
2023-11-22 00:00:00+00:00,21.63,21.53,16.52588,84.210526,0.7278572,0.62,-10.864233717433308,11218.333050945055,0.0,11207.468817227622,0,19.502857208251953,16163.633
2023-11-24 00:00:00+00:00,21.46,21.43,16.57023,82.558136,0.7157143,0.5277777777777778,-10.864233717433308,11166.227349796849,0.0,11155.363116079416,0,19.502857208251953,16088.558
2023-11-27 00:00:00+00:00,21.36,21.37,16.61753,79.014595,0.67785716,0.6666666666666666,-10.864233717433308,11134.964046200948,0.0,11124.099812483515,0,19.502857208251953,16043.513
2023-11-28 00:00:00+00:00,21.24,21.53,16.66623,77.34082,0.6807143,0.6666666666666666,-10.864233717433308,11218.333502355026,0.0,11207.469268637593,0,19.502857208251953,16163.633
2023-11-29 00:00:00+00:00,21.94,21.44,16.71683,75.7515,0.665,0.6666666666666666,-10.864233717433308,11171.438703767039,0.0,11160.574470049605,0,19.502857208251953,16096.066
2023-11-30 00:00:00+00:00,21.47,21.26,16.76428,74.20635,0.68642855,0.6666666666666666,-10.864233717433308,11077.648302118732,0.0,11066.784068401299,0,19.502857208251953,15960.931
2023-12-01 00:00:00+00:00,21.08,21.45,16.80953,78.73684,0.68357146,0.62,-10.864233717433308,11176.649258601803,0.0,11165.78502488437,0,19.502857208251953,16103.574
2023-12-04 00:00:00+00:00,20.8,20.82,16.85433,72.62872,0.645,0.62,-10.864233717433308,10848.383631255161,0.0,10837.519397537728,0,19.502857208251953,15630.602
2023-12-05 00:00:00+00:00,20.56,21.0,16.89963,64.891045,0.695,0.6666666666666666,-10.864233717433308,10942.17370637527,0.0,10931.309472657837,0,19.502857208251953,15765.736
2023-12-06 00:00:00+00:00,21.49,20.63,16.94708,52.61438,0.64357144,0.6666666666666666,-10.864233717433308,10749.382744786004,0.0,10738.51851106857,0,19.502857208251953,15487.958
2023-12-07 00:00:00+00:00,21.09,21.49,16.99678,46.153847,0.6692857,0.6666666666666666,-10.864233717433308,11197.491107810947,0.0,11186.626874093514,0,19.502857208251953,16133.603
2023-12-08 00:00:00+00:00,21.17,21.74,17.05078,56.769596,0.70857143,0.6666666666666666,-10.864233717433308,11327.754622894492,0.0,11316.890389177059,0,19.502857208251953,16321.289
2023-12-11 00:00:00+00:00,21.66,22.3,17.10453,59.101124,0.7228571,0.62,-10.864233717433308,11619.546046981097,0.0,11608.681813263664,0,19.61428451538086,16741.709
2023-12-12 00:00:00+00:00,22.3,22.84,17.16398,57.276997,0.7114286,0.62,-10.864233717433308,11900.917312292506,0.0,11890.053078575073,0,20.131427764892578,17147.115
2023-12-13 00:00:00+00:00,22.99,23.7,17.22493,67.57369,0.7157143,0.6666666666666666,12319.637253357778,0.0,0.0,12319.637253357778,-1,0.0,17792.76
2023-12-14 00:00:00+00:00,23.88,23.59,17.29038,71.57058,0.73142856,0.6666666666666666,-12.31963725335845,12313.480513101227,0.0,12301.160875847869,1,21.552858352661133,17710.176
2023-12-15 00:00:00+00:00,23.77,23.86,17.35668,71.42857,0.7864286,0.6666666666666666,-12.31963725335845,12454.414729007356,0.0,12442.095091753998,0,21.552858352661133,17912.879
2023-12-18 00:00:00+00:00,23.96,24.4,17.42303,73.71429,0.79285717,0.6666666666666666,-12.31963725335845,12736.283078406539,0.0,12723.96344115318,0,21.552858352661133,18318.283
2023-12-19 00:00:00+00:00,24.44,24.75,17.48883,75.48846,0.80857146,0.6666666666666666,-12.31963725335845,12918.976584473527,0.0,12906.656947220168,0,22.021427154541016,18581.047
2023-12-20 00:00:00+00:00,24.57,23.62,17.55623,78.09847,0.7792857,0.5277777777777778,-12.31963725335845,12329.141301017422,0.0,12316.821663764063,0,22.32428550720215,17732.701
2023-12-21 00:00:00+00:00,24.3,24.43,17.62003,67.251465,0.82214284,0.6666666666666666,-12.31963725335845,12751.943758596042,0.0,12739.624121342684,0,22.32428550720215,18340.809
2023-12-22 00:00:00+00:00,24.65,24.54,17.68708,69.97319,0.83214283,0.6666666666666666,-12.31963725335845,12809.361350132795,0.0,12797.041712879436,0,22.32428550720215,18423.39
2023-12-26 00:00:00+00:00,24.67,24.96,17.75768,76.801155,0.79142857,0.62,-12.31963725335845,13028.592003065743,0.0,13016.272365812385,0,22.32428550720215,18738.705
2023-12-27 00:00:00+00:00,25.03,25.11,17.83255,77.5766,0.7821429,0.62,-12.31963725335845,13106.889905250535,0.0,13094.570267997176,0,22.585712432861328,18851.318
2023-12-28 00:00:00+00:00,25.28,25.03,17.90705,82.18391,0.73714286,0.5277777777777778,-12.31963725335845,13065.131518208522,0.0,13052.811880955163,0,22.763572692871094,18791.258
2023-12-29 00:00:00+00:00,25.02,24.7,17.97765,78.64078,0.69285715,0.5277777777777778,-12.31963725335845,12892.87834455691,0.0,12880.558707303551,0,22.818572998046875,18543.51
2024-01-02 00:00:00+00:00,24.04,23.44,18.0458,73.64217,0.6992857,0.6666666666666666,-12.31963725335845,12235.184792291608,0.0,12222.86515503825,0,22.818572998046875,17597.566
2024-01-03 00:00:00+00:00,22.98,22.66,18.10325,58.189655,0.76928574,0.6666666666666666,-12.31963725335845,11828.040686133942,0.0,11815.721048880583,0,22.818572998046875,17011.98
2024-01-04 00:00:00+00:00,22.34,22.3,18.1577,48.75,0.77428573,0.6666666666666666,11610.347809601424,0.0,0.0,11610.347809601424,-1,0.0,16741.709
2024-01-05 00:00:00+00:00,22.34,22.38,18.20975,39.55224,0.7492857,0.6666666666666666,-11.61034780960108,11604.545536833008,0.0,11592.935189023407,1,19.977142333984375,16801.768
2024-01-08 00:00:00+00:00,22.6,23.78,18.25975,40.929535,0.725,0.6666666666666666,-11.61034780960108,12330.478433241075,0.0,12318.868085431473,0,20.13214111328125,17852.818
2024-01-09 00:00:00+00:00,23.23,23.91,18.3193,49.48718,0.7878571,0.62,-11.61034780960108,12397.88545476259,0.0,12386.27510695299,0,21.604999542236328,17950.414
2024-01-10 00:00:00+00:00,23.96,24.38,18.37725,46.684708,0.80142856,0.5277777777777778,-11.61034780960108,12641.590885039352,0.0,12629.98053722975,0,21.604999542236328,18303.266
2024-01-11 00:00:00+00:00,24.62,24.5,18.43695,47.536617,0.83,0.5277777777777778,12673.148641528505,0.0,0.0,12673.148641528505,-1,0.0,18393.357
2024-01-12 00:00:00+00:00,24.68,24.53,18.49875,56.76923,0.8214286,0.62,-12.673148641528314,12666.81523391155,0.0,12654.142085270021,1,22.010000228881836,18415.88
2024-01-16 00:00:00+00:00,24.3,24.51,18.5615,50.874126,0.7985714,0.62,-12.673148641528314,12656.487574925417,0.0,12643.814426283889,0,22.065715789794922,18400.865
2024-01-17 00:00:00+00:00,23.92,24.09,18.62085,49.73357,0.80785716,0.62,-12.673148641528314,12439.607794281806,0.0,12426.934645640278,0,22.114286422729492,18085.55
2024-01-18 00:00:00+00:00,24.7,25.11,18.67645,42.273533,0.8528572,0.62,-12.673148641528314,12966.316117617953,0.0,12953.642968976425,0,22.114286422729492,18851.314
2024-01-19 00:00:00+00:00,25.5,26.59,18.73395,50.0,0.9092857,0.62,-12.673148641528314,13730.559205152123,0.0,13717.886056510595,0,22.551429748535156,19962.424
2024-01-22 00:00:00+00:00,26.98,26.66,18.7993,59.873417,0.9907143,0.5277777777777778,13733.381679005981,0.0,0.0,13733.381679005981,-1,0.0,20014.975
2024-01-23 00:00:00+00:00,26.79,26.98,18.86575,62.827225,0.98571426,0.5277777777777778,-13.733381679005106,13726.518419796084,0.0,13712.78503811708,1,23.687856674194336,20255.213
2024-01-24 00:00:00+00:00,27.74,27.44,18.9359,76.41791,0.9064286,0.5277777777777778,-13.733381679005106,13960.551032114421,0.0,13946.817650435416,0,24.022857666015625,20600.557
2024-01-25 00:00:00+00:00,27.9,27.5,19.00705,87.460815,0.935,0.5277777777777778,-13.733381679005106,13991.076290540019,0.0,13977.342908861014,0,24.720714569091797,20645.602
2024-01-26 00:00:00+00:00,27.1,26.99,19.0787,92.76316,0.9607143,0.5277777777777778,-13.733381679005106,13731.6055018159,0.0,13717.872120136895,0,24.720714569091797,20262.72
2024-01-29 00:00:00+00:00,27.1,27.82,19.149,85.40707,0.95428574,0.5277777777777778,-13.733381679005106,14153.882333453812,0.0,14140.148951774807,0,24.720714569091797,20885.844
2024-01-30 00:00:00+00:00,27.62,27.25,19.22525,84.00674,0.9142857,0.5277777777777778,-13.733381679005106,13863.885445019198,0.0,13850.152063340192,0,24.957141876220703,20457.916
2024-01-31 00:00:00+00:00,26.34,25.66,19.2949,76.17555,0.905,0.6666666666666666,-13.733381679005106,13054.946366514054,0.0,13041.212984835049,0,24.957141876220703,19264.225
2024-02-01 00:00:00+00:00,25.95,26.54,19.35705,58.533333,0.9671429,0.6666666666666666,-13.733381679005106,13502.660598780507,0.0,13488.927217101502,0,24.957141876220703,19924.885
2024-02-02 00:00:00+00:00,26.88,27.89,19.4235,62.348667,0.9457143,0.6666666666666666,-13.733381679005106,14189.495086397481,0.0,14175.761704718476,0,24.957141876220703,20938.395
2024-02-05 00:00:00+00:00,27.85,27.74,19.49665,67.53654,1.0178572,0.62,-13.733381679005106,14113.180486845577,0.0,14099.447105166571,0,25.0528564453125,20825.781
2024-02-06 00:00:00+00:00,27.96,27.58,19.56915,66.63234,1.0271429,0.5277777777777778,-13.733381679005106,14031.778170194764,0.0,14018.04478851576,0,25.0528564453125,20705.662
2024-02-07 00:00:00+00:00,28.11,28.4,19.64245,68.46561,1.0121429,0.5277777777777778,-13.733381679005106,14448.9658249396,0.0,14435.232443260595,0,25.0528564453125,21321.275
2024-02-08 00:00:00+00:00,28.43,28.54,19.71965,67.78378,1.0057143,0.5277777777777778,-13.733381679005106,14520.194339105326,0.0,14506.460957426321,0,25.363571166992188,21426.383
2024-02-09 00:00:00+00:00,28.76,29.36,19.79805,62.326168,0.9285714,0.62,-13.733381679005106,14937.38253042652,0.0,14923.649148747514,0,25.522857666015625,22041.996
2024-02-12 00:00:00+00:00,29.31,29.03,19.8842,65.58891,0.95,0.62,14733.602213656426,0.0,0.0,14733.602213656426,-1,0.0,21794.248
2024-02-13 00:00:00+00:00,27.33,27.64,19.9676,61.822376,0.9728571,0.62,-14.733602213656923,14726.239094109373,0.0,14711.505491895716,1,26.18000030517578,20750.707
2024-02-14 00:00:00+00:00,28.16,28.57,20.03905,51.041668,1.0314286,0.5277777777777778,-14.733602213656923,15221.731994785083,0.0,15206.998392571426,0,26.18000030517578,21448.902
2024-02-15 00:00:00+00:00,28.67,28.74,20.1138,55.109837,1.0321429,0.62,-14.733602213656923,15312.306349018789,0.0,15297.572746805132,0,26.18000030517578,21576.531
2024-02-16 00:00:00+00:00,28.83,27.94,20.18965,58.63771,1.0392857,0.5277777777777778,-14.733602213656923,14886.077173759326,0.0,14871.343571545669,0,26.18000030517578,20975.934
2024-02-20 00:00:00+00:00,27.53,27.32,20.2634,50.59406,1.0492858,0.5277777777777778,-14.733602213656923,14555.748398393524,0.0,14541.014796179867,0,26.18000030517578,20510.469
2024-02-21 00:00:00+00:00,26.68,26.98,20.33525,50.344826,1.0935714,0.62,-14.733602213656923,14374.600767517568,0.0,14359.867165303911,0,26.18000030517578,20255.213
2024-02-22 00:00:00+00:00,28.69,29.32,20.40625,57.41573,1.0557142,0.62,-14.733602213656923,15621.323649026508,0.0,15606.590046812851,0,26.18000030517578,22011.967
2024-02-23 00:00:00+00:00,29.64,29.04,20.48485,63.41699,1.1685715,0.5277777777777778,-14.733602213656923,15472.144116951597,0.0,15457.41051473794,0,26.18000030517578,21801.758
2024-02-26 00:00:00+00:00,29.21,29.0,20.56155,56.18945,1.1264286,0.5277777777777778,-14.733602213656923,15450.831805627551,0.0,15436.098203413894,0,26.18000030517578,21771.727
2024-02-27 00:00:00+00:00,29.19,29.23,20.6394,56.862743,1.095,0.62,-14.733602213656923,15573.372260495438,0.0,15558.638658281781,0,26.18000030517578,21944.398
2024-02-28 00:00:00+00:00,28.75,28.71,20.71625,58.91892,1.0664285,0.62,-14.733602213656923,15296.322592356157,0.0,15281.5889901425,0,26.18000030517578,21554.01
2024-02-29 00:00:00+00:00,29.26,29.48,20.7899,51.731842,1.045,0.62,-14.733602213656923,15706.569113527903,0.0,15691.835511314246,0,26.18000030517578,22132.086
2024-03-01 00:00:00+00:00,29.59,30.75,20.8681,54.906055,1.0864285,0.5277777777777778,-14.733602213656923,16383.209547719718,0.0,16368.475945506061,0,26.344999313354492,23085.54
2024-03-04 00:00:00+00:00,30.75,30.39,20.95155,56.92921,1.1214286,0.62,16152.38461506942,0.0,0.0,16152.38461506942,-1,0.0,22815.268
2024-03-05 00:00:00+00:00,29.76,28.75,21.033,56.759445,1.0907143,0.5277777777777778,-16.152384615068513,16144.312458840002,0.0,16128.160074224934,1,27.025712966918945,21584.041
2024-03-06 00:00:00+00:00,29.6,29.28,21.10365,55.38312,1.0971428,0.5277777777777778,-16.152384615068513,16441.92903208552,0.0,16425.776647470455,0,27.025712966918945,21981.938
2024-03-07 00:00:00+00:00,29.98,30.65,21.173,53.58224,1.1114286,0.62,-16.152384615068513,17211.23911346786,0.0,17195.086728852788,0,27.025712966918945,23010.46
2024-03-08 00:00:00+00:00,30.63,29.25,21.24975,58.59586,1.1714286,0.62,-16.152384615068513,16425.081237003662,0.0,16408.92885238859,0,27.31571388244629,21959.412
2024-03-11 00:00:00+00:00,28.89,28.9,21.31875,55.59351,1.2485714,0.5277777777777778,-16.152384615068513,16228.541815113153,0.0,16212.389430498084,0,27.31571388244629,21696.65
2024-03-12 00:00:00+00:00,29.41,30.15,21.389,56.905594,1.2035714,0.62,-16.152384615068513,16930.46823702197,0.0,16914.3158524069,0,27.31571388244629,22635.088
2024-03-13 00:00:00+00:00,29.89,29.43,21.46665,62.834007,1.2321428,0.62,-16.152384615068513,16526.158481508133,0.0,16510.006096893063,0,27.31571388244629,22094.547
2024-03-14 00:00:00+00:00,29.65,29.19,21.53545,50.51258,1.1164286,0.62,-16.152384615068513,16391.388837667077,0.0,16375.236453052008,0,27.31571388244629,21914.367
2024-03-15 00:00:00+00:00,28.56,28.15,21.5971,50.70159,1.1257143,0.62,-16.152384615068513,15807.385348785758,0.0,15791.23296417069,0,27.31571388244629,21133.588
2024-03-18 00:00:00+00:00,29.17,28.92,21.65245,46.364414,1.185,0.6666666666666666,-16.152384615068513,16239.773061665139,0.0,16223.62067705007,0,27.31571388244629,21711.666
2024-03-19 00:00:00+00:00,28.52,29.11,21.71335,48.732624,1.2492857,0.62,-16.152384615068513,16346.466135530849,0.0,16330.31375091578,0,27.31571388244629,21854.31
2024-03-20 00:00:00+00:00,29.4,30.18,21.77215,51.68067,1.2771429,0.62,-16.152384615068513,16947.315014712676,0.0,16931.162630097606,0,27.31571388244629,22657.611
2024-03-21 00:00:00+00:00,31.17,30.54,21.83445,52.86885,1.2921429,0.5277777777777778,-16.152384615068513,17149.470030457505,0.0,17133.317645842435,0,27.31571388244629,22927.88
2024-03-22 00:00:00+00:00,30.44,30.63,21.8983,49.069973,1.2642857,0.5277777777777778,-16.152384615068513,17200.007008601307,0.0,17183.85462398624,0,27.31571388244629,22995.445
2024-03-25 00:00:00+00:00,30.02,30.33,21.96255,51.08893,1.2742857,0.5365853658536586,-16.152384615068513,17031.545068809843,0.0,17015.392684194776,0,27.31571388244629,22770.22
2024-03-26 00:00:00+00:00,30.57,30.01,22.03,58.161156,1.1785715,0.5606060606060606,-16.152384615068513,16851.85173991487,0.0,16835.699355299803,0,27.31571388244629,22529.98
2024-03-27 00:00:00+00:00,30.59,30.28,22.09285,53.854275,1.1535715,0.5606060606060606,-16.152384615068513,17003.467234942753,0.0,16987.314850327683,0,27.31571388244629,22732.682
2024-03-28 00:00:00+00:00,30.26,30.09,22.156,47.789726,1.1085714,0.5606060606060606,-16.152384615068513,16896.77456279595,0.0,16880.622178180878,0,27.31571388244629,22590.041
2024-04-01 00:00:00+00:00,30.27,30.29,22.21375,55.86592,0.98785716,0.5606060606060606,-16.152384615068513,17009.08323895507,0.0,16992.930854340004,0,27.31571388244629,22740.193
2024-04-02 00:00:00+00:00,29.26,29.48,22.27035,59.91441,1.0,0.5606060606060606,-16.152384615068513,16554.233746281556,0.0,16538.08136166649,0,27.32642936706543,22132.084
2024-04-03 00:00:00+00:00,29.07,29.66,22.321,44.901066,0.9957143,0.5714285714285714,-16.152384615068513,16655.312238980765,0.0,16639.159854365695,0,27.32642936706543,22267.22
2024-04-04 00:00:00+00:00,30.49,28.25,22.3691,51.90713,1.0,0.5606060606060606,-16.152384615068513,15863.539392292769,0.0,15847.3870076777,0,27.32642936706543,21208.662
2024-04-05 00:00:00+00:00,28.51,29.28,22.4121,43.47222,1.0914285,0.5606060606060606,-16.152384615068513,16441.926595882775,0.0,16425.774211267708,0,27.32642936706543,21981.934
2024-04-08 00:00:00+00:00,29.44,29.27,22.4606,57.858135,1.1092857,0.5365853658536586,-16.152384615068513,16436.311108820177,0.0,16420.15872420511,0,27.32642936706543,21974.426
2024-04-09 00:00:00+00:00,29.73,29.59,22.5131,52.72162,1.0478572,0.5714285714285714,-16.152384615068513,16616.004103389703,0.0,16599.851718774633,0,27.32642936706543,22214.666
2024-04-10 00:00:00+00:00,28.5,28.77,22.564,53.658535,1.0507143,0.5606060606060606,-16.152384615068513,16155.540615061658,0.0,16139.38823044659,0,27.32642936706543,21599.053
2024-04-11 00:00:00+00:00,29.13,30.17,22.61385,38.82726,1.0514286,0.7851953499331833,-16.152384615068513,16941.698754382418,0.0,16925.546369767348,0,27.32642936706543,22650.102
2024-04-12 00:00:00+00:00,29.27,28.71,22.6744,47.482994,1.0921428,0.5714285714285714,-16.152384615068513,16121.848026860385,0.0,16105.695642245317,0,27.32642936706543,21554.008
2024-04-15 00:00:00+00:00,29.42,27.26,22.72295,38.990826,1.1735715,0.5606060606060606,-16.152384615068513,15307.614374856163,0.0,15291.461990241094,0,27.32642936706543,20465.422
2024-04-16 00:00:00+00:00,27.21,27.28,22.7639,34.447823,1.2842857,0.5606060606060606,15279.7154256524,0.0,0.0,15279.7154256524,-1,0.0,20480.438
2024-04-17 00:00:00+00:00,27.63,26.26,22.80565,35.736675,1.28,0.5365853658536586,-15.279715425653194,15272.079385959421,0.0,15256.799670533768,1,23.427143096923828,19714.672
2024-04-18 00:00:00+00:00,26.34,25.78,22.8378,30.523256,1.325,0.5606060606060606,-15.279715425653194,14992.925353670951,0.0,14977.645638245298,0,23.427143096923828,19354.314
2024-04-19 00:00:00+00:00,25.54,24.18,22.8669,29.688972,1.3657143,0.5606060606060606,-15.279715425653194,14062.409916000204,0.0,14047.130200574551,0,23.427143096923828,18153.115
2024-04-22 00:00:00+00:00,24.66,24.9,22.8881,24.562864,1.4371428,0.5606060606060606,-15.279715425653194,14481.141970337243,0.0,14465.86225491159,0,23.427143096923828,18693.654
2024-04-23 00:00:00+00:00,25.25,26.03,22.9153,30.788591,1.4242858,0.5365853658536586,-15.279715425653194,15138.31858109361,0.0,15123.038865667957,0,23.427143096923828,19542.002
2024-04-24 00:00:00+00:00,26.59,26.27,22.94915,35.897434,1.4485714,0.5606060606060606,-15.279715425653194,15277.895744829966,0.0,15262.616029404313,0,23.427143096923828,19722.182
2024-04-25 00:00:00+00:00,24.86,25.83,22.98415,41.53846,1.3492857,0.5606060606060606,-15.279715425653194,15022.004075086894,0.0,15006.72435966124,0,23.427143096923828,19391.852
2024-04-26 00:00:00+00:00,26.43,27.04,23.0155,34.473446,1.3535714,0.5365853658536586,-15.279715425653194,15725.707453210936,0.0,15710.427737785283,0,23.427143096923828,20300.26
2024-04-29 00:00:00+00:00,27.42,27.35,23.0493,40.94232,1.415,0.5606060606060606,-15.279715425653194,15905.994458096937,0.0,15890.714742671284,0,23.427143096923828,20532.992
2024-04-30 00:00:00+00:00,27.06,25.78,23.07945,40.89431,1.385,0.5606060606060606,-15.279715425653194,14992.927043532474,0.0,14977.647328106821,0,23.427143096923828,19354.316
2024-05-01 00:00:00+00:00,25.48,25.24,23.1019,38.54406,1.4107143,0.5606060606060606,-15.279715425653194,14678.877656950914,0.0,14663.59794152526,0,23.427143096923828,18948.91
2024-05-02 00:00:00+00:00,25.87,26.16,23.11885,29.778507,1.4128572,0.5606060606060606,-15.279715425653194,15213.92316471306,0.0,15198.643449287407,0,23.427143096923828,19639.598
2024-05-03 00:00:00+00:00,27.51,27.72,23.1376,39.055794,1.3792857,0.5365853658536586,-15.279715425653194,16121.175297137144,0.0,16105.895581711491,0,23.427143096923828,20810.766
2024-05-06 00:00:00+00:00,28.07,28.63,23.1645,51.955784,1.3364285,0.5606060606060606,-15.279715425653194,16650.406575798253,0.0,16635.1268603726,0,23.582141876220703,21493.95
2024-05-07 00:00:00+00:00,28.71,28.63,23.20355,55.335968,1.3471428,0.5365853658536586,-15.279715425653194,16650.406575798253,0.0,16635.1268603726,0,24.62071418762207,21493.95
2024-05-08 00:00:00+00:00,28.11,28.59,23.24355,60.189167,1.2685714,0.5365853658536586,-15.279715425653194,16627.144737855047,0.0,16611.865022429396,0,24.62071418762207,21463.922
2024-05-09 00:00:00+00:00,28.6,28.72,23.28295,62.555855,1.2521429,0.5365853658536586,-15.279715425653194,16702.748363836377,0.0,16687.468648410722,0,24.784286499023438,21561.518
2024-05-10 00:00:00+00:00,29.02,28.92,23.32075,73.35391,1.1592857,0.5606060606060606,-15.279715425653194,16819.063782457706,0.0,16803.78406703205,0,24.96356964111328,21711.67
2024-05-13 00:00:00+00:00,29.3,29.13,23.3608,71.847824,1.1214286,0.5365853658536586,-15.279715425653194,16941.19365575502,0.0,16925.913940329367,0,25.442142486572266,21869.326
2024-05-14 00:00:00+00:00,29.02,29.68,23.40275,68.71981,1.0614285,0.5606060606060606,-15.279715425653194,17261.059711859532,0.0,17245.779996433877,0,25.76571273803711,22282.24
2024-05-15 00:00:00+00:00,30.16,31.02,23.44195,69.84866,1.0464286,0.5606060606060606,-15.279715425653194,18040.36641038833,0.0,18025.08669496268,0,26.49571418762207,23288.246
2024-05-16 00:00:00+00:00,30.97,30.8,23.4875,77.344574,1.0335715,0.5365853658536586,17870.271502517106,0.0,0.0,17870.271502517106,-1,0.0,23123.078
2024-05-17 00:00:00+00:00,30.84,30.78,23.5329,72.117645,0.97,0.5606060606060606,17870.271502517106,0.0,0.0,17870.271502517106,0,0.0,23108.062
2024-05-20 00:00:00+00:00,30.82,31.38,23.58535,70.88916,0.96428573,0.5606060606060606,-17.870271502517426,17861.340832101057,0.0,17843.47056059854,1,27.8700008392334,23558.512
2024-05-21 00:00:00+00:00,31.01,31.58,23.64135,88.674034,0.9064286,0.5365853658536586,-17.870271502517426,17975.180528459296,0.0,17957.310256956778,0,28.48714256286621,23708.662
2024-05-22 00:00:00+00:00,31.62,31.53,23.69985,95.94203,0.83285713,0.5365853658536586,-17.870271502517426,17946.72081736197,0.0,17928.85054585945,0,28.860713958740234,23671.127
2024-05-23 00:00:00+00:00,32.51,31.1,23.7556,94.52737,0.79642856,0.5365853658536586,-17.870271502517426,17701.966296908962,0.0,17684.096025406445,0,29.031429290771484,23348.303
2024-05-24 00:00:00+00:00,31.32,31.95,23.81185,84.4898,0.80214286,0.5365853658536586,-17.870271502517426,18185.782862763346,0.0,18167.91259126083,0,29.031429290771484,23986.44
2024-05-28 00:00:00+00:00,32.18,32.3,23.87575,84.29752,0.8157143,0.5365853658536586,-17.870271502517426,18385.001175311838,0.0,18367.13090380932,0,29.54357147216797,24249.201
2024-05-29 00:00:00+00:00,31.42,31.59,23.9409,85.35645,0.8264286,0.5365853658536586,-17.870271502517426,17980.872777105622,0.0,17963.002505603105,0,29.852855682373047,23716.168
2024-05-30 00:00:00+00:00,31.34,30.59,24.00445,75.59727,0.8364286,0.5606060606060606,-17.870271502517426,17411.67728806791,0.0,17393.80701656539,0,29.852855682373047,22965.42
2024-05-31 00:00:00+00:00,30.6,30.55,24.0597,63.893017,0.8864286,0.5714285714285714,-17.870271502517426,17388.90862442175,0.0,17371.038352919233,0,29.852855682373047,22935.389
2024-06-03 00:00:00+00:00,31.19,30.84,24.11795,62.40487,0.97,0.5714285714285714,-17.870271502517426,17553.975199682234,0.0,17536.104928179717,0,29.852855682373047,23153.105
2024-06-04 00:00:00+00:00,30.81,31.1,24.1807,62.857143,1.0457143,0.5714285714285714,-17.870271502517426,17701.965745920268,0.0,17684.09547441775,0,29.852855682373047,23348.3
2024-06-05 00:00:00+00:00,31.84,32.98,24.2478,61.16352,1.055,0.5606060606060606,-17.870271502517426,18772.050939319484,0.0,18754.180667816967,0,29.852855682373047,24759.707
2024-06-06 00:00:00+00:00,33.05,32.94,24.3247,64.202896,1.0885714,0.5606060606060606,-17.870271502517426,18749.28241416226,0.0,18731.41214265974,0,29.852855682373047,24729.676
2024-06-07 00:00:00+00:00,32.81,32.77,24.3971,65.92262,1.08,0.5606060606060606,-17.870271502517426,18652.519839380468,0.0,18634.64956787795,0,29.852855682373047,24602.05
2024-06-10 00:00:00+00:00,32.56,33.19,24.46915,64.48326,1.09,0.5606060606060606,-17.870271502517426,18891.58076170409,0.0,18873.71049020157,0,29.852855682373047,24917.363
2024-06-11 00:00:00+00:00,32.9,33.88,24.539,63.527653,1.09,0.5606060606060606,-17.870271502517426,19284.327356483267,0.0,19266.45708498075,0,29.919998168945312,25435.383
2024-06-12 00:00:00+00:00,34.72,35.2,24.61865,66.016716,1.1364286,0.5606060606060606,19987.741285571345,0.0,0.0,19987.741285571345,-1,0.0,26426.373
2024-06-13 00:00:00+00:00,35.99,35.73,24.70275,71.71597,1.2092857,0.5365853658536586,-19.987741285571246,19977.75240936666,0.0,19957.76466808109,1,31.790714263916016,26824.268
2024-06-14 00:00:00+00:00,35.67,36.23,24.78745,77.07603,1.1435714,0.5365853658536586,-19.987741285571246,20257.318265535305,0.0,20237.330524249734,0,32.102142333984375,27199.643
2024-06-17 00:00:00+00:00,36.31,37.56,24.8685,76.097565,1.1114286,0.5365853658536586,-19.987741285571246,21000.962487947447,0.0,20980.974746661876,0,32.799285888671875,28198.14
2024-06-18 00:00:00+00:00,37.55,37.59,24.9546,78.64924,1.2078571,0.5365853658536586,-19.987741285571246,21017.73600372852,0.0,20997.74826244295,0,34.22571563720703,28220.66
2024-06-20 00:00:00+00:00,37.91,36.71,25.04015,85.29412,1.1842858,0.5365853658536586,-19.987741285571246,20525.70031401502,0.0,20505.712572729448,0,34.22571563720703,27560.0
2024-06-21 00:00:00+00:00,36.55,36.42,25.1216,86.51551,1.2107143,0.5365853658536586,-19.987741285571246,20363.552183072537,0.0,20343.564441786966,0,34.22571563720703,27342.283
2024-06-24 00:00:00+00:00,36.08,35.13,25.20125,84.00927,1.1357143,0.5365853658536586,-19.987741285571246,19642.275153484396,0.0,19622.287412198824,0,34.22571563720703,26373.82
2024-06-25 00:00:00+00:00,35.56,36.32,25.2771,72.27415,1.125,0.5606060606060606,-19.987741285571246,20307.640608729016,0.0,20287.652867443445,0,34.22571563720703,27267.21
2024-06-26 00:00:00+00:00,36.1,36.53,25.36115,74.71591,1.1492857,0.5365853658536586,-19.987741285571246,20425.057131804664,0.0,20405.069390519093,0,34.22571563720703,27424.867
2024-06-27 00:00:00+00:00,36.55,36.81,25.4459,69.966255,1.0578572,0.5365853658536586,-19.987741285571246,20581.61597309489,0.0,20561.628231809318,0,34.22571563720703,27635.08
2024-06-28 00:00:00+00:00,36.91,36.12,25.5287,71.19386,1.0828571,0.5365853658536586,-19.987741285571246,20195.81470283964,0.0,20175.82696155407,0,34.22571563720703,27117.062
2024-07-01 00:00:00+00:00,36.35,36.81,25.6114,67.35751,1.1685715,0.5365853658536586,-19.987741285571246,20581.61636558281,0.0,20561.62862429724,0,34.22571563720703,27635.08
2024-07-02 00:00:00+00:00,36.47,37.94,25.69655,68.245964,1.2128571,0.5365853658536586,-19.987741285571246,21213.43208003349,0.0,21193.44433874792,0,34.22571563720703,28483.424
2024-07-03 00:00:00+00:00,37.85,38.84,25.78495,69.5946,1.2292857,0.5365853658536586,-19.987741285571246,21716.650644599868,0.0,21696.662903314296,0,34.30142593383789,29159.1
2024-07-05 00:00:00+00:00,39.1,40.06,25.8832,68.30986,1.1764286,0.5365853658536586,22345.204965386463,0.0,0.0,22345.204965386463,-1,0.0,30075.014
2024-07-08 00:00:00+00:00,40.11,40.31,25.9872,70.36689,1.2071428,0.5365853658536586,-22.345204965386074,22334.037946413257,0.0,22311.69274144787,1,36.53071594238281,30262.7
2024-07-09 00:00:00+00:00,40.72,40.43,26.09315,69.65318,1.1971428,0.5365853658536586,-22.345204965386074,22400.52401842876,0.0,22378.178813463375,0,36.68857192993164,30352.787
2024-07-10 00:00:00+00:00,40.9,41.69,26.2038,65.64886,1.1192857,0.5365853658536586,-22.345204965386074,23098.633763709244,0.0,23076.288558743858,0,36.83857345581055,31298.729
2024-07-11 00:00:00+00:00,41.73,38.95,26.32595,69.71154,1.1771429,0.5365853658536586,-22.345204965386074,21580.51945808263,0.0,21558.174253117242,0,38.3321418762207,29241.68
2024-07-12 00:00:00+00:00,38.98,39.57,26.4344,59.1354,1.2807143,0.5365853658536586,-22.345204965386074,21924.033376267726,0.0,21901.68817130234,0,38.3321418762207,29707.14
2024-07-15 00:00:00+00:00,40.02,39.8,26.54465,62.50993,1.3464285,0.5365853658536586,-22.345204965386074,22051.467384793745,0.0,22029.12217982836,0,38.3321418762207,29879.816
2024-07-16 00:00:00+00:00,40.23,39.85,26.66,70.25152,1.3671429,0.5365853658536586,-22.345204965386074,22079.169044389826,0.0,22056.82383942444,0,38.3321418762207,29917.352
2024-07-17 00:00:00+00:00,37.94,36.39,26.77505,66.98749,1.3671429,0.5365853658536586,20109.544652792585,0.0,0.0,20109.544652792585,-1,0.0,27319.764
2024-07-18 00:00:00+00:00,37.2,35.86,26.8708,49.486805,1.5721428,0.5365853658536586,-20.109544652794284,20099.494905339918,0.0,20079.385360687123,1,32.288570404052734,26921.865
2024-07-19 00:00:00+00:00,35.7,34.85,26.9637,46.580273,1.6635715,0.5365853658536586,-20.109544652794284,19533.38938305869,0.0,19513.279838405895,0,32.288570404052734,26163.607
2024-07-22 00:00:00+00:00,35.95,36.41,27.0495,45.531315,1.6464286,0.5606060606060606,-20.109544652794284,20407.76887249452,0.0,20387.659327841724,0,32.288570404052734,27334.775
2024-07-23 00:00:00+00:00,36.19,36.0,27.1478,48.67374,1.6735715,0.5365853658536586,-20.109544652794284,20177.96456462071,0.0,20157.855019967916,0,32.288570404052734,27026.969
2024-07-24 00:00:00+00:00,34.42,32.06,27.2407,43.245125,1.6314286,0.5365853658536586,-20.109544652794284,17969.599747087886,0.0,17949.490202435092,0,32.288570404052734,24069.018
2024-07-25 00:00:00+00:00,32.16,31.04,27.3148,30.51724,1.8478571,0.5365853658536586,17351.68426015961,0.0,0.0,17351.68426015961,-1,0.0,23303.254
2024-07-26 00:00:00+00:00,31.83,31.96,27.3795,23.77907,1.935,0.5606060606060606,-17.351684260160255,17343.01275378272,0.0,17325.66106952256,1,25.496429443359375,23993.943
2024-07-29 00:00:00+00:00,32.48,32.14,27.4474,26.636822,2.005,0.5365853658536586,-17.351684260160255,17440.68934536412,0.0,17423.33766110396,0,26.154998779296875,24129.078
2024-07-30 00:00:00+00:00,32.53,30.78,27.5147,26.88232,2.035,0.5365853658536586,-17.351684260160255,16702.68958524256,0.0,16685.3379009824,0,26.154998779296875,23108.06
2024-07-31 00:00:00+00:00,32.92,33.5,27.5732,19.74487,2.12,0.5606060606060606,-17.351684260160255,18178.689759611563,0.0,18161.338075351403,0,26.154998779296875,25150.096
2024-08-01 00:00:00+00:00,33.65,31.1,27.64645,34.86952,2.1178572,0.5365853658536586,-17.351684260160255,16876.33565291322,0.0,16858.98396865306,0,27.139999389648438,23348.299
2024-08-02 00:00:00+00:00,29.26,28.81,27.7113,28.600304,2.29,0.5365853658536586,-17.351684260160255,15633.672126744092,0.0,15616.320442483931,0,27.139999389648438,21629.08
2024-08-05 00:00:00+00:00,24.05,26.3,27.76165,24.85126,2.395,0.5365853658536586,14232.867471782856,0.0,0.0,14232.867471782856,-1,0.0,19744.7
2024-08-06 00:00:00+00:00,26.61,26.97,27.8003,22.13081,2.6478572,0.5606060606060606,-14.23286747178281,14225.754594485614,0.0,14211.521727013831,1,22.70749855041504,20247.703
2024-08-07 00:00:00+00:00,28.26,26.13,27.84625,28.113382,2.5592856,0.5365853658536586,-14.23286747178281,13782.682777323105,0.0,13768.449909851322,0,22.998212814331055,19617.072
2024-08-08 00:00:00+00:00,27.22,28.49,27.89035,27.714155,2.6021428,0.5365853658536586,-14.23286747178281,15027.503345814453,0.0,15013.27047834267,0,22.998212814331055,21388.84
2024-08-09 00:00:00+00:00,28.19,28.95,27.9501,36.281277,2.6571429,0.5365853658536586,-14.23286747178281,15270.138373660211,0.0,15255.905506188428,0,22.998212814331055,21734.186
2024-08-12 00:00:00+00:00,29.06,29.04,28.01145,33.106884,2.6185715,0.5365853658536586,-14.23286747178281,15317.611081724133,0.0,15303.37821425235,0,22.998212814331055,21801.754
2024-08-13 00:00:00+00:00,29.92,31.19,28.0709,34.007355,2.6292858,0.5365853658536586,-14.23286747178281,16451.662116840133,0.0,16437.42924936835,0,22.998212814331055,23415.863
2024-08-14 00:00:00+00:00,31.4,31.26,28.1474,47.82173,2.4971428,0.5365853658536586,-14.23286747178281,16488.585458909965,0.0,16474.352591438183,0,23.302143096923828,23468.418
2024-08-15 00:00:00+00:00,32.52,33.57,28.22895,50.57834,2.4114287,0.5365853658536586,-14.23286747178281,17707.03073306836,0.0,17692.797865596578,0,23.768571853637695,25202.646
2024-08-16 00:00:00+00:00,33.16,33.67,28.3209,53.944145,2.477857,0.5365853658536586,17718.903934629303,0.0,0.0,17718.903934629303,-1,0.0,25277.719
2024-08-19 00:00:00+00:00,33.7,35.0,28.4109,53.762913,2.4571428,0.5365853658536586,-17.71890393463036,17710.048910174217,0.0,17692.330006239587,1,26.236427307128906,26276.217
2024-08-20 00:00:00+00:00,34.8,34.73,28.5064,60.39409,2.3964286,0.5365853658536586,-17.71890393463036,17573.428783798638,0.0,17555.709879864007,0,27.628570556640625,26073.516
2024-08-21 00:00:00+00:00,34.93,35.29,28.59635,53.445377,2.245,0.5365853658536586,-17.71890393463036,17856.791306419098,0.0,17839.072402484468,0,27.628570556640625,26493.938
2024-08-22 00:00:00+00:00,35.75,33.58,28.68475,63.08557,2.0228572,0.5365853658536586,-17.71890393463036,16991.528777204196,0.0,16973.809873269565,0,28.55500030517578,25210.156
2024-08-23 00:00:00+00:00,34.46,34.62,28.7614,65.4569,1.9814286,0.5365853658536586,-17.71890393463036,17517.76819235465,0.0,17500.04928842002,0,28.55500030517578,25990.932
2024-08-26 00:00:00+00:00,34.44,33.44,28.84225,79.79942,1.755,0.5365853658536586,-17.71890393463036,16920.68593026276,0.0,16902.96702632813,0,28.67571258544922,25105.047
2024-08-27 00:00:00+00:00,33.24,33.9,28.91465,72.3566,1.7028571,0.5365853658536586,-17.71890393463036,17153.447507897185,0.0,17135.728603962554,0,28.67571258544922,25450.395
2024-08-28 00:00:00+00:00,33.76,32.67,28.98915,77.57275,1.6021428,0.5365853658536586,-17.71890393463036,16531.0646042988,0.0,16513.34570036417,0,28.79142951965332,24526.97
2024-08-29 00:00:00+00:00,33.1,32.56,29.05985,66.12654,1.5621428,0.5365853658536586,-17.71890393463036,16475.406368373184,0.0,16457.687464438553,0,28.79142951965332,24444.393
2024-08-30 00:00:00+00:00,33.42,33.73,29.12375,64.31403,1.6021428,0.5365853658536586,-17.71890393463036,17067.427257636078,0.0,17049.708353701448,0,28.79142951965332,25322.766
2024-09-03 00:00:00+00:00,33.03,30.53,29.19445,67.12929,1.6178571,0.5365853658536586,-17.71890393463036,15448.223629895405,0.0,15430.504725960775,0,28.92357063293457,22920.37
2024-09-04 00:00:00+00:00,30.01,30.34,29.2429,47.761192,1.7185714,0.5365853658536586,-17.71890393463036,15352.083455183401,0.0,15334.364551248771,0,28.92357063293457,22777.729
2024-09-05 00:00:00+00:00,30.12,30.42,29.29015,46.90444,1.7178571,0.5365853658536586,-17.71890393463036,15392.563679547826,0.0,15374.844775613195,0,28.92357063293457,22837.79
2024-09-06 00:00:00+00:00,30.26,27.96,29.33765,37.52969,1.6478572,0.5365853658536586,-17.71890393463036,14147.799586300032,0.0,14130.080682365402,0,28.92357063293457,20990.947
2024-09-09 00:00:00+00:00,28.75,29.03,29.3728,30.95397,1.7614286,0.5365853658536586,14649.46959914191,0.0,0.0,14649.46959914191,-1,0.0,21794.25
2024-09-10 00:00:00+00:00,29.35,29.78,29.40955,29.735233,1.7271428,0.5365853658536586,-14.649469599142321,14642.14852487947,0.0,14627.499055280328,1,26.38785743713379,22357.314
2024-09-11 00:00:00+00:00,30.02,31.68,29.452,33.72781,1.7535714,0.5365853658536586,-14.649469599142321,15576.334723228598,0.0,15561.685253629455,0,26.38785743713379,23783.736
2024-09-12 00:00:00+00:00,31.72,32.65,29.50275,39.093655,1.9278572,0.5365853658536586,-14.649469599142321,16053.261338585022,0.0,16038.61186898588,0,26.419286727905273,24511.963
2024-09-13 00:00:00+00:00,32.48,33.05,29.55885,47.058823,1.85,0.5365853658536586,-14.649469599142321,16249.930155926952,0.0,16235.28068632781,0,26.866430282592773,24812.258
2024-09-16 00:00:00+00:00,32.59,32.57,29.61725,44.825314,1.7935715,0.5365853658536586,-14.649469599142321,16013.925163705142,0.0,15999.275694106,0,27.5,24451.896
2024-09-17 00:00:00+00:00,33.23,32.65,29.67245,46.993782,1.7664286,0.5365853658536586,-14.649469599142321,16053.260286767054,0.0,16038.610817167912,0,27.5,24511.959
2024-09-18 00:00:00+00:00,32.87,32.21,29.7285,45.564228,1.7714286,0.5365853658536586,-14.649469599142321,15836.921539948953,0.0,15822.27207034981,0,27.5,24181.629
2024-09-19 00:00:00+00:00,34.5,34.67,29.78325,48.270676,1.7507143,0.5365853658536586,17006.228523211423,0.0,0.0,17006.228523211423,-1,0.0,26028.47
2024-09-20 00:00:00+00:00,34.42,34.37,29.84935,56.741215,1.8385714,0.5365853658536586,-17.006228523212485,16997.72965838223,0.0,16980.72342985902,1,29.41785430908203,25803.246
2024-09-23 00:00:00+00:00,34.64,34.67,29.9171,52.16509,1.8264285,0.5365853658536586,-17.006228523212485,17146.09441277137,0.0,17129.088184248158,0,29.41785430908203,26028.47
2024-09-24 00:00:00+00:00,34.97,35.17,29.98545,67.42424,1.6057143,0.5365853658536586,-17.006228523212485,17393.3702671048,0.0,17376.36403858159,0,29.41785430908203,26403.848
2024-09-25 00:00:00+00:00,35.06,35.3,30.05815,69.81132,1.6028571,0.5365853658536586,-17.006228523212485,17457.661771949482,0.0,17440.65554342627,0,30.352855682373047,26501.443
2024-09-26 00:00:00+00:00,36.9,36.09,30.1272,69.93464,1.5485715,0.5365853658536586,-17.006228523212485,17848.35790116367,0.0,17831.351672640456,0,30.49142837524414,27094.535
2024-09-27 00:00:00+00:00,36.25,35.42,30.19895,88.4579,1.4828571,0.5365853658536586,-17.006228523212485,17517.007408108926,0.0,17500.001179585714,0,31.444286346435547,26591.533
2024-09-30 00:00:00+00:00,35.17,35.6,30.26455,81.41593,1.4714285,0.5365853658536586,-17.006228523212485,17606.026948157487,0.0,17589.020719634274,0,31.444286346435547,26726.668
2024-10-01 00:00:00+00:00,35.59,34.16,30.32835,80.3125,1.46,0.5365853658536586,-17.006228523212485,16893.874058442398,0.0,16876.867829919185,0,31.444286346435547,25645.59
2024-10-02 00:00:00+00:00,33.94,34.29,30.38065,63.56674,1.375,0.5606060606060606,-17.006228523212485,16958.166016707906,0.0,16941.159788184694,0,31.444286346435547,25743.186
2024-10-03 00:00:00+00:00,33.86,34.22,30.43415,59.879517,1.3635714,0.5365853658536586,-17.006228523212485,16923.54762543809,0.0,16906.541396914876,0,31.444286346435547,25690.635
2024-10-04 00:00:00+00:00,35.46,35.45,30.48595,57.340027,1.3885714,0.5606060606060606,-17.006228523212485,17531.845349741627,0.0,17514.839121218414,0,31.444286346435547,26614.055
2024-10-07 00:00:00+00:00,34.98,34.24,30.5412,66.51376,1.4014286,0.5365853658536586,-17.006228523212485,16933.438933105863,0.0,16916.43270458265,0,31.444286346435547,25705.65
2024-10-08 00:00:00+00:00,34.79,35.77,30.58865,58.071068,1.4064286,0.5365853658536586,-17.006228523212485,17690.101681338267,0.0,17673.095452815054,0,31.444286346435547,26854.295
2024-10-09 00:00:00+00:00,35.71,36.64,30.6494,66.27057,1.4092857,0.5365853658536586,-17.006228523212485,18120.360916939702,0.0,18103.35468841649,0,31.55071449279785,27507.445
2024-10-10 00:00:00+00:00,36.09,36.48,30.71045,60.53476,1.2842857,0.5365853658536586,-17.006228523212485,18041.232651448114,0.0,18024.2264229249,0,32.41214370727539,27387.326
2024-10-11 00:00:00+00:00,36.02,36.59,30.77015,61.45494,1.2807143,0.5365853658536586,-17.006228523212485,18095.634165968564,0.0,18078.62793744535,0,32.62714385986328,27469.91
2024-10-14 00:00:00+00:00,37.14,37.52,30.8283,60.643017,1.3085715,0.5606060606060606,-17.006228523212485,18555.566046938602,0.0,18538.55981841539,0,32.74785614013672,28168.104
2024-10-15 00:00:00+00:00,37.59,36.03,30.89035,62.43386,1.3021429,0.5365853658536586,-17.006228523212485,17818.683870871173,0.0,17801.67764234796,0,33.59428405761719,27049.486
2024-10-16 00:00:00+00:00,36.06,36.02,30.94535,53.376503,1.4107143,0.5365853658536586,-17.006228523212485,17813.738843513667,0.0,17796.732614990455,0,33.59428405761719,27041.979
2024-10-17 00:00:00+00:00,37.19,36.1,31.00195,49.651047,1.3535714,0.5365853658536586,-17.006228523212485,17853.30294859445,0.0,17836.296720071237,0,33.59428405761719,27102.04
2024-10-18 00:00:00+00:00,36.61,36.76,31.06525,53.601696,1.3635714,0.5365853658536586,-17.006228523212485,18179.706543411514,0.0,18162.7003148883,0,33.59428405761719,27597.533
2024-10-21 00:00:00+00:00,36.47,36.96,31.13575,55.846775,1.3435714,0.5606060606060606,-17.006228523212485,18278.617090506013,0.0,18261.6108619828,0,33.59428405761719,27747.684
2024-10-22 00:00:00+00:00,36.34,37.07,31.20905,66.129036,1.2557143,0.5606060606060606,-17.006228523212485,18333.017529086716,0.0,18316.011300563503,0,33.59428405761719,27830.264
2024-10-23 00:00:00+00:00,36.51,35.32,31.2825,66.05081,1.2464286,0.5606060606060606,-17.006228523212485,17467.55223315384,0.0,17450.54600463063,0,33.59428405761719,26516.455
2024-10-24 00:00:00+00:00,36.14,36.18,31.3402,55.31915,1.3385714,0.5606060606060606,-17.006228523212485,17892.867130009003,0.0,17875.86090148579,0,33.59428405761719,27162.1
2024-10-25 00:00:00+00:00,36.78,36.81,31.40155,53.660984,1.3178571,0.5606060606060606,-17.006228523212485,18204.43598559834,0.0,18187.429757075126,0,33.59428405761719,27635.074
2024-10-28 00:00:00+00:00,37.34,36.81,31.4637,63.684772,1.3392857,0.5606060606060606,-17.006228523212485,18204.43598559834,0.0,18187.429757075126,0,33.59428405761719,27635.074
2024-10-29 00:00:00+00:00,36.88,37.86,31.52525,56.615776,1.2678572,0.5606060606060606,-17.006228523212485,18723.715258199692,0.0,18706.70902967648,0,33.59428405761719,28423.361
2024-10-30 00:00:00+00:00,37.69,37.03,31.5919,57.587063,1.295,0.5606060606060606,-17.006228523212485,18313.236260119356,0.0,18296.230031596144,0,34.056427001953125,27800.238
2024-10-31 00:00:00+00:00,36.09,34.22,31.6545,53.15729,1.2864286,0.5606060606060606,-17.006228523212485,16923.54837308415,0.0,16906.54214456094,0,34.056427001953125,25690.635
2024-11-01 00:00:00+00:00,34.51,34.96,31.70515,39.614372,1.4228572,0.5365853658536586,-17.006228523212485,17289.514764459913,0.0,17272.5085359367,0,34.056427001953125,26246.186
2024-11-04 00:00:00+00:00,34.77,34.59,31.7544,38.5918,1.4371428,0.5365853658536586,-17.006228523212485,17106.530840273263,0.0,17089.52461175005,0,34.056427001953125,25968.408
2024-11-05 00:00:00+00:00,34.94,35.93,31.7944,42.87129,1.3571428,0.5606060606060606,-17.006228523212485,17769.230352956944,0.0,17752.22412443373,0,34.056427001953125,26974.414
2024-11-06 00:00:00+00:00,37.77,38.83,31.84075,49.6063,1.4,0.5365853658536586,-17.006228523212485,19203.430367805075,0.0,19186.424139281862,0,34.056427001953125,29151.588
2024-11-07 00:00:00+00:00,39.48,40.66,31.9,59.57895,1.5335715,0.5365853658536586,20061.289147898293,0.0,0.0,20061.289147898293,-1,0.0,30525.455
2024-11-08 00:00:00+00:00,40.52,40.7,31.9661,62.645916,1.6121428,0.5365853658536586,-20.061289147899515,20051.263516140225,0.0,20031.202226992325,1,36.05928421020508,30555.486
2024-11-11 00:00:00+00:00,41.04,40.56,32.0321,62.25426,1.5757142,0.5365853658536586,-20.061289147899515,19982.291499715302,0.0,19962.230210567403,0,36.05928421020508,30450.383
2024-11-12 00:00:00+00:00,40.58,40.43,32.09995,61.41269,1.5707142,0.5365853658536586,-20.061289147899515,19918.244655286184,0.0,19898.183366138284,0,36.05928421020508,30352.783
2024-11-13 00:00:00+00:00,40.31,40.27,32.163,68.69057,1.4742857,0.5365853658536586,-20.061289147899515,19839.419190209752,0.0,19819.357901061852,0,36.05928421020508,30232.664
2024-11-14 00:00:00+00:00,40.19,39.43,32.2281,65.76716,1.4842857,0.5365853658536586,-20.061289147899515,19425.58513690874,0.0,19405.52384776084,0,36.05928421020508,29602.033
2024-11-15 00:00:00+00:00,38.04,36.52,32.29695,59.9393,1.4428571,0.5365853658536586,-20.061289147899515,17991.944002174965,0.0,17971.882713027066,0,36.05928421020508,27417.355
2024-11-18 00:00:00+00:00,36.87,37.32,32.34685,49.09882,1.6328571,0.5365853658536586,-20.061289147899515,18386.071566354345,0.0,18366.010277206446,0,36.05928421020508,28017.953
2024-11-19 00:00:00+00:00,36.71,38.05,32.394,48.295456,1.6042857,0.5365853658536586,-20.061289147899515,18745.71370710485,0.0,18725.65241795695,0,36.05928421020508,28566.0
2024-11-20 00:00:00+00:00,37.96,37.97,32.44555,53.240154,1.645,0.5365853658536586,-20.061289147899515,18706.302069346195,0.0,18686.240780198295,0,36.05928421020508,28505.943
2024-11-21 00:00:00+00:00,38.66,38.4,32.4975,64.41199,1.5542858,0.5365853658536586,-20.061289147899515,18918.146512463078,0.0,18898.085223315178,0,36.05928421020508,28828.766
2024-11-22 00:00:00+00:00,38.23,38.52,32.5475,63.54331,1.6035714,0.5365853658536586,-20.061289147899515,18977.264818227002,0.0,18957.203529079103,0,36.05928421020508,28918.855
2024-11-25 00:00:00+00:00,39.39,38.7,32.5974,65.783134,1.5835714,0.5365853658536586,-20.061289147899515,19065.943393219382,0.0,19045.882104071483,0,36.05928421020508,29053.99
2024-11-26 00:00:00+00:00,39.04,39.3,32.6441,62.267494,1.595,0.5365853658536586,-20.061289147899515,19361.53955577085,0.0,19341.47826662295,0,36.05928421020508,29504.44
2024-11-27 00:00:00+00:00,39.0,38.34,32.69545,52.614014,1.4335715,0.5365853658536586,-20.061289147899515,18888.586060480346,0.0,18868.524771332446,0,36.05928421020508,28783.723
2024-11-29 00:00:00+00:00,38.41,39.34,32.74895,35.714287,1.4135715,0.5606060606060606,-20.061289147899515,19381.245651571357,0.0,19361.184362423457,0,36.05928421020508,29534.47
2024-12-02 00:00:00+00:00,39.62,40.6,32.8028,42.511013,1.4507142,0.5606060606060606,-20.061289147899515,20001.996650329467,0.0,19981.935361181568,0,36.05928421020508,30480.414
2024-12-03 00:00:00+00:00,40.28,40.98,32.8621,50.19608,1.4785714,0.5365853658536586,-20.061289147899515,20189.207301370017,0.0,20169.146012222118,0,36.24785614013672,30765.697
2024-12-04 00:00:00+00:00,41.78,42.47,32.9273,52.63158,1.4607143,0.5365853658536586,-20.061289147899515,20923.270544585073,0.0,20903.209255437174,0,36.54428482055664,31884.314
2024-12-05 00:00:00+00:00,42.47,42.1,33.00305,59.33786,1.4878571,0.5365853658536586,-20.061289147899515,20740.984649288184,0.0,20720.923360140285,0,38.087860107421875,31606.535
2024-12-06 00:00:00+00:00,42.23,43.18,33.07865,61.803715,1.45,0.5365853658536586,-20.061289147899515,21273.058169901327,0.0,21252.996880753428,0,38.087860107421875,32417.346
2024-12-09 00:00:00+00:00,42.96,42.19,33.14795,85.12658,1.2935715,0.01,-20.061289147899515,20785.323450597498,0.0,20765.2621614496,0,38.83000183105469,31674.102
2024-12-10 00:00:00+00:00,42.43,41.7,33.2137,75.18097,1.2964286,0.5365853658536586,-20.061289147899515,20543.920953008157,0.0,20523.859663860258,0,38.83000183105469,31306.236
2024-12-11 00:00:00+00:00,42.77,43.97,33.2772,69.35313,1.2928572,0.5365853658536586,-20.061289147899515,21662.25898090353,0.0,21642.19769175563,0,38.83000183105469,33010.434
2024-12-12 00:00:00+00:00,43.39,43.09,33.3509,75.81756,1.3535714,0.5365853658536586,-20.061289147899515,21228.717245072396,0.0,21208.655955924496,0,40.0914306640625,32349.775
2024-12-13 00:00:00+00:00,44.02,44.02,33.4228,69.42834,1.2757143,0.5365853658536586,-20.061289147899515,21686.890761882707,0.0,21666.829472734807,0,40.0914306640625,33047.973
2024-12-16 00:00:00+00:00,44.67,45.93,33.4955,71.35093,1.3321428,0.5365853658536586,22573.867118588416,0.0,0.0,22573.867118588416,-1,0.0,34481.9
2024-12-17 00:00:00+00:00,45.42,45.33,33.5714,74.743324,1.37,0.5365853658536586,-22.573867118589988,22562.58582567558,0.0,22540.01195855699,1,41.933570861816406,34031.45
2024-12-18 00:00:00+00:00,45.12,40.38,33.6461,70.63655,1.3864286,0.5365853658536586,-22.573867118589988,20098.768919151793,0.0,20076.195052033203,0,41.933570861816406,30315.242
2024-12-19 00:00:00+00:00,41.47,39.84,33.70425,55.48387,1.6542857,0.5365853658536586,19777.670081926983,0.0,0.0,19777.670081926983,-1,0.0,29909.838
2024-12-20 00:00:00+00:00,38.92,40.87,33.75705,51.37817,1.7085714,0.5365853658536586,-19.77767008192677,19767.786188832568,0.0,19748.00851875064,1,34.87714385986328,30683.107
2024-12-23 00:00:00+00:00,41.22,40.73,33.80815,50.75377,1.86,0.5365853658536586,-19.77767008192677,19700.07205364636,0.0,19680.294383564433,0,35.744285583496094,30578.004
2024-12-24 00:00:00+00:00,42.46,43.69,33.86555,49.292587,1.8778571,0.5365853658536586,-19.77767008192677,21131.74875449309,0.0,21111.97108441116,0,35.744285583496094,32800.22
2024-12-26 00:00:00+00:00,43.27,43.6,33.9395,53.187042,1.98,0.5365853658536586,21036.80743764648,0.0,0.0,21036.80743764648,-1,0.0,32732.65
2024-12-27 00:00:00+00:00,42.65,41.78,34.00675,53.97667,2.0207143,0.5365853658536586,-21.03680743764562,21026.29429050123,0.0,21005.257483063586,1,37.65999984741211,31366.29
2024-12-30 00:00:00+00:00,40.09,40.13,34.0685,46.42857,2.1485715,0.5365853658536586,-21.03680743764562,20195.91236423117,0.0,20174.875556793526,0,37.65999984741211,30127.555
2024-12-31 00:00:00+00:00,40.46,39.1,34.1232,44.916092,2.2342858,0.5365853658536586,-21.03680743764562,19677.55086714349,0.0,19656.514059705845,0,37.65999984741211,29354.281
2025-01-02 00:00:00+00:00,39.78,38.77,34.17795,43.75,2.2507143,0.5365853658536586,-21.03680743764562,19511.475508148596,0.0,19490.43870071095,0,37.65999984741211,29106.535
2025-01-03 00:00:00+00:00,39.51,40.79,34.2272,36.21421,2.255,0.5365853658536586,-21.03680743764562,20528.066466144126,0.0,20507.02965870648,0,37.65999984741211,30623.049
2025-01-06 00:00:00+00:00,41.95,42.1,34.2856,44.25,2.3392856,0.5365853658536586,-21.03680743764562,21187.339646435543,0.0,21166.302838997897,0,37.65999984741211,31606.531
2025-01-07 00:00:00+00:00,42.33,39.81,34.3452,45.2895,2.375,0.5365853658536586,-21.03680743764562,20034.87029967964,0.0,20013.833492241993,0,37.65999984741211,29887.318
2025-01-08 00:00:00+00:00,39.79,39.83,34.39155,35.260117,2.432143,0.5365853658536586,-21.03680743764562,20044.934775626403,0.0,20023.897968188758,0,37.65999984741211,29902.332
2025-01-10 00:00:00+00:00,38.93,37.89,34.43755,36.372646,2.4614286,0.5365853658536586,-21.03680743764562,19068.604775126685,0.0,19047.56796768904,0,37.65999984741211,28445.879
2025-01-13 00:00:00+00:00,36.57,37.53,34.47535,42.74898,2.2564285,0.5365853658536586,18838.061836906832,0.0,0.0,18838.061836906832,-1,0.0,28175.607
2025-01-14 00:00:00+00:00,38.28,37.43,34.51295,43.201885,2.242143,0.5365853658536586,-18.83806183690831,18828.64751315026,0.0,18809.80945131335,1,30.760713577270508,28100.533
2025-01-15 00:00:00+00:00,39.15,39.96,34.5487,39.29016,2.1185715,0.5365853658536586,-18.83806183690831,20101.329634716953,0.0,20082.491572880044,0,30.760713577270508,29999.928
2025-01-16 00:00:00+00:00,40.49,39.12,34.59805,47.91328,2.2385714,0.5365853658536586,-18.83806183690831,19678.779413774802,0.0,19659.941351937894,0,33.604286193847656,29369.299
2025-01-17 00:00:00+00:00,41.33,41.07,34.6422,36.007347,2.1278572,0.5365853658536586,-18.83806183690831,20659.700627305516,0.0,20640.862565468607,0,33.604286193847656,30833.262
2025-01-21 00:00:00+00:00,41.73,41.72,34.70015,43.045628,2.2092857,0.5365853658536586,-18.83806183690831,20986.675554979283,0.0,20967.837493142375,0,34.68642807006836,31321.248
2025-01-22 00:00:00+00:00,42.9,43.36,34.76045,49.82374,2.095,0.5365853658536586,-18.83806183690831,21811.6538140994,0.0,21792.815752262493,0,35.09214401245117,32552.477
2025-01-23 00:00:00+00:00,42.72,43.64,34.836,59.494415,2.0742857,0.5365853658536586,-18.83806183690831,21952.504034673515,0.0,21933.665972836607,0,37.07500076293945,32762.686
2025-01-24 00:00:00+00:00,43.68,42.9,34.9078,63.96064,2.0242858,0.5365853658536586,-18.83806183690831,21580.25837005787,0.0,21561.42030822096,0,37.41714096069336,32207.13
2025-01-27 00:00:00+00:00,38.3,39.09,34.97595,62.387524,1.9435714,0.5365853658536586,-18.83806183690831,19663.689323520106,0.0,19644.851261683198,0,37.41714096069336,29346.775
2025-01-28 00:00:00+00:00,39.32,40.87,35.02345,45.39545,2.1292858,0.5365853658536586,-18.83806183690831,20559.093547780696,0.0,20540.255485943788,0,37.41714096069336,30683.107
2025-01-29 00:00:00+00:00,40.96,40.55,35.08395,46.75119,2.1571429,0.5365853658536586,-18.83806183690831,20398.12148379046,0.0,20379.28342195355,0,37.41714096069336,30442.867
2025-01-30 00:00:00+00:00,41.24,41.08,35.13585,52.181602,2.0371428,0.5365853658536586,-18.83806183690831,20664.731967404157,0.0,20645.89390556725,0,37.41714096069336,30840.766
2025-01-31 00:00:00+00:00,41.92,40.91,35.1977,53.57756,2.0635715,0.5365853658536586,-18.83806183690831,20579.21529552219,0.0,20560.37723368528,0,37.41714096069336,30713.139
2025-02-03 00:00:00+00:00,38.78,39.86,35.26595,59.617836,2.0492857,0.5365853658536586,-18.83806183690831,20051.027960845906,0.0,20032.189899008998,0,37.41714096069336,29924.854
2025-02-04 00:00:00+00:00,39.95,41.32,35.32885,57.107994,2.122857,0.5365853658536586,-18.83806183690831,20785.459561442996,0.0,20766.621499606088,0,37.41714096069336,31020.943
2025-02-05 00:00:00+00:00,40.67,41.87,35.40415,60.957745,2.1021428,0.5365853658536586,-18.83806183690831,21062.127972186663,0.0,21043.289910349755,0,37.41714096069336,31433.854
2025-02-06 00:00:00+00:00,41.98,42.49,35.4846,56.0558,2.007857,0.5365853658536586,-18.83806183690831,21374.012178758374,0.0,21355.174116921466,0,37.41714096069336,31899.32
2025-02-07 00:00:00+00:00,42.55,40.86,35.57615,60.836014,1.9742857,0.5365853658536586,-18.83806183690831,20554.063037236076,0.0,20535.224975399167,0,37.41714096069336,30675.6
2025-02-10 00:00:00+00:00,41.86,42.32,35.65595,49.31057,1.9778571,0.5365853658536586,-18.83806183690831,21288.496551685806,0.0,21269.658489848898,0,37.41714096069336,31771.693
2025-02-11 00:00:00+00:00,41.54,41.98,35.7374,51.870323,2.005,0.5365853658536586,-18.83806183690831,21117.463696073457,0.0,21098.62563423655,0,37.41714096069336,31516.438
2025-02-12 00:00:00+00:00,40.64,42.07,35.81595,45.31886,1.9157143,0.5365853658536586,-18.83806183690831,21162.73657890577,0.0,21143.89851706886,0,37.41714096069336,31584.006
2025-02-13 00:00:00+00:00,42.45,43.87,35.89715,44.604813,1.965,0.5365853658536586,-18.83806183690831,22068.200426274107,0.0,22049.3623644372,0,37.41714096069336,32935.35
2025-02-14 00:00:00+00:00,43.85,44.37,35.9813,53.106983,2.002143,0.5365853658536586,-18.83806183690831,22319.71968982239,0.0,22300.88162798548,0,37.974998474121094,33310.727
2025-02-18 00:00:00+00:00,44.77,44.62,36.0664,71.46342,1.7157143,0.5365853658536586,22392.97224303044,0.0,0.0,22392.97224303044,-1,0.0,33498.414
2025-02-19 00:00:00+00:00,44.45,44.7,36.1606,67.40947,1.6071428,0.5365853658536586,-22.392972243029362,22381.781352354265,0.0,22359.388380111235,1,39.47285461425781,33558.477
2025-02-20 00:00:00+00:00,44.44,44.09,36.2579,69.705605,1.5935714,0.5365853658536586,-22.392972243029362,22076.3474101315,0.0,22053.95443788847,0,39.878570556640625,33100.52
2025-02-21 00:00:00+00:00,44.35,41.36,36.34755,64.18473,1.5907143,0.5365853658536586,-22.392972243029362,20709.40657809299,0.0,20687.01360584996,0,39.878570556640625,31050.975
2025-02-24 00:00:00+00:00,41.73,39.83,36.41575,51.708427,1.6428572,0.5365853658536586,-22.392972243029362,19943.318993815472,0.0,19920.926021572443,0,39.878570556640625,29902.33
2025-02-25 00:00:00+00:00,39.66,38.31,36.47175,49.89011,1.6085714,0.5365853658536586,19131.072297116254,0.0,0.0,19131.072297116254,-1,0.0,28761.191
2025-02-26 00:00:00+00:00,38.81,38.55,36.52015,39.02261,1.665,0.5365853658536586,-19.1310722971175,19121.511541345582,0.0,19102.380469048465,1,33.48428726196289,28941.367
2025-02-27 00:00:00+00:00,39.39,35.37,36.56995,37.61194,1.6914285,0.5365853658536586,-19.1310722971175,17544.172980035648,0.0,17525.04190773853,0,33.55500030517578,26553.986
2025-02-28 00:00:00+00:00,35.28,36.98,36.6032,27.694235,1.93,0.5365853658536586,-19.1310722971175,18342.76399903389,0.0,18323.632926736773,0,33.55500030517578,27762.695
2025-03-03 00:00:00+00:00,37.67,34.63,36.6435,37.82936,1.9392858,0.5365853658536586,-19.1310722971175,17177.12079016336,0.0,17157.989717866243,0,33.55500030517578,25998.436
2025-03-04 00:00:00+00:00,33.84,34.21,36.671,27.153893,2.1192858,0.5365853658536586,-19.1310722971175,16968.791627490504,0.0,16949.660555193386,0,33.55500030517578,25683.12
2025-03-05 00:00:00+00:00,34.29,35.58,36.69365,27.025429,2.2892857,0.5365853658536586,-19.1310722971175,17648.33762045671,0.0,17629.206548159593,0,33.55500030517578,26711.648
2025-03-06 00:00:00+00:00,33.78,32.61,36.71645,32.160526,2.3492856,0.5365853658536586,-19.1310722971175,16175.16168328425,0.0,16156.030610987133,0,33.55500030517578,24481.922
2025-03-07 00:00:00+00:00,32.38,33.32,36.7255,20.919422,2.4578571,0.5365853658536586,16483.411452539596,0.0,0.0,16483.411452539596,-1,0.0,25014.951
2025-03-10 00:00:00+00:00,31.58,29.49,36.7382,21.768013,2.5835714,0.5365853658536586,-16.483411452540167,16475.173865606794,0.0,16458.690454154254,1,29.63321304321289,22139.586
2025-03-11 00:00:00+00:00,29.34,29.26,36.72875,17.321814,2.8521428,0.5365853658536586,16305.67614227823,0.0,0.0,16305.67614227823,-1,0.0,21966.912
2025-03-12 00:00:00+00:00,30.59,30.21,36.71715,16.866953,2.9314287,0.5365853658536586,-16.30567614227766,16297.527378588935,0.0,16281.221702446657,1,24.98178482055664,22680.123
2025-03-13 00:00:00+00:00,30.04,28.54,36.71055,20.642979,2.9264286,0.5365853658536586,-16.30567614227766,15396.605408312631,0.0,15380.299732170353,0,25.812856674194336,21426.373
2025-03-14 00:00:00+00:00,29.49,30.58,36.69775,21.612045,2.8492856,0.5365853658536586,-16.30567614227766,16497.133288797297,0.0,16480.82761265502,0,25.812856674194336,22957.9
2025-03-17 00:00:00+00:00,30.56,31.15,36.6909,29.969685,2.8485715,0.5365853658536586,-16.30567614227766,16804.632669032533,0.0,16788.326992890255,0,26.306072235107422,23385.824
2025-03-18 00:00:00+00:00,30.51,29.57,36.68515,33.830173,2.787857,0.5365853658536586,-16.30567614227766,15952.263032493274,0.0,15935.957356350997,0,26.87714195251465,22199.643
2025-03-19 00:00:00+00:00,29.97,30.71,36.67505,30.877342,2.7992857,0.5365853658536586,-16.30567614227766,16567.263014520613,0.0,16550.957338378335,0,26.87714195251465,23055.494
2025-03-20 00:00:00+00:00,29.95,30.41,36.67565,39.13246,2.6357143,0.5365853658536586,-16.30567614227766,16405.42099989561,0.0,16389.115323753333,0,26.87714195251465,22830.27
2025-03-21 00:00:00+00:00,29.38,30.75,36.67495,33.681072,2.57,0.5365853658536586,-16.30567614227766,16588.8421384396,0.0,16572.53646229732,0,26.87714195251465,23085.523
2025-03-24 00:00:00+00:00,32.14,32.68,36.6745,39.2936,2.3842857,0.5365853658536586,-16.30567614227766,17630.02898733028,0.0,17613.723311188,0,26.895000457763672,24534.469
2025-03-25 00:00:00+00:00,32.84,33.24,36.6824,46.102905,2.2964287,0.5365853658536586,-16.30567614227766,17932.134670038635,0.0,17915.828993896357,0,29.103572845458984,24954.889
2025-03-26 00:00:00+00:00,33.01,31.41,36.6837,43.78321,2.16,0.5365853658536586,-16.30567614227766,16944.89556071387,0.0,16928.589884571593,0,29.795358657836914,23581.018
2025-03-27 00:00:00+00:00,30.99,30.85,36.67605,46.606335,2.0707142,0.5365853658536586,-16.30567614227766,16642.790051639033,0.0,16626.484375496755,0,29.795358657836914,23160.602
2025-03-28 00:00:00+00:00,30.47,28.41,36.66645,42.954933,1.9757143,0.5365853658536586,-16.30567614227766,15326.472120283652,0.0,15310.166444141374,0,29.795358657836914,21328.773
2025-03-31 00:00:00+00:00,27.11,28.38,36.64255,46.654274,1.8257142,0.5365853658536586,15271.016021460091,0.0,0.0,15271.016021460091,-1,0.0,21306.25
2025-04-01 00:00:00+00:00,28.07,29.04,36.61505,47.239647,1.8314285,0.5365853658536586,-15.271016021459218,15263.384329295444,0.0,15248.113313273985,1,25.641427993774414,21801.744
2025-04-02 00:00:00+00:00,27.85,29.7,36.58425,46.261982,1.8285714,0.5365853658536586,-15.271016021459218,15610.279096863576,0.0,15595.008080842117,0,26.292858123779297,22297.236
2025-04-03 00:00:00+00:00,25.94,24.9,36.5541,53.96175,1.8628571,0.5365853658536586,13052.502888447798,0.0,0.0,13052.502888447798,-1,0.0,18693.643
2025-04-04 00:00:00+00:00,22.81,20.36,36.49745,33.67816,2.0535715,0.5365853658536586,-13.052502888447634,13045.97989849855,0.0,13032.927395610102,1,22.105712890625,15285.244
2025-04-07 00:00:00+00:00,18.13,20.39,36.41145,24.754328,2.2707143,0.5365853658536586,13032.55188897796,0.0,0.0,13032.55188897796,-1,0.0,15307.767
2025-04-08 00:00:00+00:00,22.49,19.3,36.32545,26.841574,2.5464287,0.5365853658536586,-13.03255188897856,13026.038869543188,0.0,13013.00631765421,1,16.983928680419922,14489.45
2025-04-09 00:00:00+00:00,19.42,26.07,36.2384,21.143147,2.745,0.5606060606060606,-13.03255188897856,17595.277202400503,0.0,17582.244650511522,0,16.983928680419922,19572.021
2025-04-10 00:00:00+00:00,24.12,22.87,36.18665,41.730183,3.1507144,0.5365853658536586,-13.03255188897856,15435.520128293389,0.0,15422.48757640441,0,21.952499389648438,17169.625
2025-04-11 00:00:00+00:00,22.7,24.07,36.12535,36.46048,3.4242857,0.5365853658536586,-13.03255188897856,16245.428748001073,0.0,16232.396196112095,0,21.952499389648438,18070.523
2025-04-14 00:00:00+00:00,25.7,24.54,36.0641,34.82552,3.4314287,0.5365853658536586,-13.03255188897856,16562.644813994688,0.0,16549.612262105707,0,21.952499389648438,18423.377
2025-04-15 00:00:00+00:00,24.71,24.66,36.00415,34.618103,3.5257144,0.5365853658536586,-13.03255188897856,16643.6355683928,0.0,16630.603016503825,0,21.952499389648438,18513.467
2025-04-16 00:00:00+00:00,23.2,22.45,35.9434,37.297703,3.4435713,0.5365853658536586,-13.03255188897856,15152.052886653515,0.0,15139.020334764537,0,21.952499389648438,16854.312
2025-04-17 00:00:00+00:00,22.86,22.37,35.87505,35.11694,3.5921428,0.5365853658536586,-13.03255188897856,15098.059096394834,0.0,15085.026544505856,0,21.952499389648438,16794.252
2025-04-21 00:00:00+00:00,21.5,20.77,35.80285,38.32173,3.472143,0.5365853658536586,13984.119934075281,0.0,0.0,13984.119934075281,-1,0.0,15593.055
2025-04-22 00:00:00+00:00,21.53,22.32,35.717,36.128326,3.4842858,0.5365853658536586,-13.984119934075352,13977.131368391087,0.0,13963.147248457011,1,15.561786651611328,16756.715
2025-04-23 00:00:00+00:00,24.4,23.85,35.6344,38.135593,3.5085714,0.5365853658536586,-13.984119934075352,14935.241932413204,0.0,14921.257812479129,0,17.093570709228516,17905.361
2025-04-24 00:00:00+00:00,24.14,25.84,35.55335,39.979446,3.5314286,0.5365853658536586,-13.984119934075352,16181.411009065012,0.0,16167.426889130937,0,18.587142944335938,19399.352
2025-04-25 00:00:00+00:00,25.81,26.69,35.481,51.781654,3.33,0.5365853658536586,-13.984119934075352,16713.694164417175,0.0,16699.7100444831,0,20.542858123779297,20037.488
2025-04-28 00:00:00+00:00,26.77,26.67,35.4123,63.948875,3.095,0.5365853658536586,-13.984119934075352,16701.169764478887,0.0,16687.185644544814,0,21.69499969482422,20022.473
2025-04-29 00:00:00+00:00,26.27,27.17,35.3372,63.8448,2.7821429,0.5365853658536586,-13.984119934075352,17014.27807343197,0.0,17000.293953497894,0,22.02750015258789,20397.85
2025-04-30 00:00:00+00:00,25.69,27.2,35.2783,67.81349,2.5242858,0.5365853658536586,-13.984119934075352,17033.065845824505,0.0,17019.081725890428,0,22.99678611755371,20420.373
2025-05-01 00:00:00+00:00,28.54,28.13,35.21645,53.680782,2.185,0.5365853658536586,-13.984119934075352,17615.44564157083,0.0,17601.461521636753,0,23.413572311401367,21118.566
2025-05-02 00:00:00+00:00,29.06,29.44,35.1581,70.10703,1.935,0.5365853658536586,-13.984119934075352,18435.789648784208,0.0,18421.805528850135,0,24.85249900817871,22102.05
2025-05-05 00:00:00+00:00,28.65,28.92,35.10605,70.35633,1.8985714,0.5365853658536586,-13.984119934075352,18110.157160226405,0.0,18096.173040292328,0,26.537500381469727,21711.662
2025-05-06 00:00:00+00:00,27.75,28.1,35.0687,66.54079,1.8228571,0.5365853658536586,-13.984119934075352,17596.66088161653,0.0,17582.676761682458,0,26.537500381469727,21096.049
2025-05-07 00:00:00+00:00,28.22,28.44,35.0299,62.338593,1.8507143,0.5365853658536586,-13.984119934075352,17809.573856310686,0.0,17795.589736376613,0,26.537500381469727,21351.3
2025-05-08 00:00:00+00:00,29.33,29.26,34.99785,74.81359,1.7278571,0.01,-13.984119934075352,18323.071493860378,0.0,18309.087373926304,0,26.537500381469727,21966.918
2025-05-09 00:00:00+00:00,29.65,29.21,34.9621,76.89305,1.7771429,0.5365853658536586,-13.984119934075352,18291.759835255696,0.0,18277.775715321623,0,26.668214797973633,21929.379
2025-05-12 00:00:00+00:00,32.55,32.76,34.92815,87.4778,1.6707143,0.5365853658536586,20470.069670368845,0.0,0.0,20470.069670368845,-1,0.0,24594.54
2025-05-13 00:00:00+00:00,33.03,34.25,34.93165,89.366516,1.7814286,0.5365853658536586,20470.069670368845,0.0,0.0,20470.069670368845,0,0.0,25713.158
2025-05-14 00:00:00+00:00,34.49,34.83,34.9477,89.33434,1.71,0.5365853658536586,20470.069670368845,0.0,0.0,20470.069670368845,0,0.0,26148.594
2025-05-15 00:00:00+00:00,34.42,34.96,34.96205,88.06097,1.615,0.01,20470.069670368845,0.0,0.0,20470.069670368845,0,0.0,26246.188
2025-05-16 00:00:00+00:00,35.23,35.42,34.97615,87.28584,1.62,0.01,20470.069670368845,0.0,0.0,20470.069670368845,0,0.0,26591.53
2025-05-19 00:00:00+00:00,33.93,35.51,34.99935,87.944496,1.5792857,0.5365853658536586,20470.069670368845,0.0,0.0,20470.069670368845,0,0.0,26659.098
2025-05-20 00:00:00+00:00,34.97,35.11,35.0094,87.5,1.6157143,0.5365853658536586,20470.069670368845,0.0,0.0,20470.069670368845,0,0.0,26358.8
2025-05-21 00:00:00+00:00,34.31,33.65,35.02945,84.421234,1.5164286,0.5365853658536586,20470.069670368845,0.0,0.0,20470.069670368845,0,0.0,25262.709
2025-05-22 00:00:00+00:00,33.74,33.79,35.05365,72.96173,1.5442857,0.5365853658536586,20470.069670368845,0.0,0.0,20470.069670368845,0,0.0,25367.81
2025-05-23 00:00:00+00:00,32.26,32.85,35.0911,70.04608,1.4992857,0.5365853658536586,-20.470069670369412,20459.8397504936,0.0,20439.36968082323,1,31.47357177734375,24662.104
2025-05-27 00:00:00+00:00,34.12,35.14,35.1205,67.43567,1.5535715,0.5365853658536586,-20.470069670369412,21886.112585006118,0.0,21865.64251533575,0,31.47357177734375,26381.32
2025-05-28 00:00:00+00:00,35.35,34.69,35.16555,77.62952,1.625,0.5365853658536586,-20.470069670369412,21605.84036840812,0.0,21585.37029873775,0,31.47357177734375,26043.484
2025-05-29 00:00:00+00:00,36.17,34.87,35.19655,74.31907,1.5892857,0.5365853658536586,21664.90225082723,0.0,0.0,21664.90225082723,-1,0.0,26178.62
2025-05-30 00:00:00+00:00,34.74,34.66,35.22615,72.97298,1.6021428,0.01,-21.664902250828163,21654.075213220618,0.0,21632.41031096979,1,32.48606872558594,26020.963
2025-06-02 00:00:00+00:00,34.28,35.5,35.25425,72.029106,1.6578572,0.5365853658536586,-21.664902250828163,22178.87227120666,0.0,22157.20736895583,0,32.48606872558594,26651.594
2025-06-03 00:00:00+00:00,35.55,36.31,35.2758,64.1822,1.51,0.01,-21.664902250828163,22684.925302943688,0.0,22663.26040069286,0,32.48606872558594,27259.701
2025-06-04 00:00:00+00:00,36.45,36.62,35.30105,61.469933,1.465,0.5365853658536586,-21.664902250828163,22878.598553660162,0.0,22856.933651409334,0,32.48606872558594,27492.43
2025-06-05 00:00:00+00:00,36.88,35.77,35.3163,60.275547,1.47,0.5365853658536586,-21.664902250828163,22347.556530516104,0.0,22325.891628265275,0,32.48606872558594,26854.295
2025-06-06 00:00:00+00:00,36.79,36.75,35.3268,54.294804,1.5264286,0.5365853658536586,-21.664902250828163,22959.818681712804,0.0,22938.153779461976,0,32.48606872558594,27590.03
2025-06-09 00:00:00+00:00,36.82,36.91,35.33555,56.68342,1.5607142,0.5365853658536586,-21.664902250828163,23059.78026030767,0.0,23038.115358056843,0,32.48606872558594,27710.148
2025-06-10 00:00:00+00:00,37.03,37.66,35.34645,56.986027,1.49,0.5365853658536586,-21.664902250828163,23528.3480828225,0.0,23506.683180571672,0,32.48606872558594,28273.21
2025-06-11 00:00:00+00:00,37.95,37.26,35.3583,62.295082,1.4985714,0.5365853658536586,-21.664902250828163,23278.444818579213,0.0,23256.779916328385,0,33.189998626708984,27972.91
2025-06-12 00:00:00+00:00,36.95,37.5,35.3767,69.38776,1.4307142,0.5365853658536586,-21.664902250828163,23428.386764714054,0.0,23406.721862463226,0,33.189998626708984,28153.09
2025-06-13 00:00:00+00:00,36.2,36.05,35.3911,69.71307,1.4107143,0.5365853658536586,-21.664902250828163,22522.489169212004,0.0,22500.824266961175,0,33.207855224609375,27064.504
2025-06-16 00:00:00+00:00,36.78,37.55,35.40415,66.129036,1.4135715,0.6,-21.664902250828163,23459.625836238396,0.0,23437.960933987568,0,33.207855224609375,28190.629
2025-06-17 00:00:00+00:00,36.98,36.42,35.4224,63.198246,1.3657143,0.5522388059701493,-21.664902250828163,22753.64938866653,0.0,22731.984486415702,0,33.30928421020508,27342.281
2025-06-18 00:00:00+00:00,36.62,36.4,35.44115,58.81753,1.3821429,0.6,-21.664902250828163,22741.155860648032,0.0,22719.490958397204,0,33.30928421020508,27327.268
2025-06-20 00:00:00+00:00,37.04,35.93,35.46035,57.92746,1.3271428,0.5522388059701493,-21.664902250828163,22447.519905020094,0.0,22425.855002769265,0,33.30928421020508,26974.416
2025-06-23 00:00:00+00:00,35.99,37.02,35.47135,56.40767,1.3307143,0.5522388059701493,-21.664902250828163,23128.504426884654,0.0,23106.839524633826,0,33.30928421020508,27792.732
2025-06-24 00:00:00+00:00,38.1,38.73,35.5038,57.480316,1.3471428,0.5522388059701493,-21.664902250828163,24196.838159409675,0.0,24175.173257158847,0,33.30928421020508,29076.512
2025-06-25 00:00:00+00:00,39.22,38.97,35.54575,60.940327,1.3942857,0.5522388059701493,24288.594537054458,0.0,0.0,24288.594537054458,-1,0.0,29256.691
2025-06-26 00:00:00+00:00,39.47,40.04,35.5885,60.691536,1.395,0.5522388059701493,-24.28859453705445,24276.456308900008,0.0,24252.167714362953,1,34.78714370727539,30059.994
2025-06-27 00:00:00+00:00,40.21,40.44,35.6489,69.045494,1.3271428,0.5522388059701493,-24.28859453705445,24518.97754622549,0.0,24494.688951688437,0,35.85499954223633,30360.291
2025-06-30 00:00:00+00:00,41.11,41.24,35.70595,67.35654,1.3121428,0.6,-24.28859453705445,25004.02235543144,0.0,24979.733760894385,0,36.45856857299805,30960.89
2025-07-01 00:00:00+00:00,40.78,40.17,35.76325,69.21029,1.3371428,0.5522388059701493,-24.28859453705445,24355.27342573568,0.0,24330.984831198624,0,37.30357360839844,30157.588
2025-07-02 00:00:00+00:00,39.97,40.99,35.8057,60.8283,1.3621428,0.6,-24.28859453705445,24852.444430287276,0.0,24828.15583575022,0,37.30357360839844,30773.203
2025-07-03 00:00:00+00:00,41.48,42.16,35.8474,65.528725,1.3364285,0.5522388059701493,-24.28859453705445,25561.81948922292,0.0,25537.530894685864,0,37.30357360839844,31651.578
2025-07-07 00:00:00+00:00,41.53,41.19,35.89295,68.00618,1.3792857,0.5522388059701493,-24.28859453705445,24973.70257100967,0.0,24949.413976472617,0,38.15071487426758,30923.35
2025-07-08 00:00:00+00:00,41.48,41.25,35.93605,70.626,1.3671429,0.6,-24.28859453705445,25010.082700515988,0.0,24985.794105978934,0,38.15071487426758,30968.396
2025-07-09 00:00:00+00:00,41.73,42.11,35.97905,66.78766,1.2907143,0.5522388059701493,-24.28859453705445,25531.505726063642,0.0,25507.217131526588,0,38.15071487426758,31614.041
2025-07-10 00:00:00+00:00,42.24,41.9,36.02855,76.46512,1.2814286,0.5522388059701493,-24.28859453705445,25404.181592573164,0.0,25379.89299803611,0,38.237857818603516,31456.385
2025-07-11 00:00:00+00:00,41.4,41.6,36.0647,75.13711,1.28,0.5522388059701493,-24.28859453705445,25222.288964521747,0.0,25198.000369984693,0,38.237857818603516,31231.158
2025-07-14 00:00:00+00:00,41.54,42.03,36.10085,76.32312,1.2121428,0.5522388059701493,-24.28859453705445,25482.999615660137,0.0,25458.711021123083,0,38.237857818603516,31553.979
2025-07-15 00:00:00+00:00,42.93,42.14,36.13765,74.77745,1.1728572,0.5522388059701493,-24.28859453705445,25549.694740353272,0.0,25525.406145816218,0,38.39356994628906,31636.562
2025-07-16 00:00:00+00:00,42.23,42.27,36.1725,70.035255,1.1121428,0.5522388059701493,-24.28859453705445,25628.515988191484,0.0,25604.22739365443,0,38.621429443359375,31734.162
2025-07-17 00:00:00+00:00,42.39,43.23,36.20735,69.64286,1.1564286,0.5522388059701493,-24.28859453705445,26210.569258947526,0.0,26186.28066441047,0,38.933570861816406,32454.88
2025-07-18 00:00:00+00:00,43.55,43.09,36.24305,69.24005,1.1528572,0.5522388059701493,26062.209228233725,0.0,0.0,26062.209228233725,-1,0.0,32349.777
2025-07-21 00:00:00+00:00,43.3,43.72,36.2814,66.500626,1.1228571,0.5522388059701493,-26.06220922823195,26049.184635915768,0.0,26023.122426687536,1,39.63142776489258,32822.75
2025-07-22 00:00:00+00:00,43.79,43.06,36.322,65.776085,1.1278571,0.5522388059701493,-26.06220922823195,25655.944363349783,0.0,25629.88215412155,0,40.3514289855957,32327.256
2025-07-23 00:00:00+00:00,43.31,43.62,36.3665,69.39597,1.1092857,0.5522388059701493,-26.06220922823195,25989.600387612125,0.0,25963.538178383893,0,40.3514289855957,32747.672
2025-07-24 00:00:00+00:00,43.93,43.92,36.41315,68.28929,1.1028571,0.5522388059701493,-26.06220922823195,26168.34494393929,0.0,26142.282734711058,0,40.3514289855957,32972.895
2025-07-25 00:00:00+00:00,43.87,44.21,36.46165,63.92405,1.0528572,0.5522388059701493,-26.06220922823195,26341.131472776953,0.0,26315.06926354872,0,40.611427307128906,33190.613
2025-07-28 00:00:00+00:00,44.51,44.62,36.50545,76.77305,1.0007143,0.5522388059701493,-26.06220922823195,26585.416141094352,0.0,26559.35393186612,0,41.05142593383789,33498.418
2025-07-29 00:00:00+00:00,45.2,44.39,36.55735,78.13022,0.99714285,0.01,-26.06220922823195,26448.378697701966,0.0,26422.316488473734,0,41.617855072021484,33325.746
2025-07-30 00:00:00+00:00,44.58,44.56,36.60045,71.268654,1.0078571,0.6,-26.06220922823195,26549.668520047027,0.0,26523.606310818795,0,41.617855072021484,33453.375
2025-07-31 00:00:00+00:00,46.05,43.92,36.64005,75.0,1.0264286,0.5522388059701493,-26.06220922823195,26168.342203793476,0.0,26142.279994565244,0,41.617855072021484,32972.89
2025-08-01 00:00:00+00:00,42.27,41.2,36.67725,70.4947,1.1471429,0.6,-26.06220922823195,24547.718033591667,0.0,24521.655824363435,0,41.617855072021484,30930.857
2025-08-04 00:00:00+00:00,42.33,43.47,36.7003,44.779873,1.295,0.99,-26.06220922823195,25900.226185422063,0.0,25874.16397619383,0,41.617855072021484,32635.059
2025-08-05 00:00:00+00:00,43.7,42.54,36.73005,56.577644,1.3857143,0.5522388059701493,-26.06220922823195,25346.114830748433,0.0,25320.0526215202,0,41.617855072021484,31936.863
2025-08-06 00:00:00+00:00,42.74,44.13,36.7626,51.237396,1.395,0.6,-26.06220922823195,26293.467496626155,0.0,26267.405287397924,0,41.617855072021484,33130.555
2025-08-07 00:00:00+00:00,45.15,44.58,36.80315,53.89948,1.435,0.5522388059701493,-26.06220922823195,26561.586260747856,0.0,26535.524051519624,0,41.617855072021484,33468.39
2025-08-08 00:00:00+00:00,44.85,45.8,36.84555,56.28692,1.5164286,0.5522388059701493,-26.06220922823195,27288.48441514023,0.0,27262.422205911997,0,41.617855072021484,34384.305
2025-08-11 00:00:00+00:00,45.83,45.37,36.89075,58.36013,1.5271429,0.5522388059701493,-26.06220922823195,27032.28305118027,0.0,27006.22084195204,0,41.617855072021484,34061.484
2025-08-12 00:00:00+00:00,45.89,47.06,36.9328,59.45946,1.5214286,0.6,-26.06220922823195,28039.21739416093,0.0,28013.155184932697,0,41.617855072021484,35330.254
2025-08-13 00:00:00+00:00,47.72,47.14,36.98275,62.893555,1.5842857,0.5522388059701493,28018.68941375363,0.0,0.0,28018.68941375363,-1,0.0,35390.31
2025-08-14 00:00:00+00:00,46.63,47.06,37.04185,62.271343,1.6121428,0.5522388059701493,-28.018689413755055,28004.687070218522,0.0,27976.668380804767,1,42.387142181396484,35330.254
2025-08-15 00:00:00+00:00,46.85,46.3,37.09625,61.037956,1.6242857,0.5522388059701493,-28.018689413755055,27552.421453388684,0.0,27524.40276397493,0,42.387142181396484,34759.68
2025-08-18 00:00:00+00:00,46.1,46.26,37.1437,56.334843,1.6614286,0.5522388059701493,-28.018689413755055,27528.6170063954,0.0,27500.598316981646,0,42.387142181396484,34729.65
2025-08-19 00:00:00+00:00,46.08,44.38,37.19095,57.153786,1.6085714,0.5522388059701493,-28.018689413755055,26409.859029317944,0.0,26381.84033990419,0,42.387142181396484,33318.242
2025-08-20 00:00:00+00:00,44.12,43.55,37.22355,49.391068,1.6692857,0.5522388059701493,-28.018689413755055,25915.937900351786,0.0,25887.91921093803,0,42.387142181396484,32695.12
2025-08-21 00:00:00+00:00,43.19,42.97,37.25615,48.764194,1.6642857,0.5522388059701493,-28.018689413755055,25570.78938175867,0.0,25542.770692344915,0,42.387142181396484,32259.686
2025-08-22 00:00:00+00:00,43.21,44.96,37.2999,56.897896,1.5221429,0.6,-28.018689413755055,26755.00788682419,0.0,26726.989197410436,0,42.387142181396484,33753.676
2025-08-25 00:00:00+00:00,44.54,44.51,37.3499,55.936256,1.5328572,0.5522388059701493,-28.018689413755055,26487.21885470043,0.0,26459.200165286675,0,42.387142181396484,33415.836
2025-08-26 00:00:00+00:00,44.36,45.03,37.3995,58.16073,1.4892857,0.5522388059701493,-28.018689413755055,26796.662378846315,0.0,26768.64368943256,0,42.387142181396484,33806.227
2025-08-27 00:00:00+00:00,44.8,45.25,37.445,54.090908,1.435,0.5522388059701493,-28.018689413755055,26927.582122734053,0.0,26899.563433320298,0,42.387142181396484,33971.395
2025-08-28 00:00:00+00:00,45.35,46.04,37.4771,53.110493,1.3671429,0.5522388059701493,-28.018689413755055,27397.698879247262,0.0,27369.680189833507,0,42.387142181396484,34564.484
2025-08-29 00:00:00+00:00,45.42,44.36,37.504,51.16054,1.37,0.5522388059701493,-28.018689413755055,26397.956213266563,0.0,26369.93752385281,0,42.387142181396484,33303.227
2025-09-02 00:00:00+00:00,42.25,43.27,37.5223,45.642796,1.4292858,0.5522388059701493,25682.670450401998,0.0,0.0,25682.670450401998,-1,0.0,32484.91
2025-09-03 00:00:00+00:00,44.08,44.24,37.53585,32.757053,1.4764286,0.6,-25.68267045040193,25669.835532635683,0.0,25644.15286218528,1,38.98214340209961,33213.137
2025-09-04 00:00:00+00:00,44.42,45.46,37.5549,37.794613,1.4992857,0.5522388059701493,-25.68267045040193,26377.7275599661,0.0,26352.0448895157,0,39.81071472167969,34129.05
2025-09-05 00:00:00+00:00,46.68,45.6,37.58085,43.855606,1.5364286,0.5522388059701493,-25.68267045040193,26458.96180214122,0.0,26433.27913169082,0,40.96214294433594,34234.152
2025-09-08 00:00:00+00:00,46.16,46.25,37.6117,47.177418,1.6171429,0.5522388059701493,-25.68267045040193,26836.11977131692,0.0,26810.43710086652,0,40.9907112121582,34722.14
2025-09-09 00:00:00+00:00,46.45,46.64,37.66035,49.961567,1.6578572,0.5522388059701493,-25.68267045040193,27062.41235384597,0.0,27036.72968339557,0,41.3985710144043,35014.934
2025-09-10 00:00:00+00:00,47.42,46.7,37.70695,59.80903,1.5714285,0.5522388059701493,-25.68267045040193,27097.22832738088,0.0,27071.545656930477,0,41.66642761230469,35059.98
2025-09-11 00:00:00+00:00,47.3,47.46,37.7502,64.65116,1.485,0.6,-25.68267045040193,27538.211184079995,0.0,27512.528513629593,0,41.985713958740234,35630.547
2025-09-12 00:00:00+00:00,47.67,48.09,37.79765,70.539795,1.4657143,0.5522388059701493,27836.22367835409,0.0,0.0,27836.22367835409,-1,0.0,36103.52
2025-09-15 00:00:00+00:00,48.48,49.29,37.8461,66.35319,1.3557143,0.5522388059701493,-27.836223678354145,27822.312522093045,0.0,27794.47629841469,1,43.69285583496094,37004.418
2025-09-16 00:00:00+00:00,49.52,49.15,37.89995,73.15891,1.375,0.5522388059701493,-27.836223678354145,27743.287691118985,0.0,27715.45146744063,0,45.22285842895508,36899.312
2025-09-17 00:00:00+00:00,49.13,48.84,37.9522,70.72434,1.3492857,0.5522388059701493,-27.836223678354145,27568.30399794255,0.0,27540.467774264194,0,45.22285842895508,36666.582
2025-09-18 00:00:00+00:00,50.05,50.21,37.9999,67.89631,1.4092857,0.5522388059701493,-27.836223678354145,28341.616436531152,0.0,28313.7802128528,0,45.22285842895508,37695.11
2025-09-19 00:00:00+00:00,50.63,51.16,38.05925,69.651276,1.4607143,0.5522388059701493,-27.836223678354145,28877.855146929458,0.0,28850.018923251104,0,45.98214340209961,38408.32
2025-09-22 00:00:00+00:00,50.89,52.04,38.11835,84.41296,1.39,0.01,-27.836223678354145,29374.581597236916,0.0,29346.745373558562,0,46.777854919433594,39068.98
2025-09-23 00:00:00+00:00,52.03,50.95,38.17555,95.346436,1.3042858,0.2506720279000392,-27.836223678354145,28759.318360430607,0.0,28731.482136752253,0,47.87000274658203,38250.664
2025-09-24 00:00:00+00:00,51.34,50.4,38.2254,84.26966,1.3078572,0.01,-27.836223678354145,28448.865027194577,0.0,28421.028803516223,0,47.87000274658203,37837.75
2025-09-25 00:00:00+00:00,49.43,49.73,38.26505,77.083336,1.32,0.010067039486790955,-27.836223678354145,28070.674818766656,0.0,28042.838595088302,0,47.87000274658203,37334.746
2025-09-26 00:00:00+00:00,49.92,50.34,38.3032,71.398964,1.2964286,0.5522388059701493,-27.836223678354145,28414.9975272335,0.0,28387.161303555145,0,47.87000274658203,37792.707
2025-09-29 00:00:00+00:00,51.11,51.03,38.339,71.279915,1.3064286,0.5522388059701493,-27.836223678354145,28804.476309729813,0.0,28776.64008605146,0,47.87000274658203,38310.723
2025-09-30 00:00:00+00:00,50.9,51.42,38.3832,72.149345,1.3464285,0.5522388059701493,-27.836223678354145,29024.61473749003,0.0,28996.778513811674,0,47.87000274658203,38603.51
2025-10-01 00:00:00+00:00,50.59,52.15,38.4318,73.046875,1.3414285,0.5522388059701493,-27.836223678354145,29436.67349840926,0.0,29408.837274730908,0,47.87000274658203,39151.562
2025-10-02 00:00:00+00:00,53.11,52.78,38.4727,72.96768,1.4071429,0.5522388059701493,29719.75655554009,0.0,0.0,29719.75655554009,-1,0.0,39624.527
2025-10-03 00:00:00+00:00,52.93,52.06,38.52115,72.96768,1.4192857,0.5522388059701493,-29.71975655553979,29704.90410348835,0.0,29675.18434693281,1,48.558570861816406,39083.992
2025-10-06 00:00:00+00:00,53.41,53.21,38.56135,64.23433,1.4414285,0.5522388059701493,-29.71975655553979,30361.08065209912,0.0,30331.36089554358,0,48.558570861816406,39947.35
2025-10-07 00:00:00+00:00,53.55,52.36,38.59775,68.901306,1.5128572,0.5522388059701493,-29.71975655553979,29876.080531623444,0.0,29846.360775067904,0,48.885711669921875,39309.215
2025-10-08 00:00:00+00:00,52.57,54.15,38.6329,65.60284,1.5085714,0.6,-29.71975655553979,30897.43507227391,0.0,30867.71531571837,0,48.885711669921875,40653.05
2025-10-09 00:00:00+00:00,54.14,53.93,38.70175,66.83761,1.4978571,0.38379369754904685,-29.71975655553979,30771.904002826428,0.0,30742.18424627089,0,49.62428665161133,40487.887
2025-10-10 00:00:00+00:00,54.03,48.23,38.7722,62.625343,1.4971429,0.5522388059701493,-29.71975655553979,27519.542525259476,0.0,27489.822768703936,0,49.62428665161133,36208.617
2025-10-13 00:00:00+00:00,50.76,51.33,38.809,37.935402,1.8592857,0.5522388059701493,-29.71975655553979,29288.37168717906,0.0,29258.65193062352,0,49.62428665161133,38535.94
2025-10-14 00:00:00+00:00,49.57,50.4,38.862,51.067417,1.9942857,0.3671066410713876,28684.866183703147,0.0,0.0,28684.866183703147,-1,0.0,37837.742
2025-10-15 00:00:00+00:00,51.78,51.32,38.89555,50.0,2.1035714,0.5522388059701493,28684.866183703147,0.0,0.0,28684.866183703147,0,0.0,38528.43
2025-10-16 00:00:00+00:00,52.09,50.76,38.93415,54.313618,2.1607144,0.24799531419760357,-28.68486618370298,28670.530918244025,0.0,28641.846052060322,1,45.00928497314453,38108.01
2025-10-17 00:00:00+00:00,50.16,51.67,38.97905,51.142548,2.3,0.5522388059701493,-28.68486618370298,29184.5226476468,0.0,29155.8377814631,0,45.00928497314453,38791.19
2025-10-20 00:00:00+00:00,52.5,53.65,39.03675,51.72043,2.3585715,0.375,-28.68486618370298,30302.87891827645,0.0,30274.194052092746,0,45.00928497314453,40277.676
2025-10-21 00:00:00+00:00,53.63,53.59,39.1095,55.522537,2.4378572,0.5522388059701493,-28.68486618370298,30268.989331521196,0.0,30240.304465337493,0,46.57428741455078,40232.63
2025-10-22 00:00:00+00:00,53.41,52.0,39.1836,53.688526,2.3657143,0.375,-28.68486618370298,29370.917436607404,0.0,29342.2325704237,0,46.57428741455078,39038.94
2025-10-23 00:00:00+00:00,51.85,53.28,39.23965,48.095703,2.5028572,0.5522388059701493,-28.68486618370298,30093.89452298069,0.0,30065.209656796986,0,46.57428741455078,39999.9
2025-10-24 00:00:00+00:00,54.67,54.95,39.29555,52.89924,2.5185714,0.08062799157784971,-28.68486618370298,31037.155654591126,0.0,31008.470788407423,0,46.57428741455078,41253.652
2025-10-27 00:00:00+00:00,56.94,57.91,39.37125,54.03525,2.5514286,0.01,-28.68486618370298,32709.037273763235,0.0,32680.352407579532,0,47.394287109375,43475.867
2025-10-28 00:00:00+00:00,58.5,59.22,39.46165,61.7237,2.647143,0.01,33370.09906579183,0.0,0.0,33370.09906579183,-1,0.0,44459.348
2025-10-29 00:00:00+00:00,59.96,59.8,39.5683,60.931435,2.6421428,0.1492634506672473,33370.09906579183,0.0,0.0,33370.09906579183,0,0.0,44894.78
2025-10-30 00:00:00+00:00,58.9,57.32,39.67965,62.462845,2.6985714,0.375,33370.09906579183,0.0,0.0,33370.09906579183,0,0.0,43032.926
2025-10-31 00:00:00+00:00,59.37,58.09,39.7791,72.356125,2.425,0.1646884796804145,33370.09906579183,0.0,0.0,33370.09906579183,0,0.0,43611.004
2025-11-03 00:00:00+00:00,59.67,58.84,39.86975,68.77778,2.335,0.5522388059701493,33370.09906579183,0.0,0.0,33370.09906579183,0,0.0,44174.062
2025-11-04 00:00:00+00:00,56.28,55.23,39.96835,73.68126,2.2335715,0.375,-33.37009906578896,33353.42235461452,0.0,33320.05225554873,1,51.834999084472656,41463.855
2025-11-05 00:00:00+00:00,55.03,56.32,40.03915,59.531937,2.3121428,0.5522388059701493,-33.37009906578896,34011.6752897759,0.0,33978.30519071011,0,51.834999084472656,42282.176
2025-11-06 00:00:00+00:00,55.8,53.11,40.11215,63.21293,2.2607143,0.2503898132862902,-33.37009906578896,32073.15436578336,0.0,32039.784266717572,0,51.834999084472656,39872.273
2025-11-07 00:00:00+00:00,52.17,52.58,40.1609,53.08483,2.3492856,0.5522388059701493,-33.37009906578896,31753.088402721496,0.0,31719.718303655707,0,51.834999084472656,39474.38
2025-11-10 00:00:00+00:00,54.9,56.02,40.2056,47.55596,2.4292858,0.5522388059701493,-33.37009906578896,33830.50514670529,0.0,33797.1350476395,0,51.834999084472656,42056.953
2025-11-11 00:00:00+00:00,55.33,55.59,40.2712,54.80807,2.6321428,0.01,-33.37009906578896,33570.828057116196,0.0,33537.45795805041,0,51.834999084472656,41734.13
2025-11-12 00:00:00+00:00,56.38,55.44,40.3537,57.44504,2.5264285,0.5522388059701493,-33.37009906578896,33480.24181462079,0.0,33446.871715555004,0,51.834999084472656,41621.51
2025-11-13 00:00:00+00:00,54.49,52.05,40.42655,54.699738,2.5314286,0.375,-33.37009906578896,31433.02033326528,0.0,31399.650234199493,0,51.834999084472656,39076.477
2025-11-14 00:00:00+00:00,49.71,52.07,40.48405,44.129555,2.672857,0.5522388059701493,31364.55951746194,0.0,0.0,31364.55951746194,-1,0.0,39091.49
2025-11-17 00:00:00+00:00,51.4,50.74,40.539,36.580883,2.7471428,0.5522388059701493,-31.364559517460293,31348.88507492448,0.0,31317.52051540702,1,44.051429748535156,38092.996
2025-11-18 00:00:00+00:00,49.64,48.9,40.58815,30.532598,2.85,0.6,-31.364559517460293,30212.071456209145,0.0,30180.706896691685,0,44.051429748535156,36711.617
2025-11-19 00:00:00+00:00,49.04,49.72,40.63335,26.345486,2.9378572,0.6,-31.364559517460293,30718.695638385976,0.0,30687.331078868516,0,44.051429748535156,37327.23
2025-11-20 00:00:00+00:00,52.67,46.25,40.67535,32.22638,2.9578571,0.5522388059701493,-31.364559517460293,28574.812061503875,0.0,28543.447501986415,0,44.051429748535156,34722.13
2025-11-21 00:00:00+00:00,46.48,47.19,40.69725,25.415283,3.3235714,0.5522388059701493,-31.364559517460293,29155.576525977835,0.0,29124.211966460374,0,44.051429748535156,35427.836
2025-11-24 00:00:00+00:00,48.43,50.85,40.72075,25.999176,3.47,0.5522388059701493,-31.364559517460293,31416.846768140353,0.0,31385.482208622892,0,44.051429748535156,38175.574
2025-11-25 00:00:00+00:00,50.35,51.75,40.7707,40.995068,3.4814286,0.5522388059701493,-31.364559517460293,31972.897385419474,0.0,31941.532825902013,0,44.051429748535156,38851.246
2025-11-26 00:00:00+00:00,52.63,53.09,40.81785,40.53046,3.5342858,0.5522388059701493,-31.364559517460293,32800.79362122901,0.0,32769.42906171155,0,44.051429748535156,39857.25
2025-11-28 00:00:00+00:00,53.53,54.29,40.8734,49.95508,3.41,0.5522388059701493,-31.364559517460293,33542.195016755846,0.0,33510.830457238386,0,44.051429748535156,40758.15
2025-12-01 00:00:00+00:00,52.83,53.74,40.9345,53.72874,3.2528572,0.5522388059701493,-31.364559517460293,33202.38698673359,0.0,33171.02242721613,0,44.060001373291016,40345.234
2025-12-02 00:00:00+00:00,54.3,55.0,40.98385,44.31138,3.1157143,0.5522388059701493,-31.364559517460293,33980.856868141535,0.0,33949.492308624074,0,44.060001373291016,41291.18
2025-12-03 00:00:00+00:00,54.38,55.37,41.037,48.586487,3.13,0.1660784677492818,-31.364559517460293,34209.45352145791,0.0,34178.08896194045,0,45.652854919433594,41568.957
2025-12-04 00:00:00+00:00,55.74,55.2,41.09075,49.834045,3.117143,0.5522388059701493,-31.364559517460293,34104.42245129166,0.0,34073.0578917742,0,45.97999954223633,41441.332
2025-12-05 00:00:00+00:00,55.56,55.89,41.14325,58.813656,2.9314287,0.5522388059701493,-31.364559517460293,34530.72529259443,0.0,34499.36073307697,0,45.97999954223633,41959.344
2025-12-08 00:00:00+00:00,56.22,55.49,41.20225,60.302048,2.7485714,0.5522388059701493,-31.364559517460293,34283.59410900995,0.0,34252.22954949249,0,47.0957145690918,41659.047
2025-12-09 00:00:00+00:00,55.14,55.69,41.2729,63.486656,2.6535714,0.5522388059701493,-31.364559517460293,34407.15813587732,0.0,34375.79357635986,0,47.244285583496094,41809.19
2025-12-10 00:00:00+00:00,55.34,56.36,41.3522,71.25861,2.5114286,0.5522388059701493,-31.364559517460293,34821.10924916657,0.0,34789.74468964911,0,47.729286193847656,42312.2
2025-12-11 00:00:00+00:00,55.31,55.8,41.44245,70.98609,2.4664285,0.5522388059701493,-31.364559517460293,34475.12134909153,0.0,34443.75678957407,0,48.825714111328125,41891.773
2025-12-12 00:00:00+00:00,54.78,52.53,41.5287,86.98683,2.145,0.5522388059701493,-31.364559517460293,32454.804969835215,0.0,32423.440410317755,0,48.825714111328125,39436.83
2025-12-15 00:00:00+00:00,53.76,51.76,41.6145,67.519684,2.1485715,0.6,-31.364559517460293,31979.07360223485,0.0,31947.70904271739,0,48.825714111328125,38858.75
2025-12-16 00:00:00+00:00,51.13,52.07,41.6884,53.68421,2.03,0.5522388059701493,-31.364559517460293,32170.60247530293,0.0,32139.23791578547,0,48.825714111328125,39091.48
2025-12-17 00:00:00+00:00,52.36,49.12,41.7756,51.360546,1.915,0.5522388059701493,-31.364559517460293,30347.992662936693,0.0,30316.628103419233,0,48.825714111328125,36876.773
2025-12-18 00:00:00+00:00,51.39,51.3,41.85015,35.153328,2.0285714,0.6,-31.364559517460293,31694.87122448596,0.0,31663.5066649685,0,48.825714111328125,38513.406
2025-12-19 00:00:00+00:00,51.91,53.21,41.92875,39.581882,2.1607144,0.5522388059701493,-31.364559517460293,32874.932202459466,0.0,32843.567642942005,0,48.825714111328125,39947.336
2025-12-22 00:00:00+00:00,54.52,53.93,42.03175,48.313175,2.1764286,0.5522388059701493,-31.364559517460293,33319.77366833425,0.0,33288.40910881679,0,48.825714111328125,40487.875
2025-12-23 00:00:00+00:00,53.66,54.7,42.1348,46.4733,2.152857,0.5522388059701493,-31.364559517460293,33795.50725989439,0.0,33764.14270037693,0,48.825714111328125,41065.957
2025-12-24 00:00:00+00:00,54.64,55.15,42.26085,47.848427,2.1221428,0.5522388059701493,-31.364559517460293,34073.53452633866,0.0,34042.1699668212,0,48.825714111328125,41403.793
2025-12-26 00:00:00+00:00,55.3,55.07,42.3903,49.84227,2.067857,0.5522388059701493,-31.364559517460293,34024.10751712763,0.0,33992.74295761017,0,48.825714111328125,41343.73
2025-12-29 00:00:00+00:00,54.07,54.3,42.5146,47.30971,2.0007143,0.5522388059701493,-31.364559517460293,33548.374403022746,0.0,33517.009843505286,0,48.86642837524414,40765.652
2025-12-30 00:00:00+00:00,53.99,53.88,42.6434,46.18834,1.9621428,0.5522388059701493,-31.364559517460293,33288.885257175694,0.0,33257.520697658234,0,48.86642837524414,40450.34
2025-12-31 00:00:00+00:00,53.87,52.51,42.7599,44.28301,1.9357142,0.5522388059701493,-31.364559517460293,32442.451294084658,0.0,32411.086734567198,0,48.86642837524414,39421.812
2026-01-02 00:00:00+00:00,53.94,52.15,42.8667,38.354507,1.8907143,0.5522388059701493,-31.364559517460293,32220.032795670086,0.0,32188.668236152625,0,48.86642837524414,39151.543
2026-01-05 00:00:00+00:00,53.74,53.35,42.9796,38.82425,1.9292858,0.5522388059701493,-31.364559517460293,32961.43161302059,0.0,32930.06705350313,0,48.86642837524414,40052.44
2026-01-06 00:00:00+00:00,53.71,54.8,43.0928,52.875175,1.7942857,0.5522388059701493,-31.364559517460293,33857.290453865106,0.0,33825.925894347645,0,48.86642837524414,41141.027
2026-01-07 00:00:00+00:00,54.69,54.94,43.21475,60.17403,1.7428571,0.5522388059701493,-31.364559517460293,33943.78818885484,0.0,33912.42362933738,0,49.41714096069336,41246.133
2026-01-08 00:00:00+00:00,54.63,53.97,43.3357,59.71564,1.7257143,0.5522388059701493,-31.364559517460293,33344.49189063654,0.0,33313.12733111908,0,49.71142578125,40517.91
2026-01-09 00:00:00+00:00,54.14,55.56,43.44215,68.96013,1.6014286,0.5522388059701493,-31.364559517460293,34326.846889629516,0.0,34295.482330112056,0,49.71142578125,41711.6
2026-01-12 00:00:00+00:00,54.39,55.68,43.55375,67.459015,1.5464286,0.5522388059701493,-31.364559517460293,34400.98717749924,0.0,34369.62261798178,0,50.755714416503906,41801.69
2026-01-13 00:00:00+00:00,55.67,55.38,43.6751,61.863594,1.5235714,0.5522388059701493,-31.364559517460293,34215.63802094533,0.0,34184.27346142787,0,51.040714263916016,41576.465
2026-01-14 00:00:00+00:00,54.3,53.63,43.79775,57.257256,1.535,0.5522388059701493,-31.364559517460293,33134.427990514276,0.0,33103.063430996815,0,51.040714263916016,40262.656
2026-01-15 00:00:00+00:00,55.42,54.16,43.92385,45.123062,1.67,0.6,-31.364559517460293,33461.877321847154,0.0,33430.512762329694,0,51.040714263916016,40660.547
2026-01-16 00:00:00+00:00,55.1,53.93,44.05275,45.520363,1.7635714,0.5522388059701493,-31.364559517460293,33319.77636936793,0.0,33288.41180985047,0,51.040714263916016,40487.875
2026-01-20 00:00:00+00:00,51.2,50.49,44.1772,44.910713,1.8521428,0.5522388059701493,-31.364559517460293,31194.428204339238,0.0,31163.063644821777,0,51.040714263916016,37905.3
2026-01-21 00:00:00+00:00,50.88,52.51,44.28115,36.26532,2.0157142,0.6,32362.421340591838,0.0,0.0,32362.421340591838,-1,0.0,39421.81
2026-01-22 00:00:00+00:00,54.1,53.69,44.4192,45.572075,2.1842856,0.5522388059701493,-32.362421340592846,32346.248216483596,0.0,32313.885795143004,1,46.46285629272461,40307.695
2026-01-23 00:00:00+00:00,53.35,54.2,44.58585,53.861256,2.1871428,0.5522388059701493,-32.362421340592846,32653.50759049205,0.0,32621.145169151456,0,47.137142181396484,40690.58
2026-01-26 00:00:00+00:00,54.23,54.87,44.7549,56.642902,2.0807142,0.5522388059701493,-32.362421340592846,33057.158682140536,0.0,33024.79626079994,0,47.638572692871094,41193.582
2026-01-27 00:00:00+00:00,55.77,56.33,44.93275,55.10067,2.04,0.5522388059701493,-32.362421340592846,33936.75506070114,0.0,33904.39263936055,0,48.62785720825195,42289.67
2026-01-28 00:00:00+00:00,57.46,56.75,45.08405,55.130783,2.047857,0.5522388059701493,-32.362421340592846,34189.78968599614,0.0,34157.42726465555,0,50.21000289916992,42604.984
2026-01-29 00:00:00+00:00,56.72,55.81,45.25345,55.957867,2.0514286,0.5522388059701493,-32.362421340592846,33623.47572754261,0.0,33591.113306202016,0,50.60643005371094,41899.285
2026-01-30 00:00:00+00:00,54.77,53.74,45.41215,56.0686,2.227857,0.5522388059701493,-32.362421340592846,32376.376887216407,0.0,32344.014465875814,0,50.60643005371094,40345.234
2026-02-02 00:00:00+00:00,52.95,54.9,45.55815,44.181587,2.2571428,0.5522388059701493,-32.362421340592846,33075.23602042683,0.0,33042.87359908624,0,50.60643005371094,41216.105
2026-02-03 00:00:00+00:00,55.42,52.3,45.70935,47.66187,2.3164287,0.5522388059701493,-32.362421340592846,31508.83020077057,0.0,31476.46777942998,0,50.60643005371094,39264.16
2026-02-04 00:00:00+00:00,51.91,49.57,45.8586,41.886196,2.537857,0.5522388059701493,-32.362421340592846,29864.106215744985,0.0,29831.743794404392,0,50.60643005371094,37214.617
2026-02-05 00:00:00+00:00,48.17,47.43,45.9946,39.82966,2.6064286,0.5522388059701493,28499.60965492926,0.0,0.0,28499.60965492926,-1,0.0,35608.01
2026-02-06 00:00:00+00:00,48.13,50.38,46.1279,34.399628,2.6578572,0.6,-28.499609654929372,28485.36697144354,0.0,28456.86736178861,1,39.610713958740234,37822.723
2026-02-09 00:00:00+00:00,49.86,51.56,46.2682,42.692467,2.7664285,0.5522388059701493,-28.499609654929372,29152.55131619004,0.0,29124.051706535112,0,42.406429290771484,38708.61
2026-02-10 00:00:00+00:00,51.77,50.82,46.40675,52.428505,2.7057142,0.5522388059701493,-28.499609654929372,28734.146261145346,0.0,28705.646651490417,0,43.26071548461914,38153.05
2026-02-11 00:00:00+00:00,52.0,51.15,46.53165,45.92771,2.5914285,0.5522388059701493,-28.499609654929372,28920.733405894167,0.0,28892.233796239238,0,43.26071548461914,38400.8
2026-02-12 00:00:00+00:00,51.59,48.07,46.65395,43.61809,2.6514285,0.5522388059701493,-28.499609654929372,27179.268102149057,0.0,27150.768492494128,0,43.37571716308594,36088.492
2026-02-13 00:00:00+00:00,47.93,48.28,46.76095,36.359592,2.817143,0.6,-28.499609654929372,27298.00516056679,0.0,27269.50555091186,0,43.37571716308594,36246.152
2026-02-17 00:00:00+00:00,47.47,48.13,46.8665,35.029533,2.8878572,0.5522388059701493,-28.499609654929372,27213.194830832144,0.0,27184.695221177215,0,43.37571716308594,36133.543
2026-02-18 00:00:00+00:00,48.31,49.2,46.97115,30.193237,2.9471428,0.5522388059701493,-28.499609654929372,27818.18387278007,0.0,27789.684263125142,0,43.37571716308594,36936.844
2026-02-19 00:00:00+00:00,48.46,48.63,47.0765,32.3185,2.9957142,0.5522388059701493,-28.499609654929372,27495.90034258339,0.0,27467.40073292846,0,43.37571716308594,36508.918
2026-02-20 00:00:00+00:00,47.74,49.87,47.17245,32.888466,2.7885714,0.5522388059701493,-28.499609654929372,28197.00809389063,0.0,28168.5084842357,0,43.37571716308594,37439.844
2026-02-23 00:00:00+00:00,49.32,48.05,47.2772,40.397022,2.7857144,0.5522388059701493,-28.499609654929372,27167.960801017267,0.0,27139.461191362338,0,43.37571716308594,36073.48
2026-02-24 00:00:00+00:00,48.25,49.59,47.37695,33.541565,2.775,0.5522388059701493,-28.499609654929372,28038.69431260316,0.0,28010.19470294823,0,43.37571716308594,37229.637
2026-02-25 00:00:00+00:00,50.35,51.69,47.4827,43.13924,2.6007142,0.5522388059701493,-28.499609654929372,29226.054305517748,0.0,29197.55469586282,0,43.37571716308594,38806.207
2026-02-26 00:00:00+00:00,51.42,49.84,47.59485,55.543934,2.4657142,0.5522388059701493,-28.499609654929372,28180.046088520034,0.0,28151.546478865104,0,43.887855529785156,37417.324
2026-02-27 00:00:00+00:00,48.26,49.32,47.698,56.399364,2.5,0.5522388059701493,-28.499609654929372,27886.033076619082,0.0,27857.533466964152,0,43.887855529785156,37026.934
2026-03-02 00:00:00+00:00,47.31,49.49,47.7808,46.76829,2.3857143,0.5522388059701493,-28.499609654929372,27982.154464864954,0.0,27953.654855210025,0,43.887855529785156,37154.566
2026-03-03 00:00:00+00:00,46.62,47.92,47.857,43.274853,2.392857,0.6,-28.499609654929372,27094.457603740473,0.0,27065.957994085544,0,43.887855529785156,35975.887
2026-03-04 00:00:00+00:00,48.5,50.04,47.92245,41.06042,2.567857,0.5522388059701493,-28.499609654929372,28293.129269894114,0.0,28264.629660239185,0,43.887855529785156,37567.477
2026-03-05 00:00:00+00:00,49.24,49.63,47.99785,46.918377,2.5835714,0.5522388059701493,-28.499609654929372,28061.31140280416,0.0,28032.81179314923,0,43.887855529785156,37259.668
2026-03-06 00:00:00+00:00,47.48,47.35,48.0689,55.084747,2.4771428,0.5522388059701493,-28.499609654929372,26772.175263819343,0.0,26743.675654164414,0,43.887855529785156,35547.96
2026-03-09 00:00:00+00:00,46.02,49.21,48.1281,47.32912,2.4942858,0.5522388059701493,-28.499609654929372,27823.838896821268,0.0,27795.33928716634,0,43.887855529785156,36944.355
2026-03-10 00:00:00+00:00,49.22,49.17,48.1986,52.82427,2.6157143,0.5522388059701493,-28.499609654929372,27801.22122802122,0.0,27772.72161836629,0,43.887855529785156,36914.324
2026-03-11 00:00:00+00:00,49.48,49.18,48.2762,49.91708,2.5978572,0.5522388059701493,-28.499609654929372,27806.87519151731,0.0,27778.37558186238,0,43.887855529785156,36921.832
2026-03-12 00:00:00+00:00,47.96,46.64,48.35315,51.56874,2.6364286,0.5522388059701493,-28.499609654929372,26370.73330091261,0.0,26342.23369125768,0,43.887855529785156,35014.926
2026-03-13 00:00:00+00:00,47.15,45.73,48.4221,41.42326,2.6335714,0.6,-28.499609654929372,25856.20961885948,0.0,25827.71000920455,0,43.887855529785156,34331.746
2026-03-16 00:00:00+00:00,47.19,47.31,48.47505,43.526787,2.6464286,0.5522388059701493,-28.499609654929372,26749.558902346478,0.0,26721.05929269155,0,43.887855529785156,35517.93
2026-03-17 00:00:00+00:00,47.93,48.02,48.53815,43.65256,2.6571429,0.5522388059701493,-28.499609654929372,27150.999608572743,0.0,27122.499998917814,0,43.887855529785156,36050.96
2026-03-18 00:00:00+00:00,47.5,45.92,48.6039,38.92577,2.5928571,0.375,-28.499609654929372,25963.637288697348,0.0,25935.13767904242,0,44.03428649902344,34474.387
2026-03-19 00:00:00+00:00,44.7,45.49,48.6602,38.347206,2.5192857,0.5522388059701493,-28.499609654929372,25720.513557958653,0.0,25692.013948303724,0,44.03428649902344,34151.57
2026-03-20 00:00:00+00:00,45.01,42.94,48.71015,38.553497,2.5357144,0.5522388059701493,-28.499609654929372,24278.716202226937,0.0,24250.216592572007,0,44.03428649902344,32237.158
2026-03-23 00:00:00+00:00,44.93,44.44,48.7433,32.862377,2.5685713,0.6,-28.499609654929372,25126.832314258823,0.0,25098.332704603894,0,44.03428649902344,33363.28
2026-03-24 00:00:00+00:00,43.67,43.45,48.7824,40.861343,2.5014286,0.5522388059701493,24501.727213106133,0.0,0.0,24501.727213106133,-1,0.0,32620.043
2026-03-25 00:00:00+00:00,44.6,44.3,48.8208,31.602457,2.4121428,0.5522388059701493,-24.50172721310446,24489.4824718702,0.0,24464.980744657096,1,39.69785690307617,33258.18
2026-03-26 00:00:00+00:00,43.13,41.14,48.85855,35.47684,2.3478572,0.5522388059701493,-24.50172721310446,22742.603629830603,0.0,22718.101902617498,0,40.681785583496094,30885.816
2026-03-27 00:00:00+00:00,40.46,38.68,48.8797,33.853355,2.3914285,0.6,21326.11575836198,0.0,0.0,21326.11575836198,-1,0.0,29038.973
2026-03-30 00:00:00+00:00,39.66,37.8,48.8848,23.44932,2.2792857,0.6,-21.326115758361993,21315.458029347305,0.0,21294.131913588943,1,35.092857360839844,28378.312
2026-03-31 00:00:00+00:00,39.04,41.6,48.8875,22.496372,2.327143,0.5522388059701493,-21.326115758361993,23458.28130118103,0.0,23436.955185422667,0,35.092857360839844,31231.158
2026-04-01 00:00:00+00:00,42.53,43.01,48.908,34.505314,2.4942858,0.5522388059701493,-21.326115758361993,24253.380539452537,0.0,24232.054423694175,0,38.109283447265625,32289.713
2026-04-02 00:00:00+00:00,40.81,43.22,48.9428,42.220318,2.4707143,0.5522388059701493,-21.326115758361993,24371.80235788957,0.0,24350.476242131208,0,39.26856994628906,32447.373
2026-04-06 00:00:00+00:00,43.54,43.97,48.97115,44.454266,2.507857,0.5522388059701493,-21.326115758361993,24794.72765439088,0.0,24773.40153863252,0,39.51393127441406,33010.434
2026-04-07 00:00:00+00:00,43.4,44.1,49.0089,42.33945,2.4335713,0.5522388059701493,-21.326115758361993,24868.03350448622,0.0,24846.707388727857,0,40.208213806152344,33108.03
2026-04-08 00:00:00+00:00,48.56,47.91,49.0474,40.76343,2.51,0.5522388059701493,26954.64516930167,0.0,0.0,26954.64516930167,-1,0.0,35968.383
2026-04-09 00:00:00+00:00,47.9,48.86,49.1073,54.339294,2.692143,0.375,-26.95464516930224,26941.174582010666,0.0,26914.219936841364,1,44.14500045776367,36681.6
2026-04-10 00:00:00+00:00,49.27,49.06,49.1665,57.1855,2.6757143,0.5,-26.95464516930224,27051.452605685452,0.0,27024.49796051615,0,44.82178497314453,36831.75
2026-04-13 00:00:00+00:00,48.67,50.58,49.21815,64.50237,2.505,0.5522388059701493,-26.95464516930224,27889.57408331531,0.0,27862.619438146008,0,45.04642868041992,37972.89
2026-04-14 00:00:00+00:00,51.28,53.26,49.2762,64.53599,2.4514287,0.4845148113155116,-26.95464516930224,29367.31182735263,0.0,29340.35718218333,0,45.04642868041992,39984.895
2026-04-15 00:00:00+00:00,53.44,55.53,49.3423,71.50372,2.545,0.375,-26.95464516930224,30618.980010233157,0.0,30592.025365063855,0,45.90571212768555,41689.094
2026-04-16 00:00:00+00:00,56.04,56.3,49.41775,73.17375,2.5964286,0.01,30970.035807816646,0.0,0.0,30970.035807816646,-1,0.0,42267.176
2026-04-17 00:00:00+00:00,57.72,58.47,49.49305,84.70696,2.4942858,0.01,30970.035807816646,0.0,0.0,30970.035807816646,0,0.0,43896.305
2026-04-20 00:00:00+00:00,58.33,57.94,49.58455,95.91647,2.4828572,0.24257322538287385,30970.035807816646,0.0,0.0,30970.035807816646,0,0.0,43498.406
2026-04-21 00:00:00+00:00,58.23,57.25,49.6693,97.5,2.4214287,0.5522388059701493,30970.035807816646,0.0,0.0,30970.035807816646,0,0.0,42980.39
2026-04-22 00:00:00+00:00,58.81,60.09,49.74475,93.25594,2.2814286,0.5522388059701493,30970.035807816646,0.0,0.0,30970.035807816646,0,0.0,45112.52
2026-04-23 00:00:00+00:00,59.63,59.08,49.83925,93.75,2.3264287,0.5522388059701493,30970.035807816646,0.0,0.0,30970.035807816646,0,0.0,44354.26
2026-04-24 00:00:00+00:00,60.93,62.43,49.9284,89.02559,2.327143,0.375,30970.035807816646,0.0,0.0,30970.035807816646,0,0.0,46869.27
2026-04-27 00:00:00+00:00,62.27,62.48,50.03,90.27051,2.4828572,0.5522388059701493,30970.035807816646,0.0,0.0,30970.035807816646,0,0.0,46906.805
2026-04-28 00:00:00+00:00,60.58,60.6,50.1329,90.23643,2.3907142,0.5522388059701493,30970.035807816646,0.0,0.0,30970.035807816646,0,0.0,45495.395
2026-04-29 00:00:00+00:00,60.82,61.69,50.2279,80.34433,2.2657142,0.375,30970.035807816646,0.0,0.0,30970.035807816646,0,0.0,46313.71
2026-04-30 00:00:00+00:00,62.75,63.34,50.3262,80.47506,2.2392857,0.5522388059701493,30970.035807816646,0.0,0.0,30970.035807816646,0,0.0,47552.45
2026-05-01 00:00:00+00:00,63.79,65.12,50.4322,81.73333,2.3878572,0.5522388059701493,30970.035807816646,0.0,0.0,30970.035807816646,0,0.0,48888.785
2026-05-04 00:00:00+00:00,65.27,64.77,50.54645,81.942,2.3921428,0.35497195332120224,30970.035807816646,0.0,0.0,30970.035807816646,0,0.0,48626.016
2026-05-05 00:00:00+00:00,66.23,67.24,50.65415,78.16936,2.3592858,0.5522388059701493,30970.035807816646,0.0,0.0,30970.035807816646,0,0.0,50480.367
2026-05-06 00:00:00+00:00,69.08,71.41,50.7749,78.381,2.3914285,0.5522388059701493,30970.035807816646,0.0,0.0,30970.035807816646,0,0.0,53610.992
2026-05-07 00:00:00+00:00,71.72,71.17,50.91335,81.439865,2.565,0.24073937103452772,30970.035807816646,0.0,0.0,30970.035807816646,0,0.0,53430.81
2026-05-08 00:00:00+00:00,72.69,76.11,51.0539,78.73303,2.5921428,0.5522388059701493,30970.035807816646,0.0,0.0,30970.035807816646,0,0.0,57139.51
2026-05-11 00:00:00+00:00,75.84,76.79,51.21635,84.27009,2.8242857,0.375,30970.035807816646,0.0,0.0,30970.035807816646,0,0.0,57650.023
2026-05-12 00:00:00+00:00,75.13,74.76,51.3807,86.86793,2.7992857,0.5522388059701493,30970.035807816646,0.0,0.0,30970.035807816646,0,0.0,56126.004
2026-05-13 00:00:00+00:00,75.64,77.09,51.53345,78.55196,2.9764285,0.3421268632674418,30970.035807816646,0.0,0.0,30970.035807816646,0,0.0,57875.242
2026-05-14 00:00:00+00:00,77.13,78.76,51.6958,83.3395,3.022143,0.01,30970.035807816646,0.0,0.0,30970.035807816646,0,0.0,59129.0
2026-05-15 00:00:00+00:00,75.55,75.17,51.86765,82.234505,2.95,0.26765410305802856,30970.035807816646,0.0,0.0,30970.035807816646,0,0.0,56433.805
2026-05-18 00:00:00+00:00,75.89,74.11,52.0207,71.97783,3.2114286,0.5522388059701493,30970.035807816646,0.0,0.0,30970.035807816646,0,0.0,55638.01
2026-05-19 00:00:00+00:00,72.24,72.78,52.17165,74.08199,3.297857,0.3139724413793308,-30.970035807815293,30954.55852855237,0.0,30923.588492744555,1,64.47571563720703,54639.516
2026-05-20 00:00:00+00:00,73.94,76.32,52.32955,69.60056,3.4485714,0.3895389873839827,-30.970035807815293,32460.18126963408,0.0,32429.211233826263,0,64.47571563720703,57297.168
2026-05-21 00:00:00+00:00,74.94,76.72,52.4938,71.50431,3.485,0.01,-30.970035807815293,32630.31013126413,0.0,32599.340095456315,0,65.97428894042969,57597.47
2026-05-22 00:00:00+00:00,77.85,77.62,52.6647,70.138885,3.5528572,0.01,-30.970035807815293,33013.097231232,0.0,32982.12719542418,0,66.26499938964844,58273.15
2026-05-26 00:00:00+00:00,80.39,81.77,52.83215,71.89097,3.5642858,0.2586291824693075,34695.02123139713,0.0,0.0,34695.02123139713,-1,0.0,61388.75
2026-05-27 00:00:00+00:00,82.68,81.51,53.0181,73.41283,3.68,0.375,34695.02123139713,0.0,0.0,34695.02123139713,0,0.0,61193.56
2026-05-28 00:00:00+00:00,81.66,83.5,53.19665,68.62094,3.557143,0.352357413336355,34695.02123139713,0.0,0.0,34695.02123139713,0,0.0,62687.55
2026-05-29 00:00:00+00:00,84.19,84.35,53.3873,71.35435,3.5928571,0.1610018485479345,34695.02123139713,0.0,0.0,34695.02123139713,0,0.0,63325.688
2026-06-01 00:00:00+00:00,83.96,85.85,53.57375,66.62631,3.3914285,0.375,34695.02123139713,0.0,0.0,34695.02123139713,0,0.0,64451.81
2026-06-02 00:00:00+00:00,85.74,87.07,53.7673,67.69531,3.497857,0.48568193186239095,34695.02123139713,0.0,0.0,34695.02123139713,0,0.0,65367.723
2026-06-03 00:00:00+00:00,87.47,86.35,53.96735,74.82856,3.2892857,0.5522388059701493,34695.02123139713,0.0,0.0,34695.02123139713,0,0.0,64827.18
2026-06-04 00:00:00+00:00,83.25,85.01,54.1676,69.97411,3.2114286,0.5522388059701493,-34.69502123139682,34677.682390202026,0.0,34642.98736897063,1,76.48213958740234,63821.176
2026-06-05 00:00:00+00:00,81.37,72.81,54.36135,63.676147,3.3235714,0.375,-34.69502123139682,29700.997798816315,0.0,29666.30277758492,0,76.48213958740234,54662.03
2026-06-08 00:00:00+00:00,76.59,76.1,54.5035,46.249207,3.8807142,0.5522388059701493,-34.69502123139682,31043.07189676481,0.0,31008.376875533413,0,76.48213958740234,57132.0
2026-06-09 00:00:00+00:00,78.3,73.52,54.66625,52.9534,3.9757142,0.2296935343036729,-34.69502123139682,29990.625946468383,0.0,29955.930925236986,0,76.48213958740234,55195.07
2026-06-10 00:00:00+00:00,71.42,69.17,54.819,51.05896,4.6192856,0.5522388059701493,28139.1344171875,0.0,0.0,28139.1344171875,-1,0.0,51929.312
2026-06-11 00:00:00+00:00,70.6,75.92,54.94005,40.0,4.77,0.5522388059701493,-28.139134417186142,28125.071881246877,0.0,28096.93274682969,1,55.31214141845703,56996.87
2026-06-12 00:00:00+00:00,76.14,77.33,55.0971,49.04988,5.0542855,0.01,-28.139134417186142,28647.416658084567,0.0,28619.27752366738,0,61.61000061035156,58055.43
2026-06-15 00:00:00+00:00,82.72,84.51,55.2586,49.659706,5.169286,0.01,31232.19420524538,0.0,0.0,31232.19420524538,-1,0.0,63445.805
2026-06-16 00:00:00+00:00,83.97,79.82,55.4549,53.00175,5.385714,0.01,31232.19420524538,0.0,0.0,31232.19420524538,0,0.0,59924.793
2026-06-17 00:00:00+00:00,81.45,77.41,55.6238,48.312363,5.5542855,0.01,31232.19420524538,0.0,0.0,31232.19420524538,0,0.0,58115.49
2026-06-18 00:00:00+00:00,81.78,82.78,55.78905,43.9691,5.66,0.5522388059701493,31232.19420524538,0.0,0.0,31232.19420524538,0,0.0,62147.008
2026-06-22 00:00:00+00:00,83.68,82.48,55.9866,48.572987,5.9335713,0.01,-31.232194205244014,31216.58591228924,0.0,31185.353718083996,1,65.80000305175781,61921.78
2026-06-23 00:00:00+00:00,74.96,74.21,56.1778,46.86861,5.962143,0.5522388059701493,-31.232194205244014,28086.60015232196,0.0,28055.367958116716,0,65.80000305175781,55713.086
2026-06-24 00:00:00+00:00,74.79,73.35,56.32155,39.43477,6.4071426,0.5522388059701493,-31.232194205244014,27761.111501057323,0.0,27729.87930685208,0,65.80000305175781,55067.438
2026-06-25 00:00:00+00:00,77.945,74.79,56.4603,39.34426,6.5607142,0.23051314609379456,-31.232194205244014,28306.117138172758,0.0,28274.884943967514,0,65.80000305175781,56148.523
2026-06-26 00:00:00+00:00,72.1,71.6,56.603,41.63666,6.7435713,0.2707671140656279,-31.232194205244014,27098.78238767001,0.0,27067.550193464765,0,65.80000305175781,53753.633
2026-06-29 00:00:00+00:00,74.16,77.24,56.7278,48.83855,6.1392856,0.5522388059701493,-31.232194205244014,29233.38044343113,0.0,29202.148249225887,0,65.80000305175781,57987.863
2026-06-30 00:00:00+00:00,77.3,80.99,56.8805,51.047024,6.169286,0.01,-31.232194205244014,30652.66134832678,0.0,30621.429154121535,0,65.80000305175781,60803.176
2026-07-01 00:00:00+00:00,78.745,77.49,57.04815,56.71642,5.5857143,0.01,-31.232194205244014,29327.999991517718,0.0,29296.767797312474,0,65.80000305175781,58175.555
2026-07-02 00:00:00+00:00,77.45,73.3,57.19515,57.596786,5.4492855,0.5522388059701493,-31.232194205244014,27742.193198763478,0.0,27710.961004558234,0,65.80000305175781,55029.918
2026-07-06 00:00:00+00:00,75.53,76.255,57.3152,47.49042,5.457857,0.5522388059701493,-31.232194205244014,28860.58422707056,0.0,28829.352032865318,0,65.80000305175781,57248.38
2026-07-07 00:00:00+00:00,73.695,72.18,57.450726,48.99991,5.4660716,0.3481701486170329,-31.232194205244014,27318.301137072904,0.0,27287.06894286766,0,65.80000305175781,54189.08
2026-07-08 00:00:00+00:00,70.81,72.725,57.567425,37.82583,5.3228574,0.5522388059701493,-31.232194205244014,27524.57062489747,0.0,27493.338430692227,0,65.80000305175781,54598.234
2026-07-09 00:00:00+00:00,74.85,76.26,57.68,42.370148,5.2178574,0.5522388059701493,-31.232194205244014,28862.480170967952,0.0,28831.24797676271,0,65.80000305175781,57252.137
2026-07-10 00:00:00+00:00,75.635,77.11,57.8055,48.792522,5.1514287,0.11716775572505515,-31.232194205244014,29184.183354140358,0.0,29152.951159935114,0,65.80000305175781,57890.273
2026-07-13 00:00:00+00:00,74.55,72.73,57.93085,43.422276,4.9385715,0.4377924748513311,-31.232194205244014,27526.465846988875,0.0,27495.23365278363,0,65.80000305175781,54601.992
2026-07-14 00:00:00+00:00,75.19,75.01,58.03975,39.667233,5.032857,0.5522388059701493,-31.232194205244014,28389.388193959934,0.0,28358.15599975469,0,65.80000305175781,56313.7
2026-07-15 00:00:00+00:00,76.34,74.345,58.1628,50.97111,4.6335716,0.375,-31.232194205244014,28137.702764077334,0.0,28106.47056987209,0,65.80000305175781,55814.453
2026-07-16 00:00:00+00:00,72.82,70.73,58.285873,51.213562,4.602857,0.5522388059701493,-31.232194205244014,26769.517244674378,0.0,26738.285050469134,0,65.80000305175781,53100.496
2026-07-17 00:00:00+00:00,66.385,67.5,58.387825,45.29766,4.4625,0.5522388059701493,-31.232194205244014,25547.043470559383,0.0,25515.81127635414,0,65.80000305175781,50675.574
2026-07-20 00:00:00+00:00,69.36,67.63,58.470177,45.25573,4.5889287,0.5522388059701493,-31.232194205244014,25596.242632955204,0.0,25565.01043874996,0,65.80000305175781,50773.168
2026-07-21 00:00:00+00:00,70.73,71.38,58.551224,37.254642,4.381786,0.5522388059701493,-31.232194205244014,27015.52281696279,0.0,26984.290622757548,0,65.80000305175781,53588.477
2026-07-22 00:00:00+00:00,69.81,70.25,58.647373,37.254642,4.361786,0.5522388059701493,-31.232194205244014,26587.84668773527,0.0,26556.614493530025,0,65.80000305175781,52740.13
2026-07-23 00:00:00+00:00,67.13,66.26,58.734726,39.75375,4.2196426,0.5522388059701493,-31.232194205244014,25077.73285639105,0.0,25046.500662185805,0,65.80000305175781,49744.64
2026-07-24 00:00:00+00:00,65.725,64.005,58.805725,39.980076,4.0660715,0.5522388059701493,24156.702729617507,0.0,0.0,24156.702729617507,-1,0.0,48051.695
2026-07-27 00:00:00+00:00,65.98,63.33,58.8597,32.21028,3.9771428,0.5522388059701493,-24.1567027296187,24144.630414410305,0.0,24120.473711680686,1,51.80678176879883,47544.94
2026-07-28 00:00:00+00:00,61.695,61.51,58.91455,35.739605,3.9125,0.5522388059701493,-24.1567027296187,23450.752863193946,0.0,23426.596160464327,0,51.80678176879883,46178.58
2026-07-29 00:00:00+00:00,61.495,57.72,58.95135,32.642006,3.9489286,0.5522388059701493,-24.1567027296187,22005.812590158803,0.0,21981.655887429184,0,51.80678176879883,43333.246
2026-07-30 00:00:00+00:00,61.125,63.35,58.9703,21.529484,4.0339284,0.6,-24.1567027296187,24152.25476446919,0.0,24128.098061739573,0,51.80678176879883,47559.957
2026-07-31 00:00:00+00:00,65.74,64.59,59.0459,31.574718,4.2585716,0.5522388059701493,-24.1567027296187,24625.006355145684,0.0,24600.849652416066,0,51.80678176879883,48490.887
2026-08-03 00:00:00+00:00,64.69,67.97,59.1122,38.099415,4.2125,0.5522388059701493,-24.1567027296187,25913.63629407748,0.0,25889.479591347863,0,51.81428146362305,51028.42
2026-08-04 00:00:00+00:00,70.31,74.83,59.20005,40.028328,4.3046427,0.5522388059701493,-24.1567027296187,28529.018652804054,0.0,28504.861950074435,0,55.33250045776367,56178.566
2026-08-05 00:00:00+00:00,75.625,72.79,59.3176,50.584408,4.522857,0.5522388059701493,-24.1567027296187,27751.266434297504,0.0,27727.109731567885,0,61.916072845458984,54647.035
2026-08-06 00:00:00+00:00,70.795,72.06,59.42775,52.580162,4.446786,0.5522388059701493,-24.1567027296187,27472.951793987955,0.0,27448.795091258336,0,61.916072845458984,54098.99
2026-08-07 00:00:00+00:00,73.66,74.455,59.5297,56.093,4.265357,0.5522388059701493,-24.1567027296187,28386.050105158844,0.0,28361.893402429225,0,61.916072845458984,55897.035
2026-08-10 00:00:00+00:00,74.34,73.79,59.633724,58.59897,4.236786,0.5522388059701493,-24.1567027296187,28132.517907080943,0.0,28108.361204351324,0,61.916072845458984,55397.785
2026-08-11 00:00:00+00:00,74.53,73.0,59.734726,53.29235,4.0407143,0.5522388059701493,-24.1567027296187,27831.329283090283,0.0,27807.172580360664,0,61.916072845458984,54804.695
2026-08-12 00:00:00+00:00,75.62,74.615,59.839725,53.792057,4.0760713,0.2603927534847276,-24.1567027296187,28447.047836435933,0.0,28422.891133706315,0,61.916072845458984,56017.156
2026-08-13 00:00:00+00:00,74.945,77.155,59.9464,62.328465,3.8946428,0.5522388059701493,-24.1567027296187,29415.42530504248,0.0,29391.268602312863,0,62.386783599853516,57924.055
2026-08-14 00:00:00+00:00,77.565,76.8,60.057426,69.24203,3.9121428,0.5522388059701493,29212.006301327074,0.0,0.0,29212.006301327074,-1,0.0,57657.543
2026-08-17 00:00:00+00:00,77.345,76.395,60.151875,69.89661,3.7214286,0.5522388059701493,-29.212006301328074,29197.407597528312,0.0,29168.195591226984,1,65.0635757446289,57353.48
2026-08-18 00:00:00+00:00,73.32,72.54,60.23775,72.94589,3.56,0.5522388059701493,-29.212006301328074,27724.06693901411,0.0,27694.85493271278,0,65.230712890625,54459.348
2026-08-19 00:00:00+00:00,73.36,72.015,60.30145,72.8,3.5075,0.5522388059701493,-29.212006301328074,27523.415823596457,0.0,27494.20381729513,0,65.230712890625,54065.203
2026-08-20 00:00:00+00:00,70.87,70.445,60.374924,65.814926,3.2625,0.375,-29.212006301328074,26923.377976337495,0.0,26894.165970036167,0,65.230712890625,52886.527
2026-08-21 00:00:00+00:00,71.69,71.15,60.4367,60.559063,3.1121428,0.5522388059701493,-29.212006301328074,27192.823327445745,0.0,27163.611321144417,0,65.230712890625,53415.81
2026-08-24 00:00:00+00:00,69.96,69.02,60.49825,56.347305,2.9325,0.5522388059701493,-29.212006301328074,26378.75585248608,0.0,26349.54384618475,0,65.230712890625,51816.707
2026-08-25 00:00:00+00:00,70.37,70.265,60.5672,35.70374,2.6314285,0.5522388059701493,-29.212006301328074,26854.58304819898,0.0,26825.37104189765,0,65.230712890625,52751.387
2026-08-26 00:00:00+00:00,69.6,70.45,60.636925,43.53393,2.535,0.5522388059701493,-29.212006301328074,26925.287308214767,0.0,26896.07530191344,0,65.230712890625,52890.277
2026-08-27 00:00:00+00:00,72.11,73.35,60.723625,45.758694,2.4032142,0.5522388059701493,-29.212006301328074,28033.63771746324,0.0,28004.42571116191,0,65.230712890625,55067.45
2026-08-28 00:00:00+00:00,72.86,71.83,60.827477,47.164486,2.4260714,0.5522388059701493,-29.212006301328074,27452.71042352606,0.0,27423.49841722473,0,66.1403579711914,53926.316
2026-08-31 00:00:00+00:00,71.385,71.9,60.906525,45.181908,2.5257144,0.5522388059701493,-29.212006301328074,27479.464076541233,0.0,27450.252070239905,0,66.1403579711914,53978.867
2026-09-01 00:00:00+00:00,69.14,69.145,60.988075,47.19674,2.4567857,0.5522388059701493,-29.212006301328074,26426.527858852376,0.0,26397.315852551048,0,66.1403579711914,51910.547
2026-09-02 00:00:00+00:00,68.88,69.59,61.0566,36.825626,2.5253572,0.6,-29.212006301328074,26596.602436126206,0.0,26567.390429824878,0,66.1403579711914,52244.63
2026-09-03 00:00:00+00:00,70.04,72.06,61.1443,29.734798,2.397143,0.5522388059701493,-29.212006301328074,27540.611931210144,0.0,27511.399924908816,0,66.1403579711914,54098.984
2026-09-04 00:00:00+00:00,72.405,72.39,61.24425,38.594803,2.4635713,0.5522388059701493,-29.212006301328074,27666.73537719181,0.0,27637.52337089048,0,66.1403579711914,54346.734
2026-09-08 00:00:00+00:00,72.93,72.19,61.3525,40.328423,2.4585714,0.6,-29.212006301328074,27590.29787300735,0.0,27561.08586670602,0,66.1403579711914,54196.586
2026-09-09 00:00:00+00:00,71.58,71.52,61.46895,48.973606,2.28,0.5522388059701493,-29.212006301328074,27334.22794684071,0.0,27305.015940539382,0,66.1403579711914,53693.582
